player,club,apps,start,end
http://www.wikidata.org/entity/Q18426157,http://www.wikidata.org/entity/Q2074,0.0,2026-01-01T00:00:00Z,
http://www.wikidata.org/entity/Q24050378,http://www.wikidata.org/entity/Q1543,28.0,2024-01-01T00:00:00Z,2025-01-01T00:00:00Z
http://www.wikidata.org/entity/Q56223006,http://www.wikidata.org/entity/Q631,61.0,2024-01-01T00:00:00Z,
http://www.wikidata.org/entity/Q17274709,http://www.wikidata.org/entity/Q1543,160.0,2021-01-01T00:00:00Z,
http://www.wikidata.org/entity/Q60621615,http://www.wikidata.org/entity/Q1543,3.0,2026-06-30T00:00:00Z,
http://www.wikidata.org/entity/Q86835512,http://www.wikidata.org/entity/Q2052,0.0,2026-07-01T00:00:00Z,
http://www.wikidata.org/entity/Q109255453,http://www.wikidata.org/entity/Q1543,0.0,2026-07-01T00:00:00Z,
http://www.wikidata.org/entity/Q18638184,http://www.wikidata.org/entity/Q1900,0.0,2026-01-01T00:00:00Z,
http://www.wikidata.org/entity/Q59655998,http://www.wikidata.org/entity/Q1422,0.0,2026-07-29T00:00:00Z,
http://www.wikidata.org/entity/Q130741313,http://www.wikidata.org/entity/Q1422,0.0,2026-01-01T00:00:00Z,
http://www.wikidata.org/entity/Q20066885,http://www.wikidata.org/entity/Q1893,0.0,2026-07-30T00:00:00Z,
http://www.wikidata.org/entity/Q2025900,http://www.wikidata.org/entity/Q631,0.0,2026-07-30T00:00:00Z,
http://www.wikidata.org/entity/Q50628268,http://www.wikidata.org/entity/Q1422,0.0,2026-07-01T00:00:00Z,
http://www.wikidata.org/entity/Q123289726,http://www.wikidata.org/entity/Q2052,0.0,2026-08-01T00:00:00Z,
http://www.wikidata.org/entity/Q27995699,http://www.wikidata.org/entity/Q2074,0.0,2026-08-01T00:00:00Z,
http://www.wikidata.org/entity/Q64896366,http://www.wikidata.org/entity/Q2074,0.0,2026-07-01T00:00:00Z,
http://www.wikidata.org/entity/Q118347581,http://www.wikidata.org/entity/Q2074,0.0,2026-07-01T00:00:00Z,
http://www.wikidata.org/entity/Q43559571,http://www.wikidata.org/entity/Q2074,0.0,2026-07-01T00:00:00Z,
http://www.wikidata.org/entity/Q100271093,http://www.wikidata.org/entity/Q2074,0.0,2026-07-01T00:00:00Z,
http://www.wikidata.org/entity/Q105591986,http://www.wikidata.org/entity/Q2074,0.0,2026-07-01T00:00:00Z,
http://www.wikidata.org/entity/Q108188237,http://www.wikidata.org/entity/Q2074,8.0,2026-01-23T00:00:00Z,
http://www.wikidata.org/entity/Q56222532,http://www.wikidata.org/entity/Q631,0.0,2026-08-15T00:00:00Z,
http://www.wikidata.org/entity/Q21573188,http://www.wikidata.org/entity/Q1422,0.0,2026-01-01T00:00:00Z,
http://www.wikidata.org/entity/Q44083681,http://www.wikidata.org/entity/Q1422,0.0,2026-08-01T00:00:00Z,
http://www.wikidata.org/entity/Q30330390,http://www.wikidata.org/entity/Q2074,13.0,2026-01-01T00:00:00Z,
http://www.wikidata.org/entity/Q59913917,http://www.wikidata.org/entity/Q631,0.0,2026-08-01T00:00:00Z,
http://www.wikidata.org/entity/Q25409292,http://www.wikidata.org/entity/Q1886,0.0,2026-01-01T00:00:00Z,
http://www.wikidata.org/entity/Q861615,http://www.wikidata.org/entity/Q2674,0.0,2026-01-01T00:00:00Z,
http://www.wikidata.org/entity/Q27981508,http://www.wikidata.org/entity/Q2609,0.0,2026-08-27T00:00:00Z,
http://www.wikidata.org/entity/Q18044401,http://www.wikidata.org/entity/Q1886,0.0,2026-08-29T00:00:00Z,
http://www.wikidata.org/entity/Q111145131,http://www.wikidata.org/entity/Q1543,0.0,2026-08-01T00:00:00Z,
http://www.wikidata.org/entity/Q97724521,http://www.wikidata.org/entity/Q1893,0.0,2026-08-30T00:00:00Z,
http://www.wikidata.org/entity/Q15830968,http://www.wikidata.org/entity/Q2693,0.0,2026-09-01T00:00:00Z,
http://www.wikidata.org/entity/Q66363735,http://www.wikidata.org/entity/Q2052,0.0,2026-09-01T00:00:00Z,
http://www.wikidata.org/entity/Q105955422,http://www.wikidata.org/entity/Q1893,0.0,2026-09-01T00:00:00Z,
http://www.wikidata.org/entity/Q110320890,http://www.wikidata.org/entity/Q1893,29.0,2025-08-24T00:00:00Z,
http://www.wikidata.org/entity/Q110320890,http://www.wikidata.org/entity/Q1886,0.0,2026-09-01T00:00:00Z,
http://www.wikidata.org/entity/Q98815258,http://www.wikidata.org/entity/Q2074,0.0,2026-09-01T00:00:00Z,
http://www.wikidata.org/entity/Q84158344,http://www.wikidata.org/entity/Q1422,0.0,2026-09-01T00:00:00Z,
http://www.wikidata.org/entity/Q50073536,http://www.wikidata.org/entity/Q1900,0.0,2026-09-01T00:00:00Z,
http://www.wikidata.org/entity/Q110157458,http://www.wikidata.org/entity/Q2609,8.0,2026-01-08T00:00:00Z,
http://www.wikidata.org/entity/Q113184832,http://www.wikidata.org/entity/Q1422,99.0,2023-01-01T00:00:00Z,
http://www.wikidata.org/entity/Q36305,http://www.wikidata.org/entity/Q2609,19.0,2015-08-01T00:00:00Z,2016-01-01T00:00:00Z
http://www.wikidata.org/entity/Q36305,http://www.wikidata.org/entity/Q1543,1.0,2002-01-01T00:00:00Z,2007-01-01T00:00:00Z
http://www.wikidata.org/entity/Q36305,http://www.wikidata.org/entity/Q1900,125.0,2007-01-01T00:00:00Z,2011-01-01T00:00:00Z
http://www.wikidata.org/entity/Q36305,http://www.wikidata.org/entity/Q2074,16.0,2014-01-01T00:00:00Z,2015-01-01T00:00:00Z
http://www.wikidata.org/entity/Q36305,http://www.wikidata.org/entity/Q2052,15.0,2014-01-01T00:00:00Z,2014-01-01T00:00:00Z
http://www.wikidata.org/entity/Q36305,http://www.wikidata.org/entity/Q1422,69.0,2011-01-01T00:00:00Z,2013-01-01T00:00:00Z
http://www.wikidata.org/entity/Q36305,http://www.wikidata.org/entity/Q1422,5.0,2015-02-01T00:00:00Z,2015-06-01T00:00:00Z
http://www.wikidata.org/entity/Q36305,http://www.wikidata.org/entity/Q1543,15.0,2013-01-01T00:00:00Z,2016-01-01T00:00:00Z
http://www.wikidata.org/entity/Q39209,http://www.wikidata.org/entity/Q2074,14.0,2018-01-01T00:00:00Z,2020-01-01T00:00:00Z
http://www.wikidata.org/entity/Q39209,http://www.wikidata.org/entity/Q1457,10.0,2023-01-01T00:00:00Z,2023-01-01T00:00:00Z
http://www.wikidata.org/entity/Q39233,http://www.wikidata.org/entity/Q2052,10.0,2021-01-01T00:00:00Z,2024-01-01T00:00:00Z
http://www.wikidata.org/entity/Q39444,http://www.wikidata.org/entity/Q1543,76.0,2008-07-01T00:00:00Z,2010-12-01T00:00:00Z
http://www.wikidata.org/entity/Q41244,http://www.wikidata.org/entity/Q1543,18.0,2008-01-01T00:00:00Z,2009-01-01T00:00:00Z
http://www.wikidata.org/entity/Q41244,http://www.wikidata.org/entity/Q1543,208.0,1999-01-01T00:00:00Z,2006-01-01T00:00:00Z
http://www.wikidata.org/entity/Q42731,http://www.wikidata.org/entity/Q1543,0.0,2015-01-01T00:00:00Z,2016-01-01T00:00:00Z
http://www.wikidata.org/entity/Q42731,http://www.wikidata.org/entity/Q1543,10.0,2014-01-01T00:00:00Z,2015-01-01T00:00:00Z
http://www.wikidata.org/entity/Q43926,http://www.wikidata.org/entity/Q631,22.0,1998-01-01T00:00:00Z,2001-01-01T00:00:00Z
http://www.wikidata.org/entity/Q43926,http://www.wikidata.org/entity/Q1422,119.0,2011-01-01T00:00:00Z,2015-01-01T00:00:00Z
http://www.wikidata.org/entity/Q43926,http://www.wikidata.org/entity/Q1543,284.0,2001-01-01T00:00:00Z,2011-01-01T00:00:00Z
http://www.wikidata.org/entity/Q44097,http://www.wikidata.org/entity/Q1543,16.0,2002-01-01T00:00:00Z,2007-01-01T00:00:00Z
http://www.wikidata.org/entity/Q44097,http://www.wikidata.org/entity/Q1900,36.0,2016-08-01T00:00:00Z,2017-08-01T00:00:00Z
http://www.wikidata.org/entity/Q44097,http://www.wikidata.org/entity/Q1457,11.0,2005-01-01T00:00:00Z,2006-01-01T00:00:00Z
http://www.wikidata.org/entity/Q44097,http://www.wikidata.org/entity/Q1543,37.0,2008-01-01T00:00:00Z,2010-01-01T00:00:00Z
http://www.wikidata.org/entity/Q44097,http://www.wikidata.org/entity/Q1886,15.0,2016-01-01T00:00:00Z,2016-01-01T00:00:00Z
http://www.wikidata.org/entity/Q44097,http://www.wikidata.org/entity/Q2074,28.0,2012-01-01T00:00:00Z,2013-01-01T00:00:00Z
http://www.wikidata.org/entity/Q44097,http://www.wikidata.org/entity/Q1422,13.0,2012-01-01T00:00:00Z,2012-01-01T00:00:00Z
http://www.wikidata.org/entity/Q44097,http://www.wikidata.org/entity/Q2074,35.0,2007-01-01T00:00:00Z,2008-01-01T00:00:00Z
http://www.wikidata.org/entity/Q44097,http://www.wikidata.org/entity/Q2074,8.0,2015-01-01T00:00:00Z,2015-01-01T00:00:00Z
http://www.wikidata.org/entity/Q114647602,http://www.wikidata.org/entity/Q1457,0.0,2026-01-08T00:00:00Z,2026-07-01T00:00:00Z
http://www.wikidata.org/entity/Q110289769,http://www.wikidata.org/entity/Q1457,17.0,2023-01-01T00:00:00Z,2025-01-01T00:00:00Z
http://www.wikidata.org/entity/Q110289769,http://www.wikidata.org/entity/Q1457,27.0,2023-01-01T00:00:00Z,2025-01-01T00:00:00Z
http://www.wikidata.org/entity/Q110289769,http://www.wikidata.org/entity/Q1457,17.0,2025-01-01T00:00:00Z,2025-01-01T00:00:00Z
http://www.wikidata.org/entity/Q110289769,http://www.wikidata.org/entity/Q1457,27.0,2025-01-01T00:00:00Z,2025-01-01T00:00:00Z
http://www.wikidata.org/entity/Q56223006,http://www.wikidata.org/entity/Q631,37.0,2023-01-01T00:00:00Z,2024-01-01T00:00:00Z
http://www.wikidata.org/entity/Q97724521,http://www.wikidata.org/entity/Q1893,31.0,2021-01-01T00:00:00Z,2022-01-01T00:00:00Z
http://www.wikidata.org/entity/Q6765493,http://www.wikidata.org/entity/Q1457,6.0,2023-01-01T00:00:00Z,2023-01-01T00:00:00Z
http://www.wikidata.org/entity/Q19882816,http://www.wikidata.org/entity/Q631,147.0,2021-01-01T00:00:00Z,2026-07-01T00:00:00Z
http://www.wikidata.org/entity/Q531302,http://www.wikidata.org/entity/Q631,31.0,2022-01-01T00:00:00Z,2023-01-01T00:00:00Z
http://www.wikidata.org/entity/Q531302,http://www.wikidata.org/entity/Q631,70.0,2023-01-01T00:00:00Z,2026-07-01T00:00:00Z
http://www.wikidata.org/entity/Q27469951,http://www.wikidata.org/entity/Q1893,82.0,2022-01-01T00:00:00Z,2026-08-01T00:00:00Z
http://www.wikidata.org/entity/Q3869208,http://www.wikidata.org/entity/Q2641,25.0,2017-01-01T00:00:00Z,2018-01-01T00:00:00Z
http://www.wikidata.org/entity/Q3869208,http://www.wikidata.org/entity/Q2641,148.0,2018-01-01T00:00:00Z,2024-01-01T00:00:00Z
http://www.wikidata.org/entity/Q238163,http://www.wikidata.org/entity/Q2693,11.0,2022-01-01T00:00:00Z,2022-01-01T00:00:00Z
http://www.wikidata.org/entity/Q1032597,http://www.wikidata.org/entity/Q1457,63.0,2015-07-01T00:00:00Z,2017-01-01T00:00:00Z
http://www.wikidata.org/entity/Q1032597,http://www.wikidata.org/entity/Q2052,19.0,2019-01-01T00:00:00Z,2019-06-01T00:00:00Z
http://www.wikidata.org/entity/Q1032597,http://www.wikidata.org/entity/Q1886,144.0,2019-06-21T00:00:00Z,2024-01-01T00:00:00Z
http://www.wikidata.org/entity/Q21573188,http://www.wikidata.org/entity/Q1893,123.0,2022-01-01T00:00:00Z,2026-01-01T00:00:00Z
http://www.wikidata.org/entity/Q67498669,http://www.wikidata.org/entity/Q2693,57.0,2024-01-01T00:00:00Z,2026-08-01T00:00:00Z
http://www.wikidata.org/entity/Q97365426,http://www.wikidata.org/entity/Q1886,85.0,2020-01-01T00:00:00Z,2025-01-01T00:00:00Z
http://www.wikidata.org/entity/Q10856523,http://www.wikidata.org/entity/Q2074,39.0,2019-01-01T00:00:00Z,2020-01-01T00:00:00Z
http://www.wikidata.org/entity/Q861615,http://www.wikidata.org/entity/Q2074,53.0,2019-01-01T00:00:00Z,2021-01-01T00:00:00Z
http://www.wikidata.org/entity/Q454910,http://www.wikidata.org/entity/Q2641,99.0,2021-01-01T00:00:00Z,2026-01-01T00:00:00Z
http://www.wikidata.org/entity/Q285684,http://www.wikidata.org/entity/Q1886,304.0,2017-01-01T00:00:00Z,2026-08-01T00:00:00Z
http://www.wikidata.org/entity/Q44655,http://www.wikidata.org/entity/Q2609,50.0,2004-01-01T00:00:00Z,2006-01-01T00:00:00Z
http://www.wikidata.org/entity/Q44663,http://www.wikidata.org/entity/Q1543,6.0,2008-01-01T00:00:00Z,2013-01-01T00:00:00Z
http://www.wikidata.org/entity/Q44663,http://www.wikidata.org/entity/Q2693,2.0,2013-01-01T00:00:00Z,2013-01-01T00:00:00Z
http://www.wikidata.org/entity/Q44748,http://www.wikidata.org/entity/Q1457,0.0,2009-01-01T00:00:00Z,2010-01-01T00:00:00Z
http://www.wikidata.org/entity/Q44788,http://www.wikidata.org/entity/Q1543,4.0,2006-01-01T00:00:00Z,2010-01-01T00:00:00Z
http://www.wikidata.org/entity/Q44788,http://www.wikidata.org/entity/Q2674,11.0,2010-01-01T00:00:00Z,2011-01-01T00:00:00Z
http://www.wikidata.org/entity/Q44788,http://www.wikidata.org/entity/Q631,26.0,2020-10-01T00:00:00Z,2021-06-01T00:00:00Z
http://www.wikidata.org/entity/Q44788,http://www.wikidata.org/entity/Q631,124.0,2021-07-01T00:00:00Z,2026-07-01T00:00:00Z
http://www.wikidata.org/entity/Q44788,http://www.wikidata.org/entity/Q2693,36.0,2019-09-01T00:00:00Z,2021-06-01T00:00:00Z
http://www.wikidata.org/entity/Q44977,http://www.wikidata.org/entity/Q1543,0.0,2007-01-01T00:00:00Z,2011-01-01T00:00:00Z
http://www.wikidata.org/entity/Q44983,http://www.wikidata.org/entity/Q2641,8.0,2009-01-01T00:00:00Z,2013-01-01T00:00:00Z
http://www.wikidata.org/entity/Q45766,http://www.wikidata.org/entity/Q2052,29.0,2013-01-01T00:00:00Z,2015-01-01T00:00:00Z
http://www.wikidata.org/entity/Q45900,http://www.wikidata.org/entity/Q2641,34.0,2009-01-01T00:00:00Z,2010-01-01T00:00:00Z
http://www.wikidata.org/entity/Q45900,http://www.wikidata.org/entity/Q1422,84.0,2010-01-01T00:00:00Z,2014-01-01T00:00:00Z
http://www.wikidata.org/entity/Q45900,http://www.wikidata.org/entity/Q2052,12.0,2002-01-01T00:00:00Z,2003-01-01T00:00:00Z
http://www.wikidata.org/entity/Q45900,http://www.wikidata.org/entity/Q1457,35.0,2006-01-01T00:00:00Z,2007-01-01T00:00:00Z
http://www.wikidata.org/entity/Q45900,http://www.wikidata.org/entity/Q1457,242.0,2016-01-01T00:00:00Z,2023-06-01T00:00:00Z
http://www.wikidata.org/entity/Q45901,http://www.wikidata.org/entity/Q1422,16.0,1999-01-01T00:00:00Z,1999-01-01T00:00:00Z
http://www.wikidata.org/entity/Q46347,http://www.wikidata.org/entity/Q1422,31.0,2005-01-01T00:00:00Z,2006-01-01T00:00:00Z
http://www.wikidata.org/entity/Q46347,http://www.wikidata.org/entity/Q631,91.0,2006-01-01T00:00:00Z,2010-01-01T00:00:00Z
http://www.wikidata.org/entity/Q46502,http://www.wikidata.org/entity/Q2693,26.0,1998-01-01T00:00:00Z,1999-01-01T00:00:00Z
http://www.wikidata.org/entity/Q46502,http://www.wikidata.org/entity/Q2609,53.0,1999-01-01T00:00:00Z,2001-01-01T00:00:00Z
http://www.wikidata.org/entity/Q46502,http://www.wikidata.org/entity/Q631,49.0,2004-01-01T00:00:00Z,2006-01-01T00:00:00Z
http://www.wikidata.org/entity/Q46741,http://www.wikidata.org/entity/Q1543,96.0,1997-01-01T00:00:00Z,2001-01-01T00:00:00Z
http://www.wikidata.org/entity/Q46741,http://www.wikidata.org/entity/Q1543,1.0,2002-01-01T00:00:00Z,2003-01-01T00:00:00Z
http://www.wikidata.org/entity/Q46896,http://www.wikidata.org/entity/Q1422,70.0,2004-08-31T00:00:00Z,2006-08-09T00:00:00Z
http://www.wikidata.org/entity/Q46896,http://www.wikidata.org/entity/Q1543,64.0,2020-01-01T00:00:00Z,2023-06-30T00:00:00Z
http://www.wikidata.org/entity/Q46896,http://www.wikidata.org/entity/Q1543,61.0,2010-01-01T00:00:00Z,2012-01-01T00:00:00Z
http://www.wikidata.org/entity/Q46896,http://www.wikidata.org/entity/Q631,88.0,2006-08-09T00:00:00Z,2009-07-27T00:00:00Z
http://www.wikidata.org/entity/Q48330,http://www.wikidata.org/entity/Q2609,87.0,1997-01-01T00:00:00Z,2001-01-01T00:00:00Z
http://www.wikidata.org/entity/Q48630,http://www.wikidata.org/entity/Q2710,2.0,2014-01-01T00:00:00Z,2016-01-01T00:00:00Z
http://www.wikidata.org/entity/Q48770,http://www.wikidata.org/entity/Q1543,16.0,2024-07-01T00:00:00Z,2026-07-01T00:00:00Z
http://www.wikidata.org/entity/Q48770,http://www.wikidata.org/entity/Q1422,63.0,2014-01-01T00:00:00Z,2016-01-01T00:00:00Z
http://www.wikidata.org/entity/Q48770,http://www.wikidata.org/entity/Q1422,67.0,2020-09-21T00:00:00Z,2022-06-01T00:00:00Z
http://www.wikidata.org/entity/Q50600,http://www.wikidata.org/entity/Q1422,66.0,2013-01-01T00:00:00Z,2015-01-01T00:00:00Z
http://www.wikidata.org/entity/Q52876,http://www.wikidata.org/entity/Q631,615.0,1995-01-01T00:00:00Z,2014-01-01T00:00:00Z
http://www.wikidata.org/entity/Q54055,http://www.wikidata.org/entity/Q2052,51.0,2016-01-01T00:00:00Z,2017-01-01T00:00:00Z
http://www.wikidata.org/entity/Q54084,http://www.wikidata.org/entity/Q2052,50.0,2020-01-01T00:00:00Z,2022-01-01T00:00:00Z
http://www.wikidata.org/entity/Q54084,http://www.wikidata.org/entity/Q2641,255.0,2013-01-01T00:00:00Z,2020-01-01T00:00:00Z
http://www.wikidata.org/entity/Q54094,http://www.wikidata.org/entity/Q1422,99.0,2015-01-01T00:00:00Z,2021-02-01T00:00:00Z
http://www.wikidata.org/entity/Q57114,http://www.wikidata.org/entity/Q1543,5.0,1998-01-01T00:00:00Z,1999-01-01T00:00:00Z
http://www.wikidata.org/entity/Q57152,http://www.wikidata.org/entity/Q2609,6.0,2010-01-01T00:00:00Z,2010-01-01T00:00:00Z
http://www.wikidata.org/entity/Q58441,http://www.wikidata.org/entity/Q1543,108.0,2010-08-01T00:00:00Z,2015-01-01T00:00:00Z
http://www.wikidata.org/entity/Q59108,http://www.wikidata.org/entity/Q1543,11.0,2025-01-01T00:00:00Z,2025-01-01T00:00:00Z
http://www.wikidata.org/entity/Q60513,http://www.wikidata.org/entity/Q631,0.0,2006-01-01T00:00:00Z,2010-01-01T00:00:00Z
http://www.wikidata.org/entity/Q60513,http://www.wikidata.org/entity/Q2037,0.0,2010-01-01T00:00:00Z,2011-01-01T00:00:00Z
http://www.wikidata.org/entity/Q60530,http://www.wikidata.org/entity/Q631,9.0,2003-01-01T00:00:00Z,2004-01-01T00:00:00Z
http://www.wikidata.org/entity/Q60558,http://www.wikidata.org/entity/Q2674,25.0,2013-01-01T00:00:00Z,2015-01-01T00:00:00Z
http://www.wikidata.org/entity/Q62166,http://www.wikidata.org/entity/Q1543,171.0,2008-01-01T00:00:00Z,2016-01-01T00:00:00Z
http://www.wikidata.org/entity/Q62166,http://www.wikidata.org/entity/Q1422,19.0,2005-01-01T00:00:00Z,2006-01-01T00:00:00Z
http://www.wikidata.org/entity/Q62166,http://www.wikidata.org/entity/Q1543,110.0,1998-01-01T00:00:00Z,2005-01-01T00:00:00Z
http://www.wikidata.org/entity/Q62198,http://www.wikidata.org/entity/Q2693,0.0,2000-01-01T00:00:00Z,2003-01-01T00:00:00Z
http://www.wikidata.org/entity/Q62198,http://www.wikidata.org/entity/Q2674,52.0,2006-01-01T00:00:00Z,2008-01-01T00:00:00Z
http://www.wikidata.org/entity/Q62198,http://www.wikidata.org/entity/Q2052,13.0,2012-01-01T00:00:00Z,2012-01-01T00:00:00Z
http://www.wikidata.org/entity/Q62198,http://www.wikidata.org/entity/Q2641,6.0,2001-01-01T00:00:00Z,2001-01-01T00:00:00Z
http://www.wikidata.org/entity/Q62198,http://www.wikidata.org/entity/Q2693,57.0,2012-01-01T00:00:00Z,2014-01-01T00:00:00Z
http://www.wikidata.org/entity/Q62198,http://www.wikidata.org/entity/Q1422,71.0,2008-01-01T00:00:00Z,2011-01-01T00:00:00Z
http://www.wikidata.org/entity/Q62198,http://www.wikidata.org/entity/Q2037,90.0,2003-01-01T00:00:00Z,2006-01-01T00:00:00Z
http://www.wikidata.org/entity/Q62198,http://www.wikidata.org/entity/Q2693,11.0,2011-01-01T00:00:00Z,2011-01-01T00:00:00Z
http://www.wikidata.org/entity/Q62227,http://www.wikidata.org/entity/Q1422,16.0,1999-01-01T00:00:00Z,2001-01-01T00:00:00Z
http://www.wikidata.org/entity/Q62244,http://www.wikidata.org/entity/Q1886,15.0,2010-01-01T00:00:00Z,2011-01-01T00:00:00Z
http://www.wikidata.org/entity/Q62244,http://www.wikidata.org/entity/Q2693,17.0,2009-01-01T00:00:00Z,2010-01-01T00:00:00Z
http://www.wikidata.org/entity/Q62244,http://www.wikidata.org/entity/Q1422,53.0,1996-01-01T00:00:00Z,2002-01-01T00:00:00Z
http://www.wikidata.org/entity/Q62244,http://www.wikidata.org/entity/Q2641,30.0,2000-01-01T00:00:00Z,2001-01-01T00:00:00Z
http://www.wikidata.org/entity/Q62657,http://www.wikidata.org/entity/Q1422,11.0,2015-01-01T00:00:00Z,2017-01-01T00:00:00Z
http://www.wikidata.org/entity/Q62657,http://www.wikidata.org/entity/Q2052,72.0,2011-01-01T00:00:00Z,2015-01-01T00:00:00Z
http://www.wikidata.org/entity/Q62869,http://www.wikidata.org/entity/Q2052,22.0,2012-01-01T00:00:00Z,2015-01-01T00:00:00Z
http://www.wikidata.org/entity/Q63180,http://www.wikidata.org/entity/Q2674,0.0,2010-01-01T00:00:00Z,2011-01-01T00:00:00Z
http://www.wikidata.org/entity/Q61899299,http://www.wikidata.org/entity/Q1543,35.0,2024-01-01T00:00:00Z,
http://www.wikidata.org/entity/Q106860340,http://www.wikidata.org/entity/Q2052,29.0,2024-01-01T00:00:00Z,
http://www.wikidata.org/entity/Q29998966,http://www.wikidata.org/entity/Q1422,125.0,2021-01-01T00:00:00Z,
http://www.wikidata.org/entity/Q114390965,http://www.wikidata.org/entity/Q2074,16.0,2025-01-01T00:00:00Z,
http://www.wikidata.org/entity/Q68607008,http://www.wikidata.org/entity/Q1886,67.0,2024-01-01T00:00:00Z,
http://www.wikidata.org/entity/Q979918,http://www.wikidata.org/entity/Q1457,114.0,1996-01-01T00:00:00Z,2001-01-01T00:00:00Z
http://www.wikidata.org/entity/Q979937,http://www.wikidata.org/entity/Q1543,0.0,2011-01-01T00:00:00Z,2013-01-01T00:00:00Z
http://www.wikidata.org/entity/Q979937,http://www.wikidata.org/entity/Q2710,10.0,2015-01-01T00:00:00Z,2016-01-01T00:00:00Z
http://www.wikidata.org/entity/Q980031,http://www.wikidata.org/entity/Q2074,0.0,2011-01-01T00:00:00Z,2012-01-01T00:00:00Z
http://www.wikidata.org/entity/Q980031,http://www.wikidata.org/entity/Q1893,29.0,2010-01-01T00:00:00Z,2011-01-01T00:00:00Z
http://www.wikidata.org/entity/Q980031,http://www.wikidata.org/entity/Q631,1.0,2004-01-01T00:00:00Z,2006-01-01T00:00:00Z
http://www.wikidata.org/entity/Q980474,http://www.wikidata.org/entity/Q2037,10.0,2001-01-01T00:00:00Z,2003-01-01T00:00:00Z
http://www.wikidata.org/entity/Q980474,http://www.wikidata.org/entity/Q1457,10.0,1997-01-01T00:00:00Z,1999-01-01T00:00:00Z
http://www.wikidata.org/entity/Q980590,http://www.wikidata.org/entity/Q2018,16.0,2001-01-01T00:00:00Z,2001-01-01T00:00:00Z
http://www.wikidata.org/entity/Q980775,http://www.wikidata.org/entity/Q1893,197.0,2002-01-01T00:00:00Z,2009-01-01T00:00:00Z
http://www.wikidata.org/entity/Q980775,http://www.wikidata.org/entity/Q2052,120.0,1996-01-01T00:00:00Z,2002-01-01T00:00:00Z
http://www.wikidata.org/entity/Q981004,http://www.wikidata.org/entity/Q2641,22.0,2001-01-01T00:00:00Z,2002-01-01T00:00:00Z
http://www.wikidata.org/entity/Q981004,http://www.wikidata.org/entity/Q1900,11.0,1999-01-01T00:00:00Z,2000-01-01T00:00:00Z
http://www.wikidata.org/entity/Q981004,http://www.wikidata.org/entity/Q1422,1.0,1996-01-01T00:00:00Z,2000-01-01T00:00:00Z
http://www.wikidata.org/entity/Q981176,http://www.wikidata.org/entity/Q2018,43.0,2004-01-01T00:00:00Z,2006-01-01T00:00:00Z
http://www.wikidata.org/entity/Q981201,http://www.wikidata.org/entity/Q2018,6.0,2014-01-01T00:00:00Z,2014-01-01T00:00:00Z
http://www.wikidata.org/entity/Q981201,http://www.wikidata.org/entity/Q2710,35.0,2011-01-01T00:00:00Z,2012-01-01T00:00:00Z
http://www.wikidata.org/entity/Q981201,http://www.wikidata.org/entity/Q631,0.0,1999-01-01T00:00:00Z,2000-01-01T00:00:00Z
http://www.wikidata.org/entity/Q981241,http://www.wikidata.org/entity/Q2074,6.0,2000-01-01T00:00:00Z,2000-01-01T00:00:00Z
http://www.wikidata.org/entity/Q981355,http://www.wikidata.org/entity/Q2693,24.0,2000-01-01T00:00:00Z,2002-01-01T00:00:00Z
http://www.wikidata.org/entity/Q981355,http://www.wikidata.org/entity/Q1900,40.0,1998-01-01T00:00:00Z,2000-01-01T00:00:00Z
http://www.wikidata.org/entity/Q981979,http://www.wikidata.org/entity/Q2018,18.0,2007-01-01T00:00:00Z,2011-01-01T00:00:00Z
http://www.wikidata.org/entity/Q981979,http://www.wikidata.org/entity/Q2018,1.0,2012-01-01T00:00:00Z,2014-01-01T00:00:00Z
http://www.wikidata.org/entity/Q982447,http://www.wikidata.org/entity/Q2710,23.0,2012-07-01T00:00:00Z,2013-01-01T00:00:00Z
http://www.wikidata.org/entity/Q983135,http://www.wikidata.org/entity/Q2074,10.0,2009-01-01T00:00:00Z,2011-01-01T00:00:00Z
http://www.wikidata.org/entity/Q983135,http://www.wikidata.org/entity/Q631,0.0,2007-01-01T00:00:00Z,2009-01-01T00:00:00Z
http://www.wikidata.org/entity/Q983943,http://www.wikidata.org/entity/Q2037,69.0,1993-01-01T00:00:00Z,2000-01-01T00:00:00Z
http://www.wikidata.org/entity/Q983943,http://www.wikidata.org/entity/Q2641,45.0,2004-01-01T00:00:00Z,2011-01-01T00:00:00Z
http://www.wikidata.org/entity/Q986782,http://www.wikidata.org/entity/Q2074,5.0,2004-01-01T00:00:00Z,2009-01-01T00:00:00Z
http://www.wikidata.org/entity/Q18156147,http://www.wikidata.org/entity/Q1886,78.0,2018-07-01T00:00:00Z,2025-01-01T00:00:00Z
http://www.wikidata.org/entity/Q18428483,http://www.wikidata.org/entity/Q2052,85.0,2020-01-01T00:00:00Z,2025-01-01T00:00:00Z
http://www.wikidata.org/entity/Q30330390,http://www.wikidata.org/entity/Q2641,32.0,2022-01-01T00:00:00Z,2024-01-01T00:00:00Z
http://www.wikidata.org/entity/Q30330390,http://www.wikidata.org/entity/Q2074,17.0,2025-07-29T00:00:00Z,2026-01-01T00:00:00Z
http://www.wikidata.org/entity/Q68607008,http://www.wikidata.org/entity/Q1886,35.0,2023-01-01T00:00:00Z,2024-01-01T00:00:00Z
http://www.wikidata.org/entity/Q879732,http://www.wikidata.org/entity/Q2052,2.0,2003-01-01T00:00:00Z,2004-01-01T00:00:00Z
http://www.wikidata.org/entity/Q890441,http://www.wikidata.org/entity/Q2037,2.0,2008-01-01T00:00:00Z,2008-01-01T00:00:00Z
http://www.wikidata.org/entity/Q891520,http://www.wikidata.org/entity/Q1457,38.0,2016-01-01T00:00:00Z,2017-01-01T00:00:00Z
http://www.wikidata.org/entity/Q891520,http://www.wikidata.org/entity/Q631,193.0,2017-07-07T00:00:00Z,2023-07-06T00:00:00Z
http://www.wikidata.org/entity/Q891749,http://www.wikidata.org/entity/Q1893,108.0,2009-01-01T00:00:00Z,2012-01-01T00:00:00Z
http://www.wikidata.org/entity/Q891749,http://www.wikidata.org/entity/Q2074,6.0,1998-01-01T00:00:00Z,1999-01-01T00:00:00Z
http://www.wikidata.org/entity/Q891749,http://www.wikidata.org/entity/Q2641,31.0,2003-01-01T00:00:00Z,2004-01-01T00:00:00Z
http://www.wikidata.org/entity/Q891749,http://www.wikidata.org/entity/Q2074,36.0,2013-01-01T00:00:00Z,2014-01-01T00:00:00Z
http://www.wikidata.org/entity/Q891876,http://www.wikidata.org/entity/Q1893,21.0,2012-01-01T00:00:00Z,2015-01-01T00:00:00Z
http://www.wikidata.org/entity/Q891984,http://www.wikidata.org/entity/Q1886,0.0,2003-01-01T00:00:00Z,2004-01-01T00:00:00Z
http://www.wikidata.org/entity/Q891984,http://www.wikidata.org/entity/Q2018,13.0,2013-01-01T00:00:00Z,2014-01-01T00:00:00Z
http://www.wikidata.org/entity/Q891984,http://www.wikidata.org/entity/Q1886,92.0,2007-01-01T00:00:00Z,2010-01-01T00:00:00Z
http://www.wikidata.org/entity/Q891984,http://www.wikidata.org/entity/Q1893,20.0,2012-01-01T00:00:00Z,2013-01-01T00:00:00Z
http://www.wikidata.org/entity/Q891984,http://www.wikidata.org/entity/Q2037,10.0,2014-01-01T00:00:00Z,2014-01-01T00:00:00Z
http://www.wikidata.org/entity/Q892163,http://www.wikidata.org/entity/Q2074,35.0,2011-01-01T00:00:00Z,2014-01-01T00:00:00Z
http://www.wikidata.org/entity/Q892163,http://www.wikidata.org/entity/Q2693,17.0,2014-01-01T00:00:00Z,2015-01-01T00:00:00Z
http://www.wikidata.org/entity/Q892182,http://www.wikidata.org/entity/Q2674,10.0,2011-01-01T00:00:00Z,2014-01-01T00:00:00Z
http://www.wikidata.org/entity/Q895037,http://www.wikidata.org/entity/Q2037,77.0,2011-01-01T00:00:00Z,2014-01-01T00:00:00Z
http://www.wikidata.org/entity/Q899650,http://www.wikidata.org/entity/Q1457,106.0,1998-01-01T00:00:00Z,2004-01-01T00:00:00Z
http://www.wikidata.org/entity/Q9010183,http://www.wikidata.org/entity/Q1543,0.0,2000-01-01T00:00:00Z,2006-01-01T00:00:00Z
http://www.wikidata.org/entity/Q908239,http://www.wikidata.org/entity/Q2641,17.0,2001-01-01T00:00:00Z,2003-01-01T00:00:00Z
http://www.wikidata.org/entity/Q910192,http://www.wikidata.org/entity/Q631,23.0,2003-01-01T00:00:00Z,2004-01-01T00:00:00Z
http://www.wikidata.org/entity/Q910192,http://www.wikidata.org/entity/Q1543,105.0,1998-01-01T00:00:00Z,2003-01-01T00:00:00Z
http://www.wikidata.org/entity/Q913262,http://www.wikidata.org/entity/Q2710,25.0,2003-01-01T00:00:00Z,2004-01-01T00:00:00Z
http://www.wikidata.org/entity/Q913834,http://www.wikidata.org/entity/Q2074,34.0,2005-01-01T00:00:00Z,2006-01-01T00:00:00Z
http://www.wikidata.org/entity/Q916088,http://www.wikidata.org/entity/Q2693,28.0,2011-01-01T00:00:00Z,2012-01-01T00:00:00Z
http://www.wikidata.org/entity/Q916088,http://www.wikidata.org/entity/Q1886,67.0,2007-01-01T00:00:00Z,2009-01-01T00:00:00Z
http://www.wikidata.org/entity/Q916088,http://www.wikidata.org/entity/Q2609,17.0,2010-01-01T00:00:00Z,2010-01-01T00:00:00Z
http://www.wikidata.org/entity/Q916088,http://www.wikidata.org/entity/Q2074,11.0,2009-01-01T00:00:00Z,2010-01-01T00:00:00Z
http://www.wikidata.org/entity/Q916088,http://www.wikidata.org/entity/Q2074,9.0,2002-01-01T00:00:00Z,2003-01-01T00:00:00Z
http://www.wikidata.org/entity/Q916088,http://www.wikidata.org/entity/Q2609,66.0,2010-01-01T00:00:00Z,2014-01-01T00:00:00Z
http://www.wikidata.org/entity/Q916517,http://www.wikidata.org/entity/Q2710,2.0,2006-01-01T00:00:00Z,2008-01-01T00:00:00Z
http://www.wikidata.org/entity/Q917669,http://www.wikidata.org/entity/Q631,1.0,1998-01-01T00:00:00Z,2002-01-01T00:00:00Z
http://www.wikidata.org/entity/Q919299,http://www.wikidata.org/entity/Q2641,72.0,2005-01-01T00:00:00Z,2008-01-01T00:00:00Z
http://www.wikidata.org/entity/Q919299,http://www.wikidata.org/entity/Q2052,31.0,2004-01-01T00:00:00Z,2005-01-01T00:00:00Z
http://www.wikidata.org/entity/Q919299,http://www.wikidata.org/entity/Q2674,11.0,2008-01-01T00:00:00Z,2009-01-01T00:00:00Z
http://www.wikidata.org/entity/Q923206,http://www.wikidata.org/entity/Q1893,31.0,2011-01-01T00:00:00Z,2012-01-01T00:00:00Z
http://www.wikidata.org/entity/Q923206,http://www.wikidata.org/entity/Q1893,59.0,2012-01-01T00:00:00Z,2014-01-01T00:00:00Z
http://www.wikidata.org/entity/Q923816,http://www.wikidata.org/entity/Q2710,37.0,2006-01-01T00:00:00Z,2007-01-01T00:00:00Z
http://www.wikidata.org/entity/Q923884,http://www.wikidata.org/entity/Q631,0.0,2010-01-01T00:00:00Z,2015-01-01T00:00:00Z
http://www.wikidata.org/entity/Q923903,http://www.wikidata.org/entity/Q1457,4.0,2015-01-01T00:00:00Z,2015-01-01T00:00:00Z
http://www.wikidata.org/entity/Q923903,http://www.wikidata.org/entity/Q2674,131.0,2010-01-01T00:00:00Z,2015-01-01T00:00:00Z
http://www.wikidata.org/entity/Q924087,http://www.wikidata.org/entity/Q2710,14.0,2008-01-01T00:00:00Z,2009-01-01T00:00:00Z
http://www.wikidata.org/entity/Q924087,http://www.wikidata.org/entity/Q2609,15.0,2005-01-01T00:00:00Z,2005-01-01T00:00:00Z
http://www.wikidata.org/entity/Q924087,http://www.wikidata.org/entity/Q1457,110.0,2002-01-01T00:00:00Z,2007-01-01T00:00:00Z
http://www.wikidata.org/entity/Q924381,http://www.wikidata.org/entity/Q1886,109.0,2009-01-01T00:00:00Z,2013-01-01T00:00:00Z
http://www.wikidata.org/entity/Q924381,http://www.wikidata.org/entity/Q1422,9.0,2013-01-01T00:00:00Z,2014-01-01T00:00:00Z
http://www.wikidata.org/entity/Q924381,http://www.wikidata.org/entity/Q1422,12.0,2013-01-01T00:00:00Z,2013-01-01T00:00:00Z
http://www.wikidata.org/entity/Q925242,http://www.wikidata.org/entity/Q2018,3.0,2004-01-01T00:00:00Z,2004-01-01T00:00:00Z
http://www.wikidata.org/entity/Q926425,http://www.wikidata.org/entity/Q2037,2.0,2011-01-01T00:00:00Z,2011-01-01T00:00:00Z
http://www.wikidata.org/entity/Q927846,http://www.wikidata.org/entity/Q2641,77.0,2001-01-01T00:00:00Z,2004-01-01T00:00:00Z
http://www.wikidata.org/entity/Q929111,http://www.wikidata.org/entity/Q2018,36.0,2009-01-01T00:00:00Z,2012-01-01T00:00:00Z
http://www.wikidata.org/entity/Q929111,http://www.wikidata.org/entity/Q1886,15.0,2011-01-01T00:00:00Z,2011-01-01T00:00:00Z
http://www.wikidata.org/entity/Q929111,http://www.wikidata.org/entity/Q2018,27.0,2000-01-01T00:00:00Z,2004-01-01T00:00:00Z
http://www.wikidata.org/entity/Q929111,http://www.wikidata.org/entity/Q1457,85.0,2005-01-01T00:00:00Z,2009-01-01T00:00:00Z
http://www.wikidata.org/entity/Q929209,http://www.wikidata.org/entity/Q1900,66.0,2007-01-01T00:00:00Z,2009-01-01T00:00:00Z
http://www.wikidata.org/entity/Q947269,http://www.wikidata.org/entity/Q2074,0.0,2008-01-01T00:00:00Z,2010-01-01T00:00:00Z
http://www.wikidata.org/entity/Q947358,http://www.wikidata.org/entity/Q2074,42.0,2006-01-01T00:00:00Z,2008-01-01T00:00:00Z
http://www.wikidata.org/entity/Q947358,http://www.wikidata.org/entity/Q1900,61.0,2004-01-01T00:00:00Z,2006-01-01T00:00:00Z
http://www.wikidata.org/entity/Q949582,http://www.wikidata.org/entity/Q631,0.0,2010-01-01T00:00:00Z,2012-01-01T00:00:00Z
http://www.wikidata.org/entity/Q949605,http://www.wikidata.org/entity/Q1543,1.0,2002-01-01T00:00:00Z,2006-01-01T00:00:00Z
http://www.wikidata.org/entity/Q949938,http://www.wikidata.org/entity/Q2609,211.0,2014-01-01T00:00:00Z,2021-06-01T00:00:00Z
http://www.wikidata.org/entity/Q949938,http://www.wikidata.org/entity/Q2693,72.0,2012-01-01T00:00:00Z,2014-01-01T00:00:00Z
http://www.wikidata.org/entity/Q949941,http://www.wikidata.org/entity/Q2052,0.0,2006-01-01T00:00:00Z,2012-01-01T00:00:00Z
http://www.wikidata.org/entity/Q950351,http://www.wikidata.org/entity/Q2052,19.0,2001-01-01T00:00:00Z,2002-01-01T00:00:00Z
http://www.wikidata.org/entity/Q950467,http://www.wikidata.org/entity/Q2052,11.0,1999-01-01T00:00:00Z,2000-01-01T00:00:00Z
http://www.wikidata.org/entity/Q950467,http://www.wikidata.org/entity/Q2609,19.0,1996-01-01T00:00:00Z,1999-01-01T00:00:00Z
http://www.wikidata.org/entity/Q951558,http://www.wikidata.org/entity/Q2052,6.0,2004-01-01T00:00:00Z,2006-01-01T00:00:00Z
http://www.wikidata.org/entity/Q953439,http://www.wikidata.org/entity/Q631,25.0,2000-01-01T00:00:00Z,2003-01-01T00:00:00Z
http://www.wikidata.org/entity/Q953439,http://www.wikidata.org/entity/Q2693,15.0,1999-01-01T00:00:00Z,2000-01-01T00:00:00Z
http://www.wikidata.org/entity/Q953692,http://www.wikidata.org/entity/Q1886,0.0,2001-01-01T00:00:00Z,2003-01-01T00:00:00Z
http://www.wikidata.org/entity/Q953692,http://www.wikidata.org/entity/Q1900,0.0,2005-01-01T00:00:00Z,2006-01-01T00:00:00Z
http://www.wikidata.org/entity/Q954307,http://www.wikidata.org/entity/Q1900,344.0,1998-01-01T00:00:00Z,2010-01-01T00:00:00Z
http://www.wikidata.org/entity/Q954346,http://www.wikidata.org/entity/Q1893,33.0,1998-01-01T00:00:00Z,2000-01-01T00:00:00Z
http://www.wikidata.org/entity/Q954346,http://www.wikidata.org/entity/Q631,5.0,2003-01-01T00:00:00Z,2004-01-01T00:00:00Z
http://www.wikidata.org/entity/Q954346,http://www.wikidata.org/entity/Q2037,249.0,2000-01-01T00:00:00Z,2013-01-01T00:00:00Z
http://www.wikidata.org/entity/Q954346,http://www.wikidata.org/entity/Q631,5.0,2003-01-01T00:00:00Z,2003-01-01T00:00:00Z
http://www.wikidata.org/entity/Q955430,http://www.wikidata.org/entity/Q1422,0.0,2002-01-01T00:00:00Z,2003-01-01T00:00:00Z
http://www.wikidata.org/entity/Q955430,http://www.wikidata.org/entity/Q2609,2.0,2005-01-01T00:00:00Z,2006-01-01T00:00:00Z
http://www.wikidata.org/entity/Q955430,http://www.wikidata.org/entity/Q2037,0.0,2009-01-01T00:00:00Z,2010-01-01T00:00:00Z
http://www.wikidata.org/entity/Q955430,http://www.wikidata.org/entity/Q1422,7.0,2006-01-01T00:00:00Z,2007-01-01T00:00:00Z
http://www.wikidata.org/entity/Q955963,http://www.wikidata.org/entity/Q1893,49.0,2008-01-01T00:00:00Z,2010-01-01T00:00:00Z
http://www.wikidata.org/entity/Q955963,http://www.wikidata.org/entity/Q1886,120.0,1996-01-01T00:00:00Z,2001-01-01T00:00:00Z
http://www.wikidata.org/entity/Q955963,http://www.wikidata.org/entity/Q1457,86.0,2005-01-01T00:00:00Z,2008-01-01T00:00:00Z
http://www.wikidata.org/entity/Q955963,http://www.wikidata.org/entity/Q1543,0.0,2001-01-01T00:00:00Z,2001-01-01T00:00:00Z
http://www.wikidata.org/entity/Q955963,http://www.wikidata.org/entity/Q1422,37.0,2001-01-01T00:00:00Z,2005-01-01T00:00:00Z
http://www.wikidata.org/entity/Q955963,http://www.wikidata.org/entity/Q1457,59.0,2003-01-01T00:00:00Z,2005-01-01T00:00:00Z
http://www.wikidata.org/entity/Q957689,http://www.wikidata.org/entity/Q1543,3.0,1997-01-01T00:00:00Z,2000-01-01T00:00:00Z
http://www.wikidata.org/entity/Q961889,http://www.wikidata.org/entity/Q1543,7.0,2012-01-01T00:00:00Z,2014-01-01T00:00:00Z
http://www.wikidata.org/entity/Q963281,http://www.wikidata.org/entity/Q2641,9.0,2003-01-01T00:00:00Z,2004-01-01T00:00:00Z
http://www.wikidata.org/entity/Q963281,http://www.wikidata.org/entity/Q2074,33.0,2002-01-01T00:00:00Z,2003-01-01T00:00:00Z
http://www.wikidata.org/entity/Q963817,http://www.wikidata.org/entity/Q2018,17.0,2009-01-01T00:00:00Z,2013-01-01T00:00:00Z
http://www.wikidata.org/entity/Q965220,http://www.wikidata.org/entity/Q2641,9.0,2010-01-01T00:00:00Z,2017-08-01T00:00:00Z
http://www.wikidata.org/entity/Q965846,http://www.wikidata.org/entity/Q2018,106.0,2010-01-01T00:00:00Z,2013-01-01T00:00:00Z
http://www.wikidata.org/entity/Q64896366,http://www.wikidata.org/entity/Q2074,38.0,2025-07-28T00:00:00Z,2026-06-30T00:00:00Z
http://www.wikidata.org/entity/Q56249797,http://www.wikidata.org/entity/Q2074,0.0,2019-01-01T00:00:00Z,2020-01-01T00:00:00Z
http://www.wikidata.org/entity/Q56249797,http://www.wikidata.org/entity/Q2037,0.0,2019-08-01T00:00:00Z,2020-01-01T00:00:00Z
http://www.wikidata.org/entity/Q62076054,http://www.wikidata.org/entity/Q1457,22.0,2023-01-01T00:00:00Z,2024-01-01T00:00:00Z
http://www.wikidata.org/entity/Q85713553,http://www.wikidata.org/entity/Q2641,28.0,2025-01-01T00:00:00Z,2026-01-01T00:00:00Z
http://www.wikidata.org/entity/Q133444367,http://www.wikidata.org/entity/Q2609,0.0,2023-12-01T00:00:00Z,2023-12-01T00:00:00Z
http://www.wikidata.org/entity/Q133444367,http://www.wikidata.org/entity/Q1543,0.0,2024-07-01T00:00:00Z,2026-01-01T00:00:00Z
http://www.wikidata.org/entity/Q98815671,http://www.wikidata.org/entity/Q1543,84.0,2020-01-01T00:00:00Z,
http://www.wikidata.org/entity/Q98815671,http://www.wikidata.org/entity/Q1422,0.0,2025-07-01T00:00:00Z,
http://www.wikidata.org/entity/Q99519622,http://www.wikidata.org/entity/Q2693,39.0,2020-10-01T00:00:00Z,
http://www.wikidata.org/entity/Q15220993,http://www.wikidata.org/entity/Q1893,29.0,2025-07-19T00:00:00Z,
http://www.wikidata.org/entity/Q99617367,http://www.wikidata.org/entity/Q1422,31.0,2025-07-01T00:00:00Z,
http://www.wikidata.org/entity/Q16648816,http://www.wikidata.org/entity/Q1900,54.0,2024-01-01T00:00:00Z,
http://www.wikidata.org/entity/Q129796620,http://www.wikidata.org/entity/Q1886,22.0,2025-07-04T00:00:00Z,
http://www.wikidata.org/entity/Q21039587,http://www.wikidata.org/entity/Q2641,116.0,2022-01-01T00:00:00Z,
http://www.wikidata.org/entity/Q127914,http://www.wikidata.org/entity/Q1886,72.0,2023-01-01T00:00:00Z,
http://www.wikidata.org/entity/Q121820432,http://www.wikidata.org/entity/Q2074,0.0,2025-01-01T00:00:00Z,
http://www.wikidata.org/entity/Q21693199,http://www.wikidata.org/entity/Q1543,32.0,2025-08-01T00:00:00Z,
http://www.wikidata.org/entity/Q36318897,http://www.wikidata.org/entity/Q2074,5.0,2026-01-01T00:00:00Z,
http://www.wikidata.org/entity/Q27654739,http://www.wikidata.org/entity/Q1457,28.0,2025-01-01T00:00:00Z,
http://www.wikidata.org/entity/Q56183407,http://www.wikidata.org/entity/Q1422,0.0,2026-07-01T00:00:00Z,
http://www.wikidata.org/entity/Q138328477,http://www.wikidata.org/entity/Q2074,0.0,2026-07-01T00:00:00Z,
http://www.wikidata.org/entity/Q139244033,http://www.wikidata.org/entity/Q2074,0.0,2026-07-01T00:00:00Z,
http://www.wikidata.org/entity/Q135395465,http://www.wikidata.org/entity/Q2074,11.0,2026-01-29T00:00:00Z,
http://www.wikidata.org/entity/Q55366763,http://www.wikidata.org/entity/Q631,50.0,2024-01-01T00:00:00Z,
http://www.wikidata.org/entity/Q55366763,http://www.wikidata.org/entity/Q2609,0.0,2026-08-01T00:00:00Z,
http://www.wikidata.org/entity/Q57704058,http://www.wikidata.org/entity/Q2641,0.0,2026-08-01T00:00:00Z,
http://www.wikidata.org/entity/Q57315517,http://www.wikidata.org/entity/Q2074,0.0,2026-08-01T00:00:00Z,
http://www.wikidata.org/entity/Q56441182,http://www.wikidata.org/entity/Q1422,0.0,2026-08-01T00:00:00Z,
http://www.wikidata.org/entity/Q56289593,http://www.wikidata.org/entity/Q2052,0.0,2026-09-01T00:00:00Z,
http://www.wikidata.org/entity/Q57603663,http://www.wikidata.org/entity/Q2609,0.0,2026-07-01T00:00:00Z,
http://www.wikidata.org/entity/Q141431010,http://www.wikidata.org/entity/Q1900,3.0,2026-01-01T00:00:00Z,
http://www.wikidata.org/entity/Q10520,http://www.wikidata.org/entity/Q1543,18.0,2009-01-07T00:00:00Z,2009-07-01T00:00:00Z
http://www.wikidata.org/entity/Q10520,http://www.wikidata.org/entity/Q1543,11.0,2010-01-01T00:00:00Z,2010-03-01T00:00:00Z
http://www.wikidata.org/entity/Q10602,http://www.wikidata.org/entity/Q631,44.0,2020-01-01T00:00:00Z,2021-01-01T00:00:00Z
http://www.wikidata.org/entity/Q10709,http://www.wikidata.org/entity/Q2074,1.0,2006-01-01T00:00:00Z,2009-01-01T00:00:00Z
http://www.wikidata.org/entity/Q10788,http://www.wikidata.org/entity/Q2641,2.0,2015-01-01T00:00:00Z,2015-01-01T00:00:00Z
http://www.wikidata.org/entity/Q96335553,http://www.wikidata.org/entity/Q2609,21.0,2021-01-01T00:00:00Z,2023-01-01T00:00:00Z
http://www.wikidata.org/entity/Q97999586,http://www.wikidata.org/entity/Q1893,30.0,2023-08-31T00:00:00Z,2024-07-01T00:00:00Z
http://www.wikidata.org/entity/Q97999586,http://www.wikidata.org/entity/Q2074,3.0,2022-01-14T00:00:00Z,2022-06-30T00:00:00Z
http://www.wikidata.org/entity/Q98815671,http://www.wikidata.org/entity/Q1422,29.0,2024-08-01T00:00:00Z,2025-06-30T00:00:00Z
http://www.wikidata.org/entity/Q988617,http://www.wikidata.org/entity/Q2018,122.0,2005-01-01T00:00:00Z,2009-01-01T00:00:00Z
http://www.wikidata.org/entity/Q988617,http://www.wikidata.org/entity/Q1422,7.0,2002-01-01T00:00:00Z,2005-01-01T00:00:00Z
http://www.wikidata.org/entity/Q988938,http://www.wikidata.org/entity/Q2641,168.0,1995-01-01T00:00:00Z,2003-01-01T00:00:00Z
http://www.wikidata.org/entity/Q988938,http://www.wikidata.org/entity/Q2074,73.0,2003-01-01T00:00:00Z,2006-01-01T00:00:00Z
http://www.wikidata.org/entity/Q992248,http://www.wikidata.org/entity/Q2018,20.0,2004-01-01T00:00:00Z,2005-01-01T00:00:00Z
http://www.wikidata.org/entity/Q992248,http://www.wikidata.org/entity/Q1886,30.0,2003-01-01T00:00:00Z,2004-01-01T00:00:00Z
http://www.wikidata.org/entity/Q99243784,http://www.wikidata.org/entity/Q2693,18.0,2022-07-01T00:00:00Z,2023-01-01T00:00:00Z
http://www.wikidata.org/entity/Q99243784,http://www.wikidata.org/entity/Q2693,5.0,2022-01-01T00:00:00Z,2022-06-01T00:00:00Z
http://www.wikidata.org/entity/Q99617367,http://www.wikidata.org/entity/Q1422,26.0,2024-08-27T00:00:00Z,2025-06-01T00:00:00Z
http://www.wikidata.org/entity/Q99738875,http://www.wikidata.org/entity/Q2641,14.0,2023-08-07T00:00:00Z,2025-06-01T00:00:00Z
http://www.wikidata.org/entity/Q464694,http://www.wikidata.org/entity/Q2074,4.0,2025-07-01T00:00:00Z,2026-01-01T00:00:00Z
http://www.wikidata.org/entity/Q2053358,http://www.wikidata.org/entity/Q2609,96.0,2022-01-01T00:00:00Z,2026-01-01T00:00:00Z
http://www.wikidata.org/entity/Q313575,http://www.wikidata.org/entity/Q631,27.0,2023-08-16T00:00:00Z,2024-06-01T00:00:00Z
http://www.wikidata.org/entity/Q313575,http://www.wikidata.org/entity/Q631,18.0,2024-07-01T00:00:00Z,2025-06-01T00:00:00Z
http://www.wikidata.org/entity/Q3209607,http://www.wikidata.org/entity/Q1543,74.0,2020-01-01T00:00:00Z,2023-01-01T00:00:00Z
http://www.wikidata.org/entity/Q16648816,http://www.wikidata.org/entity/Q2052,4.0,2023-01-01T00:00:00Z,2024-01-01T00:00:00Z
http://www.wikidata.org/entity/Q316762,http://www.wikidata.org/entity/Q1543,23.0,2012-01-01T00:00:00Z,2013-01-01T00:00:00Z
http://www.wikidata.org/entity/Q111346268,http://www.wikidata.org/entity/Q2074,12.0,2025-07-01T00:00:00Z,2026-01-01T00:00:00Z
http://www.wikidata.org/entity/Q98479427,http://www.wikidata.org/entity/Q2074,4.0,2025-07-01T00:00:00Z,2026-01-30T00:00:00Z
http://www.wikidata.org/entity/Q253348,http://www.wikidata.org/entity/Q1893,88.0,2016-01-01T00:00:00Z,2020-01-01T00:00:00Z
http://www.wikidata.org/entity/Q16595441,http://www.wikidata.org/entity/Q1893,32.0,2023-01-01T00:00:00Z,2024-01-01T00:00:00Z
http://www.wikidata.org/entity/Q16595441,http://www.wikidata.org/entity/Q1893,66.0,2024-07-01T00:00:00Z,2026-06-01T00:00:00Z
http://www.wikidata.org/entity/Q201776,http://www.wikidata.org/entity/Q1893,44.0,2016-01-01T00:00:00Z,2018-01-01T00:00:00Z
http://www.wikidata.org/entity/Q21039587,http://www.wikidata.org/entity/Q2641,25.0,2021-01-01T00:00:00Z,2022-01-01T00:00:00Z
http://www.wikidata.org/entity/Q351473,http://www.wikidata.org/entity/Q2074,9.0,2021-01-01T00:00:00Z,2022-01-01T00:00:00Z
http://www.wikidata.org/entity/Q351473,http://www.wikidata.org/entity/Q631,3.0,2022-01-01T00:00:00Z,2022-06-01T00:00:00Z
http://www.wikidata.org/entity/Q298466,http://www.wikidata.org/entity/Q1900,9.0,2021-01-01T00:00:00Z,2021-01-01T00:00:00Z
http://www.wikidata.org/entity/Q294541,http://www.wikidata.org/entity/Q631,26.0,2015-01-01T00:00:00Z,2016-01-01T00:00:00Z
http://www.wikidata.org/entity/Q66467324,http://www.wikidata.org/entity/Q2641,33.0,2025-08-31T00:00:00Z,2026-06-30T00:00:00Z
http://www.wikidata.org/entity/Q19938984,http://www.wikidata.org/entity/Q631,33.0,2025-09-01T00:00:00Z,2026-06-30T00:00:00Z
http://www.wikidata.org/entity/Q25409292,http://www.wikidata.org/entity/Q2641,32.0,2025-09-01T00:00:00Z,2026-06-01T00:00:00Z
http://www.wikidata.org/entity/Q4754963,http://www.wikidata.org/entity/Q1900,8.0,2025-01-01T00:00:00Z,2026-01-01T00:00:00Z
http://www.wikidata.org/entity/Q15081929,http://www.wikidata.org/entity/Q2074,15.0,2025-09-01T00:00:00Z,2026-06-30T00:00:00Z
http://www.wikidata.org/entity/Q20666686,http://www.wikidata.org/entity/Q2052,92.0,2022-01-01T00:00:00Z,2025-01-01T00:00:00Z
http://www.wikidata.org/entity/Q326159,http://www.wikidata.org/entity/Q1543,20.0,2026-01-01T00:00:00Z,2026-06-01T00:00:00Z
http://www.wikidata.org/entity/Q1756086,http://www.wikidata.org/entity/Q2710,13.0,2026-01-01T00:00:00Z,2026-07-08T00:00:00Z
http://www.wikidata.org/entity/Q391680,http://www.wikidata.org/entity/Q2037,11.0,2026-01-01T00:00:00Z,2026-06-01T00:00:00Z
http://www.wikidata.org/entity/Q64736331,http://www.wikidata.org/entity/Q2710,12.0,2023-01-01T00:00:00Z,2023-07-01T00:00:00Z
http://www.wikidata.org/entity/Q56183407,http://www.wikidata.org/entity/Q1422,24.0,2025-09-01T00:00:00Z,2026-06-30T00:00:00Z
http://www.wikidata.org/entity/Q55366763,http://www.wikidata.org/entity/Q631,32.0,2023-01-01T00:00:00Z,2024-01-01T00:00:00Z
http://www.wikidata.org/entity/Q57603663,http://www.wikidata.org/entity/Q2609,62.0,2024-08-16T00:00:00Z,2026-06-30T00:00:00Z
http://www.wikidata.org/entity/Q68060,http://www.wikidata.org/entity/Q1422,17.0,2019-07-04T00:00:00Z,2021-06-01T00:00:00Z
http://www.wikidata.org/entity/Q68060,http://www.wikidata.org/entity/Q2693,169.0,1995-01-01T00:00:00Z,2001-01-01T00:00:00Z
http://www.wikidata.org/entity/Q68060,http://www.wikidata.org/entity/Q2693,43.0,2021-06-01T00:00:00Z,2023-08-01T00:00:00Z
http://www.wikidata.org/entity/Q68060,http://www.wikidata.org/entity/Q1422,509.0,2001-01-01T00:00:00Z,2018-01-01T00:00:00Z
http://www.wikidata.org/entity/Q681545,http://www.wikidata.org/entity/Q1422,12.0,1998-01-01T00:00:00Z,1999-01-01T00:00:00Z
http://www.wikidata.org/entity/Q682794,http://www.wikidata.org/entity/Q2693,0.0,2009-01-01T00:00:00Z,2010-01-01T00:00:00Z
http://www.wikidata.org/entity/Q6829096,http://www.wikidata.org/entity/Q2052,0.0,2007-01-01T00:00:00Z,2011-01-01T00:00:00Z
http://www.wikidata.org/entity/Q683423,http://www.wikidata.org/entity/Q2674,0.0,2002-01-01T00:00:00Z,2003-01-01T00:00:00Z
http://www.wikidata.org/entity/Q683423,http://www.wikidata.org/entity/Q2052,53.0,2004-01-01T00:00:00Z,2006-01-01T00:00:00Z
http://www.wikidata.org/entity/Q6836819,http://www.wikidata.org/entity/Q1543,1.0,2003-01-01T00:00:00Z,2006-01-01T00:00:00Z
http://www.wikidata.org/entity/Q6836829,http://www.wikidata.org/entity/Q631,0.0,2010-01-01T00:00:00Z,2013-01-01T00:00:00Z
http://www.wikidata.org/entity/Q685006,http://www.wikidata.org/entity/Q1457,0.0,2006-01-01T00:00:00Z,2007-01-01T00:00:00Z
http://www.wikidata.org/entity/Q6850510,http://www.wikidata.org/entity/Q2018,0.0,2009-01-01T00:00:00Z,2009-01-01T00:00:00Z
http://www.wikidata.org/entity/Q6873703,http://www.wikidata.org/entity/Q2074,0.0,2006-01-01T00:00:00Z,2008-01-01T00:00:00Z
http://www.wikidata.org/entity/Q6873733,http://www.wikidata.org/entity/Q2693,0.0,2003-01-01T00:00:00Z,2005-01-01T00:00:00Z
http://www.wikidata.org/entity/Q6873733,http://www.wikidata.org/entity/Q1543,1.0,2003-01-01T00:00:00Z,2003-01-01T00:00:00Z
http://www.wikidata.org/entity/Q688558,http://www.wikidata.org/entity/Q631,0.0,2011-01-01T00:00:00Z,2011-01-01T00:00:00Z
http://www.wikidata.org/entity/Q6891509,http://www.wikidata.org/entity/Q1543,0.0,2002-01-01T00:00:00Z,2003-01-01T00:00:00Z
http://www.wikidata.org/entity/Q6891544,http://www.wikidata.org/entity/Q2693,0.0,2010-01-01T00:00:00Z,2014-01-01T00:00:00Z
http://www.wikidata.org/entity/Q6915208,http://www.wikidata.org/entity/Q2693,0.0,2013-01-01T00:00:00Z,2014-01-01T00:00:00Z
http://www.wikidata.org/entity/Q692902,http://www.wikidata.org/entity/Q1886,0.0,2004-01-01T00:00:00Z,2005-01-01T00:00:00Z
http://www.wikidata.org/entity/Q694014,http://www.wikidata.org/entity/Q1457,51.0,2012-01-01T00:00:00Z,2014-01-01T00:00:00Z
http://www.wikidata.org/entity/Q6947653,http://www.wikidata.org/entity/Q2037,0.0,2015-01-01T00:00:00Z,2015-01-01T00:00:00Z
http://www.wikidata.org/entity/Q699279,http://www.wikidata.org/entity/Q2018,78.0,2008-01-01T00:00:00Z,2011-01-01T00:00:00Z
http://www.wikidata.org/entity/Q701297,http://www.wikidata.org/entity/Q631,80.0,2013-01-01T00:00:00Z,2015-01-01T00:00:00Z
http://www.wikidata.org/entity/Q7028953,http://www.wikidata.org/entity/Q2074,0.0,1999-01-01T00:00:00Z,2001-01-01T00:00:00Z
http://www.wikidata.org/entity/Q7028957,http://www.wikidata.org/entity/Q2037,5.0,2014-01-01T00:00:00Z,2015-01-01T00:00:00Z
http://www.wikidata.org/entity/Q7028975,http://www.wikidata.org/entity/Q1893,0.0,2011-01-01T00:00:00Z,2013-01-01T00:00:00Z
http://www.wikidata.org/entity/Q7028988,http://www.wikidata.org/entity/Q1422,0.0,2008-01-01T00:00:00Z,2009-01-01T00:00:00Z
http://www.wikidata.org/entity/Q7028988,http://www.wikidata.org/entity/Q2693,0.0,2013-01-01T00:00:00Z,2014-01-01T00:00:00Z
http://www.wikidata.org/entity/Q7029019,http://www.wikidata.org/entity/Q1457,0.0,2008-01-01T00:00:00Z,2009-01-01T00:00:00Z
http://www.wikidata.org/entity/Q7029021,http://www.wikidata.org/entity/Q2674,0.0,2006-01-01T00:00:00Z,2008-01-01T00:00:00Z
http://www.wikidata.org/entity/Q7029086,http://www.wikidata.org/entity/Q631,2.0,2002-01-01T00:00:00Z,2007-01-01T00:00:00Z
http://www.wikidata.org/entity/Q7029100,http://www.wikidata.org/entity/Q2037,0.0,2009-01-01T00:00:00Z,2010-01-01T00:00:00Z
http://www.wikidata.org/entity/Q7029101,http://www.wikidata.org/entity/Q631,0.0,2007-01-01T00:00:00Z,2008-01-01T00:00:00Z
http://www.wikidata.org/entity/Q7029107,http://www.wikidata.org/entity/Q2693,0.0,2013-01-01T00:00:00Z,2014-01-01T00:00:00Z
http://www.wikidata.org/entity/Q7030464,http://www.wikidata.org/entity/Q2037,0.0,2013-01-01T00:00:00Z,2014-01-01T00:00:00Z
http://www.wikidata.org/entity/Q7030464,http://www.wikidata.org/entity/Q2037,0.0,2008-01-01T00:00:00Z,2010-01-01T00:00:00Z
http://www.wikidata.org/entity/Q7034349,http://www.wikidata.org/entity/Q2052,0.0,2011-01-01T00:00:00Z,2014-01-01T00:00:00Z
http://www.wikidata.org/entity/Q703456,http://www.wikidata.org/entity/Q2609,65.0,2006-01-01T00:00:00Z,2013-01-01T00:00:00Z
http://www.wikidata.org/entity/Q703456,http://www.wikidata.org/entity/Q2710,1.0,2005-01-01T00:00:00Z,2006-01-01T00:00:00Z
http://www.wikidata.org/entity/Q703456,http://www.wikidata.org/entity/Q1900,9.0,2015-01-01T00:00:00Z,2015-01-01T00:00:00Z
http://www.wikidata.org/entity/Q703456,http://www.wikidata.org/entity/Q2052,9.0,2014-01-01T00:00:00Z,2014-01-01T00:00:00Z
http://www.wikidata.org/entity/Q703462,http://www.wikidata.org/entity/Q2052,42.0,2007-01-01T00:00:00Z,2009-01-01T00:00:00Z
http://www.wikidata.org/entity/Q7035615,http://www.wikidata.org/entity/Q2710,3.0,2008-01-01T00:00:00Z,2008-01-01T00:00:00Z
http://www.wikidata.org/entity/Q703772,http://www.wikidata.org/entity/Q2052,2.0,2007-01-01T00:00:00Z,2009-01-01T00:00:00Z
http://www.wikidata.org/entity/Q7082522,http://www.wikidata.org/entity/Q2052,0.0,2007-01-01T00:00:00Z,2007-01-01T00:00:00Z
http://www.wikidata.org/entity/Q7082924,http://www.wikidata.org/entity/Q631,0.0,2001-01-01T00:00:00Z,2002-01-01T00:00:00Z
http://www.wikidata.org/entity/Q7103206,http://www.wikidata.org/entity/Q1422,0.0,2004-01-01T00:00:00Z,2007-01-01T00:00:00Z
http://www.wikidata.org/entity/Q513911,http://www.wikidata.org/entity/Q1457,11.0,2023-02-10T00:00:00Z,2023-06-30T00:00:00Z
http://www.wikidata.org/entity/Q514376,http://www.wikidata.org/entity/Q1422,5.0,2001-01-01T00:00:00Z,2003-01-01T00:00:00Z
http://www.wikidata.org/entity/Q514474,http://www.wikidata.org/entity/Q2710,12.0,2008-01-01T00:00:00Z,2009-01-01T00:00:00Z
http://www.wikidata.org/entity/Q514568,http://www.wikidata.org/entity/Q2018,86.0,2009-01-01T00:00:00Z,2014-01-01T00:00:00Z
http://www.wikidata.org/entity/Q515208,http://www.wikidata.org/entity/Q2641,5.0,2011-01-01T00:00:00Z,2015-01-01T00:00:00Z
http://www.wikidata.org/entity/Q515208,http://www.wikidata.org/entity/Q2052,3.0,2014-01-01T00:00:00Z,2014-01-01T00:00:00Z
http://www.wikidata.org/entity/Q515208,http://www.wikidata.org/entity/Q2052,0.0,2015-01-01T00:00:00Z,2015-01-01T00:00:00Z
http://www.wikidata.org/entity/Q516460,http://www.wikidata.org/entity/Q2693,81.0,2005-01-01T00:00:00Z,2008-01-01T00:00:00Z
http://www.wikidata.org/entity/Q516460,http://www.wikidata.org/entity/Q2641,1.0,2009-01-01T00:00:00Z,2009-01-01T00:00:00Z
http://www.wikidata.org/entity/Q516528,http://www.wikidata.org/entity/Q2052,21.0,2001-01-01T00:00:00Z,2002-01-01T00:00:00Z
http://www.wikidata.org/entity/Q516528,http://www.wikidata.org/entity/Q2037,50.0,2003-01-01T00:00:00Z,2005-01-01T00:00:00Z
http://www.wikidata.org/entity/Q516528,http://www.wikidata.org/entity/Q2609,80.0,1996-01-01T00:00:00Z,2010-01-01T00:00:00Z
http://www.wikidata.org/entity/Q517192,http://www.wikidata.org/entity/Q631,33.0,2018-01-01T00:00:00Z,2021-08-01T00:00:00Z
http://www.wikidata.org/entity/Q517192,http://www.wikidata.org/entity/Q1900,131.0,2010-01-01T00:00:00Z,2014-01-01T00:00:00Z
http://www.wikidata.org/entity/Q517192,http://www.wikidata.org/entity/Q1900,26.0,2019-08-01T00:00:00Z,2020-08-01T00:00:00Z
http://www.wikidata.org/entity/Q517192,http://www.wikidata.org/entity/Q1900,7.0,2010-01-01T00:00:00Z,2010-01-01T00:00:00Z
http://www.wikidata.org/entity/Q517192,http://www.wikidata.org/entity/Q1900,22.0,2021-01-01T00:00:00Z,2021-06-01T00:00:00Z
http://www.wikidata.org/entity/Q518539,http://www.wikidata.org/entity/Q2710,12.0,2003-01-01T00:00:00Z,2004-01-01T00:00:00Z
http://www.wikidata.org/entity/Q519178,http://www.wikidata.org/entity/Q2641,28.0,2001-01-01T00:00:00Z,2002-01-01T00:00:00Z
http://www.wikidata.org/entity/Q519499,http://www.wikidata.org/entity/Q2693,6.0,2007-01-01T00:00:00Z,2007-01-01T00:00:00Z
http://www.wikidata.org/entity/Q519499,http://www.wikidata.org/entity/Q2674,11.0,1998-01-01T00:00:00Z,2000-01-01T00:00:00Z
http://www.wikidata.org/entity/Q519602,http://www.wikidata.org/entity/Q1893,14.0,1998-01-01T00:00:00Z,1999-01-01T00:00:00Z
http://www.wikidata.org/entity/Q519625,http://www.wikidata.org/entity/Q1886,153.0,1996-01-01T00:00:00Z,2003-01-01T00:00:00Z
http://www.wikidata.org/entity/Q519625,http://www.wikidata.org/entity/Q1457,59.0,2009-01-01T00:00:00Z,2011-01-01T00:00:00Z
http://www.wikidata.org/entity/Q519625,http://www.wikidata.org/entity/Q2710,24.0,2013-01-01T00:00:00Z,2014-01-01T00:00:00Z
http://www.wikidata.org/entity/Q519625,http://www.wikidata.org/entity/Q2052,18.0,2008-01-01T00:00:00Z,2009-01-01T00:00:00Z
http://www.wikidata.org/entity/Q519625,http://www.wikidata.org/entity/Q2609,139.0,2003-01-01T00:00:00Z,2013-01-01T00:00:00Z
http://www.wikidata.org/entity/Q519664,http://www.wikidata.org/entity/Q2037,32.0,2008-01-01T00:00:00Z,2009-01-01T00:00:00Z
http://www.wikidata.org/entity/Q519664,http://www.wikidata.org/entity/Q2674,117.0,2013-01-01T00:00:00Z,2016-01-01T00:00:00Z
http://www.wikidata.org/entity/Q519664,http://www.wikidata.org/entity/Q2037,131.0,2009-01-01T00:00:00Z,2013-01-01T00:00:00Z
http://www.wikidata.org/entity/Q519792,http://www.wikidata.org/entity/Q1543,0.0,2008-01-01T00:00:00Z,2010-01-01T00:00:00Z
http://www.wikidata.org/entity/Q520587,http://www.wikidata.org/entity/Q2018,94.0,2005-01-01T00:00:00Z,2009-01-01T00:00:00Z
http://www.wikidata.org/entity/Q520695,http://www.wikidata.org/entity/Q2693,11.0,2012-01-01T00:00:00Z,2013-01-01T00:00:00Z
http://www.wikidata.org/entity/Q5216258,http://www.wikidata.org/entity/Q1543,0.0,2007-01-01T00:00:00Z,2008-01-01T00:00:00Z
http://www.wikidata.org/entity/Q5216749,http://www.wikidata.org/entity/Q2674,0.0,2010-01-01T00:00:00Z,2014-01-01T00:00:00Z
http://www.wikidata.org/entity/Q5216809,http://www.wikidata.org/entity/Q2693,0.0,2011-01-01T00:00:00Z,2013-01-01T00:00:00Z
http://www.wikidata.org/entity/Q5216809,http://www.wikidata.org/entity/Q2710,12.0,2005-01-01T00:00:00Z,2008-01-01T00:00:00Z
http://www.wikidata.org/entity/Q5218326,http://www.wikidata.org/entity/Q1543,0.0,2007-01-01T00:00:00Z,2008-01-01T00:00:00Z
http://www.wikidata.org/entity/Q5219259,http://www.wikidata.org/entity/Q1886,50.0,2013-01-01T00:00:00Z,2015-01-01T00:00:00Z
http://www.wikidata.org/entity/Q5219260,http://www.wikidata.org/entity/Q2693,0.0,2012-01-01T00:00:00Z,2014-01-01T00:00:00Z
http://www.wikidata.org/entity/Q5219262,http://www.wikidata.org/entity/Q2693,0.0,2014-01-01T00:00:00Z,2015-01-01T00:00:00Z
http://www.wikidata.org/entity/Q5219271,http://www.wikidata.org/entity/Q2710,3.0,2006-01-01T00:00:00Z,2009-01-01T00:00:00Z
http://www.wikidata.org/entity/Q5219271,http://www.wikidata.org/entity/Q2710,0.0,2011-01-01T00:00:00Z,2012-01-01T00:00:00Z
http://www.wikidata.org/entity/Q5219274,http://www.wikidata.org/entity/Q1900,0.0,2012-01-01T00:00:00Z,2015-01-01T00:00:00Z
http://www.wikidata.org/entity/Q5219279,http://www.wikidata.org/entity/Q2609,0.0,2007-01-01T00:00:00Z,2008-01-01T00:00:00Z
http://www.wikidata.org/entity/Q5219282,http://www.wikidata.org/entity/Q631,0.0,2007-01-01T00:00:00Z,2008-01-01T00:00:00Z
http://www.wikidata.org/entity/Q5219288,http://www.wikidata.org/entity/Q2609,0.0,1996-01-01T00:00:00Z,2000-01-01T00:00:00Z
http://www.wikidata.org/entity/Q5219293,http://www.wikidata.org/entity/Q631,0.0,2007-01-01T00:00:00Z,2011-01-01T00:00:00Z
http://www.wikidata.org/entity/Q5219629,http://www.wikidata.org/entity/Q2074,0.0,2006-01-01T00:00:00Z,2010-01-01T00:00:00Z
http://www.wikidata.org/entity/Q522020,http://www.wikidata.org/entity/Q2018,18.0,2005-01-01T00:00:00Z,2005-01-01T00:00:00Z
http://www.wikidata.org/entity/Q522040,http://www.wikidata.org/entity/Q1543,240.0,1990-01-01T00:00:00Z,2002-01-01T00:00:00Z
http://www.wikidata.org/entity/Q523685,http://www.wikidata.org/entity/Q2693,304.0,1987-01-01T00:00:00Z,2000-01-01T00:00:00Z
http://www.wikidata.org/entity/Q526159,http://www.wikidata.org/entity/Q1900,150.0,1999-01-01T00:00:00Z,2004-01-01T00:00:00Z
http://www.wikidata.org/entity/Q5290096,http://www.wikidata.org/entity/Q631,1.0,2006-01-01T00:00:00Z,2008-01-01T00:00:00Z
http://www.wikidata.org/entity/Q5290098,http://www.wikidata.org/entity/Q2037,0.0,2007-01-01T00:00:00Z,2011-01-01T00:00:00Z
http://www.wikidata.org/entity/Q5290136,http://www.wikidata.org/entity/Q2037,0.0,2011-01-01T00:00:00Z,2012-01-01T00:00:00Z
http://www.wikidata.org/entity/Q5336652,http://www.wikidata.org/entity/Q2674,32.0,2017-07-01T00:00:00Z,2019-07-01T00:00:00Z
http://www.wikidata.org/entity/Q5336652,http://www.wikidata.org/entity/Q2641,0.0,2016-01-26T00:00:00Z,2017-01-01T00:00:00Z
http://www.wikidata.org/entity/Q5339568,http://www.wikidata.org/entity/Q1543,0.0,2010-01-01T00:00:00Z,2015-01-01T00:00:00Z
http://www.wikidata.org/entity/Q5340164,http://www.wikidata.org/entity/Q2052,0.0,2008-01-01T00:00:00Z,2010-01-01T00:00:00Z
http://www.wikidata.org/entity/Q56249859,http://www.wikidata.org/entity/Q2074,3.0,2021-01-01T00:00:00Z,2025-01-01T00:00:00Z
http://www.wikidata.org/entity/Q55081487,http://www.wikidata.org/entity/Q2609,0.0,2019-01-01T00:00:00Z,
http://www.wikidata.org/entity/Q56282611,http://www.wikidata.org/entity/Q1543,68.0,2024-08-17T00:00:00Z,
http://www.wikidata.org/entity/Q966590,http://www.wikidata.org/entity/Q1543,4.0,2002-01-01T00:00:00Z,2006-01-01T00:00:00Z
http://www.wikidata.org/entity/Q966590,http://www.wikidata.org/entity/Q1457,29.0,2005-01-01T00:00:00Z,2006-01-01T00:00:00Z
http://www.wikidata.org/entity/Q966590,http://www.wikidata.org/entity/Q1893,19.0,2003-01-01T00:00:00Z,2004-01-01T00:00:00Z
http://www.wikidata.org/entity/Q966590,http://www.wikidata.org/entity/Q1886,0.0,2010-01-01T00:00:00Z,2011-01-01T00:00:00Z
http://www.wikidata.org/entity/Q966590,http://www.wikidata.org/entity/Q2641,34.0,2006-01-01T00:00:00Z,2011-01-01T00:00:00Z
http://www.wikidata.org/entity/Q967247,http://www.wikidata.org/entity/Q2037,0.0,2004-01-01T00:00:00Z,2005-01-01T00:00:00Z
http://www.wikidata.org/entity/Q9673513,http://www.wikidata.org/entity/Q1457,1.0,2012-01-01T00:00:00Z,2015-01-01T00:00:00Z
http://www.wikidata.org/entity/Q968773,http://www.wikidata.org/entity/Q2052,3.0,2013-01-01T00:00:00Z,2016-01-01T00:00:00Z
http://www.wikidata.org/entity/Q969146,http://www.wikidata.org/entity/Q2018,13.0,2011-01-01T00:00:00Z,2011-01-01T00:00:00Z
http://www.wikidata.org/entity/Q969146,http://www.wikidata.org/entity/Q1457,23.0,2014-01-01T00:00:00Z,2015-01-01T00:00:00Z
http://www.wikidata.org/entity/Q969440,http://www.wikidata.org/entity/Q1900,1.0,2011-01-01T00:00:00Z,2012-01-01T00:00:00Z
http://www.wikidata.org/entity/Q969440,http://www.wikidata.org/entity/Q1900,28.0,2012-01-01T00:00:00Z,2015-01-01T00:00:00Z
http://www.wikidata.org/entity/Q969520,http://www.wikidata.org/entity/Q1543,20.0,2014-01-01T00:00:00Z,2015-01-01T00:00:00Z
http://www.wikidata.org/entity/Q969946,http://www.wikidata.org/entity/Q2074,1.0,2010-01-01T00:00:00Z,2013-01-01T00:00:00Z
http://www.wikidata.org/entity/Q970114,http://www.wikidata.org/entity/Q1900,18.0,2010-01-01T00:00:00Z,2011-01-01T00:00:00Z
http://www.wikidata.org/entity/Q970864,http://www.wikidata.org/entity/Q1543,312.0,1996-01-01T00:00:00Z,2007-01-01T00:00:00Z
http://www.wikidata.org/entity/Q970864,http://www.wikidata.org/entity/Q1893,55.0,2008-01-01T00:00:00Z,2010-01-01T00:00:00Z
http://www.wikidata.org/entity/Q970864,http://www.wikidata.org/entity/Q2037,312.0,1996-01-01T00:00:00Z,2007-01-01T00:00:00Z
http://www.wikidata.org/entity/Q971732,http://www.wikidata.org/entity/Q1900,71.0,2012-01-01T00:00:00Z,2015-01-01T00:00:00Z
http://www.wikidata.org/entity/Q972716,http://www.wikidata.org/entity/Q1543,0.0,2007-01-01T00:00:00Z,2008-01-01T00:00:00Z
http://www.wikidata.org/entity/Q972716,http://www.wikidata.org/entity/Q2693,0.0,2010-01-01T00:00:00Z,2010-01-01T00:00:00Z
http://www.wikidata.org/entity/Q972716,http://www.wikidata.org/entity/Q1543,0.0,2009-01-01T00:00:00Z,2015-01-01T00:00:00Z
http://www.wikidata.org/entity/Q973975,http://www.wikidata.org/entity/Q2037,47.0,2009-01-01T00:00:00Z,2014-01-01T00:00:00Z
http://www.wikidata.org/entity/Q974099,http://www.wikidata.org/entity/Q2674,77.0,2011-01-01T00:00:00Z,2015-01-01T00:00:00Z
http://www.wikidata.org/entity/Q974099,http://www.wikidata.org/entity/Q2074,10.0,2013-01-01T00:00:00Z,2013-01-01T00:00:00Z
http://www.wikidata.org/entity/Q975390,http://www.wikidata.org/entity/Q2693,23.0,2014-01-01T00:00:00Z,2015-01-01T00:00:00Z
http://www.wikidata.org/entity/Q975390,http://www.wikidata.org/entity/Q2693,33.0,2012-01-01T00:00:00Z,2013-01-01T00:00:00Z
http://www.wikidata.org/entity/Q975390,http://www.wikidata.org/entity/Q631,8.0,2013-01-01T00:00:00Z,2014-01-01T00:00:00Z
http://www.wikidata.org/entity/Q975390,http://www.wikidata.org/entity/Q1893,8.0,2012-01-01T00:00:00Z,2012-01-01T00:00:00Z
http://www.wikidata.org/entity/Q976301,http://www.wikidata.org/entity/Q2693,86.0,1998-01-01T00:00:00Z,2001-01-01T00:00:00Z
http://www.wikidata.org/entity/Q976395,http://www.wikidata.org/entity/Q631,0.0,2002-01-01T00:00:00Z,2003-01-01T00:00:00Z
http://www.wikidata.org/entity/Q976395,http://www.wikidata.org/entity/Q1900,130.0,1997-01-01T00:00:00Z,2001-01-01T00:00:00Z
http://www.wikidata.org/entity/Q976395,http://www.wikidata.org/entity/Q2074,92.0,2004-01-01T00:00:00Z,2012-01-01T00:00:00Z
http://www.wikidata.org/entity/Q977112,http://www.wikidata.org/entity/Q1886,30.0,2008-01-01T00:00:00Z,2010-01-01T00:00:00Z
http://www.wikidata.org/entity/Q977112,http://www.wikidata.org/entity/Q1886,38.0,2007-01-01T00:00:00Z,2008-01-01T00:00:00Z
http://www.wikidata.org/entity/Q977112,http://www.wikidata.org/entity/Q1543,0.0,2006-01-01T00:00:00Z,2008-01-01T00:00:00Z
http://www.wikidata.org/entity/Q977112,http://www.wikidata.org/entity/Q1543,0.0,2010-01-01T00:00:00Z,2013-01-01T00:00:00Z
http://www.wikidata.org/entity/Q977112,http://www.wikidata.org/entity/Q2641,22.0,1996-01-01T00:00:00Z,2001-01-01T00:00:00Z
http://www.wikidata.org/entity/Q977112,http://www.wikidata.org/entity/Q1893,0.0,2000-01-01T00:00:00Z,2003-01-01T00:00:00Z
http://www.wikidata.org/entity/Q977112,http://www.wikidata.org/entity/Q1893,30.0,2014-01-01T00:00:00Z,2015-01-01T00:00:00Z
http://www.wikidata.org/entity/Q977112,http://www.wikidata.org/entity/Q1543,0.0,2013-01-01T00:00:00Z,2014-01-01T00:00:00Z
http://www.wikidata.org/entity/Q979420,http://www.wikidata.org/entity/Q2052,0.0,2008-01-01T00:00:00Z,2012-01-01T00:00:00Z
http://www.wikidata.org/entity/Q980185,http://www.wikidata.org/entity/Q1886,19.0,2014-01-01T00:00:00Z,2015-01-01T00:00:00Z
http://www.wikidata.org/entity/Q980185,http://www.wikidata.org/entity/Q2074,7.0,2009-01-01T00:00:00Z,2014-01-01T00:00:00Z
http://www.wikidata.org/entity/Q980185,http://www.wikidata.org/entity/Q1422,0.0,2012-01-01T00:00:00Z,2014-01-01T00:00:00Z
http://www.wikidata.org/entity/Q980189,http://www.wikidata.org/entity/Q2641,26.0,2003-01-01T00:00:00Z,2004-01-01T00:00:00Z
http://www.wikidata.org/entity/Q980189,http://www.wikidata.org/entity/Q1886,207.0,1996-01-01T00:00:00Z,2003-01-01T00:00:00Z
http://www.wikidata.org/entity/Q980218,http://www.wikidata.org/entity/Q2674,34.0,2001-01-01T00:00:00Z,2002-01-01T00:00:00Z
http://www.wikidata.org/entity/Q980218,http://www.wikidata.org/entity/Q2710,10.0,2004-01-01T00:00:00Z,2004-01-01T00:00:00Z
http://www.wikidata.org/entity/Q86300746,http://www.wikidata.org/entity/Q2074,12.0,2025-09-01T00:00:00Z,2026-06-30T00:00:00Z
http://www.wikidata.org/entity/Q114647602,http://www.wikidata.org/entity/Q1543,0.0,2024-07-01T00:00:00Z,2026-01-01T00:00:00Z
http://www.wikidata.org/entity/Q114647602,http://www.wikidata.org/entity/Q1457,0.0,2025-08-01T00:00:00Z,2026-01-01T00:00:00Z
http://www.wikidata.org/entity/Q3876276,http://www.wikidata.org/entity/Q2710,12.0,2005-01-01T00:00:00Z,2005-01-01T00:00:00Z
http://www.wikidata.org/entity/Q3879506,http://www.wikidata.org/entity/Q2641,2.0,2004-01-01T00:00:00Z,2004-01-01T00:00:00Z
http://www.wikidata.org/entity/Q3885949,http://www.wikidata.org/entity/Q2052,1.0,2001-01-01T00:00:00Z,2002-01-01T00:00:00Z
http://www.wikidata.org/entity/Q3886371,http://www.wikidata.org/entity/Q2710,3.0,2008-01-01T00:00:00Z,2008-01-01T00:00:00Z
http://www.wikidata.org/entity/Q3886371,http://www.wikidata.org/entity/Q2018,3.0,2012-01-01T00:00:00Z,2012-01-01T00:00:00Z
http://www.wikidata.org/entity/Q3893497,http://www.wikidata.org/entity/Q2674,0.0,2008-01-01T00:00:00Z,2009-01-01T00:00:00Z
http://www.wikidata.org/entity/Q3894409,http://www.wikidata.org/entity/Q2710,5.0,2000-01-01T00:00:00Z,2000-01-01T00:00:00Z
http://www.wikidata.org/entity/Q3894409,http://www.wikidata.org/entity/Q2710,21.0,1998-01-01T00:00:00Z,1999-01-01T00:00:00Z
http://www.wikidata.org/entity/Q3894541,http://www.wikidata.org/entity/Q1886,13.0,2003-01-01T00:00:00Z,2004-01-01T00:00:00Z
http://www.wikidata.org/entity/Q3694239,http://www.wikidata.org/entity/Q2074,25.0,2005-01-01T00:00:00Z,2006-01-01T00:00:00Z
http://www.wikidata.org/entity/Q369551,http://www.wikidata.org/entity/Q2693,108.0,2011-01-01T00:00:00Z,2015-01-01T00:00:00Z
http://www.wikidata.org/entity/Q369551,http://www.wikidata.org/entity/Q1457,16.0,2011-01-01T00:00:00Z,2011-01-01T00:00:00Z
http://www.wikidata.org/entity/Q369551,http://www.wikidata.org/entity/Q631,14.0,2007-01-01T00:00:00Z,2011-01-01T00:00:00Z
http://www.wikidata.org/entity/Q369551,http://www.wikidata.org/entity/Q2037,0.0,2007-01-01T00:00:00Z,2007-01-01T00:00:00Z
http://www.wikidata.org/entity/Q369551,http://www.wikidata.org/entity/Q2693,8.0,2009-01-01T00:00:00Z,2010-01-01T00:00:00Z
http://www.wikidata.org/entity/Q3697395,http://www.wikidata.org/entity/Q2018,127.0,2005-01-01T00:00:00Z,2009-01-01T00:00:00Z
http://www.wikidata.org/entity/Q3701276,http://www.wikidata.org/entity/Q2710,118.0,2009-01-01T00:00:00Z,2013-01-01T00:00:00Z
http://www.wikidata.org/entity/Q3701293,http://www.wikidata.org/entity/Q2641,1.0,2000-01-01T00:00:00Z,2001-01-01T00:00:00Z
http://www.wikidata.org/entity/Q3701304,http://www.wikidata.org/entity/Q1893,0.0,2013-01-01T00:00:00Z,2015-01-01T00:00:00Z
http://www.wikidata.org/entity/Q3703554,http://www.wikidata.org/entity/Q1457,7.0,2013-01-01T00:00:00Z,2015-01-01T00:00:00Z
http://www.wikidata.org/entity/Q3703577,http://www.wikidata.org/entity/Q2710,33.0,2005-01-01T00:00:00Z,2006-01-01T00:00:00Z
http://www.wikidata.org/entity/Q3703577,http://www.wikidata.org/entity/Q2674,1.0,2003-01-01T00:00:00Z,2007-01-01T00:00:00Z
http://www.wikidata.org/entity/Q3703601,http://www.wikidata.org/entity/Q1457,0.0,2002-01-01T00:00:00Z,2003-01-01T00:00:00Z
http://www.wikidata.org/entity/Q3703629,http://www.wikidata.org/entity/Q631,1.0,1999-01-01T00:00:00Z,2001-01-01T00:00:00Z
http://www.wikidata.org/entity/Q3703629,http://www.wikidata.org/entity/Q2074,15.0,2005-01-01T00:00:00Z,2006-01-01T00:00:00Z
http://www.wikidata.org/entity/Q3703629,http://www.wikidata.org/entity/Q1886,12.0,2005-01-01T00:00:00Z,2005-01-01T00:00:00Z
http://www.wikidata.org/entity/Q370403,http://www.wikidata.org/entity/Q2052,13.0,2015-07-22T00:00:00Z,2016-01-30T00:00:00Z
http://www.wikidata.org/entity/Q3704833,http://www.wikidata.org/entity/Q2037,22.0,2013-01-01T00:00:00Z,2015-01-01T00:00:00Z
http://www.wikidata.org/entity/Q3704833,http://www.wikidata.org/entity/Q2074,2.0,2009-01-01T00:00:00Z,2013-01-01T00:00:00Z
http://www.wikidata.org/entity/Q3705433,http://www.wikidata.org/entity/Q2693,0.0,2013-01-01T00:00:00Z,2015-01-01T00:00:00Z
http://www.wikidata.org/entity/Q3707185,http://www.wikidata.org/entity/Q2674,2.0,2000-01-01T00:00:00Z,2001-01-01T00:00:00Z
http://www.wikidata.org/entity/Q3707247,http://www.wikidata.org/entity/Q2037,0.0,2005-01-01T00:00:00Z,2008-01-01T00:00:00Z
http://www.wikidata.org/entity/Q370767,http://www.wikidata.org/entity/Q2710,20.0,2003-01-01T00:00:00Z,2004-01-01T00:00:00Z
http://www.wikidata.org/entity/Q370767,http://www.wikidata.org/entity/Q2710,0.0,2010-01-01T00:00:00Z,2011-01-01T00:00:00Z
http://www.wikidata.org/entity/Q370767,http://www.wikidata.org/entity/Q2052,0.0,2004-01-01T00:00:00Z,2005-01-01T00:00:00Z
http://www.wikidata.org/entity/Q370767,http://www.wikidata.org/entity/Q2710,41.0,2005-01-01T00:00:00Z,2007-01-01T00:00:00Z
http://www.wikidata.org/entity/Q3713015,http://www.wikidata.org/entity/Q2037,0.0,2006-01-01T00:00:00Z,2009-01-01T00:00:00Z
http://www.wikidata.org/entity/Q3713017,http://www.wikidata.org/entity/Q2074,44.0,1997-01-01T00:00:00Z,2000-01-01T00:00:00Z
http://www.wikidata.org/entity/Q20994068,http://www.wikidata.org/entity/Q1543,6.0,2025-07-01T00:00:00Z,
http://www.wikidata.org/entity/Q21171299,http://www.wikidata.org/entity/Q2052,33.0,2025-07-01T00:00:00Z,
http://www.wikidata.org/entity/Q986056,http://www.wikidata.org/entity/Q2674,53.0,1997-01-01T00:00:00Z,2000-01-01T00:00:00Z
http://www.wikidata.org/entity/Q986056,http://www.wikidata.org/entity/Q2710,66.0,2001-01-01T00:00:00Z,2004-01-01T00:00:00Z
http://www.wikidata.org/entity/Q986088,http://www.wikidata.org/entity/Q2710,33.0,2006-01-01T00:00:00Z,2007-01-01T00:00:00Z
http://www.wikidata.org/entity/Q986088,http://www.wikidata.org/entity/Q2037,1.0,2005-01-01T00:00:00Z,2007-01-01T00:00:00Z
http://www.wikidata.org/entity/Q986167,http://www.wikidata.org/entity/Q2710,34.0,2002-01-01T00:00:00Z,2003-01-01T00:00:00Z
http://www.wikidata.org/entity/Q986167,http://www.wikidata.org/entity/Q2018,11.0,2001-01-01T00:00:00Z,2001-01-01T00:00:00Z
http://www.wikidata.org/entity/Q986324,http://www.wikidata.org/entity/Q1543,0.0,2005-01-01T00:00:00Z,2008-01-01T00:00:00Z
http://www.wikidata.org/entity/Q986324,http://www.wikidata.org/entity/Q1886,16.0,2010-01-01T00:00:00Z,2011-01-01T00:00:00Z
http://www.wikidata.org/entity/Q986324,http://www.wikidata.org/entity/Q2037,2.0,2013-01-01T00:00:00Z,2014-01-01T00:00:00Z
http://www.wikidata.org/entity/Q986391,http://www.wikidata.org/entity/Q2037,31.0,2009-01-01T00:00:00Z,2010-01-01T00:00:00Z
http://www.wikidata.org/entity/Q986391,http://www.wikidata.org/entity/Q2710,16.0,2010-01-01T00:00:00Z,2011-01-01T00:00:00Z
http://www.wikidata.org/entity/Q986391,http://www.wikidata.org/entity/Q1886,76.0,2005-01-01T00:00:00Z,2007-01-01T00:00:00Z
http://www.wikidata.org/entity/Q986391,http://www.wikidata.org/entity/Q2052,9.0,2003-01-01T00:00:00Z,2003-01-01T00:00:00Z
http://www.wikidata.org/entity/Q986391,http://www.wikidata.org/entity/Q2052,69.0,2003-01-01T00:00:00Z,2005-01-01T00:00:00Z
http://www.wikidata.org/entity/Q986550,http://www.wikidata.org/entity/Q2074,0.0,2002-01-01T00:00:00Z,2003-01-01T00:00:00Z
http://www.wikidata.org/entity/Q986611,http://www.wikidata.org/entity/Q2710,26.0,2000-01-01T00:00:00Z,2002-01-01T00:00:00Z
http://www.wikidata.org/entity/Q986625,http://www.wikidata.org/entity/Q2641,4.0,2002-01-01T00:00:00Z,2002-01-01T00:00:00Z
http://www.wikidata.org/entity/Q986739,http://www.wikidata.org/entity/Q2674,17.0,2003-01-01T00:00:00Z,2004-01-01T00:00:00Z
http://www.wikidata.org/entity/Q987893,http://www.wikidata.org/entity/Q2641,39.0,2000-01-01T00:00:00Z,2002-01-01T00:00:00Z
http://www.wikidata.org/entity/Q987930,http://www.wikidata.org/entity/Q1422,13.0,1999-01-01T00:00:00Z,2001-01-01T00:00:00Z
http://www.wikidata.org/entity/Q987930,http://www.wikidata.org/entity/Q2693,1.0,2001-01-01T00:00:00Z,2003-01-01T00:00:00Z
http://www.wikidata.org/entity/Q988373,http://www.wikidata.org/entity/Q2018,28.0,2001-01-01T00:00:00Z,2002-01-01T00:00:00Z
http://www.wikidata.org/entity/Q988373,http://www.wikidata.org/entity/Q2018,11.0,2004-01-01T00:00:00Z,2005-01-01T00:00:00Z
http://www.wikidata.org/entity/Q17070837,http://www.wikidata.org/entity/Q631,26.0,2024-01-01T00:00:00Z,2025-01-01T00:00:00Z
http://www.wikidata.org/entity/Q56085180,http://www.wikidata.org/entity/Q1422,35.0,2025-07-04T00:00:00Z,
http://www.wikidata.org/entity/Q56810113,http://www.wikidata.org/entity/Q1422,1.0,2019-01-01T00:00:00Z,
http://www.wikidata.org/entity/Q673237,http://www.wikidata.org/entity/Q2693,1.0,2010-01-01T00:00:00Z,2012-01-01T00:00:00Z
http://www.wikidata.org/entity/Q6745577,http://www.wikidata.org/entity/Q631,0.0,2011-01-01T00:00:00Z,2013-01-01T00:00:00Z
http://www.wikidata.org/entity/Q6752770,http://www.wikidata.org/entity/Q2052,0.0,2008-01-01T00:00:00Z,2010-01-01T00:00:00Z
http://www.wikidata.org/entity/Q6752787,http://www.wikidata.org/entity/Q2018,0.0,2006-01-01T00:00:00Z,2009-01-01T00:00:00Z
http://www.wikidata.org/entity/Q6752834,http://www.wikidata.org/entity/Q2609,0.0,2010-01-01T00:00:00Z,2012-01-01T00:00:00Z
http://www.wikidata.org/entity/Q6752885,http://www.wikidata.org/entity/Q1422,0.0,1999-01-01T00:00:00Z,2000-01-01T00:00:00Z
http://www.wikidata.org/entity/Q6756428,http://www.wikidata.org/entity/Q1886,0.0,2010-01-01T00:00:00Z,2013-01-01T00:00:00Z
http://www.wikidata.org/entity/Q6757412,http://www.wikidata.org/entity/Q2609,0.0,2005-01-01T00:00:00Z,2005-01-01T00:00:00Z
http://www.wikidata.org/entity/Q6757484,http://www.wikidata.org/entity/Q2018,15.0,2001-01-01T00:00:00Z,2002-01-01T00:00:00Z
http://www.wikidata.org/entity/Q6757484,http://www.wikidata.org/entity/Q1543,0.0,1998-01-01T00:00:00Z,2000-01-01T00:00:00Z
http://www.wikidata.org/entity/Q6757484,http://www.wikidata.org/entity/Q631,31.0,2000-01-01T00:00:00Z,2003-01-01T00:00:00Z
http://www.wikidata.org/entity/Q6757492,http://www.wikidata.org/entity/Q1422,0.0,2002-01-01T00:00:00Z,2006-01-01T00:00:00Z
http://www.wikidata.org/entity/Q6757509,http://www.wikidata.org/entity/Q1422,0.0,2010-01-01T00:00:00Z,2013-01-01T00:00:00Z
http://www.wikidata.org/entity/Q6757522,http://www.wikidata.org/entity/Q2018,0.0,2006-01-01T00:00:00Z,2007-01-01T00:00:00Z
http://www.wikidata.org/entity/Q6757534,http://www.wikidata.org/entity/Q1543,0.0,2011-01-01T00:00:00Z,2015-01-01T00:00:00Z
http://www.wikidata.org/entity/Q6757534,http://www.wikidata.org/entity/Q1900,36.0,2015-01-01T00:00:00Z,2017-07-01T00:00:00Z
http://www.wikidata.org/entity/Q6757540,http://www.wikidata.org/entity/Q631,0.0,2007-01-01T00:00:00Z,2008-01-01T00:00:00Z
http://www.wikidata.org/entity/Q6757541,http://www.wikidata.org/entity/Q2693,0.0,2012-01-01T00:00:00Z,2013-01-01T00:00:00Z
http://www.wikidata.org/entity/Q6757549,http://www.wikidata.org/entity/Q2037,0.0,2011-01-01T00:00:00Z,2011-01-01T00:00:00Z
http://www.wikidata.org/entity/Q6757614,http://www.wikidata.org/entity/Q2710,1.0,2012-01-01T00:00:00Z,2012-01-01T00:00:00Z
http://www.wikidata.org/entity/Q6757686,http://www.wikidata.org/entity/Q2710,79.0,2001-01-01T00:00:00Z,2011-01-01T00:00:00Z
http://www.wikidata.org/entity/Q6757717,http://www.wikidata.org/entity/Q1900,3.0,2014-01-01T00:00:00Z,2014-01-01T00:00:00Z
http://www.wikidata.org/entity/Q6757717,http://www.wikidata.org/entity/Q2037,0.0,2010-01-01T00:00:00Z,2014-01-01T00:00:00Z
http://www.wikidata.org/entity/Q6757738,http://www.wikidata.org/entity/Q631,0.0,2000-01-01T00:00:00Z,2003-01-01T00:00:00Z
http://www.wikidata.org/entity/Q6757738,http://www.wikidata.org/entity/Q1543,0.0,2003-01-01T00:00:00Z,2008-01-01T00:00:00Z
http://www.wikidata.org/entity/Q6757747,http://www.wikidata.org/entity/Q1543,0.0,2002-01-01T00:00:00Z,2004-01-01T00:00:00Z
http://www.wikidata.org/entity/Q6758345,http://www.wikidata.org/entity/Q2037,0.0,2005-01-01T00:00:00Z,2007-01-01T00:00:00Z
http://www.wikidata.org/entity/Q676014,http://www.wikidata.org/entity/Q2037,0.0,2003-01-01T00:00:00Z,2003-01-01T00:00:00Z
http://www.wikidata.org/entity/Q6762367,http://www.wikidata.org/entity/Q2018,5.0,2004-01-01T00:00:00Z,2004-01-01T00:00:00Z
http://www.wikidata.org/entity/Q6764539,http://www.wikidata.org/entity/Q2710,17.0,2009-01-01T00:00:00Z,2011-01-01T00:00:00Z
http://www.wikidata.org/entity/Q6764914,http://www.wikidata.org/entity/Q2693,0.0,2004-01-01T00:00:00Z,2004-01-01T00:00:00Z
http://www.wikidata.org/entity/Q6764914,http://www.wikidata.org/entity/Q2074,8.0,2004-01-01T00:00:00Z,2004-01-01T00:00:00Z
http://www.wikidata.org/entity/Q6764914,http://www.wikidata.org/entity/Q631,0.0,2002-01-01T00:00:00Z,2003-01-01T00:00:00Z
http://www.wikidata.org/entity/Q6765493,http://www.wikidata.org/entity/Q1900,1.0,2013-01-01T00:00:00Z,2014-01-01T00:00:00Z
http://www.wikidata.org/entity/Q6765493,http://www.wikidata.org/entity/Q1893,71.0,2014-01-01T00:00:00Z,2019-01-01T00:00:00Z
http://www.wikidata.org/entity/Q6777174,http://www.wikidata.org/entity/Q2710,0.0,2008-01-01T00:00:00Z,2008-01-01T00:00:00Z
http://www.wikidata.org/entity/Q6777174,http://www.wikidata.org/entity/Q2074,2.0,2006-01-01T00:00:00Z,2008-01-01T00:00:00Z
http://www.wikidata.org/entity/Q6777184,http://www.wikidata.org/entity/Q1543,0.0,2004-01-01T00:00:00Z,2006-01-01T00:00:00Z
http://www.wikidata.org/entity/Q6777184,http://www.wikidata.org/entity/Q2037,0.0,2006-01-01T00:00:00Z,2007-01-01T00:00:00Z
http://www.wikidata.org/entity/Q677725,http://www.wikidata.org/entity/Q2037,178.0,2004-01-01T00:00:00Z,2012-01-01T00:00:00Z
http://www.wikidata.org/entity/Q677807,http://www.wikidata.org/entity/Q2641,76.0,2000-01-01T00:00:00Z,2004-01-01T00:00:00Z
http://www.wikidata.org/entity/Q677835,http://www.wikidata.org/entity/Q1900,2.0,2015-01-01T00:00:00Z,2015-01-01T00:00:00Z
http://www.wikidata.org/entity/Q677852,http://www.wikidata.org/entity/Q1457,51.0,2008-01-01T00:00:00Z,2013-01-01T00:00:00Z
http://www.wikidata.org/entity/Q677852,http://www.wikidata.org/entity/Q2693,3.0,2014-01-01T00:00:00Z,2014-01-01T00:00:00Z
http://www.wikidata.org/entity/Q6787142,http://www.wikidata.org/entity/Q2710,4.0,2014-01-01T00:00:00Z,2015-01-01T00:00:00Z
http://www.wikidata.org/entity/Q6789649,http://www.wikidata.org/entity/Q631,0.0,2012-01-01T00:00:00Z,2013-01-01T00:00:00Z
http://www.wikidata.org/entity/Q6789650,http://www.wikidata.org/entity/Q1893,0.0,2012-01-01T00:00:00Z,2014-01-01T00:00:00Z
http://www.wikidata.org/entity/Q6789652,http://www.wikidata.org/entity/Q1543,0.0,2001-01-01T00:00:00Z,2003-01-01T00:00:00Z
http://www.wikidata.org/entity/Q6789673,http://www.wikidata.org/entity/Q1543,0.0,2002-01-01T00:00:00Z,2003-01-01T00:00:00Z
http://www.wikidata.org/entity/Q6789675,http://www.wikidata.org/entity/Q631,0.0,2003-01-01T00:00:00Z,2007-01-01T00:00:00Z
http://www.wikidata.org/entity/Q6789680,http://www.wikidata.org/entity/Q631,0.0,2005-01-01T00:00:00Z,2010-01-01T00:00:00Z
http://www.wikidata.org/entity/Q6789681,http://www.wikidata.org/entity/Q1543,0.0,2006-01-01T00:00:00Z,2009-01-01T00:00:00Z
http://www.wikidata.org/entity/Q6789687,http://www.wikidata.org/entity/Q631,0.0,2005-01-01T00:00:00Z,2007-01-01T00:00:00Z
http://www.wikidata.org/entity/Q6789694,http://www.wikidata.org/entity/Q2710,72.0,2013-01-01T00:00:00Z,2015-01-01T00:00:00Z
http://www.wikidata.org/entity/Q6793884,http://www.wikidata.org/entity/Q2693,0.0,2012-01-01T00:00:00Z,2014-01-01T00:00:00Z
http://www.wikidata.org/entity/Q6794016,http://www.wikidata.org/entity/Q2609,15.0,2015-01-01T00:00:00Z,2015-01-01T00:00:00Z
http://www.wikidata.org/entity/Q67964,http://www.wikidata.org/entity/Q631,41.0,1998-01-01T00:00:00Z,2000-01-01T00:00:00Z
http://www.wikidata.org/entity/Q67995,http://www.wikidata.org/entity/Q1422,196.0,1997-01-01T00:00:00Z,2008-01-01T00:00:00Z
http://www.wikidata.org/entity/Q680717,http://www.wikidata.org/entity/Q2710,6.0,2004-01-01T00:00:00Z,2006-01-01T00:00:00Z
http://www.wikidata.org/entity/Q680717,http://www.wikidata.org/entity/Q2641,4.0,1998-01-01T00:00:00Z,1999-01-01T00:00:00Z
http://www.wikidata.org/entity/Q680717,http://www.wikidata.org/entity/Q2674,12.0,1999-01-01T00:00:00Z,1999-01-01T00:00:00Z
http://www.wikidata.org/entity/Q5026700,http://www.wikidata.org/entity/Q2641,0.0,2009-01-01T00:00:00Z,2014-01-01T00:00:00Z
http://www.wikidata.org/entity/Q5026700,http://www.wikidata.org/entity/Q2693,0.0,2014-01-01T00:00:00Z,2015-01-01T00:00:00Z
http://www.wikidata.org/entity/Q503165,http://www.wikidata.org/entity/Q2074,23.0,2006-01-01T00:00:00Z,2010-01-01T00:00:00Z
http://www.wikidata.org/entity/Q504729,http://www.wikidata.org/entity/Q2037,23.0,2006-01-01T00:00:00Z,2007-01-01T00:00:00Z
http://www.wikidata.org/entity/Q505376,http://www.wikidata.org/entity/Q1893,82.0,1996-01-01T00:00:00Z,2000-01-01T00:00:00Z
http://www.wikidata.org/entity/Q505376,http://www.wikidata.org/entity/Q1900,9.0,2000-01-01T00:00:00Z,2001-01-01T00:00:00Z
http://www.wikidata.org/entity/Q506696,http://www.wikidata.org/entity/Q2693,0.0,2010-01-01T00:00:00Z,2014-01-01T00:00:00Z
http://www.wikidata.org/entity/Q507368,http://www.wikidata.org/entity/Q1893,1.0,2013-07-01T00:00:00Z,2014-01-01T00:00:00Z
http://www.wikidata.org/entity/Q507368,http://www.wikidata.org/entity/Q631,2.0,2011-07-01T00:00:00Z,2014-01-01T00:00:00Z
http://www.wikidata.org/entity/Q507815,http://www.wikidata.org/entity/Q2693,8.0,2000-01-01T00:00:00Z,2002-01-01T00:00:00Z
http://www.wikidata.org/entity/Q507815,http://www.wikidata.org/entity/Q2693,0.0,2002-01-01T00:00:00Z,2002-01-01T00:00:00Z
http://www.wikidata.org/entity/Q508009,http://www.wikidata.org/entity/Q2674,8.0,2013-01-01T00:00:00Z,2013-01-01T00:00:00Z
http://www.wikidata.org/entity/Q508010,http://www.wikidata.org/entity/Q2710,62.0,2015-01-01T00:00:00Z,2020-01-01T00:00:00Z
http://www.wikidata.org/entity/Q508010,http://www.wikidata.org/entity/Q1457,38.0,2007-01-01T00:00:00Z,2009-01-01T00:00:00Z
http://www.wikidata.org/entity/Q508010,http://www.wikidata.org/entity/Q2641,118.0,2009-01-01T00:00:00Z,2013-01-01T00:00:00Z
http://www.wikidata.org/entity/Q508010,http://www.wikidata.org/entity/Q631,31.0,2013-01-01T00:00:00Z,2015-01-01T00:00:00Z
http://www.wikidata.org/entity/Q508711,http://www.wikidata.org/entity/Q1422,124.0,1994-01-01T00:00:00Z,1999-01-01T00:00:00Z
http://www.wikidata.org/entity/Q509292,http://www.wikidata.org/entity/Q2693,105.0,2009-01-01T00:00:00Z,2015-01-01T00:00:00Z
http://www.wikidata.org/entity/Q509374,http://www.wikidata.org/entity/Q2052,85.0,2012-01-01T00:00:00Z,2015-01-01T00:00:00Z
http://www.wikidata.org/entity/Q509374,http://www.wikidata.org/entity/Q631,10.0,2023-07-19T00:00:00Z,2024-06-30T00:00:00Z
http://www.wikidata.org/entity/Q509374,http://www.wikidata.org/entity/Q1422,58.0,2015-08-25T00:00:00Z,2017-06-30T00:00:00Z
http://www.wikidata.org/entity/Q509374,http://www.wikidata.org/entity/Q1886,23.0,2024-08-26T00:00:00Z,2025-07-01T00:00:00Z
http://www.wikidata.org/entity/Q509374,http://www.wikidata.org/entity/Q1422,166.0,2017-07-01T00:00:00Z,2023-06-30T00:00:00Z
http://www.wikidata.org/entity/Q509996,http://www.wikidata.org/entity/Q1893,29.0,2011-01-01T00:00:00Z,2012-01-01T00:00:00Z
http://www.wikidata.org/entity/Q509996,http://www.wikidata.org/entity/Q2018,16.0,2015-01-01T00:00:00Z,2015-01-01T00:00:00Z
http://www.wikidata.org/entity/Q510039,http://www.wikidata.org/entity/Q2641,62.0,2000-01-01T00:00:00Z,2004-01-01T00:00:00Z
http://www.wikidata.org/entity/Q510039,http://www.wikidata.org/entity/Q1457,4.0,2004-01-01T00:00:00Z,2004-01-01T00:00:00Z
http://www.wikidata.org/entity/Q510039,http://www.wikidata.org/entity/Q2074,13.0,2013-01-01T00:00:00Z,2013-01-01T00:00:00Z
http://www.wikidata.org/entity/Q510039,http://www.wikidata.org/entity/Q2074,18.0,2011-01-01T00:00:00Z,2011-01-01T00:00:00Z
http://www.wikidata.org/entity/Q510210,http://www.wikidata.org/entity/Q1457,32.0,2010-01-01T00:00:00Z,2012-01-01T00:00:00Z
http://www.wikidata.org/entity/Q510462,http://www.wikidata.org/entity/Q2052,106.0,2013-01-01T00:00:00Z,2017-01-01T00:00:00Z
http://www.wikidata.org/entity/Q510462,http://www.wikidata.org/entity/Q1886,136.0,2017-01-01T00:00:00Z,2022-08-01T00:00:00Z
http://www.wikidata.org/entity/Q510462,http://www.wikidata.org/entity/Q2674,98.0,2010-01-01T00:00:00Z,2013-01-01T00:00:00Z
http://www.wikidata.org/entity/Q510596,http://www.wikidata.org/entity/Q1886,53.0,2010-01-01T00:00:00Z,2013-01-01T00:00:00Z
http://www.wikidata.org/entity/Q510596,http://www.wikidata.org/entity/Q2018,14.0,2011-01-01T00:00:00Z,2011-01-01T00:00:00Z
http://www.wikidata.org/entity/Q510596,http://www.wikidata.org/entity/Q2037,29.0,2014-01-01T00:00:00Z,2015-01-01T00:00:00Z
http://www.wikidata.org/entity/Q510596,http://www.wikidata.org/entity/Q631,12.0,2013-01-01T00:00:00Z,2015-01-01T00:00:00Z
http://www.wikidata.org/entity/Q510596,http://www.wikidata.org/entity/Q2693,16.0,2014-01-01T00:00:00Z,2014-01-01T00:00:00Z
http://www.wikidata.org/entity/Q5109463,http://www.wikidata.org/entity/Q2710,7.0,2007-01-01T00:00:00Z,2008-01-01T00:00:00Z
http://www.wikidata.org/entity/Q5109937,http://www.wikidata.org/entity/Q1886,0.0,2013-01-01T00:00:00Z,2014-01-01T00:00:00Z
http://www.wikidata.org/entity/Q5109937,http://www.wikidata.org/entity/Q1886,0.0,2010-01-01T00:00:00Z,2011-01-01T00:00:00Z
http://www.wikidata.org/entity/Q511055,http://www.wikidata.org/entity/Q2018,26.0,2008-01-01T00:00:00Z,2009-01-01T00:00:00Z
http://www.wikidata.org/entity/Q511055,http://www.wikidata.org/entity/Q2018,18.0,2016-07-01T00:00:00Z,2016-12-01T00:00:00Z
http://www.wikidata.org/entity/Q511055,http://www.wikidata.org/entity/Q2674,2.0,2011-01-01T00:00:00Z,2011-01-01T00:00:00Z
http://www.wikidata.org/entity/Q511055,http://www.wikidata.org/entity/Q1422,0.0,2006-01-01T00:00:00Z,2007-01-01T00:00:00Z
http://www.wikidata.org/entity/Q511055,http://www.wikidata.org/entity/Q1886,9.0,2008-01-01T00:00:00Z,2008-01-01T00:00:00Z
http://www.wikidata.org/entity/Q511055,http://www.wikidata.org/entity/Q1422,4.0,2010-01-01T00:00:00Z,2010-01-01T00:00:00Z
http://www.wikidata.org/entity/Q511055,http://www.wikidata.org/entity/Q1886,9.0,2007-01-01T00:00:00Z,2008-01-01T00:00:00Z
http://www.wikidata.org/entity/Q511055,http://www.wikidata.org/entity/Q1422,0.0,2005-01-01T00:00:00Z,2006-01-01T00:00:00Z
http://www.wikidata.org/entity/Q511076,http://www.wikidata.org/entity/Q2674,6.0,2013-01-01T00:00:00Z,2013-01-01T00:00:00Z
http://www.wikidata.org/entity/Q511092,http://www.wikidata.org/entity/Q2037,134.0,1998-01-01T00:00:00Z,2003-01-01T00:00:00Z
http://www.wikidata.org/entity/Q511092,http://www.wikidata.org/entity/Q2674,124.0,2003-01-01T00:00:00Z,2007-01-01T00:00:00Z
http://www.wikidata.org/entity/Q511763,http://www.wikidata.org/entity/Q2674,8.0,2013-01-01T00:00:00Z,2014-01-01T00:00:00Z
http://www.wikidata.org/entity/Q513088,http://www.wikidata.org/entity/Q2710,14.0,2006-01-01T00:00:00Z,2006-01-01T00:00:00Z
http://www.wikidata.org/entity/Q513648,http://www.wikidata.org/entity/Q631,45.0,2011-01-01T00:00:00Z,2015-01-01T00:00:00Z
http://www.wikidata.org/entity/Q513648,http://www.wikidata.org/entity/Q2693,12.0,2012-01-01T00:00:00Z,2012-01-01T00:00:00Z
http://www.wikidata.org/entity/Q513874,http://www.wikidata.org/entity/Q1893,17.0,2011-01-01T00:00:00Z,2015-01-01T00:00:00Z
http://www.wikidata.org/entity/Q5173935,http://www.wikidata.org/entity/Q2693,0.0,2013-01-01T00:00:00Z,2015-01-01T00:00:00Z
http://www.wikidata.org/entity/Q5186216,http://www.wikidata.org/entity/Q631,0.0,2000-01-01T00:00:00Z,2000-01-01T00:00:00Z
http://www.wikidata.org/entity/Q5186254,http://www.wikidata.org/entity/Q1900,7.0,2002-01-01T00:00:00Z,2003-01-01T00:00:00Z
http://www.wikidata.org/entity/Q5186308,http://www.wikidata.org/entity/Q2052,1.0,2010-01-01T00:00:00Z,2015-01-01T00:00:00Z
http://www.wikidata.org/entity/Q55820235,http://www.wikidata.org/entity/Q2693,99.0,2020-10-01T00:00:00Z,2025-07-01T00:00:00Z
http://www.wikidata.org/entity/Q55820235,http://www.wikidata.org/entity/Q1886,5.0,2022-01-01T00:00:00Z,2022-06-01T00:00:00Z
http://www.wikidata.org/entity/Q56222532,http://www.wikidata.org/entity/Q2074,16.0,2024-01-11T00:00:00Z,2024-06-01T00:00:00Z
http://www.wikidata.org/entity/Q56597519,http://www.wikidata.org/entity/Q2037,0.0,2015-01-01T00:00:00Z,2016-01-01T00:00:00Z
http://www.wikidata.org/entity/Q56761331,http://www.wikidata.org/entity/Q2074,0.0,2017-08-01T00:00:00Z,2019-07-01T00:00:00Z
http://www.wikidata.org/entity/Q56809102,http://www.wikidata.org/entity/Q2037,13.0,2018-07-01T00:00:00Z,2021-08-01T00:00:00Z
http://www.wikidata.org/entity/Q55363875,http://www.wikidata.org/entity/Q1886,2.0,2018-01-01T00:00:00Z,
http://www.wikidata.org/entity/Q55363875,http://www.wikidata.org/entity/Q2609,0.0,2020-01-01T00:00:00Z,
http://www.wikidata.org/entity/Q5379539,http://www.wikidata.org/entity/Q1543,0.0,2004-01-01T00:00:00Z,2008-01-01T00:00:00Z
http://www.wikidata.org/entity/Q5379679,http://www.wikidata.org/entity/Q2052,0.0,2007-01-01T00:00:00Z,2012-01-01T00:00:00Z
http://www.wikidata.org/entity/Q5405219,http://www.wikidata.org/entity/Q2018,0.0,2008-01-01T00:00:00Z,2009-01-01T00:00:00Z
http://www.wikidata.org/entity/Q5408260,http://www.wikidata.org/entity/Q2710,0.0,2011-01-01T00:00:00Z,2013-01-01T00:00:00Z
http://www.wikidata.org/entity/Q544768,http://www.wikidata.org/entity/Q1422,49.0,1992-01-01T00:00:00Z,2002-01-01T00:00:00Z
http://www.wikidata.org/entity/Q545922,http://www.wikidata.org/entity/Q2609,152.0,1997-01-01T00:00:00Z,2003-01-01T00:00:00Z
http://www.wikidata.org/entity/Q545922,http://www.wikidata.org/entity/Q1543,39.0,2003-01-01T00:00:00Z,2005-01-01T00:00:00Z
http://www.wikidata.org/entity/Q545922,http://www.wikidata.org/entity/Q2052,18.0,2005-01-01T00:00:00Z,2006-01-01T00:00:00Z
http://www.wikidata.org/entity/Q547067,http://www.wikidata.org/entity/Q2074,33.0,2004-01-01T00:00:00Z,2005-01-01T00:00:00Z
http://www.wikidata.org/entity/Q547067,http://www.wikidata.org/entity/Q2018,66.0,2005-01-01T00:00:00Z,2008-01-01T00:00:00Z
http://www.wikidata.org/entity/Q547067,http://www.wikidata.org/entity/Q1886,91.0,1996-01-01T00:00:00Z,1999-01-01T00:00:00Z
http://www.wikidata.org/entity/Q547351,http://www.wikidata.org/entity/Q2641,39.0,2008-01-01T00:00:00Z,2009-01-01T00:00:00Z
http://www.wikidata.org/entity/Q547351,http://www.wikidata.org/entity/Q1457,66.0,2009-01-01T00:00:00Z,2011-01-01T00:00:00Z
http://www.wikidata.org/entity/Q548102,http://www.wikidata.org/entity/Q2074,20.0,2007-01-01T00:00:00Z,2012-01-01T00:00:00Z
http://www.wikidata.org/entity/Q548102,http://www.wikidata.org/entity/Q2037,0.0,2003-01-01T00:00:00Z,2005-01-01T00:00:00Z
http://www.wikidata.org/entity/Q548102,http://www.wikidata.org/entity/Q1422,28.0,2006-01-01T00:00:00Z,2007-01-01T00:00:00Z
http://www.wikidata.org/entity/Q548102,http://www.wikidata.org/entity/Q1422,1.0,2000-01-01T00:00:00Z,2003-01-01T00:00:00Z
http://www.wikidata.org/entity/Q5482910,http://www.wikidata.org/entity/Q1457,1.0,2001-01-01T00:00:00Z,2003-01-01T00:00:00Z
http://www.wikidata.org/entity/Q549640,http://www.wikidata.org/entity/Q1457,35.0,2012-01-01T00:00:00Z,2014-01-01T00:00:00Z
http://www.wikidata.org/entity/Q551192,http://www.wikidata.org/entity/Q1422,230.0,2015-01-01T00:00:00Z,2024-01-01T00:00:00Z
http://www.wikidata.org/entity/Q5516017,http://www.wikidata.org/entity/Q2693,0.0,2013-01-01T00:00:00Z,2015-01-01T00:00:00Z
http://www.wikidata.org/entity/Q5516017,http://www.wikidata.org/entity/Q631,0.0,2007-01-01T00:00:00Z,2009-01-01T00:00:00Z
http://www.wikidata.org/entity/Q551892,http://www.wikidata.org/entity/Q631,14.0,2011-01-01T00:00:00Z,2012-01-01T00:00:00Z
http://www.wikidata.org/entity/Q551910,http://www.wikidata.org/entity/Q1886,0.0,2007-01-01T00:00:00Z,2008-01-01T00:00:00Z
http://www.wikidata.org/entity/Q552602,http://www.wikidata.org/entity/Q2018,11.0,2010-01-01T00:00:00Z,2012-01-01T00:00:00Z
http://www.wikidata.org/entity/Q552602,http://www.wikidata.org/entity/Q2018,20.0,2014-01-01T00:00:00Z,2015-01-01T00:00:00Z
http://www.wikidata.org/entity/Q552602,http://www.wikidata.org/entity/Q2018,36.0,2014-01-01T00:00:00Z,2014-01-01T00:00:00Z
http://www.wikidata.org/entity/Q552965,http://www.wikidata.org/entity/Q2693,125.0,1994-01-01T00:00:00Z,1999-01-01T00:00:00Z
http://www.wikidata.org/entity/Q554928,http://www.wikidata.org/entity/Q1543,16.0,2001-01-01T00:00:00Z,2002-01-01T00:00:00Z
http://www.wikidata.org/entity/Q5557855,http://www.wikidata.org/entity/Q1893,0.0,2010-01-01T00:00:00Z,2011-01-01T00:00:00Z
http://www.wikidata.org/entity/Q5557857,http://www.wikidata.org/entity/Q631,0.0,2006-01-01T00:00:00Z,2010-01-01T00:00:00Z
http://www.wikidata.org/entity/Q5557869,http://www.wikidata.org/entity/Q2052,0.0,2007-01-01T00:00:00Z,2010-01-01T00:00:00Z
http://www.wikidata.org/entity/Q5557871,http://www.wikidata.org/entity/Q1422,0.0,2003-01-01T00:00:00Z,2006-01-01T00:00:00Z
http://www.wikidata.org/entity/Q5557871,http://www.wikidata.org/entity/Q2693,0.0,2008-01-01T00:00:00Z,2012-01-01T00:00:00Z
http://www.wikidata.org/entity/Q5557878,http://www.wikidata.org/entity/Q2074,0.0,2006-01-01T00:00:00Z,2008-01-01T00:00:00Z
http://www.wikidata.org/entity/Q5557883,http://www.wikidata.org/entity/Q2037,0.0,2008-01-01T00:00:00Z,2009-01-01T00:00:00Z
http://www.wikidata.org/entity/Q5557931,http://www.wikidata.org/entity/Q1893,0.0,2011-01-01T00:00:00Z,2014-01-01T00:00:00Z
http://www.wikidata.org/entity/Q5558136,http://www.wikidata.org/entity/Q2693,1.0,1999-01-01T00:00:00Z,2002-01-01T00:00:00Z
http://www.wikidata.org/entity/Q5558142,http://www.wikidata.org/entity/Q1457,0.0,2007-01-01T00:00:00Z,2008-01-01T00:00:00Z
http://www.wikidata.org/entity/Q5558146,http://www.wikidata.org/entity/Q2693,0.0,2009-01-01T00:00:00Z,2015-01-01T00:00:00Z
http://www.wikidata.org/entity/Q5558151,http://www.wikidata.org/entity/Q2674,1.0,2005-01-01T00:00:00Z,2009-01-01T00:00:00Z
http://www.wikidata.org/entity/Q5558158,http://www.wikidata.org/entity/Q1543,0.0,2003-01-01T00:00:00Z,2004-01-01T00:00:00Z
http://www.wikidata.org/entity/Q5558170,http://www.wikidata.org/entity/Q1543,0.0,2010-01-01T00:00:00Z,2012-01-01T00:00:00Z
http://www.wikidata.org/entity/Q5558173,http://www.wikidata.org/entity/Q2693,0.0,2011-01-01T00:00:00Z,2014-01-01T00:00:00Z
http://www.wikidata.org/entity/Q5558190,http://www.wikidata.org/entity/Q2693,0.0,2007-01-01T00:00:00Z,2008-01-01T00:00:00Z
http://www.wikidata.org/entity/Q5563490,http://www.wikidata.org/entity/Q1422,0.0,2008-01-01T00:00:00Z,2010-01-01T00:00:00Z
http://www.wikidata.org/entity/Q5563504,http://www.wikidata.org/entity/Q2018,11.0,1999-01-01T00:00:00Z,1999-01-01T00:00:00Z
http://www.wikidata.org/entity/Q5563887,http://www.wikidata.org/entity/Q631,0.0,2008-01-01T00:00:00Z,2009-01-01T00:00:00Z
http://www.wikidata.org/entity/Q5563957,http://www.wikidata.org/entity/Q2018,1.0,2001-01-01T00:00:00Z,2001-01-01T00:00:00Z
http://www.wikidata.org/entity/Q5563996,http://www.wikidata.org/entity/Q1457,0.0,2005-01-01T00:00:00Z,2009-01-01T00:00:00Z
http://www.wikidata.org/entity/Q5565287,http://www.wikidata.org/entity/Q2674,4.0,2012-01-01T00:00:00Z,2014-01-01T00:00:00Z
http://www.wikidata.org/entity/Q5565323,http://www.wikidata.org/entity/Q2641,12.0,1999-01-01T00:00:00Z,2002-01-01T00:00:00Z
http://www.wikidata.org/entity/Q5565362,http://www.wikidata.org/entity/Q2693,0.0,2014-01-01T00:00:00Z,2015-01-01T00:00:00Z
http://www.wikidata.org/entity/Q5565400,http://www.wikidata.org/entity/Q2674,2.0,2001-01-01T00:00:00Z,2001-01-01T00:00:00Z
http://www.wikidata.org/entity/Q5565409,http://www.wikidata.org/entity/Q631,0.0,2007-01-01T00:00:00Z,2007-01-01T00:00:00Z
http://www.wikidata.org/entity/Q5565434,http://www.wikidata.org/entity/Q2674,0.0,2009-01-01T00:00:00Z,2011-01-01T00:00:00Z
http://www.wikidata.org/entity/Q5565474,http://www.wikidata.org/entity/Q1893,0.0,2009-01-01T00:00:00Z,2013-01-01T00:00:00Z
http://www.wikidata.org/entity/Q5565490,http://www.wikidata.org/entity/Q2693,0.0,2012-01-01T00:00:00Z,2015-01-01T00:00:00Z
http://www.wikidata.org/entity/Q5565506,http://www.wikidata.org/entity/Q2674,0.0,2007-01-01T00:00:00Z,2010-01-01T00:00:00Z
http://www.wikidata.org/entity/Q5565509,http://www.wikidata.org/entity/Q2693,1.0,2013-01-01T00:00:00Z,2015-01-01T00:00:00Z
http://www.wikidata.org/entity/Q5565509,http://www.wikidata.org/entity/Q2674,0.0,2010-01-01T00:00:00Z,2013-01-01T00:00:00Z
http://www.wikidata.org/entity/Q5565535,http://www.wikidata.org/entity/Q631,0.0,1999-01-01T00:00:00Z,2003-01-01T00:00:00Z
http://www.wikidata.org/entity/Q5565535,http://www.wikidata.org/entity/Q1543,0.0,2003-01-01T00:00:00Z,2007-01-01T00:00:00Z
http://www.wikidata.org/entity/Q5570825,http://www.wikidata.org/entity/Q1886,3.0,2014-01-01T00:00:00Z,2014-01-01T00:00:00Z
http://www.wikidata.org/entity/Q64009388,http://www.wikidata.org/entity/Q1886,15.0,2025-07-01T00:00:00Z,
http://www.wikidata.org/entity/Q64224732,http://www.wikidata.org/entity/Q2074,0.0,2024-01-01T00:00:00Z,
http://www.wikidata.org/entity/Q64433039,http://www.wikidata.org/entity/Q1886,0.0,2019-01-01T00:00:00Z,
http://www.wikidata.org/entity/Q6700026,http://www.wikidata.org/entity/Q2018,23.0,2015-01-01T00:00:00Z,
http://www.wikidata.org/entity/Q6789694,http://www.wikidata.org/entity/Q2641,145.0,2021-01-01T00:00:00Z,
http://www.wikidata.org/entity/Q9284554,http://www.wikidata.org/entity/Q1422,1.0,2010-01-01T00:00:00Z,2011-01-01T00:00:00Z
http://www.wikidata.org/entity/Q928503,http://www.wikidata.org/entity/Q2710,35.0,2005-01-01T00:00:00Z,2006-01-01T00:00:00Z
http://www.wikidata.org/entity/Q928503,http://www.wikidata.org/entity/Q2710,49.0,2009-01-01T00:00:00Z,2011-01-01T00:00:00Z
http://www.wikidata.org/entity/Q928512,http://www.wikidata.org/entity/Q2074,3.0,2002-01-01T00:00:00Z,2003-01-01T00:00:00Z
http://www.wikidata.org/entity/Q928512,http://www.wikidata.org/entity/Q2052,5.0,1999-01-01T00:00:00Z,2002-01-01T00:00:00Z
http://www.wikidata.org/entity/Q929027,http://www.wikidata.org/entity/Q2052,38.0,2004-01-01T00:00:00Z,2005-01-01T00:00:00Z
http://www.wikidata.org/entity/Q929209,http://www.wikidata.org/entity/Q2018,97.0,2001-01-01T00:00:00Z,2004-01-01T00:00:00Z
http://www.wikidata.org/entity/Q929458,http://www.wikidata.org/entity/Q1900,0.0,2007-01-01T00:00:00Z,2011-01-01T00:00:00Z
http://www.wikidata.org/entity/Q930346,http://www.wikidata.org/entity/Q1457,9.0,2008-01-01T00:00:00Z,2014-01-01T00:00:00Z
http://www.wikidata.org/entity/Q930346,http://www.wikidata.org/entity/Q2710,59.0,2014-01-01T00:00:00Z,2016-01-01T00:00:00Z
http://www.wikidata.org/entity/Q932851,http://www.wikidata.org/entity/Q2674,12.0,2011-01-01T00:00:00Z,2012-01-01T00:00:00Z
http://www.wikidata.org/entity/Q933158,http://www.wikidata.org/entity/Q2052,0.0,2012-01-01T00:00:00Z,2015-01-01T00:00:00Z
http://www.wikidata.org/entity/Q933172,http://www.wikidata.org/entity/Q2674,60.0,2013-01-01T00:00:00Z,2016-01-01T00:00:00Z
http://www.wikidata.org/entity/Q933172,http://www.wikidata.org/entity/Q2074,0.0,2009-01-01T00:00:00Z,2010-01-01T00:00:00Z
http://www.wikidata.org/entity/Q933172,http://www.wikidata.org/entity/Q631,1.0,2008-01-01T00:00:00Z,2009-01-01T00:00:00Z
http://www.wikidata.org/entity/Q933184,http://www.wikidata.org/entity/Q631,1.0,2009-01-01T00:00:00Z,2010-01-01T00:00:00Z
http://www.wikidata.org/entity/Q933184,http://www.wikidata.org/entity/Q2674,22.0,2013-01-01T00:00:00Z,2014-01-01T00:00:00Z
http://www.wikidata.org/entity/Q933236,http://www.wikidata.org/entity/Q1457,4.0,2002-01-01T00:00:00Z,2003-01-01T00:00:00Z
http://www.wikidata.org/entity/Q933236,http://www.wikidata.org/entity/Q2052,175.0,1994-01-01T00:00:00Z,2002-01-01T00:00:00Z
http://www.wikidata.org/entity/Q933973,http://www.wikidata.org/entity/Q1900,434.0,1999-01-01T00:00:00Z,2015-01-01T00:00:00Z
http://www.wikidata.org/entity/Q933994,http://www.wikidata.org/entity/Q1457,92.0,2009-01-01T00:00:00Z,2014-01-01T00:00:00Z
http://www.wikidata.org/entity/Q933994,http://www.wikidata.org/entity/Q2693,3.0,2014-01-01T00:00:00Z,2015-01-01T00:00:00Z
http://www.wikidata.org/entity/Q933994,http://www.wikidata.org/entity/Q1543,0.0,2004-01-01T00:00:00Z,2005-01-01T00:00:00Z
http://www.wikidata.org/entity/Q933994,http://www.wikidata.org/entity/Q2710,4.0,2005-01-01T00:00:00Z,2005-01-01T00:00:00Z
http://www.wikidata.org/entity/Q933994,http://www.wikidata.org/entity/Q1543,0.0,2004-01-01T00:00:00Z,2004-01-01T00:00:00Z
http://www.wikidata.org/entity/Q933994,http://www.wikidata.org/entity/Q2641,3.0,2004-01-01T00:00:00Z,2004-01-01T00:00:00Z
http://www.wikidata.org/entity/Q933994,http://www.wikidata.org/entity/Q2037,0.0,2015-01-01T00:00:00Z,2015-01-01T00:00:00Z
http://www.wikidata.org/entity/Q934005,http://www.wikidata.org/entity/Q2018,218.0,2006-01-01T00:00:00Z,2014-01-01T00:00:00Z
http://www.wikidata.org/entity/Q934162,http://www.wikidata.org/entity/Q1886,0.0,2001-01-01T00:00:00Z,2003-01-01T00:00:00Z
http://www.wikidata.org/entity/Q934220,http://www.wikidata.org/entity/Q1900,225.0,2004-01-01T00:00:00Z,2015-01-01T00:00:00Z
http://www.wikidata.org/entity/Q934508,http://www.wikidata.org/entity/Q2074,84.0,2000-01-01T00:00:00Z,2003-01-01T00:00:00Z
http://www.wikidata.org/entity/Q934897,http://www.wikidata.org/entity/Q2710,37.0,2014-01-01T00:00:00Z,2015-01-01T00:00:00Z
http://www.wikidata.org/entity/Q934897,http://www.wikidata.org/entity/Q1893,15.0,2012-01-01T00:00:00Z,2013-01-01T00:00:00Z
http://www.wikidata.org/entity/Q934897,http://www.wikidata.org/entity/Q1422,1.0,2007-01-01T00:00:00Z,2008-01-01T00:00:00Z
http://www.wikidata.org/entity/Q93504,http://www.wikidata.org/entity/Q1422,35.0,2014-01-01T00:00:00Z,2017-01-01T00:00:00Z
http://www.wikidata.org/entity/Q935117,http://www.wikidata.org/entity/Q2074,7.0,2014-01-01T00:00:00Z,2015-01-01T00:00:00Z
http://www.wikidata.org/entity/Q935117,http://www.wikidata.org/entity/Q2074,7.0,2014-01-01T00:00:00Z,2014-01-01T00:00:00Z
http://www.wikidata.org/entity/Q937810,http://www.wikidata.org/entity/Q1422,0.0,2001-01-01T00:00:00Z,2005-01-01T00:00:00Z
http://www.wikidata.org/entity/Q937810,http://www.wikidata.org/entity/Q2074,12.0,2006-01-01T00:00:00Z,2007-01-01T00:00:00Z
http://www.wikidata.org/entity/Q937810,http://www.wikidata.org/entity/Q2710,28.0,2008-01-01T00:00:00Z,2009-01-01T00:00:00Z
http://www.wikidata.org/entity/Q938674,http://www.wikidata.org/entity/Q2641,104.0,2005-01-01T00:00:00Z,2011-01-01T00:00:00Z
http://www.wikidata.org/entity/Q938674,http://www.wikidata.org/entity/Q1900,25.0,2003-01-01T00:00:00Z,2005-01-01T00:00:00Z
http://www.wikidata.org/entity/Q938674,http://www.wikidata.org/entity/Q2018,95.0,1999-01-01T00:00:00Z,2003-01-01T00:00:00Z
http://www.wikidata.org/entity/Q938703,http://www.wikidata.org/entity/Q2037,3.0,2013-01-01T00:00:00Z,2013-01-01T00:00:00Z
http://www.wikidata.org/entity/Q938963,http://www.wikidata.org/entity/Q1893,10.0,2014-01-01T00:00:00Z,2015-01-01T00:00:00Z
http://www.wikidata.org/entity/Q939270,http://www.wikidata.org/entity/Q2609,6.0,2004-01-01T00:00:00Z,2005-01-01T00:00:00Z
http://www.wikidata.org/entity/Q939449,http://www.wikidata.org/entity/Q2674,0.0,2005-01-01T00:00:00Z,2011-01-01T00:00:00Z
http://www.wikidata.org/entity/Q939590,http://www.wikidata.org/entity/Q1457,10.0,2015-01-01T00:00:00Z,2016-01-01T00:00:00Z
http://www.wikidata.org/entity/Q939590,http://www.wikidata.org/entity/Q1893,39.0,2013-01-01T00:00:00Z,2014-01-01T00:00:00Z
http://www.wikidata.org/entity/Q940263,http://www.wikidata.org/entity/Q631,1.0,2005-01-01T00:00:00Z,2008-01-01T00:00:00Z
http://www.wikidata.org/entity/Q941252,http://www.wikidata.org/entity/Q1543,0.0,2007-01-01T00:00:00Z,2011-01-01T00:00:00Z
http://www.wikidata.org/entity/Q941252,http://www.wikidata.org/entity/Q1893,0.0,2012-01-01T00:00:00Z,2012-01-01T00:00:00Z
http://www.wikidata.org/entity/Q941252,http://www.wikidata.org/entity/Q1543,0.0,2012-01-01T00:00:00Z,2012-01-01T00:00:00Z
http://www.wikidata.org/entity/Q941852,http://www.wikidata.org/entity/Q1457,0.0,2004-01-01T00:00:00Z,2011-01-01T00:00:00Z
http://www.wikidata.org/entity/Q942407,http://www.wikidata.org/entity/Q2609,1.0,1998-01-01T00:00:00Z,2001-01-01T00:00:00Z
http://www.wikidata.org/entity/Q942407,http://www.wikidata.org/entity/Q2018,16.0,2004-01-01T00:00:00Z,2004-01-01T00:00:00Z
http://www.wikidata.org/entity/Q942407,http://www.wikidata.org/entity/Q2641,13.0,2004-01-01T00:00:00Z,2004-01-01T00:00:00Z
http://www.wikidata.org/entity/Q942576,http://www.wikidata.org/entity/Q2693,0.0,2009-01-01T00:00:00Z,2009-01-01T00:00:00Z
http://www.wikidata.org/entity/Q944147,http://www.wikidata.org/entity/Q1457,10.0,2000-01-01T00:00:00Z,2003-01-01T00:00:00Z
http://www.wikidata.org/entity/Q944147,http://www.wikidata.org/entity/Q2609,3.0,2003-01-01T00:00:00Z,2005-01-01T00:00:00Z
http://www.wikidata.org/entity/Q945134,http://www.wikidata.org/entity/Q2641,40.0,2000-01-01T00:00:00Z,2002-01-01T00:00:00Z
http://www.wikidata.org/entity/Q945134,http://www.wikidata.org/entity/Q2693,0.0,2000-01-01T00:00:00Z,2000-01-01T00:00:00Z
http://www.wikidata.org/entity/Q945208,http://www.wikidata.org/entity/Q2710,12.0,2014-01-01T00:00:00Z,2016-01-01T00:00:00Z
http://www.wikidata.org/entity/Q64009388,http://www.wikidata.org/entity/Q1886,18.0,2024-08-28T00:00:00Z,2025-06-30T00:00:00Z
http://www.wikidata.org/entity/Q64009828,http://www.wikidata.org/entity/Q2074,39.0,2021-01-28T00:00:00Z,2025-07-01T00:00:00Z
http://www.wikidata.org/entity/Q64031831,http://www.wikidata.org/entity/Q1886,0.0,2018-01-01T00:00:00Z,2022-07-01T00:00:00Z
http://www.wikidata.org/entity/Q64896366,http://www.wikidata.org/entity/Q1543,5.0,2020-01-01T00:00:00Z,2026-07-01T00:00:00Z
http://www.wikidata.org/entity/Q659824,http://www.wikidata.org/entity/Q2693,29.0,2004-01-01T00:00:00Z,2004-01-01T00:00:00Z
http://www.wikidata.org/entity/Q659824,http://www.wikidata.org/entity/Q2074,12.0,2008-01-01T00:00:00Z,2009-01-01T00:00:00Z
http://www.wikidata.org/entity/Q659824,http://www.wikidata.org/entity/Q2037,4.0,2005-01-01T00:00:00Z,2005-01-01T00:00:00Z
http://www.wikidata.org/entity/Q659824,http://www.wikidata.org/entity/Q2052,34.0,2006-01-01T00:00:00Z,2008-01-01T00:00:00Z
http://www.wikidata.org/entity/Q661827,http://www.wikidata.org/entity/Q1893,2.0,2005-01-01T00:00:00Z,2006-01-01T00:00:00Z
http://www.wikidata.org/entity/Q661827,http://www.wikidata.org/entity/Q2641,8.0,2003-01-01T00:00:00Z,2003-01-01T00:00:00Z
http://www.wikidata.org/entity/Q661827,http://www.wikidata.org/entity/Q2641,41.0,2003-01-01T00:00:00Z,2004-01-01T00:00:00Z
http://www.wikidata.org/entity/Q663790,http://www.wikidata.org/entity/Q1457,0.0,2011-01-01T00:00:00Z,2011-01-01T00:00:00Z
http://www.wikidata.org/entity/Q663790,http://www.wikidata.org/entity/Q1457,4.0,2006-01-01T00:00:00Z,2008-01-01T00:00:00Z
http://www.wikidata.org/entity/Q666433,http://www.wikidata.org/entity/Q1457,27.0,2001-01-01T00:00:00Z,2003-01-01T00:00:00Z
http://www.wikidata.org/entity/Q666506,http://www.wikidata.org/entity/Q1543,74.0,2017-06-08T00:00:00Z,2020-08-01T00:00:00Z
http://www.wikidata.org/entity/Q666619,http://www.wikidata.org/entity/Q2037,2.0,2008-01-01T00:00:00Z,2011-01-01T00:00:00Z
http://www.wikidata.org/entity/Q667596,http://www.wikidata.org/entity/Q631,100.0,2023-08-01T00:00:00Z,2026-06-01T00:00:00Z
http://www.wikidata.org/entity/Q6680631,http://www.wikidata.org/entity/Q2052,0.0,2009-01-01T00:00:00Z,2010-01-01T00:00:00Z
http://www.wikidata.org/entity/Q6680679,http://www.wikidata.org/entity/Q2052,0.0,1999-01-01T00:00:00Z,2000-01-01T00:00:00Z
http://www.wikidata.org/entity/Q6680779,http://www.wikidata.org/entity/Q2052,0.0,2008-01-01T00:00:00Z,2009-01-01T00:00:00Z
http://www.wikidata.org/entity/Q669446,http://www.wikidata.org/entity/Q2710,25.0,2013-01-01T00:00:00Z,2015-01-01T00:00:00Z
http://www.wikidata.org/entity/Q669446,http://www.wikidata.org/entity/Q2710,20.0,2012-01-01T00:00:00Z,2013-01-01T00:00:00Z
http://www.wikidata.org/entity/Q6694707,http://www.wikidata.org/entity/Q631,1.0,2006-01-01T00:00:00Z,2008-01-01T00:00:00Z
http://www.wikidata.org/entity/Q6695839,http://www.wikidata.org/entity/Q2710,0.0,2009-01-01T00:00:00Z,2010-01-01T00:00:00Z
http://www.wikidata.org/entity/Q6695847,http://www.wikidata.org/entity/Q2710,9.0,2011-01-01T00:00:00Z,2013-01-01T00:00:00Z
http://www.wikidata.org/entity/Q6695847,http://www.wikidata.org/entity/Q2693,0.0,2013-01-01T00:00:00Z,2015-01-01T00:00:00Z
http://www.wikidata.org/entity/Q6695866,http://www.wikidata.org/entity/Q1422,0.0,2003-01-01T00:00:00Z,2004-01-01T00:00:00Z
http://www.wikidata.org/entity/Q6695870,http://www.wikidata.org/entity/Q2693,0.0,2014-01-01T00:00:00Z,2014-01-01T00:00:00Z
http://www.wikidata.org/entity/Q6695897,http://www.wikidata.org/entity/Q1543,0.0,2003-01-01T00:00:00Z,2008-01-01T00:00:00Z
http://www.wikidata.org/entity/Q6695915,http://www.wikidata.org/entity/Q2641,9.0,2006-01-01T00:00:00Z,2008-01-01T00:00:00Z
http://www.wikidata.org/entity/Q6695919,http://www.wikidata.org/entity/Q1422,0.0,2007-01-01T00:00:00Z,2010-01-01T00:00:00Z
http://www.wikidata.org/entity/Q6695939,http://www.wikidata.org/entity/Q631,0.0,2006-01-01T00:00:00Z,2006-01-01T00:00:00Z
http://www.wikidata.org/entity/Q6695948,http://www.wikidata.org/entity/Q2052,0.0,2008-01-01T00:00:00Z,2009-01-01T00:00:00Z
http://www.wikidata.org/entity/Q6695976,http://www.wikidata.org/entity/Q631,0.0,2010-01-01T00:00:00Z,2012-01-01T00:00:00Z
http://www.wikidata.org/entity/Q6695978,http://www.wikidata.org/entity/Q2037,0.0,2007-01-01T00:00:00Z,2007-01-01T00:00:00Z
http://www.wikidata.org/entity/Q6696154,http://www.wikidata.org/entity/Q2037,0.0,2010-01-01T00:00:00Z,2014-01-01T00:00:00Z
http://www.wikidata.org/entity/Q6700139,http://www.wikidata.org/entity/Q2641,0.0,2009-01-01T00:00:00Z,2011-01-01T00:00:00Z
http://www.wikidata.org/entity/Q6701362,http://www.wikidata.org/entity/Q1886,1.0,2005-01-01T00:00:00Z,2007-01-01T00:00:00Z
http://www.wikidata.org/entity/Q670232,http://www.wikidata.org/entity/Q2018,19.0,2004-01-01T00:00:00Z,2004-01-01T00:00:00Z
http://www.wikidata.org/entity/Q670232,http://www.wikidata.org/entity/Q2641,106.0,2004-01-01T00:00:00Z,2009-01-01T00:00:00Z
http://www.wikidata.org/entity/Q670232,http://www.wikidata.org/entity/Q2641,36.0,2003-01-01T00:00:00Z,2004-01-01T00:00:00Z
http://www.wikidata.org/entity/Q670600,http://www.wikidata.org/entity/Q2074,0.0,2008-01-01T00:00:00Z,2013-01-01T00:00:00Z
http://www.wikidata.org/entity/Q670941,http://www.wikidata.org/entity/Q2693,1.0,2006-01-01T00:00:00Z,2008-01-01T00:00:00Z
http://www.wikidata.org/entity/Q671587,http://www.wikidata.org/entity/Q2037,0.0,2012-01-01T00:00:00Z,2012-01-01T00:00:00Z
http://www.wikidata.org/entity/Q672240,http://www.wikidata.org/entity/Q2074,13.0,2006-01-01T00:00:00Z,2006-01-01T00:00:00Z
http://www.wikidata.org/entity/Q672240,http://www.wikidata.org/entity/Q2074,13.0,2005-01-01T00:00:00Z,2006-01-01T00:00:00Z
http://www.wikidata.org/entity/Q672264,http://www.wikidata.org/entity/Q1893,43.0,2003-01-01T00:00:00Z,2008-01-01T00:00:00Z
http://www.wikidata.org/entity/Q672264,http://www.wikidata.org/entity/Q1457,72.0,2011-01-01T00:00:00Z,2014-01-01T00:00:00Z
http://www.wikidata.org/entity/Q672264,http://www.wikidata.org/entity/Q2693,22.0,2014-01-01T00:00:00Z,2015-01-01T00:00:00Z
http://www.wikidata.org/entity/Q672586,http://www.wikidata.org/entity/Q2710,40.0,1998-01-01T00:00:00Z,2001-01-01T00:00:00Z
http://www.wikidata.org/entity/Q672586,http://www.wikidata.org/entity/Q2674,1.0,2001-01-01T00:00:00Z,2003-01-01T00:00:00Z
http://www.wikidata.org/entity/Q6784680,http://www.wikidata.org/entity/Q2710,0.0,2010-01-01T00:00:00Z,2012-01-01T00:00:00Z
http://www.wikidata.org/entity/Q6784681,http://www.wikidata.org/entity/Q2641,1.0,2009-01-01T00:00:00Z,2012-01-01T00:00:00Z
http://www.wikidata.org/entity/Q6784699,http://www.wikidata.org/entity/Q2052,0.0,2009-01-01T00:00:00Z,2010-01-01T00:00:00Z
http://www.wikidata.org/entity/Q6784702,http://www.wikidata.org/entity/Q1422,0.0,1998-01-01T00:00:00Z,1999-01-01T00:00:00Z
http://www.wikidata.org/entity/Q6784727,http://www.wikidata.org/entity/Q1893,0.0,2008-01-01T00:00:00Z,2012-01-01T00:00:00Z
http://www.wikidata.org/entity/Q6784727,http://www.wikidata.org/entity/Q2693,18.0,2013-01-01T00:00:00Z,2015-01-01T00:00:00Z
http://www.wikidata.org/entity/Q6789666,http://www.wikidata.org/entity/Q2074,0.0,2010-01-01T00:00:00Z,2011-01-01T00:00:00Z
http://www.wikidata.org/entity/Q6789666,http://www.wikidata.org/entity/Q2052,0.0,2009-01-01T00:00:00Z,2010-01-01T00:00:00Z
http://www.wikidata.org/entity/Q6789673,http://www.wikidata.org/entity/Q631,0.0,2003-01-01T00:00:00Z,2007-01-01T00:00:00Z
http://www.wikidata.org/entity/Q6789678,http://www.wikidata.org/entity/Q1457,0.0,2008-01-01T00:00:00Z,2013-01-01T00:00:00Z
http://www.wikidata.org/entity/Q6789690,http://www.wikidata.org/entity/Q1543,2.0,1997-01-01T00:00:00Z,2000-01-01T00:00:00Z
http://www.wikidata.org/entity/Q6789694,http://www.wikidata.org/entity/Q2641,52.0,2020-01-01T00:00:00Z,2021-01-01T00:00:00Z
http://www.wikidata.org/entity/Q6789694,http://www.wikidata.org/entity/Q631,47.0,2018-01-01T00:00:00Z,2021-01-01T00:00:00Z
http://www.wikidata.org/entity/Q6789713,http://www.wikidata.org/entity/Q1422,0.0,2005-01-01T00:00:00Z,2012-01-01T00:00:00Z
http://www.wikidata.org/entity/Q6791636,http://www.wikidata.org/entity/Q2052,0.0,2005-01-01T00:00:00Z,2006-01-01T00:00:00Z
http://www.wikidata.org/entity/Q6791636,http://www.wikidata.org/entity/Q2052,7.0,2003-01-01T00:00:00Z,2004-01-01T00:00:00Z
http://www.wikidata.org/entity/Q6791724,http://www.wikidata.org/entity/Q631,0.0,2002-01-01T00:00:00Z,2006-01-01T00:00:00Z
http://www.wikidata.org/entity/Q6791732,http://www.wikidata.org/entity/Q2693,0.0,2007-01-01T00:00:00Z,2008-01-01T00:00:00Z
http://www.wikidata.org/entity/Q6791736,http://www.wikidata.org/entity/Q1543,1.0,2002-01-01T00:00:00Z,2004-01-01T00:00:00Z
http://www.wikidata.org/entity/Q6791737,http://www.wikidata.org/entity/Q1900,1.0,2008-01-01T00:00:00Z,2013-01-01T00:00:00Z
http://www.wikidata.org/entity/Q6791748,http://www.wikidata.org/entity/Q2037,1.0,2001-01-01T00:00:00Z,2008-01-01T00:00:00Z
http://www.wikidata.org/entity/Q6791754,http://www.wikidata.org/entity/Q2693,0.0,2012-01-01T00:00:00Z,2015-01-01T00:00:00Z
http://www.wikidata.org/entity/Q6791754,http://www.wikidata.org/entity/Q2693,0.0,2012-01-01T00:00:00Z,2012-01-01T00:00:00Z
http://www.wikidata.org/entity/Q43981600,http://www.wikidata.org/entity/Q1886,0.0,2018-07-02T00:00:00Z,
http://www.wikidata.org/entity/Q4979245,http://www.wikidata.org/entity/Q2674,25.0,2016-01-01T00:00:00Z,
http://www.wikidata.org/entity/Q500782,http://www.wikidata.org/entity/Q631,1.0,2011-01-01T00:00:00Z,
http://www.wikidata.org/entity/Q58174760,http://www.wikidata.org/entity/Q2052,10.0,2018-01-01T00:00:00Z,
http://www.wikidata.org/entity/Q58465451,http://www.wikidata.org/entity/Q1422,70.0,2024-07-10T00:00:00Z,
http://www.wikidata.org/entity/Q6438734,http://www.wikidata.org/entity/Q2074,0.0,2024-01-01T00:00:00Z,
http://www.wikidata.org/entity/Q6526099,http://www.wikidata.org/entity/Q2641,59.0,2024-07-01T00:00:00Z,
http://www.wikidata.org/entity/Q66466838,http://www.wikidata.org/entity/Q1900,77.0,2021-07-01T00:00:00Z,
http://www.wikidata.org/entity/Q43981600,http://www.wikidata.org/entity/Q2710,24.0,2017-01-01T00:00:00Z,2018-06-30T00:00:00Z
http://www.wikidata.org/entity/Q44083681,http://www.wikidata.org/entity/Q1900,4.0,2019-01-01T00:00:00Z,2022-01-01T00:00:00Z
http://www.wikidata.org/entity/Q47002491,http://www.wikidata.org/entity/Q1886,36.0,2024-01-01T00:00:00Z,2025-07-01T00:00:00Z
http://www.wikidata.org/entity/Q47002491,http://www.wikidata.org/entity/Q2074,29.0,2023-01-01T00:00:00Z,2024-01-01T00:00:00Z
http://www.wikidata.org/entity/Q4762858,http://www.wikidata.org/entity/Q2710,0.0,2011-01-01T00:00:00Z,2012-01-01T00:00:00Z
http://www.wikidata.org/entity/Q4762858,http://www.wikidata.org/entity/Q2710,2.0,2008-01-01T00:00:00Z,2009-01-01T00:00:00Z
http://www.wikidata.org/entity/Q4762890,http://www.wikidata.org/entity/Q1893,0.0,2011-01-01T00:00:00Z,2014-01-01T00:00:00Z
http://www.wikidata.org/entity/Q4762964,http://www.wikidata.org/entity/Q2710,24.0,2008-01-01T00:00:00Z,2009-01-01T00:00:00Z
http://www.wikidata.org/entity/Q4776920,http://www.wikidata.org/entity/Q2052,7.0,2003-01-01T00:00:00Z,2005-01-01T00:00:00Z
http://www.wikidata.org/entity/Q4777124,http://www.wikidata.org/entity/Q2037,0.0,2005-01-01T00:00:00Z,2005-01-01T00:00:00Z
http://www.wikidata.org/entity/Q484772,http://www.wikidata.org/entity/Q2052,7.0,2014-01-01T00:00:00Z,2014-01-01T00:00:00Z
http://www.wikidata.org/entity/Q484909,http://www.wikidata.org/entity/Q1543,300.0,2002-01-01T00:00:00Z,2011-01-01T00:00:00Z
http://www.wikidata.org/entity/Q484909,http://www.wikidata.org/entity/Q631,64.0,2000-01-01T00:00:00Z,2003-01-01T00:00:00Z
http://www.wikidata.org/entity/Q484968,http://www.wikidata.org/entity/Q2609,6.0,2013-01-01T00:00:00Z,2013-01-01T00:00:00Z
http://www.wikidata.org/entity/Q485019,http://www.wikidata.org/entity/Q2693,9.0,2004-01-01T00:00:00Z,2004-01-01T00:00:00Z
http://www.wikidata.org/entity/Q485019,http://www.wikidata.org/entity/Q631,0.0,2004-01-01T00:00:00Z,2007-01-01T00:00:00Z
http://www.wikidata.org/entity/Q4868382,http://www.wikidata.org/entity/Q631,0.0,2006-01-01T00:00:00Z,2007-01-01T00:00:00Z
http://www.wikidata.org/entity/Q489111,http://www.wikidata.org/entity/Q1900,2.0,2013-01-01T00:00:00Z,2014-01-01T00:00:00Z
http://www.wikidata.org/entity/Q490858,http://www.wikidata.org/entity/Q2037,4.0,2015-01-01T00:00:00Z,2015-01-01T00:00:00Z
http://www.wikidata.org/entity/Q492506,http://www.wikidata.org/entity/Q1900,122.0,2010-01-01T00:00:00Z,2014-01-01T00:00:00Z
http://www.wikidata.org/entity/Q492506,http://www.wikidata.org/entity/Q2037,14.0,2014-01-01T00:00:00Z,2014-01-01T00:00:00Z
http://www.wikidata.org/entity/Q492506,http://www.wikidata.org/entity/Q1886,0.0,2003-01-01T00:00:00Z,2005-01-01T00:00:00Z
http://www.wikidata.org/entity/Q493580,http://www.wikidata.org/entity/Q1900,113.0,2000-01-01T00:00:00Z,2007-01-01T00:00:00Z
http://www.wikidata.org/entity/Q493589,http://www.wikidata.org/entity/Q2674,62.0,2005-01-01T00:00:00Z,2007-01-01T00:00:00Z
http://www.wikidata.org/entity/Q493589,http://www.wikidata.org/entity/Q1457,12.0,2007-01-01T00:00:00Z,2008-01-01T00:00:00Z
http://www.wikidata.org/entity/Q493589,http://www.wikidata.org/entity/Q2074,12.0,2011-01-01T00:00:00Z,2012-01-01T00:00:00Z
http://www.wikidata.org/entity/Q493665,http://www.wikidata.org/entity/Q2710,0.0,2015-01-01T00:00:00Z,2015-01-01T00:00:00Z
http://www.wikidata.org/entity/Q493665,http://www.wikidata.org/entity/Q1900,8.0,2005-01-01T00:00:00Z,2010-01-01T00:00:00Z
http://www.wikidata.org/entity/Q493706,http://www.wikidata.org/entity/Q1900,246.0,2005-01-01T00:00:00Z,2015-01-01T00:00:00Z
http://www.wikidata.org/entity/Q493721,http://www.wikidata.org/entity/Q2641,48.0,2005-01-01T00:00:00Z,2008-01-01T00:00:00Z
http://www.wikidata.org/entity/Q493860,http://www.wikidata.org/entity/Q1893,11.0,2010-01-01T00:00:00Z,2011-01-01T00:00:00Z
http://www.wikidata.org/entity/Q493860,http://www.wikidata.org/entity/Q2074,5.0,2009-01-01T00:00:00Z,2012-01-01T00:00:00Z
http://www.wikidata.org/entity/Q493939,http://www.wikidata.org/entity/Q1457,39.0,2005-01-01T00:00:00Z,2006-01-01T00:00:00Z
http://www.wikidata.org/entity/Q493939,http://www.wikidata.org/entity/Q2693,26.0,2007-01-01T00:00:00Z,2008-01-01T00:00:00Z
http://www.wikidata.org/entity/Q493939,http://www.wikidata.org/entity/Q1422,0.0,2006-01-01T00:00:00Z,2007-01-01T00:00:00Z
http://www.wikidata.org/entity/Q493939,http://www.wikidata.org/entity/Q2074,10.0,2008-01-01T00:00:00Z,2008-01-01T00:00:00Z
http://www.wikidata.org/entity/Q493939,http://www.wikidata.org/entity/Q1422,0.0,2001-01-01T00:00:00Z,2002-01-01T00:00:00Z
http://www.wikidata.org/entity/Q493939,http://www.wikidata.org/entity/Q2693,29.0,2006-01-01T00:00:00Z,2007-01-01T00:00:00Z
http://www.wikidata.org/entity/Q493939,http://www.wikidata.org/entity/Q2674,48.0,2003-01-01T00:00:00Z,2006-01-01T00:00:00Z
http://www.wikidata.org/entity/Q493939,http://www.wikidata.org/entity/Q1457,21.0,2002-01-01T00:00:00Z,2003-01-01T00:00:00Z
http://www.wikidata.org/entity/Q493949,http://www.wikidata.org/entity/Q2710,78.0,2009-01-01T00:00:00Z,2012-01-01T00:00:00Z
http://www.wikidata.org/entity/Q493949,http://www.wikidata.org/entity/Q2710,7.0,2015-01-01T00:00:00Z,2015-01-01T00:00:00Z
http://www.wikidata.org/entity/Q494297,http://www.wikidata.org/entity/Q1422,0.0,2005-01-01T00:00:00Z,2007-01-01T00:00:00Z
http://www.wikidata.org/entity/Q494297,http://www.wikidata.org/entity/Q2710,32.0,2006-01-01T00:00:00Z,2007-01-01T00:00:00Z
http://www.wikidata.org/entity/Q494353,http://www.wikidata.org/entity/Q2674,30.0,2011-01-01T00:00:00Z,2014-01-01T00:00:00Z
http://www.wikidata.org/entity/Q494353,http://www.wikidata.org/entity/Q1893,21.0,2013-01-01T00:00:00Z,2014-01-01T00:00:00Z
http://www.wikidata.org/entity/Q494353,http://www.wikidata.org/entity/Q2037,157.0,2005-01-01T00:00:00Z,2011-01-01T00:00:00Z
http://www.wikidata.org/entity/Q494429,http://www.wikidata.org/entity/Q1422,1.0,2005-01-01T00:00:00Z,2006-01-01T00:00:00Z
http://www.wikidata.org/entity/Q494429,http://www.wikidata.org/entity/Q2074,19.0,2007-01-01T00:00:00Z,2008-01-01T00:00:00Z
http://www.wikidata.org/entity/Q494887,http://www.wikidata.org/entity/Q1457,13.0,2009-01-01T00:00:00Z,2009-01-01T00:00:00Z
http://www.wikidata.org/entity/Q494887,http://www.wikidata.org/entity/Q1893,31.0,2011-01-01T00:00:00Z,2012-01-01T00:00:00Z
http://www.wikidata.org/entity/Q494887,http://www.wikidata.org/entity/Q1893,33.0,2009-01-01T00:00:00Z,2010-01-01T00:00:00Z
http://www.wikidata.org/entity/Q494887,http://www.wikidata.org/entity/Q2674,2.0,2008-01-01T00:00:00Z,2011-01-01T00:00:00Z
http://www.wikidata.org/entity/Q494954,http://www.wikidata.org/entity/Q2710,32.0,2013-01-01T00:00:00Z,2014-01-01T00:00:00Z
http://www.wikidata.org/entity/Q494954,http://www.wikidata.org/entity/Q2710,16.0,2015-01-01T00:00:00Z,2015-01-01T00:00:00Z
http://www.wikidata.org/entity/Q494954,http://www.wikidata.org/entity/Q2693,0.0,2012-01-01T00:00:00Z,2015-01-01T00:00:00Z
http://www.wikidata.org/entity/Q4979210,http://www.wikidata.org/entity/Q1457,0.0,2006-01-01T00:00:00Z,2006-01-01T00:00:00Z
http://www.wikidata.org/entity/Q4979302,http://www.wikidata.org/entity/Q1457,0.0,2011-01-01T00:00:00Z,2011-01-01T00:00:00Z
http://www.wikidata.org/entity/Q4979316,http://www.wikidata.org/entity/Q1457,33.0,2016-01-01T00:00:00Z,2017-01-01T00:00:00Z
http://www.wikidata.org/entity/Q498837,http://www.wikidata.org/entity/Q1543,19.0,1997-01-01T00:00:00Z,1999-01-01T00:00:00Z
http://www.wikidata.org/entity/Q498837,http://www.wikidata.org/entity/Q2693,0.0,1999-01-01T00:00:00Z,2000-01-01T00:00:00Z
http://www.wikidata.org/entity/Q498837,http://www.wikidata.org/entity/Q2693,58.0,2003-01-01T00:00:00Z,2008-01-01T00:00:00Z
http://www.wikidata.org/entity/Q499883,http://www.wikidata.org/entity/Q631,3.0,2013-01-01T00:00:00Z,2014-01-01T00:00:00Z
http://www.wikidata.org/entity/Q500138,http://www.wikidata.org/entity/Q2037,10.0,2014-01-01T00:00:00Z,2015-01-01T00:00:00Z
http://www.wikidata.org/entity/Q500782,http://www.wikidata.org/entity/Q1900,27.0,2014-01-01T00:00:00Z,2015-01-01T00:00:00Z
http://www.wikidata.org/entity/Q5041047,http://www.wikidata.org/entity/Q2609,26.0,2011-01-01T00:00:00Z,2012-01-01T00:00:00Z
http://www.wikidata.org/entity/Q5041476,http://www.wikidata.org/entity/Q2710,0.0,2010-01-01T00:00:00Z,2011-01-01T00:00:00Z
http://www.wikidata.org/entity/Q5041580,http://www.wikidata.org/entity/Q2074,0.0,2008-01-01T00:00:00Z,2011-01-01T00:00:00Z
http://www.wikidata.org/entity/Q5043686,http://www.wikidata.org/entity/Q1457,0.0,2007-01-01T00:00:00Z,2010-01-01T00:00:00Z
http://www.wikidata.org/entity/Q58174760,http://www.wikidata.org/entity/Q2710,12.0,2018-01-01T00:00:00Z,2019-01-01T00:00:00Z
http://www.wikidata.org/entity/Q6251268,http://www.wikidata.org/entity/Q2674,2.0,2002-01-01T00:00:00Z,2004-01-01T00:00:00Z
http://www.wikidata.org/entity/Q630170,http://www.wikidata.org/entity/Q2037,1.0,2014-01-01T00:00:00Z,2014-01-01T00:00:00Z
http://www.wikidata.org/entity/Q630170,http://www.wikidata.org/entity/Q1422,25.0,2022-01-01T00:00:00Z,2023-01-01T00:00:00Z
http://www.wikidata.org/entity/Q630607,http://www.wikidata.org/entity/Q2674,12.0,2002-01-01T00:00:00Z,2002-01-01T00:00:00Z
http://www.wikidata.org/entity/Q6315113,http://www.wikidata.org/entity/Q2018,0.0,2010-01-01T00:00:00Z,2010-01-01T00:00:00Z
http://www.wikidata.org/entity/Q6315113,http://www.wikidata.org/entity/Q631,0.0,2009-01-01T00:00:00Z,2010-01-01T00:00:00Z
http://www.wikidata.org/entity/Q633586,http://www.wikidata.org/entity/Q1893,2.0,2009-01-01T00:00:00Z,2010-01-01T00:00:00Z
http://www.wikidata.org/entity/Q634082,http://www.wikidata.org/entity/Q1900,176.0,2005-01-01T00:00:00Z,2012-01-01T00:00:00Z
http://www.wikidata.org/entity/Q634082,http://www.wikidata.org/entity/Q1886,0.0,2004-01-01T00:00:00Z,2005-01-01T00:00:00Z
http://www.wikidata.org/entity/Q634082,http://www.wikidata.org/entity/Q1886,20.0,2013-01-01T00:00:00Z,2014-01-01T00:00:00Z
http://www.wikidata.org/entity/Q634082,http://www.wikidata.org/entity/Q2037,6.0,2014-01-01T00:00:00Z,2014-01-01T00:00:00Z
http://www.wikidata.org/entity/Q634082,http://www.wikidata.org/entity/Q2074,14.0,2012-01-01T00:00:00Z,2013-01-01T00:00:00Z
http://www.wikidata.org/entity/Q6345550,http://www.wikidata.org/entity/Q1893,0.0,2011-01-01T00:00:00Z,2014-01-01T00:00:00Z
http://www.wikidata.org/entity/Q6385290,http://www.wikidata.org/entity/Q1422,0.0,2003-01-01T00:00:00Z,2005-01-01T00:00:00Z
http://www.wikidata.org/entity/Q6396836,http://www.wikidata.org/entity/Q631,10.0,2013-01-01T00:00:00Z,2015-01-01T00:00:00Z
http://www.wikidata.org/entity/Q6396836,http://www.wikidata.org/entity/Q2037,21.0,2014-01-01T00:00:00Z,2015-01-01T00:00:00Z
http://www.wikidata.org/entity/Q6413296,http://www.wikidata.org/entity/Q1422,15.0,2014-01-01T00:00:00Z,2017-01-01T00:00:00Z
http://www.wikidata.org/entity/Q642934,http://www.wikidata.org/entity/Q2074,95.0,2006-01-01T00:00:00Z,2009-01-01T00:00:00Z
http://www.wikidata.org/entity/Q642934,http://www.wikidata.org/entity/Q2674,6.0,2009-01-01T00:00:00Z,2011-01-01T00:00:00Z
http://www.wikidata.org/entity/Q643297,http://www.wikidata.org/entity/Q1900,99.0,2007-01-01T00:00:00Z,2012-01-01T00:00:00Z
http://www.wikidata.org/entity/Q6438734,http://www.wikidata.org/entity/Q1900,63.0,2020-01-01T00:00:00Z,2024-01-01T00:00:00Z
http://www.wikidata.org/entity/Q646471,http://www.wikidata.org/entity/Q2018,19.0,2005-01-01T00:00:00Z,2005-01-01T00:00:00Z
http://www.wikidata.org/entity/Q646471,http://www.wikidata.org/entity/Q2037,39.0,2007-01-01T00:00:00Z,2009-01-01T00:00:00Z
http://www.wikidata.org/entity/Q646471,http://www.wikidata.org/entity/Q2018,37.0,2005-01-01T00:00:00Z,2007-01-01T00:00:00Z
http://www.wikidata.org/entity/Q646471,http://www.wikidata.org/entity/Q2037,7.0,2004-01-01T00:00:00Z,2005-01-01T00:00:00Z
http://www.wikidata.org/entity/Q646652,http://www.wikidata.org/entity/Q2074,41.0,2001-01-01T00:00:00Z,2003-01-01T00:00:00Z
http://www.wikidata.org/entity/Q648671,http://www.wikidata.org/entity/Q1543,17.0,2014-01-01T00:00:00Z,2015-01-01T00:00:00Z
http://www.wikidata.org/entity/Q650243,http://www.wikidata.org/entity/Q2074,29.0,2013-01-01T00:00:00Z,2014-01-01T00:00:00Z
http://www.wikidata.org/entity/Q650243,http://www.wikidata.org/entity/Q1893,28.0,2006-01-01T00:00:00Z,2007-01-01T00:00:00Z
http://www.wikidata.org/entity/Q650243,http://www.wikidata.org/entity/Q1886,134.0,2005-01-01T00:00:00Z,2013-01-01T00:00:00Z
http://www.wikidata.org/entity/Q650243,http://www.wikidata.org/entity/Q2018,30.0,2004-01-01T00:00:00Z,2005-01-01T00:00:00Z
http://www.wikidata.org/entity/Q650243,http://www.wikidata.org/entity/Q2052,11.0,2004-01-01T00:00:00Z,2004-01-01T00:00:00Z
http://www.wikidata.org/entity/Q650333,http://www.wikidata.org/entity/Q1886,396.0,1998-01-01T00:00:00Z,2016-01-01T00:00:00Z
http://www.wikidata.org/entity/Q650452,http://www.wikidata.org/entity/Q2641,60.0,2019-01-01T00:00:00Z,2022-01-01T00:00:00Z
http://www.wikidata.org/entity/Q6505869,http://www.wikidata.org/entity/Q2693,0.0,2013-01-01T00:00:00Z,2015-01-01T00:00:00Z
http://www.wikidata.org/entity/Q6509577,http://www.wikidata.org/entity/Q2693,1.0,2008-01-01T00:00:00Z,2010-01-01T00:00:00Z
http://www.wikidata.org/entity/Q65114196,http://www.wikidata.org/entity/Q1457,13.0,2022-01-01T00:00:00Z,2023-03-01T00:00:00Z
http://www.wikidata.org/entity/Q65154083,http://www.wikidata.org/entity/Q1457,26.0,2022-09-01T00:00:00Z,2023-06-01T00:00:00Z
http://www.wikidata.org/entity/Q652113,http://www.wikidata.org/entity/Q1886,125.0,2011-01-01T00:00:00Z,2015-01-01T00:00:00Z
http://www.wikidata.org/entity/Q6526040,http://www.wikidata.org/entity/Q2037,0.0,2006-01-01T00:00:00Z,2008-01-01T00:00:00Z
http://www.wikidata.org/entity/Q6526099,http://www.wikidata.org/entity/Q1886,2.0,2014-01-01T00:00:00Z,2015-01-01T00:00:00Z
http://www.wikidata.org/entity/Q6526099,http://www.wikidata.org/entity/Q1886,48.0,2016-01-01T00:00:00Z,2018-01-01T00:00:00Z
http://www.wikidata.org/entity/Q6526099,http://www.wikidata.org/entity/Q1422,10.0,2012-07-01T00:00:00Z,2019-01-01T00:00:00Z
http://www.wikidata.org/entity/Q652887,http://www.wikidata.org/entity/Q631,0.0,1998-01-01T00:00:00Z,1999-01-01T00:00:00Z
http://www.wikidata.org/entity/Q653218,http://www.wikidata.org/entity/Q631,0.0,2009-01-01T00:00:00Z,2013-01-01T00:00:00Z
http://www.wikidata.org/entity/Q653385,http://www.wikidata.org/entity/Q1886,18.0,2012-01-01T00:00:00Z,2013-01-01T00:00:00Z
http://www.wikidata.org/entity/Q653589,http://www.wikidata.org/entity/Q2609,7.0,2005-01-01T00:00:00Z,2006-01-01T00:00:00Z
http://www.wikidata.org/entity/Q654661,http://www.wikidata.org/entity/Q2609,16.0,2013-01-01T00:00:00Z,2015-01-01T00:00:00Z
http://www.wikidata.org/entity/Q65675442,http://www.wikidata.org/entity/Q1893,53.0,2022-08-30T00:00:00Z,2024-07-14T00:00:00Z
http://www.wikidata.org/entity/Q65675442,http://www.wikidata.org/entity/Q2693,4.0,2021-02-01T00:00:00Z,2021-06-30T00:00:00Z
http://www.wikidata.org/entity/Q656961,http://www.wikidata.org/entity/Q2037,11.0,2000-01-01T00:00:00Z,2001-01-01T00:00:00Z
http://www.wikidata.org/entity/Q656961,http://www.wikidata.org/entity/Q2074,28.0,1999-01-01T00:00:00Z,2001-01-01T00:00:00Z
http://www.wikidata.org/entity/Q657823,http://www.wikidata.org/entity/Q1893,26.0,2013-01-01T00:00:00Z,2014-01-01T00:00:00Z
http://www.wikidata.org/entity/Q659824,http://www.wikidata.org/entity/Q2018,61.0,2009-01-01T00:00:00Z,2013-01-01T00:00:00Z
http://www.wikidata.org/entity/Q659824,http://www.wikidata.org/entity/Q631,0.0,2002-01-01T00:00:00Z,2006-01-01T00:00:00Z
http://www.wikidata.org/entity/Q66467324,http://www.wikidata.org/entity/Q1886,32.0,2022-08-27T00:00:00Z,2023-07-29T00:00:00Z
http://www.wikidata.org/entity/Q69691627,http://www.wikidata.org/entity/Q2074,9.0,2024-01-01T00:00:00Z,
http://www.wikidata.org/entity/Q74105143,http://www.wikidata.org/entity/Q2074,6.0,2019-01-01T00:00:00Z,
http://www.wikidata.org/entity/Q84247209,http://www.wikidata.org/entity/Q1543,1.0,2020-01-01T00:00:00Z,
http://www.wikidata.org/entity/Q43381082,http://www.wikidata.org/entity/Q2052,86.0,2021-01-01T00:00:00Z,
http://www.wikidata.org/entity/Q43381082,http://www.wikidata.org/entity/Q1422,0.0,2024-01-01T00:00:00Z,
http://www.wikidata.org/entity/Q12984,http://www.wikidata.org/entity/Q2074,3.0,2008-01-01T00:00:00Z,2011-01-01T00:00:00Z
http://www.wikidata.org/entity/Q12984,http://www.wikidata.org/entity/Q1543,83.0,2011-01-01T00:00:00Z,2016-01-01T00:00:00Z
http://www.wikidata.org/entity/Q69691627,http://www.wikidata.org/entity/Q1543,25.0,2022-01-01T00:00:00Z,2023-01-01T00:00:00Z
http://www.wikidata.org/entity/Q69691627,http://www.wikidata.org/entity/Q2074,9.0,2023-08-01T00:00:00Z,2024-01-01T00:00:00Z
http://www.wikidata.org/entity/Q72603655,http://www.wikidata.org/entity/Q1886,4.0,2019-01-01T00:00:00Z,2021-01-01T00:00:00Z
http://www.wikidata.org/entity/Q75406282,http://www.wikidata.org/entity/Q2074,4.0,2019-01-01T00:00:00Z,2021-01-01T00:00:00Z
http://www.wikidata.org/entity/Q768177,http://www.wikidata.org/entity/Q2609,0.0,2006-01-01T00:00:00Z,2007-01-01T00:00:00Z
http://www.wikidata.org/entity/Q768219,http://www.wikidata.org/entity/Q1457,33.0,2002-01-01T00:00:00Z,2006-01-01T00:00:00Z
http://www.wikidata.org/entity/Q768219,http://www.wikidata.org/entity/Q2641,65.0,2006-01-01T00:00:00Z,2008-01-01T00:00:00Z
http://www.wikidata.org/entity/Q768219,http://www.wikidata.org/entity/Q1543,0.0,2001-01-01T00:00:00Z,2002-01-01T00:00:00Z
http://www.wikidata.org/entity/Q768219,http://www.wikidata.org/entity/Q2609,0.0,2000-01-01T00:00:00Z,2001-01-01T00:00:00Z
http://www.wikidata.org/entity/Q769498,http://www.wikidata.org/entity/Q2074,3.0,2011-01-01T00:00:00Z,2015-01-01T00:00:00Z
http://www.wikidata.org/entity/Q770796,http://www.wikidata.org/entity/Q1900,5.0,2014-01-01T00:00:00Z,2014-01-01T00:00:00Z
http://www.wikidata.org/entity/Q772665,http://www.wikidata.org/entity/Q1900,1.0,2005-01-01T00:00:00Z,2005-01-01T00:00:00Z
http://www.wikidata.org/entity/Q772665,http://www.wikidata.org/entity/Q1893,6.0,1996-01-01T00:00:00Z,1999-01-01T00:00:00Z
http://www.wikidata.org/entity/Q776677,http://www.wikidata.org/entity/Q1457,377.0,1984-01-01T00:00:00Z,1999-01-01T00:00:00Z
http://www.wikidata.org/entity/Q7789485,http://www.wikidata.org/entity/Q2693,0.0,2011-01-01T00:00:00Z,2015-01-01T00:00:00Z
http://www.wikidata.org/entity/Q7794082,http://www.wikidata.org/entity/Q2693,0.0,2008-01-01T00:00:00Z,2009-01-01T00:00:00Z
http://www.wikidata.org/entity/Q7800077,http://www.wikidata.org/entity/Q2074,0.0,2007-01-01T00:00:00Z,2009-01-01T00:00:00Z
http://www.wikidata.org/entity/Q7810534,http://www.wikidata.org/entity/Q1900,0.0,2007-01-01T00:00:00Z,2008-01-01T00:00:00Z
http://www.wikidata.org/entity/Q7810536,http://www.wikidata.org/entity/Q2710,8.0,2002-01-01T00:00:00Z,2003-01-01T00:00:00Z
http://www.wikidata.org/entity/Q7810536,http://www.wikidata.org/entity/Q2674,13.0,2000-01-01T00:00:00Z,2001-01-01T00:00:00Z
http://www.wikidata.org/entity/Q7819055,http://www.wikidata.org/entity/Q2609,0.0,2011-01-01T00:00:00Z,2012-01-01T00:00:00Z
http://www.wikidata.org/entity/Q7819068,http://www.wikidata.org/entity/Q2074,1.0,2007-01-01T00:00:00Z,2008-01-01T00:00:00Z
http://www.wikidata.org/entity/Q7819083,http://www.wikidata.org/entity/Q2052,0.0,2009-01-01T00:00:00Z,2011-01-01T00:00:00Z
http://www.wikidata.org/entity/Q784929,http://www.wikidata.org/entity/Q1893,117.0,2006-01-01T00:00:00Z,2010-01-01T00:00:00Z
http://www.wikidata.org/entity/Q784929,http://www.wikidata.org/entity/Q1886,75.0,2003-01-01T00:00:00Z,2006-01-01T00:00:00Z
http://www.wikidata.org/entity/Q784929,http://www.wikidata.org/entity/Q1893,16.0,2006-01-01T00:00:00Z,2006-01-01T00:00:00Z
http://www.wikidata.org/entity/Q786864,http://www.wikidata.org/entity/Q2018,36.0,2012-01-01T00:00:00Z,2015-01-01T00:00:00Z
http://www.wikidata.org/entity/Q7901078,http://www.wikidata.org/entity/Q1543,0.0,2011-01-01T00:00:00Z,2013-01-01T00:00:00Z
http://www.wikidata.org/entity/Q7932206,http://www.wikidata.org/entity/Q2641,0.0,2008-01-01T00:00:00Z,2009-01-01T00:00:00Z
http://www.wikidata.org/entity/Q793334,http://www.wikidata.org/entity/Q1422,1.0,2008-01-01T00:00:00Z,2013-01-01T00:00:00Z
http://www.wikidata.org/entity/Q7939829,http://www.wikidata.org/entity/Q2037,0.0,2002-01-01T00:00:00Z,2002-01-01T00:00:00Z
http://www.wikidata.org/entity/Q795017,http://www.wikidata.org/entity/Q2609,127.0,2022-01-01T00:00:00Z,2026-01-01T00:00:00Z
http://www.wikidata.org/entity/Q795017,http://www.wikidata.org/entity/Q1543,197.0,2015-01-01T00:00:00Z,2022-01-01T00:00:00Z
http://www.wikidata.org/entity/Q795017,http://www.wikidata.org/entity/Q1457,30.0,2014-01-01T00:00:00Z,2015-01-01T00:00:00Z
http://www.wikidata.org/entity/Q797745,http://www.wikidata.org/entity/Q1886,5.0,2011-01-01T00:00:00Z,2014-01-01T00:00:00Z
http://www.wikidata.org/entity/Q797745,http://www.wikidata.org/entity/Q2018,37.0,2004-01-01T00:00:00Z,2009-01-01T00:00:00Z
http://www.wikidata.org/entity/Q797745,http://www.wikidata.org/entity/Q2710,17.0,2007-01-01T00:00:00Z,2007-01-01T00:00:00Z
http://www.wikidata.org/entity/Q797780,http://www.wikidata.org/entity/Q1886,146.0,2006-01-01T00:00:00Z,2012-01-01T00:00:00Z
http://www.wikidata.org/entity/Q7981456,http://www.wikidata.org/entity/Q631,0.0,2002-01-01T00:00:00Z,2005-01-01T00:00:00Z
http://www.wikidata.org/entity/Q7981520,http://www.wikidata.org/entity/Q2018,1.0,2012-01-01T00:00:00Z,2012-01-01T00:00:00Z
http://www.wikidata.org/entity/Q798294,http://www.wikidata.org/entity/Q1886,14.0,2012-01-01T00:00:00Z,2013-01-01T00:00:00Z
http://www.wikidata.org/entity/Q80128,http://www.wikidata.org/entity/Q2074,8.0,2018-07-01T00:00:00Z,2022-06-01T00:00:00Z
http://www.wikidata.org/entity/Q80128,http://www.wikidata.org/entity/Q1900,35.0,2008-01-01T00:00:00Z,2009-01-01T00:00:00Z
http://www.wikidata.org/entity/Q80128,http://www.wikidata.org/entity/Q1900,68.0,2009-01-01T00:00:00Z,2011-01-01T00:00:00Z
http://www.wikidata.org/entity/Q80128,http://www.wikidata.org/entity/Q2609,161.0,2011-01-01T00:00:00Z,2018-06-01T00:00:00Z
http://www.wikidata.org/entity/Q80132,http://www.wikidata.org/entity/Q2609,36.0,2008-01-01T00:00:00Z,2009-01-01T00:00:00Z
http://www.wikidata.org/entity/Q80132,http://www.wikidata.org/entity/Q631,22.0,2011-01-01T00:00:00Z,2012-01-01T00:00:00Z
http://www.wikidata.org/entity/Q80132,http://www.wikidata.org/entity/Q2609,68.0,2009-01-01T00:00:00Z,2013-01-01T00:00:00Z
http://www.wikidata.org/entity/Q80306,http://www.wikidata.org/entity/Q2052,37.0,2004-07-01T00:00:00Z,2005-07-01T00:00:00Z
http://www.wikidata.org/entity/Q80306,http://www.wikidata.org/entity/Q1422,425.0,2004-06-01T00:00:00Z,2022-06-01T00:00:00Z
http://www.wikidata.org/entity/Q80471,http://www.wikidata.org/entity/Q2609,139.0,2011-01-01T00:00:00Z,2016-01-01T00:00:00Z
http://www.wikidata.org/entity/Q8054941,http://www.wikidata.org/entity/Q2037,2.0,2009-01-01T00:00:00Z,2012-01-01T00:00:00Z
http://www.wikidata.org/entity/Q8059110,http://www.wikidata.org/entity/Q2641,0.0,2001-01-01T00:00:00Z,2002-01-01T00:00:00Z
http://www.wikidata.org/entity/Q8074842,http://www.wikidata.org/entity/Q2693,0.0,2014-01-01T00:00:00Z,2014-01-01T00:00:00Z
http://www.wikidata.org/entity/Q8074842,http://www.wikidata.org/entity/Q2693,0.0,2010-01-01T00:00:00Z,2011-01-01T00:00:00Z
http://www.wikidata.org/entity/Q8083896,http://www.wikidata.org/entity/Q1900,0.0,2014-01-01T00:00:00Z,2015-01-01T00:00:00Z
http://www.wikidata.org/entity/Q818107,http://www.wikidata.org/entity/Q631,147.0,1997-01-01T00:00:00Z,2001-01-01T00:00:00Z
http://www.wikidata.org/entity/Q82196,http://www.wikidata.org/entity/Q2641,9.0,2013-01-01T00:00:00Z,2015-01-01T00:00:00Z
http://www.wikidata.org/entity/Q824938,http://www.wikidata.org/entity/Q2018,23.0,2013-01-01T00:00:00Z,2014-01-01T00:00:00Z
http://www.wikidata.org/entity/Q824938,http://www.wikidata.org/entity/Q2037,18.0,2014-01-01T00:00:00Z,2015-01-01T00:00:00Z
http://www.wikidata.org/entity/Q85408718,http://www.wikidata.org/entity/Q1893,31.0,2021-05-01T00:00:00Z,2025-09-01T00:00:00Z
http://www.wikidata.org/entity/Q87268125,http://www.wikidata.org/entity/Q1543,63.0,2022-01-01T00:00:00Z,2025-01-01T00:00:00Z
http://www.wikidata.org/entity/Q3844810,http://www.wikidata.org/entity/Q2674,4.0,2003-01-01T00:00:00Z,2003-01-01T00:00:00Z
http://www.wikidata.org/entity/Q3847809,http://www.wikidata.org/entity/Q1886,0.0,2005-01-01T00:00:00Z,2007-01-01T00:00:00Z
http://www.wikidata.org/entity/Q3847809,http://www.wikidata.org/entity/Q2641,9.0,2001-01-01T00:00:00Z,2004-01-01T00:00:00Z
http://www.wikidata.org/entity/Q3847809,http://www.wikidata.org/entity/Q2074,0.0,2008-01-01T00:00:00Z,2011-01-01T00:00:00Z
http://www.wikidata.org/entity/Q3849382,http://www.wikidata.org/entity/Q2074,3.0,2002-01-01T00:00:00Z,2002-01-01T00:00:00Z
http://www.wikidata.org/entity/Q27525,http://www.wikidata.org/entity/Q2074,4.0,2010-01-01T00:00:00Z,2010-01-01T00:00:00Z
http://www.wikidata.org/entity/Q27525,http://www.wikidata.org/entity/Q2074,4.0,2010-01-01T00:00:00Z,2011-01-01T00:00:00Z
http://www.wikidata.org/entity/Q377864,http://www.wikidata.org/entity/Q2037,1.0,2013-01-01T00:00:00Z,2014-01-01T00:00:00Z
http://www.wikidata.org/entity/Q377864,http://www.wikidata.org/entity/Q2018,11.0,2014-01-01T00:00:00Z,2015-01-01T00:00:00Z
http://www.wikidata.org/entity/Q3788202,http://www.wikidata.org/entity/Q1422,0.0,2013-01-01T00:00:00Z,2016-01-01T00:00:00Z
http://www.wikidata.org/entity/Q3792257,http://www.wikidata.org/entity/Q2674,0.0,2014-01-01T00:00:00Z,2014-01-01T00:00:00Z
http://www.wikidata.org/entity/Q3792257,http://www.wikidata.org/entity/Q2674,6.0,2011-01-01T00:00:00Z,2012-01-01T00:00:00Z
http://www.wikidata.org/entity/Q3792257,http://www.wikidata.org/entity/Q2674,6.0,2013-01-01T00:00:00Z,2014-01-01T00:00:00Z
http://www.wikidata.org/entity/Q3792453,http://www.wikidata.org/entity/Q2074,13.0,2005-01-01T00:00:00Z,2006-01-01T00:00:00Z
http://www.wikidata.org/entity/Q379414,http://www.wikidata.org/entity/Q2674,51.0,2004-01-01T00:00:00Z,2008-01-01T00:00:00Z
http://www.wikidata.org/entity/Q379414,http://www.wikidata.org/entity/Q631,14.0,2006-01-01T00:00:00Z,2007-01-01T00:00:00Z
http://www.wikidata.org/entity/Q3804721,http://www.wikidata.org/entity/Q1886,0.0,2002-01-01T00:00:00Z,2003-01-01T00:00:00Z
http://www.wikidata.org/entity/Q3804776,http://www.wikidata.org/entity/Q2710,81.0,1997-01-01T00:00:00Z,2002-01-01T00:00:00Z
http://www.wikidata.org/entity/Q3804839,http://www.wikidata.org/entity/Q2037,24.0,2002-01-01T00:00:00Z,2003-01-01T00:00:00Z
http://www.wikidata.org/entity/Q3804839,http://www.wikidata.org/entity/Q2074,19.0,2003-01-01T00:00:00Z,2005-01-01T00:00:00Z
http://www.wikidata.org/entity/Q3804852,http://www.wikidata.org/entity/Q2641,42.0,2006-01-01T00:00:00Z,2007-01-01T00:00:00Z
http://www.wikidata.org/entity/Q3804885,http://www.wikidata.org/entity/Q1900,0.0,2008-01-01T00:00:00Z,2008-01-01T00:00:00Z
http://www.wikidata.org/entity/Q3804933,http://www.wikidata.org/entity/Q2037,11.0,2002-01-01T00:00:00Z,2004-01-01T00:00:00Z
http://www.wikidata.org/entity/Q3810492,http://www.wikidata.org/entity/Q2074,10.0,2006-01-01T00:00:00Z,2009-01-01T00:00:00Z
http://www.wikidata.org/entity/Q3810925,http://www.wikidata.org/entity/Q2018,17.0,2000-01-01T00:00:00Z,2001-01-01T00:00:00Z
http://www.wikidata.org/entity/Q38693097,http://www.wikidata.org/entity/Q1422,100.0,2022-01-01T00:00:00Z,
http://www.wikidata.org/entity/Q39161128,http://www.wikidata.org/entity/Q2074,37.0,2022-01-01T00:00:00Z,
http://www.wikidata.org/entity/Q26069,http://www.wikidata.org/entity/Q1543,25.0,2009-08-07T00:00:00Z,2010-08-31T00:00:00Z
http://www.wikidata.org/entity/Q4201935,http://www.wikidata.org/entity/Q2018,6.0,2014-01-01T00:00:00Z,2015-01-01T00:00:00Z
http://www.wikidata.org/entity/Q4201935,http://www.wikidata.org/entity/Q2018,2.0,2011-01-01T00:00:00Z,2013-01-01T00:00:00Z
http://www.wikidata.org/entity/Q4201949,http://www.wikidata.org/entity/Q2641,2.0,2012-01-01T00:00:00Z,2014-01-01T00:00:00Z
http://www.wikidata.org/entity/Q4202251,http://www.wikidata.org/entity/Q1543,0.0,2010-01-01T00:00:00Z,2011-01-01T00:00:00Z
http://www.wikidata.org/entity/Q422012,http://www.wikidata.org/entity/Q1543,3.0,2012-01-01T00:00:00Z,2016-01-01T00:00:00Z
http://www.wikidata.org/entity/Q422012,http://www.wikidata.org/entity/Q1457,3.0,2013-01-01T00:00:00Z,2014-01-01T00:00:00Z
http://www.wikidata.org/entity/Q4254043,http://www.wikidata.org/entity/Q1543,27.0,2022-07-01T00:00:00Z,2025-01-01T00:00:00Z
http://www.wikidata.org/entity/Q426366,http://www.wikidata.org/entity/Q2074,40.0,2004-01-01T00:00:00Z,2005-01-01T00:00:00Z
http://www.wikidata.org/entity/Q426366,http://www.wikidata.org/entity/Q2037,0.0,2006-01-01T00:00:00Z,2006-01-01T00:00:00Z
http://www.wikidata.org/entity/Q4270093,http://www.wikidata.org/entity/Q2609,1.0,2009-01-01T00:00:00Z,2011-01-01T00:00:00Z
http://www.wikidata.org/entity/Q427398,http://www.wikidata.org/entity/Q1900,32.0,2000-01-01T00:00:00Z,2001-01-01T00:00:00Z
http://www.wikidata.org/entity/Q428983,http://www.wikidata.org/entity/Q1543,0.0,2009-01-01T00:00:00Z,2011-01-01T00:00:00Z
http://www.wikidata.org/entity/Q428983,http://www.wikidata.org/entity/Q2710,35.0,2011-01-01T00:00:00Z,2013-01-01T00:00:00Z
http://www.wikidata.org/entity/Q430103,http://www.wikidata.org/entity/Q1886,0.0,2007-01-01T00:00:00Z,2009-01-01T00:00:00Z
http://www.wikidata.org/entity/Q430729,http://www.wikidata.org/entity/Q1422,0.0,2001-01-01T00:00:00Z,2004-01-01T00:00:00Z
http://www.wikidata.org/entity/Q430729,http://www.wikidata.org/entity/Q631,4.0,2004-01-01T00:00:00Z,2007-01-01T00:00:00Z
http://www.wikidata.org/entity/Q430729,http://www.wikidata.org/entity/Q1900,8.0,2005-01-01T00:00:00Z,2006-01-01T00:00:00Z
http://www.wikidata.org/entity/Q430802,http://www.wikidata.org/entity/Q2074,32.0,2014-01-01T00:00:00Z,2015-01-01T00:00:00Z
http://www.wikidata.org/entity/Q430802,http://www.wikidata.org/entity/Q2052,37.0,2012-01-01T00:00:00Z,2014-01-01T00:00:00Z
http://www.wikidata.org/entity/Q430802,http://www.wikidata.org/entity/Q2052,24.0,2015-01-01T00:00:00Z,2016-01-01T00:00:00Z
http://www.wikidata.org/entity/Q431368,http://www.wikidata.org/entity/Q1543,2.0,2020-01-01T00:00:00Z,2020-08-01T00:00:00Z
http://www.wikidata.org/entity/Q431610,http://www.wikidata.org/entity/Q2018,3.0,2008-01-01T00:00:00Z,2010-01-01T00:00:00Z
http://www.wikidata.org/entity/Q433120,http://www.wikidata.org/entity/Q2074,146.0,2020-09-01T00:00:00Z,2025-07-01T00:00:00Z
http://www.wikidata.org/entity/Q433120,http://www.wikidata.org/entity/Q2609,23.0,2018-08-01T00:00:00Z,2020-09-01T00:00:00Z
http://www.wikidata.org/entity/Q433120,http://www.wikidata.org/entity/Q2052,22.0,2019-08-01T00:00:00Z,2020-08-01T00:00:00Z
http://www.wikidata.org/entity/Q433120,http://www.wikidata.org/entity/Q2052,108.0,2014-01-01T00:00:00Z,2018-06-01T00:00:00Z
http://www.wikidata.org/entity/Q433200,http://www.wikidata.org/entity/Q1543,0.0,2007-01-01T00:00:00Z,2010-01-01T00:00:00Z
http://www.wikidata.org/entity/Q434750,http://www.wikidata.org/entity/Q1422,8.0,1999-01-01T00:00:00Z,2000-01-01T00:00:00Z
http://www.wikidata.org/entity/Q4357675,http://www.wikidata.org/entity/Q2609,0.0,2004-01-01T00:00:00Z,2009-01-01T00:00:00Z
http://www.wikidata.org/entity/Q436230,http://www.wikidata.org/entity/Q1543,58.0,2017-07-01T00:00:00Z,2020-08-01T00:00:00Z
http://www.wikidata.org/entity/Q436230,http://www.wikidata.org/entity/Q2609,109.0,2013-01-01T00:00:00Z,2017-07-01T00:00:00Z
http://www.wikidata.org/entity/Q436987,http://www.wikidata.org/entity/Q2641,64.0,2019-07-04T00:00:00Z,2022-06-30T00:00:00Z
http://www.wikidata.org/entity/Q436987,http://www.wikidata.org/entity/Q2641,17.0,2018-08-17T00:00:00Z,2019-05-30T00:00:00Z
http://www.wikidata.org/entity/Q437329,http://www.wikidata.org/entity/Q1422,156.0,2019-08-01T00:00:00Z,2025-01-01T00:00:00Z
http://www.wikidata.org/entity/Q437673,http://www.wikidata.org/entity/Q1457,115.0,2017-08-01T00:00:00Z,2021-06-01T00:00:00Z
http://www.wikidata.org/entity/Q437673,http://www.wikidata.org/entity/Q1893,58.0,2010-01-01T00:00:00Z,2012-01-01T00:00:00Z
http://www.wikidata.org/entity/Q438035,http://www.wikidata.org/entity/Q2674,0.0,2008-01-01T00:00:00Z,2008-01-01T00:00:00Z
http://www.wikidata.org/entity/Q438235,http://www.wikidata.org/entity/Q2693,58.0,2008-01-01T00:00:00Z,2011-01-01T00:00:00Z
http://www.wikidata.org/entity/Q438235,http://www.wikidata.org/entity/Q1543,1.0,2006-01-01T00:00:00Z,2008-01-01T00:00:00Z
http://www.wikidata.org/entity/Q438235,http://www.wikidata.org/entity/Q2074,104.0,2011-01-01T00:00:00Z,2015-01-01T00:00:00Z
http://www.wikidata.org/entity/Q438340,http://www.wikidata.org/entity/Q2074,43.0,2014-01-01T00:00:00Z,2016-01-01T00:00:00Z
http://www.wikidata.org/entity/Q438593,http://www.wikidata.org/entity/Q1886,16.0,2003-01-01T00:00:00Z,2004-01-01T00:00:00Z
http://www.wikidata.org/entity/Q438593,http://www.wikidata.org/entity/Q1543,10.0,2001-01-01T00:00:00Z,2005-01-01T00:00:00Z
http://www.wikidata.org/entity/Q438684,http://www.wikidata.org/entity/Q2641,22.0,2009-01-01T00:00:00Z,2011-01-01T00:00:00Z
http://www.wikidata.org/entity/Q438722,http://www.wikidata.org/entity/Q2609,48.0,2012-01-01T00:00:00Z,2015-01-01T00:00:00Z
http://www.wikidata.org/entity/Q439278,http://www.wikidata.org/entity/Q1543,4.0,2013-01-01T00:00:00Z,2014-01-01T00:00:00Z
http://www.wikidata.org/entity/Q439278,http://www.wikidata.org/entity/Q2674,29.0,2011-01-01T00:00:00Z,2012-01-01T00:00:00Z
http://www.wikidata.org/entity/Q439278,http://www.wikidata.org/entity/Q631,9.0,2012-01-01T00:00:00Z,2015-01-01T00:00:00Z
http://www.wikidata.org/entity/Q439278,http://www.wikidata.org/entity/Q2018,118.0,2008-01-01T00:00:00Z,2011-01-01T00:00:00Z
http://www.wikidata.org/entity/Q439278,http://www.wikidata.org/entity/Q1457,29.0,2014-01-01T00:00:00Z,2015-01-01T00:00:00Z
http://www.wikidata.org/entity/Q439282,http://www.wikidata.org/entity/Q1422,0.0,2010-01-01T00:00:00Z,2011-01-01T00:00:00Z
http://www.wikidata.org/entity/Q439282,http://www.wikidata.org/entity/Q2074,33.0,2014-01-01T00:00:00Z,2015-01-01T00:00:00Z
http://www.wikidata.org/entity/Q439282,http://www.wikidata.org/entity/Q1422,40.0,2008-01-01T00:00:00Z,2010-01-01T00:00:00Z
http://www.wikidata.org/entity/Q439282,http://www.wikidata.org/entity/Q2074,10.0,2019-01-01T00:00:00Z,2020-01-01T00:00:00Z
http://www.wikidata.org/entity/Q439332,http://www.wikidata.org/entity/Q1543,9.0,2001-01-01T00:00:00Z,2002-01-01T00:00:00Z
http://www.wikidata.org/entity/Q439742,http://www.wikidata.org/entity/Q2609,69.0,2005-01-01T00:00:00Z,2008-01-01T00:00:00Z
http://www.wikidata.org/entity/Q439742,http://www.wikidata.org/entity/Q1893,125.0,2008-01-01T00:00:00Z,2012-01-01T00:00:00Z
http://www.wikidata.org/entity/Q439742,http://www.wikidata.org/entity/Q631,10.0,2012-01-01T00:00:00Z,2014-01-01T00:00:00Z
http://www.wikidata.org/entity/Q439926,http://www.wikidata.org/entity/Q2674,32.0,2003-01-01T00:00:00Z,2006-01-01T00:00:00Z
http://www.wikidata.org/entity/Q439926,http://www.wikidata.org/entity/Q2074,50.0,2001-01-01T00:00:00Z,2003-01-01T00:00:00Z
http://www.wikidata.org/entity/Q440031,http://www.wikidata.org/entity/Q1886,59.0,2011-01-01T00:00:00Z,2013-01-01T00:00:00Z
http://www.wikidata.org/entity/Q440031,http://www.wikidata.org/entity/Q1886,23.0,2008-01-01T00:00:00Z,2009-01-01T00:00:00Z
http://www.wikidata.org/entity/Q440031,http://www.wikidata.org/entity/Q2693,70.0,2004-01-01T00:00:00Z,2008-01-01T00:00:00Z
http://www.wikidata.org/entity/Q440031,http://www.wikidata.org/entity/Q2641,28.0,2009-01-01T00:00:00Z,2013-01-01T00:00:00Z
http://www.wikidata.org/entity/Q440097,http://www.wikidata.org/entity/Q2018,38.0,2013-01-01T00:00:00Z,2015-01-01T00:00:00Z
http://www.wikidata.org/entity/Q440409,http://www.wikidata.org/entity/Q1543,0.0,2007-01-01T00:00:00Z,2011-01-01T00:00:00Z
http://www.wikidata.org/entity/Q441426,http://www.wikidata.org/entity/Q1457,59.0,2012-01-01T00:00:00Z,2014-01-01T00:00:00Z
http://www.wikidata.org/entity/Q441426,http://www.wikidata.org/entity/Q2052,74.0,2009-01-01T00:00:00Z,2014-01-01T00:00:00Z
http://www.wikidata.org/entity/Q441426,http://www.wikidata.org/entity/Q2609,47.0,2006-01-01T00:00:00Z,2009-01-01T00:00:00Z
http://www.wikidata.org/entity/Q441437,http://www.wikidata.org/entity/Q2074,132.0,2008-01-01T00:00:00Z,2012-01-01T00:00:00Z
http://www.wikidata.org/entity/Q441437,http://www.wikidata.org/entity/Q2641,34.0,2012-01-01T00:00:00Z,2015-01-01T00:00:00Z
http://www.wikidata.org/entity/Q441639,http://www.wikidata.org/entity/Q1886,18.0,2014-01-01T00:00:00Z,2015-01-01T00:00:00Z
http://www.wikidata.org/entity/Q441639,http://www.wikidata.org/entity/Q2074,48.0,2008-01-01T00:00:00Z,2010-01-01T00:00:00Z
http://www.wikidata.org/entity/Q441639,http://www.wikidata.org/entity/Q2674,112.0,2004-01-01T00:00:00Z,2008-01-01T00:00:00Z
http://www.wikidata.org/entity/Q441639,http://www.wikidata.org/entity/Q2609,125.0,2010-01-01T00:00:00Z,2014-01-01T00:00:00Z
http://www.wikidata.org/entity/Q441665,http://www.wikidata.org/entity/Q1543,2.0,2008-01-01T00:00:00Z,2009-01-01T00:00:00Z
http://www.wikidata.org/entity/Q441695,http://www.wikidata.org/entity/Q2037,61.0,2007-01-01T00:00:00Z,2010-01-01T00:00:00Z
http://www.wikidata.org/entity/Q4501261,http://www.wikidata.org/entity/Q2018,21.0,2014-01-01T00:00:00Z,2015-01-01T00:00:00Z
http://www.wikidata.org/entity/Q533472,http://www.wikidata.org/entity/Q1543,0.0,2001-01-01T00:00:00Z,2004-01-01T00:00:00Z
http://www.wikidata.org/entity/Q533472,http://www.wikidata.org/entity/Q631,6.0,1999-01-01T00:00:00Z,2000-01-01T00:00:00Z
http://www.wikidata.org/entity/Q533643,http://www.wikidata.org/entity/Q2037,28.0,2003-01-01T00:00:00Z,2004-01-01T00:00:00Z
http://www.wikidata.org/entity/Q533643,http://www.wikidata.org/entity/Q2074,6.0,2013-01-01T00:00:00Z,2014-01-01T00:00:00Z
http://www.wikidata.org/entity/Q533643,http://www.wikidata.org/entity/Q2641,8.0,2011-01-01T00:00:00Z,2013-01-01T00:00:00Z
http://www.wikidata.org/entity/Q533643,http://www.wikidata.org/entity/Q2674,91.0,2002-01-01T00:00:00Z,2006-01-01T00:00:00Z
http://www.wikidata.org/entity/Q533669,http://www.wikidata.org/entity/Q1886,61.0,2008-01-01T00:00:00Z,2010-01-01T00:00:00Z
http://www.wikidata.org/entity/Q533669,http://www.wikidata.org/entity/Q2693,35.0,2012-01-01T00:00:00Z,2013-01-01T00:00:00Z
http://www.wikidata.org/entity/Q533669,http://www.wikidata.org/entity/Q2052,5.0,2004-01-01T00:00:00Z,2004-01-01T00:00:00Z
http://www.wikidata.org/entity/Q533669,http://www.wikidata.org/entity/Q2693,20.0,2011-01-01T00:00:00Z,2012-01-01T00:00:00Z
http://www.wikidata.org/entity/Q533669,http://www.wikidata.org/entity/Q2052,5.0,2004-01-01T00:00:00Z,2005-01-01T00:00:00Z
http://www.wikidata.org/entity/Q535050,http://www.wikidata.org/entity/Q631,41.0,2000-01-01T00:00:00Z,2002-01-01T00:00:00Z
http://www.wikidata.org/entity/Q535050,http://www.wikidata.org/entity/Q2693,5.0,2002-01-01T00:00:00Z,2003-01-01T00:00:00Z
http://www.wikidata.org/entity/Q536027,http://www.wikidata.org/entity/Q2609,84.0,1995-01-01T00:00:00Z,2005-01-01T00:00:00Z
http://www.wikidata.org/entity/Q5367516,http://www.wikidata.org/entity/Q2641,178.0,2015-01-01T00:00:00Z,2021-06-01T00:00:00Z
http://www.wikidata.org/entity/Q5367516,http://www.wikidata.org/entity/Q2609,101.0,2021-07-01T00:00:00Z,2026-07-01T00:00:00Z
http://www.wikidata.org/entity/Q5368020,http://www.wikidata.org/entity/Q2710,1.0,2014-01-01T00:00:00Z,2014-01-01T00:00:00Z
http://www.wikidata.org/entity/Q5369183,http://www.wikidata.org/entity/Q1457,0.0,2004-01-01T00:00:00Z,2005-01-01T00:00:00Z
http://www.wikidata.org/entity/Q5369202,http://www.wikidata.org/entity/Q2710,30.0,2004-01-01T00:00:00Z,2012-01-01T00:00:00Z
http://www.wikidata.org/entity/Q537032,http://www.wikidata.org/entity/Q2693,0.0,2012-01-01T00:00:00Z,2013-01-01T00:00:00Z
http://www.wikidata.org/entity/Q5370912,http://www.wikidata.org/entity/Q2674,9.0,2014-01-01T00:00:00Z,2015-01-01T00:00:00Z
http://www.wikidata.org/entity/Q5371332,http://www.wikidata.org/entity/Q1893,42.0,2015-01-01T00:00:00Z,2019-01-01T00:00:00Z
http://www.wikidata.org/entity/Q5373268,http://www.wikidata.org/entity/Q2074,0.0,2008-01-01T00:00:00Z,2010-01-01T00:00:00Z
http://www.wikidata.org/entity/Q537688,http://www.wikidata.org/entity/Q1543,18.0,2005-01-01T00:00:00Z,2006-01-01T00:00:00Z
http://www.wikidata.org/entity/Q540961,http://www.wikidata.org/entity/Q1457,2.0,2009-01-01T00:00:00Z,2009-01-01T00:00:00Z
http://www.wikidata.org/entity/Q540961,http://www.wikidata.org/entity/Q2052,1.0,2008-01-01T00:00:00Z,2009-01-01T00:00:00Z
http://www.wikidata.org/entity/Q541872,http://www.wikidata.org/entity/Q2693,37.0,2012-01-01T00:00:00Z,2014-01-01T00:00:00Z
http://www.wikidata.org/entity/Q541872,http://www.wikidata.org/entity/Q2074,31.0,2014-01-01T00:00:00Z,2018-06-01T00:00:00Z
http://www.wikidata.org/entity/Q541872,http://www.wikidata.org/entity/Q2037,16.0,2007-01-01T00:00:00Z,2008-01-01T00:00:00Z
http://www.wikidata.org/entity/Q541872,http://www.wikidata.org/entity/Q2052,4.0,2015-01-01T00:00:00Z,2015-01-01T00:00:00Z
http://www.wikidata.org/entity/Q5427802,http://www.wikidata.org/entity/Q2037,0.0,2009-01-01T00:00:00Z,2009-01-01T00:00:00Z
http://www.wikidata.org/entity/Q5427816,http://www.wikidata.org/entity/Q2710,60.0,2007-01-01T00:00:00Z,2009-01-01T00:00:00Z
http://www.wikidata.org/entity/Q5427816,http://www.wikidata.org/entity/Q2037,5.0,1999-01-01T00:00:00Z,2001-01-01T00:00:00Z
http://www.wikidata.org/entity/Q5427823,http://www.wikidata.org/entity/Q2710,13.0,2009-01-01T00:00:00Z,2009-01-01T00:00:00Z
http://www.wikidata.org/entity/Q5427833,http://www.wikidata.org/entity/Q2693,0.0,2005-01-01T00:00:00Z,2013-01-01T00:00:00Z
http://www.wikidata.org/entity/Q5427874,http://www.wikidata.org/entity/Q2693,0.0,2006-01-01T00:00:00Z,2009-01-01T00:00:00Z
http://www.wikidata.org/entity/Q5428195,http://www.wikidata.org/entity/Q2074,1.0,1997-01-01T00:00:00Z,2000-01-01T00:00:00Z
http://www.wikidata.org/entity/Q5428196,http://www.wikidata.org/entity/Q631,0.0,2003-01-01T00:00:00Z,2008-01-01T00:00:00Z
http://www.wikidata.org/entity/Q542953,http://www.wikidata.org/entity/Q1893,2.0,2010-01-01T00:00:00Z,2015-01-01T00:00:00Z
http://www.wikidata.org/entity/Q542953,http://www.wikidata.org/entity/Q1900,2.0,1998-01-01T00:00:00Z,2001-01-01T00:00:00Z
http://www.wikidata.org/entity/Q542953,http://www.wikidata.org/entity/Q2693,82.0,2004-01-01T00:00:00Z,2010-01-01T00:00:00Z
http://www.wikidata.org/entity/Q5438330,http://www.wikidata.org/entity/Q1893,0.0,1999-01-01T00:00:00Z,2001-01-01T00:00:00Z
http://www.wikidata.org/entity/Q5440983,http://www.wikidata.org/entity/Q631,0.0,2010-01-01T00:00:00Z,2011-01-01T00:00:00Z
http://www.wikidata.org/entity/Q5440999,http://www.wikidata.org/entity/Q2018,1.0,2013-01-01T00:00:00Z,2014-01-01T00:00:00Z
http://www.wikidata.org/entity/Q5441001,http://www.wikidata.org/entity/Q1543,0.0,2009-01-01T00:00:00Z,2010-01-01T00:00:00Z
http://www.wikidata.org/entity/Q5441025,http://www.wikidata.org/entity/Q2710,11.0,2009-01-01T00:00:00Z,2009-01-01T00:00:00Z
http://www.wikidata.org/entity/Q5441033,http://www.wikidata.org/entity/Q2710,43.0,2014-01-01T00:00:00Z,2015-01-01T00:00:00Z
http://www.wikidata.org/entity/Q5441043,http://www.wikidata.org/entity/Q1543,0.0,2005-01-01T00:00:00Z,2008-01-01T00:00:00Z
http://www.wikidata.org/entity/Q5441067,http://www.wikidata.org/entity/Q2609,0.0,2009-01-01T00:00:00Z,2010-01-01T00:00:00Z
http://www.wikidata.org/entity/Q5448487,http://www.wikidata.org/entity/Q2018,8.0,2014-01-01T00:00:00Z,2015-01-01T00:00:00Z
http://www.wikidata.org/entity/Q5448487,http://www.wikidata.org/entity/Q2693,0.0,2013-01-01T00:00:00Z,2015-01-01T00:00:00Z
http://www.wikidata.org/entity/Q5448714,http://www.wikidata.org/entity/Q1900,14.0,2022-09-01T00:00:00Z,2023-06-01T00:00:00Z
http://www.wikidata.org/entity/Q5448714,http://www.wikidata.org/entity/Q1893,9.0,2015-08-01T00:00:00Z,2016-01-01T00:00:00Z
http://www.wikidata.org/entity/Q5448714,http://www.wikidata.org/entity/Q1893,0.0,2016-01-01T00:00:00Z,2018-07-01T00:00:00Z
http://www.wikidata.org/entity/Q5448714,http://www.wikidata.org/entity/Q2710,8.0,2018-01-01T00:00:00Z,2018-06-01T00:00:00Z
http://www.wikidata.org/entity/Q5448723,http://www.wikidata.org/entity/Q631,0.0,2008-01-01T00:00:00Z,2008-01-01T00:00:00Z
http://www.wikidata.org/entity/Q5448731,http://www.wikidata.org/entity/Q1543,0.0,2008-01-01T00:00:00Z,2013-01-01T00:00:00Z
http://www.wikidata.org/entity/Q5448737,http://www.wikidata.org/entity/Q1893,0.0,2009-01-01T00:00:00Z,2010-01-01T00:00:00Z
http://www.wikidata.org/entity/Q5448738,http://www.wikidata.org/entity/Q2037,0.0,2010-01-01T00:00:00Z,2012-01-01T00:00:00Z
http://www.wikidata.org/entity/Q5479187,http://www.wikidata.org/entity/Q2674,0.0,2010-01-01T00:00:00Z,2011-01-01T00:00:00Z
http://www.wikidata.org/entity/Q5479242,http://www.wikidata.org/entity/Q1543,0.0,2000-01-01T00:00:00Z,2001-01-01T00:00:00Z
http://www.wikidata.org/entity/Q5479294,http://www.wikidata.org/entity/Q2037,0.0,2008-01-01T00:00:00Z,2009-01-01T00:00:00Z
http://www.wikidata.org/entity/Q5479294,http://www.wikidata.org/entity/Q2693,0.0,2013-01-01T00:00:00Z,2014-01-01T00:00:00Z
http://www.wikidata.org/entity/Q5479358,http://www.wikidata.org/entity/Q2693,0.0,2011-01-01T00:00:00Z,2015-01-01T00:00:00Z
http://www.wikidata.org/entity/Q5479482,http://www.wikidata.org/entity/Q2018,0.0,2010-01-01T00:00:00Z,2013-01-01T00:00:00Z
http://www.wikidata.org/entity/Q5479491,http://www.wikidata.org/entity/Q2693,1.0,2008-01-01T00:00:00Z,2009-01-01T00:00:00Z
http://www.wikidata.org/entity/Q5479526,http://www.wikidata.org/entity/Q2037,0.0,2001-01-01T00:00:00Z,2002-01-01T00:00:00Z
http://www.wikidata.org/entity/Q5479526,http://www.wikidata.org/entity/Q1893,1.0,2000-01-01T00:00:00Z,2001-01-01T00:00:00Z
http://www.wikidata.org/entity/Q5479575,http://www.wikidata.org/entity/Q2052,0.0,2002-01-01T00:00:00Z,2004-01-01T00:00:00Z
http://www.wikidata.org/entity/Q5479602,http://www.wikidata.org/entity/Q2674,0.0,2012-01-01T00:00:00Z,2014-01-01T00:00:00Z
http://www.wikidata.org/entity/Q5479608,http://www.wikidata.org/entity/Q2710,4.0,2008-01-01T00:00:00Z,2008-01-01T00:00:00Z
http://www.wikidata.org/entity/Q5479608,http://www.wikidata.org/entity/Q1457,0.0,2004-01-01T00:00:00Z,2011-01-01T00:00:00Z
http://www.wikidata.org/entity/Q5479613,http://www.wikidata.org/entity/Q2710,21.0,2009-01-01T00:00:00Z,2010-01-01T00:00:00Z
http://www.wikidata.org/entity/Q4013248,http://www.wikidata.org/entity/Q1900,3.0,1998-01-01T00:00:00Z,1999-01-01T00:00:00Z
http://www.wikidata.org/entity/Q4013324,http://www.wikidata.org/entity/Q2018,6.0,2003-01-01T00:00:00Z,2003-01-01T00:00:00Z
http://www.wikidata.org/entity/Q4013324,http://www.wikidata.org/entity/Q1457,70.0,1994-01-01T00:00:00Z,2005-01-01T00:00:00Z
http://www.wikidata.org/entity/Q4013387,http://www.wikidata.org/entity/Q1900,5.0,2007-01-01T00:00:00Z,2008-01-01T00:00:00Z
http://www.wikidata.org/entity/Q4013415,http://www.wikidata.org/entity/Q2074,11.0,2006-01-01T00:00:00Z,2006-01-01T00:00:00Z
http://www.wikidata.org/entity/Q4013457,http://www.wikidata.org/entity/Q2710,0.0,2006-01-01T00:00:00Z,2006-01-01T00:00:00Z
http://www.wikidata.org/entity/Q4013559,http://www.wikidata.org/entity/Q2074,412.0,1985-01-01T00:00:00Z,2000-01-01T00:00:00Z
http://www.wikidata.org/entity/Q4013687,http://www.wikidata.org/entity/Q1886,14.0,1999-01-01T00:00:00Z,2004-01-01T00:00:00Z
http://www.wikidata.org/entity/Q4015069,http://www.wikidata.org/entity/Q2693,0.0,2013-01-01T00:00:00Z,2015-01-01T00:00:00Z
http://www.wikidata.org/entity/Q4015452,http://www.wikidata.org/entity/Q2710,57.0,2001-01-01T00:00:00Z,2004-01-01T00:00:00Z
http://www.wikidata.org/entity/Q4015887,http://www.wikidata.org/entity/Q1893,55.0,2002-01-01T00:00:00Z,2007-01-01T00:00:00Z
http://www.wikidata.org/entity/Q4015887,http://www.wikidata.org/entity/Q1900,0.0,2012-01-01T00:00:00Z,2012-01-01T00:00:00Z
http://www.wikidata.org/entity/Q4015887,http://www.wikidata.org/entity/Q2710,10.0,2005-01-01T00:00:00Z,2005-01-01T00:00:00Z
http://www.wikidata.org/entity/Q4015887,http://www.wikidata.org/entity/Q1886,24.0,2003-01-01T00:00:00Z,2004-01-01T00:00:00Z
http://www.wikidata.org/entity/Q4015887,http://www.wikidata.org/entity/Q1893,0.0,2002-01-01T00:00:00Z,2002-01-01T00:00:00Z
http://www.wikidata.org/entity/Q402168,http://www.wikidata.org/entity/Q1457,0.0,2009-01-01T00:00:00Z,2011-01-01T00:00:00Z
http://www.wikidata.org/entity/Q402320,http://www.wikidata.org/entity/Q2693,0.0,2013-01-01T00:00:00Z,2013-01-01T00:00:00Z
http://www.wikidata.org/entity/Q402320,http://www.wikidata.org/entity/Q2693,0.0,2013-01-01T00:00:00Z,2014-01-01T00:00:00Z
http://www.wikidata.org/entity/Q3928980,http://www.wikidata.org/entity/Q1900,1.0,2016-01-01T00:00:00Z,
http://www.wikidata.org/entity/Q387816,http://www.wikidata.org/entity/Q1886,48.0,2003-01-01T00:00:00Z,2006-01-01T00:00:00Z
http://www.wikidata.org/entity/Q387964,http://www.wikidata.org/entity/Q1893,5.0,2011-01-01T00:00:00Z,2011-01-01T00:00:00Z
http://www.wikidata.org/entity/Q387964,http://www.wikidata.org/entity/Q1543,2.0,2010-01-01T00:00:00Z,2011-01-01T00:00:00Z
http://www.wikidata.org/entity/Q387964,http://www.wikidata.org/entity/Q1543,0.0,2010-01-01T00:00:00Z,2010-01-01T00:00:00Z
http://www.wikidata.org/entity/Q3894058,http://www.wikidata.org/entity/Q1886,36.0,2002-01-01T00:00:00Z,2003-01-01T00:00:00Z
http://www.wikidata.org/entity/Q3894058,http://www.wikidata.org/entity/Q2074,14.0,2004-01-01T00:00:00Z,2004-01-01T00:00:00Z
http://www.wikidata.org/entity/Q3894058,http://www.wikidata.org/entity/Q2037,2.0,2001-01-01T00:00:00Z,2002-01-01T00:00:00Z
http://www.wikidata.org/entity/Q3894078,http://www.wikidata.org/entity/Q2710,4.0,2013-01-01T00:00:00Z,2014-01-01T00:00:00Z
http://www.wikidata.org/entity/Q3897076,http://www.wikidata.org/entity/Q2674,8.0,1999-01-01T00:00:00Z,2000-01-01T00:00:00Z
http://www.wikidata.org/entity/Q3897112,http://www.wikidata.org/entity/Q1893,15.0,2000-01-01T00:00:00Z,2002-01-01T00:00:00Z
http://www.wikidata.org/entity/Q3897112,http://www.wikidata.org/entity/Q631,0.0,2001-01-01T00:00:00Z,2002-01-01T00:00:00Z
http://www.wikidata.org/entity/Q3897112,http://www.wikidata.org/entity/Q2052,107.0,1995-01-01T00:00:00Z,2000-01-01T00:00:00Z
http://www.wikidata.org/entity/Q3898382,http://www.wikidata.org/entity/Q2074,3.0,2001-01-01T00:00:00Z,2001-01-01T00:00:00Z
http://www.wikidata.org/entity/Q3898667,http://www.wikidata.org/entity/Q2074,4.0,2006-01-01T00:00:00Z,2007-01-01T00:00:00Z
http://www.wikidata.org/entity/Q3903041,http://www.wikidata.org/entity/Q2052,0.0,2009-01-01T00:00:00Z,2010-01-01T00:00:00Z
http://www.wikidata.org/entity/Q3903450,http://www.wikidata.org/entity/Q1886,11.0,1999-01-01T00:00:00Z,2000-01-01T00:00:00Z
http://www.wikidata.org/entity/Q3903450,http://www.wikidata.org/entity/Q1886,10.0,1997-01-01T00:00:00Z,1999-01-01T00:00:00Z
http://www.wikidata.org/entity/Q3903450,http://www.wikidata.org/entity/Q1422,0.0,1999-01-01T00:00:00Z,2001-01-01T00:00:00Z
http://www.wikidata.org/entity/Q3903821,http://www.wikidata.org/entity/Q2641,0.0,2001-01-01T00:00:00Z,2003-01-01T00:00:00Z
http://www.wikidata.org/entity/Q458683,http://www.wikidata.org/entity/Q1900,60.0,2010-01-01T00:00:00Z,2014-01-01T00:00:00Z
http://www.wikidata.org/entity/Q458683,http://www.wikidata.org/entity/Q2074,0.0,2015-01-01T00:00:00Z,2015-01-01T00:00:00Z
http://www.wikidata.org/entity/Q458683,http://www.wikidata.org/entity/Q1900,9.0,2010-01-01T00:00:00Z,2010-01-01T00:00:00Z
http://www.wikidata.org/entity/Q458683,http://www.wikidata.org/entity/Q1422,3.0,2008-01-01T00:00:00Z,2010-01-01T00:00:00Z
http://www.wikidata.org/entity/Q459728,http://www.wikidata.org/entity/Q2018,37.0,2014-01-01T00:00:00Z,2015-01-01T00:00:00Z
http://www.wikidata.org/entity/Q459728,http://www.wikidata.org/entity/Q2693,25.0,2002-01-01T00:00:00Z,2005-01-01T00:00:00Z
http://www.wikidata.org/entity/Q460758,http://www.wikidata.org/entity/Q2609,9.0,2006-01-01T00:00:00Z,2006-01-01T00:00:00Z
http://www.wikidata.org/entity/Q460758,http://www.wikidata.org/entity/Q2710,35.0,2009-01-01T00:00:00Z,2011-01-01T00:00:00Z
http://www.wikidata.org/entity/Q460758,http://www.wikidata.org/entity/Q2074,0.0,2012-01-01T00:00:00Z,2014-01-01T00:00:00Z
http://www.wikidata.org/entity/Q460758,http://www.wikidata.org/entity/Q2674,18.0,2005-01-01T00:00:00Z,2006-01-01T00:00:00Z
http://www.wikidata.org/entity/Q460758,http://www.wikidata.org/entity/Q1457,8.0,2006-01-01T00:00:00Z,2009-01-01T00:00:00Z
http://www.wikidata.org/entity/Q461177,http://www.wikidata.org/entity/Q2074,95.0,2004-01-01T00:00:00Z,2007-01-01T00:00:00Z
http://www.wikidata.org/entity/Q461505,http://www.wikidata.org/entity/Q2609,34.0,2012-01-01T00:00:00Z,2015-01-01T00:00:00Z
http://www.wikidata.org/entity/Q462779,http://www.wikidata.org/entity/Q1422,38.0,2017-01-01T00:00:00Z,2019-01-01T00:00:00Z
http://www.wikidata.org/entity/Q462779,http://www.wikidata.org/entity/Q1422,21.0,2016-01-01T00:00:00Z,2017-01-01T00:00:00Z
http://www.wikidata.org/entity/Q462836,http://www.wikidata.org/entity/Q1886,30.0,1999-01-01T00:00:00Z,2001-01-01T00:00:00Z
http://www.wikidata.org/entity/Q462836,http://www.wikidata.org/entity/Q1900,1.0,2010-01-01T00:00:00Z,2011-01-01T00:00:00Z
http://www.wikidata.org/entity/Q462836,http://www.wikidata.org/entity/Q2710,31.0,2012-01-01T00:00:00Z,2014-01-01T00:00:00Z
http://www.wikidata.org/entity/Q462842,http://www.wikidata.org/entity/Q1422,40.0,1997-01-01T00:00:00Z,2001-01-01T00:00:00Z
http://www.wikidata.org/entity/Q463429,http://www.wikidata.org/entity/Q1543,1.0,2007-01-01T00:00:00Z,2012-01-01T00:00:00Z
http://www.wikidata.org/entity/Q463429,http://www.wikidata.org/entity/Q2074,1.0,2008-01-01T00:00:00Z,2009-01-01T00:00:00Z
http://www.wikidata.org/entity/Q463429,http://www.wikidata.org/entity/Q2674,14.0,2013-01-01T00:00:00Z,2015-01-01T00:00:00Z
http://www.wikidata.org/entity/Q463429,http://www.wikidata.org/entity/Q1893,22.0,2007-01-01T00:00:00Z,2008-01-01T00:00:00Z
http://www.wikidata.org/entity/Q463890,http://www.wikidata.org/entity/Q1422,0.0,1993-01-01T00:00:00Z,1999-01-01T00:00:00Z
http://www.wikidata.org/entity/Q463890,http://www.wikidata.org/entity/Q2037,64.0,2000-01-01T00:00:00Z,2002-01-01T00:00:00Z
http://www.wikidata.org/entity/Q463890,http://www.wikidata.org/entity/Q2609,101.0,2002-01-01T00:00:00Z,2011-01-01T00:00:00Z
http://www.wikidata.org/entity/Q463890,http://www.wikidata.org/entity/Q2052,11.0,2003-07-01T00:00:00Z,2003-01-01T00:00:00Z
http://www.wikidata.org/entity/Q463890,http://www.wikidata.org/entity/Q2074,26.0,1999-01-01T00:00:00Z,2000-01-01T00:00:00Z
http://www.wikidata.org/entity/Q464145,http://www.wikidata.org/entity/Q2052,33.0,2004-01-01T00:00:00Z,2005-01-01T00:00:00Z
http://www.wikidata.org/entity/Q464160,http://www.wikidata.org/entity/Q1900,35.0,2005-01-01T00:00:00Z,2008-01-01T00:00:00Z
http://www.wikidata.org/entity/Q465935,http://www.wikidata.org/entity/Q2710,10.0,2013-01-01T00:00:00Z,2013-01-01T00:00:00Z
http://www.wikidata.org/entity/Q465935,http://www.wikidata.org/entity/Q2074,17.0,2012-01-01T00:00:00Z,2012-01-01T00:00:00Z
http://www.wikidata.org/entity/Q465935,http://www.wikidata.org/entity/Q2609,24.0,2011-01-01T00:00:00Z,2015-01-01T00:00:00Z
http://www.wikidata.org/entity/Q465935,http://www.wikidata.org/entity/Q2074,10.0,2014-01-01T00:00:00Z,2014-01-01T00:00:00Z
http://www.wikidata.org/entity/Q465935,http://www.wikidata.org/entity/Q1422,0.0,1999-01-01T00:00:00Z,2003-01-01T00:00:00Z
http://www.wikidata.org/entity/Q465935,http://www.wikidata.org/entity/Q1422,0.0,2005-01-01T00:00:00Z,2007-01-01T00:00:00Z
http://www.wikidata.org/entity/Q465935,http://www.wikidata.org/entity/Q2074,11.0,2006-01-01T00:00:00Z,2007-01-01T00:00:00Z
http://www.wikidata.org/entity/Q465935,http://www.wikidata.org/entity/Q2074,114.0,2007-01-01T00:00:00Z,2011-01-01T00:00:00Z
http://www.wikidata.org/entity/Q465935,http://www.wikidata.org/entity/Q2037,18.0,2003-01-01T00:00:00Z,2005-01-01T00:00:00Z
http://www.wikidata.org/entity/Q466127,http://www.wikidata.org/entity/Q631,0.0,1995-01-01T00:00:00Z,1999-01-01T00:00:00Z
http://www.wikidata.org/entity/Q466127,http://www.wikidata.org/entity/Q631,43.0,2001-01-01T00:00:00Z,2004-01-01T00:00:00Z
http://www.wikidata.org/entity/Q466127,http://www.wikidata.org/entity/Q1900,26.0,1998-01-01T00:00:00Z,1999-01-01T00:00:00Z
http://www.wikidata.org/entity/Q4665141,http://www.wikidata.org/entity/Q2693,0.0,2010-01-01T00:00:00Z,2013-01-01T00:00:00Z
http://www.wikidata.org/entity/Q4665141,http://www.wikidata.org/entity/Q2710,0.0,2008-01-01T00:00:00Z,2009-01-01T00:00:00Z
http://www.wikidata.org/entity/Q4666562,http://www.wikidata.org/entity/Q2693,1.0,2010-01-01T00:00:00Z,2015-01-01T00:00:00Z
http://www.wikidata.org/entity/Q466671,http://www.wikidata.org/entity/Q2710,12.0,2014-01-01T00:00:00Z,2016-01-01T00:00:00Z
http://www.wikidata.org/entity/Q4680086,http://www.wikidata.org/entity/Q631,0.0,2014-01-01T00:00:00Z,2015-01-01T00:00:00Z
http://www.wikidata.org/entity/Q4684875,http://www.wikidata.org/entity/Q2018,0.0,2008-01-01T00:00:00Z,2011-01-01T00:00:00Z
http://www.wikidata.org/entity/Q468656,http://www.wikidata.org/entity/Q2674,129.0,2006-01-01T00:00:00Z,2010-01-01T00:00:00Z
http://www.wikidata.org/entity/Q468656,http://www.wikidata.org/entity/Q2693,71.0,2004-01-01T00:00:00Z,2006-01-01T00:00:00Z
http://www.wikidata.org/entity/Q468681,http://www.wikidata.org/entity/Q2641,37.0,2008-01-01T00:00:00Z,2013-01-01T00:00:00Z
http://www.wikidata.org/entity/Q468681,http://www.wikidata.org/entity/Q1422,1.0,2010-01-01T00:00:00Z,2011-01-01T00:00:00Z
http://www.wikidata.org/entity/Q468681,http://www.wikidata.org/entity/Q2674,31.0,2002-01-01T00:00:00Z,2008-01-01T00:00:00Z
http://www.wikidata.org/entity/Q468683,http://www.wikidata.org/entity/Q2674,2.0,2009-01-01T00:00:00Z,2010-01-01T00:00:00Z
http://www.wikidata.org/entity/Q468694,http://www.wikidata.org/entity/Q2641,111.0,2008-01-01T00:00:00Z,2013-01-01T00:00:00Z
http://www.wikidata.org/entity/Q468694,http://www.wikidata.org/entity/Q2674,15.0,2013-01-01T00:00:00Z,2014-01-01T00:00:00Z
http://www.wikidata.org/entity/Q56876908,http://www.wikidata.org/entity/Q1422,0.0,2021-01-01T00:00:00Z,
http://www.wikidata.org/entity/Q58756956,http://www.wikidata.org/entity/Q2693,119.0,2021-06-01T00:00:00Z,
http://www.wikidata.org/entity/Q59649459,http://www.wikidata.org/entity/Q2052,65.0,2023-08-01T00:00:00Z,
http://www.wikidata.org/entity/Q59914100,http://www.wikidata.org/entity/Q1886,52.0,2024-01-01T00:00:00Z,
http://www.wikidata.org/entity/Q59914700,http://www.wikidata.org/entity/Q2037,13.0,2019-01-01T00:00:00Z,
http://www.wikidata.org/entity/Q57456989,http://www.wikidata.org/entity/Q1543,8.0,2022-09-01T00:00:00Z,2023-06-30T00:00:00Z
http://www.wikidata.org/entity/Q59655998,http://www.wikidata.org/entity/Q1422,16.0,2025-01-01T00:00:00Z,2025-06-30T00:00:00Z
http://www.wikidata.org/entity/Q59656067,http://www.wikidata.org/entity/Q2074,45.0,2021-01-01T00:00:00Z,2026-08-01T00:00:00Z
http://www.wikidata.org/entity/Q59914100,http://www.wikidata.org/entity/Q1900,31.0,2021-01-01T00:00:00Z,2022-01-01T00:00:00Z
http://www.wikidata.org/entity/Q59914100,http://www.wikidata.org/entity/Q1900,0.0,2022-01-01T00:00:00Z,2023-01-01T00:00:00Z
http://www.wikidata.org/entity/Q59914100,http://www.wikidata.org/entity/Q2710,30.0,2020-09-01T00:00:00Z,2021-01-01T00:00:00Z
http://www.wikidata.org/entity/Q59914100,http://www.wikidata.org/entity/Q631,18.0,2022-01-01T00:00:00Z,2023-01-01T00:00:00Z
http://www.wikidata.org/entity/Q59914100,http://www.wikidata.org/entity/Q1886,1.0,2020-01-01T00:00:00Z,2020-06-01T00:00:00Z
http://www.wikidata.org/entity/Q59914139,http://www.wikidata.org/entity/Q2693,17.0,2019-01-01T00:00:00Z,2020-01-01T00:00:00Z
http://www.wikidata.org/entity/Q59914139,http://www.wikidata.org/entity/Q1422,55.0,2020-01-01T00:00:00Z,2023-01-01T00:00:00Z
http://www.wikidata.org/entity/Q59914139,http://www.wikidata.org/entity/Q1886,3.0,2019-01-01T00:00:00Z,2020-01-01T00:00:00Z
http://www.wikidata.org/entity/Q59914139,http://www.wikidata.org/entity/Q2693,19.0,2020-01-01T00:00:00Z,2020-01-01T00:00:00Z
http://www.wikidata.org/entity/Q605539,http://www.wikidata.org/entity/Q1893,71.0,2008-01-01T00:00:00Z,2011-01-01T00:00:00Z
http://www.wikidata.org/entity/Q605539,http://www.wikidata.org/entity/Q2641,68.0,2011-01-01T00:00:00Z,2015-01-01T00:00:00Z
http://www.wikidata.org/entity/Q607066,http://www.wikidata.org/entity/Q2074,138.0,1998-01-01T00:00:00Z,2002-01-01T00:00:00Z
http://www.wikidata.org/entity/Q607066,http://www.wikidata.org/entity/Q2674,116.0,2003-01-01T00:00:00Z,2006-01-01T00:00:00Z
http://www.wikidata.org/entity/Q607066,http://www.wikidata.org/entity/Q2609,48.0,2006-01-01T00:00:00Z,2008-01-01T00:00:00Z
http://www.wikidata.org/entity/Q607066,http://www.wikidata.org/entity/Q1893,33.0,2009-01-01T00:00:00Z,2011-01-01T00:00:00Z
http://www.wikidata.org/entity/Q607066,http://www.wikidata.org/entity/Q1886,0.0,2012-01-01T00:00:00Z,2012-01-01T00:00:00Z
http://www.wikidata.org/entity/Q60734159,http://www.wikidata.org/entity/Q631,0.0,2018-01-01T00:00:00Z,2019-01-01T00:00:00Z
http://www.wikidata.org/entity/Q607364,http://www.wikidata.org/entity/Q1893,184.0,2001-01-01T00:00:00Z,2007-01-01T00:00:00Z
http://www.wikidata.org/entity/Q607364,http://www.wikidata.org/entity/Q1457,59.0,2007-01-01T00:00:00Z,2010-01-01T00:00:00Z
http://www.wikidata.org/entity/Q607364,http://www.wikidata.org/entity/Q2641,91.0,1997-01-01T00:00:00Z,2001-01-01T00:00:00Z
http://www.wikidata.org/entity/Q608401,http://www.wikidata.org/entity/Q1893,116.0,1996-01-01T00:00:00Z,2000-01-01T00:00:00Z
http://www.wikidata.org/entity/Q6096029,http://www.wikidata.org/entity/Q2693,0.0,2011-01-01T00:00:00Z,2015-01-01T00:00:00Z
http://www.wikidata.org/entity/Q6096881,http://www.wikidata.org/entity/Q1457,0.0,2008-01-01T00:00:00Z,2009-01-01T00:00:00Z
http://www.wikidata.org/entity/Q6097177,http://www.wikidata.org/entity/Q1893,11.0,2005-01-01T00:00:00Z,2006-01-01T00:00:00Z
http://www.wikidata.org/entity/Q6097699,http://www.wikidata.org/entity/Q2609,1.0,2016-02-01T00:00:00Z,2020-06-01T00:00:00Z
http://www.wikidata.org/entity/Q610605,http://www.wikidata.org/entity/Q2674,2.0,2015-01-01T00:00:00Z,2015-01-01T00:00:00Z
http://www.wikidata.org/entity/Q610605,http://www.wikidata.org/entity/Q2674,7.0,2015-01-01T00:00:00Z,2016-01-01T00:00:00Z
http://www.wikidata.org/entity/Q610850,http://www.wikidata.org/entity/Q2693,69.0,2007-01-01T00:00:00Z,2014-01-01T00:00:00Z
http://www.wikidata.org/entity/Q610855,http://www.wikidata.org/entity/Q2693,33.0,2013-01-01T00:00:00Z,2015-01-01T00:00:00Z
http://www.wikidata.org/entity/Q610855,http://www.wikidata.org/entity/Q631,4.0,2015-01-01T00:00:00Z,2015-01-01T00:00:00Z
http://www.wikidata.org/entity/Q610855,http://www.wikidata.org/entity/Q2052,18.0,2010-01-01T00:00:00Z,2010-01-01T00:00:00Z
http://www.wikidata.org/entity/Q610855,http://www.wikidata.org/entity/Q2052,8.0,2010-01-01T00:00:00Z,2013-01-01T00:00:00Z
http://www.wikidata.org/entity/Q611056,http://www.wikidata.org/entity/Q1893,16.0,2007-01-01T00:00:00Z,2009-01-01T00:00:00Z
http://www.wikidata.org/entity/Q611116,http://www.wikidata.org/entity/Q1900,28.0,2014-01-01T00:00:00Z,2015-01-01T00:00:00Z
http://www.wikidata.org/entity/Q611116,http://www.wikidata.org/entity/Q631,0.0,2014-01-01T00:00:00Z,2015-01-01T00:00:00Z
http://www.wikidata.org/entity/Q611116,http://www.wikidata.org/entity/Q2693,0.0,2012-01-01T00:00:00Z,2014-01-01T00:00:00Z
http://www.wikidata.org/entity/Q611501,http://www.wikidata.org/entity/Q2609,8.0,2006-01-01T00:00:00Z,2011-01-01T00:00:00Z
http://www.wikidata.org/entity/Q611501,http://www.wikidata.org/entity/Q631,0.0,2000-01-01T00:00:00Z,2001-01-01T00:00:00Z
http://www.wikidata.org/entity/Q611501,http://www.wikidata.org/entity/Q1457,3.0,2012-01-01T00:00:00Z,2013-01-01T00:00:00Z
http://www.wikidata.org/entity/Q611555,http://www.wikidata.org/entity/Q1893,27.0,2005-01-01T00:00:00Z,2006-01-01T00:00:00Z
http://www.wikidata.org/entity/Q611555,http://www.wikidata.org/entity/Q2037,0.0,2008-01-01T00:00:00Z,2010-01-01T00:00:00Z
http://www.wikidata.org/entity/Q611603,http://www.wikidata.org/entity/Q2674,28.0,2002-01-01T00:00:00Z,2003-01-01T00:00:00Z
http://www.wikidata.org/entity/Q611603,http://www.wikidata.org/entity/Q2074,29.0,2007-01-01T00:00:00Z,2008-01-01T00:00:00Z
http://www.wikidata.org/entity/Q611603,http://www.wikidata.org/entity/Q2052,31.0,2003-01-01T00:00:00Z,2004-01-01T00:00:00Z
http://www.wikidata.org/entity/Q611603,http://www.wikidata.org/entity/Q2693,333.0,2008-01-01T00:00:00Z,2018-01-01T00:00:00Z
http://www.wikidata.org/entity/Q6119997,http://www.wikidata.org/entity/Q2609,0.0,2009-01-01T00:00:00Z,2011-01-01T00:00:00Z
http://www.wikidata.org/entity/Q6125619,http://www.wikidata.org/entity/Q631,0.0,2010-01-01T00:00:00Z,2013-01-01T00:00:00Z
http://www.wikidata.org/entity/Q612823,http://www.wikidata.org/entity/Q2693,56.0,2005-01-01T00:00:00Z,2008-01-01T00:00:00Z
http://www.wikidata.org/entity/Q614334,http://www.wikidata.org/entity/Q2052,81.0,2014-01-01T00:00:00Z,2017-07-27T00:00:00Z
http://www.wikidata.org/entity/Q614334,http://www.wikidata.org/entity/Q1543,23.0,2020-09-11T00:00:00Z,2023-06-30T00:00:00Z
http://www.wikidata.org/entity/Q615853,http://www.wikidata.org/entity/Q2037,0.0,2015-02-01T00:00:00Z,2016-07-01T00:00:00Z
http://www.wikidata.org/entity/Q6171153,http://www.wikidata.org/entity/Q2018,0.0,2012-01-01T00:00:00Z,2012-01-01T00:00:00Z
http://www.wikidata.org/entity/Q6171153,http://www.wikidata.org/entity/Q631,0.0,2009-01-01T00:00:00Z,2010-01-01T00:00:00Z
http://www.wikidata.org/entity/Q6171266,http://www.wikidata.org/entity/Q1457,0.0,2001-01-01T00:00:00Z,2001-01-01T00:00:00Z
http://www.wikidata.org/entity/Q6171458,http://www.wikidata.org/entity/Q2641,0.0,2011-01-01T00:00:00Z,2011-01-01T00:00:00Z
http://www.wikidata.org/entity/Q6191154,http://www.wikidata.org/entity/Q2693,0.0,2014-01-01T00:00:00Z,2014-01-01T00:00:00Z
http://www.wikidata.org/entity/Q623113,http://www.wikidata.org/entity/Q2074,15.0,2010-01-01T00:00:00Z,2012-01-01T00:00:00Z
http://www.wikidata.org/entity/Q626837,http://www.wikidata.org/entity/Q1422,2.0,2004-01-01T00:00:00Z,2006-01-01T00:00:00Z
http://www.wikidata.org/entity/Q6298063,http://www.wikidata.org/entity/Q1422,25.0,2018-01-01T00:00:00Z,2019-01-01T00:00:00Z
http://www.wikidata.org/entity/Q6298063,http://www.wikidata.org/entity/Q631,26.0,2017-01-01T00:00:00Z,2018-01-01T00:00:00Z
http://www.wikidata.org/entity/Q6298271,http://www.wikidata.org/entity/Q631,64.0,2016-01-01T00:00:00Z,2021-07-01T00:00:00Z
http://www.wikidata.org/entity/Q6299546,http://www.wikidata.org/entity/Q1893,0.0,2012-01-01T00:00:00Z,2013-01-01T00:00:00Z
http://www.wikidata.org/entity/Q4018254,http://www.wikidata.org/entity/Q2641,1.0,2008-01-01T00:00:00Z,
http://www.wikidata.org/entity/Q69580745,http://www.wikidata.org/entity/Q2641,2.0,2023-01-01T00:00:00Z,
http://www.wikidata.org/entity/Q7564054,http://www.wikidata.org/entity/Q1543,0.0,2021-01-01T00:00:00Z,
http://www.wikidata.org/entity/Q7599020,http://www.wikidata.org/entity/Q2641,168.0,2020-01-15T00:00:00Z,
http://www.wikidata.org/entity/Q7606487,http://www.wikidata.org/entity/Q2074,69.0,2021-01-01T00:00:00Z,
http://www.wikidata.org/entity/Q763465,http://www.wikidata.org/entity/Q631,150.0,2021-01-01T00:00:00Z,
http://www.wikidata.org/entity/Q3929172,http://www.wikidata.org/entity/Q2710,22.0,2013-01-01T00:00:00Z,2014-01-01T00:00:00Z
http://www.wikidata.org/entity/Q3929172,http://www.wikidata.org/entity/Q2018,16.0,2015-01-01T00:00:00Z,2015-01-01T00:00:00Z
http://www.wikidata.org/entity/Q3934458,http://www.wikidata.org/entity/Q631,0.0,2000-01-01T00:00:00Z,2001-01-01T00:00:00Z
http://www.wikidata.org/entity/Q3934458,http://www.wikidata.org/entity/Q1886,2.0,2008-01-01T00:00:00Z,2008-01-01T00:00:00Z
http://www.wikidata.org/entity/Q3934523,http://www.wikidata.org/entity/Q2052,26.0,2003-01-01T00:00:00Z,2004-01-01T00:00:00Z
http://www.wikidata.org/entity/Q3934555,http://www.wikidata.org/entity/Q2018,6.0,2005-01-01T00:00:00Z,2008-01-01T00:00:00Z
http://www.wikidata.org/entity/Q3935773,http://www.wikidata.org/entity/Q1900,0.0,2007-01-01T00:00:00Z,2008-01-01T00:00:00Z
http://www.wikidata.org/entity/Q401166,http://www.wikidata.org/entity/Q2074,0.0,2012-01-01T00:00:00Z,2013-01-01T00:00:00Z
http://www.wikidata.org/entity/Q4017926,http://www.wikidata.org/entity/Q2018,0.0,2006-01-01T00:00:00Z,2006-01-01T00:00:00Z
http://www.wikidata.org/entity/Q4018254,http://www.wikidata.org/entity/Q2074,1.0,2012-01-01T00:00:00Z,2014-01-01T00:00:00Z
http://www.wikidata.org/entity/Q4024844,http://www.wikidata.org/entity/Q2674,8.0,2014-01-01T00:00:00Z,2015-01-01T00:00:00Z
http://www.wikidata.org/entity/Q4024844,http://www.wikidata.org/entity/Q2693,13.0,2013-01-01T00:00:00Z,2015-01-01T00:00:00Z
http://www.wikidata.org/entity/Q4027362,http://www.wikidata.org/entity/Q1543,0.0,2011-01-01T00:00:00Z,2013-01-01T00:00:00Z
http://www.wikidata.org/entity/Q3830418,http://www.wikidata.org/entity/Q1886,0.0,2012-01-01T00:00:00Z,2013-01-01T00:00:00Z
http://www.wikidata.org/entity/Q3830418,http://www.wikidata.org/entity/Q1886,18.0,2010-01-01T00:00:00Z,2012-01-01T00:00:00Z
http://www.wikidata.org/entity/Q3836930,http://www.wikidata.org/entity/Q2037,355.0,1994-01-01T00:00:00Z,2007-01-01T00:00:00Z
http://www.wikidata.org/entity/Q3837651,http://www.wikidata.org/entity/Q2074,0.0,2009-01-01T00:00:00Z,2012-01-01T00:00:00Z
http://www.wikidata.org/entity/Q3838009,http://www.wikidata.org/entity/Q2018,9.0,2002-01-01T00:00:00Z,2002-01-01T00:00:00Z
http://www.wikidata.org/entity/Q3838141,http://www.wikidata.org/entity/Q631,1.0,2002-01-01T00:00:00Z,2005-01-01T00:00:00Z
http://www.wikidata.org/entity/Q3838201,http://www.wikidata.org/entity/Q2710,4.0,2000-01-01T00:00:00Z,2001-01-01T00:00:00Z
http://www.wikidata.org/entity/Q3838201,http://www.wikidata.org/entity/Q2710,4.0,1998-01-01T00:00:00Z,1999-01-01T00:00:00Z
http://www.wikidata.org/entity/Q3838201,http://www.wikidata.org/entity/Q2710,37.0,2002-01-01T00:00:00Z,2004-01-01T00:00:00Z
http://www.wikidata.org/entity/Q3838293,http://www.wikidata.org/entity/Q2074,13.0,1998-01-01T00:00:00Z,2000-01-01T00:00:00Z
http://www.wikidata.org/entity/Q3838296,http://www.wikidata.org/entity/Q1893,1.0,2004-01-01T00:00:00Z,2007-01-01T00:00:00Z
http://www.wikidata.org/entity/Q3838296,http://www.wikidata.org/entity/Q2693,0.0,2009-01-01T00:00:00Z,2014-01-01T00:00:00Z
http://www.wikidata.org/entity/Q3838351,http://www.wikidata.org/entity/Q2609,0.0,2007-01-01T00:00:00Z,2010-01-01T00:00:00Z
http://www.wikidata.org/entity/Q3838367,http://www.wikidata.org/entity/Q2074,11.0,2007-01-01T00:00:00Z,2007-01-01T00:00:00Z
http://www.wikidata.org/entity/Q3838367,http://www.wikidata.org/entity/Q2074,16.0,2004-01-01T00:00:00Z,2006-01-01T00:00:00Z
http://www.wikidata.org/entity/Q3838526,http://www.wikidata.org/entity/Q2710,3.0,2015-01-01T00:00:00Z,2015-01-01T00:00:00Z
http://www.wikidata.org/entity/Q3840322,http://www.wikidata.org/entity/Q2710,10.0,2007-01-01T00:00:00Z,2008-01-01T00:00:00Z
http://www.wikidata.org/entity/Q384227,http://www.wikidata.org/entity/Q2674,1.0,2010-01-01T00:00:00Z,2010-01-01T00:00:00Z
http://www.wikidata.org/entity/Q384232,http://www.wikidata.org/entity/Q1457,9.0,2011-01-01T00:00:00Z,2011-01-01T00:00:00Z
http://www.wikidata.org/entity/Q3843423,http://www.wikidata.org/entity/Q2037,0.0,2005-01-01T00:00:00Z,2006-01-01T00:00:00Z
http://www.wikidata.org/entity/Q68607008,http://www.wikidata.org/entity/Q1543,32.0,2022-01-01T00:00:00Z,2024-01-01T00:00:00Z
http://www.wikidata.org/entity/Q69580745,http://www.wikidata.org/entity/Q2693,0.0,2019-07-04T00:00:00Z,2022-01-01T00:00:00Z
http://www.wikidata.org/entity/Q7381020,http://www.wikidata.org/entity/Q1886,115.0,2019-01-01T00:00:00Z,2023-01-01T00:00:00Z
http://www.wikidata.org/entity/Q7381020,http://www.wikidata.org/entity/Q2074,19.0,2023-08-01T00:00:00Z,2024-01-01T00:00:00Z
http://www.wikidata.org/entity/Q7381020,http://www.wikidata.org/entity/Q2074,52.0,2024-01-01T00:00:00Z,2026-07-01T00:00:00Z
http://www.wikidata.org/entity/Q7386854,http://www.wikidata.org/entity/Q631,0.0,2013-07-01T00:00:00Z,2016-07-21T00:00:00Z
http://www.wikidata.org/entity/Q7406620,http://www.wikidata.org/entity/Q1900,0.0,2000-01-01T00:00:00Z,2001-01-01T00:00:00Z
http://www.wikidata.org/entity/Q7406620,http://www.wikidata.org/entity/Q2641,8.0,2004-01-01T00:00:00Z,2005-01-01T00:00:00Z
http://www.wikidata.org/entity/Q7406641,http://www.wikidata.org/entity/Q1422,0.0,2009-01-01T00:00:00Z,2013-01-01T00:00:00Z
http://www.wikidata.org/entity/Q7406644,http://www.wikidata.org/entity/Q2693,0.0,2006-01-01T00:00:00Z,2008-01-01T00:00:00Z
http://www.wikidata.org/entity/Q7406657,http://www.wikidata.org/entity/Q2037,0.0,2005-01-01T00:00:00Z,2005-01-01T00:00:00Z
http://www.wikidata.org/entity/Q7406674,http://www.wikidata.org/entity/Q1886,4.0,2014-01-01T00:00:00Z,2015-01-01T00:00:00Z
http://www.wikidata.org/entity/Q7413025,http://www.wikidata.org/entity/Q2674,0.0,2008-01-01T00:00:00Z,2011-01-01T00:00:00Z
http://www.wikidata.org/entity/Q743763,http://www.wikidata.org/entity/Q2052,0.0,2010-01-01T00:00:00Z,2013-01-01T00:00:00Z
http://www.wikidata.org/entity/Q751455,http://www.wikidata.org/entity/Q1457,3.0,2001-01-01T00:00:00Z,2002-01-01T00:00:00Z
http://www.wikidata.org/entity/Q7520278,http://www.wikidata.org/entity/Q1900,0.0,1999-01-01T00:00:00Z,2000-01-01T00:00:00Z
http://www.wikidata.org/entity/Q7520286,http://www.wikidata.org/entity/Q1457,0.0,2006-01-01T00:00:00Z,2008-01-01T00:00:00Z
http://www.wikidata.org/entity/Q7520288,http://www.wikidata.org/entity/Q2674,1.0,2015-07-12T00:00:00Z,2016-01-25T00:00:00Z
http://www.wikidata.org/entity/Q7520288,http://www.wikidata.org/entity/Q1900,3.0,2014-07-02T00:00:00Z,2017-07-01T00:00:00Z
http://www.wikidata.org/entity/Q7520290,http://www.wikidata.org/entity/Q1457,0.0,2013-01-01T00:00:00Z,2014-01-01T00:00:00Z
http://www.wikidata.org/entity/Q7520299,http://www.wikidata.org/entity/Q1422,0.0,2008-01-01T00:00:00Z,2010-01-01T00:00:00Z
http://www.wikidata.org/entity/Q7520309,http://www.wikidata.org/entity/Q631,0.0,2006-01-01T00:00:00Z,2009-01-01T00:00:00Z
http://www.wikidata.org/entity/Q7520320,http://www.wikidata.org/entity/Q2052,0.0,2002-01-01T00:00:00Z,2003-01-01T00:00:00Z
http://www.wikidata.org/entity/Q7520356,http://www.wikidata.org/entity/Q1422,0.0,2000-01-01T00:00:00Z,2002-01-01T00:00:00Z
http://www.wikidata.org/entity/Q7520356,http://www.wikidata.org/entity/Q2693,0.0,2009-01-01T00:00:00Z,2014-01-01T00:00:00Z
http://www.wikidata.org/entity/Q7520386,http://www.wikidata.org/entity/Q631,0.0,2010-01-01T00:00:00Z,2013-01-01T00:00:00Z
http://www.wikidata.org/entity/Q7555419,http://www.wikidata.org/entity/Q2674,0.0,2010-01-01T00:00:00Z,2011-01-01T00:00:00Z
http://www.wikidata.org/entity/Q75580,http://www.wikidata.org/entity/Q2609,235.0,2004-01-01T00:00:00Z,2013-01-01T00:00:00Z
http://www.wikidata.org/entity/Q75580,http://www.wikidata.org/entity/Q631,13.0,2013-01-01T00:00:00Z,2013-01-01T00:00:00Z
http://www.wikidata.org/entity/Q7558597,http://www.wikidata.org/entity/Q2693,0.0,2012-01-01T00:00:00Z,2013-01-01T00:00:00Z
http://www.wikidata.org/entity/Q7558597,http://www.wikidata.org/entity/Q1457,0.0,2005-01-01T00:00:00Z,2009-01-01T00:00:00Z
http://www.wikidata.org/entity/Q75650,http://www.wikidata.org/entity/Q2674,0.0,2011-01-01T00:00:00Z,2014-01-01T00:00:00Z
http://www.wikidata.org/entity/Q758145,http://www.wikidata.org/entity/Q1457,34.0,2001-01-01T00:00:00Z,2002-01-01T00:00:00Z
http://www.wikidata.org/entity/Q758145,http://www.wikidata.org/entity/Q2609,33.0,1999-01-01T00:00:00Z,2001-01-01T00:00:00Z
http://www.wikidata.org/entity/Q7606409,http://www.wikidata.org/entity/Q1422,1.0,2013-01-01T00:00:00Z,2013-01-01T00:00:00Z
http://www.wikidata.org/entity/Q7606423,http://www.wikidata.org/entity/Q2052,0.0,2006-01-01T00:00:00Z,2009-01-01T00:00:00Z
http://www.wikidata.org/entity/Q7606426,http://www.wikidata.org/entity/Q1422,0.0,2008-01-01T00:00:00Z,2009-01-01T00:00:00Z
http://www.wikidata.org/entity/Q7606442,http://www.wikidata.org/entity/Q2710,18.0,2011-01-01T00:00:00Z,2012-01-01T00:00:00Z
http://www.wikidata.org/entity/Q7606470,http://www.wikidata.org/entity/Q2037,0.0,2007-01-01T00:00:00Z,2010-01-01T00:00:00Z
http://www.wikidata.org/entity/Q7606470,http://www.wikidata.org/entity/Q2710,22.0,2006-01-01T00:00:00Z,2007-01-01T00:00:00Z
http://www.wikidata.org/entity/Q7606474,http://www.wikidata.org/entity/Q1543,1.0,2003-01-01T00:00:00Z,2003-01-01T00:00:00Z
http://www.wikidata.org/entity/Q7606482,http://www.wikidata.org/entity/Q2710,3.0,2008-01-01T00:00:00Z,2009-01-01T00:00:00Z
http://www.wikidata.org/entity/Q7606489,http://www.wikidata.org/entity/Q2693,0.0,2009-01-01T00:00:00Z,2015-01-01T00:00:00Z
http://www.wikidata.org/entity/Q7606490,http://www.wikidata.org/entity/Q1457,0.0,2008-01-01T00:00:00Z,2014-01-01T00:00:00Z
http://www.wikidata.org/entity/Q76089,http://www.wikidata.org/entity/Q2074,31.0,2008-01-01T00:00:00Z,2009-01-01T00:00:00Z
http://www.wikidata.org/entity/Q76089,http://www.wikidata.org/entity/Q631,128.0,2009-01-01T00:00:00Z,2014-01-01T00:00:00Z
http://www.wikidata.org/entity/Q76089,http://www.wikidata.org/entity/Q2074,59.0,2003-01-01T00:00:00Z,2005-01-01T00:00:00Z
http://www.wikidata.org/entity/Q761549,http://www.wikidata.org/entity/Q2074,10.0,2005-01-01T00:00:00Z,2005-01-01T00:00:00Z
http://www.wikidata.org/entity/Q761549,http://www.wikidata.org/entity/Q2074,129.0,1999-01-01T00:00:00Z,2002-01-01T00:00:00Z
http://www.wikidata.org/entity/Q763465,http://www.wikidata.org/entity/Q1543,135.0,2017-01-01T00:00:00Z,2021-01-01T00:00:00Z
http://www.wikidata.org/entity/Q7635968,http://www.wikidata.org/entity/Q631,0.0,2007-01-01T00:00:00Z,2010-01-01T00:00:00Z
http://www.wikidata.org/entity/Q7635968,http://www.wikidata.org/entity/Q2693,0.0,2010-01-01T00:00:00Z,2012-01-01T00:00:00Z
http://www.wikidata.org/entity/Q763613,http://www.wikidata.org/entity/Q2037,17.0,2003-01-01T00:00:00Z,2004-01-01T00:00:00Z
http://www.wikidata.org/entity/Q763613,http://www.wikidata.org/entity/Q1886,90.0,2001-01-01T00:00:00Z,2005-01-01T00:00:00Z
http://www.wikidata.org/entity/Q763613,http://www.wikidata.org/entity/Q1457,73.0,2005-01-01T00:00:00Z,2008-01-01T00:00:00Z
http://www.wikidata.org/entity/Q763613,http://www.wikidata.org/entity/Q1543,57.0,1998-01-01T00:00:00Z,2001-01-01T00:00:00Z
http://www.wikidata.org/entity/Q763807,http://www.wikidata.org/entity/Q631,49.0,2000-01-01T00:00:00Z,2005-01-01T00:00:00Z
http://www.wikidata.org/entity/Q7639908,http://www.wikidata.org/entity/Q1457,0.0,2009-01-01T00:00:00Z,2011-01-01T00:00:00Z
http://www.wikidata.org/entity/Q766289,http://www.wikidata.org/entity/Q2693,5.0,2010-01-01T00:00:00Z,2013-01-01T00:00:00Z
http://www.wikidata.org/entity/Q767371,http://www.wikidata.org/entity/Q2674,14.0,2004-01-01T00:00:00Z,2006-01-01T00:00:00Z
http://www.wikidata.org/entity/Q767371,http://www.wikidata.org/entity/Q1886,0.0,1999-01-01T00:00:00Z,2001-01-01T00:00:00Z
http://www.wikidata.org/entity/Q768255,http://www.wikidata.org/entity/Q2052,0.0,2002-01-01T00:00:00Z,2003-01-01T00:00:00Z
http://www.wikidata.org/entity/Q768255,http://www.wikidata.org/entity/Q1893,0.0,2000-01-01T00:00:00Z,2002-01-01T00:00:00Z
http://www.wikidata.org/entity/Q7322908,http://www.wikidata.org/entity/Q2074,8.0,2016-01-01T00:00:00Z,
http://www.wikidata.org/entity/Q725430,http://www.wikidata.org/entity/Q2074,9.0,2007-01-01T00:00:00Z,2008-01-01T00:00:00Z
http://www.wikidata.org/entity/Q725430,http://www.wikidata.org/entity/Q2052,8.0,2008-01-01T00:00:00Z,2011-01-01T00:00:00Z
http://www.wikidata.org/entity/Q725430,http://www.wikidata.org/entity/Q2074,9.0,2007-01-01T00:00:00Z,2007-01-01T00:00:00Z
http://www.wikidata.org/entity/Q725446,http://www.wikidata.org/entity/Q2674,3.0,2007-01-01T00:00:00Z,2007-01-01T00:00:00Z
http://www.wikidata.org/entity/Q726046,http://www.wikidata.org/entity/Q631,11.0,2001-01-01T00:00:00Z,2006-01-01T00:00:00Z
http://www.wikidata.org/entity/Q726115,http://www.wikidata.org/entity/Q1900,5.0,2002-01-01T00:00:00Z,2002-01-01T00:00:00Z
http://www.wikidata.org/entity/Q726115,http://www.wikidata.org/entity/Q1893,3.0,2001-01-01T00:00:00Z,2002-01-01T00:00:00Z
http://www.wikidata.org/entity/Q726547,http://www.wikidata.org/entity/Q2641,86.0,2000-01-01T00:00:00Z,2004-01-01T00:00:00Z
http://www.wikidata.org/entity/Q726587,http://www.wikidata.org/entity/Q1893,60.0,2009-01-01T00:00:00Z,2015-01-01T00:00:00Z
http://www.wikidata.org/entity/Q726848,http://www.wikidata.org/entity/Q1543,155.0,2014-01-01T00:00:00Z,2020-01-01T00:00:00Z
http://www.wikidata.org/entity/Q726848,http://www.wikidata.org/entity/Q2052,126.0,2020-01-01T00:00:00Z,2024-01-01T00:00:00Z
http://www.wikidata.org/entity/Q726848,http://www.wikidata.org/entity/Q1886,104.0,2007-01-01T00:00:00Z,2014-01-01T00:00:00Z
http://www.wikidata.org/entity/Q72802,http://www.wikidata.org/entity/Q2609,2.0,2009-01-01T00:00:00Z,2010-01-01T00:00:00Z
http://www.wikidata.org/entity/Q7282500,http://www.wikidata.org/entity/Q2710,3.0,2010-01-01T00:00:00Z,2011-01-01T00:00:00Z
http://www.wikidata.org/entity/Q7282500,http://www.wikidata.org/entity/Q1422,0.0,2012-01-01T00:00:00Z,2013-01-01T00:00:00Z
http://www.wikidata.org/entity/Q7282500,http://www.wikidata.org/entity/Q1422,0.0,2009-01-01T00:00:00Z,2011-01-01T00:00:00Z
http://www.wikidata.org/entity/Q7282518,http://www.wikidata.org/entity/Q2018,0.0,2008-01-01T00:00:00Z,2012-01-01T00:00:00Z
http://www.wikidata.org/entity/Q7282519,http://www.wikidata.org/entity/Q2018,0.0,2004-01-01T00:00:00Z,2010-01-01T00:00:00Z
http://www.wikidata.org/entity/Q7282526,http://www.wikidata.org/entity/Q631,1.0,1991-01-01T00:00:00Z,2000-01-01T00:00:00Z
http://www.wikidata.org/entity/Q728380,http://www.wikidata.org/entity/Q2018,8.0,2004-01-01T00:00:00Z,2004-01-01T00:00:00Z
http://www.wikidata.org/entity/Q7288868,http://www.wikidata.org/entity/Q2693,0.0,2012-01-01T00:00:00Z,2012-01-01T00:00:00Z
http://www.wikidata.org/entity/Q72904,http://www.wikidata.org/entity/Q1543,33.0,2015-01-01T00:00:00Z,2017-01-01T00:00:00Z
http://www.wikidata.org/entity/Q730917,http://www.wikidata.org/entity/Q1422,0.0,2005-01-01T00:00:00Z,2007-01-01T00:00:00Z
http://www.wikidata.org/entity/Q730917,http://www.wikidata.org/entity/Q2710,7.0,2007-01-01T00:00:00Z,2008-01-01T00:00:00Z
http://www.wikidata.org/entity/Q731597,http://www.wikidata.org/entity/Q631,0.0,2010-01-01T00:00:00Z,2014-01-01T00:00:00Z
http://www.wikidata.org/entity/Q731597,http://www.wikidata.org/entity/Q1900,5.0,2014-01-01T00:00:00Z,2015-01-01T00:00:00Z
http://www.wikidata.org/entity/Q7322637,http://www.wikidata.org/entity/Q1543,0.0,2012-01-01T00:00:00Z,2013-01-01T00:00:00Z
http://www.wikidata.org/entity/Q7322894,http://www.wikidata.org/entity/Q631,0.0,2008-01-01T00:00:00Z,2015-01-01T00:00:00Z
http://www.wikidata.org/entity/Q7322898,http://www.wikidata.org/entity/Q2609,0.0,2007-01-01T00:00:00Z,2008-01-01T00:00:00Z
http://www.wikidata.org/entity/Q7322898,http://www.wikidata.org/entity/Q2693,0.0,2010-01-01T00:00:00Z,2012-01-01T00:00:00Z
http://www.wikidata.org/entity/Q7322901,http://www.wikidata.org/entity/Q1893,0.0,2012-01-01T00:00:00Z,2014-01-01T00:00:00Z
http://www.wikidata.org/entity/Q7322908,http://www.wikidata.org/entity/Q2710,15.0,2015-01-01T00:00:00Z,2016-01-01T00:00:00Z
http://www.wikidata.org/entity/Q7322913,http://www.wikidata.org/entity/Q1893,16.0,2014-01-01T00:00:00Z,2015-01-01T00:00:00Z
http://www.wikidata.org/entity/Q7322913,http://www.wikidata.org/entity/Q2037,3.0,2013-01-01T00:00:00Z,2014-01-01T00:00:00Z
http://www.wikidata.org/entity/Q7322926,http://www.wikidata.org/entity/Q1543,0.0,2012-01-01T00:00:00Z,2013-01-01T00:00:00Z
http://www.wikidata.org/entity/Q7322928,http://www.wikidata.org/entity/Q2710,2.0,2009-01-01T00:00:00Z,2014-01-01T00:00:00Z
http://www.wikidata.org/entity/Q7322929,http://www.wikidata.org/entity/Q631,0.0,2000-01-01T00:00:00Z,2001-01-01T00:00:00Z
http://www.wikidata.org/entity/Q7336966,http://www.wikidata.org/entity/Q2074,9.0,2005-01-01T00:00:00Z,2008-01-01T00:00:00Z
http://www.wikidata.org/entity/Q734650,http://www.wikidata.org/entity/Q2074,0.0,2006-01-01T00:00:00Z,2008-01-01T00:00:00Z
http://www.wikidata.org/entity/Q7351608,http://www.wikidata.org/entity/Q1543,1.0,2003-01-01T00:00:00Z,2004-01-01T00:00:00Z
http://www.wikidata.org/entity/Q7351652,http://www.wikidata.org/entity/Q2018,27.0,2000-01-01T00:00:00Z,2002-01-01T00:00:00Z
http://www.wikidata.org/entity/Q7351796,http://www.wikidata.org/entity/Q2693,0.0,2002-01-01T00:00:00Z,2003-01-01T00:00:00Z
http://www.wikidata.org/entity/Q7351796,http://www.wikidata.org/entity/Q2052,1.0,2001-01-01T00:00:00Z,2002-01-01T00:00:00Z
http://www.wikidata.org/entity/Q7351796,http://www.wikidata.org/entity/Q1543,0.0,2003-01-01T00:00:00Z,2008-01-01T00:00:00Z
http://www.wikidata.org/entity/Q735746,http://www.wikidata.org/entity/Q1457,5.0,2008-01-01T00:00:00Z,2008-01-01T00:00:00Z
http://www.wikidata.org/entity/Q735746,http://www.wikidata.org/entity/Q1457,17.0,2008-01-01T00:00:00Z,2012-01-01T00:00:00Z
http://www.wikidata.org/entity/Q736053,http://www.wikidata.org/entity/Q2641,0.0,2013-01-01T00:00:00Z,2014-01-01T00:00:00Z
http://www.wikidata.org/entity/Q736053,http://www.wikidata.org/entity/Q2641,6.0,2013-01-01T00:00:00Z,2013-01-01T00:00:00Z
http://www.wikidata.org/entity/Q736053,http://www.wikidata.org/entity/Q2018,35.0,2014-01-01T00:00:00Z,2015-01-01T00:00:00Z
http://www.wikidata.org/entity/Q736053,http://www.wikidata.org/entity/Q2074,22.0,2013-01-01T00:00:00Z,2014-01-01T00:00:00Z
http://www.wikidata.org/entity/Q736053,http://www.wikidata.org/entity/Q2710,70.0,2003-01-01T00:00:00Z,2005-01-01T00:00:00Z
http://www.wikidata.org/entity/Q736053,http://www.wikidata.org/entity/Q2641,112.0,2005-01-01T00:00:00Z,2008-01-01T00:00:00Z
http://www.wikidata.org/entity/Q736304,http://www.wikidata.org/entity/Q2674,78.0,2006-01-01T00:00:00Z,2010-01-01T00:00:00Z
http://www.wikidata.org/entity/Q736304,http://www.wikidata.org/entity/Q2074,77.0,2004-01-01T00:00:00Z,2006-01-01T00:00:00Z
http://www.wikidata.org/entity/Q739368,http://www.wikidata.org/entity/Q2037,29.0,1999-01-01T00:00:00Z,2001-01-01T00:00:00Z
http://www.wikidata.org/entity/Q7409519,http://www.wikidata.org/entity/Q631,0.0,2008-01-01T00:00:00Z,2008-01-01T00:00:00Z
http://www.wikidata.org/entity/Q7410019,http://www.wikidata.org/entity/Q1422,0.0,2007-01-01T00:00:00Z,2010-01-01T00:00:00Z
http://www.wikidata.org/entity/Q741624,http://www.wikidata.org/entity/Q1422,2.0,2008-01-01T00:00:00Z,2014-01-01T00:00:00Z
http://www.wikidata.org/entity/Q742369,http://www.wikidata.org/entity/Q1457,102.0,2003-01-01T00:00:00Z,2007-01-01T00:00:00Z
http://www.wikidata.org/entity/Q742369,http://www.wikidata.org/entity/Q1893,101.0,1999-01-01T00:00:00Z,2003-01-01T00:00:00Z
http://www.wikidata.org/entity/Q742369,http://www.wikidata.org/entity/Q2052,82.0,1996-01-01T00:00:00Z,1999-01-01T00:00:00Z
http://www.wikidata.org/entity/Q742369,http://www.wikidata.org/entity/Q2693,39.0,2007-01-01T00:00:00Z,2009-01-01T00:00:00Z
http://www.wikidata.org/entity/Q7454211,http://www.wikidata.org/entity/Q1886,0.0,2001-01-01T00:00:00Z,2002-01-01T00:00:00Z
http://www.wikidata.org/entity/Q7454449,http://www.wikidata.org/entity/Q2037,0.0,2011-01-01T00:00:00Z,2015-01-01T00:00:00Z
http://www.wikidata.org/entity/Q77977211,http://www.wikidata.org/entity/Q2052,0.0,2020-09-01T00:00:00Z,2024-07-01T00:00:00Z
http://www.wikidata.org/entity/Q26522,http://www.wikidata.org/entity/Q2074,14.0,2015-01-01T00:00:00Z,2015-01-01T00:00:00Z
http://www.wikidata.org/entity/Q3929101,http://www.wikidata.org/entity/Q2641,3.0,2001-01-01T00:00:00Z,2003-01-01T00:00:00Z
http://www.wikidata.org/entity/Q3929110,http://www.wikidata.org/entity/Q2074,11.0,2006-01-01T00:00:00Z,2006-01-01T00:00:00Z
http://www.wikidata.org/entity/Q3929110,http://www.wikidata.org/entity/Q2693,13.0,1998-01-01T00:00:00Z,2000-01-01T00:00:00Z
http://www.wikidata.org/entity/Q3929110,http://www.wikidata.org/entity/Q2674,8.0,2001-01-01T00:00:00Z,2002-01-01T00:00:00Z
http://www.wikidata.org/entity/Q3929110,http://www.wikidata.org/entity/Q2052,29.0,2002-01-01T00:00:00Z,2003-01-01T00:00:00Z
http://www.wikidata.org/entity/Q3929148,http://www.wikidata.org/entity/Q2710,32.0,2014-01-01T00:00:00Z,2015-01-01T00:00:00Z
http://www.wikidata.org/entity/Q3929168,http://www.wikidata.org/entity/Q2641,14.0,1997-01-01T00:00:00Z,1999-01-01T00:00:00Z
http://www.wikidata.org/entity/Q3929172,http://www.wikidata.org/entity/Q2693,0.0,2011-01-01T00:00:00Z,2014-01-01T00:00:00Z
http://www.wikidata.org/entity/Q3932741,http://www.wikidata.org/entity/Q1893,86.0,2000-01-01T00:00:00Z,2003-01-01T00:00:00Z
http://www.wikidata.org/entity/Q3932741,http://www.wikidata.org/entity/Q2018,1.0,2005-01-01T00:00:00Z,2006-01-01T00:00:00Z
http://www.wikidata.org/entity/Q3932741,http://www.wikidata.org/entity/Q1893,1.0,2006-01-01T00:00:00Z,2007-01-01T00:00:00Z
http://www.wikidata.org/entity/Q3932741,http://www.wikidata.org/entity/Q2641,17.0,2003-01-01T00:00:00Z,2004-01-01T00:00:00Z
http://www.wikidata.org/entity/Q3932741,http://www.wikidata.org/entity/Q2693,8.0,2004-01-01T00:00:00Z,2005-01-01T00:00:00Z
http://www.wikidata.org/entity/Q3938199,http://www.wikidata.org/entity/Q2074,2.0,2004-01-01T00:00:00Z,2006-01-01T00:00:00Z
http://www.wikidata.org/entity/Q3939328,http://www.wikidata.org/entity/Q2641,11.0,2004-01-01T00:00:00Z,2005-01-01T00:00:00Z
http://www.wikidata.org/entity/Q3939599,http://www.wikidata.org/entity/Q2018,49.0,2005-01-01T00:00:00Z,2009-01-01T00:00:00Z
http://www.wikidata.org/entity/Q3939599,http://www.wikidata.org/entity/Q1900,23.0,2003-01-01T00:00:00Z,2005-01-01T00:00:00Z
http://www.wikidata.org/entity/Q3940053,http://www.wikidata.org/entity/Q2074,106.0,1999-01-01T00:00:00Z,2009-01-01T00:00:00Z
http://www.wikidata.org/entity/Q3940123,http://www.wikidata.org/entity/Q1893,4.0,2012-01-01T00:00:00Z,2013-01-01T00:00:00Z
http://www.wikidata.org/entity/Q3940123,http://www.wikidata.org/entity/Q2074,9.0,2012-01-01T00:00:00Z,2012-01-01T00:00:00Z
http://www.wikidata.org/entity/Q3940556,http://www.wikidata.org/entity/Q2693,0.0,2013-01-01T00:00:00Z,2014-01-01T00:00:00Z
http://www.wikidata.org/entity/Q3940827,http://www.wikidata.org/entity/Q2710,25.0,2006-01-01T00:00:00Z,2007-01-01T00:00:00Z
http://www.wikidata.org/entity/Q395246,http://www.wikidata.org/entity/Q2674,3.0,2012-01-01T00:00:00Z,2014-01-01T00:00:00Z
http://www.wikidata.org/entity/Q49166190,http://www.wikidata.org/entity/Q1543,113.0,2020-07-01T00:00:00Z,
http://www.wikidata.org/entity/Q50349931,http://www.wikidata.org/entity/Q1422,1.0,2024-01-22T00:00:00Z,
http://www.wikidata.org/entity/Q4382896,http://www.wikidata.org/entity/Q2674,1.0,2009-01-01T00:00:00Z,2013-01-01T00:00:00Z
http://www.wikidata.org/entity/Q4395710,http://www.wikidata.org/entity/Q1543,0.0,2012-01-01T00:00:00Z,2012-01-01T00:00:00Z
http://www.wikidata.org/entity/Q440920,http://www.wikidata.org/entity/Q2037,66.0,2003-01-01T00:00:00Z,2005-01-01T00:00:00Z
http://www.wikidata.org/entity/Q440920,http://www.wikidata.org/entity/Q2609,243.0,1993-01-01T00:00:00Z,2003-01-01T00:00:00Z
http://www.wikidata.org/entity/Q440935,http://www.wikidata.org/entity/Q2609,13.0,1997-01-01T00:00:00Z,2000-01-01T00:00:00Z
http://www.wikidata.org/entity/Q440935,http://www.wikidata.org/entity/Q631,6.0,2000-01-01T00:00:00Z,2002-01-01T00:00:00Z
http://www.wikidata.org/entity/Q440935,http://www.wikidata.org/entity/Q2609,49.0,2005-01-01T00:00:00Z,2008-01-01T00:00:00Z
http://www.wikidata.org/entity/Q4411266,http://www.wikidata.org/entity/Q1543,0.0,2007-01-01T00:00:00Z,2010-01-01T00:00:00Z
http://www.wikidata.org/entity/Q4412023,http://www.wikidata.org/entity/Q2693,0.0,2004-01-01T00:00:00Z,2005-01-01T00:00:00Z
http://www.wikidata.org/entity/Q441224,http://www.wikidata.org/entity/Q2074,14.0,2012-01-01T00:00:00Z,2012-01-01T00:00:00Z
http://www.wikidata.org/entity/Q441352,http://www.wikidata.org/entity/Q1893,5.0,2001-01-01T00:00:00Z,2002-01-01T00:00:00Z
http://www.wikidata.org/entity/Q441352,http://www.wikidata.org/entity/Q2037,1.0,2001-01-01T00:00:00Z,2003-01-01T00:00:00Z
http://www.wikidata.org/entity/Q441352,http://www.wikidata.org/entity/Q2609,36.0,2005-01-01T00:00:00Z,2011-01-01T00:00:00Z
http://www.wikidata.org/entity/Q441352,http://www.wikidata.org/entity/Q1893,5.0,2002-01-01T00:00:00Z,2002-01-01T00:00:00Z
http://www.wikidata.org/entity/Q441352,http://www.wikidata.org/entity/Q2018,39.0,2003-01-01T00:00:00Z,2005-01-01T00:00:00Z
http://www.wikidata.org/entity/Q441352,http://www.wikidata.org/entity/Q2037,1.0,2001-01-01T00:00:00Z,2001-01-01T00:00:00Z
http://www.wikidata.org/entity/Q442182,http://www.wikidata.org/entity/Q1893,64.0,1998-01-01T00:00:00Z,2000-01-01T00:00:00Z
http://www.wikidata.org/entity/Q442641,http://www.wikidata.org/entity/Q2074,4.0,2004-01-01T00:00:00Z,2004-01-01T00:00:00Z
http://www.wikidata.org/entity/Q442838,http://www.wikidata.org/entity/Q2052,58.0,2013-01-01T00:00:00Z,2016-01-01T00:00:00Z
http://www.wikidata.org/entity/Q4429915,http://www.wikidata.org/entity/Q2710,7.0,2008-01-01T00:00:00Z,2009-01-01T00:00:00Z
http://www.wikidata.org/entity/Q443113,http://www.wikidata.org/entity/Q2074,21.0,2011-01-01T00:00:00Z,2012-01-01T00:00:00Z
http://www.wikidata.org/entity/Q443113,http://www.wikidata.org/entity/Q2037,32.0,2010-01-01T00:00:00Z,2011-01-01T00:00:00Z
http://www.wikidata.org/entity/Q443113,http://www.wikidata.org/entity/Q1543,45.0,2012-01-01T00:00:00Z,2014-01-01T00:00:00Z
http://www.wikidata.org/entity/Q444318,http://www.wikidata.org/entity/Q631,24.0,2001-01-01T00:00:00Z,2004-01-01T00:00:00Z
http://www.wikidata.org/entity/Q444378,http://www.wikidata.org/entity/Q2052,5.0,2006-01-01T00:00:00Z,2011-01-01T00:00:00Z
http://www.wikidata.org/entity/Q444378,http://www.wikidata.org/entity/Q2710,26.0,2005-01-01T00:00:00Z,2006-01-01T00:00:00Z
http://www.wikidata.org/entity/Q444378,http://www.wikidata.org/entity/Q1900,31.0,2011-01-01T00:00:00Z,2014-01-01T00:00:00Z
http://www.wikidata.org/entity/Q444378,http://www.wikidata.org/entity/Q1886,1.0,2014-01-01T00:00:00Z,2015-01-01T00:00:00Z
http://www.wikidata.org/entity/Q445541,http://www.wikidata.org/entity/Q2052,37.0,1997-01-01T00:00:00Z,1999-01-01T00:00:00Z
http://www.wikidata.org/entity/Q445541,http://www.wikidata.org/entity/Q2641,17.0,2001-01-01T00:00:00Z,2001-01-01T00:00:00Z
http://www.wikidata.org/entity/Q445976,http://www.wikidata.org/entity/Q2710,12.0,2012-01-01T00:00:00Z,2013-01-01T00:00:00Z
http://www.wikidata.org/entity/Q445976,http://www.wikidata.org/entity/Q2674,14.0,2009-01-01T00:00:00Z,2010-01-01T00:00:00Z
http://www.wikidata.org/entity/Q445976,http://www.wikidata.org/entity/Q2693,6.0,2011-01-01T00:00:00Z,2012-01-01T00:00:00Z
http://www.wikidata.org/entity/Q445976,http://www.wikidata.org/entity/Q2052,31.0,2006-01-01T00:00:00Z,2007-01-01T00:00:00Z
http://www.wikidata.org/entity/Q445976,http://www.wikidata.org/entity/Q2693,12.0,2003-01-01T00:00:00Z,2004-01-01T00:00:00Z
http://www.wikidata.org/entity/Q445976,http://www.wikidata.org/entity/Q1422,40.0,2002-01-01T00:00:00Z,2007-01-01T00:00:00Z
http://www.wikidata.org/entity/Q445976,http://www.wikidata.org/entity/Q2641,60.0,2007-01-01T00:00:00Z,2011-01-01T00:00:00Z
http://www.wikidata.org/entity/Q446487,http://www.wikidata.org/entity/Q2037,6.0,2012-01-01T00:00:00Z,2012-01-01T00:00:00Z
http://www.wikidata.org/entity/Q446487,http://www.wikidata.org/entity/Q2052,143.0,2004-01-01T00:00:00Z,2010-01-01T00:00:00Z
http://www.wikidata.org/entity/Q446487,http://www.wikidata.org/entity/Q2074,57.0,2010-01-01T00:00:00Z,2012-01-01T00:00:00Z
http://www.wikidata.org/entity/Q446994,http://www.wikidata.org/entity/Q2693,20.0,2006-01-01T00:00:00Z,2009-01-01T00:00:00Z
http://www.wikidata.org/entity/Q446994,http://www.wikidata.org/entity/Q1457,62.0,2004-01-01T00:00:00Z,2006-01-01T00:00:00Z
http://www.wikidata.org/entity/Q446994,http://www.wikidata.org/entity/Q1543,2.0,2001-01-01T00:00:00Z,2004-01-01T00:00:00Z
http://www.wikidata.org/entity/Q449434,http://www.wikidata.org/entity/Q1543,4.0,1999-01-01T00:00:00Z,2000-01-01T00:00:00Z
http://www.wikidata.org/entity/Q449434,http://www.wikidata.org/entity/Q631,44.0,1997-01-01T00:00:00Z,1999-01-01T00:00:00Z
http://www.wikidata.org/entity/Q4497649,http://www.wikidata.org/entity/Q2710,12.0,2005-01-01T00:00:00Z,2007-01-01T00:00:00Z
http://www.wikidata.org/entity/Q454910,http://www.wikidata.org/entity/Q631,110.0,2012-01-01T00:00:00Z,2016-01-01T00:00:00Z
http://www.wikidata.org/entity/Q455611,http://www.wikidata.org/entity/Q631,17.0,2018-01-01T00:00:00Z,2018-01-01T00:00:00Z
http://www.wikidata.org/entity/Q455787,http://www.wikidata.org/entity/Q2052,32.0,2011-07-11T00:00:00Z,2012-08-31T00:00:00Z
http://www.wikidata.org/entity/Q455787,http://www.wikidata.org/entity/Q2052,6.0,2021-08-21T00:00:00Z,2022-09-01T00:00:00Z
http://www.wikidata.org/entity/Q455809,http://www.wikidata.org/entity/Q631,17.0,2000-01-01T00:00:00Z,2001-01-01T00:00:00Z
http://www.wikidata.org/entity/Q456152,http://www.wikidata.org/entity/Q2641,9.0,2010-01-01T00:00:00Z,2011-01-01T00:00:00Z
http://www.wikidata.org/entity/Q456152,http://www.wikidata.org/entity/Q2609,109.0,2005-01-01T00:00:00Z,2010-01-01T00:00:00Z
http://www.wikidata.org/entity/Q456164,http://www.wikidata.org/entity/Q1543,0.0,2006-01-01T00:00:00Z,2008-01-01T00:00:00Z
http://www.wikidata.org/entity/Q456164,http://www.wikidata.org/entity/Q1900,174.0,2008-01-01T00:00:00Z,2014-01-01T00:00:00Z
http://www.wikidata.org/entity/Q456365,http://www.wikidata.org/entity/Q2052,47.0,2010-01-01T00:00:00Z,2012-01-01T00:00:00Z
http://www.wikidata.org/entity/Q456365,http://www.wikidata.org/entity/Q2074,11.0,2016-01-01T00:00:00Z,2016-01-01T00:00:00Z
http://www.wikidata.org/entity/Q456365,http://www.wikidata.org/entity/Q1886,13.0,2008-01-01T00:00:00Z,2009-01-01T00:00:00Z
http://www.wikidata.org/entity/Q456365,http://www.wikidata.org/entity/Q1543,29.0,2015-01-01T00:00:00Z,2016-01-01T00:00:00Z
http://www.wikidata.org/entity/Q456797,http://www.wikidata.org/entity/Q1893,9.0,2016-01-01T00:00:00Z,2016-01-01T00:00:00Z
http://www.wikidata.org/entity/Q456797,http://www.wikidata.org/entity/Q2641,125.0,2009-01-01T00:00:00Z,2018-01-01T00:00:00Z
http://www.wikidata.org/entity/Q456868,http://www.wikidata.org/entity/Q2052,23.0,2009-01-01T00:00:00Z,2011-01-01T00:00:00Z
http://www.wikidata.org/entity/Q456893,http://www.wikidata.org/entity/Q2037,16.0,2013-01-01T00:00:00Z,2014-01-01T00:00:00Z
http://www.wikidata.org/entity/Q456893,http://www.wikidata.org/entity/Q1886,25.0,2014-01-01T00:00:00Z,2016-01-01T00:00:00Z
http://www.wikidata.org/entity/Q456893,http://www.wikidata.org/entity/Q1457,34.0,2012-01-01T00:00:00Z,2013-01-01T00:00:00Z
http://www.wikidata.org/entity/Q456893,http://www.wikidata.org/entity/Q1422,14.0,2011-01-01T00:00:00Z,2012-01-01T00:00:00Z
http://www.wikidata.org/entity/Q457302,http://www.wikidata.org/entity/Q2693,43.0,2011-01-01T00:00:00Z,2014-01-01T00:00:00Z
http://www.wikidata.org/entity/Q457319,http://www.wikidata.org/entity/Q2710,57.0,2009-01-01T00:00:00Z,2011-01-01T00:00:00Z
http://www.wikidata.org/entity/Q457549,http://www.wikidata.org/entity/Q1457,3.0,2006-01-01T00:00:00Z,2010-01-01T00:00:00Z
http://www.wikidata.org/entity/Q457549,http://www.wikidata.org/entity/Q2710,63.0,2010-01-01T00:00:00Z,2013-01-01T00:00:00Z
http://www.wikidata.org/entity/Q458101,http://www.wikidata.org/entity/Q1893,6.0,2025-07-01T00:00:00Z,2026-01-01T00:00:00Z
http://www.wikidata.org/entity/Q458101,http://www.wikidata.org/entity/Q2074,33.0,2012-01-01T00:00:00Z,2013-01-01T00:00:00Z
http://www.wikidata.org/entity/Q458101,http://www.wikidata.org/entity/Q2710,37.0,2011-08-01T00:00:00Z,2012-01-01T00:00:00Z
http://www.wikidata.org/entity/Q458101,http://www.wikidata.org/entity/Q1422,3.0,2009-01-01T00:00:00Z,2012-01-01T00:00:00Z
http://www.wikidata.org/entity/Q458101,http://www.wikidata.org/entity/Q2609,270.0,2016-07-01T00:00:00Z,2024-07-01T00:00:00Z
http://www.wikidata.org/entity/Q458302,http://www.wikidata.org/entity/Q1900,61.0,2018-01-01T00:00:00Z,2021-01-01T00:00:00Z
http://www.wikidata.org/entity/Q49166190,http://www.wikidata.org/entity/Q1893,30.0,2023-08-30T00:00:00Z,2024-07-01T00:00:00Z
http://www.wikidata.org/entity/Q49166190,http://www.wikidata.org/entity/Q1543,13.0,2020-01-31T00:00:00Z,2020-06-30T00:00:00Z
http://www.wikidata.org/entity/Q3649564,http://www.wikidata.org/entity/Q2018,30.0,2015-01-01T00:00:00Z,
http://www.wikidata.org/entity/Q3639351,http://www.wikidata.org/entity/Q1457,8.0,2004-01-01T00:00:00Z,2006-01-01T00:00:00Z
http://www.wikidata.org/entity/Q3639351,http://www.wikidata.org/entity/Q1886,6.0,2005-01-01T00:00:00Z,2005-01-01T00:00:00Z
http://www.wikidata.org/entity/Q3639351,http://www.wikidata.org/entity/Q1886,6.0,2001-01-01T00:00:00Z,2004-01-01T00:00:00Z
http://www.wikidata.org/entity/Q3640443,http://www.wikidata.org/entity/Q2052,22.0,2002-01-01T00:00:00Z,2003-01-01T00:00:00Z
http://www.wikidata.org/entity/Q3641246,http://www.wikidata.org/entity/Q2037,7.0,2013-01-01T00:00:00Z,2014-01-01T00:00:00Z
http://www.wikidata.org/entity/Q3641246,http://www.wikidata.org/entity/Q2052,5.0,2009-01-01T00:00:00Z,2012-01-01T00:00:00Z
http://www.wikidata.org/entity/Q368833,http://www.wikidata.org/entity/Q2037,8.0,2004-01-01T00:00:00Z,2004-01-01T00:00:00Z
http://www.wikidata.org/entity/Q369010,http://www.wikidata.org/entity/Q631,16.0,2007-01-01T00:00:00Z,2011-01-01T00:00:00Z
http://www.wikidata.org/entity/Q369133,http://www.wikidata.org/entity/Q2693,35.0,2000-01-01T00:00:00Z,2002-01-01T00:00:00Z
http://www.wikidata.org/entity/Q369133,http://www.wikidata.org/entity/Q2693,156.0,1993-01-01T00:00:00Z,1999-01-01T00:00:00Z
http://www.wikidata.org/entity/Q369133,http://www.wikidata.org/entity/Q2609,24.0,1999-01-01T00:00:00Z,2000-01-01T00:00:00Z
http://www.wikidata.org/entity/Q369335,http://www.wikidata.org/entity/Q2674,38.0,2002-01-01T00:00:00Z,2004-01-01T00:00:00Z
http://www.wikidata.org/entity/Q369335,http://www.wikidata.org/entity/Q1893,34.0,2004-01-01T00:00:00Z,2006-01-01T00:00:00Z
http://www.wikidata.org/entity/Q369335,http://www.wikidata.org/entity/Q2074,15.0,2002-01-01T00:00:00Z,2002-01-01T00:00:00Z
http://www.wikidata.org/entity/Q369363,http://www.wikidata.org/entity/Q2018,58.0,2004-01-01T00:00:00Z,2006-01-01T00:00:00Z
http://www.wikidata.org/entity/Q369363,http://www.wikidata.org/entity/Q2018,1.0,2010-01-01T00:00:00Z,2010-01-01T00:00:00Z
http://www.wikidata.org/entity/Q483837,http://www.wikidata.org/entity/Q1543,37.0,2025-07-01T00:00:00Z,
http://www.wikidata.org/entity/Q4695287,http://www.wikidata.org/entity/Q2674,0.0,2015-01-01T00:00:00Z,2015-01-01T00:00:00Z
http://www.wikidata.org/entity/Q4697124,http://www.wikidata.org/entity/Q631,0.0,2009-01-01T00:00:00Z,2012-01-01T00:00:00Z
http://www.wikidata.org/entity/Q4705629,http://www.wikidata.org/entity/Q2018,25.0,2003-01-01T00:00:00Z,2004-01-01T00:00:00Z
http://www.wikidata.org/entity/Q470632,http://www.wikidata.org/entity/Q1893,2.0,2010-01-01T00:00:00Z,2010-01-01T00:00:00Z
http://www.wikidata.org/entity/Q470632,http://www.wikidata.org/entity/Q2052,0.0,2009-01-01T00:00:00Z,2012-01-01T00:00:00Z
http://www.wikidata.org/entity/Q4712038,http://www.wikidata.org/entity/Q2693,0.0,2012-01-01T00:00:00Z,2013-01-01T00:00:00Z
http://www.wikidata.org/entity/Q4712039,http://www.wikidata.org/entity/Q2693,0.0,2005-01-01T00:00:00Z,2015-01-01T00:00:00Z
http://www.wikidata.org/entity/Q4712045,http://www.wikidata.org/entity/Q631,0.0,2007-01-01T00:00:00Z,2011-01-01T00:00:00Z
http://www.wikidata.org/entity/Q4712088,http://www.wikidata.org/entity/Q1422,2.0,2010-01-01T00:00:00Z,2012-01-01T00:00:00Z
http://www.wikidata.org/entity/Q4716288,http://www.wikidata.org/entity/Q631,0.0,1998-01-01T00:00:00Z,2001-01-01T00:00:00Z
http://www.wikidata.org/entity/Q4716293,http://www.wikidata.org/entity/Q1893,1.0,2010-01-01T00:00:00Z,2011-01-01T00:00:00Z
http://www.wikidata.org/entity/Q4716300,http://www.wikidata.org/entity/Q1422,1.0,2006-01-01T00:00:00Z,2007-01-01T00:00:00Z
http://www.wikidata.org/entity/Q4716332,http://www.wikidata.org/entity/Q1422,0.0,2008-01-01T00:00:00Z,2009-01-01T00:00:00Z
http://www.wikidata.org/entity/Q4716333,http://www.wikidata.org/entity/Q1886,0.0,2010-01-01T00:00:00Z,2012-01-01T00:00:00Z
http://www.wikidata.org/entity/Q4716335,http://www.wikidata.org/entity/Q2693,0.0,2011-01-01T00:00:00Z,2013-01-01T00:00:00Z
http://www.wikidata.org/entity/Q4716344,http://www.wikidata.org/entity/Q1893,0.0,2010-01-01T00:00:00Z,2011-01-01T00:00:00Z
http://www.wikidata.org/entity/Q4716344,http://www.wikidata.org/entity/Q2693,0.0,2009-01-01T00:00:00Z,2010-01-01T00:00:00Z
http://www.wikidata.org/entity/Q4716347,http://www.wikidata.org/entity/Q2693,0.0,2013-01-01T00:00:00Z,2013-01-01T00:00:00Z
http://www.wikidata.org/entity/Q4716359,http://www.wikidata.org/entity/Q2693,7.0,2012-01-01T00:00:00Z,2015-01-01T00:00:00Z
http://www.wikidata.org/entity/Q4716361,http://www.wikidata.org/entity/Q631,0.0,2001-01-01T00:00:00Z,2003-01-01T00:00:00Z
http://www.wikidata.org/entity/Q4716361,http://www.wikidata.org/entity/Q1543,0.0,2003-01-01T00:00:00Z,2005-01-01T00:00:00Z
http://www.wikidata.org/entity/Q4716376,http://www.wikidata.org/entity/Q1893,0.0,2012-01-01T00:00:00Z,2014-01-01T00:00:00Z
http://www.wikidata.org/entity/Q4716403,http://www.wikidata.org/entity/Q2074,0.0,2003-01-01T00:00:00Z,2004-01-01T00:00:00Z
http://www.wikidata.org/entity/Q471641,http://www.wikidata.org/entity/Q2693,27.0,2007-01-01T00:00:00Z,2008-01-01T00:00:00Z
http://www.wikidata.org/entity/Q471641,http://www.wikidata.org/entity/Q631,0.0,2002-01-01T00:00:00Z,2002-01-01T00:00:00Z
http://www.wikidata.org/entity/Q471641,http://www.wikidata.org/entity/Q2037,68.0,2000-01-01T00:00:00Z,2002-01-01T00:00:00Z
http://www.wikidata.org/entity/Q471641,http://www.wikidata.org/entity/Q2609,64.0,2002-01-01T00:00:00Z,2004-01-01T00:00:00Z
http://www.wikidata.org/entity/Q471641,http://www.wikidata.org/entity/Q1900,22.0,1997-01-01T00:00:00Z,2000-01-01T00:00:00Z
http://www.wikidata.org/entity/Q471641,http://www.wikidata.org/entity/Q2693,36.0,2005-01-01T00:00:00Z,2006-01-01T00:00:00Z
http://www.wikidata.org/entity/Q4716425,http://www.wikidata.org/entity/Q2037,2.0,2009-01-01T00:00:00Z,2010-01-01T00:00:00Z
http://www.wikidata.org/entity/Q4716438,http://www.wikidata.org/entity/Q2052,13.0,2002-01-01T00:00:00Z,2003-01-01T00:00:00Z
http://www.wikidata.org/entity/Q4716438,http://www.wikidata.org/entity/Q2052,0.0,2005-01-01T00:00:00Z,2006-01-01T00:00:00Z
http://www.wikidata.org/entity/Q4716444,http://www.wikidata.org/entity/Q2710,0.0,2008-01-01T00:00:00Z,2008-01-01T00:00:00Z
http://www.wikidata.org/entity/Q472159,http://www.wikidata.org/entity/Q2609,32.0,2006-01-01T00:00:00Z,2008-01-01T00:00:00Z
http://www.wikidata.org/entity/Q472159,http://www.wikidata.org/entity/Q1893,55.0,2003-01-01T00:00:00Z,2006-01-01T00:00:00Z
http://www.wikidata.org/entity/Q4723763,http://www.wikidata.org/entity/Q2018,0.0,2010-01-01T00:00:00Z,2013-01-01T00:00:00Z
http://www.wikidata.org/entity/Q4723763,http://www.wikidata.org/entity/Q2710,0.0,2014-01-01T00:00:00Z,2015-01-01T00:00:00Z
http://www.wikidata.org/entity/Q4739095,http://www.wikidata.org/entity/Q2037,0.0,2011-01-01T00:00:00Z,2013-01-01T00:00:00Z
http://www.wikidata.org/entity/Q4740074,http://www.wikidata.org/entity/Q2693,0.0,2010-01-01T00:00:00Z,2013-01-01T00:00:00Z
http://www.wikidata.org/entity/Q4742093,http://www.wikidata.org/entity/Q2037,0.0,2008-01-01T00:00:00Z,2012-01-01T00:00:00Z
http://www.wikidata.org/entity/Q4754928,http://www.wikidata.org/entity/Q2674,0.0,2010-01-01T00:00:00Z,2012-01-01T00:00:00Z
http://www.wikidata.org/entity/Q4754943,http://www.wikidata.org/entity/Q1886,0.0,2007-01-01T00:00:00Z,2008-01-01T00:00:00Z
http://www.wikidata.org/entity/Q4754963,http://www.wikidata.org/entity/Q2052,15.0,2024-01-31T00:00:00Z,2024-06-30T00:00:00Z
http://www.wikidata.org/entity/Q4754963,http://www.wikidata.org/entity/Q2674,62.0,2013-01-01T00:00:00Z,2015-01-01T00:00:00Z
http://www.wikidata.org/entity/Q4754987,http://www.wikidata.org/entity/Q2641,9.0,2005-01-01T00:00:00Z,2006-01-01T00:00:00Z
http://www.wikidata.org/entity/Q4755003,http://www.wikidata.org/entity/Q2710,1.0,2011-01-01T00:00:00Z,2012-01-01T00:00:00Z
http://www.wikidata.org/entity/Q4755013,http://www.wikidata.org/entity/Q631,0.0,2005-01-01T00:00:00Z,2006-01-01T00:00:00Z
http://www.wikidata.org/entity/Q4755036,http://www.wikidata.org/entity/Q2018,3.0,2008-01-01T00:00:00Z,2010-01-01T00:00:00Z
http://www.wikidata.org/entity/Q4755044,http://www.wikidata.org/entity/Q1422,0.0,2010-01-01T00:00:00Z,2011-01-01T00:00:00Z
http://www.wikidata.org/entity/Q4755050,http://www.wikidata.org/entity/Q2074,0.0,2011-01-01T00:00:00Z,2013-01-01T00:00:00Z
http://www.wikidata.org/entity/Q4755050,http://www.wikidata.org/entity/Q2074,0.0,2014-01-01T00:00:00Z,2014-01-01T00:00:00Z
http://www.wikidata.org/entity/Q4755081,http://www.wikidata.org/entity/Q2693,0.0,2004-01-01T00:00:00Z,2005-01-01T00:00:00Z
http://www.wikidata.org/entity/Q4755093,http://www.wikidata.org/entity/Q2693,0.0,2009-01-01T00:00:00Z,2011-01-01T00:00:00Z
http://www.wikidata.org/entity/Q4755095,http://www.wikidata.org/entity/Q2641,1.0,2002-01-01T00:00:00Z,2003-01-01T00:00:00Z
http://www.wikidata.org/entity/Q4755126,http://www.wikidata.org/entity/Q1893,0.0,2012-01-01T00:00:00Z,2013-01-01T00:00:00Z
http://www.wikidata.org/entity/Q4755218,http://www.wikidata.org/entity/Q1886,0.0,1999-01-01T00:00:00Z,1999-01-01T00:00:00Z
http://www.wikidata.org/entity/Q4755218,http://www.wikidata.org/entity/Q1893,0.0,2002-01-01T00:00:00Z,2005-01-01T00:00:00Z
http://www.wikidata.org/entity/Q4755220,http://www.wikidata.org/entity/Q2710,3.0,2005-01-01T00:00:00Z,2006-01-01T00:00:00Z
http://www.wikidata.org/entity/Q4755220,http://www.wikidata.org/entity/Q2052,0.0,2006-01-01T00:00:00Z,2008-01-01T00:00:00Z
http://www.wikidata.org/entity/Q4755236,http://www.wikidata.org/entity/Q1422,0.0,2007-01-01T00:00:00Z,2008-01-01T00:00:00Z
http://www.wikidata.org/entity/Q4755260,http://www.wikidata.org/entity/Q2693,0.0,2014-01-01T00:00:00Z,2015-01-01T00:00:00Z
http://www.wikidata.org/entity/Q4755262,http://www.wikidata.org/entity/Q631,0.0,2011-01-01T00:00:00Z,2012-01-01T00:00:00Z
http://www.wikidata.org/entity/Q4755266,http://www.wikidata.org/entity/Q1543,0.0,2010-01-01T00:00:00Z,2012-01-01T00:00:00Z
http://www.wikidata.org/entity/Q4755273,http://www.wikidata.org/entity/Q2074,1.0,2009-01-01T00:00:00Z,2011-01-01T00:00:00Z
http://www.wikidata.org/entity/Q4759175,http://www.wikidata.org/entity/Q2074,20.0,2017-01-01T00:00:00Z,2018-01-01T00:00:00Z
http://www.wikidata.org/entity/Q4759175,http://www.wikidata.org/entity/Q1893,0.0,2007-01-01T00:00:00Z,2009-01-01T00:00:00Z
http://www.wikidata.org/entity/Q4776368,http://www.wikidata.org/entity/Q2037,0.0,2006-01-01T00:00:00Z,2006-01-01T00:00:00Z
http://www.wikidata.org/entity/Q4776368,http://www.wikidata.org/entity/Q2641,0.0,2004-01-01T00:00:00Z,2005-01-01T00:00:00Z
http://www.wikidata.org/entity/Q4776496,http://www.wikidata.org/entity/Q2074,0.0,2010-01-01T00:00:00Z,2012-01-01T00:00:00Z
http://www.wikidata.org/entity/Q4776529,http://www.wikidata.org/entity/Q1900,1.0,2016-01-01T00:00:00Z,2016-01-01T00:00:00Z
http://www.wikidata.org/entity/Q4776529,http://www.wikidata.org/entity/Q2609,0.0,2008-01-01T00:00:00Z,2010-01-01T00:00:00Z
http://www.wikidata.org/entity/Q4776549,http://www.wikidata.org/entity/Q631,0.0,2005-01-01T00:00:00Z,2005-01-01T00:00:00Z
http://www.wikidata.org/entity/Q4776594,http://www.wikidata.org/entity/Q631,0.0,2010-01-01T00:00:00Z,2012-01-01T00:00:00Z
http://www.wikidata.org/entity/Q477850,http://www.wikidata.org/entity/Q1893,72.0,2002-01-01T00:00:00Z,2007-01-01T00:00:00Z
http://www.wikidata.org/entity/Q477850,http://www.wikidata.org/entity/Q2609,48.0,2007-01-01T00:00:00Z,2011-01-01T00:00:00Z
http://www.wikidata.org/entity/Q4794426,http://www.wikidata.org/entity/Q1886,1.0,1995-01-01T00:00:00Z,1999-01-01T00:00:00Z
http://www.wikidata.org/entity/Q4803557,http://www.wikidata.org/entity/Q1886,0.0,2007-01-01T00:00:00Z,2009-01-01T00:00:00Z
http://www.wikidata.org/entity/Q481330,http://www.wikidata.org/entity/Q631,4.0,2019-01-01T00:00:00Z,2019-06-01T00:00:00Z
http://www.wikidata.org/entity/Q4818478,http://www.wikidata.org/entity/Q2674,0.0,2000-01-01T00:00:00Z,2001-01-01T00:00:00Z
http://www.wikidata.org/entity/Q4818478,http://www.wikidata.org/entity/Q2052,30.0,2002-01-01T00:00:00Z,2003-01-01T00:00:00Z
http://www.wikidata.org/entity/Q482947,http://www.wikidata.org/entity/Q2609,18.0,2017-08-31T00:00:00Z,2018-06-01T00:00:00Z
http://www.wikidata.org/entity/Q482955,http://www.wikidata.org/entity/Q1422,66.0,1999-01-01T00:00:00Z,2001-01-01T00:00:00Z
http://www.wikidata.org/entity/Q483027,http://www.wikidata.org/entity/Q1543,1987.0,1985-01-01T00:00:00Z,2019-01-01T00:00:00Z
http://www.wikidata.org/entity/Q483145,http://www.wikidata.org/entity/Q631,105.0,2005-01-01T00:00:00Z,2009-01-01T00:00:00Z
http://www.wikidata.org/entity/Q483577,http://www.wikidata.org/entity/Q1543,22.0,2002-01-01T00:00:00Z,2003-01-01T00:00:00Z
http://www.wikidata.org/entity/Q483846,http://www.wikidata.org/entity/Q1422,105.0,2016-01-01T00:00:00Z,2020-09-01T00:00:00Z
http://www.wikidata.org/entity/Q483846,http://www.wikidata.org/entity/Q2641,104.0,2013-07-24T00:00:00Z,2016-07-26T00:00:00Z
http://www.wikidata.org/entity/Q483846,http://www.wikidata.org/entity/Q1543,22.0,2018-08-01T00:00:00Z,2019-01-23T00:00:00Z
http://www.wikidata.org/entity/Q3765468,http://www.wikidata.org/entity/Q1886,7.0,2010-01-01T00:00:00Z,2015-01-01T00:00:00Z
http://www.wikidata.org/entity/Q3765468,http://www.wikidata.org/entity/Q631,0.0,1995-01-01T00:00:00Z,2001-01-01T00:00:00Z
http://www.wikidata.org/entity/Q3765468,http://www.wikidata.org/entity/Q2037,8.0,2003-01-01T00:00:00Z,2004-01-01T00:00:00Z
http://www.wikidata.org/entity/Q3765468,http://www.wikidata.org/entity/Q1543,0.0,1999-01-01T00:00:00Z,1999-01-01T00:00:00Z
http://www.wikidata.org/entity/Q3765468,http://www.wikidata.org/entity/Q2037,3.0,2000-01-01T00:00:00Z,2001-01-01T00:00:00Z
http://www.wikidata.org/entity/Q3765507,http://www.wikidata.org/entity/Q2710,16.0,2003-01-01T00:00:00Z,2004-01-01T00:00:00Z
http://www.wikidata.org/entity/Q3765507,http://www.wikidata.org/entity/Q1900,34.0,2002-01-01T00:00:00Z,2003-01-01T00:00:00Z
http://www.wikidata.org/entity/Q3765507,http://www.wikidata.org/entity/Q1900,0.0,2004-01-01T00:00:00Z,2004-01-01T00:00:00Z
http://www.wikidata.org/entity/Q3765507,http://www.wikidata.org/entity/Q2037,17.0,2000-01-01T00:00:00Z,2002-01-01T00:00:00Z
http://www.wikidata.org/entity/Q3765535,http://www.wikidata.org/entity/Q2710,18.0,2007-01-01T00:00:00Z,2008-01-01T00:00:00Z
http://www.wikidata.org/entity/Q3765560,http://www.wikidata.org/entity/Q1900,86.0,2000-01-01T00:00:00Z,2003-01-01T00:00:00Z
http://www.wikidata.org/entity/Q3765560,http://www.wikidata.org/entity/Q2018,54.0,2005-01-01T00:00:00Z,2007-01-01T00:00:00Z
http://www.wikidata.org/entity/Q3765560,http://www.wikidata.org/entity/Q2641,36.0,1999-01-01T00:00:00Z,2000-01-01T00:00:00Z
http://www.wikidata.org/entity/Q379805,http://www.wikidata.org/entity/Q1422,82.0,2017-07-01T00:00:00Z,2025-01-01T00:00:00Z
http://www.wikidata.org/entity/Q379805,http://www.wikidata.org/entity/Q1543,110.0,2011-01-01T00:00:00Z,2017-07-01T00:00:00Z
http://www.wikidata.org/entity/Q380021,http://www.wikidata.org/entity/Q2609,26.0,2011-01-01T00:00:00Z,2013-01-01T00:00:00Z
http://www.wikidata.org/entity/Q380021,http://www.wikidata.org/entity/Q1457,44.0,2008-01-01T00:00:00Z,2011-01-01T00:00:00Z
http://www.wikidata.org/entity/Q380059,http://www.wikidata.org/entity/Q1422,0.0,1999-01-01T00:00:00Z,1999-01-01T00:00:00Z
http://www.wikidata.org/entity/Q380131,http://www.wikidata.org/entity/Q1900,37.0,2010-01-01T00:00:00Z,2011-01-01T00:00:00Z
http://www.wikidata.org/entity/Q380131,http://www.wikidata.org/entity/Q631,0.0,2005-01-01T00:00:00Z,2009-01-01T00:00:00Z
http://www.wikidata.org/entity/Q380131,http://www.wikidata.org/entity/Q1893,32.0,2011-01-01T00:00:00Z,2012-01-01T00:00:00Z
http://www.wikidata.org/entity/Q380131,http://www.wikidata.org/entity/Q2074,10.0,2009-01-01T00:00:00Z,2012-01-01T00:00:00Z
http://www.wikidata.org/entity/Q380131,http://www.wikidata.org/entity/Q1886,12.0,2009-01-01T00:00:00Z,2010-01-01T00:00:00Z
http://www.wikidata.org/entity/Q380131,http://www.wikidata.org/entity/Q1900,68.0,2007-01-01T00:00:00Z,2009-01-01T00:00:00Z
http://www.wikidata.org/entity/Q381161,http://www.wikidata.org/entity/Q2018,34.0,2004-01-01T00:00:00Z,2005-01-01T00:00:00Z
http://www.wikidata.org/entity/Q381161,http://www.wikidata.org/entity/Q1457,65.0,2008-01-01T00:00:00Z,2012-01-01T00:00:00Z
http://www.wikidata.org/entity/Q381207,http://www.wikidata.org/entity/Q2693,0.0,2002-01-01T00:00:00Z,2003-01-01T00:00:00Z
http://www.wikidata.org/entity/Q381207,http://www.wikidata.org/entity/Q2609,75.0,2008-01-01T00:00:00Z,2013-08-25T00:00:00Z
http://www.wikidata.org/entity/Q381207,http://www.wikidata.org/entity/Q2641,52.0,1999-01-01T00:00:00Z,2001-01-01T00:00:00Z
http://www.wikidata.org/entity/Q381207,http://www.wikidata.org/entity/Q2074,36.0,2013-08-25T00:00:00Z,2014-07-04T00:00:00Z
http://www.wikidata.org/entity/Q381207,http://www.wikidata.org/entity/Q1893,36.0,2014-07-04T00:00:00Z,2015-01-01T00:00:00Z
http://www.wikidata.org/entity/Q381242,http://www.wikidata.org/entity/Q2074,28.0,2009-01-01T00:00:00Z,2010-01-01T00:00:00Z
http://www.wikidata.org/entity/Q381262,http://www.wikidata.org/entity/Q2052,64.0,2006-01-01T00:00:00Z,2008-01-01T00:00:00Z
http://www.wikidata.org/entity/Q381262,http://www.wikidata.org/entity/Q2674,66.0,2008-01-01T00:00:00Z,2011-01-01T00:00:00Z
http://www.wikidata.org/entity/Q381262,http://www.wikidata.org/entity/Q2609,126.0,2001-01-01T00:00:00Z,2006-01-01T00:00:00Z
http://www.wikidata.org/entity/Q381269,http://www.wikidata.org/entity/Q1886,51.0,2003-01-01T00:00:00Z,2006-01-01T00:00:00Z
http://www.wikidata.org/entity/Q381269,http://www.wikidata.org/entity/Q2693,50.0,2006-01-01T00:00:00Z,2008-01-01T00:00:00Z
http://www.wikidata.org/entity/Q381269,http://www.wikidata.org/entity/Q1886,2.0,2013-01-01T00:00:00Z,2013-01-01T00:00:00Z
http://www.wikidata.org/entity/Q381269,http://www.wikidata.org/entity/Q2674,0.0,2002-01-01T00:00:00Z,2003-01-01T00:00:00Z
http://www.wikidata.org/entity/Q381269,http://www.wikidata.org/entity/Q2674,63.0,2008-01-01T00:00:00Z,2013-01-01T00:00:00Z
http://www.wikidata.org/entity/Q381281,http://www.wikidata.org/entity/Q2674,30.0,2009-01-01T00:00:00Z,2011-01-01T00:00:00Z
http://www.wikidata.org/entity/Q43402334,http://www.wikidata.org/entity/Q1543,25.0,2020-09-09T00:00:00Z,2021-06-30T00:00:00Z
http://www.wikidata.org/entity/Q43402334,http://www.wikidata.org/entity/Q1543,95.0,2021-07-08T00:00:00Z,2023-07-03T00:00:00Z
http://www.wikidata.org/entity/Q11571,http://www.wikidata.org/entity/Q1422,98.0,2018-01-01T00:00:00Z,2021-08-26T00:00:00Z
http://www.wikidata.org/entity/Q11954,http://www.wikidata.org/entity/Q2641,295.0,2013-01-01T00:00:00Z,2022-06-01T00:00:00Z
http://www.wikidata.org/entity/Q83721,http://www.wikidata.org/entity/Q2641,18.0,2000-01-01T00:00:00Z,2001-01-01T00:00:00Z
http://www.wikidata.org/entity/Q83721,http://www.wikidata.org/entity/Q2641,31.0,2001-01-01T00:00:00Z,2003-01-01T00:00:00Z
http://www.wikidata.org/entity/Q861615,http://www.wikidata.org/entity/Q1422,42.0,2018-01-01T00:00:00Z,2026-01-01T00:00:00Z
http://www.wikidata.org/entity/Q861615,http://www.wikidata.org/entity/Q2710,29.0,2012-01-01T00:00:00Z,2013-01-01T00:00:00Z
http://www.wikidata.org/entity/Q861615,http://www.wikidata.org/entity/Q2074,148.0,2010-01-01T00:00:00Z,2018-01-01T00:00:00Z
http://www.wikidata.org/entity/Q865680,http://www.wikidata.org/entity/Q2710,25.0,2012-01-01T00:00:00Z,2013-01-01T00:00:00Z
http://www.wikidata.org/entity/Q865680,http://www.wikidata.org/entity/Q2710,35.0,2014-01-01T00:00:00Z,2015-01-01T00:00:00Z
http://www.wikidata.org/entity/Q865680,http://www.wikidata.org/entity/Q1457,14.0,2013-01-01T00:00:00Z,2014-01-01T00:00:00Z
http://www.wikidata.org/entity/Q867245,http://www.wikidata.org/entity/Q631,25.0,2013-01-01T00:00:00Z,2015-01-01T00:00:00Z
http://www.wikidata.org/entity/Q867245,http://www.wikidata.org/entity/Q1893,48.0,2011-01-01T00:00:00Z,2013-01-01T00:00:00Z
http://www.wikidata.org/entity/Q868139,http://www.wikidata.org/entity/Q2018,1.0,2009-01-01T00:00:00Z,2009-01-01T00:00:00Z
http://www.wikidata.org/entity/Q86835512,http://www.wikidata.org/entity/Q1422,1.0,2021-01-01T00:00:00Z,2023-06-01T00:00:00Z
http://www.wikidata.org/entity/Q86835512,http://www.wikidata.org/entity/Q1457,13.0,2021-09-01T00:00:00Z,2022-01-01T00:00:00Z
http://www.wikidata.org/entity/Q86835512,http://www.wikidata.org/entity/Q2074,19.0,2023-07-01T00:00:00Z,2024-01-01T00:00:00Z
http://www.wikidata.org/entity/Q86835512,http://www.wikidata.org/entity/Q2074,38.0,2022-07-14T00:00:00Z,2023-06-01T00:00:00Z
http://www.wikidata.org/entity/Q868488,http://www.wikidata.org/entity/Q631,30.0,2002-01-01T00:00:00Z,2004-01-01T00:00:00Z
http://www.wikidata.org/entity/Q868488,http://www.wikidata.org/entity/Q2052,75.0,1999-01-01T00:00:00Z,2002-01-01T00:00:00Z
http://www.wikidata.org/entity/Q868593,http://www.wikidata.org/entity/Q2674,29.0,2006-01-01T00:00:00Z,2009-01-01T00:00:00Z
http://www.wikidata.org/entity/Q868593,http://www.wikidata.org/entity/Q1893,32.0,2011-01-01T00:00:00Z,2014-01-01T00:00:00Z
http://www.wikidata.org/entity/Q868751,http://www.wikidata.org/entity/Q2037,10.0,2000-01-01T00:00:00Z,2000-01-01T00:00:00Z
http://www.wikidata.org/entity/Q869044,http://www.wikidata.org/entity/Q1900,266.0,2004-01-01T00:00:00Z,2012-01-01T00:00:00Z
http://www.wikidata.org/entity/Q869044,http://www.wikidata.org/entity/Q2052,13.0,1996-01-01T00:00:00Z,2002-01-01T00:00:00Z
http://www.wikidata.org/entity/Q869044,http://www.wikidata.org/entity/Q1900,15.0,2004-01-01T00:00:00Z,2004-01-01T00:00:00Z
http://www.wikidata.org/entity/Q869474,http://www.wikidata.org/entity/Q1543,0.0,2014-01-01T00:00:00Z,2015-01-01T00:00:00Z
http://www.wikidata.org/entity/Q869474,http://www.wikidata.org/entity/Q1543,0.0,2011-01-01T00:00:00Z,2014-01-01T00:00:00Z
http://www.wikidata.org/entity/Q870029,http://www.wikidata.org/entity/Q2037,2.0,2007-01-01T00:00:00Z,2009-01-01T00:00:00Z
http://www.wikidata.org/entity/Q870029,http://www.wikidata.org/entity/Q1543,0.0,1994-01-01T00:00:00Z,2003-01-01T00:00:00Z
http://www.wikidata.org/entity/Q870121,http://www.wikidata.org/entity/Q1900,51.0,2003-01-01T00:00:00Z,2005-01-01T00:00:00Z
http://www.wikidata.org/entity/Q870513,http://www.wikidata.org/entity/Q631,0.0,2007-01-01T00:00:00Z,2008-01-01T00:00:00Z
http://www.wikidata.org/entity/Q870513,http://www.wikidata.org/entity/Q2037,0.0,2005-01-01T00:00:00Z,2006-01-01T00:00:00Z
http://www.wikidata.org/entity/Q875057,http://www.wikidata.org/entity/Q2052,0.0,2004-01-01T00:00:00Z,2005-01-01T00:00:00Z
http://www.wikidata.org/entity/Q879732,http://www.wikidata.org/entity/Q1893,0.0,2001-01-01T00:00:00Z,2002-01-01T00:00:00Z
http://www.wikidata.org/entity/Q879732,http://www.wikidata.org/entity/Q2037,1.0,2002-01-01T00:00:00Z,2003-01-01T00:00:00Z
http://www.wikidata.org/entity/Q393641,http://www.wikidata.org/entity/Q1900,21.0,2015-01-01T00:00:00Z,2015-01-01T00:00:00Z
http://www.wikidata.org/entity/Q3941032,http://www.wikidata.org/entity/Q2693,0.0,2013-01-01T00:00:00Z,2015-01-01T00:00:00Z
http://www.wikidata.org/entity/Q3942205,http://www.wikidata.org/entity/Q2641,67.0,2005-01-01T00:00:00Z,2008-01-01T00:00:00Z
http://www.wikidata.org/entity/Q3942205,http://www.wikidata.org/entity/Q2037,3.0,2008-01-01T00:00:00Z,2008-01-01T00:00:00Z
http://www.wikidata.org/entity/Q3942586,http://www.wikidata.org/entity/Q1900,6.0,2011-01-01T00:00:00Z,2014-01-01T00:00:00Z
http://www.wikidata.org/entity/Q3943230,http://www.wikidata.org/entity/Q2710,38.0,2011-01-01T00:00:00Z,2013-01-01T00:00:00Z
http://www.wikidata.org/entity/Q3949573,http://www.wikidata.org/entity/Q2037,1.0,2003-01-01T00:00:00Z,2007-01-01T00:00:00Z
http://www.wikidata.org/entity/Q3949573,http://www.wikidata.org/entity/Q2018,0.0,2005-01-01T00:00:00Z,2005-01-01T00:00:00Z
http://www.wikidata.org/entity/Q3950898,http://www.wikidata.org/entity/Q2710,99.0,2001-01-01T00:00:00Z,2005-01-01T00:00:00Z
http://www.wikidata.org/entity/Q3953577,http://www.wikidata.org/entity/Q2641,6.0,2003-01-01T00:00:00Z,2004-01-01T00:00:00Z
http://www.wikidata.org/entity/Q3953704,http://www.wikidata.org/entity/Q631,0.0,2011-01-01T00:00:00Z,2013-01-01T00:00:00Z
http://www.wikidata.org/entity/Q3953783,http://www.wikidata.org/entity/Q1900,69.0,2000-01-01T00:00:00Z,2004-01-01T00:00:00Z
http://www.wikidata.org/entity/Q3953812,http://www.wikidata.org/entity/Q2074,0.0,2001-01-01T00:00:00Z,2001-01-01T00:00:00Z
http://www.wikidata.org/entity/Q3954883,http://www.wikidata.org/entity/Q2074,0.0,2008-01-01T00:00:00Z,2013-01-01T00:00:00Z
http://www.wikidata.org/entity/Q3956176,http://www.wikidata.org/entity/Q2037,67.0,1999-01-01T00:00:00Z,2001-01-01T00:00:00Z
http://www.wikidata.org/entity/Q3956176,http://www.wikidata.org/entity/Q2037,2.0,2004-01-01T00:00:00Z,2005-01-01T00:00:00Z
http://www.wikidata.org/entity/Q26522,http://www.wikidata.org/entity/Q1543,67.0,2012-01-01T00:00:00Z,2018-07-01T00:00:00Z
http://www.wikidata.org/entity/Q26580,http://www.wikidata.org/entity/Q1422,296.0,1991-01-01T00:00:00Z,2004-01-01T00:00:00Z
http://www.wikidata.org/entity/Q37527145,http://www.wikidata.org/entity/Q2074,3.0,2017-08-20T00:00:00Z,2019-06-30T00:00:00Z
http://www.wikidata.org/entity/Q37527145,http://www.wikidata.org/entity/Q631,0.0,2018-07-16T00:00:00Z,2019-06-30T00:00:00Z
http://www.wikidata.org/entity/Q37893505,http://www.wikidata.org/entity/Q1543,2.0,2017-01-01T00:00:00Z,2019-01-01T00:00:00Z
http://www.wikidata.org/entity/Q3990401,http://www.wikidata.org/entity/Q2018,8.0,2000-01-01T00:00:00Z,2000-01-01T00:00:00Z
http://www.wikidata.org/entity/Q3990406,http://www.wikidata.org/entity/Q2074,26.0,2003-01-01T00:00:00Z,2005-01-01T00:00:00Z
http://www.wikidata.org/entity/Q3990659,http://www.wikidata.org/entity/Q1457,7.0,2002-01-01T00:00:00Z,2006-01-01T00:00:00Z
http://www.wikidata.org/entity/Q3990659,http://www.wikidata.org/entity/Q2710,34.0,2004-01-01T00:00:00Z,2005-01-01T00:00:00Z
http://www.wikidata.org/entity/Q3990659,http://www.wikidata.org/entity/Q1893,0.0,2012-01-01T00:00:00Z,2013-01-01T00:00:00Z
http://www.wikidata.org/entity/Q3993135,http://www.wikidata.org/entity/Q2693,5.0,2003-01-01T00:00:00Z,2006-01-01T00:00:00Z
http://www.wikidata.org/entity/Q4003378,http://www.wikidata.org/entity/Q2018,41.0,2005-01-01T00:00:00Z,2007-01-01T00:00:00Z
http://www.wikidata.org/entity/Q4007929,http://www.wikidata.org/entity/Q2674,20.0,2013-01-01T00:00:00Z,2014-01-01T00:00:00Z
http://www.wikidata.org/entity/Q4007929,http://www.wikidata.org/entity/Q2074,0.0,2012-01-01T00:00:00Z,2013-01-01T00:00:00Z
http://www.wikidata.org/entity/Q4008879,http://www.wikidata.org/entity/Q1457,71.0,2013-01-01T00:00:00Z,2016-01-01T00:00:00Z
http://www.wikidata.org/entity/Q4008879,http://www.wikidata.org/entity/Q1457,1.0,2009-01-01T00:00:00Z,2010-01-01T00:00:00Z
http://www.wikidata.org/entity/Q4009218,http://www.wikidata.org/entity/Q1457,0.0,2011-01-01T00:00:00Z,2015-01-01T00:00:00Z
http://www.wikidata.org/entity/Q4014994,http://www.wikidata.org/entity/Q2018,0.0,2007-01-01T00:00:00Z,2007-01-01T00:00:00Z
http://www.wikidata.org/entity/Q4014994,http://www.wikidata.org/entity/Q2710,15.0,2006-01-01T00:00:00Z,2007-01-01T00:00:00Z
http://www.wikidata.org/entity/Q4015069,http://www.wikidata.org/entity/Q2018,3.0,2007-01-01T00:00:00Z,2009-01-01T00:00:00Z
http://www.wikidata.org/entity/Q4015080,http://www.wikidata.org/entity/Q2018,71.0,2002-01-01T00:00:00Z,2004-01-01T00:00:00Z
http://www.wikidata.org/entity/Q405636,http://www.wikidata.org/entity/Q2674,41.0,2006-01-01T00:00:00Z,2007-01-01T00:00:00Z
http://www.wikidata.org/entity/Q405636,http://www.wikidata.org/entity/Q1457,94.0,2003-01-01T00:00:00Z,2006-01-01T00:00:00Z
http://www.wikidata.org/entity/Q405636,http://www.wikidata.org/entity/Q2693,26.0,2001-01-01T00:00:00Z,2003-01-01T00:00:00Z
http://www.wikidata.org/entity/Q4133376,http://www.wikidata.org/entity/Q1543,0.0,2011-01-01T00:00:00Z,2014-01-01T00:00:00Z
http://www.wikidata.org/entity/Q4156211,http://www.wikidata.org/entity/Q1543,1.0,2010-01-01T00:00:00Z,2011-01-01T00:00:00Z
http://www.wikidata.org/entity/Q4241246,http://www.wikidata.org/entity/Q1543,3.0,2011-01-01T00:00:00Z,2014-01-01T00:00:00Z
http://www.wikidata.org/entity/Q5222840,http://www.wikidata.org/entity/Q1900,6.0,2012-01-01T00:00:00Z,2014-01-01T00:00:00Z
http://www.wikidata.org/entity/Q5222845,http://www.wikidata.org/entity/Q2052,0.0,2009-01-01T00:00:00Z,2010-01-01T00:00:00Z
http://www.wikidata.org/entity/Q5239792,http://www.wikidata.org/entity/Q2037,0.0,2004-01-01T00:00:00Z,2008-01-01T00:00:00Z
http://www.wikidata.org/entity/Q5241534,http://www.wikidata.org/entity/Q2693,0.0,2012-01-01T00:00:00Z,2014-01-01T00:00:00Z
http://www.wikidata.org/entity/Q5241542,http://www.wikidata.org/entity/Q1900,2.0,2003-01-01T00:00:00Z,2005-01-01T00:00:00Z
http://www.wikidata.org/entity/Q5241544,http://www.wikidata.org/entity/Q2052,0.0,2007-01-01T00:00:00Z,2009-01-01T00:00:00Z
http://www.wikidata.org/entity/Q5241546,http://www.wikidata.org/entity/Q631,0.0,2001-01-01T00:00:00Z,2002-01-01T00:00:00Z
http://www.wikidata.org/entity/Q5241550,http://www.wikidata.org/entity/Q2693,0.0,2011-01-01T00:00:00Z,2014-01-01T00:00:00Z
http://www.wikidata.org/entity/Q5241550,http://www.wikidata.org/entity/Q1893,1.0,2007-01-01T00:00:00Z,2008-01-01T00:00:00Z
http://www.wikidata.org/entity/Q5241591,http://www.wikidata.org/entity/Q2074,25.0,2020-01-01T00:00:00Z,2021-01-01T00:00:00Z
http://www.wikidata.org/entity/Q5241591,http://www.wikidata.org/entity/Q1886,29.0,2014-01-01T00:00:00Z,2015-01-01T00:00:00Z
http://www.wikidata.org/entity/Q5267561,http://www.wikidata.org/entity/Q631,0.0,2005-01-01T00:00:00Z,2006-01-01T00:00:00Z
http://www.wikidata.org/entity/Q526828,http://www.wikidata.org/entity/Q631,1.0,2004-01-01T00:00:00Z,2007-01-01T00:00:00Z
http://www.wikidata.org/entity/Q526828,http://www.wikidata.org/entity/Q1886,1.0,2005-01-01T00:00:00Z,2005-01-01T00:00:00Z
http://www.wikidata.org/entity/Q526828,http://www.wikidata.org/entity/Q1886,1.0,2004-01-01T00:00:00Z,2004-01-01T00:00:00Z
http://www.wikidata.org/entity/Q527314,http://www.wikidata.org/entity/Q1422,5.0,2006-01-01T00:00:00Z,2008-01-01T00:00:00Z
http://www.wikidata.org/entity/Q527314,http://www.wikidata.org/entity/Q2641,16.0,2004-01-01T00:00:00Z,2005-01-01T00:00:00Z
http://www.wikidata.org/entity/Q527314,http://www.wikidata.org/entity/Q2710,21.0,2013-01-01T00:00:00Z,2014-01-01T00:00:00Z
http://www.wikidata.org/entity/Q5274735,http://www.wikidata.org/entity/Q2693,0.0,2009-01-01T00:00:00Z,2012-01-01T00:00:00Z
http://www.wikidata.org/entity/Q5274735,http://www.wikidata.org/entity/Q2074,0.0,2012-01-01T00:00:00Z,2015-01-01T00:00:00Z
http://www.wikidata.org/entity/Q5274746,http://www.wikidata.org/entity/Q631,0.0,2012-01-01T00:00:00Z,2015-01-01T00:00:00Z
http://www.wikidata.org/entity/Q5274782,http://www.wikidata.org/entity/Q2037,0.0,2005-01-01T00:00:00Z,2008-01-01T00:00:00Z
http://www.wikidata.org/entity/Q5278529,http://www.wikidata.org/entity/Q631,2.0,2004-01-01T00:00:00Z,2005-01-01T00:00:00Z
http://www.wikidata.org/entity/Q5279198,http://www.wikidata.org/entity/Q2074,9.0,2015-01-01T00:00:00Z,2015-01-01T00:00:00Z
http://www.wikidata.org/entity/Q528078,http://www.wikidata.org/entity/Q1893,10.0,2011-01-01T00:00:00Z,2015-01-01T00:00:00Z
http://www.wikidata.org/entity/Q528696,http://www.wikidata.org/entity/Q2052,81.0,2006-01-01T00:00:00Z,2010-01-01T00:00:00Z
http://www.wikidata.org/entity/Q528696,http://www.wikidata.org/entity/Q2693,155.0,2010-01-01T00:00:00Z,2015-01-01T00:00:00Z
http://www.wikidata.org/entity/Q528696,http://www.wikidata.org/entity/Q1900,71.0,2004-01-01T00:00:00Z,2006-01-01T00:00:00Z
http://www.wikidata.org/entity/Q528926,http://www.wikidata.org/entity/Q2710,15.0,2012-01-01T00:00:00Z,2013-01-01T00:00:00Z
http://www.wikidata.org/entity/Q528926,http://www.wikidata.org/entity/Q2037,15.0,2009-01-01T00:00:00Z,2010-01-01T00:00:00Z
http://www.wikidata.org/entity/Q529204,http://www.wikidata.org/entity/Q2674,70.0,1999-01-01T00:00:00Z,2006-01-01T00:00:00Z
http://www.wikidata.org/entity/Q529204,http://www.wikidata.org/entity/Q1457,96.0,2006-01-01T00:00:00Z,2012-01-01T00:00:00Z
http://www.wikidata.org/entity/Q529207,http://www.wikidata.org/entity/Q1543,20.0,2007-01-01T00:00:00Z,2008-01-01T00:00:00Z
http://www.wikidata.org/entity/Q529207,http://www.wikidata.org/entity/Q631,68.0,1997-01-01T00:00:00Z,2002-01-01T00:00:00Z
http://www.wikidata.org/entity/Q529244,http://www.wikidata.org/entity/Q2052,4.0,2004-01-01T00:00:00Z,2004-01-01T00:00:00Z
http://www.wikidata.org/entity/Q529244,http://www.wikidata.org/entity/Q2693,32.0,2008-01-01T00:00:00Z,2010-01-01T00:00:00Z
http://www.wikidata.org/entity/Q529244,http://www.wikidata.org/entity/Q2074,50.0,2007-01-01T00:00:00Z,2008-01-01T00:00:00Z
http://www.wikidata.org/entity/Q529647,http://www.wikidata.org/entity/Q631,0.0,2008-01-01T00:00:00Z,2011-01-01T00:00:00Z
http://www.wikidata.org/entity/Q529951,http://www.wikidata.org/entity/Q2074,0.0,2004-01-01T00:00:00Z,2005-01-01T00:00:00Z
http://www.wikidata.org/entity/Q530033,http://www.wikidata.org/entity/Q2609,11.0,2016-01-01T00:00:00Z,2016-01-01T00:00:00Z
http://www.wikidata.org/entity/Q530668,http://www.wikidata.org/entity/Q2609,0.0,2012-01-01T00:00:00Z,2014-01-01T00:00:00Z
http://www.wikidata.org/entity/Q530759,http://www.wikidata.org/entity/Q2693,258.0,1991-01-01T00:00:00Z,2004-01-01T00:00:00Z
http://www.wikidata.org/entity/Q531107,http://www.wikidata.org/entity/Q2609,0.0,1999-01-01T00:00:00Z,2000-01-01T00:00:00Z
http://www.wikidata.org/entity/Q531107,http://www.wikidata.org/entity/Q2037,66.0,2008-01-01T00:00:00Z,2010-01-01T00:00:00Z
http://www.wikidata.org/entity/Q531302,http://www.wikidata.org/entity/Q2037,17.0,2011-01-01T00:00:00Z,2012-01-01T00:00:00Z
http://www.wikidata.org/entity/Q531302,http://www.wikidata.org/entity/Q2609,135.0,2018-01-01T00:00:00Z,2023-01-01T00:00:00Z
http://www.wikidata.org/entity/Q531302,http://www.wikidata.org/entity/Q2037,7.0,2013-01-01T00:00:00Z,2013-01-01T00:00:00Z
http://www.wikidata.org/entity/Q531302,http://www.wikidata.org/entity/Q1543,6.0,2012-01-01T00:00:00Z,2013-01-01T00:00:00Z
http://www.wikidata.org/entity/Q531302,http://www.wikidata.org/entity/Q2074,0.0,2013-01-01T00:00:00Z,2013-01-01T00:00:00Z
http://www.wikidata.org/entity/Q531302,http://www.wikidata.org/entity/Q2074,0.0,2011-01-01T00:00:00Z,2013-01-01T00:00:00Z
http://www.wikidata.org/entity/Q531342,http://www.wikidata.org/entity/Q2609,12.0,2009-01-01T00:00:00Z,2013-01-01T00:00:00Z
http://www.wikidata.org/entity/Q531342,http://www.wikidata.org/entity/Q2074,1.0,2013-01-01T00:00:00Z,2014-01-01T00:00:00Z
http://www.wikidata.org/entity/Q531342,http://www.wikidata.org/entity/Q2018,39.0,2007-01-01T00:00:00Z,2009-01-01T00:00:00Z
http://www.wikidata.org/entity/Q531433,http://www.wikidata.org/entity/Q2037,0.0,2013-01-01T00:00:00Z,2013-01-01T00:00:00Z
http://www.wikidata.org/entity/Q531433,http://www.wikidata.org/entity/Q2674,34.0,2007-01-01T00:00:00Z,2015-01-01T00:00:00Z
http://www.wikidata.org/entity/Q531576,http://www.wikidata.org/entity/Q2037,239.0,2011-01-01T00:00:00Z,2019-01-01T00:00:00Z
http://www.wikidata.org/entity/Q531671,http://www.wikidata.org/entity/Q1886,1.0,2008-01-01T00:00:00Z,2013-01-01T00:00:00Z
http://www.wikidata.org/entity/Q531814,http://www.wikidata.org/entity/Q1543,30.0,2013-01-01T00:00:00Z,2014-01-01T00:00:00Z
http://www.wikidata.org/entity/Q531814,http://www.wikidata.org/entity/Q1543,193.0,2003-01-01T00:00:00Z,2009-01-01T00:00:00Z
http://www.wikidata.org/entity/Q532928,http://www.wikidata.org/entity/Q2609,22.0,2007-01-01T00:00:00Z,2012-01-01T00:00:00Z
http://www.wikidata.org/entity/Q533727,http://www.wikidata.org/entity/Q1886,33.0,2006-01-01T00:00:00Z,2007-01-01T00:00:00Z
http://www.wikidata.org/entity/Q533727,http://www.wikidata.org/entity/Q2693,7.0,2002-01-01T00:00:00Z,2003-01-01T00:00:00Z
http://www.wikidata.org/entity/Q533727,http://www.wikidata.org/entity/Q1543,17.0,2001-01-01T00:00:00Z,2007-01-01T00:00:00Z
http://www.wikidata.org/entity/Q533727,http://www.wikidata.org/entity/Q1886,46.0,1999-01-01T00:00:00Z,2001-01-01T00:00:00Z
http://www.wikidata.org/entity/Q533727,http://www.wikidata.org/entity/Q1457,19.0,2003-01-01T00:00:00Z,2004-01-01T00:00:00Z
http://www.wikidata.org/entity/Q533727,http://www.wikidata.org/entity/Q2674,46.0,2012-01-01T00:00:00Z,2013-01-01T00:00:00Z
http://www.wikidata.org/entity/Q5340155,http://www.wikidata.org/entity/Q1457,0.0,2011-01-01T00:00:00Z,2013-01-01T00:00:00Z
http://www.wikidata.org/entity/Q5340164,http://www.wikidata.org/entity/Q2052,0.0,2011-01-01T00:00:00Z,2012-01-01T00:00:00Z
http://www.wikidata.org/entity/Q5340164,http://www.wikidata.org/entity/Q1543,0.0,2012-01-01T00:00:00Z,2015-01-01T00:00:00Z
http://www.wikidata.org/entity/Q3765430,http://www.wikidata.org/entity/Q2641,6.0,1999-01-01T00:00:00Z,2001-01-01T00:00:00Z
http://www.wikidata.org/entity/Q3765430,http://www.wikidata.org/entity/Q2710,15.0,2008-01-01T00:00:00Z,2009-01-01T00:00:00Z
http://www.wikidata.org/entity/Q3765815,http://www.wikidata.org/entity/Q2609,80.0,1994-01-01T00:00:00Z,1999-01-01T00:00:00Z
http://www.wikidata.org/entity/Q3767137,http://www.wikidata.org/entity/Q2018,8.0,2000-01-01T00:00:00Z,2001-01-01T00:00:00Z
http://www.wikidata.org/entity/Q5241591,http://www.wikidata.org/entity/Q1886,142.0,2021-01-01T00:00:00Z,
http://www.wikidata.org/entity/Q7132166,http://www.wikidata.org/entity/Q2674,1.0,2008-01-01T00:00:00Z,2011-01-01T00:00:00Z
http://www.wikidata.org/entity/Q7132168,http://www.wikidata.org/entity/Q1457,0.0,2007-01-01T00:00:00Z,2009-01-01T00:00:00Z
http://www.wikidata.org/entity/Q7132169,http://www.wikidata.org/entity/Q1900,3.0,2000-01-01T00:00:00Z,2002-01-01T00:00:00Z
http://www.wikidata.org/entity/Q7132169,http://www.wikidata.org/entity/Q631,0.0,1998-01-01T00:00:00Z,2000-01-01T00:00:00Z
http://www.wikidata.org/entity/Q7132195,http://www.wikidata.org/entity/Q1543,0.0,2000-01-01T00:00:00Z,2001-01-01T00:00:00Z
http://www.wikidata.org/entity/Q7132195,http://www.wikidata.org/entity/Q2693,0.0,2009-01-01T00:00:00Z,2009-01-01T00:00:00Z
http://www.wikidata.org/entity/Q7132195,http://www.wikidata.org/entity/Q631,0.0,2001-01-01T00:00:00Z,2004-01-01T00:00:00Z
http://www.wikidata.org/entity/Q7142330,http://www.wikidata.org/entity/Q1893,9.0,2004-01-01T00:00:00Z,2006-01-01T00:00:00Z
http://www.wikidata.org/entity/Q7146893,http://www.wikidata.org/entity/Q1543,0.0,2003-01-01T00:00:00Z,2010-01-01T00:00:00Z
http://www.wikidata.org/entity/Q7147433,http://www.wikidata.org/entity/Q631,0.0,2013-01-01T00:00:00Z,2015-01-01T00:00:00Z
http://www.wikidata.org/entity/Q715105,http://www.wikidata.org/entity/Q1422,14.0,2000-01-01T00:00:00Z,2001-01-01T00:00:00Z
http://www.wikidata.org/entity/Q715105,http://www.wikidata.org/entity/Q1900,0.0,2002-01-01T00:00:00Z,2002-01-01T00:00:00Z
http://www.wikidata.org/entity/Q715105,http://www.wikidata.org/entity/Q1900,120.0,1996-01-01T00:00:00Z,2000-01-01T00:00:00Z
http://www.wikidata.org/entity/Q716961,http://www.wikidata.org/entity/Q1893,0.0,2011-01-01T00:00:00Z,2012-01-01T00:00:00Z
http://www.wikidata.org/entity/Q716961,http://www.wikidata.org/entity/Q2641,28.0,2005-01-01T00:00:00Z,2014-01-01T00:00:00Z
http://www.wikidata.org/entity/Q718251,http://www.wikidata.org/entity/Q1886,24.0,2012-01-01T00:00:00Z,2013-01-01T00:00:00Z
http://www.wikidata.org/entity/Q718251,http://www.wikidata.org/entity/Q2074,36.0,2012-01-01T00:00:00Z,2014-01-01T00:00:00Z
http://www.wikidata.org/entity/Q718251,http://www.wikidata.org/entity/Q1900,161.0,2006-01-01T00:00:00Z,2012-01-01T00:00:00Z
http://www.wikidata.org/entity/Q719197,http://www.wikidata.org/entity/Q2074,0.0,2010-07-01T00:00:00Z,2012-07-01T00:00:00Z
http://www.wikidata.org/entity/Q719197,http://www.wikidata.org/entity/Q1900,26.0,2016-08-01T00:00:00Z,2017-06-01T00:00:00Z
http://www.wikidata.org/entity/Q719197,http://www.wikidata.org/entity/Q2018,12.0,2013-07-01T00:00:00Z,2013-12-01T00:00:00Z
http://www.wikidata.org/entity/Q719197,http://www.wikidata.org/entity/Q2074,24.0,2013-07-01T00:00:00Z,2016-08-01T00:00:00Z
http://www.wikidata.org/entity/Q7193045,http://www.wikidata.org/entity/Q2674,0.0,2006-01-01T00:00:00Z,2007-01-01T00:00:00Z
http://www.wikidata.org/entity/Q719709,http://www.wikidata.org/entity/Q631,6.0,2006-01-01T00:00:00Z,2009-01-01T00:00:00Z
http://www.wikidata.org/entity/Q720490,http://www.wikidata.org/entity/Q2052,12.0,2011-01-01T00:00:00Z,2011-01-01T00:00:00Z
http://www.wikidata.org/entity/Q721619,http://www.wikidata.org/entity/Q1543,0.0,2003-01-01T00:00:00Z,2004-01-01T00:00:00Z
http://www.wikidata.org/entity/Q721619,http://www.wikidata.org/entity/Q2693,89.0,2004-01-01T00:00:00Z,2007-01-01T00:00:00Z
http://www.wikidata.org/entity/Q721619,http://www.wikidata.org/entity/Q1886,3.0,2013-01-01T00:00:00Z,2013-01-01T00:00:00Z
http://www.wikidata.org/entity/Q721619,http://www.wikidata.org/entity/Q1543,0.0,1999-01-01T00:00:00Z,2001-01-01T00:00:00Z
http://www.wikidata.org/entity/Q721619,http://www.wikidata.org/entity/Q2641,75.0,2007-01-01T00:00:00Z,2010-01-01T00:00:00Z
http://www.wikidata.org/entity/Q721625,http://www.wikidata.org/entity/Q1886,5.0,2016-01-01T00:00:00Z,2016-01-01T00:00:00Z
http://www.wikidata.org/entity/Q722348,http://www.wikidata.org/entity/Q2052,69.0,2017-07-01T00:00:00Z,2020-01-01T00:00:00Z
http://www.wikidata.org/entity/Q722481,http://www.wikidata.org/entity/Q1886,43.0,2012-01-01T00:00:00Z,2014-01-01T00:00:00Z
http://www.wikidata.org/entity/Q722481,http://www.wikidata.org/entity/Q2052,2.0,2005-01-01T00:00:00Z,2007-01-01T00:00:00Z
http://www.wikidata.org/entity/Q722481,http://www.wikidata.org/entity/Q2074,1.0,2008-01-01T00:00:00Z,2008-01-01T00:00:00Z
http://www.wikidata.org/entity/Q722512,http://www.wikidata.org/entity/Q2674,18.0,2010-01-01T00:00:00Z,2011-01-01T00:00:00Z
http://www.wikidata.org/entity/Q722512,http://www.wikidata.org/entity/Q2693,7.0,2004-01-01T00:00:00Z,2004-01-01T00:00:00Z
http://www.wikidata.org/entity/Q722512,http://www.wikidata.org/entity/Q1543,0.0,1998-01-01T00:00:00Z,2000-01-01T00:00:00Z
http://www.wikidata.org/entity/Q722512,http://www.wikidata.org/entity/Q1457,38.0,2011-01-01T00:00:00Z,2012-01-01T00:00:00Z
http://www.wikidata.org/entity/Q722613,http://www.wikidata.org/entity/Q1457,46.0,2004-01-01T00:00:00Z,2006-01-01T00:00:00Z
http://www.wikidata.org/entity/Q722632,http://www.wikidata.org/entity/Q1457,116.0,1995-01-01T00:00:00Z,1999-01-01T00:00:00Z
http://www.wikidata.org/entity/Q722797,http://www.wikidata.org/entity/Q2037,25.0,2011-01-01T00:00:00Z,2013-01-01T00:00:00Z
http://www.wikidata.org/entity/Q722889,http://www.wikidata.org/entity/Q1900,15.0,2008-01-01T00:00:00Z,2009-01-01T00:00:00Z
http://www.wikidata.org/entity/Q722889,http://www.wikidata.org/entity/Q1886,4.0,2012-01-01T00:00:00Z,2013-01-01T00:00:00Z
http://www.wikidata.org/entity/Q722916,http://www.wikidata.org/entity/Q1893,10.0,2010-01-01T00:00:00Z,2011-01-01T00:00:00Z
http://www.wikidata.org/entity/Q722916,http://www.wikidata.org/entity/Q1886,30.0,2008-01-01T00:00:00Z,2013-01-01T00:00:00Z
http://www.wikidata.org/entity/Q722994,http://www.wikidata.org/entity/Q2693,42.0,2002-01-01T00:00:00Z,2003-01-01T00:00:00Z
http://www.wikidata.org/entity/Q722994,http://www.wikidata.org/entity/Q2674,20.0,2004-01-01T00:00:00Z,2005-01-01T00:00:00Z
http://www.wikidata.org/entity/Q722994,http://www.wikidata.org/entity/Q1893,37.0,2006-01-01T00:00:00Z,2007-01-01T00:00:00Z
http://www.wikidata.org/entity/Q722994,http://www.wikidata.org/entity/Q2674,20.0,2004-01-01T00:00:00Z,2004-01-01T00:00:00Z
http://www.wikidata.org/entity/Q722994,http://www.wikidata.org/entity/Q2609,27.0,2004-01-01T00:00:00Z,2005-01-01T00:00:00Z
http://www.wikidata.org/entity/Q723383,http://www.wikidata.org/entity/Q1900,24.0,1999-01-01T00:00:00Z,2000-01-01T00:00:00Z
http://www.wikidata.org/entity/Q723383,http://www.wikidata.org/entity/Q1893,17.0,2000-01-01T00:00:00Z,2001-01-01T00:00:00Z
http://www.wikidata.org/entity/Q723383,http://www.wikidata.org/entity/Q2052,95.0,1996-01-01T00:00:00Z,1999-01-01T00:00:00Z
http://www.wikidata.org/entity/Q723383,http://www.wikidata.org/entity/Q2018,74.0,2002-01-01T00:00:00Z,2004-01-01T00:00:00Z
http://www.wikidata.org/entity/Q723767,http://www.wikidata.org/entity/Q2674,0.0,2010-01-01T00:00:00Z,2012-01-01T00:00:00Z
http://www.wikidata.org/entity/Q723767,http://www.wikidata.org/entity/Q1893,38.0,2014-01-01T00:00:00Z,2015-01-01T00:00:00Z
http://www.wikidata.org/entity/Q723933,http://www.wikidata.org/entity/Q1422,0.0,2007-01-01T00:00:00Z,2008-01-01T00:00:00Z
http://www.wikidata.org/entity/Q724009,http://www.wikidata.org/entity/Q1886,68.0,2006-01-01T00:00:00Z,2008-01-01T00:00:00Z
http://www.wikidata.org/entity/Q724009,http://www.wikidata.org/entity/Q1457,63.0,2009-01-01T00:00:00Z,2013-01-01T00:00:00Z
http://www.wikidata.org/entity/Q724020,http://www.wikidata.org/entity/Q2693,68.0,2007-01-01T00:00:00Z,2010-01-01T00:00:00Z
http://www.wikidata.org/entity/Q724020,http://www.wikidata.org/entity/Q1886,209.0,1994-01-01T00:00:00Z,2005-01-01T00:00:00Z
http://www.wikidata.org/entity/Q724033,http://www.wikidata.org/entity/Q2037,20.0,2003-01-01T00:00:00Z,2004-01-01T00:00:00Z
http://www.wikidata.org/entity/Q724033,http://www.wikidata.org/entity/Q2693,169.0,2007-01-01T00:00:00Z,2015-01-01T00:00:00Z
http://www.wikidata.org/entity/Q724033,http://www.wikidata.org/entity/Q2674,58.0,2002-01-01T00:00:00Z,2005-01-01T00:00:00Z
http://www.wikidata.org/entity/Q7357324,http://www.wikidata.org/entity/Q1543,0.0,2012-01-01T00:00:00Z,2014-01-01T00:00:00Z
http://www.wikidata.org/entity/Q7366063,http://www.wikidata.org/entity/Q631,0.0,2003-01-01T00:00:00Z,2008-01-01T00:00:00Z
http://www.wikidata.org/entity/Q7366063,http://www.wikidata.org/entity/Q1543,0.0,2002-01-01T00:00:00Z,2003-01-01T00:00:00Z
http://www.wikidata.org/entity/Q27694,http://www.wikidata.org/entity/Q1422,37.0,2018-01-01T00:00:00Z,2020-01-01T00:00:00Z
http://www.wikidata.org/entity/Q27704,http://www.wikidata.org/entity/Q2674,14.0,2001-01-01T00:00:00Z,2002-01-01T00:00:00Z
http://www.wikidata.org/entity/Q27755,http://www.wikidata.org/entity/Q2641,2.0,2014-01-01T00:00:00Z,2014-01-01T00:00:00Z
http://www.wikidata.org/entity/Q3756462,http://www.wikidata.org/entity/Q2641,2.0,1999-01-01T00:00:00Z,2000-01-01T00:00:00Z
http://www.wikidata.org/entity/Q3756469,http://www.wikidata.org/entity/Q1457,0.0,2008-01-01T00:00:00Z,2010-01-01T00:00:00Z
http://www.wikidata.org/entity/Q3756658,http://www.wikidata.org/entity/Q1893,2.0,2005-01-01T00:00:00Z,2010-01-01T00:00:00Z
http://www.wikidata.org/entity/Q3756658,http://www.wikidata.org/entity/Q2693,0.0,2010-01-01T00:00:00Z,2015-01-01T00:00:00Z
http://www.wikidata.org/entity/Q3756680,http://www.wikidata.org/entity/Q2018,5.0,2004-01-01T00:00:00Z,2004-01-01T00:00:00Z
http://www.wikidata.org/entity/Q3756967,http://www.wikidata.org/entity/Q2074,50.0,2006-01-01T00:00:00Z,2008-01-01T00:00:00Z
http://www.wikidata.org/entity/Q3757012,http://www.wikidata.org/entity/Q2641,16.0,2005-01-01T00:00:00Z,2008-01-01T00:00:00Z
http://www.wikidata.org/entity/Q3757012,http://www.wikidata.org/entity/Q2693,3.0,2001-01-01T00:00:00Z,2005-01-01T00:00:00Z
http://www.wikidata.org/entity/Q3757012,http://www.wikidata.org/entity/Q2074,9.0,2003-01-01T00:00:00Z,2004-01-01T00:00:00Z
http://www.wikidata.org/entity/Q3757012,http://www.wikidata.org/entity/Q2074,30.0,1999-01-01T00:00:00Z,2001-01-01T00:00:00Z
http://www.wikidata.org/entity/Q3757022,http://www.wikidata.org/entity/Q2710,10.0,2002-01-01T00:00:00Z,2004-01-01T00:00:00Z
http://www.wikidata.org/entity/Q3757153,http://www.wikidata.org/entity/Q2674,25.0,2003-01-01T00:00:00Z,2004-01-01T00:00:00Z
http://www.wikidata.org/entity/Q3757153,http://www.wikidata.org/entity/Q1900,69.0,1997-01-01T00:00:00Z,1999-01-01T00:00:00Z
http://www.wikidata.org/entity/Q3757153,http://www.wikidata.org/entity/Q1457,76.0,1999-01-01T00:00:00Z,2002-01-01T00:00:00Z
http://www.wikidata.org/entity/Q375758,http://www.wikidata.org/entity/Q2609,17.0,2004-01-01T00:00:00Z,2005-01-01T00:00:00Z
http://www.wikidata.org/entity/Q375758,http://www.wikidata.org/entity/Q2693,0.0,1999-01-01T00:00:00Z,2001-01-01T00:00:00Z
http://www.wikidata.org/entity/Q375758,http://www.wikidata.org/entity/Q2693,17.0,2003-01-01T00:00:00Z,2004-01-01T00:00:00Z
http://www.wikidata.org/entity/Q3759823,http://www.wikidata.org/entity/Q2018,29.0,1998-01-01T00:00:00Z,1999-01-01T00:00:00Z
http://www.wikidata.org/entity/Q3759823,http://www.wikidata.org/entity/Q2018,20.0,2001-01-01T00:00:00Z,2004-01-01T00:00:00Z
http://www.wikidata.org/entity/Q3759857,http://www.wikidata.org/entity/Q1893,10.0,2014-01-01T00:00:00Z,2015-01-01T00:00:00Z
http://www.wikidata.org/entity/Q3759857,http://www.wikidata.org/entity/Q2674,15.0,2013-01-01T00:00:00Z,2015-01-01T00:00:00Z
http://www.wikidata.org/entity/Q375987,http://www.wikidata.org/entity/Q1886,10.0,2005-01-01T00:00:00Z,2005-01-01T00:00:00Z
http://www.wikidata.org/entity/Q375987,http://www.wikidata.org/entity/Q2674,1.0,2004-01-01T00:00:00Z,2005-01-01T00:00:00Z
http://www.wikidata.org/entity/Q375987,http://www.wikidata.org/entity/Q1886,61.0,2005-01-01T00:00:00Z,2007-01-01T00:00:00Z
http://www.wikidata.org/entity/Q3763557,http://www.wikidata.org/entity/Q2018,7.0,2001-01-01T00:00:00Z,2003-01-01T00:00:00Z
http://www.wikidata.org/entity/Q3763781,http://www.wikidata.org/entity/Q2693,0.0,2013-01-01T00:00:00Z,2015-01-01T00:00:00Z
http://www.wikidata.org/entity/Q377019,http://www.wikidata.org/entity/Q1893,0.0,2002-01-01T00:00:00Z,2002-01-01T00:00:00Z
http://www.wikidata.org/entity/Q3807988,http://www.wikidata.org/entity/Q1893,0.0,1999-01-01T00:00:00Z,1999-01-01T00:00:00Z
http://www.wikidata.org/entity/Q3807988,http://www.wikidata.org/entity/Q2674,0.0,2001-01-01T00:00:00Z,2001-01-01T00:00:00Z
http://www.wikidata.org/entity/Q3808761,http://www.wikidata.org/entity/Q2018,26.0,2013-01-01T00:00:00Z,2015-01-01T00:00:00Z
http://www.wikidata.org/entity/Q3810078,http://www.wikidata.org/entity/Q2641,133.0,2014-01-18T00:00:00Z,2018-07-14T00:00:00Z
http://www.wikidata.org/entity/Q3810963,http://www.wikidata.org/entity/Q1893,43.0,2003-01-01T00:00:00Z,2005-01-01T00:00:00Z
http://www.wikidata.org/entity/Q3850266,http://www.wikidata.org/entity/Q2052,28.0,2002-01-01T00:00:00Z,2003-01-01T00:00:00Z
http://www.wikidata.org/entity/Q3850266,http://www.wikidata.org/entity/Q1457,37.0,2000-01-01T00:00:00Z,2001-01-01T00:00:00Z
http://www.wikidata.org/entity/Q3851011,http://www.wikidata.org/entity/Q2018,3.0,2000-01-01T00:00:00Z,2001-01-01T00:00:00Z
http://www.wikidata.org/entity/Q3851011,http://www.wikidata.org/entity/Q2018,12.0,1999-01-01T00:00:00Z,1999-01-01T00:00:00Z
http://www.wikidata.org/entity/Q3851017,http://www.wikidata.org/entity/Q2710,25.0,2001-01-01T00:00:00Z,2002-01-01T00:00:00Z
http://www.wikidata.org/entity/Q3851021,http://www.wikidata.org/entity/Q2037,9.0,2002-01-01T00:00:00Z,2002-01-01T00:00:00Z
http://www.wikidata.org/entity/Q3851021,http://www.wikidata.org/entity/Q2641,20.0,1998-01-01T00:00:00Z,1999-01-01T00:00:00Z
http://www.wikidata.org/entity/Q3851032,http://www.wikidata.org/entity/Q2037,6.0,2005-01-01T00:00:00Z,2005-01-01T00:00:00Z
http://www.wikidata.org/entity/Q3851032,http://www.wikidata.org/entity/Q631,0.0,1999-01-01T00:00:00Z,2001-01-01T00:00:00Z
http://www.wikidata.org/entity/Q3851080,http://www.wikidata.org/entity/Q2074,78.0,1998-01-01T00:00:00Z,2001-01-01T00:00:00Z
http://www.wikidata.org/entity/Q3851081,http://www.wikidata.org/entity/Q2052,32.0,2003-01-01T00:00:00Z,2004-01-01T00:00:00Z
http://www.wikidata.org/entity/Q3851091,http://www.wikidata.org/entity/Q2710,18.0,2005-01-01T00:00:00Z,2005-01-01T00:00:00Z
http://www.wikidata.org/entity/Q3851091,http://www.wikidata.org/entity/Q2641,17.0,2004-01-01T00:00:00Z,2005-01-01T00:00:00Z
http://www.wikidata.org/entity/Q3851490,http://www.wikidata.org/entity/Q1893,89.0,1997-01-01T00:00:00Z,2002-01-01T00:00:00Z
http://www.wikidata.org/entity/Q3852237,http://www.wikidata.org/entity/Q2074,34.0,2003-01-01T00:00:00Z,2004-01-01T00:00:00Z
http://www.wikidata.org/entity/Q3852577,http://www.wikidata.org/entity/Q2037,1.0,2003-01-01T00:00:00Z,2004-01-01T00:00:00Z
http://www.wikidata.org/entity/Q3852577,http://www.wikidata.org/entity/Q2641,15.0,2003-01-01T00:00:00Z,2003-01-01T00:00:00Z
http://www.wikidata.org/entity/Q3852601,http://www.wikidata.org/entity/Q1900,13.0,1997-01-01T00:00:00Z,2000-01-01T00:00:00Z
http://www.wikidata.org/entity/Q3852691,http://www.wikidata.org/entity/Q2710,9.0,2003-01-01T00:00:00Z,2004-01-01T00:00:00Z
http://www.wikidata.org/entity/Q3852691,http://www.wikidata.org/entity/Q2710,7.0,2001-01-01T00:00:00Z,2001-01-01T00:00:00Z
http://www.wikidata.org/entity/Q3852815,http://www.wikidata.org/entity/Q2609,10.0,1997-01-01T00:00:00Z,1999-01-01T00:00:00Z
http://www.wikidata.org/entity/Q3852818,http://www.wikidata.org/entity/Q2641,38.0,1997-01-01T00:00:00Z,2000-01-01T00:00:00Z
http://www.wikidata.org/entity/Q3852879,http://www.wikidata.org/entity/Q2693,6.0,1997-01-01T00:00:00Z,1999-01-01T00:00:00Z
http://www.wikidata.org/entity/Q3852879,http://www.wikidata.org/entity/Q631,16.0,1998-01-01T00:00:00Z,1999-01-01T00:00:00Z
http://www.wikidata.org/entity/Q3852953,http://www.wikidata.org/entity/Q1900,2.0,2009-01-01T00:00:00Z,2012-01-01T00:00:00Z
http://www.wikidata.org/entity/Q60842119,http://www.wikidata.org/entity/Q2693,0.0,2019-01-01T00:00:00Z,
http://www.wikidata.org/entity/Q60842119,http://www.wikidata.org/entity/Q631,0.0,2020-01-01T00:00:00Z,
http://www.wikidata.org/entity/Q62076054,http://www.wikidata.org/entity/Q631,7.0,2019-01-01T00:00:00Z,
http://www.wikidata.org/entity/Q359299,http://www.wikidata.org/entity/Q631,4.0,2005-01-01T00:00:00Z,2012-01-01T00:00:00Z
http://www.wikidata.org/entity/Q359299,http://www.wikidata.org/entity/Q1893,3.0,2000-01-01T00:00:00Z,2000-01-01T00:00:00Z
http://www.wikidata.org/entity/Q359299,http://www.wikidata.org/entity/Q2609,1.0,2000-01-01T00:00:00Z,2001-01-01T00:00:00Z
http://www.wikidata.org/entity/Q359419,http://www.wikidata.org/entity/Q1886,120.0,2012-01-01T00:00:00Z,2016-01-01T00:00:00Z
http://www.wikidata.org/entity/Q359419,http://www.wikidata.org/entity/Q1886,33.0,2011-01-01T00:00:00Z,2012-01-01T00:00:00Z
http://www.wikidata.org/entity/Q359419,http://www.wikidata.org/entity/Q2641,63.0,2008-01-01T00:00:00Z,2010-01-01T00:00:00Z
http://www.wikidata.org/entity/Q359494,http://www.wikidata.org/entity/Q2693,34.0,2000-01-01T00:00:00Z,2002-01-01T00:00:00Z
http://www.wikidata.org/entity/Q359494,http://www.wikidata.org/entity/Q631,47.0,2002-01-01T00:00:00Z,2004-01-01T00:00:00Z
http://www.wikidata.org/entity/Q359494,http://www.wikidata.org/entity/Q2609,63.0,1997-01-01T00:00:00Z,2000-01-01T00:00:00Z
http://www.wikidata.org/entity/Q3609980,http://www.wikidata.org/entity/Q2018,30.0,2002-01-01T00:00:00Z,2004-01-01T00:00:00Z
http://www.wikidata.org/entity/Q3609996,http://www.wikidata.org/entity/Q2037,18.0,1999-01-01T00:00:00Z,2000-01-01T00:00:00Z
http://www.wikidata.org/entity/Q3610028,http://www.wikidata.org/entity/Q631,0.0,2001-01-01T00:00:00Z,2001-01-01T00:00:00Z
http://www.wikidata.org/entity/Q3610028,http://www.wikidata.org/entity/Q2674,24.0,1999-01-01T00:00:00Z,2000-01-01T00:00:00Z
http://www.wikidata.org/entity/Q3610030,http://www.wikidata.org/entity/Q1422,0.0,2002-01-01T00:00:00Z,2003-01-01T00:00:00Z
http://www.wikidata.org/entity/Q3610030,http://www.wikidata.org/entity/Q1893,19.0,2002-01-01T00:00:00Z,2003-01-01T00:00:00Z
http://www.wikidata.org/entity/Q3610131,http://www.wikidata.org/entity/Q2018,34.0,1999-01-01T00:00:00Z,2000-01-01T00:00:00Z
http://www.wikidata.org/entity/Q3610168,http://www.wikidata.org/entity/Q2693,2.0,1995-01-01T00:00:00Z,1999-01-01T00:00:00Z
http://www.wikidata.org/entity/Q3610177,http://www.wikidata.org/entity/Q1900,8.0,2000-01-01T00:00:00Z,2001-01-01T00:00:00Z
http://www.wikidata.org/entity/Q3610288,http://www.wikidata.org/entity/Q2641,9.0,1998-01-01T00:00:00Z,2000-01-01T00:00:00Z
http://www.wikidata.org/entity/Q3610288,http://www.wikidata.org/entity/Q2710,4.0,2000-01-01T00:00:00Z,2000-01-01T00:00:00Z
http://www.wikidata.org/entity/Q3610288,http://www.wikidata.org/entity/Q2710,41.0,2001-01-01T00:00:00Z,2005-01-01T00:00:00Z
http://www.wikidata.org/entity/Q3610325,http://www.wikidata.org/entity/Q2018,17.0,2003-01-01T00:00:00Z,2004-01-01T00:00:00Z
http://www.wikidata.org/entity/Q3610392,http://www.wikidata.org/entity/Q2018,18.0,2004-01-01T00:00:00Z,2004-01-01T00:00:00Z
http://www.wikidata.org/entity/Q3610392,http://www.wikidata.org/entity/Q2710,9.0,2001-01-01T00:00:00Z,2001-01-01T00:00:00Z
http://www.wikidata.org/entity/Q3610392,http://www.wikidata.org/entity/Q2710,65.0,2005-01-01T00:00:00Z,2007-01-01T00:00:00Z
http://www.wikidata.org/entity/Q3610569,http://www.wikidata.org/entity/Q2074,21.0,1998-01-01T00:00:00Z,2000-01-01T00:00:00Z
http://www.wikidata.org/entity/Q3610584,http://www.wikidata.org/entity/Q2037,12.0,2013-01-01T00:00:00Z,2014-01-01T00:00:00Z
http://www.wikidata.org/entity/Q3610584,http://www.wikidata.org/entity/Q1457,2.0,2014-01-01T00:00:00Z,2014-01-01T00:00:00Z
http://www.wikidata.org/entity/Q3611871,http://www.wikidata.org/entity/Q2674,1.0,2013-01-01T00:00:00Z,2014-01-01T00:00:00Z
http://www.wikidata.org/entity/Q3612721,http://www.wikidata.org/entity/Q2018,0.0,2003-01-01T00:00:00Z,2003-01-01T00:00:00Z
http://www.wikidata.org/entity/Q1835,http://www.wikidata.org/entity/Q1422,151.0,1996-01-01T00:00:00Z,2001-01-01T00:00:00Z
http://www.wikidata.org/entity/Q1839,http://www.wikidata.org/entity/Q631,67.0,1999-01-01T00:00:00Z,2001-01-01T00:00:00Z
http://www.wikidata.org/entity/Q1883,http://www.wikidata.org/entity/Q2074,20.0,2004-01-01T00:00:00Z,2005-01-01T00:00:00Z
http://www.wikidata.org/entity/Q1883,http://www.wikidata.org/entity/Q2693,90.0,2000-01-01T00:00:00Z,2003-01-01T00:00:00Z
http://www.wikidata.org/entity/Q1883,http://www.wikidata.org/entity/Q631,16.0,2003-01-01T00:00:00Z,2004-01-01T00:00:00Z
http://www.wikidata.org/entity/Q584187,http://www.wikidata.org/entity/Q2052,7.0,2013-01-01T00:00:00Z,2013-01-01T00:00:00Z
http://www.wikidata.org/entity/Q584219,http://www.wikidata.org/entity/Q2037,3.0,2007-01-01T00:00:00Z,2007-01-01T00:00:00Z
http://www.wikidata.org/entity/Q585252,http://www.wikidata.org/entity/Q2641,24.0,2000-01-01T00:00:00Z,2002-01-01T00:00:00Z
http://www.wikidata.org/entity/Q585252,http://www.wikidata.org/entity/Q631,56.0,1997-01-01T00:00:00Z,2000-01-01T00:00:00Z
http://www.wikidata.org/entity/Q5868392,http://www.wikidata.org/entity/Q2074,1.0,2014-01-01T00:00:00Z,2014-01-01T00:00:00Z
http://www.wikidata.org/entity/Q587731,http://www.wikidata.org/entity/Q631,36.0,2002-01-01T00:00:00Z,2006-01-01T00:00:00Z
http://www.wikidata.org/entity/Q587731,http://www.wikidata.org/entity/Q2693,22.0,2005-01-01T00:00:00Z,2006-01-01T00:00:00Z
http://www.wikidata.org/entity/Q5880526,http://www.wikidata.org/entity/Q2710,2.0,2013-01-01T00:00:00Z,2014-01-01T00:00:00Z
http://www.wikidata.org/entity/Q589641,http://www.wikidata.org/entity/Q2641,29.0,2003-01-01T00:00:00Z,2004-01-01T00:00:00Z
http://www.wikidata.org/entity/Q589641,http://www.wikidata.org/entity/Q1422,0.0,1997-01-01T00:00:00Z,1999-01-01T00:00:00Z
http://www.wikidata.org/entity/Q591443,http://www.wikidata.org/entity/Q1886,31.0,2013-01-01T00:00:00Z,2014-01-01T00:00:00Z
http://www.wikidata.org/entity/Q591443,http://www.wikidata.org/entity/Q631,6.0,2011-01-01T00:00:00Z,2013-01-01T00:00:00Z
http://www.wikidata.org/entity/Q592989,http://www.wikidata.org/entity/Q2074,1.0,2003-01-01T00:00:00Z,2004-01-01T00:00:00Z
http://www.wikidata.org/entity/Q592989,http://www.wikidata.org/entity/Q2074,8.0,2000-01-01T00:00:00Z,2002-01-01T00:00:00Z
http://www.wikidata.org/entity/Q5930915,http://www.wikidata.org/entity/Q2693,0.0,2014-01-01T00:00:00Z,2014-01-01T00:00:00Z
http://www.wikidata.org/entity/Q5951550,http://www.wikidata.org/entity/Q1886,69.0,2021-01-01T00:00:00Z,2025-01-01T00:00:00Z
http://www.wikidata.org/entity/Q5964151,http://www.wikidata.org/entity/Q2693,0.0,2008-01-01T00:00:00Z,2008-01-01T00:00:00Z
http://www.wikidata.org/entity/Q596555,http://www.wikidata.org/entity/Q1457,36.0,2010-01-01T00:00:00Z,2011-01-01T00:00:00Z
http://www.wikidata.org/entity/Q596555,http://www.wikidata.org/entity/Q1457,16.0,2010-01-01T00:00:00Z,2010-01-01T00:00:00Z
http://www.wikidata.org/entity/Q5970918,http://www.wikidata.org/entity/Q2052,0.0,2009-01-01T00:00:00Z,2013-01-01T00:00:00Z
http://www.wikidata.org/entity/Q5971832,http://www.wikidata.org/entity/Q1422,0.0,2012-01-01T00:00:00Z,2014-01-01T00:00:00Z
http://www.wikidata.org/entity/Q5971832,http://www.wikidata.org/entity/Q1422,0.0,2015-01-01T00:00:00Z,2020-07-01T00:00:00Z
http://www.wikidata.org/entity/Q597595,http://www.wikidata.org/entity/Q1422,0.0,2004-01-01T00:00:00Z,2004-01-01T00:00:00Z
http://www.wikidata.org/entity/Q599157,http://www.wikidata.org/entity/Q2674,24.0,2002-01-01T00:00:00Z,2004-01-01T00:00:00Z
http://www.wikidata.org/entity/Q599157,http://www.wikidata.org/entity/Q2641,15.0,2000-01-01T00:00:00Z,2000-01-01T00:00:00Z
http://www.wikidata.org/entity/Q599248,http://www.wikidata.org/entity/Q2641,109.0,1996-01-01T00:00:00Z,2000-01-01T00:00:00Z
http://www.wikidata.org/entity/Q599675,http://www.wikidata.org/entity/Q631,12.0,1996-01-01T00:00:00Z,1999-01-01T00:00:00Z
http://www.wikidata.org/entity/Q600670,http://www.wikidata.org/entity/Q2037,4.0,2007-01-01T00:00:00Z,2008-01-01T00:00:00Z
http://www.wikidata.org/entity/Q600670,http://www.wikidata.org/entity/Q1886,75.0,2004-01-01T00:00:00Z,2011-01-01T00:00:00Z
http://www.wikidata.org/entity/Q601797,http://www.wikidata.org/entity/Q1457,3.0,2013-01-01T00:00:00Z,2013-01-01T00:00:00Z
http://www.wikidata.org/entity/Q601902,http://www.wikidata.org/entity/Q1900,11.0,2001-01-01T00:00:00Z,2002-01-01T00:00:00Z
http://www.wikidata.org/entity/Q601962,http://www.wikidata.org/entity/Q2674,21.0,2004-01-01T00:00:00Z,2005-01-01T00:00:00Z
http://www.wikidata.org/entity/Q601962,http://www.wikidata.org/entity/Q2609,36.0,2004-01-01T00:00:00Z,2005-01-01T00:00:00Z
http://www.wikidata.org/entity/Q601962,http://www.wikidata.org/entity/Q2674,21.0,2004-01-01T00:00:00Z,2004-01-01T00:00:00Z
http://www.wikidata.org/entity/Q602158,http://www.wikidata.org/entity/Q1893,111.0,2000-01-01T00:00:00Z,2005-01-01T00:00:00Z
http://www.wikidata.org/entity/Q603681,http://www.wikidata.org/entity/Q2693,193.0,2009-01-01T00:00:00Z,2015-01-01T00:00:00Z
http://www.wikidata.org/entity/Q603681,http://www.wikidata.org/entity/Q1457,22.0,2007-01-01T00:00:00Z,2009-01-01T00:00:00Z
http://www.wikidata.org/entity/Q603681,http://www.wikidata.org/entity/Q1422,7.0,2004-01-01T00:00:00Z,2007-01-01T00:00:00Z
http://www.wikidata.org/entity/Q603965,http://www.wikidata.org/entity/Q631,1.0,2001-01-01T00:00:00Z,2005-01-01T00:00:00Z
http://www.wikidata.org/entity/Q6074268,http://www.wikidata.org/entity/Q1543,0.0,2012-01-01T00:00:00Z,2013-01-01T00:00:00Z
http://www.wikidata.org/entity/Q60842316,http://www.wikidata.org/entity/Q1422,0.0,2020-01-01T00:00:00Z,2022-01-01T00:00:00Z
http://www.wikidata.org/entity/Q61780902,http://www.wikidata.org/entity/Q2641,85.0,2022-07-01T00:00:00Z,2025-01-01T00:00:00Z
http://www.wikidata.org/entity/Q62016194,http://www.wikidata.org/entity/Q631,16.0,2024-01-01T00:00:00Z,2025-07-29T00:00:00Z
http://www.wikidata.org/entity/Q39498277,http://www.wikidata.org/entity/Q1422,61.0,2024-08-28T00:00:00Z,
http://www.wikidata.org/entity/Q27886,http://www.wikidata.org/entity/Q1422,0.0,2001-01-01T00:00:00Z,2007-01-01T00:00:00Z
http://www.wikidata.org/entity/Q3749874,http://www.wikidata.org/entity/Q2074,21.0,2002-01-01T00:00:00Z,2003-01-01T00:00:00Z
http://www.wikidata.org/entity/Q3749914,http://www.wikidata.org/entity/Q2710,21.0,2008-01-01T00:00:00Z,2010-01-01T00:00:00Z
http://www.wikidata.org/entity/Q3749914,http://www.wikidata.org/entity/Q2037,0.0,2010-01-01T00:00:00Z,2013-01-01T00:00:00Z
http://www.wikidata.org/entity/Q3750021,http://www.wikidata.org/entity/Q2074,19.0,2007-01-01T00:00:00Z,2007-01-01T00:00:00Z
http://www.wikidata.org/entity/Q3750021,http://www.wikidata.org/entity/Q2710,77.0,1998-01-01T00:00:00Z,2001-01-01T00:00:00Z
http://www.wikidata.org/entity/Q3750189,http://www.wikidata.org/entity/Q2052,0.0,2003-01-01T00:00:00Z,2004-01-01T00:00:00Z
http://www.wikidata.org/entity/Q3750189,http://www.wikidata.org/entity/Q2037,0.0,2002-01-01T00:00:00Z,2003-01-01T00:00:00Z
http://www.wikidata.org/entity/Q3750198,http://www.wikidata.org/entity/Q2641,82.0,2000-01-01T00:00:00Z,2003-01-01T00:00:00Z
http://www.wikidata.org/entity/Q3750246,http://www.wikidata.org/entity/Q2710,18.0,2001-01-01T00:00:00Z,2002-01-01T00:00:00Z
http://www.wikidata.org/entity/Q3750302,http://www.wikidata.org/entity/Q2018,10.0,2006-01-01T00:00:00Z,2009-01-01T00:00:00Z
http://www.wikidata.org/entity/Q3750385,http://www.wikidata.org/entity/Q1457,64.0,1998-01-01T00:00:00Z,2000-01-01T00:00:00Z
http://www.wikidata.org/entity/Q3750385,http://www.wikidata.org/entity/Q2710,8.0,2000-01-01T00:00:00Z,2000-01-01T00:00:00Z
http://www.wikidata.org/entity/Q3750531,http://www.wikidata.org/entity/Q2074,1.0,2005-01-01T00:00:00Z,2006-01-01T00:00:00Z
http://www.wikidata.org/entity/Q3750827,http://www.wikidata.org/entity/Q1900,63.0,1997-01-01T00:00:00Z,1999-01-01T00:00:00Z
http://www.wikidata.org/entity/Q3752717,http://www.wikidata.org/entity/Q2710,21.0,1999-01-01T00:00:00Z,2000-01-01T00:00:00Z
http://www.wikidata.org/entity/Q375457,http://www.wikidata.org/entity/Q1422,11.0,2002-01-01T00:00:00Z,2006-01-01T00:00:00Z
http://www.wikidata.org/entity/Q375457,http://www.wikidata.org/entity/Q1422,2.0,2008-01-01T00:00:00Z,2010-01-01T00:00:00Z
http://www.wikidata.org/entity/Q375457,http://www.wikidata.org/entity/Q1900,43.0,2006-01-01T00:00:00Z,2007-01-01T00:00:00Z
http://www.wikidata.org/entity/Q3761173,http://www.wikidata.org/entity/Q2052,97.0,2018-01-01T00:00:00Z,2021-01-01T00:00:00Z
http://www.wikidata.org/entity/Q3762080,http://www.wikidata.org/entity/Q2710,43.0,2003-01-01T00:00:00Z,2005-01-01T00:00:00Z
http://www.wikidata.org/entity/Q3762154,http://www.wikidata.org/entity/Q2674,18.0,1999-01-01T00:00:00Z,2000-01-01T00:00:00Z
http://www.wikidata.org/entity/Q39498277,http://www.wikidata.org/entity/Q1886,97.0,2021-01-01T00:00:00Z,2024-08-28T00:00:00Z
http://www.wikidata.org/entity/Q39500352,http://www.wikidata.org/entity/Q1543,73.0,2023-07-19T00:00:00Z,2025-06-10T00:00:00Z
http://www.wikidata.org/entity/Q39667548,http://www.wikidata.org/entity/Q2052,33.0,2023-07-22T00:00:00Z,2024-06-30T00:00:00Z
http://www.wikidata.org/entity/Q39667548,http://www.wikidata.org/entity/Q1422,42.0,2020-01-01T00:00:00Z,2026-08-01T00:00:00Z
http://www.wikidata.org/entity/Q42763993,http://www.wikidata.org/entity/Q1900,0.0,2019-01-31T00:00:00Z,2019-06-30T00:00:00Z
http://www.wikidata.org/entity/Q42763993,http://www.wikidata.org/entity/Q2037,58.0,2019-07-03T00:00:00Z,2021-08-04T00:00:00Z
http://www.wikidata.org/entity/Q42316627,http://www.wikidata.org/entity/Q631,0.0,2019-01-01T00:00:00Z,
http://www.wikidata.org/entity/Q42317168,http://www.wikidata.org/entity/Q1422,30.0,2025-01-01T00:00:00Z,
http://www.wikidata.org/entity/Q3826352,http://www.wikidata.org/entity/Q1457,8.0,2005-01-01T00:00:00Z,2005-01-01T00:00:00Z
http://www.wikidata.org/entity/Q3826352,http://www.wikidata.org/entity/Q2674,69.0,2002-01-01T00:00:00Z,2005-01-01T00:00:00Z
http://www.wikidata.org/entity/Q3826352,http://www.wikidata.org/entity/Q1893,27.0,2001-01-01T00:00:00Z,2002-01-01T00:00:00Z
http://www.wikidata.org/entity/Q3826352,http://www.wikidata.org/entity/Q1893,49.0,2006-01-01T00:00:00Z,2007-01-01T00:00:00Z
http://www.wikidata.org/entity/Q3827913,http://www.wikidata.org/entity/Q2074,1.0,2000-01-01T00:00:00Z,2002-01-01T00:00:00Z
http://www.wikidata.org/entity/Q3829244,http://www.wikidata.org/entity/Q2710,12.0,2005-01-01T00:00:00Z,2006-01-01T00:00:00Z
http://www.wikidata.org/entity/Q3829244,http://www.wikidata.org/entity/Q2641,3.0,2004-01-01T00:00:00Z,2005-01-01T00:00:00Z
http://www.wikidata.org/entity/Q3829352,http://www.wikidata.org/entity/Q2710,35.0,2014-01-01T00:00:00Z,2015-01-01T00:00:00Z
http://www.wikidata.org/entity/Q3829352,http://www.wikidata.org/entity/Q2710,214.0,2014-01-01T00:00:00Z,2022-06-01T00:00:00Z
http://www.wikidata.org/entity/Q3829352,http://www.wikidata.org/entity/Q2037,0.0,2010-01-01T00:00:00Z,2011-01-01T00:00:00Z
http://www.wikidata.org/entity/Q3835699,http://www.wikidata.org/entity/Q1886,71.0,1997-01-01T00:00:00Z,2001-01-01T00:00:00Z
http://www.wikidata.org/entity/Q3836924,http://www.wikidata.org/entity/Q2052,1.0,2002-01-01T00:00:00Z,2002-01-01T00:00:00Z
http://www.wikidata.org/entity/Q3836940,http://www.wikidata.org/entity/Q2018,9.0,2015-01-01T00:00:00Z,2015-01-01T00:00:00Z
http://www.wikidata.org/entity/Q3836940,http://www.wikidata.org/entity/Q2710,14.0,2010-01-01T00:00:00Z,2011-01-01T00:00:00Z
http://www.wikidata.org/entity/Q3836940,http://www.wikidata.org/entity/Q1422,0.0,2006-01-01T00:00:00Z,2008-01-01T00:00:00Z
http://www.wikidata.org/entity/Q3837068,http://www.wikidata.org/entity/Q1543,0.0,1999-01-01T00:00:00Z,2003-01-01T00:00:00Z
http://www.wikidata.org/entity/Q3837068,http://www.wikidata.org/entity/Q2074,0.0,2003-01-01T00:00:00Z,2004-01-01T00:00:00Z
http://www.wikidata.org/entity/Q3837076,http://www.wikidata.org/entity/Q2674,57.0,1995-01-01T00:00:00Z,1999-01-01T00:00:00Z
http://www.wikidata.org/entity/Q385942,http://www.wikidata.org/entity/Q631,4.0,1999-01-01T00:00:00Z,2000-01-01T00:00:00Z
http://www.wikidata.org/entity/Q385942,http://www.wikidata.org/entity/Q1457,95.0,1996-01-01T00:00:00Z,1999-01-01T00:00:00Z
http://www.wikidata.org/entity/Q385942,http://www.wikidata.org/entity/Q1893,0.0,2004-01-01T00:00:00Z,2005-01-01T00:00:00Z
http://www.wikidata.org/entity/Q387003,http://www.wikidata.org/entity/Q2052,11.0,2008-01-01T00:00:00Z,2009-01-01T00:00:00Z
http://www.wikidata.org/entity/Q387003,http://www.wikidata.org/entity/Q1422,10.0,2007-01-01T00:00:00Z,2010-01-01T00:00:00Z
http://www.wikidata.org/entity/Q387003,http://www.wikidata.org/entity/Q2018,81.0,2011-01-01T00:00:00Z,2015-01-01T00:00:00Z
http://www.wikidata.org/entity/Q3904283,http://www.wikidata.org/entity/Q1457,7.0,2002-01-01T00:00:00Z,2002-01-01T00:00:00Z
http://www.wikidata.org/entity/Q3904283,http://www.wikidata.org/entity/Q2074,12.0,2000-01-01T00:00:00Z,2000-01-01T00:00:00Z
http://www.wikidata.org/entity/Q3909869,http://www.wikidata.org/entity/Q1893,5.0,2013-01-01T00:00:00Z,2013-01-01T00:00:00Z
http://www.wikidata.org/entity/Q3909915,http://www.wikidata.org/entity/Q1886,3.0,2011-01-01T00:00:00Z,2012-01-01T00:00:00Z
http://www.wikidata.org/entity/Q42045137,http://www.wikidata.org/entity/Q2074,0.0,2015-01-01T00:00:00Z,2021-01-01T00:00:00Z
http://www.wikidata.org/entity/Q42316627,http://www.wikidata.org/entity/Q631,0.0,2016-01-01T00:00:00Z,2017-01-01T00:00:00Z
http://www.wikidata.org/entity/Q42316627,http://www.wikidata.org/entity/Q2710,9.0,2019-01-30T00:00:00Z,2019-01-01T00:00:00Z
http://www.wikidata.org/entity/Q42316627,http://www.wikidata.org/entity/Q2710,31.0,2018-01-01T00:00:00Z,2019-01-01T00:00:00Z
http://www.wikidata.org/entity/Q42317168,http://www.wikidata.org/entity/Q1422,33.0,2024-01-01T00:00:00Z,2025-01-01T00:00:00Z
http://www.wikidata.org/entity/Q42317168,http://www.wikidata.org/entity/Q631,0.0,2017-01-01T00:00:00Z,2022-01-01T00:00:00Z
http://www.wikidata.org/entity/Q7197034,http://www.wikidata.org/entity/Q631,34.0,2024-01-01T00:00:00Z,
http://www.wikidata.org/entity/Q6962317,http://www.wikidata.org/entity/Q1886,0.0,2014-01-01T00:00:00Z,2014-01-01T00:00:00Z
http://www.wikidata.org/entity/Q6969904,http://www.wikidata.org/entity/Q2710,5.0,2008-01-01T00:00:00Z,2008-01-01T00:00:00Z
http://www.wikidata.org/entity/Q6983285,http://www.wikidata.org/entity/Q1422,0.0,2012-01-01T00:00:00Z,2013-01-01T00:00:00Z
http://www.wikidata.org/entity/Q6989756,http://www.wikidata.org/entity/Q1886,0.0,2011-01-01T00:00:00Z,2013-01-01T00:00:00Z
http://www.wikidata.org/entity/Q6990966,http://www.wikidata.org/entity/Q2693,0.0,2010-01-01T00:00:00Z,2011-01-01T00:00:00Z
http://www.wikidata.org/entity/Q6997969,http://www.wikidata.org/entity/Q2037,0.0,2010-01-01T00:00:00Z,2013-01-01T00:00:00Z
http://www.wikidata.org/entity/Q6999245,http://www.wikidata.org/entity/Q2074,68.0,2016-01-01T00:00:00Z,2018-08-01T00:00:00Z
http://www.wikidata.org/entity/Q6999245,http://www.wikidata.org/entity/Q1893,15.0,2013-01-01T00:00:00Z,2014-01-01T00:00:00Z
http://www.wikidata.org/entity/Q6999245,http://www.wikidata.org/entity/Q631,0.0,2013-01-01T00:00:00Z,2016-01-01T00:00:00Z
http://www.wikidata.org/entity/Q6999245,http://www.wikidata.org/entity/Q2074,43.0,2015-01-01T00:00:00Z,2016-01-01T00:00:00Z
http://www.wikidata.org/entity/Q6999245,http://www.wikidata.org/entity/Q1543,24.0,2018-08-01T00:00:00Z,2021-06-01T00:00:00Z
http://www.wikidata.org/entity/Q6999513,http://www.wikidata.org/entity/Q2693,0.0,2013-01-01T00:00:00Z,2014-01-01T00:00:00Z
http://www.wikidata.org/entity/Q6999513,http://www.wikidata.org/entity/Q2074,0.0,2011-01-01T00:00:00Z,2013-01-01T00:00:00Z
http://www.wikidata.org/entity/Q7024591,http://www.wikidata.org/entity/Q2693,0.0,2011-01-01T00:00:00Z,2012-01-01T00:00:00Z
http://www.wikidata.org/entity/Q7025247,http://www.wikidata.org/entity/Q2074,0.0,2009-01-01T00:00:00Z,2010-01-01T00:00:00Z
http://www.wikidata.org/entity/Q702857,http://www.wikidata.org/entity/Q1900,15.0,2002-01-01T00:00:00Z,2004-01-01T00:00:00Z
http://www.wikidata.org/entity/Q703407,http://www.wikidata.org/entity/Q2641,55.0,2008-01-01T00:00:00Z,2011-01-01T00:00:00Z
http://www.wikidata.org/entity/Q703407,http://www.wikidata.org/entity/Q2693,20.0,2011-01-01T00:00:00Z,2015-01-01T00:00:00Z
http://www.wikidata.org/entity/Q703462,http://www.wikidata.org/entity/Q631,0.0,2000-01-01T00:00:00Z,2003-01-01T00:00:00Z
http://www.wikidata.org/entity/Q703462,http://www.wikidata.org/entity/Q1457,51.0,2009-01-01T00:00:00Z,2012-01-01T00:00:00Z
http://www.wikidata.org/entity/Q703462,http://www.wikidata.org/entity/Q2037,133.0,2003-01-01T00:00:00Z,2007-01-01T00:00:00Z
http://www.wikidata.org/entity/Q703956,http://www.wikidata.org/entity/Q1543,40.0,1998-01-01T00:00:00Z,2001-01-01T00:00:00Z
http://www.wikidata.org/entity/Q703956,http://www.wikidata.org/entity/Q2052,15.0,2001-01-01T00:00:00Z,2002-01-01T00:00:00Z
http://www.wikidata.org/entity/Q703956,http://www.wikidata.org/entity/Q1886,24.0,2000-01-01T00:00:00Z,2001-01-01T00:00:00Z
http://www.wikidata.org/entity/Q704302,http://www.wikidata.org/entity/Q1893,103.0,1995-01-01T00:00:00Z,1999-01-01T00:00:00Z
http://www.wikidata.org/entity/Q704302,http://www.wikidata.org/entity/Q1893,119.0,2006-01-01T00:00:00Z,2009-01-01T00:00:00Z
http://www.wikidata.org/entity/Q704302,http://www.wikidata.org/entity/Q1457,104.0,2003-01-01T00:00:00Z,2006-01-01T00:00:00Z
http://www.wikidata.org/entity/Q704947,http://www.wikidata.org/entity/Q2037,34.0,2010-01-01T00:00:00Z,2011-01-01T00:00:00Z
http://www.wikidata.org/entity/Q704947,http://www.wikidata.org/entity/Q2641,139.0,2005-01-01T00:00:00Z,2011-01-01T00:00:00Z
http://www.wikidata.org/entity/Q704951,http://www.wikidata.org/entity/Q1422,13.0,2011-01-01T00:00:00Z,2013-01-01T00:00:00Z
http://www.wikidata.org/entity/Q704951,http://www.wikidata.org/entity/Q1422,2.0,2009-01-01T00:00:00Z,2010-01-01T00:00:00Z
http://www.wikidata.org/entity/Q70567,http://www.wikidata.org/entity/Q2052,83.0,2012-01-01T00:00:00Z,2015-01-01T00:00:00Z
http://www.wikidata.org/entity/Q70567,http://www.wikidata.org/entity/Q631,24.0,2005-01-01T00:00:00Z,2006-01-01T00:00:00Z
http://www.wikidata.org/entity/Q705929,http://www.wikidata.org/entity/Q2693,11.0,2001-01-01T00:00:00Z,2002-01-01T00:00:00Z
http://www.wikidata.org/entity/Q706028,http://www.wikidata.org/entity/Q1457,3.0,1998-01-01T00:00:00Z,1999-01-01T00:00:00Z
http://www.wikidata.org/entity/Q706379,http://www.wikidata.org/entity/Q2052,89.0,1998-01-01T00:00:00Z,2001-01-01T00:00:00Z
http://www.wikidata.org/entity/Q707173,http://www.wikidata.org/entity/Q631,16.0,2000-01-01T00:00:00Z,2005-01-01T00:00:00Z
http://www.wikidata.org/entity/Q707173,http://www.wikidata.org/entity/Q631,21.0,1998-01-01T00:00:00Z,1999-01-01T00:00:00Z
http://www.wikidata.org/entity/Q707173,http://www.wikidata.org/entity/Q1886,28.0,2000-01-01T00:00:00Z,2001-01-01T00:00:00Z
http://www.wikidata.org/entity/Q707173,http://www.wikidata.org/entity/Q1886,64.0,2005-01-01T00:00:00Z,2007-01-01T00:00:00Z
http://www.wikidata.org/entity/Q707173,http://www.wikidata.org/entity/Q1893,14.0,1999-01-01T00:00:00Z,2000-01-01T00:00:00Z
http://www.wikidata.org/entity/Q708079,http://www.wikidata.org/entity/Q1543,34.0,1998-01-01T00:00:00Z,2000-01-01T00:00:00Z
http://www.wikidata.org/entity/Q708163,http://www.wikidata.org/entity/Q631,8.0,2006-01-01T00:00:00Z,2006-01-01T00:00:00Z
http://www.wikidata.org/entity/Q708163,http://www.wikidata.org/entity/Q1893,6.0,2008-01-01T00:00:00Z,2009-01-01T00:00:00Z
http://www.wikidata.org/entity/Q708163,http://www.wikidata.org/entity/Q631,17.0,2006-01-01T00:00:00Z,2008-01-01T00:00:00Z
http://www.wikidata.org/entity/Q708163,http://www.wikidata.org/entity/Q2609,86.0,2001-01-01T00:00:00Z,2006-01-01T00:00:00Z
http://www.wikidata.org/entity/Q708409,http://www.wikidata.org/entity/Q2710,13.0,2011-01-01T00:00:00Z,2011-01-01T00:00:00Z
http://www.wikidata.org/entity/Q709145,http://www.wikidata.org/entity/Q1422,35.0,2005-01-01T00:00:00Z,2007-01-01T00:00:00Z
http://www.wikidata.org/entity/Q709145,http://www.wikidata.org/entity/Q2609,107.0,2001-01-01T00:00:00Z,2005-01-01T00:00:00Z
http://www.wikidata.org/entity/Q710003,http://www.wikidata.org/entity/Q1457,1.0,2007-01-01T00:00:00Z,2008-01-01T00:00:00Z
http://www.wikidata.org/entity/Q711672,http://www.wikidata.org/entity/Q2052,55.0,2003-01-01T00:00:00Z,2006-01-01T00:00:00Z
http://www.wikidata.org/entity/Q712132,http://www.wikidata.org/entity/Q1886,17.0,2005-01-01T00:00:00Z,2005-01-01T00:00:00Z
http://www.wikidata.org/entity/Q712132,http://www.wikidata.org/entity/Q2609,45.0,2006-01-01T00:00:00Z,2012-01-01T00:00:00Z
http://www.wikidata.org/entity/Q712132,http://www.wikidata.org/entity/Q2674,23.0,2005-01-01T00:00:00Z,2006-01-01T00:00:00Z
http://www.wikidata.org/entity/Q712132,http://www.wikidata.org/entity/Q2074,18.0,2003-01-01T00:00:00Z,2005-01-01T00:00:00Z
http://www.wikidata.org/entity/Q712132,http://www.wikidata.org/entity/Q2037,9.0,2009-01-01T00:00:00Z,2009-01-01T00:00:00Z
http://www.wikidata.org/entity/Q713220,http://www.wikidata.org/entity/Q2641,22.0,2008-01-01T00:00:00Z,2010-01-01T00:00:00Z
http://www.wikidata.org/entity/Q713501,http://www.wikidata.org/entity/Q2641,44.0,2011-01-01T00:00:00Z,2014-01-01T00:00:00Z
http://www.wikidata.org/entity/Q714158,http://www.wikidata.org/entity/Q1900,97.0,2012-01-01T00:00:00Z,2015-01-01T00:00:00Z
http://www.wikidata.org/entity/Q716089,http://www.wikidata.org/entity/Q2074,24.0,2015-01-01T00:00:00Z,2016-01-01T00:00:00Z
http://www.wikidata.org/entity/Q7171754,http://www.wikidata.org/entity/Q1457,28.0,2023-08-01T00:00:00Z,2024-06-01T00:00:00Z
http://www.wikidata.org/entity/Q7192921,http://www.wikidata.org/entity/Q1457,1.0,2007-01-01T00:00:00Z,2009-01-01T00:00:00Z
http://www.wikidata.org/entity/Q7192926,http://www.wikidata.org/entity/Q2693,0.0,2010-01-01T00:00:00Z,2015-01-01T00:00:00Z
http://www.wikidata.org/entity/Q7192929,http://www.wikidata.org/entity/Q2674,2.0,2004-01-01T00:00:00Z,2008-01-01T00:00:00Z
http://www.wikidata.org/entity/Q7192985,http://www.wikidata.org/entity/Q2052,0.0,2006-01-01T00:00:00Z,2011-01-01T00:00:00Z
http://www.wikidata.org/entity/Q7192996,http://www.wikidata.org/entity/Q2693,1.0,2006-01-01T00:00:00Z,2009-01-01T00:00:00Z
http://www.wikidata.org/entity/Q7193045,http://www.wikidata.org/entity/Q2693,0.0,2013-01-01T00:00:00Z,2015-01-01T00:00:00Z
http://www.wikidata.org/entity/Q7197034,http://www.wikidata.org/entity/Q2641,281.0,2016-01-01T00:00:00Z,2024-01-01T00:00:00Z
http://www.wikidata.org/entity/Q3938863,http://www.wikidata.org/entity/Q1893,11.0,2000-01-01T00:00:00Z,2003-01-01T00:00:00Z
http://www.wikidata.org/entity/Q3938863,http://www.wikidata.org/entity/Q2641,34.0,1997-01-01T00:00:00Z,2000-01-01T00:00:00Z
http://www.wikidata.org/entity/Q3938929,http://www.wikidata.org/entity/Q1900,46.0,2004-01-01T00:00:00Z,2005-01-01T00:00:00Z
http://www.wikidata.org/entity/Q3939073,http://www.wikidata.org/entity/Q1886,1.0,2001-01-01T00:00:00Z,2003-01-01T00:00:00Z
http://www.wikidata.org/entity/Q3939095,http://www.wikidata.org/entity/Q2052,45.0,2002-01-01T00:00:00Z,2004-01-01T00:00:00Z
http://www.wikidata.org/entity/Q3946022,http://www.wikidata.org/entity/Q2710,1.0,2010-01-01T00:00:00Z,2011-01-01T00:00:00Z
http://www.wikidata.org/entity/Q3946051,http://www.wikidata.org/entity/Q631,1.0,2002-01-01T00:00:00Z,2002-01-01T00:00:00Z
http://www.wikidata.org/entity/Q3946051,http://www.wikidata.org/entity/Q1543,0.0,2003-01-01T00:00:00Z,2008-01-01T00:00:00Z
http://www.wikidata.org/entity/Q3946138,http://www.wikidata.org/entity/Q1457,4.0,2003-01-01T00:00:00Z,2003-01-01T00:00:00Z
http://www.wikidata.org/entity/Q3946138,http://www.wikidata.org/entity/Q2018,17.0,2004-01-01T00:00:00Z,2004-01-01T00:00:00Z
http://www.wikidata.org/entity/Q3946138,http://www.wikidata.org/entity/Q2641,28.0,1999-01-01T00:00:00Z,2000-01-01T00:00:00Z
http://www.wikidata.org/entity/Q3946144,http://www.wikidata.org/entity/Q2018,46.0,2002-01-01T00:00:00Z,2004-01-01T00:00:00Z
http://www.wikidata.org/entity/Q3946236,http://www.wikidata.org/entity/Q2710,66.0,1999-01-01T00:00:00Z,2001-01-01T00:00:00Z
http://www.wikidata.org/entity/Q3946256,http://www.wikidata.org/entity/Q2674,24.0,1998-01-01T00:00:00Z,1999-01-01T00:00:00Z
http://www.wikidata.org/entity/Q3862936,http://www.wikidata.org/entity/Q2037,29.0,1999-01-01T00:00:00Z,2003-01-01T00:00:00Z
http://www.wikidata.org/entity/Q3862936,http://www.wikidata.org/entity/Q1900,2.0,2003-01-01T00:00:00Z,2003-01-01T00:00:00Z
http://www.wikidata.org/entity/Q3866506,http://www.wikidata.org/entity/Q1886,8.0,2010-01-01T00:00:00Z,2015-01-01T00:00:00Z
http://www.wikidata.org/entity/Q3866506,http://www.wikidata.org/entity/Q2710,30.0,2011-01-01T00:00:00Z,2012-01-01T00:00:00Z
http://www.wikidata.org/entity/Q3869208,http://www.wikidata.org/entity/Q2693,0.0,2011-01-01T00:00:00Z,2013-01-01T00:00:00Z
http://www.wikidata.org/entity/Q3870519,http://www.wikidata.org/entity/Q2018,6.0,2002-01-01T00:00:00Z,2003-01-01T00:00:00Z
http://www.wikidata.org/entity/Q3870614,http://www.wikidata.org/entity/Q2710,59.0,2005-01-01T00:00:00Z,2007-01-01T00:00:00Z
http://www.wikidata.org/entity/Q3870614,http://www.wikidata.org/entity/Q1886,51.0,2003-01-01T00:00:00Z,2005-01-01T00:00:00Z
http://www.wikidata.org/entity/Q3874498,http://www.wikidata.org/entity/Q631,1.0,1999-01-01T00:00:00Z,2002-01-01T00:00:00Z
http://www.wikidata.org/entity/Q3874498,http://www.wikidata.org/entity/Q2710,16.0,2007-01-01T00:00:00Z,2007-01-01T00:00:00Z
http://www.wikidata.org/entity/Q3874630,http://www.wikidata.org/entity/Q1457,136.0,1998-01-01T00:00:00Z,2005-01-01T00:00:00Z
http://www.wikidata.org/entity/Q3875865,http://www.wikidata.org/entity/Q1893,1.0,2000-01-01T00:00:00Z,2001-01-01T00:00:00Z
http://www.wikidata.org/entity/Q3875970,http://www.wikidata.org/entity/Q631,0.0,2005-01-01T00:00:00Z,2008-01-01T00:00:00Z
http://www.wikidata.org/entity/Q3876147,http://www.wikidata.org/entity/Q2710,36.0,2003-01-01T00:00:00Z,2004-01-01T00:00:00Z
http://www.wikidata.org/entity/Q3876276,http://www.wikidata.org/entity/Q2018,12.0,2004-01-01T00:00:00Z,2005-01-01T00:00:00Z
http://www.wikidata.org/entity/Q3876338,http://www.wikidata.org/entity/Q2693,0.0,2014-01-01T00:00:00Z,2015-01-01T00:00:00Z
http://www.wikidata.org/entity/Q3876400,http://www.wikidata.org/entity/Q2641,36.0,2003-01-01T00:00:00Z,2004-01-01T00:00:00Z
http://www.wikidata.org/entity/Q3876400,http://www.wikidata.org/entity/Q2074,34.0,2004-01-01T00:00:00Z,2005-01-01T00:00:00Z
http://www.wikidata.org/entity/Q3876400,http://www.wikidata.org/entity/Q1886,42.0,1997-01-01T00:00:00Z,1999-01-01T00:00:00Z
http://www.wikidata.org/entity/Q3876400,http://www.wikidata.org/entity/Q2710,35.0,1999-01-01T00:00:00Z,2001-01-01T00:00:00Z
http://www.wikidata.org/entity/Q3876451,http://www.wikidata.org/entity/Q2674,6.0,2012-01-01T00:00:00Z,2013-01-01T00:00:00Z
http://www.wikidata.org/entity/Q3876453,http://www.wikidata.org/entity/Q2693,0.0,2013-01-01T00:00:00Z,2014-01-01T00:00:00Z
http://www.wikidata.org/entity/Q390159,http://www.wikidata.org/entity/Q2052,57.0,1998-01-01T00:00:00Z,2000-01-01T00:00:00Z
http://www.wikidata.org/entity/Q391628,http://www.wikidata.org/entity/Q2074,22.0,2013-01-01T00:00:00Z,2014-01-01T00:00:00Z
http://www.wikidata.org/entity/Q391628,http://www.wikidata.org/entity/Q631,10.0,2018-01-01T00:00:00Z,2019-06-01T00:00:00Z
http://www.wikidata.org/entity/Q391680,http://www.wikidata.org/entity/Q1422,31.0,2017-07-01T00:00:00Z,2018-06-01T00:00:00Z
http://www.wikidata.org/entity/Q391680,http://www.wikidata.org/entity/Q1422,42.0,2018-07-01T00:00:00Z,2022-06-01T00:00:00Z
http://www.wikidata.org/entity/Q3839579,http://www.wikidata.org/entity/Q2018,12.0,2003-01-01T00:00:00Z,2004-01-01T00:00:00Z
http://www.wikidata.org/entity/Q3839579,http://www.wikidata.org/entity/Q1893,60.0,2001-01-01T00:00:00Z,2007-01-01T00:00:00Z
http://www.wikidata.org/entity/Q3839579,http://www.wikidata.org/entity/Q1886,5.0,2004-01-01T00:00:00Z,2004-01-01T00:00:00Z
http://www.wikidata.org/entity/Q3839710,http://www.wikidata.org/entity/Q1886,1.0,2015-01-01T00:00:00Z,2015-01-01T00:00:00Z
http://www.wikidata.org/entity/Q3839710,http://www.wikidata.org/entity/Q2674,10.0,2012-01-01T00:00:00Z,2012-01-01T00:00:00Z
http://www.wikidata.org/entity/Q3839710,http://www.wikidata.org/entity/Q1886,15.0,2013-01-01T00:00:00Z,2013-01-01T00:00:00Z
http://www.wikidata.org/entity/Q3839814,http://www.wikidata.org/entity/Q2641,16.0,1997-01-01T00:00:00Z,2001-01-01T00:00:00Z
http://www.wikidata.org/entity/Q3839814,http://www.wikidata.org/entity/Q2674,5.0,2001-01-01T00:00:00Z,2002-01-01T00:00:00Z
http://www.wikidata.org/entity/Q3839858,http://www.wikidata.org/entity/Q2037,6.0,2000-01-01T00:00:00Z,2001-01-01T00:00:00Z
http://www.wikidata.org/entity/Q3839976,http://www.wikidata.org/entity/Q2641,20.0,1996-01-01T00:00:00Z,1999-01-01T00:00:00Z
http://www.wikidata.org/entity/Q3839976,http://www.wikidata.org/entity/Q2052,13.0,2002-01-01T00:00:00Z,2003-01-01T00:00:00Z
http://www.wikidata.org/entity/Q352241,http://www.wikidata.org/entity/Q2609,2.0,1999-01-01T00:00:00Z,1999-01-01T00:00:00Z
http://www.wikidata.org/entity/Q352241,http://www.wikidata.org/entity/Q1893,28.0,1999-01-01T00:00:00Z,2000-01-01T00:00:00Z
http://www.wikidata.org/entity/Q352241,http://www.wikidata.org/entity/Q1893,86.0,1996-01-01T00:00:00Z,1999-01-01T00:00:00Z
http://www.wikidata.org/entity/Q353046,http://www.wikidata.org/entity/Q1457,4.0,2006-01-01T00:00:00Z,2006-01-01T00:00:00Z
http://www.wikidata.org/entity/Q353046,http://www.wikidata.org/entity/Q1422,187.0,1996-01-01T00:00:00Z,2004-01-01T00:00:00Z
http://www.wikidata.org/entity/Q3531728,http://www.wikidata.org/entity/Q2641,57.0,2014-01-01T00:00:00Z,2016-01-01T00:00:00Z
http://www.wikidata.org/entity/Q353258,http://www.wikidata.org/entity/Q2693,0.0,2001-01-01T00:00:00Z,2001-01-01T00:00:00Z
http://www.wikidata.org/entity/Q353258,http://www.wikidata.org/entity/Q2693,0.0,1998-01-01T00:00:00Z,1999-01-01T00:00:00Z
http://www.wikidata.org/entity/Q354366,http://www.wikidata.org/entity/Q2641,11.0,2000-01-01T00:00:00Z,2000-01-01T00:00:00Z
http://www.wikidata.org/entity/Q354366,http://www.wikidata.org/entity/Q2693,0.0,1999-01-01T00:00:00Z,1999-01-01T00:00:00Z
http://www.wikidata.org/entity/Q354366,http://www.wikidata.org/entity/Q2641,20.0,1999-01-01T00:00:00Z,2000-01-01T00:00:00Z
http://www.wikidata.org/entity/Q354529,http://www.wikidata.org/entity/Q2710,46.0,1998-01-01T00:00:00Z,2000-01-01T00:00:00Z
http://www.wikidata.org/entity/Q355769,http://www.wikidata.org/entity/Q2052,0.0,2003-01-01T00:00:00Z,2005-01-01T00:00:00Z
http://www.wikidata.org/entity/Q355769,http://www.wikidata.org/entity/Q2674,3.0,2000-01-01T00:00:00Z,2002-01-01T00:00:00Z
http://www.wikidata.org/entity/Q355769,http://www.wikidata.org/entity/Q2074,33.0,2005-01-01T00:00:00Z,2006-01-01T00:00:00Z
http://www.wikidata.org/entity/Q355790,http://www.wikidata.org/entity/Q2641,43.0,2004-01-01T00:00:00Z,2007-01-01T00:00:00Z
http://www.wikidata.org/entity/Q355790,http://www.wikidata.org/entity/Q2018,25.0,2002-01-01T00:00:00Z,2003-01-01T00:00:00Z
http://www.wikidata.org/entity/Q355830,http://www.wikidata.org/entity/Q2037,89.0,2004-01-01T00:00:00Z,2007-01-01T00:00:00Z
http://www.wikidata.org/entity/Q355830,http://www.wikidata.org/entity/Q1422,11.0,2000-01-01T00:00:00Z,2002-01-01T00:00:00Z
http://www.wikidata.org/entity/Q355830,http://www.wikidata.org/entity/Q1893,32.0,2001-01-01T00:00:00Z,2002-01-01T00:00:00Z
http://www.wikidata.org/entity/Q355830,http://www.wikidata.org/entity/Q1886,11.0,2011-01-01T00:00:00Z,2012-01-01T00:00:00Z
http://www.wikidata.org/entity/Q355830,http://www.wikidata.org/entity/Q1893,14.0,2015-01-01T00:00:00Z,2016-01-01T00:00:00Z
http://www.wikidata.org/entity/Q355830,http://www.wikidata.org/entity/Q2693,22.0,2002-01-01T00:00:00Z,2004-01-01T00:00:00Z
http://www.wikidata.org/entity/Q3558435,http://www.wikidata.org/entity/Q631,0.0,2010-01-01T00:00:00Z,2011-01-01T00:00:00Z
http://www.wikidata.org/entity/Q3564484,http://www.wikidata.org/entity/Q1900,0.0,2008-01-01T00:00:00Z,2008-01-01T00:00:00Z
http://www.wikidata.org/entity/Q3622968,http://www.wikidata.org/entity/Q1900,117.0,2001-01-01T00:00:00Z,2004-01-01T00:00:00Z
http://www.wikidata.org/entity/Q3622968,http://www.wikidata.org/entity/Q2018,116.0,2004-01-01T00:00:00Z,2007-01-01T00:00:00Z
http://www.wikidata.org/entity/Q3659547,http://www.wikidata.org/entity/Q2710,33.0,2005-01-01T00:00:00Z,2006-01-01T00:00:00Z
http://www.wikidata.org/entity/Q3659547,http://www.wikidata.org/entity/Q2710,23.0,2003-01-01T00:00:00Z,2004-01-01T00:00:00Z
http://www.wikidata.org/entity/Q3659664,http://www.wikidata.org/entity/Q1893,311.0,1994-01-01T00:00:00Z,2005-01-01T00:00:00Z
http://www.wikidata.org/entity/Q3659664,http://www.wikidata.org/entity/Q1893,26.0,2006-01-01T00:00:00Z,2007-01-01T00:00:00Z
http://www.wikidata.org/entity/Q3659755,http://www.wikidata.org/entity/Q631,1.0,2000-01-01T00:00:00Z,2001-01-01T00:00:00Z
http://www.wikidata.org/entity/Q3659879,http://www.wikidata.org/entity/Q2018,14.0,2004-01-01T00:00:00Z,2004-01-01T00:00:00Z
http://www.wikidata.org/entity/Q3659879,http://www.wikidata.org/entity/Q2018,20.0,2003-01-01T00:00:00Z,2003-01-01T00:00:00Z
http://www.wikidata.org/entity/Q3659889,http://www.wikidata.org/entity/Q1543,0.0,1999-01-01T00:00:00Z,2001-01-01T00:00:00Z
http://www.wikidata.org/entity/Q3660241,http://www.wikidata.org/entity/Q2074,12.0,1999-01-01T00:00:00Z,1999-01-01T00:00:00Z
http://www.wikidata.org/entity/Q3660241,http://www.wikidata.org/entity/Q2641,33.0,1994-01-01T00:00:00Z,1999-01-01T00:00:00Z
http://www.wikidata.org/entity/Q3660365,http://www.wikidata.org/entity/Q1457,21.0,2001-01-01T00:00:00Z,2002-01-01T00:00:00Z
http://www.wikidata.org/entity/Q3660365,http://www.wikidata.org/entity/Q2052,15.0,1998-01-01T00:00:00Z,1999-01-01T00:00:00Z
http://www.wikidata.org/entity/Q3660365,http://www.wikidata.org/entity/Q1457,37.0,1999-01-01T00:00:00Z,2001-01-01T00:00:00Z
http://www.wikidata.org/entity/Q3660370,http://www.wikidata.org/entity/Q1886,83.0,2002-01-01T00:00:00Z,2004-01-01T00:00:00Z
http://www.wikidata.org/entity/Q3660370,http://www.wikidata.org/entity/Q2710,49.0,2005-01-01T00:00:00Z,2007-01-01T00:00:00Z
http://www.wikidata.org/entity/Q3660370,http://www.wikidata.org/entity/Q2641,5.0,2005-01-01T00:00:00Z,2005-01-01T00:00:00Z
http://www.wikidata.org/entity/Q3663241,http://www.wikidata.org/entity/Q2641,58.0,2003-01-01T00:00:00Z,2007-01-01T00:00:00Z
http://www.wikidata.org/entity/Q3664950,http://www.wikidata.org/entity/Q2674,6.0,2013-01-01T00:00:00Z,2017-08-01T00:00:00Z
http://www.wikidata.org/entity/Q3675660,http://www.wikidata.org/entity/Q2018,32.0,2001-01-01T00:00:00Z,2005-01-01T00:00:00Z
http://www.wikidata.org/entity/Q3675667,http://www.wikidata.org/entity/Q2674,80.0,2000-01-01T00:00:00Z,2003-01-01T00:00:00Z
http://www.wikidata.org/entity/Q3675694,http://www.wikidata.org/entity/Q2037,41.0,2011-01-01T00:00:00Z,2015-01-01T00:00:00Z
http://www.wikidata.org/entity/Q3675701,http://www.wikidata.org/entity/Q2074,12.0,2000-01-01T00:00:00Z,2000-01-01T00:00:00Z
http://www.wikidata.org/entity/Q3972497,http://www.wikidata.org/entity/Q2018,2.0,2015-01-01T00:00:00Z,
http://www.wikidata.org/entity/Q393319,http://www.wikidata.org/entity/Q2052,20.0,2010-01-01T00:00:00Z,2011-01-01T00:00:00Z
http://www.wikidata.org/entity/Q393319,http://www.wikidata.org/entity/Q2710,7.0,2013-01-01T00:00:00Z,2013-01-01T00:00:00Z
http://www.wikidata.org/entity/Q3960884,http://www.wikidata.org/entity/Q2037,90.0,1996-01-01T00:00:00Z,1999-01-01T00:00:00Z
http://www.wikidata.org/entity/Q3960966,http://www.wikidata.org/entity/Q2710,11.0,1999-01-01T00:00:00Z,2000-01-01T00:00:00Z
http://www.wikidata.org/entity/Q3960966,http://www.wikidata.org/entity/Q2674,34.0,2000-01-01T00:00:00Z,2002-01-01T00:00:00Z
http://www.wikidata.org/entity/Q3961249,http://www.wikidata.org/entity/Q1900,16.0,2011-01-01T00:00:00Z,2011-01-01T00:00:00Z
http://www.wikidata.org/entity/Q3961259,http://www.wikidata.org/entity/Q2037,0.0,2005-01-01T00:00:00Z,2005-01-01T00:00:00Z
http://www.wikidata.org/entity/Q3961269,http://www.wikidata.org/entity/Q2710,15.0,2014-01-01T00:00:00Z,2014-01-01T00:00:00Z
http://www.wikidata.org/entity/Q3961288,http://www.wikidata.org/entity/Q1886,3.0,2008-01-01T00:00:00Z,2010-01-01T00:00:00Z
http://www.wikidata.org/entity/Q3961288,http://www.wikidata.org/entity/Q1422,19.0,2015-01-01T00:00:00Z,2017-06-01T00:00:00Z
http://www.wikidata.org/entity/Q3961288,http://www.wikidata.org/entity/Q1457,2.0,2010-01-01T00:00:00Z,2013-01-01T00:00:00Z
http://www.wikidata.org/entity/Q3972459,http://www.wikidata.org/entity/Q2018,6.0,2006-01-01T00:00:00Z,2006-01-01T00:00:00Z
http://www.wikidata.org/entity/Q3972483,http://www.wikidata.org/entity/Q1422,0.0,2005-01-01T00:00:00Z,2006-01-01T00:00:00Z
http://www.wikidata.org/entity/Q3972497,http://www.wikidata.org/entity/Q2693,5.0,2012-01-01T00:00:00Z,2012-01-01T00:00:00Z
http://www.wikidata.org/entity/Q3972518,http://www.wikidata.org/entity/Q2037,1.0,1999-01-01T00:00:00Z,2008-01-01T00:00:00Z
http://www.wikidata.org/entity/Q3972518,http://www.wikidata.org/entity/Q2710,20.0,2004-01-01T00:00:00Z,2005-01-01T00:00:00Z
http://www.wikidata.org/entity/Q3972534,http://www.wikidata.org/entity/Q2674,32.0,2001-01-01T00:00:00Z,2002-01-01T00:00:00Z
http://www.wikidata.org/entity/Q3972561,http://www.wikidata.org/entity/Q2018,15.0,2004-01-01T00:00:00Z,2005-01-01T00:00:00Z
http://www.wikidata.org/entity/Q3972561,http://www.wikidata.org/entity/Q631,0.0,2000-01-01T00:00:00Z,2004-01-01T00:00:00Z
http://www.wikidata.org/entity/Q3972561,http://www.wikidata.org/entity/Q2074,19.0,2001-01-01T00:00:00Z,2002-01-01T00:00:00Z
http://www.wikidata.org/entity/Q3972561,http://www.wikidata.org/entity/Q2609,4.0,1998-01-01T00:00:00Z,1999-01-01T00:00:00Z
http://www.wikidata.org/entity/Q3972561,http://www.wikidata.org/entity/Q2641,19.0,1999-01-01T00:00:00Z,2000-01-01T00:00:00Z
http://www.wikidata.org/entity/Q3972564,http://www.wikidata.org/entity/Q2037,23.0,2001-01-01T00:00:00Z,2003-01-01T00:00:00Z
http://www.wikidata.org/entity/Q3972564,http://www.wikidata.org/entity/Q2710,8.0,2006-01-01T00:00:00Z,2006-01-01T00:00:00Z
http://www.wikidata.org/entity/Q3972564,http://www.wikidata.org/entity/Q1886,73.0,1994-01-01T00:00:00Z,2005-01-01T00:00:00Z
http://www.wikidata.org/entity/Q346917,http://www.wikidata.org/entity/Q1422,4.0,2006-01-01T00:00:00Z,2011-01-01T00:00:00Z
http://www.wikidata.org/entity/Q346917,http://www.wikidata.org/entity/Q1422,0.0,2012-01-01T00:00:00Z,2013-01-01T00:00:00Z
http://www.wikidata.org/entity/Q347603,http://www.wikidata.org/entity/Q631,19.0,1997-01-01T00:00:00Z,2001-01-01T00:00:00Z
http://www.wikidata.org/entity/Q347603,http://www.wikidata.org/entity/Q2693,81.0,2001-01-01T00:00:00Z,2004-01-01T00:00:00Z
http://www.wikidata.org/entity/Q347603,http://www.wikidata.org/entity/Q2074,33.0,2008-01-01T00:00:00Z,2009-01-01T00:00:00Z
http://www.wikidata.org/entity/Q347710,http://www.wikidata.org/entity/Q1457,35.0,2010-01-01T00:00:00Z,2011-01-01T00:00:00Z
http://www.wikidata.org/entity/Q347710,http://www.wikidata.org/entity/Q1893,51.0,2012-01-01T00:00:00Z,2014-01-01T00:00:00Z
http://www.wikidata.org/entity/Q348407,http://www.wikidata.org/entity/Q1422,0.0,2013-01-01T00:00:00Z,2015-01-01T00:00:00Z
http://www.wikidata.org/entity/Q348860,http://www.wikidata.org/entity/Q1893,19.0,1998-01-01T00:00:00Z,1999-01-01T00:00:00Z
http://www.wikidata.org/entity/Q348860,http://www.wikidata.org/entity/Q2693,7.0,1999-01-01T00:00:00Z,2002-01-01T00:00:00Z
http://www.wikidata.org/entity/Q348956,http://www.wikidata.org/entity/Q1543,7.0,2012-01-01T00:00:00Z,2014-01-01T00:00:00Z
http://www.wikidata.org/entity/Q349011,http://www.wikidata.org/entity/Q1886,131.0,2001-01-01T00:00:00Z,2005-01-01T00:00:00Z
http://www.wikidata.org/entity/Q349162,http://www.wikidata.org/entity/Q1886,155.0,2010-01-01T00:00:00Z,2017-02-01T00:00:00Z
http://www.wikidata.org/entity/Q3491907,http://www.wikidata.org/entity/Q1543,20.0,1996-01-01T00:00:00Z,2002-01-01T00:00:00Z
http://www.wikidata.org/entity/Q3491907,http://www.wikidata.org/entity/Q1893,101.0,2004-01-01T00:00:00Z,2008-01-01T00:00:00Z
http://www.wikidata.org/entity/Q3491907,http://www.wikidata.org/entity/Q2641,35.0,1998-01-01T00:00:00Z,1999-01-01T00:00:00Z
http://www.wikidata.org/entity/Q3497980,http://www.wikidata.org/entity/Q1457,14.0,1998-01-01T00:00:00Z,1999-01-01T00:00:00Z
http://www.wikidata.org/entity/Q3497990,http://www.wikidata.org/entity/Q1457,52.0,2002-01-01T00:00:00Z,2005-01-01T00:00:00Z
http://www.wikidata.org/entity/Q349883,http://www.wikidata.org/entity/Q1893,98.0,2007-01-01T00:00:00Z,2011-01-01T00:00:00Z
http://www.wikidata.org/entity/Q350083,http://www.wikidata.org/entity/Q2037,112.0,1996-01-01T00:00:00Z,2003-01-01T00:00:00Z
http://www.wikidata.org/entity/Q350107,http://www.wikidata.org/entity/Q2674,1.0,2014-01-01T00:00:00Z,2015-01-01T00:00:00Z
http://www.wikidata.org/entity/Q350279,http://www.wikidata.org/entity/Q1543,49.0,2000-01-01T00:00:00Z,2003-01-01T00:00:00Z
http://www.wikidata.org/entity/Q350287,http://www.wikidata.org/entity/Q2052,0.0,2013-01-01T00:00:00Z,2014-01-01T00:00:00Z
http://www.wikidata.org/entity/Q350398,http://www.wikidata.org/entity/Q2641,12.0,2002-01-01T00:00:00Z,2003-01-01T00:00:00Z
http://www.wikidata.org/entity/Q3504443,http://www.wikidata.org/entity/Q631,0.0,2008-01-01T00:00:00Z,2011-01-01T00:00:00Z
http://www.wikidata.org/entity/Q350452,http://www.wikidata.org/entity/Q2693,77.0,1996-01-01T00:00:00Z,2000-01-01T00:00:00Z
http://www.wikidata.org/entity/Q350489,http://www.wikidata.org/entity/Q1886,145.0,1998-01-01T00:00:00Z,2003-01-01T00:00:00Z
http://www.wikidata.org/entity/Q350489,http://www.wikidata.org/entity/Q1886,151.0,2006-01-01T00:00:00Z,2011-01-01T00:00:00Z
http://www.wikidata.org/entity/Q350489,http://www.wikidata.org/entity/Q1457,44.0,2003-01-01T00:00:00Z,2005-01-01T00:00:00Z
http://www.wikidata.org/entity/Q350616,http://www.wikidata.org/entity/Q2074,29.0,2017-01-01T00:00:00Z,2018-01-01T00:00:00Z
http://www.wikidata.org/entity/Q350616,http://www.wikidata.org/entity/Q1543,16.0,2014-01-01T00:00:00Z,2014-01-01T00:00:00Z
http://www.wikidata.org/entity/Q350721,http://www.wikidata.org/entity/Q2074,20.0,2009-01-01T00:00:00Z,2011-01-01T00:00:00Z
http://www.wikidata.org/entity/Q350721,http://www.wikidata.org/entity/Q2052,19.0,2011-01-01T00:00:00Z,2012-01-01T00:00:00Z
http://www.wikidata.org/entity/Q350721,http://www.wikidata.org/entity/Q631,15.0,2011-01-01T00:00:00Z,2011-01-01T00:00:00Z
http://www.wikidata.org/entity/Q350738,http://www.wikidata.org/entity/Q2693,67.0,1998-01-01T00:00:00Z,2002-01-01T00:00:00Z
http://www.wikidata.org/entity/Q3507915,http://www.wikidata.org/entity/Q2074,0.0,2000-01-01T00:00:00Z,2003-01-01T00:00:00Z
http://www.wikidata.org/entity/Q350823,http://www.wikidata.org/entity/Q2052,11.0,2004-01-01T00:00:00Z,2004-01-01T00:00:00Z
http://www.wikidata.org/entity/Q350982,http://www.wikidata.org/entity/Q2641,3.0,2014-01-01T00:00:00Z,2015-01-01T00:00:00Z
http://www.wikidata.org/entity/Q350988,http://www.wikidata.org/entity/Q1900,98.0,2016-01-01T00:00:00Z,2019-01-01T00:00:00Z
http://www.wikidata.org/entity/Q350988,http://www.wikidata.org/entity/Q1886,156.0,2007-01-01T00:00:00Z,2012-01-01T00:00:00Z
http://www.wikidata.org/entity/Q350988,http://www.wikidata.org/entity/Q1422,84.0,2012-01-01T00:00:00Z,2016-01-01T00:00:00Z
http://www.wikidata.org/entity/Q351049,http://www.wikidata.org/entity/Q1543,1.0,2009-01-01T00:00:00Z,2010-01-01T00:00:00Z
http://www.wikidata.org/entity/Q351049,http://www.wikidata.org/entity/Q2074,0.0,2010-01-01T00:00:00Z,2011-01-01T00:00:00Z
http://www.wikidata.org/entity/Q351279,http://www.wikidata.org/entity/Q2018,16.0,2006-01-01T00:00:00Z,2007-01-01T00:00:00Z
http://www.wikidata.org/entity/Q351279,http://www.wikidata.org/entity/Q1886,104.0,1997-01-01T00:00:00Z,2005-01-01T00:00:00Z
http://www.wikidata.org/entity/Q351279,http://www.wikidata.org/entity/Q1893,13.0,2003-01-01T00:00:00Z,2004-01-01T00:00:00Z
http://www.wikidata.org/entity/Q351279,http://www.wikidata.org/entity/Q1457,31.0,2004-01-01T00:00:00Z,2005-01-01T00:00:00Z
http://www.wikidata.org/entity/Q351473,http://www.wikidata.org/entity/Q2609,105.0,2017-01-01T00:00:00Z,2021-01-01T00:00:00Z
http://www.wikidata.org/entity/Q351793,http://www.wikidata.org/entity/Q2693,12.0,2010-01-01T00:00:00Z,2010-01-01T00:00:00Z
http://www.wikidata.org/entity/Q351793,http://www.wikidata.org/entity/Q631,21.0,2007-01-01T00:00:00Z,2009-01-01T00:00:00Z
http://www.wikidata.org/entity/Q351793,http://www.wikidata.org/entity/Q2052,19.0,2006-01-01T00:00:00Z,2006-01-01T00:00:00Z
http://www.wikidata.org/entity/Q351793,http://www.wikidata.org/entity/Q2609,16.0,2007-01-01T00:00:00Z,2007-01-01T00:00:00Z
http://www.wikidata.org/entity/Q351934,http://www.wikidata.org/entity/Q2037,12.0,2002-01-01T00:00:00Z,2003-01-01T00:00:00Z
http://www.wikidata.org/entity/Q352726,http://www.wikidata.org/entity/Q2074,26.0,2006-01-01T00:00:00Z,2007-01-01T00:00:00Z
http://www.wikidata.org/entity/Q352726,http://www.wikidata.org/entity/Q2693,13.0,1997-01-01T00:00:00Z,1999-01-01T00:00:00Z
http://www.wikidata.org/entity/Q352726,http://www.wikidata.org/entity/Q1893,87.0,2007-01-01T00:00:00Z,2010-01-01T00:00:00Z
http://www.wikidata.org/entity/Q3557205,http://www.wikidata.org/entity/Q2018,9.0,2014-01-01T00:00:00Z,2015-01-01T00:00:00Z
http://www.wikidata.org/entity/Q3576089,http://www.wikidata.org/entity/Q1457,33.0,1998-01-01T00:00:00Z,2003-01-01T00:00:00Z
http://www.wikidata.org/entity/Q362811,http://www.wikidata.org/entity/Q2710,18.0,2001-01-01T00:00:00Z,2001-06-01T00:00:00Z
http://www.wikidata.org/entity/Q362811,http://www.wikidata.org/entity/Q2037,27.0,2008-01-01T00:00:00Z,2009-01-01T00:00:00Z
http://www.wikidata.org/entity/Q362811,http://www.wikidata.org/entity/Q1900,198.0,2001-09-01T00:00:00Z,2007-01-01T00:00:00Z
http://www.wikidata.org/entity/Q362811,http://www.wikidata.org/entity/Q2710,47.0,1997-01-01T00:00:00Z,1999-01-01T00:00:00Z
http://www.wikidata.org/entity/Q362848,http://www.wikidata.org/entity/Q1893,0.0,2003-01-01T00:00:00Z,2003-06-01T00:00:00Z
http://www.wikidata.org/entity/Q366556,http://www.wikidata.org/entity/Q2052,7.0,2016-01-01T00:00:00Z,2016-01-01T00:00:00Z
http://www.wikidata.org/entity/Q366556,http://www.wikidata.org/entity/Q2074,18.0,2015-01-01T00:00:00Z,2016-01-01T00:00:00Z
http://www.wikidata.org/entity/Q366594,http://www.wikidata.org/entity/Q2641,6.0,2011-01-01T00:00:00Z,2011-01-01T00:00:00Z
http://www.wikidata.org/entity/Q366682,http://www.wikidata.org/entity/Q1543,1.0,2008-01-01T00:00:00Z,2009-01-01T00:00:00Z
http://www.wikidata.org/entity/Q366837,http://www.wikidata.org/entity/Q1457,32.0,1999-01-01T00:00:00Z,2002-01-01T00:00:00Z
http://www.wikidata.org/entity/Q366837,http://www.wikidata.org/entity/Q2609,85.0,2005-01-01T00:00:00Z,2012-01-01T00:00:00Z
http://www.wikidata.org/entity/Q366837,http://www.wikidata.org/entity/Q1422,5.0,2008-01-01T00:00:00Z,2008-01-01T00:00:00Z
http://www.wikidata.org/entity/Q366837,http://www.wikidata.org/entity/Q1886,16.0,2012-01-01T00:00:00Z,2012-01-01T00:00:00Z
http://www.wikidata.org/entity/Q366837,http://www.wikidata.org/entity/Q2018,42.0,2003-01-01T00:00:00Z,2004-01-01T00:00:00Z
http://www.wikidata.org/entity/Q367174,http://www.wikidata.org/entity/Q631,6.0,2011-01-01T00:00:00Z,2012-01-01T00:00:00Z
http://www.wikidata.org/entity/Q367368,http://www.wikidata.org/entity/Q2693,31.0,2004-01-01T00:00:00Z,2005-01-01T00:00:00Z
http://www.wikidata.org/entity/Q367368,http://www.wikidata.org/entity/Q2674,89.0,2008-01-01T00:00:00Z,2011-01-01T00:00:00Z
http://www.wikidata.org/entity/Q367368,http://www.wikidata.org/entity/Q2074,21.0,2011-01-01T00:00:00Z,2013-01-01T00:00:00Z
http://www.wikidata.org/entity/Q367368,http://www.wikidata.org/entity/Q2674,1.0,2006-01-01T00:00:00Z,2007-01-01T00:00:00Z
http://www.wikidata.org/entity/Q367368,http://www.wikidata.org/entity/Q2710,18.0,2017-01-01T00:00:00Z,2018-01-01T00:00:00Z
http://www.wikidata.org/entity/Q367368,http://www.wikidata.org/entity/Q2074,27.0,2007-01-01T00:00:00Z,2008-01-01T00:00:00Z
http://www.wikidata.org/entity/Q367433,http://www.wikidata.org/entity/Q2693,27.0,2009-01-01T00:00:00Z,2010-01-01T00:00:00Z
http://www.wikidata.org/entity/Q367433,http://www.wikidata.org/entity/Q2674,9.0,2008-01-01T00:00:00Z,2011-01-01T00:00:00Z
http://www.wikidata.org/entity/Q367433,http://www.wikidata.org/entity/Q1422,1.0,2006-01-01T00:00:00Z,2008-01-01T00:00:00Z
http://www.wikidata.org/entity/Q367433,http://www.wikidata.org/entity/Q2018,11.0,2011-01-01T00:00:00Z,2013-01-01T00:00:00Z
http://www.wikidata.org/entity/Q367433,http://www.wikidata.org/entity/Q1422,3.0,2010-01-01T00:00:00Z,2011-01-01T00:00:00Z
http://www.wikidata.org/entity/Q367450,http://www.wikidata.org/entity/Q2074,0.0,2010-01-01T00:00:00Z,2010-06-01T00:00:00Z
http://www.wikidata.org/entity/Q3678164,http://www.wikidata.org/entity/Q2037,36.0,1998-01-01T00:00:00Z,1999-01-01T00:00:00Z
http://www.wikidata.org/entity/Q3678164,http://www.wikidata.org/entity/Q2037,38.0,2000-01-01T00:00:00Z,2001-01-01T00:00:00Z
http://www.wikidata.org/entity/Q3678991,http://www.wikidata.org/entity/Q1893,1.0,2000-01-01T00:00:00Z,2002-01-01T00:00:00Z
http://www.wikidata.org/entity/Q3678991,http://www.wikidata.org/entity/Q1543,0.0,2004-01-01T00:00:00Z,2006-01-01T00:00:00Z
http://www.wikidata.org/entity/Q3678991,http://www.wikidata.org/entity/Q2037,8.0,2013-01-01T00:00:00Z,2014-01-01T00:00:00Z
http://www.wikidata.org/entity/Q3680011,http://www.wikidata.org/entity/Q2710,1.0,2008-01-01T00:00:00Z,2009-01-01T00:00:00Z
http://www.wikidata.org/entity/Q3680011,http://www.wikidata.org/entity/Q2609,4.0,2004-01-01T00:00:00Z,2005-01-01T00:00:00Z
http://www.wikidata.org/entity/Q3680037,http://www.wikidata.org/entity/Q2641,14.0,2002-01-01T00:00:00Z,2003-01-01T00:00:00Z
http://www.wikidata.org/entity/Q3680037,http://www.wikidata.org/entity/Q1900,3.0,2005-01-01T00:00:00Z,2006-01-01T00:00:00Z
http://www.wikidata.org/entity/Q3680168,http://www.wikidata.org/entity/Q1900,2.0,2004-01-01T00:00:00Z,2006-01-01T00:00:00Z
http://www.wikidata.org/entity/Q3680168,http://www.wikidata.org/entity/Q1900,1.0,2008-01-01T00:00:00Z,2009-01-01T00:00:00Z
http://www.wikidata.org/entity/Q18962,http://www.wikidata.org/entity/Q1422,157.0,2019-07-01T00:00:00Z,2024-07-01T00:00:00Z
http://www.wikidata.org/entity/Q1909,http://www.wikidata.org/entity/Q1543,22.0,2014-01-01T00:00:00Z,2014-06-01T00:00:00Z
http://www.wikidata.org/entity/Q1909,http://www.wikidata.org/entity/Q1543,22.0,2014-07-01T00:00:00Z,2015-01-01T00:00:00Z
http://www.wikidata.org/entity/Q1911,http://www.wikidata.org/entity/Q1543,97.0,2021-01-01T00:00:00Z,2024-01-01T00:00:00Z
http://www.wikidata.org/entity/Q1916,http://www.wikidata.org/entity/Q1422,53.0,2014-01-01T00:00:00Z,2017-01-01T00:00:00Z
http://www.wikidata.org/entity/Q1917,http://www.wikidata.org/entity/Q1543,84.0,2011-01-01T00:00:00Z,2016-01-01T00:00:00Z
http://www.wikidata.org/entity/Q1918,http://www.wikidata.org/entity/Q2052,50.0,2019-08-01T00:00:00Z,2021-06-01T00:00:00Z
http://www.wikidata.org/entity/Q1921,http://www.wikidata.org/entity/Q1422,98.0,2017-08-18T00:00:00Z,2020-08-01T00:00:00Z
http://www.wikidata.org/entity/Q1922,http://www.wikidata.org/entity/Q2641,13.0,2013-01-01T00:00:00Z,2014-01-01T00:00:00Z
http://www.wikidata.org/entity/Q1923,http://www.wikidata.org/entity/Q1543,43.0,2014-01-01T00:00:00Z,2016-01-01T00:00:00Z
http://www.wikidata.org/entity/Q1925,http://www.wikidata.org/entity/Q631,8.0,2014-07-01T00:00:00Z,2015-01-01T00:00:00Z
http://www.wikidata.org/entity/Q1936,http://www.wikidata.org/entity/Q2609,18.0,2011-01-01T00:00:00Z,2012-01-01T00:00:00Z
http://www.wikidata.org/entity/Q1939,http://www.wikidata.org/entity/Q1422,2.0,2013-01-26T00:00:00Z,2013-07-04T00:00:00Z
http://www.wikidata.org/entity/Q19392,http://www.wikidata.org/entity/Q631,28.0,2016-01-01T00:00:00Z,2017-01-01T00:00:00Z
http://www.wikidata.org/entity/Q5526765,http://www.wikidata.org/entity/Q1543,0.0,2006-01-01T00:00:00Z,2007-01-01T00:00:00Z
http://www.wikidata.org/entity/Q5526896,http://www.wikidata.org/entity/Q2710,0.0,2012-01-01T00:00:00Z,2013-01-01T00:00:00Z
http://www.wikidata.org/entity/Q5533382,http://www.wikidata.org/entity/Q1893,2.0,2000-01-01T00:00:00Z,2006-01-01T00:00:00Z
http://www.wikidata.org/entity/Q555339,http://www.wikidata.org/entity/Q1457,54.0,1999-01-01T00:00:00Z,2000-01-01T00:00:00Z
http://www.wikidata.org/entity/Q555408,http://www.wikidata.org/entity/Q1543,0.0,2005-01-01T00:00:00Z,2006-01-01T00:00:00Z
http://www.wikidata.org/entity/Q555408,http://www.wikidata.org/entity/Q2609,69.0,2006-01-01T00:00:00Z,2013-01-01T00:00:00Z
http://www.wikidata.org/entity/Q555408,http://www.wikidata.org/entity/Q1900,33.0,2007-01-01T00:00:00Z,2008-01-01T00:00:00Z
http://www.wikidata.org/entity/Q555408,http://www.wikidata.org/entity/Q1457,31.0,2011-01-01T00:00:00Z,2012-01-01T00:00:00Z
http://www.wikidata.org/entity/Q556688,http://www.wikidata.org/entity/Q2074,111.0,2006-01-01T00:00:00Z,2010-01-01T00:00:00Z
http://www.wikidata.org/entity/Q556809,http://www.wikidata.org/entity/Q2074,12.0,2010-01-01T00:00:00Z,2012-01-01T00:00:00Z
http://www.wikidata.org/entity/Q5570825,http://www.wikidata.org/entity/Q1893,5.0,2014-01-01T00:00:00Z,2015-01-01T00:00:00Z
http://www.wikidata.org/entity/Q557329,http://www.wikidata.org/entity/Q1422,0.0,2014-01-01T00:00:00Z,2016-01-01T00:00:00Z
http://www.wikidata.org/entity/Q557329,http://www.wikidata.org/entity/Q1886,6.0,2012-01-01T00:00:00Z,2014-01-01T00:00:00Z
http://www.wikidata.org/entity/Q558692,http://www.wikidata.org/entity/Q2641,19.0,1998-01-01T00:00:00Z,1999-01-01T00:00:00Z
http://www.wikidata.org/entity/Q559521,http://www.wikidata.org/entity/Q2052,94.0,2002-01-01T00:00:00Z,2006-01-01T00:00:00Z
http://www.wikidata.org/entity/Q559550,http://www.wikidata.org/entity/Q2674,38.0,2001-01-01T00:00:00Z,2003-01-01T00:00:00Z
http://www.wikidata.org/entity/Q559550,http://www.wikidata.org/entity/Q2710,27.0,2013-01-01T00:00:00Z,2014-01-01T00:00:00Z
http://www.wikidata.org/entity/Q559550,http://www.wikidata.org/entity/Q2074,13.0,2002-01-01T00:00:00Z,2003-01-01T00:00:00Z
http://www.wikidata.org/entity/Q559550,http://www.wikidata.org/entity/Q2641,21.0,2011-01-01T00:00:00Z,2012-01-01T00:00:00Z
http://www.wikidata.org/entity/Q559550,http://www.wikidata.org/entity/Q2074,13.0,2003-01-01T00:00:00Z,2003-01-01T00:00:00Z
http://www.wikidata.org/entity/Q559550,http://www.wikidata.org/entity/Q2018,226.0,2003-01-01T00:00:00Z,2011-01-01T00:00:00Z
http://www.wikidata.org/entity/Q560174,http://www.wikidata.org/entity/Q1900,0.0,2007-01-01T00:00:00Z,2010-01-01T00:00:00Z
http://www.wikidata.org/entity/Q560618,http://www.wikidata.org/entity/Q1543,1.0,2010-01-01T00:00:00Z,2011-01-01T00:00:00Z
http://www.wikidata.org/entity/Q560651,http://www.wikidata.org/entity/Q2674,48.0,2006-01-01T00:00:00Z,2007-01-01T00:00:00Z
http://www.wikidata.org/entity/Q560651,http://www.wikidata.org/entity/Q2037,11.0,2012-01-01T00:00:00Z,2013-01-01T00:00:00Z
http://www.wikidata.org/entity/Q561087,http://www.wikidata.org/entity/Q2074,7.0,2011-01-01T00:00:00Z,2011-01-01T00:00:00Z
http://www.wikidata.org/entity/Q561087,http://www.wikidata.org/entity/Q2674,8.0,2013-01-01T00:00:00Z,2013-06-01T00:00:00Z
http://www.wikidata.org/entity/Q561227,http://www.wikidata.org/entity/Q2609,264.0,1993-01-01T00:00:00Z,2005-01-01T00:00:00Z
http://www.wikidata.org/entity/Q562195,http://www.wikidata.org/entity/Q1457,25.0,2008-01-01T00:00:00Z,2009-01-01T00:00:00Z
http://www.wikidata.org/entity/Q562195,http://www.wikidata.org/entity/Q1457,30.0,2010-01-01T00:00:00Z,2012-01-01T00:00:00Z
http://www.wikidata.org/entity/Q562195,http://www.wikidata.org/entity/Q2693,81.0,2004-01-01T00:00:00Z,2008-01-01T00:00:00Z
http://www.wikidata.org/entity/Q562195,http://www.wikidata.org/entity/Q1900,29.0,2009-01-01T00:00:00Z,2010-01-01T00:00:00Z
http://www.wikidata.org/entity/Q563881,http://www.wikidata.org/entity/Q2674,14.0,2010-01-01T00:00:00Z,2011-01-01T00:00:00Z
http://www.wikidata.org/entity/Q5665933,http://www.wikidata.org/entity/Q1543,0.0,2012-01-01T00:00:00Z,2015-01-01T00:00:00Z
http://www.wikidata.org/entity/Q569662,http://www.wikidata.org/entity/Q631,0.0,2000-01-01T00:00:00Z,2000-01-01T00:00:00Z
http://www.wikidata.org/entity/Q569662,http://www.wikidata.org/entity/Q2641,20.0,1999-01-01T00:00:00Z,2000-01-01T00:00:00Z
http://www.wikidata.org/entity/Q569662,http://www.wikidata.org/entity/Q2052,5.0,2002-01-01T00:00:00Z,2002-01-01T00:00:00Z
http://www.wikidata.org/entity/Q569662,http://www.wikidata.org/entity/Q2052,155.0,1993-01-01T00:00:00Z,1999-01-01T00:00:00Z
http://www.wikidata.org/entity/Q571631,http://www.wikidata.org/entity/Q2710,23.0,2012-01-01T00:00:00Z,2016-01-01T00:00:00Z
http://www.wikidata.org/entity/Q573195,http://www.wikidata.org/entity/Q2710,13.0,2001-01-01T00:00:00Z,2001-01-01T00:00:00Z
http://www.wikidata.org/entity/Q573195,http://www.wikidata.org/entity/Q2710,13.0,2000-01-01T00:00:00Z,2000-01-01T00:00:00Z
http://www.wikidata.org/entity/Q573195,http://www.wikidata.org/entity/Q1457,17.0,2000-01-01T00:00:00Z,2001-01-01T00:00:00Z
http://www.wikidata.org/entity/Q576041,http://www.wikidata.org/entity/Q1543,52.0,2008-01-01T00:00:00Z,2011-01-01T00:00:00Z
http://www.wikidata.org/entity/Q577481,http://www.wikidata.org/entity/Q1886,46.0,2018-01-01T00:00:00Z,2020-01-01T00:00:00Z
http://www.wikidata.org/entity/Q577481,http://www.wikidata.org/entity/Q1886,107.0,2020-01-01T00:00:00Z,2024-01-01T00:00:00Z
http://www.wikidata.org/entity/Q577481,http://www.wikidata.org/entity/Q2641,37.0,2013-01-01T00:00:00Z,2015-01-01T00:00:00Z
http://www.wikidata.org/entity/Q577481,http://www.wikidata.org/entity/Q1457,31.0,2017-01-01T00:00:00Z,2018-01-01T00:00:00Z
http://www.wikidata.org/entity/Q578117,http://www.wikidata.org/entity/Q1886,48.0,2005-01-01T00:00:00Z,2007-01-01T00:00:00Z
http://www.wikidata.org/entity/Q578117,http://www.wikidata.org/entity/Q1893,61.0,2007-01-01T00:00:00Z,2010-01-01T00:00:00Z
http://www.wikidata.org/entity/Q578117,http://www.wikidata.org/entity/Q2674,94.0,1999-01-01T00:00:00Z,2002-01-01T00:00:00Z
http://www.wikidata.org/entity/Q580670,http://www.wikidata.org/entity/Q1900,154.0,1998-01-01T00:00:00Z,2006-01-01T00:00:00Z
http://www.wikidata.org/entity/Q580670,http://www.wikidata.org/entity/Q1886,5.0,2006-01-01T00:00:00Z,2007-01-01T00:00:00Z
http://www.wikidata.org/entity/Q585058,http://www.wikidata.org/entity/Q2693,7.0,2010-01-01T00:00:00Z,2013-01-01T00:00:00Z
http://www.wikidata.org/entity/Q585136,http://www.wikidata.org/entity/Q2074,12.0,2013-01-01T00:00:00Z,2014-01-01T00:00:00Z
http://www.wikidata.org/entity/Q382074,http://www.wikidata.org/entity/Q1543,52.0,2000-01-01T00:00:00Z,2003-01-01T00:00:00Z
http://www.wikidata.org/entity/Q382159,http://www.wikidata.org/entity/Q2037,0.0,2004-01-01T00:00:00Z,2005-01-01T00:00:00Z
http://www.wikidata.org/entity/Q382168,http://www.wikidata.org/entity/Q2037,79.0,2010-01-01T00:00:00Z,2013-01-01T00:00:00Z
http://www.wikidata.org/entity/Q382168,http://www.wikidata.org/entity/Q631,10.0,2013-01-01T00:00:00Z,2015-01-01T00:00:00Z
http://www.wikidata.org/entity/Q382168,http://www.wikidata.org/entity/Q631,7.0,2005-01-01T00:00:00Z,2007-01-01T00:00:00Z
http://www.wikidata.org/entity/Q382193,http://www.wikidata.org/entity/Q1422,261.0,1994-01-01T00:00:00Z,2007-01-01T00:00:00Z
http://www.wikidata.org/entity/Q382291,http://www.wikidata.org/entity/Q1893,31.0,2011-01-01T00:00:00Z,2015-01-01T00:00:00Z
http://www.wikidata.org/entity/Q382291,http://www.wikidata.org/entity/Q2037,7.0,2011-01-01T00:00:00Z,2011-01-01T00:00:00Z
http://www.wikidata.org/entity/Q382804,http://www.wikidata.org/entity/Q2037,170.0,1997-01-01T00:00:00Z,2007-01-01T00:00:00Z
http://www.wikidata.org/entity/Q3845120,http://www.wikidata.org/entity/Q2052,32.0,2002-01-01T00:00:00Z,2003-01-01T00:00:00Z
http://www.wikidata.org/entity/Q3845472,http://www.wikidata.org/entity/Q2074,1.0,2008-01-01T00:00:00Z,2011-01-01T00:00:00Z
http://www.wikidata.org/entity/Q3845592,http://www.wikidata.org/entity/Q2609,3.0,1998-01-01T00:00:00Z,2001-01-01T00:00:00Z
http://www.wikidata.org/entity/Q3845592,http://www.wikidata.org/entity/Q2710,29.0,2000-01-01T00:00:00Z,2001-01-01T00:00:00Z
http://www.wikidata.org/entity/Q3845600,http://www.wikidata.org/entity/Q2018,3.0,2007-01-01T00:00:00Z,2009-01-01T00:00:00Z
http://www.wikidata.org/entity/Q3845710,http://www.wikidata.org/entity/Q631,261.0,2015-01-01T00:00:00Z,2023-07-03T00:00:00Z
http://www.wikidata.org/entity/Q3845912,http://www.wikidata.org/entity/Q2674,32.0,2001-01-01T00:00:00Z,2002-01-01T00:00:00Z
http://www.wikidata.org/entity/Q3846045,http://www.wikidata.org/entity/Q1893,0.0,2015-01-01T00:00:00Z,2015-01-01T00:00:00Z
http://www.wikidata.org/entity/Q3846184,http://www.wikidata.org/entity/Q1422,0.0,2000-01-01T00:00:00Z,2001-01-01T00:00:00Z
http://www.wikidata.org/entity/Q3846249,http://www.wikidata.org/entity/Q1900,0.0,2011-01-01T00:00:00Z,2012-01-01T00:00:00Z
http://www.wikidata.org/entity/Q3846249,http://www.wikidata.org/entity/Q1900,13.0,2006-01-01T00:00:00Z,2010-01-01T00:00:00Z
http://www.wikidata.org/entity/Q3846311,http://www.wikidata.org/entity/Q1886,48.0,1999-01-01T00:00:00Z,2001-01-01T00:00:00Z
http://www.wikidata.org/entity/Q3846311,http://www.wikidata.org/entity/Q2074,189.0,1988-01-01T00:00:00Z,1999-01-01T00:00:00Z
http://www.wikidata.org/entity/Q3846351,http://www.wikidata.org/entity/Q2074,17.0,1998-01-01T00:00:00Z,1999-01-01T00:00:00Z
http://www.wikidata.org/entity/Q3846401,http://www.wikidata.org/entity/Q2074,1.0,2000-01-01T00:00:00Z,2000-01-01T00:00:00Z
http://www.wikidata.org/entity/Q3846401,http://www.wikidata.org/entity/Q2641,14.0,2001-01-01T00:00:00Z,2004-01-01T00:00:00Z
http://www.wikidata.org/entity/Q3846401,http://www.wikidata.org/entity/Q2674,4.0,2000-01-01T00:00:00Z,2001-01-01T00:00:00Z
http://www.wikidata.org/entity/Q3846424,http://www.wikidata.org/entity/Q2052,3.0,2004-01-01T00:00:00Z,2006-01-01T00:00:00Z
http://www.wikidata.org/entity/Q3846424,http://www.wikidata.org/entity/Q2641,0.0,2001-01-01T00:00:00Z,2002-01-01T00:00:00Z
http://www.wikidata.org/entity/Q3846430,http://www.wikidata.org/entity/Q2052,0.0,2011-01-01T00:00:00Z,2012-01-01T00:00:00Z
http://www.wikidata.org/entity/Q3846465,http://www.wikidata.org/entity/Q2710,18.0,2015-01-01T00:00:00Z,2015-01-01T00:00:00Z
http://www.wikidata.org/entity/Q3846465,http://www.wikidata.org/entity/Q2710,110.0,2009-01-01T00:00:00Z,2012-01-01T00:00:00Z
http://www.wikidata.org/entity/Q3846465,http://www.wikidata.org/entity/Q2710,29.0,2007-01-01T00:00:00Z,2008-01-01T00:00:00Z
http://www.wikidata.org/entity/Q3846504,http://www.wikidata.org/entity/Q2710,25.0,2008-01-01T00:00:00Z,2009-01-01T00:00:00Z
http://www.wikidata.org/entity/Q3846504,http://www.wikidata.org/entity/Q2710,41.0,2003-01-01T00:00:00Z,2004-01-01T00:00:00Z
http://www.wikidata.org/entity/Q3846504,http://www.wikidata.org/entity/Q2710,27.0,2001-01-01T00:00:00Z,2002-01-01T00:00:00Z
http://www.wikidata.org/entity/Q3846569,http://www.wikidata.org/entity/Q2037,20.0,1998-01-01T00:00:00Z,2003-01-01T00:00:00Z
http://www.wikidata.org/entity/Q3852154,http://www.wikidata.org/entity/Q2693,1.0,2006-01-01T00:00:00Z,2011-01-01T00:00:00Z
http://www.wikidata.org/entity/Q3852180,http://www.wikidata.org/entity/Q2037,21.0,1998-01-01T00:00:00Z,1999-01-01T00:00:00Z
http://www.wikidata.org/entity/Q3852180,http://www.wikidata.org/entity/Q2674,20.0,2002-01-01T00:00:00Z,2003-01-01T00:00:00Z
http://www.wikidata.org/entity/Q3852220,http://www.wikidata.org/entity/Q1886,3.0,2011-01-01T00:00:00Z,2015-01-01T00:00:00Z
http://www.wikidata.org/entity/Q3852237,http://www.wikidata.org/entity/Q2641,30.0,2001-01-01T00:00:00Z,2003-01-01T00:00:00Z
http://www.wikidata.org/entity/Q3852237,http://www.wikidata.org/entity/Q1900,264.0,1991-01-01T00:00:00Z,2001-01-01T00:00:00Z
http://www.wikidata.org/entity/Q3852304,http://www.wikidata.org/entity/Q1543,0.0,1999-01-01T00:00:00Z,2006-01-01T00:00:00Z
http://www.wikidata.org/entity/Q3852304,http://www.wikidata.org/entity/Q2641,25.0,2001-01-01T00:00:00Z,2002-01-01T00:00:00Z
http://www.wikidata.org/entity/Q3852304,http://www.wikidata.org/entity/Q2052,40.0,2003-01-01T00:00:00Z,2004-01-01T00:00:00Z
http://www.wikidata.org/entity/Q3852307,http://www.wikidata.org/entity/Q2037,5.0,2006-01-01T00:00:00Z,2007-01-01T00:00:00Z
http://www.wikidata.org/entity/Q3852307,http://www.wikidata.org/entity/Q2037,10.0,2004-01-01T00:00:00Z,2005-01-01T00:00:00Z
http://www.wikidata.org/entity/Q3852307,http://www.wikidata.org/entity/Q1457,8.0,2006-01-01T00:00:00Z,2006-01-01T00:00:00Z
http://www.wikidata.org/entity/Q3852577,http://www.wikidata.org/entity/Q2037,332.0,1988-01-01T00:00:00Z,2003-01-01T00:00:00Z
http://www.wikidata.org/entity/Q3856169,http://www.wikidata.org/entity/Q1886,1.0,2008-01-01T00:00:00Z,2009-01-01T00:00:00Z
http://www.wikidata.org/entity/Q3856451,http://www.wikidata.org/entity/Q2052,22.0,2002-01-01T00:00:00Z,2004-01-01T00:00:00Z
http://www.wikidata.org/entity/Q3856451,http://www.wikidata.org/entity/Q2609,0.0,2001-01-01T00:00:00Z,2002-01-01T00:00:00Z
http://www.wikidata.org/entity/Q3856451,http://www.wikidata.org/entity/Q2018,21.0,2001-01-01T00:00:00Z,2002-01-01T00:00:00Z
http://www.wikidata.org/entity/Q3856568,http://www.wikidata.org/entity/Q1886,24.0,1998-01-01T00:00:00Z,2000-01-01T00:00:00Z
http://www.wikidata.org/entity/Q3856568,http://www.wikidata.org/entity/Q2052,6.0,2003-01-01T00:00:00Z,2004-01-01T00:00:00Z
http://www.wikidata.org/entity/Q51389133,http://www.wikidata.org/entity/Q2641,30.0,2024-01-01T00:00:00Z,
http://www.wikidata.org/entity/Q52158000,http://www.wikidata.org/entity/Q2074,84.0,2022-01-01T00:00:00Z,
http://www.wikidata.org/entity/Q357285,http://www.wikidata.org/entity/Q1893,42.0,2012-01-01T00:00:00Z,2014-01-01T00:00:00Z
http://www.wikidata.org/entity/Q357285,http://www.wikidata.org/entity/Q1422,0.0,2014-01-01T00:00:00Z,2015-01-01T00:00:00Z
http://www.wikidata.org/entity/Q357285,http://www.wikidata.org/entity/Q1422,17.0,2010-01-01T00:00:00Z,2012-01-01T00:00:00Z
http://www.wikidata.org/entity/Q357286,http://www.wikidata.org/entity/Q2074,7.0,2014-01-01T00:00:00Z,2014-01-01T00:00:00Z
http://www.wikidata.org/entity/Q3617139,http://www.wikidata.org/entity/Q2641,29.0,1998-01-01T00:00:00Z,1999-01-01T00:00:00Z
http://www.wikidata.org/entity/Q3619052,http://www.wikidata.org/entity/Q2693,5.0,2009-01-01T00:00:00Z,2009-01-01T00:00:00Z
http://www.wikidata.org/entity/Q3619052,http://www.wikidata.org/entity/Q1900,38.0,2006-01-01T00:00:00Z,2007-01-01T00:00:00Z
http://www.wikidata.org/entity/Q3619052,http://www.wikidata.org/entity/Q1886,21.0,2005-01-01T00:00:00Z,2009-01-01T00:00:00Z
http://www.wikidata.org/entity/Q3619118,http://www.wikidata.org/entity/Q2710,40.0,2013-01-01T00:00:00Z,2014-01-01T00:00:00Z
http://www.wikidata.org/entity/Q3619118,http://www.wikidata.org/entity/Q2074,1.0,2009-01-01T00:00:00Z,2015-01-01T00:00:00Z
http://www.wikidata.org/entity/Q3619473,http://www.wikidata.org/entity/Q2018,20.0,2000-01-01T00:00:00Z,2001-01-01T00:00:00Z
http://www.wikidata.org/entity/Q3619818,http://www.wikidata.org/entity/Q2674,15.0,2002-01-01T00:00:00Z,2003-01-01T00:00:00Z
http://www.wikidata.org/entity/Q3619882,http://www.wikidata.org/entity/Q2710,12.0,2010-01-01T00:00:00Z,2011-01-01T00:00:00Z
http://www.wikidata.org/entity/Q3619882,http://www.wikidata.org/entity/Q2018,19.0,2015-01-01T00:00:00Z,2015-01-01T00:00:00Z
http://www.wikidata.org/entity/Q3620762,http://www.wikidata.org/entity/Q1886,2.0,2002-01-01T00:00:00Z,2003-01-01T00:00:00Z
http://www.wikidata.org/entity/Q2519179,http://www.wikidata.org/entity/Q2037,7.0,2009-01-01T00:00:00Z,2010-01-01T00:00:00Z
http://www.wikidata.org/entity/Q2519179,http://www.wikidata.org/entity/Q2018,55.0,2006-01-01T00:00:00Z,2010-01-01T00:00:00Z
http://www.wikidata.org/entity/Q2521780,http://www.wikidata.org/entity/Q2052,3.0,2006-01-01T00:00:00Z,2010-01-01T00:00:00Z
http://www.wikidata.org/entity/Q2522474,http://www.wikidata.org/entity/Q2052,0.0,2007-01-01T00:00:00Z,2009-01-01T00:00:00Z
http://www.wikidata.org/entity/Q2527464,http://www.wikidata.org/entity/Q2609,8.0,2012-01-01T00:00:00Z,2015-01-01T00:00:00Z
http://www.wikidata.org/entity/Q253348,http://www.wikidata.org/entity/Q2074,27.0,2015-01-01T00:00:00Z,2016-01-01T00:00:00Z
http://www.wikidata.org/entity/Q253348,http://www.wikidata.org/entity/Q2641,86.0,2011-01-01T00:00:00Z,2014-01-01T00:00:00Z
http://www.wikidata.org/entity/Q253348,http://www.wikidata.org/entity/Q2693,30.0,2010-01-01T00:00:00Z,2011-01-01T00:00:00Z
http://www.wikidata.org/entity/Q253348,http://www.wikidata.org/entity/Q2693,19.0,2009-08-01T00:00:00Z,2010-01-01T00:00:00Z
http://www.wikidata.org/entity/Q253576,http://www.wikidata.org/entity/Q2693,0.0,2015-01-01T00:00:00Z,2015-01-01T00:00:00Z
http://www.wikidata.org/entity/Q253576,http://www.wikidata.org/entity/Q2693,0.0,2014-01-01T00:00:00Z,2015-01-01T00:00:00Z
http://www.wikidata.org/entity/Q253576,http://www.wikidata.org/entity/Q2074,22.0,2012-01-01T00:00:00Z,2014-01-01T00:00:00Z
http://www.wikidata.org/entity/Q2540113,http://www.wikidata.org/entity/Q2609,0.0,2004-01-01T00:00:00Z,2006-01-01T00:00:00Z
http://www.wikidata.org/entity/Q2543635,http://www.wikidata.org/entity/Q2693,6.0,1999-01-01T00:00:00Z,2004-01-01T00:00:00Z
http://www.wikidata.org/entity/Q2546619,http://www.wikidata.org/entity/Q631,38.0,1999-01-01T00:00:00Z,2002-01-01T00:00:00Z
http://www.wikidata.org/entity/Q2548011,http://www.wikidata.org/entity/Q2693,124.0,2006-01-01T00:00:00Z,2011-01-01T00:00:00Z
http://www.wikidata.org/entity/Q2548011,http://www.wikidata.org/entity/Q2074,0.0,2005-01-01T00:00:00Z,2006-01-01T00:00:00Z
http://www.wikidata.org/entity/Q2548011,http://www.wikidata.org/entity/Q1422,0.0,1998-01-01T00:00:00Z,1999-01-01T00:00:00Z
http://www.wikidata.org/entity/Q2552013,http://www.wikidata.org/entity/Q2074,2.0,2007-01-01T00:00:00Z,2012-01-01T00:00:00Z
http://www.wikidata.org/entity/Q2557773,http://www.wikidata.org/entity/Q2018,16.0,2014-01-01T00:00:00Z,2015-01-01T00:00:00Z
http://www.wikidata.org/entity/Q2564767,http://www.wikidata.org/entity/Q1886,1.0,2006-01-01T00:00:00Z,2009-01-01T00:00:00Z
http://www.wikidata.org/entity/Q2564767,http://www.wikidata.org/entity/Q2693,5.0,2009-01-01T00:00:00Z,2009-01-01T00:00:00Z
http://www.wikidata.org/entity/Q2564767,http://www.wikidata.org/entity/Q2693,1.0,2009-01-01T00:00:00Z,2013-01-01T00:00:00Z
http://www.wikidata.org/entity/Q2566793,http://www.wikidata.org/entity/Q1543,1.0,2004-01-01T00:00:00Z,2008-01-01T00:00:00Z
http://www.wikidata.org/entity/Q2566793,http://www.wikidata.org/entity/Q1457,0.0,2011-01-01T00:00:00Z,2011-01-01T00:00:00Z
http://www.wikidata.org/entity/Q2568159,http://www.wikidata.org/entity/Q2018,19.0,2013-01-01T00:00:00Z,2015-01-01T00:00:00Z
http://www.wikidata.org/entity/Q2568159,http://www.wikidata.org/entity/Q2710,11.0,2007-01-01T00:00:00Z,2008-01-01T00:00:00Z
http://www.wikidata.org/entity/Q2568159,http://www.wikidata.org/entity/Q2674,1.0,2008-01-01T00:00:00Z,2011-01-01T00:00:00Z
http://www.wikidata.org/entity/Q2568182,http://www.wikidata.org/entity/Q631,1.0,2005-01-01T00:00:00Z,2009-01-01T00:00:00Z
http://www.wikidata.org/entity/Q2574645,http://www.wikidata.org/entity/Q631,0.0,2004-01-01T00:00:00Z,2006-01-01T00:00:00Z
http://www.wikidata.org/entity/Q2577188,http://www.wikidata.org/entity/Q2609,4.0,2008-01-01T00:00:00Z,2015-01-01T00:00:00Z
http://www.wikidata.org/entity/Q2578223,http://www.wikidata.org/entity/Q2037,59.0,2004-01-01T00:00:00Z,2007-01-01T00:00:00Z
http://www.wikidata.org/entity/Q2578223,http://www.wikidata.org/entity/Q1886,83.0,2009-01-01T00:00:00Z,2012-01-01T00:00:00Z
http://www.wikidata.org/entity/Q258115,http://www.wikidata.org/entity/Q631,57.0,1997-01-01T00:00:00Z,1999-01-01T00:00:00Z
http://www.wikidata.org/entity/Q258115,http://www.wikidata.org/entity/Q2609,90.0,1999-01-01T00:00:00Z,2003-01-01T00:00:00Z
http://www.wikidata.org/entity/Q2581454,http://www.wikidata.org/entity/Q2074,39.0,2003-01-01T00:00:00Z,2005-01-01T00:00:00Z
http://www.wikidata.org/entity/Q2581454,http://www.wikidata.org/entity/Q2037,11.0,2002-01-01T00:00:00Z,2002-01-01T00:00:00Z
http://www.wikidata.org/entity/Q2581454,http://www.wikidata.org/entity/Q2609,5.0,2003-01-01T00:00:00Z,2003-01-01T00:00:00Z
http://www.wikidata.org/entity/Q2583761,http://www.wikidata.org/entity/Q2693,0.0,2007-01-01T00:00:00Z,2008-01-01T00:00:00Z
http://www.wikidata.org/entity/Q2584470,http://www.wikidata.org/entity/Q2674,13.0,2002-01-01T00:00:00Z,2003-01-01T00:00:00Z
http://www.wikidata.org/entity/Q2584470,http://www.wikidata.org/entity/Q1893,13.0,2010-01-01T00:00:00Z,2010-01-01T00:00:00Z
http://www.wikidata.org/entity/Q2584470,http://www.wikidata.org/entity/Q2710,19.0,2012-01-01T00:00:00Z,2013-01-01T00:00:00Z
http://www.wikidata.org/entity/Q2584470,http://www.wikidata.org/entity/Q2693,40.0,2011-01-01T00:00:00Z,2013-01-01T00:00:00Z
http://www.wikidata.org/entity/Q2584470,http://www.wikidata.org/entity/Q2074,26.0,2008-01-01T00:00:00Z,2010-01-01T00:00:00Z
http://www.wikidata.org/entity/Q259247,http://www.wikidata.org/entity/Q1886,12.0,2010-01-01T00:00:00Z,2010-01-01T00:00:00Z
http://www.wikidata.org/entity/Q2597433,http://www.wikidata.org/entity/Q1543,12.0,2013-01-01T00:00:00Z,2013-01-01T00:00:00Z
http://www.wikidata.org/entity/Q2601685,http://www.wikidata.org/entity/Q2018,26.0,2008-01-01T00:00:00Z,2014-01-01T00:00:00Z
http://www.wikidata.org/entity/Q2604457,http://www.wikidata.org/entity/Q2674,2.0,2009-01-01T00:00:00Z,2013-01-01T00:00:00Z
http://www.wikidata.org/entity/Q2607430,http://www.wikidata.org/entity/Q2674,52.0,2013-01-01T00:00:00Z,2015-01-01T00:00:00Z
http://www.wikidata.org/entity/Q261534,http://www.wikidata.org/entity/Q631,18.0,2011-01-01T00:00:00Z,2012-01-01T00:00:00Z
http://www.wikidata.org/entity/Q2618473,http://www.wikidata.org/entity/Q2609,37.0,2000-01-01T00:00:00Z,2003-01-01T00:00:00Z
http://www.wikidata.org/entity/Q2626107,http://www.wikidata.org/entity/Q2674,1.0,2010-01-01T00:00:00Z,2012-01-01T00:00:00Z
http://www.wikidata.org/entity/Q262649,http://www.wikidata.org/entity/Q2074,77.0,1998-01-01T00:00:00Z,2001-01-01T00:00:00Z
http://www.wikidata.org/entity/Q26405209,http://www.wikidata.org/entity/Q1886,80.0,2021-01-05T00:00:00Z,2023-01-01T00:00:00Z
http://www.wikidata.org/entity/Q26932598,http://www.wikidata.org/entity/Q631,37.0,2020-01-01T00:00:00Z,2021-01-01T00:00:00Z
http://www.wikidata.org/entity/Q26973015,http://www.wikidata.org/entity/Q1543,91.0,2020-01-01T00:00:00Z,2023-01-01T00:00:00Z
http://www.wikidata.org/entity/Q27049064,http://www.wikidata.org/entity/Q1543,15.0,2025-01-01T00:00:00Z,2025-06-01T00:00:00Z
http://www.wikidata.org/entity/Q27078312,http://www.wikidata.org/entity/Q2693,54.0,2015-01-01T00:00:00Z,2019-01-01T00:00:00Z
http://www.wikidata.org/entity/Q33296979,http://www.wikidata.org/entity/Q1543,29.0,2025-01-01T00:00:00Z,
http://www.wikidata.org/entity/Q3745190,http://www.wikidata.org/entity/Q2052,2.0,2001-01-01T00:00:00Z,2002-01-01T00:00:00Z
http://www.wikidata.org/entity/Q3745200,http://www.wikidata.org/entity/Q2674,72.0,1999-01-01T00:00:00Z,2002-01-01T00:00:00Z
http://www.wikidata.org/entity/Q3745298,http://www.wikidata.org/entity/Q1543,0.0,2003-01-01T00:00:00Z,2008-01-01T00:00:00Z
http://www.wikidata.org/entity/Q3745298,http://www.wikidata.org/entity/Q2693,1.0,2002-01-01T00:00:00Z,2003-01-01T00:00:00Z
http://www.wikidata.org/entity/Q374647,http://www.wikidata.org/entity/Q2074,0.0,2008-01-01T00:00:00Z,2012-01-01T00:00:00Z
http://www.wikidata.org/entity/Q3746491,http://www.wikidata.org/entity/Q2710,10.0,2014-01-01T00:00:00Z,2015-01-01T00:00:00Z
http://www.wikidata.org/entity/Q3750668,http://www.wikidata.org/entity/Q1457,0.0,2007-01-01T00:00:00Z,2012-01-01T00:00:00Z
http://www.wikidata.org/entity/Q3750827,http://www.wikidata.org/entity/Q2074,28.0,2000-01-01T00:00:00Z,2001-01-01T00:00:00Z
http://www.wikidata.org/entity/Q40126643,http://www.wikidata.org/entity/Q2074,5.0,2023-01-26T00:00:00Z,2023-06-01T00:00:00Z
http://www.wikidata.org/entity/Q3770372,http://www.wikidata.org/entity/Q2037,5.0,2007-01-01T00:00:00Z,2007-01-01T00:00:00Z
http://www.wikidata.org/entity/Q3770715,http://www.wikidata.org/entity/Q2074,45.0,2003-01-01T00:00:00Z,2012-01-01T00:00:00Z
http://www.wikidata.org/entity/Q3770715,http://www.wikidata.org/entity/Q2037,8.0,2007-01-01T00:00:00Z,2008-01-01T00:00:00Z
http://www.wikidata.org/entity/Q3771329,http://www.wikidata.org/entity/Q2710,34.0,2013-01-01T00:00:00Z,2014-01-01T00:00:00Z
http://www.wikidata.org/entity/Q3771371,http://www.wikidata.org/entity/Q2018,10.0,2015-01-01T00:00:00Z,2016-01-01T00:00:00Z
http://www.wikidata.org/entity/Q357984,http://www.wikidata.org/entity/Q2641,18.0,2025-01-01T00:00:00Z,
http://www.wikidata.org/entity/Q357650,http://www.wikidata.org/entity/Q2052,15.0,2013-01-01T00:00:00Z,2014-01-01T00:00:00Z
http://www.wikidata.org/entity/Q35851317,http://www.wikidata.org/entity/Q1422,12.0,2025-02-03T00:00:00Z,2025-06-30T00:00:00Z
http://www.wikidata.org/entity/Q359038,http://www.wikidata.org/entity/Q2052,5.0,2015-01-01T00:00:00Z,2016-01-01T00:00:00Z
http://www.wikidata.org/entity/Q3605752,http://www.wikidata.org/entity/Q2018,6.0,2005-01-01T00:00:00Z,2006-01-01T00:00:00Z
http://www.wikidata.org/entity/Q3617470,http://www.wikidata.org/entity/Q2710,28.0,2013-01-01T00:00:00Z,2014-01-01T00:00:00Z
http://www.wikidata.org/entity/Q360588,http://www.wikidata.org/entity/Q1457,15.0,2003-01-01T00:00:00Z,2004-01-01T00:00:00Z
http://www.wikidata.org/entity/Q3607631,http://www.wikidata.org/entity/Q2674,24.0,2001-01-01T00:00:00Z,2002-01-01T00:00:00Z
http://www.wikidata.org/entity/Q3608252,http://www.wikidata.org/entity/Q2674,1.0,2006-01-01T00:00:00Z,2010-01-01T00:00:00Z
http://www.wikidata.org/entity/Q3608427,http://www.wikidata.org/entity/Q2674,1.0,2001-01-01T00:00:00Z,2002-01-01T00:00:00Z
http://www.wikidata.org/entity/Q3608571,http://www.wikidata.org/entity/Q2641,7.0,2004-01-01T00:00:00Z,2005-01-01T00:00:00Z
http://www.wikidata.org/entity/Q3608571,http://www.wikidata.org/entity/Q2641,14.0,2003-01-01T00:00:00Z,2003-01-01T00:00:00Z
http://www.wikidata.org/entity/Q3609211,http://www.wikidata.org/entity/Q2052,83.0,1996-01-01T00:00:00Z,2001-01-01T00:00:00Z
http://www.wikidata.org/entity/Q3609624,http://www.wikidata.org/entity/Q2693,0.0,2013-01-01T00:00:00Z,2015-01-01T00:00:00Z
http://www.wikidata.org/entity/Q3609980,http://www.wikidata.org/entity/Q2641,19.0,2004-01-01T00:00:00Z,2004-01-01T00:00:00Z
http://www.wikidata.org/entity/Q361035,http://www.wikidata.org/entity/Q631,0.0,2004-01-01T00:00:00Z,2005-01-01T00:00:00Z
http://www.wikidata.org/entity/Q3610706,http://www.wikidata.org/entity/Q1422,0.0,2004-01-01T00:00:00Z,2007-01-01T00:00:00Z
http://www.wikidata.org/entity/Q3610712,http://www.wikidata.org/entity/Q1900,7.0,2010-01-01T00:00:00Z,2011-01-01T00:00:00Z
http://www.wikidata.org/entity/Q3610712,http://www.wikidata.org/entity/Q1886,100.0,1997-01-01T00:00:00Z,2004-01-01T00:00:00Z
http://www.wikidata.org/entity/Q3611159,http://www.wikidata.org/entity/Q2609,5.0,2003-01-01T00:00:00Z,2005-01-01T00:00:00Z
http://www.wikidata.org/entity/Q361403,http://www.wikidata.org/entity/Q1893,89.0,2011-01-01T00:00:00Z,2014-01-01T00:00:00Z
http://www.wikidata.org/entity/Q361409,http://www.wikidata.org/entity/Q2693,12.0,1998-01-01T00:00:00Z,1999-01-01T00:00:00Z
http://www.wikidata.org/entity/Q363303,http://www.wikidata.org/entity/Q2074,31.0,2008-01-01T00:00:00Z,2010-01-01T00:00:00Z
http://www.wikidata.org/entity/Q363303,http://www.wikidata.org/entity/Q2052,2.0,2007-01-01T00:00:00Z,2008-01-01T00:00:00Z
http://www.wikidata.org/entity/Q363500,http://www.wikidata.org/entity/Q2641,37.0,2006-01-01T00:00:00Z,2008-01-01T00:00:00Z
http://www.wikidata.org/entity/Q363500,http://www.wikidata.org/entity/Q1886,65.0,2008-01-01T00:00:00Z,2010-01-01T00:00:00Z
http://www.wikidata.org/entity/Q363500,http://www.wikidata.org/entity/Q1893,102.0,2010-01-01T00:00:00Z,2015-01-01T00:00:00Z
http://www.wikidata.org/entity/Q150921,http://www.wikidata.org/entity/Q2052,0.0,2014-01-01T00:00:00Z,2015-01-01T00:00:00Z
http://www.wikidata.org/entity/Q151025,http://www.wikidata.org/entity/Q2052,15.0,2015-01-01T00:00:00Z,2016-01-01T00:00:00Z
http://www.wikidata.org/entity/Q151034,http://www.wikidata.org/entity/Q1543,14.0,2016-01-01T00:00:00Z,2016-08-02T00:00:00Z
http://www.wikidata.org/entity/Q151034,http://www.wikidata.org/entity/Q2074,0.0,2010-01-01T00:00:00Z,2010-01-01T00:00:00Z
http://www.wikidata.org/entity/Q151034,http://www.wikidata.org/entity/Q1543,100.0,2010-01-01T00:00:00Z,2013-01-01T00:00:00Z
http://www.wikidata.org/entity/Q151034,http://www.wikidata.org/entity/Q2052,15.0,2019-07-30T00:00:00Z,2020-06-30T00:00:00Z
http://www.wikidata.org/entity/Q15103777,http://www.wikidata.org/entity/Q2052,35.0,2013-01-01T00:00:00Z,2016-01-01T00:00:00Z
http://www.wikidata.org/entity/Q15110613,http://www.wikidata.org/entity/Q2018,14.0,2014-01-01T00:00:00Z,2015-01-01T00:00:00Z
http://www.wikidata.org/entity/Q15110613,http://www.wikidata.org/entity/Q2018,12.0,2015-01-01T00:00:00Z,2016-01-01T00:00:00Z
http://www.wikidata.org/entity/Q15113616,http://www.wikidata.org/entity/Q1543,25.0,2017-07-01T00:00:00Z,2020-09-10T00:00:00Z
http://www.wikidata.org/entity/Q15117587,http://www.wikidata.org/entity/Q2037,0.0,2013-01-01T00:00:00Z,2014-01-01T00:00:00Z
http://www.wikidata.org/entity/Q151518,http://www.wikidata.org/entity/Q1457,26.0,2014-01-01T00:00:00Z,2015-01-01T00:00:00Z
http://www.wikidata.org/entity/Q151518,http://www.wikidata.org/entity/Q631,3.0,2012-01-01T00:00:00Z,2014-01-01T00:00:00Z
http://www.wikidata.org/entity/Q151853,http://www.wikidata.org/entity/Q1543,39.0,2011-01-01T00:00:00Z,2012-01-01T00:00:00Z
http://www.wikidata.org/entity/Q15214940,http://www.wikidata.org/entity/Q631,21.0,2015-01-01T00:00:00Z,2016-01-01T00:00:00Z
http://www.wikidata.org/entity/Q15220993,http://www.wikidata.org/entity/Q1422,134.0,2017-07-01T00:00:00Z,2022-06-01T00:00:00Z
http://www.wikidata.org/entity/Q15220993,http://www.wikidata.org/entity/Q2052,72.0,2013-01-01T00:00:00Z,2017-07-01T00:00:00Z
http://www.wikidata.org/entity/Q1522184,http://www.wikidata.org/entity/Q2018,60.0,2007-01-01T00:00:00Z,2009-01-01T00:00:00Z
http://www.wikidata.org/entity/Q1522184,http://www.wikidata.org/entity/Q1893,8.0,2009-01-01T00:00:00Z,2009-01-01T00:00:00Z
http://www.wikidata.org/entity/Q1522184,http://www.wikidata.org/entity/Q1893,39.0,2009-01-01T00:00:00Z,2010-01-01T00:00:00Z
http://www.wikidata.org/entity/Q1522184,http://www.wikidata.org/entity/Q2641,14.0,2000-01-01T00:00:00Z,2001-01-01T00:00:00Z
http://www.wikidata.org/entity/Q1522194,http://www.wikidata.org/entity/Q2052,0.0,2008-01-01T00:00:00Z,2009-01-01T00:00:00Z
http://www.wikidata.org/entity/Q1522194,http://www.wikidata.org/entity/Q2052,0.0,2008-01-01T00:00:00Z,2008-01-01T00:00:00Z
http://www.wikidata.org/entity/Q1522194,http://www.wikidata.org/entity/Q2710,21.0,2007-01-01T00:00:00Z,2011-01-01T00:00:00Z
http://www.wikidata.org/entity/Q1523030,http://www.wikidata.org/entity/Q1886,26.0,2016-01-01T00:00:00Z,2017-06-01T00:00:00Z
http://www.wikidata.org/entity/Q1523030,http://www.wikidata.org/entity/Q1886,49.0,2017-06-01T00:00:00Z,2020-08-01T00:00:00Z
http://www.wikidata.org/entity/Q1523030,http://www.wikidata.org/entity/Q2609,38.0,2013-01-01T00:00:00Z,2017-06-01T00:00:00Z
http://www.wikidata.org/entity/Q1523172,http://www.wikidata.org/entity/Q2074,5.0,2012-01-01T00:00:00Z,2013-01-01T00:00:00Z
http://www.wikidata.org/entity/Q1523172,http://www.wikidata.org/entity/Q2674,5.0,2013-01-01T00:00:00Z,2013-01-01T00:00:00Z
http://www.wikidata.org/entity/Q15273217,http://www.wikidata.org/entity/Q2674,27.0,2017-01-01T00:00:00Z,2018-01-01T00:00:00Z
http://www.wikidata.org/entity/Q152844,http://www.wikidata.org/entity/Q2037,26.0,2002-01-01T00:00:00Z,2003-01-01T00:00:00Z
http://www.wikidata.org/entity/Q152844,http://www.wikidata.org/entity/Q1543,91.0,1998-01-01T00:00:00Z,2002-01-01T00:00:00Z
http://www.wikidata.org/entity/Q152897,http://www.wikidata.org/entity/Q1422,3.0,2017-08-01T00:00:00Z,2018-06-01T00:00:00Z
http://www.wikidata.org/entity/Q153002,http://www.wikidata.org/entity/Q2052,219.0,2005-01-01T00:00:00Z,2012-01-01T00:00:00Z
http://www.wikidata.org/entity/Q153002,http://www.wikidata.org/entity/Q1543,129.0,2012-01-01T00:00:00Z,2019-01-01T00:00:00Z
http://www.wikidata.org/entity/Q153002,http://www.wikidata.org/entity/Q1886,73.0,2003-01-01T00:00:00Z,2005-01-01T00:00:00Z
http://www.wikidata.org/entity/Q1533415,http://www.wikidata.org/entity/Q2710,32.0,2008-01-01T00:00:00Z,2011-01-01T00:00:00Z
http://www.wikidata.org/entity/Q1533415,http://www.wikidata.org/entity/Q2052,15.0,2004-01-01T00:00:00Z,2005-01-01T00:00:00Z
http://www.wikidata.org/entity/Q153387,http://www.wikidata.org/entity/Q1422,61.0,2007-01-01T00:00:00Z,2011-01-01T00:00:00Z
http://www.wikidata.org/entity/Q153786,http://www.wikidata.org/entity/Q2052,11.0,2025-07-01T00:00:00Z,2026-01-01T00:00:00Z
http://www.wikidata.org/entity/Q153786,http://www.wikidata.org/entity/Q631,69.0,2021-08-01T00:00:00Z,2023-06-01T00:00:00Z
http://www.wikidata.org/entity/Q1538333,http://www.wikidata.org/entity/Q1886,120.0,2004-01-01T00:00:00Z,2013-01-01T00:00:00Z
http://www.wikidata.org/entity/Q1538683,http://www.wikidata.org/entity/Q2018,14.0,2000-01-01T00:00:00Z,2001-01-01T00:00:00Z
http://www.wikidata.org/entity/Q1538683,http://www.wikidata.org/entity/Q2641,9.0,2005-01-01T00:00:00Z,2005-01-01T00:00:00Z
http://www.wikidata.org/entity/Q1538683,http://www.wikidata.org/entity/Q2641,42.0,2005-01-01T00:00:00Z,2008-01-01T00:00:00Z
http://www.wikidata.org/entity/Q1539223,http://www.wikidata.org/entity/Q2674,57.0,2000-01-01T00:00:00Z,2002-01-01T00:00:00Z
http://www.wikidata.org/entity/Q1539223,http://www.wikidata.org/entity/Q1893,22.0,1998-01-01T00:00:00Z,1999-01-01T00:00:00Z
http://www.wikidata.org/entity/Q213112,http://www.wikidata.org/entity/Q1900,0.0,2019-01-01T00:00:00Z,
http://www.wikidata.org/entity/Q21622039,http://www.wikidata.org/entity/Q2641,168.0,2018-01-01T00:00:00Z,
http://www.wikidata.org/entity/Q25253293,http://www.wikidata.org/entity/Q2641,108.0,2020-09-01T00:00:00Z,2025-07-31T00:00:00Z
http://www.wikidata.org/entity/Q25349789,http://www.wikidata.org/entity/Q1422,0.0,2013-07-01T00:00:00Z,2017-07-01T00:00:00Z
http://www.wikidata.org/entity/Q25409292,http://www.wikidata.org/entity/Q2641,143.0,2019-07-01T00:00:00Z,2023-12-27T00:00:00Z
http://www.wikidata.org/entity/Q26255506,http://www.wikidata.org/entity/Q1543,21.0,2020-01-01T00:00:00Z,2021-01-01T00:00:00Z
http://www.wikidata.org/entity/Q26259982,http://www.wikidata.org/entity/Q1422,117.0,2019-01-01T00:00:00Z,2022-01-01T00:00:00Z
http://www.wikidata.org/entity/Q262649,http://www.wikidata.org/entity/Q2074,34.0,2002-01-01T00:00:00Z,2003-01-01T00:00:00Z
http://www.wikidata.org/entity/Q2628217,http://www.wikidata.org/entity/Q2693,0.0,2009-01-01T00:00:00Z,2011-01-01T00:00:00Z
http://www.wikidata.org/entity/Q2629516,http://www.wikidata.org/entity/Q2674,5.0,2012-01-01T00:00:00Z,2013-01-01T00:00:00Z
http://www.wikidata.org/entity/Q2629575,http://www.wikidata.org/entity/Q1893,1.0,2011-01-01T00:00:00Z,2015-01-01T00:00:00Z
http://www.wikidata.org/entity/Q2629575,http://www.wikidata.org/entity/Q2074,0.0,2011-01-01T00:00:00Z,2011-01-01T00:00:00Z
http://www.wikidata.org/entity/Q2629835,http://www.wikidata.org/entity/Q2037,84.0,2005-01-01T00:00:00Z,2014-01-01T00:00:00Z
http://www.wikidata.org/entity/Q2629835,http://www.wikidata.org/entity/Q2018,30.0,2003-01-01T00:00:00Z,2004-01-01T00:00:00Z
http://www.wikidata.org/entity/Q2629845,http://www.wikidata.org/entity/Q2037,157.0,1996-01-01T00:00:00Z,2004-01-01T00:00:00Z
http://www.wikidata.org/entity/Q2629845,http://www.wikidata.org/entity/Q1893,118.0,2006-01-01T00:00:00Z,2010-01-01T00:00:00Z
http://www.wikidata.org/entity/Q2629845,http://www.wikidata.org/entity/Q1457,12.0,2003-01-01T00:00:00Z,2004-01-01T00:00:00Z
http://www.wikidata.org/entity/Q2629863,http://www.wikidata.org/entity/Q1886,84.0,2006-01-01T00:00:00Z,2011-01-01T00:00:00Z
http://www.wikidata.org/entity/Q2629863,http://www.wikidata.org/entity/Q2609,12.0,2004-01-01T00:00:00Z,2005-01-01T00:00:00Z
http://www.wikidata.org/entity/Q2632002,http://www.wikidata.org/entity/Q2037,1.0,2014-01-01T00:00:00Z,2015-01-01T00:00:00Z
http://www.wikidata.org/entity/Q2633057,http://www.wikidata.org/entity/Q1900,9.0,2011-01-01T00:00:00Z,2014-01-01T00:00:00Z
http://www.wikidata.org/entity/Q2637408,http://www.wikidata.org/entity/Q1457,2.0,2013-01-01T00:00:00Z,2015-01-01T00:00:00Z
http://www.wikidata.org/entity/Q2637408,http://www.wikidata.org/entity/Q2710,36.0,2014-01-01T00:00:00Z,2015-01-01T00:00:00Z
http://www.wikidata.org/entity/Q2637408,http://www.wikidata.org/entity/Q1543,0.0,2013-01-01T00:00:00Z,2013-01-01T00:00:00Z
http://www.wikidata.org/entity/Q263848,http://www.wikidata.org/entity/Q2710,5.0,2013-01-01T00:00:00Z,2014-01-01T00:00:00Z
http://www.wikidata.org/entity/Q263848,http://www.wikidata.org/entity/Q2074,6.0,2012-01-01T00:00:00Z,2013-01-01T00:00:00Z
http://www.wikidata.org/entity/Q2642101,http://www.wikidata.org/entity/Q2674,14.0,2012-01-01T00:00:00Z,2012-01-01T00:00:00Z
http://www.wikidata.org/entity/Q264932,http://www.wikidata.org/entity/Q2674,11.0,2011-01-01T00:00:00Z,2012-01-01T00:00:00Z
http://www.wikidata.org/entity/Q264932,http://www.wikidata.org/entity/Q2074,1.0,2012-01-01T00:00:00Z,2013-01-01T00:00:00Z
http://www.wikidata.org/entity/Q2655527,http://www.wikidata.org/entity/Q2710,50.0,2016-01-01T00:00:00Z,2018-01-01T00:00:00Z
http://www.wikidata.org/entity/Q2655527,http://www.wikidata.org/entity/Q2710,22.0,2022-01-01T00:00:00Z,2023-01-01T00:00:00Z
http://www.wikidata.org/entity/Q2655527,http://www.wikidata.org/entity/Q2710,27.0,2015-01-01T00:00:00Z,2016-01-01T00:00:00Z
http://www.wikidata.org/entity/Q2655527,http://www.wikidata.org/entity/Q2710,1.0,2012-01-01T00:00:00Z,2012-01-01T00:00:00Z
http://www.wikidata.org/entity/Q2656692,http://www.wikidata.org/entity/Q2074,59.0,2000-01-01T00:00:00Z,2002-01-01T00:00:00Z
http://www.wikidata.org/entity/Q2656804,http://www.wikidata.org/entity/Q2674,0.0,2006-01-01T00:00:00Z,2007-01-01T00:00:00Z
http://www.wikidata.org/entity/Q2656804,http://www.wikidata.org/entity/Q2693,11.0,2013-01-01T00:00:00Z,2015-01-01T00:00:00Z
http://www.wikidata.org/entity/Q2656804,http://www.wikidata.org/entity/Q2052,11.0,2011-01-01T00:00:00Z,2012-01-01T00:00:00Z
http://www.wikidata.org/entity/Q2656804,http://www.wikidata.org/entity/Q1457,47.0,2012-01-01T00:00:00Z,2013-01-01T00:00:00Z
http://www.wikidata.org/entity/Q2656804,http://www.wikidata.org/entity/Q2037,0.0,2004-01-01T00:00:00Z,2005-01-01T00:00:00Z
http://www.wikidata.org/entity/Q2659754,http://www.wikidata.org/entity/Q631,2.0,2010-01-01T00:00:00Z,2012-01-01T00:00:00Z
http://www.wikidata.org/entity/Q2660937,http://www.wikidata.org/entity/Q2674,35.0,2010-01-01T00:00:00Z,2013-01-01T00:00:00Z
http://www.wikidata.org/entity/Q2660959,http://www.wikidata.org/entity/Q1457,56.0,2010-01-01T00:00:00Z,2015-01-01T00:00:00Z
http://www.wikidata.org/entity/Q2662455,http://www.wikidata.org/entity/Q2641,4.0,2010-01-01T00:00:00Z,2015-01-01T00:00:00Z
http://www.wikidata.org/entity/Q2667382,http://www.wikidata.org/entity/Q1543,1.0,2006-01-01T00:00:00Z,2008-01-01T00:00:00Z
http://www.wikidata.org/entity/Q2668187,http://www.wikidata.org/entity/Q2609,0.0,2010-01-01T00:00:00Z,2014-01-01T00:00:00Z
http://www.wikidata.org/entity/Q2668470,http://www.wikidata.org/entity/Q2710,1.0,2004-01-01T00:00:00Z,2004-01-01T00:00:00Z
http://www.wikidata.org/entity/Q2668470,http://www.wikidata.org/entity/Q2609,1.0,2007-01-01T00:00:00Z,2012-01-01T00:00:00Z
http://www.wikidata.org/entity/Q2668470,http://www.wikidata.org/entity/Q1457,0.0,2004-01-01T00:00:00Z,2006-01-01T00:00:00Z
http://www.wikidata.org/entity/Q267797,http://www.wikidata.org/entity/Q2674,26.0,2007-01-01T00:00:00Z,2008-01-01T00:00:00Z
http://www.wikidata.org/entity/Q267797,http://www.wikidata.org/entity/Q1886,15.0,2009-01-01T00:00:00Z,2011-01-01T00:00:00Z
http://www.wikidata.org/entity/Q267797,http://www.wikidata.org/entity/Q2018,96.0,2004-01-01T00:00:00Z,2007-01-01T00:00:00Z
http://www.wikidata.org/entity/Q2689047,http://www.wikidata.org/entity/Q2710,0.0,2014-01-01T00:00:00Z,2015-01-01T00:00:00Z
http://www.wikidata.org/entity/Q2702821,http://www.wikidata.org/entity/Q1457,5.0,2012-01-01T00:00:00Z,2014-01-01T00:00:00Z
http://www.wikidata.org/entity/Q270359,http://www.wikidata.org/entity/Q1543,75.0,2006-01-01T00:00:00Z,2010-01-01T00:00:00Z
http://www.wikidata.org/entity/Q270359,http://www.wikidata.org/entity/Q2609,401.0,1992-01-01T00:00:00Z,2004-01-01T00:00:00Z
http://www.wikidata.org/entity/Q270359,http://www.wikidata.org/entity/Q631,49.0,2004-01-01T00:00:00Z,2006-01-01T00:00:00Z
http://www.wikidata.org/entity/Q2706464,http://www.wikidata.org/entity/Q1893,29.0,2000-01-01T00:00:00Z,2001-01-01T00:00:00Z
http://www.wikidata.org/entity/Q2706967,http://www.wikidata.org/entity/Q2037,28.0,2011-01-01T00:00:00Z,2012-01-01T00:00:00Z
http://www.wikidata.org/entity/Q2706967,http://www.wikidata.org/entity/Q1543,0.0,2002-01-01T00:00:00Z,2003-01-01T00:00:00Z
http://www.wikidata.org/entity/Q2706967,http://www.wikidata.org/entity/Q1543,0.0,2006-01-01T00:00:00Z,2007-01-01T00:00:00Z
http://www.wikidata.org/entity/Q2706967,http://www.wikidata.org/entity/Q2037,32.0,2006-01-01T00:00:00Z,2007-01-01T00:00:00Z
http://www.wikidata.org/entity/Q2706967,http://www.wikidata.org/entity/Q2037,39.0,2003-01-01T00:00:00Z,2006-01-01T00:00:00Z
http://www.wikidata.org/entity/Q2706967,http://www.wikidata.org/entity/Q1457,64.0,2007-01-01T00:00:00Z,2012-01-01T00:00:00Z
http://www.wikidata.org/entity/Q2707160,http://www.wikidata.org/entity/Q2693,41.0,2013-01-01T00:00:00Z,2015-01-01T00:00:00Z
http://www.wikidata.org/entity/Q2707160,http://www.wikidata.org/entity/Q2674,31.0,2011-01-01T00:00:00Z,2013-01-01T00:00:00Z
http://www.wikidata.org/entity/Q2707160,http://www.wikidata.org/entity/Q1457,10.0,2015-01-01T00:00:00Z,2015-01-01T00:00:00Z
http://www.wikidata.org/entity/Q2707160,http://www.wikidata.org/entity/Q2693,13.0,2012-01-01T00:00:00Z,2013-01-01T00:00:00Z
http://www.wikidata.org/entity/Q2707274,http://www.wikidata.org/entity/Q2074,47.0,2001-01-01T00:00:00Z,2003-01-01T00:00:00Z
http://www.wikidata.org/entity/Q2707822,http://www.wikidata.org/entity/Q1543,2.0,1998-01-01T00:00:00Z,2000-01-01T00:00:00Z
http://www.wikidata.org/entity/Q270890,http://www.wikidata.org/entity/Q1886,17.0,1999-01-01T00:00:00Z,2000-01-01T00:00:00Z
http://www.wikidata.org/entity/Q2717112,http://www.wikidata.org/entity/Q2693,4.0,2011-01-01T00:00:00Z,2011-01-01T00:00:00Z
http://www.wikidata.org/entity/Q2717112,http://www.wikidata.org/entity/Q1893,29.0,2010-01-01T00:00:00Z,2011-01-01T00:00:00Z
http://www.wikidata.org/entity/Q2717112,http://www.wikidata.org/entity/Q1893,10.0,2012-01-01T00:00:00Z,2012-01-01T00:00:00Z
http://www.wikidata.org/entity/Q2717112,http://www.wikidata.org/entity/Q2037,9.0,2014-01-01T00:00:00Z,2014-01-01T00:00:00Z
http://www.wikidata.org/entity/Q28131394,http://www.wikidata.org/entity/Q2609,106.0,2016-01-01T00:00:00Z,2022-01-01T00:00:00Z
http://www.wikidata.org/entity/Q20883092,http://www.wikidata.org/entity/Q2710,0.0,2014-01-01T00:00:00Z,2015-01-01T00:00:00Z
http://www.wikidata.org/entity/Q20896002,http://www.wikidata.org/entity/Q1886,0.0,2020-01-31T00:00:00Z,2020-08-03T00:00:00Z
http://www.wikidata.org/entity/Q20949147,http://www.wikidata.org/entity/Q1893,0.0,2012-01-01T00:00:00Z,2013-01-01T00:00:00Z
http://www.wikidata.org/entity/Q20949147,http://www.wikidata.org/entity/Q631,0.0,2013-01-01T00:00:00Z,2014-01-01T00:00:00Z
http://www.wikidata.org/entity/Q21005711,http://www.wikidata.org/entity/Q2609,0.0,2019-01-01T00:00:00Z,2022-01-01T00:00:00Z
http://www.wikidata.org/entity/Q21006315,http://www.wikidata.org/entity/Q2674,0.0,2012-01-01T00:00:00Z,2013-01-01T00:00:00Z
http://www.wikidata.org/entity/Q21055304,http://www.wikidata.org/entity/Q1886,0.0,2005-01-01T00:00:00Z,2008-01-01T00:00:00Z
http://www.wikidata.org/entity/Q21055312,http://www.wikidata.org/entity/Q2710,1.0,2013-01-01T00:00:00Z,2014-01-01T00:00:00Z
http://www.wikidata.org/entity/Q21055315,http://www.wikidata.org/entity/Q2037,0.0,2014-01-01T00:00:00Z,2015-01-01T00:00:00Z
http://www.wikidata.org/entity/Q21055370,http://www.wikidata.org/entity/Q2710,0.0,2014-01-01T00:00:00Z,2015-01-01T00:00:00Z
http://www.wikidata.org/entity/Q21066260,http://www.wikidata.org/entity/Q1422,11.0,2022-01-01T00:00:00Z,2023-08-01T00:00:00Z
http://www.wikidata.org/entity/Q21171299,http://www.wikidata.org/entity/Q2052,24.0,2024-08-16T00:00:00Z,2025-06-01T00:00:00Z
http://www.wikidata.org/entity/Q21171299,http://www.wikidata.org/entity/Q2074,83.0,2022-01-01T00:00:00Z,2025-07-01T00:00:00Z
http://www.wikidata.org/entity/Q21286402,http://www.wikidata.org/entity/Q1893,61.0,2019-07-01T00:00:00Z,2021-08-31T00:00:00Z
http://www.wikidata.org/entity/Q21293144,http://www.wikidata.org/entity/Q2052,22.0,2022-01-01T00:00:00Z,2023-01-01T00:00:00Z
http://www.wikidata.org/entity/Q213095,http://www.wikidata.org/entity/Q2037,29.0,2010-08-30T00:00:00Z,2011-06-30T00:00:00Z
http://www.wikidata.org/entity/Q213102,http://www.wikidata.org/entity/Q1457,60.0,2006-01-01T00:00:00Z,2008-01-01T00:00:00Z
http://www.wikidata.org/entity/Q213102,http://www.wikidata.org/entity/Q2052,56.0,2003-01-01T00:00:00Z,2006-01-01T00:00:00Z
http://www.wikidata.org/entity/Q213102,http://www.wikidata.org/entity/Q2641,233.0,2008-01-01T00:00:00Z,2018-01-01T00:00:00Z
http://www.wikidata.org/entity/Q213111,http://www.wikidata.org/entity/Q2693,66.0,2010-01-01T00:00:00Z,2012-01-01T00:00:00Z
http://www.wikidata.org/entity/Q213111,http://www.wikidata.org/entity/Q1422,92.0,2006-01-01T00:00:00Z,2015-01-01T00:00:00Z
http://www.wikidata.org/entity/Q213111,http://www.wikidata.org/entity/Q1457,2.0,2022-01-01T00:00:00Z,2022-01-01T00:00:00Z
http://www.wikidata.org/entity/Q213112,http://www.wikidata.org/entity/Q1543,15.0,2013-01-01T00:00:00Z,2015-01-01T00:00:00Z
http://www.wikidata.org/entity/Q213112,http://www.wikidata.org/entity/Q2074,9.0,2011-01-01T00:00:00Z,2013-01-01T00:00:00Z
http://www.wikidata.org/entity/Q213112,http://www.wikidata.org/entity/Q2037,35.0,2014-01-01T00:00:00Z,2015-01-01T00:00:00Z
http://www.wikidata.org/entity/Q213427,http://www.wikidata.org/entity/Q1422,49.0,2019-07-01T00:00:00Z,2022-07-26T00:00:00Z
http://www.wikidata.org/entity/Q213546,http://www.wikidata.org/entity/Q2693,20.0,2015-01-15T00:00:00Z,2015-06-30T00:00:00Z
http://www.wikidata.org/entity/Q213546,http://www.wikidata.org/entity/Q2074,5.0,2004-08-01T00:00:00Z,2006-01-01T00:00:00Z
http://www.wikidata.org/entity/Q213546,http://www.wikidata.org/entity/Q1543,74.0,2011-01-01T00:00:00Z,2016-01-01T00:00:00Z
http://www.wikidata.org/entity/Q213546,http://www.wikidata.org/entity/Q1422,32.0,2007-01-01T00:00:00Z,2008-01-01T00:00:00Z
http://www.wikidata.org/entity/Q213546,http://www.wikidata.org/entity/Q2674,106.0,2008-01-01T00:00:00Z,2011-01-01T00:00:00Z
http://www.wikidata.org/entity/Q213546,http://www.wikidata.org/entity/Q1422,0.0,2002-01-01T00:00:00Z,2004-01-01T00:00:00Z
http://www.wikidata.org/entity/Q213828,http://www.wikidata.org/entity/Q1543,458.0,1986-01-01T00:00:00Z,2007-01-01T00:00:00Z
http://www.wikidata.org/entity/Q214117,http://www.wikidata.org/entity/Q2609,5.0,2014-01-01T00:00:00Z,2014-06-01T00:00:00Z
http://www.wikidata.org/entity/Q2148142,http://www.wikidata.org/entity/Q1893,113.0,2015-07-01T00:00:00Z,2022-09-01T00:00:00Z
http://www.wikidata.org/entity/Q2148142,http://www.wikidata.org/entity/Q631,4.0,2012-01-01T00:00:00Z,2015-01-01T00:00:00Z
http://www.wikidata.org/entity/Q2148142,http://www.wikidata.org/entity/Q1893,11.0,2015-01-01T00:00:00Z,2015-06-01T00:00:00Z
http://www.wikidata.org/entity/Q214898,http://www.wikidata.org/entity/Q631,33.0,2012-01-01T00:00:00Z,2014-01-01T00:00:00Z
http://www.wikidata.org/entity/Q214903,http://www.wikidata.org/entity/Q631,23.0,2019-07-01T00:00:00Z,2020-09-01T00:00:00Z
http://www.wikidata.org/entity/Q214903,http://www.wikidata.org/entity/Q1900,39.0,2020-09-01T00:00:00Z,2022-01-01T00:00:00Z
http://www.wikidata.org/entity/Q2151290,http://www.wikidata.org/entity/Q631,0.0,2008-01-01T00:00:00Z,2011-01-01T00:00:00Z
http://www.wikidata.org/entity/Q215431,http://www.wikidata.org/entity/Q2052,0.0,2002-01-01T00:00:00Z,2002-01-01T00:00:00Z
http://www.wikidata.org/entity/Q215463,http://www.wikidata.org/entity/Q1457,71.0,2011-01-01T00:00:00Z,2015-01-01T00:00:00Z
http://www.wikidata.org/entity/Q215527,http://www.wikidata.org/entity/Q631,8.0,2007-01-01T00:00:00Z,2007-01-01T00:00:00Z
http://www.wikidata.org/entity/Q215527,http://www.wikidata.org/entity/Q1457,1.0,2003-01-01T00:00:00Z,2004-01-01T00:00:00Z
http://www.wikidata.org/entity/Q215527,http://www.wikidata.org/entity/Q1457,36.0,2006-01-01T00:00:00Z,2007-01-01T00:00:00Z
http://www.wikidata.org/entity/Q215527,http://www.wikidata.org/entity/Q1457,116.0,2008-01-01T00:00:00Z,2011-01-01T00:00:00Z
http://www.wikidata.org/entity/Q215831,http://www.wikidata.org/entity/Q1543,1.0,1999-01-01T00:00:00Z,2004-01-01T00:00:00Z
http://www.wikidata.org/entity/Q2159204,http://www.wikidata.org/entity/Q1422,0.0,1999-01-01T00:00:00Z,2003-01-01T00:00:00Z
http://www.wikidata.org/entity/Q2159204,http://www.wikidata.org/entity/Q2037,14.0,2008-01-01T00:00:00Z,2010-01-01T00:00:00Z
http://www.wikidata.org/entity/Q215952,http://www.wikidata.org/entity/Q1422,67.0,2004-01-01T00:00:00Z,2006-01-01T00:00:00Z
http://www.wikidata.org/entity/Q215952,http://www.wikidata.org/entity/Q1543,27.0,2007-01-01T00:00:00Z,2009-01-01T00:00:00Z
http://www.wikidata.org/entity/Q216142,http://www.wikidata.org/entity/Q1543,48.0,2014-01-01T00:00:00Z,2016-01-01T00:00:00Z
http://www.wikidata.org/entity/Q21622081,http://www.wikidata.org/entity/Q2037,36.0,2020-09-01T00:00:00Z,2021-07-01T00:00:00Z
http://www.wikidata.org/entity/Q21622315,http://www.wikidata.org/entity/Q631,0.0,2010-07-01T00:00:00Z,2014-07-01T00:00:00Z
http://www.wikidata.org/entity/Q21622315,http://www.wikidata.org/entity/Q1893,0.0,2014-07-01T00:00:00Z,2017-08-01T00:00:00Z
http://www.wikidata.org/entity/Q21622362,http://www.wikidata.org/entity/Q2018,1.0,2016-01-01T00:00:00Z,2016-01-01T00:00:00Z
http://www.wikidata.org/entity/Q21622362,http://www.wikidata.org/entity/Q1543,0.0,2015-01-01T00:00:00Z,2017-01-01T00:00:00Z
http://www.wikidata.org/entity/Q2162463,http://www.wikidata.org/entity/Q1886,108.0,2003-01-01T00:00:00Z,2006-01-01T00:00:00Z
http://www.wikidata.org/entity/Q2162463,http://www.wikidata.org/entity/Q2037,119.0,2006-01-01T00:00:00Z,2011-01-01T00:00:00Z
http://www.wikidata.org/entity/Q216557,http://www.wikidata.org/entity/Q2052,5.0,2013-01-01T00:00:00Z,2013-01-01T00:00:00Z
http://www.wikidata.org/entity/Q216557,http://www.wikidata.org/entity/Q1422,71.0,2008-01-01T00:00:00Z,2011-01-01T00:00:00Z
http://www.wikidata.org/entity/Q216917,http://www.wikidata.org/entity/Q2609,70.0,2001-01-01T00:00:00Z,2004-01-01T00:00:00Z
http://www.wikidata.org/entity/Q216917,http://www.wikidata.org/entity/Q1543,42.0,2004-01-01T00:00:00Z,2006-01-01T00:00:00Z
http://www.wikidata.org/entity/Q217089,http://www.wikidata.org/entity/Q2609,2.0,2016-01-01T00:00:00Z,2017-01-01T00:00:00Z
http://www.wikidata.org/entity/Q217215,http://www.wikidata.org/entity/Q2037,82.0,2005-01-01T00:00:00Z,2008-01-01T00:00:00Z
http://www.wikidata.org/entity/Q217215,http://www.wikidata.org/entity/Q631,9.0,2008-01-01T00:00:00Z,2011-01-01T00:00:00Z
http://www.wikidata.org/entity/Q217215,http://www.wikidata.org/entity/Q2037,10.0,2014-01-01T00:00:00Z,2014-01-01T00:00:00Z
http://www.wikidata.org/entity/Q217389,http://www.wikidata.org/entity/Q2074,24.0,2003-01-01T00:00:00Z,2005-01-01T00:00:00Z
http://www.wikidata.org/entity/Q217389,http://www.wikidata.org/entity/Q2609,65.0,2005-01-01T00:00:00Z,2008-01-01T00:00:00Z
http://www.wikidata.org/entity/Q217389,http://www.wikidata.org/entity/Q2641,54.0,2012-01-01T00:00:00Z,2014-01-01T00:00:00Z
http://www.wikidata.org/entity/Q217389,http://www.wikidata.org/entity/Q2074,53.0,2020-01-01T00:00:00Z,2022-01-01T00:00:00Z
http://www.wikidata.org/entity/Q217389,http://www.wikidata.org/entity/Q2052,48.0,2011-01-01T00:00:00Z,2012-01-01T00:00:00Z
http://www.wikidata.org/entity/Q217482,http://www.wikidata.org/entity/Q631,87.0,1996-01-01T00:00:00Z,1999-01-01T00:00:00Z
http://www.wikidata.org/entity/Q217507,http://www.wikidata.org/entity/Q2710,22.0,2012-01-01T00:00:00Z,2013-01-01T00:00:00Z
http://www.wikidata.org/entity/Q218098,http://www.wikidata.org/entity/Q1543,13.0,1997-01-01T00:00:00Z,1999-01-01T00:00:00Z
http://www.wikidata.org/entity/Q218561,http://www.wikidata.org/entity/Q2018,21.0,2013-01-01T00:00:00Z,2015-01-01T00:00:00Z
http://www.wikidata.org/entity/Q218680,http://www.wikidata.org/entity/Q2693,12.0,2011-01-01T00:00:00Z,2013-01-01T00:00:00Z
http://www.wikidata.org/entity/Q218680,http://www.wikidata.org/entity/Q2693,13.0,2021-02-01T00:00:00Z,2021-06-01T00:00:00Z
http://www.wikidata.org/entity/Q218680,http://www.wikidata.org/entity/Q2018,15.0,2005-01-01T00:00:00Z,2005-01-01T00:00:00Z
http://www.wikidata.org/entity/Q218680,http://www.wikidata.org/entity/Q1457,16.0,2012-01-01T00:00:00Z,2012-06-01T00:00:00Z
http://www.wikidata.org/entity/Q31664,http://www.wikidata.org/entity/Q1457,127.0,2007-01-01T00:00:00Z,2011-01-01T00:00:00Z
http://www.wikidata.org/entity/Q31664,http://www.wikidata.org/entity/Q1457,15.0,2007-01-01T00:00:00Z,2007-01-01T00:00:00Z
http://www.wikidata.org/entity/Q3733390,http://www.wikidata.org/entity/Q2609,3.0,2004-01-01T00:00:00Z,2005-01-01T00:00:00Z
http://www.wikidata.org/entity/Q3735231,http://www.wikidata.org/entity/Q2674,9.0,2002-01-01T00:00:00Z,2005-01-01T00:00:00Z
http://www.wikidata.org/entity/Q3737721,http://www.wikidata.org/entity/Q1886,156.0,1995-01-01T00:00:00Z,2001-01-01T00:00:00Z
http://www.wikidata.org/entity/Q3738057,http://www.wikidata.org/entity/Q2074,66.0,2000-01-01T00:00:00Z,2002-01-01T00:00:00Z
http://www.wikidata.org/entity/Q3741684,http://www.wikidata.org/entity/Q2037,239.0,1997-01-01T00:00:00Z,2008-01-01T00:00:00Z
http://www.wikidata.org/entity/Q3741690,http://www.wikidata.org/entity/Q2609,0.0,1999-01-01T00:00:00Z,1999-01-01T00:00:00Z
http://www.wikidata.org/entity/Q3741739,http://www.wikidata.org/entity/Q2710,92.0,2002-01-01T00:00:00Z,2005-01-01T00:00:00Z
http://www.wikidata.org/entity/Q3741739,http://www.wikidata.org/entity/Q2710,64.0,1999-01-01T00:00:00Z,2001-01-01T00:00:00Z
http://www.wikidata.org/entity/Q3741814,http://www.wikidata.org/entity/Q2052,0.0,2008-01-01T00:00:00Z,2011-01-01T00:00:00Z
http://www.wikidata.org/entity/Q3742148,http://www.wikidata.org/entity/Q2609,2.0,2001-01-01T00:00:00Z,2003-01-01T00:00:00Z
http://www.wikidata.org/entity/Q3742148,http://www.wikidata.org/entity/Q2052,20.0,2002-01-01T00:00:00Z,2003-01-01T00:00:00Z
http://www.wikidata.org/entity/Q3742702,http://www.wikidata.org/entity/Q1543,0.0,2006-01-01T00:00:00Z,2007-01-01T00:00:00Z
http://www.wikidata.org/entity/Q3094280,http://www.wikidata.org/entity/Q2641,36.0,2005-01-01T00:00:00Z,2006-01-01T00:00:00Z
http://www.wikidata.org/entity/Q3094280,http://www.wikidata.org/entity/Q2052,25.0,2004-01-01T00:00:00Z,2004-01-01T00:00:00Z
http://www.wikidata.org/entity/Q309662,http://www.wikidata.org/entity/Q1893,128.0,2010-01-01T00:00:00Z,2015-01-01T00:00:00Z
http://www.wikidata.org/entity/Q309731,http://www.wikidata.org/entity/Q1543,4.0,2006-01-01T00:00:00Z,2006-01-01T00:00:00Z
http://www.wikidata.org/entity/Q309731,http://www.wikidata.org/entity/Q2693,39.0,1999-01-01T00:00:00Z,2001-01-01T00:00:00Z
http://www.wikidata.org/entity/Q309762,http://www.wikidata.org/entity/Q1543,81.0,2008-01-01T00:00:00Z,2013-01-01T00:00:00Z
http://www.wikidata.org/entity/Q309762,http://www.wikidata.org/entity/Q2710,22.0,2005-01-01T00:00:00Z,2005-01-01T00:00:00Z
http://www.wikidata.org/entity/Q309762,http://www.wikidata.org/entity/Q2074,33.0,2013-01-01T00:00:00Z,2015-01-01T00:00:00Z
http://www.wikidata.org/entity/Q309762,http://www.wikidata.org/entity/Q1457,3.0,2003-01-01T00:00:00Z,2007-01-01T00:00:00Z
http://www.wikidata.org/entity/Q309762,http://www.wikidata.org/entity/Q1543,0.0,2001-01-01T00:00:00Z,2003-01-01T00:00:00Z
http://www.wikidata.org/entity/Q309778,http://www.wikidata.org/entity/Q1886,24.0,2013-01-01T00:00:00Z,2014-01-01T00:00:00Z
http://www.wikidata.org/entity/Q309778,http://www.wikidata.org/entity/Q2037,63.0,2008-01-01T00:00:00Z,2010-01-01T00:00:00Z
http://www.wikidata.org/entity/Q309778,http://www.wikidata.org/entity/Q1543,38.0,2010-01-01T00:00:00Z,2013-01-01T00:00:00Z
http://www.wikidata.org/entity/Q310034,http://www.wikidata.org/entity/Q2641,12.0,2010-01-01T00:00:00Z,2012-01-01T00:00:00Z
http://www.wikidata.org/entity/Q310034,http://www.wikidata.org/entity/Q2693,45.0,2008-01-01T00:00:00Z,2012-01-01T00:00:00Z
http://www.wikidata.org/entity/Q310406,http://www.wikidata.org/entity/Q1457,0.0,2007-01-01T00:00:00Z,2007-01-01T00:00:00Z
http://www.wikidata.org/entity/Q310406,http://www.wikidata.org/entity/Q1457,0.0,2006-01-01T00:00:00Z,2007-01-01T00:00:00Z
http://www.wikidata.org/entity/Q3105228,http://www.wikidata.org/entity/Q2018,5.0,2006-01-01T00:00:00Z,2007-01-01T00:00:00Z
http://www.wikidata.org/entity/Q3105228,http://www.wikidata.org/entity/Q1886,10.0,2002-01-01T00:00:00Z,2002-01-01T00:00:00Z
http://www.wikidata.org/entity/Q3105228,http://www.wikidata.org/entity/Q2693,19.0,2000-01-01T00:00:00Z,2004-01-01T00:00:00Z
http://www.wikidata.org/entity/Q310548,http://www.wikidata.org/entity/Q2074,18.0,2021-01-01T00:00:00Z,2021-06-01T00:00:00Z
http://www.wikidata.org/entity/Q310548,http://www.wikidata.org/entity/Q2074,30.0,2022-08-01T00:00:00Z,2023-06-01T00:00:00Z
http://www.wikidata.org/entity/Q310548,http://www.wikidata.org/entity/Q2074,27.0,2023-07-01T00:00:00Z,2024-06-01T00:00:00Z
http://www.wikidata.org/entity/Q310548,http://www.wikidata.org/entity/Q1900,10.0,2021-07-01T00:00:00Z,2022-06-01T00:00:00Z
http://www.wikidata.org/entity/Q310559,http://www.wikidata.org/entity/Q1893,11.0,2013-01-01T00:00:00Z,2014-01-01T00:00:00Z
http://www.wikidata.org/entity/Q310602,http://www.wikidata.org/entity/Q2018,14.0,2012-01-01T00:00:00Z,2013-01-01T00:00:00Z
http://www.wikidata.org/entity/Q310602,http://www.wikidata.org/entity/Q2018,83.0,2006-01-01T00:00:00Z,2011-01-01T00:00:00Z
http://www.wikidata.org/entity/Q310635,http://www.wikidata.org/entity/Q1893,127.0,2017-01-01T00:00:00Z,2021-01-01T00:00:00Z
http://www.wikidata.org/entity/Q310635,http://www.wikidata.org/entity/Q2074,90.0,2009-01-01T00:00:00Z,2012-01-01T00:00:00Z
http://www.wikidata.org/entity/Q310635,http://www.wikidata.org/entity/Q631,140.0,2012-01-01T00:00:00Z,2017-01-01T00:00:00Z
http://www.wikidata.org/entity/Q310671,http://www.wikidata.org/entity/Q1457,411.0,2002-01-01T00:00:00Z,2017-07-01T00:00:00Z
http://www.wikidata.org/entity/Q310671,http://www.wikidata.org/entity/Q2052,10.0,2001-01-01T00:00:00Z,2002-01-01T00:00:00Z
http://www.wikidata.org/entity/Q310671,http://www.wikidata.org/entity/Q631,3.0,2012-01-01T00:00:00Z,2012-01-01T00:00:00Z
http://www.wikidata.org/entity/Q310677,http://www.wikidata.org/entity/Q1543,0.0,2010-01-01T00:00:00Z,2012-01-01T00:00:00Z
http://www.wikidata.org/entity/Q310730,http://www.wikidata.org/entity/Q2037,22.0,2002-01-01T00:00:00Z,2006-01-01T00:00:00Z
http://www.wikidata.org/entity/Q310730,http://www.wikidata.org/entity/Q2074,24.0,2001-01-01T00:00:00Z,2002-01-01T00:00:00Z
http://www.wikidata.org/entity/Q310737,http://www.wikidata.org/entity/Q2693,30.0,2009-01-01T00:00:00Z,2010-01-01T00:00:00Z
http://www.wikidata.org/entity/Q310737,http://www.wikidata.org/entity/Q2693,31.0,2010-01-01T00:00:00Z,2011-01-01T00:00:00Z
http://www.wikidata.org/entity/Q310737,http://www.wikidata.org/entity/Q2052,36.0,2005-01-01T00:00:00Z,2007-01-01T00:00:00Z
http://www.wikidata.org/entity/Q310737,http://www.wikidata.org/entity/Q1422,0.0,2006-01-01T00:00:00Z,2007-01-01T00:00:00Z
http://www.wikidata.org/entity/Q310965,http://www.wikidata.org/entity/Q2693,92.0,2004-01-01T00:00:00Z,2007-01-01T00:00:00Z
http://www.wikidata.org/entity/Q311043,http://www.wikidata.org/entity/Q1886,9.0,2015-01-01T00:00:00Z,2015-01-01T00:00:00Z
http://www.wikidata.org/entity/Q311335,http://www.wikidata.org/entity/Q631,2.0,1999-01-01T00:00:00Z,1999-01-01T00:00:00Z
http://www.wikidata.org/entity/Q311335,http://www.wikidata.org/entity/Q631,2.0,1999-01-01T00:00:00Z,2000-01-01T00:00:00Z
http://www.wikidata.org/entity/Q311368,http://www.wikidata.org/entity/Q2052,68.0,2015-01-01T00:00:00Z,2018-06-01T00:00:00Z
http://www.wikidata.org/entity/Q311368,http://www.wikidata.org/entity/Q1543,31.0,2017-08-01T00:00:00Z,2018-06-01T00:00:00Z
http://www.wikidata.org/entity/Q311391,http://www.wikidata.org/entity/Q2074,20.0,2012-01-01T00:00:00Z,2013-01-01T00:00:00Z
http://www.wikidata.org/entity/Q311391,http://www.wikidata.org/entity/Q2052,147.0,2008-01-01T00:00:00Z,2015-01-01T00:00:00Z
http://www.wikidata.org/entity/Q311391,http://www.wikidata.org/entity/Q2018,69.0,2006-01-01T00:00:00Z,2008-01-01T00:00:00Z
http://www.wikidata.org/entity/Q29339,http://www.wikidata.org/entity/Q631,8.0,2008-01-01T00:00:00Z,2008-01-01T00:00:00Z
http://www.wikidata.org/entity/Q3714972,http://www.wikidata.org/entity/Q2074,24.0,1998-01-01T00:00:00Z,1999-01-01T00:00:00Z
http://www.wikidata.org/entity/Q3714972,http://www.wikidata.org/entity/Q2710,33.0,1999-01-01T00:00:00Z,2001-01-01T00:00:00Z
http://www.wikidata.org/entity/Q371652,http://www.wikidata.org/entity/Q1422,3.0,2008-01-01T00:00:00Z,2010-01-01T00:00:00Z
http://www.wikidata.org/entity/Q371652,http://www.wikidata.org/entity/Q1893,22.0,2010-01-01T00:00:00Z,2011-01-01T00:00:00Z
http://www.wikidata.org/entity/Q371904,http://www.wikidata.org/entity/Q2052,99.0,1998-01-01T00:00:00Z,2002-01-01T00:00:00Z
http://www.wikidata.org/entity/Q3723911,http://www.wikidata.org/entity/Q1543,0.0,2000-01-01T00:00:00Z,2003-01-01T00:00:00Z
http://www.wikidata.org/entity/Q3723911,http://www.wikidata.org/entity/Q2037,9.0,2008-01-01T00:00:00Z,2009-01-01T00:00:00Z
http://www.wikidata.org/entity/Q3723976,http://www.wikidata.org/entity/Q2641,21.0,1998-01-01T00:00:00Z,1999-01-01T00:00:00Z
http://www.wikidata.org/entity/Q3723976,http://www.wikidata.org/entity/Q2609,2.0,2000-01-01T00:00:00Z,2002-01-01T00:00:00Z
http://www.wikidata.org/entity/Q3723976,http://www.wikidata.org/entity/Q2710,36.0,2005-01-01T00:00:00Z,2006-01-01T00:00:00Z
http://www.wikidata.org/entity/Q3723976,http://www.wikidata.org/entity/Q2037,8.0,2002-01-01T00:00:00Z,2007-01-01T00:00:00Z
http://www.wikidata.org/entity/Q3723976,http://www.wikidata.org/entity/Q1457,73.0,1995-01-01T00:00:00Z,2000-01-01T00:00:00Z
http://www.wikidata.org/entity/Q3724003,http://www.wikidata.org/entity/Q1457,5.0,2009-01-01T00:00:00Z,2010-01-01T00:00:00Z
http://www.wikidata.org/entity/Q3724003,http://www.wikidata.org/entity/Q2710,6.0,2008-01-01T00:00:00Z,2010-01-01T00:00:00Z
http://www.wikidata.org/entity/Q3724003,http://www.wikidata.org/entity/Q1457,0.0,2010-01-01T00:00:00Z,2014-01-01T00:00:00Z
http://www.wikidata.org/entity/Q3724008,http://www.wikidata.org/entity/Q1893,10.0,2003-01-01T00:00:00Z,2004-01-01T00:00:00Z
http://www.wikidata.org/entity/Q3724008,http://www.wikidata.org/entity/Q2641,78.0,1999-01-01T00:00:00Z,2003-01-01T00:00:00Z
http://www.wikidata.org/entity/Q3724296,http://www.wikidata.org/entity/Q1900,21.0,1999-01-01T00:00:00Z,2001-01-01T00:00:00Z
http://www.wikidata.org/entity/Q3724310,http://www.wikidata.org/entity/Q1893,7.0,2002-01-01T00:00:00Z,2003-01-01T00:00:00Z
http://www.wikidata.org/entity/Q3724312,http://www.wikidata.org/entity/Q2018,10.0,2000-01-01T00:00:00Z,2001-01-01T00:00:00Z
http://www.wikidata.org/entity/Q3725211,http://www.wikidata.org/entity/Q2074,2.0,2011-01-01T00:00:00Z,2011-01-01T00:00:00Z
http://www.wikidata.org/entity/Q3725427,http://www.wikidata.org/entity/Q2074,3.0,2013-01-01T00:00:00Z,2014-01-01T00:00:00Z
http://www.wikidata.org/entity/Q3725706,http://www.wikidata.org/entity/Q1900,4.0,2007-01-01T00:00:00Z,2010-01-01T00:00:00Z
http://www.wikidata.org/entity/Q3725771,http://www.wikidata.org/entity/Q2037,144.0,1993-01-01T00:00:00Z,2002-01-01T00:00:00Z
http://www.wikidata.org/entity/Q3725771,http://www.wikidata.org/entity/Q2018,7.0,2002-01-01T00:00:00Z,2002-01-01T00:00:00Z
http://www.wikidata.org/entity/Q3767518,http://www.wikidata.org/entity/Q2674,38.0,1995-01-01T00:00:00Z,1999-01-01T00:00:00Z
http://www.wikidata.org/entity/Q3767518,http://www.wikidata.org/entity/Q2641,32.0,2004-01-01T00:00:00Z,2005-01-01T00:00:00Z
http://www.wikidata.org/entity/Q3767519,http://www.wikidata.org/entity/Q2710,51.0,2007-01-01T00:00:00Z,2009-01-01T00:00:00Z
http://www.wikidata.org/entity/Q3767578,http://www.wikidata.org/entity/Q2641,49.0,1998-01-01T00:00:00Z,2000-01-01T00:00:00Z
http://www.wikidata.org/entity/Q3767704,http://www.wikidata.org/entity/Q2674,5.0,2000-01-01T00:00:00Z,2000-01-01T00:00:00Z
http://www.wikidata.org/entity/Q3767704,http://www.wikidata.org/entity/Q2074,16.0,1999-01-01T00:00:00Z,2000-01-01T00:00:00Z
http://www.wikidata.org/entity/Q3767704,http://www.wikidata.org/entity/Q2018,29.0,2002-01-01T00:00:00Z,2003-01-01T00:00:00Z
http://www.wikidata.org/entity/Q3767774,http://www.wikidata.org/entity/Q2074,17.0,2004-01-01T00:00:00Z,2004-01-01T00:00:00Z
http://www.wikidata.org/entity/Q3767774,http://www.wikidata.org/entity/Q2074,17.0,2003-01-01T00:00:00Z,2003-01-01T00:00:00Z
http://www.wikidata.org/entity/Q3767849,http://www.wikidata.org/entity/Q2018,25.0,2000-01-01T00:00:00Z,2001-01-01T00:00:00Z
http://www.wikidata.org/entity/Q3767932,http://www.wikidata.org/entity/Q1893,37.0,1999-01-01T00:00:00Z,2001-01-01T00:00:00Z
http://www.wikidata.org/entity/Q3767932,http://www.wikidata.org/entity/Q1886,33.0,1998-01-01T00:00:00Z,1999-01-01T00:00:00Z
http://www.wikidata.org/entity/Q3768163,http://www.wikidata.org/entity/Q2674,23.0,1998-01-01T00:00:00Z,1999-01-01T00:00:00Z
http://www.wikidata.org/entity/Q3768192,http://www.wikidata.org/entity/Q1900,61.0,1999-01-01T00:00:00Z,2002-01-01T00:00:00Z
http://www.wikidata.org/entity/Q3768192,http://www.wikidata.org/entity/Q2037,7.0,1998-01-01T00:00:00Z,1999-01-01T00:00:00Z
http://www.wikidata.org/entity/Q3771942,http://www.wikidata.org/entity/Q2074,16.0,2007-01-01T00:00:00Z,2008-01-01T00:00:00Z
http://www.wikidata.org/entity/Q3771942,http://www.wikidata.org/entity/Q1886,6.0,2002-01-01T00:00:00Z,2004-01-01T00:00:00Z
http://www.wikidata.org/entity/Q380830,http://www.wikidata.org/entity/Q631,0.0,2008-01-01T00:00:00Z,2010-01-01T00:00:00Z
http://www.wikidata.org/entity/Q380830,http://www.wikidata.org/entity/Q1543,15.0,2015-01-01T00:00:00Z,2015-01-01T00:00:00Z
http://www.wikidata.org/entity/Q380830,http://www.wikidata.org/entity/Q2074,16.0,2010-01-01T00:00:00Z,2011-01-01T00:00:00Z
http://www.wikidata.org/entity/Q31664,http://www.wikidata.org/entity/Q1422,0.0,2011-01-01T00:00:00Z,2014-01-01T00:00:00Z
http://www.wikidata.org/entity/Q3358532,http://www.wikidata.org/entity/Q1422,0.0,2008-01-01T00:00:00Z,2012-01-01T00:00:00Z
http://www.wikidata.org/entity/Q3362674,http://www.wikidata.org/entity/Q2693,43.0,1998-01-01T00:00:00Z,2000-01-01T00:00:00Z
http://www.wikidata.org/entity/Q3362674,http://www.wikidata.org/entity/Q2052,45.0,2000-01-01T00:00:00Z,2002-01-01T00:00:00Z
http://www.wikidata.org/entity/Q3362674,http://www.wikidata.org/entity/Q1893,21.0,2002-01-01T00:00:00Z,2003-01-01T00:00:00Z
http://www.wikidata.org/entity/Q336870,http://www.wikidata.org/entity/Q2018,14.0,2012-01-01T00:00:00Z,2012-01-01T00:00:00Z
http://www.wikidata.org/entity/Q336870,http://www.wikidata.org/entity/Q2609,25.0,2008-01-01T00:00:00Z,2013-01-01T00:00:00Z
http://www.wikidata.org/entity/Q337623,http://www.wikidata.org/entity/Q2710,74.0,2008-01-01T00:00:00Z,2012-01-01T00:00:00Z
http://www.wikidata.org/entity/Q337632,http://www.wikidata.org/entity/Q2037,2.0,2013-01-01T00:00:00Z,2013-01-01T00:00:00Z
http://www.wikidata.org/entity/Q337639,http://www.wikidata.org/entity/Q1543,1.0,2009-01-01T00:00:00Z,2009-01-01T00:00:00Z
http://www.wikidata.org/entity/Q337646,http://www.wikidata.org/entity/Q1422,24.0,2010-01-01T00:00:00Z,2015-01-01T00:00:00Z
http://www.wikidata.org/entity/Q337646,http://www.wikidata.org/entity/Q1893,19.0,2012-01-01T00:00:00Z,2013-01-01T00:00:00Z
http://www.wikidata.org/entity/Q337646,http://www.wikidata.org/entity/Q2018,13.0,2012-01-01T00:00:00Z,2012-01-01T00:00:00Z
http://www.wikidata.org/entity/Q337646,http://www.wikidata.org/entity/Q2074,13.0,2014-01-01T00:00:00Z,2014-01-01T00:00:00Z
http://www.wikidata.org/entity/Q337646,http://www.wikidata.org/entity/Q2018,13.0,2011-01-01T00:00:00Z,2012-01-01T00:00:00Z
http://www.wikidata.org/entity/Q337646,http://www.wikidata.org/entity/Q1886,19.0,2004-01-01T00:00:00Z,2005-01-01T00:00:00Z
http://www.wikidata.org/entity/Q3380417,http://www.wikidata.org/entity/Q2037,0.0,2008-01-01T00:00:00Z,2008-01-01T00:00:00Z
http://www.wikidata.org/entity/Q3380417,http://www.wikidata.org/entity/Q2037,0.0,2008-01-01T00:00:00Z,2011-01-01T00:00:00Z
http://www.wikidata.org/entity/Q340163,http://www.wikidata.org/entity/Q2037,1.0,2000-01-01T00:00:00Z,2000-01-01T00:00:00Z
http://www.wikidata.org/entity/Q340163,http://www.wikidata.org/entity/Q1893,36.0,2005-01-01T00:00:00Z,2006-01-01T00:00:00Z
http://www.wikidata.org/entity/Q340163,http://www.wikidata.org/entity/Q631,4.0,1997-01-01T00:00:00Z,2001-01-01T00:00:00Z
http://www.wikidata.org/entity/Q342011,http://www.wikidata.org/entity/Q631,0.0,2001-01-01T00:00:00Z,2005-01-01T00:00:00Z
http://www.wikidata.org/entity/Q342228,http://www.wikidata.org/entity/Q2693,2.0,2012-01-01T00:00:00Z,2014-01-01T00:00:00Z
http://www.wikidata.org/entity/Q342228,http://www.wikidata.org/entity/Q2693,14.0,2012-01-01T00:00:00Z,2012-01-01T00:00:00Z
http://www.wikidata.org/entity/Q342228,http://www.wikidata.org/entity/Q1457,36.0,2014-01-01T00:00:00Z,2015-01-01T00:00:00Z
http://www.wikidata.org/entity/Q342342,http://www.wikidata.org/entity/Q1543,14.0,2015-01-01T00:00:00Z,2015-01-01T00:00:00Z
http://www.wikidata.org/entity/Q342342,http://www.wikidata.org/entity/Q1886,24.0,2015-01-01T00:00:00Z,2016-01-01T00:00:00Z
http://www.wikidata.org/entity/Q342342,http://www.wikidata.org/entity/Q2693,131.0,2010-01-01T00:00:00Z,2015-01-01T00:00:00Z
http://www.wikidata.org/entity/Q342480,http://www.wikidata.org/entity/Q1893,17.0,2000-01-01T00:00:00Z,2000-01-01T00:00:00Z
http://www.wikidata.org/entity/Q342480,http://www.wikidata.org/entity/Q1457,66.0,2004-01-01T00:00:00Z,2006-01-01T00:00:00Z
http://www.wikidata.org/entity/Q342480,http://www.wikidata.org/entity/Q1543,1.0,1999-01-01T00:00:00Z,1999-01-01T00:00:00Z
http://www.wikidata.org/entity/Q3424825,http://www.wikidata.org/entity/Q2037,0.0,2005-01-01T00:00:00Z,2010-01-01T00:00:00Z
http://www.wikidata.org/entity/Q342484,http://www.wikidata.org/entity/Q1422,186.0,1996-01-01T00:00:00Z,2005-01-01T00:00:00Z
http://www.wikidata.org/entity/Q342599,http://www.wikidata.org/entity/Q1543,56.0,1997-01-01T00:00:00Z,2003-01-01T00:00:00Z
http://www.wikidata.org/entity/Q342599,http://www.wikidata.org/entity/Q1543,0.0,2007-01-01T00:00:00Z,2008-01-01T00:00:00Z
http://www.wikidata.org/entity/Q342808,http://www.wikidata.org/entity/Q2052,24.0,1998-01-01T00:00:00Z,2000-01-01T00:00:00Z
http://www.wikidata.org/entity/Q343950,http://www.wikidata.org/entity/Q1893,47.0,1999-01-01T00:00:00Z,2002-01-01T00:00:00Z
http://www.wikidata.org/entity/Q343950,http://www.wikidata.org/entity/Q631,13.0,2005-01-01T00:00:00Z,2006-01-01T00:00:00Z
http://www.wikidata.org/entity/Q343997,http://www.wikidata.org/entity/Q631,0.0,2000-01-01T00:00:00Z,2003-01-01T00:00:00Z
http://www.wikidata.org/entity/Q343997,http://www.wikidata.org/entity/Q631,0.0,2000-01-01T00:00:00Z,2000-01-01T00:00:00Z
http://www.wikidata.org/entity/Q3441792,http://www.wikidata.org/entity/Q1422,0.0,1999-01-01T00:00:00Z,2002-01-01T00:00:00Z
http://www.wikidata.org/entity/Q3444038,http://www.wikidata.org/entity/Q1422,1.0,2010-01-01T00:00:00Z,2013-01-01T00:00:00Z
http://www.wikidata.org/entity/Q345026,http://www.wikidata.org/entity/Q2609,12.0,2002-01-01T00:00:00Z,2003-01-01T00:00:00Z
http://www.wikidata.org/entity/Q345026,http://www.wikidata.org/entity/Q2052,59.0,1999-01-01T00:00:00Z,2002-01-01T00:00:00Z
http://www.wikidata.org/entity/Q345026,http://www.wikidata.org/entity/Q2693,92.0,1996-01-01T00:00:00Z,1999-01-01T00:00:00Z
http://www.wikidata.org/entity/Q346635,http://www.wikidata.org/entity/Q631,0.0,2000-01-01T00:00:00Z,2002-01-01T00:00:00Z
http://www.wikidata.org/entity/Q346694,http://www.wikidata.org/entity/Q2710,5.0,2013-01-01T00:00:00Z,2013-01-01T00:00:00Z
http://www.wikidata.org/entity/Q346694,http://www.wikidata.org/entity/Q2052,117.0,2006-01-01T00:00:00Z,2012-01-01T00:00:00Z
http://www.wikidata.org/entity/Q3762442,http://www.wikidata.org/entity/Q2674,9.0,2001-01-01T00:00:00Z,2002-01-01T00:00:00Z
http://www.wikidata.org/entity/Q179457,http://www.wikidata.org/entity/Q2641,0.0,2019-01-01T00:00:00Z,
http://www.wikidata.org/entity/Q3762442,http://www.wikidata.org/entity/Q2710,21.0,2004-01-01T00:00:00Z,2004-01-01T00:00:00Z
http://www.wikidata.org/entity/Q3762442,http://www.wikidata.org/entity/Q631,0.0,1995-01-01T00:00:00Z,2001-01-01T00:00:00Z
http://www.wikidata.org/entity/Q3762442,http://www.wikidata.org/entity/Q2037,32.0,1998-01-01T00:00:00Z,1999-01-01T00:00:00Z
http://www.wikidata.org/entity/Q3762558,http://www.wikidata.org/entity/Q2710,10.0,2009-01-01T00:00:00Z,2009-01-01T00:00:00Z
http://www.wikidata.org/entity/Q3762728,http://www.wikidata.org/entity/Q1457,40.0,2000-01-01T00:00:00Z,2002-01-01T00:00:00Z
http://www.wikidata.org/entity/Q3762728,http://www.wikidata.org/entity/Q1900,11.0,2002-01-01T00:00:00Z,2002-01-01T00:00:00Z
http://www.wikidata.org/entity/Q3763238,http://www.wikidata.org/entity/Q1900,135.0,1997-01-01T00:00:00Z,2003-01-01T00:00:00Z
http://www.wikidata.org/entity/Q3763238,http://www.wikidata.org/entity/Q2037,2.0,2003-01-01T00:00:00Z,2003-01-01T00:00:00Z
http://www.wikidata.org/entity/Q3763250,http://www.wikidata.org/entity/Q2074,43.0,2004-01-01T00:00:00Z,2006-01-01T00:00:00Z
http://www.wikidata.org/entity/Q3763272,http://www.wikidata.org/entity/Q2710,29.0,2010-01-01T00:00:00Z,2013-01-01T00:00:00Z
http://www.wikidata.org/entity/Q3763292,http://www.wikidata.org/entity/Q1893,23.0,2015-01-01T00:00:00Z,2015-01-01T00:00:00Z
http://www.wikidata.org/entity/Q3763292,http://www.wikidata.org/entity/Q1457,42.0,2013-01-01T00:00:00Z,2015-01-01T00:00:00Z
http://www.wikidata.org/entity/Q3763300,http://www.wikidata.org/entity/Q2674,23.0,1998-01-01T00:00:00Z,1999-01-01T00:00:00Z
http://www.wikidata.org/entity/Q3763371,http://www.wikidata.org/entity/Q2052,53.0,1985-01-01T00:00:00Z,2000-01-01T00:00:00Z
http://www.wikidata.org/entity/Q16957691,http://www.wikidata.org/entity/Q1457,0.0,2012-01-01T00:00:00Z,2013-01-01T00:00:00Z
http://www.wikidata.org/entity/Q16977444,http://www.wikidata.org/entity/Q1543,0.0,2013-01-01T00:00:00Z,2015-01-01T00:00:00Z
http://www.wikidata.org/entity/Q16979983,http://www.wikidata.org/entity/Q2052,31.0,2022-07-08T00:00:00Z,2023-09-01T00:00:00Z
http://www.wikidata.org/entity/Q16979983,http://www.wikidata.org/entity/Q1543,38.0,2023-09-01T00:00:00Z,2025-06-30T00:00:00Z
http://www.wikidata.org/entity/Q17045723,http://www.wikidata.org/entity/Q2052,2.0,2016-01-01T00:00:00Z,2018-01-09T00:00:00Z
http://www.wikidata.org/entity/Q17100151,http://www.wikidata.org/entity/Q2693,0.0,2014-01-01T00:00:00Z,2015-01-01T00:00:00Z
http://www.wikidata.org/entity/Q17101741,http://www.wikidata.org/entity/Q1422,0.0,2010-01-01T00:00:00Z,2011-01-01T00:00:00Z
http://www.wikidata.org/entity/Q17102388,http://www.wikidata.org/entity/Q2693,0.0,2011-01-01T00:00:00Z,2012-01-01T00:00:00Z
http://www.wikidata.org/entity/Q17150744,http://www.wikidata.org/entity/Q1886,1.0,2013-01-01T00:00:00Z,2014-01-01T00:00:00Z
http://www.wikidata.org/entity/Q17151021,http://www.wikidata.org/entity/Q2018,1.0,2004-01-01T00:00:00Z,2007-01-01T00:00:00Z
http://www.wikidata.org/entity/Q17198695,http://www.wikidata.org/entity/Q2693,0.0,2013-01-01T00:00:00Z,2015-01-01T00:00:00Z
http://www.wikidata.org/entity/Q17305811,http://www.wikidata.org/entity/Q2693,0.0,2013-01-01T00:00:00Z,2014-01-01T00:00:00Z
http://www.wikidata.org/entity/Q17305846,http://www.wikidata.org/entity/Q1422,0.0,2013-01-01T00:00:00Z,2015-01-01T00:00:00Z
http://www.wikidata.org/entity/Q17306369,http://www.wikidata.org/entity/Q2710,5.0,2013-01-01T00:00:00Z,2014-01-01T00:00:00Z
http://www.wikidata.org/entity/Q17364574,http://www.wikidata.org/entity/Q2052,3.0,2024-09-13T00:00:00Z,2025-06-01T00:00:00Z
http://www.wikidata.org/entity/Q17386106,http://www.wikidata.org/entity/Q2710,16.0,2020-01-01T00:00:00Z,2021-01-01T00:00:00Z
http://www.wikidata.org/entity/Q17386106,http://www.wikidata.org/entity/Q2037,30.0,2017-01-01T00:00:00Z,2019-01-01T00:00:00Z
http://www.wikidata.org/entity/Q17386106,http://www.wikidata.org/entity/Q2074,0.0,2019-01-01T00:00:00Z,2022-01-01T00:00:00Z
http://www.wikidata.org/entity/Q17386271,http://www.wikidata.org/entity/Q2693,0.0,2014-01-01T00:00:00Z,2015-01-01T00:00:00Z
http://www.wikidata.org/entity/Q17399584,http://www.wikidata.org/entity/Q2609,164.0,2013-01-01T00:00:00Z,2022-01-01T00:00:00Z
http://www.wikidata.org/entity/Q17403311,http://www.wikidata.org/entity/Q2037,0.0,2014-01-01T00:00:00Z,2015-01-01T00:00:00Z
http://www.wikidata.org/entity/Q17403330,http://www.wikidata.org/entity/Q2693,0.0,2014-01-01T00:00:00Z,2015-01-01T00:00:00Z
http://www.wikidata.org/entity/Q17403467,http://www.wikidata.org/entity/Q2693,0.0,2010-01-01T00:00:00Z,2013-01-01T00:00:00Z
http://www.wikidata.org/entity/Q17403497,http://www.wikidata.org/entity/Q2693,0.0,2014-01-01T00:00:00Z,2015-01-01T00:00:00Z
http://www.wikidata.org/entity/Q174926,http://www.wikidata.org/entity/Q2074,34.0,2010-01-01T00:00:00Z,2011-01-01T00:00:00Z
http://www.wikidata.org/entity/Q1756086,http://www.wikidata.org/entity/Q2710,37.0,2011-01-01T00:00:00Z,2012-01-01T00:00:00Z
http://www.wikidata.org/entity/Q1756086,http://www.wikidata.org/entity/Q2641,337.0,2009-01-01T00:00:00Z,2022-06-01T00:00:00Z
http://www.wikidata.org/entity/Q1756098,http://www.wikidata.org/entity/Q1422,0.0,2009-01-01T00:00:00Z,2010-01-01T00:00:00Z
http://www.wikidata.org/entity/Q1756098,http://www.wikidata.org/entity/Q1422,0.0,2010-01-01T00:00:00Z,2010-01-01T00:00:00Z
http://www.wikidata.org/entity/Q175989,http://www.wikidata.org/entity/Q2609,58.0,2008-01-01T00:00:00Z,2013-01-01T00:00:00Z
http://www.wikidata.org/entity/Q1764177,http://www.wikidata.org/entity/Q2037,124.0,2010-01-01T00:00:00Z,2014-01-01T00:00:00Z
http://www.wikidata.org/entity/Q1765410,http://www.wikidata.org/entity/Q2693,5.0,2013-01-01T00:00:00Z,2013-01-01T00:00:00Z
http://www.wikidata.org/entity/Q1770340,http://www.wikidata.org/entity/Q2674,0.0,2011-01-01T00:00:00Z,2012-01-01T00:00:00Z
http://www.wikidata.org/entity/Q177343,http://www.wikidata.org/entity/Q631,18.0,1998-01-01T00:00:00Z,1999-01-01T00:00:00Z
http://www.wikidata.org/entity/Q1773598,http://www.wikidata.org/entity/Q2674,7.0,2011-01-01T00:00:00Z,2011-01-01T00:00:00Z
http://www.wikidata.org/entity/Q1776347,http://www.wikidata.org/entity/Q2037,29.0,2014-01-01T00:00:00Z,2015-01-01T00:00:00Z
http://www.wikidata.org/entity/Q1776347,http://www.wikidata.org/entity/Q1457,16.0,2015-01-01T00:00:00Z,2016-01-01T00:00:00Z
http://www.wikidata.org/entity/Q177686,http://www.wikidata.org/entity/Q631,177.0,2006-01-01T00:00:00Z,2012-01-01T00:00:00Z
http://www.wikidata.org/entity/Q1777469,http://www.wikidata.org/entity/Q2674,26.0,2011-01-01T00:00:00Z,2015-01-01T00:00:00Z
http://www.wikidata.org/entity/Q1777469,http://www.wikidata.org/entity/Q1893,9.0,2013-01-01T00:00:00Z,2014-01-01T00:00:00Z
http://www.wikidata.org/entity/Q1777469,http://www.wikidata.org/entity/Q2052,0.0,2012-01-01T00:00:00Z,2013-01-01T00:00:00Z
http://www.wikidata.org/entity/Q1777469,http://www.wikidata.org/entity/Q1893,36.0,2005-01-01T00:00:00Z,2011-01-01T00:00:00Z
http://www.wikidata.org/entity/Q178270,http://www.wikidata.org/entity/Q2074,63.0,2011-01-01T00:00:00Z,2013-01-01T00:00:00Z
http://www.wikidata.org/entity/Q178683,http://www.wikidata.org/entity/Q1543,119.0,2003-01-01T00:00:00Z,2008-01-01T00:00:00Z
http://www.wikidata.org/entity/Q179172,http://www.wikidata.org/entity/Q1543,19.0,2012-01-01T00:00:00Z,2013-01-01T00:00:00Z
http://www.wikidata.org/entity/Q179457,http://www.wikidata.org/entity/Q2641,9.0,2018-01-01T00:00:00Z,2019-01-01T00:00:00Z
http://www.wikidata.org/entity/Q179773,http://www.wikidata.org/entity/Q2609,160.0,2021-01-01T00:00:00Z,2026-07-01T00:00:00Z
http://www.wikidata.org/entity/Q179995,http://www.wikidata.org/entity/Q1422,294.0,2005-01-01T00:00:00Z,2018-08-01T00:00:00Z
http://www.wikidata.org/entity/Q180326,http://www.wikidata.org/entity/Q1422,144.0,2001-01-01T00:00:00Z,2006-01-01T00:00:00Z
http://www.wikidata.org/entity/Q180326,http://www.wikidata.org/entity/Q2693,163.0,1996-01-01T00:00:00Z,2001-01-01T00:00:00Z
http://www.wikidata.org/entity/Q180553,http://www.wikidata.org/entity/Q631,23.0,2023-08-01T00:00:00Z,2024-07-01T00:00:00Z
http://www.wikidata.org/entity/Q180553,http://www.wikidata.org/entity/Q631,57.0,2020-08-01T00:00:00Z,2022-08-01T00:00:00Z
http://www.wikidata.org/entity/Q180553,http://www.wikidata.org/entity/Q631,22.0,2019-08-01T00:00:00Z,2020-08-01T00:00:00Z
http://www.wikidata.org/entity/Q180794,http://www.wikidata.org/entity/Q2052,302.0,2005-01-01T00:00:00Z,2016-01-01T00:00:00Z
http://www.wikidata.org/entity/Q180866,http://www.wikidata.org/entity/Q2641,22.0,1997-01-01T00:00:00Z,1999-01-01T00:00:00Z
http://www.wikidata.org/entity/Q180993,http://www.wikidata.org/entity/Q631,28.0,2012-01-01T00:00:00Z,2013-01-01T00:00:00Z
http://www.wikidata.org/entity/Q180993,http://www.wikidata.org/entity/Q1543,33.0,2011-01-01T00:00:00Z,2012-01-01T00:00:00Z
http://www.wikidata.org/entity/Q180993,http://www.wikidata.org/entity/Q1457,22.0,2007-01-01T00:00:00Z,2008-01-01T00:00:00Z
http://www.wikidata.org/entity/Q180993,http://www.wikidata.org/entity/Q1457,24.0,2015-01-01T00:00:00Z,2016-01-01T00:00:00Z
http://www.wikidata.org/entity/Q180993,http://www.wikidata.org/entity/Q1457,74.0,2008-01-01T00:00:00Z,2011-01-01T00:00:00Z
http://www.wikidata.org/entity/Q180993,http://www.wikidata.org/entity/Q2693,53.0,2013-01-01T00:00:00Z,2015-01-01T00:00:00Z
http://www.wikidata.org/entity/Q18811046,http://www.wikidata.org/entity/Q2710,2.0,2016-01-01T00:00:00Z,2016-01-01T00:00:00Z
http://www.wikidata.org/entity/Q18817134,http://www.wikidata.org/entity/Q1422,133.0,2017-01-01T00:00:00Z,2022-01-01T00:00:00Z
http://www.wikidata.org/entity/Q372470,http://www.wikidata.org/entity/Q2641,23.0,2014-01-01T00:00:00Z,2017-01-01T00:00:00Z
http://www.wikidata.org/entity/Q372470,http://www.wikidata.org/entity/Q2037,27.0,2016-08-26T00:00:00Z,2017-06-01T00:00:00Z
http://www.wikidata.org/entity/Q372534,http://www.wikidata.org/entity/Q1543,3.0,2007-01-01T00:00:00Z,2008-01-01T00:00:00Z
http://www.wikidata.org/entity/Q3726106,http://www.wikidata.org/entity/Q2609,1.0,2011-01-01T00:00:00Z,2012-01-01T00:00:00Z
http://www.wikidata.org/entity/Q3726106,http://www.wikidata.org/entity/Q2609,0.0,2014-01-01T00:00:00Z,2015-01-01T00:00:00Z
http://www.wikidata.org/entity/Q373453,http://www.wikidata.org/entity/Q1886,6.0,2000-01-01T00:00:00Z,2003-01-01T00:00:00Z
http://www.wikidata.org/entity/Q3737684,http://www.wikidata.org/entity/Q631,1.0,1993-01-01T00:00:00Z,1999-01-01T00:00:00Z
http://www.wikidata.org/entity/Q3737760,http://www.wikidata.org/entity/Q631,7.0,2000-01-01T00:00:00Z,2001-01-01T00:00:00Z
http://www.wikidata.org/entity/Q3737760,http://www.wikidata.org/entity/Q1900,93.0,1997-01-01T00:00:00Z,2000-01-01T00:00:00Z
http://www.wikidata.org/entity/Q3737760,http://www.wikidata.org/entity/Q1893,10.0,2001-01-01T00:00:00Z,2002-01-01T00:00:00Z
http://www.wikidata.org/entity/Q3737760,http://www.wikidata.org/entity/Q1900,29.0,2003-01-01T00:00:00Z,2004-01-01T00:00:00Z
http://www.wikidata.org/entity/Q3737804,http://www.wikidata.org/entity/Q1893,17.0,2004-01-01T00:00:00Z,2005-01-01T00:00:00Z
http://www.wikidata.org/entity/Q3737807,http://www.wikidata.org/entity/Q2074,1.0,2005-01-01T00:00:00Z,2008-01-01T00:00:00Z
http://www.wikidata.org/entity/Q3737828,http://www.wikidata.org/entity/Q1886,106.0,1996-01-01T00:00:00Z,2005-01-01T00:00:00Z
http://www.wikidata.org/entity/Q3737857,http://www.wikidata.org/entity/Q1457,21.0,2001-01-01T00:00:00Z,2003-01-01T00:00:00Z
http://www.wikidata.org/entity/Q3737871,http://www.wikidata.org/entity/Q2609,9.0,2007-01-01T00:00:00Z,2008-01-01T00:00:00Z
http://www.wikidata.org/entity/Q3737871,http://www.wikidata.org/entity/Q1893,31.0,2005-01-01T00:00:00Z,2006-01-01T00:00:00Z
http://www.wikidata.org/entity/Q3737871,http://www.wikidata.org/entity/Q2693,16.0,2005-01-01T00:00:00Z,2005-01-01T00:00:00Z
http://www.wikidata.org/entity/Q374387,http://www.wikidata.org/entity/Q2074,16.0,2000-01-01T00:00:00Z,2001-01-01T00:00:00Z
http://www.wikidata.org/entity/Q374387,http://www.wikidata.org/entity/Q1893,44.0,2004-01-01T00:00:00Z,2005-01-01T00:00:00Z
http://www.wikidata.org/entity/Q381378,http://www.wikidata.org/entity/Q631,0.0,2003-01-01T00:00:00Z,2004-01-01T00:00:00Z
http://www.wikidata.org/entity/Q381401,http://www.wikidata.org/entity/Q2693,0.0,2013-01-01T00:00:00Z,2014-01-01T00:00:00Z
http://www.wikidata.org/entity/Q381401,http://www.wikidata.org/entity/Q1893,20.0,2007-01-01T00:00:00Z,2007-01-01T00:00:00Z
http://www.wikidata.org/entity/Q381554,http://www.wikidata.org/entity/Q1900,11.0,2012-01-01T00:00:00Z,2013-01-01T00:00:00Z
http://www.wikidata.org/entity/Q381554,http://www.wikidata.org/entity/Q1893,101.0,2008-01-01T00:00:00Z,2015-01-01T00:00:00Z
http://www.wikidata.org/entity/Q381672,http://www.wikidata.org/entity/Q2609,79.0,2003-01-01T00:00:00Z,2006-01-01T00:00:00Z
http://www.wikidata.org/entity/Q381672,http://www.wikidata.org/entity/Q2693,16.0,1999-01-01T00:00:00Z,2000-01-01T00:00:00Z
http://www.wikidata.org/entity/Q381672,http://www.wikidata.org/entity/Q2609,47.0,2008-01-01T00:00:00Z,2010-01-01T00:00:00Z
http://www.wikidata.org/entity/Q381672,http://www.wikidata.org/entity/Q1886,52.0,2001-01-01T00:00:00Z,2003-01-01T00:00:00Z
http://www.wikidata.org/entity/Q381747,http://www.wikidata.org/entity/Q2052,8.0,2007-01-01T00:00:00Z,2008-01-01T00:00:00Z
http://www.wikidata.org/entity/Q381747,http://www.wikidata.org/entity/Q1422,8.0,2011-01-01T00:00:00Z,2012-01-01T00:00:00Z
http://www.wikidata.org/entity/Q381747,http://www.wikidata.org/entity/Q2641,106.0,2008-01-01T00:00:00Z,2011-01-01T00:00:00Z
http://www.wikidata.org/entity/Q381747,http://www.wikidata.org/entity/Q1893,37.0,2012-01-01T00:00:00Z,2015-01-01T00:00:00Z
http://www.wikidata.org/entity/Q381747,http://www.wikidata.org/entity/Q2052,44.0,2005-01-01T00:00:00Z,2007-01-01T00:00:00Z
http://www.wikidata.org/entity/Q381895,http://www.wikidata.org/entity/Q1457,6.0,2009-01-01T00:00:00Z,2009-01-01T00:00:00Z
http://www.wikidata.org/entity/Q381895,http://www.wikidata.org/entity/Q1900,64.0,2006-01-01T00:00:00Z,2008-01-01T00:00:00Z
http://www.wikidata.org/entity/Q381895,http://www.wikidata.org/entity/Q1886,31.0,2010-01-01T00:00:00Z,2013-01-01T00:00:00Z
http://www.wikidata.org/entity/Q381895,http://www.wikidata.org/entity/Q2674,39.0,2003-01-01T00:00:00Z,2005-01-01T00:00:00Z
http://www.wikidata.org/entity/Q381895,http://www.wikidata.org/entity/Q1543,0.0,1999-01-01T00:00:00Z,2002-01-01T00:00:00Z
http://www.wikidata.org/entity/Q3851233,http://www.wikidata.org/entity/Q2710,31.0,2006-01-01T00:00:00Z,2007-01-01T00:00:00Z
http://www.wikidata.org/entity/Q3851233,http://www.wikidata.org/entity/Q2018,57.0,2001-01-01T00:00:00Z,2003-01-01T00:00:00Z
http://www.wikidata.org/entity/Q3851314,http://www.wikidata.org/entity/Q2037,39.0,1997-01-01T00:00:00Z,1999-01-01T00:00:00Z
http://www.wikidata.org/entity/Q3851365,http://www.wikidata.org/entity/Q2074,7.0,2005-01-01T00:00:00Z,2006-01-01T00:00:00Z
http://www.wikidata.org/entity/Q3851386,http://www.wikidata.org/entity/Q1886,12.0,1997-01-01T00:00:00Z,1999-01-01T00:00:00Z
http://www.wikidata.org/entity/Q3851394,http://www.wikidata.org/entity/Q2710,9.0,2003-01-01T00:00:00Z,2003-01-01T00:00:00Z
http://www.wikidata.org/entity/Q3851429,http://www.wikidata.org/entity/Q2641,32.0,2001-01-01T00:00:00Z,2002-01-01T00:00:00Z
http://www.wikidata.org/entity/Q3856617,http://www.wikidata.org/entity/Q2710,202.0,1994-01-01T00:00:00Z,2000-01-01T00:00:00Z
http://www.wikidata.org/entity/Q3856691,http://www.wikidata.org/entity/Q1886,7.0,2008-01-01T00:00:00Z,2011-01-01T00:00:00Z
http://www.wikidata.org/entity/Q3856755,http://www.wikidata.org/entity/Q2018,1.0,2000-01-01T00:00:00Z,2000-01-01T00:00:00Z
http://www.wikidata.org/entity/Q3856812,http://www.wikidata.org/entity/Q2074,0.0,2006-01-01T00:00:00Z,2009-01-01T00:00:00Z
http://www.wikidata.org/entity/Q3856815,http://www.wikidata.org/entity/Q2710,26.0,2005-01-01T00:00:00Z,2007-01-01T00:00:00Z
http://www.wikidata.org/entity/Q3856827,http://www.wikidata.org/entity/Q2037,16.0,2007-01-01T00:00:00Z,2008-01-01T00:00:00Z
http://www.wikidata.org/entity/Q3856842,http://www.wikidata.org/entity/Q2710,128.0,1995-01-01T00:00:00Z,2000-01-01T00:00:00Z
http://www.wikidata.org/entity/Q3856845,http://www.wikidata.org/entity/Q2018,99.0,2000-01-01T00:00:00Z,2004-01-01T00:00:00Z
http://www.wikidata.org/entity/Q3856845,http://www.wikidata.org/entity/Q2710,38.0,2004-01-01T00:00:00Z,2005-01-01T00:00:00Z
http://www.wikidata.org/entity/Q3858811,http://www.wikidata.org/entity/Q2710,24.0,2000-01-01T00:00:00Z,2001-01-01T00:00:00Z
http://www.wikidata.org/entity/Q3858811,http://www.wikidata.org/entity/Q1543,0.0,1999-01-01T00:00:00Z,1999-01-01T00:00:00Z
http://www.wikidata.org/entity/Q3858861,http://www.wikidata.org/entity/Q1900,58.0,2001-01-01T00:00:00Z,2003-01-01T00:00:00Z
http://www.wikidata.org/entity/Q3858861,http://www.wikidata.org/entity/Q2074,10.0,2003-01-01T00:00:00Z,2004-01-01T00:00:00Z
http://www.wikidata.org/entity/Q3858863,http://www.wikidata.org/entity/Q1457,0.0,2007-01-01T00:00:00Z,2011-01-01T00:00:00Z
http://www.wikidata.org/entity/Q3858863,http://www.wikidata.org/entity/Q1457,1.0,2013-01-01T00:00:00Z,2014-01-01T00:00:00Z
http://www.wikidata.org/entity/Q3858881,http://www.wikidata.org/entity/Q2674,11.0,2000-01-01T00:00:00Z,2000-01-01T00:00:00Z
http://www.wikidata.org/entity/Q41689776,http://www.wikidata.org/entity/Q1457,1.0,2020-10-01T00:00:00Z,2021-07-01T00:00:00Z
http://www.wikidata.org/entity/Q3701667,http://www.wikidata.org/entity/Q631,1.0,2005-01-01T00:00:00Z,2007-01-01T00:00:00Z
http://www.wikidata.org/entity/Q3701921,http://www.wikidata.org/entity/Q2710,111.0,2000-01-01T00:00:00Z,2006-01-01T00:00:00Z
http://www.wikidata.org/entity/Q3701939,http://www.wikidata.org/entity/Q2693,4.0,2004-01-01T00:00:00Z,2004-01-01T00:00:00Z
http://www.wikidata.org/entity/Q3701942,http://www.wikidata.org/entity/Q2052,36.0,2004-01-01T00:00:00Z,2005-01-01T00:00:00Z
http://www.wikidata.org/entity/Q3701942,http://www.wikidata.org/entity/Q2710,56.0,2005-01-01T00:00:00Z,2007-01-01T00:00:00Z
http://www.wikidata.org/entity/Q3701949,http://www.wikidata.org/entity/Q2674,133.0,2000-01-01T00:00:00Z,2004-01-01T00:00:00Z
http://www.wikidata.org/entity/Q3701961,http://www.wikidata.org/entity/Q2052,0.0,2000-01-01T00:00:00Z,2001-01-01T00:00:00Z
http://www.wikidata.org/entity/Q3701961,http://www.wikidata.org/entity/Q2052,0.0,2001-01-01T00:00:00Z,2002-01-01T00:00:00Z
http://www.wikidata.org/entity/Q3701978,http://www.wikidata.org/entity/Q1886,0.0,2007-01-01T00:00:00Z,2010-01-01T00:00:00Z
http://www.wikidata.org/entity/Q3701989,http://www.wikidata.org/entity/Q2074,8.0,2003-01-01T00:00:00Z,2004-01-01T00:00:00Z
http://www.wikidata.org/entity/Q3701989,http://www.wikidata.org/entity/Q2710,35.0,1999-01-01T00:00:00Z,2002-01-01T00:00:00Z
http://www.wikidata.org/entity/Q3702004,http://www.wikidata.org/entity/Q1900,4.0,2007-01-01T00:00:00Z,2011-01-01T00:00:00Z
http://www.wikidata.org/entity/Q3702209,http://www.wikidata.org/entity/Q1886,4.0,1999-01-01T00:00:00Z,2001-01-01T00:00:00Z
http://www.wikidata.org/entity/Q3702619,http://www.wikidata.org/entity/Q1457,71.0,2000-01-01T00:00:00Z,2002-01-01T00:00:00Z
http://www.wikidata.org/entity/Q3702619,http://www.wikidata.org/entity/Q2609,70.0,1992-01-01T00:00:00Z,2000-01-01T00:00:00Z
http://www.wikidata.org/entity/Q3702619,http://www.wikidata.org/entity/Q2641,47.0,2003-01-01T00:00:00Z,2004-01-01T00:00:00Z
http://www.wikidata.org/entity/Q3702655,http://www.wikidata.org/entity/Q2710,63.0,2001-01-01T00:00:00Z,2003-01-01T00:00:00Z
http://www.wikidata.org/entity/Q3703160,http://www.wikidata.org/entity/Q2074,3.0,2003-01-01T00:00:00Z,2003-01-01T00:00:00Z
http://www.wikidata.org/entity/Q3703194,http://www.wikidata.org/entity/Q2018,7.0,2001-01-01T00:00:00Z,2001-01-01T00:00:00Z
http://www.wikidata.org/entity/Q3703194,http://www.wikidata.org/entity/Q1893,11.0,2008-01-01T00:00:00Z,2008-01-01T00:00:00Z
http://www.wikidata.org/entity/Q3703194,http://www.wikidata.org/entity/Q2641,40.0,2005-01-01T00:00:00Z,2007-01-01T00:00:00Z
http://www.wikidata.org/entity/Q3703543,http://www.wikidata.org/entity/Q2018,1.0,2002-01-01T00:00:00Z,2003-01-01T00:00:00Z
http://www.wikidata.org/entity/Q3703543,http://www.wikidata.org/entity/Q1422,1.0,1996-01-01T00:00:00Z,2001-01-01T00:00:00Z
http://www.wikidata.org/entity/Q3703577,http://www.wikidata.org/entity/Q2693,14.0,2007-01-01T00:00:00Z,2009-01-01T00:00:00Z
http://www.wikidata.org/entity/Q3703583,http://www.wikidata.org/entity/Q2693,1.0,1999-01-01T00:00:00Z,2001-01-01T00:00:00Z
http://www.wikidata.org/entity/Q3703601,http://www.wikidata.org/entity/Q1886,72.0,1992-01-01T00:00:00Z,2002-01-01T00:00:00Z
http://www.wikidata.org/entity/Q371305,http://www.wikidata.org/entity/Q2641,29.0,2013-01-01T00:00:00Z,2014-01-01T00:00:00Z
http://www.wikidata.org/entity/Q371305,http://www.wikidata.org/entity/Q1543,8.0,2014-01-01T00:00:00Z,2015-01-01T00:00:00Z
http://www.wikidata.org/entity/Q371588,http://www.wikidata.org/entity/Q2018,86.0,2007-01-01T00:00:00Z,2010-01-01T00:00:00Z
http://www.wikidata.org/entity/Q371588,http://www.wikidata.org/entity/Q1422,14.0,2010-01-01T00:00:00Z,2015-01-01T00:00:00Z
http://www.wikidata.org/entity/Q371594,http://www.wikidata.org/entity/Q2018,41.0,2013-01-01T00:00:00Z,2016-01-01T00:00:00Z
http://www.wikidata.org/entity/Q371652,http://www.wikidata.org/entity/Q1457,122.0,2018-08-01T00:00:00Z,2022-07-01T00:00:00Z
http://www.wikidata.org/entity/Q371652,http://www.wikidata.org/entity/Q1900,116.0,2011-01-01T00:00:00Z,2015-01-01T00:00:00Z
http://www.wikidata.org/entity/Q3718514,http://www.wikidata.org/entity/Q2693,0.0,2012-01-01T00:00:00Z,2015-01-01T00:00:00Z
http://www.wikidata.org/entity/Q1612125,http://www.wikidata.org/entity/Q2710,4.0,1997-01-01T00:00:00Z,1999-01-01T00:00:00Z
http://www.wikidata.org/entity/Q1612125,http://www.wikidata.org/entity/Q2710,5.0,2002-01-01T00:00:00Z,2002-01-01T00:00:00Z
http://www.wikidata.org/entity/Q1612259,http://www.wikidata.org/entity/Q1886,5.0,2006-01-01T00:00:00Z,2006-01-01T00:00:00Z
http://www.wikidata.org/entity/Q1612729,http://www.wikidata.org/entity/Q1900,22.0,1997-01-01T00:00:00Z,1999-01-01T00:00:00Z
http://www.wikidata.org/entity/Q1612735,http://www.wikidata.org/entity/Q1886,18.0,2010-01-01T00:00:00Z,2011-01-01T00:00:00Z
http://www.wikidata.org/entity/Q1612735,http://www.wikidata.org/entity/Q1886,27.0,2009-01-01T00:00:00Z,2010-01-01T00:00:00Z
http://www.wikidata.org/entity/Q1612747,http://www.wikidata.org/entity/Q2037,88.0,1996-01-01T00:00:00Z,1999-01-01T00:00:00Z
http://www.wikidata.org/entity/Q1612747,http://www.wikidata.org/entity/Q2037,3.0,2000-01-01T00:00:00Z,2001-01-01T00:00:00Z
http://www.wikidata.org/entity/Q1614667,http://www.wikidata.org/entity/Q2674,6.0,2007-01-01T00:00:00Z,2007-01-01T00:00:00Z
http://www.wikidata.org/entity/Q1614667,http://www.wikidata.org/entity/Q2674,0.0,2000-01-01T00:00:00Z,2002-01-01T00:00:00Z
http://www.wikidata.org/entity/Q1614667,http://www.wikidata.org/entity/Q2693,17.0,2006-01-01T00:00:00Z,2007-01-01T00:00:00Z
http://www.wikidata.org/entity/Q1614667,http://www.wikidata.org/entity/Q2674,3.0,2008-01-01T00:00:00Z,2009-01-01T00:00:00Z
http://www.wikidata.org/entity/Q1614667,http://www.wikidata.org/entity/Q2037,29.0,2007-01-01T00:00:00Z,2008-01-01T00:00:00Z
http://www.wikidata.org/entity/Q1615246,http://www.wikidata.org/entity/Q2710,5.0,2007-01-01T00:00:00Z,2008-01-01T00:00:00Z
http://www.wikidata.org/entity/Q1615640,http://www.wikidata.org/entity/Q1893,66.0,1999-01-01T00:00:00Z,2008-01-01T00:00:00Z
http://www.wikidata.org/entity/Q1615640,http://www.wikidata.org/entity/Q1457,18.0,2004-01-01T00:00:00Z,2004-01-01T00:00:00Z
http://www.wikidata.org/entity/Q1615656,http://www.wikidata.org/entity/Q1900,27.0,2000-01-01T00:00:00Z,2002-01-01T00:00:00Z
http://www.wikidata.org/entity/Q16840884,http://www.wikidata.org/entity/Q2674,3.0,2001-01-01T00:00:00Z,2002-01-01T00:00:00Z
http://www.wikidata.org/entity/Q16841137,http://www.wikidata.org/entity/Q2693,0.0,2012-01-01T00:00:00Z,2014-01-01T00:00:00Z
http://www.wikidata.org/entity/Q16841282,http://www.wikidata.org/entity/Q2052,0.0,2010-01-01T00:00:00Z,2013-01-01T00:00:00Z
http://www.wikidata.org/entity/Q16845224,http://www.wikidata.org/entity/Q1457,0.0,2012-01-01T00:00:00Z,2013-01-01T00:00:00Z
http://www.wikidata.org/entity/Q16852194,http://www.wikidata.org/entity/Q1457,92.0,2019-01-01T00:00:00Z,2022-01-01T00:00:00Z
http://www.wikidata.org/entity/Q16852194,http://www.wikidata.org/entity/Q2074,43.0,2024-01-01T00:00:00Z,2026-02-01T00:00:00Z
http://www.wikidata.org/entity/Q32556,http://www.wikidata.org/entity/Q1422,16.0,2010-01-01T00:00:00Z,2010-01-01T00:00:00Z
http://www.wikidata.org/entity/Q32556,http://www.wikidata.org/entity/Q1457,35.0,2020-09-01T00:00:00Z,2021-06-01T00:00:00Z
http://www.wikidata.org/entity/Q32556,http://www.wikidata.org/entity/Q1457,36.0,2021-07-01T00:00:00Z,2023-06-01T00:00:00Z
http://www.wikidata.org/entity/Q32556,http://www.wikidata.org/entity/Q2693,31.0,2010-01-01T00:00:00Z,2011-01-01T00:00:00Z
http://www.wikidata.org/entity/Q32556,http://www.wikidata.org/entity/Q2609,151.0,2012-01-01T00:00:00Z,2016-01-01T00:00:00Z
http://www.wikidata.org/entity/Q32556,http://www.wikidata.org/entity/Q631,124.0,2016-01-01T00:00:00Z,2021-06-01T00:00:00Z
http://www.wikidata.org/entity/Q326497,http://www.wikidata.org/entity/Q1543,11.0,1998-01-01T00:00:00Z,1999-01-01T00:00:00Z
http://www.wikidata.org/entity/Q3264988,http://www.wikidata.org/entity/Q2609,0.0,1999-01-01T00:00:00Z,2000-01-01T00:00:00Z
http://www.wikidata.org/entity/Q3264988,http://www.wikidata.org/entity/Q2641,24.0,1998-01-01T00:00:00Z,2001-01-01T00:00:00Z
http://www.wikidata.org/entity/Q3264988,http://www.wikidata.org/entity/Q1457,33.0,2001-01-01T00:00:00Z,2002-01-01T00:00:00Z
http://www.wikidata.org/entity/Q3266344,http://www.wikidata.org/entity/Q1900,7.0,2015-01-01T00:00:00Z,2015-06-01T00:00:00Z
http://www.wikidata.org/entity/Q327205,http://www.wikidata.org/entity/Q2074,19.0,2011-01-01T00:00:00Z,2013-01-01T00:00:00Z
http://www.wikidata.org/entity/Q327205,http://www.wikidata.org/entity/Q1543,1.0,2012-01-01T00:00:00Z,2012-01-01T00:00:00Z
http://www.wikidata.org/entity/Q327205,http://www.wikidata.org/entity/Q1543,8.0,2010-01-01T00:00:00Z,2011-01-01T00:00:00Z
http://www.wikidata.org/entity/Q3273059,http://www.wikidata.org/entity/Q2674,0.0,2011-01-01T00:00:00Z,2013-01-01T00:00:00Z
http://www.wikidata.org/entity/Q3273059,http://www.wikidata.org/entity/Q2074,0.0,2012-01-01T00:00:00Z,2013-01-01T00:00:00Z
http://www.wikidata.org/entity/Q327649,http://www.wikidata.org/entity/Q2074,2.0,2025-01-01T00:00:00Z,2026-06-30T00:00:00Z
http://www.wikidata.org/entity/Q327759,http://www.wikidata.org/entity/Q2052,20.0,2005-01-01T00:00:00Z,2006-01-01T00:00:00Z
http://www.wikidata.org/entity/Q328770,http://www.wikidata.org/entity/Q2609,44.0,2000-01-01T00:00:00Z,2005-01-01T00:00:00Z
http://www.wikidata.org/entity/Q328770,http://www.wikidata.org/entity/Q2693,172.0,1994-01-01T00:00:00Z,2000-01-01T00:00:00Z
http://www.wikidata.org/entity/Q3290185,http://www.wikidata.org/entity/Q2641,37.0,2003-01-01T00:00:00Z,2004-01-01T00:00:00Z
http://www.wikidata.org/entity/Q3290185,http://www.wikidata.org/entity/Q1422,1.0,1997-01-01T00:00:00Z,1999-01-01T00:00:00Z
http://www.wikidata.org/entity/Q3290185,http://www.wikidata.org/entity/Q1457,1.0,2005-01-01T00:00:00Z,2006-01-01T00:00:00Z
http://www.wikidata.org/entity/Q329501,http://www.wikidata.org/entity/Q2641,29.0,2010-01-01T00:00:00Z,2011-01-01T00:00:00Z
http://www.wikidata.org/entity/Q329524,http://www.wikidata.org/entity/Q1893,96.0,2019-08-01T00:00:00Z,2023-06-01T00:00:00Z
http://www.wikidata.org/entity/Q329524,http://www.wikidata.org/entity/Q631,91.0,2014-01-01T00:00:00Z,2017-08-01T00:00:00Z
http://www.wikidata.org/entity/Q3297729,http://www.wikidata.org/entity/Q2710,50.0,1999-01-01T00:00:00Z,2001-01-01T00:00:00Z
http://www.wikidata.org/entity/Q3299109,http://www.wikidata.org/entity/Q2074,1.0,2008-01-01T00:00:00Z,2008-01-01T00:00:00Z
http://www.wikidata.org/entity/Q3301706,http://www.wikidata.org/entity/Q2710,29.0,1999-01-01T00:00:00Z,2000-01-01T00:00:00Z
http://www.wikidata.org/entity/Q3301759,http://www.wikidata.org/entity/Q1886,0.0,2001-01-01T00:00:00Z,2002-01-01T00:00:00Z
http://www.wikidata.org/entity/Q3301759,http://www.wikidata.org/entity/Q2018,10.0,2006-01-01T00:00:00Z,2009-01-01T00:00:00Z
http://www.wikidata.org/entity/Q330245,http://www.wikidata.org/entity/Q2074,5.0,2004-01-01T00:00:00Z,2004-01-01T00:00:00Z
http://www.wikidata.org/entity/Q330798,http://www.wikidata.org/entity/Q2074,30.0,2004-01-01T00:00:00Z,2005-01-01T00:00:00Z
http://www.wikidata.org/entity/Q330798,http://www.wikidata.org/entity/Q1457,19.0,1999-01-01T00:00:00Z,2000-01-01T00:00:00Z
http://www.wikidata.org/entity/Q330798,http://www.wikidata.org/entity/Q2641,38.0,2003-01-01T00:00:00Z,2004-01-01T00:00:00Z
http://www.wikidata.org/entity/Q331239,http://www.wikidata.org/entity/Q2074,5.0,2012-01-01T00:00:00Z,2014-01-01T00:00:00Z
http://www.wikidata.org/entity/Q331599,http://www.wikidata.org/entity/Q1893,23.0,2007-01-01T00:00:00Z,2008-01-01T00:00:00Z
http://www.wikidata.org/entity/Q331599,http://www.wikidata.org/entity/Q2641,0.0,1996-01-01T00:00:00Z,1999-01-01T00:00:00Z
http://www.wikidata.org/entity/Q331914,http://www.wikidata.org/entity/Q1422,14.0,2004-01-01T00:00:00Z,2007-01-01T00:00:00Z
http://www.wikidata.org/entity/Q3323347,http://www.wikidata.org/entity/Q2609,66.0,2016-01-01T00:00:00Z,2022-06-01T00:00:00Z
http://www.wikidata.org/entity/Q332441,http://www.wikidata.org/entity/Q1886,0.0,1999-01-01T00:00:00Z,2001-01-01T00:00:00Z
http://www.wikidata.org/entity/Q332645,http://www.wikidata.org/entity/Q631,26.0,2002-01-01T00:00:00Z,2007-01-01T00:00:00Z
http://www.wikidata.org/entity/Q332645,http://www.wikidata.org/entity/Q1543,56.0,1995-01-01T00:00:00Z,2002-01-01T00:00:00Z
http://www.wikidata.org/entity/Q332675,http://www.wikidata.org/entity/Q2074,83.0,2008-01-01T00:00:00Z,2013-01-01T00:00:00Z
http://www.wikidata.org/entity/Q332675,http://www.wikidata.org/entity/Q2674,27.0,2007-01-01T00:00:00Z,2008-01-01T00:00:00Z
http://www.wikidata.org/entity/Q333793,http://www.wikidata.org/entity/Q631,73.0,2011-01-01T00:00:00Z,2015-01-01T00:00:00Z
http://www.wikidata.org/entity/Q334684,http://www.wikidata.org/entity/Q1893,142.0,1998-01-01T00:00:00Z,2004-01-01T00:00:00Z
http://www.wikidata.org/entity/Q335882,http://www.wikidata.org/entity/Q2074,32.0,1998-01-01T00:00:00Z,1999-01-01T00:00:00Z
http://www.wikidata.org/entity/Q3367796,http://www.wikidata.org/entity/Q2710,15.0,1999-01-01T00:00:00Z,1999-01-01T00:00:00Z
http://www.wikidata.org/entity/Q3367796,http://www.wikidata.org/entity/Q1457,47.0,2001-01-01T00:00:00Z,2002-01-01T00:00:00Z
http://www.wikidata.org/entity/Q3368938,http://www.wikidata.org/entity/Q2074,4.0,2003-01-01T00:00:00Z,2006-01-01T00:00:00Z
http://www.wikidata.org/entity/Q3368938,http://www.wikidata.org/entity/Q2074,2.0,2010-01-01T00:00:00Z,2010-01-01T00:00:00Z
http://www.wikidata.org/entity/Q3392850,http://www.wikidata.org/entity/Q2674,61.0,2000-01-01T00:00:00Z,2004-01-01T00:00:00Z
http://www.wikidata.org/entity/Q3397660,http://www.wikidata.org/entity/Q1422,0.0,2000-01-01T00:00:00Z,2001-01-01T00:00:00Z
http://www.wikidata.org/entity/Q19599124,http://www.wikidata.org/entity/Q631,47.0,2023-08-30T00:00:00Z,
http://www.wikidata.org/entity/Q19903718,http://www.wikidata.org/entity/Q631,96.0,2023-01-01T00:00:00Z,
http://www.wikidata.org/entity/Q20090225,http://www.wikidata.org/entity/Q631,188.0,2020-01-01T00:00:00Z,
http://www.wikidata.org/entity/Q21403452,http://www.wikidata.org/entity/Q2641,25.0,2017-01-01T00:00:00Z,
http://www.wikidata.org/entity/Q21484126,http://www.wikidata.org/entity/Q631,267.0,2018-01-01T00:00:00Z,
http://www.wikidata.org/entity/Q13543997,http://www.wikidata.org/entity/Q2609,10.0,2018-01-01T00:00:00Z,
http://www.wikidata.org/entity/Q137231,http://www.wikidata.org/entity/Q1422,32.0,2023-01-01T00:00:00Z,
http://www.wikidata.org/entity/Q13527927,http://www.wikidata.org/entity/Q1900,14.0,2014-01-01T00:00:00Z,2016-01-01T00:00:00Z
http://www.wikidata.org/entity/Q13527929,http://www.wikidata.org/entity/Q2710,7.0,2013-01-01T00:00:00Z,2013-01-01T00:00:00Z
http://www.wikidata.org/entity/Q13527929,http://www.wikidata.org/entity/Q2693,0.0,2013-01-01T00:00:00Z,2015-01-01T00:00:00Z
http://www.wikidata.org/entity/Q13527929,http://www.wikidata.org/entity/Q2710,1.0,2014-01-01T00:00:00Z,2014-01-01T00:00:00Z
http://www.wikidata.org/entity/Q13527932,http://www.wikidata.org/entity/Q1457,1.0,2014-01-01T00:00:00Z,2015-01-01T00:00:00Z
http://www.wikidata.org/entity/Q13527932,http://www.wikidata.org/entity/Q2018,9.0,2014-01-01T00:00:00Z,2014-01-01T00:00:00Z
http://www.wikidata.org/entity/Q13527938,http://www.wikidata.org/entity/Q2018,1.0,2011-01-01T00:00:00Z,2012-01-01T00:00:00Z
http://www.wikidata.org/entity/Q13548473,http://www.wikidata.org/entity/Q2037,0.0,2012-01-01T00:00:00Z,2013-01-01T00:00:00Z
http://www.wikidata.org/entity/Q13646572,http://www.wikidata.org/entity/Q631,9.0,2016-01-01T00:00:00Z,2020-01-01T00:00:00Z
http://www.wikidata.org/entity/Q137231,http://www.wikidata.org/entity/Q2641,93.0,2016-01-01T00:00:00Z,2022-01-01T00:00:00Z
http://www.wikidata.org/entity/Q137231,http://www.wikidata.org/entity/Q1422,27.0,2022-01-01T00:00:00Z,2023-01-01T00:00:00Z
http://www.wikidata.org/entity/Q1372468,http://www.wikidata.org/entity/Q1422,0.0,2005-01-01T00:00:00Z,2005-01-01T00:00:00Z
http://www.wikidata.org/entity/Q1372810,http://www.wikidata.org/entity/Q1886,63.0,2005-01-01T00:00:00Z,2007-01-01T00:00:00Z
http://www.wikidata.org/entity/Q1372810,http://www.wikidata.org/entity/Q1900,87.0,2002-01-01T00:00:00Z,2005-01-01T00:00:00Z
http://www.wikidata.org/entity/Q1372810,http://www.wikidata.org/entity/Q1893,9.0,2011-01-01T00:00:00Z,2012-01-01T00:00:00Z
http://www.wikidata.org/entity/Q1373108,http://www.wikidata.org/entity/Q2018,9.0,2008-01-01T00:00:00Z,2012-01-01T00:00:00Z
http://www.wikidata.org/entity/Q1376912,http://www.wikidata.org/entity/Q2693,18.0,2002-01-01T00:00:00Z,2007-01-01T00:00:00Z
http://www.wikidata.org/entity/Q1377804,http://www.wikidata.org/entity/Q2693,24.0,1999-01-01T00:00:00Z,2000-01-01T00:00:00Z
http://www.wikidata.org/entity/Q1377804,http://www.wikidata.org/entity/Q2018,14.0,2004-01-01T00:00:00Z,2005-01-01T00:00:00Z
http://www.wikidata.org/entity/Q1378371,http://www.wikidata.org/entity/Q1543,24.0,2021-08-01T00:00:00Z,2022-06-01T00:00:00Z
http://www.wikidata.org/entity/Q1378371,http://www.wikidata.org/entity/Q1543,38.0,2022-07-01T00:00:00Z,2025-01-01T00:00:00Z
http://www.wikidata.org/entity/Q137856,http://www.wikidata.org/entity/Q1543,0.0,2018-01-01T00:00:00Z,2020-01-01T00:00:00Z
http://www.wikidata.org/entity/Q1378799,http://www.wikidata.org/entity/Q1893,23.0,2004-01-01T00:00:00Z,2005-01-01T00:00:00Z
http://www.wikidata.org/entity/Q1378799,http://www.wikidata.org/entity/Q1543,54.0,1999-01-01T00:00:00Z,2001-01-01T00:00:00Z
http://www.wikidata.org/entity/Q1378799,http://www.wikidata.org/entity/Q2037,37.0,2005-01-01T00:00:00Z,2007-01-01T00:00:00Z
http://www.wikidata.org/entity/Q1378799,http://www.wikidata.org/entity/Q2693,15.0,1997-01-01T00:00:00Z,1999-01-01T00:00:00Z
http://www.wikidata.org/entity/Q1379836,http://www.wikidata.org/entity/Q2074,0.0,2003-01-01T00:00:00Z,2004-01-01T00:00:00Z
http://www.wikidata.org/entity/Q138075,http://www.wikidata.org/entity/Q1543,117.0,2007-01-01T00:00:00Z,2013-01-01T00:00:00Z
http://www.wikidata.org/entity/Q1380874,http://www.wikidata.org/entity/Q2609,113.0,2010-01-01T00:00:00Z,2015-01-01T00:00:00Z
http://www.wikidata.org/entity/Q1384568,http://www.wikidata.org/entity/Q2674,69.0,2002-01-01T00:00:00Z,2006-01-01T00:00:00Z
http://www.wikidata.org/entity/Q1384568,http://www.wikidata.org/entity/Q2037,60.0,1998-01-01T00:00:00Z,2000-01-01T00:00:00Z
http://www.wikidata.org/entity/Q1384568,http://www.wikidata.org/entity/Q1886,1.0,2006-01-01T00:00:00Z,2007-01-01T00:00:00Z
http://www.wikidata.org/entity/Q1384696,http://www.wikidata.org/entity/Q2674,0.0,2005-01-01T00:00:00Z,2005-01-01T00:00:00Z
http://www.wikidata.org/entity/Q1386721,http://www.wikidata.org/entity/Q2693,0.0,2007-01-01T00:00:00Z,2010-01-01T00:00:00Z
http://www.wikidata.org/entity/Q1391784,http://www.wikidata.org/entity/Q2641,28.0,2000-01-01T00:00:00Z,2001-01-01T00:00:00Z
http://www.wikidata.org/entity/Q1391784,http://www.wikidata.org/entity/Q2641,28.0,2000-01-01T00:00:00Z,2000-01-01T00:00:00Z
http://www.wikidata.org/entity/Q1393099,http://www.wikidata.org/entity/Q2609,53.0,2010-01-01T00:00:00Z,2015-01-01T00:00:00Z
http://www.wikidata.org/entity/Q1396280,http://www.wikidata.org/entity/Q1457,25.0,2007-01-01T00:00:00Z,2008-01-01T00:00:00Z
http://www.wikidata.org/entity/Q1396280,http://www.wikidata.org/entity/Q1543,8.0,2003-01-01T00:00:00Z,2007-01-01T00:00:00Z
http://www.wikidata.org/entity/Q1396445,http://www.wikidata.org/entity/Q2609,39.0,2003-01-01T00:00:00Z,2005-01-01T00:00:00Z
http://www.wikidata.org/entity/Q1396445,http://www.wikidata.org/entity/Q1900,144.0,1995-01-01T00:00:00Z,1999-01-01T00:00:00Z
http://www.wikidata.org/entity/Q1399099,http://www.wikidata.org/entity/Q1422,0.0,2009-01-01T00:00:00Z,2012-01-01T00:00:00Z
http://www.wikidata.org/entity/Q1407923,http://www.wikidata.org/entity/Q1457,30.0,2011-01-01T00:00:00Z,2012-01-01T00:00:00Z
http://www.wikidata.org/entity/Q1408047,http://www.wikidata.org/entity/Q2674,42.0,2003-01-01T00:00:00Z,2004-01-01T00:00:00Z
http://www.wikidata.org/entity/Q1408047,http://www.wikidata.org/entity/Q2052,1.0,2006-01-01T00:00:00Z,2006-01-01T00:00:00Z
http://www.wikidata.org/entity/Q1408047,http://www.wikidata.org/entity/Q2693,1.0,2004-01-01T00:00:00Z,2004-01-01T00:00:00Z
http://www.wikidata.org/entity/Q1408047,http://www.wikidata.org/entity/Q1457,11.0,2006-01-01T00:00:00Z,2007-01-01T00:00:00Z
http://www.wikidata.org/entity/Q20019273,http://www.wikidata.org/entity/Q1543,210.0,2014-01-01T00:00:00Z,2025-07-01T00:00:00Z
http://www.wikidata.org/entity/Q20019273,http://www.wikidata.org/entity/Q1893,11.0,2025-02-03T00:00:00Z,2025-06-30T00:00:00Z
http://www.wikidata.org/entity/Q20039495,http://www.wikidata.org/entity/Q2609,29.0,2023-08-03T00:00:00Z,2024-01-01T00:00:00Z
http://www.wikidata.org/entity/Q20090219,http://www.wikidata.org/entity/Q2037,46.0,2016-01-01T00:00:00Z,2019-01-01T00:00:00Z
http://www.wikidata.org/entity/Q20090219,http://www.wikidata.org/entity/Q2074,108.0,2020-01-01T00:00:00Z,2025-01-01T00:00:00Z
http://www.wikidata.org/entity/Q20090225,http://www.wikidata.org/entity/Q631,27.0,2019-01-01T00:00:00Z,2020-01-01T00:00:00Z
http://www.wikidata.org/entity/Q20090225,http://www.wikidata.org/entity/Q1900,105.0,2014-01-01T00:00:00Z,2020-01-01T00:00:00Z
http://www.wikidata.org/entity/Q20090581,http://www.wikidata.org/entity/Q2674,0.0,2011-01-01T00:00:00Z,2014-01-01T00:00:00Z
http://www.wikidata.org/entity/Q2063672,http://www.wikidata.org/entity/Q1457,24.0,2012-01-01T00:00:00Z,2014-01-01T00:00:00Z
http://www.wikidata.org/entity/Q2072768,http://www.wikidata.org/entity/Q2609,3.0,2011-01-01T00:00:00Z,2013-01-01T00:00:00Z
http://www.wikidata.org/entity/Q207464,http://www.wikidata.org/entity/Q1543,0.0,2009-01-01T00:00:00Z,2011-01-01T00:00:00Z
http://www.wikidata.org/entity/Q207548,http://www.wikidata.org/entity/Q631,88.0,2001-01-01T00:00:00Z,2006-01-01T00:00:00Z
http://www.wikidata.org/entity/Q207800,http://www.wikidata.org/entity/Q2052,62.0,2010-01-01T00:00:00Z,2012-01-01T00:00:00Z
http://www.wikidata.org/entity/Q2078886,http://www.wikidata.org/entity/Q2074,14.0,2009-01-01T00:00:00Z,2012-01-01T00:00:00Z
http://www.wikidata.org/entity/Q2080087,http://www.wikidata.org/entity/Q2037,1.0,2014-07-01T00:00:00Z,2016-06-01T00:00:00Z
http://www.wikidata.org/entity/Q208025,http://www.wikidata.org/entity/Q2693,88.0,2018-08-01T00:00:00Z,2021-06-01T00:00:00Z
http://www.wikidata.org/entity/Q208050,http://www.wikidata.org/entity/Q1422,130.0,2018-08-01T00:00:00Z,2023-09-01T00:00:00Z
http://www.wikidata.org/entity/Q208050,http://www.wikidata.org/entity/Q1543,35.0,2017-07-01T00:00:00Z,2018-08-01T00:00:00Z
http://www.wikidata.org/entity/Q208050,http://www.wikidata.org/entity/Q631,1.0,2005-01-01T00:00:00Z,2009-01-01T00:00:00Z
http://www.wikidata.org/entity/Q208050,http://www.wikidata.org/entity/Q1422,227.0,2010-01-01T00:00:00Z,2017-07-01T00:00:00Z
http://www.wikidata.org/entity/Q208050,http://www.wikidata.org/entity/Q2074,0.0,2009-07-01T00:00:00Z,2009-07-02T00:00:00Z
http://www.wikidata.org/entity/Q208422,http://www.wikidata.org/entity/Q1543,4.0,2011-01-01T00:00:00Z,2013-01-01T00:00:00Z
http://www.wikidata.org/entity/Q208425,http://www.wikidata.org/entity/Q2037,35.0,2011-08-01T00:00:00Z,2012-01-01T00:00:00Z
http://www.wikidata.org/entity/Q2084645,http://www.wikidata.org/entity/Q2037,0.0,2009-01-01T00:00:00Z,2015-01-01T00:00:00Z
http://www.wikidata.org/entity/Q2084645,http://www.wikidata.org/entity/Q1900,29.0,2014-01-01T00:00:00Z,2015-01-01T00:00:00Z
http://www.wikidata.org/entity/Q208586,http://www.wikidata.org/entity/Q2609,100.0,2008-01-01T00:00:00Z,2011-01-01T00:00:00Z
http://www.wikidata.org/entity/Q208586,http://www.wikidata.org/entity/Q1422,201.0,2011-01-01T00:00:00Z,2018-05-30T00:00:00Z
http://www.wikidata.org/entity/Q208638,http://www.wikidata.org/entity/Q1543,76.0,2020-07-15T00:00:00Z,2024-06-01T00:00:00Z
http://www.wikidata.org/entity/Q208638,http://www.wikidata.org/entity/Q1543,15.0,2020-01-13T00:00:00Z,2020-06-01T00:00:00Z
http://www.wikidata.org/entity/Q208638,http://www.wikidata.org/entity/Q1886,5.0,2019-09-01T00:00:00Z,2020-01-01T00:00:00Z
http://www.wikidata.org/entity/Q208638,http://www.wikidata.org/entity/Q2674,62.0,2008-01-01T00:00:00Z,2010-01-01T00:00:00Z
http://www.wikidata.org/entity/Q208673,http://www.wikidata.org/entity/Q1457,14.0,2011-01-05T00:00:00Z,2011-06-30T00:00:00Z
http://www.wikidata.org/entity/Q208680,http://www.wikidata.org/entity/Q2641,189.0,2007-01-01T00:00:00Z,2015-01-01T00:00:00Z
http://www.wikidata.org/entity/Q208680,http://www.wikidata.org/entity/Q631,28.0,2012-01-01T00:00:00Z,2013-01-01T00:00:00Z
http://www.wikidata.org/entity/Q208680,http://www.wikidata.org/entity/Q2693,22.0,2013-01-01T00:00:00Z,2014-01-01T00:00:00Z
http://www.wikidata.org/entity/Q2089380,http://www.wikidata.org/entity/Q631,29.0,2004-01-01T00:00:00Z,2006-01-01T00:00:00Z
http://www.wikidata.org/entity/Q2092409,http://www.wikidata.org/entity/Q2710,17.0,2012-01-01T00:00:00Z,2013-01-01T00:00:00Z
http://www.wikidata.org/entity/Q2093651,http://www.wikidata.org/entity/Q1457,90.0,1996-01-01T00:00:00Z,1999-01-01T00:00:00Z
http://www.wikidata.org/entity/Q209944,http://www.wikidata.org/entity/Q2052,10.0,2014-01-01T00:00:00Z,2015-01-01T00:00:00Z
http://www.wikidata.org/entity/Q210279,http://www.wikidata.org/entity/Q1422,13.0,2017-01-01T00:00:00Z,2017-01-01T00:00:00Z
http://www.wikidata.org/entity/Q210279,http://www.wikidata.org/entity/Q2074,78.0,2014-01-01T00:00:00Z,2016-01-01T00:00:00Z
http://www.wikidata.org/entity/Q2103406,http://www.wikidata.org/entity/Q2693,0.0,2011-01-01T00:00:00Z,2011-01-01T00:00:00Z
http://www.wikidata.org/entity/Q210453,http://www.wikidata.org/entity/Q1543,93.0,2009-01-01T00:00:00Z,2012-01-01T00:00:00Z
http://www.wikidata.org/entity/Q210491,http://www.wikidata.org/entity/Q631,115.0,2007-01-01T00:00:00Z,2014-01-01T00:00:00Z
http://www.wikidata.org/entity/Q210919,http://www.wikidata.org/entity/Q2609,17.0,2014-01-01T00:00:00Z,2016-01-01T00:00:00Z
http://www.wikidata.org/entity/Q210944,http://www.wikidata.org/entity/Q1422,42.0,2007-01-01T00:00:00Z,2011-01-01T00:00:00Z
http://www.wikidata.org/entity/Q2110287,http://www.wikidata.org/entity/Q1422,0.0,2011-01-01T00:00:00Z,2013-01-01T00:00:00Z
http://www.wikidata.org/entity/Q211048,http://www.wikidata.org/entity/Q2674,31.0,2016-08-01T00:00:00Z,2017-01-01T00:00:00Z
http://www.wikidata.org/entity/Q211048,http://www.wikidata.org/entity/Q2052,3.0,2003-01-01T00:00:00Z,2003-01-01T00:00:00Z
http://www.wikidata.org/entity/Q211048,http://www.wikidata.org/entity/Q1886,16.0,2016-01-01T00:00:00Z,2016-06-01T00:00:00Z
http://www.wikidata.org/entity/Q211048,http://www.wikidata.org/entity/Q2052,11.0,2015-01-01T00:00:00Z,2015-01-01T00:00:00Z
http://www.wikidata.org/entity/Q211048,http://www.wikidata.org/entity/Q1893,83.0,2011-01-01T00:00:00Z,2014-01-01T00:00:00Z
http://www.wikidata.org/entity/Q2110721,http://www.wikidata.org/entity/Q2018,23.0,2011-01-01T00:00:00Z,2014-01-01T00:00:00Z
http://www.wikidata.org/entity/Q211151,http://www.wikidata.org/entity/Q1422,48.0,2003-01-01T00:00:00Z,2005-01-01T00:00:00Z
http://www.wikidata.org/entity/Q211151,http://www.wikidata.org/entity/Q1893,2.0,2009-01-01T00:00:00Z,2010-01-01T00:00:00Z
http://www.wikidata.org/entity/Q211151,http://www.wikidata.org/entity/Q2693,28.0,2000-01-01T00:00:00Z,2003-01-01T00:00:00Z
http://www.wikidata.org/entity/Q211451,http://www.wikidata.org/entity/Q2609,82.0,2007-01-01T00:00:00Z,2010-01-01T00:00:00Z
http://www.wikidata.org/entity/Q211451,http://www.wikidata.org/entity/Q631,10.0,2020-01-01T00:00:00Z,2022-01-01T00:00:00Z
http://www.wikidata.org/entity/Q2117509,http://www.wikidata.org/entity/Q1900,115.0,2011-01-01T00:00:00Z,2015-01-01T00:00:00Z
http://www.wikidata.org/entity/Q212229,http://www.wikidata.org/entity/Q1893,108.0,2017-01-01T00:00:00Z,2021-01-01T00:00:00Z
http://www.wikidata.org/entity/Q212229,http://www.wikidata.org/entity/Q1543,90.0,2013-01-01T00:00:00Z,2017-01-01T00:00:00Z
http://www.wikidata.org/entity/Q212229,http://www.wikidata.org/entity/Q631,18.0,2011-01-01T00:00:00Z,2012-01-01T00:00:00Z
http://www.wikidata.org/entity/Q212229,http://www.wikidata.org/entity/Q1457,84.0,2007-01-01T00:00:00Z,2013-01-01T00:00:00Z
http://www.wikidata.org/entity/Q212491,http://www.wikidata.org/entity/Q2074,19.0,2003-01-01T00:00:00Z,2004-01-01T00:00:00Z
http://www.wikidata.org/entity/Q212491,http://www.wikidata.org/entity/Q1893,19.0,1999-01-01T00:00:00Z,2000-01-01T00:00:00Z
http://www.wikidata.org/entity/Q212491,http://www.wikidata.org/entity/Q631,33.0,1997-01-01T00:00:00Z,1999-01-01T00:00:00Z
http://www.wikidata.org/entity/Q212756,http://www.wikidata.org/entity/Q631,27.0,2007-01-01T00:00:00Z,2011-01-01T00:00:00Z
http://www.wikidata.org/entity/Q212756,http://www.wikidata.org/entity/Q2074,16.0,2010-01-01T00:00:00Z,2010-01-01T00:00:00Z
http://www.wikidata.org/entity/Q212756,http://www.wikidata.org/entity/Q2018,6.0,2011-01-01T00:00:00Z,2012-01-01T00:00:00Z
http://www.wikidata.org/entity/Q212756,http://www.wikidata.org/entity/Q1900,255.0,1999-01-01T00:00:00Z,2007-01-01T00:00:00Z
http://www.wikidata.org/entity/Q213002,http://www.wikidata.org/entity/Q631,380.0,2012-01-01T00:00:00Z,2023-06-01T00:00:00Z
http://www.wikidata.org/entity/Q213002,http://www.wikidata.org/entity/Q2609,1.0,2006-01-01T00:00:00Z,2006-06-01T00:00:00Z
http://www.wikidata.org/entity/Q213007,http://www.wikidata.org/entity/Q1543,243.0,2009-01-01T00:00:00Z,2019-06-01T00:00:00Z
http://www.wikidata.org/entity/Q213007,http://www.wikidata.org/entity/Q2641,29.0,2004-01-01T00:00:00Z,2005-01-01T00:00:00Z
http://www.wikidata.org/entity/Q213007,http://www.wikidata.org/entity/Q1543,0.0,2003-01-01T00:00:00Z,2004-01-01T00:00:00Z
http://www.wikidata.org/entity/Q21484766,http://www.wikidata.org/entity/Q1886,105.0,2022-01-01T00:00:00Z,2026-02-01T00:00:00Z
http://www.wikidata.org/entity/Q21523936,http://www.wikidata.org/entity/Q2052,14.0,2021-01-01T00:00:00Z,2022-01-01T00:00:00Z
http://www.wikidata.org/entity/Q21523936,http://www.wikidata.org/entity/Q1543,37.0,2019-01-23T00:00:00Z,2020-01-30T00:00:00Z
http://www.wikidata.org/entity/Q21523936,http://www.wikidata.org/entity/Q2074,21.0,2018-07-01T00:00:00Z,2019-01-22T00:00:00Z
http://www.wikidata.org/entity/Q21584736,http://www.wikidata.org/entity/Q1893,7.0,2016-01-01T00:00:00Z,2017-01-01T00:00:00Z
http://www.wikidata.org/entity/Q21621171,http://www.wikidata.org/entity/Q1422,0.0,2014-01-01T00:00:00Z,2015-01-01T00:00:00Z
http://www.wikidata.org/entity/Q21872796,http://www.wikidata.org/entity/Q2641,4.0,2009-01-01T00:00:00Z,2011-01-01T00:00:00Z
http://www.wikidata.org/entity/Q19519458,http://www.wikidata.org/entity/Q2037,1.0,2013-01-01T00:00:00Z,2015-01-01T00:00:00Z
http://www.wikidata.org/entity/Q19559968,http://www.wikidata.org/entity/Q2609,0.0,2012-01-01T00:00:00Z,2014-01-01T00:00:00Z
http://www.wikidata.org/entity/Q19578002,http://www.wikidata.org/entity/Q2693,0.0,2013-01-01T00:00:00Z,2015-01-01T00:00:00Z
http://www.wikidata.org/entity/Q19594193,http://www.wikidata.org/entity/Q2074,0.0,2013-01-01T00:00:00Z,2014-01-01T00:00:00Z
http://www.wikidata.org/entity/Q19609836,http://www.wikidata.org/entity/Q2693,0.0,2013-01-01T00:00:00Z,2015-01-01T00:00:00Z
http://www.wikidata.org/entity/Q19647586,http://www.wikidata.org/entity/Q2018,11.0,2015-01-01T00:00:00Z,2016-01-01T00:00:00Z
http://www.wikidata.org/entity/Q19664625,http://www.wikidata.org/entity/Q2693,0.0,2013-01-01T00:00:00Z,2014-01-01T00:00:00Z
http://www.wikidata.org/entity/Q19665513,http://www.wikidata.org/entity/Q2693,0.0,2013-01-01T00:00:00Z,2015-01-01T00:00:00Z
http://www.wikidata.org/entity/Q19665992,http://www.wikidata.org/entity/Q2693,0.0,2013-01-01T00:00:00Z,2015-01-01T00:00:00Z
http://www.wikidata.org/entity/Q19667244,http://www.wikidata.org/entity/Q2693,0.0,2013-01-01T00:00:00Z,2015-01-01T00:00:00Z
http://www.wikidata.org/entity/Q19667286,http://www.wikidata.org/entity/Q2693,0.0,2013-01-01T00:00:00Z,2015-01-01T00:00:00Z
http://www.wikidata.org/entity/Q19861120,http://www.wikidata.org/entity/Q1422,2.0,2014-01-01T00:00:00Z,2016-01-01T00:00:00Z
http://www.wikidata.org/entity/Q19883106,http://www.wikidata.org/entity/Q2674,8.0,2001-01-01T00:00:00Z,2002-01-01T00:00:00Z
http://www.wikidata.org/entity/Q19894980,http://www.wikidata.org/entity/Q1543,0.0,2013-01-01T00:00:00Z,2015-01-01T00:00:00Z
http://www.wikidata.org/entity/Q19948076,http://www.wikidata.org/entity/Q2052,25.0,2021-01-01T00:00:00Z,2022-01-01T00:00:00Z
http://www.wikidata.org/entity/Q19969209,http://www.wikidata.org/entity/Q2710,7.0,2015-01-01T00:00:00Z,2016-01-01T00:00:00Z
http://www.wikidata.org/entity/Q1999736,http://www.wikidata.org/entity/Q1422,1.0,2003-01-01T00:00:00Z,2007-01-01T00:00:00Z
http://www.wikidata.org/entity/Q200868,http://www.wikidata.org/entity/Q2641,51.0,2000-01-01T00:00:00Z,2002-01-01T00:00:00Z
http://www.wikidata.org/entity/Q200868,http://www.wikidata.org/entity/Q1543,113.0,2005-01-01T00:00:00Z,2011-01-01T00:00:00Z
http://www.wikidata.org/entity/Q2009914,http://www.wikidata.org/entity/Q2641,12.0,2004-01-01T00:00:00Z,2004-01-01T00:00:00Z
http://www.wikidata.org/entity/Q2009914,http://www.wikidata.org/entity/Q2641,20.0,2003-01-01T00:00:00Z,2003-01-01T00:00:00Z
http://www.wikidata.org/entity/Q2012626,http://www.wikidata.org/entity/Q2052,24.0,2014-01-01T00:00:00Z,2016-01-01T00:00:00Z
http://www.wikidata.org/entity/Q201367,http://www.wikidata.org/entity/Q1900,5.0,2017-01-01T00:00:00Z,2018-01-01T00:00:00Z
http://www.wikidata.org/entity/Q2014617,http://www.wikidata.org/entity/Q631,0.0,2009-01-01T00:00:00Z,2013-01-01T00:00:00Z
http://www.wikidata.org/entity/Q2014963,http://www.wikidata.org/entity/Q2018,6.0,2011-01-01T00:00:00Z,2013-01-01T00:00:00Z
http://www.wikidata.org/entity/Q2017085,http://www.wikidata.org/entity/Q2074,11.0,2016-01-01T00:00:00Z,2016-01-01T00:00:00Z
http://www.wikidata.org/entity/Q201825,http://www.wikidata.org/entity/Q2641,408.0,2007-01-01T00:00:00Z,2019-02-01T00:00:00Z
http://www.wikidata.org/entity/Q2018541,http://www.wikidata.org/entity/Q2693,6.0,2010-01-01T00:00:00Z,2015-01-01T00:00:00Z
http://www.wikidata.org/entity/Q201896,http://www.wikidata.org/entity/Q1422,4.0,2011-01-01T00:00:00Z,2012-01-01T00:00:00Z
http://www.wikidata.org/entity/Q201910,http://www.wikidata.org/entity/Q1422,40.0,2010-01-01T00:00:00Z,2012-01-01T00:00:00Z
http://www.wikidata.org/entity/Q202054,http://www.wikidata.org/entity/Q1543,82.0,2014-01-01T00:00:00Z,2017-01-01T00:00:00Z
http://www.wikidata.org/entity/Q2022061,http://www.wikidata.org/entity/Q2037,0.0,2005-01-01T00:00:00Z,2005-01-01T00:00:00Z
http://www.wikidata.org/entity/Q2023579,http://www.wikidata.org/entity/Q631,0.0,2001-01-01T00:00:00Z,2003-01-01T00:00:00Z
http://www.wikidata.org/entity/Q2023579,http://www.wikidata.org/entity/Q1543,1.0,2000-01-01T00:00:00Z,2001-01-01T00:00:00Z
http://www.wikidata.org/entity/Q202569,http://www.wikidata.org/entity/Q631,79.0,2001-01-01T00:00:00Z,2005-01-01T00:00:00Z
http://www.wikidata.org/entity/Q202645,http://www.wikidata.org/entity/Q2693,31.0,2002-01-01T00:00:00Z,2003-01-01T00:00:00Z
http://www.wikidata.org/entity/Q202645,http://www.wikidata.org/entity/Q2052,112.0,2006-01-01T00:00:00Z,2011-01-01T00:00:00Z
http://www.wikidata.org/entity/Q202645,http://www.wikidata.org/entity/Q1422,33.0,2005-01-13T00:00:00Z,2006-01-01T00:00:00Z
http://www.wikidata.org/entity/Q202645,http://www.wikidata.org/entity/Q631,10.0,1999-01-01T00:00:00Z,2000-01-01T00:00:00Z
http://www.wikidata.org/entity/Q2032119,http://www.wikidata.org/entity/Q2641,33.0,2006-01-01T00:00:00Z,2010-01-01T00:00:00Z
http://www.wikidata.org/entity/Q2032119,http://www.wikidata.org/entity/Q1543,0.0,1998-01-01T00:00:00Z,2001-01-01T00:00:00Z
http://www.wikidata.org/entity/Q2032119,http://www.wikidata.org/entity/Q2018,35.0,2005-01-01T00:00:00Z,2006-01-01T00:00:00Z
http://www.wikidata.org/entity/Q203657,http://www.wikidata.org/entity/Q1543,76.0,2002-01-01T00:00:00Z,2005-01-01T00:00:00Z
http://www.wikidata.org/entity/Q203684,http://www.wikidata.org/entity/Q2037,16.0,2015-01-01T00:00:00Z,2016-01-01T00:00:00Z
http://www.wikidata.org/entity/Q203684,http://www.wikidata.org/entity/Q1422,76.0,2010-01-01T00:00:00Z,2015-01-01T00:00:00Z
http://www.wikidata.org/entity/Q203684,http://www.wikidata.org/entity/Q1900,36.0,2006-01-01T00:00:00Z,2007-01-01T00:00:00Z
http://www.wikidata.org/entity/Q203684,http://www.wikidata.org/entity/Q2674,22.0,2003-01-01T00:00:00Z,2006-01-01T00:00:00Z
http://www.wikidata.org/entity/Q203684,http://www.wikidata.org/entity/Q2710,12.0,2016-01-01T00:00:00Z,2017-01-01T00:00:00Z
http://www.wikidata.org/entity/Q203749,http://www.wikidata.org/entity/Q2609,96.0,2007-01-01T00:00:00Z,2011-01-01T00:00:00Z
http://www.wikidata.org/entity/Q204108,http://www.wikidata.org/entity/Q631,248.0,1997-01-01T00:00:00Z,2008-01-01T00:00:00Z
http://www.wikidata.org/entity/Q204141,http://www.wikidata.org/entity/Q1422,48.0,2008-01-01T00:00:00Z,2010-01-01T00:00:00Z
http://www.wikidata.org/entity/Q204450,http://www.wikidata.org/entity/Q1422,58.0,2009-01-01T00:00:00Z,2013-01-01T00:00:00Z
http://www.wikidata.org/entity/Q204450,http://www.wikidata.org/entity/Q631,31.0,2015-01-01T00:00:00Z,2017-01-01T00:00:00Z
http://www.wikidata.org/entity/Q204450,http://www.wikidata.org/entity/Q2052,29.0,2008-01-01T00:00:00Z,2009-01-01T00:00:00Z
http://www.wikidata.org/entity/Q204848,http://www.wikidata.org/entity/Q1543,97.0,2008-01-01T00:00:00Z,2013-01-01T00:00:00Z
http://www.wikidata.org/entity/Q205188,http://www.wikidata.org/entity/Q2074,108.0,2014-01-01T00:00:00Z,2017-01-01T00:00:00Z
http://www.wikidata.org/entity/Q205188,http://www.wikidata.org/entity/Q631,93.0,2004-01-01T00:00:00Z,2009-01-01T00:00:00Z
http://www.wikidata.org/entity/Q2053358,http://www.wikidata.org/entity/Q2052,67.0,2013-01-01T00:00:00Z,2017-01-01T00:00:00Z
http://www.wikidata.org/entity/Q2053358,http://www.wikidata.org/entity/Q1900,9.0,2014-01-01T00:00:00Z,2014-06-01T00:00:00Z
http://www.wikidata.org/entity/Q2053358,http://www.wikidata.org/entity/Q631,104.0,2017-01-01T00:00:00Z,2022-01-01T00:00:00Z
http://www.wikidata.org/entity/Q2055422,http://www.wikidata.org/entity/Q2693,0.0,2012-01-01T00:00:00Z,2014-01-01T00:00:00Z
http://www.wikidata.org/entity/Q2056827,http://www.wikidata.org/entity/Q2641,32.0,2012-08-01T00:00:00Z,2017-01-01T00:00:00Z
http://www.wikidata.org/entity/Q205773,http://www.wikidata.org/entity/Q1422,0.0,1999-01-01T00:00:00Z,2001-01-01T00:00:00Z
http://www.wikidata.org/entity/Q2059420,http://www.wikidata.org/entity/Q2674,4.0,2014-01-01T00:00:00Z,2015-01-01T00:00:00Z
http://www.wikidata.org/entity/Q2061855,http://www.wikidata.org/entity/Q2018,33.0,2012-01-01T00:00:00Z,2015-01-01T00:00:00Z
http://www.wikidata.org/entity/Q2061855,http://www.wikidata.org/entity/Q2074,0.0,2010-01-01T00:00:00Z,2010-01-01T00:00:00Z
http://www.wikidata.org/entity/Q2061947,http://www.wikidata.org/entity/Q2037,0.0,2007-01-01T00:00:00Z,2007-01-01T00:00:00Z
http://www.wikidata.org/entity/Q2061947,http://www.wikidata.org/entity/Q2018,0.0,2000-01-01T00:00:00Z,2001-01-01T00:00:00Z
http://www.wikidata.org/entity/Q2063225,http://www.wikidata.org/entity/Q1422,0.0,2007-01-01T00:00:00Z,2010-01-01T00:00:00Z
http://www.wikidata.org/entity/Q2063225,http://www.wikidata.org/entity/Q2710,93.0,2010-01-01T00:00:00Z,2015-01-01T00:00:00Z
http://www.wikidata.org/entity/Q2063225,http://www.wikidata.org/entity/Q2018,20.0,2015-01-01T00:00:00Z,2015-01-01T00:00:00Z
http://www.wikidata.org/entity/Q2066714,http://www.wikidata.org/entity/Q1457,132.0,2010-01-01T00:00:00Z,2015-01-01T00:00:00Z
http://www.wikidata.org/entity/Q2070482,http://www.wikidata.org/entity/Q2674,0.0,2012-01-01T00:00:00Z,2014-01-01T00:00:00Z
http://www.wikidata.org/entity/Q207129,http://www.wikidata.org/entity/Q1886,10.0,2007-01-01T00:00:00Z,2008-01-01T00:00:00Z
http://www.wikidata.org/entity/Q207129,http://www.wikidata.org/entity/Q2693,29.0,2006-01-01T00:00:00Z,2007-01-01T00:00:00Z
http://www.wikidata.org/entity/Q207158,http://www.wikidata.org/entity/Q2693,10.0,2005-01-01T00:00:00Z,2006-01-01T00:00:00Z
http://www.wikidata.org/entity/Q20740563,http://www.wikidata.org/entity/Q2641,0.0,2013-01-01T00:00:00Z,2013-01-01T00:00:00Z
http://www.wikidata.org/entity/Q20740730,http://www.wikidata.org/entity/Q2641,0.0,2012-01-01T00:00:00Z,2012-01-01T00:00:00Z
http://www.wikidata.org/entity/Q20745021,http://www.wikidata.org/entity/Q1900,37.0,2020-09-01T00:00:00Z,2021-06-01T00:00:00Z
http://www.wikidata.org/entity/Q20745021,http://www.wikidata.org/entity/Q1900,69.0,2021-07-01T00:00:00Z,2025-07-01T00:00:00Z
http://www.wikidata.org/entity/Q20807338,http://www.wikidata.org/entity/Q2693,0.0,2012-01-01T00:00:00Z,2015-01-01T00:00:00Z
http://www.wikidata.org/entity/Q20830808,http://www.wikidata.org/entity/Q1543,215.0,2015-01-01T00:00:00Z,2021-01-01T00:00:00Z
http://www.wikidata.org/entity/Q27889974,http://www.wikidata.org/entity/Q2052,59.0,2024-07-01T00:00:00Z,
http://www.wikidata.org/entity/Q28363823,http://www.wikidata.org/entity/Q1422,19.0,2024-07-01T00:00:00Z,
http://www.wikidata.org/entity/Q27107030,http://www.wikidata.org/entity/Q2074,91.0,2023-01-01T00:00:00Z,2026-09-01T00:00:00Z
http://www.wikidata.org/entity/Q2711023,http://www.wikidata.org/entity/Q2674,8.0,2013-01-01T00:00:00Z,2013-01-01T00:00:00Z
http://www.wikidata.org/entity/Q2711100,http://www.wikidata.org/entity/Q2074,28.0,2001-01-01T00:00:00Z,2003-01-01T00:00:00Z
http://www.wikidata.org/entity/Q271882,http://www.wikidata.org/entity/Q1422,35.0,2005-01-01T00:00:00Z,2007-01-01T00:00:00Z
http://www.wikidata.org/entity/Q2724855,http://www.wikidata.org/entity/Q1457,41.0,2020-10-01T00:00:00Z,2022-01-01T00:00:00Z
http://www.wikidata.org/entity/Q2725063,http://www.wikidata.org/entity/Q2693,13.0,2015-01-01T00:00:00Z,2015-01-01T00:00:00Z
http://www.wikidata.org/entity/Q2731993,http://www.wikidata.org/entity/Q1900,0.0,2007-01-01T00:00:00Z,2008-01-01T00:00:00Z
http://www.wikidata.org/entity/Q2733769,http://www.wikidata.org/entity/Q2074,16.0,2001-01-01T00:00:00Z,2002-01-01T00:00:00Z
http://www.wikidata.org/entity/Q2736247,http://www.wikidata.org/entity/Q1457,23.0,2012-01-01T00:00:00Z,2014-01-01T00:00:00Z
http://www.wikidata.org/entity/Q2736247,http://www.wikidata.org/entity/Q1457,18.0,2012-01-01T00:00:00Z,2012-01-01T00:00:00Z
http://www.wikidata.org/entity/Q2742115,http://www.wikidata.org/entity/Q2710,5.0,2011-01-01T00:00:00Z,2012-01-01T00:00:00Z
http://www.wikidata.org/entity/Q275415,http://www.wikidata.org/entity/Q2641,156.0,2007-01-01T00:00:00Z,2012-01-01T00:00:00Z
http://www.wikidata.org/entity/Q2756601,http://www.wikidata.org/entity/Q1900,25.0,2013-01-01T00:00:00Z,2014-01-01T00:00:00Z
http://www.wikidata.org/entity/Q2763075,http://www.wikidata.org/entity/Q2693,4.0,2012-01-01T00:00:00Z,2015-01-01T00:00:00Z
http://www.wikidata.org/entity/Q276402,http://www.wikidata.org/entity/Q2693,19.0,2015-01-01T00:00:00Z,2015-01-01T00:00:00Z
http://www.wikidata.org/entity/Q276434,http://www.wikidata.org/entity/Q2674,69.0,2009-01-01T00:00:00Z,2011-01-01T00:00:00Z
http://www.wikidata.org/entity/Q276544,http://www.wikidata.org/entity/Q1422,110.0,1998-01-01T00:00:00Z,2007-01-01T00:00:00Z
http://www.wikidata.org/entity/Q27655591,http://www.wikidata.org/entity/Q2609,31.0,2014-01-01T00:00:00Z,2019-07-01T00:00:00Z
http://www.wikidata.org/entity/Q27663808,http://www.wikidata.org/entity/Q2609,53.0,2024-01-01T00:00:00Z,2026-01-01T00:00:00Z
http://www.wikidata.org/entity/Q27663808,http://www.wikidata.org/entity/Q2609,33.0,2023-01-01T00:00:00Z,2024-01-01T00:00:00Z
http://www.wikidata.org/entity/Q27671184,http://www.wikidata.org/entity/Q2641,30.0,2022-08-18T00:00:00Z,2023-06-30T00:00:00Z
http://www.wikidata.org/entity/Q277772,http://www.wikidata.org/entity/Q631,15.0,2007-01-01T00:00:00Z,2008-01-01T00:00:00Z
http://www.wikidata.org/entity/Q27889974,http://www.wikidata.org/entity/Q1422,55.0,2021-01-01T00:00:00Z,2023-01-01T00:00:00Z
http://www.wikidata.org/entity/Q27889974,http://www.wikidata.org/entity/Q1422,16.0,2016-01-01T00:00:00Z,2019-01-01T00:00:00Z
http://www.wikidata.org/entity/Q27889974,http://www.wikidata.org/entity/Q1422,24.0,2023-01-01T00:00:00Z,2024-01-01T00:00:00Z
http://www.wikidata.org/entity/Q279673,http://www.wikidata.org/entity/Q1543,5.0,2000-01-01T00:00:00Z,2002-01-01T00:00:00Z
http://www.wikidata.org/entity/Q27981508,http://www.wikidata.org/entity/Q631,8.0,2020-01-01T00:00:00Z,2023-01-01T00:00:00Z
http://www.wikidata.org/entity/Q27981508,http://www.wikidata.org/entity/Q2074,36.0,2024-08-16T00:00:00Z,2025-06-30T00:00:00Z
http://www.wikidata.org/entity/Q27981508,http://www.wikidata.org/entity/Q631,3.0,2016-01-01T00:00:00Z,2020-01-01T00:00:00Z
http://www.wikidata.org/entity/Q27981508,http://www.wikidata.org/entity/Q2074,32.0,2019-07-01T00:00:00Z,2020-01-01T00:00:00Z
http://www.wikidata.org/entity/Q28038574,http://www.wikidata.org/entity/Q1893,103.0,2019-07-05T00:00:00Z,2023-08-01T00:00:00Z
http://www.wikidata.org/entity/Q2805499,http://www.wikidata.org/entity/Q2609,19.0,2013-01-01T00:00:00Z,2014-01-01T00:00:00Z
http://www.wikidata.org/entity/Q2805499,http://www.wikidata.org/entity/Q2609,5.0,2015-01-01T00:00:00Z,2015-01-01T00:00:00Z
http://www.wikidata.org/entity/Q28058687,http://www.wikidata.org/entity/Q2074,30.0,2019-01-01T00:00:00Z,2020-01-01T00:00:00Z
http://www.wikidata.org/entity/Q28058687,http://www.wikidata.org/entity/Q1886,31.0,2020-01-01T00:00:00Z,2021-01-01T00:00:00Z
http://www.wikidata.org/entity/Q28058687,http://www.wikidata.org/entity/Q1886,0.0,2021-08-06T00:00:00Z,2022-08-30T00:00:00Z
http://www.wikidata.org/entity/Q28058687,http://www.wikidata.org/entity/Q1422,0.0,2019-07-12T00:00:00Z,2021-08-06T00:00:00Z
http://www.wikidata.org/entity/Q28058687,http://www.wikidata.org/entity/Q2074,27.0,2018-07-01T00:00:00Z,2019-07-12T00:00:00Z
http://www.wikidata.org/entity/Q2811319,http://www.wikidata.org/entity/Q2693,0.0,2013-01-01T00:00:00Z,2015-01-01T00:00:00Z
http://www.wikidata.org/entity/Q281734,http://www.wikidata.org/entity/Q631,157.0,2011-01-01T00:00:00Z,2018-01-01T00:00:00Z
http://www.wikidata.org/entity/Q282463,http://www.wikidata.org/entity/Q1422,33.0,2006-01-01T00:00:00Z,2008-01-01T00:00:00Z
http://www.wikidata.org/entity/Q282551,http://www.wikidata.org/entity/Q2693,70.0,2011-01-01T00:00:00Z,2015-01-01T00:00:00Z
http://www.wikidata.org/entity/Q282551,http://www.wikidata.org/entity/Q2074,58.0,2008-01-01T00:00:00Z,2011-01-01T00:00:00Z
http://www.wikidata.org/entity/Q282551,http://www.wikidata.org/entity/Q1422,51.0,2004-01-01T00:00:00Z,2008-01-01T00:00:00Z
http://www.wikidata.org/entity/Q2831791,http://www.wikidata.org/entity/Q2018,12.0,2002-01-01T00:00:00Z,2003-01-01T00:00:00Z
http://www.wikidata.org/entity/Q2832857,http://www.wikidata.org/entity/Q1543,0.0,2000-01-01T00:00:00Z,2006-01-01T00:00:00Z
http://www.wikidata.org/entity/Q2832857,http://www.wikidata.org/entity/Q2693,0.0,1998-01-01T00:00:00Z,2000-01-01T00:00:00Z
http://www.wikidata.org/entity/Q283762,http://www.wikidata.org/entity/Q2052,8.0,2010-01-01T00:00:00Z,2013-01-01T00:00:00Z
http://www.wikidata.org/entity/Q283824,http://www.wikidata.org/entity/Q2052,199.0,2012-08-02T00:00:00Z,2017-07-10T00:00:00Z
http://www.wikidata.org/entity/Q283824,http://www.wikidata.org/entity/Q2052,20.0,2020-09-17T00:00:00Z,2021-06-30T00:00:00Z
http://www.wikidata.org/entity/Q283824,http://www.wikidata.org/entity/Q631,97.0,2017-07-11T00:00:00Z,2020-08-29T00:00:00Z
http://www.wikidata.org/entity/Q2846138,http://www.wikidata.org/entity/Q2018,2.0,2007-01-01T00:00:00Z,2009-01-01T00:00:00Z
http://www.wikidata.org/entity/Q2846363,http://www.wikidata.org/entity/Q1886,1.0,2004-01-01T00:00:00Z,2006-01-01T00:00:00Z
http://www.wikidata.org/entity/Q2846417,http://www.wikidata.org/entity/Q1886,37.0,2005-01-01T00:00:00Z,2007-01-01T00:00:00Z
http://www.wikidata.org/entity/Q2846417,http://www.wikidata.org/entity/Q2052,1.0,2003-01-01T00:00:00Z,2005-01-01T00:00:00Z
http://www.wikidata.org/entity/Q2847888,http://www.wikidata.org/entity/Q2609,109.0,2010-01-01T00:00:00Z,2014-01-01T00:00:00Z
http://www.wikidata.org/entity/Q3603372,http://www.wikidata.org/entity/Q631,0.0,2006-01-01T00:00:00Z,2007-01-01T00:00:00Z
http://www.wikidata.org/entity/Q3604358,http://www.wikidata.org/entity/Q1886,13.0,2001-01-01T00:00:00Z,2002-01-01T00:00:00Z
http://www.wikidata.org/entity/Q3605426,http://www.wikidata.org/entity/Q2710,13.0,2005-01-01T00:00:00Z,2007-01-01T00:00:00Z
http://www.wikidata.org/entity/Q3605790,http://www.wikidata.org/entity/Q2018,13.0,2000-01-01T00:00:00Z,2001-01-01T00:00:00Z
http://www.wikidata.org/entity/Q3613900,http://www.wikidata.org/entity/Q2693,1.0,2001-01-01T00:00:00Z,2002-01-01T00:00:00Z
http://www.wikidata.org/entity/Q3613900,http://www.wikidata.org/entity/Q1893,78.0,1997-01-01T00:00:00Z,1999-01-01T00:00:00Z
http://www.wikidata.org/entity/Q3614365,http://www.wikidata.org/entity/Q2710,13.0,1997-01-01T00:00:00Z,1999-01-01T00:00:00Z
http://www.wikidata.org/entity/Q3615360,http://www.wikidata.org/entity/Q2641,0.0,2000-01-01T00:00:00Z,2001-01-01T00:00:00Z
http://www.wikidata.org/entity/Q3615654,http://www.wikidata.org/entity/Q2710,30.0,2000-01-01T00:00:00Z,2002-01-01T00:00:00Z
http://www.wikidata.org/entity/Q3615656,http://www.wikidata.org/entity/Q2037,0.0,2003-01-01T00:00:00Z,2004-01-01T00:00:00Z
http://www.wikidata.org/entity/Q3615664,http://www.wikidata.org/entity/Q2052,0.0,2004-01-01T00:00:00Z,2006-01-01T00:00:00Z
http://www.wikidata.org/entity/Q3615664,http://www.wikidata.org/entity/Q2037,0.0,2008-01-01T00:00:00Z,2011-01-01T00:00:00Z
http://www.wikidata.org/entity/Q3615664,http://www.wikidata.org/entity/Q2710,25.0,2006-01-01T00:00:00Z,2007-01-01T00:00:00Z
http://www.wikidata.org/entity/Q3615744,http://www.wikidata.org/entity/Q1422,0.0,1998-01-01T00:00:00Z,2003-01-01T00:00:00Z
http://www.wikidata.org/entity/Q3615809,http://www.wikidata.org/entity/Q2674,16.0,1998-01-01T00:00:00Z,2003-01-01T00:00:00Z
http://www.wikidata.org/entity/Q3615854,http://www.wikidata.org/entity/Q2641,0.0,2013-01-01T00:00:00Z,2013-01-01T00:00:00Z
http://www.wikidata.org/entity/Q3615859,http://www.wikidata.org/entity/Q2710,69.0,2009-01-01T00:00:00Z,2011-01-01T00:00:00Z
http://www.wikidata.org/entity/Q3615859,http://www.wikidata.org/entity/Q2037,0.0,2003-01-01T00:00:00Z,2009-01-01T00:00:00Z
http://www.wikidata.org/entity/Q3615973,http://www.wikidata.org/entity/Q1457,21.0,2002-01-01T00:00:00Z,2003-01-01T00:00:00Z
http://www.wikidata.org/entity/Q3615973,http://www.wikidata.org/entity/Q1543,0.0,1999-01-01T00:00:00Z,2006-01-01T00:00:00Z
http://www.wikidata.org/entity/Q3616003,http://www.wikidata.org/entity/Q1457,30.0,2011-01-01T00:00:00Z,2012-01-01T00:00:00Z
http://www.wikidata.org/entity/Q3616003,http://www.wikidata.org/entity/Q2693,14.0,2010-01-01T00:00:00Z,2015-01-01T00:00:00Z
http://www.wikidata.org/entity/Q3616003,http://www.wikidata.org/entity/Q2674,15.0,2015-01-01T00:00:00Z,2015-01-01T00:00:00Z
http://www.wikidata.org/entity/Q3616063,http://www.wikidata.org/entity/Q2710,3.0,1998-01-01T00:00:00Z,1999-01-01T00:00:00Z
http://www.wikidata.org/entity/Q3616066,http://www.wikidata.org/entity/Q2052,83.0,1997-01-01T00:00:00Z,2002-01-01T00:00:00Z
http://www.wikidata.org/entity/Q15831026,http://www.wikidata.org/entity/Q1422,0.0,2011-01-01T00:00:00Z,2012-01-01T00:00:00Z
http://www.wikidata.org/entity/Q1606870,http://www.wikidata.org/entity/Q1886,13.0,2012-01-01T00:00:00Z,2012-01-01T00:00:00Z
http://www.wikidata.org/entity/Q1606885,http://www.wikidata.org/entity/Q1886,39.0,2006-01-01T00:00:00Z,2008-01-01T00:00:00Z
http://www.wikidata.org/entity/Q1606885,http://www.wikidata.org/entity/Q1457,28.0,2003-01-01T00:00:00Z,2006-01-01T00:00:00Z
http://www.wikidata.org/entity/Q1606885,http://www.wikidata.org/entity/Q2674,24.0,2008-01-01T00:00:00Z,2011-01-01T00:00:00Z
http://www.wikidata.org/entity/Q1606910,http://www.wikidata.org/entity/Q1900,31.0,1997-01-01T00:00:00Z,1999-01-01T00:00:00Z
http://www.wikidata.org/entity/Q1606928,http://www.wikidata.org/entity/Q2052,5.0,2004-01-01T00:00:00Z,2004-01-01T00:00:00Z
http://www.wikidata.org/entity/Q1606928,http://www.wikidata.org/entity/Q1900,14.0,1999-01-01T00:00:00Z,2001-01-01T00:00:00Z
http://www.wikidata.org/entity/Q1606928,http://www.wikidata.org/entity/Q1900,34.0,2002-01-01T00:00:00Z,2003-01-01T00:00:00Z
http://www.wikidata.org/entity/Q1606928,http://www.wikidata.org/entity/Q1893,43.0,2007-01-01T00:00:00Z,2009-01-01T00:00:00Z
http://www.wikidata.org/entity/Q1607016,http://www.wikidata.org/entity/Q2710,8.0,1998-01-01T00:00:00Z,2000-01-01T00:00:00Z
http://www.wikidata.org/entity/Q1607056,http://www.wikidata.org/entity/Q1457,49.0,1999-01-01T00:00:00Z,2001-01-01T00:00:00Z
http://www.wikidata.org/entity/Q1607393,http://www.wikidata.org/entity/Q2710,99.0,2010-01-01T00:00:00Z,2013-01-01T00:00:00Z
http://www.wikidata.org/entity/Q1607393,http://www.wikidata.org/entity/Q2693,0.0,2013-01-01T00:00:00Z,2014-01-01T00:00:00Z
http://www.wikidata.org/entity/Q1608303,http://www.wikidata.org/entity/Q1457,73.0,1997-01-01T00:00:00Z,2000-01-01T00:00:00Z
http://www.wikidata.org/entity/Q1608303,http://www.wikidata.org/entity/Q2693,32.0,2003-01-01T00:00:00Z,2004-01-01T00:00:00Z
http://www.wikidata.org/entity/Q1608303,http://www.wikidata.org/entity/Q1893,84.0,2006-01-01T00:00:00Z,2009-01-01T00:00:00Z
http://www.wikidata.org/entity/Q1608303,http://www.wikidata.org/entity/Q1893,86.0,2000-01-01T00:00:00Z,2003-01-01T00:00:00Z
http://www.wikidata.org/entity/Q1608303,http://www.wikidata.org/entity/Q1457,57.0,2004-01-01T00:00:00Z,2006-01-01T00:00:00Z
http://www.wikidata.org/entity/Q1608309,http://www.wikidata.org/entity/Q1457,8.0,2012-01-01T00:00:00Z,2014-01-01T00:00:00Z
http://www.wikidata.org/entity/Q1609068,http://www.wikidata.org/entity/Q2018,21.0,2008-01-01T00:00:00Z,2013-01-01T00:00:00Z
http://www.wikidata.org/entity/Q161054,http://www.wikidata.org/entity/Q631,208.0,2015-01-01T00:00:00Z,2022-06-01T00:00:00Z
http://www.wikidata.org/entity/Q1617454,http://www.wikidata.org/entity/Q1457,5.0,2009-01-01T00:00:00Z,2011-01-01T00:00:00Z
http://www.wikidata.org/entity/Q16836782,http://www.wikidata.org/entity/Q1457,0.0,2012-01-01T00:00:00Z,2014-01-01T00:00:00Z
http://www.wikidata.org/entity/Q1608326,http://www.wikidata.org/entity/Q2018,7.0,2015-01-01T00:00:00Z,
http://www.wikidata.org/entity/Q22237703,http://www.wikidata.org/entity/Q1886,50.0,2023-01-01T00:00:00Z,
http://www.wikidata.org/entity/Q22342820,http://www.wikidata.org/entity/Q2710,5.0,2019-07-16T00:00:00Z,
http://www.wikidata.org/entity/Q22342820,http://www.wikidata.org/entity/Q1886,3.0,2018-07-01T00:00:00Z,
http://www.wikidata.org/entity/Q22237703,http://www.wikidata.org/entity/Q2074,26.0,2020-01-01T00:00:00Z,2021-01-01T00:00:00Z
http://www.wikidata.org/entity/Q22342392,http://www.wikidata.org/entity/Q2052,17.0,2023-01-01T00:00:00Z,2025-01-01T00:00:00Z
http://www.wikidata.org/entity/Q2279575,http://www.wikidata.org/entity/Q2693,75.0,2010-01-01T00:00:00Z,2012-01-01T00:00:00Z
http://www.wikidata.org/entity/Q2279575,http://www.wikidata.org/entity/Q1893,72.0,2008-01-01T00:00:00Z,2010-01-01T00:00:00Z
http://www.wikidata.org/entity/Q2281618,http://www.wikidata.org/entity/Q1457,1.0,2002-01-01T00:00:00Z,2003-01-01T00:00:00Z
http://www.wikidata.org/entity/Q2288037,http://www.wikidata.org/entity/Q1900,1.0,2006-01-01T00:00:00Z,2011-01-01T00:00:00Z
http://www.wikidata.org/entity/Q2288112,http://www.wikidata.org/entity/Q1900,2.0,2011-01-01T00:00:00Z,2012-01-01T00:00:00Z
http://www.wikidata.org/entity/Q2288171,http://www.wikidata.org/entity/Q2710,87.0,2004-01-01T00:00:00Z,2011-01-01T00:00:00Z
http://www.wikidata.org/entity/Q2303455,http://www.wikidata.org/entity/Q2037,0.0,2006-01-01T00:00:00Z,2007-01-01T00:00:00Z
http://www.wikidata.org/entity/Q2304641,http://www.wikidata.org/entity/Q2037,1.0,2013-01-01T00:00:00Z,2013-01-01T00:00:00Z
http://www.wikidata.org/entity/Q2305089,http://www.wikidata.org/entity/Q1886,78.0,2005-01-01T00:00:00Z,2007-01-01T00:00:00Z
http://www.wikidata.org/entity/Q2305089,http://www.wikidata.org/entity/Q2674,158.0,2007-01-01T00:00:00Z,2013-01-01T00:00:00Z
http://www.wikidata.org/entity/Q2305089,http://www.wikidata.org/entity/Q2052,24.0,2012-01-01T00:00:00Z,2013-01-01T00:00:00Z
http://www.wikidata.org/entity/Q2305193,http://www.wikidata.org/entity/Q1900,0.0,2008-01-01T00:00:00Z,2008-01-01T00:00:00Z
http://www.wikidata.org/entity/Q230529,http://www.wikidata.org/entity/Q631,23.0,2006-01-01T00:00:00Z,2007-01-01T00:00:00Z
http://www.wikidata.org/entity/Q230529,http://www.wikidata.org/entity/Q2674,90.0,2004-01-01T00:00:00Z,2006-01-01T00:00:00Z
http://www.wikidata.org/entity/Q230529,http://www.wikidata.org/entity/Q1422,47.0,2009-01-01T00:00:00Z,2012-01-01T00:00:00Z
http://www.wikidata.org/entity/Q2305552,http://www.wikidata.org/entity/Q2674,2.0,2008-01-01T00:00:00Z,2010-01-01T00:00:00Z
http://www.wikidata.org/entity/Q2305552,http://www.wikidata.org/entity/Q2710,20.0,2007-01-01T00:00:00Z,2008-01-01T00:00:00Z
http://www.wikidata.org/entity/Q2305552,http://www.wikidata.org/entity/Q2674,0.0,2011-01-01T00:00:00Z,2012-01-01T00:00:00Z
http://www.wikidata.org/entity/Q2305686,http://www.wikidata.org/entity/Q2674,1.0,2014-01-01T00:00:00Z,2015-01-01T00:00:00Z
http://www.wikidata.org/entity/Q2306315,http://www.wikidata.org/entity/Q1893,7.0,2008-01-01T00:00:00Z,2009-01-01T00:00:00Z
http://www.wikidata.org/entity/Q231348,http://www.wikidata.org/entity/Q631,324.0,2000-01-01T00:00:00Z,2012-01-01T00:00:00Z
http://www.wikidata.org/entity/Q231468,http://www.wikidata.org/entity/Q1543,178.0,1992-01-01T00:00:00Z,2001-01-01T00:00:00Z
http://www.wikidata.org/entity/Q2316438,http://www.wikidata.org/entity/Q1900,7.0,2011-01-01T00:00:00Z,2012-01-01T00:00:00Z
http://www.wikidata.org/entity/Q2320501,http://www.wikidata.org/entity/Q1457,59.0,1997-01-01T00:00:00Z,2000-01-01T00:00:00Z
http://www.wikidata.org/entity/Q2325279,http://www.wikidata.org/entity/Q2037,9.0,2012-01-01T00:00:00Z,2014-01-01T00:00:00Z
http://www.wikidata.org/entity/Q2325279,http://www.wikidata.org/entity/Q2710,1.0,2014-01-01T00:00:00Z,2014-01-01T00:00:00Z
http://www.wikidata.org/entity/Q232789,http://www.wikidata.org/entity/Q2037,95.0,2001-01-01T00:00:00Z,2004-01-01T00:00:00Z
http://www.wikidata.org/entity/Q232789,http://www.wikidata.org/entity/Q1422,5.0,1998-01-01T00:00:00Z,1999-01-01T00:00:00Z
http://www.wikidata.org/entity/Q2328944,http://www.wikidata.org/entity/Q2674,1.0,2001-01-01T00:00:00Z,2002-01-01T00:00:00Z
http://www.wikidata.org/entity/Q2332034,http://www.wikidata.org/entity/Q2018,76.0,2008-01-01T00:00:00Z,2011-01-01T00:00:00Z
http://www.wikidata.org/entity/Q2332951,http://www.wikidata.org/entity/Q631,19.0,2001-01-01T00:00:00Z,2003-01-01T00:00:00Z
http://www.wikidata.org/entity/Q2332984,http://www.wikidata.org/entity/Q1900,22.0,2002-01-01T00:00:00Z,2003-01-01T00:00:00Z
http://www.wikidata.org/entity/Q2332984,http://www.wikidata.org/entity/Q2641,22.0,2000-01-01T00:00:00Z,2001-01-01T00:00:00Z
http://www.wikidata.org/entity/Q2337692,http://www.wikidata.org/entity/Q2641,57.0,1999-01-01T00:00:00Z,2000-01-01T00:00:00Z
http://www.wikidata.org/entity/Q2337945,http://www.wikidata.org/entity/Q2074,6.0,2002-01-01T00:00:00Z,2006-01-01T00:00:00Z
http://www.wikidata.org/entity/Q2338400,http://www.wikidata.org/entity/Q2710,30.0,2004-01-01T00:00:00Z,2005-01-01T00:00:00Z
http://www.wikidata.org/entity/Q2342559,http://www.wikidata.org/entity/Q1886,69.0,1998-01-01T00:00:00Z,2005-01-01T00:00:00Z
http://www.wikidata.org/entity/Q234532,http://www.wikidata.org/entity/Q631,148.0,2001-01-01T00:00:00Z,2010-01-01T00:00:00Z
http://www.wikidata.org/entity/Q234532,http://www.wikidata.org/entity/Q2052,266.0,1993-01-01T00:00:00Z,2001-01-01T00:00:00Z
http://www.wikidata.org/entity/Q2346862,http://www.wikidata.org/entity/Q1900,99.0,2008-01-01T00:00:00Z,2011-01-01T00:00:00Z
http://www.wikidata.org/entity/Q2346862,http://www.wikidata.org/entity/Q2052,36.0,2011-01-01T00:00:00Z,2015-01-01T00:00:00Z
http://www.wikidata.org/entity/Q2346862,http://www.wikidata.org/entity/Q1886,68.0,2002-01-01T00:00:00Z,2008-01-01T00:00:00Z
http://www.wikidata.org/entity/Q2347346,http://www.wikidata.org/entity/Q2710,4.0,2013-01-01T00:00:00Z,2013-01-01T00:00:00Z
http://www.wikidata.org/entity/Q234866,http://www.wikidata.org/entity/Q2693,0.0,2004-01-01T00:00:00Z,2004-01-01T00:00:00Z
http://www.wikidata.org/entity/Q234866,http://www.wikidata.org/entity/Q2674,34.0,2008-01-01T00:00:00Z,2009-01-01T00:00:00Z
http://www.wikidata.org/entity/Q234866,http://www.wikidata.org/entity/Q2074,30.0,2009-01-01T00:00:00Z,2010-01-01T00:00:00Z
http://www.wikidata.org/entity/Q234866,http://www.wikidata.org/entity/Q1543,29.0,2010-01-01T00:00:00Z,2014-01-01T00:00:00Z
http://www.wikidata.org/entity/Q234885,http://www.wikidata.org/entity/Q1543,152.0,2006-01-01T00:00:00Z,2015-01-01T00:00:00Z
http://www.wikidata.org/entity/Q234885,http://www.wikidata.org/entity/Q2693,114.0,2002-01-01T00:00:00Z,2006-01-01T00:00:00Z
http://www.wikidata.org/entity/Q28561068,http://www.wikidata.org/entity/Q631,207.0,2017-08-30T00:00:00Z,
http://www.wikidata.org/entity/Q28968068,http://www.wikidata.org/entity/Q2609,107.0,2022-07-01T00:00:00Z,
http://www.wikidata.org/entity/Q29167519,http://www.wikidata.org/entity/Q2674,14.0,2023-01-01T00:00:00Z,
http://www.wikidata.org/entity/Q29318629,http://www.wikidata.org/entity/Q2037,10.0,2020-01-01T00:00:00Z,
http://www.wikidata.org/entity/Q1121887,http://www.wikidata.org/entity/Q2693,24.0,2018-01-01T00:00:00Z,
http://www.wikidata.org/entity/Q28561068,http://www.wikidata.org/entity/Q1886,4.0,2017-08-31T00:00:00Z,2018-06-30T00:00:00Z
http://www.wikidata.org/entity/Q28561068,http://www.wikidata.org/entity/Q2693,24.0,2018-08-07T00:00:00Z,2019-06-30T00:00:00Z
http://www.wikidata.org/entity/Q28561068,http://www.wikidata.org/entity/Q1886,3.0,2016-01-01T00:00:00Z,2017-01-01T00:00:00Z
http://www.wikidata.org/entity/Q28699707,http://www.wikidata.org/entity/Q2641,35.0,2022-07-27T00:00:00Z,2023-07-18T00:00:00Z
http://www.wikidata.org/entity/Q28718200,http://www.wikidata.org/entity/Q2074,3.0,2024-01-01T00:00:00Z,2026-02-01T00:00:00Z
http://www.wikidata.org/entity/Q28856040,http://www.wikidata.org/entity/Q2074,8.0,2018-01-31T00:00:00Z,2020-01-01T00:00:00Z
http://www.wikidata.org/entity/Q28968068,http://www.wikidata.org/entity/Q2609,29.0,2021-08-01T00:00:00Z,2022-06-01T00:00:00Z
http://www.wikidata.org/entity/Q28973528,http://www.wikidata.org/entity/Q1886,41.0,2017-01-01T00:00:00Z,2020-01-01T00:00:00Z
http://www.wikidata.org/entity/Q29002213,http://www.wikidata.org/entity/Q1886,0.0,2015-01-01T00:00:00Z,2022-06-01T00:00:00Z
http://www.wikidata.org/entity/Q29167519,http://www.wikidata.org/entity/Q2710,23.0,2017-07-02T00:00:00Z,2018-01-01T00:00:00Z
http://www.wikidata.org/entity/Q29167519,http://www.wikidata.org/entity/Q2710,9.0,2017-01-01T00:00:00Z,2017-06-30T00:00:00Z
http://www.wikidata.org/entity/Q294565,http://www.wikidata.org/entity/Q1422,208.0,1991-01-01T00:00:00Z,1999-01-01T00:00:00Z
http://www.wikidata.org/entity/Q294565,http://www.wikidata.org/entity/Q2609,192.0,2000-01-01T00:00:00Z,2007-01-01T00:00:00Z
http://www.wikidata.org/entity/Q294565,http://www.wikidata.org/entity/Q631,33.0,1999-01-01T00:00:00Z,2000-01-01T00:00:00Z
http://www.wikidata.org/entity/Q294718,http://www.wikidata.org/entity/Q1543,24.0,1997-01-01T00:00:00Z,1999-01-01T00:00:00Z
http://www.wikidata.org/entity/Q294951,http://www.wikidata.org/entity/Q631,43.0,2020-01-01T00:00:00Z,2021-01-01T00:00:00Z
http://www.wikidata.org/entity/Q294980,http://www.wikidata.org/entity/Q1886,3.0,2024-08-01T00:00:00Z,2025-01-01T00:00:00Z
http://www.wikidata.org/entity/Q295410,http://www.wikidata.org/entity/Q2609,31.0,2001-01-01T00:00:00Z,2004-01-01T00:00:00Z
http://www.wikidata.org/entity/Q295438,http://www.wikidata.org/entity/Q2609,79.0,1998-01-01T00:00:00Z,2001-01-01T00:00:00Z
http://www.wikidata.org/entity/Q295438,http://www.wikidata.org/entity/Q1422,18.0,2001-01-01T00:00:00Z,2004-01-01T00:00:00Z
http://www.wikidata.org/entity/Q295456,http://www.wikidata.org/entity/Q1543,16.0,2000-01-01T00:00:00Z,2004-01-01T00:00:00Z
http://www.wikidata.org/entity/Q295512,http://www.wikidata.org/entity/Q631,27.0,2002-01-01T00:00:00Z,2005-01-01T00:00:00Z
http://www.wikidata.org/entity/Q295637,http://www.wikidata.org/entity/Q631,12.0,2020-01-23T00:00:00Z,2020-08-31T00:00:00Z
http://www.wikidata.org/entity/Q295883,http://www.wikidata.org/entity/Q2609,106.0,2000-01-01T00:00:00Z,2004-01-01T00:00:00Z
http://www.wikidata.org/entity/Q295891,http://www.wikidata.org/entity/Q2693,6.0,2001-01-01T00:00:00Z,2003-01-01T00:00:00Z
http://www.wikidata.org/entity/Q296033,http://www.wikidata.org/entity/Q631,40.0,2008-01-01T00:00:00Z,2011-01-01T00:00:00Z
http://www.wikidata.org/entity/Q296033,http://www.wikidata.org/entity/Q631,9.0,2015-01-01T00:00:00Z,2015-01-01T00:00:00Z
http://www.wikidata.org/entity/Q296215,http://www.wikidata.org/entity/Q1543,29.0,2001-01-01T00:00:00Z,2002-01-01T00:00:00Z
http://www.wikidata.org/entity/Q296222,http://www.wikidata.org/entity/Q1422,30.0,2012-01-01T00:00:00Z,2016-01-01T00:00:00Z
http://www.wikidata.org/entity/Q296222,http://www.wikidata.org/entity/Q1900,34.0,2016-01-01T00:00:00Z,2017-07-01T00:00:00Z
http://www.wikidata.org/entity/Q296452,http://www.wikidata.org/entity/Q1893,32.0,2004-01-01T00:00:00Z,2005-01-01T00:00:00Z
http://www.wikidata.org/entity/Q296814,http://www.wikidata.org/entity/Q1543,7.0,2010-01-01T00:00:00Z,2010-01-01T00:00:00Z
http://www.wikidata.org/entity/Q296814,http://www.wikidata.org/entity/Q631,26.0,2008-01-01T00:00:00Z,2010-01-01T00:00:00Z
http://www.wikidata.org/entity/Q296965,http://www.wikidata.org/entity/Q1457,27.0,1998-01-01T00:00:00Z,1999-01-01T00:00:00Z
http://www.wikidata.org/entity/Q296965,http://www.wikidata.org/entity/Q2693,18.0,1999-01-01T00:00:00Z,2000-01-01T00:00:00Z
http://www.wikidata.org/entity/Q297397,http://www.wikidata.org/entity/Q631,125.0,2003-01-01T00:00:00Z,2009-01-01T00:00:00Z
http://www.wikidata.org/entity/Q297397,http://www.wikidata.org/entity/Q1893,88.0,2000-01-01T00:00:00Z,2003-01-01T00:00:00Z
http://www.wikidata.org/entity/Q297397,http://www.wikidata.org/entity/Q2609,25.0,2009-01-01T00:00:00Z,2010-01-01T00:00:00Z
http://www.wikidata.org/entity/Q297721,http://www.wikidata.org/entity/Q2074,17.0,2003-01-01T00:00:00Z,2004-01-01T00:00:00Z
http://www.wikidata.org/entity/Q297768,http://www.wikidata.org/entity/Q1457,13.0,2007-07-01T00:00:00Z,2008-01-01T00:00:00Z
http://www.wikidata.org/entity/Q297768,http://www.wikidata.org/entity/Q1457,83.0,1996-01-01T00:00:00Z,1999-01-01T00:00:00Z
http://www.wikidata.org/entity/Q298338,http://www.wikidata.org/entity/Q1543,12.0,2004-01-01T00:00:00Z,2005-01-01T00:00:00Z
http://www.wikidata.org/entity/Q298448,http://www.wikidata.org/entity/Q2641,118.0,2011-01-01T00:00:00Z,2015-01-01T00:00:00Z
http://www.wikidata.org/entity/Q298466,http://www.wikidata.org/entity/Q1422,116.0,2012-01-01T00:00:00Z,2018-01-01T00:00:00Z
http://www.wikidata.org/entity/Q298466,http://www.wikidata.org/entity/Q631,40.0,2018-01-01T00:00:00Z,2020-01-01T00:00:00Z
http://www.wikidata.org/entity/Q298470,http://www.wikidata.org/entity/Q1457,7.0,2012-01-01T00:00:00Z,2014-01-01T00:00:00Z
http://www.wikidata.org/entity/Q298484,http://www.wikidata.org/entity/Q2609,28.0,2008-01-01T00:00:00Z,2009-01-01T00:00:00Z
http://www.wikidata.org/entity/Q298484,http://www.wikidata.org/entity/Q2609,10.0,2008-01-01T00:00:00Z,2008-01-01T00:00:00Z
http://www.wikidata.org/entity/Q298491,http://www.wikidata.org/entity/Q1893,59.0,2010-01-01T00:00:00Z,2014-01-01T00:00:00Z
http://www.wikidata.org/entity/Q298491,http://www.wikidata.org/entity/Q631,5.0,2009-01-01T00:00:00Z,2010-01-01T00:00:00Z
http://www.wikidata.org/entity/Q298491,http://www.wikidata.org/entity/Q631,3.0,2014-01-01T00:00:00Z,2015-01-01T00:00:00Z
http://www.wikidata.org/entity/Q299091,http://www.wikidata.org/entity/Q2693,14.0,2012-01-01T00:00:00Z,2014-01-01T00:00:00Z
http://www.wikidata.org/entity/Q299105,http://www.wikidata.org/entity/Q2037,47.0,2000-01-01T00:00:00Z,2002-01-01T00:00:00Z
http://www.wikidata.org/entity/Q299105,http://www.wikidata.org/entity/Q2693,62.0,2002-01-01T00:00:00Z,2004-01-01T00:00:00Z
http://www.wikidata.org/entity/Q299105,http://www.wikidata.org/entity/Q2693,2.0,1997-01-01T00:00:00Z,2000-01-01T00:00:00Z
http://www.wikidata.org/entity/Q299105,http://www.wikidata.org/entity/Q1900,16.0,2009-01-01T00:00:00Z,2010-01-01T00:00:00Z
http://www.wikidata.org/entity/Q299105,http://www.wikidata.org/entity/Q2674,71.0,2004-01-01T00:00:00Z,2006-01-01T00:00:00Z
http://www.wikidata.org/entity/Q299493,http://www.wikidata.org/entity/Q2609,27.0,1999-01-01T00:00:00Z,2001-01-01T00:00:00Z
http://www.wikidata.org/entity/Q299703,http://www.wikidata.org/entity/Q2609,1.0,2014-01-01T00:00:00Z,2014-01-01T00:00:00Z
http://www.wikidata.org/entity/Q299727,http://www.wikidata.org/entity/Q631,29.0,2013-08-10T00:00:00Z,2014-07-01T00:00:00Z
http://www.wikidata.org/entity/Q299727,http://www.wikidata.org/entity/Q2641,7.0,2013-01-01T00:00:00Z,2013-01-01T00:00:00Z
http://www.wikidata.org/entity/Q299768,http://www.wikidata.org/entity/Q2074,37.0,2010-01-01T00:00:00Z,2014-01-01T00:00:00Z
http://www.wikidata.org/entity/Q299779,http://www.wikidata.org/entity/Q2674,69.0,2006-01-01T00:00:00Z,2011-01-01T00:00:00Z
http://www.wikidata.org/entity/Q299779,http://www.wikidata.org/entity/Q2641,0.0,2022-08-01T00:00:00Z,2023-01-01T00:00:00Z
http://www.wikidata.org/entity/Q299779,http://www.wikidata.org/entity/Q2052,1.0,2023-01-01T00:00:00Z,2023-06-01T00:00:00Z
http://www.wikidata.org/entity/Q299779,http://www.wikidata.org/entity/Q2074,37.0,2021-08-01T00:00:00Z,2022-06-01T00:00:00Z
http://www.wikidata.org/entity/Q299779,http://www.wikidata.org/entity/Q2674,3.0,2024-08-26T00:00:00Z,2025-01-01T00:00:00Z
http://www.wikidata.org/entity/Q3016737,http://www.wikidata.org/entity/Q2074,1.0,2010-01-01T00:00:00Z,2012-01-01T00:00:00Z
http://www.wikidata.org/entity/Q3016737,http://www.wikidata.org/entity/Q2037,27.0,2012-01-01T00:00:00Z,2013-01-01T00:00:00Z
http://www.wikidata.org/entity/Q3016737,http://www.wikidata.org/entity/Q2037,18.0,2014-01-01T00:00:00Z,2015-01-01T00:00:00Z
http://www.wikidata.org/entity/Q3016737,http://www.wikidata.org/entity/Q2074,17.0,2013-01-01T00:00:00Z,2014-01-01T00:00:00Z
http://www.wikidata.org/entity/Q219389,http://www.wikidata.org/entity/Q2052,108.0,2005-01-01T00:00:00Z,2009-01-01T00:00:00Z
http://www.wikidata.org/entity/Q219389,http://www.wikidata.org/entity/Q1457,75.0,2009-01-01T00:00:00Z,2011-01-01T00:00:00Z
http://www.wikidata.org/entity/Q219389,http://www.wikidata.org/entity/Q631,50.0,2011-01-01T00:00:00Z,2012-01-01T00:00:00Z
http://www.wikidata.org/entity/Q219389,http://www.wikidata.org/entity/Q1543,74.0,2012-01-01T00:00:00Z,2015-01-01T00:00:00Z
http://www.wikidata.org/entity/Q219389,http://www.wikidata.org/entity/Q1886,51.0,2003-01-01T00:00:00Z,2005-01-01T00:00:00Z
http://www.wikidata.org/entity/Q219618,http://www.wikidata.org/entity/Q2641,147.0,2009-01-01T00:00:00Z,2013-01-01T00:00:00Z
http://www.wikidata.org/entity/Q219618,http://www.wikidata.org/entity/Q1422,3.0,1997-01-01T00:00:00Z,1999-01-01T00:00:00Z
http://www.wikidata.org/entity/Q219879,http://www.wikidata.org/entity/Q2052,14.0,2012-01-01T00:00:00Z,2014-01-01T00:00:00Z
http://www.wikidata.org/entity/Q219879,http://www.wikidata.org/entity/Q1422,22.0,2003-01-01T00:00:00Z,2009-01-01T00:00:00Z
http://www.wikidata.org/entity/Q219879,http://www.wikidata.org/entity/Q2074,5.0,2013-01-01T00:00:00Z,2013-01-01T00:00:00Z
http://www.wikidata.org/entity/Q219879,http://www.wikidata.org/entity/Q1457,20.0,2006-01-01T00:00:00Z,2007-01-01T00:00:00Z
http://www.wikidata.org/entity/Q219879,http://www.wikidata.org/entity/Q2074,20.0,2008-01-01T00:00:00Z,2009-01-01T00:00:00Z
http://www.wikidata.org/entity/Q219884,http://www.wikidata.org/entity/Q2052,86.0,2012-01-01T00:00:00Z,2015-01-01T00:00:00Z
http://www.wikidata.org/entity/Q219887,http://www.wikidata.org/entity/Q2693,52.0,2013-01-01T00:00:00Z,2015-01-01T00:00:00Z
http://www.wikidata.org/entity/Q219887,http://www.wikidata.org/entity/Q2074,5.0,2013-01-01T00:00:00Z,2013-01-01T00:00:00Z
http://www.wikidata.org/entity/Q219887,http://www.wikidata.org/entity/Q1457,2.0,2003-01-01T00:00:00Z,2003-01-01T00:00:00Z
http://www.wikidata.org/entity/Q219887,http://www.wikidata.org/entity/Q1422,0.0,2002-01-01T00:00:00Z,2003-01-01T00:00:00Z
http://www.wikidata.org/entity/Q219887,http://www.wikidata.org/entity/Q2052,34.0,2011-01-01T00:00:00Z,2013-01-01T00:00:00Z
http://www.wikidata.org/entity/Q219887,http://www.wikidata.org/entity/Q2674,161.0,2006-01-01T00:00:00Z,2011-01-01T00:00:00Z
http://www.wikidata.org/entity/Q219902,http://www.wikidata.org/entity/Q2074,0.0,2011-01-01T00:00:00Z,2012-01-01T00:00:00Z
http://www.wikidata.org/entity/Q219902,http://www.wikidata.org/entity/Q2693,8.0,2005-01-01T00:00:00Z,2005-01-01T00:00:00Z
http://www.wikidata.org/entity/Q219902,http://www.wikidata.org/entity/Q1900,5.0,2008-01-01T00:00:00Z,2010-01-01T00:00:00Z
http://www.wikidata.org/entity/Q219902,http://www.wikidata.org/entity/Q2052,1.0,2012-01-01T00:00:00Z,2015-01-01T00:00:00Z
http://www.wikidata.org/entity/Q219902,http://www.wikidata.org/entity/Q2037,59.0,2001-01-01T00:00:00Z,2003-01-01T00:00:00Z
http://www.wikidata.org/entity/Q219902,http://www.wikidata.org/entity/Q1893,1.0,2010-01-01T00:00:00Z,2011-01-01T00:00:00Z
http://www.wikidata.org/entity/Q219902,http://www.wikidata.org/entity/Q2052,32.0,2004-01-01T00:00:00Z,2008-01-01T00:00:00Z
http://www.wikidata.org/entity/Q219902,http://www.wikidata.org/entity/Q2674,5.0,2006-01-01T00:00:00Z,2008-01-01T00:00:00Z
http://www.wikidata.org/entity/Q219902,http://www.wikidata.org/entity/Q2674,5.0,2006-01-01T00:00:00Z,2006-01-01T00:00:00Z
http://www.wikidata.org/entity/Q220593,http://www.wikidata.org/entity/Q2609,155.0,2017-07-01T00:00:00Z,2022-06-01T00:00:00Z
http://www.wikidata.org/entity/Q220746,http://www.wikidata.org/entity/Q2609,6.0,2002-01-01T00:00:00Z,2002-01-01T00:00:00Z
http://www.wikidata.org/entity/Q220746,http://www.wikidata.org/entity/Q2609,6.0,2002-01-01T00:00:00Z,2003-01-01T00:00:00Z
http://www.wikidata.org/entity/Q221129,http://www.wikidata.org/entity/Q2052,123.0,2004-01-01T00:00:00Z,2008-01-01T00:00:00Z
http://www.wikidata.org/entity/Q2211909,http://www.wikidata.org/entity/Q2074,0.0,2009-01-01T00:00:00Z,2009-01-01T00:00:00Z
http://www.wikidata.org/entity/Q2211909,http://www.wikidata.org/entity/Q2693,0.0,2007-01-01T00:00:00Z,2008-01-01T00:00:00Z
http://www.wikidata.org/entity/Q221216,http://www.wikidata.org/entity/Q2052,33.0,2013-01-01T00:00:00Z,2016-01-01T00:00:00Z
http://www.wikidata.org/entity/Q221216,http://www.wikidata.org/entity/Q2693,19.0,2007-01-01T00:00:00Z,2007-01-01T00:00:00Z
http://www.wikidata.org/entity/Q2215756,http://www.wikidata.org/entity/Q2710,72.0,2009-01-01T00:00:00Z,2011-01-01T00:00:00Z
http://www.wikidata.org/entity/Q221614,http://www.wikidata.org/entity/Q2052,17.0,2006-01-01T00:00:00Z,2007-01-01T00:00:00Z
http://www.wikidata.org/entity/Q223138,http://www.wikidata.org/entity/Q1422,10.0,2010-01-01T00:00:00Z,2011-01-01T00:00:00Z
http://www.wikidata.org/entity/Q2236373,http://www.wikidata.org/entity/Q1543,0.0,2006-01-01T00:00:00Z,2009-01-01T00:00:00Z
http://www.wikidata.org/entity/Q2239174,http://www.wikidata.org/entity/Q1886,13.0,1997-01-01T00:00:00Z,2000-01-01T00:00:00Z
http://www.wikidata.org/entity/Q224033,http://www.wikidata.org/entity/Q2609,46.0,2001-01-01T00:00:00Z,2002-01-01T00:00:00Z
http://www.wikidata.org/entity/Q2247063,http://www.wikidata.org/entity/Q1886,56.0,2001-01-01T00:00:00Z,2006-01-01T00:00:00Z
http://www.wikidata.org/entity/Q2247063,http://www.wikidata.org/entity/Q1543,1.0,1996-01-01T00:00:00Z,2001-01-01T00:00:00Z
http://www.wikidata.org/entity/Q2250972,http://www.wikidata.org/entity/Q2074,444.0,1988-01-01T00:00:00Z,2002-01-01T00:00:00Z
http://www.wikidata.org/entity/Q2252579,http://www.wikidata.org/entity/Q631,10.0,2001-01-01T00:00:00Z,2005-01-01T00:00:00Z
http://www.wikidata.org/entity/Q2252579,http://www.wikidata.org/entity/Q1886,100.0,1997-01-01T00:00:00Z,2000-01-01T00:00:00Z
http://www.wikidata.org/entity/Q2252579,http://www.wikidata.org/entity/Q2641,14.0,2001-01-01T00:00:00Z,2001-01-01T00:00:00Z
http://www.wikidata.org/entity/Q2252579,http://www.wikidata.org/entity/Q2037,29.0,2005-01-01T00:00:00Z,2006-01-01T00:00:00Z
http://www.wikidata.org/entity/Q2252579,http://www.wikidata.org/entity/Q2674,66.0,2006-01-01T00:00:00Z,2009-01-01T00:00:00Z
http://www.wikidata.org/entity/Q2252583,http://www.wikidata.org/entity/Q2018,18.0,1998-01-01T00:00:00Z,1999-01-01T00:00:00Z
http://www.wikidata.org/entity/Q2254057,http://www.wikidata.org/entity/Q2693,21.0,2010-01-01T00:00:00Z,2011-01-01T00:00:00Z
http://www.wikidata.org/entity/Q2255418,http://www.wikidata.org/entity/Q1457,80.0,2002-01-01T00:00:00Z,2003-01-01T00:00:00Z
http://www.wikidata.org/entity/Q2255418,http://www.wikidata.org/entity/Q1886,6.0,2000-01-01T00:00:00Z,2002-01-01T00:00:00Z
http://www.wikidata.org/entity/Q2255418,http://www.wikidata.org/entity/Q1893,48.0,1997-01-01T00:00:00Z,2000-01-01T00:00:00Z
http://www.wikidata.org/entity/Q2260194,http://www.wikidata.org/entity/Q1543,0.0,1999-01-01T00:00:00Z,2002-01-01T00:00:00Z
http://www.wikidata.org/entity/Q2260194,http://www.wikidata.org/entity/Q2037,22.0,2007-01-01T00:00:00Z,2011-01-01T00:00:00Z
http://www.wikidata.org/entity/Q2260194,http://www.wikidata.org/entity/Q2074,21.0,2007-01-01T00:00:00Z,2007-01-01T00:00:00Z
http://www.wikidata.org/entity/Q2260514,http://www.wikidata.org/entity/Q1893,135.0,1995-01-01T00:00:00Z,2000-01-01T00:00:00Z
http://www.wikidata.org/entity/Q2260514,http://www.wikidata.org/entity/Q1422,26.0,2000-01-01T00:00:00Z,2002-01-01T00:00:00Z
http://www.wikidata.org/entity/Q2260514,http://www.wikidata.org/entity/Q1893,30.0,2002-01-01T00:00:00Z,2003-01-01T00:00:00Z
http://www.wikidata.org/entity/Q2262270,http://www.wikidata.org/entity/Q1893,11.0,2009-01-01T00:00:00Z,2010-01-01T00:00:00Z
http://www.wikidata.org/entity/Q2262505,http://www.wikidata.org/entity/Q2037,1.0,2000-01-01T00:00:00Z,2005-01-01T00:00:00Z
http://www.wikidata.org/entity/Q2262505,http://www.wikidata.org/entity/Q1893,10.0,2010-01-01T00:00:00Z,2010-01-01T00:00:00Z
http://www.wikidata.org/entity/Q2262505,http://www.wikidata.org/entity/Q2674,30.0,2008-01-01T00:00:00Z,2012-01-01T00:00:00Z
http://www.wikidata.org/entity/Q2265728,http://www.wikidata.org/entity/Q2052,0.0,2007-01-01T00:00:00Z,2009-01-01T00:00:00Z
http://www.wikidata.org/entity/Q2265728,http://www.wikidata.org/entity/Q2018,6.0,2016-01-01T00:00:00Z,2016-01-01T00:00:00Z
http://www.wikidata.org/entity/Q2268270,http://www.wikidata.org/entity/Q2074,25.0,2013-01-01T00:00:00Z,2014-01-01T00:00:00Z
http://www.wikidata.org/entity/Q2268949,http://www.wikidata.org/entity/Q2641,19.0,2012-01-01T00:00:00Z,2015-01-01T00:00:00Z
http://www.wikidata.org/entity/Q23899393,http://www.wikidata.org/entity/Q1422,108.0,2023-01-01T00:00:00Z,
http://www.wikidata.org/entity/Q24068577,http://www.wikidata.org/entity/Q1543,145.0,2021-01-01T00:00:00Z,
http://www.wikidata.org/entity/Q24084221,http://www.wikidata.org/entity/Q2052,72.0,2022-01-01T00:00:00Z,
http://www.wikidata.org/entity/Q26729266,http://www.wikidata.org/entity/Q2074,84.0,2016-01-01T00:00:00Z,
http://www.wikidata.org/entity/Q23887939,http://www.wikidata.org/entity/Q2052,216.0,2017-01-01T00:00:00Z,2024-01-01T00:00:00Z
http://www.wikidata.org/entity/Q23899393,http://www.wikidata.org/entity/Q1543,48.0,2016-01-01T00:00:00Z,2019-01-01T00:00:00Z
http://www.wikidata.org/entity/Q23899393,http://www.wikidata.org/entity/Q1422,63.0,2021-01-01T00:00:00Z,2023-01-01T00:00:00Z
http://www.wikidata.org/entity/Q24044786,http://www.wikidata.org/entity/Q2074,29.0,2001-01-01T00:00:00Z,2003-01-01T00:00:00Z
http://www.wikidata.org/entity/Q24044786,http://www.wikidata.org/entity/Q2074,6.0,1998-01-01T00:00:00Z,2000-01-01T00:00:00Z
http://www.wikidata.org/entity/Q24068577,http://www.wikidata.org/entity/Q1543,17.0,2021-01-01T00:00:00Z,2021-01-01T00:00:00Z
http://www.wikidata.org/entity/Q2447035,http://www.wikidata.org/entity/Q2674,17.0,2004-01-01T00:00:00Z,2004-01-01T00:00:00Z
http://www.wikidata.org/entity/Q2447035,http://www.wikidata.org/entity/Q1900,62.0,2008-01-01T00:00:00Z,2010-01-01T00:00:00Z
http://www.wikidata.org/entity/Q2447035,http://www.wikidata.org/entity/Q1900,20.0,2008-01-01T00:00:00Z,2008-01-01T00:00:00Z
http://www.wikidata.org/entity/Q2448009,http://www.wikidata.org/entity/Q2609,22.0,2013-01-01T00:00:00Z,2015-01-01T00:00:00Z
http://www.wikidata.org/entity/Q2448632,http://www.wikidata.org/entity/Q2037,58.0,2008-01-01T00:00:00Z,2013-01-01T00:00:00Z
http://www.wikidata.org/entity/Q2451217,http://www.wikidata.org/entity/Q2074,9.0,2011-01-01T00:00:00Z,2014-01-01T00:00:00Z
http://www.wikidata.org/entity/Q2451488,http://www.wikidata.org/entity/Q2037,12.0,2011-01-01T00:00:00Z,2012-01-01T00:00:00Z
http://www.wikidata.org/entity/Q2452540,http://www.wikidata.org/entity/Q1900,6.0,1998-01-01T00:00:00Z,2000-01-01T00:00:00Z
http://www.wikidata.org/entity/Q2467566,http://www.wikidata.org/entity/Q2609,1.0,2006-01-01T00:00:00Z,2011-01-01T00:00:00Z
http://www.wikidata.org/entity/Q2467566,http://www.wikidata.org/entity/Q631,0.0,2002-01-01T00:00:00Z,2006-01-01T00:00:00Z
http://www.wikidata.org/entity/Q2468436,http://www.wikidata.org/entity/Q1422,4.0,2014-01-01T00:00:00Z,2015-01-01T00:00:00Z
http://www.wikidata.org/entity/Q2468436,http://www.wikidata.org/entity/Q2052,30.0,2012-01-01T00:00:00Z,2014-01-01T00:00:00Z
http://www.wikidata.org/entity/Q2469197,http://www.wikidata.org/entity/Q1900,15.0,2004-01-01T00:00:00Z,2005-01-01T00:00:00Z
http://www.wikidata.org/entity/Q2469459,http://www.wikidata.org/entity/Q1900,13.0,1998-01-01T00:00:00Z,1999-01-01T00:00:00Z
http://www.wikidata.org/entity/Q2470385,http://www.wikidata.org/entity/Q2641,2.0,2011-01-01T00:00:00Z,2013-01-01T00:00:00Z
http://www.wikidata.org/entity/Q2471131,http://www.wikidata.org/entity/Q2074,4.0,2011-01-01T00:00:00Z,2013-01-01T00:00:00Z
http://www.wikidata.org/entity/Q247708,http://www.wikidata.org/entity/Q2074,19.0,2016-01-01T00:00:00Z,2016-01-01T00:00:00Z
http://www.wikidata.org/entity/Q247708,http://www.wikidata.org/entity/Q1543,126.0,2015-01-01T00:00:00Z,2020-01-01T00:00:00Z
http://www.wikidata.org/entity/Q2477893,http://www.wikidata.org/entity/Q2674,0.0,2015-01-01T00:00:00Z,2015-01-01T00:00:00Z
http://www.wikidata.org/entity/Q2480699,http://www.wikidata.org/entity/Q2710,6.0,2013-01-01T00:00:00Z,2014-01-01T00:00:00Z
http://www.wikidata.org/entity/Q2481331,http://www.wikidata.org/entity/Q1900,125.0,2016-07-01T00:00:00Z,2020-08-19T00:00:00Z
http://www.wikidata.org/entity/Q248141,http://www.wikidata.org/entity/Q1457,58.0,2020-09-01T00:00:00Z,2022-06-01T00:00:00Z
http://www.wikidata.org/entity/Q248141,http://www.wikidata.org/entity/Q1457,14.0,2020-01-01T00:00:00Z,2020-08-01T00:00:00Z
http://www.wikidata.org/entity/Q2487270,http://www.wikidata.org/entity/Q2018,2.0,2003-01-01T00:00:00Z,2003-01-01T00:00:00Z
http://www.wikidata.org/entity/Q2487270,http://www.wikidata.org/entity/Q2052,5.0,1997-01-01T00:00:00Z,1999-01-01T00:00:00Z
http://www.wikidata.org/entity/Q2487927,http://www.wikidata.org/entity/Q2037,0.0,2009-01-01T00:00:00Z,2010-01-01T00:00:00Z
http://www.wikidata.org/entity/Q249198,http://www.wikidata.org/entity/Q1422,84.0,2022-08-01T00:00:00Z,2026-07-01T00:00:00Z
http://www.wikidata.org/entity/Q2499709,http://www.wikidata.org/entity/Q2074,1.0,2011-01-01T00:00:00Z,2015-01-01T00:00:00Z
http://www.wikidata.org/entity/Q250093,http://www.wikidata.org/entity/Q2693,8.0,2005-01-01T00:00:00Z,2006-01-01T00:00:00Z
http://www.wikidata.org/entity/Q250193,http://www.wikidata.org/entity/Q631,0.0,2006-01-01T00:00:00Z,2010-01-01T00:00:00Z
http://www.wikidata.org/entity/Q250193,http://www.wikidata.org/entity/Q1543,0.0,2010-01-01T00:00:00Z,2015-01-01T00:00:00Z
http://www.wikidata.org/entity/Q251354,http://www.wikidata.org/entity/Q1457,19.0,2005-01-01T00:00:00Z,2012-01-01T00:00:00Z
http://www.wikidata.org/entity/Q251525,http://www.wikidata.org/entity/Q1457,2.0,2015-01-01T00:00:00Z,2015-01-01T00:00:00Z
http://www.wikidata.org/entity/Q251525,http://www.wikidata.org/entity/Q2693,8.0,2013-01-01T00:00:00Z,2013-01-01T00:00:00Z
http://www.wikidata.org/entity/Q251525,http://www.wikidata.org/entity/Q2710,0.0,2016-01-01T00:00:00Z,2016-01-01T00:00:00Z
http://www.wikidata.org/entity/Q251683,http://www.wikidata.org/entity/Q1422,26.0,2022-07-01T00:00:00Z,2023-06-01T00:00:00Z
http://www.wikidata.org/entity/Q2517101,http://www.wikidata.org/entity/Q2693,25.0,2012-01-01T00:00:00Z,2014-01-01T00:00:00Z
http://www.wikidata.org/entity/Q2517101,http://www.wikidata.org/entity/Q1886,27.0,2014-01-01T00:00:00Z,2015-01-01T00:00:00Z
http://www.wikidata.org/entity/Q2517420,http://www.wikidata.org/entity/Q2074,44.0,2002-01-01T00:00:00Z,2003-01-01T00:00:00Z
http://www.wikidata.org/entity/Q2517756,http://www.wikidata.org/entity/Q2693,30.0,2005-01-01T00:00:00Z,2010-01-01T00:00:00Z
http://www.wikidata.org/entity/Q2517756,http://www.wikidata.org/entity/Q1893,21.0,2010-01-01T00:00:00Z,2015-01-01T00:00:00Z
http://www.wikidata.org/entity/Q2519072,http://www.wikidata.org/entity/Q2052,47.0,1999-01-01T00:00:00Z,2002-01-01T00:00:00Z
http://www.wikidata.org/entity/Q2519072,http://www.wikidata.org/entity/Q2641,53.0,1997-01-01T00:00:00Z,1999-01-01T00:00:00Z
http://www.wikidata.org/entity/Q2520564,http://www.wikidata.org/entity/Q2074,102.0,1999-01-01T00:00:00Z,2003-01-01T00:00:00Z
http://www.wikidata.org/entity/Q2520564,http://www.wikidata.org/entity/Q2037,125.0,2003-01-01T00:00:00Z,2011-01-01T00:00:00Z
http://www.wikidata.org/entity/Q252190,http://www.wikidata.org/entity/Q631,15.0,2015-01-09T00:00:00Z,2015-08-11T00:00:00Z
http://www.wikidata.org/entity/Q252596,http://www.wikidata.org/entity/Q631,3.0,2015-01-01T00:00:00Z,2016-01-01T00:00:00Z
http://www.wikidata.org/entity/Q252695,http://www.wikidata.org/entity/Q1900,124.0,2009-01-01T00:00:00Z,2014-01-01T00:00:00Z
http://www.wikidata.org/entity/Q2534210,http://www.wikidata.org/entity/Q2641,4.0,2011-01-01T00:00:00Z,2016-01-01T00:00:00Z
http://www.wikidata.org/entity/Q2534210,http://www.wikidata.org/entity/Q2693,1.0,2012-01-01T00:00:00Z,2012-01-01T00:00:00Z
http://www.wikidata.org/entity/Q26704596,http://www.wikidata.org/entity/Q2052,19.0,2023-01-01T00:00:00Z,2024-01-01T00:00:00Z
http://www.wikidata.org/entity/Q26704703,http://www.wikidata.org/entity/Q1422,44.0,2020-01-01T00:00:00Z,2022-01-01T00:00:00Z
http://www.wikidata.org/entity/Q26704703,http://www.wikidata.org/entity/Q2052,137.0,2016-01-01T00:00:00Z,2022-01-01T00:00:00Z
http://www.wikidata.org/entity/Q26704703,http://www.wikidata.org/entity/Q1422,54.0,2022-01-01T00:00:00Z,2024-01-01T00:00:00Z
http://www.wikidata.org/entity/Q26821326,http://www.wikidata.org/entity/Q2693,133.0,2021-01-01T00:00:00Z,2025-08-01T00:00:00Z
http://www.wikidata.org/entity/Q26857965,http://www.wikidata.org/entity/Q2693,0.0,2020-01-01T00:00:00Z,2020-09-01T00:00:00Z
http://www.wikidata.org/entity/Q26857965,http://www.wikidata.org/entity/Q631,3.0,2013-07-01T00:00:00Z,2025-02-01T00:00:00Z
http://www.wikidata.org/entity/Q26857965,http://www.wikidata.org/entity/Q2074,33.0,2018-07-01T00:00:00Z,2020-01-01T00:00:00Z
http://www.wikidata.org/entity/Q1098721,http://www.wikidata.org/entity/Q1886,4.0,2005-01-01T00:00:00Z,2008-01-01T00:00:00Z
http://www.wikidata.org/entity/Q1098721,http://www.wikidata.org/entity/Q2710,25.0,2004-01-01T00:00:00Z,2005-01-01T00:00:00Z
http://www.wikidata.org/entity/Q1098721,http://www.wikidata.org/entity/Q2052,34.0,2002-01-01T00:00:00Z,2004-01-01T00:00:00Z
http://www.wikidata.org/entity/Q109882217,http://www.wikidata.org/entity/Q1422,0.0,2019-01-01T00:00:00Z,2022-01-01T00:00:00Z
http://www.wikidata.org/entity/Q1100449,http://www.wikidata.org/entity/Q1900,78.0,2010-01-01T00:00:00Z,2014-01-01T00:00:00Z
http://www.wikidata.org/entity/Q1102718,http://www.wikidata.org/entity/Q1886,4.0,2001-01-01T00:00:00Z,2002-01-01T00:00:00Z
http://www.wikidata.org/entity/Q1102718,http://www.wikidata.org/entity/Q2693,24.0,1997-01-01T00:00:00Z,1999-01-01T00:00:00Z
http://www.wikidata.org/entity/Q1102718,http://www.wikidata.org/entity/Q1543,2.0,2000-01-01T00:00:00Z,2000-01-01T00:00:00Z
http://www.wikidata.org/entity/Q110486415,http://www.wikidata.org/entity/Q1457,8.0,2023-01-01T00:00:00Z,2023-06-01T00:00:00Z
http://www.wikidata.org/entity/Q110495913,http://www.wikidata.org/entity/Q2074,21.0,2023-01-01T00:00:00Z,2026-08-01T00:00:00Z
http://www.wikidata.org/entity/Q1105338,http://www.wikidata.org/entity/Q2018,12.0,2004-01-01T00:00:00Z,2004-01-01T00:00:00Z
http://www.wikidata.org/entity/Q1105338,http://www.wikidata.org/entity/Q2018,12.0,2003-01-01T00:00:00Z,2003-01-01T00:00:00Z
http://www.wikidata.org/entity/Q110654763,http://www.wikidata.org/entity/Q2074,41.0,2024-08-01T00:00:00Z,2026-09-01T00:00:00Z
http://www.wikidata.org/entity/Q110874376,http://www.wikidata.org/entity/Q1543,0.0,2021-01-01T00:00:00Z,2022-01-01T00:00:00Z
http://www.wikidata.org/entity/Q1109020,http://www.wikidata.org/entity/Q1457,116.0,2000-01-01T00:00:00Z,2004-01-01T00:00:00Z
http://www.wikidata.org/entity/Q1109206,http://www.wikidata.org/entity/Q1457,22.0,2008-01-01T00:00:00Z,2011-01-01T00:00:00Z
http://www.wikidata.org/entity/Q1109206,http://www.wikidata.org/entity/Q1886,42.0,2011-01-01T00:00:00Z,2014-01-01T00:00:00Z
http://www.wikidata.org/entity/Q1111049,http://www.wikidata.org/entity/Q1900,2.0,2005-01-01T00:00:00Z,2007-01-01T00:00:00Z
http://www.wikidata.org/entity/Q1112195,http://www.wikidata.org/entity/Q2037,3.0,2013-01-01T00:00:00Z,2013-01-01T00:00:00Z
http://www.wikidata.org/entity/Q1112195,http://www.wikidata.org/entity/Q2074,24.0,2011-01-01T00:00:00Z,2014-01-01T00:00:00Z
http://www.wikidata.org/entity/Q1113874,http://www.wikidata.org/entity/Q2641,2.0,2005-01-01T00:00:00Z,2005-01-01T00:00:00Z
http://www.wikidata.org/entity/Q1114314,http://www.wikidata.org/entity/Q1886,0.0,2002-01-01T00:00:00Z,2003-01-01T00:00:00Z
http://www.wikidata.org/entity/Q1117417,http://www.wikidata.org/entity/Q1900,17.0,2007-01-01T00:00:00Z,2007-01-01T00:00:00Z
http://www.wikidata.org/entity/Q1117417,http://www.wikidata.org/entity/Q1900,1.0,2007-01-01T00:00:00Z,2008-01-01T00:00:00Z
http://www.wikidata.org/entity/Q1117417,http://www.wikidata.org/entity/Q2037,0.0,2004-01-01T00:00:00Z,2005-01-01T00:00:00Z
http://www.wikidata.org/entity/Q1117417,http://www.wikidata.org/entity/Q1893,18.0,2008-01-01T00:00:00Z,2009-01-01T00:00:00Z
http://www.wikidata.org/entity/Q1117426,http://www.wikidata.org/entity/Q1886,8.0,2009-01-01T00:00:00Z,2009-01-01T00:00:00Z
http://www.wikidata.org/entity/Q1117426,http://www.wikidata.org/entity/Q2693,16.0,2007-01-01T00:00:00Z,2007-01-01T00:00:00Z
http://www.wikidata.org/entity/Q1117426,http://www.wikidata.org/entity/Q2674,8.0,2006-01-01T00:00:00Z,2007-01-01T00:00:00Z
http://www.wikidata.org/entity/Q1117426,http://www.wikidata.org/entity/Q2693,17.0,2007-01-01T00:00:00Z,2009-01-01T00:00:00Z
http://www.wikidata.org/entity/Q1118506,http://www.wikidata.org/entity/Q2018,13.0,2003-01-01T00:00:00Z,2003-01-01T00:00:00Z
http://www.wikidata.org/entity/Q1121887,http://www.wikidata.org/entity/Q2674,41.0,2014-01-01T00:00:00Z,2015-01-01T00:00:00Z
http://www.wikidata.org/entity/Q1121887,http://www.wikidata.org/entity/Q2037,172.0,2008-01-01T00:00:00Z,2014-01-01T00:00:00Z
http://www.wikidata.org/entity/Q1121887,http://www.wikidata.org/entity/Q2074,64.0,2016-01-01T00:00:00Z,2018-01-01T00:00:00Z
http://www.wikidata.org/entity/Q112200,http://www.wikidata.org/entity/Q2018,0.0,2005-01-01T00:00:00Z,2005-01-01T00:00:00Z
http://www.wikidata.org/entity/Q1130817,http://www.wikidata.org/entity/Q2693,0.0,2013-01-01T00:00:00Z,2015-01-01T00:00:00Z
http://www.wikidata.org/entity/Q1130817,http://www.wikidata.org/entity/Q2018,41.0,2003-01-01T00:00:00Z,2004-01-01T00:00:00Z
http://www.wikidata.org/entity/Q1130817,http://www.wikidata.org/entity/Q2609,6.0,2005-01-01T00:00:00Z,2006-01-01T00:00:00Z
http://www.wikidata.org/entity/Q1131690,http://www.wikidata.org/entity/Q1457,19.0,1999-01-01T00:00:00Z,1999-01-01T00:00:00Z
http://www.wikidata.org/entity/Q1131690,http://www.wikidata.org/entity/Q2052,14.0,2000-01-01T00:00:00Z,2001-01-01T00:00:00Z
http://www.wikidata.org/entity/Q1131690,http://www.wikidata.org/entity/Q1457,19.0,1998-01-01T00:00:00Z,1999-01-01T00:00:00Z
http://www.wikidata.org/entity/Q18616995,http://www.wikidata.org/entity/Q1543,26.0,2023-01-01T00:00:00Z,
http://www.wikidata.org/entity/Q20204829,http://www.wikidata.org/entity/Q631,142.0,2018-01-01T00:00:00Z,
http://www.wikidata.org/entity/Q18541051,http://www.wikidata.org/entity/Q2674,65.0,2022-07-01T00:00:00Z,2025-02-01T00:00:00Z
http://www.wikidata.org/entity/Q18616308,http://www.wikidata.org/entity/Q2052,0.0,2016-01-01T00:00:00Z,2016-01-01T00:00:00Z
http://www.wikidata.org/entity/Q18637387,http://www.wikidata.org/entity/Q1893,0.0,2010-01-01T00:00:00Z,2014-01-01T00:00:00Z
http://www.wikidata.org/entity/Q18637410,http://www.wikidata.org/entity/Q1886,16.0,2014-01-01T00:00:00Z,2016-01-01T00:00:00Z
http://www.wikidata.org/entity/Q18637806,http://www.wikidata.org/entity/Q1422,0.0,2014-01-01T00:00:00Z,2017-01-01T00:00:00Z
http://www.wikidata.org/entity/Q18637876,http://www.wikidata.org/entity/Q2710,3.0,2013-01-01T00:00:00Z,2013-01-01T00:00:00Z
http://www.wikidata.org/entity/Q18637876,http://www.wikidata.org/entity/Q2693,0.0,2012-01-01T00:00:00Z,2014-01-01T00:00:00Z
http://www.wikidata.org/entity/Q18637876,http://www.wikidata.org/entity/Q2710,8.0,2015-01-01T00:00:00Z,2018-07-01T00:00:00Z
http://www.wikidata.org/entity/Q18637930,http://www.wikidata.org/entity/Q2641,125.0,2018-01-01T00:00:00Z,2022-01-01T00:00:00Z
http://www.wikidata.org/entity/Q18638184,http://www.wikidata.org/entity/Q1457,20.0,2022-01-01T00:00:00Z,2023-01-01T00:00:00Z
http://www.wikidata.org/entity/Q192923,http://www.wikidata.org/entity/Q2074,51.0,2008-01-01T00:00:00Z,2010-01-01T00:00:00Z
http://www.wikidata.org/entity/Q192974,http://www.wikidata.org/entity/Q631,24.0,2000-01-01T00:00:00Z,2001-01-01T00:00:00Z
http://www.wikidata.org/entity/Q192974,http://www.wikidata.org/entity/Q2693,15.0,2002-01-01T00:00:00Z,2002-01-01T00:00:00Z
http://www.wikidata.org/entity/Q193000,http://www.wikidata.org/entity/Q1900,36.0,2016-06-01T00:00:00Z,2017-05-01T00:00:00Z
http://www.wikidata.org/entity/Q193000,http://www.wikidata.org/entity/Q2693,85.0,2018-07-01T00:00:00Z,2021-06-01T00:00:00Z
http://www.wikidata.org/entity/Q1930695,http://www.wikidata.org/entity/Q1900,16.0,2015-01-01T00:00:00Z,2015-01-01T00:00:00Z
http://www.wikidata.org/entity/Q193568,http://www.wikidata.org/entity/Q2052,53.0,2000-01-01T00:00:00Z,2002-01-01T00:00:00Z
http://www.wikidata.org/entity/Q193702,http://www.wikidata.org/entity/Q631,169.0,2005-01-01T00:00:00Z,2014-01-01T00:00:00Z
http://www.wikidata.org/entity/Q193717,http://www.wikidata.org/entity/Q2018,28.0,2013-01-01T00:00:00Z,2014-01-01T00:00:00Z
http://www.wikidata.org/entity/Q193768,http://www.wikidata.org/entity/Q631,66.0,2008-01-01T00:00:00Z,2012-01-01T00:00:00Z
http://www.wikidata.org/entity/Q193768,http://www.wikidata.org/entity/Q1543,57.0,2012-07-01T00:00:00Z,2015-01-01T00:00:00Z
http://www.wikidata.org/entity/Q193768,http://www.wikidata.org/entity/Q1543,13.0,2012-01-01T00:00:00Z,2012-06-01T00:00:00Z
http://www.wikidata.org/entity/Q193768,http://www.wikidata.org/entity/Q2710,9.0,2017-01-01T00:00:00Z,2017-01-01T00:00:00Z
http://www.wikidata.org/entity/Q194107,http://www.wikidata.org/entity/Q2052,56.0,2019-08-01T00:00:00Z,2021-06-01T00:00:00Z
http://www.wikidata.org/entity/Q194107,http://www.wikidata.org/entity/Q1900,14.0,2021-09-01T00:00:00Z,2022-01-01T00:00:00Z
http://www.wikidata.org/entity/Q194107,http://www.wikidata.org/entity/Q1422,11.0,2012-01-01T00:00:00Z,2012-06-01T00:00:00Z
http://www.wikidata.org/entity/Q194107,http://www.wikidata.org/entity/Q1422,9.0,2019-01-01T00:00:00Z,2019-06-01T00:00:00Z
http://www.wikidata.org/entity/Q194107,http://www.wikidata.org/entity/Q2609,10.0,2018-01-01T00:00:00Z,2019-06-01T00:00:00Z
http://www.wikidata.org/entity/Q194107,http://www.wikidata.org/entity/Q1422,51.0,2012-07-01T00:00:00Z,2016-01-01T00:00:00Z
http://www.wikidata.org/entity/Q194107,http://www.wikidata.org/entity/Q1422,15.0,2009-01-01T00:00:00Z,2010-01-01T00:00:00Z
http://www.wikidata.org/entity/Q194579,http://www.wikidata.org/entity/Q1543,12.0,2017-01-01T00:00:00Z,2017-01-01T00:00:00Z
http://www.wikidata.org/entity/Q194579,http://www.wikidata.org/entity/Q2074,14.0,2016-01-01T00:00:00Z,2017-01-01T00:00:00Z
http://www.wikidata.org/entity/Q195324,http://www.wikidata.org/entity/Q2074,54.0,2023-07-05T00:00:00Z,2026-07-11T00:00:00Z
http://www.wikidata.org/entity/Q195878,http://www.wikidata.org/entity/Q1422,40.0,2011-01-01T00:00:00Z,2013-01-01T00:00:00Z
http://www.wikidata.org/entity/Q195878,http://www.wikidata.org/entity/Q2641,20.0,2016-01-01T00:00:00Z,2018-06-01T00:00:00Z
http://www.wikidata.org/entity/Q195878,http://www.wikidata.org/entity/Q2037,62.0,2018-07-01T00:00:00Z,2021-06-01T00:00:00Z
http://www.wikidata.org/entity/Q195878,http://www.wikidata.org/entity/Q2037,13.0,2018-01-01T00:00:00Z,2018-06-01T00:00:00Z
http://www.wikidata.org/entity/Q195878,http://www.wikidata.org/entity/Q1893,28.0,2015-01-01T00:00:00Z,2016-01-01T00:00:00Z
http://www.wikidata.org/entity/Q195953,http://www.wikidata.org/entity/Q631,213.0,2018-01-01T00:00:00Z,2026-01-01T00:00:00Z
http://www.wikidata.org/entity/Q195953,http://www.wikidata.org/entity/Q2609,95.0,2014-01-01T00:00:00Z,2018-01-01T00:00:00Z
http://www.wikidata.org/entity/Q1964683,http://www.wikidata.org/entity/Q2074,2.0,2012-01-01T00:00:00Z,2013-01-01T00:00:00Z
http://www.wikidata.org/entity/Q1964683,http://www.wikidata.org/entity/Q2074,2.0,2012-01-01T00:00:00Z,2012-01-01T00:00:00Z
http://www.wikidata.org/entity/Q1965205,http://www.wikidata.org/entity/Q2074,4.0,2012-01-01T00:00:00Z,2013-01-01T00:00:00Z
http://www.wikidata.org/entity/Q1965205,http://www.wikidata.org/entity/Q2693,38.0,2004-01-01T00:00:00Z,2007-01-01T00:00:00Z
http://www.wikidata.org/entity/Q197697,http://www.wikidata.org/entity/Q1893,0.0,2003-01-01T00:00:00Z,2005-01-01T00:00:00Z
http://www.wikidata.org/entity/Q197697,http://www.wikidata.org/entity/Q1422,27.0,2008-01-01T00:00:00Z,2012-01-01T00:00:00Z
http://www.wikidata.org/entity/Q197697,http://www.wikidata.org/entity/Q2052,24.0,2001-01-01T00:00:00Z,2002-01-01T00:00:00Z
http://www.wikidata.org/entity/Q1977441,http://www.wikidata.org/entity/Q2693,0.0,2012-01-01T00:00:00Z,2013-01-01T00:00:00Z
http://www.wikidata.org/entity/Q1982216,http://www.wikidata.org/entity/Q2052,0.0,2009-01-01T00:00:00Z,2011-01-01T00:00:00Z
http://www.wikidata.org/entity/Q1982869,http://www.wikidata.org/entity/Q631,1.0,2000-01-01T00:00:00Z,2000-01-01T00:00:00Z
http://www.wikidata.org/entity/Q1983475,http://www.wikidata.org/entity/Q1543,0.0,2010-01-01T00:00:00Z,2011-01-01T00:00:00Z
http://www.wikidata.org/entity/Q1984844,http://www.wikidata.org/entity/Q1543,19.0,1999-01-01T00:00:00Z,2000-01-01T00:00:00Z
http://www.wikidata.org/entity/Q1984844,http://www.wikidata.org/entity/Q1886,65.0,2007-01-01T00:00:00Z,2010-01-01T00:00:00Z
http://www.wikidata.org/entity/Q1986044,http://www.wikidata.org/entity/Q2710,27.0,2008-01-01T00:00:00Z,2009-01-01T00:00:00Z
http://www.wikidata.org/entity/Q1986283,http://www.wikidata.org/entity/Q631,0.0,2000-01-01T00:00:00Z,2002-01-01T00:00:00Z
http://www.wikidata.org/entity/Q1986401,http://www.wikidata.org/entity/Q1893,84.0,2016-07-01T00:00:00Z,2020-08-01T00:00:00Z
http://www.wikidata.org/entity/Q1988873,http://www.wikidata.org/entity/Q2674,35.0,2011-01-01T00:00:00Z,2013-01-01T00:00:00Z
http://www.wikidata.org/entity/Q1988873,http://www.wikidata.org/entity/Q2052,21.0,2014-01-01T00:00:00Z,2015-01-01T00:00:00Z
http://www.wikidata.org/entity/Q1988873,http://www.wikidata.org/entity/Q2693,34.0,2020-09-01T00:00:00Z,2023-08-01T00:00:00Z
http://www.wikidata.org/entity/Q1988873,http://www.wikidata.org/entity/Q1886,83.0,2015-07-01T00:00:00Z,2018-07-01T00:00:00Z
http://www.wikidata.org/entity/Q1988873,http://www.wikidata.org/entity/Q2693,20.0,2020-01-01T00:00:00Z,2020-08-01T00:00:00Z
http://www.wikidata.org/entity/Q1989585,http://www.wikidata.org/entity/Q2674,35.0,2010-01-01T00:00:00Z,2012-01-01T00:00:00Z
http://www.wikidata.org/entity/Q1989585,http://www.wikidata.org/entity/Q1886,14.0,2015-01-01T00:00:00Z,2015-01-01T00:00:00Z
http://www.wikidata.org/entity/Q1989585,http://www.wikidata.org/entity/Q1900,49.0,2012-01-01T00:00:00Z,2014-01-01T00:00:00Z
http://www.wikidata.org/entity/Q1989585,http://www.wikidata.org/entity/Q1900,14.0,2012-01-01T00:00:00Z,2012-01-01T00:00:00Z
http://www.wikidata.org/entity/Q1989585,http://www.wikidata.org/entity/Q631,0.0,2003-01-01T00:00:00Z,2004-01-01T00:00:00Z
http://www.wikidata.org/entity/Q1989585,http://www.wikidata.org/entity/Q2037,6.0,2003-01-01T00:00:00Z,2004-01-01T00:00:00Z
http://www.wikidata.org/entity/Q1989585,http://www.wikidata.org/entity/Q2074,12.0,2014-01-01T00:00:00Z,2015-01-01T00:00:00Z
http://www.wikidata.org/entity/Q1989585,http://www.wikidata.org/entity/Q2037,5.0,2003-01-01T00:00:00Z,2003-01-01T00:00:00Z
http://www.wikidata.org/entity/Q1990849,http://www.wikidata.org/entity/Q2693,89.0,2000-01-01T00:00:00Z,2004-01-01T00:00:00Z
http://www.wikidata.org/entity/Q1991022,http://www.wikidata.org/entity/Q1543,0.0,2011-01-01T00:00:00Z,2015-01-01T00:00:00Z
http://www.wikidata.org/entity/Q1991022,http://www.wikidata.org/entity/Q2074,0.0,2011-01-01T00:00:00Z,2011-01-01T00:00:00Z
http://www.wikidata.org/entity/Q1996474,http://www.wikidata.org/entity/Q2674,0.0,2013-01-01T00:00:00Z,2013-01-01T00:00:00Z
http://www.wikidata.org/entity/Q20204829,http://www.wikidata.org/entity/Q631,1.0,2014-01-01T00:00:00Z,2017-01-01T00:00:00Z
http://www.wikidata.org/entity/Q20204829,http://www.wikidata.org/entity/Q2693,13.0,2018-01-01T00:00:00Z,2019-01-01T00:00:00Z
http://www.wikidata.org/entity/Q20630657,http://www.wikidata.org/entity/Q1886,0.0,2013-01-01T00:00:00Z,2014-01-01T00:00:00Z
http://www.wikidata.org/entity/Q20630864,http://www.wikidata.org/entity/Q2037,4.0,2016-01-01T00:00:00Z,2016-01-01T00:00:00Z
http://www.wikidata.org/entity/Q20641057,http://www.wikidata.org/entity/Q2074,0.0,2012-01-01T00:00:00Z,2014-01-01T00:00:00Z
http://www.wikidata.org/entity/Q20641417,http://www.wikidata.org/entity/Q1422,0.0,2012-01-01T00:00:00Z,2013-01-01T00:00:00Z
http://www.wikidata.org/entity/Q20645710,http://www.wikidata.org/entity/Q1457,14.0,2021-01-01T00:00:00Z,2022-01-01T00:00:00Z
http://www.wikidata.org/entity/Q20655930,http://www.wikidata.org/entity/Q1422,0.0,2009-01-01T00:00:00Z,2011-01-01T00:00:00Z
http://www.wikidata.org/entity/Q1818318,http://www.wikidata.org/entity/Q1900,3.0,2006-01-01T00:00:00Z,2007-01-01T00:00:00Z
http://www.wikidata.org/entity/Q1819086,http://www.wikidata.org/entity/Q1900,26.0,2006-01-01T00:00:00Z,2007-01-01T00:00:00Z
http://www.wikidata.org/entity/Q1819086,http://www.wikidata.org/entity/Q1893,112.0,2002-01-01T00:00:00Z,2006-01-01T00:00:00Z
http://www.wikidata.org/entity/Q182451,http://www.wikidata.org/entity/Q2052,118.0,2008-01-01T00:00:00Z,2012-01-01T00:00:00Z
http://www.wikidata.org/entity/Q182451,http://www.wikidata.org/entity/Q2710,3.0,2017-01-01T00:00:00Z,2017-06-01T00:00:00Z
http://www.wikidata.org/entity/Q182451,http://www.wikidata.org/entity/Q1893,36.0,2012-01-01T00:00:00Z,2013-01-01T00:00:00Z
http://www.wikidata.org/entity/Q182451,http://www.wikidata.org/entity/Q1543,94.0,2005-01-01T00:00:00Z,2008-01-01T00:00:00Z
http://www.wikidata.org/entity/Q182451,http://www.wikidata.org/entity/Q2693,96.0,2002-01-01T00:00:00Z,2005-01-01T00:00:00Z
http://www.wikidata.org/entity/Q182451,http://www.wikidata.org/entity/Q2674,33.0,2015-08-01T00:00:00Z,2016-01-01T00:00:00Z
http://www.wikidata.org/entity/Q182451,http://www.wikidata.org/entity/Q2052,14.0,2015-01-01T00:00:00Z,2015-06-01T00:00:00Z
http://www.wikidata.org/entity/Q182451,http://www.wikidata.org/entity/Q2074,50.0,2012-01-01T00:00:00Z,2014-01-01T00:00:00Z
http://www.wikidata.org/entity/Q182459,http://www.wikidata.org/entity/Q631,228.0,2005-01-01T00:00:00Z,2012-01-01T00:00:00Z
http://www.wikidata.org/entity/Q182459,http://www.wikidata.org/entity/Q2037,0.0,2005-01-01T00:00:00Z,2005-01-01T00:00:00Z
http://www.wikidata.org/entity/Q182907,http://www.wikidata.org/entity/Q1543,80.0,2008-01-01T00:00:00Z,2012-01-01T00:00:00Z
http://www.wikidata.org/entity/Q182907,http://www.wikidata.org/entity/Q1422,217.0,1999-01-01T00:00:00Z,2006-01-01T00:00:00Z
http://www.wikidata.org/entity/Q1838072,http://www.wikidata.org/entity/Q1893,0.0,2010-01-01T00:00:00Z,2010-01-01T00:00:00Z
http://www.wikidata.org/entity/Q183967,http://www.wikidata.org/entity/Q1422,245.0,2000-01-01T00:00:00Z,2010-01-01T00:00:00Z
http://www.wikidata.org/entity/Q184269,http://www.wikidata.org/entity/Q1900,26.0,2018-01-01T00:00:00Z,2019-06-20T00:00:00Z
http://www.wikidata.org/entity/Q1845684,http://www.wikidata.org/entity/Q2074,14.0,2011-01-01T00:00:00Z,2012-01-01T00:00:00Z
http://www.wikidata.org/entity/Q184612,http://www.wikidata.org/entity/Q631,6.0,2000-01-01T00:00:00Z,2001-01-01T00:00:00Z
http://www.wikidata.org/entity/Q1848778,http://www.wikidata.org/entity/Q1543,0.0,2001-01-01T00:00:00Z,2002-01-01T00:00:00Z
http://www.wikidata.org/entity/Q1848778,http://www.wikidata.org/entity/Q2037,19.0,2009-01-01T00:00:00Z,2011-01-01T00:00:00Z
http://www.wikidata.org/entity/Q1849128,http://www.wikidata.org/entity/Q2641,32.0,2015-01-01T00:00:00Z,2020-08-01T00:00:00Z
http://www.wikidata.org/entity/Q185081,http://www.wikidata.org/entity/Q631,209.0,2001-01-01T00:00:00Z,2011-01-01T00:00:00Z
http://www.wikidata.org/entity/Q185115,http://www.wikidata.org/entity/Q1422,159.0,1997-01-01T00:00:00Z,2004-01-01T00:00:00Z
http://www.wikidata.org/entity/Q185115,http://www.wikidata.org/entity/Q631,14.0,2004-01-01T00:00:00Z,2005-01-01T00:00:00Z
http://www.wikidata.org/entity/Q1851160,http://www.wikidata.org/entity/Q631,11.0,2001-01-01T00:00:00Z,2001-01-01T00:00:00Z
http://www.wikidata.org/entity/Q1851160,http://www.wikidata.org/entity/Q2018,19.0,2004-01-01T00:00:00Z,2005-01-01T00:00:00Z
http://www.wikidata.org/entity/Q1851160,http://www.wikidata.org/entity/Q2710,15.0,2006-01-01T00:00:00Z,2007-01-01T00:00:00Z
http://www.wikidata.org/entity/Q1851160,http://www.wikidata.org/entity/Q1893,6.0,2005-01-01T00:00:00Z,2005-01-01T00:00:00Z
http://www.wikidata.org/entity/Q1851160,http://www.wikidata.org/entity/Q2018,19.0,2004-01-01T00:00:00Z,2004-01-01T00:00:00Z
http://www.wikidata.org/entity/Q185650,http://www.wikidata.org/entity/Q1543,79.0,2012-01-01T00:00:00Z,2016-01-01T00:00:00Z
http://www.wikidata.org/entity/Q1856676,http://www.wikidata.org/entity/Q1886,25.0,2010-01-01T00:00:00Z,2011-01-01T00:00:00Z
http://www.wikidata.org/entity/Q1856676,http://www.wikidata.org/entity/Q2074,0.0,2009-01-01T00:00:00Z,2012-01-01T00:00:00Z
http://www.wikidata.org/entity/Q1856676,http://www.wikidata.org/entity/Q2693,28.0,2008-01-01T00:00:00Z,2009-01-01T00:00:00Z
http://www.wikidata.org/entity/Q1857490,http://www.wikidata.org/entity/Q2693,2.0,2011-01-01T00:00:00Z,2013-01-01T00:00:00Z
http://www.wikidata.org/entity/Q1857490,http://www.wikidata.org/entity/Q631,4.0,2010-01-01T00:00:00Z,2011-01-01T00:00:00Z
http://www.wikidata.org/entity/Q1859244,http://www.wikidata.org/entity/Q2710,61.0,2012-01-01T00:00:00Z,2015-01-01T00:00:00Z
http://www.wikidata.org/entity/Q186478,http://www.wikidata.org/entity/Q2052,67.0,2005-01-01T00:00:00Z,2007-01-01T00:00:00Z
http://www.wikidata.org/entity/Q186478,http://www.wikidata.org/entity/Q1422,14.0,2011-01-01T00:00:00Z,2012-01-01T00:00:00Z
http://www.wikidata.org/entity/Q186478,http://www.wikidata.org/entity/Q2052,27.0,2012-01-01T00:00:00Z,2013-01-01T00:00:00Z
http://www.wikidata.org/entity/Q186478,http://www.wikidata.org/entity/Q2074,16.0,2010-01-01T00:00:00Z,2011-01-01T00:00:00Z
http://www.wikidata.org/entity/Q186478,http://www.wikidata.org/entity/Q2674,80.0,2003-01-01T00:00:00Z,2005-01-01T00:00:00Z
http://www.wikidata.org/entity/Q1876270,http://www.wikidata.org/entity/Q2693,67.0,1998-01-01T00:00:00Z,2002-01-01T00:00:00Z
http://www.wikidata.org/entity/Q1876270,http://www.wikidata.org/entity/Q2074,9.0,2005-01-01T00:00:00Z,2005-01-01T00:00:00Z
http://www.wikidata.org/entity/Q1876596,http://www.wikidata.org/entity/Q2018,31.0,2006-01-01T00:00:00Z,2007-01-01T00:00:00Z
http://www.wikidata.org/entity/Q18933936,http://www.wikidata.org/entity/Q2693,2.0,2014-01-01T00:00:00Z,2015-01-01T00:00:00Z
http://www.wikidata.org/entity/Q19116103,http://www.wikidata.org/entity/Q631,24.0,2022-01-01T00:00:00Z,2023-07-01T00:00:00Z
http://www.wikidata.org/entity/Q19364987,http://www.wikidata.org/entity/Q2693,0.0,2013-01-01T00:00:00Z,2015-01-01T00:00:00Z
http://www.wikidata.org/entity/Q16268411,http://www.wikidata.org/entity/Q2693,1.0,2002-01-01T00:00:00Z,2004-01-01T00:00:00Z
http://www.wikidata.org/entity/Q168997,http://www.wikidata.org/entity/Q1422,87.0,2007-01-01T00:00:00Z,2011-01-01T00:00:00Z
http://www.wikidata.org/entity/Q16909147,http://www.wikidata.org/entity/Q1886,1.0,2011-01-01T00:00:00Z,2014-01-01T00:00:00Z
http://www.wikidata.org/entity/Q16910143,http://www.wikidata.org/entity/Q2074,11.0,2018-01-01T00:00:00Z,2019-01-01T00:00:00Z
http://www.wikidata.org/entity/Q16910257,http://www.wikidata.org/entity/Q1457,32.0,2016-01-01T00:00:00Z,2017-01-01T00:00:00Z
http://www.wikidata.org/entity/Q16927409,http://www.wikidata.org/entity/Q1457,15.0,2011-01-01T00:00:00Z,2015-01-01T00:00:00Z
http://www.wikidata.org/entity/Q16935154,http://www.wikidata.org/entity/Q1457,0.0,2011-01-01T00:00:00Z,2013-01-01T00:00:00Z
http://www.wikidata.org/entity/Q16940388,http://www.wikidata.org/entity/Q2052,0.0,2014-01-01T00:00:00Z,2015-01-01T00:00:00Z
http://www.wikidata.org/entity/Q16948799,http://www.wikidata.org/entity/Q2074,0.0,2016-01-01T00:00:00Z,2016-01-01T00:00:00Z
http://www.wikidata.org/entity/Q169995,http://www.wikidata.org/entity/Q2693,47.0,2000-01-01T00:00:00Z,2002-01-01T00:00:00Z
http://www.wikidata.org/entity/Q1703104,http://www.wikidata.org/entity/Q1457,8.0,2008-01-01T00:00:00Z,2008-01-01T00:00:00Z
http://www.wikidata.org/entity/Q1703522,http://www.wikidata.org/entity/Q1457,0.0,2009-01-01T00:00:00Z,2009-01-01T00:00:00Z
http://www.wikidata.org/entity/Q170376,http://www.wikidata.org/entity/Q2052,269.0,1991-01-01T00:00:00Z,2000-01-01T00:00:00Z
http://www.wikidata.org/entity/Q170376,http://www.wikidata.org/entity/Q631,12.0,2003-01-01T00:00:00Z,2003-06-01T00:00:00Z
http://www.wikidata.org/entity/Q170452,http://www.wikidata.org/entity/Q631,8.0,2001-01-01T00:00:00Z,2002-01-01T00:00:00Z
http://www.wikidata.org/entity/Q170452,http://www.wikidata.org/entity/Q2693,37.0,2002-01-01T00:00:00Z,2004-01-01T00:00:00Z
http://www.wikidata.org/entity/Q170452,http://www.wikidata.org/entity/Q631,115.0,2004-01-01T00:00:00Z,2009-01-01T00:00:00Z
http://www.wikidata.org/entity/Q170452,http://www.wikidata.org/entity/Q2052,15.0,2002-01-01T00:00:00Z,2002-01-01T00:00:00Z
http://www.wikidata.org/entity/Q1707749,http://www.wikidata.org/entity/Q2074,16.0,2016-01-01T00:00:00Z,2017-01-01T00:00:00Z
http://www.wikidata.org/entity/Q1707749,http://www.wikidata.org/entity/Q2074,30.0,2014-01-01T00:00:00Z,2015-01-01T00:00:00Z
http://www.wikidata.org/entity/Q1708545,http://www.wikidata.org/entity/Q2052,2.0,2014-01-01T00:00:00Z,2015-01-01T00:00:00Z
http://www.wikidata.org/entity/Q1708985,http://www.wikidata.org/entity/Q2037,31.0,2011-01-01T00:00:00Z,2013-01-01T00:00:00Z
http://www.wikidata.org/entity/Q1709000,http://www.wikidata.org/entity/Q2037,14.0,2012-01-01T00:00:00Z,2014-01-01T00:00:00Z
http://www.wikidata.org/entity/Q1711285,http://www.wikidata.org/entity/Q2052,10.0,2002-01-01T00:00:00Z,2003-01-01T00:00:00Z
http://www.wikidata.org/entity/Q1711285,http://www.wikidata.org/entity/Q2052,14.0,2002-01-01T00:00:00Z,2002-01-01T00:00:00Z
http://www.wikidata.org/entity/Q171295,http://www.wikidata.org/entity/Q2609,138.0,1995-01-01T00:00:00Z,1999-01-01T00:00:00Z
http://www.wikidata.org/entity/Q171295,http://www.wikidata.org/entity/Q1422,247.0,1999-01-01T00:00:00Z,2009-01-01T00:00:00Z
http://www.wikidata.org/entity/Q171311,http://www.wikidata.org/entity/Q1422,63.0,2006-01-01T00:00:00Z,2009-01-01T00:00:00Z
http://www.wikidata.org/entity/Q171311,http://www.wikidata.org/entity/Q2693,112.0,2001-01-01T00:00:00Z,2006-01-01T00:00:00Z
http://www.wikidata.org/entity/Q171311,http://www.wikidata.org/entity/Q2052,60.0,2009-01-01T00:00:00Z,2012-01-01T00:00:00Z
http://www.wikidata.org/entity/Q171311,http://www.wikidata.org/entity/Q2693,61.0,2012-01-01T00:00:00Z,2014-01-01T00:00:00Z
http://www.wikidata.org/entity/Q171311,http://www.wikidata.org/entity/Q1457,1.0,2014-01-01T00:00:00Z,2015-01-01T00:00:00Z
http://www.wikidata.org/entity/Q171534,http://www.wikidata.org/entity/Q2609,338.0,2008-01-01T00:00:00Z,2023-01-01T00:00:00Z
http://www.wikidata.org/entity/Q172188,http://www.wikidata.org/entity/Q2074,17.0,2006-01-01T00:00:00Z,2006-01-01T00:00:00Z
http://www.wikidata.org/entity/Q172720,http://www.wikidata.org/entity/Q1422,33.0,2016-01-01T00:00:00Z,2017-06-01T00:00:00Z
http://www.wikidata.org/entity/Q1728946,http://www.wikidata.org/entity/Q1886,3.0,2006-01-01T00:00:00Z,2009-01-01T00:00:00Z
http://www.wikidata.org/entity/Q1728973,http://www.wikidata.org/entity/Q1457,2.0,2010-01-01T00:00:00Z,2010-01-01T00:00:00Z
http://www.wikidata.org/entity/Q1730675,http://www.wikidata.org/entity/Q2641,11.0,2004-01-01T00:00:00Z,2005-01-01T00:00:00Z
http://www.wikidata.org/entity/Q173139,http://www.wikidata.org/entity/Q1543,114.0,1995-01-01T00:00:00Z,2000-01-01T00:00:00Z
http://www.wikidata.org/entity/Q174391,http://www.wikidata.org/entity/Q2693,0.0,2000-01-01T00:00:00Z,2000-01-01T00:00:00Z
http://www.wikidata.org/entity/Q17453215,http://www.wikidata.org/entity/Q2674,3.0,2014-01-01T00:00:00Z,2015-01-01T00:00:00Z
http://www.wikidata.org/entity/Q1747433,http://www.wikidata.org/entity/Q1886,12.0,2009-01-01T00:00:00Z,2009-01-01T00:00:00Z
http://www.wikidata.org/entity/Q1747433,http://www.wikidata.org/entity/Q2018,26.0,2008-01-01T00:00:00Z,2011-01-01T00:00:00Z
http://www.wikidata.org/entity/Q1747433,http://www.wikidata.org/entity/Q2018,1.0,2006-01-01T00:00:00Z,2007-01-01T00:00:00Z
http://www.wikidata.org/entity/Q1747552,http://www.wikidata.org/entity/Q2074,19.0,1997-01-01T00:00:00Z,2004-01-01T00:00:00Z
http://www.wikidata.org/entity/Q1748716,http://www.wikidata.org/entity/Q2074,14.0,1998-01-01T00:00:00Z,1999-01-01T00:00:00Z
http://www.wikidata.org/entity/Q17496815,http://www.wikidata.org/entity/Q2074,0.0,2006-01-01T00:00:00Z,2010-01-01T00:00:00Z
http://www.wikidata.org/entity/Q1750019,http://www.wikidata.org/entity/Q1886,0.0,2009-01-01T00:00:00Z,2010-01-01T00:00:00Z
http://www.wikidata.org/entity/Q1750457,http://www.wikidata.org/entity/Q2018,2.0,2009-01-01T00:00:00Z,2010-01-01T00:00:00Z
http://www.wikidata.org/entity/Q1750457,http://www.wikidata.org/entity/Q2693,1.0,2006-01-01T00:00:00Z,2008-01-01T00:00:00Z
http://www.wikidata.org/entity/Q17505049,http://www.wikidata.org/entity/Q1457,11.0,2016-01-01T00:00:00Z,2018-01-01T00:00:00Z
http://www.wikidata.org/entity/Q17517162,http://www.wikidata.org/entity/Q631,0.0,2014-01-01T00:00:00Z,2014-01-01T00:00:00Z
http://www.wikidata.org/entity/Q17612716,http://www.wikidata.org/entity/Q1893,8.0,2014-01-01T00:00:00Z,2015-01-01T00:00:00Z
http://www.wikidata.org/entity/Q17633812,http://www.wikidata.org/entity/Q2641,120.0,2019-01-01T00:00:00Z,2023-01-01T00:00:00Z
http://www.wikidata.org/entity/Q17708713,http://www.wikidata.org/entity/Q2710,0.0,2007-01-01T00:00:00Z,2007-01-01T00:00:00Z
http://www.wikidata.org/entity/Q17708755,http://www.wikidata.org/entity/Q1543,86.0,2018-01-01T00:00:00Z,2022-01-01T00:00:00Z
http://www.wikidata.org/entity/Q17916930,http://www.wikidata.org/entity/Q1543,0.0,2014-01-01T00:00:00Z,2015-01-01T00:00:00Z
http://www.wikidata.org/entity/Q18010314,http://www.wikidata.org/entity/Q1422,0.0,2013-01-01T00:00:00Z,2015-01-01T00:00:00Z
http://www.wikidata.org/entity/Q18010318,http://www.wikidata.org/entity/Q1422,0.0,2014-01-01T00:00:00Z,2015-01-01T00:00:00Z
http://www.wikidata.org/entity/Q18019116,http://www.wikidata.org/entity/Q1900,0.0,2007-01-01T00:00:00Z,2007-01-01T00:00:00Z
http://www.wikidata.org/entity/Q18019116,http://www.wikidata.org/entity/Q1900,0.0,2007-01-01T00:00:00Z,2008-01-01T00:00:00Z
http://www.wikidata.org/entity/Q18044401,http://www.wikidata.org/entity/Q1543,103.0,2019-01-01T00:00:00Z,2022-01-01T00:00:00Z
http://www.wikidata.org/entity/Q18044401,http://www.wikidata.org/entity/Q1886,30.0,2015-01-01T00:00:00Z,2019-01-01T00:00:00Z
http://www.wikidata.org/entity/Q18044401,http://www.wikidata.org/entity/Q1543,71.0,2017-01-01T00:00:00Z,2019-01-01T00:00:00Z
http://www.wikidata.org/entity/Q18049748,http://www.wikidata.org/entity/Q2693,0.0,2014-01-01T00:00:00Z,2015-01-01T00:00:00Z
http://www.wikidata.org/entity/Q624,http://www.wikidata.org/entity/Q1422,513.0,1993-01-01T00:00:00Z,2012-01-01T00:00:00Z
http://www.wikidata.org/entity/Q13108082,http://www.wikidata.org/entity/Q631,1.0,2013-01-01T00:00:00Z,2015-01-01T00:00:00Z
http://www.wikidata.org/entity/Q1318514,http://www.wikidata.org/entity/Q2693,0.0,1998-01-01T00:00:00Z,2001-01-01T00:00:00Z
http://www.wikidata.org/entity/Q1318555,http://www.wikidata.org/entity/Q1457,1.0,2006-01-01T00:00:00Z,2006-01-01T00:00:00Z
http://www.wikidata.org/entity/Q1318555,http://www.wikidata.org/entity/Q1900,1.0,2014-01-01T00:00:00Z,2014-01-01T00:00:00Z
http://www.wikidata.org/entity/Q1318555,http://www.wikidata.org/entity/Q1457,9.0,2006-01-01T00:00:00Z,2010-01-01T00:00:00Z
http://www.wikidata.org/entity/Q1318628,http://www.wikidata.org/entity/Q2037,0.0,2007-01-01T00:00:00Z,2007-01-01T00:00:00Z
http://www.wikidata.org/entity/Q1319157,http://www.wikidata.org/entity/Q631,3.0,2001-01-01T00:00:00Z,2005-01-01T00:00:00Z
http://www.wikidata.org/entity/Q1319355,http://www.wikidata.org/entity/Q1457,12.0,2001-01-01T00:00:00Z,2001-01-01T00:00:00Z
http://www.wikidata.org/entity/Q1319461,http://www.wikidata.org/entity/Q2037,18.0,2001-01-01T00:00:00Z,2003-01-01T00:00:00Z
http://www.wikidata.org/entity/Q1319461,http://www.wikidata.org/entity/Q1900,24.0,2000-01-01T00:00:00Z,2001-01-01T00:00:00Z
http://www.wikidata.org/entity/Q1328917,http://www.wikidata.org/entity/Q1543,0.0,2006-01-01T00:00:00Z,2009-01-01T00:00:00Z
http://www.wikidata.org/entity/Q1332414,http://www.wikidata.org/entity/Q1457,2.0,2005-01-01T00:00:00Z,2007-01-01T00:00:00Z
http://www.wikidata.org/entity/Q1332665,http://www.wikidata.org/entity/Q631,0.0,2002-01-01T00:00:00Z,2004-01-01T00:00:00Z
http://www.wikidata.org/entity/Q1333978,http://www.wikidata.org/entity/Q2674,39.0,2006-01-01T00:00:00Z,2008-01-01T00:00:00Z
http://www.wikidata.org/entity/Q1333978,http://www.wikidata.org/entity/Q2693,5.0,2010-01-01T00:00:00Z,2011-01-01T00:00:00Z
http://www.wikidata.org/entity/Q1333978,http://www.wikidata.org/entity/Q1457,61.0,2004-01-01T00:00:00Z,2006-01-01T00:00:00Z
http://www.wikidata.org/entity/Q1333991,http://www.wikidata.org/entity/Q2609,29.0,2004-01-01T00:00:00Z,2005-01-01T00:00:00Z
http://www.wikidata.org/entity/Q1333991,http://www.wikidata.org/entity/Q2609,129.0,2005-01-01T00:00:00Z,2010-01-01T00:00:00Z
http://www.wikidata.org/entity/Q1333991,http://www.wikidata.org/entity/Q1886,17.0,2003-01-01T00:00:00Z,2003-01-01T00:00:00Z
http://www.wikidata.org/entity/Q1333991,http://www.wikidata.org/entity/Q1886,88.0,1998-01-01T00:00:00Z,2001-01-01T00:00:00Z
http://www.wikidata.org/entity/Q1333991,http://www.wikidata.org/entity/Q2693,2.0,2002-01-01T00:00:00Z,2005-01-01T00:00:00Z
http://www.wikidata.org/entity/Q1334135,http://www.wikidata.org/entity/Q2693,0.0,2013-01-01T00:00:00Z,2014-01-01T00:00:00Z
http://www.wikidata.org/entity/Q1334652,http://www.wikidata.org/entity/Q2018,2.0,2001-01-01T00:00:00Z,2002-01-01T00:00:00Z
http://www.wikidata.org/entity/Q1335372,http://www.wikidata.org/entity/Q1900,26.0,2013-01-01T00:00:00Z,2014-01-01T00:00:00Z
http://www.wikidata.org/entity/Q1336105,http://www.wikidata.org/entity/Q1457,85.0,1995-01-01T00:00:00Z,2001-01-01T00:00:00Z
http://www.wikidata.org/entity/Q1336105,http://www.wikidata.org/entity/Q2609,31.0,2003-01-01T00:00:00Z,2007-01-01T00:00:00Z
http://www.wikidata.org/entity/Q13372463,http://www.wikidata.org/entity/Q1893,22.0,1998-01-01T00:00:00Z,1999-01-01T00:00:00Z
http://www.wikidata.org/entity/Q13372463,http://www.wikidata.org/entity/Q1886,13.0,2001-01-01T00:00:00Z,2003-01-01T00:00:00Z
http://www.wikidata.org/entity/Q13372463,http://www.wikidata.org/entity/Q2037,2.0,2002-01-01T00:00:00Z,2002-01-01T00:00:00Z
http://www.wikidata.org/entity/Q1337293,http://www.wikidata.org/entity/Q1457,83.0,2005-01-01T00:00:00Z,2009-01-01T00:00:00Z
http://www.wikidata.org/entity/Q1337293,http://www.wikidata.org/entity/Q2693,1.0,2000-01-01T00:00:00Z,2000-01-01T00:00:00Z
http://www.wikidata.org/entity/Q1337293,http://www.wikidata.org/entity/Q2052,12.0,2009-01-01T00:00:00Z,2009-01-01T00:00:00Z
http://www.wikidata.org/entity/Q1337293,http://www.wikidata.org/entity/Q2693,36.0,2000-01-01T00:00:00Z,2003-01-01T00:00:00Z
http://www.wikidata.org/entity/Q1337341,http://www.wikidata.org/entity/Q2674,13.0,2004-01-01T00:00:00Z,2005-01-01T00:00:00Z
http://www.wikidata.org/entity/Q1337341,http://www.wikidata.org/entity/Q2674,13.0,2004-01-01T00:00:00Z,2004-01-01T00:00:00Z
http://www.wikidata.org/entity/Q1337570,http://www.wikidata.org/entity/Q2018,20.0,2005-01-01T00:00:00Z,2005-01-01T00:00:00Z
http://www.wikidata.org/entity/Q1337572,http://www.wikidata.org/entity/Q2674,10.0,2011-01-01T00:00:00Z,2013-01-01T00:00:00Z
http://www.wikidata.org/entity/Q1337698,http://www.wikidata.org/entity/Q2018,58.0,2006-01-01T00:00:00Z,2008-01-01T00:00:00Z
http://www.wikidata.org/entity/Q1337698,http://www.wikidata.org/entity/Q1457,22.0,2003-01-01T00:00:00Z,2006-01-01T00:00:00Z
http://www.wikidata.org/entity/Q1340571,http://www.wikidata.org/entity/Q2018,27.0,2014-01-01T00:00:00Z,2015-01-01T00:00:00Z
http://www.wikidata.org/entity/Q1341874,http://www.wikidata.org/entity/Q1457,0.0,2002-01-01T00:00:00Z,2003-01-01T00:00:00Z
http://www.wikidata.org/entity/Q1341874,http://www.wikidata.org/entity/Q2693,84.0,1999-01-01T00:00:00Z,2007-01-01T00:00:00Z
http://www.wikidata.org/entity/Q1341954,http://www.wikidata.org/entity/Q2693,12.0,2003-01-01T00:00:00Z,2006-01-01T00:00:00Z
http://www.wikidata.org/entity/Q1342612,http://www.wikidata.org/entity/Q2052,33.0,2000-01-01T00:00:00Z,2002-01-01T00:00:00Z
http://www.wikidata.org/entity/Q15039855,http://www.wikidata.org/entity/Q2052,19.0,2018-08-01T00:00:00Z,2019-06-01T00:00:00Z
http://www.wikidata.org/entity/Q15039855,http://www.wikidata.org/entity/Q1422,14.0,2016-01-01T00:00:00Z,2023-09-01T00:00:00Z
http://www.wikidata.org/entity/Q15039855,http://www.wikidata.org/entity/Q2074,35.0,2020-09-01T00:00:00Z,2021-06-01T00:00:00Z
http://www.wikidata.org/entity/Q15063275,http://www.wikidata.org/entity/Q2641,32.0,2020-01-01T00:00:00Z,2021-01-01T00:00:00Z
http://www.wikidata.org/entity/Q15063275,http://www.wikidata.org/entity/Q1543,31.0,2018-01-01T00:00:00Z,2019-01-01T00:00:00Z
http://www.wikidata.org/entity/Q15063275,http://www.wikidata.org/entity/Q1543,17.0,2021-01-01T00:00:00Z,2023-01-01T00:00:00Z
http://www.wikidata.org/entity/Q1536795,http://www.wikidata.org/entity/Q1900,11.0,2005-01-01T00:00:00Z,2006-01-01T00:00:00Z
http://www.wikidata.org/entity/Q1536795,http://www.wikidata.org/entity/Q2074,4.0,2000-01-01T00:00:00Z,2002-01-01T00:00:00Z
http://www.wikidata.org/entity/Q1536795,http://www.wikidata.org/entity/Q2018,8.0,2009-01-01T00:00:00Z,2012-01-01T00:00:00Z
http://www.wikidata.org/entity/Q1537103,http://www.wikidata.org/entity/Q2018,7.0,2000-01-01T00:00:00Z,2001-01-01T00:00:00Z
http://www.wikidata.org/entity/Q1537111,http://www.wikidata.org/entity/Q1543,0.0,1997-01-01T00:00:00Z,1999-01-01T00:00:00Z
http://www.wikidata.org/entity/Q1537154,http://www.wikidata.org/entity/Q2052,16.0,2010-01-01T00:00:00Z,2015-01-01T00:00:00Z
http://www.wikidata.org/entity/Q1537465,http://www.wikidata.org/entity/Q2693,2.0,2011-01-01T00:00:00Z,2014-01-01T00:00:00Z
http://www.wikidata.org/entity/Q1537609,http://www.wikidata.org/entity/Q2710,2.0,2001-01-01T00:00:00Z,2001-01-01T00:00:00Z
http://www.wikidata.org/entity/Q1537609,http://www.wikidata.org/entity/Q2710,70.0,1994-01-01T00:00:00Z,1999-01-01T00:00:00Z
http://www.wikidata.org/entity/Q1537609,http://www.wikidata.org/entity/Q2710,2.0,2000-01-01T00:00:00Z,2000-01-01T00:00:00Z
http://www.wikidata.org/entity/Q1537966,http://www.wikidata.org/entity/Q1900,1.0,2008-01-01T00:00:00Z,2008-01-01T00:00:00Z
http://www.wikidata.org/entity/Q1539560,http://www.wikidata.org/entity/Q2710,39.0,2012-01-01T00:00:00Z,2013-01-01T00:00:00Z
http://www.wikidata.org/entity/Q1539715,http://www.wikidata.org/entity/Q2018,113.0,2009-01-01T00:00:00Z,2015-01-01T00:00:00Z
http://www.wikidata.org/entity/Q1539715,http://www.wikidata.org/entity/Q2674,19.0,2006-01-01T00:00:00Z,2009-01-01T00:00:00Z
http://www.wikidata.org/entity/Q1539715,http://www.wikidata.org/entity/Q2018,18.0,2009-01-01T00:00:00Z,2009-01-01T00:00:00Z
http://www.wikidata.org/entity/Q1539715,http://www.wikidata.org/entity/Q1893,51.0,2004-01-01T00:00:00Z,2006-01-01T00:00:00Z
http://www.wikidata.org/entity/Q1539773,http://www.wikidata.org/entity/Q1900,15.0,2014-01-01T00:00:00Z,2015-01-01T00:00:00Z
http://www.wikidata.org/entity/Q1539773,http://www.wikidata.org/entity/Q2710,91.0,2010-01-01T00:00:00Z,2015-01-01T00:00:00Z
http://www.wikidata.org/entity/Q1540875,http://www.wikidata.org/entity/Q2037,0.0,2004-01-01T00:00:00Z,2005-01-01T00:00:00Z
http://www.wikidata.org/entity/Q1541339,http://www.wikidata.org/entity/Q1886,0.0,1997-01-01T00:00:00Z,2000-01-01T00:00:00Z
http://www.wikidata.org/entity/Q1541339,http://www.wikidata.org/entity/Q2074,8.0,2007-01-01T00:00:00Z,2007-01-01T00:00:00Z
http://www.wikidata.org/entity/Q16545888,http://www.wikidata.org/entity/Q2693,25.0,2015-01-01T00:00:00Z,
http://www.wikidata.org/entity/Q16301719,http://www.wikidata.org/entity/Q2674,33.0,2018-08-01T00:00:00Z,2019-07-01T00:00:00Z
http://www.wikidata.org/entity/Q16301719,http://www.wikidata.org/entity/Q631,4.0,2014-07-01T00:00:00Z,2019-08-01T00:00:00Z
http://www.wikidata.org/entity/Q16301719,http://www.wikidata.org/entity/Q2074,25.0,2022-08-01T00:00:00Z,2023-06-01T00:00:00Z
http://www.wikidata.org/entity/Q16301719,http://www.wikidata.org/entity/Q2074,8.0,2023-07-01T00:00:00Z,2024-08-01T00:00:00Z
http://www.wikidata.org/entity/Q16302330,http://www.wikidata.org/entity/Q2710,5.0,2013-01-01T00:00:00Z,2015-07-01T00:00:00Z
http://www.wikidata.org/entity/Q16302330,http://www.wikidata.org/entity/Q1457,71.0,2015-07-01T00:00:00Z,2018-07-09T00:00:00Z
http://www.wikidata.org/entity/Q16302330,http://www.wikidata.org/entity/Q2052,31.0,2021-08-25T00:00:00Z,2022-06-30T00:00:00Z
http://www.wikidata.org/entity/Q16302330,http://www.wikidata.org/entity/Q2710,29.0,2015-07-01T00:00:00Z,2016-06-30T00:00:00Z
http://www.wikidata.org/entity/Q16337517,http://www.wikidata.org/entity/Q2052,5.0,2015-01-01T00:00:00Z,2016-01-01T00:00:00Z
http://www.wikidata.org/entity/Q16382834,http://www.wikidata.org/entity/Q1457,4.0,2015-01-01T00:00:00Z,2016-01-01T00:00:00Z
http://www.wikidata.org/entity/Q16382834,http://www.wikidata.org/entity/Q631,5.0,2013-01-01T00:00:00Z,2015-01-01T00:00:00Z
http://www.wikidata.org/entity/Q16394902,http://www.wikidata.org/entity/Q1457,1.0,2014-01-01T00:00:00Z,2015-01-01T00:00:00Z
http://www.wikidata.org/entity/Q16438504,http://www.wikidata.org/entity/Q2052,0.0,2015-01-01T00:00:00Z,2016-01-01T00:00:00Z
http://www.wikidata.org/entity/Q16524787,http://www.wikidata.org/entity/Q1457,1.0,2015-07-01T00:00:00Z,2016-01-01T00:00:00Z
http://www.wikidata.org/entity/Q16580135,http://www.wikidata.org/entity/Q2018,11.0,2014-01-01T00:00:00Z,2015-01-01T00:00:00Z
http://www.wikidata.org/entity/Q166317,http://www.wikidata.org/entity/Q2674,89.0,2012-01-01T00:00:00Z,2015-01-01T00:00:00Z
http://www.wikidata.org/entity/Q166317,http://www.wikidata.org/entity/Q1422,210.0,2015-01-01T00:00:00Z,2022-01-01T00:00:00Z
http://www.wikidata.org/entity/Q1668253,http://www.wikidata.org/entity/Q2052,6.0,2009-01-01T00:00:00Z,2010-01-01T00:00:00Z
http://www.wikidata.org/entity/Q167174,http://www.wikidata.org/entity/Q2018,102.0,2006-01-01T00:00:00Z,2009-01-01T00:00:00Z
http://www.wikidata.org/entity/Q167240,http://www.wikidata.org/entity/Q1422,9.0,2012-01-01T00:00:00Z,2013-01-01T00:00:00Z
http://www.wikidata.org/entity/Q167698,http://www.wikidata.org/entity/Q631,14.0,2016-01-01T00:00:00Z,2016-06-01T00:00:00Z
http://www.wikidata.org/entity/Q167698,http://www.wikidata.org/entity/Q1457,112.0,2012-07-01T00:00:00Z,2016-01-01T00:00:00Z
http://www.wikidata.org/entity/Q167698,http://www.wikidata.org/entity/Q1457,19.0,2012-01-01T00:00:00Z,2012-06-01T00:00:00Z
http://www.wikidata.org/entity/Q167698,http://www.wikidata.org/entity/Q631,62.0,2016-07-01T00:00:00Z,2018-07-01T00:00:00Z
http://www.wikidata.org/entity/Q167790,http://www.wikidata.org/entity/Q2641,138.0,2010-01-01T00:00:00Z,2013-01-01T00:00:00Z
http://www.wikidata.org/entity/Q167790,http://www.wikidata.org/entity/Q2674,109.0,2007-01-01T00:00:00Z,2010-01-01T00:00:00Z
http://www.wikidata.org/entity/Q1681802,http://www.wikidata.org/entity/Q2052,0.0,2007-01-01T00:00:00Z,2009-01-01T00:00:00Z
http://www.wikidata.org/entity/Q1681802,http://www.wikidata.org/entity/Q2052,0.0,2010-01-01T00:00:00Z,2010-01-01T00:00:00Z
http://www.wikidata.org/entity/Q168287,http://www.wikidata.org/entity/Q631,26.0,1999-01-01T00:00:00Z,2001-01-01T00:00:00Z
http://www.wikidata.org/entity/Q168287,http://www.wikidata.org/entity/Q2693,19.0,2009-01-01T00:00:00Z,2010-01-01T00:00:00Z
http://www.wikidata.org/entity/Q1683649,http://www.wikidata.org/entity/Q2018,39.0,2002-01-01T00:00:00Z,2004-01-01T00:00:00Z
http://www.wikidata.org/entity/Q1342989,http://www.wikidata.org/entity/Q1457,27.0,2013-01-01T00:00:00Z,2015-01-01T00:00:00Z
http://www.wikidata.org/entity/Q1343384,http://www.wikidata.org/entity/Q2052,27.0,2006-01-01T00:00:00Z,2007-01-01T00:00:00Z
http://www.wikidata.org/entity/Q1343384,http://www.wikidata.org/entity/Q2693,61.0,2007-01-01T00:00:00Z,2009-01-01T00:00:00Z
http://www.wikidata.org/entity/Q1343780,http://www.wikidata.org/entity/Q2037,40.0,2000-01-01T00:00:00Z,2001-01-01T00:00:00Z
http://www.wikidata.org/entity/Q1343780,http://www.wikidata.org/entity/Q2037,14.0,2000-01-01T00:00:00Z,2000-01-01T00:00:00Z
http://www.wikidata.org/entity/Q1343780,http://www.wikidata.org/entity/Q2052,48.0,2004-01-01T00:00:00Z,2006-01-01T00:00:00Z
http://www.wikidata.org/entity/Q1343780,http://www.wikidata.org/entity/Q1893,19.0,2006-01-01T00:00:00Z,2007-01-01T00:00:00Z
http://www.wikidata.org/entity/Q1345194,http://www.wikidata.org/entity/Q1457,20.0,2009-01-01T00:00:00Z,2010-01-01T00:00:00Z
http://www.wikidata.org/entity/Q1345194,http://www.wikidata.org/entity/Q2693,49.0,2005-01-01T00:00:00Z,2011-01-01T00:00:00Z
http://www.wikidata.org/entity/Q134976,http://www.wikidata.org/entity/Q631,17.0,2015-01-01T00:00:00Z,2015-01-01T00:00:00Z
http://www.wikidata.org/entity/Q1349864,http://www.wikidata.org/entity/Q1900,1.0,2004-01-01T00:00:00Z,2004-01-01T00:00:00Z
http://www.wikidata.org/entity/Q1349864,http://www.wikidata.org/entity/Q1900,1.0,2004-01-01T00:00:00Z,2005-01-01T00:00:00Z
http://www.wikidata.org/entity/Q1353941,http://www.wikidata.org/entity/Q1893,7.0,2014-01-01T00:00:00Z,2015-01-01T00:00:00Z
http://www.wikidata.org/entity/Q1353985,http://www.wikidata.org/entity/Q2074,41.0,2003-01-01T00:00:00Z,2005-01-01T00:00:00Z
http://www.wikidata.org/entity/Q1353985,http://www.wikidata.org/entity/Q1886,10.0,2011-01-01T00:00:00Z,2011-01-01T00:00:00Z
http://www.wikidata.org/entity/Q1353985,http://www.wikidata.org/entity/Q2037,12.0,2003-01-01T00:00:00Z,2003-01-01T00:00:00Z
http://www.wikidata.org/entity/Q1354663,http://www.wikidata.org/entity/Q2674,36.0,2019-01-01T00:00:00Z,2021-01-01T00:00:00Z
http://www.wikidata.org/entity/Q1354960,http://www.wikidata.org/entity/Q2052,16.0,2015-02-02T00:00:00Z,2015-06-30T00:00:00Z
http://www.wikidata.org/entity/Q1355981,http://www.wikidata.org/entity/Q2641,12.0,2007-01-01T00:00:00Z,2010-01-01T00:00:00Z
http://www.wikidata.org/entity/Q1359619,http://www.wikidata.org/entity/Q1893,113.0,1996-01-01T00:00:00Z,2001-01-01T00:00:00Z
http://www.wikidata.org/entity/Q1360529,http://www.wikidata.org/entity/Q2710,51.0,2009-01-01T00:00:00Z,2011-01-01T00:00:00Z
http://www.wikidata.org/entity/Q1361215,http://www.wikidata.org/entity/Q1457,193.0,2002-01-01T00:00:00Z,2008-01-01T00:00:00Z
http://www.wikidata.org/entity/Q1361215,http://www.wikidata.org/entity/Q1893,25.0,2008-01-01T00:00:00Z,2009-01-01T00:00:00Z
http://www.wikidata.org/entity/Q1361215,http://www.wikidata.org/entity/Q1886,5.0,2010-01-01T00:00:00Z,2010-01-01T00:00:00Z
http://www.wikidata.org/entity/Q1362036,http://www.wikidata.org/entity/Q1457,106.0,2007-01-01T00:00:00Z,2011-01-01T00:00:00Z
http://www.wikidata.org/entity/Q1362036,http://www.wikidata.org/entity/Q1886,66.0,2011-01-01T00:00:00Z,2014-01-01T00:00:00Z
http://www.wikidata.org/entity/Q1362076,http://www.wikidata.org/entity/Q2052,0.0,2005-01-01T00:00:00Z,2008-01-01T00:00:00Z
http://www.wikidata.org/entity/Q1362076,http://www.wikidata.org/entity/Q2018,4.0,2002-01-01T00:00:00Z,2003-01-01T00:00:00Z
http://www.wikidata.org/entity/Q1362594,http://www.wikidata.org/entity/Q2074,23.0,2014-01-01T00:00:00Z,2015-01-01T00:00:00Z
http://www.wikidata.org/entity/Q1363147,http://www.wikidata.org/entity/Q2674,20.0,2003-01-01T00:00:00Z,2005-01-01T00:00:00Z
http://www.wikidata.org/entity/Q1363159,http://www.wikidata.org/entity/Q2609,0.0,2001-01-01T00:00:00Z,2003-01-01T00:00:00Z
http://www.wikidata.org/entity/Q1363190,http://www.wikidata.org/entity/Q1900,3.0,2006-01-01T00:00:00Z,2007-01-01T00:00:00Z
http://www.wikidata.org/entity/Q1363824,http://www.wikidata.org/entity/Q1886,45.0,2007-01-01T00:00:00Z,2011-01-01T00:00:00Z
http://www.wikidata.org/entity/Q1363834,http://www.wikidata.org/entity/Q2641,55.0,2005-01-01T00:00:00Z,2011-01-01T00:00:00Z
http://www.wikidata.org/entity/Q1363847,http://www.wikidata.org/entity/Q2609,9.0,2006-01-01T00:00:00Z,2011-01-01T00:00:00Z
http://www.wikidata.org/entity/Q1363847,http://www.wikidata.org/entity/Q1893,33.0,2007-01-01T00:00:00Z,2008-01-01T00:00:00Z
http://www.wikidata.org/entity/Q1363847,http://www.wikidata.org/entity/Q1422,0.0,1997-01-01T00:00:00Z,2001-01-01T00:00:00Z
http://www.wikidata.org/entity/Q1364966,http://www.wikidata.org/entity/Q2037,4.0,2012-01-01T00:00:00Z,2014-01-01T00:00:00Z
http://www.wikidata.org/entity/Q1365363,http://www.wikidata.org/entity/Q1886,44.0,2006-01-01T00:00:00Z,2007-01-01T00:00:00Z
http://www.wikidata.org/entity/Q1365363,http://www.wikidata.org/entity/Q2018,18.0,1999-01-01T00:00:00Z,1999-01-01T00:00:00Z
http://www.wikidata.org/entity/Q1367758,http://www.wikidata.org/entity/Q2674,7.0,2007-01-01T00:00:00Z,2007-01-01T00:00:00Z
http://www.wikidata.org/entity/Q136940,http://www.wikidata.org/entity/Q1893,143.0,2008-01-01T00:00:00Z,2012-01-01T00:00:00Z
http://www.wikidata.org/entity/Q136940,http://www.wikidata.org/entity/Q2693,83.0,1999-01-01T00:00:00Z,2002-01-01T00:00:00Z
http://www.wikidata.org/entity/Q136940,http://www.wikidata.org/entity/Q1422,55.0,2002-01-01T00:00:00Z,2004-01-01T00:00:00Z
http://www.wikidata.org/entity/Q136940,http://www.wikidata.org/entity/Q2074,44.0,2007-01-01T00:00:00Z,2008-01-01T00:00:00Z
http://www.wikidata.org/entity/Q136959,http://www.wikidata.org/entity/Q1422,0.0,2005-01-01T00:00:00Z,2007-01-01T00:00:00Z
http://www.wikidata.org/entity/Q136959,http://www.wikidata.org/entity/Q2674,165.0,2007-01-01T00:00:00Z,2013-01-01T00:00:00Z
http://www.wikidata.org/entity/Q136959,http://www.wikidata.org/entity/Q2052,35.0,2004-01-01T00:00:00Z,2005-01-01T00:00:00Z
http://www.wikidata.org/entity/Q136959,http://www.wikidata.org/entity/Q1422,25.0,2002-01-01T00:00:00Z,2004-01-01T00:00:00Z
http://www.wikidata.org/entity/Q1369793,http://www.wikidata.org/entity/Q2674,34.0,2013-01-01T00:00:00Z,2014-01-01T00:00:00Z
http://www.wikidata.org/entity/Q136982,http://www.wikidata.org/entity/Q2018,10.0,2012-01-01T00:00:00Z,2013-01-01T00:00:00Z
http://www.wikidata.org/entity/Q136982,http://www.wikidata.org/entity/Q2052,15.0,2011-01-01T00:00:00Z,2020-07-01T00:00:00Z
http://www.wikidata.org/entity/Q136986,http://www.wikidata.org/entity/Q631,188.0,2013-01-01T00:00:00Z,2020-01-01T00:00:00Z
http://www.wikidata.org/entity/Q136986,http://www.wikidata.org/entity/Q1457,33.0,2012-01-01T00:00:00Z,2013-01-01T00:00:00Z
http://www.wikidata.org/entity/Q1371105,http://www.wikidata.org/entity/Q1457,32.0,1998-01-01T00:00:00Z,2000-01-01T00:00:00Z
http://www.wikidata.org/entity/Q1371105,http://www.wikidata.org/entity/Q1457,106.0,2000-01-01T00:00:00Z,2004-01-01T00:00:00Z
http://www.wikidata.org/entity/Q1371128,http://www.wikidata.org/entity/Q631,0.0,2000-07-01T00:00:00Z,2002-06-01T00:00:00Z
http://www.wikidata.org/entity/Q13780454,http://www.wikidata.org/entity/Q1422,29.0,2015-01-01T00:00:00Z,2017-01-01T00:00:00Z
http://www.wikidata.org/entity/Q13869510,http://www.wikidata.org/entity/Q2693,15.0,2020-01-01T00:00:00Z,2021-01-01T00:00:00Z
http://www.wikidata.org/entity/Q3100541,http://www.wikidata.org/entity/Q2018,0.0,2008-01-01T00:00:00Z,2008-01-01T00:00:00Z
http://www.wikidata.org/entity/Q3100541,http://www.wikidata.org/entity/Q2674,0.0,2002-01-01T00:00:00Z,2003-01-01T00:00:00Z
http://www.wikidata.org/entity/Q3100779,http://www.wikidata.org/entity/Q2641,5.0,2003-01-01T00:00:00Z,2004-01-01T00:00:00Z
http://www.wikidata.org/entity/Q3105178,http://www.wikidata.org/entity/Q1893,37.0,2017-06-22T00:00:00Z,2019-04-10T00:00:00Z
http://www.wikidata.org/entity/Q3105178,http://www.wikidata.org/entity/Q2674,85.0,2014-08-23T00:00:00Z,2017-06-21T00:00:00Z
http://www.wikidata.org/entity/Q311043,http://www.wikidata.org/entity/Q1543,75.0,2011-01-01T00:00:00Z,2014-01-01T00:00:00Z
http://www.wikidata.org/entity/Q311046,http://www.wikidata.org/entity/Q631,77.0,1996-01-01T00:00:00Z,1999-01-01T00:00:00Z
http://www.wikidata.org/entity/Q311087,http://www.wikidata.org/entity/Q1886,1.0,2007-01-01T00:00:00Z,2010-01-01T00:00:00Z
http://www.wikidata.org/entity/Q311095,http://www.wikidata.org/entity/Q1422,4.0,2007-01-01T00:00:00Z,2009-01-01T00:00:00Z
http://www.wikidata.org/entity/Q311108,http://www.wikidata.org/entity/Q2052,175.0,2005-01-01T00:00:00Z,2011-01-01T00:00:00Z
http://www.wikidata.org/entity/Q311108,http://www.wikidata.org/entity/Q2693,132.0,2001-01-01T00:00:00Z,2005-01-01T00:00:00Z
http://www.wikidata.org/entity/Q311108,http://www.wikidata.org/entity/Q631,35.0,1998-01-01T00:00:00Z,2001-01-01T00:00:00Z
http://www.wikidata.org/entity/Q311108,http://www.wikidata.org/entity/Q2074,74.0,2011-01-01T00:00:00Z,2013-01-01T00:00:00Z
http://www.wikidata.org/entity/Q311155,http://www.wikidata.org/entity/Q2609,82.0,2011-01-01T00:00:00Z,2015-01-01T00:00:00Z
http://www.wikidata.org/entity/Q311578,http://www.wikidata.org/entity/Q2037,66.0,1998-01-01T00:00:00Z,2003-01-01T00:00:00Z
http://www.wikidata.org/entity/Q311578,http://www.wikidata.org/entity/Q1422,114.0,2003-01-01T00:00:00Z,2011-01-01T00:00:00Z
http://www.wikidata.org/entity/Q311578,http://www.wikidata.org/entity/Q1543,1.0,2011-01-01T00:00:00Z,2011-01-01T00:00:00Z
http://www.wikidata.org/entity/Q311578,http://www.wikidata.org/entity/Q1893,9.0,2005-01-01T00:00:00Z,2005-01-01T00:00:00Z
http://www.wikidata.org/entity/Q311578,http://www.wikidata.org/entity/Q2018,76.0,2011-01-01T00:00:00Z,2014-01-01T00:00:00Z
http://www.wikidata.org/entity/Q311586,http://www.wikidata.org/entity/Q1886,17.0,2013-01-29T00:00:00Z,2015-06-30T00:00:00Z
http://www.wikidata.org/entity/Q311586,http://www.wikidata.org/entity/Q2609,65.0,2007-07-01T00:00:00Z,2013-01-29T00:00:00Z
http://www.wikidata.org/entity/Q311619,http://www.wikidata.org/entity/Q631,15.0,2000-01-01T00:00:00Z,2001-01-01T00:00:00Z
http://www.wikidata.org/entity/Q311619,http://www.wikidata.org/entity/Q1543,99.0,2001-01-01T00:00:00Z,2008-01-01T00:00:00Z
http://www.wikidata.org/entity/Q311619,http://www.wikidata.org/entity/Q2052,35.0,2005-01-01T00:00:00Z,2006-01-01T00:00:00Z
http://www.wikidata.org/entity/Q311619,http://www.wikidata.org/entity/Q2609,111.0,2008-01-01T00:00:00Z,2013-01-01T00:00:00Z
http://www.wikidata.org/entity/Q311676,http://www.wikidata.org/entity/Q1886,33.0,2009-01-01T00:00:00Z,2011-01-01T00:00:00Z
http://www.wikidata.org/entity/Q311676,http://www.wikidata.org/entity/Q2674,122.0,2011-01-01T00:00:00Z,2015-01-01T00:00:00Z
http://www.wikidata.org/entity/Q311813,http://www.wikidata.org/entity/Q1886,21.0,2000-01-01T00:00:00Z,2004-01-01T00:00:00Z
http://www.wikidata.org/entity/Q311813,http://www.wikidata.org/entity/Q1900,39.0,2004-01-01T00:00:00Z,2005-01-01T00:00:00Z
http://www.wikidata.org/entity/Q311813,http://www.wikidata.org/entity/Q2609,15.0,2008-01-01T00:00:00Z,2008-01-01T00:00:00Z
http://www.wikidata.org/entity/Q311813,http://www.wikidata.org/entity/Q1893,28.0,2013-01-01T00:00:00Z,2015-01-01T00:00:00Z
http://www.wikidata.org/entity/Q311813,http://www.wikidata.org/entity/Q1886,21.0,2014-01-01T00:00:00Z,2015-01-01T00:00:00Z
http://www.wikidata.org/entity/Q311872,http://www.wikidata.org/entity/Q631,28.0,2008-01-01T00:00:00Z,2013-01-01T00:00:00Z
http://www.wikidata.org/entity/Q311956,http://www.wikidata.org/entity/Q2641,2.0,1998-01-01T00:00:00Z,1999-01-01T00:00:00Z
http://www.wikidata.org/entity/Q311956,http://www.wikidata.org/entity/Q2641,236.0,2006-01-01T00:00:00Z,2014-01-01T00:00:00Z
http://www.wikidata.org/entity/Q311956,http://www.wikidata.org/entity/Q2693,92.0,1999-01-01T00:00:00Z,2006-01-01T00:00:00Z
http://www.wikidata.org/entity/Q311983,http://www.wikidata.org/entity/Q631,32.0,2003-01-01T00:00:00Z,2005-01-01T00:00:00Z
http://www.wikidata.org/entity/Q312036,http://www.wikidata.org/entity/Q2037,4.0,2015-01-01T00:00:00Z,2015-06-01T00:00:00Z
http://www.wikidata.org/entity/Q312036,http://www.wikidata.org/entity/Q2074,36.0,2013-01-01T00:00:00Z,2015-01-01T00:00:00Z
http://www.wikidata.org/entity/Q312127,http://www.wikidata.org/entity/Q1422,98.0,2004-01-01T00:00:00Z,2010-01-01T00:00:00Z
http://www.wikidata.org/entity/Q312127,http://www.wikidata.org/entity/Q1900,48.0,1998-01-01T00:00:00Z,2000-01-01T00:00:00Z
http://www.wikidata.org/entity/Q312140,http://www.wikidata.org/entity/Q1543,185.0,1999-01-01T00:00:00Z,2008-01-01T00:00:00Z
http://www.wikidata.org/entity/Q312146,http://www.wikidata.org/entity/Q2641,83.0,2010-01-01T00:00:00Z,2013-01-01T00:00:00Z
http://www.wikidata.org/entity/Q312146,http://www.wikidata.org/entity/Q2674,11.0,2013-01-01T00:00:00Z,2013-01-01T00:00:00Z
http://www.wikidata.org/entity/Q312176,http://www.wikidata.org/entity/Q1543,14.0,2005-01-01T00:00:00Z,2006-01-01T00:00:00Z
http://www.wikidata.org/entity/Q312317,http://www.wikidata.org/entity/Q2037,13.0,2014-07-01T00:00:00Z,2015-01-01T00:00:00Z
http://www.wikidata.org/entity/Q312317,http://www.wikidata.org/entity/Q1543,8.0,2012-01-01T00:00:00Z,2012-01-01T00:00:00Z
http://www.wikidata.org/entity/Q312317,http://www.wikidata.org/entity/Q1457,11.0,2014-01-01T00:00:00Z,2014-06-01T00:00:00Z
http://www.wikidata.org/entity/Q312317,http://www.wikidata.org/entity/Q1457,17.0,2012-01-01T00:00:00Z,2013-01-01T00:00:00Z
http://www.wikidata.org/entity/Q312317,http://www.wikidata.org/entity/Q2018,78.0,2010-01-01T00:00:00Z,2014-01-01T00:00:00Z
http://www.wikidata.org/entity/Q312375,http://www.wikidata.org/entity/Q2052,22.0,2010-01-01T00:00:00Z,2011-01-01T00:00:00Z
http://www.wikidata.org/entity/Q312400,http://www.wikidata.org/entity/Q1893,78.0,1999-01-01T00:00:00Z,2005-01-01T00:00:00Z
http://www.wikidata.org/entity/Q312400,http://www.wikidata.org/entity/Q2074,10.0,2013-01-01T00:00:00Z,2014-01-01T00:00:00Z
http://www.wikidata.org/entity/Q312400,http://www.wikidata.org/entity/Q2052,194.0,2005-01-01T00:00:00Z,2012-01-01T00:00:00Z
http://www.wikidata.org/entity/Q312400,http://www.wikidata.org/entity/Q2641,25.0,2012-01-01T00:00:00Z,2014-01-01T00:00:00Z
http://www.wikidata.org/entity/Q312494,http://www.wikidata.org/entity/Q631,0.0,2002-01-01T00:00:00Z,2004-01-01T00:00:00Z
http://www.wikidata.org/entity/Q312494,http://www.wikidata.org/entity/Q1543,10.0,2001-01-01T00:00:00Z,2002-01-01T00:00:00Z
http://www.wikidata.org/entity/Q312510,http://www.wikidata.org/entity/Q2693,123.0,2002-01-01T00:00:00Z,2006-01-01T00:00:00Z
http://www.wikidata.org/entity/Q312510,http://www.wikidata.org/entity/Q2609,20.0,2010-01-01T00:00:00Z,2011-01-01T00:00:00Z
http://www.wikidata.org/entity/Q312510,http://www.wikidata.org/entity/Q2674,107.0,2006-01-01T00:00:00Z,2010-01-01T00:00:00Z
http://www.wikidata.org/entity/Q312516,http://www.wikidata.org/entity/Q2052,151.0,2004-01-01T00:00:00Z,2010-01-01T00:00:00Z
http://www.wikidata.org/entity/Q312937,http://www.wikidata.org/entity/Q1422,41.0,2013-01-01T00:00:00Z,2015-01-01T00:00:00Z
http://www.wikidata.org/entity/Q313050,http://www.wikidata.org/entity/Q1422,71.0,1999-01-01T00:00:00Z,2001-01-01T00:00:00Z
http://www.wikidata.org/entity/Q313050,http://www.wikidata.org/entity/Q2609,7.0,2001-01-01T00:00:00Z,2001-01-01T00:00:00Z
http://www.wikidata.org/entity/Q313112,http://www.wikidata.org/entity/Q2074,32.0,2019-01-01T00:00:00Z,2021-01-01T00:00:00Z
http://www.wikidata.org/entity/Q313130,http://www.wikidata.org/entity/Q2052,36.0,1998-01-01T00:00:00Z,2002-01-01T00:00:00Z
http://www.wikidata.org/entity/Q313130,http://www.wikidata.org/entity/Q2693,0.0,2003-01-01T00:00:00Z,2004-01-01T00:00:00Z
http://www.wikidata.org/entity/Q313130,http://www.wikidata.org/entity/Q2074,107.0,2009-01-01T00:00:00Z,2013-01-01T00:00:00Z
http://www.wikidata.org/entity/Q313130,http://www.wikidata.org/entity/Q1422,8.0,2002-01-01T00:00:00Z,2003-01-01T00:00:00Z
http://www.wikidata.org/entity/Q313130,http://www.wikidata.org/entity/Q1893,32.0,2003-01-01T00:00:00Z,2004-01-01T00:00:00Z
http://www.wikidata.org/entity/Q313468,http://www.wikidata.org/entity/Q2693,63.0,2005-01-01T00:00:00Z,2008-01-01T00:00:00Z
http://www.wikidata.org/entity/Q313468,http://www.wikidata.org/entity/Q2609,145.0,1998-01-01T00:00:00Z,2005-01-01T00:00:00Z
http://www.wikidata.org/entity/Q313570,http://www.wikidata.org/entity/Q2609,118.0,2010-01-01T00:00:00Z,2014-01-01T00:00:00Z
http://www.wikidata.org/entity/Q313575,http://www.wikidata.org/entity/Q631,3.0,2009-01-01T00:00:00Z,2010-01-01T00:00:00Z
http://www.wikidata.org/entity/Q313575,http://www.wikidata.org/entity/Q1893,54.0,2021-01-01T00:00:00Z,2024-01-01T00:00:00Z
http://www.wikidata.org/entity/Q313576,http://www.wikidata.org/entity/Q2641,22.0,2014-01-01T00:00:00Z,2015-01-01T00:00:00Z
http://www.wikidata.org/entity/Q313580,http://www.wikidata.org/entity/Q2037,4.0,2008-01-01T00:00:00Z,2009-01-01T00:00:00Z
http://www.wikidata.org/entity/Q313580,http://www.wikidata.org/entity/Q631,0.0,2008-01-01T00:00:00Z,2012-01-01T00:00:00Z
http://www.wikidata.org/entity/Q313582,http://www.wikidata.org/entity/Q2609,23.0,2010-01-01T00:00:00Z,2012-01-01T00:00:00Z
http://www.wikidata.org/entity/Q14625183,http://www.wikidata.org/entity/Q1886,186.0,2020-01-01T00:00:00Z,
http://www.wikidata.org/entity/Q150268,http://www.wikidata.org/entity/Q2052,64.0,2024-08-01T00:00:00Z,
http://www.wikidata.org/entity/Q14625183,http://www.wikidata.org/entity/Q1543,24.0,2016-08-27T00:00:00Z,2017-06-30T00:00:00Z
http://www.wikidata.org/entity/Q14625183,http://www.wikidata.org/entity/Q1886,68.0,2018-07-25T00:00:00Z,2020-01-01T00:00:00Z
http://www.wikidata.org/entity/Q1485444,http://www.wikidata.org/entity/Q1886,0.0,2001-01-01T00:00:00Z,2002-01-01T00:00:00Z
http://www.wikidata.org/entity/Q1485543,http://www.wikidata.org/entity/Q1893,28.0,2006-01-01T00:00:00Z,2007-01-01T00:00:00Z
http://www.wikidata.org/entity/Q1485543,http://www.wikidata.org/entity/Q1893,48.0,2000-01-01T00:00:00Z,2002-01-01T00:00:00Z
http://www.wikidata.org/entity/Q1485613,http://www.wikidata.org/entity/Q2074,35.0,2002-01-01T00:00:00Z,2003-01-01T00:00:00Z
http://www.wikidata.org/entity/Q1485613,http://www.wikidata.org/entity/Q2641,5.0,2003-01-01T00:00:00Z,2004-01-01T00:00:00Z
http://www.wikidata.org/entity/Q1485613,http://www.wikidata.org/entity/Q2710,17.0,2004-01-01T00:00:00Z,2005-01-01T00:00:00Z
http://www.wikidata.org/entity/Q1485941,http://www.wikidata.org/entity/Q2710,22.0,2011-01-01T00:00:00Z,2013-01-01T00:00:00Z
http://www.wikidata.org/entity/Q1486459,http://www.wikidata.org/entity/Q2037,4.0,2006-01-01T00:00:00Z,2007-01-01T00:00:00Z
http://www.wikidata.org/entity/Q1486459,http://www.wikidata.org/entity/Q2037,2.0,1999-01-01T00:00:00Z,2001-01-01T00:00:00Z
http://www.wikidata.org/entity/Q1486459,http://www.wikidata.org/entity/Q2641,3.0,1997-01-01T00:00:00Z,1999-01-01T00:00:00Z
http://www.wikidata.org/entity/Q1486459,http://www.wikidata.org/entity/Q2018,16.0,2004-01-01T00:00:00Z,2005-01-01T00:00:00Z
http://www.wikidata.org/entity/Q1487147,http://www.wikidata.org/entity/Q2693,10.0,2004-01-01T00:00:00Z,2004-01-01T00:00:00Z
http://www.wikidata.org/entity/Q1487147,http://www.wikidata.org/entity/Q1900,74.0,2004-01-01T00:00:00Z,2007-01-01T00:00:00Z
http://www.wikidata.org/entity/Q1487147,http://www.wikidata.org/entity/Q2074,20.0,2003-01-01T00:00:00Z,2004-01-01T00:00:00Z
http://www.wikidata.org/entity/Q1487147,http://www.wikidata.org/entity/Q2693,36.0,2008-01-01T00:00:00Z,2010-01-01T00:00:00Z
http://www.wikidata.org/entity/Q1487147,http://www.wikidata.org/entity/Q1543,0.0,1999-01-01T00:00:00Z,2000-01-01T00:00:00Z
http://www.wikidata.org/entity/Q1487314,http://www.wikidata.org/entity/Q2674,30.0,1998-01-01T00:00:00Z,1999-01-01T00:00:00Z
http://www.wikidata.org/entity/Q1490113,http://www.wikidata.org/entity/Q2710,6.0,2007-01-01T00:00:00Z,2011-01-01T00:00:00Z
http://www.wikidata.org/entity/Q1490113,http://www.wikidata.org/entity/Q2710,3.0,2003-01-01T00:00:00Z,2005-01-01T00:00:00Z
http://www.wikidata.org/entity/Q1491047,http://www.wikidata.org/entity/Q2674,1.0,2009-01-01T00:00:00Z,2010-01-01T00:00:00Z
http://www.wikidata.org/entity/Q1494098,http://www.wikidata.org/entity/Q1886,2.0,2010-01-01T00:00:00Z,2010-01-01T00:00:00Z
http://www.wikidata.org/entity/Q1509778,http://www.wikidata.org/entity/Q2641,116.0,2004-01-01T00:00:00Z,2008-01-01T00:00:00Z
http://www.wikidata.org/entity/Q16147481,http://www.wikidata.org/entity/Q2641,68.0,2020-01-01T00:00:00Z,
http://www.wikidata.org/entity/Q15644548,http://www.wikidata.org/entity/Q2052,26.0,2025-01-01T00:00:00Z,
http://www.wikidata.org/entity/Q1586422,http://www.wikidata.org/entity/Q2693,0.0,2013-01-01T00:00:00Z,2013-01-01T00:00:00Z
http://www.wikidata.org/entity/Q1588118,http://www.wikidata.org/entity/Q1422,0.0,2013-01-01T00:00:00Z,2013-01-01T00:00:00Z
http://www.wikidata.org/entity/Q15917608,http://www.wikidata.org/entity/Q631,0.0,2000-01-01T00:00:00Z,2003-01-01T00:00:00Z
http://www.wikidata.org/entity/Q15920500,http://www.wikidata.org/entity/Q2710,5.0,2014-01-01T00:00:00Z,2014-01-01T00:00:00Z
http://www.wikidata.org/entity/Q15920570,http://www.wikidata.org/entity/Q2037,1.0,2013-01-01T00:00:00Z,2015-01-01T00:00:00Z
http://www.wikidata.org/entity/Q15933775,http://www.wikidata.org/entity/Q2037,0.0,2013-01-01T00:00:00Z,2015-01-01T00:00:00Z
http://www.wikidata.org/entity/Q15964423,http://www.wikidata.org/entity/Q1886,1.0,2014-01-01T00:00:00Z,2015-01-01T00:00:00Z
http://www.wikidata.org/entity/Q15984451,http://www.wikidata.org/entity/Q2674,62.0,2014-07-01T00:00:00Z,2016-01-01T00:00:00Z
http://www.wikidata.org/entity/Q15984451,http://www.wikidata.org/entity/Q2674,14.0,2014-01-31T00:00:00Z,2014-06-30T00:00:00Z
http://www.wikidata.org/entity/Q160206,http://www.wikidata.org/entity/Q631,49.0,2006-01-01T00:00:00Z,2008-01-01T00:00:00Z
http://www.wikidata.org/entity/Q160206,http://www.wikidata.org/entity/Q2693,116.0,1996-01-01T00:00:00Z,2000-01-01T00:00:00Z
http://www.wikidata.org/entity/Q160206,http://www.wikidata.org/entity/Q2609,54.0,2000-01-01T00:00:00Z,2002-01-01T00:00:00Z
http://www.wikidata.org/entity/Q160206,http://www.wikidata.org/entity/Q1543,28.0,2004-01-01T00:00:00Z,2005-01-01T00:00:00Z
http://www.wikidata.org/entity/Q160206,http://www.wikidata.org/entity/Q631,14.0,2008-01-01T00:00:00Z,2009-01-01T00:00:00Z
http://www.wikidata.org/entity/Q160206,http://www.wikidata.org/entity/Q2693,46.0,2010-01-01T00:00:00Z,2012-01-01T00:00:00Z
http://www.wikidata.org/entity/Q160206,http://www.wikidata.org/entity/Q2074,16.0,2009-01-01T00:00:00Z,2010-01-01T00:00:00Z
http://www.wikidata.org/entity/Q160206,http://www.wikidata.org/entity/Q631,18.0,2002-01-01T00:00:00Z,2003-01-01T00:00:00Z
http://www.wikidata.org/entity/Q1602640,http://www.wikidata.org/entity/Q2037,5.0,2006-01-01T00:00:00Z,2007-01-01T00:00:00Z
http://www.wikidata.org/entity/Q1602640,http://www.wikidata.org/entity/Q2674,14.0,2006-01-01T00:00:00Z,2006-01-01T00:00:00Z
http://www.wikidata.org/entity/Q1602698,http://www.wikidata.org/entity/Q2609,0.0,2001-01-01T00:00:00Z,2002-01-01T00:00:00Z
http://www.wikidata.org/entity/Q16048151,http://www.wikidata.org/entity/Q2074,0.0,2013-01-01T00:00:00Z,2014-01-01T00:00:00Z
http://www.wikidata.org/entity/Q1607785,http://www.wikidata.org/entity/Q1457,7.0,2010-01-01T00:00:00Z,2010-01-01T00:00:00Z
http://www.wikidata.org/entity/Q1607785,http://www.wikidata.org/entity/Q2052,2.0,2001-01-01T00:00:00Z,2002-01-01T00:00:00Z
http://www.wikidata.org/entity/Q1608309,http://www.wikidata.org/entity/Q1457,20.0,2011-01-01T00:00:00Z,2012-01-01T00:00:00Z
http://www.wikidata.org/entity/Q1608309,http://www.wikidata.org/entity/Q2693,136.0,2006-01-01T00:00:00Z,2012-01-01T00:00:00Z
http://www.wikidata.org/entity/Q1610167,http://www.wikidata.org/entity/Q2037,0.0,2000-01-01T00:00:00Z,2003-01-01T00:00:00Z
http://www.wikidata.org/entity/Q1610189,http://www.wikidata.org/entity/Q2074,9.0,2003-01-01T00:00:00Z,2004-01-01T00:00:00Z
http://www.wikidata.org/entity/Q1610189,http://www.wikidata.org/entity/Q1900,16.0,2001-01-01T00:00:00Z,2002-01-01T00:00:00Z
http://www.wikidata.org/entity/Q1610189,http://www.wikidata.org/entity/Q2710,19.0,2004-01-01T00:00:00Z,2005-01-01T00:00:00Z
http://www.wikidata.org/entity/Q1610693,http://www.wikidata.org/entity/Q1886,40.0,2012-01-01T00:00:00Z,2014-01-01T00:00:00Z
http://www.wikidata.org/entity/Q1610745,http://www.wikidata.org/entity/Q1893,29.0,2014-01-01T00:00:00Z,2016-01-01T00:00:00Z
http://www.wikidata.org/entity/Q16115059,http://www.wikidata.org/entity/Q1900,0.0,2018-01-01T00:00:00Z,2019-01-01T00:00:00Z
http://www.wikidata.org/entity/Q16148341,http://www.wikidata.org/entity/Q2693,0.0,2013-01-01T00:00:00Z,2014-01-01T00:00:00Z
http://www.wikidata.org/entity/Q16150249,http://www.wikidata.org/entity/Q2710,3.0,2005-01-01T00:00:00Z,2008-01-01T00:00:00Z
http://www.wikidata.org/entity/Q16221884,http://www.wikidata.org/entity/Q2710,1.0,2001-01-01T00:00:00Z,2002-01-01T00:00:00Z
http://www.wikidata.org/entity/Q1540199,http://www.wikidata.org/entity/Q1886,47.0,1996-01-01T00:00:00Z,1999-01-01T00:00:00Z
http://www.wikidata.org/entity/Q1540229,http://www.wikidata.org/entity/Q2693,19.0,2003-01-01T00:00:00Z,2004-01-01T00:00:00Z
http://www.wikidata.org/entity/Q1540252,http://www.wikidata.org/entity/Q2037,17.0,1999-01-01T00:00:00Z,2007-01-01T00:00:00Z
http://www.wikidata.org/entity/Q1540267,http://www.wikidata.org/entity/Q1457,0.0,2000-01-01T00:00:00Z,2002-01-01T00:00:00Z
http://www.wikidata.org/entity/Q1540478,http://www.wikidata.org/entity/Q2674,15.0,2000-01-01T00:00:00Z,2001-01-01T00:00:00Z
http://www.wikidata.org/entity/Q1540752,http://www.wikidata.org/entity/Q2710,1.0,2004-01-01T00:00:00Z,2006-01-01T00:00:00Z
http://www.wikidata.org/entity/Q154478,http://www.wikidata.org/entity/Q1893,79.0,2000-01-01T00:00:00Z,2004-01-01T00:00:00Z
http://www.wikidata.org/entity/Q154478,http://www.wikidata.org/entity/Q1543,14.0,2013-01-01T00:00:00Z,2015-01-01T00:00:00Z
http://www.wikidata.org/entity/Q154478,http://www.wikidata.org/entity/Q2674,142.0,2004-01-01T00:00:00Z,2008-01-01T00:00:00Z
http://www.wikidata.org/entity/Q154478,http://www.wikidata.org/entity/Q2693,118.0,2009-01-01T00:00:00Z,2013-01-01T00:00:00Z
http://www.wikidata.org/entity/Q155884,http://www.wikidata.org/entity/Q1543,39.0,1997-07-01T00:00:00Z,1999-07-01T00:00:00Z
http://www.wikidata.org/entity/Q15620192,http://www.wikidata.org/entity/Q2609,49.0,2020-09-15T00:00:00Z,2022-07-22T00:00:00Z
http://www.wikidata.org/entity/Q15627679,http://www.wikidata.org/entity/Q1543,0.0,2015-01-01T00:00:00Z,2015-01-01T00:00:00Z
http://www.wikidata.org/entity/Q15627679,http://www.wikidata.org/entity/Q1543,0.0,2013-01-01T00:00:00Z,2014-01-01T00:00:00Z
http://www.wikidata.org/entity/Q15627679,http://www.wikidata.org/entity/Q2018,6.0,2013-01-01T00:00:00Z,2014-01-01T00:00:00Z
http://www.wikidata.org/entity/Q15644548,http://www.wikidata.org/entity/Q2052,32.0,2024-01-01T00:00:00Z,2025-01-01T00:00:00Z
http://www.wikidata.org/entity/Q15644548,http://www.wikidata.org/entity/Q631,32.0,2022-07-01T00:00:00Z,2023-01-01T00:00:00Z
http://www.wikidata.org/entity/Q15644548,http://www.wikidata.org/entity/Q631,7.0,2022-01-01T00:00:00Z,2022-06-01T00:00:00Z
http://www.wikidata.org/entity/Q15644548,http://www.wikidata.org/entity/Q1886,83.0,2017-01-01T00:00:00Z,2022-01-01T00:00:00Z
http://www.wikidata.org/entity/Q15673000,http://www.wikidata.org/entity/Q2609,267.0,2015-01-01T00:00:00Z,2023-07-13T00:00:00Z
http://www.wikidata.org/entity/Q156822,http://www.wikidata.org/entity/Q631,96.0,2009-01-01T00:00:00Z,2012-01-01T00:00:00Z
http://www.wikidata.org/entity/Q156822,http://www.wikidata.org/entity/Q1422,1.0,2012-01-01T00:00:00Z,2012-01-01T00:00:00Z
http://www.wikidata.org/entity/Q15704424,http://www.wikidata.org/entity/Q1900,3.0,2014-01-01T00:00:00Z,2014-01-01T00:00:00Z
http://www.wikidata.org/entity/Q15706825,http://www.wikidata.org/entity/Q1543,0.0,2012-01-01T00:00:00Z,2013-01-01T00:00:00Z
http://www.wikidata.org/entity/Q15715173,http://www.wikidata.org/entity/Q2693,35.0,2013-01-01T00:00:00Z,2015-01-01T00:00:00Z
http://www.wikidata.org/entity/Q15729696,http://www.wikidata.org/entity/Q1893,27.0,2014-01-01T00:00:00Z,2015-01-01T00:00:00Z
http://www.wikidata.org/entity/Q15731856,http://www.wikidata.org/entity/Q2074,16.0,2012-01-01T00:00:00Z,2014-01-01T00:00:00Z
http://www.wikidata.org/entity/Q15731856,http://www.wikidata.org/entity/Q1422,64.0,2014-01-01T00:00:00Z,2019-02-01T00:00:00Z
http://www.wikidata.org/entity/Q15731856,http://www.wikidata.org/entity/Q2074,70.0,2019-02-01T00:00:00Z,2023-06-01T00:00:00Z
http://www.wikidata.org/entity/Q15731856,http://www.wikidata.org/entity/Q2074,13.0,2014-01-01T00:00:00Z,2015-01-01T00:00:00Z
http://www.wikidata.org/entity/Q1573490,http://www.wikidata.org/entity/Q1457,9.0,2016-01-01T00:00:00Z,2016-01-01T00:00:00Z
http://www.wikidata.org/entity/Q1573490,http://www.wikidata.org/entity/Q631,20.0,2014-01-01T00:00:00Z,2016-01-01T00:00:00Z
http://www.wikidata.org/entity/Q1573556,http://www.wikidata.org/entity/Q1457,0.0,2016-07-01T00:00:00Z,2016-08-01T00:00:00Z
http://www.wikidata.org/entity/Q1573556,http://www.wikidata.org/entity/Q1900,14.0,2018-01-01T00:00:00Z,2018-06-01T00:00:00Z
http://www.wikidata.org/entity/Q16199849,http://www.wikidata.org/entity/Q1422,0.0,2008-01-01T00:00:00Z,2010-01-01T00:00:00Z
http://www.wikidata.org/entity/Q16223252,http://www.wikidata.org/entity/Q1893,26.0,2015-01-01T00:00:00Z,2017-01-01T00:00:00Z
http://www.wikidata.org/entity/Q16229862,http://www.wikidata.org/entity/Q2693,0.0,2012-01-01T00:00:00Z,2013-01-01T00:00:00Z
http://www.wikidata.org/entity/Q16229862,http://www.wikidata.org/entity/Q631,0.0,2011-01-01T00:00:00Z,2011-01-01T00:00:00Z
http://www.wikidata.org/entity/Q16230012,http://www.wikidata.org/entity/Q2693,0.0,2013-01-01T00:00:00Z,2015-01-01T00:00:00Z
http://www.wikidata.org/entity/Q16230145,http://www.wikidata.org/entity/Q2710,2.0,2013-01-01T00:00:00Z,2013-01-01T00:00:00Z
http://www.wikidata.org/entity/Q16232410,http://www.wikidata.org/entity/Q2018,18.0,2015-01-01T00:00:00Z,2015-01-01T00:00:00Z
http://www.wikidata.org/entity/Q16232591,http://www.wikidata.org/entity/Q2037,23.0,2020-01-01T00:00:00Z,2021-01-01T00:00:00Z
http://www.wikidata.org/entity/Q16232853,http://www.wikidata.org/entity/Q2074,0.0,2010-01-01T00:00:00Z,2012-01-01T00:00:00Z
http://www.wikidata.org/entity/Q16233072,http://www.wikidata.org/entity/Q2018,0.0,2009-01-01T00:00:00Z,2013-01-01T00:00:00Z
http://www.wikidata.org/entity/Q16233096,http://www.wikidata.org/entity/Q2693,1.0,2013-01-01T00:00:00Z,2015-01-01T00:00:00Z
http://www.wikidata.org/entity/Q16233142,http://www.wikidata.org/entity/Q2074,0.0,2008-01-01T00:00:00Z,2008-01-01T00:00:00Z
http://www.wikidata.org/entity/Q16233162,http://www.wikidata.org/entity/Q2693,37.0,2017-01-01T00:00:00Z,2018-01-01T00:00:00Z
http://www.wikidata.org/entity/Q16233353,http://www.wikidata.org/entity/Q2693,3.0,2014-01-01T00:00:00Z,2015-01-01T00:00:00Z
http://www.wikidata.org/entity/Q16234012,http://www.wikidata.org/entity/Q1422,0.0,2013-01-01T00:00:00Z,2015-01-01T00:00:00Z
http://www.wikidata.org/entity/Q16234172,http://www.wikidata.org/entity/Q2609,0.0,2011-01-01T00:00:00Z,2014-01-01T00:00:00Z
http://www.wikidata.org/entity/Q16234560,http://www.wikidata.org/entity/Q2693,0.0,2013-01-01T00:00:00Z,2014-01-01T00:00:00Z
http://www.wikidata.org/entity/Q16234578,http://www.wikidata.org/entity/Q2037,0.0,2012-01-01T00:00:00Z,2013-01-01T00:00:00Z
http://www.wikidata.org/entity/Q16234654,http://www.wikidata.org/entity/Q2641,0.0,2011-01-01T00:00:00Z,2012-01-01T00:00:00Z
http://www.wikidata.org/entity/Q16234654,http://www.wikidata.org/entity/Q2074,98.0,2014-01-01T00:00:00Z,2018-01-01T00:00:00Z
http://www.wikidata.org/entity/Q16234735,http://www.wikidata.org/entity/Q2693,0.0,2012-01-01T00:00:00Z,2013-01-01T00:00:00Z
http://www.wikidata.org/entity/Q16234812,http://www.wikidata.org/entity/Q1457,0.0,2008-01-01T00:00:00Z,2013-01-01T00:00:00Z
http://www.wikidata.org/entity/Q16234879,http://www.wikidata.org/entity/Q2674,0.0,2015-01-01T00:00:00Z,2015-01-01T00:00:00Z
http://www.wikidata.org/entity/Q16235178,http://www.wikidata.org/entity/Q2037,0.0,2013-01-01T00:00:00Z,2015-01-01T00:00:00Z
http://www.wikidata.org/entity/Q16235303,http://www.wikidata.org/entity/Q1422,0.0,2012-01-01T00:00:00Z,2013-01-01T00:00:00Z
http://www.wikidata.org/entity/Q16235317,http://www.wikidata.org/entity/Q1422,0.0,2012-01-01T00:00:00Z,2015-01-01T00:00:00Z
http://www.wikidata.org/entity/Q16235357,http://www.wikidata.org/entity/Q1543,0.0,2013-01-01T00:00:00Z,2015-01-01T00:00:00Z
http://www.wikidata.org/entity/Q16235365,http://www.wikidata.org/entity/Q1543,0.0,2012-01-01T00:00:00Z,2013-01-01T00:00:00Z
http://www.wikidata.org/entity/Q16235382,http://www.wikidata.org/entity/Q631,0.0,2012-01-01T00:00:00Z,2015-01-01T00:00:00Z
http://www.wikidata.org/entity/Q16235534,http://www.wikidata.org/entity/Q2674,0.0,2011-01-01T00:00:00Z,2015-01-01T00:00:00Z
http://www.wikidata.org/entity/Q16235543,http://www.wikidata.org/entity/Q1543,101.0,2019-01-01T00:00:00Z,2024-01-01T00:00:00Z
http://www.wikidata.org/entity/Q16235595,http://www.wikidata.org/entity/Q1457,0.0,2012-01-01T00:00:00Z,2015-01-01T00:00:00Z
http://www.wikidata.org/entity/Q16235601,http://www.wikidata.org/entity/Q2693,0.0,2012-01-01T00:00:00Z,2013-01-01T00:00:00Z
http://www.wikidata.org/entity/Q16235807,http://www.wikidata.org/entity/Q2693,0.0,2013-01-01T00:00:00Z,2015-01-01T00:00:00Z
http://www.wikidata.org/entity/Q16235819,http://www.wikidata.org/entity/Q1422,0.0,2012-01-01T00:00:00Z,2013-01-01T00:00:00Z
http://www.wikidata.org/entity/Q16236085,http://www.wikidata.org/entity/Q2693,0.0,2013-01-01T00:00:00Z,2015-01-01T00:00:00Z
http://www.wikidata.org/entity/Q16236115,http://www.wikidata.org/entity/Q2074,122.0,2021-01-01T00:00:00Z,2026-07-01T00:00:00Z
http://www.wikidata.org/entity/Q16236115,http://www.wikidata.org/entity/Q2037,0.0,2012-01-01T00:00:00Z,2017-01-01T00:00:00Z
http://www.wikidata.org/entity/Q16236234,http://www.wikidata.org/entity/Q1422,0.0,2013-01-01T00:00:00Z,2017-09-01T00:00:00Z
http://www.wikidata.org/entity/Q16236234,http://www.wikidata.org/entity/Q2710,2.0,2013-01-01T00:00:00Z,2014-01-01T00:00:00Z
http://www.wikidata.org/entity/Q16236288,http://www.wikidata.org/entity/Q1422,0.0,2013-01-01T00:00:00Z,2014-01-01T00:00:00Z
http://www.wikidata.org/entity/Q16236369,http://www.wikidata.org/entity/Q2074,0.0,2012-01-01T00:00:00Z,2017-01-01T00:00:00Z
http://www.wikidata.org/entity/Q16236477,http://www.wikidata.org/entity/Q2037,0.0,2012-01-01T00:00:00Z,2013-01-01T00:00:00Z
http://www.wikidata.org/entity/Q16236678,http://www.wikidata.org/entity/Q2674,0.0,2010-01-01T00:00:00Z,2014-01-01T00:00:00Z
http://www.wikidata.org/entity/Q16236801,http://www.wikidata.org/entity/Q1422,0.0,2013-01-01T00:00:00Z,2016-01-01T00:00:00Z
http://www.wikidata.org/entity/Q16236889,http://www.wikidata.org/entity/Q1422,2.0,2014-01-01T00:00:00Z,2015-01-01T00:00:00Z
http://www.wikidata.org/entity/Q16236916,http://www.wikidata.org/entity/Q2710,34.0,2015-01-01T00:00:00Z,2017-12-01T00:00:00Z
http://www.wikidata.org/entity/Q16236954,http://www.wikidata.org/entity/Q2693,0.0,2013-01-01T00:00:00Z,2015-01-01T00:00:00Z
http://www.wikidata.org/entity/Q15769088,http://www.wikidata.org/entity/Q1457,10.0,2013-01-01T00:00:00Z,2015-01-01T00:00:00Z
http://www.wikidata.org/entity/Q1613350,http://www.wikidata.org/entity/Q2710,4.0,2003-01-01T00:00:00Z,2004-01-01T00:00:00Z
http://www.wikidata.org/entity/Q1613741,http://www.wikidata.org/entity/Q1893,73.0,2010-01-01T00:00:00Z,2014-01-01T00:00:00Z
http://www.wikidata.org/entity/Q1613745,http://www.wikidata.org/entity/Q2052,11.0,2003-01-01T00:00:00Z,2003-01-01T00:00:00Z
http://www.wikidata.org/entity/Q1613758,http://www.wikidata.org/entity/Q2710,17.0,2001-01-01T00:00:00Z,2001-01-01T00:00:00Z
http://www.wikidata.org/entity/Q1613807,http://www.wikidata.org/entity/Q2037,22.0,1997-01-01T00:00:00Z,2003-01-01T00:00:00Z
http://www.wikidata.org/entity/Q1613807,http://www.wikidata.org/entity/Q2037,6.0,2007-01-01T00:00:00Z,2008-01-01T00:00:00Z
http://www.wikidata.org/entity/Q1619533,http://www.wikidata.org/entity/Q2037,2.0,2011-01-01T00:00:00Z,2012-01-01T00:00:00Z
http://www.wikidata.org/entity/Q1621873,http://www.wikidata.org/entity/Q2710,16.0,2007-01-01T00:00:00Z,2007-01-01T00:00:00Z
http://www.wikidata.org/entity/Q1621873,http://www.wikidata.org/entity/Q2693,3.0,1997-01-01T00:00:00Z,2000-01-01T00:00:00Z
http://www.wikidata.org/entity/Q1621873,http://www.wikidata.org/entity/Q2641,28.0,2004-01-01T00:00:00Z,2005-01-01T00:00:00Z
http://www.wikidata.org/entity/Q1621873,http://www.wikidata.org/entity/Q2641,47.0,1998-01-01T00:00:00Z,2000-01-01T00:00:00Z
http://www.wikidata.org/entity/Q1628739,http://www.wikidata.org/entity/Q1900,32.0,2008-01-01T00:00:00Z,2012-01-01T00:00:00Z
http://www.wikidata.org/entity/Q163437,http://www.wikidata.org/entity/Q2052,20.0,2003-01-01T00:00:00Z,2004-01-01T00:00:00Z
http://www.wikidata.org/entity/Q163437,http://www.wikidata.org/entity/Q2052,10.0,2005-01-01T00:00:00Z,2006-01-01T00:00:00Z
http://www.wikidata.org/entity/Q163564,http://www.wikidata.org/entity/Q631,23.0,2014-01-01T00:00:00Z,2016-01-01T00:00:00Z
http://www.wikidata.org/entity/Q163666,http://www.wikidata.org/entity/Q2641,30.0,2013-01-01T00:00:00Z,2014-01-01T00:00:00Z
http://www.wikidata.org/entity/Q163666,http://www.wikidata.org/entity/Q2641,111.0,2015-01-01T00:00:00Z,2018-01-01T00:00:00Z
http://www.wikidata.org/entity/Q163666,http://www.wikidata.org/entity/Q1543,5.0,2018-01-01T00:00:00Z,2020-01-01T00:00:00Z
http://www.wikidata.org/entity/Q163666,http://www.wikidata.org/entity/Q2609,44.0,2020-08-27T00:00:00Z,2022-01-01T00:00:00Z
http://www.wikidata.org/entity/Q1641582,http://www.wikidata.org/entity/Q1886,7.0,2009-01-01T00:00:00Z,2011-01-01T00:00:00Z
http://www.wikidata.org/entity/Q1641871,http://www.wikidata.org/entity/Q2037,28.0,2012-01-01T00:00:00Z,2015-01-01T00:00:00Z
http://www.wikidata.org/entity/Q1641871,http://www.wikidata.org/entity/Q2710,12.0,2010-01-01T00:00:00Z,2011-01-01T00:00:00Z
http://www.wikidata.org/entity/Q1641871,http://www.wikidata.org/entity/Q2074,7.0,2013-01-01T00:00:00Z,2014-01-01T00:00:00Z
http://www.wikidata.org/entity/Q1645043,http://www.wikidata.org/entity/Q2037,15.0,2009-01-01T00:00:00Z,2012-01-01T00:00:00Z
http://www.wikidata.org/entity/Q1645190,http://www.wikidata.org/entity/Q631,0.0,2008-01-01T00:00:00Z,2010-01-01T00:00:00Z
http://www.wikidata.org/entity/Q1645190,http://www.wikidata.org/entity/Q1543,0.0,2010-01-01T00:00:00Z,2015-01-01T00:00:00Z
http://www.wikidata.org/entity/Q1650766,http://www.wikidata.org/entity/Q1543,0.0,2008-01-01T00:00:00Z,2009-01-01T00:00:00Z
http://www.wikidata.org/entity/Q1652424,http://www.wikidata.org/entity/Q2710,10.0,2013-01-01T00:00:00Z,2015-01-01T00:00:00Z
http://www.wikidata.org/entity/Q16595441,http://www.wikidata.org/entity/Q1886,203.0,2016-01-01T00:00:00Z,2022-01-01T00:00:00Z
http://www.wikidata.org/entity/Q1660165,http://www.wikidata.org/entity/Q2037,10.0,2012-01-01T00:00:00Z,2012-01-01T00:00:00Z
http://www.wikidata.org/entity/Q1660165,http://www.wikidata.org/entity/Q1422,1.0,1999-01-01T00:00:00Z,2003-01-01T00:00:00Z
http://www.wikidata.org/entity/Q1660165,http://www.wikidata.org/entity/Q2074,13.0,2013-01-01T00:00:00Z,2013-01-01T00:00:00Z
http://www.wikidata.org/entity/Q1660165,http://www.wikidata.org/entity/Q2710,32.0,2006-01-01T00:00:00Z,2007-01-01T00:00:00Z
http://www.wikidata.org/entity/Q16727783,http://www.wikidata.org/entity/Q2693,0.0,2013-01-01T00:00:00Z,2013-01-01T00:00:00Z
http://www.wikidata.org/entity/Q16729329,http://www.wikidata.org/entity/Q2674,0.0,2013-01-01T00:00:00Z,2014-01-01T00:00:00Z
http://www.wikidata.org/entity/Q16729329,http://www.wikidata.org/entity/Q1900,21.0,2014-01-01T00:00:00Z,2015-01-01T00:00:00Z
http://www.wikidata.org/entity/Q16731177,http://www.wikidata.org/entity/Q2074,0.0,2018-01-01T00:00:00Z,2019-01-01T00:00:00Z
http://www.wikidata.org/entity/Q16864043,http://www.wikidata.org/entity/Q2693,0.0,2013-01-01T00:00:00Z,2014-01-01T00:00:00Z
http://www.wikidata.org/entity/Q16875131,http://www.wikidata.org/entity/Q2674,0.0,2012-01-01T00:00:00Z,2013-01-01T00:00:00Z
http://www.wikidata.org/entity/Q16887647,http://www.wikidata.org/entity/Q2037,0.0,2011-01-01T00:00:00Z,2015-01-01T00:00:00Z
http://www.wikidata.org/entity/Q16901322,http://www.wikidata.org/entity/Q2074,31.0,2020-09-01T00:00:00Z,2021-06-01T00:00:00Z
http://www.wikidata.org/entity/Q1403806,http://www.wikidata.org/entity/Q2674,26.0,2000-01-01T00:00:00Z,2001-01-01T00:00:00Z
http://www.wikidata.org/entity/Q1403833,http://www.wikidata.org/entity/Q2018,10.0,2015-01-01T00:00:00Z,2015-01-01T00:00:00Z
http://www.wikidata.org/entity/Q1407338,http://www.wikidata.org/entity/Q1893,13.0,2008-01-01T00:00:00Z,2012-01-01T00:00:00Z
http://www.wikidata.org/entity/Q1407530,http://www.wikidata.org/entity/Q2693,0.0,2005-01-01T00:00:00Z,2006-01-01T00:00:00Z
http://www.wikidata.org/entity/Q1407530,http://www.wikidata.org/entity/Q2037,13.0,2013-01-01T00:00:00Z,2014-01-01T00:00:00Z
http://www.wikidata.org/entity/Q1407552,http://www.wikidata.org/entity/Q1886,124.0,2003-01-01T00:00:00Z,2007-01-01T00:00:00Z
http://www.wikidata.org/entity/Q1407725,http://www.wikidata.org/entity/Q1457,44.0,2001-01-01T00:00:00Z,2003-01-01T00:00:00Z
http://www.wikidata.org/entity/Q1407725,http://www.wikidata.org/entity/Q2641,32.0,2003-01-01T00:00:00Z,2004-01-01T00:00:00Z
http://www.wikidata.org/entity/Q1407765,http://www.wikidata.org/entity/Q1886,75.0,2000-01-01T00:00:00Z,2003-01-01T00:00:00Z
http://www.wikidata.org/entity/Q1407765,http://www.wikidata.org/entity/Q1900,118.0,1997-01-01T00:00:00Z,2000-01-01T00:00:00Z
http://www.wikidata.org/entity/Q1408264,http://www.wikidata.org/entity/Q2052,9.0,1999-01-01T00:00:00Z,2002-01-01T00:00:00Z
http://www.wikidata.org/entity/Q1408340,http://www.wikidata.org/entity/Q2074,88.0,2012-01-01T00:00:00Z,2015-01-01T00:00:00Z
http://www.wikidata.org/entity/Q1409074,http://www.wikidata.org/entity/Q2052,18.0,1997-01-01T00:00:00Z,1999-01-01T00:00:00Z
http://www.wikidata.org/entity/Q1409074,http://www.wikidata.org/entity/Q1457,58.0,2002-01-01T00:00:00Z,2004-01-01T00:00:00Z
http://www.wikidata.org/entity/Q1409074,http://www.wikidata.org/entity/Q2693,8.0,2005-01-01T00:00:00Z,2005-01-01T00:00:00Z
http://www.wikidata.org/entity/Q1409074,http://www.wikidata.org/entity/Q1893,14.0,1999-01-01T00:00:00Z,1999-01-01T00:00:00Z
http://www.wikidata.org/entity/Q1409093,http://www.wikidata.org/entity/Q2074,13.0,1998-01-01T00:00:00Z,2001-01-01T00:00:00Z
http://www.wikidata.org/entity/Q14524641,http://www.wikidata.org/entity/Q2693,0.0,2012-01-01T00:00:00Z,2014-01-01T00:00:00Z
http://www.wikidata.org/entity/Q30089624,http://www.wikidata.org/entity/Q1543,37.0,2019-01-04T00:00:00Z,2020-09-30T00:00:00Z
http://www.wikidata.org/entity/Q3155676,http://www.wikidata.org/entity/Q2074,12.0,2015-01-01T00:00:00Z,2015-01-01T00:00:00Z
http://www.wikidata.org/entity/Q3164762,http://www.wikidata.org/entity/Q2074,4.0,1998-01-01T00:00:00Z,1999-01-01T00:00:00Z
http://www.wikidata.org/entity/Q316551,http://www.wikidata.org/entity/Q1893,29.0,2009-01-01T00:00:00Z,2010-01-01T00:00:00Z
http://www.wikidata.org/entity/Q316551,http://www.wikidata.org/entity/Q1422,101.0,1997-01-01T00:00:00Z,2007-01-01T00:00:00Z
http://www.wikidata.org/entity/Q316551,http://www.wikidata.org/entity/Q2641,49.0,2007-01-01T00:00:00Z,2010-01-01T00:00:00Z
http://www.wikidata.org/entity/Q316573,http://www.wikidata.org/entity/Q2074,12.0,2014-01-01T00:00:00Z,2014-01-01T00:00:00Z
http://www.wikidata.org/entity/Q316762,http://www.wikidata.org/entity/Q2074,32.0,2019-01-01T00:00:00Z,2021-01-01T00:00:00Z
http://www.wikidata.org/entity/Q316762,http://www.wikidata.org/entity/Q1543,88.0,2013-01-01T00:00:00Z,2019-01-01T00:00:00Z
http://www.wikidata.org/entity/Q316812,http://www.wikidata.org/entity/Q2641,4.0,2011-01-01T00:00:00Z,2014-01-01T00:00:00Z
http://www.wikidata.org/entity/Q316812,http://www.wikidata.org/entity/Q2052,198.0,2005-01-01T00:00:00Z,2011-01-01T00:00:00Z
http://www.wikidata.org/entity/Q316812,http://www.wikidata.org/entity/Q1457,8.0,2004-01-01T00:00:00Z,2005-01-01T00:00:00Z
http://www.wikidata.org/entity/Q316812,http://www.wikidata.org/entity/Q1543,1.0,2001-01-01T00:00:00Z,2005-01-01T00:00:00Z
http://www.wikidata.org/entity/Q316812,http://www.wikidata.org/entity/Q2693,23.0,2003-01-01T00:00:00Z,2004-01-01T00:00:00Z
http://www.wikidata.org/entity/Q316852,http://www.wikidata.org/entity/Q2609,253.0,2006-01-01T00:00:00Z,2016-01-01T00:00:00Z
http://www.wikidata.org/entity/Q316917,http://www.wikidata.org/entity/Q2052,27.0,2018-08-04T00:00:00Z,2019-06-30T00:00:00Z
http://www.wikidata.org/entity/Q316959,http://www.wikidata.org/entity/Q1543,1.0,2005-01-01T00:00:00Z,2011-01-01T00:00:00Z
http://www.wikidata.org/entity/Q317004,http://www.wikidata.org/entity/Q2609,15.0,1998-01-01T00:00:00Z,2002-01-01T00:00:00Z
http://www.wikidata.org/entity/Q317282,http://www.wikidata.org/entity/Q2674,47.0,2014-01-01T00:00:00Z,2016-01-01T00:00:00Z
http://www.wikidata.org/entity/Q317282,http://www.wikidata.org/entity/Q1457,17.0,2012-01-01T00:00:00Z,2014-01-01T00:00:00Z
http://www.wikidata.org/entity/Q317282,http://www.wikidata.org/entity/Q1422,37.0,2000-01-01T00:00:00Z,2004-01-01T00:00:00Z
http://www.wikidata.org/entity/Q317282,http://www.wikidata.org/entity/Q2052,25.0,2004-01-01T00:00:00Z,2005-01-01T00:00:00Z
http://www.wikidata.org/entity/Q317282,http://www.wikidata.org/entity/Q1893,23.0,2000-01-01T00:00:00Z,2001-01-01T00:00:00Z
http://www.wikidata.org/entity/Q317298,http://www.wikidata.org/entity/Q2693,25.0,2000-01-01T00:00:00Z,2001-01-01T00:00:00Z
http://www.wikidata.org/entity/Q317298,http://www.wikidata.org/entity/Q2609,7.0,2003-01-01T00:00:00Z,2004-01-01T00:00:00Z
http://www.wikidata.org/entity/Q317298,http://www.wikidata.org/entity/Q2609,63.0,1998-01-01T00:00:00Z,2000-01-01T00:00:00Z
http://www.wikidata.org/entity/Q317298,http://www.wikidata.org/entity/Q631,41.0,2001-01-01T00:00:00Z,2003-01-01T00:00:00Z
http://www.wikidata.org/entity/Q317532,http://www.wikidata.org/entity/Q631,108.0,2012-07-01T00:00:00Z,2016-01-01T00:00:00Z
http://www.wikidata.org/entity/Q317532,http://www.wikidata.org/entity/Q631,6.0,2012-01-01T00:00:00Z,2012-06-01T00:00:00Z
http://www.wikidata.org/entity/Q318119,http://www.wikidata.org/entity/Q631,109.0,2015-01-01T00:00:00Z,2019-07-01T00:00:00Z
http://www.wikidata.org/entity/Q318226,http://www.wikidata.org/entity/Q2693,54.0,1997-01-01T00:00:00Z,1999-01-01T00:00:00Z
http://www.wikidata.org/entity/Q318226,http://www.wikidata.org/entity/Q2052,38.0,2005-01-01T00:00:00Z,2006-01-01T00:00:00Z
http://www.wikidata.org/entity/Q318226,http://www.wikidata.org/entity/Q2609,95.0,2001-01-01T00:00:00Z,2004-01-01T00:00:00Z
http://www.wikidata.org/entity/Q318387,http://www.wikidata.org/entity/Q2052,19.0,1999-01-01T00:00:00Z,2000-01-01T00:00:00Z
http://www.wikidata.org/entity/Q318387,http://www.wikidata.org/entity/Q2693,25.0,1998-01-01T00:00:00Z,1999-01-01T00:00:00Z
http://www.wikidata.org/entity/Q318456,http://www.wikidata.org/entity/Q2674,111.0,2009-01-01T00:00:00Z,2014-01-01T00:00:00Z
http://www.wikidata.org/entity/Q318526,http://www.wikidata.org/entity/Q2674,8.0,2011-01-01T00:00:00Z,2012-01-01T00:00:00Z
http://www.wikidata.org/entity/Q318526,http://www.wikidata.org/entity/Q1900,15.0,2004-01-01T00:00:00Z,2005-01-01T00:00:00Z
http://www.wikidata.org/entity/Q318559,http://www.wikidata.org/entity/Q1422,3.0,2008-01-01T00:00:00Z,2009-01-01T00:00:00Z
http://www.wikidata.org/entity/Q3189389,http://www.wikidata.org/entity/Q631,0.0,2000-01-01T00:00:00Z,2003-01-01T00:00:00Z
http://www.wikidata.org/entity/Q3189632,http://www.wikidata.org/entity/Q1886,1.0,2001-01-01T00:00:00Z,2003-01-01T00:00:00Z
http://www.wikidata.org/entity/Q3192187,http://www.wikidata.org/entity/Q2641,236.0,2014-07-02T00:00:00Z,2022-07-16T00:00:00Z
http://www.wikidata.org/entity/Q319543,http://www.wikidata.org/entity/Q1422,243.0,1995-01-01T00:00:00Z,2006-01-01T00:00:00Z
http://www.wikidata.org/entity/Q320513,http://www.wikidata.org/entity/Q2710,3.0,1999-01-01T00:00:00Z,1999-01-01T00:00:00Z
http://www.wikidata.org/entity/Q320513,http://www.wikidata.org/entity/Q1457,101.0,2005-01-01T00:00:00Z,2010-01-01T00:00:00Z
http://www.wikidata.org/entity/Q320513,http://www.wikidata.org/entity/Q2018,18.0,2003-01-01T00:00:00Z,2003-01-01T00:00:00Z
http://www.wikidata.org/entity/Q320513,http://www.wikidata.org/entity/Q631,24.0,2010-01-01T00:00:00Z,2014-01-01T00:00:00Z
http://www.wikidata.org/entity/Q3209607,http://www.wikidata.org/entity/Q1543,26.0,2019-01-01T00:00:00Z,2020-01-01T00:00:00Z
http://www.wikidata.org/entity/Q3209607,http://www.wikidata.org/entity/Q2052,8.0,2013-08-01T00:00:00Z,2018-07-01T00:00:00Z
http://www.wikidata.org/entity/Q321321,http://www.wikidata.org/entity/Q2674,11.0,2005-01-01T00:00:00Z,2006-01-01T00:00:00Z
http://www.wikidata.org/entity/Q321321,http://www.wikidata.org/entity/Q2018,135.0,2009-01-01T00:00:00Z,2014-01-01T00:00:00Z
http://www.wikidata.org/entity/Q321321,http://www.wikidata.org/entity/Q2018,11.0,2014-01-01T00:00:00Z,2014-01-01T00:00:00Z
http://www.wikidata.org/entity/Q321321,http://www.wikidata.org/entity/Q2641,12.0,2014-01-01T00:00:00Z,2016-01-01T00:00:00Z
http://www.wikidata.org/entity/Q3243629,http://www.wikidata.org/entity/Q2710,0.0,2012-01-01T00:00:00Z,2014-01-01T00:00:00Z
http://www.wikidata.org/entity/Q325636,http://www.wikidata.org/entity/Q2674,30.0,2002-01-01T00:00:00Z,2003-01-01T00:00:00Z
http://www.wikidata.org/entity/Q326480,http://www.wikidata.org/entity/Q2693,8.0,2013-01-01T00:00:00Z,2014-01-01T00:00:00Z
http://www.wikidata.org/entity/Q326480,http://www.wikidata.org/entity/Q631,50.0,2010-01-01T00:00:00Z,2015-01-01T00:00:00Z
http://www.wikidata.org/entity/Q326480,http://www.wikidata.org/entity/Q2037,71.0,2018-01-01T00:00:00Z,2021-01-01T00:00:00Z
http://www.wikidata.org/entity/Q326497,http://www.wikidata.org/entity/Q2052,46.0,1997-01-01T00:00:00Z,2002-01-01T00:00:00Z
http://www.wikidata.org/entity/Q326497,http://www.wikidata.org/entity/Q2693,101.0,2003-01-01T00:00:00Z,2008-01-01T00:00:00Z
http://www.wikidata.org/entity/Q326497,http://www.wikidata.org/entity/Q631,17.0,2002-01-01T00:00:00Z,2003-01-01T00:00:00Z
http://www.wikidata.org/entity/Q326497,http://www.wikidata.org/entity/Q1886,17.0,2001-01-01T00:00:00Z,2001-01-01T00:00:00Z
http://www.wikidata.org/entity/Q326497,http://www.wikidata.org/entity/Q1900,5.0,1999-01-01T00:00:00Z,2000-01-01T00:00:00Z
http://www.wikidata.org/entity/Q3019103,http://www.wikidata.org/entity/Q2074,166.0,1992-01-01T00:00:00Z,2001-01-01T00:00:00Z
http://www.wikidata.org/entity/Q3019103,http://www.wikidata.org/entity/Q2710,7.0,1998-01-01T00:00:00Z,1999-01-01T00:00:00Z
http://www.wikidata.org/entity/Q3019333,http://www.wikidata.org/entity/Q2641,63.0,2002-01-01T00:00:00Z,2004-01-01T00:00:00Z
http://www.wikidata.org/entity/Q3019333,http://www.wikidata.org/entity/Q1457,35.0,2000-01-01T00:00:00Z,2000-01-01T00:00:00Z
http://www.wikidata.org/entity/Q3023156,http://www.wikidata.org/entity/Q631,0.0,2008-01-01T00:00:00Z,2012-01-01T00:00:00Z
http://www.wikidata.org/entity/Q3028694,http://www.wikidata.org/entity/Q2074,9.0,2006-01-01T00:00:00Z,2008-01-01T00:00:00Z
http://www.wikidata.org/entity/Q3034173,http://www.wikidata.org/entity/Q2074,7.0,1998-01-01T00:00:00Z,1999-01-01T00:00:00Z
http://www.wikidata.org/entity/Q304677,http://www.wikidata.org/entity/Q2018,13.0,2012-01-01T00:00:00Z,2014-01-01T00:00:00Z
http://www.wikidata.org/entity/Q3057292,http://www.wikidata.org/entity/Q1886,20.0,2005-01-01T00:00:00Z,2006-01-01T00:00:00Z
http://www.wikidata.org/entity/Q3057292,http://www.wikidata.org/entity/Q2710,38.0,2004-01-01T00:00:00Z,2005-01-01T00:00:00Z
http://www.wikidata.org/entity/Q3057292,http://www.wikidata.org/entity/Q2018,34.0,2003-01-01T00:00:00Z,2006-01-01T00:00:00Z
http://www.wikidata.org/entity/Q3063738,http://www.wikidata.org/entity/Q2674,16.0,1998-01-01T00:00:00Z,1999-01-01T00:00:00Z
http://www.wikidata.org/entity/Q3064009,http://www.wikidata.org/entity/Q1457,2.0,2001-01-01T00:00:00Z,2001-01-01T00:00:00Z
http://www.wikidata.org/entity/Q3064009,http://www.wikidata.org/entity/Q2052,13.0,1999-01-01T00:00:00Z,1999-01-01T00:00:00Z
http://www.wikidata.org/entity/Q3064009,http://www.wikidata.org/entity/Q1457,37.0,1999-01-01T00:00:00Z,2000-01-01T00:00:00Z
http://www.wikidata.org/entity/Q307958,http://www.wikidata.org/entity/Q2693,16.0,2013-01-01T00:00:00Z,2015-01-01T00:00:00Z
http://www.wikidata.org/entity/Q3080962,http://www.wikidata.org/entity/Q2052,37.0,1993-01-01T00:00:00Z,1999-01-01T00:00:00Z
http://www.wikidata.org/entity/Q3080962,http://www.wikidata.org/entity/Q1457,250.0,1999-01-01T00:00:00Z,2007-01-01T00:00:00Z
http://www.wikidata.org/entity/Q308110,http://www.wikidata.org/entity/Q2693,10.0,2010-01-01T00:00:00Z,2012-01-01T00:00:00Z
http://www.wikidata.org/entity/Q308110,http://www.wikidata.org/entity/Q2710,29.0,2005-01-01T00:00:00Z,2006-01-01T00:00:00Z
http://www.wikidata.org/entity/Q308391,http://www.wikidata.org/entity/Q2074,37.0,2007-01-01T00:00:00Z,2008-01-01T00:00:00Z
http://www.wikidata.org/entity/Q308391,http://www.wikidata.org/entity/Q2074,13.0,2011-01-01T00:00:00Z,2011-01-01T00:00:00Z
http://www.wikidata.org/entity/Q31843913,http://www.wikidata.org/entity/Q2710,28.0,2022-08-01T00:00:00Z,2023-06-01T00:00:00Z
http://www.wikidata.org/entity/Q11722657,http://www.wikidata.org/entity/Q1886,3.0,2020-01-01T00:00:00Z,
http://www.wikidata.org/entity/Q113552495,http://www.wikidata.org/entity/Q1886,0.0,2018-01-01T00:00:00Z,2020-01-01T00:00:00Z
http://www.wikidata.org/entity/Q1158571,http://www.wikidata.org/entity/Q2074,0.0,2007-01-01T00:00:00Z,2009-01-01T00:00:00Z
http://www.wikidata.org/entity/Q1158573,http://www.wikidata.org/entity/Q1457,0.0,1999-01-01T00:00:00Z,2000-01-01T00:00:00Z
http://www.wikidata.org/entity/Q1158573,http://www.wikidata.org/entity/Q2018,7.0,2000-01-01T00:00:00Z,2001-01-01T00:00:00Z
http://www.wikidata.org/entity/Q115859,http://www.wikidata.org/entity/Q2052,70.0,2007-01-01T00:00:00Z,2009-01-01T00:00:00Z
http://www.wikidata.org/entity/Q115859,http://www.wikidata.org/entity/Q631,42.0,2013-01-01T00:00:00Z,2015-01-01T00:00:00Z
http://www.wikidata.org/entity/Q1165970,http://www.wikidata.org/entity/Q1422,5.0,2006-01-01T00:00:00Z,2010-01-01T00:00:00Z
http://www.wikidata.org/entity/Q116602,http://www.wikidata.org/entity/Q2052,31.0,2016-01-01T00:00:00Z,2017-06-01T00:00:00Z
http://www.wikidata.org/entity/Q116602,http://www.wikidata.org/entity/Q2052,9.0,2017-07-01T00:00:00Z,2018-08-01T00:00:00Z
http://www.wikidata.org/entity/Q116980,http://www.wikidata.org/entity/Q1543,335.0,1999-01-01T00:00:00Z,2012-01-01T00:00:00Z
http://www.wikidata.org/entity/Q1174137,http://www.wikidata.org/entity/Q2674,1.0,2002-01-01T00:00:00Z,2005-01-01T00:00:00Z
http://www.wikidata.org/entity/Q117436,http://www.wikidata.org/entity/Q1543,36.0,2006-01-01T00:00:00Z,2009-01-01T00:00:00Z
http://www.wikidata.org/entity/Q11771616,http://www.wikidata.org/entity/Q631,0.0,2013-01-01T00:00:00Z,2015-01-01T00:00:00Z
http://www.wikidata.org/entity/Q1178120,http://www.wikidata.org/entity/Q2674,0.0,2005-01-01T00:00:00Z,2011-01-01T00:00:00Z
http://www.wikidata.org/entity/Q1189443,http://www.wikidata.org/entity/Q1457,98.0,2016-01-01T00:00:00Z,2019-01-01T00:00:00Z
http://www.wikidata.org/entity/Q1191497,http://www.wikidata.org/entity/Q2674,56.0,2009-01-01T00:00:00Z,2012-01-01T00:00:00Z
http://www.wikidata.org/entity/Q1191774,http://www.wikidata.org/entity/Q2018,13.0,2012-01-01T00:00:00Z,2012-01-01T00:00:00Z
http://www.wikidata.org/entity/Q1191774,http://www.wikidata.org/entity/Q2074,27.0,2011-01-01T00:00:00Z,2014-01-01T00:00:00Z
http://www.wikidata.org/entity/Q1191774,http://www.wikidata.org/entity/Q2037,7.0,2013-01-01T00:00:00Z,2013-01-01T00:00:00Z
http://www.wikidata.org/entity/Q1191798,http://www.wikidata.org/entity/Q2018,99.0,2009-01-01T00:00:00Z,2014-01-01T00:00:00Z
http://www.wikidata.org/entity/Q1191808,http://www.wikidata.org/entity/Q2018,112.0,2008-01-01T00:00:00Z,2014-01-01T00:00:00Z
http://www.wikidata.org/entity/Q1198439,http://www.wikidata.org/entity/Q2074,38.0,2003-01-01T00:00:00Z,2004-01-01T00:00:00Z
http://www.wikidata.org/entity/Q1198439,http://www.wikidata.org/entity/Q2074,230.0,2004-01-01T00:00:00Z,2013-01-01T00:00:00Z
http://www.wikidata.org/entity/Q1198439,http://www.wikidata.org/entity/Q2052,36.0,2000-01-01T00:00:00Z,2002-01-01T00:00:00Z
http://www.wikidata.org/entity/Q12015613,http://www.wikidata.org/entity/Q2609,13.0,2019-07-05T00:00:00Z,2022-01-01T00:00:00Z
http://www.wikidata.org/entity/Q1220623,http://www.wikidata.org/entity/Q2074,0.0,2010-01-01T00:00:00Z,2010-01-01T00:00:00Z
http://www.wikidata.org/entity/Q1220623,http://www.wikidata.org/entity/Q2074,0.0,2010-01-01T00:00:00Z,2011-01-01T00:00:00Z
http://www.wikidata.org/entity/Q12217959,http://www.wikidata.org/entity/Q2609,0.0,2007-01-01T00:00:00Z,2010-01-01T00:00:00Z
http://www.wikidata.org/entity/Q122294,http://www.wikidata.org/entity/Q2052,169.0,1999-01-01T00:00:00Z,2005-01-01T00:00:00Z
http://www.wikidata.org/entity/Q122294,http://www.wikidata.org/entity/Q1422,186.0,1993-01-01T00:00:00Z,1999-01-01T00:00:00Z
http://www.wikidata.org/entity/Q124086,http://www.wikidata.org/entity/Q631,76.0,2009-01-01T00:00:00Z,2013-01-01T00:00:00Z
http://www.wikidata.org/entity/Q125438,http://www.wikidata.org/entity/Q2641,36.0,1999-01-01T00:00:00Z,2000-01-01T00:00:00Z
http://www.wikidata.org/entity/Q125438,http://www.wikidata.org/entity/Q2609,135.0,2002-01-01T00:00:00Z,2007-01-01T00:00:00Z
http://www.wikidata.org/entity/Q125438,http://www.wikidata.org/entity/Q1543,56.0,2007-01-01T00:00:00Z,2012-01-01T00:00:00Z
http://www.wikidata.org/entity/Q125438,http://www.wikidata.org/entity/Q1543,0.0,1993-01-01T00:00:00Z,1999-01-01T00:00:00Z
http://www.wikidata.org/entity/Q1255625,http://www.wikidata.org/entity/Q1457,18.0,2015-01-01T00:00:00Z,2015-01-01T00:00:00Z
http://www.wikidata.org/entity/Q1255625,http://www.wikidata.org/entity/Q631,67.0,2009-01-01T00:00:00Z,2011-01-01T00:00:00Z
http://www.wikidata.org/entity/Q1262107,http://www.wikidata.org/entity/Q2018,16.0,2000-01-01T00:00:00Z,2001-01-01T00:00:00Z
http://www.wikidata.org/entity/Q126503,http://www.wikidata.org/entity/Q1543,202.0,2001-01-01T00:00:00Z,2012-01-01T00:00:00Z
http://www.wikidata.org/entity/Q126503,http://www.wikidata.org/entity/Q1422,120.0,1997-01-01T00:00:00Z,2001-01-01T00:00:00Z
http://www.wikidata.org/entity/Q1268637,http://www.wikidata.org/entity/Q1893,13.0,2008-01-01T00:00:00Z,2009-01-01T00:00:00Z
http://www.wikidata.org/entity/Q126937,http://www.wikidata.org/entity/Q2674,11.0,2008-01-01T00:00:00Z,2010-01-01T00:00:00Z
http://www.wikidata.org/entity/Q22279773,http://www.wikidata.org/entity/Q1543,99.0,2023-07-12T00:00:00Z,
http://www.wikidata.org/entity/Q22166586,http://www.wikidata.org/entity/Q2018,0.0,2011-01-01T00:00:00Z,2013-01-01T00:00:00Z
http://www.wikidata.org/entity/Q22280297,http://www.wikidata.org/entity/Q2710,9.0,2006-01-01T00:00:00Z,2011-01-01T00:00:00Z
http://www.wikidata.org/entity/Q2254702,http://www.wikidata.org/entity/Q1457,0.0,2009-01-01T00:00:00Z,2010-01-01T00:00:00Z
http://www.wikidata.org/entity/Q2254702,http://www.wikidata.org/entity/Q2693,3.0,1997-01-01T00:00:00Z,2001-01-01T00:00:00Z
http://www.wikidata.org/entity/Q2254702,http://www.wikidata.org/entity/Q2693,6.0,2006-01-01T00:00:00Z,2006-01-01T00:00:00Z
http://www.wikidata.org/entity/Q2254702,http://www.wikidata.org/entity/Q2674,43.0,2004-01-01T00:00:00Z,2006-01-01T00:00:00Z
http://www.wikidata.org/entity/Q2254897,http://www.wikidata.org/entity/Q2037,232.0,2000-01-01T00:00:00Z,2010-01-01T00:00:00Z
http://www.wikidata.org/entity/Q2254897,http://www.wikidata.org/entity/Q2693,0.0,1999-01-01T00:00:00Z,1999-01-01T00:00:00Z
http://www.wikidata.org/entity/Q2255167,http://www.wikidata.org/entity/Q2018,15.0,2005-01-01T00:00:00Z,2006-01-01T00:00:00Z
http://www.wikidata.org/entity/Q2255226,http://www.wikidata.org/entity/Q2052,10.0,2003-01-01T00:00:00Z,2005-01-01T00:00:00Z
http://www.wikidata.org/entity/Q2255576,http://www.wikidata.org/entity/Q2693,0.0,1998-01-01T00:00:00Z,1999-01-01T00:00:00Z
http://www.wikidata.org/entity/Q2255576,http://www.wikidata.org/entity/Q2641,90.0,1999-01-01T00:00:00Z,2003-01-01T00:00:00Z
http://www.wikidata.org/entity/Q2255576,http://www.wikidata.org/entity/Q2074,29.0,2004-01-01T00:00:00Z,2005-01-01T00:00:00Z
http://www.wikidata.org/entity/Q2256849,http://www.wikidata.org/entity/Q2674,2.0,2005-01-01T00:00:00Z,2005-01-01T00:00:00Z
http://www.wikidata.org/entity/Q2256849,http://www.wikidata.org/entity/Q2018,31.0,2002-01-01T00:00:00Z,2003-01-01T00:00:00Z
http://www.wikidata.org/entity/Q2256849,http://www.wikidata.org/entity/Q1457,50.0,2001-01-01T00:00:00Z,2002-01-01T00:00:00Z
http://www.wikidata.org/entity/Q2257453,http://www.wikidata.org/entity/Q2037,24.0,2005-01-01T00:00:00Z,2007-01-01T00:00:00Z
http://www.wikidata.org/entity/Q2257599,http://www.wikidata.org/entity/Q1422,5.0,2000-01-01T00:00:00Z,2005-01-01T00:00:00Z
http://www.wikidata.org/entity/Q2257599,http://www.wikidata.org/entity/Q1893,23.0,2002-01-01T00:00:00Z,2004-01-01T00:00:00Z
http://www.wikidata.org/entity/Q2258656,http://www.wikidata.org/entity/Q2074,63.0,2006-01-01T00:00:00Z,2010-01-01T00:00:00Z
http://www.wikidata.org/entity/Q2258712,http://www.wikidata.org/entity/Q2037,10.0,2001-01-01T00:00:00Z,2002-01-01T00:00:00Z
http://www.wikidata.org/entity/Q2258712,http://www.wikidata.org/entity/Q1900,47.0,1999-01-01T00:00:00Z,2001-01-01T00:00:00Z
http://www.wikidata.org/entity/Q2258886,http://www.wikidata.org/entity/Q2674,8.0,2002-01-01T00:00:00Z,2004-01-01T00:00:00Z
http://www.wikidata.org/entity/Q2259413,http://www.wikidata.org/entity/Q2074,44.0,2004-01-01T00:00:00Z,2005-01-01T00:00:00Z
http://www.wikidata.org/entity/Q2259439,http://www.wikidata.org/entity/Q1893,28.0,2007-01-01T00:00:00Z,2011-01-01T00:00:00Z
http://www.wikidata.org/entity/Q2259439,http://www.wikidata.org/entity/Q1422,0.0,2000-01-01T00:00:00Z,2002-01-01T00:00:00Z
http://www.wikidata.org/entity/Q2259516,http://www.wikidata.org/entity/Q2674,4.0,2002-01-01T00:00:00Z,2005-01-01T00:00:00Z
http://www.wikidata.org/entity/Q2269798,http://www.wikidata.org/entity/Q1457,9.0,2001-01-01T00:00:00Z,2002-01-01T00:00:00Z
http://www.wikidata.org/entity/Q227053,http://www.wikidata.org/entity/Q631,0.0,1998-01-01T00:00:00Z,2000-01-01T00:00:00Z
http://www.wikidata.org/entity/Q227358,http://www.wikidata.org/entity/Q1457,35.0,2011-01-01T00:00:00Z,2012-01-01T00:00:00Z
http://www.wikidata.org/entity/Q2273808,http://www.wikidata.org/entity/Q1422,0.0,2004-01-01T00:00:00Z,2007-01-01T00:00:00Z
http://www.wikidata.org/entity/Q227892,http://www.wikidata.org/entity/Q1543,224.0,2002-01-01T00:00:00Z,2012-01-01T00:00:00Z
http://www.wikidata.org/entity/Q227892,http://www.wikidata.org/entity/Q2609,193.0,1993-01-01T00:00:00Z,2002-01-01T00:00:00Z
http://www.wikidata.org/entity/Q2290207,http://www.wikidata.org/entity/Q2052,20.0,2000-01-01T00:00:00Z,2001-01-01T00:00:00Z
http://www.wikidata.org/entity/Q2290574,http://www.wikidata.org/entity/Q1457,211.0,2007-01-01T00:00:00Z,2015-01-01T00:00:00Z
http://www.wikidata.org/entity/Q2290574,http://www.wikidata.org/entity/Q2037,0.0,2003-01-01T00:00:00Z,2005-01-01T00:00:00Z
http://www.wikidata.org/entity/Q2290574,http://www.wikidata.org/entity/Q1422,0.0,2002-01-01T00:00:00Z,2003-01-01T00:00:00Z
http://www.wikidata.org/entity/Q2290902,http://www.wikidata.org/entity/Q1543,1.0,2004-01-01T00:00:00Z,2006-01-01T00:00:00Z
http://www.wikidata.org/entity/Q2290902,http://www.wikidata.org/entity/Q1900,13.0,2009-01-01T00:00:00Z,2010-01-01T00:00:00Z
http://www.wikidata.org/entity/Q2291169,http://www.wikidata.org/entity/Q1457,4.0,2008-01-01T00:00:00Z,2009-01-01T00:00:00Z
http://www.wikidata.org/entity/Q2291258,http://www.wikidata.org/entity/Q1422,27.0,1998-01-01T00:00:00Z,2000-01-01T00:00:00Z
http://www.wikidata.org/entity/Q2291334,http://www.wikidata.org/entity/Q2052,70.0,1999-01-01T00:00:00Z,2002-01-01T00:00:00Z
http://www.wikidata.org/entity/Q2291334,http://www.wikidata.org/entity/Q2693,3.0,2003-01-01T00:00:00Z,2003-01-01T00:00:00Z
http://www.wikidata.org/entity/Q2292579,http://www.wikidata.org/entity/Q2074,3.0,2008-01-01T00:00:00Z,2008-01-01T00:00:00Z
http://www.wikidata.org/entity/Q2293240,http://www.wikidata.org/entity/Q2052,8.0,2004-01-01T00:00:00Z,2004-01-01T00:00:00Z
http://www.wikidata.org/entity/Q2298814,http://www.wikidata.org/entity/Q1893,1.0,2012-01-01T00:00:00Z,2015-01-01T00:00:00Z
http://www.wikidata.org/entity/Q29624459,http://www.wikidata.org/entity/Q2641,68.0,2024-08-30T00:00:00Z,
http://www.wikidata.org/entity/Q2828922,http://www.wikidata.org/entity/Q1886,7.0,2013-01-01T00:00:00Z,2018-12-01T00:00:00Z
http://www.wikidata.org/entity/Q285518,http://www.wikidata.org/entity/Q1457,32.0,2022-01-01T00:00:00Z,2023-01-01T00:00:00Z
http://www.wikidata.org/entity/Q285518,http://www.wikidata.org/entity/Q1457,20.0,2016-01-01T00:00:00Z,2018-01-01T00:00:00Z
http://www.wikidata.org/entity/Q2856175,http://www.wikidata.org/entity/Q1543,8.0,2013-01-01T00:00:00Z,2015-01-01T00:00:00Z
http://www.wikidata.org/entity/Q285684,http://www.wikidata.org/entity/Q1886,36.0,2015-01-01T00:00:00Z,2016-01-01T00:00:00Z
http://www.wikidata.org/entity/Q287664,http://www.wikidata.org/entity/Q631,55.0,1996-01-01T00:00:00Z,1999-01-01T00:00:00Z
http://www.wikidata.org/entity/Q2895051,http://www.wikidata.org/entity/Q2052,12.0,1999-01-01T00:00:00Z,2002-01-01T00:00:00Z
http://www.wikidata.org/entity/Q2895051,http://www.wikidata.org/entity/Q2641,174.0,1993-01-01T00:00:00Z,1999-01-01T00:00:00Z
http://www.wikidata.org/entity/Q29047921,http://www.wikidata.org/entity/Q1886,28.0,2022-06-17T00:00:00Z,2023-08-19T00:00:00Z
http://www.wikidata.org/entity/Q29047921,http://www.wikidata.org/entity/Q1422,21.0,2019-07-05T00:00:00Z,2022-06-17T00:00:00Z
http://www.wikidata.org/entity/Q29047921,http://www.wikidata.org/entity/Q1886,28.0,2021-08-07T00:00:00Z,2022-06-01T00:00:00Z
http://www.wikidata.org/entity/Q290637,http://www.wikidata.org/entity/Q1543,2.0,2009-01-01T00:00:00Z,2012-01-01T00:00:00Z
http://www.wikidata.org/entity/Q290637,http://www.wikidata.org/entity/Q2037,30.0,1998-01-01T00:00:00Z,1999-01-01T00:00:00Z
http://www.wikidata.org/entity/Q290722,http://www.wikidata.org/entity/Q2693,0.0,1999-01-01T00:00:00Z,2003-01-01T00:00:00Z
http://www.wikidata.org/entity/Q290913,http://www.wikidata.org/entity/Q2018,49.0,2006-01-01T00:00:00Z,2008-01-01T00:00:00Z
http://www.wikidata.org/entity/Q290913,http://www.wikidata.org/entity/Q2037,12.0,2009-01-01T00:00:00Z,2009-01-01T00:00:00Z
http://www.wikidata.org/entity/Q290913,http://www.wikidata.org/entity/Q2710,11.0,2012-01-01T00:00:00Z,2012-01-01T00:00:00Z
http://www.wikidata.org/entity/Q2913467,http://www.wikidata.org/entity/Q631,0.0,2008-01-01T00:00:00Z,2008-01-01T00:00:00Z
http://www.wikidata.org/entity/Q2926883,http://www.wikidata.org/entity/Q1900,18.0,2010-01-01T00:00:00Z,2011-01-01T00:00:00Z
http://www.wikidata.org/entity/Q293392,http://www.wikidata.org/entity/Q2609,14.0,2004-01-01T00:00:00Z,2005-01-01T00:00:00Z
http://www.wikidata.org/entity/Q294204,http://www.wikidata.org/entity/Q2052,49.0,2013-01-01T00:00:00Z,2015-01-01T00:00:00Z
http://www.wikidata.org/entity/Q294293,http://www.wikidata.org/entity/Q2674,143.0,2008-01-01T00:00:00Z,2012-01-01T00:00:00Z
http://www.wikidata.org/entity/Q294293,http://www.wikidata.org/entity/Q1422,57.0,2005-01-01T00:00:00Z,2007-01-01T00:00:00Z
http://www.wikidata.org/entity/Q294293,http://www.wikidata.org/entity/Q2052,6.0,2007-01-01T00:00:00Z,2008-01-01T00:00:00Z
http://www.wikidata.org/entity/Q294351,http://www.wikidata.org/entity/Q2609,126.0,1998-01-01T00:00:00Z,2004-01-01T00:00:00Z
http://www.wikidata.org/entity/Q294351,http://www.wikidata.org/entity/Q631,25.0,2004-01-01T00:00:00Z,2006-01-01T00:00:00Z
http://www.wikidata.org/entity/Q294541,http://www.wikidata.org/entity/Q2052,116.0,2008-01-01T00:00:00Z,2013-01-01T00:00:00Z
http://www.wikidata.org/entity/Q294541,http://www.wikidata.org/entity/Q631,5.0,2016-01-01T00:00:00Z,2017-08-01T00:00:00Z
http://www.wikidata.org/entity/Q2946829,http://www.wikidata.org/entity/Q2641,13.0,2003-01-01T00:00:00Z,2004-01-01T00:00:00Z
http://www.wikidata.org/entity/Q2947029,http://www.wikidata.org/entity/Q2037,21.0,2005-01-01T00:00:00Z,2011-01-01T00:00:00Z
http://www.wikidata.org/entity/Q2947029,http://www.wikidata.org/entity/Q1893,0.0,2011-01-01T00:00:00Z,2016-01-01T00:00:00Z
http://www.wikidata.org/entity/Q29629721,http://www.wikidata.org/entity/Q2052,1.0,2016-01-01T00:00:00Z,2018-01-01T00:00:00Z
http://www.wikidata.org/entity/Q29998966,http://www.wikidata.org/entity/Q1422,21.0,2020-01-01T00:00:00Z,2021-01-01T00:00:00Z
http://www.wikidata.org/entity/Q30036972,http://www.wikidata.org/entity/Q2609,4.0,2017-01-01T00:00:00Z,2019-01-01T00:00:00Z
http://www.wikidata.org/entity/Q30055335,http://www.wikidata.org/entity/Q1543,227.0,2019-01-01T00:00:00Z,2026-08-29T00:00:00Z
http://www.wikidata.org/entity/Q2400411,http://www.wikidata.org/entity/Q2018,25.0,2015-01-01T00:00:00Z,
http://www.wikidata.org/entity/Q2342559,http://www.wikidata.org/entity/Q2052,56.0,2009-01-01T00:00:00Z,2012-01-01T00:00:00Z
http://www.wikidata.org/entity/Q2342559,http://www.wikidata.org/entity/Q1893,37.0,2012-01-01T00:00:00Z,2014-01-01T00:00:00Z
http://www.wikidata.org/entity/Q2342559,http://www.wikidata.org/entity/Q1893,31.0,2003-01-01T00:00:00Z,2004-01-01T00:00:00Z
http://www.wikidata.org/entity/Q2351183,http://www.wikidata.org/entity/Q2641,15.0,2004-01-01T00:00:00Z,2004-01-01T00:00:00Z
http://www.wikidata.org/entity/Q235159,http://www.wikidata.org/entity/Q631,519.0,1979-01-01T00:00:00Z,1999-01-01T00:00:00Z
http://www.wikidata.org/entity/Q2354329,http://www.wikidata.org/entity/Q1893,26.0,2013-01-01T00:00:00Z,2014-01-01T00:00:00Z
http://www.wikidata.org/entity/Q2354329,http://www.wikidata.org/entity/Q2037,66.0,2010-01-01T00:00:00Z,2013-01-01T00:00:00Z
http://www.wikidata.org/entity/Q2358664,http://www.wikidata.org/entity/Q1886,2.0,2009-01-01T00:00:00Z,2010-01-01T00:00:00Z
http://www.wikidata.org/entity/Q2360347,http://www.wikidata.org/entity/Q2074,154.0,2006-01-01T00:00:00Z,2011-01-01T00:00:00Z
http://www.wikidata.org/entity/Q2364180,http://www.wikidata.org/entity/Q2609,3.0,2008-01-01T00:00:00Z,2010-01-01T00:00:00Z
http://www.wikidata.org/entity/Q2368806,http://www.wikidata.org/entity/Q2693,17.0,2010-01-01T00:00:00Z,2012-01-01T00:00:00Z
http://www.wikidata.org/entity/Q23703372,http://www.wikidata.org/entity/Q1543,195.0,2019-01-01T00:00:00Z,2025-07-01T00:00:00Z
http://www.wikidata.org/entity/Q2375839,http://www.wikidata.org/entity/Q2037,0.0,2009-01-01T00:00:00Z,2010-01-01T00:00:00Z
http://www.wikidata.org/entity/Q2375839,http://www.wikidata.org/entity/Q1543,0.0,2009-01-01T00:00:00Z,2012-01-01T00:00:00Z
http://www.wikidata.org/entity/Q23762049,http://www.wikidata.org/entity/Q2074,0.0,2012-01-01T00:00:00Z,2013-01-01T00:00:00Z
http://www.wikidata.org/entity/Q23762815,http://www.wikidata.org/entity/Q2052,98.0,2018-01-01T00:00:00Z,2022-01-01T00:00:00Z
http://www.wikidata.org/entity/Q23762815,http://www.wikidata.org/entity/Q1422,123.0,2022-01-01T00:00:00Z,2026-07-01T00:00:00Z
http://www.wikidata.org/entity/Q23771427,http://www.wikidata.org/entity/Q2052,5.0,2018-01-01T00:00:00Z,2021-01-01T00:00:00Z
http://www.wikidata.org/entity/Q237964,http://www.wikidata.org/entity/Q2052,42.0,1999-01-01T00:00:00Z,2002-01-01T00:00:00Z
http://www.wikidata.org/entity/Q238163,http://www.wikidata.org/entity/Q631,47.0,2009-01-01T00:00:00Z,2012-01-01T00:00:00Z
http://www.wikidata.org/entity/Q238163,http://www.wikidata.org/entity/Q2074,176.0,2015-01-01T00:00:00Z,2022-01-01T00:00:00Z
http://www.wikidata.org/entity/Q238163,http://www.wikidata.org/entity/Q631,0.0,2001-01-01T00:00:00Z,2004-01-01T00:00:00Z
http://www.wikidata.org/entity/Q238163,http://www.wikidata.org/entity/Q2609,159.0,2004-01-01T00:00:00Z,2009-01-01T00:00:00Z
http://www.wikidata.org/entity/Q238163,http://www.wikidata.org/entity/Q2641,30.0,2011-01-01T00:00:00Z,2012-01-01T00:00:00Z
http://www.wikidata.org/entity/Q238163,http://www.wikidata.org/entity/Q2641,62.0,2012-01-01T00:00:00Z,2014-01-01T00:00:00Z
http://www.wikidata.org/entity/Q2394737,http://www.wikidata.org/entity/Q2693,37.0,2009-01-01T00:00:00Z,2013-01-01T00:00:00Z
http://www.wikidata.org/entity/Q239568,http://www.wikidata.org/entity/Q1457,0.0,2010-01-01T00:00:00Z,2010-01-01T00:00:00Z
http://www.wikidata.org/entity/Q2397655,http://www.wikidata.org/entity/Q1422,1.0,2003-01-01T00:00:00Z,2005-01-01T00:00:00Z
http://www.wikidata.org/entity/Q2400411,http://www.wikidata.org/entity/Q2641,15.0,2008-01-01T00:00:00Z,2009-01-01T00:00:00Z
http://www.wikidata.org/entity/Q240456,http://www.wikidata.org/entity/Q2693,31.0,2000-01-01T00:00:00Z,2004-01-01T00:00:00Z
http://www.wikidata.org/entity/Q240492,http://www.wikidata.org/entity/Q1422,43.0,2010-01-01T00:00:00Z,2015-01-01T00:00:00Z
http://www.wikidata.org/entity/Q240492,http://www.wikidata.org/entity/Q1457,19.0,2010-01-01T00:00:00Z,2010-01-01T00:00:00Z
http://www.wikidata.org/entity/Q240492,http://www.wikidata.org/entity/Q2641,4.0,2002-01-01T00:00:00Z,2003-01-01T00:00:00Z
http://www.wikidata.org/entity/Q240492,http://www.wikidata.org/entity/Q2052,1.0,2008-01-01T00:00:00Z,2009-01-01T00:00:00Z
http://www.wikidata.org/entity/Q240492,http://www.wikidata.org/entity/Q1900,20.0,2008-01-01T00:00:00Z,2008-01-01T00:00:00Z
http://www.wikidata.org/entity/Q240492,http://www.wikidata.org/entity/Q1543,10.0,2007-01-01T00:00:00Z,2010-01-01T00:00:00Z
http://www.wikidata.org/entity/Q240492,http://www.wikidata.org/entity/Q1543,10.0,2016-01-01T00:00:00Z,2010-01-01T00:00:00Z
http://www.wikidata.org/entity/Q2406768,http://www.wikidata.org/entity/Q1457,3.0,2014-01-01T00:00:00Z,2015-01-01T00:00:00Z
http://www.wikidata.org/entity/Q2409638,http://www.wikidata.org/entity/Q2052,3.0,2012-01-01T00:00:00Z,2015-01-01T00:00:00Z
http://www.wikidata.org/entity/Q241103,http://www.wikidata.org/entity/Q2674,20.0,2012-01-01T00:00:00Z,2014-01-01T00:00:00Z
http://www.wikidata.org/entity/Q241103,http://www.wikidata.org/entity/Q1457,29.0,2014-01-01T00:00:00Z,2015-01-01T00:00:00Z
http://www.wikidata.org/entity/Q241103,http://www.wikidata.org/entity/Q1893,72.0,2009-01-01T00:00:00Z,2011-01-01T00:00:00Z
http://www.wikidata.org/entity/Q241103,http://www.wikidata.org/entity/Q631,0.0,2011-01-01T00:00:00Z,2012-01-01T00:00:00Z
http://www.wikidata.org/entity/Q241103,http://www.wikidata.org/entity/Q2052,32.0,2012-01-01T00:00:00Z,2013-01-01T00:00:00Z
http://www.wikidata.org/entity/Q2412014,http://www.wikidata.org/entity/Q2693,4.0,2013-01-01T00:00:00Z,2015-01-01T00:00:00Z
http://www.wikidata.org/entity/Q241213,http://www.wikidata.org/entity/Q2641,148.0,2005-01-01T00:00:00Z,2013-01-01T00:00:00Z
http://www.wikidata.org/entity/Q2419171,http://www.wikidata.org/entity/Q2674,54.0,2010-01-01T00:00:00Z,2014-01-01T00:00:00Z
http://www.wikidata.org/entity/Q242193,http://www.wikidata.org/entity/Q1543,82.0,2002-01-01T00:00:00Z,2008-01-01T00:00:00Z
http://www.wikidata.org/entity/Q242193,http://www.wikidata.org/entity/Q631,66.0,1998-01-01T00:00:00Z,2002-01-01T00:00:00Z
http://www.wikidata.org/entity/Q2429101,http://www.wikidata.org/entity/Q2641,2.0,1998-01-01T00:00:00Z,1999-01-01T00:00:00Z
http://www.wikidata.org/entity/Q2431146,http://www.wikidata.org/entity/Q1886,3.0,1999-01-01T00:00:00Z,2001-01-01T00:00:00Z
http://www.wikidata.org/entity/Q2436287,http://www.wikidata.org/entity/Q1893,12.0,2010-01-01T00:00:00Z,2011-01-01T00:00:00Z
http://www.wikidata.org/entity/Q2436287,http://www.wikidata.org/entity/Q631,0.0,2008-01-01T00:00:00Z,2011-01-01T00:00:00Z
http://www.wikidata.org/entity/Q2440869,http://www.wikidata.org/entity/Q2641,26.0,2005-01-01T00:00:00Z,2006-01-01T00:00:00Z
http://www.wikidata.org/entity/Q2440869,http://www.wikidata.org/entity/Q2641,3.0,2005-01-01T00:00:00Z,2005-01-01T00:00:00Z
http://www.wikidata.org/entity/Q2440869,http://www.wikidata.org/entity/Q2710,39.0,2007-01-01T00:00:00Z,2010-01-01T00:00:00Z
http://www.wikidata.org/entity/Q2441992,http://www.wikidata.org/entity/Q2693,0.0,2014-01-01T00:00:00Z,2014-01-01T00:00:00Z
http://www.wikidata.org/entity/Q2441992,http://www.wikidata.org/entity/Q1422,3.0,2010-01-01T00:00:00Z,2013-01-01T00:00:00Z
http://www.wikidata.org/entity/Q2442242,http://www.wikidata.org/entity/Q2674,4.0,2010-01-01T00:00:00Z,2011-01-01T00:00:00Z
http://www.wikidata.org/entity/Q2442896,http://www.wikidata.org/entity/Q1900,3.0,2009-01-01T00:00:00Z,2011-01-01T00:00:00Z
http://www.wikidata.org/entity/Q244363,http://www.wikidata.org/entity/Q2074,49.0,2010-01-01T00:00:00Z,2012-01-01T00:00:00Z
http://www.wikidata.org/entity/Q244363,http://www.wikidata.org/entity/Q2074,66.0,2016-01-01T00:00:00Z,2019-06-01T00:00:00Z
http://www.wikidata.org/entity/Q2446535,http://www.wikidata.org/entity/Q2693,3.0,2011-01-01T00:00:00Z,2011-01-01T00:00:00Z
http://www.wikidata.org/entity/Q2446538,http://www.wikidata.org/entity/Q2074,0.0,1998-01-01T00:00:00Z,1999-01-01T00:00:00Z
http://www.wikidata.org/entity/Q2447035,http://www.wikidata.org/entity/Q2018,19.0,2005-01-01T00:00:00Z,2005-01-01T00:00:00Z
http://www.wikidata.org/entity/Q245011,http://www.wikidata.org/entity/Q2609,23.0,2003-01-01T00:00:00Z,2004-01-01T00:00:00Z
http://www.wikidata.org/entity/Q245011,http://www.wikidata.org/entity/Q1886,14.0,2004-01-01T00:00:00Z,2005-01-01T00:00:00Z
http://www.wikidata.org/entity/Q245011,http://www.wikidata.org/entity/Q1543,293.0,1988-01-01T00:00:00Z,2002-01-01T00:00:00Z
http://www.wikidata.org/entity/Q245054,http://www.wikidata.org/entity/Q1543,22.0,2018-01-01T00:00:00Z,2020-01-01T00:00:00Z
http://www.wikidata.org/entity/Q245054,http://www.wikidata.org/entity/Q2693,0.0,2011-01-01T00:00:00Z,2012-01-01T00:00:00Z
http://www.wikidata.org/entity/Q245054,http://www.wikidata.org/entity/Q1457,33.0,2023-01-01T00:00:00Z,2025-07-01T00:00:00Z
http://www.wikidata.org/entity/Q245054,http://www.wikidata.org/entity/Q1543,29.0,2017-01-01T00:00:00Z,2018-01-01T00:00:00Z
http://www.wikidata.org/entity/Q2455140,http://www.wikidata.org/entity/Q1543,57.0,1998-01-01T00:00:00Z,2001-01-01T00:00:00Z
http://www.wikidata.org/entity/Q2455140,http://www.wikidata.org/entity/Q1893,18.0,2003-01-01T00:00:00Z,2004-01-01T00:00:00Z
http://www.wikidata.org/entity/Q2455140,http://www.wikidata.org/entity/Q631,30.0,2001-01-01T00:00:00Z,2004-01-01T00:00:00Z
http://www.wikidata.org/entity/Q2455284,http://www.wikidata.org/entity/Q1543,4.0,2000-01-01T00:00:00Z,2000-01-01T00:00:00Z
http://www.wikidata.org/entity/Q2457912,http://www.wikidata.org/entity/Q1900,0.0,2001-01-01T00:00:00Z,2002-01-01T00:00:00Z
http://www.wikidata.org/entity/Q24579254,http://www.wikidata.org/entity/Q1900,9.0,2025-02-03T00:00:00Z,2025-06-30T00:00:00Z
http://www.wikidata.org/entity/Q2464292,http://www.wikidata.org/entity/Q2674,8.0,2006-01-01T00:00:00Z,2009-01-01T00:00:00Z
http://www.wikidata.org/entity/Q2464292,http://www.wikidata.org/entity/Q2693,24.0,2009-01-01T00:00:00Z,2011-01-01T00:00:00Z
http://www.wikidata.org/entity/Q2464292,http://www.wikidata.org/entity/Q631,0.0,2004-01-01T00:00:00Z,2006-01-01T00:00:00Z
http://www.wikidata.org/entity/Q2464769,http://www.wikidata.org/entity/Q2037,1.0,2013-01-01T00:00:00Z,2015-01-01T00:00:00Z
http://www.wikidata.org/entity/Q128895710,http://www.wikidata.org/entity/Q2074,54.0,2024-01-01T00:00:00Z,2026-01-01T00:00:00Z
http://www.wikidata.org/entity/Q1444753,http://www.wikidata.org/entity/Q2052,60.0,1995-01-01T00:00:00Z,1999-01-01T00:00:00Z
http://www.wikidata.org/entity/Q1444753,http://www.wikidata.org/entity/Q2641,2.0,1999-01-01T00:00:00Z,2001-01-01T00:00:00Z
http://www.wikidata.org/entity/Q1445082,http://www.wikidata.org/entity/Q1893,9.0,2004-01-01T00:00:00Z,2005-01-01T00:00:00Z
http://www.wikidata.org/entity/Q1445082,http://www.wikidata.org/entity/Q1893,62.0,1998-01-01T00:00:00Z,2001-01-01T00:00:00Z
http://www.wikidata.org/entity/Q1445082,http://www.wikidata.org/entity/Q2037,5.0,2001-01-01T00:00:00Z,2002-01-01T00:00:00Z
http://www.wikidata.org/entity/Q1445082,http://www.wikidata.org/entity/Q631,0.0,2001-01-01T00:00:00Z,2004-01-01T00:00:00Z
http://www.wikidata.org/entity/Q1445299,http://www.wikidata.org/entity/Q2018,29.0,2006-01-01T00:00:00Z,2007-01-01T00:00:00Z
http://www.wikidata.org/entity/Q1445327,http://www.wikidata.org/entity/Q1900,6.0,2003-01-01T00:00:00Z,2003-01-01T00:00:00Z
http://www.wikidata.org/entity/Q1445327,http://www.wikidata.org/entity/Q2037,19.0,2010-01-01T00:00:00Z,2011-01-01T00:00:00Z
http://www.wikidata.org/entity/Q1445327,http://www.wikidata.org/entity/Q2037,31.0,2012-01-01T00:00:00Z,2014-01-01T00:00:00Z
http://www.wikidata.org/entity/Q1445327,http://www.wikidata.org/entity/Q2674,83.0,2006-01-01T00:00:00Z,2011-01-01T00:00:00Z
http://www.wikidata.org/entity/Q1445327,http://www.wikidata.org/entity/Q1893,34.0,2009-01-01T00:00:00Z,2010-01-01T00:00:00Z
http://www.wikidata.org/entity/Q1445327,http://www.wikidata.org/entity/Q2710,8.0,2014-01-01T00:00:00Z,2014-01-01T00:00:00Z
http://www.wikidata.org/entity/Q1450945,http://www.wikidata.org/entity/Q631,6.0,2019-01-01T00:00:00Z,2023-01-01T00:00:00Z
http://www.wikidata.org/entity/Q1462497,http://www.wikidata.org/entity/Q2710,43.0,2009-01-01T00:00:00Z,2010-01-01T00:00:00Z
http://www.wikidata.org/entity/Q14945895,http://www.wikidata.org/entity/Q2609,110.0,2013-01-01T00:00:00Z,2017-01-01T00:00:00Z
http://www.wikidata.org/entity/Q14945895,http://www.wikidata.org/entity/Q1900,26.0,2021-01-01T00:00:00Z,2022-01-01T00:00:00Z
http://www.wikidata.org/entity/Q14945895,http://www.wikidata.org/entity/Q1457,25.0,2020-01-01T00:00:00Z,2021-01-01T00:00:00Z
http://www.wikidata.org/entity/Q14945895,http://www.wikidata.org/entity/Q631,24.0,2018-01-01T00:00:00Z,2019-01-01T00:00:00Z
http://www.wikidata.org/entity/Q14951576,http://www.wikidata.org/entity/Q2018,5.0,2013-01-01T00:00:00Z,2016-01-01T00:00:00Z
http://www.wikidata.org/entity/Q14951576,http://www.wikidata.org/entity/Q1893,22.0,2017-01-01T00:00:00Z,2018-01-01T00:00:00Z
http://www.wikidata.org/entity/Q105477844,http://www.wikidata.org/entity/Q1422,81.0,2021-01-01T00:00:00Z,
http://www.wikidata.org/entity/Q106095219,http://www.wikidata.org/entity/Q2693,0.0,2024-08-30T00:00:00Z,
http://www.wikidata.org/entity/Q106200290,http://www.wikidata.org/entity/Q2074,60.0,2024-07-01T00:00:00Z,
http://www.wikidata.org/entity/Q106768944,http://www.wikidata.org/entity/Q2052,0.0,2025-01-01T00:00:00Z,
http://www.wikidata.org/entity/Q111346268,http://www.wikidata.org/entity/Q631,5.0,2022-07-01T00:00:00Z,
http://www.wikidata.org/entity/Q105477844,http://www.wikidata.org/entity/Q2074,25.0,2024-08-25T00:00:00Z,2025-01-01T00:00:00Z
http://www.wikidata.org/entity/Q105620383,http://www.wikidata.org/entity/Q2674,31.0,2020-01-31T00:00:00Z,2021-07-21T00:00:00Z
http://www.wikidata.org/entity/Q105955422,http://www.wikidata.org/entity/Q1422,23.0,2024-01-01T00:00:00Z,2025-07-23T00:00:00Z
http://www.wikidata.org/entity/Q106200290,http://www.wikidata.org/entity/Q2074,9.0,2024-01-31T00:00:00Z,2024-06-30T00:00:00Z
http://www.wikidata.org/entity/Q1081920,http://www.wikidata.org/entity/Q2641,9.0,1999-01-01T00:00:00Z,2000-01-01T00:00:00Z
http://www.wikidata.org/entity/Q1081920,http://www.wikidata.org/entity/Q2641,28.0,2004-01-01T00:00:00Z,2005-01-01T00:00:00Z
http://www.wikidata.org/entity/Q1081961,http://www.wikidata.org/entity/Q2674,22.0,2002-01-01T00:00:00Z,2005-01-01T00:00:00Z
http://www.wikidata.org/entity/Q1082092,http://www.wikidata.org/entity/Q2674,48.0,2003-01-01T00:00:00Z,2006-01-01T00:00:00Z
http://www.wikidata.org/entity/Q1082092,http://www.wikidata.org/entity/Q2018,73.0,2007-01-01T00:00:00Z,2011-01-01T00:00:00Z
http://www.wikidata.org/entity/Q1082092,http://www.wikidata.org/entity/Q1457,4.0,2006-01-01T00:00:00Z,2007-01-01T00:00:00Z
http://www.wikidata.org/entity/Q1083673,http://www.wikidata.org/entity/Q2074,2.0,2008-01-01T00:00:00Z,2009-01-01T00:00:00Z
http://www.wikidata.org/entity/Q1083673,http://www.wikidata.org/entity/Q2074,2.0,2008-01-01T00:00:00Z,2008-01-01T00:00:00Z
http://www.wikidata.org/entity/Q1084442,http://www.wikidata.org/entity/Q2693,0.0,2002-01-01T00:00:00Z,2003-01-01T00:00:00Z
http://www.wikidata.org/entity/Q1086642,http://www.wikidata.org/entity/Q631,0.0,1997-01-01T00:00:00Z,1999-01-01T00:00:00Z
http://www.wikidata.org/entity/Q1086666,http://www.wikidata.org/entity/Q2674,31.0,2002-01-01T00:00:00Z,2004-01-01T00:00:00Z
http://www.wikidata.org/entity/Q1087530,http://www.wikidata.org/entity/Q1893,33.0,2001-01-01T00:00:00Z,2002-01-01T00:00:00Z
http://www.wikidata.org/entity/Q1087530,http://www.wikidata.org/entity/Q2641,27.0,2000-01-01T00:00:00Z,2001-01-01T00:00:00Z
http://www.wikidata.org/entity/Q1087530,http://www.wikidata.org/entity/Q1457,26.0,1998-01-01T00:00:00Z,1999-01-01T00:00:00Z
http://www.wikidata.org/entity/Q1087530,http://www.wikidata.org/entity/Q1893,59.0,2003-01-01T00:00:00Z,2006-01-01T00:00:00Z
http://www.wikidata.org/entity/Q1088920,http://www.wikidata.org/entity/Q1457,21.0,2006-01-01T00:00:00Z,2007-01-01T00:00:00Z
http://www.wikidata.org/entity/Q1088920,http://www.wikidata.org/entity/Q1900,73.0,2007-01-01T00:00:00Z,2010-01-01T00:00:00Z
http://www.wikidata.org/entity/Q1088942,http://www.wikidata.org/entity/Q2018,12.0,2009-01-01T00:00:00Z,2011-01-01T00:00:00Z
http://www.wikidata.org/entity/Q1089106,http://www.wikidata.org/entity/Q1457,87.0,2006-01-01T00:00:00Z,2009-01-01T00:00:00Z
http://www.wikidata.org/entity/Q1089110,http://www.wikidata.org/entity/Q2037,205.0,1998-01-01T00:00:00Z,2006-01-01T00:00:00Z
http://www.wikidata.org/entity/Q1089110,http://www.wikidata.org/entity/Q1457,102.0,2006-01-01T00:00:00Z,2010-01-01T00:00:00Z
http://www.wikidata.org/entity/Q1091400,http://www.wikidata.org/entity/Q2037,38.0,2007-01-01T00:00:00Z,2010-01-01T00:00:00Z
http://www.wikidata.org/entity/Q1091404,http://www.wikidata.org/entity/Q2037,49.0,2007-01-01T00:00:00Z,2009-01-01T00:00:00Z
http://www.wikidata.org/entity/Q1091404,http://www.wikidata.org/entity/Q2074,9.0,2005-01-01T00:00:00Z,2005-01-01T00:00:00Z
http://www.wikidata.org/entity/Q1091577,http://www.wikidata.org/entity/Q2018,6.0,2004-01-01T00:00:00Z,2004-01-01T00:00:00Z
http://www.wikidata.org/entity/Q1091577,http://www.wikidata.org/entity/Q2641,23.0,2000-01-01T00:00:00Z,2001-01-01T00:00:00Z
http://www.wikidata.org/entity/Q1091577,http://www.wikidata.org/entity/Q631,87.0,1995-01-01T00:00:00Z,2000-01-01T00:00:00Z
http://www.wikidata.org/entity/Q1091577,http://www.wikidata.org/entity/Q1893,25.0,2001-01-01T00:00:00Z,2002-01-01T00:00:00Z
http://www.wikidata.org/entity/Q1091577,http://www.wikidata.org/entity/Q1422,9.0,2002-01-01T00:00:00Z,2004-01-01T00:00:00Z
http://www.wikidata.org/entity/Q1092166,http://www.wikidata.org/entity/Q1457,38.0,2002-01-01T00:00:00Z,2005-01-01T00:00:00Z
http://www.wikidata.org/entity/Q1093099,http://www.wikidata.org/entity/Q1893,18.0,2000-01-01T00:00:00Z,2000-01-01T00:00:00Z
http://www.wikidata.org/entity/Q1093394,http://www.wikidata.org/entity/Q631,0.0,2004-01-01T00:00:00Z,2007-01-01T00:00:00Z
http://www.wikidata.org/entity/Q1093394,http://www.wikidata.org/entity/Q1457,17.0,2011-01-01T00:00:00Z,2015-01-01T00:00:00Z
http://www.wikidata.org/entity/Q1093420,http://www.wikidata.org/entity/Q2074,0.0,2006-01-01T00:00:00Z,2006-01-01T00:00:00Z
http://www.wikidata.org/entity/Q1093594,http://www.wikidata.org/entity/Q2693,4.0,2008-01-01T00:00:00Z,2009-01-01T00:00:00Z
http://www.wikidata.org/entity/Q1093594,http://www.wikidata.org/entity/Q2074,0.0,2007-01-01T00:00:00Z,2009-01-01T00:00:00Z
http://www.wikidata.org/entity/Q109428,http://www.wikidata.org/entity/Q1422,33.0,2009-01-01T00:00:00Z,2010-01-01T00:00:00Z
http://www.wikidata.org/entity/Q1097566,http://www.wikidata.org/entity/Q2693,31.0,1999-01-01T00:00:00Z,2002-01-01T00:00:00Z
http://www.wikidata.org/entity/Q1097566,http://www.wikidata.org/entity/Q1893,61.0,2004-01-01T00:00:00Z,2007-01-01T00:00:00Z
http://www.wikidata.org/entity/Q1098155,http://www.wikidata.org/entity/Q1886,136.0,2004-01-01T00:00:00Z,2009-01-01T00:00:00Z
http://www.wikidata.org/entity/Q1098196,http://www.wikidata.org/entity/Q2674,45.0,2013-01-01T00:00:00Z,2015-01-01T00:00:00Z
http://www.wikidata.org/entity/Q1098196,http://www.wikidata.org/entity/Q2641,15.0,2004-01-01T00:00:00Z,2005-01-01T00:00:00Z
http://www.wikidata.org/entity/Q1098196,http://www.wikidata.org/entity/Q1893,125.0,2002-01-01T00:00:00Z,2009-01-01T00:00:00Z
http://www.wikidata.org/entity/Q1098261,http://www.wikidata.org/entity/Q2074,11.0,2002-01-01T00:00:00Z,2003-01-01T00:00:00Z
http://www.wikidata.org/entity/Q112184628,http://www.wikidata.org/entity/Q1422,1.0,2023-11-07T00:00:00Z,2024-07-30T00:00:00Z
http://www.wikidata.org/entity/Q9354,http://www.wikidata.org/entity/Q1900,74.0,2003-01-01T00:00:00Z,2005-01-01T00:00:00Z
http://www.wikidata.org/entity/Q18357913,http://www.wikidata.org/entity/Q1900,24.0,2023-08-01T00:00:00Z,
http://www.wikidata.org/entity/Q18201931,http://www.wikidata.org/entity/Q2641,52.0,2016-01-01T00:00:00Z,2020-08-01T00:00:00Z
http://www.wikidata.org/entity/Q18201931,http://www.wikidata.org/entity/Q1900,30.0,2019-07-01T00:00:00Z,2020-08-01T00:00:00Z
http://www.wikidata.org/entity/Q18217954,http://www.wikidata.org/entity/Q2674,21.0,2016-01-01T00:00:00Z,2017-01-01T00:00:00Z
http://www.wikidata.org/entity/Q18222832,http://www.wikidata.org/entity/Q1893,0.0,2016-07-01T00:00:00Z,2018-07-01T00:00:00Z
http://www.wikidata.org/entity/Q18222832,http://www.wikidata.org/entity/Q2710,1.0,2014-01-01T00:00:00Z,2015-01-01T00:00:00Z
http://www.wikidata.org/entity/Q18224153,http://www.wikidata.org/entity/Q2037,0.0,2013-01-01T00:00:00Z,2015-01-01T00:00:00Z
http://www.wikidata.org/entity/Q18239111,http://www.wikidata.org/entity/Q2693,0.0,2013-01-01T00:00:00Z,2015-01-01T00:00:00Z
http://www.wikidata.org/entity/Q18239111,http://www.wikidata.org/entity/Q1422,0.0,2012-01-01T00:00:00Z,2013-01-01T00:00:00Z
http://www.wikidata.org/entity/Q18379752,http://www.wikidata.org/entity/Q1900,6.0,2014-01-01T00:00:00Z,2015-01-01T00:00:00Z
http://www.wikidata.org/entity/Q18402294,http://www.wikidata.org/entity/Q2074,5.0,2014-01-01T00:00:00Z,2016-01-01T00:00:00Z
http://www.wikidata.org/entity/Q18402294,http://www.wikidata.org/entity/Q2710,26.0,2015-01-01T00:00:00Z,2016-01-01T00:00:00Z
http://www.wikidata.org/entity/Q18423342,http://www.wikidata.org/entity/Q2052,81.0,2016-01-01T00:00:00Z,2022-01-01T00:00:00Z
http://www.wikidata.org/entity/Q18603797,http://www.wikidata.org/entity/Q1457,21.0,2015-01-01T00:00:00Z,2019-01-01T00:00:00Z
http://www.wikidata.org/entity/Q18603797,http://www.wikidata.org/entity/Q2037,0.0,2019-01-01T00:00:00Z,2021-08-01T00:00:00Z
http://www.wikidata.org/entity/Q1869618,http://www.wikidata.org/entity/Q2074,19.0,2003-01-01T00:00:00Z,2003-01-01T00:00:00Z
http://www.wikidata.org/entity/Q1876858,http://www.wikidata.org/entity/Q2641,27.0,2004-01-01T00:00:00Z,2005-01-01T00:00:00Z
http://www.wikidata.org/entity/Q1876858,http://www.wikidata.org/entity/Q1543,0.0,1998-01-01T00:00:00Z,1999-01-01T00:00:00Z
http://www.wikidata.org/entity/Q187891,http://www.wikidata.org/entity/Q1422,66.0,2013-01-01T00:00:00Z,2015-01-01T00:00:00Z
http://www.wikidata.org/entity/Q187891,http://www.wikidata.org/entity/Q2641,20.0,2019-01-01T00:00:00Z,2020-01-01T00:00:00Z
http://www.wikidata.org/entity/Q1881742,http://www.wikidata.org/entity/Q2693,6.0,2010-01-01T00:00:00Z,2014-01-01T00:00:00Z
http://www.wikidata.org/entity/Q188241,http://www.wikidata.org/entity/Q631,24.0,2008-01-01T00:00:00Z,2010-01-01T00:00:00Z
http://www.wikidata.org/entity/Q188544,http://www.wikidata.org/entity/Q1543,206.0,2000-01-01T00:00:00Z,2010-01-01T00:00:00Z
http://www.wikidata.org/entity/Q188564,http://www.wikidata.org/entity/Q1543,344.0,1995-01-01T00:00:00Z,2013-01-01T00:00:00Z
http://www.wikidata.org/entity/Q188564,http://www.wikidata.org/entity/Q2052,21.0,2013-01-01T00:00:00Z,2014-01-01T00:00:00Z
http://www.wikidata.org/entity/Q188696,http://www.wikidata.org/entity/Q2609,22.0,1998-01-01T00:00:00Z,1999-01-01T00:00:00Z
http://www.wikidata.org/entity/Q188696,http://www.wikidata.org/entity/Q1886,7.0,2006-01-01T00:00:00Z,2007-01-01T00:00:00Z
http://www.wikidata.org/entity/Q188696,http://www.wikidata.org/entity/Q2052,26.0,2007-01-01T00:00:00Z,2008-01-01T00:00:00Z
http://www.wikidata.org/entity/Q188696,http://www.wikidata.org/entity/Q1543,8.0,2005-01-01T00:00:00Z,2006-01-01T00:00:00Z
http://www.wikidata.org/entity/Q188696,http://www.wikidata.org/entity/Q1886,9.0,2008-01-01T00:00:00Z,2009-01-01T00:00:00Z
http://www.wikidata.org/entity/Q188696,http://www.wikidata.org/entity/Q631,143.0,1999-01-01T00:00:00Z,2005-01-01T00:00:00Z
http://www.wikidata.org/entity/Q188983,http://www.wikidata.org/entity/Q631,21.0,2003-01-01T00:00:00Z,2005-01-01T00:00:00Z
http://www.wikidata.org/entity/Q188997,http://www.wikidata.org/entity/Q1422,200.0,2017-07-01T00:00:00Z,2024-06-01T00:00:00Z
http://www.wikidata.org/entity/Q1890076,http://www.wikidata.org/entity/Q2641,0.0,2009-01-01T00:00:00Z,2011-01-01T00:00:00Z
http://www.wikidata.org/entity/Q1890076,http://www.wikidata.org/entity/Q1893,8.0,2014-01-01T00:00:00Z,2015-01-01T00:00:00Z
http://www.wikidata.org/entity/Q1892965,http://www.wikidata.org/entity/Q1893,26.0,2014-01-01T00:00:00Z,2015-01-01T00:00:00Z
http://www.wikidata.org/entity/Q1892965,http://www.wikidata.org/entity/Q1422,0.0,2010-01-01T00:00:00Z,2011-01-01T00:00:00Z
http://www.wikidata.org/entity/Q1893113,http://www.wikidata.org/entity/Q1457,47.0,2007-01-01T00:00:00Z,2015-01-01T00:00:00Z
http://www.wikidata.org/entity/Q1893738,http://www.wikidata.org/entity/Q1900,29.0,2006-01-01T00:00:00Z,2007-01-01T00:00:00Z
http://www.wikidata.org/entity/Q189535,http://www.wikidata.org/entity/Q1543,24.0,1998-01-01T00:00:00Z,2000-01-01T00:00:00Z
http://www.wikidata.org/entity/Q189716,http://www.wikidata.org/entity/Q1422,224.0,2002-01-01T00:00:00Z,2010-01-01T00:00:00Z
http://www.wikidata.org/entity/Q190608,http://www.wikidata.org/entity/Q1543,124.0,2001-01-01T00:00:00Z,2006-01-01T00:00:00Z
http://www.wikidata.org/entity/Q190608,http://www.wikidata.org/entity/Q2052,215.0,1994-01-01T00:00:00Z,2001-01-01T00:00:00Z
http://www.wikidata.org/entity/Q1907707,http://www.wikidata.org/entity/Q1893,57.0,2003-01-01T00:00:00Z,2007-01-01T00:00:00Z
http://www.wikidata.org/entity/Q1907707,http://www.wikidata.org/entity/Q2693,0.0,2013-01-01T00:00:00Z,2015-01-01T00:00:00Z
http://www.wikidata.org/entity/Q1910910,http://www.wikidata.org/entity/Q1457,3.0,2013-01-01T00:00:00Z,2015-01-01T00:00:00Z
http://www.wikidata.org/entity/Q191151,http://www.wikidata.org/entity/Q2710,9.0,2016-01-01T00:00:00Z,2017-06-01T00:00:00Z
http://www.wikidata.org/entity/Q191151,http://www.wikidata.org/entity/Q1422,33.0,2010-01-01T00:00:00Z,2011-01-01T00:00:00Z
http://www.wikidata.org/entity/Q191151,http://www.wikidata.org/entity/Q1543,23.0,2011-01-01T00:00:00Z,2012-01-01T00:00:00Z
http://www.wikidata.org/entity/Q191151,http://www.wikidata.org/entity/Q2052,81.0,2012-01-01T00:00:00Z,2015-01-01T00:00:00Z
http://www.wikidata.org/entity/Q191869,http://www.wikidata.org/entity/Q1422,86.0,2007-01-01T00:00:00Z,2013-01-01T00:00:00Z
http://www.wikidata.org/entity/Q191885,http://www.wikidata.org/entity/Q2074,27.0,2008-01-01T00:00:00Z,2009-01-01T00:00:00Z
http://www.wikidata.org/entity/Q191885,http://www.wikidata.org/entity/Q631,55.0,2009-01-01T00:00:00Z,2012-01-01T00:00:00Z
http://www.wikidata.org/entity/Q192031,http://www.wikidata.org/entity/Q2074,53.0,2010-01-01T00:00:00Z,2012-01-01T00:00:00Z
http://www.wikidata.org/entity/Q192031,http://www.wikidata.org/entity/Q1543,194.0,2001-01-01T00:00:00Z,2010-01-01T00:00:00Z
http://www.wikidata.org/entity/Q192035,http://www.wikidata.org/entity/Q631,101.0,1996-01-01T00:00:00Z,2001-01-01T00:00:00Z
http://www.wikidata.org/entity/Q192122,http://www.wikidata.org/entity/Q631,315.0,2004-01-01T00:00:00Z,2014-01-01T00:00:00Z
http://www.wikidata.org/entity/Q192491,http://www.wikidata.org/entity/Q1422,27.0,2008-01-01T00:00:00Z,2009-01-01T00:00:00Z
http://www.wikidata.org/entity/Q192505,http://www.wikidata.org/entity/Q1422,75.0,2011-01-01T00:00:00Z,2014-01-01T00:00:00Z
http://www.wikidata.org/entity/Q192640,http://www.wikidata.org/entity/Q2609,137.0,1998-01-01T00:00:00Z,2004-01-01T00:00:00Z
http://www.wikidata.org/entity/Q192640,http://www.wikidata.org/entity/Q631,231.0,2004-01-01T00:00:00Z,2013-01-01T00:00:00Z
http://www.wikidata.org/entity/Q192671,http://www.wikidata.org/entity/Q1422,124.0,2011-01-01T00:00:00Z,2015-01-01T00:00:00Z
http://www.wikidata.org/entity/Q192671,http://www.wikidata.org/entity/Q631,51.0,2020-09-01T00:00:00Z,2022-07-01T00:00:00Z
http://www.wikidata.org/entity/Q192913,http://www.wikidata.org/entity/Q1886,0.0,2019-08-01T00:00:00Z,2019-09-01T00:00:00Z
http://www.wikidata.org/entity/Q192923,http://www.wikidata.org/entity/Q2074,0.0,2011-01-01T00:00:00Z,2011-01-01T00:00:00Z
http://www.wikidata.org/entity/Q192923,http://www.wikidata.org/entity/Q1543,5.0,2010-01-01T00:00:00Z,2012-01-01T00:00:00Z
http://www.wikidata.org/entity/Q1443059,http://www.wikidata.org/entity/Q2074,11.0,2015-01-01T00:00:00Z,2015-01-01T00:00:00Z
http://www.wikidata.org/entity/Q1443262,http://www.wikidata.org/entity/Q2018,147.0,2006-01-01T00:00:00Z,2013-01-01T00:00:00Z
http://www.wikidata.org/entity/Q1443262,http://www.wikidata.org/entity/Q2052,0.0,2003-01-01T00:00:00Z,2005-01-01T00:00:00Z
http://www.wikidata.org/entity/Q1444099,http://www.wikidata.org/entity/Q2037,0.0,2010-01-01T00:00:00Z,2010-01-01T00:00:00Z
http://www.wikidata.org/entity/Q1444163,http://www.wikidata.org/entity/Q1457,0.0,2008-01-01T00:00:00Z,2012-01-01T00:00:00Z
http://www.wikidata.org/entity/Q1444184,http://www.wikidata.org/entity/Q1886,21.0,2009-01-01T00:00:00Z,2010-01-01T00:00:00Z
http://www.wikidata.org/entity/Q1444184,http://www.wikidata.org/entity/Q2018,72.0,2004-01-01T00:00:00Z,2006-01-01T00:00:00Z
http://www.wikidata.org/entity/Q1444184,http://www.wikidata.org/entity/Q1900,91.0,2006-01-01T00:00:00Z,2009-01-01T00:00:00Z
http://www.wikidata.org/entity/Q1444263,http://www.wikidata.org/entity/Q2710,23.0,2002-01-01T00:00:00Z,2002-01-01T00:00:00Z
http://www.wikidata.org/entity/Q1444341,http://www.wikidata.org/entity/Q1900,0.0,2010-01-01T00:00:00Z,2011-01-01T00:00:00Z
http://www.wikidata.org/entity/Q1444341,http://www.wikidata.org/entity/Q2074,12.0,2006-01-01T00:00:00Z,2007-01-01T00:00:00Z
http://www.wikidata.org/entity/Q1444719,http://www.wikidata.org/entity/Q2674,319.0,1988-01-01T00:00:00Z,1999-01-01T00:00:00Z
http://www.wikidata.org/entity/Q1448449,http://www.wikidata.org/entity/Q1886,141.0,1994-01-01T00:00:00Z,1999-01-01T00:00:00Z
http://www.wikidata.org/entity/Q3180341,http://www.wikidata.org/entity/Q2693,0.0,2012-01-01T00:00:00Z,2013-01-01T00:00:00Z
http://www.wikidata.org/entity/Q313207,http://www.wikidata.org/entity/Q2693,0.0,2001-01-01T00:00:00Z,2002-01-01T00:00:00Z
http://www.wikidata.org/entity/Q313207,http://www.wikidata.org/entity/Q1543,22.0,2001-07-01T00:00:00Z,2002-06-01T00:00:00Z
http://www.wikidata.org/entity/Q313207,http://www.wikidata.org/entity/Q1543,20.0,2002-01-01T00:00:00Z,2004-01-01T00:00:00Z
http://www.wikidata.org/entity/Q313208,http://www.wikidata.org/entity/Q2052,29.0,2009-01-01T00:00:00Z,2011-01-01T00:00:00Z
http://www.wikidata.org/entity/Q313208,http://www.wikidata.org/entity/Q631,0.0,1990-01-01T00:00:00Z,1999-01-01T00:00:00Z
http://www.wikidata.org/entity/Q313208,http://www.wikidata.org/entity/Q1422,63.0,2006-01-01T00:00:00Z,2009-01-01T00:00:00Z
http://www.wikidata.org/entity/Q313208,http://www.wikidata.org/entity/Q1900,18.0,1998-01-01T00:00:00Z,1999-01-01T00:00:00Z
http://www.wikidata.org/entity/Q313208,http://www.wikidata.org/entity/Q631,99.0,2001-01-01T00:00:00Z,2006-01-01T00:00:00Z
http://www.wikidata.org/entity/Q313316,http://www.wikidata.org/entity/Q2641,41.0,2024-08-01T00:00:00Z,2026-08-12T00:00:00Z
http://www.wikidata.org/entity/Q313316,http://www.wikidata.org/entity/Q631,25.0,2022-06-01T00:00:00Z,2023-06-30T00:00:00Z
http://www.wikidata.org/entity/Q313316,http://www.wikidata.org/entity/Q631,72.0,2019-01-01T00:00:00Z,2021-01-01T00:00:00Z
http://www.wikidata.org/entity/Q313480,http://www.wikidata.org/entity/Q1893,248.0,1999-01-01T00:00:00Z,2006-01-01T00:00:00Z
http://www.wikidata.org/entity/Q313480,http://www.wikidata.org/entity/Q631,165.0,1994-01-01T00:00:00Z,1999-01-01T00:00:00Z
http://www.wikidata.org/entity/Q313518,http://www.wikidata.org/entity/Q2609,48.0,1997-01-01T00:00:00Z,2000-01-01T00:00:00Z
http://www.wikidata.org/entity/Q313570,http://www.wikidata.org/entity/Q631,42.0,2014-01-01T00:00:00Z,2015-01-01T00:00:00Z
http://www.wikidata.org/entity/Q313570,http://www.wikidata.org/entity/Q1422,24.0,2015-01-01T00:00:00Z,2017-02-01T00:00:00Z
http://www.wikidata.org/entity/Q313893,http://www.wikidata.org/entity/Q2693,62.0,2007-01-01T00:00:00Z,2010-01-01T00:00:00Z
http://www.wikidata.org/entity/Q313893,http://www.wikidata.org/entity/Q2693,9.0,2014-01-01T00:00:00Z,2015-01-01T00:00:00Z
http://www.wikidata.org/entity/Q313893,http://www.wikidata.org/entity/Q631,21.0,2010-01-01T00:00:00Z,2014-01-01T00:00:00Z
http://www.wikidata.org/entity/Q313893,http://www.wikidata.org/entity/Q2693,13.0,2013-01-01T00:00:00Z,2013-01-01T00:00:00Z
http://www.wikidata.org/entity/Q313927,http://www.wikidata.org/entity/Q631,12.0,2014-08-01T00:00:00Z,2015-01-01T00:00:00Z
http://www.wikidata.org/entity/Q313927,http://www.wikidata.org/entity/Q1893,25.0,2009-01-01T00:00:00Z,2010-01-01T00:00:00Z
http://www.wikidata.org/entity/Q313927,http://www.wikidata.org/entity/Q1422,11.0,2014-01-01T00:00:00Z,2014-06-01T00:00:00Z
http://www.wikidata.org/entity/Q313927,http://www.wikidata.org/entity/Q1886,3.0,2006-01-01T00:00:00Z,2006-01-01T00:00:00Z
http://www.wikidata.org/entity/Q313927,http://www.wikidata.org/entity/Q2052,21.0,2007-01-01T00:00:00Z,2009-01-01T00:00:00Z
http://www.wikidata.org/entity/Q314053,http://www.wikidata.org/entity/Q631,117.0,1999-01-01T00:00:00Z,2003-01-01T00:00:00Z
http://www.wikidata.org/entity/Q314078,http://www.wikidata.org/entity/Q1422,253.0,1994-01-01T00:00:00Z,2005-01-01T00:00:00Z
http://www.wikidata.org/entity/Q314083,http://www.wikidata.org/entity/Q2641,26.0,2015-01-01T00:00:00Z,2017-08-31T00:00:00Z
http://www.wikidata.org/entity/Q314083,http://www.wikidata.org/entity/Q1543,0.0,2018-07-01T00:00:00Z,2019-08-01T00:00:00Z
http://www.wikidata.org/entity/Q314083,http://www.wikidata.org/entity/Q1457,17.0,2017-08-31T00:00:00Z,2018-06-01T00:00:00Z
http://www.wikidata.org/entity/Q314093,http://www.wikidata.org/entity/Q1543,59.0,2015-01-01T00:00:00Z,2017-01-01T00:00:00Z
http://www.wikidata.org/entity/Q314093,http://www.wikidata.org/entity/Q2074,122.0,2011-01-01T00:00:00Z,2015-01-01T00:00:00Z
http://www.wikidata.org/entity/Q314093,http://www.wikidata.org/entity/Q2693,72.0,2019-01-01T00:00:00Z,2022-01-01T00:00:00Z
http://www.wikidata.org/entity/Q314168,http://www.wikidata.org/entity/Q1422,65.0,2005-01-01T00:00:00Z,2010-01-01T00:00:00Z
http://www.wikidata.org/entity/Q314168,http://www.wikidata.org/entity/Q2693,16.0,2014-01-01T00:00:00Z,2014-01-01T00:00:00Z
http://www.wikidata.org/entity/Q314225,http://www.wikidata.org/entity/Q2052,12.0,2010-01-01T00:00:00Z,2010-01-01T00:00:00Z
http://www.wikidata.org/entity/Q314241,http://www.wikidata.org/entity/Q2641,24.0,2010-01-01T00:00:00Z,2011-01-01T00:00:00Z
http://www.wikidata.org/entity/Q314241,http://www.wikidata.org/entity/Q1543,18.0,2016-01-01T00:00:00Z,2018-01-01T00:00:00Z
http://www.wikidata.org/entity/Q314322,http://www.wikidata.org/entity/Q1457,14.0,2016-01-01T00:00:00Z,2016-01-01T00:00:00Z
http://www.wikidata.org/entity/Q314322,http://www.wikidata.org/entity/Q2074,16.0,2010-07-01T00:00:00Z,2011-01-01T00:00:00Z
http://www.wikidata.org/entity/Q314322,http://www.wikidata.org/entity/Q2074,0.0,2008-01-01T00:00:00Z,2010-01-01T00:00:00Z
http://www.wikidata.org/entity/Q314322,http://www.wikidata.org/entity/Q631,170.0,2010-06-01T00:00:00Z,2022-01-01T00:00:00Z
http://www.wikidata.org/entity/Q314376,http://www.wikidata.org/entity/Q2693,5.0,2015-01-01T00:00:00Z,2015-03-01T00:00:00Z
http://www.wikidata.org/entity/Q314440,http://www.wikidata.org/entity/Q2693,8.0,2000-01-01T00:00:00Z,2000-01-01T00:00:00Z
http://www.wikidata.org/entity/Q314440,http://www.wikidata.org/entity/Q631,31.0,1998-01-01T00:00:00Z,2000-01-01T00:00:00Z
http://www.wikidata.org/entity/Q314617,http://www.wikidata.org/entity/Q1543,36.0,2014-01-01T00:00:00Z,2017-01-01T00:00:00Z
http://www.wikidata.org/entity/Q314670,http://www.wikidata.org/entity/Q1886,19.0,2007-01-01T00:00:00Z,2008-01-01T00:00:00Z
http://www.wikidata.org/entity/Q314670,http://www.wikidata.org/entity/Q1457,5.0,2005-01-01T00:00:00Z,2005-01-01T00:00:00Z
http://www.wikidata.org/entity/Q314670,http://www.wikidata.org/entity/Q2609,133.0,1999-01-01T00:00:00Z,2010-01-01T00:00:00Z
http://www.wikidata.org/entity/Q314736,http://www.wikidata.org/entity/Q2037,54.0,2010-01-01T00:00:00Z,2013-01-01T00:00:00Z
http://www.wikidata.org/entity/Q314736,http://www.wikidata.org/entity/Q2037,9.0,2010-01-01T00:00:00Z,2010-01-01T00:00:00Z
http://www.wikidata.org/entity/Q314744,http://www.wikidata.org/entity/Q2710,18.0,2020-01-01T00:00:00Z,2021-01-01T00:00:00Z
http://www.wikidata.org/entity/Q314744,http://www.wikidata.org/entity/Q2074,60.0,2008-01-01T00:00:00Z,2010-01-01T00:00:00Z
http://www.wikidata.org/entity/Q314744,http://www.wikidata.org/entity/Q1543,9.0,2015-01-01T00:00:00Z,2015-01-01T00:00:00Z
http://www.wikidata.org/entity/Q314756,http://www.wikidata.org/entity/Q1893,9.0,1998-01-01T00:00:00Z,2000-01-01T00:00:00Z
http://www.wikidata.org/entity/Q314761,http://www.wikidata.org/entity/Q631,51.0,2003-01-01T00:00:00Z,2006-01-01T00:00:00Z
http://www.wikidata.org/entity/Q314879,http://www.wikidata.org/entity/Q631,35.0,2006-01-01T00:00:00Z,2009-01-01T00:00:00Z
http://www.wikidata.org/entity/Q315079,http://www.wikidata.org/entity/Q1543,26.0,2006-01-01T00:00:00Z,2008-01-01T00:00:00Z
http://www.wikidata.org/entity/Q315282,http://www.wikidata.org/entity/Q2052,78.0,2010-01-01T00:00:00Z,2013-01-01T00:00:00Z
http://www.wikidata.org/entity/Q315471,http://www.wikidata.org/entity/Q631,39.0,2005-01-01T00:00:00Z,2008-01-01T00:00:00Z
http://www.wikidata.org/entity/Q315674,http://www.wikidata.org/entity/Q2674,27.0,2012-01-01T00:00:00Z,2013-01-01T00:00:00Z
http://www.wikidata.org/entity/Q315831,http://www.wikidata.org/entity/Q1543,44.0,2000-01-01T00:00:00Z,2004-01-01T00:00:00Z
http://www.wikidata.org/entity/Q316299,http://www.wikidata.org/entity/Q1893,16.0,2006-01-01T00:00:00Z,2007-01-01T00:00:00Z
http://www.wikidata.org/entity/Q316320,http://www.wikidata.org/entity/Q1543,1.0,1999-01-01T00:00:00Z,2008-01-01T00:00:00Z
http://www.wikidata.org/entity/Q316457,http://www.wikidata.org/entity/Q2609,259.0,2006-01-01T00:00:00Z,2015-01-01T00:00:00Z
http://www.wikidata.org/entity/Q316467,http://www.wikidata.org/entity/Q1543,1.0,2011-01-01T00:00:00Z,2015-01-01T00:00:00Z
http://www.wikidata.org/entity/Q316479,http://www.wikidata.org/entity/Q2693,10.0,2013-01-01T00:00:00Z,2014-01-01T00:00:00Z
http://www.wikidata.org/entity/Q316479,http://www.wikidata.org/entity/Q1543,51.0,2012-01-01T00:00:00Z,2013-01-01T00:00:00Z
http://www.wikidata.org/entity/Q316573,http://www.wikidata.org/entity/Q1422,2.0,2015-01-01T00:00:00Z,2015-01-01T00:00:00Z
http://www.wikidata.org/entity/Q316573,http://www.wikidata.org/entity/Q1422,8.0,2006-01-01T00:00:00Z,2007-01-01T00:00:00Z
http://www.wikidata.org/entity/Q316573,http://www.wikidata.org/entity/Q1422,90.0,2008-01-01T00:00:00Z,2014-01-01T00:00:00Z
http://www.wikidata.org/entity/Q316573,http://www.wikidata.org/entity/Q2074,12.0,2013-01-01T00:00:00Z,2014-01-01T00:00:00Z
http://www.wikidata.org/entity/Q316573,http://www.wikidata.org/entity/Q2693,11.0,2014-01-01T00:00:00Z,2015-01-01T00:00:00Z
http://www.wikidata.org/entity/Q316591,http://www.wikidata.org/entity/Q2074,0.0,2012-01-01T00:00:00Z,2012-01-01T00:00:00Z
http://www.wikidata.org/entity/Q316591,http://www.wikidata.org/entity/Q2674,34.0,2012-01-01T00:00:00Z,2013-01-01T00:00:00Z
http://www.wikidata.org/entity/Q3174243,http://www.wikidata.org/entity/Q2693,0.0,2013-01-01T00:00:00Z,2014-01-01T00:00:00Z
http://www.wikidata.org/entity/Q3180331,http://www.wikidata.org/entity/Q631,0.0,2011-01-01T00:00:00Z,2016-01-01T00:00:00Z
http://www.wikidata.org/entity/Q4599,http://www.wikidata.org/entity/Q2641,180.0,2013-01-01T00:00:00Z,2019-07-01T00:00:00Z
http://www.wikidata.org/entity/Q127669,http://www.wikidata.org/entity/Q2674,33.0,2001-01-01T00:00:00Z,2003-01-01T00:00:00Z
http://www.wikidata.org/entity/Q127669,http://www.wikidata.org/entity/Q2037,157.0,1994-01-01T00:00:00Z,2001-01-01T00:00:00Z
http://www.wikidata.org/entity/Q1279762,http://www.wikidata.org/entity/Q2052,9.0,2007-01-01T00:00:00Z,2012-01-01T00:00:00Z
http://www.wikidata.org/entity/Q1279762,http://www.wikidata.org/entity/Q2037,1.0,2012-01-01T00:00:00Z,2012-01-01T00:00:00Z
http://www.wikidata.org/entity/Q1279762,http://www.wikidata.org/entity/Q1457,0.0,2008-01-01T00:00:00Z,2008-01-01T00:00:00Z
http://www.wikidata.org/entity/Q1279846,http://www.wikidata.org/entity/Q2018,148.0,2009-01-01T00:00:00Z,2015-01-01T00:00:00Z
http://www.wikidata.org/entity/Q1279869,http://www.wikidata.org/entity/Q2018,89.0,2012-01-01T00:00:00Z,2015-01-01T00:00:00Z
http://www.wikidata.org/entity/Q1279879,http://www.wikidata.org/entity/Q2018,86.0,2009-01-01T00:00:00Z,2013-01-01T00:00:00Z
http://www.wikidata.org/entity/Q1283439,http://www.wikidata.org/entity/Q1900,18.0,2015-01-01T00:00:00Z,2017-08-01T00:00:00Z
http://www.wikidata.org/entity/Q128725,http://www.wikidata.org/entity/Q1893,17.0,2004-01-01T00:00:00Z,2004-06-01T00:00:00Z
http://www.wikidata.org/entity/Q128725,http://www.wikidata.org/entity/Q2693,67.0,2001-01-01T00:00:00Z,2004-01-01T00:00:00Z
http://www.wikidata.org/entity/Q128725,http://www.wikidata.org/entity/Q2052,20.0,2004-07-01T00:00:00Z,2006-01-01T00:00:00Z
http://www.wikidata.org/entity/Q128920,http://www.wikidata.org/entity/Q1457,22.0,2015-01-01T00:00:00Z,2016-01-01T00:00:00Z
http://www.wikidata.org/entity/Q129027,http://www.wikidata.org/entity/Q1422,8.0,2022-07-11T00:00:00Z,2024-12-01T00:00:00Z
http://www.wikidata.org/entity/Q129027,http://www.wikidata.org/entity/Q1422,124.0,2012-01-01T00:00:00Z,2016-01-01T00:00:00Z
http://www.wikidata.org/entity/Q129101,http://www.wikidata.org/entity/Q631,13.0,2023-01-01T00:00:00Z,2024-01-01T00:00:00Z
http://www.wikidata.org/entity/Q129333,http://www.wikidata.org/entity/Q631,6.0,2012-01-01T00:00:00Z,2014-01-01T00:00:00Z
http://www.wikidata.org/entity/Q129700,http://www.wikidata.org/entity/Q1543,20.0,2015-01-01T00:00:00Z,2016-01-01T00:00:00Z
http://www.wikidata.org/entity/Q129700,http://www.wikidata.org/entity/Q1543,43.0,2013-01-31T00:00:00Z,2014-01-01T00:00:00Z
http://www.wikidata.org/entity/Q129700,http://www.wikidata.org/entity/Q631,59.0,2007-01-01T00:00:00Z,2010-01-01T00:00:00Z
http://www.wikidata.org/entity/Q129700,http://www.wikidata.org/entity/Q2074,6.0,2024-10-28T00:00:00Z,2025-01-01T00:00:00Z
http://www.wikidata.org/entity/Q129736,http://www.wikidata.org/entity/Q2052,15.0,2013-01-01T00:00:00Z,2014-01-01T00:00:00Z
http://www.wikidata.org/entity/Q129816,http://www.wikidata.org/entity/Q1457,47.0,2013-01-01T00:00:00Z,2015-01-01T00:00:00Z
http://www.wikidata.org/entity/Q129816,http://www.wikidata.org/entity/Q1422,0.0,2012-01-01T00:00:00Z,2013-01-01T00:00:00Z
http://www.wikidata.org/entity/Q129816,http://www.wikidata.org/entity/Q1886,25.0,2009-01-01T00:00:00Z,2012-01-01T00:00:00Z
http://www.wikidata.org/entity/Q129816,http://www.wikidata.org/entity/Q1893,30.0,2012-01-01T00:00:00Z,2013-01-01T00:00:00Z
http://www.wikidata.org/entity/Q1302822,http://www.wikidata.org/entity/Q2018,8.0,2008-01-01T00:00:00Z,2008-01-01T00:00:00Z
http://www.wikidata.org/entity/Q1302822,http://www.wikidata.org/entity/Q2641,79.0,2005-01-01T00:00:00Z,2010-01-01T00:00:00Z
http://www.wikidata.org/entity/Q1302822,http://www.wikidata.org/entity/Q1886,33.0,2001-01-01T00:00:00Z,2005-01-01T00:00:00Z
http://www.wikidata.org/entity/Q130593,http://www.wikidata.org/entity/Q2693,18.0,2006-01-01T00:00:00Z,2007-01-01T00:00:00Z
http://www.wikidata.org/entity/Q130593,http://www.wikidata.org/entity/Q2710,14.0,2011-01-01T00:00:00Z,2014-01-01T00:00:00Z
http://www.wikidata.org/entity/Q130593,http://www.wikidata.org/entity/Q2641,69.0,1999-01-01T00:00:00Z,2003-01-01T00:00:00Z
http://www.wikidata.org/entity/Q1308309,http://www.wikidata.org/entity/Q1886,20.0,2007-01-01T00:00:00Z,2008-01-01T00:00:00Z
http://www.wikidata.org/entity/Q1308309,http://www.wikidata.org/entity/Q2609,39.0,2005-01-01T00:00:00Z,2009-01-01T00:00:00Z
http://www.wikidata.org/entity/Q1308309,http://www.wikidata.org/entity/Q1893,6.0,2009-01-01T00:00:00Z,2009-01-01T00:00:00Z
http://www.wikidata.org/entity/Q1317639,http://www.wikidata.org/entity/Q2052,18.0,2002-01-01T00:00:00Z,2003-01-01T00:00:00Z
http://www.wikidata.org/entity/Q1317639,http://www.wikidata.org/entity/Q2018,47.0,2000-01-01T00:00:00Z,2002-01-01T00:00:00Z
http://www.wikidata.org/entity/Q1318037,http://www.wikidata.org/entity/Q2052,1.0,2000-01-01T00:00:00Z,2002-01-01T00:00:00Z
http://www.wikidata.org/entity/Q1318037,http://www.wikidata.org/entity/Q1422,0.0,2004-01-01T00:00:00Z,2006-01-01T00:00:00Z
http://www.wikidata.org/entity/Q1319613,http://www.wikidata.org/entity/Q2074,0.0,2003-01-01T00:00:00Z,2005-01-01T00:00:00Z
http://www.wikidata.org/entity/Q1320159,http://www.wikidata.org/entity/Q1900,0.0,2009-01-01T00:00:00Z,2010-01-01T00:00:00Z
http://www.wikidata.org/entity/Q100740623,http://www.wikidata.org/entity/Q1893,0.0,2025-07-01T00:00:00Z,
http://www.wikidata.org/entity/Q12984,http://www.wikidata.org/entity/Q2074,0.0,2026-09-02T00:00:00Z,
http://www.wikidata.org/entity/Q1003315,http://www.wikidata.org/entity/Q2018,105.0,2011-01-01T00:00:00Z,2015-01-01T00:00:00Z
http://www.wikidata.org/entity/Q1003315,http://www.wikidata.org/entity/Q2693,22.0,2014-01-01T00:00:00Z,2015-01-01T00:00:00Z
http://www.wikidata.org/entity/Q1003315,http://www.wikidata.org/entity/Q2074,9.0,2013-01-01T00:00:00Z,2014-01-01T00:00:00Z
http://www.wikidata.org/entity/Q101527892,http://www.wikidata.org/entity/Q2074,0.0,2018-07-01T00:00:00Z,2022-07-01T00:00:00Z
http://www.wikidata.org/entity/Q102027,http://www.wikidata.org/entity/Q631,50.0,2002-01-01T00:00:00Z,2004-01-01T00:00:00Z
http://www.wikidata.org/entity/Q102027,http://www.wikidata.org/entity/Q2693,212.0,1995-01-01T00:00:00Z,2002-01-01T00:00:00Z
http://www.wikidata.org/entity/Q102027,http://www.wikidata.org/entity/Q1422,74.0,2004-01-01T00:00:00Z,2006-01-01T00:00:00Z
http://www.wikidata.org/entity/Q102027,http://www.wikidata.org/entity/Q1422,27.0,2009-01-01T00:00:00Z,2010-01-01T00:00:00Z
http://www.wikidata.org/entity/Q1026721,http://www.wikidata.org/entity/Q1893,38.0,2014-01-01T00:00:00Z,2015-01-01T00:00:00Z
http://www.wikidata.org/entity/Q1026721,http://www.wikidata.org/entity/Q2052,3.0,2008-01-01T00:00:00Z,2008-01-01T00:00:00Z
http://www.wikidata.org/entity/Q1027268,http://www.wikidata.org/entity/Q631,3.0,2012-01-01T00:00:00Z,2013-01-01T00:00:00Z
http://www.wikidata.org/entity/Q1027292,http://www.wikidata.org/entity/Q631,2.0,2012-01-01T00:00:00Z,2017-01-01T00:00:00Z
http://www.wikidata.org/entity/Q1027514,http://www.wikidata.org/entity/Q631,4.0,2012-01-01T00:00:00Z,2013-01-01T00:00:00Z
http://www.wikidata.org/entity/Q1029247,http://www.wikidata.org/entity/Q1543,1.0,2010-01-01T00:00:00Z,2011-01-01T00:00:00Z
http://www.wikidata.org/entity/Q1029247,http://www.wikidata.org/entity/Q2074,0.0,2010-01-01T00:00:00Z,2014-01-01T00:00:00Z
http://www.wikidata.org/entity/Q1031999,http://www.wikidata.org/entity/Q1900,53.0,2011-01-01T00:00:00Z,2013-01-01T00:00:00Z
http://www.wikidata.org/entity/Q1032597,http://www.wikidata.org/entity/Q1457,16.0,2015-01-01T00:00:00Z,2015-06-01T00:00:00Z
http://www.wikidata.org/entity/Q10336682,http://www.wikidata.org/entity/Q2052,0.0,2007-01-01T00:00:00Z,2012-01-01T00:00:00Z
http://www.wikidata.org/entity/Q10379615,http://www.wikidata.org/entity/Q631,1.0,2006-01-01T00:00:00Z,2007-01-01T00:00:00Z
http://www.wikidata.org/entity/Q10393375,http://www.wikidata.org/entity/Q2037,1.0,2007-01-01T00:00:00Z,2007-01-01T00:00:00Z
http://www.wikidata.org/entity/Q1044458,http://www.wikidata.org/entity/Q2710,98.0,2011-01-01T00:00:00Z,2014-01-01T00:00:00Z
http://www.wikidata.org/entity/Q1044589,http://www.wikidata.org/entity/Q1886,17.0,1998-01-01T00:00:00Z,2000-01-01T00:00:00Z
http://www.wikidata.org/entity/Q104706462,http://www.wikidata.org/entity/Q2018,5.0,2015-07-01T00:00:00Z,2019-07-01T00:00:00Z
http://www.wikidata.org/entity/Q10473823,http://www.wikidata.org/entity/Q2074,0.0,2009-01-01T00:00:00Z,2010-01-01T00:00:00Z
http://www.wikidata.org/entity/Q104759343,http://www.wikidata.org/entity/Q2710,7.0,2019-07-01T00:00:00Z,2023-07-01T00:00:00Z
http://www.wikidata.org/entity/Q129796620,http://www.wikidata.org/entity/Q2074,6.0,2024-01-01T00:00:00Z,2025-01-01T00:00:00Z
http://www.wikidata.org/entity/Q19365,http://www.wikidata.org/entity/Q2693,0.0,2025-01-01T00:00:00Z,2026-01-01T00:00:00Z
http://www.wikidata.org/entity/Q18128608,http://www.wikidata.org/entity/Q1543,0.0,2014-01-01T00:00:00Z,2015-01-01T00:00:00Z
http://www.wikidata.org/entity/Q18129457,http://www.wikidata.org/entity/Q2074,0.0,2013-01-01T00:00:00Z,2019-01-01T00:00:00Z
http://www.wikidata.org/entity/Q18129457,http://www.wikidata.org/entity/Q2074,0.0,2020-01-01T00:00:00Z,2021-07-01T00:00:00Z
http://www.wikidata.org/entity/Q18156147,http://www.wikidata.org/entity/Q2074,7.0,2024-07-30T00:00:00Z,2025-01-23T00:00:00Z
http://www.wikidata.org/entity/Q1869684,http://www.wikidata.org/entity/Q1900,6.0,2001-01-01T00:00:00Z,2003-01-01T00:00:00Z
http://www.wikidata.org/entity/Q1869684,http://www.wikidata.org/entity/Q2018,14.0,2003-01-01T00:00:00Z,2003-01-01T00:00:00Z
http://www.wikidata.org/entity/Q1869684,http://www.wikidata.org/entity/Q2074,11.0,2003-01-01T00:00:00Z,2004-01-01T00:00:00Z
http://www.wikidata.org/entity/Q1870235,http://www.wikidata.org/entity/Q2710,16.0,2008-01-01T00:00:00Z,2010-01-01T00:00:00Z
http://www.wikidata.org/entity/Q187171,http://www.wikidata.org/entity/Q1422,118.0,2015-01-01T00:00:00Z,2020-01-01T00:00:00Z
http://www.wikidata.org/entity/Q187171,http://www.wikidata.org/entity/Q1543,10.0,2021-01-01T00:00:00Z,2021-06-01T00:00:00Z
http://www.wikidata.org/entity/Q1872075,http://www.wikidata.org/entity/Q1886,22.0,2001-01-01T00:00:00Z,2002-01-01T00:00:00Z
http://www.wikidata.org/entity/Q1872075,http://www.wikidata.org/entity/Q1457,40.0,2002-01-01T00:00:00Z,2006-01-01T00:00:00Z
http://www.wikidata.org/entity/Q1872075,http://www.wikidata.org/entity/Q631,1.0,2000-01-01T00:00:00Z,2001-01-01T00:00:00Z
http://www.wikidata.org/entity/Q1872075,http://www.wikidata.org/entity/Q1886,20.0,1998-01-01T00:00:00Z,2000-01-01T00:00:00Z
http://www.wikidata.org/entity/Q1872434,http://www.wikidata.org/entity/Q2641,1.0,2011-01-01T00:00:00Z,2015-01-01T00:00:00Z
http://www.wikidata.org/entity/Q1872434,http://www.wikidata.org/entity/Q1893,8.0,2006-01-01T00:00:00Z,2010-01-01T00:00:00Z
http://www.wikidata.org/entity/Q1872434,http://www.wikidata.org/entity/Q1543,0.0,1994-01-01T00:00:00Z,2000-01-01T00:00:00Z
http://www.wikidata.org/entity/Q1872532,http://www.wikidata.org/entity/Q2609,12.0,2000-01-01T00:00:00Z,2004-01-01T00:00:00Z
http://www.wikidata.org/entity/Q1872532,http://www.wikidata.org/entity/Q631,56.0,1998-01-01T00:00:00Z,2000-01-01T00:00:00Z
http://www.wikidata.org/entity/Q1872817,http://www.wikidata.org/entity/Q1543,13.0,2000-01-01T00:00:00Z,2001-01-01T00:00:00Z
http://www.wikidata.org/entity/Q1872817,http://www.wikidata.org/entity/Q1886,48.0,2001-01-01T00:00:00Z,2005-01-01T00:00:00Z
http://www.wikidata.org/entity/Q1872817,http://www.wikidata.org/entity/Q2074,10.0,2004-01-01T00:00:00Z,2004-01-01T00:00:00Z
http://www.wikidata.org/entity/Q1873302,http://www.wikidata.org/entity/Q2052,72.0,2008-01-01T00:00:00Z,2011-01-01T00:00:00Z
http://www.wikidata.org/entity/Q1873302,http://www.wikidata.org/entity/Q2052,15.0,2003-01-01T00:00:00Z,2003-01-01T00:00:00Z
http://www.wikidata.org/entity/Q1873751,http://www.wikidata.org/entity/Q2609,2.0,1998-01-01T00:00:00Z,2003-01-01T00:00:00Z
http://www.wikidata.org/entity/Q1873751,http://www.wikidata.org/entity/Q2037,0.0,2007-01-01T00:00:00Z,2007-01-01T00:00:00Z
http://www.wikidata.org/entity/Q1873751,http://www.wikidata.org/entity/Q2018,12.0,2003-01-01T00:00:00Z,2004-01-01T00:00:00Z
http://www.wikidata.org/entity/Q1873932,http://www.wikidata.org/entity/Q1886,193.0,2006-01-01T00:00:00Z,2014-01-01T00:00:00Z
http://www.wikidata.org/entity/Q1874047,http://www.wikidata.org/entity/Q1893,0.0,2003-01-01T00:00:00Z,2004-01-01T00:00:00Z
http://www.wikidata.org/entity/Q1874096,http://www.wikidata.org/entity/Q2641,15.0,2005-01-01T00:00:00Z,2005-01-01T00:00:00Z
http://www.wikidata.org/entity/Q187450,http://www.wikidata.org/entity/Q1543,14.0,2008-01-01T00:00:00Z,2009-01-01T00:00:00Z
http://www.wikidata.org/entity/Q187457,http://www.wikidata.org/entity/Q1543,38.0,2005-01-01T00:00:00Z,2009-01-01T00:00:00Z
http://www.wikidata.org/entity/Q1874836,http://www.wikidata.org/entity/Q1900,30.0,2005-01-01T00:00:00Z,2007-01-01T00:00:00Z
http://www.wikidata.org/entity/Q1875597,http://www.wikidata.org/entity/Q2609,0.0,1998-01-01T00:00:00Z,1999-01-01T00:00:00Z
http://www.wikidata.org/entity/Q1875903,http://www.wikidata.org/entity/Q631,1.0,2002-01-01T00:00:00Z,2006-01-01T00:00:00Z
http://www.wikidata.org/entity/Q1875903,http://www.wikidata.org/entity/Q2693,0.0,2013-01-01T00:00:00Z,2015-01-01T00:00:00Z
http://www.wikidata.org/entity/Q1875926,http://www.wikidata.org/entity/Q2074,37.0,2003-01-01T00:00:00Z,2004-01-01T00:00:00Z
http://www.wikidata.org/entity/Q1875926,http://www.wikidata.org/entity/Q2018,90.0,2000-01-01T00:00:00Z,2003-01-01T00:00:00Z
http://www.wikidata.org/entity/Q1875926,http://www.wikidata.org/entity/Q631,0.0,1999-01-01T00:00:00Z,2003-01-01T00:00:00Z
http://www.wikidata.org/entity/Q1875926,http://www.wikidata.org/entity/Q1543,0.0,1998-01-01T00:00:00Z,1999-01-01T00:00:00Z
http://www.wikidata.org/entity/Q1404612,http://www.wikidata.org/entity/Q2052,7.0,2001-01-01T00:00:00Z,2002-01-01T00:00:00Z
http://www.wikidata.org/entity/Q1404677,http://www.wikidata.org/entity/Q1457,15.0,2011-01-01T00:00:00Z,2012-01-01T00:00:00Z
http://www.wikidata.org/entity/Q1404677,http://www.wikidata.org/entity/Q2037,96.0,2006-01-01T00:00:00Z,2015-01-01T00:00:00Z
http://www.wikidata.org/entity/Q1404711,http://www.wikidata.org/entity/Q2674,13.0,2010-01-01T00:00:00Z,2013-01-01T00:00:00Z
http://www.wikidata.org/entity/Q1405209,http://www.wikidata.org/entity/Q1886,0.0,2005-01-01T00:00:00Z,2009-01-01T00:00:00Z
http://www.wikidata.org/entity/Q1406100,http://www.wikidata.org/entity/Q2710,30.0,2013-01-01T00:00:00Z,2014-01-01T00:00:00Z
http://www.wikidata.org/entity/Q1406147,http://www.wikidata.org/entity/Q2693,21.0,2011-01-01T00:00:00Z,2013-01-01T00:00:00Z
http://www.wikidata.org/entity/Q1406413,http://www.wikidata.org/entity/Q1543,0.0,2004-01-01T00:00:00Z,2005-01-01T00:00:00Z
http://www.wikidata.org/entity/Q1411105,http://www.wikidata.org/entity/Q631,0.0,2000-01-01T00:00:00Z,2000-01-01T00:00:00Z
http://www.wikidata.org/entity/Q1413611,http://www.wikidata.org/entity/Q2037,73.0,2018-01-01T00:00:00Z,2021-01-01T00:00:00Z
http://www.wikidata.org/entity/Q1413611,http://www.wikidata.org/entity/Q2609,68.0,2014-01-01T00:00:00Z,2018-01-01T00:00:00Z
http://www.wikidata.org/entity/Q1413958,http://www.wikidata.org/entity/Q2710,62.0,2009-01-01T00:00:00Z,2012-01-01T00:00:00Z
http://www.wikidata.org/entity/Q141604,http://www.wikidata.org/entity/Q2037,22.0,2008-01-01T00:00:00Z,2009-01-01T00:00:00Z
http://www.wikidata.org/entity/Q141604,http://www.wikidata.org/entity/Q1900,136.0,2002-01-01T00:00:00Z,2007-01-01T00:00:00Z
http://www.wikidata.org/entity/Q141604,http://www.wikidata.org/entity/Q1886,27.0,2007-01-01T00:00:00Z,2008-01-01T00:00:00Z
http://www.wikidata.org/entity/Q1440840,http://www.wikidata.org/entity/Q1893,16.0,2015-01-01T00:00:00Z,2015-01-01T00:00:00Z
http://www.wikidata.org/entity/Q1440840,http://www.wikidata.org/entity/Q1457,82.0,2011-01-01T00:00:00Z,2015-01-01T00:00:00Z
http://www.wikidata.org/entity/Q1441267,http://www.wikidata.org/entity/Q2074,2.0,2002-01-01T00:00:00Z,2004-01-01T00:00:00Z
http://www.wikidata.org/entity/Q1441267,http://www.wikidata.org/entity/Q1422,0.0,2004-01-01T00:00:00Z,2006-01-01T00:00:00Z
http://www.wikidata.org/entity/Q1442554,http://www.wikidata.org/entity/Q1886,23.0,2013-01-01T00:00:00Z,2014-01-01T00:00:00Z
http://www.wikidata.org/entity/Q1442554,http://www.wikidata.org/entity/Q2674,14.0,2012-01-01T00:00:00Z,2013-01-01T00:00:00Z
http://www.wikidata.org/entity/Q1442554,http://www.wikidata.org/entity/Q2674,168.0,2000-01-01T00:00:00Z,2008-01-01T00:00:00Z
http://www.wikidata.org/entity/Q14469024,http://www.wikidata.org/entity/Q2037,3.0,2020-01-01T00:00:00Z,2020-09-01T00:00:00Z
http://www.wikidata.org/entity/Q1465748,http://www.wikidata.org/entity/Q2074,0.0,2001-01-01T00:00:00Z,2002-01-01T00:00:00Z
http://www.wikidata.org/entity/Q108491198,http://www.wikidata.org/entity/Q1422,90.0,2022-01-31T00:00:00Z,
http://www.wikidata.org/entity/Q108616460,http://www.wikidata.org/entity/Q2641,17.0,2020-01-01T00:00:00Z,
http://www.wikidata.org/entity/Q108691113,http://www.wikidata.org/entity/Q2074,54.0,2020-01-01T00:00:00Z,
http://www.wikidata.org/entity/Q109184766,http://www.wikidata.org/entity/Q1886,104.0,2021-01-01T00:00:00Z,
http://www.wikidata.org/entity/Q18962,http://www.wikidata.org/entity/Q1543,29.0,2025-08-01T00:00:00Z,
http://www.wikidata.org/entity/Q10407352,http://www.wikidata.org/entity/Q631,0.0,2003-01-01T00:00:00Z,2006-01-01T00:00:00Z
http://www.wikidata.org/entity/Q10410334,http://www.wikidata.org/entity/Q2018,12.0,2015-01-01T00:00:00Z,2015-01-01T00:00:00Z
http://www.wikidata.org/entity/Q10410334,http://www.wikidata.org/entity/Q631,0.0,2002-01-01T00:00:00Z,2008-01-01T00:00:00Z
http://www.wikidata.org/entity/Q10410334,http://www.wikidata.org/entity/Q2052,12.0,2001-01-01T00:00:00Z,2002-01-01T00:00:00Z
http://www.wikidata.org/entity/Q10423037,http://www.wikidata.org/entity/Q2693,2.0,2007-01-01T00:00:00Z,2008-01-01T00:00:00Z
http://www.wikidata.org/entity/Q10423037,http://www.wikidata.org/entity/Q2037,0.0,2004-01-01T00:00:00Z,2004-01-01T00:00:00Z
http://www.wikidata.org/entity/Q1044792,http://www.wikidata.org/entity/Q2641,22.0,1999-01-01T00:00:00Z,2000-01-01T00:00:00Z
http://www.wikidata.org/entity/Q10500459,http://www.wikidata.org/entity/Q2693,0.0,2000-01-01T00:00:00Z,2000-01-01T00:00:00Z
http://www.wikidata.org/entity/Q10500459,http://www.wikidata.org/entity/Q1543,0.0,1998-01-01T00:00:00Z,2000-01-01T00:00:00Z
http://www.wikidata.org/entity/Q10500459,http://www.wikidata.org/entity/Q2710,28.0,2002-01-01T00:00:00Z,2003-01-01T00:00:00Z
http://www.wikidata.org/entity/Q10500753,http://www.wikidata.org/entity/Q2710,12.0,2015-01-01T00:00:00Z,2015-01-01T00:00:00Z
http://www.wikidata.org/entity/Q10504354,http://www.wikidata.org/entity/Q1543,0.0,1998-01-01T00:00:00Z,1999-01-01T00:00:00Z
http://www.wikidata.org/entity/Q10504910,http://www.wikidata.org/entity/Q1893,6.0,2011-01-01T00:00:00Z,2015-01-01T00:00:00Z
http://www.wikidata.org/entity/Q10504910,http://www.wikidata.org/entity/Q2693,1.0,2010-01-01T00:00:00Z,2011-01-01T00:00:00Z
http://www.wikidata.org/entity/Q10505052,http://www.wikidata.org/entity/Q2037,1.0,2008-01-01T00:00:00Z,2015-01-01T00:00:00Z
http://www.wikidata.org/entity/Q10505156,http://www.wikidata.org/entity/Q1422,0.0,2009-01-01T00:00:00Z,2010-01-01T00:00:00Z
http://www.wikidata.org/entity/Q10505439,http://www.wikidata.org/entity/Q2037,0.0,2010-01-01T00:00:00Z,2010-01-01T00:00:00Z
http://www.wikidata.org/entity/Q10505439,http://www.wikidata.org/entity/Q2674,1.0,2000-01-01T00:00:00Z,2002-01-01T00:00:00Z
http://www.wikidata.org/entity/Q10505460,http://www.wikidata.org/entity/Q2609,0.0,2007-01-01T00:00:00Z,2009-01-01T00:00:00Z
http://www.wikidata.org/entity/Q10513514,http://www.wikidata.org/entity/Q631,0.0,2010-01-01T00:00:00Z,2012-01-01T00:00:00Z
http://www.wikidata.org/entity/Q10513615,http://www.wikidata.org/entity/Q2037,0.0,2006-01-01T00:00:00Z,2007-01-01T00:00:00Z
http://www.wikidata.org/entity/Q10513629,http://www.wikidata.org/entity/Q631,0.0,2008-01-01T00:00:00Z,2009-01-01T00:00:00Z
http://www.wikidata.org/entity/Q10516779,http://www.wikidata.org/entity/Q2609,0.0,2009-01-01T00:00:00Z,2011-01-01T00:00:00Z
http://www.wikidata.org/entity/Q10521567,http://www.wikidata.org/entity/Q1457,0.0,2003-01-01T00:00:00Z,2004-01-01T00:00:00Z
http://www.wikidata.org/entity/Q10522113,http://www.wikidata.org/entity/Q2074,50.0,2003-01-01T00:00:00Z,2006-01-01T00:00:00Z
http://www.wikidata.org/entity/Q10525576,http://www.wikidata.org/entity/Q2037,1.0,1995-01-01T00:00:00Z,2000-01-01T00:00:00Z
http://www.wikidata.org/entity/Q10529418,http://www.wikidata.org/entity/Q2052,0.0,2009-01-01T00:00:00Z,2012-01-01T00:00:00Z
http://www.wikidata.org/entity/Q10533601,http://www.wikidata.org/entity/Q1900,0.0,2012-01-01T00:00:00Z,2012-01-01T00:00:00Z
http://www.wikidata.org/entity/Q10539605,http://www.wikidata.org/entity/Q2674,0.0,2008-01-01T00:00:00Z,2010-01-01T00:00:00Z
http://www.wikidata.org/entity/Q1054522,http://www.wikidata.org/entity/Q2609,1.0,2009-01-01T00:00:00Z,2011-01-01T00:00:00Z
http://www.wikidata.org/entity/Q10545642,http://www.wikidata.org/entity/Q2710,16.0,2014-01-01T00:00:00Z,2015-01-01T00:00:00Z
http://www.wikidata.org/entity/Q10545642,http://www.wikidata.org/entity/Q2710,16.0,2014-01-01T00:00:00Z,2014-01-01T00:00:00Z
http://www.wikidata.org/entity/Q10546104,http://www.wikidata.org/entity/Q2693,0.0,2012-01-01T00:00:00Z,2015-01-01T00:00:00Z
http://www.wikidata.org/entity/Q10547100,http://www.wikidata.org/entity/Q631,0.0,2008-01-01T00:00:00Z,2012-01-01T00:00:00Z
http://www.wikidata.org/entity/Q10554839,http://www.wikidata.org/entity/Q631,0.0,2012-01-01T00:00:00Z,2013-01-01T00:00:00Z
http://www.wikidata.org/entity/Q10555888,http://www.wikidata.org/entity/Q2710,8.0,2008-01-01T00:00:00Z,2008-01-01T00:00:00Z
http://www.wikidata.org/entity/Q10557299,http://www.wikidata.org/entity/Q2693,2.0,2013-01-01T00:00:00Z,2015-01-01T00:00:00Z
http://www.wikidata.org/entity/Q1056336,http://www.wikidata.org/entity/Q1886,95.0,2000-01-01T00:00:00Z,2007-01-01T00:00:00Z
http://www.wikidata.org/entity/Q1060370,http://www.wikidata.org/entity/Q2037,17.0,2006-01-01T00:00:00Z,2008-01-01T00:00:00Z
http://www.wikidata.org/entity/Q1060370,http://www.wikidata.org/entity/Q2693,1.0,2003-01-01T00:00:00Z,2003-01-01T00:00:00Z
http://www.wikidata.org/entity/Q1060370,http://www.wikidata.org/entity/Q2674,182.0,1994-01-01T00:00:00Z,2003-01-01T00:00:00Z
http://www.wikidata.org/entity/Q1069456,http://www.wikidata.org/entity/Q2074,55.0,1997-01-01T00:00:00Z,1999-01-01T00:00:00Z
http://www.wikidata.org/entity/Q107051,http://www.wikidata.org/entity/Q2037,29.0,2003-01-01T00:00:00Z,2004-01-01T00:00:00Z
http://www.wikidata.org/entity/Q107051,http://www.wikidata.org/entity/Q2674,142.0,2004-01-01T00:00:00Z,2008-01-01T00:00:00Z
http://www.wikidata.org/entity/Q107051,http://www.wikidata.org/entity/Q1422,206.0,2011-01-01T00:00:00Z,2019-06-01T00:00:00Z
http://www.wikidata.org/entity/Q1074540,http://www.wikidata.org/entity/Q2693,10.0,2005-01-01T00:00:00Z,2008-01-01T00:00:00Z
http://www.wikidata.org/entity/Q1075016,http://www.wikidata.org/entity/Q1886,31.0,2010-01-01T00:00:00Z,2011-01-01T00:00:00Z
http://www.wikidata.org/entity/Q1075016,http://www.wikidata.org/entity/Q2693,16.0,2002-01-01T00:00:00Z,2006-01-01T00:00:00Z
http://www.wikidata.org/entity/Q1075865,http://www.wikidata.org/entity/Q2074,5.0,2001-01-01T00:00:00Z,2001-01-01T00:00:00Z
http://www.wikidata.org/entity/Q1076352,http://www.wikidata.org/entity/Q2018,13.0,2015-01-01T00:00:00Z,2015-01-01T00:00:00Z
http://www.wikidata.org/entity/Q1076352,http://www.wikidata.org/entity/Q2693,1.0,2009-01-01T00:00:00Z,2012-01-01T00:00:00Z
http://www.wikidata.org/entity/Q1076352,http://www.wikidata.org/entity/Q2074,95.0,2005-01-01T00:00:00Z,2008-01-01T00:00:00Z
http://www.wikidata.org/entity/Q1077370,http://www.wikidata.org/entity/Q1422,4.0,2007-01-01T00:00:00Z,2008-01-01T00:00:00Z
http://www.wikidata.org/entity/Q1079931,http://www.wikidata.org/entity/Q2074,11.0,2006-01-01T00:00:00Z,2007-01-01T00:00:00Z
http://www.wikidata.org/entity/Q108114747,http://www.wikidata.org/entity/Q1893,79.0,2024-01-01T00:00:00Z,2026-01-01T00:00:00Z
http://www.wikidata.org/entity/Q1081386,http://www.wikidata.org/entity/Q2018,1.0,2005-01-01T00:00:00Z,2005-01-01T00:00:00Z
http://www.wikidata.org/entity/Q1081386,http://www.wikidata.org/entity/Q2018,1.0,2005-01-01T00:00:00Z,2006-01-01T00:00:00Z
http://www.wikidata.org/entity/Q108200391,http://www.wikidata.org/entity/Q2074,25.0,2024-01-01T00:00:00Z,2025-01-01T00:00:00Z
http://www.wikidata.org/entity/Q108200391,http://www.wikidata.org/entity/Q2074,29.0,2023-01-01T00:00:00Z,2024-01-01T00:00:00Z
http://www.wikidata.org/entity/Q1082092,http://www.wikidata.org/entity/Q2710,11.0,2012-01-01T00:00:00Z,2013-01-01T00:00:00Z
http://www.wikidata.org/entity/Q1082123,http://www.wikidata.org/entity/Q1886,1.0,2006-01-01T00:00:00Z,2006-01-01T00:00:00Z
http://www.wikidata.org/entity/Q1082123,http://www.wikidata.org/entity/Q1886,1.0,2008-01-01T00:00:00Z,2011-01-01T00:00:00Z
http://www.wikidata.org/entity/Q108616460,http://www.wikidata.org/entity/Q2074,31.0,2024-01-01T00:00:00Z,2025-06-30T00:00:00Z
http://www.wikidata.org/entity/Q109255453,http://www.wikidata.org/entity/Q2609,88.0,2022-07-01T00:00:00Z,2026-07-01T00:00:00Z
http://www.wikidata.org/entity/Q26522,http://www.wikidata.org/entity/Q1457,16.0,2025-01-01T00:00:00Z,2025-01-01T00:00:00Z
http://www.wikidata.org/entity/Q14831282,http://www.wikidata.org/entity/Q2641,223.0,2019-01-01T00:00:00Z,
http://www.wikidata.org/entity/Q1131690,http://www.wikidata.org/entity/Q2693,15.0,1998-01-01T00:00:00Z,2001-01-01T00:00:00Z
http://www.wikidata.org/entity/Q1466230,http://www.wikidata.org/entity/Q1900,57.0,2003-01-01T00:00:00Z,2005-01-01T00:00:00Z
http://www.wikidata.org/entity/Q1466614,http://www.wikidata.org/entity/Q2074,19.0,2000-01-01T00:00:00Z,2002-01-01T00:00:00Z
http://www.wikidata.org/entity/Q1466614,http://www.wikidata.org/entity/Q2018,18.0,2002-01-01T00:00:00Z,2002-01-01T00:00:00Z
http://www.wikidata.org/entity/Q146907,http://www.wikidata.org/entity/Q1422,122.0,2016-01-01T00:00:00Z,2020-08-01T00:00:00Z
http://www.wikidata.org/entity/Q147124,http://www.wikidata.org/entity/Q2641,0.0,2000-01-01T00:00:00Z,2001-01-01T00:00:00Z
http://www.wikidata.org/entity/Q14759036,http://www.wikidata.org/entity/Q2609,2.0,2013-01-01T00:00:00Z,2014-01-01T00:00:00Z
http://www.wikidata.org/entity/Q14774514,http://www.wikidata.org/entity/Q2037,2.0,2012-01-01T00:00:00Z,2013-01-01T00:00:00Z
http://www.wikidata.org/entity/Q14774514,http://www.wikidata.org/entity/Q2710,8.0,2014-01-01T00:00:00Z,2015-01-01T00:00:00Z
http://www.wikidata.org/entity/Q1488005,http://www.wikidata.org/entity/Q1900,2.0,2007-01-01T00:00:00Z,2010-01-01T00:00:00Z
http://www.wikidata.org/entity/Q1488005,http://www.wikidata.org/entity/Q1900,0.0,2011-01-01T00:00:00Z,2012-01-01T00:00:00Z
http://www.wikidata.org/entity/Q1488322,http://www.wikidata.org/entity/Q1893,33.0,2010-01-01T00:00:00Z,2011-01-01T00:00:00Z
http://www.wikidata.org/entity/Q1489495,http://www.wikidata.org/entity/Q2074,73.0,2002-01-01T00:00:00Z,2005-01-01T00:00:00Z
http://www.wikidata.org/entity/Q1489495,http://www.wikidata.org/entity/Q1886,101.0,1997-01-01T00:00:00Z,2000-01-01T00:00:00Z
http://www.wikidata.org/entity/Q1489511,http://www.wikidata.org/entity/Q1457,15.0,2005-01-01T00:00:00Z,2012-01-01T00:00:00Z
http://www.wikidata.org/entity/Q1489511,http://www.wikidata.org/entity/Q1457,11.0,2014-01-01T00:00:00Z,2015-01-01T00:00:00Z
http://www.wikidata.org/entity/Q1136815,http://www.wikidata.org/entity/Q2710,7.0,1999-01-01T00:00:00Z,2000-01-01T00:00:00Z
http://www.wikidata.org/entity/Q1140277,http://www.wikidata.org/entity/Q2710,11.0,2011-01-01T00:00:00Z,2011-01-01T00:00:00Z
http://www.wikidata.org/entity/Q1140277,http://www.wikidata.org/entity/Q1900,10.0,2003-01-01T00:00:00Z,2003-01-01T00:00:00Z
http://www.wikidata.org/entity/Q1140277,http://www.wikidata.org/entity/Q1893,19.0,2008-01-01T00:00:00Z,2008-01-01T00:00:00Z
http://www.wikidata.org/entity/Q1140277,http://www.wikidata.org/entity/Q2018,13.0,2002-01-01T00:00:00Z,2002-01-01T00:00:00Z
http://www.wikidata.org/entity/Q1140277,http://www.wikidata.org/entity/Q2641,29.0,2006-01-01T00:00:00Z,2011-01-01T00:00:00Z
http://www.wikidata.org/entity/Q1140277,http://www.wikidata.org/entity/Q1900,10.0,2003-01-01T00:00:00Z,2004-01-01T00:00:00Z
http://www.wikidata.org/entity/Q1140296,http://www.wikidata.org/entity/Q2052,5.0,2012-01-01T00:00:00Z,2013-01-01T00:00:00Z
http://www.wikidata.org/entity/Q1140296,http://www.wikidata.org/entity/Q2018,70.0,2007-01-01T00:00:00Z,2013-01-01T00:00:00Z
http://www.wikidata.org/entity/Q1140359,http://www.wikidata.org/entity/Q1886,45.0,2013-01-01T00:00:00Z,2015-01-01T00:00:00Z
http://www.wikidata.org/entity/Q1140359,http://www.wikidata.org/entity/Q1900,39.0,2006-01-01T00:00:00Z,2008-01-01T00:00:00Z
http://www.wikidata.org/entity/Q1141159,http://www.wikidata.org/entity/Q1893,2.0,2011-01-01T00:00:00Z,2012-01-01T00:00:00Z
http://www.wikidata.org/entity/Q1141159,http://www.wikidata.org/entity/Q2693,16.0,2009-01-01T00:00:00Z,2010-01-01T00:00:00Z
http://www.wikidata.org/entity/Q1141159,http://www.wikidata.org/entity/Q2710,15.0,2007-01-01T00:00:00Z,2007-01-01T00:00:00Z
http://www.wikidata.org/entity/Q1141483,http://www.wikidata.org/entity/Q2074,22.0,2007-01-01T00:00:00Z,2008-01-01T00:00:00Z
http://www.wikidata.org/entity/Q114413,http://www.wikidata.org/entity/Q1543,7.0,2007-01-01T00:00:00Z,2008-01-01T00:00:00Z
http://www.wikidata.org/entity/Q114413,http://www.wikidata.org/entity/Q2074,12.0,2011-01-01T00:00:00Z,2011-01-01T00:00:00Z
http://www.wikidata.org/entity/Q114413,http://www.wikidata.org/entity/Q2693,57.0,2008-01-01T00:00:00Z,2011-01-01T00:00:00Z
http://www.wikidata.org/entity/Q114413,http://www.wikidata.org/entity/Q2037,144.0,2011-01-01T00:00:00Z,2016-01-01T00:00:00Z
http://www.wikidata.org/entity/Q114413,http://www.wikidata.org/entity/Q1900,7.0,2020-01-01T00:00:00Z,2020-01-01T00:00:00Z
http://www.wikidata.org/entity/Q114413,http://www.wikidata.org/entity/Q1886,13.0,2016-01-01T00:00:00Z,2018-01-01T00:00:00Z
http://www.wikidata.org/entity/Q1151592,http://www.wikidata.org/entity/Q2641,53.0,1998-01-01T00:00:00Z,2002-01-01T00:00:00Z
http://www.wikidata.org/entity/Q1154008,http://www.wikidata.org/entity/Q2018,14.0,2006-01-01T00:00:00Z,2006-01-01T00:00:00Z
http://www.wikidata.org/entity/Q1154008,http://www.wikidata.org/entity/Q2018,75.0,2010-01-01T00:00:00Z,2013-01-01T00:00:00Z
http://www.wikidata.org/entity/Q1154008,http://www.wikidata.org/entity/Q2018,4.0,2009-01-01T00:00:00Z,2010-01-01T00:00:00Z
http://www.wikidata.org/entity/Q1154008,http://www.wikidata.org/entity/Q2074,49.0,2013-01-01T00:00:00Z,2016-01-01T00:00:00Z
http://www.wikidata.org/entity/Q1154008,http://www.wikidata.org/entity/Q2037,20.0,2005-01-01T00:00:00Z,2010-01-01T00:00:00Z
http://www.wikidata.org/entity/Q1157089,http://www.wikidata.org/entity/Q1900,26.0,2003-01-01T00:00:00Z,2004-01-01T00:00:00Z
http://www.wikidata.org/entity/Q115748,http://www.wikidata.org/entity/Q1422,1.0,2004-01-01T00:00:00Z,2007-01-01T00:00:00Z
http://www.wikidata.org/entity/Q1159005,http://www.wikidata.org/entity/Q2037,8.0,2002-01-01T00:00:00Z,2003-01-01T00:00:00Z
http://www.wikidata.org/entity/Q1460455,http://www.wikidata.org/entity/Q2018,15.0,2002-01-01T00:00:00Z,2002-01-01T00:00:00Z
http://www.wikidata.org/entity/Q1460455,http://www.wikidata.org/entity/Q2052,17.0,2002-01-01T00:00:00Z,2003-01-01T00:00:00Z
http://www.wikidata.org/entity/Q1460455,http://www.wikidata.org/entity/Q1457,12.0,2000-01-01T00:00:00Z,2001-01-01T00:00:00Z
http://www.wikidata.org/entity/Q1460455,http://www.wikidata.org/entity/Q2710,11.0,2001-01-01T00:00:00Z,2001-01-01T00:00:00Z
http://www.wikidata.org/entity/Q1460525,http://www.wikidata.org/entity/Q2641,97.0,2001-01-01T00:00:00Z,2004-01-01T00:00:00Z
http://www.wikidata.org/entity/Q1460567,http://www.wikidata.org/entity/Q2641,19.0,2004-01-01T00:00:00Z,2005-01-01T00:00:00Z
http://www.wikidata.org/entity/Q1460567,http://www.wikidata.org/entity/Q2037,2.0,2004-01-01T00:00:00Z,2004-01-01T00:00:00Z
http://www.wikidata.org/entity/Q1464963,http://www.wikidata.org/entity/Q1893,19.0,1998-01-01T00:00:00Z,2000-01-01T00:00:00Z
http://www.wikidata.org/entity/Q1465283,http://www.wikidata.org/entity/Q2074,40.0,2005-01-01T00:00:00Z,2009-01-01T00:00:00Z
http://www.wikidata.org/entity/Q1465538,http://www.wikidata.org/entity/Q2710,12.0,2014-01-01T00:00:00Z,2014-01-01T00:00:00Z
http://www.wikidata.org/entity/Q1465538,http://www.wikidata.org/entity/Q2674,0.0,2005-01-01T00:00:00Z,2007-01-01T00:00:00Z
http://www.wikidata.org/entity/Q1466614,http://www.wikidata.org/entity/Q2693,16.0,1999-01-01T00:00:00Z,2000-01-01T00:00:00Z
http://www.wikidata.org/entity/Q1466614,http://www.wikidata.org/entity/Q2074,18.0,2002-01-01T00:00:00Z,2003-01-01T00:00:00Z
http://www.wikidata.org/entity/Q1466912,http://www.wikidata.org/entity/Q2074,30.0,2002-01-01T00:00:00Z,2003-01-01T00:00:00Z
http://www.wikidata.org/entity/Q1466912,http://www.wikidata.org/entity/Q2052,59.0,1999-01-01T00:00:00Z,2001-01-01T00:00:00Z
http://www.wikidata.org/entity/Q1466940,http://www.wikidata.org/entity/Q1886,0.0,1998-01-01T00:00:00Z,2003-01-01T00:00:00Z
http://www.wikidata.org/entity/Q1467016,http://www.wikidata.org/entity/Q2074,29.0,2004-01-01T00:00:00Z,2005-01-01T00:00:00Z
http://www.wikidata.org/entity/Q1467016,http://www.wikidata.org/entity/Q2074,19.0,2001-01-01T00:00:00Z,2002-01-01T00:00:00Z
http://www.wikidata.org/entity/Q1467016,http://www.wikidata.org/entity/Q2018,26.0,2005-01-01T00:00:00Z,2006-01-01T00:00:00Z
http://www.wikidata.org/entity/Q1467050,http://www.wikidata.org/entity/Q2674,16.0,2002-01-01T00:00:00Z,2003-01-01T00:00:00Z
http://www.wikidata.org/entity/Q1467743,http://www.wikidata.org/entity/Q2052,3.0,2013-01-01T00:00:00Z,2014-01-01T00:00:00Z
http://www.wikidata.org/entity/Q1467831,http://www.wikidata.org/entity/Q1886,23.0,2010-01-01T00:00:00Z,2012-01-01T00:00:00Z
