player,club,apps,start,end
http://www.wikidata.org/entity/Q137435615,http://www.wikidata.org/entity/Q15789,1.0,2026-01-01T00:00:00Z,
http://www.wikidata.org/entity/Q879042,http://www.wikidata.org/entity/Q6463,15.0,2006-01-01T00:00:00Z,2007-01-01T00:00:00Z
http://www.wikidata.org/entity/Q879238,http://www.wikidata.org/entity/Q15786,33.0,2004-01-01T00:00:00Z,2006-01-01T00:00:00Z
http://www.wikidata.org/entity/Q879732,http://www.wikidata.org/entity/Q8466,28.0,2007-01-01T00:00:00Z,2008-01-01T00:00:00Z
http://www.wikidata.org/entity/Q879747,http://www.wikidata.org/entity/Q15786,83.0,2004-01-01T00:00:00Z,2007-01-01T00:00:00Z
http://www.wikidata.org/entity/Q879835,http://www.wikidata.org/entity/Q6463,86.0,1996-01-01T00:00:00Z,1999-01-01T00:00:00Z
http://www.wikidata.org/entity/Q880199,http://www.wikidata.org/entity/Q15786,24.0,2004-01-01T00:00:00Z,2006-01-01T00:00:00Z
http://www.wikidata.org/entity/Q88215,http://www.wikidata.org/entity/Q15755,18.0,2008-01-01T00:00:00Z,2009-01-01T00:00:00Z
http://www.wikidata.org/entity/Q882657,http://www.wikidata.org/entity/Q15755,52.0,2002-01-01T00:00:00Z,2004-01-01T00:00:00Z
http://www.wikidata.org/entity/Q883770,http://www.wikidata.org/entity/Q8466,140.0,1996-01-01T00:00:00Z,2003-01-01T00:00:00Z
http://www.wikidata.org/entity/Q89371,http://www.wikidata.org/entity/Q8466,30.0,2014-01-01T00:00:00Z,2015-01-01T00:00:00Z
http://www.wikidata.org/entity/Q893814,http://www.wikidata.org/entity/Q4512,23.0,2004-01-01T00:00:00Z,2006-01-01T00:00:00Z
http://www.wikidata.org/entity/Q894289,http://www.wikidata.org/entity/Q15789,48.0,2004-01-01T00:00:00Z,2006-01-01T00:00:00Z
http://www.wikidata.org/entity/Q89998,http://www.wikidata.org/entity/Q4512,3.0,2011-01-01T00:00:00Z,2013-01-01T00:00:00Z
http://www.wikidata.org/entity/Q90639,http://www.wikidata.org/entity/Q4512,40.0,1995-01-01T00:00:00Z,1999-01-01T00:00:00Z
http://www.wikidata.org/entity/Q909070,http://www.wikidata.org/entity/Q8466,17.0,2011-01-01T00:00:00Z,2012-01-01T00:00:00Z
http://www.wikidata.org/entity/Q911705,http://www.wikidata.org/entity/Q15786,51.0,2005-01-01T00:00:00Z,2008-01-01T00:00:00Z
http://www.wikidata.org/entity/Q91418,http://www.wikidata.org/entity/Q4512,16.0,2002-01-01T00:00:00Z,2004-01-01T00:00:00Z
http://www.wikidata.org/entity/Q91531,http://www.wikidata.org/entity/Q4512,3.0,2013-01-01T00:00:00Z,2016-01-01T00:00:00Z
http://www.wikidata.org/entity/Q91531,http://www.wikidata.org/entity/Q4512,3.0,2014-01-01T00:00:00Z,2016-01-01T00:00:00Z
http://www.wikidata.org/entity/Q918930,http://www.wikidata.org/entity/Q15786,11.0,2010-01-01T00:00:00Z,2010-01-01T00:00:00Z
http://www.wikidata.org/entity/Q922359,http://www.wikidata.org/entity/Q15755,43.0,2009-01-01T00:00:00Z,2012-01-01T00:00:00Z
http://www.wikidata.org/entity/Q922689,http://www.wikidata.org/entity/Q15755,14.0,2012-01-01T00:00:00Z,2013-01-01T00:00:00Z
http://www.wikidata.org/entity/Q92300,http://www.wikidata.org/entity/Q6463,12.0,2003-01-01T00:00:00Z,2003-01-01T00:00:00Z
http://www.wikidata.org/entity/Q92300,http://www.wikidata.org/entity/Q8466,31.0,2005-01-01T00:00:00Z,2006-01-01T00:00:00Z
http://www.wikidata.org/entity/Q92300,http://www.wikidata.org/entity/Q4512,7.0,2000-01-01T00:00:00Z,2001-01-01T00:00:00Z
http://www.wikidata.org/entity/Q923600,http://www.wikidata.org/entity/Q15755,20.0,2011-01-01T00:00:00Z,2012-01-01T00:00:00Z
http://www.wikidata.org/entity/Q924106,http://www.wikidata.org/entity/Q15755,62.0,2010-01-01T00:00:00Z,2013-01-01T00:00:00Z
http://www.wikidata.org/entity/Q924796,http://www.wikidata.org/entity/Q8466,5.0,2012-01-01T00:00:00Z,2012-01-01T00:00:00Z
http://www.wikidata.org/entity/Q926817,http://www.wikidata.org/entity/Q8466,28.0,2013-01-01T00:00:00Z,2014-01-01T00:00:00Z
http://www.wikidata.org/entity/Q926817,http://www.wikidata.org/entity/Q8466,13.0,2015-01-01T00:00:00Z,2015-01-01T00:00:00Z
http://www.wikidata.org/entity/Q932974,http://www.wikidata.org/entity/Q15786,64.0,1999-01-01T00:00:00Z,2002-01-01T00:00:00Z
http://www.wikidata.org/entity/Q933259,http://www.wikidata.org/entity/Q15755,67.0,2010-01-01T00:00:00Z,2015-01-01T00:00:00Z
http://www.wikidata.org/entity/Q940740,http://www.wikidata.org/entity/Q15786,17.0,2002-01-01T00:00:00Z,2003-01-01T00:00:00Z
http://www.wikidata.org/entity/Q947349,http://www.wikidata.org/entity/Q8466,19.0,1998-01-01T00:00:00Z,1999-01-01T00:00:00Z
http://www.wikidata.org/entity/Q947897,http://www.wikidata.org/entity/Q15755,48.0,2008-01-01T00:00:00Z,2010-01-01T00:00:00Z
http://www.wikidata.org/entity/Q949394,http://www.wikidata.org/entity/Q15755,11.0,2007-01-01T00:00:00Z,2007-01-01T00:00:00Z
http://www.wikidata.org/entity/Q950154,http://www.wikidata.org/entity/Q15786,203.0,2007-01-01T00:00:00Z,2015-01-01T00:00:00Z
http://www.wikidata.org/entity/Q950154,http://www.wikidata.org/entity/Q15786,57.0,2005-01-01T00:00:00Z,2007-01-01T00:00:00Z
http://www.wikidata.org/entity/Q950619,http://www.wikidata.org/entity/Q8466,6.0,2010-01-01T00:00:00Z,2013-01-01T00:00:00Z
http://www.wikidata.org/entity/Q950682,http://www.wikidata.org/entity/Q8466,130.0,1998-01-01T00:00:00Z,2005-01-01T00:00:00Z
http://www.wikidata.org/entity/Q951342,http://www.wikidata.org/entity/Q15789,175.0,1993-01-01T00:00:00Z,2005-01-01T00:00:00Z
http://www.wikidata.org/entity/Q95335,http://www.wikidata.org/entity/Q4512,1.0,2006-01-01T00:00:00Z,2007-01-01T00:00:00Z
http://www.wikidata.org/entity/Q954523,http://www.wikidata.org/entity/Q15755,15.0,2007-01-01T00:00:00Z,2008-01-01T00:00:00Z
http://www.wikidata.org/entity/Q961670,http://www.wikidata.org/entity/Q6463,0.0,2000-01-01T00:00:00Z,2001-01-01T00:00:00Z
http://www.wikidata.org/entity/Q962259,http://www.wikidata.org/entity/Q4512,22.0,2008-01-01T00:00:00Z,2009-01-01T00:00:00Z
http://www.wikidata.org/entity/Q96279,http://www.wikidata.org/entity/Q4512,74.0,2000-01-01T00:00:00Z,2003-01-01T00:00:00Z
http://www.wikidata.org/entity/Q96279,http://www.wikidata.org/entity/Q8466,32.0,2004-01-01T00:00:00Z,2005-01-01T00:00:00Z
http://www.wikidata.org/entity/Q96442,http://www.wikidata.org/entity/Q4512,16.0,1998-01-01T00:00:00Z,2000-01-01T00:00:00Z
http://www.wikidata.org/entity/Q965296,http://www.wikidata.org/entity/Q15786,3.0,2000-01-01T00:00:00Z,2001-01-01T00:00:00Z
http://www.wikidata.org/entity/Q96624,http://www.wikidata.org/entity/Q4512,8.0,1998-01-01T00:00:00Z,2000-01-01T00:00:00Z
http://www.wikidata.org/entity/Q96648,http://www.wikidata.org/entity/Q15786,54.0,2001-01-01T00:00:00Z,2004-01-01T00:00:00Z
http://www.wikidata.org/entity/Q96755,http://www.wikidata.org/entity/Q4512,66.0,2012-01-01T00:00:00Z,2016-01-01T00:00:00Z
http://www.wikidata.org/entity/Q96890,http://www.wikidata.org/entity/Q4512,3.0,2014-01-01T00:00:00Z,2015-01-01T00:00:00Z
http://www.wikidata.org/entity/Q84158344,http://www.wikidata.org/entity/Q4512,29.0,2024-01-01T00:00:00Z,2025-01-01T00:00:00Z
http://www.wikidata.org/entity/Q68676722,http://www.wikidata.org/entity/Q4512,95.0,2023-01-01T00:00:00Z,
http://www.wikidata.org/entity/Q742264,http://www.wikidata.org/entity/Q6463,71.0,2007-01-01T00:00:00Z,2010-01-01T00:00:00Z
http://www.wikidata.org/entity/Q74453,http://www.wikidata.org/entity/Q15786,5.0,2011-01-01T00:00:00Z,2013-01-01T00:00:00Z
http://www.wikidata.org/entity/Q74506,http://www.wikidata.org/entity/Q8466,103.0,1997-01-01T00:00:00Z,2002-01-01T00:00:00Z
http://www.wikidata.org/entity/Q747402,http://www.wikidata.org/entity/Q6463,57.0,2007-01-01T00:00:00Z,2009-01-01T00:00:00Z
http://www.wikidata.org/entity/Q7487605,http://www.wikidata.org/entity/Q6463,10.0,1999-01-01T00:00:00Z,1999-01-01T00:00:00Z
http://www.wikidata.org/entity/Q749253,http://www.wikidata.org/entity/Q8466,33.0,2001-01-01T00:00:00Z,2005-01-01T00:00:00Z
http://www.wikidata.org/entity/Q75181,http://www.wikidata.org/entity/Q15755,40.0,2006-01-01T00:00:00Z,2008-01-01T00:00:00Z
http://www.wikidata.org/entity/Q75219,http://www.wikidata.org/entity/Q8466,15.0,2006-01-01T00:00:00Z,2007-01-01T00:00:00Z
http://www.wikidata.org/entity/Q75219,http://www.wikidata.org/entity/Q4512,183.0,2000-01-01T00:00:00Z,2008-01-01T00:00:00Z
http://www.wikidata.org/entity/Q75512,http://www.wikidata.org/entity/Q8466,26.0,2002-01-01T00:00:00Z,2004-01-01T00:00:00Z
http://www.wikidata.org/entity/Q7563668,http://www.wikidata.org/entity/Q15789,21.0,2009-01-01T00:00:00Z,2011-01-01T00:00:00Z
http://www.wikidata.org/entity/Q75993,http://www.wikidata.org/entity/Q4512,1.0,2010-01-01T00:00:00Z,2012-01-01T00:00:00Z
http://www.wikidata.org/entity/Q76322,http://www.wikidata.org/entity/Q4512,31.0,2007-01-01T00:00:00Z,2010-01-01T00:00:00Z
http://www.wikidata.org/entity/Q763549,http://www.wikidata.org/entity/Q8466,47.0,2009-01-01T00:00:00Z,2011-01-01T00:00:00Z
http://www.wikidata.org/entity/Q763549,http://www.wikidata.org/entity/Q8466,8.0,2009-01-01T00:00:00Z,2009-01-01T00:00:00Z
http://www.wikidata.org/entity/Q76753,http://www.wikidata.org/entity/Q15789,26.0,2008-01-01T00:00:00Z,2009-01-01T00:00:00Z
http://www.wikidata.org/entity/Q77388,http://www.wikidata.org/entity/Q15786,23.0,2011-01-01T00:00:00Z,2012-01-01T00:00:00Z
http://www.wikidata.org/entity/Q77388,http://www.wikidata.org/entity/Q4512,60.0,2009-01-01T00:00:00Z,2016-01-01T00:00:00Z
http://www.wikidata.org/entity/Q77388,http://www.wikidata.org/entity/Q4512,60.0,2010-01-01T00:00:00Z,2016-01-01T00:00:00Z
http://www.wikidata.org/entity/Q77419,http://www.wikidata.org/entity/Q4512,136.0,2000-01-01T00:00:00Z,2006-01-01T00:00:00Z
http://www.wikidata.org/entity/Q77419,http://www.wikidata.org/entity/Q8466,64.0,2010-01-01T00:00:00Z,2012-01-01T00:00:00Z
http://www.wikidata.org/entity/Q777164,http://www.wikidata.org/entity/Q6463,15.0,2012-01-01T00:00:00Z,2013-01-01T00:00:00Z
http://www.wikidata.org/entity/Q77941,http://www.wikidata.org/entity/Q4512,0.0,2005-01-01T00:00:00Z,2012-01-01T00:00:00Z
http://www.wikidata.org/entity/Q7801735,http://www.wikidata.org/entity/Q15786,3.0,2004-01-01T00:00:00Z,2005-01-01T00:00:00Z
http://www.wikidata.org/entity/Q7801755,http://www.wikidata.org/entity/Q6463,30.0,2001-01-01T00:00:00Z,2003-01-01T00:00:00Z
http://www.wikidata.org/entity/Q7807765,http://www.wikidata.org/entity/Q15755,31.0,2019-08-01T00:00:00Z,2020-06-01T00:00:00Z
http://www.wikidata.org/entity/Q78122,http://www.wikidata.org/entity/Q8466,22.0,2005-01-01T00:00:00Z,2006-01-01T00:00:00Z
http://www.wikidata.org/entity/Q782070,http://www.wikidata.org/entity/Q15786,5.0,2003-01-01T00:00:00Z,2004-01-01T00:00:00Z
http://www.wikidata.org/entity/Q783713,http://www.wikidata.org/entity/Q6463,28.0,2007-01-01T00:00:00Z,2009-01-01T00:00:00Z
http://www.wikidata.org/entity/Q785064,http://www.wikidata.org/entity/Q15755,10.0,2005-01-01T00:00:00Z,2007-01-01T00:00:00Z
http://www.wikidata.org/entity/Q78876,http://www.wikidata.org/entity/Q4512,2.0,2006-01-01T00:00:00Z,2007-01-01T00:00:00Z
http://www.wikidata.org/entity/Q7938213,http://www.wikidata.org/entity/Q15786,1.0,2003-01-01T00:00:00Z,2004-01-01T00:00:00Z
http://www.wikidata.org/entity/Q793852,http://www.wikidata.org/entity/Q6463,56.0,2016-01-01T00:00:00Z,2018-01-01T00:00:00Z
http://www.wikidata.org/entity/Q7938967,http://www.wikidata.org/entity/Q15755,16.0,2003-01-01T00:00:00Z,2004-01-01T00:00:00Z
http://www.wikidata.org/entity/Q797550,http://www.wikidata.org/entity/Q6463,16.0,2003-01-01T00:00:00Z,2003-01-01T00:00:00Z
http://www.wikidata.org/entity/Q7983484,http://www.wikidata.org/entity/Q15755,64.0,1997-01-01T00:00:00Z,2000-01-01T00:00:00Z
http://www.wikidata.org/entity/Q804184,http://www.wikidata.org/entity/Q15755,0.0,2013-01-01T00:00:00Z,2014-01-01T00:00:00Z
http://www.wikidata.org/entity/Q80471,http://www.wikidata.org/entity/Q8466,120.0,1999-01-01T00:00:00Z,2004-01-01T00:00:00Z
http://www.wikidata.org/entity/Q80471,http://www.wikidata.org/entity/Q15789,98.0,2007-01-01T00:00:00Z,2011-01-01T00:00:00Z
http://www.wikidata.org/entity/Q80761,http://www.wikidata.org/entity/Q15789,86.0,2012-01-01T00:00:00Z,2015-01-01T00:00:00Z
http://www.wikidata.org/entity/Q807762,http://www.wikidata.org/entity/Q15789,49.0,2001-01-01T00:00:00Z,2003-01-01T00:00:00Z
http://www.wikidata.org/entity/Q809564,http://www.wikidata.org/entity/Q8466,3.0,2007-01-01T00:00:00Z,2008-01-01T00:00:00Z
http://www.wikidata.org/entity/Q817370,http://www.wikidata.org/entity/Q6463,37.0,2004-01-01T00:00:00Z,2006-01-01T00:00:00Z
http://www.wikidata.org/entity/Q817566,http://www.wikidata.org/entity/Q15755,63.0,2006-01-01T00:00:00Z,2010-01-01T00:00:00Z
http://www.wikidata.org/entity/Q817680,http://www.wikidata.org/entity/Q15789,23.0,2000-01-01T00:00:00Z,2001-01-01T00:00:00Z
http://www.wikidata.org/entity/Q817751,http://www.wikidata.org/entity/Q15755,1.0,2010-01-01T00:00:00Z,2011-01-01T00:00:00Z
http://www.wikidata.org/entity/Q819582,http://www.wikidata.org/entity/Q8466,146.0,1997-01-01T00:00:00Z,2004-01-01T00:00:00Z
http://www.wikidata.org/entity/Q819597,http://www.wikidata.org/entity/Q15786,1.0,1998-01-01T00:00:00Z,1999-01-01T00:00:00Z
http://www.wikidata.org/entity/Q820143,http://www.wikidata.org/entity/Q8466,27.0,2011-01-01T00:00:00Z,2012-01-01T00:00:00Z
http://www.wikidata.org/entity/Q820798,http://www.wikidata.org/entity/Q8466,13.0,2012-01-01T00:00:00Z,2015-01-01T00:00:00Z
http://www.wikidata.org/entity/Q820816,http://www.wikidata.org/entity/Q15786,13.0,2013-01-01T00:00:00Z,2014-01-01T00:00:00Z
http://www.wikidata.org/entity/Q822246,http://www.wikidata.org/entity/Q15786,9.0,2011-01-01T00:00:00Z,2015-01-01T00:00:00Z
http://www.wikidata.org/entity/Q822762,http://www.wikidata.org/entity/Q8466,22.0,2014-01-01T00:00:00Z,2015-01-01T00:00:00Z
http://www.wikidata.org/entity/Q822789,http://www.wikidata.org/entity/Q6463,10.0,2016-01-01T00:00:00Z,2018-01-01T00:00:00Z
http://www.wikidata.org/entity/Q823064,http://www.wikidata.org/entity/Q8466,31.0,2022-07-01T00:00:00Z,2024-01-01T00:00:00Z
http://www.wikidata.org/entity/Q823071,http://www.wikidata.org/entity/Q6463,54.0,2013-01-01T00:00:00Z,2015-01-01T00:00:00Z
http://www.wikidata.org/entity/Q823106,http://www.wikidata.org/entity/Q15755,14.0,2012-01-01T00:00:00Z,2015-01-01T00:00:00Z
http://www.wikidata.org/entity/Q823876,http://www.wikidata.org/entity/Q15789,26.0,2003-01-01T00:00:00Z,2005-01-01T00:00:00Z
http://www.wikidata.org/entity/Q823928,http://www.wikidata.org/entity/Q15786,33.0,1999-01-01T00:00:00Z,2000-01-01T00:00:00Z
http://www.wikidata.org/entity/Q826135,http://www.wikidata.org/entity/Q15786,2.0,1999-01-01T00:00:00Z,2001-01-01T00:00:00Z
http://www.wikidata.org/entity/Q826825,http://www.wikidata.org/entity/Q6463,12.0,2014-01-01T00:00:00Z,2015-01-01T00:00:00Z
http://www.wikidata.org/entity/Q826825,http://www.wikidata.org/entity/Q6463,4.0,2015-01-01T00:00:00Z,2015-01-01T00:00:00Z
http://www.wikidata.org/entity/Q826863,http://www.wikidata.org/entity/Q6463,31.0,2012-01-01T00:00:00Z,2013-01-01T00:00:00Z
http://www.wikidata.org/entity/Q826863,http://www.wikidata.org/entity/Q15786,17.0,2013-01-01T00:00:00Z,2014-01-01T00:00:00Z
http://www.wikidata.org/entity/Q826986,http://www.wikidata.org/entity/Q15786,12.0,2001-01-01T00:00:00Z,2003-01-01T00:00:00Z
http://www.wikidata.org/entity/Q828765,http://www.wikidata.org/entity/Q15755,20.0,1999-01-01T00:00:00Z,2000-01-01T00:00:00Z
http://www.wikidata.org/entity/Q828927,http://www.wikidata.org/entity/Q15755,17.0,2010-01-01T00:00:00Z,2011-01-01T00:00:00Z
http://www.wikidata.org/entity/Q829114,http://www.wikidata.org/entity/Q6463,15.0,2004-01-01T00:00:00Z,2005-01-01T00:00:00Z
http://www.wikidata.org/entity/Q86740704,http://www.wikidata.org/entity/Q4512,11.0,2024-01-01T00:00:00Z,
http://www.wikidata.org/entity/Q11931,http://www.wikidata.org/entity/Q15755,27.0,2014-07-01T00:00:00Z,2016-01-01T00:00:00Z
http://www.wikidata.org/entity/Q11948,http://www.wikidata.org/entity/Q8466,46.0,1997-01-01T00:00:00Z,1999-01-01T00:00:00Z
http://www.wikidata.org/entity/Q11948,http://www.wikidata.org/entity/Q15789,107.0,2002-01-01T00:00:00Z,2006-01-01T00:00:00Z
http://www.wikidata.org/entity/Q831215,http://www.wikidata.org/entity/Q6463,114.0,2005-01-01T00:00:00Z,2012-01-01T00:00:00Z
http://www.wikidata.org/entity/Q833041,http://www.wikidata.org/entity/Q6463,65.0,2001-01-01T00:00:00Z,2003-01-01T00:00:00Z
http://www.wikidata.org/entity/Q833214,http://www.wikidata.org/entity/Q8466,8.0,2007-01-01T00:00:00Z,2009-01-01T00:00:00Z
http://www.wikidata.org/entity/Q833368,http://www.wikidata.org/entity/Q15755,8.0,1999-01-01T00:00:00Z,2000-01-01T00:00:00Z
http://www.wikidata.org/entity/Q834605,http://www.wikidata.org/entity/Q8466,27.0,2008-01-01T00:00:00Z,2009-01-01T00:00:00Z
http://www.wikidata.org/entity/Q834619,http://www.wikidata.org/entity/Q8466,8.0,2008-01-01T00:00:00Z,2010-01-01T00:00:00Z
http://www.wikidata.org/entity/Q834642,http://www.wikidata.org/entity/Q8466,0.0,2009-01-01T00:00:00Z,2010-01-01T00:00:00Z
http://www.wikidata.org/entity/Q834859,http://www.wikidata.org/entity/Q8466,20.0,2008-01-01T00:00:00Z,2010-01-01T00:00:00Z
http://www.wikidata.org/entity/Q835991,http://www.wikidata.org/entity/Q6463,57.0,2015-08-01T00:00:00Z,2020-01-01T00:00:00Z
http://www.wikidata.org/entity/Q84435,http://www.wikidata.org/entity/Q4512,44.0,2004-01-01T00:00:00Z,2006-01-01T00:00:00Z
http://www.wikidata.org/entity/Q85328,http://www.wikidata.org/entity/Q4512,23.0,2012-01-01T00:00:00Z,2015-01-01T00:00:00Z
http://www.wikidata.org/entity/Q85328,http://www.wikidata.org/entity/Q15755,13.0,2013-01-01T00:00:00Z,2014-01-01T00:00:00Z
http://www.wikidata.org/entity/Q86312,http://www.wikidata.org/entity/Q4512,9.0,2012-01-01T00:00:00Z,2014-01-01T00:00:00Z
http://www.wikidata.org/entity/Q86312,http://www.wikidata.org/entity/Q4512,9.0,2014-01-01T00:00:00Z,2014-01-01T00:00:00Z
http://www.wikidata.org/entity/Q86523,http://www.wikidata.org/entity/Q8466,36.0,2013-01-01T00:00:00Z,2015-01-01T00:00:00Z
http://www.wikidata.org/entity/Q86523,http://www.wikidata.org/entity/Q4512,0.0,2012-01-01T00:00:00Z,2015-01-01T00:00:00Z
http://www.wikidata.org/entity/Q86986,http://www.wikidata.org/entity/Q15755,51.0,2006-01-01T00:00:00Z,2008-01-01T00:00:00Z
http://www.wikidata.org/entity/Q86986,http://www.wikidata.org/entity/Q4512,65.0,2000-01-01T00:00:00Z,2003-01-01T00:00:00Z
http://www.wikidata.org/entity/Q86986,http://www.wikidata.org/entity/Q8466,41.0,2004-01-01T00:00:00Z,2006-01-01T00:00:00Z
http://www.wikidata.org/entity/Q870804,http://www.wikidata.org/entity/Q15786,3.0,1999-01-01T00:00:00Z,2000-01-01T00:00:00Z
http://www.wikidata.org/entity/Q871056,http://www.wikidata.org/entity/Q15755,16.0,2003-01-01T00:00:00Z,2003-01-01T00:00:00Z
http://www.wikidata.org/entity/Q871317,http://www.wikidata.org/entity/Q15755,91.0,2004-01-01T00:00:00Z,2010-01-01T00:00:00Z
http://www.wikidata.org/entity/Q871736,http://www.wikidata.org/entity/Q15755,1.0,2008-01-01T00:00:00Z,2009-01-01T00:00:00Z
http://www.wikidata.org/entity/Q872314,http://www.wikidata.org/entity/Q15755,31.0,2006-01-01T00:00:00Z,2008-01-01T00:00:00Z
http://www.wikidata.org/entity/Q872825,http://www.wikidata.org/entity/Q15755,22.0,2002-01-01T00:00:00Z,2003-01-01T00:00:00Z
http://www.wikidata.org/entity/Q874268,http://www.wikidata.org/entity/Q15786,0.0,2011-01-01T00:00:00Z,2012-01-01T00:00:00Z
http://www.wikidata.org/entity/Q874469,http://www.wikidata.org/entity/Q15786,14.0,2006-01-01T00:00:00Z,2009-01-01T00:00:00Z
http://www.wikidata.org/entity/Q874806,http://www.wikidata.org/entity/Q8466,49.0,2006-01-01T00:00:00Z,2009-01-01T00:00:00Z
http://www.wikidata.org/entity/Q875228,http://www.wikidata.org/entity/Q15786,3.0,2002-01-01T00:00:00Z,2004-01-01T00:00:00Z
http://www.wikidata.org/entity/Q875868,http://www.wikidata.org/entity/Q8466,98.0,2013-01-01T00:00:00Z,2016-01-01T00:00:00Z
http://www.wikidata.org/entity/Q876468,http://www.wikidata.org/entity/Q8466,62.0,2006-01-01T00:00:00Z,2008-01-01T00:00:00Z
http://www.wikidata.org/entity/Q876468,http://www.wikidata.org/entity/Q15786,66.0,2004-01-01T00:00:00Z,2006-01-01T00:00:00Z
http://www.wikidata.org/entity/Q876784,http://www.wikidata.org/entity/Q6463,75.0,1997-01-01T00:00:00Z,2000-01-01T00:00:00Z
http://www.wikidata.org/entity/Q876789,http://www.wikidata.org/entity/Q15755,10.0,2003-01-01T00:00:00Z,2003-01-01T00:00:00Z
http://www.wikidata.org/entity/Q876868,http://www.wikidata.org/entity/Q6463,20.0,1999-01-01T00:00:00Z,2001-01-01T00:00:00Z
http://www.wikidata.org/entity/Q876868,http://www.wikidata.org/entity/Q6463,17.0,2003-01-01T00:00:00Z,2003-01-01T00:00:00Z
http://www.wikidata.org/entity/Q876910,http://www.wikidata.org/entity/Q15789,20.0,1988-01-01T00:00:00Z,1999-01-01T00:00:00Z
http://www.wikidata.org/entity/Q877013,http://www.wikidata.org/entity/Q15755,28.0,2007-01-01T00:00:00Z,2008-01-01T00:00:00Z
http://www.wikidata.org/entity/Q877013,http://www.wikidata.org/entity/Q6463,49.0,2005-01-01T00:00:00Z,2006-01-01T00:00:00Z
http://www.wikidata.org/entity/Q877222,http://www.wikidata.org/entity/Q15755,40.0,2003-01-01T00:00:00Z,2004-01-01T00:00:00Z
http://www.wikidata.org/entity/Q877238,http://www.wikidata.org/entity/Q15755,57.0,2002-01-01T00:00:00Z,2004-01-01T00:00:00Z
http://www.wikidata.org/entity/Q877289,http://www.wikidata.org/entity/Q6463,20.0,2001-01-01T00:00:00Z,2002-01-01T00:00:00Z
http://www.wikidata.org/entity/Q877394,http://www.wikidata.org/entity/Q15755,29.0,1998-01-01T00:00:00Z,1999-01-01T00:00:00Z
http://www.wikidata.org/entity/Q877621,http://www.wikidata.org/entity/Q15755,4.0,2009-01-01T00:00:00Z,2010-01-01T00:00:00Z
http://www.wikidata.org/entity/Q877918,http://www.wikidata.org/entity/Q15755,5.0,2008-01-01T00:00:00Z,2009-01-01T00:00:00Z
http://www.wikidata.org/entity/Q878033,http://www.wikidata.org/entity/Q15786,1.0,2004-01-01T00:00:00Z,2006-01-01T00:00:00Z
http://www.wikidata.org/entity/Q878033,http://www.wikidata.org/entity/Q6463,104.0,2011-01-01T00:00:00Z,2015-01-01T00:00:00Z
http://www.wikidata.org/entity/Q878225,http://www.wikidata.org/entity/Q8466,2.0,2008-01-01T00:00:00Z,2008-01-01T00:00:00Z
http://www.wikidata.org/entity/Q878731,http://www.wikidata.org/entity/Q6463,29.0,2012-01-01T00:00:00Z,2014-01-01T00:00:00Z
http://www.wikidata.org/entity/Q969725,http://www.wikidata.org/entity/Q15789,94.0,2023-01-01T00:00:00Z,
http://www.wikidata.org/entity/Q98546080,http://www.wikidata.org/entity/Q4512,3.0,2024-01-01T00:00:00Z,
http://www.wikidata.org/entity/Q28531111,http://www.wikidata.org/entity/Q15789,25.0,2025-07-01T00:00:00Z,
http://www.wikidata.org/entity/Q105955374,http://www.wikidata.org/entity/Q4512,27.0,2025-09-01T00:00:00Z,
http://www.wikidata.org/entity/Q86740704,http://www.wikidata.org/entity/Q15755,1.0,2026-01-01T00:00:00Z,
http://www.wikidata.org/entity/Q77243490,http://www.wikidata.org/entity/Q6463,162.0,2021-01-01T00:00:00Z,
http://www.wikidata.org/entity/Q130776450,http://www.wikidata.org/entity/Q15789,26.0,2025-01-01T00:00:00Z,
http://www.wikidata.org/entity/Q96072055,http://www.wikidata.org/entity/Q15789,154.0,2020-01-01T00:00:00Z,
http://www.wikidata.org/entity/Q98784065,http://www.wikidata.org/entity/Q15789,1.0,2026-01-01T00:00:00Z,
http://www.wikidata.org/entity/Q20436216,http://www.wikidata.org/entity/Q4512,0.0,2026-01-01T00:00:00Z,
http://www.wikidata.org/entity/Q699094,http://www.wikidata.org/entity/Q15755,0.0,2026-01-01T00:00:00Z,
http://www.wikidata.org/entity/Q118515513,http://www.wikidata.org/entity/Q4512,0.0,2026-07-01T00:00:00Z,
http://www.wikidata.org/entity/Q97205258,http://www.wikidata.org/entity/Q15755,0.0,2026-01-01T00:00:00Z,
http://www.wikidata.org/entity/Q36386,http://www.wikidata.org/entity/Q15789,189.0,1992-01-01T00:00:00Z,2000-01-01T00:00:00Z
http://www.wikidata.org/entity/Q39114,http://www.wikidata.org/entity/Q8466,59.0,2008-01-01T00:00:00Z,2010-01-01T00:00:00Z
http://www.wikidata.org/entity/Q39287,http://www.wikidata.org/entity/Q8466,50.0,2010-01-01T00:00:00Z,2012-01-01T00:00:00Z
http://www.wikidata.org/entity/Q40771,http://www.wikidata.org/entity/Q15755,14.0,2016-02-01T00:00:00Z,2016-06-01T00:00:00Z
http://www.wikidata.org/entity/Q40771,http://www.wikidata.org/entity/Q15755,101.0,2016-07-01T00:00:00Z,2022-06-01T00:00:00Z
http://www.wikidata.org/entity/Q43666,http://www.wikidata.org/entity/Q15789,503.0,2008-08-15T00:00:00Z,2025-08-01T00:00:00Z
http://www.wikidata.org/entity/Q43682,http://www.wikidata.org/entity/Q4512,54.0,2003-01-01T00:00:00Z,2005-01-01T00:00:00Z
http://www.wikidata.org/entity/Q43682,http://www.wikidata.org/entity/Q15789,332.0,2002-01-01T00:00:00Z,2017-01-01T00:00:00Z
http://www.wikidata.org/entity/Q43752,http://www.wikidata.org/entity/Q15789,58.0,2000-01-01T00:00:00Z,2003-01-01T00:00:00Z
http://www.wikidata.org/entity/Q43913,http://www.wikidata.org/entity/Q15789,201.0,2009-01-01T00:00:00Z,2019-01-01T00:00:00Z
http://www.wikidata.org/entity/Q44073,http://www.wikidata.org/entity/Q15789,46.0,2005-01-01T00:00:00Z,2006-01-01T00:00:00Z
http://www.wikidata.org/entity/Q44073,http://www.wikidata.org/entity/Q15789,227.0,1997-01-01T00:00:00Z,2004-01-01T00:00:00Z
http://www.wikidata.org/entity/Q44118,http://www.wikidata.org/entity/Q15789,64.0,2007-01-01T00:00:00Z,2011-01-01T00:00:00Z
http://www.wikidata.org/entity/Q44181,http://www.wikidata.org/entity/Q15789,86.0,2009-01-01T00:00:00Z,2013-01-01T00:00:00Z
http://www.wikidata.org/entity/Q44298,http://www.wikidata.org/entity/Q15789,342.0,2002-01-01T00:00:00Z,2015-01-01T00:00:00Z
http://www.wikidata.org/entity/Q44309,http://www.wikidata.org/entity/Q15789,158.0,2006-01-01T00:00:00Z,2014-01-01T00:00:00Z
http://www.wikidata.org/entity/Q44513,http://www.wikidata.org/entity/Q15789,184.0,2000-01-01T00:00:00Z,2009-01-01T00:00:00Z
http://www.wikidata.org/entity/Q44522,http://www.wikidata.org/entity/Q15789,95.0,1998-01-01T00:00:00Z,2002-01-01T00:00:00Z
http://www.wikidata.org/entity/Q44673,http://www.wikidata.org/entity/Q15755,13.0,2012-07-09T00:00:00Z,2014-07-01T00:00:00Z
http://www.wikidata.org/entity/Q44673,http://www.wikidata.org/entity/Q15786,17.0,2010-01-01T00:00:00Z,2010-06-30T00:00:00Z
http://www.wikidata.org/entity/Q44673,http://www.wikidata.org/entity/Q15789,92.0,2005-07-01T00:00:00Z,2011-07-01T00:00:00Z
http://www.wikidata.org/entity/Q972461,http://www.wikidata.org/entity/Q8466,51.0,2001-01-01T00:00:00Z,2003-01-01T00:00:00Z
http://www.wikidata.org/entity/Q973566,http://www.wikidata.org/entity/Q8466,61.0,2006-01-01T00:00:00Z,2010-01-01T00:00:00Z
http://www.wikidata.org/entity/Q980930,http://www.wikidata.org/entity/Q8466,2.0,2002-01-01T00:00:00Z,2002-01-01T00:00:00Z
http://www.wikidata.org/entity/Q982113,http://www.wikidata.org/entity/Q15786,4.0,2013-01-01T00:00:00Z,2013-01-01T00:00:00Z
http://www.wikidata.org/entity/Q982163,http://www.wikidata.org/entity/Q4512,13.0,2023-01-01T00:00:00Z,2024-01-01T00:00:00Z
http://www.wikidata.org/entity/Q98247,http://www.wikidata.org/entity/Q15789,54.0,2001-01-01T00:00:00Z,2003-01-01T00:00:00Z
http://www.wikidata.org/entity/Q98247,http://www.wikidata.org/entity/Q4512,2.0,2004-01-01T00:00:00Z,2004-01-01T00:00:00Z
http://www.wikidata.org/entity/Q98247,http://www.wikidata.org/entity/Q4512,2.0,2003-01-01T00:00:00Z,2004-01-01T00:00:00Z
http://www.wikidata.org/entity/Q983872,http://www.wikidata.org/entity/Q15786,31.0,2004-01-01T00:00:00Z,2005-01-01T00:00:00Z
http://www.wikidata.org/entity/Q98406,http://www.wikidata.org/entity/Q4512,19.0,2001-01-01T00:00:00Z,2003-01-01T00:00:00Z
http://www.wikidata.org/entity/Q98406,http://www.wikidata.org/entity/Q8466,30.0,2003-01-01T00:00:00Z,2006-01-01T00:00:00Z
http://www.wikidata.org/entity/Q98987,http://www.wikidata.org/entity/Q4512,26.0,1998-01-01T00:00:00Z,1999-01-01T00:00:00Z
http://www.wikidata.org/entity/Q16888045,http://www.wikidata.org/entity/Q8466,33.0,2017-07-07T00:00:00Z,2018-06-30T00:00:00Z
http://www.wikidata.org/entity/Q10544594,http://www.wikidata.org/entity/Q6463,141.0,2021-07-05T00:00:00Z,2026-01-01T00:00:00Z
http://www.wikidata.org/entity/Q128912,http://www.wikidata.org/entity/Q15789,4.0,2023-01-01T00:00:00Z,2023-01-01T00:00:00Z
http://www.wikidata.org/entity/Q309532,http://www.wikidata.org/entity/Q15789,88.0,2020-01-01T00:00:00Z,2024-01-01T00:00:00Z
http://www.wikidata.org/entity/Q36184031,http://www.wikidata.org/entity/Q15755,16.0,2019-01-01T00:00:00Z,2019-01-01T00:00:00Z
http://www.wikidata.org/entity/Q36184031,http://www.wikidata.org/entity/Q4512,33.0,2020-01-01T00:00:00Z,2021-01-01T00:00:00Z
http://www.wikidata.org/entity/Q673702,http://www.wikidata.org/entity/Q4512,14.0,2019-01-01T00:00:00Z,2019-01-01T00:00:00Z
http://www.wikidata.org/entity/Q699094,http://www.wikidata.org/entity/Q15755,119.0,2017-01-01T00:00:00Z,2022-01-01T00:00:00Z
http://www.wikidata.org/entity/Q118799181,http://www.wikidata.org/entity/Q15786,33.0,2023-05-01T00:00:00Z,2024-07-01T00:00:00Z
http://www.wikidata.org/entity/Q699094,http://www.wikidata.org/entity/Q15755,17.0,2026-01-01T00:00:00Z,2026-01-01T00:00:00Z
http://www.wikidata.org/entity/Q96391665,http://www.wikidata.org/entity/Q15789,4.0,2021-01-01T00:00:00Z,2024-01-01T00:00:00Z
http://www.wikidata.org/entity/Q20435178,http://www.wikidata.org/entity/Q4512,129.0,2023-07-25T00:00:00Z,2026-06-30T00:00:00Z
http://www.wikidata.org/entity/Q20435178,http://www.wikidata.org/entity/Q15789,4.0,2020-07-01T00:00:00Z,2026-07-08T00:00:00Z
http://www.wikidata.org/entity/Q67070943,http://www.wikidata.org/entity/Q15789,23.0,2020-01-01T00:00:00Z,2022-01-01T00:00:00Z
http://www.wikidata.org/entity/Q28868192,http://www.wikidata.org/entity/Q15755,41.0,2017-01-01T00:00:00Z,2021-01-01T00:00:00Z
http://www.wikidata.org/entity/Q127932393,http://www.wikidata.org/entity/Q4512,26.0,2025-07-27T00:00:00Z,2026-09-01T00:00:00Z
http://www.wikidata.org/entity/Q102399064,http://www.wikidata.org/entity/Q6463,17.0,2020-01-01T00:00:00Z,2021-01-01T00:00:00Z
http://www.wikidata.org/entity/Q102399064,http://www.wikidata.org/entity/Q6463,36.0,2021-01-01T00:00:00Z,2023-01-01T00:00:00Z
http://www.wikidata.org/entity/Q1429837,http://www.wikidata.org/entity/Q15755,107.0,2019-01-01T00:00:00Z,2023-01-01T00:00:00Z
http://www.wikidata.org/entity/Q19848775,http://www.wikidata.org/entity/Q15789,1.0,2015-01-01T00:00:00Z,2015-01-01T00:00:00Z
http://www.wikidata.org/entity/Q19848894,http://www.wikidata.org/entity/Q15789,1.0,2015-01-01T00:00:00Z,2015-01-01T00:00:00Z
http://www.wikidata.org/entity/Q19948076,http://www.wikidata.org/entity/Q15789,3.0,2020-01-01T00:00:00Z,2020-01-01T00:00:00Z
http://www.wikidata.org/entity/Q20093885,http://www.wikidata.org/entity/Q4512,105.0,2018-01-01T00:00:00Z,2023-01-01T00:00:00Z
http://www.wikidata.org/entity/Q2053749,http://www.wikidata.org/entity/Q6463,7.0,2015-02-03T00:00:00Z,2015-09-20T00:00:00Z
http://www.wikidata.org/entity/Q205728,http://www.wikidata.org/entity/Q6463,58.0,2000-01-01T00:00:00Z,2002-01-01T00:00:00Z
http://www.wikidata.org/entity/Q2064561,http://www.wikidata.org/entity/Q15786,28.0,2001-01-01T00:00:00Z,2004-01-01T00:00:00Z
http://www.wikidata.org/entity/Q2065188,http://www.wikidata.org/entity/Q6463,1.0,2008-01-01T00:00:00Z,2008-01-01T00:00:00Z
http://www.wikidata.org/entity/Q207112,http://www.wikidata.org/entity/Q8466,1.0,2015-01-01T00:00:00Z,2016-01-01T00:00:00Z
http://www.wikidata.org/entity/Q208104,http://www.wikidata.org/entity/Q15789,79.0,2014-01-01T00:00:00Z,2017-01-01T00:00:00Z
http://www.wikidata.org/entity/Q208586,http://www.wikidata.org/entity/Q15755,20.0,2019-08-19T00:00:00Z,2020-06-30T00:00:00Z
http://www.wikidata.org/entity/Q2086024,http://www.wikidata.org/entity/Q6463,17.0,2002-01-01T00:00:00Z,2006-01-01T00:00:00Z
http://www.wikidata.org/entity/Q208673,http://www.wikidata.org/entity/Q4512,14.0,2013-01-24T00:00:00Z,2013-06-30T00:00:00Z
http://www.wikidata.org/entity/Q2087098,http://www.wikidata.org/entity/Q15755,0.0,2007-01-01T00:00:00Z,2008-01-01T00:00:00Z
http://www.wikidata.org/entity/Q210919,http://www.wikidata.org/entity/Q15789,12.0,2009-01-01T00:00:00Z,2011-01-01T00:00:00Z
http://www.wikidata.org/entity/Q2128159,http://www.wikidata.org/entity/Q8466,2.0,2000-01-01T00:00:00Z,2001-01-01T00:00:00Z
http://www.wikidata.org/entity/Q2129393,http://www.wikidata.org/entity/Q15786,7.0,2007-01-01T00:00:00Z,2008-01-01T00:00:00Z
http://www.wikidata.org/entity/Q213134,http://www.wikidata.org/entity/Q15786,7.0,2007-01-01T00:00:00Z,2008-01-01T00:00:00Z
http://www.wikidata.org/entity/Q2144856,http://www.wikidata.org/entity/Q6463,33.0,2007-01-01T00:00:00Z,2009-01-01T00:00:00Z
http://www.wikidata.org/entity/Q21541058,http://www.wikidata.org/entity/Q15789,2.0,2013-01-01T00:00:00Z,2014-01-01T00:00:00Z
http://www.wikidata.org/entity/Q215469,http://www.wikidata.org/entity/Q4512,40.0,2011-01-01T00:00:00Z,2012-01-01T00:00:00Z
http://www.wikidata.org/entity/Q2158444,http://www.wikidata.org/entity/Q6463,62.0,2004-01-01T00:00:00Z,2005-01-01T00:00:00Z
http://www.wikidata.org/entity/Q2159099,http://www.wikidata.org/entity/Q4512,1.0,2001-01-01T00:00:00Z,2003-01-01T00:00:00Z
http://www.wikidata.org/entity/Q2159578,http://www.wikidata.org/entity/Q4512,52.0,1997-01-01T00:00:00Z,2001-01-01T00:00:00Z
http://www.wikidata.org/entity/Q217089,http://www.wikidata.org/entity/Q4512,40.0,2013-01-01T00:00:00Z,2015-01-01T00:00:00Z
http://www.wikidata.org/entity/Q217089,http://www.wikidata.org/entity/Q15755,9.0,2011-01-01T00:00:00Z,2011-01-01T00:00:00Z
http://www.wikidata.org/entity/Q217089,http://www.wikidata.org/entity/Q15755,6.0,2017-01-01T00:00:00Z,2018-06-01T00:00:00Z
http://www.wikidata.org/entity/Q111050,http://www.wikidata.org/entity/Q8466,45.0,2015-01-01T00:00:00Z,2018-01-01T00:00:00Z
http://www.wikidata.org/entity/Q111714,http://www.wikidata.org/entity/Q15786,12.0,2000-01-01T00:00:00Z,2001-01-01T00:00:00Z
http://www.wikidata.org/entity/Q1118463,http://www.wikidata.org/entity/Q15786,44.0,1996-01-01T00:00:00Z,1999-01-01T00:00:00Z
http://www.wikidata.org/entity/Q1118463,http://www.wikidata.org/entity/Q6463,64.0,1999-01-01T00:00:00Z,2002-01-01T00:00:00Z
http://www.wikidata.org/entity/Q1125465,http://www.wikidata.org/entity/Q8466,90.0,2002-01-01T00:00:00Z,2006-01-01T00:00:00Z
http://www.wikidata.org/entity/Q113221,http://www.wikidata.org/entity/Q8466,22.0,2004-01-01T00:00:00Z,2008-01-01T00:00:00Z
http://www.wikidata.org/entity/Q113245,http://www.wikidata.org/entity/Q8466,9.0,2000-01-01T00:00:00Z,2001-01-01T00:00:00Z
http://www.wikidata.org/entity/Q1135783,http://www.wikidata.org/entity/Q6463,60.0,2001-01-01T00:00:00Z,2003-01-01T00:00:00Z
http://www.wikidata.org/entity/Q113862,http://www.wikidata.org/entity/Q4512,2.0,2009-01-01T00:00:00Z,2010-01-01T00:00:00Z
http://www.wikidata.org/entity/Q113862,http://www.wikidata.org/entity/Q8466,17.0,2010-01-01T00:00:00Z,2012-01-01T00:00:00Z
http://www.wikidata.org/entity/Q1140321,http://www.wikidata.org/entity/Q15786,7.0,2014-01-01T00:00:00Z,2015-01-01T00:00:00Z
http://www.wikidata.org/entity/Q114119,http://www.wikidata.org/entity/Q8466,26.0,2004-01-01T00:00:00Z,2006-01-01T00:00:00Z
http://www.wikidata.org/entity/Q1146567,http://www.wikidata.org/entity/Q8466,2.0,1995-01-01T00:00:00Z,2001-01-01T00:00:00Z
http://www.wikidata.org/entity/Q1151158,http://www.wikidata.org/entity/Q6463,14.0,2001-01-01T00:00:00Z,2003-01-01T00:00:00Z
http://www.wikidata.org/entity/Q11557367,http://www.wikidata.org/entity/Q4512,41.0,2016-08-26T00:00:00Z,2018-06-30T00:00:00Z
http://www.wikidata.org/entity/Q115750,http://www.wikidata.org/entity/Q15786,2.0,2008-01-01T00:00:00Z,2009-01-01T00:00:00Z
http://www.wikidata.org/entity/Q115859,http://www.wikidata.org/entity/Q4512,96.0,2009-01-01T00:00:00Z,2013-01-01T00:00:00Z
http://www.wikidata.org/entity/Q1160026,http://www.wikidata.org/entity/Q15786,0.0,2010-01-01T00:00:00Z,2011-01-01T00:00:00Z
http://www.wikidata.org/entity/Q1160574,http://www.wikidata.org/entity/Q15789,32.0,1997-01-01T00:00:00Z,1999-01-01T00:00:00Z
http://www.wikidata.org/entity/Q1160574,http://www.wikidata.org/entity/Q15755,23.0,1999-01-01T00:00:00Z,1999-01-01T00:00:00Z
http://www.wikidata.org/entity/Q116067,http://www.wikidata.org/entity/Q4512,5.0,2010-01-01T00:00:00Z,2011-01-01T00:00:00Z
http://www.wikidata.org/entity/Q1160701,http://www.wikidata.org/entity/Q15755,1.0,2010-01-01T00:00:00Z,2011-01-01T00:00:00Z
http://www.wikidata.org/entity/Q1160925,http://www.wikidata.org/entity/Q8466,2.0,1998-01-01T00:00:00Z,1999-01-01T00:00:00Z
http://www.wikidata.org/entity/Q1161275,http://www.wikidata.org/entity/Q15786,16.0,2014-01-01T00:00:00Z,2015-01-01T00:00:00Z
http://www.wikidata.org/entity/Q1162476,http://www.wikidata.org/entity/Q6463,29.0,1999-01-01T00:00:00Z,2004-01-01T00:00:00Z
http://www.wikidata.org/entity/Q1164012,http://www.wikidata.org/entity/Q15786,16.0,2004-01-01T00:00:00Z,2004-01-01T00:00:00Z
http://www.wikidata.org/entity/Q1164259,http://www.wikidata.org/entity/Q8466,1.0,2001-01-01T00:00:00Z,2004-01-01T00:00:00Z
http://www.wikidata.org/entity/Q1165934,http://www.wikidata.org/entity/Q8466,12.0,2009-01-01T00:00:00Z,2010-01-01T00:00:00Z
http://www.wikidata.org/entity/Q117193,http://www.wikidata.org/entity/Q8466,0.0,2006-01-01T00:00:00Z,2007-01-01T00:00:00Z
http://www.wikidata.org/entity/Q1174632,http://www.wikidata.org/entity/Q15789,8.0,2000-01-01T00:00:00Z,2001-01-01T00:00:00Z
http://www.wikidata.org/entity/Q1174749,http://www.wikidata.org/entity/Q8466,0.0,2012-01-01T00:00:00Z,2014-01-01T00:00:00Z
http://www.wikidata.org/entity/Q1178484,http://www.wikidata.org/entity/Q15755,1.0,2011-01-01T00:00:00Z,2013-01-01T00:00:00Z
http://www.wikidata.org/entity/Q1181083,http://www.wikidata.org/entity/Q15786,0.0,2006-01-01T00:00:00Z,2007-01-01T00:00:00Z
http://www.wikidata.org/entity/Q118207,http://www.wikidata.org/entity/Q8466,32.0,2008-01-01T00:00:00Z,2012-01-01T00:00:00Z
http://www.wikidata.org/entity/Q118700,http://www.wikidata.org/entity/Q4512,0.0,2011-01-01T00:00:00Z,2012-01-01T00:00:00Z
http://www.wikidata.org/entity/Q118719,http://www.wikidata.org/entity/Q6463,201.0,2006-01-01T00:00:00Z,2013-01-01T00:00:00Z
http://www.wikidata.org/entity/Q1187280,http://www.wikidata.org/entity/Q4512,116.0,2002-01-01T00:00:00Z,2006-01-01T00:00:00Z
http://www.wikidata.org/entity/Q1187510,http://www.wikidata.org/entity/Q8466,8.0,2012-01-01T00:00:00Z,2012-01-01T00:00:00Z
http://www.wikidata.org/entity/Q1187510,http://www.wikidata.org/entity/Q8466,8.0,2012-01-01T00:00:00Z,2013-01-01T00:00:00Z
http://www.wikidata.org/entity/Q1189509,http://www.wikidata.org/entity/Q15786,43.0,2008-01-01T00:00:00Z,2010-01-01T00:00:00Z
http://www.wikidata.org/entity/Q119407,http://www.wikidata.org/entity/Q4512,32.0,1986-01-01T00:00:00Z,2001-01-01T00:00:00Z
http://www.wikidata.org/entity/Q121038,http://www.wikidata.org/entity/Q15755,68.0,2002-01-01T00:00:00Z,2004-01-01T00:00:00Z
http://www.wikidata.org/entity/Q12156405,http://www.wikidata.org/entity/Q4512,18.0,2014-01-01T00:00:00Z,2016-01-01T00:00:00Z
http://www.wikidata.org/entity/Q122341,http://www.wikidata.org/entity/Q4512,55.0,2004-01-01T00:00:00Z,2007-01-01T00:00:00Z
http://www.wikidata.org/entity/Q122346,http://www.wikidata.org/entity/Q4512,9.0,2004-02-01T00:00:00Z,2005-01-01T00:00:00Z
http://www.wikidata.org/entity/Q122350,http://www.wikidata.org/entity/Q4512,103.0,2005-01-01T00:00:00Z,2009-01-01T00:00:00Z
http://www.wikidata.org/entity/Q122354,http://www.wikidata.org/entity/Q4512,0.0,2002-01-01T00:00:00Z,2005-01-01T00:00:00Z
http://www.wikidata.org/entity/Q122565,http://www.wikidata.org/entity/Q4512,47.0,2006-01-01T00:00:00Z,2009-01-01T00:00:00Z
http://www.wikidata.org/entity/Q1227807,http://www.wikidata.org/entity/Q6463,260.0,1990-01-01T00:00:00Z,1999-01-01T00:00:00Z
http://www.wikidata.org/entity/Q1228129,http://www.wikidata.org/entity/Q6463,47.0,1998-01-01T00:00:00Z,2000-01-01T00:00:00Z
http://www.wikidata.org/entity/Q1231405,http://www.wikidata.org/entity/Q15755,2.0,2009-01-01T00:00:00Z,2010-01-01T00:00:00Z
http://www.wikidata.org/entity/Q12369112,http://www.wikidata.org/entity/Q15789,2.0,2012-01-01T00:00:00Z,2014-01-01T00:00:00Z
http://www.wikidata.org/entity/Q694852,http://www.wikidata.org/entity/Q15789,16.0,2012-01-01T00:00:00Z,2015-01-01T00:00:00Z
http://www.wikidata.org/entity/Q694852,http://www.wikidata.org/entity/Q8466,13.0,2013-01-01T00:00:00Z,2013-01-01T00:00:00Z
http://www.wikidata.org/entity/Q695858,http://www.wikidata.org/entity/Q15786,19.0,2002-01-01T00:00:00Z,2002-01-01T00:00:00Z
http://www.wikidata.org/entity/Q696768,http://www.wikidata.org/entity/Q8466,64.0,2001-01-01T00:00:00Z,2004-01-01T00:00:00Z
http://www.wikidata.org/entity/Q69689,http://www.wikidata.org/entity/Q4512,135.0,1999-01-01T00:00:00Z,2007-01-01T00:00:00Z
http://www.wikidata.org/entity/Q69689,http://www.wikidata.org/entity/Q15786,14.0,1998-01-01T00:00:00Z,1999-01-01T00:00:00Z
http://www.wikidata.org/entity/Q697062,http://www.wikidata.org/entity/Q15786,45.0,2006-01-01T00:00:00Z,2009-01-01T00:00:00Z
http://www.wikidata.org/entity/Q697062,http://www.wikidata.org/entity/Q8466,62.0,2004-01-01T00:00:00Z,2006-01-01T00:00:00Z
http://www.wikidata.org/entity/Q697242,http://www.wikidata.org/entity/Q15755,98.0,2009-01-01T00:00:00Z,2013-01-01T00:00:00Z
http://www.wikidata.org/entity/Q697480,http://www.wikidata.org/entity/Q15789,13.0,2003-01-01T00:00:00Z,2005-01-01T00:00:00Z
http://www.wikidata.org/entity/Q69806,http://www.wikidata.org/entity/Q4512,3.0,2003-01-01T00:00:00Z,2007-01-01T00:00:00Z
http://www.wikidata.org/entity/Q698661,http://www.wikidata.org/entity/Q8466,117.0,1996-01-01T00:00:00Z,2001-01-01T00:00:00Z
http://www.wikidata.org/entity/Q698683,http://www.wikidata.org/entity/Q8466,39.0,1999-01-01T00:00:00Z,2001-01-01T00:00:00Z
http://www.wikidata.org/entity/Q698810,http://www.wikidata.org/entity/Q15786,0.0,2010-01-01T00:00:00Z,2011-01-01T00:00:00Z
http://www.wikidata.org/entity/Q698952,http://www.wikidata.org/entity/Q15789,1.0,2001-01-01T00:00:00Z,2002-01-01T00:00:00Z
http://www.wikidata.org/entity/Q699094,http://www.wikidata.org/entity/Q6463,15.0,2013-01-01T00:00:00Z,2014-01-01T00:00:00Z
http://www.wikidata.org/entity/Q699718,http://www.wikidata.org/entity/Q8466,105.0,2008-01-01T00:00:00Z,2012-01-01T00:00:00Z
http://www.wikidata.org/entity/Q699824,http://www.wikidata.org/entity/Q15789,2.0,1999-07-01T00:00:00Z,2000-08-01T00:00:00Z
http://www.wikidata.org/entity/Q699824,http://www.wikidata.org/entity/Q15786,40.0,2000-08-01T00:00:00Z,2001-10-04T00:00:00Z
http://www.wikidata.org/entity/Q700357,http://www.wikidata.org/entity/Q15786,4.0,2010-01-01T00:00:00Z,2012-01-01T00:00:00Z
http://www.wikidata.org/entity/Q701600,http://www.wikidata.org/entity/Q8466,11.0,2013-01-01T00:00:00Z,2015-01-01T00:00:00Z
http://www.wikidata.org/entity/Q702242,http://www.wikidata.org/entity/Q15786,67.0,2007-01-01T00:00:00Z,2009-01-01T00:00:00Z
http://www.wikidata.org/entity/Q702870,http://www.wikidata.org/entity/Q15755,33.0,2010-01-01T00:00:00Z,2012-01-01T00:00:00Z
http://www.wikidata.org/entity/Q702870,http://www.wikidata.org/entity/Q15755,10.0,2010-01-01T00:00:00Z,2010-01-01T00:00:00Z
http://www.wikidata.org/entity/Q703229,http://www.wikidata.org/entity/Q8466,200.0,1992-01-01T00:00:00Z,2000-01-01T00:00:00Z
http://www.wikidata.org/entity/Q703435,http://www.wikidata.org/entity/Q8466,54.0,2012-01-01T00:00:00Z,2014-01-01T00:00:00Z
http://www.wikidata.org/entity/Q704367,http://www.wikidata.org/entity/Q6463,23.0,2010-01-01T00:00:00Z,2012-01-01T00:00:00Z
http://www.wikidata.org/entity/Q704880,http://www.wikidata.org/entity/Q4512,89.0,1998-01-01T00:00:00Z,2001-01-01T00:00:00Z
http://www.wikidata.org/entity/Q704880,http://www.wikidata.org/entity/Q15789,16.0,2001-01-01T00:00:00Z,2003-01-01T00:00:00Z
http://www.wikidata.org/entity/Q705264,http://www.wikidata.org/entity/Q15789,1.0,2006-01-01T00:00:00Z,2009-01-01T00:00:00Z
http://www.wikidata.org/entity/Q705456,http://www.wikidata.org/entity/Q15786,24.0,2007-01-01T00:00:00Z,2011-01-01T00:00:00Z
http://www.wikidata.org/entity/Q706399,http://www.wikidata.org/entity/Q8466,3.0,2007-01-01T00:00:00Z,2007-01-01T00:00:00Z
http://www.wikidata.org/entity/Q706399,http://www.wikidata.org/entity/Q8466,3.0,2007-01-01T00:00:00Z,2008-01-01T00:00:00Z
http://www.wikidata.org/entity/Q709608,http://www.wikidata.org/entity/Q6463,20.0,2002-01-01T00:00:00Z,2003-01-01T00:00:00Z
http://www.wikidata.org/entity/Q7106909,http://www.wikidata.org/entity/Q6463,2.0,1998-01-01T00:00:00Z,1999-01-01T00:00:00Z
http://www.wikidata.org/entity/Q710886,http://www.wikidata.org/entity/Q8466,67.0,2006-01-01T00:00:00Z,2008-01-01T00:00:00Z
http://www.wikidata.org/entity/Q71128,http://www.wikidata.org/entity/Q4512,3.0,2007-01-01T00:00:00Z,2009-01-01T00:00:00Z
http://www.wikidata.org/entity/Q713661,http://www.wikidata.org/entity/Q4512,58.0,1997-01-01T00:00:00Z,1999-01-01T00:00:00Z
http://www.wikidata.org/entity/Q71403,http://www.wikidata.org/entity/Q6463,48.0,2001-01-01T00:00:00Z,2003-01-01T00:00:00Z
http://www.wikidata.org/entity/Q715963,http://www.wikidata.org/entity/Q8466,23.0,2011-01-01T00:00:00Z,2012-01-01T00:00:00Z
http://www.wikidata.org/entity/Q717131,http://www.wikidata.org/entity/Q8466,34.0,2005-01-01T00:00:00Z,2006-01-01T00:00:00Z
http://www.wikidata.org/entity/Q718997,http://www.wikidata.org/entity/Q15786,47.0,2002-01-01T00:00:00Z,2004-01-01T00:00:00Z
http://www.wikidata.org/entity/Q718997,http://www.wikidata.org/entity/Q15786,45.0,1998-01-01T00:00:00Z,1999-01-01T00:00:00Z
http://www.wikidata.org/entity/Q719382,http://www.wikidata.org/entity/Q15789,0.0,2012-01-01T00:00:00Z,2012-01-01T00:00:00Z
http://www.wikidata.org/entity/Q720139,http://www.wikidata.org/entity/Q8466,18.0,2005-01-01T00:00:00Z,2011-01-01T00:00:00Z
http://www.wikidata.org/entity/Q720879,http://www.wikidata.org/entity/Q15755,45.0,2009-01-01T00:00:00Z,2011-01-01T00:00:00Z
http://www.wikidata.org/entity/Q720879,http://www.wikidata.org/entity/Q4512,75.0,2011-01-01T00:00:00Z,2014-01-01T00:00:00Z
http://www.wikidata.org/entity/Q721832,http://www.wikidata.org/entity/Q6463,46.0,2006-01-01T00:00:00Z,2010-01-01T00:00:00Z
http://www.wikidata.org/entity/Q72214,http://www.wikidata.org/entity/Q15786,63.0,2011-01-02T00:00:00Z,2014-07-01T00:00:00Z
http://www.wikidata.org/entity/Q724232,http://www.wikidata.org/entity/Q4512,12.0,2001-01-01T00:00:00Z,2001-01-01T00:00:00Z
http://www.wikidata.org/entity/Q724232,http://www.wikidata.org/entity/Q4512,35.0,2001-01-01T00:00:00Z,2004-01-01T00:00:00Z
http://www.wikidata.org/entity/Q725150,http://www.wikidata.org/entity/Q8466,11.0,2006-01-01T00:00:00Z,2007-01-01T00:00:00Z
http://www.wikidata.org/entity/Q725414,http://www.wikidata.org/entity/Q8466,7.0,2001-01-01T00:00:00Z,2002-01-01T00:00:00Z
http://www.wikidata.org/entity/Q7280069,http://www.wikidata.org/entity/Q15786,7.0,2002-01-01T00:00:00Z,2003-01-01T00:00:00Z
http://www.wikidata.org/entity/Q7282365,http://www.wikidata.org/entity/Q15786,2.0,2003-01-01T00:00:00Z,2004-01-01T00:00:00Z
http://www.wikidata.org/entity/Q728367,http://www.wikidata.org/entity/Q6463,9.0,2011-01-01T00:00:00Z,2012-01-01T00:00:00Z
http://www.wikidata.org/entity/Q72894,http://www.wikidata.org/entity/Q8466,39.0,2010-01-01T00:00:00Z,2012-01-01T00:00:00Z
http://www.wikidata.org/entity/Q731192,http://www.wikidata.org/entity/Q15786,58.0,2011-01-01T00:00:00Z,2014-01-01T00:00:00Z
http://www.wikidata.org/entity/Q7322950,http://www.wikidata.org/entity/Q15786,0.0,1999-01-01T00:00:00Z,2001-01-01T00:00:00Z
http://www.wikidata.org/entity/Q73302,http://www.wikidata.org/entity/Q4512,4.0,2007-01-01T00:00:00Z,2009-01-01T00:00:00Z
http://www.wikidata.org/entity/Q7333955,http://www.wikidata.org/entity/Q15786,45.0,2017-07-07T00:00:00Z,2021-01-01T00:00:00Z
http://www.wikidata.org/entity/Q733494,http://www.wikidata.org/entity/Q15786,64.0,2012-01-01T00:00:00Z,2014-01-01T00:00:00Z
http://www.wikidata.org/entity/Q73611,http://www.wikidata.org/entity/Q4512,1.0,2007-01-01T00:00:00Z,2007-01-01T00:00:00Z
http://www.wikidata.org/entity/Q731192,http://www.wikidata.org/entity/Q8466,1.0,2007-01-01T00:00:00Z,
http://www.wikidata.org/entity/Q65507,http://www.wikidata.org/entity/Q4512,2.0,2007-01-01T00:00:00Z,2007-01-01T00:00:00Z
http://www.wikidata.org/entity/Q44742,http://www.wikidata.org/entity/Q15786,7.0,2010-01-01T00:00:00Z,2010-01-01T00:00:00Z
http://www.wikidata.org/entity/Q44742,http://www.wikidata.org/entity/Q15789,21.0,2008-01-01T00:00:00Z,2012-01-01T00:00:00Z
http://www.wikidata.org/entity/Q44815,http://www.wikidata.org/entity/Q15789,169.0,1997-01-01T00:00:00Z,2003-01-01T00:00:00Z
http://www.wikidata.org/entity/Q44834,http://www.wikidata.org/entity/Q15789,12.0,2008-01-01T00:00:00Z,2011-01-01T00:00:00Z
http://www.wikidata.org/entity/Q44983,http://www.wikidata.org/entity/Q8466,14.0,2013-01-01T00:00:00Z,2013-01-01T00:00:00Z
http://www.wikidata.org/entity/Q44983,http://www.wikidata.org/entity/Q8466,24.0,2010-01-01T00:00:00Z,2011-01-01T00:00:00Z
http://www.wikidata.org/entity/Q45766,http://www.wikidata.org/entity/Q4512,70.0,2018-01-01T00:00:00Z,2020-06-01T00:00:00Z
http://www.wikidata.org/entity/Q45766,http://www.wikidata.org/entity/Q15789,115.0,2009-01-01T00:00:00Z,2013-01-01T00:00:00Z
http://www.wikidata.org/entity/Q45766,http://www.wikidata.org/entity/Q4512,121.0,2003-01-01T00:00:00Z,2009-01-01T00:00:00Z
http://www.wikidata.org/entity/Q49796,http://www.wikidata.org/entity/Q8466,10.0,2009-01-01T00:00:00Z,2010-01-01T00:00:00Z
http://www.wikidata.org/entity/Q49801,http://www.wikidata.org/entity/Q15786,46.0,2003-01-01T00:00:00Z,2007-01-01T00:00:00Z
http://www.wikidata.org/entity/Q54094,http://www.wikidata.org/entity/Q4512,98.0,2006-01-01T00:00:00Z,2010-01-01T00:00:00Z
http://www.wikidata.org/entity/Q57114,http://www.wikidata.org/entity/Q4512,65.0,2008-01-01T00:00:00Z,2010-01-01T00:00:00Z
http://www.wikidata.org/entity/Q57142,http://www.wikidata.org/entity/Q4512,221.0,1999-01-01T00:00:00Z,2007-01-01T00:00:00Z
http://www.wikidata.org/entity/Q57148,http://www.wikidata.org/entity/Q15786,44.0,2001-01-01T00:00:00Z,2003-01-01T00:00:00Z
http://www.wikidata.org/entity/Q57148,http://www.wikidata.org/entity/Q4512,263.0,2003-01-01T00:00:00Z,2014-01-01T00:00:00Z
http://www.wikidata.org/entity/Q57152,http://www.wikidata.org/entity/Q4512,125.0,2005-01-01T00:00:00Z,2010-01-01T00:00:00Z
http://www.wikidata.org/entity/Q57167,http://www.wikidata.org/entity/Q15789,110.0,2002-01-01T00:00:00Z,2006-06-01T00:00:00Z
http://www.wikidata.org/entity/Q57167,http://www.wikidata.org/entity/Q15789,59.0,2007-06-01T00:00:00Z,2009-01-01T00:00:00Z
http://www.wikidata.org/entity/Q57217,http://www.wikidata.org/entity/Q4512,156.0,2000-01-01T00:00:00Z,2006-01-01T00:00:00Z
http://www.wikidata.org/entity/Q57433,http://www.wikidata.org/entity/Q4512,191.0,1993-01-01T00:00:00Z,2000-01-01T00:00:00Z
http://www.wikidata.org/entity/Q59627,http://www.wikidata.org/entity/Q15786,26.0,2012-01-01T00:00:00Z,2013-01-01T00:00:00Z
http://www.wikidata.org/entity/Q59659,http://www.wikidata.org/entity/Q15786,125.0,2008-01-01T00:00:00Z,2014-01-01T00:00:00Z
http://www.wikidata.org/entity/Q59786,http://www.wikidata.org/entity/Q15786,77.0,2010-01-01T00:00:00Z,2014-01-01T00:00:00Z
http://www.wikidata.org/entity/Q60122,http://www.wikidata.org/entity/Q4512,83.0,2008-01-01T00:00:00Z,2011-01-01T00:00:00Z
http://www.wikidata.org/entity/Q60191,http://www.wikidata.org/entity/Q4512,120.0,2006-01-01T00:00:00Z,2010-01-01T00:00:00Z
http://www.wikidata.org/entity/Q60315,http://www.wikidata.org/entity/Q4512,15.0,2008-01-01T00:00:00Z,2010-01-01T00:00:00Z
http://www.wikidata.org/entity/Q60315,http://www.wikidata.org/entity/Q15789,25.0,2017-01-01T00:00:00Z,2018-01-01T00:00:00Z
http://www.wikidata.org/entity/Q60340,http://www.wikidata.org/entity/Q15789,20.0,2021-06-27T00:00:00Z,2025-06-30T00:00:00Z
http://www.wikidata.org/entity/Q60340,http://www.wikidata.org/entity/Q4512,176.0,2008-01-01T00:00:00Z,2015-01-01T00:00:00Z
http://www.wikidata.org/entity/Q60340,http://www.wikidata.org/entity/Q15789,45.0,2015-07-01T00:00:00Z,2020-10-03T00:00:00Z
http://www.wikidata.org/entity/Q60360,http://www.wikidata.org/entity/Q4512,173.0,2010-01-01T00:00:00Z,2016-01-01T00:00:00Z
http://www.wikidata.org/entity/Q60536,http://www.wikidata.org/entity/Q15789,97.0,1995-01-01T00:00:00Z,2000-01-01T00:00:00Z
http://www.wikidata.org/entity/Q60834,http://www.wikidata.org/entity/Q4512,147.0,2009-01-01T00:00:00Z,2016-01-01T00:00:00Z
http://www.wikidata.org/entity/Q60836,http://www.wikidata.org/entity/Q4512,9.0,2012-01-01T00:00:00Z,2013-01-01T00:00:00Z
http://www.wikidata.org/entity/Q60841,http://www.wikidata.org/entity/Q15789,0.0,2010-01-01T00:00:00Z,2011-01-01T00:00:00Z
http://www.wikidata.org/entity/Q60841,http://www.wikidata.org/entity/Q15786,32.0,2010-01-01T00:00:00Z,2011-01-01T00:00:00Z
http://www.wikidata.org/entity/Q61219,http://www.wikidata.org/entity/Q4512,148.0,1994-01-01T00:00:00Z,1999-01-01T00:00:00Z
http://www.wikidata.org/entity/Q61225,http://www.wikidata.org/entity/Q15789,170.0,1994-01-01T00:00:00Z,2000-01-01T00:00:00Z
http://www.wikidata.org/entity/Q61225,http://www.wikidata.org/entity/Q4512,46.0,2004-01-01T00:00:00Z,2007-01-01T00:00:00Z
http://www.wikidata.org/entity/Q61230,http://www.wikidata.org/entity/Q4512,39.0,2004-01-01T00:00:00Z,2007-01-01T00:00:00Z
http://www.wikidata.org/entity/Q61230,http://www.wikidata.org/entity/Q4512,39.0,2010-01-01T00:00:00Z,2007-01-01T00:00:00Z
http://www.wikidata.org/entity/Q61371,http://www.wikidata.org/entity/Q4512,49.0,2008-01-01T00:00:00Z,2012-01-01T00:00:00Z
http://www.wikidata.org/entity/Q61371,http://www.wikidata.org/entity/Q15755,11.0,2018-01-01T00:00:00Z,2021-06-01T00:00:00Z
http://www.wikidata.org/entity/Q61371,http://www.wikidata.org/entity/Q15786,29.0,2010-01-01T00:00:00Z,2011-01-01T00:00:00Z
http://www.wikidata.org/entity/Q61382,http://www.wikidata.org/entity/Q4512,27.0,2008-01-01T00:00:00Z,2010-01-01T00:00:00Z
http://www.wikidata.org/entity/Q61792,http://www.wikidata.org/entity/Q4512,4.0,2012-01-01T00:00:00Z,2013-01-01T00:00:00Z
http://www.wikidata.org/entity/Q61799,http://www.wikidata.org/entity/Q15786,130.0,2001-01-01T00:00:00Z,2007-01-01T00:00:00Z
http://www.wikidata.org/entity/Q61799,http://www.wikidata.org/entity/Q4512,23.0,2007-01-01T00:00:00Z,2008-01-01T00:00:00Z
http://www.wikidata.org/entity/Q61812,http://www.wikidata.org/entity/Q4512,76.0,2009-01-01T00:00:00Z,2012-01-01T00:00:00Z
http://www.wikidata.org/entity/Q61812,http://www.wikidata.org/entity/Q15786,30.0,2012-01-01T00:00:00Z,2016-01-01T00:00:00Z
http://www.wikidata.org/entity/Q62802,http://www.wikidata.org/entity/Q4512,30.0,2009-01-01T00:00:00Z,2012-01-01T00:00:00Z
http://www.wikidata.org/entity/Q62814,http://www.wikidata.org/entity/Q4512,11.0,2007-01-01T00:00:00Z,2007-01-01T00:00:00Z
http://www.wikidata.org/entity/Q63028,http://www.wikidata.org/entity/Q4512,48.0,1998-01-01T00:00:00Z,2000-01-01T00:00:00Z
http://www.wikidata.org/entity/Q63088,http://www.wikidata.org/entity/Q4512,54.0,2002-01-01T00:00:00Z,2006-01-01T00:00:00Z
http://www.wikidata.org/entity/Q63720,http://www.wikidata.org/entity/Q4512,181.0,2006-01-01T00:00:00Z,2013-01-01T00:00:00Z
http://www.wikidata.org/entity/Q63720,http://www.wikidata.org/entity/Q15789,3.0,2016-01-01T00:00:00Z,2016-01-01T00:00:00Z
http://www.wikidata.org/entity/Q64035,http://www.wikidata.org/entity/Q4512,0.0,2010-01-01T00:00:00Z,2013-01-01T00:00:00Z
http://www.wikidata.org/entity/Q64035,http://www.wikidata.org/entity/Q4512,41.0,1994-01-01T00:00:00Z,1999-01-01T00:00:00Z
http://www.wikidata.org/entity/Q64141,http://www.wikidata.org/entity/Q4512,118.0,1996-01-01T00:00:00Z,2000-01-01T00:00:00Z
http://www.wikidata.org/entity/Q65297,http://www.wikidata.org/entity/Q15786,95.0,2011-01-01T00:00:00Z,2014-01-01T00:00:00Z
http://www.wikidata.org/entity/Q65507,http://www.wikidata.org/entity/Q15786,15.0,2008-01-01T00:00:00Z,2009-01-01T00:00:00Z
http://www.wikidata.org/entity/Q18342471,http://www.wikidata.org/entity/Q15755,40.0,2024-01-01T00:00:00Z,
http://www.wikidata.org/entity/Q18670270,http://www.wikidata.org/entity/Q15789,79.0,2023-01-01T00:00:00Z,
http://www.wikidata.org/entity/Q20723878,http://www.wikidata.org/entity/Q15789,126.0,2021-07-05T00:00:00Z,
http://www.wikidata.org/entity/Q18394009,http://www.wikidata.org/entity/Q15789,35.0,2016-01-01T00:00:00Z,2019-08-01T00:00:00Z
http://www.wikidata.org/entity/Q18410656,http://www.wikidata.org/entity/Q15786,0.0,2011-01-01T00:00:00Z,2015-01-01T00:00:00Z
http://www.wikidata.org/entity/Q18637429,http://www.wikidata.org/entity/Q4512,22.0,2022-09-01T00:00:00Z,2023-06-30T00:00:00Z
http://www.wikidata.org/entity/Q18637429,http://www.wikidata.org/entity/Q4512,28.0,2023-07-01T00:00:00Z,2024-07-18T00:00:00Z
http://www.wikidata.org/entity/Q1892775,http://www.wikidata.org/entity/Q6463,85.0,2013-01-01T00:00:00Z,2016-01-01T00:00:00Z
http://www.wikidata.org/entity/Q1892985,http://www.wikidata.org/entity/Q8466,0.0,2009-01-01T00:00:00Z,2010-01-01T00:00:00Z
http://www.wikidata.org/entity/Q1893192,http://www.wikidata.org/entity/Q4512,116.0,2013-01-31T00:00:00Z,2017-06-27T00:00:00Z
http://www.wikidata.org/entity/Q1894247,http://www.wikidata.org/entity/Q6463,85.0,1997-01-01T00:00:00Z,2000-01-01T00:00:00Z
http://www.wikidata.org/entity/Q189716,http://www.wikidata.org/entity/Q4512,7.0,2010-01-01T00:00:00Z,2011-01-01T00:00:00Z
http://www.wikidata.org/entity/Q1901361,http://www.wikidata.org/entity/Q6463,40.0,1996-01-01T00:00:00Z,2001-01-01T00:00:00Z
http://www.wikidata.org/entity/Q1901496,http://www.wikidata.org/entity/Q15786,2.0,2008-01-01T00:00:00Z,2009-01-01T00:00:00Z
http://www.wikidata.org/entity/Q1901638,http://www.wikidata.org/entity/Q15755,44.0,2004-01-01T00:00:00Z,2006-01-01T00:00:00Z
http://www.wikidata.org/entity/Q1903652,http://www.wikidata.org/entity/Q15786,112.0,1997-01-01T00:00:00Z,2004-01-01T00:00:00Z
http://www.wikidata.org/entity/Q1908466,http://www.wikidata.org/entity/Q15755,1.0,2013-01-01T00:00:00Z,2015-01-01T00:00:00Z
http://www.wikidata.org/entity/Q1909761,http://www.wikidata.org/entity/Q15755,8.0,2003-01-01T00:00:00Z,2003-01-01T00:00:00Z
http://www.wikidata.org/entity/Q1909970,http://www.wikidata.org/entity/Q8466,2.0,2004-01-01T00:00:00Z,2007-01-01T00:00:00Z
http://www.wikidata.org/entity/Q191848,http://www.wikidata.org/entity/Q4512,64.0,2008-01-01T00:00:00Z,2012-01-01T00:00:00Z
http://www.wikidata.org/entity/Q192671,http://www.wikidata.org/entity/Q15789,79.0,2015-01-01T00:00:00Z,2018-01-01T00:00:00Z
http://www.wikidata.org/entity/Q1928411,http://www.wikidata.org/entity/Q8466,14.0,2003-01-01T00:00:00Z,2007-01-01T00:00:00Z
http://www.wikidata.org/entity/Q1928551,http://www.wikidata.org/entity/Q6463,49.0,1997-01-01T00:00:00Z,1999-01-01T00:00:00Z
http://www.wikidata.org/entity/Q1929097,http://www.wikidata.org/entity/Q4512,4.0,2001-01-01T00:00:00Z,2003-01-01T00:00:00Z
http://www.wikidata.org/entity/Q1929203,http://www.wikidata.org/entity/Q15755,1.0,2009-01-01T00:00:00Z,2010-01-01T00:00:00Z
http://www.wikidata.org/entity/Q1929465,http://www.wikidata.org/entity/Q15789,50.0,2004-01-01T00:00:00Z,2006-01-01T00:00:00Z
http://www.wikidata.org/entity/Q1932597,http://www.wikidata.org/entity/Q15755,58.0,2002-01-01T00:00:00Z,2004-01-01T00:00:00Z
http://www.wikidata.org/entity/Q1932683,http://www.wikidata.org/entity/Q6463,15.0,1999-01-01T00:00:00Z,2000-01-01T00:00:00Z
http://www.wikidata.org/entity/Q1935698,http://www.wikidata.org/entity/Q15786,23.0,2002-01-01T00:00:00Z,2003-01-01T00:00:00Z
http://www.wikidata.org/entity/Q1937011,http://www.wikidata.org/entity/Q15786,42.0,2000-01-01T00:00:00Z,2002-01-01T00:00:00Z
http://www.wikidata.org/entity/Q1938313,http://www.wikidata.org/entity/Q15755,9.0,2003-01-01T00:00:00Z,2004-01-01T00:00:00Z
http://www.wikidata.org/entity/Q1950930,http://www.wikidata.org/entity/Q6463,61.0,2002-01-01T00:00:00Z,2005-01-01T00:00:00Z
http://www.wikidata.org/entity/Q1957072,http://www.wikidata.org/entity/Q15786,10.0,2008-01-01T00:00:00Z,2009-01-01T00:00:00Z
http://www.wikidata.org/entity/Q19599124,http://www.wikidata.org/entity/Q15789,111.0,2019-07-01T00:00:00Z,2023-08-30T00:00:00Z
http://www.wikidata.org/entity/Q19599124,http://www.wikidata.org/entity/Q4512,84.0,2016-01-01T00:00:00Z,2019-01-01T00:00:00Z
http://www.wikidata.org/entity/Q1965983,http://www.wikidata.org/entity/Q15755,1.0,2007-01-01T00:00:00Z,2008-01-01T00:00:00Z
http://www.wikidata.org/entity/Q1972904,http://www.wikidata.org/entity/Q4512,2.0,2008-01-01T00:00:00Z,2008-01-01T00:00:00Z
http://www.wikidata.org/entity/Q1973645,http://www.wikidata.org/entity/Q15755,4.0,2000-01-01T00:00:00Z,2000-01-01T00:00:00Z
http://www.wikidata.org/entity/Q197697,http://www.wikidata.org/entity/Q15755,36.0,2012-01-01T00:00:00Z,2016-01-01T00:00:00Z
http://www.wikidata.org/entity/Q1985990,http://www.wikidata.org/entity/Q6463,75.0,2000-01-01T00:00:00Z,2003-01-01T00:00:00Z
http://www.wikidata.org/entity/Q1990685,http://www.wikidata.org/entity/Q15755,16.0,2014-01-01T00:00:00Z,2015-01-01T00:00:00Z
http://www.wikidata.org/entity/Q1992426,http://www.wikidata.org/entity/Q6463,47.0,2009-01-01T00:00:00Z,2011-01-01T00:00:00Z
http://www.wikidata.org/entity/Q1994632,http://www.wikidata.org/entity/Q15786,3.0,2012-01-01T00:00:00Z,2014-01-01T00:00:00Z
http://www.wikidata.org/entity/Q2002677,http://www.wikidata.org/entity/Q8466,26.0,2006-01-01T00:00:00Z,2007-01-01T00:00:00Z
http://www.wikidata.org/entity/Q201752,http://www.wikidata.org/entity/Q15789,165.0,2012-01-01T00:00:00Z,2021-01-01T00:00:00Z
http://www.wikidata.org/entity/Q2020544,http://www.wikidata.org/entity/Q15755,48.0,2004-01-01T00:00:00Z,2006-01-01T00:00:00Z
http://www.wikidata.org/entity/Q202237,http://www.wikidata.org/entity/Q15789,6.0,2009-01-01T00:00:00Z,2009-01-01T00:00:00Z
http://www.wikidata.org/entity/Q202838,http://www.wikidata.org/entity/Q6463,2.0,2013-01-01T00:00:00Z,2014-01-01T00:00:00Z
http://www.wikidata.org/entity/Q203657,http://www.wikidata.org/entity/Q4512,30.0,2005-01-01T00:00:00Z,2007-01-01T00:00:00Z
http://www.wikidata.org/entity/Q205305,http://www.wikidata.org/entity/Q6463,22.0,2001-01-01T00:00:00Z,2002-01-01T00:00:00Z
http://www.wikidata.org/entity/Q2057417,http://www.wikidata.org/entity/Q15755,10.0,2003-01-01T00:00:00Z,2003-01-01T00:00:00Z
http://www.wikidata.org/entity/Q205778,http://www.wikidata.org/entity/Q4512,68.0,2009-01-01T00:00:00Z,2012-01-01T00:00:00Z
http://www.wikidata.org/entity/Q2057795,http://www.wikidata.org/entity/Q15755,1.0,2011-01-01T00:00:00Z,2011-01-01T00:00:00Z
http://www.wikidata.org/entity/Q2057795,http://www.wikidata.org/entity/Q15755,1.0,2011-01-01T00:00:00Z,2012-01-01T00:00:00Z
http://www.wikidata.org/entity/Q2057884,http://www.wikidata.org/entity/Q15755,0.0,2008-01-01T00:00:00Z,2008-01-01T00:00:00Z
http://www.wikidata.org/entity/Q2058042,http://www.wikidata.org/entity/Q8466,1.0,2003-01-01T00:00:00Z,2005-01-01T00:00:00Z
http://www.wikidata.org/entity/Q2058049,http://www.wikidata.org/entity/Q15789,82.0,1996-01-01T00:00:00Z,2000-01-01T00:00:00Z
http://www.wikidata.org/entity/Q2058057,http://www.wikidata.org/entity/Q8466,23.0,2015-01-01T00:00:00Z,2015-01-01T00:00:00Z
http://www.wikidata.org/entity/Q2058086,http://www.wikidata.org/entity/Q6463,58.0,2005-01-01T00:00:00Z,2010-01-01T00:00:00Z
http://www.wikidata.org/entity/Q20807063,http://www.wikidata.org/entity/Q15786,26.0,2009-01-01T00:00:00Z,2011-01-01T00:00:00Z
http://www.wikidata.org/entity/Q101527,http://www.wikidata.org/entity/Q6463,89.0,1998-01-01T00:00:00Z,2003-01-01T00:00:00Z
http://www.wikidata.org/entity/Q101745,http://www.wikidata.org/entity/Q4512,5.0,2001-01-01T00:00:00Z,2008-01-01T00:00:00Z
http://www.wikidata.org/entity/Q102170,http://www.wikidata.org/entity/Q4512,0.0,2012-01-01T00:00:00Z,2013-01-01T00:00:00Z
http://www.wikidata.org/entity/Q102189,http://www.wikidata.org/entity/Q15755,19.0,2004-01-01T00:00:00Z,2005-01-01T00:00:00Z
http://www.wikidata.org/entity/Q102189,http://www.wikidata.org/entity/Q4512,1.0,2001-01-01T00:00:00Z,2002-01-01T00:00:00Z
http://www.wikidata.org/entity/Q102189,http://www.wikidata.org/entity/Q6463,52.0,2006-01-01T00:00:00Z,2008-01-01T00:00:00Z
http://www.wikidata.org/entity/Q102202,http://www.wikidata.org/entity/Q4512,1.0,2001-01-01T00:00:00Z,2003-01-01T00:00:00Z
http://www.wikidata.org/entity/Q103372,http://www.wikidata.org/entity/Q4512,1.0,2001-01-01T00:00:00Z,2002-01-01T00:00:00Z
http://www.wikidata.org/entity/Q103384,http://www.wikidata.org/entity/Q4512,23.0,1997-01-01T00:00:00Z,2001-01-01T00:00:00Z
http://www.wikidata.org/entity/Q104454,http://www.wikidata.org/entity/Q15789,73.0,2013-01-01T00:00:00Z,2016-01-01T00:00:00Z
http://www.wikidata.org/entity/Q10459870,http://www.wikidata.org/entity/Q15786,2.0,2003-01-01T00:00:00Z,2004-01-01T00:00:00Z
http://www.wikidata.org/entity/Q10490646,http://www.wikidata.org/entity/Q15789,15.0,2009-01-01T00:00:00Z,20009-01-01T00:00:00Z
http://www.wikidata.org/entity/Q10526787,http://www.wikidata.org/entity/Q4512,21.0,2019-01-01T00:00:00Z,2020-01-01T00:00:00Z
http://www.wikidata.org/entity/Q10526787,http://www.wikidata.org/entity/Q4512,99.0,2020-01-01T00:00:00Z,2023-01-01T00:00:00Z
http://www.wikidata.org/entity/Q10547424,http://www.wikidata.org/entity/Q6463,14.0,2019-08-22T00:00:00Z,2020-06-30T00:00:00Z
http://www.wikidata.org/entity/Q105921,http://www.wikidata.org/entity/Q8466,65.0,2002-01-01T00:00:00Z,2005-01-01T00:00:00Z
http://www.wikidata.org/entity/Q106387,http://www.wikidata.org/entity/Q15786,73.0,2003-01-01T00:00:00Z,2006-01-01T00:00:00Z
http://www.wikidata.org/entity/Q107076,http://www.wikidata.org/entity/Q15789,29.0,2004-01-01T00:00:00Z,2005-01-01T00:00:00Z
http://www.wikidata.org/entity/Q107829,http://www.wikidata.org/entity/Q6463,27.0,2010-01-01T00:00:00Z,2011-01-01T00:00:00Z
http://www.wikidata.org/entity/Q1079757,http://www.wikidata.org/entity/Q6463,16.0,2002-01-01T00:00:00Z,2003-01-01T00:00:00Z
http://www.wikidata.org/entity/Q1080167,http://www.wikidata.org/entity/Q15789,65.0,2002-01-01T00:00:00Z,2004-01-01T00:00:00Z
http://www.wikidata.org/entity/Q1080264,http://www.wikidata.org/entity/Q8466,2.0,2007-01-01T00:00:00Z,2008-01-01T00:00:00Z
http://www.wikidata.org/entity/Q1080264,http://www.wikidata.org/entity/Q8466,2.0,2007-01-01T00:00:00Z,2007-01-01T00:00:00Z
http://www.wikidata.org/entity/Q1080689,http://www.wikidata.org/entity/Q15755,7.0,2003-01-01T00:00:00Z,2007-01-01T00:00:00Z
http://www.wikidata.org/entity/Q1080689,http://www.wikidata.org/entity/Q15755,63.0,1998-01-01T00:00:00Z,2000-01-01T00:00:00Z
http://www.wikidata.org/entity/Q1081185,http://www.wikidata.org/entity/Q15786,50.0,1999-01-01T00:00:00Z,2002-01-01T00:00:00Z
http://www.wikidata.org/entity/Q1081201,http://www.wikidata.org/entity/Q15755,21.0,2008-01-01T00:00:00Z,2009-01-01T00:00:00Z
http://www.wikidata.org/entity/Q108491,http://www.wikidata.org/entity/Q4512,1.0,2008-01-01T00:00:00Z,2008-01-01T00:00:00Z
http://www.wikidata.org/entity/Q1085752,http://www.wikidata.org/entity/Q15786,0.0,2010-01-01T00:00:00Z,2012-01-01T00:00:00Z
http://www.wikidata.org/entity/Q1086081,http://www.wikidata.org/entity/Q8466,1.0,2007-01-01T00:00:00Z,2007-01-01T00:00:00Z
http://www.wikidata.org/entity/Q1086492,http://www.wikidata.org/entity/Q6463,28.0,2012-01-01T00:00:00Z,2013-01-01T00:00:00Z
http://www.wikidata.org/entity/Q1086810,http://www.wikidata.org/entity/Q8466,12.0,2008-01-01T00:00:00Z,2009-01-01T00:00:00Z
http://www.wikidata.org/entity/Q108863,http://www.wikidata.org/entity/Q4512,3.0,2012-01-01T00:00:00Z,2013-01-01T00:00:00Z
http://www.wikidata.org/entity/Q108982,http://www.wikidata.org/entity/Q4512,5.0,1998-01-01T00:00:00Z,1999-01-01T00:00:00Z
http://www.wikidata.org/entity/Q108986,http://www.wikidata.org/entity/Q4512,2.0,2012-01-01T00:00:00Z,2013-01-01T00:00:00Z
http://www.wikidata.org/entity/Q109397,http://www.wikidata.org/entity/Q15789,50.0,2012-01-01T00:00:00Z,2015-01-01T00:00:00Z
http://www.wikidata.org/entity/Q109397,http://www.wikidata.org/entity/Q15789,174.0,2001-01-01T00:00:00Z,2007-01-01T00:00:00Z
http://www.wikidata.org/entity/Q109417,http://www.wikidata.org/entity/Q15786,57.0,2007-01-01T00:00:00Z,2010-01-01T00:00:00Z
http://www.wikidata.org/entity/Q1094301,http://www.wikidata.org/entity/Q4512,3.0,2013-01-01T00:00:00Z,2013-01-01T00:00:00Z
http://www.wikidata.org/entity/Q109850,http://www.wikidata.org/entity/Q4512,78.0,1990-01-01T00:00:00Z,2002-01-01T00:00:00Z
http://www.wikidata.org/entity/Q109853508,http://www.wikidata.org/entity/Q15789,7.0,2024-02-01T00:00:00Z,2024-06-30T00:00:00Z
http://www.wikidata.org/entity/Q110053,http://www.wikidata.org/entity/Q15789,74.0,2016-01-01T00:00:00Z,2019-06-01T00:00:00Z
http://www.wikidata.org/entity/Q110053,http://www.wikidata.org/entity/Q15789,1.0,2007-01-01T00:00:00Z,2009-01-01T00:00:00Z
http://www.wikidata.org/entity/Q11059683,http://www.wikidata.org/entity/Q15789,17.0,2013-01-01T00:00:00Z,2015-01-01T00:00:00Z
http://www.wikidata.org/entity/Q11059683,http://www.wikidata.org/entity/Q15755,16.0,2015-01-01T00:00:00Z,2015-06-01T00:00:00Z
http://www.wikidata.org/entity/Q100272666,http://www.wikidata.org/entity/Q15789,2.0,2023-08-25T00:00:00Z,
http://www.wikidata.org/entity/Q105062229,http://www.wikidata.org/entity/Q15786,9.0,2020-01-01T00:00:00Z,
http://www.wikidata.org/entity/Q105298474,http://www.wikidata.org/entity/Q6463,7.0,2025-01-01T00:00:00Z,
http://www.wikidata.org/entity/Q107365,http://www.wikidata.org/entity/Q15789,386.0,2011-01-01T00:00:00Z,
http://www.wikidata.org/entity/Q109853508,http://www.wikidata.org/entity/Q15789,0.0,2024-07-01T00:00:00Z,
http://www.wikidata.org/entity/Q110611871,http://www.wikidata.org/entity/Q15789,4.0,2022-01-01T00:00:00Z,
http://www.wikidata.org/entity/Q15835255,http://www.wikidata.org/entity/Q4512,9.0,2000-01-01T00:00:00Z,2001-01-01T00:00:00Z
http://www.wikidata.org/entity/Q1620907,http://www.wikidata.org/entity/Q15755,1.0,2001-01-01T00:00:00Z,2002-01-01T00:00:00Z
http://www.wikidata.org/entity/Q1624622,http://www.wikidata.org/entity/Q15789,97.0,1996-01-01T00:00:00Z,2000-01-01T00:00:00Z
http://www.wikidata.org/entity/Q163040,http://www.wikidata.org/entity/Q15789,165.0,1998-01-01T00:00:00Z,2005-01-01T00:00:00Z
http://www.wikidata.org/entity/Q1631258,http://www.wikidata.org/entity/Q8466,34.0,2010-01-01T00:00:00Z,2012-01-01T00:00:00Z
http://www.wikidata.org/entity/Q1631258,http://www.wikidata.org/entity/Q8466,34.0,2009-01-01T00:00:00Z,2010-01-01T00:00:00Z
http://www.wikidata.org/entity/Q1631632,http://www.wikidata.org/entity/Q4512,56.0,2004-01-01T00:00:00Z,2006-01-01T00:00:00Z
http://www.wikidata.org/entity/Q1633552,http://www.wikidata.org/entity/Q8466,12.0,2012-01-01T00:00:00Z,2015-01-01T00:00:00Z
http://www.wikidata.org/entity/Q1636623,http://www.wikidata.org/entity/Q6463,15.0,2004-01-01T00:00:00Z,2005-01-01T00:00:00Z
http://www.wikidata.org/entity/Q163666,http://www.wikidata.org/entity/Q15789,3.0,2014-01-01T00:00:00Z,2015-01-01T00:00:00Z
http://www.wikidata.org/entity/Q1643925,http://www.wikidata.org/entity/Q4512,32.0,2001-01-01T00:00:00Z,2002-01-01T00:00:00Z
http://www.wikidata.org/entity/Q164676,http://www.wikidata.org/entity/Q15786,14.0,2013-01-01T00:00:00Z,2014-01-01T00:00:00Z
http://www.wikidata.org/entity/Q16499882,http://www.wikidata.org/entity/Q15789,153.0,2020-07-01T00:00:00Z,2025-01-01T00:00:00Z
http://www.wikidata.org/entity/Q16509199,http://www.wikidata.org/entity/Q8466,1.0,2014-01-01T00:00:00Z,2014-01-01T00:00:00Z
http://www.wikidata.org/entity/Q16528455,http://www.wikidata.org/entity/Q15786,51.0,2014-01-01T00:00:00Z,2016-01-01T00:00:00Z
http://www.wikidata.org/entity/Q16528455,http://www.wikidata.org/entity/Q15789,0.0,2014-01-01T00:00:00Z,2014-01-01T00:00:00Z
http://www.wikidata.org/entity/Q1656022,http://www.wikidata.org/entity/Q15755,20.0,2008-01-01T00:00:00Z,2009-01-01T00:00:00Z
http://www.wikidata.org/entity/Q1658530,http://www.wikidata.org/entity/Q8466,10.0,2011-01-01T00:00:00Z,2012-01-01T00:00:00Z
http://www.wikidata.org/entity/Q1663118,http://www.wikidata.org/entity/Q15755,2.0,2000-01-01T00:00:00Z,2004-01-01T00:00:00Z
http://www.wikidata.org/entity/Q1670438,http://www.wikidata.org/entity/Q8466,2.0,2003-01-01T00:00:00Z,2004-01-01T00:00:00Z
http://www.wikidata.org/entity/Q16751588,http://www.wikidata.org/entity/Q6463,11.0,1998-01-01T00:00:00Z,2000-01-01T00:00:00Z
http://www.wikidata.org/entity/Q1676009,http://www.wikidata.org/entity/Q4512,1.0,2005-01-01T00:00:00Z,2006-01-01T00:00:00Z
http://www.wikidata.org/entity/Q1676009,http://www.wikidata.org/entity/Q4512,0.0,2003-01-01T00:00:00Z,2005-01-01T00:00:00Z
http://www.wikidata.org/entity/Q1676099,http://www.wikidata.org/entity/Q8466,0.0,2008-01-01T00:00:00Z,2010-01-01T00:00:00Z
http://www.wikidata.org/entity/Q1676277,http://www.wikidata.org/entity/Q15755,18.0,2004-01-01T00:00:00Z,2006-01-01T00:00:00Z
http://www.wikidata.org/entity/Q167962,http://www.wikidata.org/entity/Q15789,160.0,1998-01-01T00:00:00Z,2006-01-01T00:00:00Z
http://www.wikidata.org/entity/Q1682045,http://www.wikidata.org/entity/Q15789,57.0,2003-01-01T00:00:00Z,2006-01-01T00:00:00Z
http://www.wikidata.org/entity/Q1684099,http://www.wikidata.org/entity/Q15786,273.0,1986-01-01T00:00:00Z,1999-01-01T00:00:00Z
http://www.wikidata.org/entity/Q1684790,http://www.wikidata.org/entity/Q6463,26.0,1999-01-01T00:00:00Z,2001-01-01T00:00:00Z
http://www.wikidata.org/entity/Q16860061,http://www.wikidata.org/entity/Q15786,1.0,2014-01-01T00:00:00Z,2014-01-01T00:00:00Z
http://www.wikidata.org/entity/Q1687342,http://www.wikidata.org/entity/Q4512,7.0,2003-01-01T00:00:00Z,2004-01-01T00:00:00Z
http://www.wikidata.org/entity/Q1687342,http://www.wikidata.org/entity/Q6463,26.0,2002-01-01T00:00:00Z,2003-01-01T00:00:00Z
http://www.wikidata.org/entity/Q1687747,http://www.wikidata.org/entity/Q4512,2.0,2015-01-01T00:00:00Z,2016-01-01T00:00:00Z
http://www.wikidata.org/entity/Q16888045,http://www.wikidata.org/entity/Q8466,44.0,2012-07-01T00:00:00Z,2016-06-30T00:00:00Z
http://www.wikidata.org/entity/Q1689197,http://www.wikidata.org/entity/Q6463,1.0,2008-01-01T00:00:00Z,2012-01-01T00:00:00Z
http://www.wikidata.org/entity/Q1689206,http://www.wikidata.org/entity/Q6463,15.0,2001-01-01T00:00:00Z,2002-01-01T00:00:00Z
http://www.wikidata.org/entity/Q168944,http://www.wikidata.org/entity/Q15755,116.0,2002-01-01T00:00:00Z,2007-01-01T00:00:00Z
http://www.wikidata.org/entity/Q1690488,http://www.wikidata.org/entity/Q15755,20.0,2002-01-01T00:00:00Z,2003-01-01T00:00:00Z
http://www.wikidata.org/entity/Q169993,http://www.wikidata.org/entity/Q15789,18.0,2004-01-01T00:00:00Z,2010-01-01T00:00:00Z
http://www.wikidata.org/entity/Q170150,http://www.wikidata.org/entity/Q15789,143.0,1996-01-01T00:00:00Z,2002-01-01T00:00:00Z
http://www.wikidata.org/entity/Q170150,http://www.wikidata.org/entity/Q8466,30.0,2004-01-01T00:00:00Z,2006-01-01T00:00:00Z
http://www.wikidata.org/entity/Q1711285,http://www.wikidata.org/entity/Q15755,66.0,2004-01-01T00:00:00Z,2007-01-01T00:00:00Z
http://www.wikidata.org/entity/Q1711947,http://www.wikidata.org/entity/Q15786,0.0,2011-01-01T00:00:00Z,2012-01-01T00:00:00Z
http://www.wikidata.org/entity/Q17505049,http://www.wikidata.org/entity/Q6463,19.0,2014-01-01T00:00:00Z,2016-01-01T00:00:00Z
http://www.wikidata.org/entity/Q17505880,http://www.wikidata.org/entity/Q15789,7.0,2014-01-01T00:00:00Z,2016-01-01T00:00:00Z
http://www.wikidata.org/entity/Q17521545,http://www.wikidata.org/entity/Q6463,28.0,2013-01-01T00:00:00Z,2014-01-01T00:00:00Z
http://www.wikidata.org/entity/Q17521545,http://www.wikidata.org/entity/Q6463,3.0,2014-01-01T00:00:00Z,2015-01-01T00:00:00Z
http://www.wikidata.org/entity/Q15772,http://www.wikidata.org/entity/Q15789,0.0,1998-01-01T00:00:00Z,1999-01-01T00:00:00Z
http://www.wikidata.org/entity/Q653463,http://www.wikidata.org/entity/Q8466,7.0,2007-01-01T00:00:00Z,2007-01-01T00:00:00Z
http://www.wikidata.org/entity/Q654823,http://www.wikidata.org/entity/Q15789,0.0,2011-01-01T00:00:00Z,2013-01-01T00:00:00Z
http://www.wikidata.org/entity/Q655664,http://www.wikidata.org/entity/Q4512,109.0,1996-01-01T00:00:00Z,2001-01-01T00:00:00Z
http://www.wikidata.org/entity/Q65576,http://www.wikidata.org/entity/Q6463,257.0,1993-01-01T00:00:00Z,2004-01-01T00:00:00Z
http://www.wikidata.org/entity/Q657182,http://www.wikidata.org/entity/Q8466,15.0,2012-01-01T00:00:00Z,2014-01-01T00:00:00Z
http://www.wikidata.org/entity/Q657192,http://www.wikidata.org/entity/Q15786,7.0,2009-01-01T00:00:00Z,2010-01-01T00:00:00Z
http://www.wikidata.org/entity/Q65801,http://www.wikidata.org/entity/Q4512,12.0,2010-01-01T00:00:00Z,2011-01-01T00:00:00Z
http://www.wikidata.org/entity/Q659612,http://www.wikidata.org/entity/Q4512,6.0,2005-01-01T00:00:00Z,2007-01-01T00:00:00Z
http://www.wikidata.org/entity/Q661794,http://www.wikidata.org/entity/Q15786,24.0,2014-01-01T00:00:00Z,2015-01-01T00:00:00Z
http://www.wikidata.org/entity/Q66186,http://www.wikidata.org/entity/Q4512,13.0,2005-01-01T00:00:00Z,2007-01-01T00:00:00Z
http://www.wikidata.org/entity/Q662971,http://www.wikidata.org/entity/Q15786,9.0,2008-01-01T00:00:00Z,2009-01-01T00:00:00Z
http://www.wikidata.org/entity/Q662971,http://www.wikidata.org/entity/Q15786,9.0,2008-01-01T00:00:00Z,2008-01-01T00:00:00Z
http://www.wikidata.org/entity/Q66301,http://www.wikidata.org/entity/Q4512,2.0,2007-01-01T00:00:00Z,2008-01-01T00:00:00Z
http://www.wikidata.org/entity/Q663918,http://www.wikidata.org/entity/Q6463,71.0,2009-01-01T00:00:00Z,2012-01-01T00:00:00Z
http://www.wikidata.org/entity/Q664649,http://www.wikidata.org/entity/Q4512,25.0,2013-01-01T00:00:00Z,2015-01-01T00:00:00Z
http://www.wikidata.org/entity/Q664703,http://www.wikidata.org/entity/Q6463,26.0,2010-01-01T00:00:00Z,2011-01-01T00:00:00Z
http://www.wikidata.org/entity/Q664767,http://www.wikidata.org/entity/Q15786,65.0,2008-01-01T00:00:00Z,2012-01-01T00:00:00Z
http://www.wikidata.org/entity/Q664780,http://www.wikidata.org/entity/Q15786,21.0,2008-01-01T00:00:00Z,2011-01-01T00:00:00Z
http://www.wikidata.org/entity/Q666436,http://www.wikidata.org/entity/Q15786,76.0,2009-01-01T00:00:00Z,2012-01-01T00:00:00Z
http://www.wikidata.org/entity/Q667596,http://www.wikidata.org/entity/Q15789,19.0,2023-01-01T00:00:00Z,2023-08-01T00:00:00Z
http://www.wikidata.org/entity/Q669207,http://www.wikidata.org/entity/Q15755,10.0,2008-01-01T00:00:00Z,2010-01-01T00:00:00Z
http://www.wikidata.org/entity/Q66925,http://www.wikidata.org/entity/Q4512,41.0,1999-01-01T00:00:00Z,2003-01-01T00:00:00Z
http://www.wikidata.org/entity/Q669900,http://www.wikidata.org/entity/Q15786,1.0,2011-01-01T00:00:00Z,2011-01-01T00:00:00Z
http://www.wikidata.org/entity/Q671430,http://www.wikidata.org/entity/Q8466,21.0,2016-08-12T00:00:00Z,2017-10-10T00:00:00Z
http://www.wikidata.org/entity/Q671731,http://www.wikidata.org/entity/Q6463,38.0,1999-01-01T00:00:00Z,2002-01-01T00:00:00Z
http://www.wikidata.org/entity/Q671761,http://www.wikidata.org/entity/Q15789,3.0,2000-01-01T00:00:00Z,2001-01-01T00:00:00Z
http://www.wikidata.org/entity/Q673252,http://www.wikidata.org/entity/Q6463,15.0,2014-01-01T00:00:00Z,2015-01-01T00:00:00Z
http://www.wikidata.org/entity/Q673428,http://www.wikidata.org/entity/Q15786,58.0,2004-01-01T00:00:00Z,2006-01-01T00:00:00Z
http://www.wikidata.org/entity/Q675344,http://www.wikidata.org/entity/Q15755,13.0,2004-01-01T00:00:00Z,2005-01-01T00:00:00Z
http://www.wikidata.org/entity/Q67631,http://www.wikidata.org/entity/Q4512,13.0,2013-01-01T00:00:00Z,2015-01-01T00:00:00Z
http://www.wikidata.org/entity/Q677949,http://www.wikidata.org/entity/Q15786,14.0,2008-01-01T00:00:00Z,2009-01-01T00:00:00Z
http://www.wikidata.org/entity/Q678868,http://www.wikidata.org/entity/Q15755,14.0,2004-01-01T00:00:00Z,2004-01-01T00:00:00Z
http://www.wikidata.org/entity/Q680641,http://www.wikidata.org/entity/Q8466,138.0,1996-01-01T00:00:00Z,2001-01-01T00:00:00Z
http://www.wikidata.org/entity/Q68122,http://www.wikidata.org/entity/Q6463,56.0,2011-01-01T00:00:00Z,2013-01-01T00:00:00Z
http://www.wikidata.org/entity/Q68122,http://www.wikidata.org/entity/Q4512,9.0,2010-01-01T00:00:00Z,2014-01-01T00:00:00Z
http://www.wikidata.org/entity/Q681519,http://www.wikidata.org/entity/Q6463,69.0,2008-01-01T00:00:00Z,2011-01-01T00:00:00Z
http://www.wikidata.org/entity/Q683530,http://www.wikidata.org/entity/Q6463,66.0,2009-01-01T00:00:00Z,2011-01-01T00:00:00Z
http://www.wikidata.org/entity/Q68373,http://www.wikidata.org/entity/Q4512,14.0,1999-01-01T00:00:00Z,2001-01-01T00:00:00Z
http://www.wikidata.org/entity/Q685420,http://www.wikidata.org/entity/Q8466,48.0,2008-01-01T00:00:00Z,2013-01-01T00:00:00Z
http://www.wikidata.org/entity/Q685796,http://www.wikidata.org/entity/Q15786,111.0,2008-01-01T00:00:00Z,2012-01-01T00:00:00Z
http://www.wikidata.org/entity/Q688299,http://www.wikidata.org/entity/Q15786,173.0,1995-01-01T00:00:00Z,2002-01-01T00:00:00Z
http://www.wikidata.org/entity/Q689883,http://www.wikidata.org/entity/Q8466,14.0,2009-01-01T00:00:00Z,2010-01-01T00:00:00Z
http://www.wikidata.org/entity/Q690129,http://www.wikidata.org/entity/Q8466,37.0,2002-01-01T00:00:00Z,2005-01-01T00:00:00Z
http://www.wikidata.org/entity/Q691285,http://www.wikidata.org/entity/Q6463,15.0,2015-01-01T00:00:00Z,2015-01-01T00:00:00Z
http://www.wikidata.org/entity/Q691578,http://www.wikidata.org/entity/Q15786,32.0,2009-01-01T00:00:00Z,2010-01-01T00:00:00Z
http://www.wikidata.org/entity/Q691911,http://www.wikidata.org/entity/Q4512,36.0,2015-01-01T00:00:00Z,2017-01-01T00:00:00Z
http://www.wikidata.org/entity/Q692353,http://www.wikidata.org/entity/Q15755,27.0,2010-01-01T00:00:00Z,2014-01-01T00:00:00Z
http://www.wikidata.org/entity/Q1560347,http://www.wikidata.org/entity/Q4512,7.0,1998-01-01T00:00:00Z,1999-01-01T00:00:00Z
http://www.wikidata.org/entity/Q1560544,http://www.wikidata.org/entity/Q6463,36.0,2006-01-01T00:00:00Z,2008-01-01T00:00:00Z
http://www.wikidata.org/entity/Q156638,http://www.wikidata.org/entity/Q8466,3.0,2003-01-01T00:00:00Z,2004-01-01T00:00:00Z
http://www.wikidata.org/entity/Q156802,http://www.wikidata.org/entity/Q15789,27.0,2004-01-01T00:00:00Z,2006-01-01T00:00:00Z
http://www.wikidata.org/entity/Q156822,http://www.wikidata.org/entity/Q15789,144.0,2004-01-01T00:00:00Z,2009-01-01T00:00:00Z
http://www.wikidata.org/entity/Q1568284,http://www.wikidata.org/entity/Q8466,17.0,2002-01-01T00:00:00Z,2004-01-01T00:00:00Z
http://www.wikidata.org/entity/Q157839,http://www.wikidata.org/entity/Q15789,65.0,2003-01-01T00:00:00Z,2010-01-01T00:00:00Z
http://www.wikidata.org/entity/Q1579742,http://www.wikidata.org/entity/Q15786,58.0,2010-01-01T00:00:00Z,2013-01-01T00:00:00Z
http://www.wikidata.org/entity/Q158243,http://www.wikidata.org/entity/Q15789,3.0,2002-01-01T00:00:00Z,2004-01-01T00:00:00Z
http://www.wikidata.org/entity/Q158243,http://www.wikidata.org/entity/Q15786,28.0,2007-01-01T00:00:00Z,2008-01-01T00:00:00Z
http://www.wikidata.org/entity/Q158367,http://www.wikidata.org/entity/Q4512,26.0,2016-01-01T00:00:00Z,2017-03-01T00:00:00Z
http://www.wikidata.org/entity/Q15842767,http://www.wikidata.org/entity/Q6463,22.0,2012-01-01T00:00:00Z,2014-01-01T00:00:00Z
http://www.wikidata.org/entity/Q1586181,http://www.wikidata.org/entity/Q15755,60.0,2006-01-01T00:00:00Z,2010-01-01T00:00:00Z
http://www.wikidata.org/entity/Q15876210,http://www.wikidata.org/entity/Q6463,39.0,2018-01-01T00:00:00Z,2020-01-01T00:00:00Z
http://www.wikidata.org/entity/Q1589287,http://www.wikidata.org/entity/Q6463,49.0,2001-01-01T00:00:00Z,2001-01-01T00:00:00Z
http://www.wikidata.org/entity/Q159123,http://www.wikidata.org/entity/Q15789,9.0,2011-07-01T00:00:00Z,2013-07-01T00:00:00Z
http://www.wikidata.org/entity/Q159516,http://www.wikidata.org/entity/Q4512,27.0,2006-01-01T00:00:00Z,2008-01-01T00:00:00Z
http://www.wikidata.org/entity/Q159622,http://www.wikidata.org/entity/Q15789,23.0,1998-01-01T00:00:00Z,1999-01-01T00:00:00Z
http://www.wikidata.org/entity/Q159803,http://www.wikidata.org/entity/Q15786,130.0,1994-01-01T00:00:00Z,1999-01-01T00:00:00Z
http://www.wikidata.org/entity/Q15980720,http://www.wikidata.org/entity/Q15755,147.0,2015-01-01T00:00:00Z,2020-01-01T00:00:00Z
http://www.wikidata.org/entity/Q160106,http://www.wikidata.org/entity/Q15789,62.0,2002-01-01T00:00:00Z,2007-01-01T00:00:00Z
http://www.wikidata.org/entity/Q1601120,http://www.wikidata.org/entity/Q6463,32.0,2000-01-01T00:00:00Z,2001-01-01T00:00:00Z
http://www.wikidata.org/entity/Q1604027,http://www.wikidata.org/entity/Q15786,36.0,1997-01-01T00:00:00Z,1999-01-01T00:00:00Z
http://www.wikidata.org/entity/Q1604990,http://www.wikidata.org/entity/Q8466,18.0,2012-01-01T00:00:00Z,2013-01-01T00:00:00Z
http://www.wikidata.org/entity/Q16060101,http://www.wikidata.org/entity/Q15789,1.0,2014-01-01T00:00:00Z,2014-01-01T00:00:00Z
http://www.wikidata.org/entity/Q161054,http://www.wikidata.org/entity/Q15789,22.0,2019-08-01T00:00:00Z,2020-08-01T00:00:00Z
http://www.wikidata.org/entity/Q161089,http://www.wikidata.org/entity/Q15786,48.0,2009-01-01T00:00:00Z,2011-01-01T00:00:00Z
http://www.wikidata.org/entity/Q16150184,http://www.wikidata.org/entity/Q8466,20.0,2016-01-01T00:00:00Z,2017-01-01T00:00:00Z
http://www.wikidata.org/entity/Q1618308,http://www.wikidata.org/entity/Q8466,5.0,2001-01-01T00:00:00Z,2002-01-01T00:00:00Z
http://www.wikidata.org/entity/Q1619251,http://www.wikidata.org/entity/Q15755,52.0,2003-01-01T00:00:00Z,2005-01-01T00:00:00Z
http://www.wikidata.org/entity/Q16235140,http://www.wikidata.org/entity/Q8466,84.0,2015-01-01T00:00:00Z,2018-07-01T00:00:00Z
http://www.wikidata.org/entity/Q16236952,http://www.wikidata.org/entity/Q15789,17.0,2024-01-01T00:00:00Z,2026-08-01T00:00:00Z
http://www.wikidata.org/entity/Q62050484,http://www.wikidata.org/entity/Q15789,66.0,2024-01-01T00:00:00Z,
http://www.wikidata.org/entity/Q17493,http://www.wikidata.org/entity/Q15789,150.0,2013-01-01T00:00:00Z,2020-01-01T00:00:00Z
http://www.wikidata.org/entity/Q1918,http://www.wikidata.org/entity/Q15789,273.0,2007-01-01T00:00:00Z,2019-01-01T00:00:00Z
http://www.wikidata.org/entity/Q1926,http://www.wikidata.org/entity/Q15789,0.0,2000-01-01T00:00:00Z,2002-01-01T00:00:00Z
http://www.wikidata.org/entity/Q19367,http://www.wikidata.org/entity/Q15789,76.0,2014-01-01T00:00:00Z,2018-01-01T00:00:00Z
http://www.wikidata.org/entity/Q565412,http://www.wikidata.org/entity/Q15786,2.0,2006-01-01T00:00:00Z,2006-01-01T00:00:00Z
http://www.wikidata.org/entity/Q566127,http://www.wikidata.org/entity/Q8466,28.0,1998-01-01T00:00:00Z,1999-01-01T00:00:00Z
http://www.wikidata.org/entity/Q566853,http://www.wikidata.org/entity/Q15755,18.0,2002-01-01T00:00:00Z,2003-01-01T00:00:00Z
http://www.wikidata.org/entity/Q567636,http://www.wikidata.org/entity/Q8466,104.0,2007-01-01T00:00:00Z,2013-01-01T00:00:00Z
http://www.wikidata.org/entity/Q567636,http://www.wikidata.org/entity/Q15789,3.0,1997-01-01T00:00:00Z,2003-01-01T00:00:00Z
http://www.wikidata.org/entity/Q567644,http://www.wikidata.org/entity/Q6463,79.0,1996-01-01T00:00:00Z,2002-01-01T00:00:00Z
http://www.wikidata.org/entity/Q570537,http://www.wikidata.org/entity/Q8466,16.0,2010-01-01T00:00:00Z,2013-01-01T00:00:00Z
http://www.wikidata.org/entity/Q570825,http://www.wikidata.org/entity/Q6463,117.0,2010-01-01T00:00:00Z,2014-01-01T00:00:00Z
http://www.wikidata.org/entity/Q571241,http://www.wikidata.org/entity/Q15755,35.0,2009-01-01T00:00:00Z,2010-01-01T00:00:00Z
http://www.wikidata.org/entity/Q571241,http://www.wikidata.org/entity/Q15786,65.0,2010-01-01T00:00:00Z,2012-01-01T00:00:00Z
http://www.wikidata.org/entity/Q571410,http://www.wikidata.org/entity/Q8466,19.0,2009-01-01T00:00:00Z,2011-01-01T00:00:00Z
http://www.wikidata.org/entity/Q571693,http://www.wikidata.org/entity/Q15786,0.0,2012-01-01T00:00:00Z,2012-01-01T00:00:00Z
http://www.wikidata.org/entity/Q573312,http://www.wikidata.org/entity/Q15755,56.0,2012-07-01T00:00:00Z,2014-07-01T00:00:00Z
http://www.wikidata.org/entity/Q573326,http://www.wikidata.org/entity/Q15789,7.0,2013-01-01T00:00:00Z,2016-01-01T00:00:00Z
http://www.wikidata.org/entity/Q573335,http://www.wikidata.org/entity/Q6463,16.0,2002-01-01T00:00:00Z,2003-01-01T00:00:00Z
http://www.wikidata.org/entity/Q573335,http://www.wikidata.org/entity/Q6463,16.0,2003-01-01T00:00:00Z,2003-01-01T00:00:00Z
http://www.wikidata.org/entity/Q582414,http://www.wikidata.org/entity/Q15786,121.0,2002-01-01T00:00:00Z,2010-01-01T00:00:00Z
http://www.wikidata.org/entity/Q582414,http://www.wikidata.org/entity/Q15755,22.0,2010-01-01T00:00:00Z,2015-01-01T00:00:00Z
http://www.wikidata.org/entity/Q582414,http://www.wikidata.org/entity/Q15755,30.0,2009-01-01T00:00:00Z,2010-01-01T00:00:00Z
http://www.wikidata.org/entity/Q582669,http://www.wikidata.org/entity/Q15789,1.0,2006-01-01T00:00:00Z,2007-01-01T00:00:00Z
http://www.wikidata.org/entity/Q582669,http://www.wikidata.org/entity/Q15789,1.0,2007-01-01T00:00:00Z,2007-01-01T00:00:00Z
http://www.wikidata.org/entity/Q582792,http://www.wikidata.org/entity/Q8466,9.0,2007-01-01T00:00:00Z,2007-01-01T00:00:00Z
http://www.wikidata.org/entity/Q587312,http://www.wikidata.org/entity/Q6463,15.0,2000-01-01T00:00:00Z,2002-01-01T00:00:00Z
http://www.wikidata.org/entity/Q591689,http://www.wikidata.org/entity/Q15755,5.0,2006-01-01T00:00:00Z,2009-01-01T00:00:00Z
http://www.wikidata.org/entity/Q593480,http://www.wikidata.org/entity/Q15755,10.0,2010-01-01T00:00:00Z,2011-01-01T00:00:00Z
http://www.wikidata.org/entity/Q59562769,http://www.wikidata.org/entity/Q8466,153.0,2013-01-01T00:00:00Z,2021-01-01T00:00:00Z
http://www.wikidata.org/entity/Q600599,http://www.wikidata.org/entity/Q15755,54.0,2007-01-01T00:00:00Z,2010-01-01T00:00:00Z
http://www.wikidata.org/entity/Q600599,http://www.wikidata.org/entity/Q4512,49.0,2003-01-01T00:00:00Z,2005-01-01T00:00:00Z
http://www.wikidata.org/entity/Q602920,http://www.wikidata.org/entity/Q8466,54.0,2010-01-01T00:00:00Z,2015-01-01T00:00:00Z
http://www.wikidata.org/entity/Q6098615,http://www.wikidata.org/entity/Q6463,24.0,2005-01-01T00:00:00Z,2006-01-01T00:00:00Z
http://www.wikidata.org/entity/Q611186,http://www.wikidata.org/entity/Q15786,7.0,2002-01-01T00:00:00Z,2003-01-01T00:00:00Z
http://www.wikidata.org/entity/Q611524,http://www.wikidata.org/entity/Q8466,0.0,2003-01-01T00:00:00Z,2003-01-01T00:00:00Z
http://www.wikidata.org/entity/Q611524,http://www.wikidata.org/entity/Q8466,7.0,2000-01-01T00:00:00Z,2002-01-01T00:00:00Z
http://www.wikidata.org/entity/Q612077,http://www.wikidata.org/entity/Q4512,48.0,2006-01-01T00:00:00Z,2008-01-01T00:00:00Z
http://www.wikidata.org/entity/Q6140601,http://www.wikidata.org/entity/Q15755,14.0,1998-01-01T00:00:00Z,1999-01-01T00:00:00Z
http://www.wikidata.org/entity/Q620549,http://www.wikidata.org/entity/Q8466,9.0,2006-01-01T00:00:00Z,2006-01-01T00:00:00Z
http://www.wikidata.org/entity/Q627376,http://www.wikidata.org/entity/Q8466,160.0,1994-01-01T00:00:00Z,2002-01-01T00:00:00Z
http://www.wikidata.org/entity/Q6298063,http://www.wikidata.org/entity/Q15789,15.0,2023-01-01T00:00:00Z,2023-01-01T00:00:00Z
http://www.wikidata.org/entity/Q632409,http://www.wikidata.org/entity/Q15789,25.0,2002-01-01T00:00:00Z,2004-01-01T00:00:00Z
http://www.wikidata.org/entity/Q635412,http://www.wikidata.org/entity/Q15789,6.0,1999-01-01T00:00:00Z,2003-01-01T00:00:00Z
http://www.wikidata.org/entity/Q637710,http://www.wikidata.org/entity/Q15789,2.0,1998-01-01T00:00:00Z,2001-01-01T00:00:00Z
http://www.wikidata.org/entity/Q637710,http://www.wikidata.org/entity/Q8466,7.0,2005-01-01T00:00:00Z,2006-01-01T00:00:00Z
http://www.wikidata.org/entity/Q638382,http://www.wikidata.org/entity/Q15789,0.0,2010-01-01T00:00:00Z,2011-01-01T00:00:00Z
http://www.wikidata.org/entity/Q638959,http://www.wikidata.org/entity/Q8466,8.0,2013-01-01T00:00:00Z,2013-01-01T00:00:00Z
http://www.wikidata.org/entity/Q6413296,http://www.wikidata.org/entity/Q15789,185.0,2017-01-01T00:00:00Z,2025-08-01T00:00:00Z
http://www.wikidata.org/entity/Q6413296,http://www.wikidata.org/entity/Q15789,42.0,2015-01-01T00:00:00Z,2017-01-01T00:00:00Z
http://www.wikidata.org/entity/Q642850,http://www.wikidata.org/entity/Q15789,38.0,2014-01-01T00:00:00Z,2016-01-01T00:00:00Z
http://www.wikidata.org/entity/Q643678,http://www.wikidata.org/entity/Q15755,37.0,2011-01-01T00:00:00Z,2013-01-01T00:00:00Z
http://www.wikidata.org/entity/Q643858,http://www.wikidata.org/entity/Q15755,18.0,2012-01-01T00:00:00Z,2014-01-01T00:00:00Z
http://www.wikidata.org/entity/Q646143,http://www.wikidata.org/entity/Q8466,41.0,2003-01-01T00:00:00Z,2006-01-01T00:00:00Z
http://www.wikidata.org/entity/Q649776,http://www.wikidata.org/entity/Q8466,28.0,2003-01-01T00:00:00Z,2005-01-01T00:00:00Z
http://www.wikidata.org/entity/Q650214,http://www.wikidata.org/entity/Q8466,9.0,2004-01-01T00:00:00Z,2006-01-01T00:00:00Z
http://www.wikidata.org/entity/Q651506,http://www.wikidata.org/entity/Q15786,186.0,1993-01-01T00:00:00Z,1999-01-01T00:00:00Z
http://www.wikidata.org/entity/Q651506,http://www.wikidata.org/entity/Q15789,19.0,1999-01-01T00:00:00Z,2001-01-01T00:00:00Z
http://www.wikidata.org/entity/Q652499,http://www.wikidata.org/entity/Q15786,11.0,2005-01-01T00:00:00Z,2005-01-01T00:00:00Z
http://www.wikidata.org/entity/Q653692,http://www.wikidata.org/entity/Q8466,187.0,2008-01-01T00:00:00Z,2014-01-01T00:00:00Z
http://www.wikidata.org/entity/Q65675442,http://www.wikidata.org/entity/Q15789,12.0,2019-01-01T00:00:00Z,2022-01-01T00:00:00Z
http://www.wikidata.org/entity/Q66385776,http://www.wikidata.org/entity/Q4512,22.0,2019-01-01T00:00:00Z,2020-01-01T00:00:00Z
http://www.wikidata.org/entity/Q66424662,http://www.wikidata.org/entity/Q4512,89.0,2021-01-01T00:00:00Z,2025-01-01T00:00:00Z
http://www.wikidata.org/entity/Q51213832,http://www.wikidata.org/entity/Q6463,88.0,2022-01-01T00:00:00Z,
http://www.wikidata.org/entity/Q55281318,http://www.wikidata.org/entity/Q15755,6.0,2019-01-01T00:00:00Z,
http://www.wikidata.org/entity/Q518592,http://www.wikidata.org/entity/Q8466,24.0,2011-01-01T00:00:00Z,2014-01-01T00:00:00Z
http://www.wikidata.org/entity/Q518592,http://www.wikidata.org/entity/Q6463,22.0,2010-01-01T00:00:00Z,2011-01-01T00:00:00Z
http://www.wikidata.org/entity/Q519462,http://www.wikidata.org/entity/Q15755,48.0,2013-01-01T00:00:00Z,2014-01-01T00:00:00Z
http://www.wikidata.org/entity/Q519675,http://www.wikidata.org/entity/Q15755,28.0,2002-01-01T00:00:00Z,2004-01-01T00:00:00Z
http://www.wikidata.org/entity/Q520721,http://www.wikidata.org/entity/Q15789,211.0,2018-01-01T00:00:00Z,2026-06-01T00:00:00Z
http://www.wikidata.org/entity/Q522030,http://www.wikidata.org/entity/Q8466,34.0,2010-01-01T00:00:00Z,2014-01-01T00:00:00Z
http://www.wikidata.org/entity/Q523555,http://www.wikidata.org/entity/Q15789,4.0,2007-01-01T00:00:00Z,2008-01-01T00:00:00Z
http://www.wikidata.org/entity/Q523555,http://www.wikidata.org/entity/Q8466,11.0,2012-01-01T00:00:00Z,2012-01-01T00:00:00Z
http://www.wikidata.org/entity/Q523740,http://www.wikidata.org/entity/Q4512,6.0,2010-01-01T00:00:00Z,2013-01-01T00:00:00Z
http://www.wikidata.org/entity/Q523918,http://www.wikidata.org/entity/Q15786,0.0,2009-01-01T00:00:00Z,2010-01-01T00:00:00Z
http://www.wikidata.org/entity/Q524589,http://www.wikidata.org/entity/Q6463,36.0,2010-01-01T00:00:00Z,2011-01-01T00:00:00Z
http://www.wikidata.org/entity/Q525057,http://www.wikidata.org/entity/Q15786,10.0,2006-01-01T00:00:00Z,2007-01-01T00:00:00Z
http://www.wikidata.org/entity/Q525414,http://www.wikidata.org/entity/Q8466,4.0,2015-01-01T00:00:00Z,2016-01-01T00:00:00Z
http://www.wikidata.org/entity/Q527672,http://www.wikidata.org/entity/Q4512,107.0,1999-01-01T00:00:00Z,2003-01-01T00:00:00Z
http://www.wikidata.org/entity/Q527813,http://www.wikidata.org/entity/Q15755,33.0,2006-01-01T00:00:00Z,2007-01-01T00:00:00Z
http://www.wikidata.org/entity/Q528590,http://www.wikidata.org/entity/Q4512,11.0,2007-01-01T00:00:00Z,2007-01-01T00:00:00Z
http://www.wikidata.org/entity/Q5304896,http://www.wikidata.org/entity/Q6463,6.0,1998-01-01T00:00:00Z,1999-01-01T00:00:00Z
http://www.wikidata.org/entity/Q531253,http://www.wikidata.org/entity/Q8466,80.0,2008-01-01T00:00:00Z,2011-01-01T00:00:00Z
http://www.wikidata.org/entity/Q531253,http://www.wikidata.org/entity/Q8466,31.0,2014-01-01T00:00:00Z,2015-01-01T00:00:00Z
http://www.wikidata.org/entity/Q531754,http://www.wikidata.org/entity/Q6463,0.0,2012-01-01T00:00:00Z,2012-01-01T00:00:00Z
http://www.wikidata.org/entity/Q532511,http://www.wikidata.org/entity/Q15789,11.0,1996-01-01T00:00:00Z,2003-01-01T00:00:00Z
http://www.wikidata.org/entity/Q532511,http://www.wikidata.org/entity/Q15789,2.0,2005-01-01T00:00:00Z,2008-01-01T00:00:00Z
http://www.wikidata.org/entity/Q53280628,http://www.wikidata.org/entity/Q4512,15.0,2019-01-01T00:00:00Z,2019-06-01T00:00:00Z
http://www.wikidata.org/entity/Q533508,http://www.wikidata.org/entity/Q6463,42.0,2000-01-01T00:00:00Z,2003-01-01T00:00:00Z
http://www.wikidata.org/entity/Q534196,http://www.wikidata.org/entity/Q6463,317.0,1983-01-01T00:00:00Z,2000-01-01T00:00:00Z
http://www.wikidata.org/entity/Q535050,http://www.wikidata.org/entity/Q15786,15.0,2006-01-01T00:00:00Z,2007-01-01T00:00:00Z
http://www.wikidata.org/entity/Q536344,http://www.wikidata.org/entity/Q15755,61.0,2009-01-01T00:00:00Z,2012-01-01T00:00:00Z
http://www.wikidata.org/entity/Q537516,http://www.wikidata.org/entity/Q15786,13.0,2007-01-01T00:00:00Z,2008-01-01T00:00:00Z
http://www.wikidata.org/entity/Q538492,http://www.wikidata.org/entity/Q8466,6.0,2012-01-01T00:00:00Z,2014-01-01T00:00:00Z
http://www.wikidata.org/entity/Q539916,http://www.wikidata.org/entity/Q15786,84.0,1998-01-01T00:00:00Z,2004-01-01T00:00:00Z
http://www.wikidata.org/entity/Q542275,http://www.wikidata.org/entity/Q4512,13.0,2000-01-01T00:00:00Z,2001-01-01T00:00:00Z
http://www.wikidata.org/entity/Q5429349,http://www.wikidata.org/entity/Q6463,22.0,2015-01-01T00:00:00Z,2017-01-01T00:00:00Z
http://www.wikidata.org/entity/Q542976,http://www.wikidata.org/entity/Q8466,8.0,1998-01-01T00:00:00Z,2001-01-01T00:00:00Z
http://www.wikidata.org/entity/Q543022,http://www.wikidata.org/entity/Q15789,35.0,1999-01-01T00:00:00Z,2001-01-01T00:00:00Z
http://www.wikidata.org/entity/Q543106,http://www.wikidata.org/entity/Q15786,16.0,2004-01-01T00:00:00Z,2011-01-01T00:00:00Z
http://www.wikidata.org/entity/Q543725,http://www.wikidata.org/entity/Q6463,59.0,2009-01-01T00:00:00Z,2012-01-01T00:00:00Z
http://www.wikidata.org/entity/Q543725,http://www.wikidata.org/entity/Q6463,57.0,2006-01-01T00:00:00Z,2008-01-01T00:00:00Z
http://www.wikidata.org/entity/Q544563,http://www.wikidata.org/entity/Q8466,5.0,2014-01-01T00:00:00Z,2014-01-01T00:00:00Z
http://www.wikidata.org/entity/Q545001,http://www.wikidata.org/entity/Q15789,13.0,2001-01-01T00:00:00Z,2003-01-01T00:00:00Z
http://www.wikidata.org/entity/Q545001,http://www.wikidata.org/entity/Q15786,76.0,2011-01-01T00:00:00Z,2014-01-01T00:00:00Z
http://www.wikidata.org/entity/Q546988,http://www.wikidata.org/entity/Q8466,3.0,1999-01-01T00:00:00Z,1999-01-01T00:00:00Z
http://www.wikidata.org/entity/Q547529,http://www.wikidata.org/entity/Q8466,76.0,2013-01-01T00:00:00Z,2017-01-31T00:00:00Z
http://www.wikidata.org/entity/Q547625,http://www.wikidata.org/entity/Q15755,23.0,2008-01-01T00:00:00Z,2009-01-01T00:00:00Z
http://www.wikidata.org/entity/Q548484,http://www.wikidata.org/entity/Q4512,0.0,2005-01-01T00:00:00Z,2007-01-01T00:00:00Z
http://www.wikidata.org/entity/Q551265,http://www.wikidata.org/entity/Q6463,48.0,2011-01-01T00:00:00Z,2014-01-01T00:00:00Z
http://www.wikidata.org/entity/Q551265,http://www.wikidata.org/entity/Q15755,5.0,2009-01-01T00:00:00Z,2009-01-01T00:00:00Z
http://www.wikidata.org/entity/Q551659,http://www.wikidata.org/entity/Q15755,72.0,2010-01-01T00:00:00Z,2013-01-01T00:00:00Z
http://www.wikidata.org/entity/Q551723,http://www.wikidata.org/entity/Q6463,232.0,2003-01-01T00:00:00Z,2012-01-01T00:00:00Z
http://www.wikidata.org/entity/Q552068,http://www.wikidata.org/entity/Q8466,18.0,2009-01-01T00:00:00Z,2011-01-01T00:00:00Z
http://www.wikidata.org/entity/Q552123,http://www.wikidata.org/entity/Q15786,52.0,2010-01-01T00:00:00Z,2012-01-01T00:00:00Z
http://www.wikidata.org/entity/Q552662,http://www.wikidata.org/entity/Q6463,273.0,2002-01-01T00:00:00Z,2014-01-01T00:00:00Z
http://www.wikidata.org/entity/Q552809,http://www.wikidata.org/entity/Q4512,3.0,2007-01-01T00:00:00Z,2010-01-01T00:00:00Z
http://www.wikidata.org/entity/Q552809,http://www.wikidata.org/entity/Q8466,10.0,2008-01-01T00:00:00Z,2008-01-01T00:00:00Z
http://www.wikidata.org/entity/Q552809,http://www.wikidata.org/entity/Q8466,23.0,2009-01-01T00:00:00Z,2010-01-01T00:00:00Z
http://www.wikidata.org/entity/Q554118,http://www.wikidata.org/entity/Q15755,75.0,2007-01-01T00:00:00Z,2013-01-01T00:00:00Z
http://www.wikidata.org/entity/Q558041,http://www.wikidata.org/entity/Q15789,150.0,1997-01-01T00:00:00Z,2003-01-01T00:00:00Z
http://www.wikidata.org/entity/Q558820,http://www.wikidata.org/entity/Q4512,87.0,2012-01-01T00:00:00Z,2015-01-01T00:00:00Z
http://www.wikidata.org/entity/Q560612,http://www.wikidata.org/entity/Q15755,8.0,2009-01-01T00:00:00Z,2012-01-01T00:00:00Z
http://www.wikidata.org/entity/Q560796,http://www.wikidata.org/entity/Q8466,157.0,1991-01-01T00:00:00Z,1999-01-01T00:00:00Z
http://www.wikidata.org/entity/Q560813,http://www.wikidata.org/entity/Q6463,52.0,2009-01-01T00:00:00Z,2012-01-01T00:00:00Z
http://www.wikidata.org/entity/Q560813,http://www.wikidata.org/entity/Q6463,21.0,2008-01-01T00:00:00Z,2009-01-01T00:00:00Z
http://www.wikidata.org/entity/Q561897,http://www.wikidata.org/entity/Q15786,47.0,2009-01-01T00:00:00Z,2010-01-01T00:00:00Z
http://www.wikidata.org/entity/Q56257870,http://www.wikidata.org/entity/Q15789,25.0,2022-01-01T00:00:00Z,2023-01-01T00:00:00Z
http://www.wikidata.org/entity/Q125472882,http://www.wikidata.org/entity/Q15755,49.0,2023-02-01T00:00:00Z,
http://www.wikidata.org/entity/Q14640027,http://www.wikidata.org/entity/Q15789,22.0,2025-06-01T00:00:00Z,
http://www.wikidata.org/entity/Q150484,http://www.wikidata.org/entity/Q15789,55.0,2009-01-01T00:00:00Z,2012-01-01T00:00:00Z
http://www.wikidata.org/entity/Q150947,http://www.wikidata.org/entity/Q15789,174.0,2003-07-01T00:00:00Z,2011-01-01T00:00:00Z
http://www.wikidata.org/entity/Q151062,http://www.wikidata.org/entity/Q15789,53.0,2003-01-01T00:00:00Z,2010-01-01T00:00:00Z
http://www.wikidata.org/entity/Q15123780,http://www.wikidata.org/entity/Q4512,0.0,2012-01-01T00:00:00Z,2013-01-01T00:00:00Z
http://www.wikidata.org/entity/Q151260,http://www.wikidata.org/entity/Q15789,229.0,2011-01-01T00:00:00Z,2021-06-01T00:00:00Z
http://www.wikidata.org/entity/Q151269,http://www.wikidata.org/entity/Q15789,253.0,2014-01-01T00:00:00Z,2022-07-01T00:00:00Z
http://www.wikidata.org/entity/Q151278,http://www.wikidata.org/entity/Q15789,119.0,2009-01-01T00:00:00Z,2017-01-01T00:00:00Z
http://www.wikidata.org/entity/Q151278,http://www.wikidata.org/entity/Q4512,56.0,2017-08-01T00:00:00Z,2020-01-01T00:00:00Z
http://www.wikidata.org/entity/Q1513858,http://www.wikidata.org/entity/Q15789,34.0,1998-01-01T00:00:00Z,2000-01-01T00:00:00Z
http://www.wikidata.org/entity/Q151853,http://www.wikidata.org/entity/Q15789,123.0,2006-01-01T00:00:00Z,2011-01-01T00:00:00Z
http://www.wikidata.org/entity/Q152236,http://www.wikidata.org/entity/Q4512,162.0,2004-01-01T00:00:00Z,2012-01-01T00:00:00Z
http://www.wikidata.org/entity/Q152340,http://www.wikidata.org/entity/Q15786,14.0,2008-01-01T00:00:00Z,2008-01-01T00:00:00Z
http://www.wikidata.org/entity/Q152354,http://www.wikidata.org/entity/Q15789,62.0,2008-01-01T00:00:00Z,2012-01-01T00:00:00Z
http://www.wikidata.org/entity/Q1524301,http://www.wikidata.org/entity/Q6463,2.0,2013-01-01T00:00:00Z,2013-01-01T00:00:00Z
http://www.wikidata.org/entity/Q152492,http://www.wikidata.org/entity/Q15789,155.0,1999-01-01T00:00:00Z,2007-01-01T00:00:00Z
http://www.wikidata.org/entity/Q152585,http://www.wikidata.org/entity/Q6463,13.0,2003-01-01T00:00:00Z,2003-01-01T00:00:00Z
http://www.wikidata.org/entity/Q1525892,http://www.wikidata.org/entity/Q15786,47.0,1998-01-01T00:00:00Z,2000-01-01T00:00:00Z
http://www.wikidata.org/entity/Q1526376,http://www.wikidata.org/entity/Q15755,6.0,2012-01-01T00:00:00Z,2013-01-01T00:00:00Z
http://www.wikidata.org/entity/Q1526600,http://www.wikidata.org/entity/Q15786,1.0,2012-01-01T00:00:00Z,2014-01-01T00:00:00Z
http://www.wikidata.org/entity/Q152725,http://www.wikidata.org/entity/Q15789,129.0,2003-01-01T00:00:00Z,2007-01-01T00:00:00Z
http://www.wikidata.org/entity/Q1528223,http://www.wikidata.org/entity/Q4512,5.0,1999-01-01T00:00:00Z,2001-01-01T00:00:00Z
http://www.wikidata.org/entity/Q1528223,http://www.wikidata.org/entity/Q4512,78.0,1995-01-01T00:00:00Z,1999-01-01T00:00:00Z
http://www.wikidata.org/entity/Q152940,http://www.wikidata.org/entity/Q15789,17.0,2007-01-01T00:00:00Z,2008-01-01T00:00:00Z
http://www.wikidata.org/entity/Q152968,http://www.wikidata.org/entity/Q4512,99.0,2001-01-01T00:00:00Z,2005-01-01T00:00:00Z
http://www.wikidata.org/entity/Q153003,http://www.wikidata.org/entity/Q6463,95.0,1998-01-01T00:00:00Z,2001-01-01T00:00:00Z
http://www.wikidata.org/entity/Q1532932,http://www.wikidata.org/entity/Q8466,19.0,2011-01-01T00:00:00Z,2013-01-01T00:00:00Z
http://www.wikidata.org/entity/Q153387,http://www.wikidata.org/entity/Q15789,234.0,1998-01-01T00:00:00Z,2007-01-01T00:00:00Z
http://www.wikidata.org/entity/Q1540314,http://www.wikidata.org/entity/Q15755,0.0,2004-01-01T00:00:00Z,2004-01-01T00:00:00Z
http://www.wikidata.org/entity/Q15406583,http://www.wikidata.org/entity/Q15789,72.0,2017-01-01T00:00:00Z,2022-01-01T00:00:00Z
http://www.wikidata.org/entity/Q154156,http://www.wikidata.org/entity/Q15789,334.0,1992-01-01T00:00:00Z,2007-01-01T00:00:00Z
http://www.wikidata.org/entity/Q154303,http://www.wikidata.org/entity/Q15755,6.0,2015-01-01T00:00:00Z,2016-01-01T00:00:00Z
http://www.wikidata.org/entity/Q154303,http://www.wikidata.org/entity/Q15789,13.0,2003-01-01T00:00:00Z,2005-01-01T00:00:00Z
http://www.wikidata.org/entity/Q154305,http://www.wikidata.org/entity/Q15789,34.0,2001-01-01T00:00:00Z,2003-01-01T00:00:00Z
http://www.wikidata.org/entity/Q15431979,http://www.wikidata.org/entity/Q15786,7.0,2013-01-01T00:00:00Z,2015-01-01T00:00:00Z
http://www.wikidata.org/entity/Q154397,http://www.wikidata.org/entity/Q8466,6.0,1998-01-01T00:00:00Z,2002-01-01T00:00:00Z
http://www.wikidata.org/entity/Q154512,http://www.wikidata.org/entity/Q15789,55.0,2009-01-01T00:00:00Z,2012-01-01T00:00:00Z
http://www.wikidata.org/entity/Q1547794,http://www.wikidata.org/entity/Q4512,11.0,1997-01-01T00:00:00Z,1999-01-01T00:00:00Z
http://www.wikidata.org/entity/Q1547794,http://www.wikidata.org/entity/Q15755,25.0,1999-01-01T00:00:00Z,2000-01-01T00:00:00Z
http://www.wikidata.org/entity/Q1548434,http://www.wikidata.org/entity/Q15755,17.0,2008-01-01T00:00:00Z,2009-01-01T00:00:00Z
http://www.wikidata.org/entity/Q154856,http://www.wikidata.org/entity/Q15786,74.0,1998-01-01T00:00:00Z,2001-01-01T00:00:00Z
http://www.wikidata.org/entity/Q155049,http://www.wikidata.org/entity/Q4512,68.0,2017-07-01T00:00:00Z,2019-06-01T00:00:00Z
http://www.wikidata.org/entity/Q155440,http://www.wikidata.org/entity/Q15789,1.0,1997-01-01T00:00:00Z,2000-01-01T00:00:00Z
http://www.wikidata.org/entity/Q155440,http://www.wikidata.org/entity/Q15786,69.0,2000-01-01T00:00:00Z,2003-01-01T00:00:00Z
http://www.wikidata.org/entity/Q155604,http://www.wikidata.org/entity/Q4512,86.0,2012-01-01T00:00:00Z,2015-01-01T00:00:00Z
http://www.wikidata.org/entity/Q1557470,http://www.wikidata.org/entity/Q6463,61.0,2010-01-01T00:00:00Z,2012-01-01T00:00:00Z
http://www.wikidata.org/entity/Q15690350,http://www.wikidata.org/entity/Q15786,0.0,2014-01-01T00:00:00Z,2015-01-01T00:00:00Z
http://www.wikidata.org/entity/Q15731783,http://www.wikidata.org/entity/Q15755,22.0,2023-01-01T00:00:00Z,2024-01-01T00:00:00Z
http://www.wikidata.org/entity/Q15735586,http://www.wikidata.org/entity/Q8466,6.0,2015-01-01T00:00:00Z,2016-01-01T00:00:00Z
http://www.wikidata.org/entity/Q6817,http://www.wikidata.org/entity/Q15789,21.0,1999-01-01T00:00:00Z,2000-01-01T00:00:00Z
http://www.wikidata.org/entity/Q16914139,http://www.wikidata.org/entity/Q6463,40.0,2013-01-01T00:00:00Z,2015-01-01T00:00:00Z
http://www.wikidata.org/entity/Q17045884,http://www.wikidata.org/entity/Q15789,1.0,2014-01-01T00:00:00Z,2016-01-01T00:00:00Z
http://www.wikidata.org/entity/Q1715239,http://www.wikidata.org/entity/Q15789,22.0,2001-01-01T00:00:00Z,2003-01-01T00:00:00Z
http://www.wikidata.org/entity/Q1715711,http://www.wikidata.org/entity/Q15786,41.0,2000-01-01T00:00:00Z,2003-01-01T00:00:00Z
http://www.wikidata.org/entity/Q1715711,http://www.wikidata.org/entity/Q8466,8.0,1998-01-01T00:00:00Z,2000-01-01T00:00:00Z
http://www.wikidata.org/entity/Q1716712,http://www.wikidata.org/entity/Q15786,4.0,2004-01-01T00:00:00Z,2005-01-01T00:00:00Z
http://www.wikidata.org/entity/Q1723539,http://www.wikidata.org/entity/Q6463,7.0,2008-01-01T00:00:00Z,2010-01-01T00:00:00Z
http://www.wikidata.org/entity/Q17318713,http://www.wikidata.org/entity/Q6463,28.0,2012-01-01T00:00:00Z,2014-01-01T00:00:00Z
http://www.wikidata.org/entity/Q1737186,http://www.wikidata.org/entity/Q6463,4.0,2007-01-01T00:00:00Z,2008-01-01T00:00:00Z
http://www.wikidata.org/entity/Q1740791,http://www.wikidata.org/entity/Q8466,3.0,2000-01-01T00:00:00Z,2001-01-01T00:00:00Z
http://www.wikidata.org/entity/Q1756634,http://www.wikidata.org/entity/Q6463,22.0,2001-01-01T00:00:00Z,2003-01-01T00:00:00Z
http://www.wikidata.org/entity/Q176446,http://www.wikidata.org/entity/Q6463,59.0,2004-01-01T00:00:00Z,2013-01-01T00:00:00Z
http://www.wikidata.org/entity/Q177434,http://www.wikidata.org/entity/Q8466,67.0,1999-01-01T00:00:00Z,2002-01-01T00:00:00Z
http://www.wikidata.org/entity/Q178495,http://www.wikidata.org/entity/Q8466,161.0,1994-01-01T00:00:00Z,2000-01-01T00:00:00Z
http://www.wikidata.org/entity/Q1787999,http://www.wikidata.org/entity/Q15755,23.0,2002-01-01T00:00:00Z,2003-01-01T00:00:00Z
http://www.wikidata.org/entity/Q1789277,http://www.wikidata.org/entity/Q4512,66.0,1996-01-01T00:00:00Z,2001-01-01T00:00:00Z
http://www.wikidata.org/entity/Q1802518,http://www.wikidata.org/entity/Q15786,121.0,1995-01-01T00:00:00Z,1999-01-01T00:00:00Z
http://www.wikidata.org/entity/Q1806299,http://www.wikidata.org/entity/Q15786,137.0,2001-01-01T00:00:00Z,2006-01-01T00:00:00Z
http://www.wikidata.org/entity/Q1806299,http://www.wikidata.org/entity/Q15755,90.0,2006-01-01T00:00:00Z,2009-01-01T00:00:00Z
http://www.wikidata.org/entity/Q1809113,http://www.wikidata.org/entity/Q15786,19.0,2004-01-01T00:00:00Z,2005-01-01T00:00:00Z
http://www.wikidata.org/entity/Q181798,http://www.wikidata.org/entity/Q6463,17.0,2003-01-01T00:00:00Z,2005-01-01T00:00:00Z
http://www.wikidata.org/entity/Q1819223,http://www.wikidata.org/entity/Q15789,31.0,2001-01-01T00:00:00Z,2003-01-01T00:00:00Z
http://www.wikidata.org/entity/Q1819223,http://www.wikidata.org/entity/Q15755,24.0,2005-01-01T00:00:00Z,2007-01-01T00:00:00Z
http://www.wikidata.org/entity/Q18202202,http://www.wikidata.org/entity/Q15786,8.0,2014-01-01T00:00:00Z,2015-01-01T00:00:00Z
http://www.wikidata.org/entity/Q186478,http://www.wikidata.org/entity/Q15789,60.0,2007-01-01T00:00:00Z,2010-01-01T00:00:00Z
http://www.wikidata.org/entity/Q18712519,http://www.wikidata.org/entity/Q6463,46.0,2009-01-01T00:00:00Z,2012-01-01T00:00:00Z
http://www.wikidata.org/entity/Q1871706,http://www.wikidata.org/entity/Q15786,48.0,2001-01-01T00:00:00Z,2002-01-01T00:00:00Z
http://www.wikidata.org/entity/Q187171,http://www.wikidata.org/entity/Q15789,54.0,2012-01-01T00:00:00Z,2014-01-01T00:00:00Z
http://www.wikidata.org/entity/Q1873122,http://www.wikidata.org/entity/Q8466,0.0,2011-01-01T00:00:00Z,2012-01-01T00:00:00Z
http://www.wikidata.org/entity/Q187648,http://www.wikidata.org/entity/Q15789,0.0,2010-01-01T00:00:00Z,2011-01-01T00:00:00Z
http://www.wikidata.org/entity/Q188542,http://www.wikidata.org/entity/Q4512,137.0,2000-01-01T00:00:00Z,2005-01-01T00:00:00Z
http://www.wikidata.org/entity/Q188542,http://www.wikidata.org/entity/Q4512,27.0,2009-01-01T00:00:00Z,2010-01-01T00:00:00Z
http://www.wikidata.org/entity/Q18924954,http://www.wikidata.org/entity/Q15789,74.0,2019-01-01T00:00:00Z,2023-01-01T00:00:00Z
http://www.wikidata.org/entity/Q1893746,http://www.wikidata.org/entity/Q6463,52.0,2002-01-01T00:00:00Z,2004-01-01T00:00:00Z
http://www.wikidata.org/entity/Q1893803,http://www.wikidata.org/entity/Q8466,0.0,2009-01-01T00:00:00Z,2012-01-01T00:00:00Z
http://www.wikidata.org/entity/Q1893824,http://www.wikidata.org/entity/Q15755,145.0,2002-01-01T00:00:00Z,2007-01-01T00:00:00Z
http://www.wikidata.org/entity/Q1893966,http://www.wikidata.org/entity/Q15755,9.0,2007-01-01T00:00:00Z,2009-01-01T00:00:00Z
http://www.wikidata.org/entity/Q18978014,http://www.wikidata.org/entity/Q15755,58.0,2024-01-01T00:00:00Z,2026-01-01T00:00:00Z
http://www.wikidata.org/entity/Q19284607,http://www.wikidata.org/entity/Q15755,34.0,1999-01-01T00:00:00Z,2000-01-01T00:00:00Z
http://www.wikidata.org/entity/Q19310952,http://www.wikidata.org/entity/Q15789,0.0,2013-01-01T00:00:00Z,2013-01-01T00:00:00Z
http://www.wikidata.org/entity/Q1232752,http://www.wikidata.org/entity/Q6463,37.0,2001-01-01T00:00:00Z,2003-01-01T00:00:00Z
http://www.wikidata.org/entity/Q1237236,http://www.wikidata.org/entity/Q15786,1.0,1998-01-01T00:00:00Z,1999-01-01T00:00:00Z
http://www.wikidata.org/entity/Q1237641,http://www.wikidata.org/entity/Q15755,0.0,2011-01-01T00:00:00Z,2012-01-01T00:00:00Z
http://www.wikidata.org/entity/Q1238218,http://www.wikidata.org/entity/Q8466,64.0,2011-01-01T00:00:00Z,2015-01-01T00:00:00Z
http://www.wikidata.org/entity/Q1240107,http://www.wikidata.org/entity/Q15755,14.0,2003-01-01T00:00:00Z,2004-01-01T00:00:00Z
http://www.wikidata.org/entity/Q1245613,http://www.wikidata.org/entity/Q15786,36.0,1998-01-01T00:00:00Z,2001-01-01T00:00:00Z
http://www.wikidata.org/entity/Q124906,http://www.wikidata.org/entity/Q15755,8.0,2004-01-01T00:00:00Z,2005-01-01T00:00:00Z
http://www.wikidata.org/entity/Q125438,http://www.wikidata.org/entity/Q15789,18.0,2008-01-01T00:00:00Z,2009-01-01T00:00:00Z
http://www.wikidata.org/entity/Q1263219,http://www.wikidata.org/entity/Q6463,43.0,2000-01-01T00:00:00Z,2003-01-01T00:00:00Z
http://www.wikidata.org/entity/Q1266723,http://www.wikidata.org/entity/Q6463,26.0,1999-01-01T00:00:00Z,2001-01-01T00:00:00Z
http://www.wikidata.org/entity/Q1267702,http://www.wikidata.org/entity/Q8466,2.0,2009-01-01T00:00:00Z,2010-01-01T00:00:00Z
http://www.wikidata.org/entity/Q1286572,http://www.wikidata.org/entity/Q8466,25.0,2006-01-01T00:00:00Z,2007-01-01T00:00:00Z
http://www.wikidata.org/entity/Q128788,http://www.wikidata.org/entity/Q15755,74.0,2020-01-01T00:00:00Z,2023-01-01T00:00:00Z
http://www.wikidata.org/entity/Q128850,http://www.wikidata.org/entity/Q8466,27.0,2013-01-01T00:00:00Z,2014-01-01T00:00:00Z
http://www.wikidata.org/entity/Q128856,http://www.wikidata.org/entity/Q8466,90.0,2007-01-01T00:00:00Z,2010-01-01T00:00:00Z
http://www.wikidata.org/entity/Q129013,http://www.wikidata.org/entity/Q6463,96.0,2009-01-01T00:00:00Z,2012-01-01T00:00:00Z
http://www.wikidata.org/entity/Q129043,http://www.wikidata.org/entity/Q15755,78.0,2016-01-01T00:00:00Z,2019-01-01T00:00:00Z
http://www.wikidata.org/entity/Q129045,http://www.wikidata.org/entity/Q8466,0.0,2016-01-01T00:00:00Z,2017-01-01T00:00:00Z
http://www.wikidata.org/entity/Q130075,http://www.wikidata.org/entity/Q8466,15.0,2010-01-01T00:00:00Z,2010-01-01T00:00:00Z
http://www.wikidata.org/entity/Q130075,http://www.wikidata.org/entity/Q15789,57.0,2004-01-01T00:00:00Z,2008-01-01T00:00:00Z
http://www.wikidata.org/entity/Q1305057,http://www.wikidata.org/entity/Q6463,28.0,2000-01-01T00:00:00Z,2004-01-01T00:00:00Z
http://www.wikidata.org/entity/Q130920,http://www.wikidata.org/entity/Q15786,14.0,2006-01-01T00:00:00Z,2014-01-01T00:00:00Z
http://www.wikidata.org/entity/Q1310812,http://www.wikidata.org/entity/Q15755,18.0,2007-01-01T00:00:00Z,2008-01-01T00:00:00Z
http://www.wikidata.org/entity/Q131234,http://www.wikidata.org/entity/Q15789,130.0,2007-01-01T00:00:00Z,2014-01-01T00:00:00Z
http://www.wikidata.org/entity/Q131261,http://www.wikidata.org/entity/Q15789,429.0,1994-01-01T00:00:00Z,2008-01-01T00:00:00Z
http://www.wikidata.org/entity/Q1314996,http://www.wikidata.org/entity/Q8466,10.0,2006-01-01T00:00:00Z,2007-01-01T00:00:00Z
http://www.wikidata.org/entity/Q1319510,http://www.wikidata.org/entity/Q8466,1.0,2015-01-01T00:00:00Z,2016-01-01T00:00:00Z
http://www.wikidata.org/entity/Q1333623,http://www.wikidata.org/entity/Q8466,21.0,2008-01-01T00:00:00Z,2010-01-01T00:00:00Z
http://www.wikidata.org/entity/Q1333623,http://www.wikidata.org/entity/Q8466,15.0,2007-01-01T00:00:00Z,2008-01-01T00:00:00Z
http://www.wikidata.org/entity/Q1334149,http://www.wikidata.org/entity/Q15755,121.0,2005-01-01T00:00:00Z,2010-01-01T00:00:00Z
http://www.wikidata.org/entity/Q1334626,http://www.wikidata.org/entity/Q4512,6.0,2003-01-01T00:00:00Z,2004-01-01T00:00:00Z
http://www.wikidata.org/entity/Q1335299,http://www.wikidata.org/entity/Q8466,33.0,2007-01-01T00:00:00Z,2008-01-01T00:00:00Z
http://www.wikidata.org/entity/Q13365847,http://www.wikidata.org/entity/Q15789,114.0,2017-01-01T00:00:00Z,2022-01-01T00:00:00Z
http://www.wikidata.org/entity/Q1341836,http://www.wikidata.org/entity/Q4512,20.0,2006-01-01T00:00:00Z,2008-01-01T00:00:00Z
http://www.wikidata.org/entity/Q1342564,http://www.wikidata.org/entity/Q15786,73.0,2010-01-01T00:00:00Z,2014-01-01T00:00:00Z
http://www.wikidata.org/entity/Q1343147,http://www.wikidata.org/entity/Q8466,18.0,2012-01-01T00:00:00Z,2014-01-01T00:00:00Z
http://www.wikidata.org/entity/Q1343788,http://www.wikidata.org/entity/Q6463,10.0,2001-01-01T00:00:00Z,2002-01-01T00:00:00Z
http://www.wikidata.org/entity/Q1344933,http://www.wikidata.org/entity/Q4512,104.0,1995-01-01T00:00:00Z,1999-01-01T00:00:00Z
http://www.wikidata.org/entity/Q1345030,http://www.wikidata.org/entity/Q15786,47.0,2006-01-01T00:00:00Z,2008-01-01T00:00:00Z
http://www.wikidata.org/entity/Q1348764,http://www.wikidata.org/entity/Q15786,228.0,1998-01-01T00:00:00Z,2007-01-01T00:00:00Z
http://www.wikidata.org/entity/Q1349204,http://www.wikidata.org/entity/Q15786,17.0,2004-01-01T00:00:00Z,2005-01-01T00:00:00Z
http://www.wikidata.org/entity/Q134976,http://www.wikidata.org/entity/Q15789,71.0,2006-01-01T00:00:00Z,2009-01-01T00:00:00Z
http://www.wikidata.org/entity/Q1351056,http://www.wikidata.org/entity/Q6463,9.0,1999-01-01T00:00:00Z,2000-01-01T00:00:00Z
http://www.wikidata.org/entity/Q1351402,http://www.wikidata.org/entity/Q4512,0.0,2007-01-01T00:00:00Z,2007-01-01T00:00:00Z
http://www.wikidata.org/entity/Q135267,http://www.wikidata.org/entity/Q6463,88.0,2004-01-01T00:00:00Z,2007-01-01T00:00:00Z
http://www.wikidata.org/entity/Q1355313,http://www.wikidata.org/entity/Q15786,14.0,2003-01-01T00:00:00Z,2004-01-01T00:00:00Z
http://www.wikidata.org/entity/Q1357109,http://www.wikidata.org/entity/Q8466,2.0,2008-01-01T00:00:00Z,2008-01-01T00:00:00Z
http://www.wikidata.org/entity/Q1357670,http://www.wikidata.org/entity/Q15786,52.0,2001-01-01T00:00:00Z,2004-01-01T00:00:00Z
http://www.wikidata.org/entity/Q1358800,http://www.wikidata.org/entity/Q15786,0.0,2006-01-01T00:00:00Z,2007-01-01T00:00:00Z
http://www.wikidata.org/entity/Q1359550,http://www.wikidata.org/entity/Q15755,83.0,2006-01-01T00:00:00Z,2009-01-01T00:00:00Z
http://www.wikidata.org/entity/Q45369082,http://www.wikidata.org/entity/Q4512,149.0,2021-01-01T00:00:00Z,
http://www.wikidata.org/entity/Q47067481,http://www.wikidata.org/entity/Q4512,59.0,2024-07-16T00:00:00Z,
http://www.wikidata.org/entity/Q55955918,http://www.wikidata.org/entity/Q4512,49.0,2024-01-01T00:00:00Z,
http://www.wikidata.org/entity/Q13865408,http://www.wikidata.org/entity/Q15789,317.0,2015-01-01T00:00:00Z,
http://www.wikidata.org/entity/Q131403991,http://www.wikidata.org/entity/Q4512,58.0,2022-01-01T00:00:00Z,2025-01-01T00:00:00Z
http://www.wikidata.org/entity/Q131403991,http://www.wikidata.org/entity/Q15786,5.0,2021-01-01T00:00:00Z,2022-01-01T00:00:00Z
http://www.wikidata.org/entity/Q1356772,http://www.wikidata.org/entity/Q4512,3.0,2015-01-01T00:00:00Z,2016-01-01T00:00:00Z
http://www.wikidata.org/entity/Q1360498,http://www.wikidata.org/entity/Q15755,2.0,2013-01-01T00:00:00Z,2014-01-01T00:00:00Z
http://www.wikidata.org/entity/Q1360508,http://www.wikidata.org/entity/Q8466,70.0,1994-01-01T00:00:00Z,1999-01-01T00:00:00Z
http://www.wikidata.org/entity/Q1362397,http://www.wikidata.org/entity/Q8466,4.0,2011-01-01T00:00:00Z,2012-01-01T00:00:00Z
http://www.wikidata.org/entity/Q1363967,http://www.wikidata.org/entity/Q8466,12.0,2010-01-01T00:00:00Z,2011-01-01T00:00:00Z
http://www.wikidata.org/entity/Q1363995,http://www.wikidata.org/entity/Q8466,6.0,2006-01-01T00:00:00Z,2006-01-01T00:00:00Z
http://www.wikidata.org/entity/Q1366736,http://www.wikidata.org/entity/Q8466,8.0,2007-01-01T00:00:00Z,2007-01-01T00:00:00Z
http://www.wikidata.org/entity/Q1369572,http://www.wikidata.org/entity/Q15786,13.0,1998-01-01T00:00:00Z,1999-01-01T00:00:00Z
http://www.wikidata.org/entity/Q1371917,http://www.wikidata.org/entity/Q4512,48.0,1997-01-01T00:00:00Z,1999-01-01T00:00:00Z
http://www.wikidata.org/entity/Q137231,http://www.wikidata.org/entity/Q15755,18.0,2013-01-01T00:00:00Z,2014-01-01T00:00:00Z
http://www.wikidata.org/entity/Q1379051,http://www.wikidata.org/entity/Q8466,15.0,2007-07-01T00:00:00Z,2008-06-01T00:00:00Z
http://www.wikidata.org/entity/Q1382910,http://www.wikidata.org/entity/Q4512,3.0,2003-01-01T00:00:00Z,2004-01-01T00:00:00Z
http://www.wikidata.org/entity/Q1384502,http://www.wikidata.org/entity/Q6463,35.0,2007-01-01T00:00:00Z,2009-01-01T00:00:00Z
http://www.wikidata.org/entity/Q1388551,http://www.wikidata.org/entity/Q8466,63.0,2006-01-01T00:00:00Z,2009-01-01T00:00:00Z
http://www.wikidata.org/entity/Q1389599,http://www.wikidata.org/entity/Q15786,10.0,2006-01-01T00:00:00Z,2008-01-01T00:00:00Z
http://www.wikidata.org/entity/Q1392512,http://www.wikidata.org/entity/Q15786,0.0,2013-01-01T00:00:00Z,2015-01-01T00:00:00Z
http://www.wikidata.org/entity/Q1399910,http://www.wikidata.org/entity/Q6463,62.0,2008-01-01T00:00:00Z,2011-01-01T00:00:00Z
http://www.wikidata.org/entity/Q1403053,http://www.wikidata.org/entity/Q15786,0.0,2010-01-01T00:00:00Z,2013-01-01T00:00:00Z
http://www.wikidata.org/entity/Q1410784,http://www.wikidata.org/entity/Q8466,8.0,2012-01-01T00:00:00Z,2013-01-01T00:00:00Z
http://www.wikidata.org/entity/Q1419537,http://www.wikidata.org/entity/Q6463,46.0,1999-01-01T00:00:00Z,2001-01-01T00:00:00Z
http://www.wikidata.org/entity/Q142283,http://www.wikidata.org/entity/Q15789,122.0,1997-01-01T00:00:00Z,2003-01-01T00:00:00Z
http://www.wikidata.org/entity/Q1423075,http://www.wikidata.org/entity/Q15755,102.0,1995-01-01T00:00:00Z,1999-01-01T00:00:00Z
http://www.wikidata.org/entity/Q1429675,http://www.wikidata.org/entity/Q15755,24.0,2006-01-01T00:00:00Z,2007-01-01T00:00:00Z
http://www.wikidata.org/entity/Q1433655,http://www.wikidata.org/entity/Q8466,92.0,2009-01-01T00:00:00Z,2012-01-01T00:00:00Z
http://www.wikidata.org/entity/Q1436053,http://www.wikidata.org/entity/Q15786,48.0,2002-01-01T00:00:00Z,2005-01-01T00:00:00Z
http://www.wikidata.org/entity/Q1436598,http://www.wikidata.org/entity/Q15786,16.0,1999-01-01T00:00:00Z,2000-01-01T00:00:00Z
http://www.wikidata.org/entity/Q1439915,http://www.wikidata.org/entity/Q15789,15.0,2024-01-11T00:00:00Z,2024-06-01T00:00:00Z
http://www.wikidata.org/entity/Q1439915,http://www.wikidata.org/entity/Q15789,21.0,2024-07-01T00:00:00Z,2025-01-01T00:00:00Z
http://www.wikidata.org/entity/Q1444449,http://www.wikidata.org/entity/Q15786,76.0,2000-01-01T00:00:00Z,2005-01-01T00:00:00Z
http://www.wikidata.org/entity/Q1444449,http://www.wikidata.org/entity/Q15789,0.0,1996-01-01T00:00:00Z,2000-01-01T00:00:00Z
http://www.wikidata.org/entity/Q1445754,http://www.wikidata.org/entity/Q15755,6.0,2001-01-01T00:00:00Z,2002-01-01T00:00:00Z
http://www.wikidata.org/entity/Q1448347,http://www.wikidata.org/entity/Q6463,21.0,2006-01-01T00:00:00Z,2007-01-01T00:00:00Z
http://www.wikidata.org/entity/Q14560947,http://www.wikidata.org/entity/Q15755,0.0,2011-01-01T00:00:00Z,2013-01-01T00:00:00Z
http://www.wikidata.org/entity/Q14560947,http://www.wikidata.org/entity/Q15755,0.0,2011-01-01T00:00:00Z,2011-01-01T00:00:00Z
http://www.wikidata.org/entity/Q14922449,http://www.wikidata.org/entity/Q6463,53.0,2011-01-01T00:00:00Z,2013-01-01T00:00:00Z
http://www.wikidata.org/entity/Q463484,http://www.wikidata.org/entity/Q15755,130.0,2007-01-01T00:00:00Z,2012-01-01T00:00:00Z
http://www.wikidata.org/entity/Q463929,http://www.wikidata.org/entity/Q6463,138.0,2008-01-01T00:00:00Z,2013-01-01T00:00:00Z
http://www.wikidata.org/entity/Q464035,http://www.wikidata.org/entity/Q8466,29.0,2005-01-01T00:00:00Z,2007-01-01T00:00:00Z
http://www.wikidata.org/entity/Q466235,http://www.wikidata.org/entity/Q15786,14.0,1999-01-01T00:00:00Z,2000-01-01T00:00:00Z
http://www.wikidata.org/entity/Q466263,http://www.wikidata.org/entity/Q8466,0.0,2000-01-01T00:00:00Z,2000-01-01T00:00:00Z
http://www.wikidata.org/entity/Q466263,http://www.wikidata.org/entity/Q8466,3.0,1997-01-01T00:00:00Z,1999-01-01T00:00:00Z
http://www.wikidata.org/entity/Q4684471,http://www.wikidata.org/entity/Q6463,10.0,2002-01-01T00:00:00Z,2003-01-01T00:00:00Z
http://www.wikidata.org/entity/Q468717,http://www.wikidata.org/entity/Q15786,29.0,1999-01-01T00:00:00Z,2002-01-01T00:00:00Z
http://www.wikidata.org/entity/Q468774,http://www.wikidata.org/entity/Q6463,106.0,2007-01-01T00:00:00Z,2012-01-01T00:00:00Z
http://www.wikidata.org/entity/Q468774,http://www.wikidata.org/entity/Q6463,84.0,2003-01-01T00:00:00Z,2006-01-01T00:00:00Z
http://www.wikidata.org/entity/Q469499,http://www.wikidata.org/entity/Q6463,139.0,2009-01-01T00:00:00Z,2015-01-01T00:00:00Z
http://www.wikidata.org/entity/Q469499,http://www.wikidata.org/entity/Q6463,1.0,2009-01-01T00:00:00Z,2009-01-01T00:00:00Z
http://www.wikidata.org/entity/Q469499,http://www.wikidata.org/entity/Q15755,95.0,2000-01-01T00:00:00Z,2006-01-01T00:00:00Z
http://www.wikidata.org/entity/Q469542,http://www.wikidata.org/entity/Q6463,93.0,2011-01-01T00:00:00Z,2015-01-01T00:00:00Z
http://www.wikidata.org/entity/Q469747,http://www.wikidata.org/entity/Q15786,0.0,2003-01-01T00:00:00Z,2004-01-01T00:00:00Z
http://www.wikidata.org/entity/Q47015833,http://www.wikidata.org/entity/Q4512,28.0,2022-01-01T00:00:00Z,2023-01-01T00:00:00Z
http://www.wikidata.org/entity/Q47015833,http://www.wikidata.org/entity/Q4512,52.0,2020-06-24T00:00:00Z,2022-06-30T00:00:00Z
http://www.wikidata.org/entity/Q47015833,http://www.wikidata.org/entity/Q15786,11.0,2020-01-01T00:00:00Z,2020-05-30T00:00:00Z
http://www.wikidata.org/entity/Q470558,http://www.wikidata.org/entity/Q8466,92.0,2000-01-01T00:00:00Z,2005-01-01T00:00:00Z
http://www.wikidata.org/entity/Q47067481,http://www.wikidata.org/entity/Q15755,63.0,2022-01-01T00:00:00Z,2024-01-01T00:00:00Z
http://www.wikidata.org/entity/Q470688,http://www.wikidata.org/entity/Q8466,85.0,2000-01-01T00:00:00Z,2003-01-01T00:00:00Z
http://www.wikidata.org/entity/Q47075606,http://www.wikidata.org/entity/Q6463,26.0,2019-07-25T00:00:00Z,2020-06-30T00:00:00Z
http://www.wikidata.org/entity/Q471403,http://www.wikidata.org/entity/Q8466,14.0,2014-01-01T00:00:00Z,2015-01-01T00:00:00Z
http://www.wikidata.org/entity/Q472159,http://www.wikidata.org/entity/Q8466,26.0,1999-01-01T00:00:00Z,2000-01-01T00:00:00Z
http://www.wikidata.org/entity/Q472300,http://www.wikidata.org/entity/Q15789,40.0,2021-08-30T00:00:00Z,2023-07-24T00:00:00Z
http://www.wikidata.org/entity/Q472770,http://www.wikidata.org/entity/Q15755,66.0,2009-01-01T00:00:00Z,2012-01-01T00:00:00Z
http://www.wikidata.org/entity/Q474117,http://www.wikidata.org/entity/Q8466,7.0,2004-01-01T00:00:00Z,2006-01-01T00:00:00Z
http://www.wikidata.org/entity/Q475186,http://www.wikidata.org/entity/Q15786,3.0,2005-01-01T00:00:00Z,2005-01-01T00:00:00Z
http://www.wikidata.org/entity/Q478499,http://www.wikidata.org/entity/Q4512,82.0,1998-01-01T00:00:00Z,2003-01-01T00:00:00Z
http://www.wikidata.org/entity/Q479732,http://www.wikidata.org/entity/Q6463,105.0,2012-01-01T00:00:00Z,2016-01-01T00:00:00Z
http://www.wikidata.org/entity/Q479732,http://www.wikidata.org/entity/Q6463,15.0,2017-01-01T00:00:00Z,2017-01-01T00:00:00Z
http://www.wikidata.org/entity/Q479749,http://www.wikidata.org/entity/Q6463,75.0,2009-01-01T00:00:00Z,2011-01-01T00:00:00Z
http://www.wikidata.org/entity/Q479967,http://www.wikidata.org/entity/Q8466,17.0,1997-01-01T00:00:00Z,2000-01-01T00:00:00Z
http://www.wikidata.org/entity/Q480007,http://www.wikidata.org/entity/Q6463,117.0,2004-01-01T00:00:00Z,2011-01-01T00:00:00Z
http://www.wikidata.org/entity/Q480007,http://www.wikidata.org/entity/Q4512,97.0,2000-01-01T00:00:00Z,2004-01-01T00:00:00Z
http://www.wikidata.org/entity/Q487074,http://www.wikidata.org/entity/Q6463,129.0,2005-01-01T00:00:00Z,2011-01-01T00:00:00Z
http://www.wikidata.org/entity/Q494659,http://www.wikidata.org/entity/Q8466,4.0,2009-01-01T00:00:00Z,2009-01-01T00:00:00Z
http://www.wikidata.org/entity/Q4949787,http://www.wikidata.org/entity/Q15789,16.0,2020-01-01T00:00:00Z,2024-01-01T00:00:00Z
http://www.wikidata.org/entity/Q495746,http://www.wikidata.org/entity/Q8466,0.0,2004-01-01T00:00:00Z,2005-01-01T00:00:00Z
http://www.wikidata.org/entity/Q498052,http://www.wikidata.org/entity/Q15786,35.0,1997-01-01T00:00:00Z,1999-01-01T00:00:00Z
http://www.wikidata.org/entity/Q499488,http://www.wikidata.org/entity/Q6463,42.0,2003-01-01T00:00:00Z,2005-01-01T00:00:00Z
http://www.wikidata.org/entity/Q501304,http://www.wikidata.org/entity/Q15786,213.0,2002-01-01T00:00:00Z,2011-01-01T00:00:00Z
http://www.wikidata.org/entity/Q504413,http://www.wikidata.org/entity/Q15786,88.0,2005-01-01T00:00:00Z,2010-01-01T00:00:00Z
http://www.wikidata.org/entity/Q504729,http://www.wikidata.org/entity/Q8466,43.0,2003-01-01T00:00:00Z,2005-01-01T00:00:00Z
http://www.wikidata.org/entity/Q505864,http://www.wikidata.org/entity/Q8466,9.0,2003-01-01T00:00:00Z,2004-01-01T00:00:00Z
http://www.wikidata.org/entity/Q506532,http://www.wikidata.org/entity/Q6463,87.0,2015-01-01T00:00:00Z,2018-01-01T00:00:00Z
http://www.wikidata.org/entity/Q506532,http://www.wikidata.org/entity/Q6463,13.0,2011-01-01T00:00:00Z,2012-01-01T00:00:00Z
http://www.wikidata.org/entity/Q506532,http://www.wikidata.org/entity/Q6463,31.0,2014-07-01T00:00:00Z,2015-01-01T00:00:00Z
http://www.wikidata.org/entity/Q506731,http://www.wikidata.org/entity/Q8466,6.0,2012-01-01T00:00:00Z,2014-01-01T00:00:00Z
http://www.wikidata.org/entity/Q507433,http://www.wikidata.org/entity/Q15755,70.0,2012-01-01T00:00:00Z,2014-01-01T00:00:00Z
http://www.wikidata.org/entity/Q507479,http://www.wikidata.org/entity/Q15789,1.0,1999-01-01T00:00:00Z,2001-01-01T00:00:00Z
http://www.wikidata.org/entity/Q507479,http://www.wikidata.org/entity/Q15755,72.0,2008-01-01T00:00:00Z,2012-01-01T00:00:00Z
http://www.wikidata.org/entity/Q508467,http://www.wikidata.org/entity/Q15789,191.0,1992-01-01T00:00:00Z,1999-01-01T00:00:00Z
http://www.wikidata.org/entity/Q508791,http://www.wikidata.org/entity/Q8466,12.0,2012-01-01T00:00:00Z,2014-01-01T00:00:00Z
http://www.wikidata.org/entity/Q516152,http://www.wikidata.org/entity/Q15755,20.0,2004-01-01T00:00:00Z,2005-01-01T00:00:00Z
http://www.wikidata.org/entity/Q516161,http://www.wikidata.org/entity/Q15755,92.0,2011-01-01T00:00:00Z,2016-01-01T00:00:00Z
http://www.wikidata.org/entity/Q55955918,http://www.wikidata.org/entity/Q4512,30.0,2023-01-01T00:00:00Z,2024-01-01T00:00:00Z
http://www.wikidata.org/entity/Q27694,http://www.wikidata.org/entity/Q15789,4.0,2012-01-01T00:00:00Z,2013-01-01T00:00:00Z
http://www.wikidata.org/entity/Q31981,http://www.wikidata.org/entity/Q15789,281.0,2010-07-01T00:00:00Z,2021-07-01T00:00:00Z
http://www.wikidata.org/entity/Q323180,http://www.wikidata.org/entity/Q8466,56.0,2001-01-01T00:00:00Z,2004-01-01T00:00:00Z
http://www.wikidata.org/entity/Q323296,http://www.wikidata.org/entity/Q6463,131.0,2004-01-01T00:00:00Z,2011-01-01T00:00:00Z
http://www.wikidata.org/entity/Q323975,http://www.wikidata.org/entity/Q8466,43.0,2007-01-01T00:00:00Z,2010-01-01T00:00:00Z
http://www.wikidata.org/entity/Q324710,http://www.wikidata.org/entity/Q6463,46.0,2008-01-01T00:00:00Z,2015-01-01T00:00:00Z
http://www.wikidata.org/entity/Q325825,http://www.wikidata.org/entity/Q15755,47.0,2001-01-01T00:00:00Z,2003-01-01T00:00:00Z
http://www.wikidata.org/entity/Q326159,http://www.wikidata.org/entity/Q15786,54.0,2014-01-01T00:00:00Z,2016-01-01T00:00:00Z
http://www.wikidata.org/entity/Q327242,http://www.wikidata.org/entity/Q6463,10.0,2006-01-01T00:00:00Z,2007-01-01T00:00:00Z
http://www.wikidata.org/entity/Q327433,http://www.wikidata.org/entity/Q6463,32.0,2011-01-01T00:00:00Z,2013-01-01T00:00:00Z
http://www.wikidata.org/entity/Q327670,http://www.wikidata.org/entity/Q15786,38.0,1998-01-01T00:00:00Z,2000-01-01T00:00:00Z
http://www.wikidata.org/entity/Q327791,http://www.wikidata.org/entity/Q8466,104.0,1988-01-01T00:00:00Z,2000-01-01T00:00:00Z
http://www.wikidata.org/entity/Q328237,http://www.wikidata.org/entity/Q8466,28.0,2008-01-01T00:00:00Z,2011-01-01T00:00:00Z
http://www.wikidata.org/entity/Q329451,http://www.wikidata.org/entity/Q15789,64.0,2011-01-01T00:00:00Z,2013-01-01T00:00:00Z
http://www.wikidata.org/entity/Q330193,http://www.wikidata.org/entity/Q4512,47.0,1996-01-01T00:00:00Z,2000-01-01T00:00:00Z
http://www.wikidata.org/entity/Q330193,http://www.wikidata.org/entity/Q4512,16.0,2005-01-01T00:00:00Z,2006-01-01T00:00:00Z
http://www.wikidata.org/entity/Q3302078,http://www.wikidata.org/entity/Q15786,6.0,2014-01-01T00:00:00Z,2014-01-01T00:00:00Z
http://www.wikidata.org/entity/Q3341549,http://www.wikidata.org/entity/Q15786,54.0,2013-01-01T00:00:00Z,2015-01-01T00:00:00Z
http://www.wikidata.org/entity/Q335653,http://www.wikidata.org/entity/Q8466,95.0,2013-01-01T00:00:00Z,2016-01-01T00:00:00Z
http://www.wikidata.org/entity/Q3369943,http://www.wikidata.org/entity/Q15789,0.0,2012-01-01T00:00:00Z,2016-01-01T00:00:00Z
http://www.wikidata.org/entity/Q340396,http://www.wikidata.org/entity/Q6463,90.0,2003-01-01T00:00:00Z,2006-01-01T00:00:00Z
http://www.wikidata.org/entity/Q340396,http://www.wikidata.org/entity/Q4512,1.0,1999-01-01T00:00:00Z,2000-01-01T00:00:00Z
http://www.wikidata.org/entity/Q342919,http://www.wikidata.org/entity/Q4512,2.0,1999-01-01T00:00:00Z,1999-01-01T00:00:00Z
http://www.wikidata.org/entity/Q346635,http://www.wikidata.org/entity/Q8466,11.0,2012-01-01T00:00:00Z,2013-01-01T00:00:00Z
http://www.wikidata.org/entity/Q346676,http://www.wikidata.org/entity/Q8466,54.0,2005-01-01T00:00:00Z,2007-01-01T00:00:00Z
http://www.wikidata.org/entity/Q3474886,http://www.wikidata.org/entity/Q4512,4.0,1998-01-01T00:00:00Z,2000-01-01T00:00:00Z
http://www.wikidata.org/entity/Q347540,http://www.wikidata.org/entity/Q15755,16.0,1999-01-01T00:00:00Z,2000-01-01T00:00:00Z
http://www.wikidata.org/entity/Q348543,http://www.wikidata.org/entity/Q15755,36.0,2012-01-01T00:00:00Z,2013-01-01T00:00:00Z
http://www.wikidata.org/entity/Q348543,http://www.wikidata.org/entity/Q15755,104.0,2015-01-01T00:00:00Z,2019-01-01T00:00:00Z
http://www.wikidata.org/entity/Q349379,http://www.wikidata.org/entity/Q8466,24.0,2005-01-01T00:00:00Z,2006-01-01T00:00:00Z
http://www.wikidata.org/entity/Q349764,http://www.wikidata.org/entity/Q8466,13.0,2011-01-01T00:00:00Z,2011-01-01T00:00:00Z
http://www.wikidata.org/entity/Q349764,http://www.wikidata.org/entity/Q15786,39.0,2012-01-01T00:00:00Z,2014-01-01T00:00:00Z
http://www.wikidata.org/entity/Q349764,http://www.wikidata.org/entity/Q4512,29.0,2014-01-01T00:00:00Z,2016-01-01T00:00:00Z
http://www.wikidata.org/entity/Q349786,http://www.wikidata.org/entity/Q8466,46.0,2008-01-01T00:00:00Z,2010-01-01T00:00:00Z
http://www.wikidata.org/entity/Q350306,http://www.wikidata.org/entity/Q15786,102.0,2010-01-01T00:00:00Z,2013-01-01T00:00:00Z
http://www.wikidata.org/entity/Q350351,http://www.wikidata.org/entity/Q4512,12.0,2013-01-01T00:00:00Z,2015-01-01T00:00:00Z
http://www.wikidata.org/entity/Q350516,http://www.wikidata.org/entity/Q8466,61.0,2009-01-01T00:00:00Z,2011-01-01T00:00:00Z
http://www.wikidata.org/entity/Q351463,http://www.wikidata.org/entity/Q4512,58.0,2011-01-01T00:00:00Z,2013-01-01T00:00:00Z
http://www.wikidata.org/entity/Q351463,http://www.wikidata.org/entity/Q8466,32.0,2006-01-01T00:00:00Z,2007-01-01T00:00:00Z
http://www.wikidata.org/entity/Q351797,http://www.wikidata.org/entity/Q4512,125.0,2015-01-01T00:00:00Z,2020-01-01T00:00:00Z
http://www.wikidata.org/entity/Q3529022,http://www.wikidata.org/entity/Q4512,95.0,2013-01-01T00:00:00Z,2016-01-01T00:00:00Z
http://www.wikidata.org/entity/Q353681,http://www.wikidata.org/entity/Q15786,8.0,2005-01-01T00:00:00Z,2006-01-01T00:00:00Z
http://www.wikidata.org/entity/Q354623,http://www.wikidata.org/entity/Q15755,12.0,2012-01-01T00:00:00Z,2013-01-01T00:00:00Z
http://www.wikidata.org/entity/Q354774,http://www.wikidata.org/entity/Q15786,180.0,2003-01-01T00:00:00Z,2011-01-01T00:00:00Z
http://www.wikidata.org/entity/Q355628,http://www.wikidata.org/entity/Q6463,55.0,2005-01-01T00:00:00Z,2007-01-01T00:00:00Z
http://www.wikidata.org/entity/Q356566,http://www.wikidata.org/entity/Q4512,39.0,2001-01-01T00:00:00Z,2003-01-01T00:00:00Z
http://www.wikidata.org/entity/Q360056,http://www.wikidata.org/entity/Q4512,39.0,2003-01-01T00:00:00Z,2005-01-01T00:00:00Z
http://www.wikidata.org/entity/Q361040,http://www.wikidata.org/entity/Q15786,30.0,2007-01-01T00:00:00Z,2011-01-01T00:00:00Z
http://www.wikidata.org/entity/Q361441,http://www.wikidata.org/entity/Q15786,83.0,2005-01-01T00:00:00Z,2008-01-01T00:00:00Z
http://www.wikidata.org/entity/Q36184031,http://www.wikidata.org/entity/Q4512,31.0,2019-07-01T00:00:00Z,2020-06-30T00:00:00Z
http://www.wikidata.org/entity/Q362181,http://www.wikidata.org/entity/Q15786,30.0,2008-01-01T00:00:00Z,2010-01-01T00:00:00Z
http://www.wikidata.org/entity/Q362296,http://www.wikidata.org/entity/Q4512,6.0,2013-01-01T00:00:00Z,2015-01-01T00:00:00Z
http://www.wikidata.org/entity/Q366108,http://www.wikidata.org/entity/Q4512,129.0,1999-01-01T00:00:00Z,2004-01-01T00:00:00Z
http://www.wikidata.org/entity/Q366109,http://www.wikidata.org/entity/Q15789,78.0,1996-01-01T00:00:00Z,1999-01-01T00:00:00Z
http://www.wikidata.org/entity/Q366109,http://www.wikidata.org/entity/Q8466,91.0,1999-01-01T00:00:00Z,2003-01-01T00:00:00Z
http://www.wikidata.org/entity/Q367474,http://www.wikidata.org/entity/Q15789,3.0,2011-01-01T00:00:00Z,2012-01-01T00:00:00Z
http://www.wikidata.org/entity/Q367474,http://www.wikidata.org/entity/Q15755,11.0,2016-01-01T00:00:00Z,2019-06-01T00:00:00Z
http://www.wikidata.org/entity/Q368200,http://www.wikidata.org/entity/Q15786,11.0,2007-01-01T00:00:00Z,2008-01-01T00:00:00Z
http://www.wikidata.org/entity/Q368200,http://www.wikidata.org/entity/Q15786,11.0,2008-01-01T00:00:00Z,2008-01-01T00:00:00Z
http://www.wikidata.org/entity/Q368441,http://www.wikidata.org/entity/Q15789,43.0,2017-07-01T00:00:00Z,2019-06-01T00:00:00Z
http://www.wikidata.org/entity/Q368635,http://www.wikidata.org/entity/Q8466,55.0,2003-01-01T00:00:00Z,2005-01-01T00:00:00Z
http://www.wikidata.org/entity/Q369165,http://www.wikidata.org/entity/Q6463,38.0,2003-01-01T00:00:00Z,2005-01-01T00:00:00Z
http://www.wikidata.org/entity/Q370509,http://www.wikidata.org/entity/Q8466,44.0,2012-01-01T00:00:00Z,2015-01-01T00:00:00Z
http://www.wikidata.org/entity/Q371092,http://www.wikidata.org/entity/Q8466,21.0,2006-01-01T00:00:00Z,2007-01-01T00:00:00Z
http://www.wikidata.org/entity/Q371788,http://www.wikidata.org/entity/Q15755,17.0,2013-01-01T00:00:00Z,2013-01-01T00:00:00Z
http://www.wikidata.org/entity/Q371788,http://www.wikidata.org/entity/Q15755,12.0,2014-01-01T00:00:00Z,2014-01-01T00:00:00Z
http://www.wikidata.org/entity/Q371788,http://www.wikidata.org/entity/Q15755,84.0,2015-01-01T00:00:00Z,2019-06-01T00:00:00Z
http://www.wikidata.org/entity/Q372858,http://www.wikidata.org/entity/Q8466,47.0,2002-01-01T00:00:00Z,2006-01-01T00:00:00Z
http://www.wikidata.org/entity/Q372858,http://www.wikidata.org/entity/Q8466,91.0,1997-01-01T00:00:00Z,2000-01-01T00:00:00Z
http://www.wikidata.org/entity/Q372858,http://www.wikidata.org/entity/Q15789,35.0,2000-01-01T00:00:00Z,2002-01-01T00:00:00Z
http://www.wikidata.org/entity/Q373163,http://www.wikidata.org/entity/Q6463,24.0,2001-01-01T00:00:00Z,2003-01-01T00:00:00Z
http://www.wikidata.org/entity/Q373742,http://www.wikidata.org/entity/Q15786,5.0,2015-01-01T00:00:00Z,2015-01-01T00:00:00Z
http://www.wikidata.org/entity/Q376313,http://www.wikidata.org/entity/Q6463,26.0,2008-01-01T00:00:00Z,2009-01-01T00:00:00Z
http://www.wikidata.org/entity/Q376350,http://www.wikidata.org/entity/Q15786,109.0,2001-01-01T00:00:00Z,2005-01-01T00:00:00Z
http://www.wikidata.org/entity/Q376386,http://www.wikidata.org/entity/Q15786,16.0,2009-01-01T00:00:00Z,2009-01-01T00:00:00Z
http://www.wikidata.org/entity/Q4417284,http://www.wikidata.org/entity/Q15789,0.0,2023-01-01T00:00:00Z,
http://www.wikidata.org/entity/Q3784952,http://www.wikidata.org/entity/Q6463,6.0,2003-01-01T00:00:00Z,2004-01-01T00:00:00Z
http://www.wikidata.org/entity/Q38053896,http://www.wikidata.org/entity/Q15755,154.0,2019-07-01T00:00:00Z,2025-01-01T00:00:00Z
http://www.wikidata.org/entity/Q3811755,http://www.wikidata.org/entity/Q8466,15.0,2016-01-01T00:00:00Z,2016-01-01T00:00:00Z
http://www.wikidata.org/entity/Q381205,http://www.wikidata.org/entity/Q8466,31.0,2012-07-01T00:00:00Z,2014-06-30T00:00:00Z
http://www.wikidata.org/entity/Q381205,http://www.wikidata.org/entity/Q15786,55.0,2009-02-02T00:00:00Z,2012-06-30T00:00:00Z
http://www.wikidata.org/entity/Q3822347,http://www.wikidata.org/entity/Q15786,1.0,2003-01-01T00:00:00Z,2003-01-01T00:00:00Z
http://www.wikidata.org/entity/Q384227,http://www.wikidata.org/entity/Q15786,31.0,2014-01-01T00:00:00Z,2015-01-01T00:00:00Z
http://www.wikidata.org/entity/Q384504,http://www.wikidata.org/entity/Q15755,13.0,2010-01-01T00:00:00Z,2010-01-01T00:00:00Z
http://www.wikidata.org/entity/Q384548,http://www.wikidata.org/entity/Q15789,99.0,1998-01-01T00:00:00Z,2002-01-01T00:00:00Z
http://www.wikidata.org/entity/Q384548,http://www.wikidata.org/entity/Q6463,26.0,2003-01-01T00:00:00Z,2004-01-01T00:00:00Z
http://www.wikidata.org/entity/Q384548,http://www.wikidata.org/entity/Q15755,131.0,2004-01-01T00:00:00Z,2009-01-01T00:00:00Z
http://www.wikidata.org/entity/Q384967,http://www.wikidata.org/entity/Q15786,4.0,2003-01-01T00:00:00Z,2003-01-01T00:00:00Z
http://www.wikidata.org/entity/Q3876245,http://www.wikidata.org/entity/Q15755,28.0,1998-01-01T00:00:00Z,1999-01-01T00:00:00Z
http://www.wikidata.org/entity/Q391057,http://www.wikidata.org/entity/Q15786,59.0,2012-01-01T00:00:00Z,2014-01-01T00:00:00Z
http://www.wikidata.org/entity/Q391490,http://www.wikidata.org/entity/Q15786,6.0,2003-01-01T00:00:00Z,2005-01-01T00:00:00Z
http://www.wikidata.org/entity/Q391680,http://www.wikidata.org/entity/Q15789,11.0,2020-10-01T00:00:00Z,2021-05-01T00:00:00Z
http://www.wikidata.org/entity/Q391680,http://www.wikidata.org/entity/Q15789,50.0,2015-01-01T00:00:00Z,2018-06-01T00:00:00Z
http://www.wikidata.org/entity/Q394191,http://www.wikidata.org/entity/Q15786,3.0,1999-01-01T00:00:00Z,1999-01-01T00:00:00Z
http://www.wikidata.org/entity/Q3950628,http://www.wikidata.org/entity/Q15755,16.0,2005-01-01T00:00:00Z,2006-01-01T00:00:00Z
http://www.wikidata.org/entity/Q3972259,http://www.wikidata.org/entity/Q8466,2.0,2014-01-01T00:00:00Z,2015-01-01T00:00:00Z
http://www.wikidata.org/entity/Q401474,http://www.wikidata.org/entity/Q4512,26.0,1998-01-01T00:00:00Z,2001-01-01T00:00:00Z
http://www.wikidata.org/entity/Q401896,http://www.wikidata.org/entity/Q6463,20.0,2006-01-01T00:00:00Z,2008-01-01T00:00:00Z
http://www.wikidata.org/entity/Q402014,http://www.wikidata.org/entity/Q15786,14.0,2013-01-01T00:00:00Z,2014-01-01T00:00:00Z
http://www.wikidata.org/entity/Q4023294,http://www.wikidata.org/entity/Q15786,22.0,2018-01-01T00:00:00Z,2019-06-01T00:00:00Z
http://www.wikidata.org/entity/Q415373,http://www.wikidata.org/entity/Q6463,23.0,2012-01-01T00:00:00Z,2013-01-01T00:00:00Z
http://www.wikidata.org/entity/Q415373,http://www.wikidata.org/entity/Q15755,12.0,2011-01-01T00:00:00Z,2012-01-01T00:00:00Z
http://www.wikidata.org/entity/Q42148629,http://www.wikidata.org/entity/Q15755,97.0,2017-01-01T00:00:00Z,2021-01-01T00:00:00Z
http://www.wikidata.org/entity/Q4241680,http://www.wikidata.org/entity/Q15789,61.0,2023-01-01T00:00:00Z,2026-01-01T00:00:00Z
http://www.wikidata.org/entity/Q425679,http://www.wikidata.org/entity/Q15755,14.0,2007-01-01T00:00:00Z,2008-01-01T00:00:00Z
http://www.wikidata.org/entity/Q427454,http://www.wikidata.org/entity/Q15755,104.0,2008-01-01T00:00:00Z,2011-01-01T00:00:00Z
http://www.wikidata.org/entity/Q427727,http://www.wikidata.org/entity/Q6463,23.0,2008-01-01T00:00:00Z,2010-01-01T00:00:00Z
http://www.wikidata.org/entity/Q431267,http://www.wikidata.org/entity/Q15789,5.0,2006-01-01T00:00:00Z,2008-01-01T00:00:00Z
http://www.wikidata.org/entity/Q431419,http://www.wikidata.org/entity/Q15786,45.0,2011-01-01T00:00:00Z,2013-01-01T00:00:00Z
http://www.wikidata.org/entity/Q431669,http://www.wikidata.org/entity/Q15789,0.0,2010-01-01T00:00:00Z,2011-01-01T00:00:00Z
http://www.wikidata.org/entity/Q433125,http://www.wikidata.org/entity/Q4512,29.0,2005-01-01T00:00:00Z,2009-01-01T00:00:00Z
http://www.wikidata.org/entity/Q433185,http://www.wikidata.org/entity/Q15789,3.0,2009-01-01T00:00:00Z,2010-01-01T00:00:00Z
http://www.wikidata.org/entity/Q433185,http://www.wikidata.org/entity/Q8466,25.0,2012-01-01T00:00:00Z,2013-01-01T00:00:00Z
http://www.wikidata.org/entity/Q433559,http://www.wikidata.org/entity/Q15755,26.0,2001-01-01T00:00:00Z,2002-01-01T00:00:00Z
http://www.wikidata.org/entity/Q43381082,http://www.wikidata.org/entity/Q4512,72.0,2018-01-01T00:00:00Z,2021-01-01T00:00:00Z
http://www.wikidata.org/entity/Q4370990,http://www.wikidata.org/entity/Q15786,16.0,1998-01-01T00:00:00Z,1999-01-01T00:00:00Z
http://www.wikidata.org/entity/Q4370990,http://www.wikidata.org/entity/Q6463,29.0,1999-01-01T00:00:00Z,2000-01-01T00:00:00Z
http://www.wikidata.org/entity/Q437545,http://www.wikidata.org/entity/Q15789,145.0,2000-01-01T00:00:00Z,2007-01-01T00:00:00Z
http://www.wikidata.org/entity/Q438822,http://www.wikidata.org/entity/Q8466,4.0,2008-01-01T00:00:00Z,2010-01-01T00:00:00Z
http://www.wikidata.org/entity/Q438878,http://www.wikidata.org/entity/Q15755,5.0,2009-01-01T00:00:00Z,2014-01-01T00:00:00Z
http://www.wikidata.org/entity/Q440277,http://www.wikidata.org/entity/Q6463,30.0,2010-01-01T00:00:00Z,2012-01-01T00:00:00Z
http://www.wikidata.org/entity/Q440699,http://www.wikidata.org/entity/Q8466,29.0,2010-01-01T00:00:00Z,2011-01-01T00:00:00Z
http://www.wikidata.org/entity/Q440699,http://www.wikidata.org/entity/Q15755,3.0,2012-01-01T00:00:00Z,2012-01-01T00:00:00Z
http://www.wikidata.org/entity/Q440699,http://www.wikidata.org/entity/Q15755,132.0,2012-01-01T00:00:00Z,2022-01-01T00:00:00Z
http://www.wikidata.org/entity/Q4415035,http://www.wikidata.org/entity/Q8466,41.0,2012-01-01T00:00:00Z,2014-01-01T00:00:00Z
http://www.wikidata.org/entity/Q442451,http://www.wikidata.org/entity/Q15786,16.0,2010-01-01T00:00:00Z,2015-01-01T00:00:00Z
http://www.wikidata.org/entity/Q444474,http://www.wikidata.org/entity/Q15755,34.0,2014-01-01T00:00:00Z,2015-01-01T00:00:00Z
http://www.wikidata.org/entity/Q446177,http://www.wikidata.org/entity/Q15786,28.0,1998-01-01T00:00:00Z,1999-01-01T00:00:00Z
http://www.wikidata.org/entity/Q446177,http://www.wikidata.org/entity/Q4512,20.0,1999-01-01T00:00:00Z,2000-01-01T00:00:00Z
http://www.wikidata.org/entity/Q447215,http://www.wikidata.org/entity/Q8466,53.0,2001-01-01T00:00:00Z,2004-01-01T00:00:00Z
http://www.wikidata.org/entity/Q448670,http://www.wikidata.org/entity/Q8466,8.0,2003-01-01T00:00:00Z,2004-01-01T00:00:00Z
http://www.wikidata.org/entity/Q449434,http://www.wikidata.org/entity/Q8466,10.0,2001-01-01T00:00:00Z,2002-01-01T00:00:00Z
http://www.wikidata.org/entity/Q450947,http://www.wikidata.org/entity/Q15755,1.0,2013-01-01T00:00:00Z,2013-01-01T00:00:00Z
http://www.wikidata.org/entity/Q451139,http://www.wikidata.org/entity/Q8466,220.0,1995-01-01T00:00:00Z,2003-01-01T00:00:00Z
http://www.wikidata.org/entity/Q451151,http://www.wikidata.org/entity/Q8466,328.0,1984-01-01T00:00:00Z,2001-01-01T00:00:00Z
http://www.wikidata.org/entity/Q453242,http://www.wikidata.org/entity/Q15789,214.0,1993-01-01T00:00:00Z,2005-01-01T00:00:00Z
http://www.wikidata.org/entity/Q454859,http://www.wikidata.org/entity/Q8466,81.0,1999-01-01T00:00:00Z,2002-01-01T00:00:00Z
http://www.wikidata.org/entity/Q455312,http://www.wikidata.org/entity/Q8466,61.0,2012-01-01T00:00:00Z,2014-01-01T00:00:00Z
http://www.wikidata.org/entity/Q455926,http://www.wikidata.org/entity/Q15786,5.0,2013-01-01T00:00:00Z,2014-01-01T00:00:00Z
http://www.wikidata.org/entity/Q456652,http://www.wikidata.org/entity/Q15789,31.0,2005-01-01T00:00:00Z,2007-01-01T00:00:00Z
http://www.wikidata.org/entity/Q457611,http://www.wikidata.org/entity/Q15786,47.0,1999-01-01T00:00:00Z,2001-01-01T00:00:00Z
http://www.wikidata.org/entity/Q458302,http://www.wikidata.org/entity/Q15755,125.0,2012-01-01T00:00:00Z,2016-01-01T00:00:00Z
http://www.wikidata.org/entity/Q459109,http://www.wikidata.org/entity/Q15755,2.0,2013-01-01T00:00:00Z,2013-01-01T00:00:00Z
http://www.wikidata.org/entity/Q460472,http://www.wikidata.org/entity/Q15789,6.0,2000-01-01T00:00:00Z,2001-01-01T00:00:00Z
http://www.wikidata.org/entity/Q461666,http://www.wikidata.org/entity/Q4512,77.0,1999-01-01T00:00:00Z,2003-01-01T00:00:00Z
http://www.wikidata.org/entity/Q461995,http://www.wikidata.org/entity/Q15786,70.0,2004-01-01T00:00:00Z,2007-01-01T00:00:00Z
http://www.wikidata.org/entity/Q462021,http://www.wikidata.org/entity/Q15789,2.0,2006-01-01T00:00:00Z,2006-01-01T00:00:00Z
http://www.wikidata.org/entity/Q462091,http://www.wikidata.org/entity/Q6463,1.0,2012-01-01T00:00:00Z,2012-01-01T00:00:00Z
http://www.wikidata.org/entity/Q462091,http://www.wikidata.org/entity/Q6463,147.0,2006-01-01T00:00:00Z,2012-01-01T00:00:00Z
http://www.wikidata.org/entity/Q462258,http://www.wikidata.org/entity/Q15755,70.0,2006-01-01T00:00:00Z,2009-01-01T00:00:00Z
http://www.wikidata.org/entity/Q462258,http://www.wikidata.org/entity/Q8466,58.0,2004-01-01T00:00:00Z,2006-01-01T00:00:00Z
http://www.wikidata.org/entity/Q462779,http://www.wikidata.org/entity/Q15789,46.0,2014-01-01T00:00:00Z,2017-01-01T00:00:00Z
http://www.wikidata.org/entity/Q463943,http://www.wikidata.org/entity/Q15786,39.0,2001-01-01T00:00:00Z,2004-01-01T00:00:00Z
http://www.wikidata.org/entity/Q28699707,http://www.wikidata.org/entity/Q15789,80.0,2023-07-18T00:00:00Z,
http://www.wikidata.org/entity/Q283687,http://www.wikidata.org/entity/Q8466,70.0,2006-01-01T00:00:00Z,2009-01-01T00:00:00Z
http://www.wikidata.org/entity/Q28692516,http://www.wikidata.org/entity/Q15789,1.0,2017-01-01T00:00:00Z,2019-01-01T00:00:00Z
http://www.wikidata.org/entity/Q287841,http://www.wikidata.org/entity/Q15755,39.0,2011-01-02T00:00:00Z,2012-06-30T00:00:00Z
http://www.wikidata.org/entity/Q287841,http://www.wikidata.org/entity/Q4512,10.0,2016-07-25T00:00:00Z,2017-03-24T00:00:00Z
http://www.wikidata.org/entity/Q287918,http://www.wikidata.org/entity/Q8466,45.0,2004-01-01T00:00:00Z,2006-01-01T00:00:00Z
http://www.wikidata.org/entity/Q289967,http://www.wikidata.org/entity/Q6463,88.0,1994-01-01T00:00:00Z,2000-01-01T00:00:00Z
http://www.wikidata.org/entity/Q296457,http://www.wikidata.org/entity/Q4512,25.0,2005-01-01T00:00:00Z,2006-01-01T00:00:00Z
http://www.wikidata.org/entity/Q297533,http://www.wikidata.org/entity/Q6463,11.0,2007-01-01T00:00:00Z,2009-01-01T00:00:00Z
http://www.wikidata.org/entity/Q298480,http://www.wikidata.org/entity/Q4512,68.0,2011-01-01T00:00:00Z,2014-01-01T00:00:00Z
http://www.wikidata.org/entity/Q299498,http://www.wikidata.org/entity/Q4512,93.0,2007-01-01T00:00:00Z,2011-01-01T00:00:00Z
http://www.wikidata.org/entity/Q299521,http://www.wikidata.org/entity/Q15786,39.0,2014-01-01T00:00:00Z,2016-01-01T00:00:00Z
http://www.wikidata.org/entity/Q299521,http://www.wikidata.org/entity/Q15786,62.0,2005-01-01T00:00:00Z,2007-01-01T00:00:00Z
http://www.wikidata.org/entity/Q299525,http://www.wikidata.org/entity/Q4512,30.0,2015-01-01T00:00:00Z,2016-01-01T00:00:00Z
http://www.wikidata.org/entity/Q304222,http://www.wikidata.org/entity/Q8466,21.0,2001-01-01T00:00:00Z,2004-01-01T00:00:00Z
http://www.wikidata.org/entity/Q3047499,http://www.wikidata.org/entity/Q15786,44.0,2016-07-01T00:00:00Z,2019-07-01T00:00:00Z
http://www.wikidata.org/entity/Q308363,http://www.wikidata.org/entity/Q6463,2.0,2006-01-01T00:00:00Z,2008-01-01T00:00:00Z
http://www.wikidata.org/entity/Q309532,http://www.wikidata.org/entity/Q15786,25.0,2009-01-01T00:00:00Z,2010-01-01T00:00:00Z
http://www.wikidata.org/entity/Q310206,http://www.wikidata.org/entity/Q4512,173.0,2002-01-01T00:00:00Z,2008-01-01T00:00:00Z
http://www.wikidata.org/entity/Q310504,http://www.wikidata.org/entity/Q15786,23.0,2013-01-01T00:00:00Z,2014-01-01T00:00:00Z
http://www.wikidata.org/entity/Q310605,http://www.wikidata.org/entity/Q6463,77.0,2015-01-01T00:00:00Z,2021-06-01T00:00:00Z
http://www.wikidata.org/entity/Q310612,http://www.wikidata.org/entity/Q4512,63.0,2011-01-01T00:00:00Z,2013-01-01T00:00:00Z
http://www.wikidata.org/entity/Q310803,http://www.wikidata.org/entity/Q15786,65.0,2006-01-01T00:00:00Z,2008-01-01T00:00:00Z
http://www.wikidata.org/entity/Q311559,http://www.wikidata.org/entity/Q15786,12.0,2006-01-01T00:00:00Z,2007-01-01T00:00:00Z
http://www.wikidata.org/entity/Q311872,http://www.wikidata.org/entity/Q15789,23.0,2019-08-17T00:00:00Z,2020-08-01T00:00:00Z
http://www.wikidata.org/entity/Q312089,http://www.wikidata.org/entity/Q15789,37.0,1999-01-01T00:00:00Z,2001-01-01T00:00:00Z
http://www.wikidata.org/entity/Q312508,http://www.wikidata.org/entity/Q4512,154.0,2006-01-01T00:00:00Z,2014-01-01T00:00:00Z
http://www.wikidata.org/entity/Q312518,http://www.wikidata.org/entity/Q8466,56.0,2013-01-01T00:00:00Z,2015-01-01T00:00:00Z
http://www.wikidata.org/entity/Q313178,http://www.wikidata.org/entity/Q15786,25.0,2007-01-01T00:00:00Z,2008-01-01T00:00:00Z
http://www.wikidata.org/entity/Q313314,http://www.wikidata.org/entity/Q15786,17.0,2004-01-01T00:00:00Z,2005-01-01T00:00:00Z
http://www.wikidata.org/entity/Q313380,http://www.wikidata.org/entity/Q4512,236.0,1995-01-01T00:00:00Z,2003-01-01T00:00:00Z
http://www.wikidata.org/entity/Q313724,http://www.wikidata.org/entity/Q15786,18.0,2006-01-01T00:00:00Z,2007-01-01T00:00:00Z
http://www.wikidata.org/entity/Q313724,http://www.wikidata.org/entity/Q15786,12.0,2007-01-01T00:00:00Z,2008-01-01T00:00:00Z
http://www.wikidata.org/entity/Q313822,http://www.wikidata.org/entity/Q8466,70.0,2011-01-01T00:00:00Z,2014-01-01T00:00:00Z
http://www.wikidata.org/entity/Q313936,http://www.wikidata.org/entity/Q15786,19.0,2009-01-01T00:00:00Z,2010-01-01T00:00:00Z
http://www.wikidata.org/entity/Q313938,http://www.wikidata.org/entity/Q15786,88.0,2011-01-01T00:00:00Z,2014-01-01T00:00:00Z
http://www.wikidata.org/entity/Q314168,http://www.wikidata.org/entity/Q4512,103.0,2010-01-01T00:00:00Z,2014-01-01T00:00:00Z
http://www.wikidata.org/entity/Q314241,http://www.wikidata.org/entity/Q15789,35.0,2007-01-01T00:00:00Z,2010-01-01T00:00:00Z
http://www.wikidata.org/entity/Q315421,http://www.wikidata.org/entity/Q15786,43.0,2001-01-01T00:00:00Z,2003-01-01T00:00:00Z
http://www.wikidata.org/entity/Q315641,http://www.wikidata.org/entity/Q6463,56.0,2012-07-24T00:00:00Z,2015-07-01T00:00:00Z
http://www.wikidata.org/entity/Q315665,http://www.wikidata.org/entity/Q4512,73.0,2006-01-01T00:00:00Z,2010-01-01T00:00:00Z
http://www.wikidata.org/entity/Q315791,http://www.wikidata.org/entity/Q8466,116.0,2000-01-01T00:00:00Z,2004-01-01T00:00:00Z
http://www.wikidata.org/entity/Q315993,http://www.wikidata.org/entity/Q15789,28.0,2004-01-01T00:00:00Z,2005-01-01T00:00:00Z
http://www.wikidata.org/entity/Q316203,http://www.wikidata.org/entity/Q15789,8.0,2007-01-01T00:00:00Z,2008-01-01T00:00:00Z
http://www.wikidata.org/entity/Q316222,http://www.wikidata.org/entity/Q4512,71.0,2006-01-01T00:00:00Z,2009-01-01T00:00:00Z
http://www.wikidata.org/entity/Q316229,http://www.wikidata.org/entity/Q15789,77.0,1999-01-01T00:00:00Z,2002-01-01T00:00:00Z
http://www.wikidata.org/entity/Q316727,http://www.wikidata.org/entity/Q15786,5.0,1998-01-01T00:00:00Z,1999-01-01T00:00:00Z
http://www.wikidata.org/entity/Q316805,http://www.wikidata.org/entity/Q6463,31.0,1998-01-01T00:00:00Z,2000-01-01T00:00:00Z
http://www.wikidata.org/entity/Q317339,http://www.wikidata.org/entity/Q8466,53.0,2001-01-01T00:00:00Z,2004-01-01T00:00:00Z
http://www.wikidata.org/entity/Q317383,http://www.wikidata.org/entity/Q8466,108.0,1996-01-01T00:00:00Z,1999-01-01T00:00:00Z
http://www.wikidata.org/entity/Q317389,http://www.wikidata.org/entity/Q15755,31.0,2014-01-01T00:00:00Z,2015-01-01T00:00:00Z
http://www.wikidata.org/entity/Q317603,http://www.wikidata.org/entity/Q8466,47.0,2005-01-01T00:00:00Z,2009-01-01T00:00:00Z
http://www.wikidata.org/entity/Q317785,http://www.wikidata.org/entity/Q8466,6.0,1995-01-01T00:00:00Z,1999-01-01T00:00:00Z
http://www.wikidata.org/entity/Q318563,http://www.wikidata.org/entity/Q8466,23.0,2004-01-01T00:00:00Z,2005-01-01T00:00:00Z
http://www.wikidata.org/entity/Q318563,http://www.wikidata.org/entity/Q4512,35.0,1999-01-01T00:00:00Z,2004-01-01T00:00:00Z
http://www.wikidata.org/entity/Q318635,http://www.wikidata.org/entity/Q15755,24.0,2009-01-01T00:00:00Z,2010-01-01T00:00:00Z
http://www.wikidata.org/entity/Q318635,http://www.wikidata.org/entity/Q15789,32.0,2004-01-01T00:00:00Z,2005-01-01T00:00:00Z
http://www.wikidata.org/entity/Q319271,http://www.wikidata.org/entity/Q15786,11.0,2005-01-01T00:00:00Z,2006-01-01T00:00:00Z
http://www.wikidata.org/entity/Q320182,http://www.wikidata.org/entity/Q15786,30.0,2001-01-01T00:00:00Z,2004-01-01T00:00:00Z
http://www.wikidata.org/entity/Q320628,http://www.wikidata.org/entity/Q15755,81.0,2006-01-01T00:00:00Z,2009-01-01T00:00:00Z
http://www.wikidata.org/entity/Q321391,http://www.wikidata.org/entity/Q15755,9.0,2000-01-01T00:00:00Z,2001-01-01T00:00:00Z
http://www.wikidata.org/entity/Q322333,http://www.wikidata.org/entity/Q4512,9.0,2013-01-01T00:00:00Z,2015-01-01T00:00:00Z
http://www.wikidata.org/entity/Q322416,http://www.wikidata.org/entity/Q8466,4.0,2007-01-01T00:00:00Z,2007-01-01T00:00:00Z
http://www.wikidata.org/entity/Q322416,http://www.wikidata.org/entity/Q8466,24.0,2006-01-01T00:00:00Z,2007-01-01T00:00:00Z
http://www.wikidata.org/entity/Q322416,http://www.wikidata.org/entity/Q8466,15.0,2008-01-01T00:00:00Z,2008-01-01T00:00:00Z
http://www.wikidata.org/entity/Q322865,http://www.wikidata.org/entity/Q15789,67.0,2003-01-01T00:00:00Z,2005-01-01T00:00:00Z
http://www.wikidata.org/entity/Q323045,http://www.wikidata.org/entity/Q6463,1.0,2013-01-01T00:00:00Z,2013-01-01T00:00:00Z
http://www.wikidata.org/entity/Q323045,http://www.wikidata.org/entity/Q6463,50.0,2013-01-01T00:00:00Z,2015-01-01T00:00:00Z
http://www.wikidata.org/entity/Q323400,http://www.wikidata.org/entity/Q15755,6.0,2008-01-01T00:00:00Z,2010-01-01T00:00:00Z
http://www.wikidata.org/entity/Q23540953,http://www.wikidata.org/entity/Q15789,162.0,2019-01-01T00:00:00Z,
http://www.wikidata.org/entity/Q23939194,http://www.wikidata.org/entity/Q4512,9.0,2017-01-01T00:00:00Z,
http://www.wikidata.org/entity/Q26708753,http://www.wikidata.org/entity/Q15789,6.0,2020-01-01T00:00:00Z,
http://www.wikidata.org/entity/Q2444838,http://www.wikidata.org/entity/Q6463,42.0,1997-01-01T00:00:00Z,1999-01-01T00:00:00Z
http://www.wikidata.org/entity/Q2445014,http://www.wikidata.org/entity/Q6463,16.0,2002-01-01T00:00:00Z,2003-01-01T00:00:00Z
http://www.wikidata.org/entity/Q248741,http://www.wikidata.org/entity/Q8466,10.0,2006-01-01T00:00:00Z,2007-01-01T00:00:00Z
http://www.wikidata.org/entity/Q249198,http://www.wikidata.org/entity/Q4512,59.0,2014-01-01T00:00:00Z,2016-01-01T00:00:00Z
http://www.wikidata.org/entity/Q249669,http://www.wikidata.org/entity/Q15786,142.0,1999-01-01T00:00:00Z,2004-01-01T00:00:00Z
http://www.wikidata.org/entity/Q2509465,http://www.wikidata.org/entity/Q15755,35.0,2013-01-01T00:00:00Z,2015-01-01T00:00:00Z
http://www.wikidata.org/entity/Q251327,http://www.wikidata.org/entity/Q8466,12.0,2008-01-01T00:00:00Z,2008-01-01T00:00:00Z
http://www.wikidata.org/entity/Q251327,http://www.wikidata.org/entity/Q6463,14.0,2008-01-01T00:00:00Z,2009-01-01T00:00:00Z
http://www.wikidata.org/entity/Q252190,http://www.wikidata.org/entity/Q15789,52.0,2012-01-01T00:00:00Z,2015-01-09T00:00:00Z
http://www.wikidata.org/entity/Q252643,http://www.wikidata.org/entity/Q6463,13.0,2002-01-01T00:00:00Z,2003-01-01T00:00:00Z
http://www.wikidata.org/entity/Q2528968,http://www.wikidata.org/entity/Q6463,28.0,2003-01-01T00:00:00Z,2004-01-01T00:00:00Z
http://www.wikidata.org/entity/Q2577379,http://www.wikidata.org/entity/Q8466,68.0,2011-01-01T00:00:00Z,2015-01-01T00:00:00Z
http://www.wikidata.org/entity/Q2599031,http://www.wikidata.org/entity/Q6463,29.0,2001-01-01T00:00:00Z,2003-01-01T00:00:00Z
http://www.wikidata.org/entity/Q260084,http://www.wikidata.org/entity/Q4512,1.0,2000-01-01T00:00:00Z,2001-01-01T00:00:00Z
http://www.wikidata.org/entity/Q260084,http://www.wikidata.org/entity/Q15755,21.0,2005-01-01T00:00:00Z,2006-01-01T00:00:00Z
http://www.wikidata.org/entity/Q26259982,http://www.wikidata.org/entity/Q15789,53.0,2022-01-01T00:00:00Z,2024-01-01T00:00:00Z
http://www.wikidata.org/entity/Q2634139,http://www.wikidata.org/entity/Q15789,0.0,1997-01-01T00:00:00Z,1999-01-01T00:00:00Z
http://www.wikidata.org/entity/Q266045,http://www.wikidata.org/entity/Q15755,12.0,2019-07-01T00:00:00Z,2021-06-01T00:00:00Z
http://www.wikidata.org/entity/Q269404,http://www.wikidata.org/entity/Q8466,65.0,2001-01-01T00:00:00Z,2004-01-01T00:00:00Z
http://www.wikidata.org/entity/Q27077869,http://www.wikidata.org/entity/Q8466,27.0,2016-01-01T00:00:00Z,2017-01-01T00:00:00Z
http://www.wikidata.org/entity/Q271882,http://www.wikidata.org/entity/Q15789,94.0,2001-01-01T00:00:00Z,2005-01-01T00:00:00Z
http://www.wikidata.org/entity/Q274523,http://www.wikidata.org/entity/Q4512,27.0,2014-01-01T00:00:00Z,2015-01-01T00:00:00Z
http://www.wikidata.org/entity/Q27468610,http://www.wikidata.org/entity/Q4512,6.0,2017-01-01T00:00:00Z,2018-01-01T00:00:00Z
http://www.wikidata.org/entity/Q274803,http://www.wikidata.org/entity/Q4512,34.0,2005-01-01T00:00:00Z,2011-01-01T00:00:00Z
http://www.wikidata.org/entity/Q276207,http://www.wikidata.org/entity/Q15789,9.0,2004-01-01T00:00:00Z,2005-01-01T00:00:00Z
http://www.wikidata.org/entity/Q276731,http://www.wikidata.org/entity/Q6463,25.0,2001-01-01T00:00:00Z,2003-01-01T00:00:00Z
http://www.wikidata.org/entity/Q276877,http://www.wikidata.org/entity/Q8466,96.0,2005-01-01T00:00:00Z,2009-01-01T00:00:00Z
http://www.wikidata.org/entity/Q276877,http://www.wikidata.org/entity/Q15755,74.0,2009-01-01T00:00:00Z,2012-01-01T00:00:00Z
http://www.wikidata.org/entity/Q280130,http://www.wikidata.org/entity/Q15786,47.0,2015-01-01T00:00:00Z,2018-08-01T00:00:00Z
http://www.wikidata.org/entity/Q2803540,http://www.wikidata.org/entity/Q6463,0.0,2006-01-01T00:00:00Z,2008-01-01T00:00:00Z
http://www.wikidata.org/entity/Q28065104,http://www.wikidata.org/entity/Q4512,21.0,2021-08-01T00:00:00Z,2022-01-01T00:00:00Z
http://www.wikidata.org/entity/Q28065104,http://www.wikidata.org/entity/Q6463,21.0,2021-01-01T00:00:00Z,2021-06-01T00:00:00Z
http://www.wikidata.org/entity/Q217384,http://www.wikidata.org/entity/Q15789,33.0,2003-01-01T00:00:00Z,2005-01-01T00:00:00Z
http://www.wikidata.org/entity/Q217482,http://www.wikidata.org/entity/Q8466,55.0,1999-01-01T00:00:00Z,2002-01-01T00:00:00Z
http://www.wikidata.org/entity/Q218048,http://www.wikidata.org/entity/Q15755,20.0,2010-01-01T00:00:00Z,2011-01-01T00:00:00Z
http://www.wikidata.org/entity/Q2195005,http://www.wikidata.org/entity/Q15786,22.0,2002-01-01T00:00:00Z,2003-01-01T00:00:00Z
http://www.wikidata.org/entity/Q221871,http://www.wikidata.org/entity/Q6463,5.0,2002-01-01T00:00:00Z,2002-01-01T00:00:00Z
http://www.wikidata.org/entity/Q221871,http://www.wikidata.org/entity/Q6463,5.0,2001-01-01T00:00:00Z,2002-01-01T00:00:00Z
http://www.wikidata.org/entity/Q2225556,http://www.wikidata.org/entity/Q8466,2.0,2012-01-01T00:00:00Z,2013-01-01T00:00:00Z
http://www.wikidata.org/entity/Q22342392,http://www.wikidata.org/entity/Q4512,25.0,2017-01-01T00:00:00Z,2017-01-01T00:00:00Z
http://www.wikidata.org/entity/Q2262590,http://www.wikidata.org/entity/Q15789,0.0,2000-01-01T00:00:00Z,2001-01-01T00:00:00Z
http://www.wikidata.org/entity/Q2262606,http://www.wikidata.org/entity/Q15755,20.0,2006-01-01T00:00:00Z,2008-01-01T00:00:00Z
http://www.wikidata.org/entity/Q2262756,http://www.wikidata.org/entity/Q15786,36.0,2003-01-01T00:00:00Z,2005-01-01T00:00:00Z
http://www.wikidata.org/entity/Q2263016,http://www.wikidata.org/entity/Q8466,59.0,1999-01-01T00:00:00Z,2002-01-01T00:00:00Z
http://www.wikidata.org/entity/Q2263035,http://www.wikidata.org/entity/Q8466,42.0,2006-01-01T00:00:00Z,2009-01-01T00:00:00Z
http://www.wikidata.org/entity/Q2263183,http://www.wikidata.org/entity/Q15786,1.0,2005-01-01T00:00:00Z,2008-01-01T00:00:00Z
http://www.wikidata.org/entity/Q22694710,http://www.wikidata.org/entity/Q4512,8.0,2018-07-01T00:00:00Z,2022-07-01T00:00:00Z
http://www.wikidata.org/entity/Q2272966,http://www.wikidata.org/entity/Q8466,6.0,2007-01-01T00:00:00Z,2008-01-01T00:00:00Z
http://www.wikidata.org/entity/Q2286792,http://www.wikidata.org/entity/Q8466,12.0,1999-01-01T00:00:00Z,2003-01-01T00:00:00Z
http://www.wikidata.org/entity/Q2287538,http://www.wikidata.org/entity/Q6463,25.0,2000-01-01T00:00:00Z,2002-01-01T00:00:00Z
http://www.wikidata.org/entity/Q231470,http://www.wikidata.org/entity/Q4512,310.0,1996-01-01T00:00:00Z,2006-01-01T00:00:00Z
http://www.wikidata.org/entity/Q2315189,http://www.wikidata.org/entity/Q4512,0.0,1998-01-01T00:00:00Z,2000-01-01T00:00:00Z
http://www.wikidata.org/entity/Q2336235,http://www.wikidata.org/entity/Q8466,5.0,1997-01-01T00:00:00Z,1999-01-01T00:00:00Z
http://www.wikidata.org/entity/Q2336933,http://www.wikidata.org/entity/Q15786,57.0,1999-01-01T00:00:00Z,2002-01-01T00:00:00Z
http://www.wikidata.org/entity/Q2337401,http://www.wikidata.org/entity/Q8466,15.0,2008-01-01T00:00:00Z,2009-01-01T00:00:00Z
http://www.wikidata.org/entity/Q2338580,http://www.wikidata.org/entity/Q8466,48.0,2006-01-01T00:00:00Z,2008-01-01T00:00:00Z
http://www.wikidata.org/entity/Q2343451,http://www.wikidata.org/entity/Q15789,0.0,2001-01-01T00:00:00Z,2002-01-01T00:00:00Z
http://www.wikidata.org/entity/Q2343938,http://www.wikidata.org/entity/Q15786,19.0,1998-01-01T00:00:00Z,2000-01-01T00:00:00Z
http://www.wikidata.org/entity/Q2371082,http://www.wikidata.org/entity/Q15786,64.0,1998-01-01T00:00:00Z,2001-01-01T00:00:00Z
http://www.wikidata.org/entity/Q23771363,http://www.wikidata.org/entity/Q6463,22.0,2013-01-01T00:00:00Z,2013-01-01T00:00:00Z
http://www.wikidata.org/entity/Q2379969,http://www.wikidata.org/entity/Q15755,137.0,2002-01-01T00:00:00Z,2008-01-01T00:00:00Z
http://www.wikidata.org/entity/Q2388894,http://www.wikidata.org/entity/Q6463,91.0,2015-01-01T00:00:00Z,2019-01-01T00:00:00Z
http://www.wikidata.org/entity/Q239971,http://www.wikidata.org/entity/Q8466,2.0,2008-01-01T00:00:00Z,2009-01-01T00:00:00Z
http://www.wikidata.org/entity/Q2406998,http://www.wikidata.org/entity/Q15786,10.0,2014-01-01T00:00:00Z,2014-01-01T00:00:00Z
http://www.wikidata.org/entity/Q2420047,http://www.wikidata.org/entity/Q15786,33.0,2013-01-01T00:00:00Z,2014-01-01T00:00:00Z
http://www.wikidata.org/entity/Q2423483,http://www.wikidata.org/entity/Q8466,18.0,2001-01-01T00:00:00Z,2004-01-01T00:00:00Z
http://www.wikidata.org/entity/Q2426073,http://www.wikidata.org/entity/Q6463,75.0,2005-01-01T00:00:00Z,2010-01-01T00:00:00Z
http://www.wikidata.org/entity/Q2426073,http://www.wikidata.org/entity/Q6463,24.0,2000-01-01T00:00:00Z,2002-01-01T00:00:00Z
http://www.wikidata.org/entity/Q2426073,http://www.wikidata.org/entity/Q6463,36.0,1997-01-01T00:00:00Z,1999-01-01T00:00:00Z
http://www.wikidata.org/entity/Q2426603,http://www.wikidata.org/entity/Q6463,49.0,1998-01-01T00:00:00Z,2001-01-01T00:00:00Z
http://www.wikidata.org/entity/Q2426747,http://www.wikidata.org/entity/Q15755,27.0,2003-01-01T00:00:00Z,2004-01-01T00:00:00Z
http://www.wikidata.org/entity/Q2427151,http://www.wikidata.org/entity/Q4512,133.0,1991-01-01T00:00:00Z,2003-01-01T00:00:00Z
http://www.wikidata.org/entity/Q2427244,http://www.wikidata.org/entity/Q6463,51.0,1997-01-01T00:00:00Z,1999-01-01T00:00:00Z
http://www.wikidata.org/entity/Q2428300,http://www.wikidata.org/entity/Q15755,49.0,2000-01-01T00:00:00Z,2002-01-01T00:00:00Z
http://www.wikidata.org/entity/Q2428353,http://www.wikidata.org/entity/Q15786,55.0,1997-01-01T00:00:00Z,2000-01-01T00:00:00Z
http://www.wikidata.org/entity/Q2434017,http://www.wikidata.org/entity/Q6463,3.0,1998-01-01T00:00:00Z,1999-01-01T00:00:00Z
http://www.wikidata.org/entity/Q2434867,http://www.wikidata.org/entity/Q15789,76.0,2004-01-01T00:00:00Z,2009-01-01T00:00:00Z
http://www.wikidata.org/entity/Q2437893,http://www.wikidata.org/entity/Q15755,2.0,2000-01-01T00:00:00Z,2001-01-01T00:00:00Z
http://www.wikidata.org/entity/Q2438097,http://www.wikidata.org/entity/Q15786,1.0,1998-01-01T00:00:00Z,2000-01-01T00:00:00Z
http://www.wikidata.org/entity/Q2440473,http://www.wikidata.org/entity/Q15786,102.0,1999-01-01T00:00:00Z,2004-01-01T00:00:00Z
http://www.wikidata.org/entity/Q2444956,http://www.wikidata.org/entity/Q8466,22.0,2001-01-01T00:00:00Z,2006-01-01T00:00:00Z
http://www.wikidata.org/entity/Q2445014,http://www.wikidata.org/entity/Q15755,22.0,2005-01-01T00:00:00Z,2007-01-01T00:00:00Z
http://www.wikidata.org/entity/Q219026,http://www.wikidata.org/entity/Q15786,6.0,2016-01-01T00:00:00Z,
http://www.wikidata.org/entity/Q22998602,http://www.wikidata.org/entity/Q4512,85.0,2023-01-01T00:00:00Z,
http://www.wikidata.org/entity/Q1573871,http://www.wikidata.org/entity/Q51974,13.0,1999-01-01T00:00:00Z,2003-01-01T00:00:00Z
http://www.wikidata.org/entity/Q157584,http://www.wikidata.org/entity/Q51976,80.0,2002-01-01T00:00:00Z,2006-01-01T00:00:00Z
http://www.wikidata.org/entity/Q157584,http://www.wikidata.org/entity/Q41420,113.0,2006-01-01T00:00:00Z,2010-01-01T00:00:00Z
http://www.wikidata.org/entity/Q157584,http://www.wikidata.org/entity/Q38245,10.0,2014-01-01T00:00:00Z,2015-01-01T00:00:00Z
http://www.wikidata.org/entity/Q1576200,http://www.wikidata.org/entity/Q51974,0.0,2009-01-01T00:00:00Z,2012-01-01T00:00:00Z
http://www.wikidata.org/entity/Q158367,http://www.wikidata.org/entity/Q41420,176.0,2009-01-01T00:00:00Z,2015-01-01T00:00:00Z
http://www.wikidata.org/entity/Q15844698,http://www.wikidata.org/entity/Q41420,116.0,2015-01-01T00:00:00Z,2019-12-01T00:00:00Z
http://www.wikidata.org/entity/Q15901932,http://www.wikidata.org/entity/Q33748,87.0,2014-01-01T00:00:00Z,2018-01-01T00:00:00Z
http://www.wikidata.org/entity/Q159123,http://www.wikidata.org/entity/Q51976,34.0,2012-07-01T00:00:00Z,2013-06-30T00:00:00Z
http://www.wikidata.org/entity/Q159123,http://www.wikidata.org/entity/Q51976,35.0,2013-07-01T00:00:00Z,2015-07-01T00:00:00Z
http://www.wikidata.org/entity/Q159518,http://www.wikidata.org/entity/Q51974,149.0,2007-01-01T00:00:00Z,2011-01-01T00:00:00Z
http://www.wikidata.org/entity/Q159518,http://www.wikidata.org/entity/Q51976,147.0,1992-01-01T00:00:00Z,2002-01-01T00:00:00Z
http://www.wikidata.org/entity/Q15970879,http://www.wikidata.org/entity/Q33748,39.0,2011-01-01T00:00:00Z,2013-01-01T00:00:00Z
http://www.wikidata.org/entity/Q15970879,http://www.wikidata.org/entity/Q33748,0.0,2011-01-01T00:00:00Z,2011-01-01T00:00:00Z
http://www.wikidata.org/entity/Q159803,http://www.wikidata.org/entity/Q51976,260.0,1999-01-01T00:00:00Z,2009-01-01T00:00:00Z
http://www.wikidata.org/entity/Q160363,http://www.wikidata.org/entity/Q51974,13.0,2006-01-01T00:00:00Z,2006-01-01T00:00:00Z
http://www.wikidata.org/entity/Q160363,http://www.wikidata.org/entity/Q51976,169.0,1998-01-01T00:00:00Z,2004-01-01T00:00:00Z
http://www.wikidata.org/entity/Q160384,http://www.wikidata.org/entity/Q51976,215.0,2004-01-01T00:00:00Z,2014-01-01T00:00:00Z
http://www.wikidata.org/entity/Q160403,http://www.wikidata.org/entity/Q51976,142.0,1996-01-01T00:00:00Z,2001-01-01T00:00:00Z
http://www.wikidata.org/entity/Q1604071,http://www.wikidata.org/entity/Q33748,49.0,1999-01-01T00:00:00Z,2002-01-01T00:00:00Z
http://www.wikidata.org/entity/Q16054819,http://www.wikidata.org/entity/Q51974,4.0,2014-01-01T00:00:00Z,2014-01-01T00:00:00Z
http://www.wikidata.org/entity/Q16054819,http://www.wikidata.org/entity/Q51974,4.0,2013-01-01T00:00:00Z,2014-01-01T00:00:00Z
http://www.wikidata.org/entity/Q160791,http://www.wikidata.org/entity/Q51976,0.0,2002-01-01T00:00:00Z,2004-01-01T00:00:00Z
http://www.wikidata.org/entity/Q160795,http://www.wikidata.org/entity/Q41420,75.0,2002-01-01T00:00:00Z,2006-01-01T00:00:00Z
http://www.wikidata.org/entity/Q160808,http://www.wikidata.org/entity/Q51976,288.0,2006-01-01T00:00:00Z,2017-05-01T00:00:00Z
http://www.wikidata.org/entity/Q160890,http://www.wikidata.org/entity/Q51976,152.0,2000-01-01T00:00:00Z,2005-01-01T00:00:00Z
http://www.wikidata.org/entity/Q160890,http://www.wikidata.org/entity/Q51974,48.0,1998-01-01T00:00:00Z,2000-01-01T00:00:00Z
http://www.wikidata.org/entity/Q161038,http://www.wikidata.org/entity/Q41420,196.0,2008-01-01T00:00:00Z,2018-01-01T00:00:00Z
http://www.wikidata.org/entity/Q161054,http://www.wikidata.org/entity/Q41420,42.0,2011-01-01T00:00:00Z,2013-01-01T00:00:00Z
http://www.wikidata.org/entity/Q161089,http://www.wikidata.org/entity/Q41420,105.0,2011-01-01T00:00:00Z,2016-01-01T00:00:00Z
http://www.wikidata.org/entity/Q1617837,http://www.wikidata.org/entity/Q33748,44.0,2007-01-01T00:00:00Z,2009-01-01T00:00:00Z
http://www.wikidata.org/entity/Q1617837,http://www.wikidata.org/entity/Q33748,3.0,2009-01-01T00:00:00Z,2009-01-01T00:00:00Z
http://www.wikidata.org/entity/Q1619251,http://www.wikidata.org/entity/Q38245,6.0,2001-01-01T00:00:00Z,2003-01-01T00:00:00Z
http://www.wikidata.org/entity/Q16237064,http://www.wikidata.org/entity/Q51976,221.0,2016-01-01T00:00:00Z,2025-01-01T00:00:00Z
http://www.wikidata.org/entity/Q104035264,http://www.wikidata.org/entity/Q38245,70.0,2023-01-01T00:00:00Z,
http://www.wikidata.org/entity/Q104177308,http://www.wikidata.org/entity/Q38245,1.0,2021-01-01T00:00:00Z,
http://www.wikidata.org/entity/Q104454,http://www.wikidata.org/entity/Q38245,93.0,2022-06-01T00:00:00Z,
http://www.wikidata.org/entity/Q110483835,http://www.wikidata.org/entity/Q41420,15.0,2025-01-01T00:00:00Z,
http://www.wikidata.org/entity/Q121603159,http://www.wikidata.org/entity/Q51976,3.0,2023-03-17T00:00:00Z,
http://www.wikidata.org/entity/Q100296,http://www.wikidata.org/entity/Q41420,1.0,2004-01-01T00:00:00Z,2005-01-01T00:00:00Z
http://www.wikidata.org/entity/Q1004428,http://www.wikidata.org/entity/Q51976,13.0,2009-01-01T00:00:00Z,2010-01-01T00:00:00Z
http://www.wikidata.org/entity/Q100602910,http://www.wikidata.org/entity/Q38245,14.0,2024-01-01T00:00:00Z,2024-01-01T00:00:00Z
http://www.wikidata.org/entity/Q100602910,http://www.wikidata.org/entity/Q38245,33.0,2024-01-01T00:00:00Z,2025-01-01T00:00:00Z
http://www.wikidata.org/entity/Q103008,http://www.wikidata.org/entity/Q33748,64.0,2007-01-01T00:00:00Z,2010-01-01T00:00:00Z
http://www.wikidata.org/entity/Q1035783,http://www.wikidata.org/entity/Q51974,6.0,2006-01-01T00:00:00Z,2007-01-01T00:00:00Z
http://www.wikidata.org/entity/Q103724,http://www.wikidata.org/entity/Q33748,5.0,1998-01-01T00:00:00Z,1999-01-01T00:00:00Z
http://www.wikidata.org/entity/Q104035264,http://www.wikidata.org/entity/Q38245,36.0,2022-01-01T00:00:00Z,2023-01-01T00:00:00Z
http://www.wikidata.org/entity/Q104035264,http://www.wikidata.org/entity/Q41420,9.0,2020-01-01T00:00:00Z,2023-01-01T00:00:00Z
http://www.wikidata.org/entity/Q104454,http://www.wikidata.org/entity/Q41420,75.0,2016-01-01T00:00:00Z,2020-06-01T00:00:00Z
http://www.wikidata.org/entity/Q104454,http://www.wikidata.org/entity/Q41420,83.0,2009-01-01T00:00:00Z,2013-01-01T00:00:00Z
http://www.wikidata.org/entity/Q105707,http://www.wikidata.org/entity/Q38245,16.0,1998-01-01T00:00:00Z,2000-01-01T00:00:00Z
http://www.wikidata.org/entity/Q105887,http://www.wikidata.org/entity/Q51976,28.0,2006-01-01T00:00:00Z,2007-01-01T00:00:00Z
http://www.wikidata.org/entity/Q105887,http://www.wikidata.org/entity/Q51976,89.0,2007-01-01T00:00:00Z,2010-01-01T00:00:00Z
http://www.wikidata.org/entity/Q105887,http://www.wikidata.org/entity/Q33748,7.0,2016-01-01T00:00:00Z,2016-01-01T00:00:00Z
http://www.wikidata.org/entity/Q105921,http://www.wikidata.org/entity/Q51976,194.0,2005-01-01T00:00:00Z,2012-01-01T00:00:00Z
http://www.wikidata.org/entity/Q107076,http://www.wikidata.org/entity/Q41420,47.0,2002-01-01T00:00:00Z,2004-01-01T00:00:00Z
http://www.wikidata.org/entity/Q107076,http://www.wikidata.org/entity/Q51976,162.0,1997-01-01T00:00:00Z,2002-01-01T00:00:00Z
http://www.wikidata.org/entity/Q107076,http://www.wikidata.org/entity/Q51976,164.0,2005-01-01T00:00:00Z,2011-01-01T00:00:00Z
http://www.wikidata.org/entity/Q107089,http://www.wikidata.org/entity/Q33748,164.0,2004-01-01T00:00:00Z,2009-01-01T00:00:00Z
http://www.wikidata.org/entity/Q107430,http://www.wikidata.org/entity/Q33748,81.0,2007-01-01T00:00:00Z,2010-01-01T00:00:00Z
http://www.wikidata.org/entity/Q107430,http://www.wikidata.org/entity/Q33748,1.0,2010-01-01T00:00:00Z,2010-01-01T00:00:00Z
http://www.wikidata.org/entity/Q107471,http://www.wikidata.org/entity/Q33748,1.0,2001-01-01T00:00:00Z,2002-01-01T00:00:00Z
http://www.wikidata.org/entity/Q107659,http://www.wikidata.org/entity/Q38245,0.0,2001-01-01T00:00:00Z,2005-01-01T00:00:00Z
http://www.wikidata.org/entity/Q107796,http://www.wikidata.org/entity/Q51976,123.0,2007-01-01T00:00:00Z,2012-01-01T00:00:00Z
http://www.wikidata.org/entity/Q107829,http://www.wikidata.org/entity/Q33748,79.0,1996-01-01T00:00:00Z,1999-01-01T00:00:00Z
http://www.wikidata.org/entity/Q1079038,http://www.wikidata.org/entity/Q51976,59.0,1996-01-01T00:00:00Z,1999-01-01T00:00:00Z
http://www.wikidata.org/entity/Q1079387,http://www.wikidata.org/entity/Q41420,1.0,2007-01-01T00:00:00Z,2008-01-01T00:00:00Z
http://www.wikidata.org/entity/Q107976,http://www.wikidata.org/entity/Q51976,5.0,1997-01-01T00:00:00Z,1999-01-01T00:00:00Z
http://www.wikidata.org/entity/Q1086492,http://www.wikidata.org/entity/Q33748,42.0,2008-01-01T00:00:00Z,2014-01-01T00:00:00Z
http://www.wikidata.org/entity/Q108982,http://www.wikidata.org/entity/Q33748,2.0,2002-01-01T00:00:00Z,2003-01-01T00:00:00Z
http://www.wikidata.org/entity/Q1091933,http://www.wikidata.org/entity/Q33748,6.0,2016-01-01T00:00:00Z,2016-01-01T00:00:00Z
http://www.wikidata.org/entity/Q109397,http://www.wikidata.org/entity/Q51976,47.0,2015-01-01T00:00:00Z,2017-01-01T00:00:00Z
http://www.wikidata.org/entity/Q109397,http://www.wikidata.org/entity/Q51976,26.0,2008-01-01T00:00:00Z,2009-01-01T00:00:00Z
http://www.wikidata.org/entity/Q109397,http://www.wikidata.org/entity/Q51976,77.0,2009-01-01T00:00:00Z,2012-01-01T00:00:00Z
http://www.wikidata.org/entity/Q109397,http://www.wikidata.org/entity/Q51976,56.0,1999-01-01T00:00:00Z,2020-01-01T00:00:00Z
http://www.wikidata.org/entity/Q109417,http://www.wikidata.org/entity/Q51976,66.0,2002-01-01T00:00:00Z,2005-01-01T00:00:00Z
http://www.wikidata.org/entity/Q109428,http://www.wikidata.org/entity/Q51976,84.0,2006-01-01T00:00:00Z,2009-01-01T00:00:00Z
http://www.wikidata.org/entity/Q110053,http://www.wikidata.org/entity/Q41420,199.0,2009-01-01T00:00:00Z,2016-01-01T00:00:00Z
http://www.wikidata.org/entity/Q110053,http://www.wikidata.org/entity/Q41420,142.0,2019-07-01T00:00:00Z,2024-06-01T00:00:00Z
http://www.wikidata.org/entity/Q110053,http://www.wikidata.org/entity/Q41420,25.0,2008-01-01T00:00:00Z,2009-01-01T00:00:00Z
http://www.wikidata.org/entity/Q1101626,http://www.wikidata.org/entity/Q33748,17.0,2004-01-01T00:00:00Z,2005-01-01T00:00:00Z
http://www.wikidata.org/entity/Q110523,http://www.wikidata.org/entity/Q41420,11.0,2013-01-01T00:00:00Z,2014-01-01T00:00:00Z
http://www.wikidata.org/entity/Q110523,http://www.wikidata.org/entity/Q51976,1.0,2003-01-01T00:00:00Z,2003-01-01T00:00:00Z
http://www.wikidata.org/entity/Q1118463,http://www.wikidata.org/entity/Q38245,53.0,2002-01-01T00:00:00Z,2004-01-01T00:00:00Z
http://www.wikidata.org/entity/Q1126533,http://www.wikidata.org/entity/Q41420,4.0,2001-01-01T00:00:00Z,2004-01-01T00:00:00Z
http://www.wikidata.org/entity/Q1126533,http://www.wikidata.org/entity/Q33748,23.0,2001-01-01T00:00:00Z,2002-01-01T00:00:00Z
http://www.wikidata.org/entity/Q113221,http://www.wikidata.org/entity/Q33748,58.0,2008-01-01T00:00:00Z,2011-01-01T00:00:00Z
http://www.wikidata.org/entity/Q113905,http://www.wikidata.org/entity/Q51976,19.0,2009-01-01T00:00:00Z,2010-01-01T00:00:00Z
http://www.wikidata.org/entity/Q114954,http://www.wikidata.org/entity/Q51974,41.0,2012-01-01T00:00:00Z,2014-01-01T00:00:00Z
http://www.wikidata.org/entity/Q114954,http://www.wikidata.org/entity/Q33748,16.0,2014-01-01T00:00:00Z,2014-01-01T00:00:00Z
http://www.wikidata.org/entity/Q1152094,http://www.wikidata.org/entity/Q51976,2.0,2012-01-01T00:00:00Z,2014-01-01T00:00:00Z
http://www.wikidata.org/entity/Q115341,http://www.wikidata.org/entity/Q51974,143.0,2010-01-01T00:00:00Z,2015-01-01T00:00:00Z
http://www.wikidata.org/entity/Q11557367,http://www.wikidata.org/entity/Q33748,13.0,2018-07-01T00:00:00Z,2019-06-30T00:00:00Z
http://www.wikidata.org/entity/Q1158330,http://www.wikidata.org/entity/Q33748,0.0,2004-01-01T00:00:00Z,2005-01-01T00:00:00Z
http://www.wikidata.org/entity/Q1158330,http://www.wikidata.org/entity/Q33748,32.0,2001-01-01T00:00:00Z,2003-01-01T00:00:00Z
http://www.wikidata.org/entity/Q116067,http://www.wikidata.org/entity/Q41420,68.0,2005-01-01T00:00:00Z,2008-01-01T00:00:00Z
http://www.wikidata.org/entity/Q1160986,http://www.wikidata.org/entity/Q38245,25.0,1998-01-01T00:00:00Z,2001-01-01T00:00:00Z
http://www.wikidata.org/entity/Q1163252,http://www.wikidata.org/entity/Q51974,0.0,2005-01-01T00:00:00Z,2006-01-01T00:00:00Z
http://www.wikidata.org/entity/Q1164012,http://www.wikidata.org/entity/Q33748,130.0,1999-01-01T00:00:00Z,2005-01-01T00:00:00Z
http://www.wikidata.org/entity/Q1166076,http://www.wikidata.org/entity/Q33748,146.0,2001-01-01T00:00:00Z,2008-01-01T00:00:00Z
http://www.wikidata.org/entity/Q1175725,http://www.wikidata.org/entity/Q38245,30.0,2002-01-01T00:00:00Z,2003-01-01T00:00:00Z
http://www.wikidata.org/entity/Q118207,http://www.wikidata.org/entity/Q38245,33.0,2018-08-01T00:00:00Z,2019-06-01T00:00:00Z
http://www.wikidata.org/entity/Q118207,http://www.wikidata.org/entity/Q38245,82.0,2012-01-01T00:00:00Z,2015-01-01T00:00:00Z
http://www.wikidata.org/entity/Q118207,http://www.wikidata.org/entity/Q38245,178.0,2019-08-01T00:00:00Z,2025-08-01T00:00:00Z
http://www.wikidata.org/entity/Q1187845,http://www.wikidata.org/entity/Q33748,31.0,2012-01-01T00:00:00Z,2013-01-01T00:00:00Z
http://www.wikidata.org/entity/Q15044053,http://www.wikidata.org/entity/Q33748,18.0,2015-07-31T00:00:00Z,2016-06-30T00:00:00Z
http://www.wikidata.org/entity/Q15077771,http://www.wikidata.org/entity/Q33748,0.0,2012-01-01T00:00:00Z,2013-01-01T00:00:00Z
http://www.wikidata.org/entity/Q15113616,http://www.wikidata.org/entity/Q38245,25.0,2019-09-01T00:00:00Z,2020-09-01T00:00:00Z
http://www.wikidata.org/entity/Q15113616,http://www.wikidata.org/entity/Q38245,32.0,2020-09-01T00:00:00Z,2021-07-01T00:00:00Z
http://www.wikidata.org/entity/Q15118820,http://www.wikidata.org/entity/Q51974,16.0,2018-08-01T00:00:00Z,2019-06-01T00:00:00Z
http://www.wikidata.org/entity/Q151260,http://www.wikidata.org/entity/Q51974,75.0,2007-01-01T00:00:00Z,2010-01-01T00:00:00Z
http://www.wikidata.org/entity/Q1513040,http://www.wikidata.org/entity/Q51976,21.0,1998-01-01T00:00:00Z,2000-01-01T00:00:00Z
http://www.wikidata.org/entity/Q15177921,http://www.wikidata.org/entity/Q51976,34.0,2021-01-01T00:00:00Z,2022-01-01T00:00:00Z
http://www.wikidata.org/entity/Q15177921,http://www.wikidata.org/entity/Q51976,33.0,2013-01-01T00:00:00Z,2015-01-01T00:00:00Z
http://www.wikidata.org/entity/Q15177921,http://www.wikidata.org/entity/Q51974,31.0,2024-01-01T00:00:00Z,2025-01-01T00:00:00Z
http://www.wikidata.org/entity/Q1518251,http://www.wikidata.org/entity/Q51974,9.0,2014-01-01T00:00:00Z,2016-01-01T00:00:00Z
http://www.wikidata.org/entity/Q151838,http://www.wikidata.org/entity/Q41420,105.0,2018-08-01T00:00:00Z,2022-06-01T00:00:00Z
http://www.wikidata.org/entity/Q1522425,http://www.wikidata.org/entity/Q33748,21.0,1997-01-01T00:00:00Z,1999-01-01T00:00:00Z
http://www.wikidata.org/entity/Q152340,http://www.wikidata.org/entity/Q41420,138.0,2001-01-01T00:00:00Z,2006-01-01T00:00:00Z
http://www.wikidata.org/entity/Q152354,http://www.wikidata.org/entity/Q51974,133.0,1997-01-01T00:00:00Z,2001-01-01T00:00:00Z
http://www.wikidata.org/entity/Q152377,http://www.wikidata.org/entity/Q41420,294.0,2012-01-01T00:00:00Z,2024-01-01T00:00:00Z
http://www.wikidata.org/entity/Q15241424,http://www.wikidata.org/entity/Q51974,5.0,2014-01-01T00:00:00Z,2015-01-01T00:00:00Z
http://www.wikidata.org/entity/Q152458,http://www.wikidata.org/entity/Q38245,33.0,1998-01-01T00:00:00Z,1999-01-01T00:00:00Z
http://www.wikidata.org/entity/Q152585,http://www.wikidata.org/entity/Q38245,158.0,2003-01-01T00:00:00Z,2011-01-01T00:00:00Z
http://www.wikidata.org/entity/Q1525892,http://www.wikidata.org/entity/Q38245,15.0,2000-01-01T00:00:00Z,2001-01-01T00:00:00Z
http://www.wikidata.org/entity/Q1526089,http://www.wikidata.org/entity/Q41420,32.0,2007-01-01T00:00:00Z,2009-01-01T00:00:00Z
http://www.wikidata.org/entity/Q1526380,http://www.wikidata.org/entity/Q38245,2.0,2001-01-01T00:00:00Z,2005-01-01T00:00:00Z
http://www.wikidata.org/entity/Q1529193,http://www.wikidata.org/entity/Q51976,34.0,1998-01-01T00:00:00Z,2003-01-01T00:00:00Z
http://www.wikidata.org/entity/Q1529293,http://www.wikidata.org/entity/Q33748,144.0,2003-01-01T00:00:00Z,2010-01-01T00:00:00Z
http://www.wikidata.org/entity/Q1529293,http://www.wikidata.org/entity/Q33748,17.0,2002-01-01T00:00:00Z,2003-01-01T00:00:00Z
http://www.wikidata.org/entity/Q152940,http://www.wikidata.org/entity/Q51974,152.0,2008-01-01T00:00:00Z,2015-01-01T00:00:00Z
http://www.wikidata.org/entity/Q152984,http://www.wikidata.org/entity/Q41420,126.0,2000-01-01T00:00:00Z,2007-01-01T00:00:00Z
http://www.wikidata.org/entity/Q153003,http://www.wikidata.org/entity/Q51976,151.0,2001-01-01T00:00:00Z,2008-01-01T00:00:00Z
http://www.wikidata.org/entity/Q153266,http://www.wikidata.org/entity/Q41420,264.0,2010-01-01T00:00:00Z,2021-06-01T00:00:00Z
http://www.wikidata.org/entity/Q1532782,http://www.wikidata.org/entity/Q51976,14.0,2014-01-01T00:00:00Z,2016-01-01T00:00:00Z
http://www.wikidata.org/entity/Q1532782,http://www.wikidata.org/entity/Q51976,37.0,2009-01-01T00:00:00Z,2011-01-01T00:00:00Z
http://www.wikidata.org/entity/Q153416,http://www.wikidata.org/entity/Q41420,258.0,2008-01-01T00:00:00Z,2022-06-01T00:00:00Z
http://www.wikidata.org/entity/Q154303,http://www.wikidata.org/entity/Q51974,180.0,2005-01-01T00:00:00Z,2011-01-01T00:00:00Z
http://www.wikidata.org/entity/Q154305,http://www.wikidata.org/entity/Q51974,55.0,1999-01-01T00:00:00Z,2001-01-01T00:00:00Z
http://www.wikidata.org/entity/Q154311,http://www.wikidata.org/entity/Q51974,133.0,2008-01-01T00:00:00Z,2014-01-01T00:00:00Z
http://www.wikidata.org/entity/Q154397,http://www.wikidata.org/entity/Q41420,349.0,2002-01-01T00:00:00Z,2018-01-01T00:00:00Z
http://www.wikidata.org/entity/Q154623,http://www.wikidata.org/entity/Q41420,82.0,2009-01-01T00:00:00Z,2012-01-01T00:00:00Z
http://www.wikidata.org/entity/Q154708,http://www.wikidata.org/entity/Q41420,99.0,2014-01-01T00:00:00Z,2019-08-01T00:00:00Z
http://www.wikidata.org/entity/Q154708,http://www.wikidata.org/entity/Q41420,49.0,2010-01-01T00:00:00Z,2012-01-01T00:00:00Z
http://www.wikidata.org/entity/Q15494540,http://www.wikidata.org/entity/Q38245,22.0,2018-01-01T00:00:00Z,2020-01-01T00:00:00Z
http://www.wikidata.org/entity/Q155049,http://www.wikidata.org/entity/Q33748,158.0,2019-07-01T00:00:00Z,2025-01-01T00:00:00Z
http://www.wikidata.org/entity/Q155049,http://www.wikidata.org/entity/Q33748,185.0,2010-01-01T00:00:00Z,2016-01-01T00:00:00Z
http://www.wikidata.org/entity/Q15524059,http://www.wikidata.org/entity/Q41420,1.0,2014-01-01T00:00:00Z,2015-01-01T00:00:00Z
http://www.wikidata.org/entity/Q155440,http://www.wikidata.org/entity/Q51974,257.0,2003-01-01T00:00:00Z,2012-01-01T00:00:00Z
http://www.wikidata.org/entity/Q155816,http://www.wikidata.org/entity/Q51976,55.0,2007-01-01T00:00:00Z,2012-01-01T00:00:00Z
http://www.wikidata.org/entity/Q155911,http://www.wikidata.org/entity/Q41420,18.0,1998-01-01T00:00:00Z,1999-01-01T00:00:00Z
http://www.wikidata.org/entity/Q155919,http://www.wikidata.org/entity/Q41420,153.0,1994-01-01T00:00:00Z,2000-01-01T00:00:00Z
http://www.wikidata.org/entity/Q155919,http://www.wikidata.org/entity/Q38245,11.0,2003-01-01T00:00:00Z,2004-01-01T00:00:00Z
http://www.wikidata.org/entity/Q156434,http://www.wikidata.org/entity/Q51976,144.0,2004-01-01T00:00:00Z,2011-01-01T00:00:00Z
http://www.wikidata.org/entity/Q156638,http://www.wikidata.org/entity/Q38245,49.0,2010-01-01T00:00:00Z,2011-01-01T00:00:00Z
http://www.wikidata.org/entity/Q156802,http://www.wikidata.org/entity/Q51974,134.0,2006-01-01T00:00:00Z,2012-01-01T00:00:00Z
http://www.wikidata.org/entity/Q15690366,http://www.wikidata.org/entity/Q33748,17.0,2013-01-01T00:00:00Z,2015-01-01T00:00:00Z
http://www.wikidata.org/entity/Q1572632,http://www.wikidata.org/entity/Q33748,13.0,2013-01-01T00:00:00Z,2014-01-01T00:00:00Z
http://www.wikidata.org/entity/Q1187845,http://www.wikidata.org/entity/Q33748,5.0,2013-01-01T00:00:00Z,2014-01-01T00:00:00Z
http://www.wikidata.org/entity/Q1193428,http://www.wikidata.org/entity/Q33748,54.0,2022-01-01T00:00:00Z,2024-01-01T00:00:00Z
http://www.wikidata.org/entity/Q1193428,http://www.wikidata.org/entity/Q51974,12.0,2020-01-01T00:00:00Z,2020-01-01T00:00:00Z
http://www.wikidata.org/entity/Q1214085,http://www.wikidata.org/entity/Q51974,0.0,2011-01-01T00:00:00Z,2012-01-01T00:00:00Z
http://www.wikidata.org/entity/Q122350,http://www.wikidata.org/entity/Q51976,45.0,2002-01-01T00:00:00Z,2005-01-01T00:00:00Z
http://www.wikidata.org/entity/Q1227848,http://www.wikidata.org/entity/Q51976,31.0,1998-01-01T00:00:00Z,2000-01-01T00:00:00Z
http://www.wikidata.org/entity/Q1233368,http://www.wikidata.org/entity/Q41420,15.0,2010-01-01T00:00:00Z,2010-01-01T00:00:00Z
http://www.wikidata.org/entity/Q1237893,http://www.wikidata.org/entity/Q38245,3.0,2005-01-01T00:00:00Z,2007-01-01T00:00:00Z
http://www.wikidata.org/entity/Q1238044,http://www.wikidata.org/entity/Q38245,3.0,2001-01-01T00:00:00Z,2003-01-01T00:00:00Z
http://www.wikidata.org/entity/Q1239669,http://www.wikidata.org/entity/Q38245,0.0,1998-01-01T00:00:00Z,2000-01-01T00:00:00Z
http://www.wikidata.org/entity/Q126001,http://www.wikidata.org/entity/Q51976,138.0,1996-01-01T00:00:00Z,2004-01-01T00:00:00Z
http://www.wikidata.org/entity/Q1263511,http://www.wikidata.org/entity/Q33748,27.0,2010-01-01T00:00:00Z,2011-01-01T00:00:00Z
http://www.wikidata.org/entity/Q126461,http://www.wikidata.org/entity/Q51974,145.0,2006-01-01T00:00:00Z,2011-01-01T00:00:00Z
http://www.wikidata.org/entity/Q1266723,http://www.wikidata.org/entity/Q51974,11.0,1997-01-01T00:00:00Z,1999-01-01T00:00:00Z
http://www.wikidata.org/entity/Q1267777,http://www.wikidata.org/entity/Q51976,18.0,1998-01-01T00:00:00Z,1999-01-01T00:00:00Z
http://www.wikidata.org/entity/Q126903,http://www.wikidata.org/entity/Q38245,22.0,2014-01-01T00:00:00Z,2015-01-01T00:00:00Z
http://www.wikidata.org/entity/Q1277247,http://www.wikidata.org/entity/Q33748,1.0,2002-01-01T00:00:00Z,2002-01-01T00:00:00Z
http://www.wikidata.org/entity/Q1277247,http://www.wikidata.org/entity/Q33748,1.0,2002-01-01T00:00:00Z,2003-01-01T00:00:00Z
http://www.wikidata.org/entity/Q128419,http://www.wikidata.org/entity/Q41420,181.0,1986-01-01T00:00:00Z,2001-01-01T00:00:00Z
http://www.wikidata.org/entity/Q128784,http://www.wikidata.org/entity/Q33748,80.0,2005-01-01T00:00:00Z,2010-01-01T00:00:00Z
http://www.wikidata.org/entity/Q128784,http://www.wikidata.org/entity/Q38245,18.0,2013-01-01T00:00:00Z,2015-01-01T00:00:00Z
http://www.wikidata.org/entity/Q128850,http://www.wikidata.org/entity/Q38245,18.0,2012-01-01T00:00:00Z,2015-01-01T00:00:00Z
http://www.wikidata.org/entity/Q128856,http://www.wikidata.org/entity/Q33748,9.0,2006-01-01T00:00:00Z,2007-01-01T00:00:00Z
http://www.wikidata.org/entity/Q128870,http://www.wikidata.org/entity/Q38245,13.0,2011-01-01T00:00:00Z,2014-01-01T00:00:00Z
http://www.wikidata.org/entity/Q129013,http://www.wikidata.org/entity/Q51976,84.0,2016-01-01T00:00:00Z,2019-06-01T00:00:00Z
http://www.wikidata.org/entity/Q129013,http://www.wikidata.org/entity/Q51976,1.0,2007-01-01T00:00:00Z,2009-01-01T00:00:00Z
http://www.wikidata.org/entity/Q129019,http://www.wikidata.org/entity/Q51974,3.0,2008-01-01T00:00:00Z,2008-01-01T00:00:00Z
http://www.wikidata.org/entity/Q129101,http://www.wikidata.org/entity/Q51976,69.0,2018-01-01T00:00:00Z,2020-01-01T00:00:00Z
http://www.wikidata.org/entity/Q129109,http://www.wikidata.org/entity/Q41420,67.0,2014-01-01T00:00:00Z,2017-01-01T00:00:00Z
http://www.wikidata.org/entity/Q130075,http://www.wikidata.org/entity/Q38245,41.0,2008-01-01T00:00:00Z,2010-01-01T00:00:00Z
http://www.wikidata.org/entity/Q1327122,http://www.wikidata.org/entity/Q33748,0.0,2000-01-01T00:00:00Z,2000-01-01T00:00:00Z
http://www.wikidata.org/entity/Q13365847,http://www.wikidata.org/entity/Q41420,78.0,2022-01-01T00:00:00Z,2026-07-01T00:00:00Z
http://www.wikidata.org/entity/Q1338323,http://www.wikidata.org/entity/Q41420,3.0,2000-01-01T00:00:00Z,2004-01-01T00:00:00Z
http://www.wikidata.org/entity/Q1344933,http://www.wikidata.org/entity/Q51976,81.0,2000-01-01T00:00:00Z,2003-01-01T00:00:00Z
http://www.wikidata.org/entity/Q134729,http://www.wikidata.org/entity/Q33748,30.0,2014-01-01T00:00:00Z,2015-01-01T00:00:00Z
http://www.wikidata.org/entity/Q134729,http://www.wikidata.org/entity/Q38245,24.0,2013-01-01T00:00:00Z,2014-01-01T00:00:00Z
http://www.wikidata.org/entity/Q1348710,http://www.wikidata.org/entity/Q33748,22.0,2011-01-01T00:00:00Z,2012-01-01T00:00:00Z
http://www.wikidata.org/entity/Q13514134,http://www.wikidata.org/entity/Q51976,6.0,2016-01-01T00:00:00Z,2018-01-01T00:00:00Z
http://www.wikidata.org/entity/Q135267,http://www.wikidata.org/entity/Q33748,13.0,2000-01-01T00:00:00Z,2002-01-01T00:00:00Z
http://www.wikidata.org/entity/Q114825245,http://www.wikidata.org/entity/Q32494,11.0,2023-07-01T00:00:00Z,
http://www.wikidata.org/entity/Q109850,http://www.wikidata.org/entity/Q22707,25.0,2003-01-01T00:00:00Z,2004-01-01T00:00:00Z
http://www.wikidata.org/entity/Q11059683,http://www.wikidata.org/entity/Q32494,23.0,2015-08-01T00:00:00Z,2016-01-01T00:00:00Z
http://www.wikidata.org/entity/Q113351,http://www.wikidata.org/entity/Q22707,25.0,2006-01-01T00:00:00Z,2007-01-01T00:00:00Z
http://www.wikidata.org/entity/Q1151281,http://www.wikidata.org/entity/Q32494,22.0,1998-01-01T00:00:00Z,1999-01-01T00:00:00Z
http://www.wikidata.org/entity/Q115341,http://www.wikidata.org/entity/Q32494,92.0,2007-01-01T00:00:00Z,2010-01-01T00:00:00Z
http://www.wikidata.org/entity/Q115453,http://www.wikidata.org/entity/Q32494,97.0,2007-01-01T00:00:00Z,2011-01-01T00:00:00Z
http://www.wikidata.org/entity/Q1162299,http://www.wikidata.org/entity/Q22707,3.0,2006-01-01T00:00:00Z,2007-01-01T00:00:00Z
http://www.wikidata.org/entity/Q1162299,http://www.wikidata.org/entity/Q22707,14.0,2005-01-01T00:00:00Z,2005-01-01T00:00:00Z
http://www.wikidata.org/entity/Q1164006,http://www.wikidata.org/entity/Q32494,14.0,2009-01-01T00:00:00Z,2010-01-01T00:00:00Z
http://www.wikidata.org/entity/Q1175838,http://www.wikidata.org/entity/Q32494,28.0,2005-01-01T00:00:00Z,2006-01-01T00:00:00Z
http://www.wikidata.org/entity/Q117655,http://www.wikidata.org/entity/Q22707,8.0,2013-01-01T00:00:00Z,2013-01-01T00:00:00Z
http://www.wikidata.org/entity/Q1187289,http://www.wikidata.org/entity/Q22707,161.0,2001-01-01T00:00:00Z,2008-01-01T00:00:00Z
http://www.wikidata.org/entity/Q1187488,http://www.wikidata.org/entity/Q22707,2.0,2006-07-01T00:00:00Z,2007-07-01T00:00:00Z
http://www.wikidata.org/entity/Q1187664,http://www.wikidata.org/entity/Q32494,7.0,2007-01-01T00:00:00Z,2007-01-01T00:00:00Z
http://www.wikidata.org/entity/Q119965,http://www.wikidata.org/entity/Q32494,30.0,2009-01-01T00:00:00Z,2010-01-01T00:00:00Z
http://www.wikidata.org/entity/Q1227805,http://www.wikidata.org/entity/Q32494,18.0,2003-01-01T00:00:00Z,2005-01-01T00:00:00Z
http://www.wikidata.org/entity/Q1232752,http://www.wikidata.org/entity/Q32494,96.0,1995-01-01T00:00:00Z,2001-01-01T00:00:00Z
http://www.wikidata.org/entity/Q1238357,http://www.wikidata.org/entity/Q32494,5.0,2007-01-01T00:00:00Z,2008-01-01T00:00:00Z
http://www.wikidata.org/entity/Q1247743,http://www.wikidata.org/entity/Q32494,256.0,1993-01-01T00:00:00Z,2002-01-01T00:00:00Z
http://www.wikidata.org/entity/Q1258369,http://www.wikidata.org/entity/Q22707,9.0,2002-01-01T00:00:00Z,2002-01-01T00:00:00Z
http://www.wikidata.org/entity/Q1266118,http://www.wikidata.org/entity/Q32494,0.0,2001-01-01T00:00:00Z,2002-01-01T00:00:00Z
http://www.wikidata.org/entity/Q1268384,http://www.wikidata.org/entity/Q32494,1.0,1999-01-01T00:00:00Z,2002-01-01T00:00:00Z
http://www.wikidata.org/entity/Q1273754,http://www.wikidata.org/entity/Q22707,28.0,1998-01-01T00:00:00Z,2002-01-01T00:00:00Z
http://www.wikidata.org/entity/Q127492,http://www.wikidata.org/entity/Q22707,61.0,2004-01-01T00:00:00Z,2007-01-01T00:00:00Z
http://www.wikidata.org/entity/Q127914,http://www.wikidata.org/entity/Q32494,94.0,2012-01-01T00:00:00Z,2017-01-01T00:00:00Z
http://www.wikidata.org/entity/Q128788,http://www.wikidata.org/entity/Q32494,108.0,2017-01-01T00:00:00Z,2020-01-01T00:00:00Z
http://www.wikidata.org/entity/Q128801,http://www.wikidata.org/entity/Q32494,86.0,2011-01-01T00:00:00Z,2016-01-01T00:00:00Z
http://www.wikidata.org/entity/Q128856,http://www.wikidata.org/entity/Q32494,3.0,2010-01-01T00:00:00Z,2010-01-01T00:00:00Z
http://www.wikidata.org/entity/Q128860,http://www.wikidata.org/entity/Q22707,19.0,2009-01-01T00:00:00Z,2011-01-01T00:00:00Z
http://www.wikidata.org/entity/Q129043,http://www.wikidata.org/entity/Q22707,23.0,2015-01-01T00:00:00Z,2016-01-01T00:00:00Z
http://www.wikidata.org/entity/Q129736,http://www.wikidata.org/entity/Q22707,156.0,2008-01-01T00:00:00Z,2013-01-01T00:00:00Z
http://www.wikidata.org/entity/Q129810,http://www.wikidata.org/entity/Q22707,132.0,2012-01-01T00:00:00Z,2016-01-01T00:00:00Z
http://www.wikidata.org/entity/Q13225064,http://www.wikidata.org/entity/Q22707,35.0,2013-01-01T00:00:00Z,2015-01-01T00:00:00Z
http://www.wikidata.org/entity/Q13365847,http://www.wikidata.org/entity/Q22707,107.0,2013-01-01T00:00:00Z,2017-01-01T00:00:00Z
http://www.wikidata.org/entity/Q1339079,http://www.wikidata.org/entity/Q32494,98.0,2001-01-01T00:00:00Z,2005-01-01T00:00:00Z
http://www.wikidata.org/entity/Q1339912,http://www.wikidata.org/entity/Q32494,134.0,1998-01-01T00:00:00Z,2004-01-01T00:00:00Z
http://www.wikidata.org/entity/Q1342564,http://www.wikidata.org/entity/Q22707,44.0,2007-01-01T00:00:00Z,2010-01-01T00:00:00Z
http://www.wikidata.org/entity/Q1344549,http://www.wikidata.org/entity/Q32494,187.0,1994-01-01T00:00:00Z,2001-01-01T00:00:00Z
http://www.wikidata.org/entity/Q1345797,http://www.wikidata.org/entity/Q22707,15.0,2007-01-01T00:00:00Z,2007-01-01T00:00:00Z
http://www.wikidata.org/entity/Q134729,http://www.wikidata.org/entity/Q22707,25.0,2012-01-01T00:00:00Z,2014-01-01T00:00:00Z
http://www.wikidata.org/entity/Q1349204,http://www.wikidata.org/entity/Q32494,104.0,2000-01-01T00:00:00Z,2004-01-01T00:00:00Z
http://www.wikidata.org/entity/Q136599,http://www.wikidata.org/entity/Q32494,34.0,2011-01-01T00:00:00Z,2014-01-01T00:00:00Z
http://www.wikidata.org/entity/Q1374730,http://www.wikidata.org/entity/Q22707,90.0,2001-01-01T00:00:00Z,2004-01-01T00:00:00Z
http://www.wikidata.org/entity/Q138235,http://www.wikidata.org/entity/Q22707,1.0,2013-01-01T00:00:00Z,2013-01-01T00:00:00Z
http://www.wikidata.org/entity/Q138235,http://www.wikidata.org/entity/Q22707,45.0,2011-01-01T00:00:00Z,2013-01-01T00:00:00Z
http://www.wikidata.org/entity/Q1383449,http://www.wikidata.org/entity/Q22707,19.0,2008-01-01T00:00:00Z,2012-01-01T00:00:00Z
http://www.wikidata.org/entity/Q1384502,http://www.wikidata.org/entity/Q32494,11.0,1999-01-01T00:00:00Z,2004-01-01T00:00:00Z
http://www.wikidata.org/entity/Q1390201,http://www.wikidata.org/entity/Q22707,26.0,2013-01-01T00:00:00Z,2015-01-01T00:00:00Z
http://www.wikidata.org/entity/Q1390921,http://www.wikidata.org/entity/Q22707,6.0,2009-01-01T00:00:00Z,2009-01-01T00:00:00Z
http://www.wikidata.org/entity/Q1429675,http://www.wikidata.org/entity/Q22707,6.0,2004-01-01T00:00:00Z,2004-01-01T00:00:00Z
http://www.wikidata.org/entity/Q14409849,http://www.wikidata.org/entity/Q22707,103.0,2010-01-01T00:00:00Z,2014-01-01T00:00:00Z
http://www.wikidata.org/entity/Q14432450,http://www.wikidata.org/entity/Q22707,27.0,2020-01-01T00:00:00Z,2022-01-01T00:00:00Z
http://www.wikidata.org/entity/Q1458067,http://www.wikidata.org/entity/Q22707,16.0,2005-01-01T00:00:00Z,2007-01-01T00:00:00Z
http://www.wikidata.org/entity/Q15039855,http://www.wikidata.org/entity/Q32494,7.0,2018-01-01T00:00:00Z,2018-06-01T00:00:00Z
http://www.wikidata.org/entity/Q151034,http://www.wikidata.org/entity/Q32494,46.0,2013-01-01T00:00:00Z,2015-01-01T00:00:00Z
http://www.wikidata.org/entity/Q151278,http://www.wikidata.org/entity/Q32494,10.0,2017-01-01T00:00:00Z,2017-01-01T00:00:00Z
http://www.wikidata.org/entity/Q1516978,http://www.wikidata.org/entity/Q32494,45.0,2008-01-01T00:00:00Z,2009-01-01T00:00:00Z
http://www.wikidata.org/entity/Q152236,http://www.wikidata.org/entity/Q22707,23.0,2012-01-01T00:00:00Z,2014-01-01T00:00:00Z
http://www.wikidata.org/entity/Q152585,http://www.wikidata.org/entity/Q22707,0.0,2012-01-01T00:00:00Z,2013-01-01T00:00:00Z
http://www.wikidata.org/entity/Q15264396,http://www.wikidata.org/entity/Q22707,63.0,2009-01-01T00:00:00Z,2013-01-01T00:00:00Z
http://www.wikidata.org/entity/Q15285035,http://www.wikidata.org/entity/Q22707,12.0,2009-01-01T00:00:00Z,2016-01-01T00:00:00Z
http://www.wikidata.org/entity/Q152897,http://www.wikidata.org/entity/Q32494,240.0,2007-01-01T00:00:00Z,2018-07-01T00:00:00Z
http://www.wikidata.org/entity/Q152968,http://www.wikidata.org/entity/Q22707,14.0,2015-01-01T00:00:00Z,2016-01-01T00:00:00Z
http://www.wikidata.org/entity/Q152968,http://www.wikidata.org/entity/Q32494,162.0,2005-01-01T00:00:00Z,2010-01-01T00:00:00Z
http://www.wikidata.org/entity/Q152984,http://www.wikidata.org/entity/Q32494,52.0,2010-01-01T00:00:00Z,2013-01-01T00:00:00Z
http://www.wikidata.org/entity/Q15836846,http://www.wikidata.org/entity/Q33748,73.0,2010-01-01T00:00:00Z,2013-01-01T00:00:00Z
http://www.wikidata.org/entity/Q1613384,http://www.wikidata.org/entity/Q51976,0.0,2003-01-01T00:00:00Z,2004-01-01T00:00:00Z
http://www.wikidata.org/entity/Q1636541,http://www.wikidata.org/entity/Q41420,0.0,2006-01-01T00:00:00Z,2007-01-01T00:00:00Z
http://www.wikidata.org/entity/Q163974,http://www.wikidata.org/entity/Q51974,78.0,2012-01-01T00:00:00Z,2015-01-01T00:00:00Z
http://www.wikidata.org/entity/Q163974,http://www.wikidata.org/entity/Q51974,74.0,2005-01-01T00:00:00Z,2008-01-01T00:00:00Z
http://www.wikidata.org/entity/Q1641067,http://www.wikidata.org/entity/Q51976,13.0,2002-01-01T00:00:00Z,2002-01-01T00:00:00Z
http://www.wikidata.org/entity/Q165697,http://www.wikidata.org/entity/Q41420,158.0,2009-01-01T00:00:00Z,2017-01-01T00:00:00Z
http://www.wikidata.org/entity/Q166532,http://www.wikidata.org/entity/Q33748,63.0,2011-01-01T00:00:00Z,2015-01-01T00:00:00Z
http://www.wikidata.org/entity/Q166703,http://www.wikidata.org/entity/Q38245,20.0,1998-01-01T00:00:00Z,1999-01-01T00:00:00Z
http://www.wikidata.org/entity/Q166710,http://www.wikidata.org/entity/Q51974,10.0,2002-01-01T00:00:00Z,2003-01-01T00:00:00Z
http://www.wikidata.org/entity/Q167241,http://www.wikidata.org/entity/Q41420,240.0,1999-01-01T00:00:00Z,2008-01-01T00:00:00Z
http://www.wikidata.org/entity/Q167294,http://www.wikidata.org/entity/Q51974,4.0,2014-01-01T00:00:00Z,2015-01-01T00:00:00Z
http://www.wikidata.org/entity/Q167294,http://www.wikidata.org/entity/Q41420,76.0,2008-01-01T00:00:00Z,2013-01-01T00:00:00Z
http://www.wikidata.org/entity/Q167294,http://www.wikidata.org/entity/Q51976,50.0,2005-01-01T00:00:00Z,2008-01-01T00:00:00Z
http://www.wikidata.org/entity/Q167398,http://www.wikidata.org/entity/Q51976,112.0,2000-01-01T00:00:00Z,2004-01-01T00:00:00Z
http://www.wikidata.org/entity/Q1675739,http://www.wikidata.org/entity/Q51974,0.0,1994-01-01T00:00:00Z,2000-01-01T00:00:00Z
http://www.wikidata.org/entity/Q1676912,http://www.wikidata.org/entity/Q51974,68.0,1997-01-01T00:00:00Z,2000-01-01T00:00:00Z
http://www.wikidata.org/entity/Q1679502,http://www.wikidata.org/entity/Q51974,17.0,1997-01-01T00:00:00Z,1999-01-01T00:00:00Z
http://www.wikidata.org/entity/Q1683833,http://www.wikidata.org/entity/Q38245,50.0,2003-01-01T00:00:00Z,2005-01-01T00:00:00Z
http://www.wikidata.org/entity/Q1684790,http://www.wikidata.org/entity/Q38245,42.0,2002-01-01T00:00:00Z,2004-01-01T00:00:00Z
http://www.wikidata.org/entity/Q1687342,http://www.wikidata.org/entity/Q33748,34.0,1996-01-01T00:00:00Z,1999-01-01T00:00:00Z
http://www.wikidata.org/entity/Q1687342,http://www.wikidata.org/entity/Q38245,57.0,1999-01-01T00:00:00Z,2002-01-01T00:00:00Z
http://www.wikidata.org/entity/Q1697413,http://www.wikidata.org/entity/Q33748,19.0,2004-01-01T00:00:00Z,2007-01-01T00:00:00Z
http://www.wikidata.org/entity/Q169995,http://www.wikidata.org/entity/Q51976,123.0,2002-01-01T00:00:00Z,2006-01-01T00:00:00Z
http://www.wikidata.org/entity/Q1716451,http://www.wikidata.org/entity/Q38245,1.0,1999-01-01T00:00:00Z,2000-01-01T00:00:00Z
http://www.wikidata.org/entity/Q1717502,http://www.wikidata.org/entity/Q38245,59.0,2007-01-01T00:00:00Z,2010-01-01T00:00:00Z
http://www.wikidata.org/entity/Q17612631,http://www.wikidata.org/entity/Q41420,8.0,2016-01-01T00:00:00Z,2017-01-01T00:00:00Z
http://www.wikidata.org/entity/Q17659996,http://www.wikidata.org/entity/Q41420,101.0,2017-01-01T00:00:00Z,2023-01-01T00:00:00Z
http://www.wikidata.org/entity/Q63873,http://www.wikidata.org/entity/Q32494,85.0,2000-01-01T00:00:00Z,2005-01-01T00:00:00Z
http://www.wikidata.org/entity/Q164676,http://www.wikidata.org/entity/Q38245,209.0,2014-01-01T00:00:00Z,
http://www.wikidata.org/entity/Q1353070,http://www.wikidata.org/entity/Q51974,19.0,2015-02-02T00:00:00Z,2015-01-01T00:00:00Z
http://www.wikidata.org/entity/Q1359658,http://www.wikidata.org/entity/Q51974,22.0,2004-01-01T00:00:00Z,2005-01-01T00:00:00Z
http://www.wikidata.org/entity/Q1359942,http://www.wikidata.org/entity/Q33748,117.0,2001-01-01T00:00:00Z,2005-01-01T00:00:00Z
http://www.wikidata.org/entity/Q1360977,http://www.wikidata.org/entity/Q33748,8.0,2006-01-01T00:00:00Z,2007-01-01T00:00:00Z
http://www.wikidata.org/entity/Q1364508,http://www.wikidata.org/entity/Q38245,13.0,2003-01-01T00:00:00Z,2003-01-01T00:00:00Z
http://www.wikidata.org/entity/Q1365861,http://www.wikidata.org/entity/Q41420,61.0,1998-01-01T00:00:00Z,2001-01-01T00:00:00Z
http://www.wikidata.org/entity/Q1369609,http://www.wikidata.org/entity/Q51976,67.0,1997-01-01T00:00:00Z,2001-01-01T00:00:00Z
http://www.wikidata.org/entity/Q1377299,http://www.wikidata.org/entity/Q33748,10.0,2004-01-01T00:00:00Z,2004-01-01T00:00:00Z
http://www.wikidata.org/entity/Q1377299,http://www.wikidata.org/entity/Q33748,22.0,2002-01-01T00:00:00Z,2003-01-01T00:00:00Z
http://www.wikidata.org/entity/Q137839,http://www.wikidata.org/entity/Q51974,2.0,2013-01-01T00:00:00Z,2015-01-01T00:00:00Z
http://www.wikidata.org/entity/Q137856,http://www.wikidata.org/entity/Q51974,6.0,2016-01-01T00:00:00Z,2018-01-01T00:00:00Z
http://www.wikidata.org/entity/Q1382753,http://www.wikidata.org/entity/Q41420,20.0,1996-01-01T00:00:00Z,2000-01-01T00:00:00Z
http://www.wikidata.org/entity/Q1382910,http://www.wikidata.org/entity/Q38245,42.0,2000-01-01T00:00:00Z,2003-01-01T00:00:00Z
http://www.wikidata.org/entity/Q1383519,http://www.wikidata.org/entity/Q41420,4.0,1999-01-01T00:00:00Z,2002-01-01T00:00:00Z
http://www.wikidata.org/entity/Q1385211,http://www.wikidata.org/entity/Q38245,107.0,1996-01-01T00:00:00Z,2001-01-01T00:00:00Z
http://www.wikidata.org/entity/Q1389451,http://www.wikidata.org/entity/Q51974,124.0,1992-01-01T00:00:00Z,2000-01-01T00:00:00Z
http://www.wikidata.org/entity/Q1390287,http://www.wikidata.org/entity/Q33748,6.0,2003-01-01T00:00:00Z,2008-01-01T00:00:00Z
http://www.wikidata.org/entity/Q1392057,http://www.wikidata.org/entity/Q33748,32.0,2000-01-01T00:00:00Z,2001-01-01T00:00:00Z
http://www.wikidata.org/entity/Q1398117,http://www.wikidata.org/entity/Q33748,1.0,2008-01-01T00:00:00Z,2008-01-01T00:00:00Z
http://www.wikidata.org/entity/Q1398117,http://www.wikidata.org/entity/Q33748,15.0,2008-01-01T00:00:00Z,2009-01-01T00:00:00Z
http://www.wikidata.org/entity/Q1402153,http://www.wikidata.org/entity/Q33748,6.0,2011-01-01T00:00:00Z,2012-01-01T00:00:00Z
http://www.wikidata.org/entity/Q1403385,http://www.wikidata.org/entity/Q33748,50.0,2009-01-01T00:00:00Z,2011-01-01T00:00:00Z
http://www.wikidata.org/entity/Q1407112,http://www.wikidata.org/entity/Q51974,10.0,2005-01-01T00:00:00Z,2006-01-01T00:00:00Z
http://www.wikidata.org/entity/Q141354,http://www.wikidata.org/entity/Q41420,274.0,2002-01-01T00:00:00Z,2015-01-01T00:00:00Z
http://www.wikidata.org/entity/Q141354,http://www.wikidata.org/entity/Q33748,32.0,1998-01-01T00:00:00Z,2000-01-01T00:00:00Z
http://www.wikidata.org/entity/Q1415744,http://www.wikidata.org/entity/Q41420,12.0,2002-01-01T00:00:00Z,2004-01-01T00:00:00Z
http://www.wikidata.org/entity/Q1419537,http://www.wikidata.org/entity/Q51976,10.0,2001-01-01T00:00:00Z,2002-01-01T00:00:00Z
http://www.wikidata.org/entity/Q1419537,http://www.wikidata.org/entity/Q51976,4.0,2003-01-01T00:00:00Z,2004-01-01T00:00:00Z
http://www.wikidata.org/entity/Q1419624,http://www.wikidata.org/entity/Q33748,88.0,2010-01-01T00:00:00Z,2013-01-01T00:00:00Z
http://www.wikidata.org/entity/Q142283,http://www.wikidata.org/entity/Q33748,102.0,2004-01-01T00:00:00Z,2009-01-01T00:00:00Z
http://www.wikidata.org/entity/Q14250014,http://www.wikidata.org/entity/Q33748,91.0,2009-01-01T00:00:00Z,2013-01-01T00:00:00Z
http://www.wikidata.org/entity/Q1426211,http://www.wikidata.org/entity/Q51976,3.0,2006-01-01T00:00:00Z,2011-01-01T00:00:00Z
http://www.wikidata.org/entity/Q1429746,http://www.wikidata.org/entity/Q51976,52.0,2016-01-01T00:00:00Z,2019-01-01T00:00:00Z
http://www.wikidata.org/entity/Q1441335,http://www.wikidata.org/entity/Q38245,1.0,2002-01-01T00:00:00Z,2003-01-01T00:00:00Z
http://www.wikidata.org/entity/Q14432450,http://www.wikidata.org/entity/Q38245,117.0,2015-01-01T00:00:00Z,2020-01-01T00:00:00Z
http://www.wikidata.org/entity/Q1443302,http://www.wikidata.org/entity/Q38245,1.0,1998-01-01T00:00:00Z,2001-01-01T00:00:00Z
http://www.wikidata.org/entity/Q1443700,http://www.wikidata.org/entity/Q51976,0.0,2007-01-01T00:00:00Z,2008-01-01T00:00:00Z
http://www.wikidata.org/entity/Q14558450,http://www.wikidata.org/entity/Q41420,6.0,2015-01-01T00:00:00Z,2016-01-01T00:00:00Z
http://www.wikidata.org/entity/Q14613572,http://www.wikidata.org/entity/Q41420,0.0,2015-01-01T00:00:00Z,2017-01-01T00:00:00Z
http://www.wikidata.org/entity/Q14640027,http://www.wikidata.org/entity/Q51974,16.0,2013-01-01T00:00:00Z,2015-01-01T00:00:00Z
http://www.wikidata.org/entity/Q1469081,http://www.wikidata.org/entity/Q33748,24.0,2000-01-01T00:00:00Z,2001-01-01T00:00:00Z
http://www.wikidata.org/entity/Q146932,http://www.wikidata.org/entity/Q38245,10.0,2002-01-01T00:00:00Z,2003-01-01T00:00:00Z
http://www.wikidata.org/entity/Q1476030,http://www.wikidata.org/entity/Q33748,3.0,2000-01-01T00:00:00Z,2001-01-01T00:00:00Z
http://www.wikidata.org/entity/Q1496717,http://www.wikidata.org/entity/Q33748,20.0,2007-01-01T00:00:00Z,2009-01-01T00:00:00Z
http://www.wikidata.org/entity/Q150484,http://www.wikidata.org/entity/Q51974,78.0,2007-01-01T00:00:00Z,2009-01-01T00:00:00Z
http://www.wikidata.org/entity/Q150484,http://www.wikidata.org/entity/Q51974,25.0,2015-01-01T00:00:00Z,2016-01-01T00:00:00Z
http://www.wikidata.org/entity/Q150921,http://www.wikidata.org/entity/Q51976,87.0,2009-01-01T00:00:00Z,2012-01-01T00:00:00Z
http://www.wikidata.org/entity/Q151025,http://www.wikidata.org/entity/Q41420,197.0,2007-01-01T00:00:00Z,2016-01-01T00:00:00Z
http://www.wikidata.org/entity/Q151034,http://www.wikidata.org/entity/Q38245,31.0,2017-08-18T00:00:00Z,2018-07-05T00:00:00Z
http://www.wikidata.org/entity/Q151034,http://www.wikidata.org/entity/Q41420,10.0,2009-01-01T00:00:00Z,2009-06-01T00:00:00Z
http://www.wikidata.org/entity/Q151269,http://www.wikidata.org/entity/Q41420,131.0,2010-01-01T00:00:00Z,2014-01-01T00:00:00Z
http://www.wikidata.org/entity/Q16794,http://www.wikidata.org/entity/Q38245,1.0,2000-01-01T00:00:00Z,2002-01-01T00:00:00Z
http://www.wikidata.org/entity/Q58932326,http://www.wikidata.org/entity/Q33748,5.0,2019-01-01T00:00:00Z,2020-01-01T00:00:00Z
http://www.wikidata.org/entity/Q59655998,http://www.wikidata.org/entity/Q38245,34.0,2022-01-01T00:00:00Z,2023-01-01T00:00:00Z
http://www.wikidata.org/entity/Q621792,http://www.wikidata.org/entity/Q38245,38.0,2014-01-01T00:00:00Z,2015-01-01T00:00:00Z
http://www.wikidata.org/entity/Q631372,http://www.wikidata.org/entity/Q33748,0.0,2002-01-01T00:00:00Z,2003-01-01T00:00:00Z
http://www.wikidata.org/entity/Q631493,http://www.wikidata.org/entity/Q41420,9.0,2003-01-01T00:00:00Z,2005-01-01T00:00:00Z
http://www.wikidata.org/entity/Q632045,http://www.wikidata.org/entity/Q51974,0.0,2009-01-01T00:00:00Z,2009-01-01T00:00:00Z
http://www.wikidata.org/entity/Q632409,http://www.wikidata.org/entity/Q38245,202.0,2004-01-01T00:00:00Z,2011-01-01T00:00:00Z
http://www.wikidata.org/entity/Q638959,http://www.wikidata.org/entity/Q38245,229.0,2004-01-01T00:00:00Z,2013-01-01T00:00:00Z
http://www.wikidata.org/entity/Q640844,http://www.wikidata.org/entity/Q38245,19.0,2003-01-01T00:00:00Z,2006-01-01T00:00:00Z
http://www.wikidata.org/entity/Q642850,http://www.wikidata.org/entity/Q41420,14.0,2016-01-01T00:00:00Z,2019-01-01T00:00:00Z
http://www.wikidata.org/entity/Q642850,http://www.wikidata.org/entity/Q38245,108.0,2019-07-27T00:00:00Z,2024-01-01T00:00:00Z
http://www.wikidata.org/entity/Q642850,http://www.wikidata.org/entity/Q38245,94.0,2010-01-01T00:00:00Z,2014-01-01T00:00:00Z
http://www.wikidata.org/entity/Q642850,http://www.wikidata.org/entity/Q38245,12.0,2019-01-01T00:00:00Z,2019-06-01T00:00:00Z
http://www.wikidata.org/entity/Q643196,http://www.wikidata.org/entity/Q41420,2.0,2004-01-01T00:00:00Z,2007-01-01T00:00:00Z
http://www.wikidata.org/entity/Q650123,http://www.wikidata.org/entity/Q33748,71.0,2006-01-01T00:00:00Z,2009-01-01T00:00:00Z
http://www.wikidata.org/entity/Q650123,http://www.wikidata.org/entity/Q51976,39.0,2004-01-01T00:00:00Z,2006-01-01T00:00:00Z
http://www.wikidata.org/entity/Q650214,http://www.wikidata.org/entity/Q41420,59.0,1998-01-01T00:00:00Z,2001-01-01T00:00:00Z
http://www.wikidata.org/entity/Q651132,http://www.wikidata.org/entity/Q51974,28.0,2001-01-01T00:00:00Z,2003-01-01T00:00:00Z
http://www.wikidata.org/entity/Q652313,http://www.wikidata.org/entity/Q51974,100.0,2001-01-01T00:00:00Z,2005-01-01T00:00:00Z
http://www.wikidata.org/entity/Q652499,http://www.wikidata.org/entity/Q51976,14.0,2004-01-01T00:00:00Z,2006-01-01T00:00:00Z
http://www.wikidata.org/entity/Q655664,http://www.wikidata.org/entity/Q51976,92.0,2001-01-01T00:00:00Z,2005-01-01T00:00:00Z
http://www.wikidata.org/entity/Q65801,http://www.wikidata.org/entity/Q51974,30.0,2015-01-01T00:00:00Z,2018-01-01T00:00:00Z
http://www.wikidata.org/entity/Q66241169,http://www.wikidata.org/entity/Q41420,92.0,2020-01-01T00:00:00Z,2023-01-01T00:00:00Z
http://www.wikidata.org/entity/Q66278,http://www.wikidata.org/entity/Q51976,48.0,2013-01-01T00:00:00Z,2015-01-01T00:00:00Z
http://www.wikidata.org/entity/Q662890,http://www.wikidata.org/entity/Q51974,14.0,2004-01-01T00:00:00Z,2007-01-01T00:00:00Z
http://www.wikidata.org/entity/Q66294,http://www.wikidata.org/entity/Q33748,160.0,2007-01-01T00:00:00Z,2013-01-01T00:00:00Z
http://www.wikidata.org/entity/Q66358,http://www.wikidata.org/entity/Q51976,48.0,2015-01-01T00:00:00Z,2016-01-01T00:00:00Z
http://www.wikidata.org/entity/Q664590,http://www.wikidata.org/entity/Q41420,7.0,2005-01-01T00:00:00Z,2010-01-01T00:00:00Z
http://www.wikidata.org/entity/Q664649,http://www.wikidata.org/entity/Q33748,150.0,2008-01-01T00:00:00Z,2013-01-01T00:00:00Z
http://www.wikidata.org/entity/Q664703,http://www.wikidata.org/entity/Q38245,4.0,2011-01-01T00:00:00Z,2012-01-01T00:00:00Z
http://www.wikidata.org/entity/Q665197,http://www.wikidata.org/entity/Q33748,131.0,2010-01-01T00:00:00Z,2015-01-01T00:00:00Z
http://www.wikidata.org/entity/Q667535,http://www.wikidata.org/entity/Q51974,31.0,2017-01-01T00:00:00Z,2018-07-01T00:00:00Z
http://www.wikidata.org/entity/Q66925,http://www.wikidata.org/entity/Q51976,72.0,1996-01-01T00:00:00Z,1999-01-01T00:00:00Z
http://www.wikidata.org/entity/Q671430,http://www.wikidata.org/entity/Q51974,27.0,2013-01-01T00:00:00Z,2015-01-01T00:00:00Z
http://www.wikidata.org/entity/Q67240,http://www.wikidata.org/entity/Q38245,12.0,2013-01-01T00:00:00Z,2014-01-01T00:00:00Z
http://www.wikidata.org/entity/Q673252,http://www.wikidata.org/entity/Q51976,21.0,2011-01-01T00:00:00Z,2014-01-01T00:00:00Z
http://www.wikidata.org/entity/Q673955,http://www.wikidata.org/entity/Q51976,10.0,2009-01-01T00:00:00Z,2011-01-01T00:00:00Z
http://www.wikidata.org/entity/Q673955,http://www.wikidata.org/entity/Q38245,1.0,2011-01-01T00:00:00Z,2012-01-01T00:00:00Z
http://www.wikidata.org/entity/Q67457,http://www.wikidata.org/entity/Q51976,79.0,2012-01-01T00:00:00Z,2015-01-01T00:00:00Z
http://www.wikidata.org/entity/Q675836,http://www.wikidata.org/entity/Q33748,8.0,2010-01-01T00:00:00Z,2012-01-01T00:00:00Z
http://www.wikidata.org/entity/Q676384,http://www.wikidata.org/entity/Q51976,13.0,2012-01-01T00:00:00Z,2012-01-01T00:00:00Z
http://www.wikidata.org/entity/Q677546,http://www.wikidata.org/entity/Q41420,128.0,1995-01-01T00:00:00Z,2004-01-01T00:00:00Z
http://www.wikidata.org/entity/Q679318,http://www.wikidata.org/entity/Q51976,38.0,2014-01-01T00:00:00Z,2018-01-01T00:00:00Z
http://www.wikidata.org/entity/Q679674,http://www.wikidata.org/entity/Q41420,0.0,2010-01-01T00:00:00Z,2012-01-01T00:00:00Z
http://www.wikidata.org/entity/Q680223,http://www.wikidata.org/entity/Q33748,0.0,2014-01-01T00:00:00Z,2015-01-01T00:00:00Z
http://www.wikidata.org/entity/Q680641,http://www.wikidata.org/entity/Q51976,17.0,2002-01-01T00:00:00Z,2004-01-01T00:00:00Z
http://www.wikidata.org/entity/Q682664,http://www.wikidata.org/entity/Q38245,6.0,2007-01-01T00:00:00Z,2009-01-01T00:00:00Z
http://www.wikidata.org/entity/Q683530,http://www.wikidata.org/entity/Q38245,26.0,2011-01-01T00:00:00Z,2012-01-01T00:00:00Z
http://www.wikidata.org/entity/Q683541,http://www.wikidata.org/entity/Q38245,87.0,2006-01-01T00:00:00Z,2009-01-01T00:00:00Z
http://www.wikidata.org/entity/Q6844491,http://www.wikidata.org/entity/Q33748,20.0,2004-01-01T00:00:00Z,2006-01-01T00:00:00Z
http://www.wikidata.org/entity/Q685420,http://www.wikidata.org/entity/Q51974,7.0,2007-01-01T00:00:00Z,2007-01-01T00:00:00Z
http://www.wikidata.org/entity/Q6860599,http://www.wikidata.org/entity/Q41420,20.0,2014-01-01T00:00:00Z,2015-01-01T00:00:00Z
http://www.wikidata.org/entity/Q686197,http://www.wikidata.org/entity/Q33748,22.0,2002-01-01T00:00:00Z,2004-01-01T00:00:00Z
http://www.wikidata.org/entity/Q687140,http://www.wikidata.org/entity/Q33748,57.0,2013-01-01T00:00:00Z,2015-01-01T00:00:00Z
http://www.wikidata.org/entity/Q687140,http://www.wikidata.org/entity/Q41420,5.0,2012-01-01T00:00:00Z,2013-01-01T00:00:00Z
http://www.wikidata.org/entity/Q689063,http://www.wikidata.org/entity/Q33748,6.0,2008-01-01T00:00:00Z,2008-01-01T00:00:00Z
http://www.wikidata.org/entity/Q689179,http://www.wikidata.org/entity/Q33748,3.0,2011-01-01T00:00:00Z,2013-01-01T00:00:00Z
http://www.wikidata.org/entity/Q17325280,http://www.wikidata.org/entity/Q51976,5.0,2023-01-01T00:00:00Z,
http://www.wikidata.org/entity/Q16979983,http://www.wikidata.org/entity/Q38245,18.0,2021-01-14T00:00:00Z,2021-06-30T00:00:00Z
http://www.wikidata.org/entity/Q16979983,http://www.wikidata.org/entity/Q38245,54.0,2017-07-01T00:00:00Z,2019-07-01T00:00:00Z
http://www.wikidata.org/entity/Q1716712,http://www.wikidata.org/entity/Q51974,29.0,2000-01-01T00:00:00Z,2002-01-01T00:00:00Z
http://www.wikidata.org/entity/Q1726558,http://www.wikidata.org/entity/Q33748,36.0,1995-01-01T00:00:00Z,1999-01-01T00:00:00Z
http://www.wikidata.org/entity/Q1737186,http://www.wikidata.org/entity/Q51974,9.0,2004-01-01T00:00:00Z,2006-01-01T00:00:00Z
http://www.wikidata.org/entity/Q1740190,http://www.wikidata.org/entity/Q41420,14.0,2015-01-01T00:00:00Z,2015-01-01T00:00:00Z
http://www.wikidata.org/entity/Q17429897,http://www.wikidata.org/entity/Q33748,0.0,2009-01-01T00:00:00Z,2010-01-01T00:00:00Z
http://www.wikidata.org/entity/Q174661,http://www.wikidata.org/entity/Q33748,144.0,2004-01-01T00:00:00Z,2010-01-01T00:00:00Z
http://www.wikidata.org/entity/Q1750753,http://www.wikidata.org/entity/Q38245,251.0,1995-01-01T00:00:00Z,2006-01-01T00:00:00Z
http://www.wikidata.org/entity/Q1751109,http://www.wikidata.org/entity/Q51974,67.0,2000-01-01T00:00:00Z,2004-01-01T00:00:00Z
http://www.wikidata.org/entity/Q175316,http://www.wikidata.org/entity/Q38245,76.0,2002-01-01T00:00:00Z,2006-01-01T00:00:00Z
http://www.wikidata.org/entity/Q175316,http://www.wikidata.org/entity/Q51976,164.0,1989-01-01T00:00:00Z,2002-01-01T00:00:00Z
http://www.wikidata.org/entity/Q175520,http://www.wikidata.org/entity/Q51976,52.0,2011-01-01T00:00:00Z,2014-01-01T00:00:00Z
http://www.wikidata.org/entity/Q1756556,http://www.wikidata.org/entity/Q51976,6.0,2015-01-01T00:00:00Z,2015-01-01T00:00:00Z
http://www.wikidata.org/entity/Q1756634,http://www.wikidata.org/entity/Q33748,22.0,2000-01-01T00:00:00Z,2001-01-01T00:00:00Z
http://www.wikidata.org/entity/Q1761058,http://www.wikidata.org/entity/Q33748,91.0,2000-01-01T00:00:00Z,2004-01-01T00:00:00Z
http://www.wikidata.org/entity/Q176446,http://www.wikidata.org/entity/Q51974,0.0,2002-01-01T00:00:00Z,2003-01-01T00:00:00Z
http://www.wikidata.org/entity/Q1771388,http://www.wikidata.org/entity/Q51974,79.0,2000-01-01T00:00:00Z,2003-01-01T00:00:00Z
http://www.wikidata.org/entity/Q177343,http://www.wikidata.org/entity/Q51976,27.0,2010-01-01T00:00:00Z,2012-01-01T00:00:00Z
http://www.wikidata.org/entity/Q178495,http://www.wikidata.org/entity/Q51976,91.0,2003-01-01T00:00:00Z,2007-01-01T00:00:00Z
http://www.wikidata.org/entity/Q179279,http://www.wikidata.org/entity/Q41420,11.0,2009-01-01T00:00:00Z,2012-01-01T00:00:00Z
http://www.wikidata.org/entity/Q18122045,http://www.wikidata.org/entity/Q51974,1.0,2014-01-01T00:00:00Z,2015-01-01T00:00:00Z
http://www.wikidata.org/entity/Q1819223,http://www.wikidata.org/entity/Q51974,0.0,2004-01-01T00:00:00Z,2005-01-01T00:00:00Z
http://www.wikidata.org/entity/Q18223055,http://www.wikidata.org/entity/Q51974,0.0,2009-01-01T00:00:00Z,2012-01-01T00:00:00Z
http://www.wikidata.org/entity/Q18342471,http://www.wikidata.org/entity/Q38245,31.0,2017-01-01T00:00:00Z,2018-01-01T00:00:00Z
http://www.wikidata.org/entity/Q18342471,http://www.wikidata.org/entity/Q33748,2.0,2016-01-01T00:00:00Z,2018-01-01T00:00:00Z
http://www.wikidata.org/entity/Q18375280,http://www.wikidata.org/entity/Q33748,7.0,2015-01-01T00:00:00Z,2016-01-01T00:00:00Z
http://www.wikidata.org/entity/Q185587,http://www.wikidata.org/entity/Q51976,0.0,2009-01-01T00:00:00Z,2009-01-01T00:00:00Z
http://www.wikidata.org/entity/Q185650,http://www.wikidata.org/entity/Q51974,66.0,2006-01-01T00:00:00Z,2009-01-01T00:00:00Z
http://www.wikidata.org/entity/Q1857948,http://www.wikidata.org/entity/Q51976,0.0,2011-01-01T00:00:00Z,2011-01-01T00:00:00Z
http://www.wikidata.org/entity/Q186311,http://www.wikidata.org/entity/Q41420,8.0,2000-01-01T00:00:00Z,2002-01-01T00:00:00Z
http://www.wikidata.org/entity/Q1882546,http://www.wikidata.org/entity/Q51974,0.0,2008-01-01T00:00:00Z,2012-01-01T00:00:00Z
http://www.wikidata.org/entity/Q1892619,http://www.wikidata.org/entity/Q51976,84.0,2006-01-01T00:00:00Z,2009-01-01T00:00:00Z
http://www.wikidata.org/entity/Q1893013,http://www.wikidata.org/entity/Q33748,81.0,2019-01-01T00:00:00Z,2022-01-01T00:00:00Z
http://www.wikidata.org/entity/Q1893742,http://www.wikidata.org/entity/Q38245,109.0,1997-01-01T00:00:00Z,2002-01-01T00:00:00Z
http://www.wikidata.org/entity/Q1894371,http://www.wikidata.org/entity/Q51974,29.0,2003-01-01T00:00:00Z,2004-01-01T00:00:00Z
http://www.wikidata.org/entity/Q1894371,http://www.wikidata.org/entity/Q41420,5.0,2004-01-01T00:00:00Z,2006-01-01T00:00:00Z
http://www.wikidata.org/entity/Q1903898,http://www.wikidata.org/entity/Q51974,79.0,1998-01-01T00:00:00Z,2003-01-01T00:00:00Z
http://www.wikidata.org/entity/Q19059840,http://www.wikidata.org/entity/Q38245,8.0,2024-01-01T00:00:00Z,2024-06-30T00:00:00Z
http://www.wikidata.org/entity/Q59105,http://www.wikidata.org/entity/Q22707,36.0,2010-01-01T00:00:00Z,2012-01-01T00:00:00Z
http://www.wikidata.org/entity/Q59490,http://www.wikidata.org/entity/Q22707,22.0,2017-06-14T00:00:00Z,2018-06-01T00:00:00Z
http://www.wikidata.org/entity/Q60315,http://www.wikidata.org/entity/Q32494,23.0,2018-01-01T00:00:00Z,2021-01-01T00:00:00Z
http://www.wikidata.org/entity/Q60315,http://www.wikidata.org/entity/Q22707,43.0,2021-01-01T00:00:00Z,2023-01-01T00:00:00Z
http://www.wikidata.org/entity/Q60315,http://www.wikidata.org/entity/Q22707,57.0,2019-01-01T00:00:00Z,2021-01-01T00:00:00Z
http://www.wikidata.org/entity/Q60315,http://www.wikidata.org/entity/Q22707,195.0,2010-01-01T00:00:00Z,2017-01-01T00:00:00Z
http://www.wikidata.org/entity/Q61382,http://www.wikidata.org/entity/Q22707,20.0,2003-01-01T00:00:00Z,2005-01-01T00:00:00Z
http://www.wikidata.org/entity/Q61568,http://www.wikidata.org/entity/Q32494,142.0,1999-01-01T00:00:00Z,2006-01-01T00:00:00Z
http://www.wikidata.org/entity/Q61792,http://www.wikidata.org/entity/Q32494,22.0,2010-01-01T00:00:00Z,2014-01-01T00:00:00Z
http://www.wikidata.org/entity/Q61792,http://www.wikidata.org/entity/Q32494,12.0,2004-01-01T00:00:00Z,2007-01-01T00:00:00Z
http://www.wikidata.org/entity/Q184218,http://www.wikidata.org/entity/Q22707,46.0,2011-01-01T00:00:00Z,2012-01-01T00:00:00Z
http://www.wikidata.org/entity/Q1893197,http://www.wikidata.org/entity/Q22707,0.0,2010-01-01T00:00:00Z,2010-01-01T00:00:00Z
http://www.wikidata.org/entity/Q1893887,http://www.wikidata.org/entity/Q32494,0.0,2010-01-01T00:00:00Z,2011-01-01T00:00:00Z
http://www.wikidata.org/entity/Q18948080,http://www.wikidata.org/entity/Q32494,6.0,2014-01-01T00:00:00Z,2015-01-01T00:00:00Z
http://www.wikidata.org/entity/Q1901610,http://www.wikidata.org/entity/Q32494,1.0,1998-01-01T00:00:00Z,1999-01-01T00:00:00Z
http://www.wikidata.org/entity/Q19274636,http://www.wikidata.org/entity/Q32494,4.0,2015-01-01T00:00:00Z,2017-01-01T00:00:00Z
http://www.wikidata.org/entity/Q1929097,http://www.wikidata.org/entity/Q22707,0.0,2006-01-01T00:00:00Z,2008-01-01T00:00:00Z
http://www.wikidata.org/entity/Q19295841,http://www.wikidata.org/entity/Q32494,2.0,1997-01-01T00:00:00Z,1999-01-01T00:00:00Z
http://www.wikidata.org/entity/Q1932683,http://www.wikidata.org/entity/Q32494,16.0,1993-01-01T00:00:00Z,1999-01-01T00:00:00Z
http://www.wikidata.org/entity/Q1937078,http://www.wikidata.org/entity/Q32494,54.0,2001-01-01T00:00:00Z,2004-01-01T00:00:00Z
http://www.wikidata.org/entity/Q19787021,http://www.wikidata.org/entity/Q32494,7.0,2016-01-01T00:00:00Z,2019-01-01T00:00:00Z
http://www.wikidata.org/entity/Q20038711,http://www.wikidata.org/entity/Q32494,31.0,2021-08-01T00:00:00Z,2022-06-01T00:00:00Z
http://www.wikidata.org/entity/Q20047360,http://www.wikidata.org/entity/Q22707,41.0,2015-01-01T00:00:00Z,2019-01-01T00:00:00Z
http://www.wikidata.org/entity/Q204141,http://www.wikidata.org/entity/Q32494,111.0,2002-01-01T00:00:00Z,2006-01-01T00:00:00Z
http://www.wikidata.org/entity/Q204163,http://www.wikidata.org/entity/Q22707,17.0,2003-01-01T00:00:00Z,2006-01-01T00:00:00Z
http://www.wikidata.org/entity/Q2043184,http://www.wikidata.org/entity/Q22707,62.0,2004-01-01T00:00:00Z,2008-01-01T00:00:00Z
http://www.wikidata.org/entity/Q20435178,http://www.wikidata.org/entity/Q32494,53.0,2015-08-27T00:00:00Z,2020-07-01T00:00:00Z
http://www.wikidata.org/entity/Q20436216,http://www.wikidata.org/entity/Q22707,81.0,2022-01-01T00:00:00Z,2026-01-01T00:00:00Z
http://www.wikidata.org/entity/Q20688718,http://www.wikidata.org/entity/Q22707,33.0,2022-08-08T00:00:00Z,2023-06-30T00:00:00Z
http://www.wikidata.org/entity/Q207120,http://www.wikidata.org/entity/Q32494,64.0,2005-01-01T00:00:00Z,2008-01-01T00:00:00Z
http://www.wikidata.org/entity/Q207949,http://www.wikidata.org/entity/Q32494,44.0,2012-01-01T00:00:00Z,2015-01-01T00:00:00Z
http://www.wikidata.org/entity/Q20823439,http://www.wikidata.org/entity/Q32494,45.0,2016-01-01T00:00:00Z,2018-01-01T00:00:00Z
http://www.wikidata.org/entity/Q210919,http://www.wikidata.org/entity/Q22707,31.0,2011-01-01T00:00:00Z,2014-01-01T00:00:00Z
http://www.wikidata.org/entity/Q2125541,http://www.wikidata.org/entity/Q22707,31.0,2006-01-01T00:00:00Z,2008-01-01T00:00:00Z
http://www.wikidata.org/entity/Q2144890,http://www.wikidata.org/entity/Q22707,5.0,2009-01-01T00:00:00Z,2010-01-01T00:00:00Z
http://www.wikidata.org/entity/Q215577,http://www.wikidata.org/entity/Q22707,19.0,2012-01-01T00:00:00Z,2014-01-01T00:00:00Z
http://www.wikidata.org/entity/Q21711593,http://www.wikidata.org/entity/Q32494,0.0,2014-01-01T00:00:00Z,2015-01-01T00:00:00Z
http://www.wikidata.org/entity/Q21711593,http://www.wikidata.org/entity/Q32494,0.0,2015-01-01T00:00:00Z,2015-01-01T00:00:00Z
http://www.wikidata.org/entity/Q217384,http://www.wikidata.org/entity/Q32494,1.0,2011-01-01T00:00:00Z,2011-01-01T00:00:00Z
http://www.wikidata.org/entity/Q225970,http://www.wikidata.org/entity/Q22707,55.0,2006-01-01T00:00:00Z,2009-01-01T00:00:00Z
http://www.wikidata.org/entity/Q2268949,http://www.wikidata.org/entity/Q22707,29.0,2015-01-01T00:00:00Z,2017-01-01T00:00:00Z
http://www.wikidata.org/entity/Q227356,http://www.wikidata.org/entity/Q22707,39.0,2006-01-01T00:00:00Z,2008-01-01T00:00:00Z
http://www.wikidata.org/entity/Q2293589,http://www.wikidata.org/entity/Q32494,0.0,2000-01-01T00:00:00Z,2002-01-01T00:00:00Z
http://www.wikidata.org/entity/Q2438006,http://www.wikidata.org/entity/Q22707,1.0,2011-01-01T00:00:00Z,2012-01-01T00:00:00Z
http://www.wikidata.org/entity/Q2438006,http://www.wikidata.org/entity/Q22707,84.0,2013-01-01T00:00:00Z,2016-01-01T00:00:00Z
http://www.wikidata.org/entity/Q248141,http://www.wikidata.org/entity/Q32494,29.0,2022-07-01T00:00:00Z,2023-06-01T00:00:00Z
http://www.wikidata.org/entity/Q2504222,http://www.wikidata.org/entity/Q32494,20.0,2004-01-01T00:00:00Z,2005-01-01T00:00:00Z
http://www.wikidata.org/entity/Q44977,http://www.wikidata.org/entity/Q41420,144.0,2013-01-01T00:00:00Z,2018-01-31T00:00:00Z
http://www.wikidata.org/entity/Q44983,http://www.wikidata.org/entity/Q38245,36.0,2011-01-01T00:00:00Z,2013-01-01T00:00:00Z
http://www.wikidata.org/entity/Q45626,http://www.wikidata.org/entity/Q51974,36.0,2010-01-01T00:00:00Z,2011-01-01T00:00:00Z
http://www.wikidata.org/entity/Q47029,http://www.wikidata.org/entity/Q41420,38.0,2007-01-01T00:00:00Z,2008-01-01T00:00:00Z
http://www.wikidata.org/entity/Q49789,http://www.wikidata.org/entity/Q51974,51.0,2003-01-01T00:00:00Z,2007-01-01T00:00:00Z
http://www.wikidata.org/entity/Q49811,http://www.wikidata.org/entity/Q41420,41.0,1998-01-01T00:00:00Z,2000-01-01T00:00:00Z
http://www.wikidata.org/entity/Q5117,http://www.wikidata.org/entity/Q22707,123.0,2013-01-01T00:00:00Z,2018-01-01T00:00:00Z
http://www.wikidata.org/entity/Q57114,http://www.wikidata.org/entity/Q41420,129.0,1999-01-01T00:00:00Z,2003-01-01T00:00:00Z
http://www.wikidata.org/entity/Q57142,http://www.wikidata.org/entity/Q38245,3.0,2014-01-01T00:00:00Z,2015-01-01T00:00:00Z
http://www.wikidata.org/entity/Q57167,http://www.wikidata.org/entity/Q51974,54.0,2009-01-01T00:00:00Z,2011-01-01T00:00:00Z
http://www.wikidata.org/entity/Q57183,http://www.wikidata.org/entity/Q41420,115.0,1993-01-01T00:00:00Z,1999-01-01T00:00:00Z
http://www.wikidata.org/entity/Q58377,http://www.wikidata.org/entity/Q41420,33.0,2016-01-01T00:00:00Z,2020-07-01T00:00:00Z
http://www.wikidata.org/entity/Q58762,http://www.wikidata.org/entity/Q41420,322.0,1998-01-01T00:00:00Z,2011-01-01T00:00:00Z
http://www.wikidata.org/entity/Q59490,http://www.wikidata.org/entity/Q51976,27.0,2016-01-01T00:00:00Z,2017-01-01T00:00:00Z
http://www.wikidata.org/entity/Q60340,http://www.wikidata.org/entity/Q51974,32.0,2020-10-03T00:00:00Z,2021-06-04T00:00:00Z
http://www.wikidata.org/entity/Q60360,http://www.wikidata.org/entity/Q51976,17.0,2007-01-01T00:00:00Z,2010-01-01T00:00:00Z
http://www.wikidata.org/entity/Q60544,http://www.wikidata.org/entity/Q38245,379.0,1995-01-01T00:00:00Z,2013-01-01T00:00:00Z
http://www.wikidata.org/entity/Q60597,http://www.wikidata.org/entity/Q51976,6.0,2010-01-01T00:00:00Z,2010-01-01T00:00:00Z
http://www.wikidata.org/entity/Q60597,http://www.wikidata.org/entity/Q51976,6.0,2010-01-01T00:00:00Z,2010-01-01T00:00:00Z
http://www.wikidata.org/entity/Q60836,http://www.wikidata.org/entity/Q51974,27.0,2008-01-01T00:00:00Z,2011-01-01T00:00:00Z
http://www.wikidata.org/entity/Q60841,http://www.wikidata.org/entity/Q51976,41.0,2011-01-01T00:00:00Z,2014-01-01T00:00:00Z
http://www.wikidata.org/entity/Q61219,http://www.wikidata.org/entity/Q33748,27.0,2002-01-01T00:00:00Z,2003-01-01T00:00:00Z
http://www.wikidata.org/entity/Q61219,http://www.wikidata.org/entity/Q41420,56.0,1999-01-01T00:00:00Z,2002-01-01T00:00:00Z
http://www.wikidata.org/entity/Q61371,http://www.wikidata.org/entity/Q41420,35.0,2012-01-01T00:00:00Z,2014-01-01T00:00:00Z
http://www.wikidata.org/entity/Q61382,http://www.wikidata.org/entity/Q38245,37.0,2012-01-01T00:00:00Z,2015-01-01T00:00:00Z
http://www.wikidata.org/entity/Q61655,http://www.wikidata.org/entity/Q51974,22.0,2011-01-01T00:00:00Z,2012-01-01T00:00:00Z
http://www.wikidata.org/entity/Q61800,http://www.wikidata.org/entity/Q33748,50.0,2009-01-01T00:00:00Z,2013-01-01T00:00:00Z
http://www.wikidata.org/entity/Q61886,http://www.wikidata.org/entity/Q38245,75.0,2012-01-01T00:00:00Z,2015-01-01T00:00:00Z
http://www.wikidata.org/entity/Q62082,http://www.wikidata.org/entity/Q51974,29.0,2007-01-01T00:00:00Z,2011-01-01T00:00:00Z
http://www.wikidata.org/entity/Q62403,http://www.wikidata.org/entity/Q33748,28.0,2003-01-01T00:00:00Z,2004-01-01T00:00:00Z
http://www.wikidata.org/entity/Q62403,http://www.wikidata.org/entity/Q33748,42.0,2005-01-01T00:00:00Z,2008-01-01T00:00:00Z
http://www.wikidata.org/entity/Q62802,http://www.wikidata.org/entity/Q38245,38.0,2012-01-01T00:00:00Z,2014-01-01T00:00:00Z
http://www.wikidata.org/entity/Q62814,http://www.wikidata.org/entity/Q33748,21.0,2007-01-01T00:00:00Z,2008-01-01T00:00:00Z
http://www.wikidata.org/entity/Q62814,http://www.wikidata.org/entity/Q51974,47.0,2004-01-01T00:00:00Z,2007-01-01T00:00:00Z
http://www.wikidata.org/entity/Q63028,http://www.wikidata.org/entity/Q38245,50.0,2002-01-01T00:00:00Z,2005-01-01T00:00:00Z
http://www.wikidata.org/entity/Q63088,http://www.wikidata.org/entity/Q38245,64.0,1999-01-01T00:00:00Z,2001-01-01T00:00:00Z
http://www.wikidata.org/entity/Q63866,http://www.wikidata.org/entity/Q41420,28.0,2005-01-01T00:00:00Z,2006-01-01T00:00:00Z
http://www.wikidata.org/entity/Q63866,http://www.wikidata.org/entity/Q41420,34.0,2007-01-01T00:00:00Z,2009-01-01T00:00:00Z
http://www.wikidata.org/entity/Q64035,http://www.wikidata.org/entity/Q41420,23.0,2007-01-01T00:00:00Z,2010-01-01T00:00:00Z
http://www.wikidata.org/entity/Q64035,http://www.wikidata.org/entity/Q33748,30.0,2003-01-01T00:00:00Z,2004-01-01T00:00:00Z
http://www.wikidata.org/entity/Q691193,http://www.wikidata.org/entity/Q41420,0.0,2018-01-01T00:00:00Z,
http://www.wikidata.org/entity/Q694852,http://www.wikidata.org/entity/Q51976,91.0,2022-01-01T00:00:00Z,
http://www.wikidata.org/entity/Q105955082,http://www.wikidata.org/entity/Q32494,1.0,2024-07-01T00:00:00Z,
http://www.wikidata.org/entity/Q28717698,http://www.wikidata.org/entity/Q41420,78.0,2023-01-01T00:00:00Z,
http://www.wikidata.org/entity/Q296194,http://www.wikidata.org/entity/Q38245,65.0,2017-07-21T00:00:00Z,
http://www.wikidata.org/entity/Q30006877,http://www.wikidata.org/entity/Q33748,34.0,2018-01-01T00:00:00Z,
http://www.wikidata.org/entity/Q2807136,http://www.wikidata.org/entity/Q33748,0.0,2013-01-01T00:00:00Z,2014-01-01T00:00:00Z
http://www.wikidata.org/entity/Q280829,http://www.wikidata.org/entity/Q38245,24.0,2005-01-01T00:00:00Z,2007-01-01T00:00:00Z
http://www.wikidata.org/entity/Q280829,http://www.wikidata.org/entity/Q38245,14.0,2005-01-01T00:00:00Z,2005-01-01T00:00:00Z
http://www.wikidata.org/entity/Q280829,http://www.wikidata.org/entity/Q38245,46.0,1999-01-01T00:00:00Z,2004-01-01T00:00:00Z
http://www.wikidata.org/entity/Q283762,http://www.wikidata.org/entity/Q38245,86.0,2014-01-01T00:00:00Z,2017-01-01T00:00:00Z
http://www.wikidata.org/entity/Q284977,http://www.wikidata.org/entity/Q51974,0.0,2007-01-01T00:00:00Z,2007-01-01T00:00:00Z
http://www.wikidata.org/entity/Q284977,http://www.wikidata.org/entity/Q41420,11.0,2005-01-01T00:00:00Z,2007-01-01T00:00:00Z
http://www.wikidata.org/entity/Q284977,http://www.wikidata.org/entity/Q51974,0.0,2007-01-01T00:00:00Z,2009-01-01T00:00:00Z
http://www.wikidata.org/entity/Q28967995,http://www.wikidata.org/entity/Q41420,67.0,2020-01-01T00:00:00Z,2022-01-01T00:00:00Z
http://www.wikidata.org/entity/Q29046792,http://www.wikidata.org/entity/Q33748,14.0,2019-08-19T00:00:00Z,2020-01-01T00:00:00Z
http://www.wikidata.org/entity/Q294467,http://www.wikidata.org/entity/Q51974,99.0,2008-01-01T00:00:00Z,2012-01-01T00:00:00Z
http://www.wikidata.org/entity/Q294467,http://www.wikidata.org/entity/Q41420,29.0,2007-01-01T00:00:00Z,2008-01-01T00:00:00Z
http://www.wikidata.org/entity/Q295027,http://www.wikidata.org/entity/Q51974,8.0,1997-01-01T00:00:00Z,1999-01-01T00:00:00Z
http://www.wikidata.org/entity/Q298484,http://www.wikidata.org/entity/Q51974,23.0,2009-01-01T00:00:00Z,2011-01-01T00:00:00Z
http://www.wikidata.org/entity/Q299750,http://www.wikidata.org/entity/Q51976,271.0,2012-07-01T00:00:00Z,2021-06-01T00:00:00Z
http://www.wikidata.org/entity/Q30032829,http://www.wikidata.org/entity/Q51976,83.0,2018-07-01T00:00:00Z,2021-08-09T00:00:00Z
http://www.wikidata.org/entity/Q303297,http://www.wikidata.org/entity/Q38245,32.0,2007-01-01T00:00:00Z,2008-01-01T00:00:00Z
http://www.wikidata.org/entity/Q3047567,http://www.wikidata.org/entity/Q38245,1.0,1997-01-01T00:00:00Z,1999-01-01T00:00:00Z
http://www.wikidata.org/entity/Q308925,http://www.wikidata.org/entity/Q41420,191.0,1995-01-01T00:00:00Z,2002-01-01T00:00:00Z
http://www.wikidata.org/entity/Q309532,http://www.wikidata.org/entity/Q51974,23.0,2007-01-01T00:00:00Z,2011-01-01T00:00:00Z
http://www.wikidata.org/entity/Q309731,http://www.wikidata.org/entity/Q41420,59.0,2001-01-01T00:00:00Z,2004-01-01T00:00:00Z
http://www.wikidata.org/entity/Q310328,http://www.wikidata.org/entity/Q41420,18.0,2017-08-28T00:00:00Z,2018-07-01T00:00:00Z
http://www.wikidata.org/entity/Q310504,http://www.wikidata.org/entity/Q33748,57.0,2010-01-01T00:00:00Z,2012-01-01T00:00:00Z
http://www.wikidata.org/entity/Q310625,http://www.wikidata.org/entity/Q41420,31.0,2016-01-01T00:00:00Z,2018-01-01T00:00:00Z
http://www.wikidata.org/entity/Q310675,http://www.wikidata.org/entity/Q51974,15.0,2017-01-01T00:00:00Z,2017-06-01T00:00:00Z
http://www.wikidata.org/entity/Q310675,http://www.wikidata.org/entity/Q51974,32.0,2017-07-01T00:00:00Z,2020-07-01T00:00:00Z
http://www.wikidata.org/entity/Q310723,http://www.wikidata.org/entity/Q51974,47.0,2010-01-01T00:00:00Z,2014-01-01T00:00:00Z
http://www.wikidata.org/entity/Q310928,http://www.wikidata.org/entity/Q33748,370.0,1999-01-01T00:00:00Z,2014-01-01T00:00:00Z
http://www.wikidata.org/entity/Q310971,http://www.wikidata.org/entity/Q38245,56.0,2004-01-01T00:00:00Z,2006-01-01T00:00:00Z
http://www.wikidata.org/entity/Q310971,http://www.wikidata.org/entity/Q38245,31.0,2003-01-01T00:00:00Z,2004-01-01T00:00:00Z
http://www.wikidata.org/entity/Q311191,http://www.wikidata.org/entity/Q38245,43.0,2007-01-01T00:00:00Z,2009-01-01T00:00:00Z
http://www.wikidata.org/entity/Q311246,http://www.wikidata.org/entity/Q51974,20.0,2014-01-01T00:00:00Z,2015-01-01T00:00:00Z
http://www.wikidata.org/entity/Q311324,http://www.wikidata.org/entity/Q51974,51.0,1997-01-01T00:00:00Z,2000-01-01T00:00:00Z
http://www.wikidata.org/entity/Q311328,http://www.wikidata.org/entity/Q51974,21.0,2004-01-01T00:00:00Z,2008-01-01T00:00:00Z
http://www.wikidata.org/entity/Q311910,http://www.wikidata.org/entity/Q51974,54.0,2009-01-01T00:00:00Z,2013-01-01T00:00:00Z
http://www.wikidata.org/entity/Q312091,http://www.wikidata.org/entity/Q51976,151.0,1998-01-01T00:00:00Z,2005-01-01T00:00:00Z
http://www.wikidata.org/entity/Q312115,http://www.wikidata.org/entity/Q51974,2.0,2004-01-01T00:00:00Z,2004-01-01T00:00:00Z
http://www.wikidata.org/entity/Q312494,http://www.wikidata.org/entity/Q51976,22.0,2003-01-01T00:00:00Z,2004-01-01T00:00:00Z
http://www.wikidata.org/entity/Q312494,http://www.wikidata.org/entity/Q51976,11.0,2004-01-01T00:00:00Z,2005-01-01T00:00:00Z
http://www.wikidata.org/entity/Q312512,http://www.wikidata.org/entity/Q41420,18.0,2008-01-01T00:00:00Z,2009-01-01T00:00:00Z
http://www.wikidata.org/entity/Q312515,http://www.wikidata.org/entity/Q38245,57.0,2008-01-01T00:00:00Z,2010-01-01T00:00:00Z
http://www.wikidata.org/entity/Q312518,http://www.wikidata.org/entity/Q38245,52.0,2011-01-01T00:00:00Z,2013-01-01T00:00:00Z
http://www.wikidata.org/entity/Q313035,http://www.wikidata.org/entity/Q33748,4.0,2010-01-01T00:00:00Z,2011-01-01T00:00:00Z
http://www.wikidata.org/entity/Q313205,http://www.wikidata.org/entity/Q33748,14.0,2002-01-01T00:00:00Z,2003-01-01T00:00:00Z
http://www.wikidata.org/entity/Q313205,http://www.wikidata.org/entity/Q33748,14.0,2003-01-01T00:00:00Z,2003-01-01T00:00:00Z
http://www.wikidata.org/entity/Q313438,http://www.wikidata.org/entity/Q41420,218.0,1991-01-01T00:00:00Z,1999-01-01T00:00:00Z
http://www.wikidata.org/entity/Q313520,http://www.wikidata.org/entity/Q51976,173.0,2005-01-01T00:00:00Z,2012-01-01T00:00:00Z
http://www.wikidata.org/entity/Q313544,http://www.wikidata.org/entity/Q51976,15.0,2009-01-01T00:00:00Z,2009-01-01T00:00:00Z
http://www.wikidata.org/entity/Q313544,http://www.wikidata.org/entity/Q51976,15.0,2009-01-01T00:00:00Z,2010-01-01T00:00:00Z
http://www.wikidata.org/entity/Q313575,http://www.wikidata.org/entity/Q51976,72.0,2010-01-01T00:00:00Z,2013-01-01T00:00:00Z
http://www.wikidata.org/entity/Q313719,http://www.wikidata.org/entity/Q51976,133.0,2004-01-01T00:00:00Z,2011-01-01T00:00:00Z
http://www.wikidata.org/entity/Q313725,http://www.wikidata.org/entity/Q41420,17.0,2005-01-01T00:00:00Z,2007-01-01T00:00:00Z
http://www.wikidata.org/entity/Q313780,http://www.wikidata.org/entity/Q51974,208.0,1999-01-01T00:00:00Z,2007-01-01T00:00:00Z
http://www.wikidata.org/entity/Q313780,http://www.wikidata.org/entity/Q38245,32.0,2007-01-01T00:00:00Z,2010-01-01T00:00:00Z
http://www.wikidata.org/entity/Q313887,http://www.wikidata.org/entity/Q33748,9.0,2002-01-01T00:00:00Z,2003-01-01T00:00:00Z
http://www.wikidata.org/entity/Q314048,http://www.wikidata.org/entity/Q38245,33.0,2011-01-01T00:00:00Z,2012-01-01T00:00:00Z
http://www.wikidata.org/entity/Q314238,http://www.wikidata.org/entity/Q38245,90.0,2008-01-01T00:00:00Z,2011-01-01T00:00:00Z
http://www.wikidata.org/entity/Q314661,http://www.wikidata.org/entity/Q51974,69.0,2010-01-01T00:00:00Z,2016-01-01T00:00:00Z
http://www.wikidata.org/entity/Q314789,http://www.wikidata.org/entity/Q33748,8.0,2010-01-01T00:00:00Z,2010-01-01T00:00:00Z
http://www.wikidata.org/entity/Q315289,http://www.wikidata.org/entity/Q51976,149.0,2008-01-01T00:00:00Z,2015-01-01T00:00:00Z
http://www.wikidata.org/entity/Q315301,http://www.wikidata.org/entity/Q51974,49.0,2011-01-01T00:00:00Z,2014-01-01T00:00:00Z
http://www.wikidata.org/entity/Q315330,http://www.wikidata.org/entity/Q51976,49.0,2013-01-01T00:00:00Z,2015-01-01T00:00:00Z
http://www.wikidata.org/entity/Q315641,http://www.wikidata.org/entity/Q41420,151.0,2001-07-01T00:00:00Z,2012-06-24T00:00:00Z
http://www.wikidata.org/entity/Q316166,http://www.wikidata.org/entity/Q38245,43.0,2004-01-01T00:00:00Z,2006-01-01T00:00:00Z
http://www.wikidata.org/entity/Q316203,http://www.wikidata.org/entity/Q33748,140.0,2008-01-01T00:00:00Z,2015-01-01T00:00:00Z
http://www.wikidata.org/entity/Q316718,http://www.wikidata.org/entity/Q41420,45.0,2002-01-01T00:00:00Z,2006-01-01T00:00:00Z
http://www.wikidata.org/entity/Q316801,http://www.wikidata.org/entity/Q41420,1.0,2008-01-01T00:00:00Z,2008-01-01T00:00:00Z
http://www.wikidata.org/entity/Q316801,http://www.wikidata.org/entity/Q51974,0.0,1998-01-01T00:00:00Z,2000-01-01T00:00:00Z
http://www.wikidata.org/entity/Q316895,http://www.wikidata.org/entity/Q38245,53.0,2005-01-01T00:00:00Z,2007-01-01T00:00:00Z
http://www.wikidata.org/entity/Q317318,http://www.wikidata.org/entity/Q41420,2.0,2006-01-01T00:00:00Z,2006-01-01T00:00:00Z
http://www.wikidata.org/entity/Q317318,http://www.wikidata.org/entity/Q41420,2.0,2005-01-01T00:00:00Z,2006-01-01T00:00:00Z
http://www.wikidata.org/entity/Q317339,http://www.wikidata.org/entity/Q41420,13.0,1998-01-01T00:00:00Z,1999-01-01T00:00:00Z
http://www.wikidata.org/entity/Q102035,http://www.wikidata.org/entity/Q32494,0.0,2013-01-01T00:00:00Z,2013-01-01T00:00:00Z
http://www.wikidata.org/entity/Q104015,http://www.wikidata.org/entity/Q22707,18.0,2004-01-01T00:00:00Z,2006-01-01T00:00:00Z
http://www.wikidata.org/entity/Q10541620,http://www.wikidata.org/entity/Q22707,32.0,2010-01-01T00:00:00Z,2012-01-01T00:00:00Z
http://www.wikidata.org/entity/Q105921,http://www.wikidata.org/entity/Q22707,10.0,2012-01-01T00:00:00Z,2014-01-01T00:00:00Z
http://www.wikidata.org/entity/Q107365,http://www.wikidata.org/entity/Q32494,156.0,2006-01-01T00:00:00Z,2011-01-01T00:00:00Z
http://www.wikidata.org/entity/Q107430,http://www.wikidata.org/entity/Q32494,58.0,2001-01-01T00:00:00Z,2005-01-01T00:00:00Z
http://www.wikidata.org/entity/Q107829,http://www.wikidata.org/entity/Q32494,279.0,1999-01-01T00:00:00Z,2010-01-01T00:00:00Z
http://www.wikidata.org/entity/Q107829,http://www.wikidata.org/entity/Q32494,28.0,2013-01-01T00:00:00Z,2015-01-01T00:00:00Z
http://www.wikidata.org/entity/Q1079453,http://www.wikidata.org/entity/Q32494,1.0,2006-01-01T00:00:00Z,2007-01-01T00:00:00Z
http://www.wikidata.org/entity/Q1079453,http://www.wikidata.org/entity/Q32494,1.0,2007-01-01T00:00:00Z,2007-01-01T00:00:00Z
http://www.wikidata.org/entity/Q1080088,http://www.wikidata.org/entity/Q22707,5.0,2002-01-01T00:00:00Z,2003-01-01T00:00:00Z
http://www.wikidata.org/entity/Q1081185,http://www.wikidata.org/entity/Q22707,36.0,2003-01-01T00:00:00Z,2004-01-01T00:00:00Z
http://www.wikidata.org/entity/Q1085571,http://www.wikidata.org/entity/Q32494,13.0,2003-01-01T00:00:00Z,2004-01-01T00:00:00Z
http://www.wikidata.org/entity/Q109417,http://www.wikidata.org/entity/Q32494,4.0,2011-01-01T00:00:00Z,2011-01-01T00:00:00Z
http://www.wikidata.org/entity/Q154311,http://www.wikidata.org/entity/Q32494,10.0,2013-01-01T00:00:00Z,2014-01-01T00:00:00Z
http://www.wikidata.org/entity/Q1546810,http://www.wikidata.org/entity/Q22707,20.0,2004-01-01T00:00:00Z,2005-01-01T00:00:00Z
http://www.wikidata.org/entity/Q1548434,http://www.wikidata.org/entity/Q32494,32.0,2003-01-01T00:00:00Z,2006-01-01T00:00:00Z
http://www.wikidata.org/entity/Q155477,http://www.wikidata.org/entity/Q32494,168.0,2003-01-01T00:00:00Z,2010-01-01T00:00:00Z
http://www.wikidata.org/entity/Q155604,http://www.wikidata.org/entity/Q22707,123.0,2007-01-01T00:00:00Z,2011-01-01T00:00:00Z
http://www.wikidata.org/entity/Q155816,http://www.wikidata.org/entity/Q32494,9.0,2006-01-01T00:00:00Z,2007-01-01T00:00:00Z
http://www.wikidata.org/entity/Q155919,http://www.wikidata.org/entity/Q32494,86.0,2000-01-01T00:00:00Z,2003-01-01T00:00:00Z
http://www.wikidata.org/entity/Q1560347,http://www.wikidata.org/entity/Q22707,34.0,2005-01-01T00:00:00Z,2006-01-01T00:00:00Z
http://www.wikidata.org/entity/Q156638,http://www.wikidata.org/entity/Q32494,96.0,2006-01-01T00:00:00Z,2010-01-01T00:00:00Z
http://www.wikidata.org/entity/Q15831166,http://www.wikidata.org/entity/Q22707,0.0,2013-01-01T00:00:00Z,2014-01-01T00:00:00Z
http://www.wikidata.org/entity/Q15901932,http://www.wikidata.org/entity/Q22707,5.0,2013-01-01T00:00:00Z,2014-01-01T00:00:00Z
http://www.wikidata.org/entity/Q159516,http://www.wikidata.org/entity/Q22707,216.0,2008-01-01T00:00:00Z,2015-01-01T00:00:00Z
http://www.wikidata.org/entity/Q159518,http://www.wikidata.org/entity/Q32494,130.0,2002-01-01T00:00:00Z,2007-01-01T00:00:00Z
http://www.wikidata.org/entity/Q15980720,http://www.wikidata.org/entity/Q32494,2.0,2014-01-01T00:00:00Z,2014-01-01T00:00:00Z
http://www.wikidata.org/entity/Q160363,http://www.wikidata.org/entity/Q32494,29.0,2004-01-01T00:00:00Z,2005-01-01T00:00:00Z
http://www.wikidata.org/entity/Q160890,http://www.wikidata.org/entity/Q32494,106.0,2005-01-01T00:00:00Z,2009-01-01T00:00:00Z
http://www.wikidata.org/entity/Q16210606,http://www.wikidata.org/entity/Q22707,12.0,2009-01-01T00:00:00Z,2011-01-01T00:00:00Z
http://www.wikidata.org/entity/Q1628119,http://www.wikidata.org/entity/Q22707,25.0,2007-01-01T00:00:00Z,2008-01-01T00:00:00Z
http://www.wikidata.org/entity/Q1640747,http://www.wikidata.org/entity/Q22707,0.0,2002-01-01T00:00:00Z,2004-01-01T00:00:00Z
http://www.wikidata.org/entity/Q16499882,http://www.wikidata.org/entity/Q32494,47.0,2014-01-01T00:00:00Z,2016-01-01T00:00:00Z
http://www.wikidata.org/entity/Q165014,http://www.wikidata.org/entity/Q32494,10.0,2012-01-01T00:00:00Z,2013-01-01T00:00:00Z
http://www.wikidata.org/entity/Q16528455,http://www.wikidata.org/entity/Q32494,112.0,2016-01-01T00:00:00Z,2021-01-01T00:00:00Z
http://www.wikidata.org/entity/Q166532,http://www.wikidata.org/entity/Q32494,36.0,2003-01-01T00:00:00Z,2011-01-01T00:00:00Z
http://www.wikidata.org/entity/Q167398,http://www.wikidata.org/entity/Q32494,131.0,2004-01-01T00:00:00Z,2009-01-01T00:00:00Z
http://www.wikidata.org/entity/Q167461,http://www.wikidata.org/entity/Q22707,20.0,2008-01-01T00:00:00Z,2011-01-01T00:00:00Z
http://www.wikidata.org/entity/Q1676099,http://www.wikidata.org/entity/Q32494,3.0,2005-01-01T00:00:00Z,2006-01-01T00:00:00Z
http://www.wikidata.org/entity/Q1682741,http://www.wikidata.org/entity/Q22707,0.0,2014-01-01T00:00:00Z,2015-01-01T00:00:00Z
http://www.wikidata.org/entity/Q1703028,http://www.wikidata.org/entity/Q22707,2.0,2007-01-01T00:00:00Z,2009-01-01T00:00:00Z
http://www.wikidata.org/entity/Q1712025,http://www.wikidata.org/entity/Q32494,54.0,2006-01-01T00:00:00Z,2008-01-01T00:00:00Z
http://www.wikidata.org/entity/Q1718978,http://www.wikidata.org/entity/Q32494,58.0,2007-01-01T00:00:00Z,2009-01-01T00:00:00Z
http://www.wikidata.org/entity/Q1731820,http://www.wikidata.org/entity/Q22707,26.0,2011-01-01T00:00:00Z,2012-01-01T00:00:00Z
http://www.wikidata.org/entity/Q174926,http://www.wikidata.org/entity/Q32494,153.0,2005-01-01T00:00:00Z,2010-01-01T00:00:00Z
http://www.wikidata.org/entity/Q175520,http://www.wikidata.org/entity/Q32494,52.0,2009-01-01T00:00:00Z,2011-01-01T00:00:00Z
http://www.wikidata.org/entity/Q1756556,http://www.wikidata.org/entity/Q22707,39.0,2011-01-01T00:00:00Z,2015-01-01T00:00:00Z
http://www.wikidata.org/entity/Q1756569,http://www.wikidata.org/entity/Q22707,4.0,2012-01-01T00:00:00Z,2014-01-01T00:00:00Z
http://www.wikidata.org/entity/Q1756602,http://www.wikidata.org/entity/Q22707,12.0,2013-07-01T00:00:00Z,2015-07-01T00:00:00Z
http://www.wikidata.org/entity/Q1756830,http://www.wikidata.org/entity/Q22707,2.0,2012-01-01T00:00:00Z,2012-01-01T00:00:00Z
http://www.wikidata.org/entity/Q1772472,http://www.wikidata.org/entity/Q22707,6.0,2002-01-01T00:00:00Z,2004-01-01T00:00:00Z
http://www.wikidata.org/entity/Q177885,http://www.wikidata.org/entity/Q22707,9.0,2013-01-01T00:00:00Z,2013-01-01T00:00:00Z
http://www.wikidata.org/entity/Q1789277,http://www.wikidata.org/entity/Q32494,10.0,2001-01-01T00:00:00Z,2004-01-01T00:00:00Z
http://www.wikidata.org/entity/Q1789289,http://www.wikidata.org/entity/Q22707,22.0,2013-01-01T00:00:00Z,2014-01-01T00:00:00Z
http://www.wikidata.org/entity/Q18015191,http://www.wikidata.org/entity/Q32494,31.0,2019-07-01T00:00:00Z,2020-06-01T00:00:00Z
http://www.wikidata.org/entity/Q18031864,http://www.wikidata.org/entity/Q32494,7.0,2014-01-01T00:00:00Z,2016-01-01T00:00:00Z
http://www.wikidata.org/entity/Q60360,http://www.wikidata.org/entity/Q33748,60.0,2016-01-01T00:00:00Z,2018-01-01T00:00:00Z
http://www.wikidata.org/entity/Q60360,http://www.wikidata.org/entity/Q51976,20.0,2018-01-01T00:00:00Z,2020-01-01T00:00:00Z
http://www.wikidata.org/entity/Q60360,http://www.wikidata.org/entity/Q51974,23.0,2019-01-01T00:00:00Z,2020-01-01T00:00:00Z
http://www.wikidata.org/entity/Q690129,http://www.wikidata.org/entity/Q38245,29.0,2009-01-01T00:00:00Z,2010-01-01T00:00:00Z
http://www.wikidata.org/entity/Q691261,http://www.wikidata.org/entity/Q38245,34.0,2007-01-01T00:00:00Z,2011-01-01T00:00:00Z
http://www.wikidata.org/entity/Q691285,http://www.wikidata.org/entity/Q41420,2.0,2009-01-01T00:00:00Z,2013-01-01T00:00:00Z
http://www.wikidata.org/entity/Q691911,http://www.wikidata.org/entity/Q41420,19.0,2010-01-01T00:00:00Z,2015-01-01T00:00:00Z
http://www.wikidata.org/entity/Q692652,http://www.wikidata.org/entity/Q38245,17.0,1998-01-01T00:00:00Z,1999-01-01T00:00:00Z
http://www.wikidata.org/entity/Q694852,http://www.wikidata.org/entity/Q51976,24.0,2021-01-01T00:00:00Z,2022-01-01T00:00:00Z
http://www.wikidata.org/entity/Q694948,http://www.wikidata.org/entity/Q33748,111.0,2006-01-01T00:00:00Z,2010-01-01T00:00:00Z
http://www.wikidata.org/entity/Q6962287,http://www.wikidata.org/entity/Q41420,2.0,2001-01-01T00:00:00Z,2002-01-01T00:00:00Z
http://www.wikidata.org/entity/Q697779,http://www.wikidata.org/entity/Q51974,58.0,2000-01-01T00:00:00Z,2003-01-01T00:00:00Z
http://www.wikidata.org/entity/Q69806,http://www.wikidata.org/entity/Q38245,62.0,2000-01-01T00:00:00Z,2002-01-01T00:00:00Z
http://www.wikidata.org/entity/Q698810,http://www.wikidata.org/entity/Q33748,0.0,1999-01-01T00:00:00Z,2003-01-01T00:00:00Z
http://www.wikidata.org/entity/Q699094,http://www.wikidata.org/entity/Q51974,55.0,2015-01-01T00:00:00Z,2017-01-01T00:00:00Z
http://www.wikidata.org/entity/Q699718,http://www.wikidata.org/entity/Q38245,2.0,2012-01-01T00:00:00Z,2013-01-01T00:00:00Z
http://www.wikidata.org/entity/Q699718,http://www.wikidata.org/entity/Q41420,34.0,2006-01-01T00:00:00Z,2008-01-01T00:00:00Z
http://www.wikidata.org/entity/Q700992,http://www.wikidata.org/entity/Q33748,48.0,2002-01-01T00:00:00Z,2005-01-01T00:00:00Z
http://www.wikidata.org/entity/Q700992,http://www.wikidata.org/entity/Q38245,0.0,2001-01-01T00:00:00Z,2002-01-01T00:00:00Z
http://www.wikidata.org/entity/Q701073,http://www.wikidata.org/entity/Q38245,69.0,2004-01-01T00:00:00Z,2008-01-01T00:00:00Z
http://www.wikidata.org/entity/Q701244,http://www.wikidata.org/entity/Q41420,57.0,1996-01-01T00:00:00Z,2000-01-01T00:00:00Z
http://www.wikidata.org/entity/Q701566,http://www.wikidata.org/entity/Q33748,10.0,2004-01-01T00:00:00Z,2006-01-01T00:00:00Z
http://www.wikidata.org/entity/Q702085,http://www.wikidata.org/entity/Q41420,4.0,2009-01-01T00:00:00Z,2012-01-01T00:00:00Z
http://www.wikidata.org/entity/Q704296,http://www.wikidata.org/entity/Q38245,53.0,2001-01-01T00:00:00Z,2003-01-01T00:00:00Z
http://www.wikidata.org/entity/Q704296,http://www.wikidata.org/entity/Q51974,10.0,2009-01-01T00:00:00Z,2009-01-01T00:00:00Z
http://www.wikidata.org/entity/Q704296,http://www.wikidata.org/entity/Q38245,40.0,2006-01-01T00:00:00Z,2007-01-01T00:00:00Z
http://www.wikidata.org/entity/Q704317,http://www.wikidata.org/entity/Q51974,131.0,2003-01-01T00:00:00Z,2010-01-01T00:00:00Z
http://www.wikidata.org/entity/Q704317,http://www.wikidata.org/entity/Q33748,58.0,1997-01-01T00:00:00Z,2000-01-01T00:00:00Z
http://www.wikidata.org/entity/Q704630,http://www.wikidata.org/entity/Q38245,93.0,2003-01-01T00:00:00Z,2010-01-01T00:00:00Z
http://www.wikidata.org/entity/Q704919,http://www.wikidata.org/entity/Q38245,50.0,2009-01-01T00:00:00Z,2011-01-01T00:00:00Z
http://www.wikidata.org/entity/Q70550,http://www.wikidata.org/entity/Q33748,16.0,2003-01-01T00:00:00Z,2006-01-01T00:00:00Z
http://www.wikidata.org/entity/Q70550,http://www.wikidata.org/entity/Q51976,146.0,2006-01-01T00:00:00Z,2011-01-01T00:00:00Z
http://www.wikidata.org/entity/Q706382,http://www.wikidata.org/entity/Q38245,95.0,1999-01-01T00:00:00Z,2002-01-01T00:00:00Z
http://www.wikidata.org/entity/Q706390,http://www.wikidata.org/entity/Q33748,20.0,2004-01-01T00:00:00Z,2005-01-01T00:00:00Z
http://www.wikidata.org/entity/Q706757,http://www.wikidata.org/entity/Q41420,8.0,1997-01-01T00:00:00Z,1999-01-01T00:00:00Z
http://www.wikidata.org/entity/Q707217,http://www.wikidata.org/entity/Q33748,51.0,2001-01-01T00:00:00Z,2003-01-01T00:00:00Z
http://www.wikidata.org/entity/Q707217,http://www.wikidata.org/entity/Q33748,13.0,2004-01-01T00:00:00Z,2005-01-01T00:00:00Z
http://www.wikidata.org/entity/Q707302,http://www.wikidata.org/entity/Q38245,27.0,2006-01-01T00:00:00Z,2010-01-01T00:00:00Z
http://www.wikidata.org/entity/Q707380,http://www.wikidata.org/entity/Q51976,1.0,2005-01-01T00:00:00Z,2007-01-01T00:00:00Z
http://www.wikidata.org/entity/Q708042,http://www.wikidata.org/entity/Q38245,163.0,2004-01-01T00:00:00Z,2011-01-01T00:00:00Z
http://www.wikidata.org/entity/Q709585,http://www.wikidata.org/entity/Q38245,52.0,1998-01-01T00:00:00Z,2001-01-01T00:00:00Z
http://www.wikidata.org/entity/Q709608,http://www.wikidata.org/entity/Q38245,94.0,1998-01-01T00:00:00Z,2002-01-01T00:00:00Z
http://www.wikidata.org/entity/Q709914,http://www.wikidata.org/entity/Q33748,66.0,2005-01-01T00:00:00Z,2009-01-01T00:00:00Z
http://www.wikidata.org/entity/Q713627,http://www.wikidata.org/entity/Q38245,101.0,2015-01-01T00:00:00Z,2018-01-01T00:00:00Z
http://www.wikidata.org/entity/Q713883,http://www.wikidata.org/entity/Q38245,0.0,2012-01-01T00:00:00Z,2012-01-01T00:00:00Z
http://www.wikidata.org/entity/Q714116,http://www.wikidata.org/entity/Q41420,87.0,2019-07-01T00:00:00Z,2023-01-01T00:00:00Z
http://www.wikidata.org/entity/Q714689,http://www.wikidata.org/entity/Q41420,9.0,1997-01-01T00:00:00Z,1999-01-01T00:00:00Z
http://www.wikidata.org/entity/Q717131,http://www.wikidata.org/entity/Q38245,92.0,2001-01-01T00:00:00Z,2004-01-01T00:00:00Z
http://www.wikidata.org/entity/Q718443,http://www.wikidata.org/entity/Q38245,30.0,2013-01-01T00:00:00Z,2015-01-01T00:00:00Z
http://www.wikidata.org/entity/Q71859,http://www.wikidata.org/entity/Q51976,4.0,2013-01-01T00:00:00Z,2014-01-01T00:00:00Z
http://www.wikidata.org/entity/Q718997,http://www.wikidata.org/entity/Q38245,25.0,2000-01-01T00:00:00Z,2002-01-01T00:00:00Z
http://www.wikidata.org/entity/Q719435,http://www.wikidata.org/entity/Q38245,15.0,2012-01-01T00:00:00Z,2013-01-01T00:00:00Z
http://www.wikidata.org/entity/Q719648,http://www.wikidata.org/entity/Q51974,177.0,1998-01-01T00:00:00Z,2004-01-01T00:00:00Z
http://www.wikidata.org/entity/Q719758,http://www.wikidata.org/entity/Q51976,55.0,1996-01-01T00:00:00Z,1999-01-01T00:00:00Z
http://www.wikidata.org/entity/Q719780,http://www.wikidata.org/entity/Q38245,85.0,2008-01-01T00:00:00Z,2012-01-01T00:00:00Z
http://www.wikidata.org/entity/Q720606,http://www.wikidata.org/entity/Q41420,123.0,1999-01-01T00:00:00Z,2005-01-01T00:00:00Z
http://www.wikidata.org/entity/Q721628,http://www.wikidata.org/entity/Q51974,2.0,2008-01-01T00:00:00Z,2009-01-01T00:00:00Z
http://www.wikidata.org/entity/Q721804,http://www.wikidata.org/entity/Q33748,77.0,2013-01-01T00:00:00Z,2016-01-01T00:00:00Z
http://www.wikidata.org/entity/Q723936,http://www.wikidata.org/entity/Q51976,2.0,2007-01-01T00:00:00Z,2010-01-01T00:00:00Z
http://www.wikidata.org/entity/Q725957,http://www.wikidata.org/entity/Q33748,7.0,2006-01-01T00:00:00Z,2007-01-01T00:00:00Z
http://www.wikidata.org/entity/Q72735,http://www.wikidata.org/entity/Q38245,64.0,1999-01-01T00:00:00Z,2001-01-01T00:00:00Z
http://www.wikidata.org/entity/Q73135,http://www.wikidata.org/entity/Q33748,74.0,1996-01-01T00:00:00Z,1999-01-01T00:00:00Z
http://www.wikidata.org/entity/Q733494,http://www.wikidata.org/entity/Q33748,53.0,2014-01-01T00:00:00Z,2016-01-01T00:00:00Z
http://www.wikidata.org/entity/Q73398,http://www.wikidata.org/entity/Q38245,25.0,2005-01-01T00:00:00Z,2006-01-01T00:00:00Z
http://www.wikidata.org/entity/Q745506,http://www.wikidata.org/entity/Q41420,0.0,2011-01-01T00:00:00Z,2015-01-01T00:00:00Z
http://www.wikidata.org/entity/Q746062,http://www.wikidata.org/entity/Q38245,15.0,1999-01-01T00:00:00Z,2000-01-01T00:00:00Z
http://www.wikidata.org/entity/Q748143,http://www.wikidata.org/entity/Q41420,1.0,2001-01-01T00:00:00Z,2003-01-01T00:00:00Z
http://www.wikidata.org/entity/Q18637429,http://www.wikidata.org/entity/Q41420,61.0,2024-07-18T00:00:00Z,
http://www.wikidata.org/entity/Q207157,http://www.wikidata.org/entity/Q51976,109.0,2012-01-01T00:00:00Z,
http://www.wikidata.org/entity/Q18342471,http://www.wikidata.org/entity/Q41420,90.0,2018-01-01T00:00:00Z,2024-01-01T00:00:00Z
http://www.wikidata.org/entity/Q18572053,http://www.wikidata.org/entity/Q51974,11.0,2014-01-01T00:00:00Z,2015-01-01T00:00:00Z
http://www.wikidata.org/entity/Q18580305,http://www.wikidata.org/entity/Q51974,0.0,2011-01-01T00:00:00Z,2013-01-01T00:00:00Z
http://www.wikidata.org/entity/Q18580880,http://www.wikidata.org/entity/Q51976,159.0,2014-01-01T00:00:00Z,2021-01-01T00:00:00Z
http://www.wikidata.org/entity/Q18620307,http://www.wikidata.org/entity/Q38245,2.0,2014-01-01T00:00:00Z,2016-01-01T00:00:00Z
http://www.wikidata.org/entity/Q1898585,http://www.wikidata.org/entity/Q51974,15.0,2000-01-01T00:00:00Z,2002-01-01T00:00:00Z
http://www.wikidata.org/entity/Q1900813,http://www.wikidata.org/entity/Q51974,1.0,1996-01-01T00:00:00Z,1999-01-01T00:00:00Z
http://www.wikidata.org/entity/Q1901640,http://www.wikidata.org/entity/Q51976,55.0,1999-01-01T00:00:00Z,2001-01-01T00:00:00Z
http://www.wikidata.org/entity/Q1901644,http://www.wikidata.org/entity/Q38245,30.0,2003-01-01T00:00:00Z,2004-01-01T00:00:00Z
http://www.wikidata.org/entity/Q1901644,http://www.wikidata.org/entity/Q33748,85.0,1998-01-01T00:00:00Z,2000-01-01T00:00:00Z
http://www.wikidata.org/entity/Q1913594,http://www.wikidata.org/entity/Q33748,4.0,2008-01-01T00:00:00Z,2009-01-01T00:00:00Z
http://www.wikidata.org/entity/Q191848,http://www.wikidata.org/entity/Q51974,52.0,2004-01-01T00:00:00Z,2006-01-01T00:00:00Z
http://www.wikidata.org/entity/Q192565,http://www.wikidata.org/entity/Q33748,5.0,2015-01-31T00:00:00Z,2015-07-13T00:00:00Z
http://www.wikidata.org/entity/Q1928980,http://www.wikidata.org/entity/Q41420,0.0,2001-01-01T00:00:00Z,2003-01-01T00:00:00Z
http://www.wikidata.org/entity/Q192923,http://www.wikidata.org/entity/Q51976,29.0,2012-01-01T00:00:00Z,2013-01-01T00:00:00Z
http://www.wikidata.org/entity/Q192923,http://www.wikidata.org/entity/Q51976,30.0,2011-01-01T00:00:00Z,2012-01-01T00:00:00Z
http://www.wikidata.org/entity/Q192923,http://www.wikidata.org/entity/Q41420,130.0,2013-01-01T00:00:00Z,2018-06-30T00:00:00Z
http://www.wikidata.org/entity/Q193024,http://www.wikidata.org/entity/Q41420,74.0,2006-01-01T00:00:00Z,2009-01-01T00:00:00Z
http://www.wikidata.org/entity/Q193488,http://www.wikidata.org/entity/Q41420,25.0,2006-01-01T00:00:00Z,2008-01-01T00:00:00Z
http://www.wikidata.org/entity/Q1950930,http://www.wikidata.org/entity/Q38245,7.0,1999-01-01T00:00:00Z,1999-01-01T00:00:00Z
http://www.wikidata.org/entity/Q1950930,http://www.wikidata.org/entity/Q38245,7.0,1998-01-01T00:00:00Z,1999-01-01T00:00:00Z
http://www.wikidata.org/entity/Q1950930,http://www.wikidata.org/entity/Q33748,64.0,1999-01-01T00:00:00Z,2002-01-01T00:00:00Z
http://www.wikidata.org/entity/Q1953130,http://www.wikidata.org/entity/Q51974,3.0,2014-01-01T00:00:00Z,2014-01-01T00:00:00Z
http://www.wikidata.org/entity/Q195620,http://www.wikidata.org/entity/Q51976,75.0,2018-06-01T00:00:00Z,2021-08-01T00:00:00Z
http://www.wikidata.org/entity/Q195682,http://www.wikidata.org/entity/Q51974,40.0,2011-01-01T00:00:00Z,2013-01-01T00:00:00Z
http://www.wikidata.org/entity/Q197769,http://www.wikidata.org/entity/Q51974,20.0,2011-01-01T00:00:00Z,2014-01-01T00:00:00Z
http://www.wikidata.org/entity/Q1985918,http://www.wikidata.org/entity/Q33748,20.0,2000-01-01T00:00:00Z,2002-01-01T00:00:00Z
http://www.wikidata.org/entity/Q1985949,http://www.wikidata.org/entity/Q41420,1.0,2007-01-01T00:00:00Z,2007-01-01T00:00:00Z
http://www.wikidata.org/entity/Q1989856,http://www.wikidata.org/entity/Q51974,0.0,2000-01-01T00:00:00Z,2000-01-01T00:00:00Z
http://www.wikidata.org/entity/Q2001292,http://www.wikidata.org/entity/Q38245,70.0,2001-01-01T00:00:00Z,2003-01-01T00:00:00Z
http://www.wikidata.org/entity/Q2009446,http://www.wikidata.org/entity/Q41420,14.0,2001-01-01T00:00:00Z,2005-01-01T00:00:00Z
http://www.wikidata.org/entity/Q201381,http://www.wikidata.org/entity/Q51974,29.0,2006-01-01T00:00:00Z,2008-01-01T00:00:00Z
http://www.wikidata.org/entity/Q201503,http://www.wikidata.org/entity/Q41420,24.0,2001-01-01T00:00:00Z,2003-01-01T00:00:00Z
http://www.wikidata.org/entity/Q201826,http://www.wikidata.org/entity/Q38245,29.0,2002-01-01T00:00:00Z,2007-01-01T00:00:00Z
http://www.wikidata.org/entity/Q201885,http://www.wikidata.org/entity/Q38245,48.0,2010-07-01T00:00:00Z,2012-01-09T00:00:00Z
http://www.wikidata.org/entity/Q201896,http://www.wikidata.org/entity/Q51974,52.0,2009-01-01T00:00:00Z,2011-01-01T00:00:00Z
http://www.wikidata.org/entity/Q201896,http://www.wikidata.org/entity/Q51976,66.0,2012-01-01T00:00:00Z,2015-01-01T00:00:00Z
http://www.wikidata.org/entity/Q2020614,http://www.wikidata.org/entity/Q51974,6.0,1998-01-01T00:00:00Z,1999-01-01T00:00:00Z
http://www.wikidata.org/entity/Q202099,http://www.wikidata.org/entity/Q33748,4.0,2003-01-01T00:00:00Z,2003-01-01T00:00:00Z
http://www.wikidata.org/entity/Q202099,http://www.wikidata.org/entity/Q33748,4.0,2003-01-01T00:00:00Z,2005-01-01T00:00:00Z
http://www.wikidata.org/entity/Q2024171,http://www.wikidata.org/entity/Q51976,45.0,2012-01-01T00:00:00Z,2014-01-01T00:00:00Z
http://www.wikidata.org/entity/Q2036160,http://www.wikidata.org/entity/Q41420,56.0,2020-07-01T00:00:00Z,2024-02-07T00:00:00Z
http://www.wikidata.org/entity/Q204054,http://www.wikidata.org/entity/Q51976,1.0,2005-01-01T00:00:00Z,2006-01-01T00:00:00Z
http://www.wikidata.org/entity/Q204054,http://www.wikidata.org/entity/Q51976,10.0,2006-01-01T00:00:00Z,2013-01-01T00:00:00Z
http://www.wikidata.org/entity/Q205415,http://www.wikidata.org/entity/Q51974,0.0,1997-01-01T00:00:00Z,2000-01-01T00:00:00Z
http://www.wikidata.org/entity/Q2055334,http://www.wikidata.org/entity/Q51976,0.0,2009-01-01T00:00:00Z,2011-01-01T00:00:00Z
http://www.wikidata.org/entity/Q2057562,http://www.wikidata.org/entity/Q38245,13.0,1999-01-01T00:00:00Z,2000-01-01T00:00:00Z
http://www.wikidata.org/entity/Q2057852,http://www.wikidata.org/entity/Q41420,2.0,2007-01-01T00:00:00Z,2008-01-01T00:00:00Z
http://www.wikidata.org/entity/Q20631265,http://www.wikidata.org/entity/Q51974,0.0,2011-01-01T00:00:00Z,2013-01-01T00:00:00Z
http://www.wikidata.org/entity/Q207112,http://www.wikidata.org/entity/Q41420,0.0,2012-01-01T00:00:00Z,2015-01-01T00:00:00Z
http://www.wikidata.org/entity/Q207120,http://www.wikidata.org/entity/Q38245,17.0,2008-01-01T00:00:00Z,2011-01-01T00:00:00Z
http://www.wikidata.org/entity/Q20744140,http://www.wikidata.org/entity/Q51976,87.0,2018-01-01T00:00:00Z,2021-01-01T00:00:00Z
http://www.wikidata.org/entity/Q20744379,http://www.wikidata.org/entity/Q33748,4.0,2013-01-01T00:00:00Z,2014-01-01T00:00:00Z
http://www.wikidata.org/entity/Q2074501,http://www.wikidata.org/entity/Q38245,1.0,2000-01-01T00:00:00Z,2001-01-01T00:00:00Z
http://www.wikidata.org/entity/Q20752635,http://www.wikidata.org/entity/Q51976,48.0,2015-01-01T00:00:00Z,2017-01-01T00:00:00Z
http://www.wikidata.org/entity/Q20851003,http://www.wikidata.org/entity/Q41420,32.0,2016-01-01T00:00:00Z,2017-01-01T00:00:00Z
http://www.wikidata.org/entity/Q57142,http://www.wikidata.org/entity/Q32494,39.0,2011-01-01T00:00:00Z,2014-01-01T00:00:00Z
http://www.wikidata.org/entity/Q57142,http://www.wikidata.org/entity/Q22707,38.0,2008-01-01T00:00:00Z,2010-01-01T00:00:00Z
http://www.wikidata.org/entity/Q57567,http://www.wikidata.org/entity/Q32494,194.0,2009-01-01T00:00:00Z,2016-01-01T00:00:00Z
http://www.wikidata.org/entity/Q80314837,http://www.wikidata.org/entity/Q41420,38.0,2024-01-01T00:00:00Z,
http://www.wikidata.org/entity/Q80314837,http://www.wikidata.org/entity/Q33748,63.0,2021-01-01T00:00:00Z,2023-01-01T00:00:00Z
http://www.wikidata.org/entity/Q830858,http://www.wikidata.org/entity/Q33748,42.0,2004-01-01T00:00:00Z,2006-01-01T00:00:00Z
http://www.wikidata.org/entity/Q831115,http://www.wikidata.org/entity/Q33748,21.0,2013-01-01T00:00:00Z,2014-01-01T00:00:00Z
http://www.wikidata.org/entity/Q832125,http://www.wikidata.org/entity/Q51974,1.0,2003-01-01T00:00:00Z,2003-01-01T00:00:00Z
http://www.wikidata.org/entity/Q832151,http://www.wikidata.org/entity/Q51976,7.0,1998-01-01T00:00:00Z,1999-01-01T00:00:00Z
http://www.wikidata.org/entity/Q832166,http://www.wikidata.org/entity/Q33748,75.0,2006-01-01T00:00:00Z,2009-01-01T00:00:00Z
http://www.wikidata.org/entity/Q834628,http://www.wikidata.org/entity/Q51974,0.0,2004-01-01T00:00:00Z,2005-01-01T00:00:00Z
http://www.wikidata.org/entity/Q83488,http://www.wikidata.org/entity/Q51976,71.0,2008-01-01T00:00:00Z,2010-01-01T00:00:00Z
http://www.wikidata.org/entity/Q84359,http://www.wikidata.org/entity/Q51974,9.0,2006-01-01T00:00:00Z,2007-01-01T00:00:00Z
http://www.wikidata.org/entity/Q870284,http://www.wikidata.org/entity/Q38245,64.0,1997-01-01T00:00:00Z,2000-01-01T00:00:00Z
http://www.wikidata.org/entity/Q873503,http://www.wikidata.org/entity/Q38245,52.0,2000-01-01T00:00:00Z,2002-01-01T00:00:00Z
http://www.wikidata.org/entity/Q873997,http://www.wikidata.org/entity/Q51974,0.0,2007-01-01T00:00:00Z,2009-01-01T00:00:00Z
http://www.wikidata.org/entity/Q875054,http://www.wikidata.org/entity/Q51974,3.0,2005-01-01T00:00:00Z,2007-01-01T00:00:00Z
http://www.wikidata.org/entity/Q875228,http://www.wikidata.org/entity/Q41420,31.0,2000-01-01T00:00:00Z,2002-01-01T00:00:00Z
http://www.wikidata.org/entity/Q875868,http://www.wikidata.org/entity/Q51974,5.0,2005-01-01T00:00:00Z,2006-01-01T00:00:00Z
http://www.wikidata.org/entity/Q876868,http://www.wikidata.org/entity/Q33748,15.0,1997-01-01T00:00:00Z,1999-01-01T00:00:00Z
http://www.wikidata.org/entity/Q877176,http://www.wikidata.org/entity/Q38245,10.0,2004-01-01T00:00:00Z,2005-01-01T00:00:00Z
http://www.wikidata.org/entity/Q877289,http://www.wikidata.org/entity/Q51974,11.0,2000-01-01T00:00:00Z,2001-01-01T00:00:00Z
http://www.wikidata.org/entity/Q877597,http://www.wikidata.org/entity/Q51974,7.0,2002-01-01T00:00:00Z,2003-01-01T00:00:00Z
http://www.wikidata.org/entity/Q877621,http://www.wikidata.org/entity/Q41420,0.0,2008-01-01T00:00:00Z,2009-01-01T00:00:00Z
http://www.wikidata.org/entity/Q877918,http://www.wikidata.org/entity/Q38245,16.0,2002-01-01T00:00:00Z,2003-01-01T00:00:00Z
http://www.wikidata.org/entity/Q878731,http://www.wikidata.org/entity/Q51976,0.0,2005-01-01T00:00:00Z,2007-01-01T00:00:00Z
http://www.wikidata.org/entity/Q879042,http://www.wikidata.org/entity/Q33748,180.0,1999-01-01T00:00:00Z,2006-01-01T00:00:00Z
http://www.wikidata.org/entity/Q879042,http://www.wikidata.org/entity/Q33748,19.0,2007-01-01T00:00:00Z,2008-01-01T00:00:00Z
http://www.wikidata.org/entity/Q879238,http://www.wikidata.org/entity/Q51976,33.0,2002-01-01T00:00:00Z,2004-01-01T00:00:00Z
http://www.wikidata.org/entity/Q879726,http://www.wikidata.org/entity/Q51976,16.0,1996-01-01T00:00:00Z,2001-01-01T00:00:00Z
http://www.wikidata.org/entity/Q879728,http://www.wikidata.org/entity/Q51974,46.0,2003-01-01T00:00:00Z,2005-01-01T00:00:00Z
http://www.wikidata.org/entity/Q879831,http://www.wikidata.org/entity/Q38245,16.0,2004-01-01T00:00:00Z,2006-01-01T00:00:00Z
http://www.wikidata.org/entity/Q881209,http://www.wikidata.org/entity/Q51974,40.0,2003-01-01T00:00:00Z,2005-01-01T00:00:00Z
http://www.wikidata.org/entity/Q881209,http://www.wikidata.org/entity/Q51976,62.0,2001-01-01T00:00:00Z,2003-01-01T00:00:00Z
http://www.wikidata.org/entity/Q881244,http://www.wikidata.org/entity/Q33748,214.0,1995-01-01T00:00:00Z,2003-01-01T00:00:00Z
http://www.wikidata.org/entity/Q882436,http://www.wikidata.org/entity/Q33748,0.0,2010-01-01T00:00:00Z,2010-01-01T00:00:00Z
http://www.wikidata.org/entity/Q884339,http://www.wikidata.org/entity/Q51974,26.0,1997-01-01T00:00:00Z,1999-01-01T00:00:00Z
http://www.wikidata.org/entity/Q19051,http://www.wikidata.org/entity/Q33748,57.0,2012-01-01T00:00:00Z,2014-01-01T00:00:00Z
http://www.wikidata.org/entity/Q51217743,http://www.wikidata.org/entity/Q41420,2.0,2021-01-01T00:00:00Z,2022-01-01T00:00:00Z
http://www.wikidata.org/entity/Q549542,http://www.wikidata.org/entity/Q38245,37.0,2005-01-01T00:00:00Z,2007-01-01T00:00:00Z
http://www.wikidata.org/entity/Q549559,http://www.wikidata.org/entity/Q41420,43.0,2003-01-01T00:00:00Z,2005-01-01T00:00:00Z
http://www.wikidata.org/entity/Q549566,http://www.wikidata.org/entity/Q38245,29.0,2004-01-01T00:00:00Z,2005-01-01T00:00:00Z
http://www.wikidata.org/entity/Q551265,http://www.wikidata.org/entity/Q51976,5.0,2007-01-01T00:00:00Z,2011-01-01T00:00:00Z
http://www.wikidata.org/entity/Q551659,http://www.wikidata.org/entity/Q51976,1.0,2009-01-01T00:00:00Z,2010-01-01T00:00:00Z
http://www.wikidata.org/entity/Q552097,http://www.wikidata.org/entity/Q51974,8.0,2014-01-01T00:00:00Z,2014-01-01T00:00:00Z
http://www.wikidata.org/entity/Q552721,http://www.wikidata.org/entity/Q38245,98.0,2005-01-01T00:00:00Z,2011-01-01T00:00:00Z
http://www.wikidata.org/entity/Q552995,http://www.wikidata.org/entity/Q33748,23.0,2003-01-01T00:00:00Z,2004-01-01T00:00:00Z
http://www.wikidata.org/entity/Q553045,http://www.wikidata.org/entity/Q51976,0.0,2003-01-01T00:00:00Z,2005-01-01T00:00:00Z
http://www.wikidata.org/entity/Q555287,http://www.wikidata.org/entity/Q33748,46.0,2008-01-01T00:00:00Z,2013-01-01T00:00:00Z
http://www.wikidata.org/entity/Q555296,http://www.wikidata.org/entity/Q51974,0.0,2007-01-01T00:00:00Z,2009-01-01T00:00:00Z
http://www.wikidata.org/entity/Q556057,http://www.wikidata.org/entity/Q41420,1.0,2012-01-01T00:00:00Z,2014-01-01T00:00:00Z
http://www.wikidata.org/entity/Q558820,http://www.wikidata.org/entity/Q51974,114.0,2015-01-01T00:00:00Z,2019-08-01T00:00:00Z
http://www.wikidata.org/entity/Q558887,http://www.wikidata.org/entity/Q33748,92.0,2012-01-01T00:00:00Z,2016-01-01T00:00:00Z
http://www.wikidata.org/entity/Q560103,http://www.wikidata.org/entity/Q38245,2.0,2009-01-01T00:00:00Z,2012-01-01T00:00:00Z
http://www.wikidata.org/entity/Q560796,http://www.wikidata.org/entity/Q33748,32.0,2000-01-01T00:00:00Z,2002-01-01T00:00:00Z
http://www.wikidata.org/entity/Q560813,http://www.wikidata.org/entity/Q51974,0.0,2006-01-01T00:00:00Z,2009-01-01T00:00:00Z
http://www.wikidata.org/entity/Q5615589,http://www.wikidata.org/entity/Q33748,11.0,2001-01-01T00:00:00Z,2003-01-01T00:00:00Z
http://www.wikidata.org/entity/Q561897,http://www.wikidata.org/entity/Q51976,0.0,2008-01-01T00:00:00Z,2008-01-01T00:00:00Z
http://www.wikidata.org/entity/Q561980,http://www.wikidata.org/entity/Q41420,11.0,1996-01-01T00:00:00Z,1999-01-01T00:00:00Z
http://www.wikidata.org/entity/Q561980,http://www.wikidata.org/entity/Q51974,0.0,2001-01-01T00:00:00Z,2002-01-01T00:00:00Z
http://www.wikidata.org/entity/Q562157,http://www.wikidata.org/entity/Q38245,7.0,1999-01-01T00:00:00Z,2001-01-01T00:00:00Z
http://www.wikidata.org/entity/Q562347,http://www.wikidata.org/entity/Q51976,3.0,2004-01-01T00:00:00Z,2005-01-01T00:00:00Z
http://www.wikidata.org/entity/Q563242,http://www.wikidata.org/entity/Q41420,13.0,1998-01-01T00:00:00Z,1999-01-01T00:00:00Z
http://www.wikidata.org/entity/Q563242,http://www.wikidata.org/entity/Q38245,8.0,2002-01-01T00:00:00Z,2003-01-01T00:00:00Z
http://www.wikidata.org/entity/Q566391,http://www.wikidata.org/entity/Q38245,33.0,2004-01-01T00:00:00Z,2007-01-01T00:00:00Z
http://www.wikidata.org/entity/Q566853,http://www.wikidata.org/entity/Q33748,0.0,2010-01-01T00:00:00Z,2015-01-01T00:00:00Z
http://www.wikidata.org/entity/Q567324,http://www.wikidata.org/entity/Q38245,31.0,2003-01-01T00:00:00Z,2005-01-01T00:00:00Z
http://www.wikidata.org/entity/Q567434,http://www.wikidata.org/entity/Q41420,91.0,1999-01-01T00:00:00Z,2002-01-01T00:00:00Z
http://www.wikidata.org/entity/Q567486,http://www.wikidata.org/entity/Q38245,9.0,2005-01-01T00:00:00Z,2008-01-01T00:00:00Z
http://www.wikidata.org/entity/Q567644,http://www.wikidata.org/entity/Q51974,46.0,2002-01-01T00:00:00Z,2005-01-01T00:00:00Z
http://www.wikidata.org/entity/Q5681225,http://www.wikidata.org/entity/Q33748,1.0,2003-01-01T00:00:00Z,2004-01-01T00:00:00Z
http://www.wikidata.org/entity/Q568265,http://www.wikidata.org/entity/Q51974,63.0,2001-01-01T00:00:00Z,2004-01-01T00:00:00Z
http://www.wikidata.org/entity/Q569704,http://www.wikidata.org/entity/Q38245,46.0,1997-01-01T00:00:00Z,1999-01-01T00:00:00Z
http://www.wikidata.org/entity/Q571410,http://www.wikidata.org/entity/Q33748,23.0,2008-01-01T00:00:00Z,2009-01-01T00:00:00Z
http://www.wikidata.org/entity/Q571410,http://www.wikidata.org/entity/Q33748,60.0,2004-01-01T00:00:00Z,2008-01-01T00:00:00Z
http://www.wikidata.org/entity/Q571687,http://www.wikidata.org/entity/Q51974,44.0,2009-01-01T00:00:00Z,2015-01-01T00:00:00Z
http://www.wikidata.org/entity/Q573316,http://www.wikidata.org/entity/Q51976,1.0,2009-01-01T00:00:00Z,2011-01-01T00:00:00Z
http://www.wikidata.org/entity/Q573318,http://www.wikidata.org/entity/Q33748,15.0,2009-01-01T00:00:00Z,2011-01-01T00:00:00Z
http://www.wikidata.org/entity/Q573330,http://www.wikidata.org/entity/Q41420,1.0,2008-01-01T00:00:00Z,2009-01-01T00:00:00Z
http://www.wikidata.org/entity/Q573330,http://www.wikidata.org/entity/Q41420,1.0,2010-01-01T00:00:00Z,2011-01-01T00:00:00Z
http://www.wikidata.org/entity/Q573335,http://www.wikidata.org/entity/Q33748,9.0,1997-01-01T00:00:00Z,2001-01-01T00:00:00Z
http://www.wikidata.org/entity/Q573349,http://www.wikidata.org/entity/Q51974,2.0,2004-01-01T00:00:00Z,2011-01-01T00:00:00Z
http://www.wikidata.org/entity/Q573640,http://www.wikidata.org/entity/Q41420,19.0,2022-01-01T00:00:00Z,2023-01-01T00:00:00Z
http://www.wikidata.org/entity/Q574009,http://www.wikidata.org/entity/Q51974,20.0,2013-01-01T00:00:00Z,2014-01-01T00:00:00Z
http://www.wikidata.org/entity/Q589006,http://www.wikidata.org/entity/Q38245,5.0,2004-01-01T00:00:00Z,2010-01-01T00:00:00Z
http://www.wikidata.org/entity/Q591508,http://www.wikidata.org/entity/Q38245,29.0,2003-01-01T00:00:00Z,2004-01-01T00:00:00Z
http://www.wikidata.org/entity/Q591508,http://www.wikidata.org/entity/Q38245,47.0,2005-01-01T00:00:00Z,2010-01-01T00:00:00Z
http://www.wikidata.org/entity/Q591508,http://www.wikidata.org/entity/Q38245,52.0,2000-01-01T00:00:00Z,2002-01-01T00:00:00Z
http://www.wikidata.org/entity/Q600987,http://www.wikidata.org/entity/Q51974,68.0,2003-01-01T00:00:00Z,2006-01-01T00:00:00Z
http://www.wikidata.org/entity/Q603190,http://www.wikidata.org/entity/Q41420,80.0,1994-01-01T00:00:00Z,1999-01-01T00:00:00Z
http://www.wikidata.org/entity/Q603190,http://www.wikidata.org/entity/Q51976,12.0,1999-01-01T00:00:00Z,2000-01-01T00:00:00Z
http://www.wikidata.org/entity/Q6108712,http://www.wikidata.org/entity/Q51976,2.0,2013-01-01T00:00:00Z,2015-01-01T00:00:00Z
http://www.wikidata.org/entity/Q612077,http://www.wikidata.org/entity/Q38245,0.0,1997-01-01T00:00:00Z,1999-01-01T00:00:00Z
http://www.wikidata.org/entity/Q612077,http://www.wikidata.org/entity/Q41420,27.0,2010-01-01T00:00:00Z,2012-01-01T00:00:00Z
http://www.wikidata.org/entity/Q612930,http://www.wikidata.org/entity/Q33748,6.0,2005-01-01T00:00:00Z,2005-01-01T00:00:00Z
http://www.wikidata.org/entity/Q561897,http://www.wikidata.org/entity/Q51974,117.0,2010-01-01T00:00:00Z,
http://www.wikidata.org/entity/Q5957357,http://www.wikidata.org/entity/Q41420,0.0,2017-01-01T00:00:00Z,
http://www.wikidata.org/entity/Q60842159,http://www.wikidata.org/entity/Q38245,0.0,2019-01-01T00:00:00Z,
http://www.wikidata.org/entity/Q62015814,http://www.wikidata.org/entity/Q41420,112.0,2022-01-01T00:00:00Z,
http://www.wikidata.org/entity/Q2660937,http://www.wikidata.org/entity/Q51976,48.0,2013-01-01T00:00:00Z,
http://www.wikidata.org/entity/Q27077869,http://www.wikidata.org/entity/Q38245,40.0,2024-01-01T00:00:00Z,
http://www.wikidata.org/entity/Q23759917,http://www.wikidata.org/entity/Q41420,5.0,2017-01-01T00:00:00Z,2019-01-01T00:00:00Z
http://www.wikidata.org/entity/Q24084301,http://www.wikidata.org/entity/Q41420,94.0,2021-07-27T00:00:00Z,2025-01-01T00:00:00Z
http://www.wikidata.org/entity/Q241932,http://www.wikidata.org/entity/Q33748,218.0,2002-01-01T00:00:00Z,2010-01-01T00:00:00Z
http://www.wikidata.org/entity/Q2423710,http://www.wikidata.org/entity/Q38245,41.0,1997-01-01T00:00:00Z,1999-01-01T00:00:00Z
http://www.wikidata.org/entity/Q2426722,http://www.wikidata.org/entity/Q38245,46.0,1999-01-01T00:00:00Z,2001-01-01T00:00:00Z
http://www.wikidata.org/entity/Q2427151,http://www.wikidata.org/entity/Q33748,8.0,2003-01-01T00:00:00Z,2005-01-01T00:00:00Z
http://www.wikidata.org/entity/Q2429191,http://www.wikidata.org/entity/Q33748,21.0,2001-01-01T00:00:00Z,2003-01-01T00:00:00Z
http://www.wikidata.org/entity/Q2434905,http://www.wikidata.org/entity/Q33748,2.0,2004-01-01T00:00:00Z,2007-01-01T00:00:00Z
http://www.wikidata.org/entity/Q2438081,http://www.wikidata.org/entity/Q33748,0.0,2006-01-01T00:00:00Z,2007-01-01T00:00:00Z
http://www.wikidata.org/entity/Q245295,http://www.wikidata.org/entity/Q41420,81.0,2005-01-01T00:00:00Z,2007-01-01T00:00:00Z
http://www.wikidata.org/entity/Q247242,http://www.wikidata.org/entity/Q51976,390.0,1985-01-01T00:00:00Z,2002-01-01T00:00:00Z
http://www.wikidata.org/entity/Q247693,http://www.wikidata.org/entity/Q51974,4.0,2012-01-01T00:00:00Z,2013-01-01T00:00:00Z
http://www.wikidata.org/entity/Q249198,http://www.wikidata.org/entity/Q38245,129.0,2018-01-01T00:00:00Z,2022-01-01T00:00:00Z
http://www.wikidata.org/entity/Q249198,http://www.wikidata.org/entity/Q51974,61.0,2016-01-01T00:00:00Z,2018-01-01T00:00:00Z
http://www.wikidata.org/entity/Q249669,http://www.wikidata.org/entity/Q33748,14.0,2009-01-01T00:00:00Z,2010-01-01T00:00:00Z
http://www.wikidata.org/entity/Q2504049,http://www.wikidata.org/entity/Q38245,386.0,1988-01-01T00:00:00Z,2004-01-01T00:00:00Z
http://www.wikidata.org/entity/Q2528968,http://www.wikidata.org/entity/Q38245,2.0,2004-01-01T00:00:00Z,2004-01-01T00:00:00Z
http://www.wikidata.org/entity/Q253163,http://www.wikidata.org/entity/Q51974,37.0,2015-01-01T00:00:00Z,2017-01-01T00:00:00Z
http://www.wikidata.org/entity/Q257251,http://www.wikidata.org/entity/Q51976,12.0,2014-01-01T00:00:00Z,2015-01-01T00:00:00Z
http://www.wikidata.org/entity/Q2597433,http://www.wikidata.org/entity/Q51976,37.0,2012-01-01T00:00:00Z,2012-01-01T00:00:00Z
http://www.wikidata.org/entity/Q2600317,http://www.wikidata.org/entity/Q38245,1.0,2001-01-01T00:00:00Z,2002-01-01T00:00:00Z
http://www.wikidata.org/entity/Q2619059,http://www.wikidata.org/entity/Q33748,64.0,2010-01-01T00:00:00Z,2014-01-01T00:00:00Z
http://www.wikidata.org/entity/Q263053,http://www.wikidata.org/entity/Q38245,2.0,2011-01-01T00:00:00Z,2012-01-01T00:00:00Z
http://www.wikidata.org/entity/Q2642761,http://www.wikidata.org/entity/Q51976,0.0,1999-01-01T00:00:00Z,2001-01-01T00:00:00Z
http://www.wikidata.org/entity/Q264594,http://www.wikidata.org/entity/Q51976,37.0,2010-01-01T00:00:00Z,2012-01-01T00:00:00Z
http://www.wikidata.org/entity/Q2651617,http://www.wikidata.org/entity/Q33748,7.0,1999-01-01T00:00:00Z,2000-01-01T00:00:00Z
http://www.wikidata.org/entity/Q266796,http://www.wikidata.org/entity/Q51974,26.0,2011-08-01T00:00:00Z,2014-09-01T00:00:00Z
http://www.wikidata.org/entity/Q26932598,http://www.wikidata.org/entity/Q41420,54.0,2018-01-01T00:00:00Z,2020-01-01T00:00:00Z
http://www.wikidata.org/entity/Q27077869,http://www.wikidata.org/entity/Q38245,31.0,2023-01-01T00:00:00Z,2024-01-01T00:00:00Z
http://www.wikidata.org/entity/Q271882,http://www.wikidata.org/entity/Q41420,26.0,2007-01-01T00:00:00Z,2008-01-01T00:00:00Z
http://www.wikidata.org/entity/Q27468610,http://www.wikidata.org/entity/Q41420,1.0,2016-01-01T00:00:00Z,2020-01-01T00:00:00Z
http://www.wikidata.org/entity/Q274803,http://www.wikidata.org/entity/Q33748,7.0,2010-01-01T00:00:00Z,2010-01-01T00:00:00Z
http://www.wikidata.org/entity/Q276207,http://www.wikidata.org/entity/Q51974,12.0,1999-01-01T00:00:00Z,2001-01-01T00:00:00Z
http://www.wikidata.org/entity/Q276207,http://www.wikidata.org/entity/Q33748,80.0,2005-01-01T00:00:00Z,2008-01-01T00:00:00Z
http://www.wikidata.org/entity/Q276424,http://www.wikidata.org/entity/Q51974,84.0,2011-01-01T00:00:00Z,2016-01-01T00:00:00Z
http://www.wikidata.org/entity/Q276428,http://www.wikidata.org/entity/Q38245,18.0,2009-01-01T00:00:00Z,2011-01-01T00:00:00Z
http://www.wikidata.org/entity/Q276731,http://www.wikidata.org/entity/Q51974,4.0,2003-01-01T00:00:00Z,2004-01-01T00:00:00Z
http://www.wikidata.org/entity/Q2783837,http://www.wikidata.org/entity/Q33748,2.0,2002-01-01T00:00:00Z,2002-01-01T00:00:00Z
http://www.wikidata.org/entity/Q279436,http://www.wikidata.org/entity/Q51976,57.0,2019-08-01T00:00:00Z,2022-06-01T00:00:00Z
http://www.wikidata.org/entity/Q279436,http://www.wikidata.org/entity/Q41420,35.0,2017-07-01T00:00:00Z,2019-08-01T00:00:00Z
http://www.wikidata.org/entity/Q280341,http://www.wikidata.org/entity/Q51976,66.0,2010-01-01T00:00:00Z,2013-01-01T00:00:00Z
http://www.wikidata.org/entity/Q28065104,http://www.wikidata.org/entity/Q38245,46.0,2023-01-01T00:00:00Z,2025-01-01T00:00:00Z
http://www.wikidata.org/entity/Q39114,http://www.wikidata.org/entity/Q32494,13.0,2014-01-01T00:00:00Z,2017-01-01T00:00:00Z
http://www.wikidata.org/entity/Q44118,http://www.wikidata.org/entity/Q32494,113.0,2003-01-01T00:00:00Z,2007-01-01T00:00:00Z
http://www.wikidata.org/entity/Q69495231,http://www.wikidata.org/entity/Q41420,16.0,2024-01-12T00:00:00Z,2024-06-01T00:00:00Z
http://www.wikidata.org/entity/Q749354,http://www.wikidata.org/entity/Q33748,45.0,2007-01-01T00:00:00Z,2010-01-01T00:00:00Z
http://www.wikidata.org/entity/Q7494960,http://www.wikidata.org/entity/Q33748,3.0,2000-01-01T00:00:00Z,2001-01-01T00:00:00Z
http://www.wikidata.org/entity/Q7499558,http://www.wikidata.org/entity/Q41420,0.0,1998-01-01T00:00:00Z,2000-01-01T00:00:00Z
http://www.wikidata.org/entity/Q75019636,http://www.wikidata.org/entity/Q41420,147.0,2019-01-01T00:00:00Z,2025-01-01T00:00:00Z
http://www.wikidata.org/entity/Q750864,http://www.wikidata.org/entity/Q38245,10.0,2003-01-01T00:00:00Z,2004-01-01T00:00:00Z
http://www.wikidata.org/entity/Q75512,http://www.wikidata.org/entity/Q41420,15.0,1996-01-01T00:00:00Z,1999-01-01T00:00:00Z
http://www.wikidata.org/entity/Q75857,http://www.wikidata.org/entity/Q41420,135.0,2005-01-01T00:00:00Z,2011-01-01T00:00:00Z
http://www.wikidata.org/entity/Q75857,http://www.wikidata.org/entity/Q41420,55.0,2014-01-01T00:00:00Z,2018-01-01T00:00:00Z
http://www.wikidata.org/entity/Q75857,http://www.wikidata.org/entity/Q41420,48.0,2013-01-01T00:00:00Z,2014-01-01T00:00:00Z
http://www.wikidata.org/entity/Q75857,http://www.wikidata.org/entity/Q51976,36.0,2018-01-01T00:00:00Z,2020-01-01T00:00:00Z
http://www.wikidata.org/entity/Q7606274,http://www.wikidata.org/entity/Q33748,5.0,2012-01-01T00:00:00Z,2013-01-01T00:00:00Z
http://www.wikidata.org/entity/Q763465,http://www.wikidata.org/entity/Q51974,32.0,2013-01-01T00:00:00Z,2014-01-01T00:00:00Z
http://www.wikidata.org/entity/Q764194,http://www.wikidata.org/entity/Q51974,6.0,2000-01-01T00:00:00Z,2002-01-01T00:00:00Z
http://www.wikidata.org/entity/Q7651971,http://www.wikidata.org/entity/Q33748,3.0,1997-01-01T00:00:00Z,1999-01-01T00:00:00Z
http://www.wikidata.org/entity/Q765538,http://www.wikidata.org/entity/Q51976,7.0,2011-01-01T00:00:00Z,2013-01-01T00:00:00Z
http://www.wikidata.org/entity/Q7665927,http://www.wikidata.org/entity/Q38245,60.0,2017-01-01T00:00:00Z,2019-01-01T00:00:00Z
http://www.wikidata.org/entity/Q7665927,http://www.wikidata.org/entity/Q41420,33.0,2022-01-01T00:00:00Z,2025-08-01T00:00:00Z
http://www.wikidata.org/entity/Q76753,http://www.wikidata.org/entity/Q51976,169.0,2000-01-01T00:00:00Z,2008-01-01T00:00:00Z
http://www.wikidata.org/entity/Q76753,http://www.wikidata.org/entity/Q51976,41.0,2009-01-01T00:00:00Z,2012-01-01T00:00:00Z
http://www.wikidata.org/entity/Q76866,http://www.wikidata.org/entity/Q51976,60.0,2005-01-01T00:00:00Z,2007-01-01T00:00:00Z
http://www.wikidata.org/entity/Q76866,http://www.wikidata.org/entity/Q51974,21.0,2007-01-01T00:00:00Z,2008-01-01T00:00:00Z
http://www.wikidata.org/entity/Q76866,http://www.wikidata.org/entity/Q41420,80.0,2008-01-01T00:00:00Z,2012-01-01T00:00:00Z
http://www.wikidata.org/entity/Q776593,http://www.wikidata.org/entity/Q51976,2.0,2010-01-01T00:00:00Z,2012-01-01T00:00:00Z
http://www.wikidata.org/entity/Q777164,http://www.wikidata.org/entity/Q41420,1.0,2014-01-01T00:00:00Z,2014-01-01T00:00:00Z
http://www.wikidata.org/entity/Q783157,http://www.wikidata.org/entity/Q33748,1.0,2004-01-01T00:00:00Z,2008-01-01T00:00:00Z
http://www.wikidata.org/entity/Q7915044,http://www.wikidata.org/entity/Q51974,11.0,1998-01-01T00:00:00Z,2000-01-01T00:00:00Z
http://www.wikidata.org/entity/Q792951,http://www.wikidata.org/entity/Q33748,10.0,1999-01-01T00:00:00Z,2000-01-01T00:00:00Z
http://www.wikidata.org/entity/Q7938471,http://www.wikidata.org/entity/Q38245,3.0,2000-01-01T00:00:00Z,2001-01-01T00:00:00Z
http://www.wikidata.org/entity/Q795185,http://www.wikidata.org/entity/Q41420,3.0,2005-01-01T00:00:00Z,2006-01-01T00:00:00Z
http://www.wikidata.org/entity/Q797550,http://www.wikidata.org/entity/Q33748,0.0,2003-01-01T00:00:00Z,2003-01-01T00:00:00Z
http://www.wikidata.org/entity/Q797550,http://www.wikidata.org/entity/Q33748,22.0,2001-01-01T00:00:00Z,2002-01-01T00:00:00Z
http://www.wikidata.org/entity/Q797550,http://www.wikidata.org/entity/Q33748,29.0,1997-01-01T00:00:00Z,2000-01-01T00:00:00Z
http://www.wikidata.org/entity/Q797550,http://www.wikidata.org/entity/Q33748,32.0,2000-01-01T00:00:00Z,2001-01-01T00:00:00Z
http://www.wikidata.org/entity/Q804246,http://www.wikidata.org/entity/Q38245,16.0,2002-01-01T00:00:00Z,2003-01-01T00:00:00Z
http://www.wikidata.org/entity/Q80471,http://www.wikidata.org/entity/Q51976,85.0,2004-01-01T00:00:00Z,2007-01-01T00:00:00Z
http://www.wikidata.org/entity/Q804796,http://www.wikidata.org/entity/Q38245,0.0,2002-01-01T00:00:00Z,2004-01-01T00:00:00Z
http://www.wikidata.org/entity/Q809977,http://www.wikidata.org/entity/Q41420,8.0,1997-01-01T00:00:00Z,2000-01-01T00:00:00Z
http://www.wikidata.org/entity/Q81584,http://www.wikidata.org/entity/Q38245,148.0,2009-01-01T00:00:00Z,2014-01-01T00:00:00Z
http://www.wikidata.org/entity/Q81587,http://www.wikidata.org/entity/Q38245,30.0,2011-01-01T00:00:00Z,2012-01-01T00:00:00Z
http://www.wikidata.org/entity/Q81590,http://www.wikidata.org/entity/Q38245,43.0,2011-01-01T00:00:00Z,2016-07-03T00:00:00Z
http://www.wikidata.org/entity/Q81615,http://www.wikidata.org/entity/Q38245,128.0,2009-01-01T00:00:00Z,2014-01-01T00:00:00Z
http://www.wikidata.org/entity/Q81615,http://www.wikidata.org/entity/Q33748,56.0,2017-01-01T00:00:00Z,2019-01-01T00:00:00Z
http://www.wikidata.org/entity/Q820166,http://www.wikidata.org/entity/Q51976,16.0,2012-01-01T00:00:00Z,2014-01-01T00:00:00Z
http://www.wikidata.org/entity/Q820713,http://www.wikidata.org/entity/Q51976,8.0,2013-01-01T00:00:00Z,2015-01-01T00:00:00Z
http://www.wikidata.org/entity/Q821444,http://www.wikidata.org/entity/Q51974,0.0,2011-01-01T00:00:00Z,2012-01-01T00:00:00Z
http://www.wikidata.org/entity/Q822227,http://www.wikidata.org/entity/Q51974,0.0,2009-01-01T00:00:00Z,2011-01-01T00:00:00Z
http://www.wikidata.org/entity/Q822751,http://www.wikidata.org/entity/Q33748,102.0,2016-01-01T00:00:00Z,2020-01-01T00:00:00Z
http://www.wikidata.org/entity/Q822751,http://www.wikidata.org/entity/Q41420,0.0,2011-01-01T00:00:00Z,2013-01-01T00:00:00Z
http://www.wikidata.org/entity/Q822751,http://www.wikidata.org/entity/Q38245,3.0,2013-01-01T00:00:00Z,2014-01-01T00:00:00Z
http://www.wikidata.org/entity/Q822762,http://www.wikidata.org/entity/Q51974,3.0,2013-01-01T00:00:00Z,2014-01-01T00:00:00Z
http://www.wikidata.org/entity/Q822781,http://www.wikidata.org/entity/Q41420,38.0,2012-01-01T00:00:00Z,2016-01-01T00:00:00Z
http://www.wikidata.org/entity/Q822789,http://www.wikidata.org/entity/Q51976,128.0,2021-01-01T00:00:00Z,2025-01-01T00:00:00Z
http://www.wikidata.org/entity/Q822789,http://www.wikidata.org/entity/Q41420,6.0,2013-01-01T00:00:00Z,2015-01-01T00:00:00Z
http://www.wikidata.org/entity/Q822789,http://www.wikidata.org/entity/Q33748,66.0,2019-01-01T00:00:00Z,2021-01-01T00:00:00Z
http://www.wikidata.org/entity/Q822792,http://www.wikidata.org/entity/Q33748,58.0,2010-01-01T00:00:00Z,2013-01-01T00:00:00Z
http://www.wikidata.org/entity/Q823064,http://www.wikidata.org/entity/Q38245,37.0,2019-07-01T00:00:00Z,2022-06-01T00:00:00Z
http://www.wikidata.org/entity/Q823064,http://www.wikidata.org/entity/Q41420,64.0,2013-01-01T00:00:00Z,2018-07-01T00:00:00Z
http://www.wikidata.org/entity/Q823071,http://www.wikidata.org/entity/Q33748,19.0,2010-01-01T00:00:00Z,2011-01-01T00:00:00Z
http://www.wikidata.org/entity/Q823637,http://www.wikidata.org/entity/Q51974,197.0,1996-01-01T00:00:00Z,2004-01-01T00:00:00Z
http://www.wikidata.org/entity/Q823922,http://www.wikidata.org/entity/Q38245,15.0,1997-01-01T00:00:00Z,1999-01-01T00:00:00Z
http://www.wikidata.org/entity/Q824423,http://www.wikidata.org/entity/Q51974,10.0,1998-01-01T00:00:00Z,2001-01-01T00:00:00Z
http://www.wikidata.org/entity/Q826060,http://www.wikidata.org/entity/Q51976,89.0,1997-01-01T00:00:00Z,2001-01-01T00:00:00Z
http://www.wikidata.org/entity/Q826863,http://www.wikidata.org/entity/Q41420,0.0,2010-01-01T00:00:00Z,2013-01-01T00:00:00Z
http://www.wikidata.org/entity/Q826919,http://www.wikidata.org/entity/Q38245,129.0,1997-01-01T00:00:00Z,2001-01-01T00:00:00Z
http://www.wikidata.org/entity/Q828479,http://www.wikidata.org/entity/Q33748,1.0,2010-01-01T00:00:00Z,2010-01-01T00:00:00Z
http://www.wikidata.org/entity/Q828479,http://www.wikidata.org/entity/Q33748,20.0,2008-01-01T00:00:00Z,2010-01-01T00:00:00Z
http://www.wikidata.org/entity/Q828765,http://www.wikidata.org/entity/Q38245,10.0,1998-01-01T00:00:00Z,2002-01-01T00:00:00Z
http://www.wikidata.org/entity/Q828927,http://www.wikidata.org/entity/Q51974,2.0,2010-01-01T00:00:00Z,2012-01-01T00:00:00Z
http://www.wikidata.org/entity/Q828935,http://www.wikidata.org/entity/Q38245,12.0,2013-01-01T00:00:00Z,2015-01-01T00:00:00Z
http://www.wikidata.org/entity/Q828935,http://www.wikidata.org/entity/Q51976,39.0,2009-01-01T00:00:00Z,2011-01-01T00:00:00Z
http://www.wikidata.org/entity/Q20039495,http://www.wikidata.org/entity/Q38245,127.0,2017-01-01T00:00:00Z,2023-01-01T00:00:00Z
http://www.wikidata.org/entity/Q207949,http://www.wikidata.org/entity/Q33748,7.0,2004-01-01T00:00:00Z,2005-01-01T00:00:00Z
http://www.wikidata.org/entity/Q207949,http://www.wikidata.org/entity/Q38245,22.0,2013-01-01T00:00:00Z,2014-01-01T00:00:00Z
http://www.wikidata.org/entity/Q208430,http://www.wikidata.org/entity/Q38245,51.0,2006-01-01T00:00:00Z,2008-01-01T00:00:00Z
http://www.wikidata.org/entity/Q210279,http://www.wikidata.org/entity/Q51974,108.0,2009-01-01T00:00:00Z,2014-01-01T00:00:00Z
http://www.wikidata.org/entity/Q211812,http://www.wikidata.org/entity/Q38245,5.0,2012-01-01T00:00:00Z,2014-01-01T00:00:00Z
http://www.wikidata.org/entity/Q213095,http://www.wikidata.org/entity/Q38245,58.0,2017-07-01T00:00:00Z,2020-07-01T00:00:00Z
http://www.wikidata.org/entity/Q213134,http://www.wikidata.org/entity/Q51974,22.0,2002-01-01T00:00:00Z,2004-01-01T00:00:00Z
http://www.wikidata.org/entity/Q2134320,http://www.wikidata.org/entity/Q33748,17.0,2001-01-01T00:00:00Z,2003-01-01T00:00:00Z
http://www.wikidata.org/entity/Q215770,http://www.wikidata.org/entity/Q33748,14.0,2013-01-01T00:00:00Z,2013-06-01T00:00:00Z
http://www.wikidata.org/entity/Q215770,http://www.wikidata.org/entity/Q51974,74.0,2014-01-01T00:00:00Z,2017-01-01T00:00:00Z
http://www.wikidata.org/entity/Q215770,http://www.wikidata.org/entity/Q51974,24.0,2013-07-01T00:00:00Z,2014-01-01T00:00:00Z
http://www.wikidata.org/entity/Q2159628,http://www.wikidata.org/entity/Q51976,6.0,2001-01-01T00:00:00Z,2002-01-01T00:00:00Z
http://www.wikidata.org/entity/Q216147,http://www.wikidata.org/entity/Q51974,41.0,2012-01-01T00:00:00Z,2015-01-01T00:00:00Z
http://www.wikidata.org/entity/Q21621227,http://www.wikidata.org/entity/Q51976,9.0,2014-01-01T00:00:00Z,2015-01-01T00:00:00Z
http://www.wikidata.org/entity/Q217089,http://www.wikidata.org/entity/Q41420,51.0,2011-01-01T00:00:00Z,2016-01-01T00:00:00Z
http://www.wikidata.org/entity/Q21715241,http://www.wikidata.org/entity/Q51976,1.0,2015-01-01T00:00:00Z,2016-01-01T00:00:00Z
http://www.wikidata.org/entity/Q217389,http://www.wikidata.org/entity/Q51974,22.0,2014-01-01T00:00:00Z,2015-01-01T00:00:00Z
http://www.wikidata.org/entity/Q219026,http://www.wikidata.org/entity/Q51974,29.0,2014-01-01T00:00:00Z,2016-01-01T00:00:00Z
http://www.wikidata.org/entity/Q22007007,http://www.wikidata.org/entity/Q41420,12.0,2016-01-01T00:00:00Z,2017-01-01T00:00:00Z
http://www.wikidata.org/entity/Q220746,http://www.wikidata.org/entity/Q51974,24.0,2006-01-01T00:00:00Z,2008-01-01T00:00:00Z
http://www.wikidata.org/entity/Q221129,http://www.wikidata.org/entity/Q51974,105.0,2000-01-01T00:00:00Z,2004-01-01T00:00:00Z
http://www.wikidata.org/entity/Q2225355,http://www.wikidata.org/entity/Q38245,5.0,1997-01-01T00:00:00Z,1999-01-01T00:00:00Z
http://www.wikidata.org/entity/Q22255038,http://www.wikidata.org/entity/Q33748,0.0,2014-01-01T00:00:00Z,2016-01-01T00:00:00Z
http://www.wikidata.org/entity/Q22279773,http://www.wikidata.org/entity/Q41420,9.0,2019-01-03T00:00:00Z,2019-06-30T00:00:00Z
http://www.wikidata.org/entity/Q22279773,http://www.wikidata.org/entity/Q41420,81.0,2016-01-01T00:00:00Z,2019-01-02T00:00:00Z
http://www.wikidata.org/entity/Q224799,http://www.wikidata.org/entity/Q51976,8.0,2005-01-01T00:00:00Z,2006-01-01T00:00:00Z
http://www.wikidata.org/entity/Q2262999,http://www.wikidata.org/entity/Q51976,4.0,2009-01-01T00:00:00Z,2011-01-01T00:00:00Z
http://www.wikidata.org/entity/Q227366,http://www.wikidata.org/entity/Q38245,0.0,1998-01-01T00:00:00Z,1999-01-01T00:00:00Z
http://www.wikidata.org/entity/Q2275985,http://www.wikidata.org/entity/Q33748,0.0,2004-01-01T00:00:00Z,2006-01-01T00:00:00Z
http://www.wikidata.org/entity/Q2301910,http://www.wikidata.org/entity/Q41420,10.0,2018-01-01T00:00:00Z,2018-06-01T00:00:00Z
http://www.wikidata.org/entity/Q2301910,http://www.wikidata.org/entity/Q38245,16.0,2025-02-03T00:00:00Z,2026-08-01T00:00:00Z
http://www.wikidata.org/entity/Q2336058,http://www.wikidata.org/entity/Q51976,6.0,1998-01-01T00:00:00Z,2001-01-01T00:00:00Z
http://www.wikidata.org/entity/Q2338026,http://www.wikidata.org/entity/Q38245,3.0,1998-01-01T00:00:00Z,2001-01-01T00:00:00Z
http://www.wikidata.org/entity/Q2338371,http://www.wikidata.org/entity/Q38245,0.0,2009-01-01T00:00:00Z,2010-01-01T00:00:00Z
http://www.wikidata.org/entity/Q2343451,http://www.wikidata.org/entity/Q51974,26.0,2002-01-01T00:00:00Z,2005-01-01T00:00:00Z
http://www.wikidata.org/entity/Q2370942,http://www.wikidata.org/entity/Q51976,29.0,1997-01-01T00:00:00Z,1999-01-01T00:00:00Z
http://www.wikidata.org/entity/Q2371082,http://www.wikidata.org/entity/Q38245,39.0,2002-01-01T00:00:00Z,2004-01-01T00:00:00Z
http://www.wikidata.org/entity/Q2371361,http://www.wikidata.org/entity/Q38245,5.0,1996-01-01T00:00:00Z,2001-01-01T00:00:00Z
http://www.wikidata.org/entity/Q2379986,http://www.wikidata.org/entity/Q33748,17.0,2004-01-01T00:00:00Z,2008-01-01T00:00:00Z
http://www.wikidata.org/entity/Q2380010,http://www.wikidata.org/entity/Q51976,12.0,1997-01-01T00:00:00Z,2000-01-01T00:00:00Z
http://www.wikidata.org/entity/Q2380010,http://www.wikidata.org/entity/Q33748,7.0,1999-01-01T00:00:00Z,1999-01-01T00:00:00Z
http://www.wikidata.org/entity/Q2388894,http://www.wikidata.org/entity/Q51974,55.0,2019-01-01T00:00:00Z,2021-01-01T00:00:00Z
http://www.wikidata.org/entity/Q2388894,http://www.wikidata.org/entity/Q41420,3.0,2015-01-01T00:00:00Z,2015-01-01T00:00:00Z
http://www.wikidata.org/entity/Q2420047,http://www.wikidata.org/entity/Q51974,6.0,2016-01-01T00:00:00Z,2016-01-01T00:00:00Z
http://www.wikidata.org/entity/Q49808,http://www.wikidata.org/entity/Q32494,53.0,2009-01-01T00:00:00Z,2012-01-01T00:00:00Z
http://www.wikidata.org/entity/Q5024,http://www.wikidata.org/entity/Q33748,5.0,2003-01-01T00:00:00Z,2004-01-01T00:00:00Z
http://www.wikidata.org/entity/Q54834,http://www.wikidata.org/entity/Q32494,3.0,2009-01-01T00:00:00Z,2010-01-01T00:00:00Z
http://www.wikidata.org/entity/Q46250872,http://www.wikidata.org/entity/Q33748,12.0,2025-07-01T00:00:00Z,
http://www.wikidata.org/entity/Q61968862,http://www.wikidata.org/entity/Q51976,4.0,2025-09-01T00:00:00Z,
http://www.wikidata.org/entity/Q153786,http://www.wikidata.org/entity/Q32494,11.0,2026-01-01T00:00:00Z,
http://www.wikidata.org/entity/Q27957334,http://www.wikidata.org/entity/Q32494,26.0,2025-01-01T00:00:00Z,
http://www.wikidata.org/entity/Q15257381,http://www.wikidata.org/entity/Q22707,29.0,2024-01-01T00:00:00Z,
http://www.wikidata.org/entity/Q97724521,http://www.wikidata.org/entity/Q38245,37.0,2025-01-01T00:00:00Z,
http://www.wikidata.org/entity/Q131983290,http://www.wikidata.org/entity/Q22707,0.0,2026-01-01T00:00:00Z,
http://www.wikidata.org/entity/Q15644548,http://www.wikidata.org/entity/Q32494,0.0,2026-01-01T00:00:00Z,
http://www.wikidata.org/entity/Q65948837,http://www.wikidata.org/entity/Q22707,0.0,2026-01-01T00:00:00Z,
http://www.wikidata.org/entity/Q98479427,http://www.wikidata.org/entity/Q51974,0.0,2026-07-01T00:00:00Z,
http://www.wikidata.org/entity/Q104870781,http://www.wikidata.org/entity/Q41420,0.0,2026-08-01T00:00:00Z,
http://www.wikidata.org/entity/Q27518278,http://www.wikidata.org/entity/Q41420,0.0,2026-08-18T00:00:00Z,
http://www.wikidata.org/entity/Q326159,http://www.wikidata.org/entity/Q51976,2.0,2026-08-01T00:00:00Z,
http://www.wikidata.org/entity/Q65261290,http://www.wikidata.org/entity/Q51974,0.0,2026-08-01T00:00:00Z,
http://www.wikidata.org/entity/Q66095792,http://www.wikidata.org/entity/Q38245,0.0,2026-08-01T00:00:00Z,
http://www.wikidata.org/entity/Q63032399,http://www.wikidata.org/entity/Q51974,0.0,2026-09-01T00:00:00Z,
http://www.wikidata.org/entity/Q114027518,http://www.wikidata.org/entity/Q41420,0.0,2026-09-01T00:00:00Z,
http://www.wikidata.org/entity/Q18551518,http://www.wikidata.org/entity/Q32494,0.0,2026-09-01T00:00:00Z,
http://www.wikidata.org/entity/Q116052667,http://www.wikidata.org/entity/Q38245,59.0,2024-01-01T00:00:00Z,
http://www.wikidata.org/entity/Q11576,http://www.wikidata.org/entity/Q32494,66.0,2010-01-01T00:00:00Z,2012-01-01T00:00:00Z
http://www.wikidata.org/entity/Q11944,http://www.wikidata.org/entity/Q32494,25.0,2008-01-01T00:00:00Z,2009-01-01T00:00:00Z
http://www.wikidata.org/entity/Q80314837,http://www.wikidata.org/entity/Q22707,42.0,2020-01-01T00:00:00Z,2024-01-01T00:00:00Z
http://www.wikidata.org/entity/Q829448,http://www.wikidata.org/entity/Q32494,2.0,2010-01-01T00:00:00Z,2011-01-01T00:00:00Z
http://www.wikidata.org/entity/Q830429,http://www.wikidata.org/entity/Q32494,0.0,2009-01-01T00:00:00Z,2011-01-01T00:00:00Z
http://www.wikidata.org/entity/Q832051,http://www.wikidata.org/entity/Q32494,57.0,1997-01-01T00:00:00Z,1999-01-01T00:00:00Z
http://www.wikidata.org/entity/Q832097,http://www.wikidata.org/entity/Q22707,18.0,2004-01-01T00:00:00Z,2006-01-01T00:00:00Z
http://www.wikidata.org/entity/Q832676,http://www.wikidata.org/entity/Q32494,31.0,2006-01-01T00:00:00Z,2009-01-01T00:00:00Z
http://www.wikidata.org/entity/Q832676,http://www.wikidata.org/entity/Q32494,46.0,1999-01-01T00:00:00Z,2002-01-01T00:00:00Z
http://www.wikidata.org/entity/Q834605,http://www.wikidata.org/entity/Q22707,13.0,2006-01-01T00:00:00Z,2008-01-01T00:00:00Z
http://www.wikidata.org/entity/Q83488,http://www.wikidata.org/entity/Q32494,30.0,2006-01-01T00:00:00Z,2008-01-01T00:00:00Z
http://www.wikidata.org/entity/Q869727,http://www.wikidata.org/entity/Q22707,52.0,2005-01-01T00:00:00Z,2008-01-01T00:00:00Z
http://www.wikidata.org/entity/Q87268125,http://www.wikidata.org/entity/Q32494,57.0,2020-01-01T00:00:00Z,2022-01-01T00:00:00Z
http://www.wikidata.org/entity/Q873997,http://www.wikidata.org/entity/Q32494,26.0,2005-01-01T00:00:00Z,2007-01-01T00:00:00Z
http://www.wikidata.org/entity/Q877013,http://www.wikidata.org/entity/Q22707,4.0,2004-01-01T00:00:00Z,2004-01-01T00:00:00Z
http://www.wikidata.org/entity/Q877176,http://www.wikidata.org/entity/Q22707,11.0,2005-01-01T00:00:00Z,2005-01-01T00:00:00Z
http://www.wikidata.org/entity/Q877936,http://www.wikidata.org/entity/Q32494,26.0,2000-01-01T00:00:00Z,2002-01-01T00:00:00Z
http://www.wikidata.org/entity/Q879252,http://www.wikidata.org/entity/Q32494,10.0,2002-01-01T00:00:00Z,2005-01-01T00:00:00Z
http://www.wikidata.org/entity/Q890431,http://www.wikidata.org/entity/Q32494,0.0,2010-01-01T00:00:00Z,2011-01-01T00:00:00Z
http://www.wikidata.org/entity/Q89371,http://www.wikidata.org/entity/Q32494,0.0,2012-01-01T00:00:00Z,2014-01-01T00:00:00Z
http://www.wikidata.org/entity/Q896190,http://www.wikidata.org/entity/Q32494,0.0,2007-01-01T00:00:00Z,2007-01-01T00:00:00Z
http://www.wikidata.org/entity/Q89998,http://www.wikidata.org/entity/Q22707,32.0,2010-01-01T00:00:00Z,2011-01-01T00:00:00Z
http://www.wikidata.org/entity/Q90639,http://www.wikidata.org/entity/Q32494,4.0,2000-01-01T00:00:00Z,2001-01-01T00:00:00Z
http://www.wikidata.org/entity/Q920785,http://www.wikidata.org/entity/Q32494,1.0,2005-01-01T00:00:00Z,2005-01-01T00:00:00Z
http://www.wikidata.org/entity/Q920785,http://www.wikidata.org/entity/Q32494,1.0,2005-01-01T00:00:00Z,2006-01-01T00:00:00Z
http://www.wikidata.org/entity/Q922689,http://www.wikidata.org/entity/Q22707,16.0,2011-01-01T00:00:00Z,2014-01-01T00:00:00Z
http://www.wikidata.org/entity/Q936015,http://www.wikidata.org/entity/Q32494,2.0,2010-01-01T00:00:00Z,2012-01-01T00:00:00Z
http://www.wikidata.org/entity/Q949394,http://www.wikidata.org/entity/Q22707,91.0,2000-01-01T00:00:00Z,2003-01-01T00:00:00Z
http://www.wikidata.org/entity/Q951412,http://www.wikidata.org/entity/Q32494,176.0,1993-01-01T00:00:00Z,2002-01-01T00:00:00Z
http://www.wikidata.org/entity/Q960744,http://www.wikidata.org/entity/Q32494,83.0,1996-01-01T00:00:00Z,2000-01-01T00:00:00Z
http://www.wikidata.org/entity/Q96279,http://www.wikidata.org/entity/Q22707,38.0,2006-01-01T00:00:00Z,2008-01-01T00:00:00Z
http://www.wikidata.org/entity/Q96279,http://www.wikidata.org/entity/Q32494,3.0,2004-01-01T00:00:00Z,2004-01-01T00:00:00Z
http://www.wikidata.org/entity/Q96279,http://www.wikidata.org/entity/Q32494,18.0,2003-01-01T00:00:00Z,2004-01-01T00:00:00Z
http://www.wikidata.org/entity/Q971732,http://www.wikidata.org/entity/Q32494,3.0,2011-01-01T00:00:00Z,2011-01-01T00:00:00Z
http://www.wikidata.org/entity/Q972802,http://www.wikidata.org/entity/Q32494,3.0,2010-01-01T00:00:00Z,2011-01-01T00:00:00Z
http://www.wikidata.org/entity/Q979345,http://www.wikidata.org/entity/Q32494,0.0,2007-01-01T00:00:00Z,2007-01-01T00:00:00Z
http://www.wikidata.org/entity/Q982220,http://www.wikidata.org/entity/Q22707,8.0,2014-01-01T00:00:00Z,2015-01-01T00:00:00Z
http://www.wikidata.org/entity/Q99311305,http://www.wikidata.org/entity/Q32494,11.0,2023-01-01T00:00:00Z,2023-01-01T00:00:00Z
http://www.wikidata.org/entity/Q99754,http://www.wikidata.org/entity/Q22707,15.0,2003-01-01T00:00:00Z,2004-01-01T00:00:00Z
http://www.wikidata.org/entity/Q16888045,http://www.wikidata.org/entity/Q32494,22.0,2023-07-01T00:00:00Z,2024-06-30T00:00:00Z
http://www.wikidata.org/entity/Q19973862,http://www.wikidata.org/entity/Q22707,13.0,2023-01-01T00:00:00Z,2023-06-01T00:00:00Z
http://www.wikidata.org/entity/Q20752635,http://www.wikidata.org/entity/Q22707,130.0,2017-01-01T00:00:00Z,2022-01-01T00:00:00Z
http://www.wikidata.org/entity/Q20752635,http://www.wikidata.org/entity/Q22707,38.0,2023-01-01T00:00:00Z,2025-01-01T00:00:00Z
http://www.wikidata.org/entity/Q699094,http://www.wikidata.org/entity/Q32494,14.0,2019-01-01T00:00:00Z,2020-01-01T00:00:00Z
http://www.wikidata.org/entity/Q29998966,http://www.wikidata.org/entity/Q32494,75.0,2017-01-01T00:00:00Z,2021-01-01T00:00:00Z
http://www.wikidata.org/entity/Q127914,http://www.wikidata.org/entity/Q32494,17.0,2021-01-01T00:00:00Z,2021-01-01T00:00:00Z
http://www.wikidata.org/entity/Q30330390,http://www.wikidata.org/entity/Q22707,11.0,2025-01-01T00:00:00Z,2025-01-01T00:00:00Z
http://www.wikidata.org/entity/Q15956282,http://www.wikidata.org/entity/Q32494,48.0,2016-01-01T00:00:00Z,2019-01-01T00:00:00Z
http://www.wikidata.org/entity/Q27654739,http://www.wikidata.org/entity/Q51974,49.0,2023-01-01T00:00:00Z,2025-01-01T00:00:00Z
http://www.wikidata.org/entity/Q97724521,http://www.wikidata.org/entity/Q38245,18.0,2024-01-01T00:00:00Z,2025-01-01T00:00:00Z
http://www.wikidata.org/entity/Q10268484,http://www.wikidata.org/entity/Q51974,80.0,2016-01-01T00:00:00Z,2019-01-01T00:00:00Z
http://www.wikidata.org/entity/Q155604,http://www.wikidata.org/entity/Q32494,4.0,2020-01-01T00:00:00Z,2020-01-01T00:00:00Z
http://www.wikidata.org/entity/Q50073536,http://www.wikidata.org/entity/Q51976,31.0,2025-08-26T00:00:00Z,2026-06-01T00:00:00Z
http://www.wikidata.org/entity/Q56424307,http://www.wikidata.org/entity/Q41420,98.0,2022-01-01T00:00:00Z,2026-07-01T00:00:00Z
http://www.wikidata.org/entity/Q26965570,http://www.wikidata.org/entity/Q41420,96.0,2022-07-01T00:00:00Z,2026-07-09T00:00:00Z
http://www.wikidata.org/entity/Q30346413,http://www.wikidata.org/entity/Q41420,16.0,2017-01-01T00:00:00Z,2021-01-01T00:00:00Z
http://www.wikidata.org/entity/Q125805788,http://www.wikidata.org/entity/Q22707,43.0,2025-01-01T00:00:00Z,2026-01-01T00:00:00Z
http://www.wikidata.org/entity/Q372470,http://www.wikidata.org/entity/Q38245,52.0,2017-07-10T00:00:00Z,2020-01-01T00:00:00Z
http://www.wikidata.org/entity/Q27995699,http://www.wikidata.org/entity/Q38245,120.0,2019-01-01T00:00:00Z,2023-01-01T00:00:00Z
http://www.wikidata.org/entity/Q15980720,http://www.wikidata.org/entity/Q38245,33.0,2023-01-01T00:00:00Z,2024-01-01T00:00:00Z
http://www.wikidata.org/entity/Q18685713,http://www.wikidata.org/entity/Q41420,28.0,2018-01-01T00:00:00Z,2019-01-01T00:00:00Z
http://www.wikidata.org/entity/Q63032399,http://www.wikidata.org/entity/Q51974,29.0,2025-09-01T00:00:00Z,2026-06-30T00:00:00Z
http://www.wikidata.org/entity/Q777164,http://www.wikidata.org/entity/Q22707,2.0,2010-01-01T00:00:00Z,2014-01-01T00:00:00Z
http://www.wikidata.org/entity/Q102399064,http://www.wikidata.org/entity/Q38245,16.0,2021-01-01T00:00:00Z,2025-01-01T00:00:00Z
http://www.wikidata.org/entity/Q759710,http://www.wikidata.org/entity/Q51974,6.0,2025-01-01T00:00:00Z,
http://www.wikidata.org/entity/Q105955422,http://www.wikidata.org/entity/Q51976,26.0,2025-07-23T00:00:00Z,
http://www.wikidata.org/entity/Q28692516,http://www.wikidata.org/entity/Q51976,178.0,2019-01-01T00:00:00Z,
http://www.wikidata.org/entity/Q20630956,http://www.wikidata.org/entity/Q38245,10.0,2025-01-01T00:00:00Z,
http://www.wikidata.org/entity/Q106915801,http://www.wikidata.org/entity/Q41420,28.0,2025-01-01T00:00:00Z,
http://www.wikidata.org/entity/Q118799181,http://www.wikidata.org/entity/Q38245,27.0,2024-07-01T00:00:00Z,
http://www.wikidata.org/entity/Q105754161,http://www.wikidata.org/entity/Q51974,0.0,2026-01-01T00:00:00Z,
http://www.wikidata.org/entity/Q87767569,http://www.wikidata.org/entity/Q38245,33.0,2023-01-01T00:00:00Z,2024-01-01T00:00:00Z
http://www.wikidata.org/entity/Q897801,http://www.wikidata.org/entity/Q41420,25.0,2003-01-01T00:00:00Z,2005-01-01T00:00:00Z
http://www.wikidata.org/entity/Q901395,http://www.wikidata.org/entity/Q51974,47.0,2000-01-01T00:00:00Z,2002-01-01T00:00:00Z
http://www.wikidata.org/entity/Q9072741,http://www.wikidata.org/entity/Q41420,0.0,2013-01-01T00:00:00Z,2016-01-01T00:00:00Z
http://www.wikidata.org/entity/Q909070,http://www.wikidata.org/entity/Q38245,2.0,2012-01-01T00:00:00Z,2013-01-01T00:00:00Z
http://www.wikidata.org/entity/Q91418,http://www.wikidata.org/entity/Q38245,34.0,1998-01-01T00:00:00Z,2002-01-01T00:00:00Z
http://www.wikidata.org/entity/Q918930,http://www.wikidata.org/entity/Q51974,15.0,2009-01-01T00:00:00Z,2012-01-01T00:00:00Z
http://www.wikidata.org/entity/Q92300,http://www.wikidata.org/entity/Q51976,3.0,2001-01-01T00:00:00Z,2003-01-01T00:00:00Z
http://www.wikidata.org/entity/Q92300,http://www.wikidata.org/entity/Q33748,45.0,1998-01-01T00:00:00Z,2000-01-01T00:00:00Z
http://www.wikidata.org/entity/Q925323,http://www.wikidata.org/entity/Q51976,25.0,2010-01-01T00:00:00Z,2012-01-01T00:00:00Z
http://www.wikidata.org/entity/Q930266,http://www.wikidata.org/entity/Q51974,0.0,2008-01-01T00:00:00Z,2012-01-01T00:00:00Z
http://www.wikidata.org/entity/Q931891,http://www.wikidata.org/entity/Q38245,11.0,2009-01-01T00:00:00Z,2011-01-01T00:00:00Z
http://www.wikidata.org/entity/Q932917,http://www.wikidata.org/entity/Q51976,60.0,2011-01-01T00:00:00Z,2014-01-01T00:00:00Z
http://www.wikidata.org/entity/Q933318,http://www.wikidata.org/entity/Q38245,6.0,2009-01-01T00:00:00Z,2009-01-01T00:00:00Z
http://www.wikidata.org/entity/Q936843,http://www.wikidata.org/entity/Q51974,22.0,2005-01-01T00:00:00Z,2006-01-01T00:00:00Z
http://www.wikidata.org/entity/Q937464,http://www.wikidata.org/entity/Q33748,77.0,1998-01-01T00:00:00Z,2002-01-01T00:00:00Z
http://www.wikidata.org/entity/Q941320,http://www.wikidata.org/entity/Q33748,4.0,2004-01-01T00:00:00Z,2005-01-01T00:00:00Z
http://www.wikidata.org/entity/Q941320,http://www.wikidata.org/entity/Q41420,76.0,1994-01-01T00:00:00Z,2000-01-01T00:00:00Z
http://www.wikidata.org/entity/Q941975,http://www.wikidata.org/entity/Q51974,0.0,2009-01-01T00:00:00Z,2011-01-01T00:00:00Z
http://www.wikidata.org/entity/Q943959,http://www.wikidata.org/entity/Q51974,12.0,2009-01-01T00:00:00Z,2009-01-01T00:00:00Z
http://www.wikidata.org/entity/Q946407,http://www.wikidata.org/entity/Q51974,12.0,2001-01-01T00:00:00Z,2003-01-01T00:00:00Z
http://www.wikidata.org/entity/Q949582,http://www.wikidata.org/entity/Q51976,40.0,2013-01-01T00:00:00Z,2015-01-01T00:00:00Z
http://www.wikidata.org/entity/Q950291,http://www.wikidata.org/entity/Q38245,10.0,2008-01-01T00:00:00Z,2008-01-01T00:00:00Z
http://www.wikidata.org/entity/Q950291,http://www.wikidata.org/entity/Q38245,10.0,2008-01-01T00:00:00Z,2009-01-01T00:00:00Z
http://www.wikidata.org/entity/Q950537,http://www.wikidata.org/entity/Q38245,38.0,2001-01-01T00:00:00Z,2002-01-01T00:00:00Z
http://www.wikidata.org/entity/Q950619,http://www.wikidata.org/entity/Q38245,4.0,2012-01-01T00:00:00Z,2012-01-01T00:00:00Z
http://www.wikidata.org/entity/Q953765,http://www.wikidata.org/entity/Q51976,68.0,1999-01-01T00:00:00Z,2003-01-01T00:00:00Z
http://www.wikidata.org/entity/Q954148,http://www.wikidata.org/entity/Q33748,3.0,2001-01-01T00:00:00Z,2001-01-01T00:00:00Z
http://www.wikidata.org/entity/Q954339,http://www.wikidata.org/entity/Q33748,7.0,2006-01-01T00:00:00Z,2006-01-01T00:00:00Z
http://www.wikidata.org/entity/Q954339,http://www.wikidata.org/entity/Q33748,7.0,2006-01-01T00:00:00Z,2007-01-01T00:00:00Z
http://www.wikidata.org/entity/Q956120,http://www.wikidata.org/entity/Q41420,10.0,2005-01-01T00:00:00Z,2006-01-01T00:00:00Z
http://www.wikidata.org/entity/Q958168,http://www.wikidata.org/entity/Q51974,4.0,1999-01-01T00:00:00Z,2000-01-01T00:00:00Z
http://www.wikidata.org/entity/Q96217,http://www.wikidata.org/entity/Q33748,12.0,2000-01-01T00:00:00Z,2000-01-01T00:00:00Z
http://www.wikidata.org/entity/Q96217,http://www.wikidata.org/entity/Q33748,12.0,1999-01-01T00:00:00Z,2000-01-01T00:00:00Z
http://www.wikidata.org/entity/Q962259,http://www.wikidata.org/entity/Q33748,6.0,2003-01-01T00:00:00Z,2004-01-01T00:00:00Z
http://www.wikidata.org/entity/Q962259,http://www.wikidata.org/entity/Q33748,58.0,2000-01-01T00:00:00Z,2002-01-01T00:00:00Z
http://www.wikidata.org/entity/Q96430,http://www.wikidata.org/entity/Q41420,84.0,1999-07-01T00:00:00Z,2004-01-01T00:00:00Z
http://www.wikidata.org/entity/Q96624,http://www.wikidata.org/entity/Q38245,26.0,2003-01-01T00:00:00Z,2006-01-01T00:00:00Z
http://www.wikidata.org/entity/Q969299,http://www.wikidata.org/entity/Q51974,21.0,2011-01-01T00:00:00Z,2013-01-01T00:00:00Z
http://www.wikidata.org/entity/Q978250,http://www.wikidata.org/entity/Q51976,21.0,2012-01-01T00:00:00Z,2014-01-01T00:00:00Z
http://www.wikidata.org/entity/Q978525,http://www.wikidata.org/entity/Q33748,3.0,2011-01-01T00:00:00Z,2013-01-01T00:00:00Z
http://www.wikidata.org/entity/Q981318,http://www.wikidata.org/entity/Q51974,111.0,1997-01-01T00:00:00Z,2004-01-01T00:00:00Z
http://www.wikidata.org/entity/Q982163,http://www.wikidata.org/entity/Q33748,94.0,2018-07-01T00:00:00Z,2021-06-01T00:00:00Z
http://www.wikidata.org/entity/Q982262,http://www.wikidata.org/entity/Q51974,26.0,1997-01-01T00:00:00Z,1999-01-01T00:00:00Z
http://www.wikidata.org/entity/Q98247,http://www.wikidata.org/entity/Q38245,17.0,2004-01-01T00:00:00Z,2005-01-01T00:00:00Z
http://www.wikidata.org/entity/Q983677,http://www.wikidata.org/entity/Q51974,16.0,2002-01-01T00:00:00Z,2003-01-01T00:00:00Z
http://www.wikidata.org/entity/Q17987582,http://www.wikidata.org/entity/Q38245,25.0,2016-07-01T00:00:00Z,2017-06-01T00:00:00Z
http://www.wikidata.org/entity/Q15113616,http://www.wikidata.org/entity/Q51976,7.0,2025-01-01T00:00:00Z,2025-01-01T00:00:00Z
http://www.wikidata.org/entity/Q18719633,http://www.wikidata.org/entity/Q38245,63.0,2021-01-01T00:00:00Z,2024-01-01T00:00:00Z
http://www.wikidata.org/entity/Q18719633,http://www.wikidata.org/entity/Q51976,19.0,2023-01-01T00:00:00Z,2024-01-01T00:00:00Z
http://www.wikidata.org/entity/Q673702,http://www.wikidata.org/entity/Q38245,20.0,2020-01-01T00:00:00Z,2022-01-01T00:00:00Z
http://www.wikidata.org/entity/Q28692516,http://www.wikidata.org/entity/Q51976,16.0,2018-01-01T00:00:00Z,2019-01-01T00:00:00Z
http://www.wikidata.org/entity/Q30080273,http://www.wikidata.org/entity/Q51976,181.0,2019-01-01T00:00:00Z,2026-01-01T00:00:00Z
http://www.wikidata.org/entity/Q18551518,http://www.wikidata.org/entity/Q51974,20.0,2018-01-01T00:00:00Z,2019-01-01T00:00:00Z
http://www.wikidata.org/entity/Q24061870,http://www.wikidata.org/entity/Q41420,23.0,2021-01-01T00:00:00Z,2022-01-01T00:00:00Z
http://www.wikidata.org/entity/Q109397,http://www.wikidata.org/entity/Q51976,44.0,2018-01-01T00:00:00Z,2020-01-01T00:00:00Z
http://www.wikidata.org/entity/Q128920,http://www.wikidata.org/entity/Q51976,125.0,2016-01-01T00:00:00Z,2021-01-01T00:00:00Z
http://www.wikidata.org/entity/Q64606160,http://www.wikidata.org/entity/Q41420,27.0,2020-01-01T00:00:00Z,2022-01-01T00:00:00Z
http://www.wikidata.org/entity/Q20641500,http://www.wikidata.org/entity/Q38245,82.0,2023-01-01T00:00:00Z,2026-08-01T00:00:00Z
http://www.wikidata.org/entity/Q26212027,http://www.wikidata.org/entity/Q51974,1.0,2015-01-01T00:00:00Z,2019-01-01T00:00:00Z
http://www.wikidata.org/entity/Q84158344,http://www.wikidata.org/entity/Q51976,48.0,2020-01-01T00:00:00Z,2024-01-01T00:00:00Z
http://www.wikidata.org/entity/Q19938984,http://www.wikidata.org/entity/Q41420,119.0,2018-01-01T00:00:00Z,2022-01-01T00:00:00Z
http://www.wikidata.org/entity/Q115162374,http://www.wikidata.org/entity/Q51974,28.0,2025-08-01T00:00:00Z,2026-06-01T00:00:00Z
http://www.wikidata.org/entity/Q135968088,http://www.wikidata.org/entity/Q51976,27.0,2025-01-01T00:00:00Z,2026-08-01T00:00:00Z
http://www.wikidata.org/entity/Q3341549,http://www.wikidata.org/entity/Q51976,75.0,2022-01-01T00:00:00Z,
http://www.wikidata.org/entity/Q30148558,http://www.wikidata.org/entity/Q41420,104.0,2017-01-01T00:00:00Z,2021-01-01T00:00:00Z
http://www.wikidata.org/entity/Q30148558,http://www.wikidata.org/entity/Q41420,14.0,2024-01-11T00:00:00Z,2024-06-30T00:00:00Z
http://www.wikidata.org/entity/Q31664,http://www.wikidata.org/entity/Q51974,8.0,2005-01-01T00:00:00Z,2006-01-01T00:00:00Z
http://www.wikidata.org/entity/Q31803,http://www.wikidata.org/entity/Q51976,38.0,2016-01-01T00:00:00Z,2018-01-01T00:00:00Z
http://www.wikidata.org/entity/Q318104,http://www.wikidata.org/entity/Q51976,64.0,2004-01-01T00:00:00Z,2007-01-01T00:00:00Z
http://www.wikidata.org/entity/Q318262,http://www.wikidata.org/entity/Q51974,38.0,1997-01-01T00:00:00Z,1999-01-01T00:00:00Z
http://www.wikidata.org/entity/Q318524,http://www.wikidata.org/entity/Q33748,9.0,2010-01-01T00:00:00Z,2010-01-01T00:00:00Z
http://www.wikidata.org/entity/Q318563,http://www.wikidata.org/entity/Q38245,140.0,2005-01-01T00:00:00Z,2012-01-01T00:00:00Z
http://www.wikidata.org/entity/Q318563,http://www.wikidata.org/entity/Q38245,15.0,2004-01-01T00:00:00Z,2004-01-01T00:00:00Z
http://www.wikidata.org/entity/Q318747,http://www.wikidata.org/entity/Q51974,8.0,1998-01-01T00:00:00Z,1999-01-01T00:00:00Z
http://www.wikidata.org/entity/Q3189078,http://www.wikidata.org/entity/Q41420,218.0,2019-01-01T00:00:00Z,2026-01-01T00:00:00Z
http://www.wikidata.org/entity/Q319131,http://www.wikidata.org/entity/Q51974,83.0,1999-01-01T00:00:00Z,2002-01-01T00:00:00Z
http://www.wikidata.org/entity/Q319220,http://www.wikidata.org/entity/Q33748,68.0,2003-01-01T00:00:00Z,2008-01-01T00:00:00Z
http://www.wikidata.org/entity/Q319465,http://www.wikidata.org/entity/Q51974,12.0,2005-01-01T00:00:00Z,2008-01-01T00:00:00Z
http://www.wikidata.org/entity/Q319493,http://www.wikidata.org/entity/Q51974,27.0,2003-01-01T00:00:00Z,2007-01-01T00:00:00Z
http://www.wikidata.org/entity/Q320182,http://www.wikidata.org/entity/Q51976,30.0,1997-01-01T00:00:00Z,2001-01-01T00:00:00Z
http://www.wikidata.org/entity/Q320628,http://www.wikidata.org/entity/Q51974,3.0,2011-01-01T00:00:00Z,2014-01-01T00:00:00Z
http://www.wikidata.org/entity/Q320751,http://www.wikidata.org/entity/Q41420,24.0,2004-01-01T00:00:00Z,2008-01-01T00:00:00Z
http://www.wikidata.org/entity/Q3209607,http://www.wikidata.org/entity/Q38245,29.0,2018-07-01T00:00:00Z,2020-01-01T00:00:00Z
http://www.wikidata.org/entity/Q3209607,http://www.wikidata.org/entity/Q38245,49.0,2016-07-01T00:00:00Z,2018-07-01T00:00:00Z
http://www.wikidata.org/entity/Q321567,http://www.wikidata.org/entity/Q41420,19.0,2008-01-01T00:00:00Z,2008-01-01T00:00:00Z
http://www.wikidata.org/entity/Q322157,http://www.wikidata.org/entity/Q33748,43.0,2002-07-01T00:00:00Z,2004-07-01T00:00:00Z
http://www.wikidata.org/entity/Q322190,http://www.wikidata.org/entity/Q33748,17.0,2001-01-01T00:00:00Z,2002-01-01T00:00:00Z
http://www.wikidata.org/entity/Q322416,http://www.wikidata.org/entity/Q38245,56.0,2003-01-01T00:00:00Z,2006-01-01T00:00:00Z
http://www.wikidata.org/entity/Q322662,http://www.wikidata.org/entity/Q33748,2.0,2003-01-01T00:00:00Z,2010-01-01T00:00:00Z
http://www.wikidata.org/entity/Q322692,http://www.wikidata.org/entity/Q41420,8.0,2006-01-01T00:00:00Z,2009-01-01T00:00:00Z
http://www.wikidata.org/entity/Q323045,http://www.wikidata.org/entity/Q41420,3.0,2007-01-01T00:00:00Z,2009-01-01T00:00:00Z
http://www.wikidata.org/entity/Q3237195,http://www.wikidata.org/entity/Q51976,13.0,2012-01-01T00:00:00Z,2016-01-01T00:00:00Z
http://www.wikidata.org/entity/Q323944,http://www.wikidata.org/entity/Q38245,47.0,1998-01-01T00:00:00Z,1999-01-01T00:00:00Z
http://www.wikidata.org/entity/Q324211,http://www.wikidata.org/entity/Q41420,5.0,2008-01-01T00:00:00Z,2010-01-01T00:00:00Z
http://www.wikidata.org/entity/Q326159,http://www.wikidata.org/entity/Q41420,29.0,2023-01-01T00:00:00Z,2024-08-01T00:00:00Z
http://www.wikidata.org/entity/Q326159,http://www.wikidata.org/entity/Q51976,90.0,2019-01-01T00:00:00Z,2023-01-01T00:00:00Z
http://www.wikidata.org/entity/Q326159,http://www.wikidata.org/entity/Q51976,23.0,2012-01-01T00:00:00Z,2014-01-01T00:00:00Z
http://www.wikidata.org/entity/Q326159,http://www.wikidata.org/entity/Q33748,75.0,2016-01-01T00:00:00Z,2019-01-01T00:00:00Z
http://www.wikidata.org/entity/Q326665,http://www.wikidata.org/entity/Q41420,7.0,2009-01-01T00:00:00Z,2012-01-01T00:00:00Z
http://www.wikidata.org/entity/Q326741,http://www.wikidata.org/entity/Q38245,13.0,2001-01-01T00:00:00Z,2002-01-01T00:00:00Z
http://www.wikidata.org/entity/Q326799,http://www.wikidata.org/entity/Q51976,0.0,2009-01-01T00:00:00Z,2011-01-01T00:00:00Z
http://www.wikidata.org/entity/Q326808,http://www.wikidata.org/entity/Q41420,3.0,2008-01-01T00:00:00Z,2010-01-01T00:00:00Z
http://www.wikidata.org/entity/Q327285,http://www.wikidata.org/entity/Q41420,307.0,1992-01-01T00:00:00Z,2004-01-01T00:00:00Z
http://www.wikidata.org/entity/Q327433,http://www.wikidata.org/entity/Q41420,0.0,2004-01-01T00:00:00Z,2005-01-01T00:00:00Z
http://www.wikidata.org/entity/Q328967,http://www.wikidata.org/entity/Q38245,3.0,2001-01-01T00:00:00Z,2001-01-01T00:00:00Z
http://www.wikidata.org/entity/Q328984,http://www.wikidata.org/entity/Q51976,0.0,2007-01-01T00:00:00Z,2009-01-01T00:00:00Z
http://www.wikidata.org/entity/Q3291229,http://www.wikidata.org/entity/Q41420,2.0,2013-01-01T00:00:00Z,2016-01-01T00:00:00Z
http://www.wikidata.org/entity/Q330974,http://www.wikidata.org/entity/Q33748,5.0,1999-01-01T00:00:00Z,2000-01-01T00:00:00Z
http://www.wikidata.org/entity/Q331975,http://www.wikidata.org/entity/Q38245,38.0,2006-01-01T00:00:00Z,2007-01-01T00:00:00Z
http://www.wikidata.org/entity/Q331975,http://www.wikidata.org/entity/Q51974,97.0,2003-01-01T00:00:00Z,2006-01-01T00:00:00Z
http://www.wikidata.org/entity/Q334859,http://www.wikidata.org/entity/Q38245,48.0,2008-01-01T00:00:00Z,2012-01-01T00:00:00Z
http://www.wikidata.org/entity/Q335413,http://www.wikidata.org/entity/Q51974,83.0,2009-01-01T00:00:00Z,2015-01-01T00:00:00Z
http://www.wikidata.org/entity/Q335653,http://www.wikidata.org/entity/Q41420,7.0,2011-01-01T00:00:00Z,2013-01-01T00:00:00Z
http://www.wikidata.org/entity/Q342312,http://www.wikidata.org/entity/Q33748,29.0,2014-01-01T00:00:00Z,2015-01-01T00:00:00Z
http://www.wikidata.org/entity/Q342530,http://www.wikidata.org/entity/Q33748,44.0,2008-01-01T00:00:00Z,2011-01-01T00:00:00Z
http://www.wikidata.org/entity/Q343950,http://www.wikidata.org/entity/Q51976,28.0,2006-01-01T00:00:00Z,2008-01-01T00:00:00Z
http://www.wikidata.org/entity/Q346735,http://www.wikidata.org/entity/Q51974,36.0,2004-01-01T00:00:00Z,2006-01-01T00:00:00Z
http://www.wikidata.org/entity/Q347423,http://www.wikidata.org/entity/Q51976,7.0,2000-01-01T00:00:00Z,2001-01-01T00:00:00Z
http://www.wikidata.org/entity/Q349148,http://www.wikidata.org/entity/Q38245,15.0,2010-01-01T00:00:00Z,2012-01-01T00:00:00Z
http://www.wikidata.org/entity/Q349379,http://www.wikidata.org/entity/Q51976,31.0,2007-01-01T00:00:00Z,2009-01-01T00:00:00Z
http://www.wikidata.org/entity/Q349379,http://www.wikidata.org/entity/Q51974,31.0,2006-01-01T00:00:00Z,2007-01-01T00:00:00Z
http://www.wikidata.org/entity/Q349383,http://www.wikidata.org/entity/Q33748,93.0,2008-01-01T00:00:00Z,2013-01-01T00:00:00Z
http://www.wikidata.org/entity/Q350351,http://www.wikidata.org/entity/Q33748,80.0,2010-01-01T00:00:00Z,2013-01-01T00:00:00Z
http://www.wikidata.org/entity/Q350396,http://www.wikidata.org/entity/Q51974,42.0,2011-01-01T00:00:00Z,2015-01-01T00:00:00Z
http://www.wikidata.org/entity/Q350536,http://www.wikidata.org/entity/Q41420,14.0,2003-01-01T00:00:00Z,2004-01-01T00:00:00Z
http://www.wikidata.org/entity/Q350607,http://www.wikidata.org/entity/Q51976,22.0,2007-01-01T00:00:00Z,2010-01-01T00:00:00Z
http://www.wikidata.org/entity/Q351463,http://www.wikidata.org/entity/Q41420,51.0,2008-01-01T00:00:00Z,2010-01-01T00:00:00Z
http://www.wikidata.org/entity/Q354919,http://www.wikidata.org/entity/Q51974,131.0,2005-01-01T00:00:00Z,2011-01-01T00:00:00Z
http://www.wikidata.org/entity/Q354919,http://www.wikidata.org/entity/Q41420,33.0,2002-01-01T00:00:00Z,2005-01-01T00:00:00Z
http://www.wikidata.org/entity/Q357190,http://www.wikidata.org/entity/Q33748,3.0,2004-01-01T00:00:00Z,2004-01-01T00:00:00Z
http://www.wikidata.org/entity/Q357205,http://www.wikidata.org/entity/Q38245,120.0,2005-01-01T00:00:00Z,2010-01-01T00:00:00Z
http://www.wikidata.org/entity/Q357984,http://www.wikidata.org/entity/Q51976,33.0,2012-01-01T00:00:00Z,2013-01-01T00:00:00Z
http://www.wikidata.org/entity/Q359392,http://www.wikidata.org/entity/Q51974,83.0,2005-01-01T00:00:00Z,2009-01-01T00:00:00Z
http://www.wikidata.org/entity/Q360056,http://www.wikidata.org/entity/Q51976,90.0,2005-01-01T00:00:00Z,2011-01-01T00:00:00Z
http://www.wikidata.org/entity/Q360296,http://www.wikidata.org/entity/Q51974,17.0,2007-01-01T00:00:00Z,2012-01-01T00:00:00Z
http://www.wikidata.org/entity/Q3605619,http://www.wikidata.org/entity/Q51976,16.0,1997-01-01T00:00:00Z,1999-01-01T00:00:00Z
http://www.wikidata.org/entity/Q472300,http://www.wikidata.org/entity/Q41420,60.0,2023-07-24T00:00:00Z,
http://www.wikidata.org/entity/Q455312,http://www.wikidata.org/entity/Q33748,60.0,2002-01-01T00:00:00Z,2006-01-01T00:00:00Z
http://www.wikidata.org/entity/Q455312,http://www.wikidata.org/entity/Q38245,26.0,2011-01-01T00:00:00Z,2012-01-01T00:00:00Z
http://www.wikidata.org/entity/Q455870,http://www.wikidata.org/entity/Q51976,0.0,2006-01-01T00:00:00Z,2008-01-01T00:00:00Z
http://www.wikidata.org/entity/Q456652,http://www.wikidata.org/entity/Q33748,18.0,2007-01-01T00:00:00Z,2009-01-01T00:00:00Z
http://www.wikidata.org/entity/Q456652,http://www.wikidata.org/entity/Q51976,64.0,2003-01-01T00:00:00Z,2005-01-01T00:00:00Z
http://www.wikidata.org/entity/Q458101,http://www.wikidata.org/entity/Q41420,24.0,2014-01-01T00:00:00Z,2015-01-01T00:00:00Z
http://www.wikidata.org/entity/Q460353,http://www.wikidata.org/entity/Q51974,3.0,2000-01-01T00:00:00Z,2001-01-01T00:00:00Z
http://www.wikidata.org/entity/Q460781,http://www.wikidata.org/entity/Q33748,0.0,2006-01-01T00:00:00Z,2008-01-01T00:00:00Z
http://www.wikidata.org/entity/Q460816,http://www.wikidata.org/entity/Q51976,32.0,2000-01-01T00:00:00Z,2005-01-01T00:00:00Z
http://www.wikidata.org/entity/Q460830,http://www.wikidata.org/entity/Q51974,321.0,1987-01-01T00:00:00Z,2000-01-01T00:00:00Z
http://www.wikidata.org/entity/Q461200,http://www.wikidata.org/entity/Q38245,4.0,2014-01-01T00:00:00Z,2014-01-01T00:00:00Z
http://www.wikidata.org/entity/Q461995,http://www.wikidata.org/entity/Q51976,52.0,2000-01-01T00:00:00Z,2004-01-01T00:00:00Z
http://www.wikidata.org/entity/Q462258,http://www.wikidata.org/entity/Q51974,151.0,1997-01-01T00:00:00Z,2003-01-01T00:00:00Z
http://www.wikidata.org/entity/Q462258,http://www.wikidata.org/entity/Q38245,15.0,2004-01-01T00:00:00Z,2004-01-01T00:00:00Z
http://www.wikidata.org/entity/Q463336,http://www.wikidata.org/entity/Q33748,51.0,2012-01-01T00:00:00Z,2014-01-01T00:00:00Z
http://www.wikidata.org/entity/Q463336,http://www.wikidata.org/entity/Q33748,81.0,2006-01-01T00:00:00Z,2009-01-01T00:00:00Z
http://www.wikidata.org/entity/Q463879,http://www.wikidata.org/entity/Q38245,50.0,1996-01-01T00:00:00Z,2000-01-01T00:00:00Z
http://www.wikidata.org/entity/Q464669,http://www.wikidata.org/entity/Q41420,25.0,1998-01-01T00:00:00Z,1999-01-01T00:00:00Z
http://www.wikidata.org/entity/Q464669,http://www.wikidata.org/entity/Q38245,34.0,1999-01-01T00:00:00Z,2000-01-01T00:00:00Z
http://www.wikidata.org/entity/Q464981,http://www.wikidata.org/entity/Q51974,77.0,2002-01-01T00:00:00Z,2005-01-01T00:00:00Z
http://www.wikidata.org/entity/Q466235,http://www.wikidata.org/entity/Q41420,170.0,1991-01-01T00:00:00Z,1999-01-01T00:00:00Z
http://www.wikidata.org/entity/Q466678,http://www.wikidata.org/entity/Q33748,39.0,2002-01-01T00:00:00Z,2004-01-01T00:00:00Z
http://www.wikidata.org/entity/Q468114,http://www.wikidata.org/entity/Q33748,30.0,2013-01-01T00:00:00Z,2014-01-01T00:00:00Z
http://www.wikidata.org/entity/Q468507,http://www.wikidata.org/entity/Q51974,64.0,2001-01-01T00:00:00Z,2007-01-01T00:00:00Z
http://www.wikidata.org/entity/Q468518,http://www.wikidata.org/entity/Q51974,29.0,2002-01-01T00:00:00Z,2003-01-01T00:00:00Z
http://www.wikidata.org/entity/Q468526,http://www.wikidata.org/entity/Q51974,23.0,2004-01-01T00:00:00Z,2009-01-01T00:00:00Z
http://www.wikidata.org/entity/Q470558,http://www.wikidata.org/entity/Q51974,32.0,1998-01-01T00:00:00Z,2000-01-01T00:00:00Z
http://www.wikidata.org/entity/Q471975,http://www.wikidata.org/entity/Q51974,10.0,2004-01-01T00:00:00Z,2005-01-01T00:00:00Z
http://www.wikidata.org/entity/Q472293,http://www.wikidata.org/entity/Q51974,4.0,2007-01-01T00:00:00Z,2008-01-01T00:00:00Z
http://www.wikidata.org/entity/Q472293,http://www.wikidata.org/entity/Q33748,97.0,1996-01-01T00:00:00Z,1999-01-01T00:00:00Z
http://www.wikidata.org/entity/Q472293,http://www.wikidata.org/entity/Q41420,75.0,1999-01-01T00:00:00Z,2005-01-01T00:00:00Z
http://www.wikidata.org/entity/Q4747946,http://www.wikidata.org/entity/Q41420,0.0,1998-01-01T00:00:00Z,2000-01-01T00:00:00Z
http://www.wikidata.org/entity/Q474847,http://www.wikidata.org/entity/Q41420,5.0,2005-01-01T00:00:00Z,2010-01-01T00:00:00Z
http://www.wikidata.org/entity/Q475984,http://www.wikidata.org/entity/Q38245,1.0,2007-01-01T00:00:00Z,2010-01-01T00:00:00Z
http://www.wikidata.org/entity/Q476232,http://www.wikidata.org/entity/Q33748,44.0,2010-01-01T00:00:00Z,2012-01-01T00:00:00Z
http://www.wikidata.org/entity/Q477111,http://www.wikidata.org/entity/Q33748,97.0,2007-01-01T00:00:00Z,2011-01-01T00:00:00Z
http://www.wikidata.org/entity/Q477440,http://www.wikidata.org/entity/Q38245,1.0,2008-01-01T00:00:00Z,2010-01-01T00:00:00Z
http://www.wikidata.org/entity/Q479732,http://www.wikidata.org/entity/Q51976,5.0,2010-01-01T00:00:00Z,2012-01-01T00:00:00Z
http://www.wikidata.org/entity/Q479732,http://www.wikidata.org/entity/Q51976,6.0,2016-01-01T00:00:00Z,2016-01-01T00:00:00Z
http://www.wikidata.org/entity/Q479967,http://www.wikidata.org/entity/Q38245,0.0,2000-01-01T00:00:00Z,2000-01-01T00:00:00Z
http://www.wikidata.org/entity/Q4803895,http://www.wikidata.org/entity/Q33748,0.0,1999-01-01T00:00:00Z,1999-01-01T00:00:00Z
http://www.wikidata.org/entity/Q4806248,http://www.wikidata.org/entity/Q51976,98.0,2017-07-01T00:00:00Z,2021-08-14T00:00:00Z
http://www.wikidata.org/entity/Q480702,http://www.wikidata.org/entity/Q51976,3.0,2011-01-01T00:00:00Z,2014-01-01T00:00:00Z
http://www.wikidata.org/entity/Q481241,http://www.wikidata.org/entity/Q51976,5.0,2011-01-01T00:00:00Z,2014-01-01T00:00:00Z
http://www.wikidata.org/entity/Q486787,http://www.wikidata.org/entity/Q38245,19.0,2001-01-01T00:00:00Z,2002-01-01T00:00:00Z
http://www.wikidata.org/entity/Q487074,http://www.wikidata.org/entity/Q51976,0.0,1996-01-01T00:00:00Z,2000-01-01T00:00:00Z
http://www.wikidata.org/entity/Q4888929,http://www.wikidata.org/entity/Q51974,2.0,2000-01-01T00:00:00Z,2001-01-01T00:00:00Z
http://www.wikidata.org/entity/Q493072,http://www.wikidata.org/entity/Q51976,56.0,1998-01-01T00:00:00Z,2002-01-01T00:00:00Z
http://www.wikidata.org/entity/Q493156,http://www.wikidata.org/entity/Q33748,5.0,2015-01-01T00:00:00Z,2015-01-01T00:00:00Z
http://www.wikidata.org/entity/Q494608,http://www.wikidata.org/entity/Q51976,1.0,2008-01-01T00:00:00Z,2011-01-01T00:00:00Z
http://www.wikidata.org/entity/Q494643,http://www.wikidata.org/entity/Q51976,62.0,2009-01-01T00:00:00Z,2014-01-01T00:00:00Z
http://www.wikidata.org/entity/Q494659,http://www.wikidata.org/entity/Q51976,10.0,2008-01-01T00:00:00Z,2011-01-01T00:00:00Z
http://www.wikidata.org/entity/Q50233588,http://www.wikidata.org/entity/Q41420,7.0,2019-01-01T00:00:00Z,2021-01-01T00:00:00Z
http://www.wikidata.org/entity/Q58457114,http://www.wikidata.org/entity/Q22707,35.0,2017-01-01T00:00:00Z,
http://www.wikidata.org/entity/Q59782306,http://www.wikidata.org/entity/Q22707,27.0,2024-01-01T00:00:00Z,
http://www.wikidata.org/entity/Q60050172,http://www.wikidata.org/entity/Q22707,0.0,2024-08-27T00:00:00Z,
http://www.wikidata.org/entity/Q61741137,http://www.wikidata.org/entity/Q32494,5.0,2023-01-01T00:00:00Z,
http://www.wikidata.org/entity/Q1885,http://www.wikidata.org/entity/Q22707,11.0,2019-01-01T00:00:00Z,2020-01-01T00:00:00Z
http://www.wikidata.org/entity/Q573326,http://www.wikidata.org/entity/Q32494,16.0,2014-01-01T00:00:00Z,2015-01-01T00:00:00Z
http://www.wikidata.org/entity/Q573640,http://www.wikidata.org/entity/Q22707,55.0,2013-01-01T00:00:00Z,2015-01-01T00:00:00Z
http://www.wikidata.org/entity/Q581793,http://www.wikidata.org/entity/Q32494,51.0,1997-01-01T00:00:00Z,2000-01-01T00:00:00Z
http://www.wikidata.org/entity/Q590811,http://www.wikidata.org/entity/Q32494,44.0,1997-01-01T00:00:00Z,1999-01-01T00:00:00Z
http://www.wikidata.org/entity/Q602525,http://www.wikidata.org/entity/Q22707,140.0,2011-01-01T00:00:00Z,2015-01-01T00:00:00Z
http://www.wikidata.org/entity/Q605832,http://www.wikidata.org/entity/Q32494,134.0,1999-01-01T00:00:00Z,2005-01-01T00:00:00Z
http://www.wikidata.org/entity/Q615168,http://www.wikidata.org/entity/Q32494,43.0,2001-01-01T00:00:00Z,2004-01-01T00:00:00Z
http://www.wikidata.org/entity/Q632409,http://www.wikidata.org/entity/Q22707,12.0,2012-01-01T00:00:00Z,2013-01-01T00:00:00Z
http://www.wikidata.org/entity/Q6426085,http://www.wikidata.org/entity/Q32494,146.0,2013-01-01T00:00:00Z,2018-01-01T00:00:00Z
http://www.wikidata.org/entity/Q649420,http://www.wikidata.org/entity/Q22707,27.0,2009-01-01T00:00:00Z,2010-01-01T00:00:00Z
http://www.wikidata.org/entity/Q657182,http://www.wikidata.org/entity/Q32494,9.0,2005-01-01T00:00:00Z,2008-01-01T00:00:00Z
http://www.wikidata.org/entity/Q65801,http://www.wikidata.org/entity/Q22707,84.0,2011-01-01T00:00:00Z,2015-01-01T00:00:00Z
http://www.wikidata.org/entity/Q661794,http://www.wikidata.org/entity/Q22707,54.0,2010-01-01T00:00:00Z,2012-01-01T00:00:00Z
http://www.wikidata.org/entity/Q66294,http://www.wikidata.org/entity/Q32494,23.0,1999-01-01T00:00:00Z,2004-01-01T00:00:00Z
http://www.wikidata.org/entity/Q66358,http://www.wikidata.org/entity/Q22707,71.0,2011-01-01T00:00:00Z,2015-01-01T00:00:00Z
http://www.wikidata.org/entity/Q66712655,http://www.wikidata.org/entity/Q22707,63.0,2023-01-01T00:00:00Z,2025-01-01T00:00:00Z
http://www.wikidata.org/entity/Q66712680,http://www.wikidata.org/entity/Q22707,6.0,2023-01-01T00:00:00Z,2024-01-01T00:00:00Z
http://www.wikidata.org/entity/Q67240,http://www.wikidata.org/entity/Q22707,10.0,2012-01-01T00:00:00Z,2013-01-01T00:00:00Z
http://www.wikidata.org/entity/Q673691,http://www.wikidata.org/entity/Q22707,30.0,2015-01-01T00:00:00Z,2017-01-01T00:00:00Z
http://www.wikidata.org/entity/Q673702,http://www.wikidata.org/entity/Q22707,96.0,2014-01-01T00:00:00Z,2020-01-01T00:00:00Z
http://www.wikidata.org/entity/Q678622,http://www.wikidata.org/entity/Q22707,46.0,2013-01-01T00:00:00Z,2015-01-01T00:00:00Z
http://www.wikidata.org/entity/Q683919,http://www.wikidata.org/entity/Q32494,9.0,2009-01-01T00:00:00Z,2012-01-01T00:00:00Z
http://www.wikidata.org/entity/Q685420,http://www.wikidata.org/entity/Q32494,1.0,2005-01-01T00:00:00Z,2008-01-01T00:00:00Z
http://www.wikidata.org/entity/Q68676722,http://www.wikidata.org/entity/Q22707,47.0,2021-01-01T00:00:00Z,2023-01-01T00:00:00Z
http://www.wikidata.org/entity/Q687813,http://www.wikidata.org/entity/Q22707,18.0,2012-01-01T00:00:00Z,2013-01-01T00:00:00Z
http://www.wikidata.org/entity/Q689208,http://www.wikidata.org/entity/Q32494,13.0,2007-01-01T00:00:00Z,2010-01-01T00:00:00Z
http://www.wikidata.org/entity/Q690028,http://www.wikidata.org/entity/Q22707,8.0,2007-01-01T00:00:00Z,2014-01-01T00:00:00Z
http://www.wikidata.org/entity/Q690129,http://www.wikidata.org/entity/Q22707,79.0,2006-01-01T00:00:00Z,2009-01-01T00:00:00Z
http://www.wikidata.org/entity/Q692353,http://www.wikidata.org/entity/Q32494,0.0,2008-01-01T00:00:00Z,2010-01-01T00:00:00Z
http://www.wikidata.org/entity/Q694014,http://www.wikidata.org/entity/Q32494,13.0,2021-02-01T00:00:00Z,2021-06-01T00:00:00Z
http://www.wikidata.org/entity/Q698944,http://www.wikidata.org/entity/Q32494,2.0,2003-01-01T00:00:00Z,2006-01-01T00:00:00Z
http://www.wikidata.org/entity/Q699094,http://www.wikidata.org/entity/Q22707,0.0,2011-07-01T00:00:00Z,2015-01-01T00:00:00Z
http://www.wikidata.org/entity/Q700165,http://www.wikidata.org/entity/Q22707,68.0,2006-08-18T00:00:00Z,2009-07-01T00:00:00Z
http://www.wikidata.org/entity/Q700992,http://www.wikidata.org/entity/Q22707,23.0,2006-01-01T00:00:00Z,2007-01-01T00:00:00Z
http://www.wikidata.org/entity/Q700992,http://www.wikidata.org/entity/Q22707,51.0,2007-01-01T00:00:00Z,2012-01-01T00:00:00Z
http://www.wikidata.org/entity/Q700992,http://www.wikidata.org/entity/Q22707,13.0,2005-01-01T00:00:00Z,2005-01-01T00:00:00Z
http://www.wikidata.org/entity/Q702242,http://www.wikidata.org/entity/Q32494,38.0,2010-01-01T00:00:00Z,2012-01-01T00:00:00Z
http://www.wikidata.org/entity/Q702371,http://www.wikidata.org/entity/Q32494,112.0,1998-01-01T00:00:00Z,2003-01-01T00:00:00Z
http://www.wikidata.org/entity/Q702762,http://www.wikidata.org/entity/Q22707,29.0,2009-01-01T00:00:00Z,2010-01-01T00:00:00Z
http://www.wikidata.org/entity/Q703757,http://www.wikidata.org/entity/Q32494,109.0,1995-01-01T00:00:00Z,1999-01-01T00:00:00Z
http://www.wikidata.org/entity/Q704296,http://www.wikidata.org/entity/Q32494,14.0,2008-01-01T00:00:00Z,2011-01-01T00:00:00Z
http://www.wikidata.org/entity/Q706744,http://www.wikidata.org/entity/Q32494,101.0,2000-01-01T00:00:00Z,2004-01-01T00:00:00Z
http://www.wikidata.org/entity/Q714546,http://www.wikidata.org/entity/Q32494,22.0,2010-01-01T00:00:00Z,2013-01-01T00:00:00Z
http://www.wikidata.org/entity/Q720593,http://www.wikidata.org/entity/Q32494,3.0,2008-01-01T00:00:00Z,2010-01-01T00:00:00Z
http://www.wikidata.org/entity/Q73398,http://www.wikidata.org/entity/Q22707,66.0,2006-01-01T00:00:00Z,2008-01-01T00:00:00Z
http://www.wikidata.org/entity/Q7352683,http://www.wikidata.org/entity/Q22707,70.0,2009-01-01T00:00:00Z,2012-01-01T00:00:00Z
http://www.wikidata.org/entity/Q736488,http://www.wikidata.org/entity/Q32494,82.0,2002-01-01T00:00:00Z,2009-01-01T00:00:00Z
http://www.wikidata.org/entity/Q740513,http://www.wikidata.org/entity/Q32494,26.0,2007-01-01T00:00:00Z,2008-01-01T00:00:00Z
http://www.wikidata.org/entity/Q74051767,http://www.wikidata.org/entity/Q22707,57.0,2021-01-01T00:00:00Z,2023-01-01T00:00:00Z
http://www.wikidata.org/entity/Q75946,http://www.wikidata.org/entity/Q32494,266.0,1988-01-01T00:00:00Z,2000-01-01T00:00:00Z
http://www.wikidata.org/entity/Q77941,http://www.wikidata.org/entity/Q22707,2.0,2006-01-01T00:00:00Z,2007-01-01T00:00:00Z
http://www.wikidata.org/entity/Q7803140,http://www.wikidata.org/entity/Q22707,1.0,2005-01-01T00:00:00Z,2006-01-01T00:00:00Z
http://www.wikidata.org/entity/Q81615,http://www.wikidata.org/entity/Q22707,59.0,2014-01-01T00:00:00Z,2017-01-01T00:00:00Z
http://www.wikidata.org/entity/Q817745,http://www.wikidata.org/entity/Q32494,76.0,2001-01-01T00:00:00Z,2004-01-01T00:00:00Z
http://www.wikidata.org/entity/Q821211,http://www.wikidata.org/entity/Q22707,36.0,2023-01-01T00:00:00Z,2024-01-01T00:00:00Z
http://www.wikidata.org/entity/Q822781,http://www.wikidata.org/entity/Q22707,5.0,2011-01-01T00:00:00Z,2011-01-01T00:00:00Z
http://www.wikidata.org/entity/Q27694,http://www.wikidata.org/entity/Q41420,136.0,2020-07-01T00:00:00Z,
http://www.wikidata.org/entity/Q36184031,http://www.wikidata.org/entity/Q41420,149.0,2021-07-01T00:00:00Z,
http://www.wikidata.org/entity/Q41445080,http://www.wikidata.org/entity/Q51974,8.0,2017-01-01T00:00:00Z,
http://www.wikidata.org/entity/Q25718,http://www.wikidata.org/entity/Q33748,0.0,2003-01-01T00:00:00Z,2004-01-01T00:00:00Z
http://www.wikidata.org/entity/Q27694,http://www.wikidata.org/entity/Q41420,12.0,2020-01-01T00:00:00Z,2020-06-01T00:00:00Z
http://www.wikidata.org/entity/Q29162,http://www.wikidata.org/entity/Q41420,149.0,2001-01-01T00:00:00Z,2006-01-01T00:00:00Z
http://www.wikidata.org/entity/Q362296,http://www.wikidata.org/entity/Q33748,107.0,2009-01-01T00:00:00Z,2013-01-01T00:00:00Z
http://www.wikidata.org/entity/Q362857,http://www.wikidata.org/entity/Q33748,78.0,2002-01-01T00:00:00Z,2005-01-01T00:00:00Z
http://www.wikidata.org/entity/Q36391177,http://www.wikidata.org/entity/Q41420,0.0,2017-01-01T00:00:00Z,2018-01-01T00:00:00Z
http://www.wikidata.org/entity/Q36391177,http://www.wikidata.org/entity/Q51976,0.0,2018-01-01T00:00:00Z,2022-01-01T00:00:00Z
http://www.wikidata.org/entity/Q365175,http://www.wikidata.org/entity/Q41420,30.0,1999-01-01T00:00:00Z,2001-01-01T00:00:00Z
http://www.wikidata.org/entity/Q366258,http://www.wikidata.org/entity/Q51974,41.0,1998-01-01T00:00:00Z,2001-01-01T00:00:00Z
http://www.wikidata.org/entity/Q369771,http://www.wikidata.org/entity/Q51974,3.0,2010-01-01T00:00:00Z,2012-01-01T00:00:00Z
http://www.wikidata.org/entity/Q370014,http://www.wikidata.org/entity/Q51974,9.0,2008-01-01T00:00:00Z,2009-01-01T00:00:00Z
http://www.wikidata.org/entity/Q3701293,http://www.wikidata.org/entity/Q38245,9.0,1998-01-01T00:00:00Z,1999-01-01T00:00:00Z
http://www.wikidata.org/entity/Q370348,http://www.wikidata.org/entity/Q41420,52.0,2014-01-01T00:00:00Z,2017-06-01T00:00:00Z
http://www.wikidata.org/entity/Q370507,http://www.wikidata.org/entity/Q51976,5.0,2009-01-01T00:00:00Z,2009-01-01T00:00:00Z
http://www.wikidata.org/entity/Q371652,http://www.wikidata.org/entity/Q51974,54.0,2015-01-01T00:00:00Z,2018-01-01T00:00:00Z
http://www.wikidata.org/entity/Q371788,http://www.wikidata.org/entity/Q41420,0.0,2014-01-01T00:00:00Z,2014-01-01T00:00:00Z
http://www.wikidata.org/entity/Q372276,http://www.wikidata.org/entity/Q33748,14.0,2020-01-01T00:00:00Z,2020-01-01T00:00:00Z
http://www.wikidata.org/entity/Q3723927,http://www.wikidata.org/entity/Q51974,2.0,1999-01-01T00:00:00Z,2000-01-01T00:00:00Z
http://www.wikidata.org/entity/Q373742,http://www.wikidata.org/entity/Q33748,4.0,2012-01-01T00:00:00Z,2015-01-01T00:00:00Z
http://www.wikidata.org/entity/Q376323,http://www.wikidata.org/entity/Q33748,7.0,2015-01-01T00:00:00Z,2015-01-01T00:00:00Z
http://www.wikidata.org/entity/Q376323,http://www.wikidata.org/entity/Q33748,124.0,2009-01-01T00:00:00Z,2014-01-01T00:00:00Z
http://www.wikidata.org/entity/Q376386,http://www.wikidata.org/entity/Q38245,15.0,2015-01-01T00:00:00Z,2016-01-01T00:00:00Z
http://www.wikidata.org/entity/Q377432,http://www.wikidata.org/entity/Q38245,1.0,2009-01-01T00:00:00Z,2010-01-01T00:00:00Z
http://www.wikidata.org/entity/Q377544,http://www.wikidata.org/entity/Q38245,36.0,2019-08-26T00:00:00Z,2021-01-04T00:00:00Z
http://www.wikidata.org/entity/Q3784952,http://www.wikidata.org/entity/Q38245,4.0,1998-01-01T00:00:00Z,2002-01-01T00:00:00Z
http://www.wikidata.org/entity/Q379603,http://www.wikidata.org/entity/Q51974,100.0,1997-01-01T00:00:00Z,2001-01-01T00:00:00Z
http://www.wikidata.org/entity/Q380021,http://www.wikidata.org/entity/Q33748,2.0,2014-01-01T00:00:00Z,2015-01-01T00:00:00Z
http://www.wikidata.org/entity/Q380111,http://www.wikidata.org/entity/Q33748,7.0,2014-01-01T00:00:00Z,2014-01-01T00:00:00Z
http://www.wikidata.org/entity/Q381147,http://www.wikidata.org/entity/Q38245,23.0,2008-01-01T00:00:00Z,2012-01-01T00:00:00Z
http://www.wikidata.org/entity/Q390159,http://www.wikidata.org/entity/Q41420,63.0,2000-01-01T00:00:00Z,2003-01-01T00:00:00Z
http://www.wikidata.org/entity/Q391057,http://www.wikidata.org/entity/Q33748,150.0,2005-01-01T00:00:00Z,2010-01-01T00:00:00Z
http://www.wikidata.org/entity/Q401366,http://www.wikidata.org/entity/Q41420,56.0,2001-01-01T00:00:00Z,2005-01-01T00:00:00Z
http://www.wikidata.org/entity/Q41896054,http://www.wikidata.org/entity/Q41420,76.0,2020-01-01T00:00:00Z,2025-07-01T00:00:00Z
http://www.wikidata.org/entity/Q42148629,http://www.wikidata.org/entity/Q51974,27.0,2024-01-01T00:00:00Z,2025-01-01T00:00:00Z
http://www.wikidata.org/entity/Q4241680,http://www.wikidata.org/entity/Q41420,162.0,2016-01-01T00:00:00Z,2023-01-01T00:00:00Z
http://www.wikidata.org/entity/Q42427279,http://www.wikidata.org/entity/Q41420,32.0,2019-07-01T00:00:00Z,2024-07-05T00:00:00Z
http://www.wikidata.org/entity/Q426366,http://www.wikidata.org/entity/Q38245,15.0,2000-01-01T00:00:00Z,2002-01-01T00:00:00Z
http://www.wikidata.org/entity/Q426458,http://www.wikidata.org/entity/Q33748,50.0,1998-01-01T00:00:00Z,2000-01-01T00:00:00Z
http://www.wikidata.org/entity/Q427454,http://www.wikidata.org/entity/Q38245,36.0,2006-01-01T00:00:00Z,2007-01-01T00:00:00Z
http://www.wikidata.org/entity/Q427747,http://www.wikidata.org/entity/Q51974,3.0,2000-01-01T00:00:00Z,2001-01-01T00:00:00Z
http://www.wikidata.org/entity/Q431455,http://www.wikidata.org/entity/Q41420,36.0,1998-01-01T00:00:00Z,2000-01-01T00:00:00Z
http://www.wikidata.org/entity/Q431455,http://www.wikidata.org/entity/Q51974,174.0,2000-01-01T00:00:00Z,2006-01-01T00:00:00Z
http://www.wikidata.org/entity/Q432218,http://www.wikidata.org/entity/Q51974,23.0,2001-01-01T00:00:00Z,2003-01-01T00:00:00Z
http://www.wikidata.org/entity/Q433120,http://www.wikidata.org/entity/Q51974,62.0,2012-01-01T00:00:00Z,2014-01-01T00:00:00Z
http://www.wikidata.org/entity/Q433125,http://www.wikidata.org/entity/Q51974,16.0,2006-01-01T00:00:00Z,2007-01-01T00:00:00Z
http://www.wikidata.org/entity/Q434436,http://www.wikidata.org/entity/Q51974,74.0,2008-01-01T00:00:00Z,2011-01-01T00:00:00Z
http://www.wikidata.org/entity/Q434750,http://www.wikidata.org/entity/Q41420,53.0,2000-01-01T00:00:00Z,2004-01-01T00:00:00Z
http://www.wikidata.org/entity/Q437274,http://www.wikidata.org/entity/Q51976,379.0,1989-01-01T00:00:00Z,2002-01-01T00:00:00Z
http://www.wikidata.org/entity/Q438854,http://www.wikidata.org/entity/Q33748,33.0,2008-01-01T00:00:00Z,2009-01-01T00:00:00Z
http://www.wikidata.org/entity/Q439450,http://www.wikidata.org/entity/Q51974,17.0,2008-01-01T00:00:00Z,2011-01-01T00:00:00Z
http://www.wikidata.org/entity/Q439722,http://www.wikidata.org/entity/Q51974,73.0,2010-01-01T00:00:00Z,2013-01-01T00:00:00Z
http://www.wikidata.org/entity/Q439783,http://www.wikidata.org/entity/Q51976,3.0,2001-01-01T00:00:00Z,2003-01-01T00:00:00Z
http://www.wikidata.org/entity/Q440846,http://www.wikidata.org/entity/Q33748,11.0,2015-01-01T00:00:00Z,2015-01-01T00:00:00Z
http://www.wikidata.org/entity/Q440846,http://www.wikidata.org/entity/Q33748,11.0,2015-01-01T00:00:00Z,2016-01-01T00:00:00Z
http://www.wikidata.org/entity/Q441430,http://www.wikidata.org/entity/Q33748,296.0,1998-01-01T00:00:00Z,2012-01-01T00:00:00Z
http://www.wikidata.org/entity/Q443296,http://www.wikidata.org/entity/Q38245,1.0,2011-01-01T00:00:00Z,2013-01-01T00:00:00Z
http://www.wikidata.org/entity/Q446010,http://www.wikidata.org/entity/Q51974,8.0,1998-01-01T00:00:00Z,1999-01-01T00:00:00Z
http://www.wikidata.org/entity/Q447651,http://www.wikidata.org/entity/Q51974,1.0,2004-01-01T00:00:00Z,2005-01-01T00:00:00Z
http://www.wikidata.org/entity/Q447922,http://www.wikidata.org/entity/Q51976,32.0,2007-01-01T00:00:00Z,2011-01-01T00:00:00Z
http://www.wikidata.org/entity/Q448576,http://www.wikidata.org/entity/Q51974,0.0,2010-01-01T00:00:00Z,2013-01-01T00:00:00Z
http://www.wikidata.org/entity/Q449715,http://www.wikidata.org/entity/Q51976,92.0,1997-01-01T00:00:00Z,2001-01-01T00:00:00Z
http://www.wikidata.org/entity/Q4501316,http://www.wikidata.org/entity/Q38245,1.0,2011-01-01T00:00:00Z,2014-01-01T00:00:00Z
http://www.wikidata.org/entity/Q452115,http://www.wikidata.org/entity/Q51974,66.0,2003-01-01T00:00:00Z,2006-01-01T00:00:00Z
http://www.wikidata.org/entity/Q452758,http://www.wikidata.org/entity/Q51976,103.0,2002-01-01T00:00:00Z,2007-01-01T00:00:00Z
http://www.wikidata.org/entity/Q502898,http://www.wikidata.org/entity/Q22707,305.0,2016-07-01T00:00:00Z,
http://www.wikidata.org/entity/Q53280628,http://www.wikidata.org/entity/Q22707,76.0,2022-07-01T00:00:00Z,
http://www.wikidata.org/entity/Q26069,http://www.wikidata.org/entity/Q32494,175.0,2010-08-31T00:00:00Z,2017-05-01T00:00:00Z
http://www.wikidata.org/entity/Q26069,http://www.wikidata.org/entity/Q32494,9.0,2021-01-01T00:00:00Z,2021-06-01T00:00:00Z
http://www.wikidata.org/entity/Q27525,http://www.wikidata.org/entity/Q22707,7.0,2009-01-01T00:00:00Z,2012-01-01T00:00:00Z
http://www.wikidata.org/entity/Q35039261,http://www.wikidata.org/entity/Q22707,29.0,2018-01-01T00:00:00Z,2019-01-01T00:00:00Z
http://www.wikidata.org/entity/Q36184031,http://www.wikidata.org/entity/Q22707,1.0,2016-07-01T00:00:00Z,2020-06-30T00:00:00Z
http://www.wikidata.org/entity/Q366753,http://www.wikidata.org/entity/Q32494,37.0,2011-01-01T00:00:00Z,2013-01-01T00:00:00Z
http://www.wikidata.org/entity/Q367474,http://www.wikidata.org/entity/Q22707,20.0,2012-01-01T00:00:00Z,2013-01-01T00:00:00Z
http://www.wikidata.org/entity/Q372643,http://www.wikidata.org/entity/Q22707,80.0,2007-01-01T00:00:00Z,2010-01-01T00:00:00Z
http://www.wikidata.org/entity/Q379395,http://www.wikidata.org/entity/Q22707,21.0,2006-01-01T00:00:00Z,2009-01-01T00:00:00Z
http://www.wikidata.org/entity/Q3816299,http://www.wikidata.org/entity/Q22707,17.0,2004-01-01T00:00:00Z,2006-01-01T00:00:00Z
http://www.wikidata.org/entity/Q384542,http://www.wikidata.org/entity/Q32494,1.0,2010-01-01T00:00:00Z,2011-01-01T00:00:00Z
http://www.wikidata.org/entity/Q401476,http://www.wikidata.org/entity/Q22707,14.0,2012-01-01T00:00:00Z,2015-01-01T00:00:00Z
http://www.wikidata.org/entity/Q401788,http://www.wikidata.org/entity/Q32494,32.0,2004-01-01T00:00:00Z,2005-01-01T00:00:00Z
http://www.wikidata.org/entity/Q404398,http://www.wikidata.org/entity/Q22707,0.0,2013-01-01T00:00:00Z,2013-01-01T00:00:00Z
http://www.wikidata.org/entity/Q41432040,http://www.wikidata.org/entity/Q32494,0.0,2017-01-01T00:00:00Z,2018-01-01T00:00:00Z
http://www.wikidata.org/entity/Q4224308,http://www.wikidata.org/entity/Q32494,27.0,1997-01-01T00:00:00Z,1999-01-01T00:00:00Z
http://www.wikidata.org/entity/Q427747,http://www.wikidata.org/entity/Q32494,5.0,2007-01-01T00:00:00Z,2012-01-01T00:00:00Z
http://www.wikidata.org/entity/Q427747,http://www.wikidata.org/entity/Q32494,25.0,1994-01-01T00:00:00Z,2001-01-01T00:00:00Z
http://www.wikidata.org/entity/Q433185,http://www.wikidata.org/entity/Q32494,28.0,2010-01-01T00:00:00Z,2012-01-01T00:00:00Z
http://www.wikidata.org/entity/Q433185,http://www.wikidata.org/entity/Q32494,2.0,2005-01-01T00:00:00Z,2007-01-01T00:00:00Z
http://www.wikidata.org/entity/Q440277,http://www.wikidata.org/entity/Q32494,16.0,2008-01-01T00:00:00Z,2010-01-01T00:00:00Z
http://www.wikidata.org/entity/Q440277,http://www.wikidata.org/entity/Q32494,1.0,2008-01-01T00:00:00Z,2008-01-01T00:00:00Z
http://www.wikidata.org/entity/Q440699,http://www.wikidata.org/entity/Q32494,13.0,2009-01-01T00:00:00Z,2012-01-01T00:00:00Z
http://www.wikidata.org/entity/Q441231,http://www.wikidata.org/entity/Q32494,50.0,2008-01-01T00:00:00Z,2010-01-01T00:00:00Z
http://www.wikidata.org/entity/Q442372,http://www.wikidata.org/entity/Q22707,10.0,2010-01-01T00:00:00Z,2012-01-01T00:00:00Z
http://www.wikidata.org/entity/Q442746,http://www.wikidata.org/entity/Q32494,2.0,2008-01-01T00:00:00Z,2008-01-01T00:00:00Z
http://www.wikidata.org/entity/Q442746,http://www.wikidata.org/entity/Q32494,11.0,2009-01-01T00:00:00Z,2012-01-01T00:00:00Z
http://www.wikidata.org/entity/Q442823,http://www.wikidata.org/entity/Q22707,4.0,2010-01-01T00:00:00Z,2013-01-01T00:00:00Z
http://www.wikidata.org/entity/Q447215,http://www.wikidata.org/entity/Q32494,83.0,2004-01-01T00:00:00Z,2007-01-01T00:00:00Z
http://www.wikidata.org/entity/Q447646,http://www.wikidata.org/entity/Q32494,43.0,2010-01-01T00:00:00Z,2013-01-01T00:00:00Z
http://www.wikidata.org/entity/Q455787,http://www.wikidata.org/entity/Q32494,122.0,2015-07-01T00:00:00Z,2021-08-21T00:00:00Z
http://www.wikidata.org/entity/Q455787,http://www.wikidata.org/entity/Q32494,18.0,2015-01-12T00:00:00Z,2015-06-30T00:00:00Z
http://www.wikidata.org/entity/Q459184,http://www.wikidata.org/entity/Q32494,10.0,2010-01-01T00:00:00Z,2012-01-01T00:00:00Z
http://www.wikidata.org/entity/Q460029,http://www.wikidata.org/entity/Q32494,6.0,2003-01-01T00:00:00Z,2003-01-01T00:00:00Z
http://www.wikidata.org/entity/Q461200,http://www.wikidata.org/entity/Q22707,109.0,2007-01-01T00:00:00Z,2015-01-01T00:00:00Z
http://www.wikidata.org/entity/Q464102,http://www.wikidata.org/entity/Q32494,88.0,1998-01-01T00:00:00Z,2005-01-01T00:00:00Z
http://www.wikidata.org/entity/Q467587,http://www.wikidata.org/entity/Q32494,16.0,2013-01-01T00:00:00Z,2013-01-01T00:00:00Z
http://www.wikidata.org/entity/Q470660,http://www.wikidata.org/entity/Q32494,1.0,2006-01-01T00:00:00Z,2008-01-01T00:00:00Z
http://www.wikidata.org/entity/Q475956,http://www.wikidata.org/entity/Q22707,56.0,2002-01-01T00:00:00Z,2008-01-01T00:00:00Z
http://www.wikidata.org/entity/Q475956,http://www.wikidata.org/entity/Q22707,1.0,2009-01-01T00:00:00Z,2012-01-01T00:00:00Z
http://www.wikidata.org/entity/Q480702,http://www.wikidata.org/entity/Q32494,8.0,2010-01-01T00:00:00Z,2010-01-01T00:00:00Z
http://www.wikidata.org/entity/Q492597,http://www.wikidata.org/entity/Q22707,34.0,2014-01-01T00:00:00Z,2016-01-01T00:00:00Z
http://www.wikidata.org/entity/Q497750,http://www.wikidata.org/entity/Q22707,1.0,2006-01-01T00:00:00Z,2007-01-01T00:00:00Z
http://www.wikidata.org/entity/Q498393,http://www.wikidata.org/entity/Q22707,83.0,2008-01-01T00:00:00Z,2012-01-01T00:00:00Z
http://www.wikidata.org/entity/Q499332,http://www.wikidata.org/entity/Q22707,86.0,2009-01-01T00:00:00Z,2013-01-01T00:00:00Z
http://www.wikidata.org/entity/Q499483,http://www.wikidata.org/entity/Q22707,30.0,2006-01-01T00:00:00Z,2008-01-01T00:00:00Z
http://www.wikidata.org/entity/Q500643,http://www.wikidata.org/entity/Q22707,33.0,2008-01-01T00:00:00Z,2009-01-01T00:00:00Z
http://www.wikidata.org/entity/Q502898,http://www.wikidata.org/entity/Q22707,15.0,2016-01-20T00:00:00Z,2016-06-30T00:00:00Z
http://www.wikidata.org/entity/Q509377,http://www.wikidata.org/entity/Q22707,29.0,2012-01-01T00:00:00Z,2014-01-01T00:00:00Z
http://www.wikidata.org/entity/Q509489,http://www.wikidata.org/entity/Q22707,5.0,2008-01-01T00:00:00Z,2011-01-01T00:00:00Z
http://www.wikidata.org/entity/Q513230,http://www.wikidata.org/entity/Q32494,14.0,2010-01-01T00:00:00Z,2011-01-01T00:00:00Z
http://www.wikidata.org/entity/Q519543,http://www.wikidata.org/entity/Q32494,24.0,2013-01-01T00:00:00Z,2015-01-01T00:00:00Z
http://www.wikidata.org/entity/Q520148,http://www.wikidata.org/entity/Q32494,100.0,2006-01-01T00:00:00Z,2010-01-01T00:00:00Z
http://www.wikidata.org/entity/Q520721,http://www.wikidata.org/entity/Q32494,116.0,2013-01-01T00:00:00Z,2018-01-01T00:00:00Z
http://www.wikidata.org/entity/Q523434,http://www.wikidata.org/entity/Q32494,65.0,1999-01-01T00:00:00Z,2002-01-01T00:00:00Z
http://www.wikidata.org/entity/Q524327,http://www.wikidata.org/entity/Q32494,0.0,2014-01-01T00:00:00Z,2015-01-01T00:00:00Z
http://www.wikidata.org/entity/Q524589,http://www.wikidata.org/entity/Q32494,111.0,2017-01-01T00:00:00Z,2021-01-01T00:00:00Z
http://www.wikidata.org/entity/Q529451,http://www.wikidata.org/entity/Q32494,23.0,2003-01-01T00:00:00Z,2007-01-01T00:00:00Z
http://www.wikidata.org/entity/Q529815,http://www.wikidata.org/entity/Q22707,77.0,2011-01-01T00:00:00Z,2014-01-01T00:00:00Z
http://www.wikidata.org/entity/Q530297,http://www.wikidata.org/entity/Q32494,0.0,2005-01-01T00:00:00Z,2006-01-01T00:00:00Z
http://www.wikidata.org/entity/Q531253,http://www.wikidata.org/entity/Q22707,7.0,2012-01-01T00:00:00Z,2012-01-01T00:00:00Z
http://www.wikidata.org/entity/Q531694,http://www.wikidata.org/entity/Q32494,236.0,1990-01-01T00:00:00Z,2002-01-01T00:00:00Z
http://www.wikidata.org/entity/Q53280628,http://www.wikidata.org/entity/Q32494,40.0,2019-06-01T00:00:00Z,2022-07-01T00:00:00Z
http://www.wikidata.org/entity/Q541363,http://www.wikidata.org/entity/Q32494,102.0,2002-01-01T00:00:00Z,2008-01-01T00:00:00Z
http://www.wikidata.org/entity/Q543725,http://www.wikidata.org/entity/Q32494,20.0,2003-01-01T00:00:00Z,2004-01-01T00:00:00Z
http://www.wikidata.org/entity/Q551610,http://www.wikidata.org/entity/Q32494,17.0,2003-01-01T00:00:00Z,2004-01-01T00:00:00Z
http://www.wikidata.org/entity/Q551610,http://www.wikidata.org/entity/Q32494,34.0,2000-01-01T00:00:00Z,2003-01-01T00:00:00Z
http://www.wikidata.org/entity/Q551610,http://www.wikidata.org/entity/Q32494,223.0,1992-01-01T00:00:00Z,2000-01-01T00:00:00Z
http://www.wikidata.org/entity/Q552553,http://www.wikidata.org/entity/Q22707,0.0,2012-01-01T00:00:00Z,2016-01-01T00:00:00Z
http://www.wikidata.org/entity/Q554057,http://www.wikidata.org/entity/Q32494,54.0,2009-01-01T00:00:00Z,2013-01-01T00:00:00Z
http://www.wikidata.org/entity/Q55999670,http://www.wikidata.org/entity/Q22707,121.0,2019-01-01T00:00:00Z,2023-01-01T00:00:00Z
http://www.wikidata.org/entity/Q56223972,http://www.wikidata.org/entity/Q32494,8.0,2020-01-15T00:00:00Z,2020-06-30T00:00:00Z
http://www.wikidata.org/entity/Q56635612,http://www.wikidata.org/entity/Q38245,24.0,2025-07-04T00:00:00Z,
http://www.wikidata.org/entity/Q47088780,http://www.wikidata.org/entity/Q33748,30.0,2020-01-01T00:00:00Z,2021-01-01T00:00:00Z
http://www.wikidata.org/entity/Q495292,http://www.wikidata.org/entity/Q51974,63.0,2009-01-01T00:00:00Z,2014-01-01T00:00:00Z
http://www.wikidata.org/entity/Q497210,http://www.wikidata.org/entity/Q51974,175.0,1994-01-01T00:00:00Z,2001-01-01T00:00:00Z
http://www.wikidata.org/entity/Q501304,http://www.wikidata.org/entity/Q51976,15.0,2011-01-01T00:00:00Z,2012-01-01T00:00:00Z
http://www.wikidata.org/entity/Q501304,http://www.wikidata.org/entity/Q51976,15.0,2011-01-01T00:00:00Z,2011-01-01T00:00:00Z
http://www.wikidata.org/entity/Q502928,http://www.wikidata.org/entity/Q51976,32.0,2005-01-01T00:00:00Z,2008-01-01T00:00:00Z
http://www.wikidata.org/entity/Q502928,http://www.wikidata.org/entity/Q33748,11.0,2009-01-01T00:00:00Z,2009-01-01T00:00:00Z
http://www.wikidata.org/entity/Q503002,http://www.wikidata.org/entity/Q51974,92.0,1997-01-01T00:00:00Z,2001-01-01T00:00:00Z
http://www.wikidata.org/entity/Q503395,http://www.wikidata.org/entity/Q51974,146.0,2001-01-01T00:00:00Z,2011-01-01T00:00:00Z
http://www.wikidata.org/entity/Q505049,http://www.wikidata.org/entity/Q41420,9.0,1999-01-01T00:00:00Z,2001-01-01T00:00:00Z
http://www.wikidata.org/entity/Q505800,http://www.wikidata.org/entity/Q33748,55.0,2003-01-01T00:00:00Z,2006-01-01T00:00:00Z
http://www.wikidata.org/entity/Q506532,http://www.wikidata.org/entity/Q51974,10.0,2013-01-01T00:00:00Z,2015-01-01T00:00:00Z
http://www.wikidata.org/entity/Q506532,http://www.wikidata.org/entity/Q41420,0.0,2010-01-01T00:00:00Z,2013-01-01T00:00:00Z
http://www.wikidata.org/entity/Q506919,http://www.wikidata.org/entity/Q41420,301.0,1993-01-01T00:00:00Z,2007-01-01T00:00:00Z
http://www.wikidata.org/entity/Q507190,http://www.wikidata.org/entity/Q41420,32.0,2018-08-28T00:00:00Z,2020-01-30T00:00:00Z
http://www.wikidata.org/entity/Q507604,http://www.wikidata.org/entity/Q51976,26.0,2011-01-01T00:00:00Z,2013-01-01T00:00:00Z
http://www.wikidata.org/entity/Q508991,http://www.wikidata.org/entity/Q38245,1.0,2011-01-01T00:00:00Z,2011-01-01T00:00:00Z
http://www.wikidata.org/entity/Q509377,http://www.wikidata.org/entity/Q33748,2.0,2014-01-01T00:00:00Z,2015-01-01T00:00:00Z
http://www.wikidata.org/entity/Q509422,http://www.wikidata.org/entity/Q51976,3.0,2010-01-01T00:00:00Z,2012-01-01T00:00:00Z
http://www.wikidata.org/entity/Q509422,http://www.wikidata.org/entity/Q33748,34.0,2008-01-01T00:00:00Z,2010-01-01T00:00:00Z
http://www.wikidata.org/entity/Q509436,http://www.wikidata.org/entity/Q41420,7.0,2009-01-01T00:00:00Z,2011-01-01T00:00:00Z
http://www.wikidata.org/entity/Q509450,http://www.wikidata.org/entity/Q38245,1.0,2009-01-01T00:00:00Z,2011-01-01T00:00:00Z
http://www.wikidata.org/entity/Q509489,http://www.wikidata.org/entity/Q41420,41.0,2024-01-01T00:00:00Z,2026-01-01T00:00:00Z
http://www.wikidata.org/entity/Q5109980,http://www.wikidata.org/entity/Q51974,0.0,2012-01-01T00:00:00Z,2013-01-01T00:00:00Z
http://www.wikidata.org/entity/Q517078,http://www.wikidata.org/entity/Q41420,28.0,2003-01-01T00:00:00Z,2005-01-01T00:00:00Z
http://www.wikidata.org/entity/Q519023,http://www.wikidata.org/entity/Q33748,38.0,2009-01-01T00:00:00Z,2011-01-01T00:00:00Z
http://www.wikidata.org/entity/Q519023,http://www.wikidata.org/entity/Q38245,71.0,2011-01-01T00:00:00Z,2016-01-01T00:00:00Z
http://www.wikidata.org/entity/Q520116,http://www.wikidata.org/entity/Q38245,5.0,2012-01-01T00:00:00Z,2013-01-01T00:00:00Z
http://www.wikidata.org/entity/Q5220371,http://www.wikidata.org/entity/Q51976,1.0,1998-01-01T00:00:00Z,2001-01-01T00:00:00Z
http://www.wikidata.org/entity/Q523555,http://www.wikidata.org/entity/Q51976,30.0,2010-01-01T00:00:00Z,2012-01-01T00:00:00Z
http://www.wikidata.org/entity/Q524589,http://www.wikidata.org/entity/Q38245,146.0,2012-01-01T00:00:00Z,2017-01-01T00:00:00Z
http://www.wikidata.org/entity/Q524870,http://www.wikidata.org/entity/Q41420,176.0,2015-01-01T00:00:00Z,2022-01-01T00:00:00Z
http://www.wikidata.org/entity/Q525776,http://www.wikidata.org/entity/Q51976,2.0,2007-01-01T00:00:00Z,2008-01-01T00:00:00Z
http://www.wikidata.org/entity/Q528590,http://www.wikidata.org/entity/Q41420,119.0,2001-01-01T00:00:00Z,2005-01-01T00:00:00Z
http://www.wikidata.org/entity/Q529451,http://www.wikidata.org/entity/Q33748,25.0,2005-01-01T00:00:00Z,2006-01-01T00:00:00Z
http://www.wikidata.org/entity/Q531080,http://www.wikidata.org/entity/Q41420,98.0,2006-01-01T00:00:00Z,2010-01-01T00:00:00Z
http://www.wikidata.org/entity/Q531253,http://www.wikidata.org/entity/Q38245,22.0,2013-01-01T00:00:00Z,2014-01-01T00:00:00Z
http://www.wikidata.org/entity/Q531386,http://www.wikidata.org/entity/Q51976,49.0,1998-01-01T00:00:00Z,2001-01-01T00:00:00Z
http://www.wikidata.org/entity/Q531386,http://www.wikidata.org/entity/Q33748,78.0,2003-01-01T00:00:00Z,2006-01-01T00:00:00Z
http://www.wikidata.org/entity/Q531401,http://www.wikidata.org/entity/Q41420,98.0,2004-01-01T00:00:00Z,2008-01-01T00:00:00Z
http://www.wikidata.org/entity/Q532637,http://www.wikidata.org/entity/Q41420,0.0,2005-01-01T00:00:00Z,2007-01-01T00:00:00Z
http://www.wikidata.org/entity/Q533646,http://www.wikidata.org/entity/Q41420,52.0,1994-01-01T00:00:00Z,2000-01-01T00:00:00Z
http://www.wikidata.org/entity/Q535489,http://www.wikidata.org/entity/Q38245,214.0,1989-01-01T00:00:00Z,2001-01-01T00:00:00Z
http://www.wikidata.org/entity/Q536344,http://www.wikidata.org/entity/Q51974,2.0,2009-01-01T00:00:00Z,2009-01-01T00:00:00Z
http://www.wikidata.org/entity/Q536773,http://www.wikidata.org/entity/Q51974,12.0,2004-01-01T00:00:00Z,2007-01-01T00:00:00Z
http://www.wikidata.org/entity/Q5385854,http://www.wikidata.org/entity/Q51976,33.0,2001-01-01T00:00:00Z,2003-01-01T00:00:00Z
http://www.wikidata.org/entity/Q5396030,http://www.wikidata.org/entity/Q33748,6.0,1998-01-01T00:00:00Z,1999-01-01T00:00:00Z
http://www.wikidata.org/entity/Q542784,http://www.wikidata.org/entity/Q38245,10.0,2008-01-01T00:00:00Z,2010-01-01T00:00:00Z
http://www.wikidata.org/entity/Q542976,http://www.wikidata.org/entity/Q33748,0.0,2009-01-01T00:00:00Z,2010-01-01T00:00:00Z
http://www.wikidata.org/entity/Q542990,http://www.wikidata.org/entity/Q33748,24.0,2000-01-01T00:00:00Z,2002-01-01T00:00:00Z
http://www.wikidata.org/entity/Q543119,http://www.wikidata.org/entity/Q33748,2.0,2007-01-01T00:00:00Z,2007-01-01T00:00:00Z
http://www.wikidata.org/entity/Q543725,http://www.wikidata.org/entity/Q51974,1.0,2005-01-01T00:00:00Z,2006-01-01T00:00:00Z
http://www.wikidata.org/entity/Q545001,http://www.wikidata.org/entity/Q41420,15.0,2009-01-01T00:00:00Z,2011-01-01T00:00:00Z
http://www.wikidata.org/entity/Q545778,http://www.wikidata.org/entity/Q51974,29.0,1998-01-01T00:00:00Z,1999-01-01T00:00:00Z
http://www.wikidata.org/entity/Q546988,http://www.wikidata.org/entity/Q38245,34.0,1999-01-01T00:00:00Z,2001-01-01T00:00:00Z
http://www.wikidata.org/entity/Q546988,http://www.wikidata.org/entity/Q38245,62.0,1997-01-01T00:00:00Z,1999-01-01T00:00:00Z
http://www.wikidata.org/entity/Q547585,http://www.wikidata.org/entity/Q41420,86.0,2003-01-01T00:00:00Z,2009-01-01T00:00:00Z
http://www.wikidata.org/entity/Q339252,http://www.wikidata.org/entity/Q32494,17.0,2025-01-01T00:00:00Z,
http://www.wikidata.org/entity/Q249572,http://www.wikidata.org/entity/Q32494,28.0,2013-01-01T00:00:00Z,2014-01-01T00:00:00Z
http://www.wikidata.org/entity/Q2642534,http://www.wikidata.org/entity/Q32494,0.0,2011-01-01T00:00:00Z,2013-01-01T00:00:00Z
http://www.wikidata.org/entity/Q264613,http://www.wikidata.org/entity/Q32494,3.0,1998-01-01T00:00:00Z,2002-01-01T00:00:00Z
http://www.wikidata.org/entity/Q2655086,http://www.wikidata.org/entity/Q22707,2.0,2013-01-01T00:00:00Z,2015-01-01T00:00:00Z
http://www.wikidata.org/entity/Q2707160,http://www.wikidata.org/entity/Q22707,0.0,2013-01-01T00:00:00Z,2015-01-01T00:00:00Z
http://www.wikidata.org/entity/Q270767,http://www.wikidata.org/entity/Q22707,30.0,2013-01-01T00:00:00Z,2014-01-01T00:00:00Z
http://www.wikidata.org/entity/Q276428,http://www.wikidata.org/entity/Q32494,39.0,2007-01-01T00:00:00Z,2009-01-01T00:00:00Z
http://www.wikidata.org/entity/Q2793779,http://www.wikidata.org/entity/Q22707,133.0,2007-01-01T00:00:00Z,2012-01-01T00:00:00Z
http://www.wikidata.org/entity/Q280829,http://www.wikidata.org/entity/Q32494,129.0,2007-01-01T00:00:00Z,2014-01-01T00:00:00Z
http://www.wikidata.org/entity/Q284078,http://www.wikidata.org/entity/Q32494,40.0,2017-07-01T00:00:00Z,2019-09-01T00:00:00Z
http://www.wikidata.org/entity/Q284078,http://www.wikidata.org/entity/Q32494,17.0,2016-08-01T00:00:00Z,2017-06-01T00:00:00Z
http://www.wikidata.org/entity/Q28540571,http://www.wikidata.org/entity/Q22707,32.0,2021-01-01T00:00:00Z,2022-01-01T00:00:00Z
http://www.wikidata.org/entity/Q285685,http://www.wikidata.org/entity/Q22707,17.0,2008-01-01T00:00:00Z,2008-01-01T00:00:00Z
http://www.wikidata.org/entity/Q285685,http://www.wikidata.org/entity/Q22707,8.0,2008-01-01T00:00:00Z,2010-01-01T00:00:00Z
http://www.wikidata.org/entity/Q295027,http://www.wikidata.org/entity/Q22707,41.0,2009-01-01T00:00:00Z,2011-01-01T00:00:00Z
http://www.wikidata.org/entity/Q295311,http://www.wikidata.org/entity/Q32494,170.0,2008-01-01T00:00:00Z,2015-01-01T00:00:00Z
http://www.wikidata.org/entity/Q296225,http://www.wikidata.org/entity/Q32494,25.0,2012-01-01T00:00:00Z,2015-01-01T00:00:00Z
http://www.wikidata.org/entity/Q296225,http://www.wikidata.org/entity/Q22707,91.0,2007-01-01T00:00:00Z,2012-01-01T00:00:00Z
http://www.wikidata.org/entity/Q296225,http://www.wikidata.org/entity/Q32494,10.0,2012-01-01T00:00:00Z,2012-01-01T00:00:00Z
http://www.wikidata.org/entity/Q296341,http://www.wikidata.org/entity/Q22707,97.0,2007-01-01T00:00:00Z,2011-01-01T00:00:00Z
http://www.wikidata.org/entity/Q299498,http://www.wikidata.org/entity/Q32494,34.0,2011-01-01T00:00:00Z,2013-01-01T00:00:00Z
http://www.wikidata.org/entity/Q309532,http://www.wikidata.org/entity/Q32494,82.0,2014-01-01T00:00:00Z,2017-01-01T00:00:00Z
http://www.wikidata.org/entity/Q310607,http://www.wikidata.org/entity/Q32494,104.0,2010-01-01T00:00:00Z,2017-08-01T00:00:00Z
http://www.wikidata.org/entity/Q310675,http://www.wikidata.org/entity/Q32494,61.0,2010-01-01T00:00:00Z,2015-01-01T00:00:00Z
http://www.wikidata.org/entity/Q310697,http://www.wikidata.org/entity/Q32494,14.0,2013-01-01T00:00:00Z,2013-01-01T00:00:00Z
http://www.wikidata.org/entity/Q311246,http://www.wikidata.org/entity/Q32494,55.0,2009-01-01T00:00:00Z,2013-01-01T00:00:00Z
http://www.wikidata.org/entity/Q312115,http://www.wikidata.org/entity/Q22707,58.0,2010-01-01T00:00:00Z,2012-01-01T00:00:00Z
http://www.wikidata.org/entity/Q312687,http://www.wikidata.org/entity/Q32494,7.0,2009-01-01T00:00:00Z,2010-01-01T00:00:00Z
http://www.wikidata.org/entity/Q313913,http://www.wikidata.org/entity/Q32494,214.0,1999-01-01T00:00:00Z,2006-01-01T00:00:00Z
http://www.wikidata.org/entity/Q314734,http://www.wikidata.org/entity/Q32494,12.0,2011-01-01T00:00:00Z,2014-01-01T00:00:00Z
http://www.wikidata.org/entity/Q315330,http://www.wikidata.org/entity/Q32494,71.0,2015-01-01T00:00:00Z,2019-01-01T00:00:00Z
http://www.wikidata.org/entity/Q315697,http://www.wikidata.org/entity/Q32494,119.0,2011-01-01T00:00:00Z,2015-01-01T00:00:00Z
http://www.wikidata.org/entity/Q315990,http://www.wikidata.org/entity/Q32494,316.0,1988-01-01T00:00:00Z,1999-01-01T00:00:00Z
http://www.wikidata.org/entity/Q316388,http://www.wikidata.org/entity/Q32494,9.0,2010-01-01T00:00:00Z,2012-01-01T00:00:00Z
http://www.wikidata.org/entity/Q317278,http://www.wikidata.org/entity/Q32494,4.0,2002-01-01T00:00:00Z,2004-01-01T00:00:00Z
http://www.wikidata.org/entity/Q318566,http://www.wikidata.org/entity/Q32494,51.0,2005-01-01T00:00:00Z,2008-01-01T00:00:00Z
http://www.wikidata.org/entity/Q318595,http://www.wikidata.org/entity/Q32494,18.0,1997-01-01T00:00:00Z,1999-01-01T00:00:00Z
http://www.wikidata.org/entity/Q3191617,http://www.wikidata.org/entity/Q32494,31.0,2013-01-01T00:00:00Z,2016-01-01T00:00:00Z
http://www.wikidata.org/entity/Q31981,http://www.wikidata.org/entity/Q22707,17.0,2011-01-01T00:00:00Z,2011-06-30T00:00:00Z
http://www.wikidata.org/entity/Q320751,http://www.wikidata.org/entity/Q22707,25.0,2005-01-01T00:00:00Z,2006-01-01T00:00:00Z
http://www.wikidata.org/entity/Q322011,http://www.wikidata.org/entity/Q32494,16.0,2003-01-01T00:00:00Z,2004-01-01T00:00:00Z
http://www.wikidata.org/entity/Q322190,http://www.wikidata.org/entity/Q32494,13.0,2000-01-01T00:00:00Z,2001-01-01T00:00:00Z
http://www.wikidata.org/entity/Q322333,http://www.wikidata.org/entity/Q22707,10.0,2006-01-01T00:00:00Z,2009-01-01T00:00:00Z
http://www.wikidata.org/entity/Q322643,http://www.wikidata.org/entity/Q32494,4.0,2002-01-01T00:00:00Z,2005-01-01T00:00:00Z
http://www.wikidata.org/entity/Q323193,http://www.wikidata.org/entity/Q32494,151.0,1996-01-01T00:00:00Z,2006-01-01T00:00:00Z
http://www.wikidata.org/entity/Q327479,http://www.wikidata.org/entity/Q22707,0.0,2010-01-01T00:00:00Z,2012-01-01T00:00:00Z
http://www.wikidata.org/entity/Q327479,http://www.wikidata.org/entity/Q22707,2.0,2009-01-01T00:00:00Z,2010-01-01T00:00:00Z
http://www.wikidata.org/entity/Q327842,http://www.wikidata.org/entity/Q22707,7.0,2009-01-01T00:00:00Z,2012-01-01T00:00:00Z
http://www.wikidata.org/entity/Q329451,http://www.wikidata.org/entity/Q22707,72.0,2008-01-01T00:00:00Z,2011-01-01T00:00:00Z
http://www.wikidata.org/entity/Q329451,http://www.wikidata.org/entity/Q22707,27.0,2007-08-01T00:00:00Z,2008-01-01T00:00:00Z
http://www.wikidata.org/entity/Q331944,http://www.wikidata.org/entity/Q32494,15.0,2013-01-01T00:00:00Z,2015-01-01T00:00:00Z
http://www.wikidata.org/entity/Q334909,http://www.wikidata.org/entity/Q32494,42.0,1997-01-01T00:00:00Z,2001-01-01T00:00:00Z
http://www.wikidata.org/entity/Q3401587,http://www.wikidata.org/entity/Q22707,78.0,2015-01-01T00:00:00Z,2018-01-01T00:00:00Z
http://www.wikidata.org/entity/Q3401587,http://www.wikidata.org/entity/Q32494,48.0,2018-01-01T00:00:00Z,2021-01-01T00:00:00Z
http://www.wikidata.org/entity/Q342904,http://www.wikidata.org/entity/Q32494,44.0,2006-01-01T00:00:00Z,2009-01-01T00:00:00Z
http://www.wikidata.org/entity/Q345047,http://www.wikidata.org/entity/Q32494,1.0,2009-01-01T00:00:00Z,2009-01-01T00:00:00Z
http://www.wikidata.org/entity/Q346427,http://www.wikidata.org/entity/Q32494,104.0,1996-01-01T00:00:00Z,2000-01-01T00:00:00Z
http://www.wikidata.org/entity/Q346427,http://www.wikidata.org/entity/Q32494,34.0,2001-01-01T00:00:00Z,2003-01-01T00:00:00Z
http://www.wikidata.org/entity/Q346626,http://www.wikidata.org/entity/Q22707,20.0,2009-01-01T00:00:00Z,2011-01-01T00:00:00Z
http://www.wikidata.org/entity/Q346699,http://www.wikidata.org/entity/Q22707,110.0,2007-01-01T00:00:00Z,2012-01-01T00:00:00Z
http://www.wikidata.org/entity/Q349379,http://www.wikidata.org/entity/Q22707,14.0,2009-01-01T00:00:00Z,2009-01-01T00:00:00Z
http://www.wikidata.org/entity/Q349786,http://www.wikidata.org/entity/Q22707,96.0,2004-01-01T00:00:00Z,2008-01-01T00:00:00Z
http://www.wikidata.org/entity/Q349832,http://www.wikidata.org/entity/Q22707,1.0,2009-01-01T00:00:00Z,2010-01-01T00:00:00Z
http://www.wikidata.org/entity/Q351463,http://www.wikidata.org/entity/Q32494,8.0,1998-01-01T00:00:00Z,2004-01-01T00:00:00Z
http://www.wikidata.org/entity/Q355687,http://www.wikidata.org/entity/Q22707,12.0,2007-01-01T00:00:00Z,2008-01-01T00:00:00Z
http://www.wikidata.org/entity/Q355687,http://www.wikidata.org/entity/Q22707,12.0,2007-01-01T00:00:00Z,2007-01-01T00:00:00Z
http://www.wikidata.org/entity/Q355837,http://www.wikidata.org/entity/Q32494,99.0,2011-01-01T00:00:00Z,2015-01-01T00:00:00Z
http://www.wikidata.org/entity/Q361199,http://www.wikidata.org/entity/Q22707,230.0,2006-01-01T00:00:00Z,2015-01-01T00:00:00Z
http://www.wikidata.org/entity/Q365934,http://www.wikidata.org/entity/Q32494,65.0,2010-08-30T00:00:00Z,2013-06-30T00:00:00Z
http://www.wikidata.org/entity/Q366108,http://www.wikidata.org/entity/Q32494,168.0,2004-01-01T00:00:00Z,2010-01-01T00:00:00Z
http://www.wikidata.org/entity/Q366493,http://www.wikidata.org/entity/Q32494,166.0,1994-01-01T00:00:00Z,2002-01-01T00:00:00Z
http://www.wikidata.org/entity/Q39114,http://www.wikidata.org/entity/Q51974,4.0,2007-01-01T00:00:00Z,2010-01-01T00:00:00Z
http://www.wikidata.org/entity/Q39209,http://www.wikidata.org/entity/Q41420,1.0,2013-01-01T00:00:00Z,2014-01-01T00:00:00Z
http://www.wikidata.org/entity/Q39287,http://www.wikidata.org/entity/Q41420,18.0,2012-01-01T00:00:00Z,2015-01-01T00:00:00Z
http://www.wikidata.org/entity/Q44309,http://www.wikidata.org/entity/Q51974,61.0,2004-01-01T00:00:00Z,2006-01-01T00:00:00Z
