player,club,apps,start,end
http://www.wikidata.org/entity/Q113485045,http://www.wikidata.org/entity/Q48879,23.0,2023-09-01T00:00:00Z,
http://www.wikidata.org/entity/Q1099578,http://www.wikidata.org/entity/Q48879,7.0,2011-01-01T00:00:00Z,2011-01-01T00:00:00Z
http://www.wikidata.org/entity/Q1101589,http://www.wikidata.org/entity/Q48879,2.0,2003-01-01T00:00:00Z,2005-01-01T00:00:00Z
http://www.wikidata.org/entity/Q1125100,http://www.wikidata.org/entity/Q50602,2.0,2003-01-01T00:00:00Z,2004-01-01T00:00:00Z
http://www.wikidata.org/entity/Q113916,http://www.wikidata.org/entity/Q50602,138.0,2005-01-01T00:00:00Z,2010-01-01T00:00:00Z
http://www.wikidata.org/entity/Q1151757,http://www.wikidata.org/entity/Q48879,26.0,2011-01-01T00:00:00Z,2012-01-01T00:00:00Z
http://www.wikidata.org/entity/Q1151757,http://www.wikidata.org/entity/Q48879,84.0,2012-01-01T00:00:00Z,2015-01-01T00:00:00Z
http://www.wikidata.org/entity/Q1159141,http://www.wikidata.org/entity/Q48879,17.0,2000-01-01T00:00:00Z,2001-01-01T00:00:00Z
http://www.wikidata.org/entity/Q1163856,http://www.wikidata.org/entity/Q50602,51.0,2002-01-01T00:00:00Z,2005-01-01T00:00:00Z
http://www.wikidata.org/entity/Q1179451,http://www.wikidata.org/entity/Q48879,64.0,2006-01-01T00:00:00Z,2008-01-01T00:00:00Z
http://www.wikidata.org/entity/Q1181147,http://www.wikidata.org/entity/Q48879,142.0,2003-01-01T00:00:00Z,2007-01-01T00:00:00Z
http://www.wikidata.org/entity/Q1181147,http://www.wikidata.org/entity/Q48879,74.0,1999-01-01T00:00:00Z,2001-01-01T00:00:00Z
http://www.wikidata.org/entity/Q1184033,http://www.wikidata.org/entity/Q48879,15.0,2004-01-01T00:00:00Z,2004-01-01T00:00:00Z
http://www.wikidata.org/entity/Q119562,http://www.wikidata.org/entity/Q50602,275.0,2011-01-01T00:00:00Z,2021-07-01T00:00:00Z
http://www.wikidata.org/entity/Q1228392,http://www.wikidata.org/entity/Q48879,47.0,2004-01-01T00:00:00Z,2006-01-01T00:00:00Z
http://www.wikidata.org/entity/Q1228392,http://www.wikidata.org/entity/Q50602,73.0,1994-01-01T00:00:00Z,2001-01-01T00:00:00Z
http://www.wikidata.org/entity/Q1260149,http://www.wikidata.org/entity/Q48879,11.0,2010-01-01T00:00:00Z,2010-01-01T00:00:00Z
http://www.wikidata.org/entity/Q1272520,http://www.wikidata.org/entity/Q50602,9.0,2000-01-01T00:00:00Z,2002-01-01T00:00:00Z
http://www.wikidata.org/entity/Q1283288,http://www.wikidata.org/entity/Q50602,4.0,2002-01-01T00:00:00Z,2005-01-01T00:00:00Z
http://www.wikidata.org/entity/Q129700,http://www.wikidata.org/entity/Q50602,54.0,2010-01-01T00:00:00Z,2013-01-31T00:00:00Z
http://www.wikidata.org/entity/Q13014035,http://www.wikidata.org/entity/Q48879,33.0,2014-01-01T00:00:00Z,2015-01-01T00:00:00Z
http://www.wikidata.org/entity/Q1328702,http://www.wikidata.org/entity/Q50602,88.0,1995-01-01T00:00:00Z,1999-01-01T00:00:00Z
http://www.wikidata.org/entity/Q1353663,http://www.wikidata.org/entity/Q48879,8.0,2002-01-01T00:00:00Z,2004-01-01T00:00:00Z
http://www.wikidata.org/entity/Q1354591,http://www.wikidata.org/entity/Q48879,13.0,2015-01-01T00:00:00Z,2016-01-01T00:00:00Z
http://www.wikidata.org/entity/Q1362048,http://www.wikidata.org/entity/Q50602,71.0,2001-01-01T00:00:00Z,2003-01-01T00:00:00Z
http://www.wikidata.org/entity/Q1366485,http://www.wikidata.org/entity/Q48879,3.0,2009-01-01T00:00:00Z,2009-01-01T00:00:00Z
http://www.wikidata.org/entity/Q1368569,http://www.wikidata.org/entity/Q50602,0.0,2005-01-01T00:00:00Z,2006-01-01T00:00:00Z
http://www.wikidata.org/entity/Q1370451,http://www.wikidata.org/entity/Q48879,96.0,2011-01-01T00:00:00Z,2014-01-01T00:00:00Z
http://www.wikidata.org/entity/Q1383907,http://www.wikidata.org/entity/Q50602,184.0,1998-01-01T00:00:00Z,2003-01-01T00:00:00Z
http://www.wikidata.org/entity/Q1395963,http://www.wikidata.org/entity/Q50602,0.0,2007-01-01T00:00:00Z,2008-01-01T00:00:00Z
http://www.wikidata.org/entity/Q1396034,http://www.wikidata.org/entity/Q50602,0.0,2007-01-01T00:00:00Z,2008-01-01T00:00:00Z
http://www.wikidata.org/entity/Q1399750,http://www.wikidata.org/entity/Q50602,14.0,2002-01-01T00:00:00Z,2006-01-01T00:00:00Z
http://www.wikidata.org/entity/Q1400231,http://www.wikidata.org/entity/Q50602,66.0,1999-01-01T00:00:00Z,2001-01-01T00:00:00Z
http://www.wikidata.org/entity/Q142283,http://www.wikidata.org/entity/Q50602,32.0,2003-01-01T00:00:00Z,2004-01-01T00:00:00Z
http://www.wikidata.org/entity/Q1441577,http://www.wikidata.org/entity/Q48879,98.0,2014-01-01T00:00:00Z,2017-01-01T00:00:00Z
http://www.wikidata.org/entity/Q14637461,http://www.wikidata.org/entity/Q50602,0.0,2015-01-01T00:00:00Z,2017-01-01T00:00:00Z
http://www.wikidata.org/entity/Q147589,http://www.wikidata.org/entity/Q50602,82.0,2009-01-01T00:00:00Z,2013-01-01T00:00:00Z
http://www.wikidata.org/entity/Q150332,http://www.wikidata.org/entity/Q48879,4.0,2012-01-01T00:00:00Z,2012-01-01T00:00:00Z
http://www.wikidata.org/entity/Q150947,http://www.wikidata.org/entity/Q50602,78.0,2013-09-01T00:00:00Z,2016-08-10T00:00:00Z
http://www.wikidata.org/entity/Q151260,http://www.wikidata.org/entity/Q50602,16.0,2010-01-01T00:00:00Z,2011-01-01T00:00:00Z
http://www.wikidata.org/entity/Q15148898,http://www.wikidata.org/entity/Q50602,0.0,2013-01-01T00:00:00Z,2015-01-01T00:00:00Z
http://www.wikidata.org/entity/Q1523509,http://www.wikidata.org/entity/Q50602,1.0,2011-01-01T00:00:00Z,2015-01-01T00:00:00Z
http://www.wikidata.org/entity/Q1524891,http://www.wikidata.org/entity/Q48879,8.0,2014-01-01T00:00:00Z,2014-01-01T00:00:00Z
http://www.wikidata.org/entity/Q1524891,http://www.wikidata.org/entity/Q48879,32.0,2014-01-01T00:00:00Z,2015-01-01T00:00:00Z
http://www.wikidata.org/entity/Q152492,http://www.wikidata.org/entity/Q50602,20.0,2009-01-01T00:00:00Z,2013-01-01T00:00:00Z
http://www.wikidata.org/entity/Q153786,http://www.wikidata.org/entity/Q50602,130.0,2011-01-01T00:00:00Z,2016-07-01T00:00:00Z
http://www.wikidata.org/entity/Q15378711,http://www.wikidata.org/entity/Q48879,1.0,2014-01-01T00:00:00Z,2014-01-01T00:00:00Z
http://www.wikidata.org/entity/Q1540229,http://www.wikidata.org/entity/Q48879,42.0,2000-01-01T00:00:00Z,2002-01-01T00:00:00Z
http://www.wikidata.org/entity/Q15521306,http://www.wikidata.org/entity/Q50602,304.0,2017-01-01T00:00:00Z,2026-01-01T00:00:00Z
http://www.wikidata.org/entity/Q155903,http://www.wikidata.org/entity/Q50602,54.0,2006-01-01T00:00:00Z,2009-01-01T00:00:00Z
http://www.wikidata.org/entity/Q15720730,http://www.wikidata.org/entity/Q48879,29.0,2015-01-01T00:00:00Z,2016-01-01T00:00:00Z
http://www.wikidata.org/entity/Q16235339,http://www.wikidata.org/entity/Q50602,0.0,2011-01-01T00:00:00Z,2015-01-01T00:00:00Z
http://www.wikidata.org/entity/Q16235831,http://www.wikidata.org/entity/Q48879,1.0,2014-01-01T00:00:00Z,2015-01-01T00:00:00Z
http://www.wikidata.org/entity/Q16236124,http://www.wikidata.org/entity/Q50602,0.0,2013-01-01T00:00:00Z,2016-01-01T00:00:00Z
http://www.wikidata.org/entity/Q16236281,http://www.wikidata.org/entity/Q50602,0.0,2012-01-01T00:00:00Z,2014-01-01T00:00:00Z
http://www.wikidata.org/entity/Q16239301,http://www.wikidata.org/entity/Q48879,1.0,2013-01-01T00:00:00Z,2015-01-01T00:00:00Z
http://www.wikidata.org/entity/Q16239659,http://www.wikidata.org/entity/Q48879,15.0,2013-01-01T00:00:00Z,2015-01-01T00:00:00Z
http://www.wikidata.org/entity/Q161069,http://www.wikidata.org/entity/Q50602,309.0,2010-01-01T00:00:00Z,2020-01-01T00:00:00Z
http://www.wikidata.org/entity/Q161089,http://www.wikidata.org/entity/Q50602,33.0,2024-08-01T00:00:00Z,2025-09-02T00:00:00Z
http://www.wikidata.org/entity/Q161089,http://www.wikidata.org/entity/Q50602,188.0,2016-01-01T00:00:00Z,2023-06-01T00:00:00Z
http://www.wikidata.org/entity/Q1647379,http://www.wikidata.org/entity/Q48879,1.0,2011-01-01T00:00:00Z,2011-01-01T00:00:00Z
http://www.wikidata.org/entity/Q16499882,http://www.wikidata.org/entity/Q50602,90.0,2016-01-01T00:00:00Z,2020-07-01T00:00:00Z
http://www.wikidata.org/entity/Q16519021,http://www.wikidata.org/entity/Q50602,0.0,2014-01-01T00:00:00Z,2015-01-01T00:00:00Z
http://www.wikidata.org/entity/Q16519021,http://www.wikidata.org/entity/Q48879,19.0,2015-01-01T00:00:00Z,2016-01-01T00:00:00Z
http://www.wikidata.org/entity/Q166285,http://www.wikidata.org/entity/Q50602,57.0,2015-07-17T00:00:00Z,2019-07-15T00:00:00Z
http://www.wikidata.org/entity/Q17074511,http://www.wikidata.org/entity/Q50602,276.0,2017-07-01T00:00:00Z,2025-09-02T00:00:00Z
http://www.wikidata.org/entity/Q1720889,http://www.wikidata.org/entity/Q50602,12.0,1998-01-01T00:00:00Z,2000-01-01T00:00:00Z
http://www.wikidata.org/entity/Q173139,http://www.wikidata.org/entity/Q50602,7.0,2000-01-01T00:00:00Z,2000-01-01T00:00:00Z
http://www.wikidata.org/entity/Q1736284,http://www.wikidata.org/entity/Q50602,16.0,2014-01-01T00:00:00Z,2016-01-01T00:00:00Z
http://www.wikidata.org/entity/Q17517046,http://www.wikidata.org/entity/Q50602,0.0,2014-01-01T00:00:00Z,2018-08-01T00:00:00Z
http://www.wikidata.org/entity/Q1756578,http://www.wikidata.org/entity/Q50602,28.0,2004-01-01T00:00:00Z,2006-01-01T00:00:00Z
http://www.wikidata.org/entity/Q17626800,http://www.wikidata.org/entity/Q50602,0.0,2014-01-01T00:00:00Z,2015-01-01T00:00:00Z
http://www.wikidata.org/entity/Q17711612,http://www.wikidata.org/entity/Q48879,0.0,2015-01-01T00:00:00Z,2015-01-01T00:00:00Z
http://www.wikidata.org/entity/Q1775690,http://www.wikidata.org/entity/Q50602,0.0,2007-01-01T00:00:00Z,2008-01-01T00:00:00Z
http://www.wikidata.org/entity/Q177686,http://www.wikidata.org/entity/Q50602,9.0,2012-01-01T00:00:00Z,2013-01-01T00:00:00Z
http://www.wikidata.org/entity/Q1778676,http://www.wikidata.org/entity/Q50602,0.0,2000-01-01T00:00:00Z,2003-01-01T00:00:00Z
http://www.wikidata.org/entity/Q1779830,http://www.wikidata.org/entity/Q50602,6.0,2001-01-01T00:00:00Z,2005-01-01T00:00:00Z
http://www.wikidata.org/entity/Q1780489,http://www.wikidata.org/entity/Q48879,84.0,2000-01-01T00:00:00Z,2003-01-01T00:00:00Z
http://www.wikidata.org/entity/Q1796844,http://www.wikidata.org/entity/Q48879,13.0,2011-01-01T00:00:00Z,2011-01-01T00:00:00Z
http://www.wikidata.org/entity/Q18122940,http://www.wikidata.org/entity/Q50602,3.0,2014-01-01T00:00:00Z,2015-01-01T00:00:00Z
http://www.wikidata.org/entity/Q18125392,http://www.wikidata.org/entity/Q48879,2.0,2015-01-01T00:00:00Z,2015-01-01T00:00:00Z
http://www.wikidata.org/entity/Q182063,http://www.wikidata.org/entity/Q50602,136.0,2015-01-01T00:00:00Z,2020-01-01T00:00:00Z
http://www.wikidata.org/entity/Q18206461,http://www.wikidata.org/entity/Q50602,0.0,2012-01-01T00:00:00Z,2015-01-01T00:00:00Z
http://www.wikidata.org/entity/Q182314,http://www.wikidata.org/entity/Q50602,29.0,2002-01-01T00:00:00Z,2003-01-01T00:00:00Z
http://www.wikidata.org/entity/Q184277,http://www.wikidata.org/entity/Q50602,230.0,2010-01-01T00:00:00Z,2018-06-01T00:00:00Z
http://www.wikidata.org/entity/Q185093,http://www.wikidata.org/entity/Q50602,123.0,2013-01-01T00:00:00Z,2017-01-01T00:00:00Z
http://www.wikidata.org/entity/Q185234,http://www.wikidata.org/entity/Q50602,0.0,2003-01-01T00:00:00Z,2004-01-01T00:00:00Z
http://www.wikidata.org/entity/Q185650,http://www.wikidata.org/entity/Q50602,104.0,2009-01-01T00:00:00Z,2012-01-01T00:00:00Z
http://www.wikidata.org/entity/Q1859053,http://www.wikidata.org/entity/Q50602,1.0,2002-01-01T00:00:00Z,2006-01-01T00:00:00Z
http://www.wikidata.org/entity/Q187184,http://www.wikidata.org/entity/Q50602,266.0,2006-01-01T00:00:00Z,2018-08-01T00:00:00Z
http://www.wikidata.org/entity/Q1900410,http://www.wikidata.org/entity/Q50602,2.0,1999-01-01T00:00:00Z,1999-01-01T00:00:00Z
http://www.wikidata.org/entity/Q59065,http://www.wikidata.org/entity/Q19568,38.0,2010-01-01T00:00:00Z,2011-01-01T00:00:00Z
http://www.wikidata.org/entity/Q59108,http://www.wikidata.org/entity/Q19607,2.0,2008-01-01T00:00:00Z,2009-01-01T00:00:00Z
http://www.wikidata.org/entity/Q59108,http://www.wikidata.org/entity/Q19607,26.0,2009-01-01T00:00:00Z,2010-01-01T00:00:00Z
http://www.wikidata.org/entity/Q59192,http://www.wikidata.org/entity/Q19490,28.0,2018-01-01T00:00:00Z,2021-01-01T00:00:00Z
http://www.wikidata.org/entity/Q59192,http://www.wikidata.org/entity/Q19490,83.0,2001-01-01T00:00:00Z,2005-01-01T00:00:00Z
http://www.wikidata.org/entity/Q59192,http://www.wikidata.org/entity/Q19477,122.0,2014-01-01T00:00:00Z,2018-01-01T00:00:00Z
http://www.wikidata.org/entity/Q59600,http://www.wikidata.org/entity/Q19568,0.0,2013-01-01T00:00:00Z,2014-01-01T00:00:00Z
http://www.wikidata.org/entity/Q59719,http://www.wikidata.org/entity/Q19568,3.0,2007-01-01T00:00:00Z,2007-01-01T00:00:00Z
http://www.wikidata.org/entity/Q60605,http://www.wikidata.org/entity/Q19490,36.0,2022-09-07T00:00:00Z,2024-02-02T00:00:00Z
http://www.wikidata.org/entity/Q62657,http://www.wikidata.org/entity/Q19568,61.0,2022-01-01T00:00:00Z,2025-01-01T00:00:00Z
http://www.wikidata.org/entity/Q28065104,http://www.wikidata.org/entity/Q50602,37.0,2025-01-01T00:00:00Z,
http://www.wikidata.org/entity/Q2266631,http://www.wikidata.org/entity/Q50602,182.0,1997-01-01T00:00:00Z,2004-01-01T00:00:00Z
http://www.wikidata.org/entity/Q22694710,http://www.wikidata.org/entity/Q50602,2.0,2015-07-01T00:00:00Z,2018-07-01T00:00:00Z
http://www.wikidata.org/entity/Q2277114,http://www.wikidata.org/entity/Q50602,16.0,2007-01-01T00:00:00Z,2009-01-01T00:00:00Z
http://www.wikidata.org/entity/Q2293251,http://www.wikidata.org/entity/Q48879,8.0,2015-01-01T00:00:00Z,2015-01-01T00:00:00Z
http://www.wikidata.org/entity/Q2324197,http://www.wikidata.org/entity/Q50602,8.0,2003-01-01T00:00:00Z,2003-01-01T00:00:00Z
http://www.wikidata.org/entity/Q241321,http://www.wikidata.org/entity/Q48879,13.0,2018-01-01T00:00:00Z,2018-01-01T00:00:00Z
http://www.wikidata.org/entity/Q241321,http://www.wikidata.org/entity/Q48879,12.0,2002-01-01T00:00:00Z,2002-01-01T00:00:00Z
http://www.wikidata.org/entity/Q241502,http://www.wikidata.org/entity/Q50602,296.0,2000-01-01T00:00:00Z,2009-01-01T00:00:00Z
http://www.wikidata.org/entity/Q244790,http://www.wikidata.org/entity/Q50602,230.0,2008-08-31T00:00:00Z,2017-07-01T00:00:00Z
http://www.wikidata.org/entity/Q245022,http://www.wikidata.org/entity/Q48879,2.0,2004-01-01T00:00:00Z,2004-01-01T00:00:00Z
http://www.wikidata.org/entity/Q24572669,http://www.wikidata.org/entity/Q50602,22.0,2016-01-01T00:00:00Z,2019-01-01T00:00:00Z
http://www.wikidata.org/entity/Q247730,http://www.wikidata.org/entity/Q50602,5.0,2011-01-01T00:00:00Z,2013-01-01T00:00:00Z
http://www.wikidata.org/entity/Q2484982,http://www.wikidata.org/entity/Q48879,112.0,2007-01-01T00:00:00Z,2011-01-01T00:00:00Z
http://www.wikidata.org/entity/Q250962,http://www.wikidata.org/entity/Q50602,19.0,2007-01-01T00:00:00Z,2008-01-01T00:00:00Z
http://www.wikidata.org/entity/Q252278,http://www.wikidata.org/entity/Q50602,2.0,2003-01-01T00:00:00Z,2004-01-01T00:00:00Z
http://www.wikidata.org/entity/Q2531047,http://www.wikidata.org/entity/Q48879,5.0,2003-01-01T00:00:00Z,2003-01-01T00:00:00Z
http://www.wikidata.org/entity/Q2535926,http://www.wikidata.org/entity/Q50602,34.0,1996-01-01T00:00:00Z,1999-01-01T00:00:00Z
http://www.wikidata.org/entity/Q254226,http://www.wikidata.org/entity/Q50602,0.0,2007-01-01T00:00:00Z,2011-01-01T00:00:00Z
http://www.wikidata.org/entity/Q254410,http://www.wikidata.org/entity/Q48879,133.0,1996-01-01T00:00:00Z,2001-01-01T00:00:00Z
http://www.wikidata.org/entity/Q2546084,http://www.wikidata.org/entity/Q50602,0.0,2005-01-01T00:00:00Z,2006-01-01T00:00:00Z
http://www.wikidata.org/entity/Q2617262,http://www.wikidata.org/entity/Q48879,2.0,2006-01-01T00:00:00Z,2006-01-01T00:00:00Z
http://www.wikidata.org/entity/Q26251970,http://www.wikidata.org/entity/Q50602,0.0,2014-07-01T00:00:00Z,2018-07-01T00:00:00Z
http://www.wikidata.org/entity/Q2634139,http://www.wikidata.org/entity/Q48879,14.0,2003-01-01T00:00:00Z,2003-01-01T00:00:00Z
http://www.wikidata.org/entity/Q265654,http://www.wikidata.org/entity/Q50602,20.0,2006-01-01T00:00:00Z,2007-01-01T00:00:00Z
http://www.wikidata.org/entity/Q265761,http://www.wikidata.org/entity/Q50602,0.0,2004-01-01T00:00:00Z,2006-01-01T00:00:00Z
http://www.wikidata.org/entity/Q26973015,http://www.wikidata.org/entity/Q50602,5.0,2016-01-01T00:00:00Z,2019-01-01T00:00:00Z
http://www.wikidata.org/entity/Q2700592,http://www.wikidata.org/entity/Q50602,2.0,2006-01-01T00:00:00Z,2008-01-01T00:00:00Z
http://www.wikidata.org/entity/Q2700669,http://www.wikidata.org/entity/Q50602,0.0,2008-01-01T00:00:00Z,2010-01-01T00:00:00Z
http://www.wikidata.org/entity/Q2708270,http://www.wikidata.org/entity/Q48879,23.0,2005-01-01T00:00:00Z,2006-01-01T00:00:00Z
http://www.wikidata.org/entity/Q276349,http://www.wikidata.org/entity/Q50602,9.0,2008-01-01T00:00:00Z,2009-01-01T00:00:00Z
http://www.wikidata.org/entity/Q28363823,http://www.wikidata.org/entity/Q50602,0.0,2017-01-01T00:00:00Z,2019-01-01T00:00:00Z
http://www.wikidata.org/entity/Q39684,http://www.wikidata.org/entity/Q19477,49.0,2008-01-01T00:00:00Z,2010-01-01T00:00:00Z
http://www.wikidata.org/entity/Q41895,http://www.wikidata.org/entity/Q19500,162.0,2001-01-01T00:00:00Z,2006-01-01T00:00:00Z
http://www.wikidata.org/entity/Q41895,http://www.wikidata.org/entity/Q19500,5.0,2001-01-01T00:00:00Z,2001-01-01T00:00:00Z
http://www.wikidata.org/entity/Q44527,http://www.wikidata.org/entity/Q19568,183.0,2013-01-01T00:00:00Z,2020-01-01T00:00:00Z
http://www.wikidata.org/entity/Q44655,http://www.wikidata.org/entity/Q19498,41.0,1997-01-01T00:00:00Z,1999-01-01T00:00:00Z
http://www.wikidata.org/entity/Q44888,http://www.wikidata.org/entity/Q19477,32.0,2013-01-01T00:00:00Z,2015-01-01T00:00:00Z
http://www.wikidata.org/entity/Q44888,http://www.wikidata.org/entity/Q19500,4.0,2014-01-01T00:00:00Z,2014-01-01T00:00:00Z
http://www.wikidata.org/entity/Q45538,http://www.wikidata.org/entity/Q19568,6.0,2021-10-01T00:00:00Z,2022-06-01T00:00:00Z
http://www.wikidata.org/entity/Q45538,http://www.wikidata.org/entity/Q19477,63.0,2013-01-01T00:00:00Z,2015-01-01T00:00:00Z
http://www.wikidata.org/entity/Q45538,http://www.wikidata.org/entity/Q19477,39.0,2011-01-01T00:00:00Z,2012-01-01T00:00:00Z
http://www.wikidata.org/entity/Q45538,http://www.wikidata.org/entity/Q19477,12.0,2012-01-01T00:00:00Z,2013-01-01T00:00:00Z
http://www.wikidata.org/entity/Q48330,http://www.wikidata.org/entity/Q19481,4.0,2001-01-01T00:00:00Z,2001-01-01T00:00:00Z
http://www.wikidata.org/entity/Q1585996,http://www.wikidata.org/entity/Q48879,3.0,2002-01-01T00:00:00Z,2002-01-01T00:00:00Z
http://www.wikidata.org/entity/Q16146632,http://www.wikidata.org/entity/Q50602,0.0,2012-01-01T00:00:00Z,2014-01-01T00:00:00Z
http://www.wikidata.org/entity/Q16056053,http://www.wikidata.org/entity/Q50602,94.0,2021-01-01T00:00:00Z,
http://www.wikidata.org/entity/Q111479885,http://www.wikidata.org/entity/Q50602,27.0,2025-01-01T00:00:00Z,
http://www.wikidata.org/entity/Q10379052,http://www.wikidata.org/entity/Q48879,13.0,2013-01-01T00:00:00Z,2013-01-01T00:00:00Z
http://www.wikidata.org/entity/Q10379532,http://www.wikidata.org/entity/Q48879,37.0,1998-01-01T00:00:00Z,2001-01-01T00:00:00Z
http://www.wikidata.org/entity/Q10379534,http://www.wikidata.org/entity/Q48879,68.0,2003-01-01T00:00:00Z,2006-01-01T00:00:00Z
http://www.wikidata.org/entity/Q10379534,http://www.wikidata.org/entity/Q50602,0.0,2001-01-01T00:00:00Z,2001-01-01T00:00:00Z
http://www.wikidata.org/entity/Q10379648,http://www.wikidata.org/entity/Q48879,28.0,2013-01-01T00:00:00Z,2015-01-01T00:00:00Z
http://www.wikidata.org/entity/Q10379784,http://www.wikidata.org/entity/Q48879,27.0,2008-01-01T00:00:00Z,2009-01-01T00:00:00Z
http://www.wikidata.org/entity/Q10379907,http://www.wikidata.org/entity/Q48879,139.0,2001-01-01T00:00:00Z,2006-01-01T00:00:00Z
http://www.wikidata.org/entity/Q10379940,http://www.wikidata.org/entity/Q50602,15.0,1996-01-01T00:00:00Z,2001-01-01T00:00:00Z
http://www.wikidata.org/entity/Q10380008,http://www.wikidata.org/entity/Q48879,15.0,2004-01-01T00:00:00Z,2006-01-01T00:00:00Z
http://www.wikidata.org/entity/Q10384678,http://www.wikidata.org/entity/Q50602,3.0,2000-01-01T00:00:00Z,2000-01-01T00:00:00Z
http://www.wikidata.org/entity/Q10384678,http://www.wikidata.org/entity/Q48879,65.0,1998-01-01T00:00:00Z,2000-01-01T00:00:00Z
http://www.wikidata.org/entity/Q10396798,http://www.wikidata.org/entity/Q48879,38.0,1999-01-01T00:00:00Z,2001-01-01T00:00:00Z
http://www.wikidata.org/entity/Q10410097,http://www.wikidata.org/entity/Q48879,0.0,2012-01-01T00:00:00Z,2012-01-01T00:00:00Z
http://www.wikidata.org/entity/Q10414193,http://www.wikidata.org/entity/Q48879,80.0,1996-01-01T00:00:00Z,2000-01-01T00:00:00Z
http://www.wikidata.org/entity/Q10469718,http://www.wikidata.org/entity/Q48879,125.0,2008-07-01T00:00:00Z,2014-07-23T00:00:00Z
http://www.wikidata.org/entity/Q10490646,http://www.wikidata.org/entity/Q50602,15.0,2001-01-01T00:00:00Z,2078-01-01T00:00:00Z
http://www.wikidata.org/entity/Q10513756,http://www.wikidata.org/entity/Q48879,5.0,2011-01-01T00:00:00Z,2012-01-01T00:00:00Z
http://www.wikidata.org/entity/Q10513923,http://www.wikidata.org/entity/Q48879,91.0,2011-01-01T00:00:00Z,2014-01-01T00:00:00Z
http://www.wikidata.org/entity/Q10553598,http://www.wikidata.org/entity/Q50602,0.0,2010-01-01T00:00:00Z,2014-01-01T00:00:00Z
http://www.wikidata.org/entity/Q10558141,http://www.wikidata.org/entity/Q48879,0.0,2007-01-01T00:00:00Z,2007-01-01T00:00:00Z
http://www.wikidata.org/entity/Q1061973,http://www.wikidata.org/entity/Q48879,32.0,2012-01-01T00:00:00Z,2013-01-01T00:00:00Z
http://www.wikidata.org/entity/Q1065043,http://www.wikidata.org/entity/Q48879,4.0,2010-01-01T00:00:00Z,2010-01-01T00:00:00Z
http://www.wikidata.org/entity/Q106625792,http://www.wikidata.org/entity/Q50602,36.0,2025-01-01T00:00:00Z,2026-08-01T00:00:00Z
http://www.wikidata.org/entity/Q107985608,http://www.wikidata.org/entity/Q50602,0.0,2020-11-01T00:00:00Z,2023-06-01T00:00:00Z
http://www.wikidata.org/entity/Q1083432,http://www.wikidata.org/entity/Q50602,0.0,2009-01-01T00:00:00Z,2012-01-01T00:00:00Z
http://www.wikidata.org/entity/Q10857014,http://www.wikidata.org/entity/Q48879,24.0,1998-01-01T00:00:00Z,2000-01-01T00:00:00Z
http://www.wikidata.org/entity/Q108649714,http://www.wikidata.org/entity/Q50602,0.0,2021-01-01T00:00:00Z,2022-01-01T00:00:00Z
http://www.wikidata.org/entity/Q1093679,http://www.wikidata.org/entity/Q48879,153.0,1997-01-01T00:00:00Z,2002-01-01T00:00:00Z
http://www.wikidata.org/entity/Q59209505,http://www.wikidata.org/entity/Q50602,86.0,2023-01-01T00:00:00Z,
http://www.wikidata.org/entity/Q59381180,http://www.wikidata.org/entity/Q50602,67.0,2022-01-01T00:00:00Z,2024-01-01T00:00:00Z
http://www.wikidata.org/entity/Q59938996,http://www.wikidata.org/entity/Q50602,19.0,2018-01-01T00:00:00Z,2021-01-01T00:00:00Z
http://www.wikidata.org/entity/Q6162552,http://www.wikidata.org/entity/Q48879,41.0,2003-01-01T00:00:00Z,2005-01-01T00:00:00Z
http://www.wikidata.org/entity/Q6163292,http://www.wikidata.org/entity/Q48879,10.0,2010-01-01T00:00:00Z,2011-01-01T00:00:00Z
http://www.wikidata.org/entity/Q617288,http://www.wikidata.org/entity/Q50602,0.0,2000-01-01T00:00:00Z,2003-01-01T00:00:00Z
http://www.wikidata.org/entity/Q6175266,http://www.wikidata.org/entity/Q50602,116.0,1996-01-01T00:00:00Z,2003-01-01T00:00:00Z
http://www.wikidata.org/entity/Q6198914,http://www.wikidata.org/entity/Q50602,38.0,1993-01-01T00:00:00Z,2001-01-01T00:00:00Z
http://www.wikidata.org/entity/Q6208813,http://www.wikidata.org/entity/Q48879,19.0,2005-01-01T00:00:00Z,2007-01-01T00:00:00Z
http://www.wikidata.org/entity/Q6209148,http://www.wikidata.org/entity/Q48879,109.0,2004-01-01T00:00:00Z,2009-01-01T00:00:00Z
http://www.wikidata.org/entity/Q6259820,http://www.wikidata.org/entity/Q48879,12.0,2004-01-01T00:00:00Z,2007-01-01T00:00:00Z
http://www.wikidata.org/entity/Q6271786,http://www.wikidata.org/entity/Q48879,1.0,2011-01-01T00:00:00Z,2011-01-01T00:00:00Z
http://www.wikidata.org/entity/Q6272529,http://www.wikidata.org/entity/Q48879,21.0,2009-01-01T00:00:00Z,2010-01-01T00:00:00Z
http://www.wikidata.org/entity/Q6272872,http://www.wikidata.org/entity/Q50602,1.0,2004-01-01T00:00:00Z,2006-01-01T00:00:00Z
http://www.wikidata.org/entity/Q6298063,http://www.wikidata.org/entity/Q50602,98.0,2019-01-01T00:00:00Z,2024-08-27T00:00:00Z
http://www.wikidata.org/entity/Q6300098,http://www.wikidata.org/entity/Q48879,26.0,2001-01-01T00:00:00Z,2003-01-01T00:00:00Z
http://www.wikidata.org/entity/Q6320136,http://www.wikidata.org/entity/Q50602,0.0,2011-01-01T00:00:00Z,2013-01-01T00:00:00Z
http://www.wikidata.org/entity/Q635584,http://www.wikidata.org/entity/Q48879,70.0,1999-01-01T00:00:00Z,2002-01-01T00:00:00Z
http://www.wikidata.org/entity/Q6371622,http://www.wikidata.org/entity/Q50602,0.0,2003-01-01T00:00:00Z,2006-01-01T00:00:00Z
http://www.wikidata.org/entity/Q6372095,http://www.wikidata.org/entity/Q50602,0.0,2007-01-01T00:00:00Z,2010-01-01T00:00:00Z
http://www.wikidata.org/entity/Q638023,http://www.wikidata.org/entity/Q48879,22.0,2013-01-01T00:00:00Z,2014-01-01T00:00:00Z
http://www.wikidata.org/entity/Q20641319,http://www.wikidata.org/entity/Q50602,16.0,2022-01-01T00:00:00Z,
http://www.wikidata.org/entity/Q21621168,http://www.wikidata.org/entity/Q50602,169.0,2020-01-01T00:00:00Z,
http://www.wikidata.org/entity/Q701297,http://www.wikidata.org/entity/Q50602,62.0,2023-01-01T00:00:00Z,
http://www.wikidata.org/entity/Q18633850,http://www.wikidata.org/entity/Q50602,2.0,2019-07-09T00:00:00Z,2024-01-04T00:00:00Z
http://www.wikidata.org/entity/Q190515,http://www.wikidata.org/entity/Q50602,40.0,2009-01-01T00:00:00Z,2011-01-01T00:00:00Z
http://www.wikidata.org/entity/Q1910946,http://www.wikidata.org/entity/Q50602,0.0,2002-01-01T00:00:00Z,2003-01-01T00:00:00Z
http://www.wikidata.org/entity/Q191136,http://www.wikidata.org/entity/Q50602,147.0,2010-01-01T00:00:00Z,2015-01-01T00:00:00Z
http://www.wikidata.org/entity/Q191855,http://www.wikidata.org/entity/Q50602,132.0,2009-01-01T00:00:00Z,2014-01-01T00:00:00Z
http://www.wikidata.org/entity/Q192747,http://www.wikidata.org/entity/Q50602,153.0,1999-01-01T00:00:00Z,2005-01-01T00:00:00Z
http://www.wikidata.org/entity/Q192747,http://www.wikidata.org/entity/Q50602,65.0,2008-01-01T00:00:00Z,2011-01-01T00:00:00Z
http://www.wikidata.org/entity/Q1932682,http://www.wikidata.org/entity/Q48879,16.0,2014-01-01T00:00:00Z,2015-01-01T00:00:00Z
http://www.wikidata.org/entity/Q194769,http://www.wikidata.org/entity/Q50602,0.0,2011-01-01T00:00:00Z,2013-01-01T00:00:00Z
http://www.wikidata.org/entity/Q19636859,http://www.wikidata.org/entity/Q50602,76.0,2016-07-04T00:00:00Z,2022-07-01T00:00:00Z
http://www.wikidata.org/entity/Q196805,http://www.wikidata.org/entity/Q48879,17.0,2009-01-01T00:00:00Z,2009-01-01T00:00:00Z
http://www.wikidata.org/entity/Q19708656,http://www.wikidata.org/entity/Q50602,159.0,2017-01-01T00:00:00Z,2022-01-01T00:00:00Z
http://www.wikidata.org/entity/Q1974867,http://www.wikidata.org/entity/Q48879,3.0,2004-01-01T00:00:00Z,2004-01-01T00:00:00Z
http://www.wikidata.org/entity/Q1983384,http://www.wikidata.org/entity/Q48879,71.0,2000-01-01T00:00:00Z,2003-01-01T00:00:00Z
http://www.wikidata.org/entity/Q19968626,http://www.wikidata.org/entity/Q50602,5.0,2015-01-01T00:00:00Z,2020-10-01T00:00:00Z
http://www.wikidata.org/entity/Q20038711,http://www.wikidata.org/entity/Q50602,0.0,2019-01-01T00:00:00Z,2022-07-01T00:00:00Z
http://www.wikidata.org/entity/Q20128059,http://www.wikidata.org/entity/Q48879,0.0,2010-01-01T00:00:00Z,2010-01-01T00:00:00Z
http://www.wikidata.org/entity/Q20128200,http://www.wikidata.org/entity/Q48879,1.0,2001-01-01T00:00:00Z,2002-01-01T00:00:00Z
http://www.wikidata.org/entity/Q201381,http://www.wikidata.org/entity/Q50602,265.0,2008-01-01T00:00:00Z,2019-06-01T00:00:00Z
http://www.wikidata.org/entity/Q202329,http://www.wikidata.org/entity/Q50602,130.0,2002-01-01T00:00:00Z,2007-01-01T00:00:00Z
http://www.wikidata.org/entity/Q202404,http://www.wikidata.org/entity/Q50602,54.0,2006-01-01T00:00:00Z,2008-01-01T00:00:00Z
http://www.wikidata.org/entity/Q2025900,http://www.wikidata.org/entity/Q50602,180.0,2016-01-01T00:00:00Z,2026-01-01T00:00:00Z
http://www.wikidata.org/entity/Q2035891,http://www.wikidata.org/entity/Q50602,20.0,1999-01-01T00:00:00Z,2002-01-01T00:00:00Z
http://www.wikidata.org/entity/Q2035891,http://www.wikidata.org/entity/Q50602,17.0,1999-01-01T00:00:00Z,1999-01-01T00:00:00Z
http://www.wikidata.org/entity/Q205773,http://www.wikidata.org/entity/Q50602,19.0,2006-01-01T00:00:00Z,2008-01-01T00:00:00Z
http://www.wikidata.org/entity/Q206306,http://www.wikidata.org/entity/Q50602,38.0,2007-01-01T00:00:00Z,2008-01-01T00:00:00Z
http://www.wikidata.org/entity/Q206548,http://www.wikidata.org/entity/Q50602,80.0,2003-01-01T00:00:00Z,2006-01-01T00:00:00Z
http://www.wikidata.org/entity/Q2065863,http://www.wikidata.org/entity/Q50602,0.0,2002-01-01T00:00:00Z,2003-01-01T00:00:00Z
http://www.wikidata.org/entity/Q206644,http://www.wikidata.org/entity/Q50602,59.0,2007-01-01T00:00:00Z,2010-01-01T00:00:00Z
http://www.wikidata.org/entity/Q206677,http://www.wikidata.org/entity/Q50602,42.0,2009-01-01T00:00:00Z,2013-01-01T00:00:00Z
http://www.wikidata.org/entity/Q20688718,http://www.wikidata.org/entity/Q50602,0.0,2014-01-01T00:00:00Z,2018-01-01T00:00:00Z
http://www.wikidata.org/entity/Q20688718,http://www.wikidata.org/entity/Q50602,6.0,2019-07-03T00:00:00Z,2021-02-12T00:00:00Z
http://www.wikidata.org/entity/Q207407,http://www.wikidata.org/entity/Q50602,62.0,2007-01-01T00:00:00Z,2009-01-01T00:00:00Z
http://www.wikidata.org/entity/Q2092171,http://www.wikidata.org/entity/Q50602,0.0,2011-01-01T00:00:00Z,2013-01-01T00:00:00Z
http://www.wikidata.org/entity/Q20994118,http://www.wikidata.org/entity/Q50602,196.0,2019-01-01T00:00:00Z,2026-08-01T00:00:00Z
http://www.wikidata.org/entity/Q209944,http://www.wikidata.org/entity/Q50602,179.0,2005-01-01T00:00:00Z,2015-01-01T00:00:00Z
http://www.wikidata.org/entity/Q20994432,http://www.wikidata.org/entity/Q50602,0.0,2017-01-01T00:00:00Z,2023-01-01T00:00:00Z
http://www.wikidata.org/entity/Q2104079,http://www.wikidata.org/entity/Q48879,6.0,2004-01-01T00:00:00Z,2004-01-01T00:00:00Z
http://www.wikidata.org/entity/Q210916,http://www.wikidata.org/entity/Q50602,32.0,2013-01-01T00:00:00Z,2015-01-01T00:00:00Z
http://www.wikidata.org/entity/Q211126,http://www.wikidata.org/entity/Q50602,64.0,2000-01-01T00:00:00Z,2004-01-01T00:00:00Z
http://www.wikidata.org/entity/Q211451,http://www.wikidata.org/entity/Q50602,165.0,2010-01-01T00:00:00Z,2017-01-01T00:00:00Z
http://www.wikidata.org/entity/Q2121035,http://www.wikidata.org/entity/Q48879,7.0,1999-01-01T00:00:00Z,1999-01-01T00:00:00Z
http://www.wikidata.org/entity/Q2121035,http://www.wikidata.org/entity/Q48879,7.0,2000-01-01T00:00:00Z,2000-01-01T00:00:00Z
http://www.wikidata.org/entity/Q213095,http://www.wikidata.org/entity/Q50602,43.0,2007-07-14T00:00:00Z,2009-07-09T00:00:00Z
http://www.wikidata.org/entity/Q214498,http://www.wikidata.org/entity/Q50602,19.0,2003-01-01T00:00:00Z,2004-01-01T00:00:00Z
http://www.wikidata.org/entity/Q215435,http://www.wikidata.org/entity/Q50602,15.0,2006-01-01T00:00:00Z,2006-01-01T00:00:00Z
http://www.wikidata.org/entity/Q215812,http://www.wikidata.org/entity/Q50602,50.0,2009-01-01T00:00:00Z,2011-01-01T00:00:00Z
http://www.wikidata.org/entity/Q215841,http://www.wikidata.org/entity/Q50602,107.0,2009-01-01T00:00:00Z,2014-01-01T00:00:00Z
http://www.wikidata.org/entity/Q2158881,http://www.wikidata.org/entity/Q48879,37.0,1997-01-01T00:00:00Z,1999-01-01T00:00:00Z
http://www.wikidata.org/entity/Q21620666,http://www.wikidata.org/entity/Q50602,0.0,2016-01-01T00:00:00Z,2020-01-01T00:00:00Z
http://www.wikidata.org/entity/Q21621469,http://www.wikidata.org/entity/Q48879,13.0,2017-01-01T00:00:00Z,2018-01-01T00:00:00Z
http://www.wikidata.org/entity/Q216928,http://www.wikidata.org/entity/Q50602,22.0,2005-01-01T00:00:00Z,2006-01-01T00:00:00Z
http://www.wikidata.org/entity/Q217507,http://www.wikidata.org/entity/Q50602,1.0,2009-01-01T00:00:00Z,2012-01-01T00:00:00Z
http://www.wikidata.org/entity/Q219884,http://www.wikidata.org/entity/Q50602,12.0,2011-01-01T00:00:00Z,2012-01-01T00:00:00Z
http://www.wikidata.org/entity/Q2200206,http://www.wikidata.org/entity/Q48879,42.0,2002-01-01T00:00:00Z,2003-01-01T00:00:00Z
http://www.wikidata.org/entity/Q2216681,http://www.wikidata.org/entity/Q50602,1.0,2007-01-01T00:00:00Z,2009-01-01T00:00:00Z
http://www.wikidata.org/entity/Q222231,http://www.wikidata.org/entity/Q50602,21.0,2006-01-01T00:00:00Z,2009-01-01T00:00:00Z
http://www.wikidata.org/entity/Q223843,http://www.wikidata.org/entity/Q50602,35.0,2002-01-01T00:00:00Z,2003-01-01T00:00:00Z
http://www.wikidata.org/entity/Q49821,http://www.wikidata.org/entity/Q19477,2.0,2008-01-01T00:00:00Z,2009-01-01T00:00:00Z
http://www.wikidata.org/entity/Q6755420,http://www.wikidata.org/entity/Q48879,83.0,2005-01-01T00:00:00Z,2007-01-01T00:00:00Z
http://www.wikidata.org/entity/Q6755420,http://www.wikidata.org/entity/Q48879,4.0,2005-01-01T00:00:00Z,2005-01-01T00:00:00Z
http://www.wikidata.org/entity/Q6755682,http://www.wikidata.org/entity/Q50602,0.0,2004-01-01T00:00:00Z,2008-01-01T00:00:00Z
http://www.wikidata.org/entity/Q679285,http://www.wikidata.org/entity/Q48879,11.0,2000-01-01T00:00:00Z,2001-01-01T00:00:00Z
http://www.wikidata.org/entity/Q6828749,http://www.wikidata.org/entity/Q48879,64.0,2008-01-01T00:00:00Z,2010-01-01T00:00:00Z
http://www.wikidata.org/entity/Q6828799,http://www.wikidata.org/entity/Q48879,33.0,2003-01-01T00:00:00Z,2004-01-01T00:00:00Z
http://www.wikidata.org/entity/Q6828903,http://www.wikidata.org/entity/Q48879,9.0,2011-01-01T00:00:00Z,2011-01-01T00:00:00Z
http://www.wikidata.org/entity/Q6830352,http://www.wikidata.org/entity/Q48879,91.0,2009-01-01T00:00:00Z,2012-01-01T00:00:00Z
http://www.wikidata.org/entity/Q6833629,http://www.wikidata.org/entity/Q48879,12.0,2002-01-01T00:00:00Z,2002-01-01T00:00:00Z
http://www.wikidata.org/entity/Q6834554,http://www.wikidata.org/entity/Q48879,30.0,2002-01-01T00:00:00Z,2004-01-01T00:00:00Z
http://www.wikidata.org/entity/Q6915696,http://www.wikidata.org/entity/Q48879,8.0,2007-01-01T00:00:00Z,2007-01-01T00:00:00Z
http://www.wikidata.org/entity/Q6969006,http://www.wikidata.org/entity/Q48879,0.0,2012-01-01T00:00:00Z,2014-01-01T00:00:00Z
http://www.wikidata.org/entity/Q6969008,http://www.wikidata.org/entity/Q50602,0.0,2006-01-01T00:00:00Z,2007-01-01T00:00:00Z
http://www.wikidata.org/entity/Q6969158,http://www.wikidata.org/entity/Q48879,2.0,2007-01-01T00:00:00Z,2007-01-01T00:00:00Z
http://www.wikidata.org/entity/Q6988287,http://www.wikidata.org/entity/Q48879,0.0,2003-01-01T00:00:00Z,2003-01-01T00:00:00Z
http://www.wikidata.org/entity/Q6988732,http://www.wikidata.org/entity/Q50602,18.0,1996-01-01T00:00:00Z,1999-01-01T00:00:00Z
http://www.wikidata.org/entity/Q7028642,http://www.wikidata.org/entity/Q48879,10.0,2007-01-01T00:00:00Z,2007-01-01T00:00:00Z
http://www.wikidata.org/entity/Q7028642,http://www.wikidata.org/entity/Q48879,33.0,2008-01-01T00:00:00Z,2009-01-01T00:00:00Z
http://www.wikidata.org/entity/Q70567,http://www.wikidata.org/entity/Q50602,5.0,2012-01-01T00:00:00Z,2012-01-01T00:00:00Z
http://www.wikidata.org/entity/Q706028,http://www.wikidata.org/entity/Q48879,47.0,1999-01-01T00:00:00Z,2002-01-01T00:00:00Z
http://www.wikidata.org/entity/Q706028,http://www.wikidata.org/entity/Q48879,9.0,1999-01-01T00:00:00Z,1999-01-01T00:00:00Z
http://www.wikidata.org/entity/Q706113,http://www.wikidata.org/entity/Q48879,157.0,1998-01-01T00:00:00Z,2002-01-01T00:00:00Z
http://www.wikidata.org/entity/Q7066263,http://www.wikidata.org/entity/Q48879,3.0,2007-01-01T00:00:00Z,2008-01-01T00:00:00Z
http://www.wikidata.org/entity/Q71239,http://www.wikidata.org/entity/Q50602,73.0,2010-01-01T00:00:00Z,2012-01-01T00:00:00Z
http://www.wikidata.org/entity/Q713883,http://www.wikidata.org/entity/Q50602,0.0,2010-01-01T00:00:00Z,2014-01-01T00:00:00Z
http://www.wikidata.org/entity/Q715589,http://www.wikidata.org/entity/Q50602,10.0,2006-01-01T00:00:00Z,2011-01-01T00:00:00Z
http://www.wikidata.org/entity/Q7172578,http://www.wikidata.org/entity/Q48879,94.0,2000-01-01T00:00:00Z,2005-01-01T00:00:00Z
http://www.wikidata.org/entity/Q7172729,http://www.wikidata.org/entity/Q48879,132.0,1997-01-01T00:00:00Z,2001-01-01T00:00:00Z
http://www.wikidata.org/entity/Q7177310,http://www.wikidata.org/entity/Q48879,77.0,2007-01-01T00:00:00Z,2010-01-01T00:00:00Z
http://www.wikidata.org/entity/Q96116141,http://www.wikidata.org/entity/Q19490,0.0,2022-07-01T00:00:00Z,
http://www.wikidata.org/entity/Q98198106,http://www.wikidata.org/entity/Q19568,7.0,2025-01-01T00:00:00Z,
http://www.wikidata.org/entity/Q72921909,http://www.wikidata.org/entity/Q19490,119.0,2022-01-01T00:00:00Z,
http://www.wikidata.org/entity/Q431368,http://www.wikidata.org/entity/Q19481,3.0,2025-07-29T00:00:00Z,
http://www.wikidata.org/entity/Q27919903,http://www.wikidata.org/entity/Q19500,24.0,2025-01-01T00:00:00Z,
http://www.wikidata.org/entity/Q27919903,http://www.wikidata.org/entity/Q19500,24.0,2025-08-28T00:00:00Z,
http://www.wikidata.org/entity/Q30729099,http://www.wikidata.org/entity/Q19580,74.0,2023-07-01T00:00:00Z,
http://www.wikidata.org/entity/Q327536,http://www.wikidata.org/entity/Q19498,1.0,2025-01-01T00:00:00Z,
http://www.wikidata.org/entity/Q348813,http://www.wikidata.org/entity/Q19568,0.0,2026-01-01T00:00:00Z,
http://www.wikidata.org/entity/Q1679812,http://www.wikidata.org/entity/Q19481,0.0,2026-01-01T00:00:00Z,
http://www.wikidata.org/entity/Q10511700,http://www.wikidata.org/entity/Q1130849,0.0,2009-01-01T00:00:00Z,2010-01-01T00:00:00Z
http://www.wikidata.org/entity/Q10543,http://www.wikidata.org/entity/Q19607,3.0,2003-01-01T00:00:00Z,2003-01-01T00:00:00Z
http://www.wikidata.org/entity/Q10552,http://www.wikidata.org/entity/Q19607,3.0,2001-01-01T00:00:00Z,2001-01-01T00:00:00Z
http://www.wikidata.org/entity/Q10552,http://www.wikidata.org/entity/Q19473,18.0,2008-01-01T00:00:00Z,2008-01-01T00:00:00Z
http://www.wikidata.org/entity/Q10552,http://www.wikidata.org/entity/Q19607,104.0,2001-01-01T00:00:00Z,2004-01-01T00:00:00Z
http://www.wikidata.org/entity/Q10552,http://www.wikidata.org/entity/Q19580,70.0,2005-01-01T00:00:00Z,2008-01-01T00:00:00Z
http://www.wikidata.org/entity/Q10557703,http://www.wikidata.org/entity/Q1128631,4.0,2012-01-01T00:00:00Z,2016-01-01T00:00:00Z
http://www.wikidata.org/entity/Q10569,http://www.wikidata.org/entity/Q19477,18.0,2013-01-01T00:00:00Z,2014-01-01T00:00:00Z
http://www.wikidata.org/entity/Q10569,http://www.wikidata.org/entity/Q19500,5.0,2014-01-01T00:00:00Z,2014-01-01T00:00:00Z
http://www.wikidata.org/entity/Q10577,http://www.wikidata.org/entity/Q19481,15.0,2009-01-01T00:00:00Z,2009-05-01T00:00:00Z
http://www.wikidata.org/entity/Q10581,http://www.wikidata.org/entity/Q19571,28.0,2014-01-01T00:00:00Z,2015-01-01T00:00:00Z
http://www.wikidata.org/entity/Q10581,http://www.wikidata.org/entity/Q19604,19.0,2009-01-01T00:00:00Z,2010-01-01T00:00:00Z
http://www.wikidata.org/entity/Q10588,http://www.wikidata.org/entity/Q19490,50.0,2003-01-01T00:00:00Z,2005-01-01T00:00:00Z
http://www.wikidata.org/entity/Q10588,http://www.wikidata.org/entity/Q19477,20.0,2008-01-01T00:00:00Z,2009-01-01T00:00:00Z
http://www.wikidata.org/entity/Q10588,http://www.wikidata.org/entity/Q19607,8.0,2013-01-01T00:00:00Z,2013-01-01T00:00:00Z
http://www.wikidata.org/entity/Q10588,http://www.wikidata.org/entity/Q19580,28.0,2010-01-01T00:00:00Z,2011-01-01T00:00:00Z
http://www.wikidata.org/entity/Q10590,http://www.wikidata.org/entity/Q19604,1.0,2013-01-01T00:00:00Z,2013-01-01T00:00:00Z
http://www.wikidata.org/entity/Q10590,http://www.wikidata.org/entity/Q19571,141.0,1998-01-01T00:00:00Z,2002-01-01T00:00:00Z
http://www.wikidata.org/entity/Q10592,http://www.wikidata.org/entity/Q19482,236.0,1994-01-01T00:00:00Z,2001-01-01T00:00:00Z
http://www.wikidata.org/entity/Q10592,http://www.wikidata.org/entity/Q19571,30.0,2005-01-01T00:00:00Z,2006-01-01T00:00:00Z
http://www.wikidata.org/entity/Q10598,http://www.wikidata.org/entity/Q19568,19.0,2012-01-01T00:00:00Z,2013-01-01T00:00:00Z
http://www.wikidata.org/entity/Q10598,http://www.wikidata.org/entity/Q19604,134.0,2006-01-01T00:00:00Z,2010-01-01T00:00:00Z
http://www.wikidata.org/entity/Q10667,http://www.wikidata.org/entity/Q19607,19.0,2010-01-01T00:00:00Z,2010-01-01T00:00:00Z
http://www.wikidata.org/entity/Q10667,http://www.wikidata.org/entity/Q19607,32.0,2010-01-01T00:00:00Z,2011-01-01T00:00:00Z
http://www.wikidata.org/entity/Q10667,http://www.wikidata.org/entity/Q19604,7.0,2015-01-01T00:00:00Z,2015-01-01T00:00:00Z
http://www.wikidata.org/entity/Q10715,http://www.wikidata.org/entity/Q19571,13.0,2012-01-01T00:00:00Z,2013-01-01T00:00:00Z
http://www.wikidata.org/entity/Q10718,http://www.wikidata.org/entity/Q19580,85.0,1996-01-01T00:00:00Z,2003-01-01T00:00:00Z
http://www.wikidata.org/entity/Q10723,http://www.wikidata.org/entity/Q19477,5.0,2006-01-01T00:00:00Z,2007-01-01T00:00:00Z
http://www.wikidata.org/entity/Q10723,http://www.wikidata.org/entity/Q19481,9.0,2007-01-01T00:00:00Z,2007-01-01T00:00:00Z
http://www.wikidata.org/entity/Q10723,http://www.wikidata.org/entity/Q19607,55.0,2010-01-01T00:00:00Z,2011-01-01T00:00:00Z
http://www.wikidata.org/entity/Q10724,http://www.wikidata.org/entity/Q19473,382.0,2013-01-01T00:00:00Z,2025-01-01T00:00:00Z
http://www.wikidata.org/entity/Q10724,http://www.wikidata.org/entity/Q19604,19.0,2011-01-01T00:00:00Z,2011-05-01T00:00:00Z
http://www.wikidata.org/entity/Q10726,http://www.wikidata.org/entity/Q19500,46.0,2008-01-01T00:00:00Z,2010-01-01T00:00:00Z
http://www.wikidata.org/entity/Q10729,http://www.wikidata.org/entity/Q19607,30.0,2013-01-01T00:00:00Z,2015-01-01T00:00:00Z
http://www.wikidata.org/entity/Q10732,http://www.wikidata.org/entity/Q19498,36.0,2015-01-01T00:00:00Z,2016-01-01T00:00:00Z
http://www.wikidata.org/entity/Q10732,http://www.wikidata.org/entity/Q19498,64.0,2016-01-01T00:00:00Z,2019-06-01T00:00:00Z
http://www.wikidata.org/entity/Q10781,http://www.wikidata.org/entity/Q19500,4.0,2010-01-01T00:00:00Z,2011-01-01T00:00:00Z
http://www.wikidata.org/entity/Q99584177,http://www.wikidata.org/entity/Q19477,31.0,2023-07-02T00:00:00Z,2024-06-01T00:00:00Z
http://www.wikidata.org/entity/Q10544594,http://www.wikidata.org/entity/Q19477,107.0,2017-08-30T00:00:00Z,2020-06-30T00:00:00Z
http://www.wikidata.org/entity/Q106805131,http://www.wikidata.org/entity/Q19490,74.0,2023-01-01T00:00:00Z,2025-01-01T00:00:00Z
http://www.wikidata.org/entity/Q150238,http://www.wikidata.org/entity/Q19498,124.0,2016-07-01T00:00:00Z,2020-01-01T00:00:00Z
http://www.wikidata.org/entity/Q138839,http://www.wikidata.org/entity/Q19490,0.0,2025-01-01T00:00:00Z,2025-01-01T00:00:00Z
http://www.wikidata.org/entity/Q219158,http://www.wikidata.org/entity/Q19477,68.0,2018-01-01T00:00:00Z,2020-01-01T00:00:00Z
http://www.wikidata.org/entity/Q202410,http://www.wikidata.org/entity/Q19580,3.0,2017-01-01T00:00:00Z,2017-01-01T00:00:00Z
http://www.wikidata.org/entity/Q587620,http://www.wikidata.org/entity/Q19490,33.0,2022-01-01T00:00:00Z,2024-01-01T00:00:00Z
http://www.wikidata.org/entity/Q1367592,http://www.wikidata.org/entity/Q19490,12.0,2018-01-01T00:00:00Z,2019-01-01T00:00:00Z
http://www.wikidata.org/entity/Q358660,http://www.wikidata.org/entity/Q19490,38.0,2018-01-01T00:00:00Z,2019-01-01T00:00:00Z
http://www.wikidata.org/entity/Q358660,http://www.wikidata.org/entity/Q19607,1.0,2021-01-01T00:00:00Z,2021-01-01T00:00:00Z
http://www.wikidata.org/entity/Q471592,http://www.wikidata.org/entity/Q19604,19.0,2016-01-01T00:00:00Z,2017-01-01T00:00:00Z
http://www.wikidata.org/entity/Q150289,http://www.wikidata.org/entity/Q19571,11.0,2021-01-01T00:00:00Z,2021-01-01T00:00:00Z
http://www.wikidata.org/entity/Q99360090,http://www.wikidata.org/entity/Q19568,78.0,2023-01-01T00:00:00Z,2025-01-01T00:00:00Z
http://www.wikidata.org/entity/Q24084271,http://www.wikidata.org/entity/Q19500,28.0,2021-01-01T00:00:00Z,2022-01-01T00:00:00Z
http://www.wikidata.org/entity/Q28363823,http://www.wikidata.org/entity/Q19490,8.0,2025-08-21T00:00:00Z,2026-01-27T00:00:00Z
http://www.wikidata.org/entity/Q66738004,http://www.wikidata.org/entity/Q19500,72.0,2020-09-05T00:00:00Z,2025-08-29T00:00:00Z
http://www.wikidata.org/entity/Q19636859,http://www.wikidata.org/entity/Q19490,5.0,2025-01-01T00:00:00Z,2026-01-01T00:00:00Z
http://www.wikidata.org/entity/Q28101965,http://www.wikidata.org/entity/Q19571,137.0,2021-01-01T00:00:00Z,2025-09-01T00:00:00Z
http://www.wikidata.org/entity/Q55055451,http://www.wikidata.org/entity/Q19490,28.0,2022-01-01T00:00:00Z,2023-01-01T00:00:00Z
http://www.wikidata.org/entity/Q61598452,http://www.wikidata.org/entity/Q19568,14.0,2021-01-01T00:00:00Z,2022-01-01T00:00:00Z
http://www.wikidata.org/entity/Q821646,http://www.wikidata.org/entity/Q19490,3.0,2026-02-01T00:00:00Z,2026-06-01T00:00:00Z
http://www.wikidata.org/entity/Q20641319,http://www.wikidata.org/entity/Q19607,3.0,2026-02-01T00:00:00Z,2026-06-30T00:00:00Z
http://www.wikidata.org/entity/Q73400656,http://www.wikidata.org/entity/Q50602,81.0,2023-08-05T00:00:00Z,
http://www.wikidata.org/entity/Q7381574,http://www.wikidata.org/entity/Q48879,11.0,2005-01-01T00:00:00Z,2007-01-01T00:00:00Z
http://www.wikidata.org/entity/Q7384128,http://www.wikidata.org/entity/Q48879,1.0,2009-01-01T00:00:00Z,2011-01-01T00:00:00Z
http://www.wikidata.org/entity/Q7384210,http://www.wikidata.org/entity/Q48879,6.0,2010-01-01T00:00:00Z,2010-01-01T00:00:00Z
http://www.wikidata.org/entity/Q7436048,http://www.wikidata.org/entity/Q48879,0.0,2012-01-01T00:00:00Z,2013-01-01T00:00:00Z
http://www.wikidata.org/entity/Q7436615,http://www.wikidata.org/entity/Q48879,1.0,1999-01-01T00:00:00Z,2001-01-01T00:00:00Z
http://www.wikidata.org/entity/Q7436945,http://www.wikidata.org/entity/Q48879,24.0,2009-01-01T00:00:00Z,2010-01-01T00:00:00Z
http://www.wikidata.org/entity/Q7437053,http://www.wikidata.org/entity/Q48879,13.0,2007-01-01T00:00:00Z,2008-01-01T00:00:00Z
http://www.wikidata.org/entity/Q745066,http://www.wikidata.org/entity/Q50602,172.0,1997-01-01T00:00:00Z,2007-01-01T00:00:00Z
http://www.wikidata.org/entity/Q747069,http://www.wikidata.org/entity/Q48879,4.0,2011-01-01T00:00:00Z,2011-01-01T00:00:00Z
http://www.wikidata.org/entity/Q747166,http://www.wikidata.org/entity/Q50602,0.0,2002-01-01T00:00:00Z,2003-01-01T00:00:00Z
http://www.wikidata.org/entity/Q7488052,http://www.wikidata.org/entity/Q48879,12.0,2010-01-01T00:00:00Z,2011-01-01T00:00:00Z
http://www.wikidata.org/entity/Q7490882,http://www.wikidata.org/entity/Q50602,0.0,1999-01-01T00:00:00Z,2001-01-01T00:00:00Z
http://www.wikidata.org/entity/Q7518152,http://www.wikidata.org/entity/Q48879,14.0,2006-01-01T00:00:00Z,2009-01-01T00:00:00Z
http://www.wikidata.org/entity/Q7518674,http://www.wikidata.org/entity/Q48879,22.0,2009-01-01T00:00:00Z,2009-01-01T00:00:00Z
http://www.wikidata.org/entity/Q7518777,http://www.wikidata.org/entity/Q48879,55.0,2001-01-01T00:00:00Z,2003-01-01T00:00:00Z
http://www.wikidata.org/entity/Q7519616,http://www.wikidata.org/entity/Q48879,50.0,2009-01-01T00:00:00Z,2012-01-01T00:00:00Z
http://www.wikidata.org/entity/Q7519702,http://www.wikidata.org/entity/Q50602,0.0,2002-01-01T00:00:00Z,2002-01-01T00:00:00Z
http://www.wikidata.org/entity/Q7520021,http://www.wikidata.org/entity/Q48879,6.0,2009-01-01T00:00:00Z,2009-01-01T00:00:00Z
http://www.wikidata.org/entity/Q756547,http://www.wikidata.org/entity/Q48879,3.0,2010-01-01T00:00:00Z,2010-01-01T00:00:00Z
http://www.wikidata.org/entity/Q7576161,http://www.wikidata.org/entity/Q50602,30.0,2000-01-01T00:00:00Z,2001-01-01T00:00:00Z
http://www.wikidata.org/entity/Q7576222,http://www.wikidata.org/entity/Q48879,5.0,2007-01-01T00:00:00Z,2007-01-01T00:00:00Z
http://www.wikidata.org/entity/Q7610122,http://www.wikidata.org/entity/Q48879,7.0,2009-01-01T00:00:00Z,2010-01-01T00:00:00Z
http://www.wikidata.org/entity/Q7610186,http://www.wikidata.org/entity/Q50602,0.0,1999-01-01T00:00:00Z,2003-01-01T00:00:00Z
http://www.wikidata.org/entity/Q7612218,http://www.wikidata.org/entity/Q48879,26.0,2005-01-01T00:00:00Z,2006-01-01T00:00:00Z
http://www.wikidata.org/entity/Q7613753,http://www.wikidata.org/entity/Q50602,0.0,1995-01-01T00:00:00Z,1999-01-01T00:00:00Z
http://www.wikidata.org/entity/Q7614315,http://www.wikidata.org/entity/Q48879,68.0,2009-01-01T00:00:00Z,2013-01-01T00:00:00Z
http://www.wikidata.org/entity/Q7615248,http://www.wikidata.org/entity/Q48879,117.0,2004-01-01T00:00:00Z,2007-01-01T00:00:00Z
http://www.wikidata.org/entity/Q765494,http://www.wikidata.org/entity/Q50602,30.0,1998-01-01T00:00:00Z,2000-01-01T00:00:00Z
http://www.wikidata.org/entity/Q7670515,http://www.wikidata.org/entity/Q48879,14.0,2008-01-01T00:00:00Z,2009-01-01T00:00:00Z
http://www.wikidata.org/entity/Q7670515,http://www.wikidata.org/entity/Q48879,7.0,2008-01-01T00:00:00Z,2008-01-01T00:00:00Z
http://www.wikidata.org/entity/Q768148,http://www.wikidata.org/entity/Q50602,23.0,2000-01-01T00:00:00Z,2002-01-01T00:00:00Z
http://www.wikidata.org/entity/Q773304,http://www.wikidata.org/entity/Q48879,11.0,2000-01-01T00:00:00Z,2001-01-01T00:00:00Z
http://www.wikidata.org/entity/Q7819228,http://www.wikidata.org/entity/Q48879,4.0,2006-01-01T00:00:00Z,2006-01-01T00:00:00Z
http://www.wikidata.org/entity/Q7823615,http://www.wikidata.org/entity/Q50602,59.0,1997-01-01T00:00:00Z,2000-01-01T00:00:00Z
http://www.wikidata.org/entity/Q7114581,http://www.wikidata.org/entity/Q48879,36.0,2004-01-01T00:00:00Z,2006-01-01T00:00:00Z
http://www.wikidata.org/entity/Q7147164,http://www.wikidata.org/entity/Q48879,0.0,2006-01-01T00:00:00Z,2007-01-01T00:00:00Z
http://www.wikidata.org/entity/Q7149428,http://www.wikidata.org/entity/Q48879,12.0,1997-01-01T00:00:00Z,1999-01-01T00:00:00Z
http://www.wikidata.org/entity/Q7150541,http://www.wikidata.org/entity/Q48879,42.0,2002-01-01T00:00:00Z,2004-01-01T00:00:00Z
http://www.wikidata.org/entity/Q7150541,http://www.wikidata.org/entity/Q48879,25.0,2007-01-01T00:00:00Z,2008-01-01T00:00:00Z
http://www.wikidata.org/entity/Q7151218,http://www.wikidata.org/entity/Q48879,43.0,2003-01-01T00:00:00Z,2004-01-01T00:00:00Z
http://www.wikidata.org/entity/Q7151218,http://www.wikidata.org/entity/Q48879,30.0,2008-01-01T00:00:00Z,2009-01-01T00:00:00Z
http://www.wikidata.org/entity/Q7151218,http://www.wikidata.org/entity/Q48879,23.0,2007-01-01T00:00:00Z,2008-01-01T00:00:00Z
http://www.wikidata.org/entity/Q7151236,http://www.wikidata.org/entity/Q48879,40.0,2004-01-01T00:00:00Z,2005-01-01T00:00:00Z
http://www.wikidata.org/entity/Q7152397,http://www.wikidata.org/entity/Q48879,34.0,2008-01-01T00:00:00Z,2009-01-01T00:00:00Z
http://www.wikidata.org/entity/Q7152652,http://www.wikidata.org/entity/Q48879,6.0,2009-01-01T00:00:00Z,2009-01-01T00:00:00Z
http://www.wikidata.org/entity/Q7153246,http://www.wikidata.org/entity/Q50602,20.0,2000-01-01T00:00:00Z,2003-01-01T00:00:00Z
http://www.wikidata.org/entity/Q7154016,http://www.wikidata.org/entity/Q48879,14.0,2004-01-01T00:00:00Z,2005-01-01T00:00:00Z
http://www.wikidata.org/entity/Q716642,http://www.wikidata.org/entity/Q50602,69.0,2000-01-01T00:00:00Z,2003-01-01T00:00:00Z
http://www.wikidata.org/entity/Q719604,http://www.wikidata.org/entity/Q50602,38.0,2000-01-01T00:00:00Z,2003-01-01T00:00:00Z
http://www.wikidata.org/entity/Q721231,http://www.wikidata.org/entity/Q50602,49.0,2003-01-01T00:00:00Z,2006-01-01T00:00:00Z
http://www.wikidata.org/entity/Q723829,http://www.wikidata.org/entity/Q50602,56.0,2001-01-01T00:00:00Z,2004-01-01T00:00:00Z
http://www.wikidata.org/entity/Q725692,http://www.wikidata.org/entity/Q48879,63.0,1997-01-01T00:00:00Z,1999-01-01T00:00:00Z
http://www.wikidata.org/entity/Q7282512,http://www.wikidata.org/entity/Q48879,20.0,2013-01-01T00:00:00Z,2014-01-01T00:00:00Z
http://www.wikidata.org/entity/Q730452,http://www.wikidata.org/entity/Q50602,0.0,2002-01-01T00:00:00Z,2005-01-01T00:00:00Z
http://www.wikidata.org/entity/Q7306590,http://www.wikidata.org/entity/Q50602,1.0,2011-01-01T00:00:00Z,2014-01-01T00:00:00Z
http://www.wikidata.org/entity/Q7321778,http://www.wikidata.org/entity/Q48879,45.0,2008-01-01T00:00:00Z,2009-01-01T00:00:00Z
http://www.wikidata.org/entity/Q7321778,http://www.wikidata.org/entity/Q48879,4.0,2007-01-01T00:00:00Z,2007-01-01T00:00:00Z
http://www.wikidata.org/entity/Q7325443,http://www.wikidata.org/entity/Q48879,42.0,2005-01-01T00:00:00Z,2007-01-01T00:00:00Z
http://www.wikidata.org/entity/Q7325443,http://www.wikidata.org/entity/Q50602,183.0,1993-01-01T00:00:00Z,2002-01-01T00:00:00Z
http://www.wikidata.org/entity/Q7326866,http://www.wikidata.org/entity/Q50602,50.0,1998-01-01T00:00:00Z,2001-01-01T00:00:00Z
http://www.wikidata.org/entity/Q7327665,http://www.wikidata.org/entity/Q50602,0.0,2007-01-01T00:00:00Z,2009-01-01T00:00:00Z
http://www.wikidata.org/entity/Q7327749,http://www.wikidata.org/entity/Q50602,0.0,1999-01-01T00:00:00Z,2001-01-01T00:00:00Z
http://www.wikidata.org/entity/Q7332166,http://www.wikidata.org/entity/Q48879,6.0,2011-01-01T00:00:00Z,2012-01-01T00:00:00Z
http://www.wikidata.org/entity/Q7332166,http://www.wikidata.org/entity/Q48879,49.0,2012-01-01T00:00:00Z,2014-01-01T00:00:00Z
http://www.wikidata.org/entity/Q7340656,http://www.wikidata.org/entity/Q48879,14.0,2003-01-01T00:00:00Z,2004-01-01T00:00:00Z
http://www.wikidata.org/entity/Q7346464,http://www.wikidata.org/entity/Q48879,17.0,2012-01-01T00:00:00Z,2012-01-01T00:00:00Z
http://www.wikidata.org/entity/Q7350304,http://www.wikidata.org/entity/Q50602,21.0,1999-01-01T00:00:00Z,2000-01-01T00:00:00Z
http://www.wikidata.org/entity/Q7366857,http://www.wikidata.org/entity/Q48879,3.0,2008-01-01T00:00:00Z,2010-01-01T00:00:00Z
http://www.wikidata.org/entity/Q7369389,http://www.wikidata.org/entity/Q48879,19.0,2011-01-01T00:00:00Z,2013-01-01T00:00:00Z
http://www.wikidata.org/entity/Q7436604,http://www.wikidata.org/entity/Q50602,0.0,2009-01-01T00:00:00Z,2011-01-01T00:00:00Z
http://www.wikidata.org/entity/Q7441475,http://www.wikidata.org/entity/Q48879,1.0,2007-01-01T00:00:00Z,2009-01-01T00:00:00Z
http://www.wikidata.org/entity/Q56703599,http://www.wikidata.org/entity/Q19490,0.0,2026-08-31T00:00:00Z,
http://www.wikidata.org/entity/Q725150,http://www.wikidata.org/entity/Q19604,20.0,2005-01-01T00:00:00Z,2006-01-01T00:00:00Z
http://www.wikidata.org/entity/Q725692,http://www.wikidata.org/entity/Q19604,59.0,1999-01-01T00:00:00Z,2001-01-01T00:00:00Z
http://www.wikidata.org/entity/Q725871,http://www.wikidata.org/entity/Q19500,2.0,2009-01-01T00:00:00Z,2012-01-01T00:00:00Z
http://www.wikidata.org/entity/Q7317502,http://www.wikidata.org/entity/Q19571,10.0,2008-01-01T00:00:00Z,2008-01-01T00:00:00Z
http://www.wikidata.org/entity/Q7321813,http://www.wikidata.org/entity/Q19604,4.0,2014-01-01T00:00:00Z,2014-01-01T00:00:00Z
http://www.wikidata.org/entity/Q7321813,http://www.wikidata.org/entity/Q19498,30.0,2012-01-01T00:00:00Z,2015-01-01T00:00:00Z
http://www.wikidata.org/entity/Q7340007,http://www.wikidata.org/entity/Q19498,2.0,2007-01-01T00:00:00Z,2008-01-01T00:00:00Z
http://www.wikidata.org/entity/Q7340084,http://www.wikidata.org/entity/Q19477,138.0,1993-01-01T00:00:00Z,1999-01-01T00:00:00Z
http://www.wikidata.org/entity/Q7340346,http://www.wikidata.org/entity/Q19477,23.0,2001-01-01T00:00:00Z,2002-01-01T00:00:00Z
http://www.wikidata.org/entity/Q7340375,http://www.wikidata.org/entity/Q19580,0.0,1998-01-01T00:00:00Z,1999-01-01T00:00:00Z
http://www.wikidata.org/entity/Q7340419,http://www.wikidata.org/entity/Q19568,0.0,2007-01-01T00:00:00Z,2008-01-01T00:00:00Z
http://www.wikidata.org/entity/Q7340480,http://www.wikidata.org/entity/Q19571,125.0,1998-01-01T00:00:00Z,2001-01-01T00:00:00Z
http://www.wikidata.org/entity/Q7340656,http://www.wikidata.org/entity/Q19490,0.0,2000-01-01T00:00:00Z,2000-01-01T00:00:00Z
http://www.wikidata.org/entity/Q7340656,http://www.wikidata.org/entity/Q19604,6.0,2001-01-01T00:00:00Z,2001-01-01T00:00:00Z
http://www.wikidata.org/entity/Q7340861,http://www.wikidata.org/entity/Q19481,0.0,2008-01-01T00:00:00Z,2010-01-01T00:00:00Z
http://www.wikidata.org/entity/Q7340897,http://www.wikidata.org/entity/Q19490,0.0,2010-01-01T00:00:00Z,2011-01-01T00:00:00Z
http://www.wikidata.org/entity/Q7340959,http://www.wikidata.org/entity/Q19498,25.0,2003-01-01T00:00:00Z,2004-01-01T00:00:00Z
http://www.wikidata.org/entity/Q7340972,http://www.wikidata.org/entity/Q19604,189.0,1993-01-01T00:00:00Z,1999-01-01T00:00:00Z
http://www.wikidata.org/entity/Q7340999,http://www.wikidata.org/entity/Q19580,61.0,2007-01-01T00:00:00Z,2009-01-01T00:00:00Z
http://www.wikidata.org/entity/Q7340999,http://www.wikidata.org/entity/Q19473,13.0,2009-01-01T00:00:00Z,2012-01-01T00:00:00Z
http://www.wikidata.org/entity/Q7340999,http://www.wikidata.org/entity/Q19571,27.0,2010-01-01T00:00:00Z,2011-01-01T00:00:00Z
http://www.wikidata.org/entity/Q7341005,http://www.wikidata.org/entity/Q19498,6.0,2000-01-01T00:00:00Z,2000-01-01T00:00:00Z
http://www.wikidata.org/entity/Q7341005,http://www.wikidata.org/entity/Q19477,14.0,2005-01-01T00:00:00Z,2006-01-01T00:00:00Z
http://www.wikidata.org/entity/Q7341027,http://www.wikidata.org/entity/Q19473,77.0,2007-01-01T00:00:00Z,2010-01-01T00:00:00Z
http://www.wikidata.org/entity/Q7342079,http://www.wikidata.org/entity/Q19580,13.0,1998-01-01T00:00:00Z,2003-01-01T00:00:00Z
http://www.wikidata.org/entity/Q7346464,http://www.wikidata.org/entity/Q19607,213.0,1999-01-01T00:00:00Z,2007-01-01T00:00:00Z
http://www.wikidata.org/entity/Q7346464,http://www.wikidata.org/entity/Q19473,14.0,2000-01-01T00:00:00Z,2000-01-01T00:00:00Z
http://www.wikidata.org/entity/Q7346464,http://www.wikidata.org/entity/Q19607,8.0,2010-01-01T00:00:00Z,2011-01-01T00:00:00Z
http://www.wikidata.org/entity/Q7350304,http://www.wikidata.org/entity/Q19500,9.0,2000-01-01T00:00:00Z,2002-01-01T00:00:00Z
http://www.wikidata.org/entity/Q7369344,http://www.wikidata.org/entity/Q19490,28.0,2003-01-01T00:00:00Z,2006-01-01T00:00:00Z
http://www.wikidata.org/entity/Q7369369,http://www.wikidata.org/entity/Q19498,2.0,2004-01-01T00:00:00Z,2005-01-01T00:00:00Z
http://www.wikidata.org/entity/Q7369533,http://www.wikidata.org/entity/Q19571,14.0,2007-01-01T00:00:00Z,2009-01-01T00:00:00Z
http://www.wikidata.org/entity/Q28967995,http://www.wikidata.org/entity/Q50602,136.0,2022-01-01T00:00:00Z,
http://www.wikidata.org/entity/Q30729096,http://www.wikidata.org/entity/Q50602,218.0,2016-01-01T00:00:00Z,
http://www.wikidata.org/entity/Q2811689,http://www.wikidata.org/entity/Q50602,0.0,2013-01-01T00:00:00Z,2015-01-01T00:00:00Z
http://www.wikidata.org/entity/Q282812,http://www.wikidata.org/entity/Q48879,0.0,2002-01-01T00:00:00Z,2002-01-01T00:00:00Z
http://www.wikidata.org/entity/Q2828986,http://www.wikidata.org/entity/Q48879,38.0,2001-01-01T00:00:00Z,2002-01-01T00:00:00Z
http://www.wikidata.org/entity/Q2837118,http://www.wikidata.org/entity/Q50602,1.0,2001-01-01T00:00:00Z,2002-01-01T00:00:00Z
http://www.wikidata.org/entity/Q2896171,http://www.wikidata.org/entity/Q50602,50.0,2017-01-01T00:00:00Z,2023-01-01T00:00:00Z
http://www.wikidata.org/entity/Q2903702,http://www.wikidata.org/entity/Q48879,15.0,2007-01-01T00:00:00Z,2007-01-01T00:00:00Z
http://www.wikidata.org/entity/Q2926954,http://www.wikidata.org/entity/Q48879,2.0,1999-01-01T00:00:00Z,1999-01-01T00:00:00Z
http://www.wikidata.org/entity/Q294501,http://www.wikidata.org/entity/Q50602,35.0,2003-01-01T00:00:00Z,2005-01-01T00:00:00Z
http://www.wikidata.org/entity/Q294541,http://www.wikidata.org/entity/Q50602,30.0,2013-01-01T00:00:00Z,2016-01-01T00:00:00Z
http://www.wikidata.org/entity/Q295627,http://www.wikidata.org/entity/Q50602,0.0,2021-01-01T00:00:00Z,2025-01-01T00:00:00Z
http://www.wikidata.org/entity/Q295627,http://www.wikidata.org/entity/Q50602,1.0,2019-08-08T00:00:00Z,2021-01-01T00:00:00Z
http://www.wikidata.org/entity/Q295797,http://www.wikidata.org/entity/Q50602,8.0,2005-01-01T00:00:00Z,2009-01-01T00:00:00Z
http://www.wikidata.org/entity/Q2964726,http://www.wikidata.org/entity/Q50602,8.0,1995-01-01T00:00:00Z,2000-01-01T00:00:00Z
http://www.wikidata.org/entity/Q29656808,http://www.wikidata.org/entity/Q50602,31.0,2017-01-01T00:00:00Z,2019-01-01T00:00:00Z
http://www.wikidata.org/entity/Q296833,http://www.wikidata.org/entity/Q50602,16.0,2012-01-01T00:00:00Z,2014-01-01T00:00:00Z
http://www.wikidata.org/entity/Q299228,http://www.wikidata.org/entity/Q48879,3.0,2015-01-01T00:00:00Z,2016-01-01T00:00:00Z
http://www.wikidata.org/entity/Q301689,http://www.wikidata.org/entity/Q50602,1.0,2009-01-01T00:00:00Z,2012-01-01T00:00:00Z
http://www.wikidata.org/entity/Q3021900,http://www.wikidata.org/entity/Q48879,6.0,2002-01-01T00:00:00Z,2002-01-01T00:00:00Z
http://www.wikidata.org/entity/Q304901,http://www.wikidata.org/entity/Q50602,0.0,2007-01-01T00:00:00Z,2008-01-01T00:00:00Z
http://www.wikidata.org/entity/Q3057417,http://www.wikidata.org/entity/Q48879,36.0,2011-01-01T00:00:00Z,2013-01-01T00:00:00Z
http://www.wikidata.org/entity/Q3090268,http://www.wikidata.org/entity/Q50602,0.0,2010-01-01T00:00:00Z,2012-01-01T00:00:00Z
http://www.wikidata.org/entity/Q3098297,http://www.wikidata.org/entity/Q48879,23.0,2003-01-01T00:00:00Z,2004-01-01T00:00:00Z
http://www.wikidata.org/entity/Q310330,http://www.wikidata.org/entity/Q50602,53.0,2012-01-01T00:00:00Z,2014-01-01T00:00:00Z
http://www.wikidata.org/entity/Q310402,http://www.wikidata.org/entity/Q50602,13.0,2012-01-01T00:00:00Z,2015-01-01T00:00:00Z
http://www.wikidata.org/entity/Q310408,http://www.wikidata.org/entity/Q50602,95.0,2004-01-01T00:00:00Z,2012-01-01T00:00:00Z
http://www.wikidata.org/entity/Q310660,http://www.wikidata.org/entity/Q50602,12.0,2000-01-01T00:00:00Z,2002-01-01T00:00:00Z
http://www.wikidata.org/entity/Q311370,http://www.wikidata.org/entity/Q48879,6.0,2022-01-01T00:00:00Z,2022-05-01T00:00:00Z
http://www.wikidata.org/entity/Q3117312,http://www.wikidata.org/entity/Q48879,11.0,2007-01-01T00:00:00Z,2007-01-01T00:00:00Z
http://www.wikidata.org/entity/Q311813,http://www.wikidata.org/entity/Q50602,19.0,2007-01-01T00:00:00Z,2008-01-01T00:00:00Z
http://www.wikidata.org/entity/Q312002,http://www.wikidata.org/entity/Q50602,10.0,2009-01-01T00:00:00Z,2010-01-01T00:00:00Z
http://www.wikidata.org/entity/Q312148,http://www.wikidata.org/entity/Q50602,10.0,2001-01-01T00:00:00Z,2001-01-01T00:00:00Z
http://www.wikidata.org/entity/Q312157,http://www.wikidata.org/entity/Q50602,225.0,2015-01-01T00:00:00Z,2022-01-01T00:00:00Z
http://www.wikidata.org/entity/Q313035,http://www.wikidata.org/entity/Q50602,18.0,2006-01-01T00:00:00Z,2007-01-01T00:00:00Z
http://www.wikidata.org/entity/Q313161,http://www.wikidata.org/entity/Q50602,29.0,2016-08-15T00:00:00Z,2020-08-01T00:00:00Z
http://www.wikidata.org/entity/Q313582,http://www.wikidata.org/entity/Q50602,62.0,2007-01-01T00:00:00Z,2010-01-01T00:00:00Z
http://www.wikidata.org/entity/Q314099,http://www.wikidata.org/entity/Q50602,21.0,2008-01-01T00:00:00Z,2011-01-01T00:00:00Z
http://www.wikidata.org/entity/Q314102,http://www.wikidata.org/entity/Q50602,0.0,2009-01-01T00:00:00Z,2012-01-01T00:00:00Z
http://www.wikidata.org/entity/Q314742,http://www.wikidata.org/entity/Q48879,13.0,2003-01-01T00:00:00Z,2004-01-01T00:00:00Z
http://www.wikidata.org/entity/Q314865,http://www.wikidata.org/entity/Q50602,103.0,2005-01-01T00:00:00Z,2009-01-01T00:00:00Z
http://www.wikidata.org/entity/Q316695,http://www.wikidata.org/entity/Q50602,178.0,2002-01-01T00:00:00Z,2007-01-01T00:00:00Z
http://www.wikidata.org/entity/Q316698,http://www.wikidata.org/entity/Q50602,0.0,2001-01-01T00:00:00Z,2004-01-01T00:00:00Z
http://www.wikidata.org/entity/Q317317,http://www.wikidata.org/entity/Q50602,51.0,2004-01-01T00:00:00Z,2009-01-01T00:00:00Z
http://www.wikidata.org/entity/Q3200906,http://www.wikidata.org/entity/Q48879,18.0,2014-01-01T00:00:00Z,2014-01-01T00:00:00Z
http://www.wikidata.org/entity/Q321649,http://www.wikidata.org/entity/Q50602,0.0,2007-01-01T00:00:00Z,2007-01-01T00:00:00Z
http://www.wikidata.org/entity/Q326502,http://www.wikidata.org/entity/Q50602,23.0,2008-01-01T00:00:00Z,2010-01-01T00:00:00Z
http://www.wikidata.org/entity/Q328911,http://www.wikidata.org/entity/Q50602,13.0,2009-01-01T00:00:00Z,2015-01-01T00:00:00Z
http://www.wikidata.org/entity/Q330487,http://www.wikidata.org/entity/Q48879,4.0,2010-01-01T00:00:00Z,2011-01-01T00:00:00Z
http://www.wikidata.org/entity/Q334619,http://www.wikidata.org/entity/Q48879,13.0,2001-01-01T00:00:00Z,2001-01-01T00:00:00Z
http://www.wikidata.org/entity/Q335693,http://www.wikidata.org/entity/Q50602,0.0,2010-01-01T00:00:00Z,2012-01-01T00:00:00Z
http://www.wikidata.org/entity/Q3436206,http://www.wikidata.org/entity/Q48879,112.0,2003-01-01T00:00:00Z,2007-01-01T00:00:00Z
http://www.wikidata.org/entity/Q3453767,http://www.wikidata.org/entity/Q48879,5.0,2013-01-01T00:00:00Z,2013-01-01T00:00:00Z
http://www.wikidata.org/entity/Q346735,http://www.wikidata.org/entity/Q50602,25.0,2007-01-01T00:00:00Z,2008-01-01T00:00:00Z
http://www.wikidata.org/entity/Q349177,http://www.wikidata.org/entity/Q48879,12.0,2014-01-01T00:00:00Z,2014-01-01T00:00:00Z
http://www.wikidata.org/entity/Q3498687,http://www.wikidata.org/entity/Q48879,22.0,1998-01-01T00:00:00Z,2000-01-01T00:00:00Z
http://www.wikidata.org/entity/Q350257,http://www.wikidata.org/entity/Q50602,7.0,2008-01-01T00:00:00Z,2009-01-01T00:00:00Z
http://www.wikidata.org/entity/Q350257,http://www.wikidata.org/entity/Q50602,7.0,2008-01-01T00:00:00Z,2008-01-01T00:00:00Z
http://www.wikidata.org/entity/Q351473,http://www.wikidata.org/entity/Q50602,27.0,2008-01-01T00:00:00Z,2011-01-01T00:00:00Z
http://www.wikidata.org/entity/Q3525612,http://www.wikidata.org/entity/Q48879,1.0,2016-01-01T00:00:00Z,2016-01-01T00:00:00Z
http://www.wikidata.org/entity/Q3531369,http://www.wikidata.org/entity/Q50602,29.0,1997-01-01T00:00:00Z,2001-01-01T00:00:00Z
http://www.wikidata.org/entity/Q356418,http://www.wikidata.org/entity/Q50602,38.0,2001-01-01T00:00:00Z,2002-01-01T00:00:00Z
http://www.wikidata.org/entity/Q112813857,http://www.wikidata.org/entity/Q1130849,58.0,2021-01-01T00:00:00Z,2025-01-01T00:00:00Z
http://www.wikidata.org/entity/Q113433814,http://www.wikidata.org/entity/Q1130849,22.0,2022-01-01T00:00:00Z,2026-08-31T00:00:00Z
http://www.wikidata.org/entity/Q921060,http://www.wikidata.org/entity/Q19490,18.0,2015-01-01T00:00:00Z,2015-01-01T00:00:00Z
http://www.wikidata.org/entity/Q921060,http://www.wikidata.org/entity/Q19580,4.0,2011-01-01T00:00:00Z,2011-01-01T00:00:00Z
http://www.wikidata.org/entity/Q922291,http://www.wikidata.org/entity/Q19490,6.0,2018-01-01T00:00:00Z,2019-01-01T00:00:00Z
http://www.wikidata.org/entity/Q923106,http://www.wikidata.org/entity/Q19490,19.0,2013-01-01T00:00:00Z,2013-01-01T00:00:00Z
http://www.wikidata.org/entity/Q923106,http://www.wikidata.org/entity/Q19490,12.0,2012-01-01T00:00:00Z,2013-01-01T00:00:00Z
http://www.wikidata.org/entity/Q923106,http://www.wikidata.org/entity/Q19490,12.0,2012-01-01T00:00:00Z,2012-01-01T00:00:00Z
http://www.wikidata.org/entity/Q923106,http://www.wikidata.org/entity/Q19568,25.0,2013-01-01T00:00:00Z,2016-01-01T00:00:00Z
http://www.wikidata.org/entity/Q923106,http://www.wikidata.org/entity/Q19580,116.0,2006-01-01T00:00:00Z,2010-01-01T00:00:00Z
http://www.wikidata.org/entity/Q923106,http://www.wikidata.org/entity/Q19473,5.0,2015-01-01T00:00:00Z,2015-01-01T00:00:00Z
http://www.wikidata.org/entity/Q923432,http://www.wikidata.org/entity/Q19580,17.0,2012-01-01T00:00:00Z,2012-01-01T00:00:00Z
http://www.wikidata.org/entity/Q923600,http://www.wikidata.org/entity/Q19568,3.0,2012-01-01T00:00:00Z,2013-01-01T00:00:00Z
http://www.wikidata.org/entity/Q923715,http://www.wikidata.org/entity/Q19481,13.0,2003-01-01T00:00:00Z,2004-01-01T00:00:00Z
http://www.wikidata.org/entity/Q924344,http://www.wikidata.org/entity/Q19607,15.0,2010-01-01T00:00:00Z,2011-01-01T00:00:00Z
http://www.wikidata.org/entity/Q924344,http://www.wikidata.org/entity/Q19473,6.0,2011-01-01T00:00:00Z,2011-01-01T00:00:00Z
http://www.wikidata.org/entity/Q925225,http://www.wikidata.org/entity/Q19481,73.0,2004-01-01T00:00:00Z,2007-01-01T00:00:00Z
http://www.wikidata.org/entity/Q926677,http://www.wikidata.org/entity/Q19482,146.0,1999-01-01T00:00:00Z,2003-01-01T00:00:00Z
http://www.wikidata.org/entity/Q927027,http://www.wikidata.org/entity/Q19481,15.0,2010-01-01T00:00:00Z,2011-01-01T00:00:00Z
http://www.wikidata.org/entity/Q928463,http://www.wikidata.org/entity/Q19498,10.0,2011-01-01T00:00:00Z,2013-01-01T00:00:00Z
http://www.wikidata.org/entity/Q928478,http://www.wikidata.org/entity/Q19571,3.0,2005-01-01T00:00:00Z,2005-01-01T00:00:00Z
http://www.wikidata.org/entity/Q929852,http://www.wikidata.org/entity/Q19607,9.0,2009-01-01T00:00:00Z,2011-01-01T00:00:00Z
http://www.wikidata.org/entity/Q929852,http://www.wikidata.org/entity/Q19477,133.0,2003-01-01T00:00:00Z,2009-01-01T00:00:00Z
http://www.wikidata.org/entity/Q930371,http://www.wikidata.org/entity/Q19500,47.0,2008-01-01T00:00:00Z,2012-01-01T00:00:00Z
http://www.wikidata.org/entity/Q930371,http://www.wikidata.org/entity/Q19607,6.0,2011-01-01T00:00:00Z,2011-01-01T00:00:00Z
http://www.wikidata.org/entity/Q930371,http://www.wikidata.org/entity/Q19568,54.0,2006-01-01T00:00:00Z,2008-01-01T00:00:00Z
http://www.wikidata.org/entity/Q931313,http://www.wikidata.org/entity/Q19477,6.0,2006-01-01T00:00:00Z,2012-01-01T00:00:00Z
http://www.wikidata.org/entity/Q932072,http://www.wikidata.org/entity/Q19500,114.0,1998-01-01T00:00:00Z,2001-01-01T00:00:00Z
http://www.wikidata.org/entity/Q932658,http://www.wikidata.org/entity/Q19571,0.0,2010-01-01T00:00:00Z,2010-01-01T00:00:00Z
http://www.wikidata.org/entity/Q932658,http://www.wikidata.org/entity/Q19604,13.0,2000-01-01T00:00:00Z,2005-01-01T00:00:00Z
http://www.wikidata.org/entity/Q932658,http://www.wikidata.org/entity/Q19571,42.0,2002-01-01T00:00:00Z,2003-01-01T00:00:00Z
http://www.wikidata.org/entity/Q932658,http://www.wikidata.org/entity/Q19477,5.0,2010-01-01T00:00:00Z,2010-01-01T00:00:00Z
http://www.wikidata.org/entity/Q933284,http://www.wikidata.org/entity/Q19568,8.0,2011-01-01T00:00:00Z,2011-01-01T00:00:00Z
http://www.wikidata.org/entity/Q933643,http://www.wikidata.org/entity/Q19500,6.0,2006-01-01T00:00:00Z,2008-01-01T00:00:00Z
http://www.wikidata.org/entity/Q933750,http://www.wikidata.org/entity/Q19481,74.0,2006-01-01T00:00:00Z,2008-01-01T00:00:00Z
http://www.wikidata.org/entity/Q934548,http://www.wikidata.org/entity/Q19607,13.0,2009-01-01T00:00:00Z,2009-01-01T00:00:00Z
http://www.wikidata.org/entity/Q934766,http://www.wikidata.org/entity/Q19500,284.0,2008-01-01T00:00:00Z,2017-01-01T00:00:00Z
http://www.wikidata.org/entity/Q936054,http://www.wikidata.org/entity/Q19607,0.0,2007-01-01T00:00:00Z,2010-01-01T00:00:00Z
http://www.wikidata.org/entity/Q936196,http://www.wikidata.org/entity/Q19490,3.0,1999-01-01T00:00:00Z,1999-01-01T00:00:00Z
http://www.wikidata.org/entity/Q936306,http://www.wikidata.org/entity/Q19607,9.0,2003-01-01T00:00:00Z,2004-01-01T00:00:00Z
http://www.wikidata.org/entity/Q936306,http://www.wikidata.org/entity/Q19607,33.0,2004-01-01T00:00:00Z,2007-01-01T00:00:00Z
http://www.wikidata.org/entity/Q936306,http://www.wikidata.org/entity/Q19490,9.0,2007-01-01T00:00:00Z,2007-01-01T00:00:00Z
http://www.wikidata.org/entity/Q93666,http://www.wikidata.org/entity/Q19498,6.0,2011-01-01T00:00:00Z,2012-01-01T00:00:00Z
http://www.wikidata.org/entity/Q939383,http://www.wikidata.org/entity/Q19500,12.0,2008-01-01T00:00:00Z,2010-01-01T00:00:00Z
http://www.wikidata.org/entity/Q939455,http://www.wikidata.org/entity/Q19604,5.0,2003-01-01T00:00:00Z,2005-01-01T00:00:00Z
http://www.wikidata.org/entity/Q940263,http://www.wikidata.org/entity/Q19477,8.0,2011-01-01T00:00:00Z,2011-01-01T00:00:00Z
http://www.wikidata.org/entity/Q941304,http://www.wikidata.org/entity/Q19490,76.0,2018-01-01T00:00:00Z,2020-01-01T00:00:00Z
http://www.wikidata.org/entity/Q94255,http://www.wikidata.org/entity/Q19604,32.0,2013-01-01T00:00:00Z,2014-01-01T00:00:00Z
http://www.wikidata.org/entity/Q944366,http://www.wikidata.org/entity/Q19500,15.0,2008-01-01T00:00:00Z,2010-01-01T00:00:00Z
http://www.wikidata.org/entity/Q944366,http://www.wikidata.org/entity/Q19607,12.0,2012-01-01T00:00:00Z,2012-01-01T00:00:00Z
http://www.wikidata.org/entity/Q944366,http://www.wikidata.org/entity/Q19607,66.0,2012-01-01T00:00:00Z,2014-01-01T00:00:00Z
http://www.wikidata.org/entity/Q944586,http://www.wikidata.org/entity/Q19580,9.0,2003-01-01T00:00:00Z,2003-01-01T00:00:00Z
http://www.wikidata.org/entity/Q945233,http://www.wikidata.org/entity/Q19604,114.0,2009-01-01T00:00:00Z,2012-01-01T00:00:00Z
http://www.wikidata.org/entity/Q946334,http://www.wikidata.org/entity/Q19500,3.0,2006-01-01T00:00:00Z,2009-01-01T00:00:00Z
http://www.wikidata.org/entity/Q946679,http://www.wikidata.org/entity/Q19498,44.0,1998-01-01T00:00:00Z,2000-01-01T00:00:00Z
http://www.wikidata.org/entity/Q946679,http://www.wikidata.org/entity/Q19604,3.0,2003-01-01T00:00:00Z,2004-01-01T00:00:00Z
http://www.wikidata.org/entity/Q947068,http://www.wikidata.org/entity/Q19500,4.0,2010-01-01T00:00:00Z,2013-01-01T00:00:00Z
http://www.wikidata.org/entity/Q947068,http://www.wikidata.org/entity/Q19477,21.0,2009-01-01T00:00:00Z,2010-01-01T00:00:00Z
http://www.wikidata.org/entity/Q948015,http://www.wikidata.org/entity/Q19477,50.0,2011-01-01T00:00:00Z,2013-01-01T00:00:00Z
http://www.wikidata.org/entity/Q948015,http://www.wikidata.org/entity/Q19490,66.0,2009-01-01T00:00:00Z,2011-01-01T00:00:00Z
http://www.wikidata.org/entity/Q948238,http://www.wikidata.org/entity/Q19490,303.0,1989-01-01T00:00:00Z,2000-01-01T00:00:00Z
http://www.wikidata.org/entity/Q948238,http://www.wikidata.org/entity/Q19498,17.0,2006-01-01T00:00:00Z,2007-01-01T00:00:00Z
http://www.wikidata.org/entity/Q949152,http://www.wikidata.org/entity/Q19498,4.0,2011-01-01T00:00:00Z,2011-01-01T00:00:00Z
http://www.wikidata.org/entity/Q949152,http://www.wikidata.org/entity/Q19580,22.0,2012-01-01T00:00:00Z,2013-01-01T00:00:00Z
http://www.wikidata.org/entity/Q949152,http://www.wikidata.org/entity/Q19580,22.0,2012-01-01T00:00:00Z,2012-01-01T00:00:00Z
http://www.wikidata.org/entity/Q949152,http://www.wikidata.org/entity/Q19490,63.0,2009-01-01T00:00:00Z,2013-01-01T00:00:00Z
http://www.wikidata.org/entity/Q949152,http://www.wikidata.org/entity/Q19568,12.0,2007-01-01T00:00:00Z,2007-01-01T00:00:00Z
http://www.wikidata.org/entity/Q949198,http://www.wikidata.org/entity/Q19481,3.0,2009-02-01T00:00:00Z,2009-03-01T00:00:00Z
http://www.wikidata.org/entity/Q949198,http://www.wikidata.org/entity/Q19607,32.0,2009-08-01T00:00:00Z,2010-01-01T00:00:00Z
http://www.wikidata.org/entity/Q949361,http://www.wikidata.org/entity/Q19490,120.0,2006-01-01T00:00:00Z,2012-01-01T00:00:00Z
http://www.wikidata.org/entity/Q949361,http://www.wikidata.org/entity/Q19571,90.0,2000-01-01T00:00:00Z,2004-01-01T00:00:00Z
http://www.wikidata.org/entity/Q949762,http://www.wikidata.org/entity/Q19490,23.0,2008-01-01T00:00:00Z,2009-01-01T00:00:00Z
http://www.wikidata.org/entity/Q949762,http://www.wikidata.org/entity/Q19490,57.0,2009-01-01T00:00:00Z,2012-01-01T00:00:00Z
http://www.wikidata.org/entity/Q950133,http://www.wikidata.org/entity/Q19500,9.0,2003-01-01T00:00:00Z,2006-01-01T00:00:00Z
http://www.wikidata.org/entity/Q950720,http://www.wikidata.org/entity/Q19477,77.0,1999-01-01T00:00:00Z,2002-01-01T00:00:00Z
http://www.wikidata.org/entity/Q952401,http://www.wikidata.org/entity/Q19482,250.0,1994-01-01T00:00:00Z,2002-01-01T00:00:00Z
http://www.wikidata.org/entity/Q952620,http://www.wikidata.org/entity/Q19571,10.0,2009-01-01T00:00:00Z,2010-01-01T00:00:00Z
http://www.wikidata.org/entity/Q952620,http://www.wikidata.org/entity/Q19607,78.0,2002-01-01T00:00:00Z,2007-01-01T00:00:00Z
http://www.wikidata.org/entity/Q952722,http://www.wikidata.org/entity/Q19580,138.0,1999-01-01T00:00:00Z,2004-01-01T00:00:00Z
http://www.wikidata.org/entity/Q952994,http://www.wikidata.org/entity/Q19607,17.0,2007-01-01T00:00:00Z,2009-01-01T00:00:00Z
http://www.wikidata.org/entity/Q952994,http://www.wikidata.org/entity/Q19481,9.0,2008-01-01T00:00:00Z,2008-01-01T00:00:00Z
http://www.wikidata.org/entity/Q174615,http://www.wikidata.org/entity/Q1130849,128.0,1994-01-01T00:00:00Z,2000-01-01T00:00:00Z
http://www.wikidata.org/entity/Q175296,http://www.wikidata.org/entity/Q1130849,35.0,2010-01-01T00:00:00Z,2011-01-01T00:00:00Z
http://www.wikidata.org/entity/Q175303,http://www.wikidata.org/entity/Q1128631,38.0,2003-01-01T00:00:00Z,2005-01-01T00:00:00Z
http://www.wikidata.org/entity/Q1753614,http://www.wikidata.org/entity/Q1128631,8.0,2009-01-01T00:00:00Z,2009-01-01T00:00:00Z
http://www.wikidata.org/entity/Q6161973,http://www.wikidata.org/entity/Q19481,0.0,2011-01-01T00:00:00Z,2011-01-01T00:00:00Z
http://www.wikidata.org/entity/Q6162297,http://www.wikidata.org/entity/Q19604,9.0,1999-01-01T00:00:00Z,2000-01-01T00:00:00Z
http://www.wikidata.org/entity/Q6162552,http://www.wikidata.org/entity/Q19473,10.0,2003-01-01T00:00:00Z,2003-01-01T00:00:00Z
http://www.wikidata.org/entity/Q6162662,http://www.wikidata.org/entity/Q19477,38.0,1999-01-01T00:00:00Z,2001-01-01T00:00:00Z
http://www.wikidata.org/entity/Q6162724,http://www.wikidata.org/entity/Q19607,15.0,2015-01-01T00:00:00Z,2015-01-01T00:00:00Z
http://www.wikidata.org/entity/Q6162779,http://www.wikidata.org/entity/Q19481,13.0,2007-01-01T00:00:00Z,2007-01-01T00:00:00Z
http://www.wikidata.org/entity/Q6162779,http://www.wikidata.org/entity/Q19477,3.0,2006-01-01T00:00:00Z,2006-01-01T00:00:00Z
http://www.wikidata.org/entity/Q6163232,http://www.wikidata.org/entity/Q19571,23.0,1998-01-01T00:00:00Z,2000-01-01T00:00:00Z
http://www.wikidata.org/entity/Q6163246,http://www.wikidata.org/entity/Q19477,15.0,1998-01-01T00:00:00Z,2001-01-01T00:00:00Z
http://www.wikidata.org/entity/Q6163292,http://www.wikidata.org/entity/Q19477,75.0,2003-01-01T00:00:00Z,2006-01-01T00:00:00Z
http://www.wikidata.org/entity/Q6163292,http://www.wikidata.org/entity/Q19571,15.0,2001-01-01T00:00:00Z,2001-01-01T00:00:00Z
http://www.wikidata.org/entity/Q6163630,http://www.wikidata.org/entity/Q19568,171.0,1998-01-01T00:00:00Z,2006-01-01T00:00:00Z
http://www.wikidata.org/entity/Q6163630,http://www.wikidata.org/entity/Q19568,2.0,2009-01-01T00:00:00Z,2011-01-01T00:00:00Z
http://www.wikidata.org/entity/Q6163858,http://www.wikidata.org/entity/Q19477,10.0,2001-01-01T00:00:00Z,2002-01-01T00:00:00Z
http://www.wikidata.org/entity/Q618021,http://www.wikidata.org/entity/Q19580,5.0,2006-01-01T00:00:00Z,2007-01-01T00:00:00Z
http://www.wikidata.org/entity/Q618021,http://www.wikidata.org/entity/Q19580,0.0,2006-01-01T00:00:00Z,2006-01-01T00:00:00Z
http://www.wikidata.org/entity/Q618021,http://www.wikidata.org/entity/Q19580,32.0,2004-01-01T00:00:00Z,2005-01-01T00:00:00Z
http://www.wikidata.org/entity/Q6192147,http://www.wikidata.org/entity/Q19571,2.0,2003-01-01T00:00:00Z,2003-01-01T00:00:00Z
http://www.wikidata.org/entity/Q6198287,http://www.wikidata.org/entity/Q19571,0.0,2003-01-01T00:00:00Z,2003-01-01T00:00:00Z
http://www.wikidata.org/entity/Q1354960,http://www.wikidata.org/entity/Q1130849,315.0,2017-01-01T00:00:00Z,2026-06-01T00:00:00Z
http://www.wikidata.org/entity/Q7378006,http://www.wikidata.org/entity/Q19481,1.0,2006-01-01T00:00:00Z,2006-01-01T00:00:00Z
http://www.wikidata.org/entity/Q7381509,http://www.wikidata.org/entity/Q19477,2.0,2002-01-01T00:00:00Z,2007-01-01T00:00:00Z
http://www.wikidata.org/entity/Q7381723,http://www.wikidata.org/entity/Q19568,10.0,2007-01-01T00:00:00Z,2008-01-01T00:00:00Z
http://www.wikidata.org/entity/Q7381723,http://www.wikidata.org/entity/Q19604,72.0,1995-01-01T00:00:00Z,1999-01-01T00:00:00Z
http://www.wikidata.org/entity/Q7383831,http://www.wikidata.org/entity/Q19580,27.0,2014-01-01T00:00:00Z,2014-01-01T00:00:00Z
http://www.wikidata.org/entity/Q7383884,http://www.wikidata.org/entity/Q19571,1.0,2009-01-01T00:00:00Z,2012-01-01T00:00:00Z
http://www.wikidata.org/entity/Q7383988,http://www.wikidata.org/entity/Q19607,0.0,2006-01-01T00:00:00Z,2008-01-01T00:00:00Z
http://www.wikidata.org/entity/Q7384073,http://www.wikidata.org/entity/Q19571,4.0,2012-01-01T00:00:00Z,2012-01-01T00:00:00Z
http://www.wikidata.org/entity/Q7384100,http://www.wikidata.org/entity/Q19500,8.0,1997-01-01T00:00:00Z,2001-01-01T00:00:00Z
http://www.wikidata.org/entity/Q7384100,http://www.wikidata.org/entity/Q19498,4.0,2002-01-01T00:00:00Z,2003-01-01T00:00:00Z
http://www.wikidata.org/entity/Q7384210,http://www.wikidata.org/entity/Q19477,0.0,2008-01-01T00:00:00Z,2010-01-01T00:00:00Z
http://www.wikidata.org/entity/Q7384267,http://www.wikidata.org/entity/Q19580,0.0,2006-01-01T00:00:00Z,2007-01-01T00:00:00Z
http://www.wikidata.org/entity/Q7384284,http://www.wikidata.org/entity/Q19607,1.0,2001-01-01T00:00:00Z,2003-01-01T00:00:00Z
http://www.wikidata.org/entity/Q7384416,http://www.wikidata.org/entity/Q19571,36.0,2004-01-01T00:00:00Z,2008-01-01T00:00:00Z
http://www.wikidata.org/entity/Q7384448,http://www.wikidata.org/entity/Q19568,5.0,2007-01-01T00:00:00Z,2009-01-01T00:00:00Z
http://www.wikidata.org/entity/Q7384575,http://www.wikidata.org/entity/Q19604,55.0,2014-01-01T00:00:00Z,2015-01-01T00:00:00Z
http://www.wikidata.org/entity/Q7384648,http://www.wikidata.org/entity/Q19477,52.0,2001-01-01T00:00:00Z,2003-01-01T00:00:00Z
http://www.wikidata.org/entity/Q7384649,http://www.wikidata.org/entity/Q19571,0.0,2015-01-01T00:00:00Z,2016-01-01T00:00:00Z
http://www.wikidata.org/entity/Q7384650,http://www.wikidata.org/entity/Q19604,4.0,2011-01-01T00:00:00Z,2012-01-01T00:00:00Z
http://www.wikidata.org/entity/Q7399978,http://www.wikidata.org/entity/Q19571,8.0,2012-01-01T00:00:00Z,2012-01-01T00:00:00Z
http://www.wikidata.org/entity/Q7399978,http://www.wikidata.org/entity/Q19498,29.0,2021-01-01T00:00:00Z,2022-01-01T00:00:00Z
http://www.wikidata.org/entity/Q7407331,http://www.wikidata.org/entity/Q19477,13.0,2006-01-01T00:00:00Z,2008-01-01T00:00:00Z
http://www.wikidata.org/entity/Q7407331,http://www.wikidata.org/entity/Q19477,10.0,2005-01-01T00:00:00Z,2006-01-01T00:00:00Z
http://www.wikidata.org/entity/Q7407331,http://www.wikidata.org/entity/Q19473,37.0,1994-01-01T00:00:00Z,1999-01-01T00:00:00Z
http://www.wikidata.org/entity/Q7407892,http://www.wikidata.org/entity/Q19481,5.0,1994-01-01T00:00:00Z,1999-01-01T00:00:00Z
http://www.wikidata.org/entity/Q7408147,http://www.wikidata.org/entity/Q19580,6.0,1995-01-01T00:00:00Z,1999-01-01T00:00:00Z
http://www.wikidata.org/entity/Q7408251,http://www.wikidata.org/entity/Q19571,68.0,2005-01-01T00:00:00Z,2007-01-01T00:00:00Z
http://www.wikidata.org/entity/Q7408339,http://www.wikidata.org/entity/Q19571,11.0,2009-01-01T00:00:00Z,2009-01-01T00:00:00Z
http://www.wikidata.org/entity/Q7408350,http://www.wikidata.org/entity/Q19571,108.0,2008-01-01T00:00:00Z,2012-01-01T00:00:00Z
http://www.wikidata.org/entity/Q74305,http://www.wikidata.org/entity/Q19604,102.0,2006-01-01T00:00:00Z,2009-01-01T00:00:00Z
http://www.wikidata.org/entity/Q743815,http://www.wikidata.org/entity/Q19490,19.0,2005-01-01T00:00:00Z,2007-01-01T00:00:00Z
http://www.wikidata.org/entity/Q745056,http://www.wikidata.org/entity/Q19490,138.0,2004-01-01T00:00:00Z,2008-01-01T00:00:00Z
http://www.wikidata.org/entity/Q745066,http://www.wikidata.org/entity/Q19498,14.0,2005-01-01T00:00:00Z,2006-01-01T00:00:00Z
http://www.wikidata.org/entity/Q745066,http://www.wikidata.org/entity/Q19498,44.0,2010-01-01T00:00:00Z,2013-01-01T00:00:00Z
http://www.wikidata.org/entity/Q74548,http://www.wikidata.org/entity/Q19481,52.0,2013-01-01T00:00:00Z,2015-01-01T00:00:00Z
http://www.wikidata.org/entity/Q74548,http://www.wikidata.org/entity/Q19481,1.0,2013-01-01T00:00:00Z,2013-01-01T00:00:00Z
http://www.wikidata.org/entity/Q745996,http://www.wikidata.org/entity/Q19580,18.0,2007-01-01T00:00:00Z,2008-01-01T00:00:00Z
http://www.wikidata.org/entity/Q745996,http://www.wikidata.org/entity/Q19482,115.0,1997-01-01T00:00:00Z,2002-01-01T00:00:00Z
http://www.wikidata.org/entity/Q747069,http://www.wikidata.org/entity/Q19477,24.0,2010-01-01T00:00:00Z,2013-01-01T00:00:00Z
http://www.wikidata.org/entity/Q7505813,http://www.wikidata.org/entity/Q19568,146.0,2008-01-01T00:00:00Z,2014-01-01T00:00:00Z
http://www.wikidata.org/entity/Q7505813,http://www.wikidata.org/entity/Q19568,2.0,2008-01-01T00:00:00Z,2008-01-01T00:00:00Z
http://www.wikidata.org/entity/Q7518216,http://www.wikidata.org/entity/Q19473,166.0,1994-01-01T00:00:00Z,2003-01-01T00:00:00Z
http://www.wikidata.org/entity/Q7518356,http://www.wikidata.org/entity/Q19571,27.0,2007-01-01T00:00:00Z,2009-01-01T00:00:00Z
http://www.wikidata.org/entity/Q7518674,http://www.wikidata.org/entity/Q19604,27.0,2012-01-01T00:00:00Z,2013-01-01T00:00:00Z
http://www.wikidata.org/entity/Q7518674,http://www.wikidata.org/entity/Q19473,1.0,2006-01-01T00:00:00Z,2010-01-01T00:00:00Z
http://www.wikidata.org/entity/Q7518777,http://www.wikidata.org/entity/Q19568,5.0,2011-01-01T00:00:00Z,2012-01-01T00:00:00Z
http://www.wikidata.org/entity/Q7518777,http://www.wikidata.org/entity/Q19607,12.0,2003-01-01T00:00:00Z,2006-01-01T00:00:00Z
http://www.wikidata.org/entity/Q7519289,http://www.wikidata.org/entity/Q19571,4.0,2000-01-01T00:00:00Z,2000-01-01T00:00:00Z
http://www.wikidata.org/entity/Q7519380,http://www.wikidata.org/entity/Q19571,76.0,2009-01-01T00:00:00Z,2013-01-01T00:00:00Z
http://www.wikidata.org/entity/Q7519467,http://www.wikidata.org/entity/Q19500,162.0,1995-01-01T00:00:00Z,2001-01-01T00:00:00Z
http://www.wikidata.org/entity/Q7519624,http://www.wikidata.org/entity/Q19568,0.0,2001-01-01T00:00:00Z,2002-01-01T00:00:00Z
http://www.wikidata.org/entity/Q7519702,http://www.wikidata.org/entity/Q19481,19.0,2000-01-01T00:00:00Z,2003-01-01T00:00:00Z
http://www.wikidata.org/entity/Q7519702,http://www.wikidata.org/entity/Q19571,2.0,2010-01-01T00:00:00Z,2011-01-01T00:00:00Z
http://www.wikidata.org/entity/Q7519711,http://www.wikidata.org/entity/Q19477,1.0,2002-01-01T00:00:00Z,2004-01-01T00:00:00Z
http://www.wikidata.org/entity/Q7519889,http://www.wikidata.org/entity/Q19473,0.0,2011-01-01T00:00:00Z,2012-01-01T00:00:00Z
http://www.wikidata.org/entity/Q7519920,http://www.wikidata.org/entity/Q19607,332.0,1988-01-01T00:00:00Z,2003-01-01T00:00:00Z
http://www.wikidata.org/entity/Q1176843,http://www.wikidata.org/entity/Q1130849,48.0,1996-01-01T00:00:00Z,2000-01-01T00:00:00Z
http://www.wikidata.org/entity/Q1179039,http://www.wikidata.org/entity/Q1130849,185.0,1991-01-01T00:00:00Z,1999-01-01T00:00:00Z
http://www.wikidata.org/entity/Q1179806,http://www.wikidata.org/entity/Q1128631,13.0,2007-01-01T00:00:00Z,2008-01-01T00:00:00Z
http://www.wikidata.org/entity/Q1179806,http://www.wikidata.org/entity/Q1128631,11.0,2007-01-01T00:00:00Z,2007-01-01T00:00:00Z
http://www.wikidata.org/entity/Q1207229,http://www.wikidata.org/entity/Q1128631,4.0,2013-01-01T00:00:00Z,2013-01-01T00:00:00Z
http://www.wikidata.org/entity/Q1217794,http://www.wikidata.org/entity/Q1128631,3.0,2014-01-01T00:00:00Z,2015-01-01T00:00:00Z
http://www.wikidata.org/entity/Q1246281,http://www.wikidata.org/entity/Q1130849,0.0,2007-01-01T00:00:00Z,2009-01-01T00:00:00Z
http://www.wikidata.org/entity/Q8021389,http://www.wikidata.org/entity/Q19580,63.0,1992-01-01T00:00:00Z,1999-01-01T00:00:00Z
http://www.wikidata.org/entity/Q8021578,http://www.wikidata.org/entity/Q19568,40.0,1999-01-01T00:00:00Z,2002-01-01T00:00:00Z
http://www.wikidata.org/entity/Q80712,http://www.wikidata.org/entity/Q19481,22.0,2012-01-01T00:00:00Z,2013-01-01T00:00:00Z
http://www.wikidata.org/entity/Q809571,http://www.wikidata.org/entity/Q19498,14.0,2008-01-01T00:00:00Z,2009-01-01T00:00:00Z
http://www.wikidata.org/entity/Q809571,http://www.wikidata.org/entity/Q19498,14.0,2008-01-01T00:00:00Z,2008-01-01T00:00:00Z
http://www.wikidata.org/entity/Q81356,http://www.wikidata.org/entity/Q19481,129.0,2009-01-01T00:00:00Z,2013-01-01T00:00:00Z
http://www.wikidata.org/entity/Q816557,http://www.wikidata.org/entity/Q19498,22.0,2011-01-01T00:00:00Z,2012-01-01T00:00:00Z
http://www.wikidata.org/entity/Q816557,http://www.wikidata.org/entity/Q19481,56.0,2012-01-01T00:00:00Z,2013-01-01T00:00:00Z
http://www.wikidata.org/entity/Q816579,http://www.wikidata.org/entity/Q19490,18.0,2000-01-01T00:00:00Z,2001-01-01T00:00:00Z
http://www.wikidata.org/entity/Q816602,http://www.wikidata.org/entity/Q19571,21.0,2007-01-01T00:00:00Z,2007-01-01T00:00:00Z
http://www.wikidata.org/entity/Q816602,http://www.wikidata.org/entity/Q19607,0.0,2005-01-01T00:00:00Z,2009-01-01T00:00:00Z
http://www.wikidata.org/entity/Q816620,http://www.wikidata.org/entity/Q19481,29.0,2003-01-01T00:00:00Z,2004-01-01T00:00:00Z
http://www.wikidata.org/entity/Q816620,http://www.wikidata.org/entity/Q19482,86.0,1996-01-01T00:00:00Z,2000-01-01T00:00:00Z
http://www.wikidata.org/entity/Q817510,http://www.wikidata.org/entity/Q19490,0.0,2003-01-01T00:00:00Z,2003-01-01T00:00:00Z
http://www.wikidata.org/entity/Q821314,http://www.wikidata.org/entity/Q19604,0.0,2006-01-01T00:00:00Z,2007-01-01T00:00:00Z
http://www.wikidata.org/entity/Q823064,http://www.wikidata.org/entity/Q19473,28.0,2018-07-01T00:00:00Z,2019-07-01T00:00:00Z
http://www.wikidata.org/entity/Q833673,http://www.wikidata.org/entity/Q19498,5.0,2001-01-01T00:00:00Z,2002-01-01T00:00:00Z
http://www.wikidata.org/entity/Q8338725,http://www.wikidata.org/entity/Q19481,179.0,2014-01-11T00:00:00Z,2018-07-10T00:00:00Z
http://www.wikidata.org/entity/Q83456,http://www.wikidata.org/entity/Q19490,6.0,2000-01-01T00:00:00Z,2000-01-01T00:00:00Z
http://www.wikidata.org/entity/Q834923,http://www.wikidata.org/entity/Q19481,6.0,2008-01-01T00:00:00Z,2008-01-01T00:00:00Z
http://www.wikidata.org/entity/Q8353918,http://www.wikidata.org/entity/Q19500,70.0,1999-01-01T00:00:00Z,2002-01-01T00:00:00Z
http://www.wikidata.org/entity/Q841568,http://www.wikidata.org/entity/Q19571,6.0,2008-01-01T00:00:00Z,2008-01-01T00:00:00Z
http://www.wikidata.org/entity/Q84272,http://www.wikidata.org/entity/Q19604,83.0,2006-01-01T00:00:00Z,2009-01-01T00:00:00Z
http://www.wikidata.org/entity/Q843086,http://www.wikidata.org/entity/Q19477,8.0,2006-01-01T00:00:00Z,2011-01-01T00:00:00Z
http://www.wikidata.org/entity/Q843907,http://www.wikidata.org/entity/Q19500,53.0,2009-01-01T00:00:00Z,2014-01-01T00:00:00Z
http://www.wikidata.org/entity/Q853594,http://www.wikidata.org/entity/Q19477,18.0,2011-01-01T00:00:00Z,2011-01-01T00:00:00Z
http://www.wikidata.org/entity/Q853594,http://www.wikidata.org/entity/Q19477,75.0,2011-01-01T00:00:00Z,2013-01-01T00:00:00Z
http://www.wikidata.org/entity/Q1398740,http://www.wikidata.org/entity/Q1128631,5.0,2007-01-01T00:00:00Z,2007-01-01T00:00:00Z
http://www.wikidata.org/entity/Q1402895,http://www.wikidata.org/entity/Q1130849,4.0,2002-01-01T00:00:00Z,2005-01-01T00:00:00Z
http://www.wikidata.org/entity/Q7106001,http://www.wikidata.org/entity/Q19473,71.0,2011-01-01T00:00:00Z,2015-01-01T00:00:00Z
http://www.wikidata.org/entity/Q7106476,http://www.wikidata.org/entity/Q19571,11.0,2008-01-01T00:00:00Z,2008-01-01T00:00:00Z
http://www.wikidata.org/entity/Q7114581,http://www.wikidata.org/entity/Q19498,55.0,1998-01-01T00:00:00Z,2003-01-01T00:00:00Z
http://www.wikidata.org/entity/Q7114581,http://www.wikidata.org/entity/Q19607,8.0,2003-01-01T00:00:00Z,2003-01-01T00:00:00Z
http://www.wikidata.org/entity/Q7114581,http://www.wikidata.org/entity/Q19477,2.0,2002-01-01T00:00:00Z,2002-01-01T00:00:00Z
http://www.wikidata.org/entity/Q7121622,http://www.wikidata.org/entity/Q19498,23.0,2001-01-01T00:00:00Z,2002-01-01T00:00:00Z
http://www.wikidata.org/entity/Q7146254,http://www.wikidata.org/entity/Q19498,36.0,2004-01-01T00:00:00Z,2006-01-01T00:00:00Z
http://www.wikidata.org/entity/Q7152135,http://www.wikidata.org/entity/Q19607,0.0,1999-01-01T00:00:00Z,2001-01-01T00:00:00Z
http://www.wikidata.org/entity/Q7152135,http://www.wikidata.org/entity/Q19473,11.0,2001-01-01T00:00:00Z,2003-01-01T00:00:00Z
http://www.wikidata.org/entity/Q721231,http://www.wikidata.org/entity/Q19607,5.0,2006-01-01T00:00:00Z,2007-01-01T00:00:00Z
http://www.wikidata.org/entity/Q721391,http://www.wikidata.org/entity/Q19481,0.0,2007-01-01T00:00:00Z,2009-01-01T00:00:00Z
http://www.wikidata.org/entity/Q722864,http://www.wikidata.org/entity/Q19490,5.0,2008-01-01T00:00:00Z,2008-01-01T00:00:00Z
http://www.wikidata.org/entity/Q722864,http://www.wikidata.org/entity/Q19568,193.0,1997-01-01T00:00:00Z,2004-01-01T00:00:00Z
http://www.wikidata.org/entity/Q723161,http://www.wikidata.org/entity/Q19607,14.0,2014-01-01T00:00:00Z,2015-01-01T00:00:00Z
http://www.wikidata.org/entity/Q723161,http://www.wikidata.org/entity/Q19607,18.0,2014-01-01T00:00:00Z,2014-01-01T00:00:00Z
http://www.wikidata.org/entity/Q723565,http://www.wikidata.org/entity/Q19498,13.0,2015-01-01T00:00:00Z,2015-01-01T00:00:00Z
http://www.wikidata.org/entity/Q723606,http://www.wikidata.org/entity/Q19607,39.0,2013-01-01T00:00:00Z,2014-01-01T00:00:00Z
http://www.wikidata.org/entity/Q723606,http://www.wikidata.org/entity/Q19473,45.0,2014-01-01T00:00:00Z,2015-01-01T00:00:00Z
http://www.wikidata.org/entity/Q723705,http://www.wikidata.org/entity/Q19568,6.0,2007-01-01T00:00:00Z,2007-01-01T00:00:00Z
http://www.wikidata.org/entity/Q723750,http://www.wikidata.org/entity/Q19500,26.0,2011-01-01T00:00:00Z,2014-01-01T00:00:00Z
http://www.wikidata.org/entity/Q723829,http://www.wikidata.org/entity/Q19604,22.0,2004-01-01T00:00:00Z,2005-01-01T00:00:00Z
http://www.wikidata.org/entity/Q724028,http://www.wikidata.org/entity/Q19604,75.0,2002-01-01T00:00:00Z,2007-01-01T00:00:00Z
http://www.wikidata.org/entity/Q724232,http://www.wikidata.org/entity/Q19477,1.0,2006-01-01T00:00:00Z,2006-01-01T00:00:00Z
http://www.wikidata.org/entity/Q7357052,http://www.wikidata.org/entity/Q19477,35.0,2001-01-01T00:00:00Z,2002-01-01T00:00:00Z
http://www.wikidata.org/entity/Q7360220,http://www.wikidata.org/entity/Q19477,22.0,2004-01-01T00:00:00Z,2006-01-01T00:00:00Z
http://www.wikidata.org/entity/Q70068408,http://www.wikidata.org/entity/Q19490,0.0,2025-08-01T00:00:00Z,
http://www.wikidata.org/entity/Q107985608,http://www.wikidata.org/entity/Q50602,0.0,2025-07-01T00:00:00Z,
http://www.wikidata.org/entity/Q20830808,http://www.wikidata.org/entity/Q50602,19.0,2025-09-01T00:00:00Z,
http://www.wikidata.org/entity/Q44737396,http://www.wikidata.org/entity/Q50602,15.0,2026-01-01T00:00:00Z,
http://www.wikidata.org/entity/Q22833412,http://www.wikidata.org/entity/Q19477,37.0,2025-01-01T00:00:00Z,
http://www.wikidata.org/entity/Q83639138,http://www.wikidata.org/entity/Q19571,57.0,2024-01-01T00:00:00Z,
http://www.wikidata.org/entity/Q52990659,http://www.wikidata.org/entity/Q50602,17.0,2026-01-09T00:00:00Z,
http://www.wikidata.org/entity/Q1083432,http://www.wikidata.org/entity/Q19500,0.0,2026-01-01T00:00:00Z,
http://www.wikidata.org/entity/Q74548,http://www.wikidata.org/entity/Q19490,82.0,2023-01-01T00:00:00Z,
http://www.wikidata.org/entity/Q104762954,http://www.wikidata.org/entity/Q50602,0.0,2026-01-01T00:00:00Z,
http://www.wikidata.org/entity/Q56254739,http://www.wikidata.org/entity/Q19477,0.0,2026-07-24T00:00:00Z,
http://www.wikidata.org/entity/Q20190657,http://www.wikidata.org/entity/Q19490,0.0,2026-01-01T00:00:00Z,
http://www.wikidata.org/entity/Q20641319,http://www.wikidata.org/entity/Q19607,0.0,2026-08-11T00:00:00Z,
http://www.wikidata.org/entity/Q5879014,http://www.wikidata.org/entity/Q50602,0.0,2026-08-01T00:00:00Z,
http://www.wikidata.org/entity/Q442866,http://www.wikidata.org/entity/Q19498,0.0,2026-01-01T00:00:00Z,
http://www.wikidata.org/entity/Q42317168,http://www.wikidata.org/entity/Q19568,0.0,2026-01-01T00:00:00Z,
http://www.wikidata.org/entity/Q27832286,http://www.wikidata.org/entity/Q19477,36.0,2024-02-01T00:00:00Z,
http://www.wikidata.org/entity/Q122971833,http://www.wikidata.org/entity/Q50602,0.0,2026-08-01T00:00:00Z,
http://www.wikidata.org/entity/Q123479947,http://www.wikidata.org/entity/Q19571,0.0,2026-08-01T00:00:00Z,
http://www.wikidata.org/entity/Q98777530,http://www.wikidata.org/entity/Q19477,0.0,2026-08-01T00:00:00Z,
http://www.wikidata.org/entity/Q99584177,http://www.wikidata.org/entity/Q19490,0.0,2026-08-27T00:00:00Z,
http://www.wikidata.org/entity/Q111145131,http://www.wikidata.org/entity/Q19490,31.0,2025-01-01T00:00:00Z,
http://www.wikidata.org/entity/Q132307478,http://www.wikidata.org/entity/Q50602,0.0,2026-08-31T00:00:00Z,
http://www.wikidata.org/entity/Q63213454,http://www.wikidata.org/entity/Q19604,0.0,2026-01-01T00:00:00Z,
http://www.wikidata.org/entity/Q105956269,http://www.wikidata.org/entity/Q50602,0.0,2026-09-01T00:00:00Z,
http://www.wikidata.org/entity/Q110654763,http://www.wikidata.org/entity/Q19477,0.0,2026-09-01T00:00:00Z,
http://www.wikidata.org/entity/Q96105248,http://www.wikidata.org/entity/Q50602,0.0,2026-09-01T00:00:00Z,
http://www.wikidata.org/entity/Q116463164,http://www.wikidata.org/entity/Q50602,1.0,2024-01-25T00:00:00Z,
http://www.wikidata.org/entity/Q367861,http://www.wikidata.org/entity/Q19607,0.0,2026-01-01T00:00:00Z,
http://www.wikidata.org/entity/Q116753805,http://www.wikidata.org/entity/Q19490,2.0,2026-08-01T00:00:00Z,
http://www.wikidata.org/entity/Q7790399,http://www.wikidata.org/entity/Q48879,6.0,2007-01-01T00:00:00Z,2007-01-01T00:00:00Z
http://www.wikidata.org/entity/Q7815334,http://www.wikidata.org/entity/Q48879,6.0,2008-01-01T00:00:00Z,2008-01-01T00:00:00Z
http://www.wikidata.org/entity/Q7816404,http://www.wikidata.org/entity/Q48879,54.0,2002-01-01T00:00:00Z,2006-01-01T00:00:00Z
http://www.wikidata.org/entity/Q7817008,http://www.wikidata.org/entity/Q48879,5.0,2012-01-01T00:00:00Z,2013-01-01T00:00:00Z
http://www.wikidata.org/entity/Q7817210,http://www.wikidata.org/entity/Q48879,38.0,2002-01-01T00:00:00Z,2008-01-01T00:00:00Z
http://www.wikidata.org/entity/Q7822475,http://www.wikidata.org/entity/Q50602,31.0,1999-01-01T00:00:00Z,2001-01-01T00:00:00Z
http://www.wikidata.org/entity/Q7976359,http://www.wikidata.org/entity/Q48879,318.0,1994-01-01T00:00:00Z,2005-01-01T00:00:00Z
http://www.wikidata.org/entity/Q7983768,http://www.wikidata.org/entity/Q48879,10.0,2016-01-01T00:00:00Z,2016-01-01T00:00:00Z
http://www.wikidata.org/entity/Q8022620,http://www.wikidata.org/entity/Q48879,13.0,2007-01-01T00:00:00Z,2008-01-01T00:00:00Z
http://www.wikidata.org/entity/Q8043199,http://www.wikidata.org/entity/Q48879,3.0,2007-01-01T00:00:00Z,2007-01-01T00:00:00Z
http://www.wikidata.org/entity/Q8068853,http://www.wikidata.org/entity/Q48879,6.0,2004-01-01T00:00:00Z,2005-01-01T00:00:00Z
http://www.wikidata.org/entity/Q816602,http://www.wikidata.org/entity/Q48879,15.0,2008-01-01T00:00:00Z,2008-01-01T00:00:00Z
http://www.wikidata.org/entity/Q816620,http://www.wikidata.org/entity/Q50602,47.0,2004-01-01T00:00:00Z,2007-01-01T00:00:00Z
http://www.wikidata.org/entity/Q821646,http://www.wikidata.org/entity/Q50602,25.0,2022-01-01T00:00:00Z,2026-02-01T00:00:00Z
http://www.wikidata.org/entity/Q832256,http://www.wikidata.org/entity/Q50602,13.0,2014-01-01T00:00:00Z,2014-01-01T00:00:00Z
http://www.wikidata.org/entity/Q8338725,http://www.wikidata.org/entity/Q50602,145.0,2018-07-10T00:00:00Z,2023-07-28T00:00:00Z
http://www.wikidata.org/entity/Q836759,http://www.wikidata.org/entity/Q48879,17.0,2010-01-01T00:00:00Z,2010-01-01T00:00:00Z
http://www.wikidata.org/entity/Q836759,http://www.wikidata.org/entity/Q48879,37.0,2010-01-01T00:00:00Z,2012-01-01T00:00:00Z
http://www.wikidata.org/entity/Q839035,http://www.wikidata.org/entity/Q48879,21.0,2010-01-01T00:00:00Z,2011-01-01T00:00:00Z
http://www.wikidata.org/entity/Q862883,http://www.wikidata.org/entity/Q48879,23.0,2011-01-01T00:00:00Z,2012-01-01T00:00:00Z
http://www.wikidata.org/entity/Q877918,http://www.wikidata.org/entity/Q50602,0.0,2001-01-01T00:00:00Z,2001-01-01T00:00:00Z
http://www.wikidata.org/entity/Q897070,http://www.wikidata.org/entity/Q50602,32.0,2004-01-01T00:00:00Z,2006-01-01T00:00:00Z
http://www.wikidata.org/entity/Q902358,http://www.wikidata.org/entity/Q48879,3.0,2012-01-01T00:00:00Z,2013-01-01T00:00:00Z
http://www.wikidata.org/entity/Q911705,http://www.wikidata.org/entity/Q50602,1.0,2008-01-01T00:00:00Z,2009-01-01T00:00:00Z
http://www.wikidata.org/entity/Q9196567,http://www.wikidata.org/entity/Q50602,31.0,1997-01-01T00:00:00Z,2000-01-01T00:00:00Z
http://www.wikidata.org/entity/Q922517,http://www.wikidata.org/entity/Q48879,0.0,2011-01-01T00:00:00Z,2011-01-01T00:00:00Z
http://www.wikidata.org/entity/Q923432,http://www.wikidata.org/entity/Q50602,1.0,2008-01-01T00:00:00Z,2014-01-01T00:00:00Z
http://www.wikidata.org/entity/Q923715,http://www.wikidata.org/entity/Q50602,94.0,2000-01-01T00:00:00Z,2003-01-01T00:00:00Z
http://www.wikidata.org/entity/Q924344,http://www.wikidata.org/entity/Q50602,53.0,1999-01-01T00:00:00Z,2007-01-01T00:00:00Z
http://www.wikidata.org/entity/Q925225,http://www.wikidata.org/entity/Q50602,139.0,1998-01-01T00:00:00Z,2004-01-01T00:00:00Z
http://www.wikidata.org/entity/Q931313,http://www.wikidata.org/entity/Q48879,12.0,2012-01-01T00:00:00Z,2012-01-01T00:00:00Z
http://www.wikidata.org/entity/Q931313,http://www.wikidata.org/entity/Q48879,42.0,2012-01-01T00:00:00Z,2013-01-01T00:00:00Z
http://www.wikidata.org/entity/Q952994,http://www.wikidata.org/entity/Q48879,12.0,2010-01-01T00:00:00Z,2010-01-01T00:00:00Z
http://www.wikidata.org/entity/Q959723,http://www.wikidata.org/entity/Q48879,76.0,2012-01-01T00:00:00Z,2014-01-01T00:00:00Z
http://www.wikidata.org/entity/Q1000435,http://www.wikidata.org/entity/Q1128631,9.0,2008-01-01T00:00:00Z,2009-01-01T00:00:00Z
http://www.wikidata.org/entity/Q1028220,http://www.wikidata.org/entity/Q1128631,56.0,1999-01-01T00:00:00Z,2004-01-01T00:00:00Z
http://www.wikidata.org/entity/Q10379858,http://www.wikidata.org/entity/Q1128631,0.0,2003-01-01T00:00:00Z,2005-01-01T00:00:00Z
http://www.wikidata.org/entity/Q10401988,http://www.wikidata.org/entity/Q1128631,11.0,2000-01-01T00:00:00Z,2005-01-01T00:00:00Z
http://www.wikidata.org/entity/Q10598,http://www.wikidata.org/entity/Q50602,93.0,2004-01-01T00:00:00Z,2006-01-01T00:00:00Z
http://www.wikidata.org/entity/Q10666,http://www.wikidata.org/entity/Q48879,20.0,2008-01-01T00:00:00Z,2008-01-01T00:00:00Z
http://www.wikidata.org/entity/Q10723,http://www.wikidata.org/entity/Q48879,70.0,2013-01-01T00:00:00Z,2015-01-01T00:00:00Z
http://www.wikidata.org/entity/Q959723,http://www.wikidata.org/entity/Q48879,28.0,2006-01-01T00:00:00Z,2007-01-01T00:00:00Z
http://www.wikidata.org/entity/Q971981,http://www.wikidata.org/entity/Q48879,7.0,2002-01-01T00:00:00Z,2002-01-01T00:00:00Z
http://www.wikidata.org/entity/Q972418,http://www.wikidata.org/entity/Q50602,0.0,2009-01-01T00:00:00Z,2012-01-01T00:00:00Z
http://www.wikidata.org/entity/Q973416,http://www.wikidata.org/entity/Q50602,64.0,2014-07-01T00:00:00Z,2017-08-04T00:00:00Z
http://www.wikidata.org/entity/Q981861,http://www.wikidata.org/entity/Q50602,1.0,2007-01-01T00:00:00Z,2011-01-01T00:00:00Z
http://www.wikidata.org/entity/Q987890,http://www.wikidata.org/entity/Q50602,4.0,2001-01-01T00:00:00Z,2001-01-01T00:00:00Z
http://www.wikidata.org/entity/Q994163,http://www.wikidata.org/entity/Q48879,39.0,2006-01-01T00:00:00Z,2007-01-01T00:00:00Z
http://www.wikidata.org/entity/Q99485542,http://www.wikidata.org/entity/Q50602,53.0,2024-07-18T00:00:00Z,2026-08-01T00:00:00Z
http://www.wikidata.org/entity/Q99584177,http://www.wikidata.org/entity/Q50602,2.0,2020-01-01T00:00:00Z,2024-01-01T00:00:00Z
http://www.wikidata.org/entity/Q99760796,http://www.wikidata.org/entity/Q50602,19.0,2020-01-01T00:00:00Z,2023-01-01T00:00:00Z
http://www.wikidata.org/entity/Q1755683,http://www.wikidata.org/entity/Q50602,107.0,2020-01-01T00:00:00Z,2026-07-01T00:00:00Z
http://www.wikidata.org/entity/Q561092,http://www.wikidata.org/entity/Q48879,79.0,2016-01-01T00:00:00Z,2018-01-01T00:00:00Z
http://www.wikidata.org/entity/Q561092,http://www.wikidata.org/entity/Q48879,19.0,2022-01-01T00:00:00Z,2025-01-01T00:00:00Z
http://www.wikidata.org/entity/Q1441577,http://www.wikidata.org/entity/Q48879,14.0,2019-01-01T00:00:00Z,2019-01-01T00:00:00Z
http://www.wikidata.org/entity/Q1441577,http://www.wikidata.org/entity/Q48879,29.0,2020-01-01T00:00:00Z,2021-01-01T00:00:00Z
http://www.wikidata.org/entity/Q19938984,http://www.wikidata.org/entity/Q50602,85.0,2022-01-01T00:00:00Z,2026-07-01T00:00:00Z
http://www.wikidata.org/entity/Q30729099,http://www.wikidata.org/entity/Q50602,0.0,2018-01-01T00:00:00Z,2020-01-01T00:00:00Z
http://www.wikidata.org/entity/Q61598452,http://www.wikidata.org/entity/Q50602,0.0,2019-01-01T00:00:00Z,2023-01-01T00:00:00Z
http://www.wikidata.org/entity/Q110160871,http://www.wikidata.org/entity/Q19490,19.0,2024-01-01T00:00:00Z,2025-01-01T00:00:00Z
http://www.wikidata.org/entity/Q52990659,http://www.wikidata.org/entity/Q19568,101.0,2023-01-27T00:00:00Z,2026-01-09T00:00:00Z
http://www.wikidata.org/entity/Q16916422,http://www.wikidata.org/entity/Q19500,0.0,2017-01-01T00:00:00Z,2018-01-01T00:00:00Z
http://www.wikidata.org/entity/Q16916422,http://www.wikidata.org/entity/Q19580,21.0,2017-01-01T00:00:00Z,2017-01-01T00:00:00Z
http://www.wikidata.org/entity/Q74548,http://www.wikidata.org/entity/Q19490,7.0,2023-01-01T00:00:00Z,2023-01-01T00:00:00Z
http://www.wikidata.org/entity/Q869214,http://www.wikidata.org/entity/Q19568,1.0,2021-01-01T00:00:00Z,2022-01-01T00:00:00Z
http://www.wikidata.org/entity/Q30346413,http://www.wikidata.org/entity/Q50602,38.0,2022-01-01T00:00:00Z,2024-01-01T00:00:00Z
http://www.wikidata.org/entity/Q7490819,http://www.wikidata.org/entity/Q19604,14.0,2013-01-01T00:00:00Z,2013-06-01T00:00:00Z
http://www.wikidata.org/entity/Q7490819,http://www.wikidata.org/entity/Q19604,10.0,2013-09-01T00:00:00Z,2014-01-09T00:00:00Z
http://www.wikidata.org/entity/Q14637461,http://www.wikidata.org/entity/Q19568,39.0,2024-07-01T00:00:00Z,2026-08-01T00:00:00Z
http://www.wikidata.org/entity/Q35039261,http://www.wikidata.org/entity/Q19571,10.0,2025-01-01T00:00:00Z,2026-01-01T00:00:00Z
http://www.wikidata.org/entity/Q98815258,http://www.wikidata.org/entity/Q19477,52.0,2024-01-01T00:00:00Z,2026-01-01T00:00:00Z
http://www.wikidata.org/entity/Q56289593,http://www.wikidata.org/entity/Q19500,0.0,2018-01-01T00:00:00Z,2019-01-01T00:00:00Z
http://www.wikidata.org/entity/Q116447721,http://www.wikidata.org/entity/Q19477,30.0,2024-01-01T00:00:00Z,2025-01-01T00:00:00Z
http://www.wikidata.org/entity/Q105956269,http://www.wikidata.org/entity/Q19607,77.0,2019-01-01T00:00:00Z,2023-01-01T00:00:00Z
http://www.wikidata.org/entity/Q14852383,http://www.wikidata.org/entity/Q19500,105.0,2019-01-01T00:00:00Z,2022-01-01T00:00:00Z
http://www.wikidata.org/entity/Q34982765,http://www.wikidata.org/entity/Q19490,37.0,2022-01-01T00:00:00Z,2023-01-01T00:00:00Z
http://www.wikidata.org/entity/Q29456,http://www.wikidata.org/entity/Q50602,37.0,2006-01-01T00:00:00Z,2012-01-01T00:00:00Z
http://www.wikidata.org/entity/Q356038,http://www.wikidata.org/entity/Q50602,3.0,1999-01-01T00:00:00Z,2002-01-01T00:00:00Z
http://www.wikidata.org/entity/Q357664,http://www.wikidata.org/entity/Q50602,0.0,2002-01-01T00:00:00Z,2004-01-01T00:00:00Z
http://www.wikidata.org/entity/Q357977,http://www.wikidata.org/entity/Q48879,194.0,2012-01-01T00:00:00Z,2017-01-01T00:00:00Z
http://www.wikidata.org/entity/Q3603081,http://www.wikidata.org/entity/Q48879,33.0,2014-01-01T00:00:00Z,2015-01-01T00:00:00Z
http://www.wikidata.org/entity/Q3607690,http://www.wikidata.org/entity/Q48879,21.0,2003-01-01T00:00:00Z,2004-01-01T00:00:00Z
http://www.wikidata.org/entity/Q3607690,http://www.wikidata.org/entity/Q48879,16.0,2002-01-01T00:00:00Z,2002-01-01T00:00:00Z
http://www.wikidata.org/entity/Q3616558,http://www.wikidata.org/entity/Q48879,89.0,1999-01-01T00:00:00Z,2003-01-01T00:00:00Z
http://www.wikidata.org/entity/Q363257,http://www.wikidata.org/entity/Q50602,87.0,2003-01-01T00:00:00Z,2007-01-01T00:00:00Z
http://www.wikidata.org/entity/Q3637942,http://www.wikidata.org/entity/Q50602,0.0,2008-01-01T00:00:00Z,2012-01-01T00:00:00Z
http://www.wikidata.org/entity/Q3645465,http://www.wikidata.org/entity/Q48879,5.0,2007-01-01T00:00:00Z,2007-01-01T00:00:00Z
http://www.wikidata.org/entity/Q3655782,http://www.wikidata.org/entity/Q48879,31.0,2008-01-01T00:00:00Z,2009-01-01T00:00:00Z
http://www.wikidata.org/entity/Q3675878,http://www.wikidata.org/entity/Q48879,29.0,2014-01-01T00:00:00Z,2016-01-01T00:00:00Z
http://www.wikidata.org/entity/Q367879,http://www.wikidata.org/entity/Q48879,8.0,2010-01-01T00:00:00Z,2011-01-01T00:00:00Z
http://www.wikidata.org/entity/Q369507,http://www.wikidata.org/entity/Q48879,4.0,2002-01-01T00:00:00Z,2002-01-01T00:00:00Z
http://www.wikidata.org/entity/Q369507,http://www.wikidata.org/entity/Q48879,5.0,2001-12-01T00:00:00Z,2002-01-01T00:00:00Z
http://www.wikidata.org/entity/Q3696447,http://www.wikidata.org/entity/Q48879,7.0,2013-01-01T00:00:00Z,2013-01-01T00:00:00Z
http://www.wikidata.org/entity/Q3696447,http://www.wikidata.org/entity/Q48879,7.0,2012-01-01T00:00:00Z,2012-01-01T00:00:00Z
http://www.wikidata.org/entity/Q370339,http://www.wikidata.org/entity/Q50602,36.0,2015-01-14T00:00:00Z,2017-08-31T00:00:00Z
http://www.wikidata.org/entity/Q371096,http://www.wikidata.org/entity/Q50602,48.0,2007-01-01T00:00:00Z,2009-01-01T00:00:00Z
http://www.wikidata.org/entity/Q3720737,http://www.wikidata.org/entity/Q50602,0.0,2012-01-01T00:00:00Z,2015-01-01T00:00:00Z
http://www.wikidata.org/entity/Q372272,http://www.wikidata.org/entity/Q50602,16.0,2006-01-01T00:00:00Z,2008-01-01T00:00:00Z
http://www.wikidata.org/entity/Q372272,http://www.wikidata.org/entity/Q50602,158.0,1996-01-01T00:00:00Z,2002-01-01T00:00:00Z
http://www.wikidata.org/entity/Q372276,http://www.wikidata.org/entity/Q50602,0.0,2008-01-01T00:00:00Z,2015-01-01T00:00:00Z
http://www.wikidata.org/entity/Q374838,http://www.wikidata.org/entity/Q50602,0.0,2004-01-01T00:00:00Z,2005-01-01T00:00:00Z
http://www.wikidata.org/entity/Q375487,http://www.wikidata.org/entity/Q50602,130.0,2002-01-01T00:00:00Z,2008-01-01T00:00:00Z
http://www.wikidata.org/entity/Q3758314,http://www.wikidata.org/entity/Q50602,48.0,1998-01-01T00:00:00Z,2001-01-01T00:00:00Z
http://www.wikidata.org/entity/Q3758559,http://www.wikidata.org/entity/Q48879,128.0,1997-01-01T00:00:00Z,2003-01-01T00:00:00Z
http://www.wikidata.org/entity/Q376404,http://www.wikidata.org/entity/Q48879,20.0,2023-01-01T00:00:00Z,2024-01-01T00:00:00Z
http://www.wikidata.org/entity/Q3807985,http://www.wikidata.org/entity/Q48879,27.0,2006-01-01T00:00:00Z,2007-01-01T00:00:00Z
http://www.wikidata.org/entity/Q3812989,http://www.wikidata.org/entity/Q50602,0.0,2002-01-01T00:00:00Z,2002-01-01T00:00:00Z
http://www.wikidata.org/entity/Q381672,http://www.wikidata.org/entity/Q50602,25.0,2006-01-01T00:00:00Z,2008-01-01T00:00:00Z
http://www.wikidata.org/entity/Q3855340,http://www.wikidata.org/entity/Q50602,121.0,2018-01-01T00:00:00Z,2023-01-01T00:00:00Z
http://www.wikidata.org/entity/Q386876,http://www.wikidata.org/entity/Q50602,34.0,2009-01-01T00:00:00Z,2012-01-01T00:00:00Z
http://www.wikidata.org/entity/Q3898113,http://www.wikidata.org/entity/Q50602,0.0,2008-01-01T00:00:00Z,2010-01-01T00:00:00Z
http://www.wikidata.org/entity/Q39236,http://www.wikidata.org/entity/Q1130849,0.0,2012-01-01T00:00:00Z,2014-01-01T00:00:00Z
http://www.wikidata.org/entity/Q39500352,http://www.wikidata.org/entity/Q50602,28.0,2025-06-10T00:00:00Z,2026-08-01T00:00:00Z
http://www.wikidata.org/entity/Q3973315,http://www.wikidata.org/entity/Q48879,9.0,2002-01-01T00:00:00Z,2002-01-01T00:00:00Z
http://www.wikidata.org/entity/Q401489,http://www.wikidata.org/entity/Q50602,1.0,2008-01-01T00:00:00Z,2013-01-01T00:00:00Z
http://www.wikidata.org/entity/Q4027443,http://www.wikidata.org/entity/Q50602,0.0,2013-01-01T00:00:00Z,2015-01-01T00:00:00Z
http://www.wikidata.org/entity/Q4118611,http://www.wikidata.org/entity/Q48879,15.0,2010-01-01T00:00:00Z,2010-01-01T00:00:00Z
http://www.wikidata.org/entity/Q41200266,http://www.wikidata.org/entity/Q48879,9.0,2019-01-08T00:00:00Z,2019-05-31T00:00:00Z
http://www.wikidata.org/entity/Q4135112,http://www.wikidata.org/entity/Q48879,18.0,2010-01-01T00:00:00Z,2011-01-01T00:00:00Z
http://www.wikidata.org/entity/Q4251366,http://www.wikidata.org/entity/Q48879,34.0,2010-01-01T00:00:00Z,2011-01-01T00:00:00Z
http://www.wikidata.org/entity/Q426615,http://www.wikidata.org/entity/Q48879,104.0,2005-01-01T00:00:00Z,2008-01-01T00:00:00Z
http://www.wikidata.org/entity/Q426615,http://www.wikidata.org/entity/Q48879,4.0,2004-01-01T00:00:00Z,2005-01-01T00:00:00Z
http://www.wikidata.org/entity/Q42731,http://www.wikidata.org/entity/Q1130849,102.0,2007-01-01T00:00:00Z,2011-01-01T00:00:00Z
http://www.wikidata.org/entity/Q427716,http://www.wikidata.org/entity/Q48879,5.0,2006-01-01T00:00:00Z,2006-01-01T00:00:00Z
http://www.wikidata.org/entity/Q4296913,http://www.wikidata.org/entity/Q48879,11.0,2011-01-01T00:00:00Z,2012-01-01T00:00:00Z
http://www.wikidata.org/entity/Q433702,http://www.wikidata.org/entity/Q50602,82.0,2003-01-01T00:00:00Z,2007-01-01T00:00:00Z
http://www.wikidata.org/entity/Q436650,http://www.wikidata.org/entity/Q48879,1.0,2000-01-01T00:00:00Z,2000-01-01T00:00:00Z
http://www.wikidata.org/entity/Q437329,http://www.wikidata.org/entity/Q50602,34.0,2017-01-01T00:00:00Z,2019-08-01T00:00:00Z
http://www.wikidata.org/entity/Q437545,http://www.wikidata.org/entity/Q50602,4.0,2011-01-01T00:00:00Z,2012-01-01T00:00:00Z
http://www.wikidata.org/entity/Q4382484,http://www.wikidata.org/entity/Q48879,0.0,2001-01-01T00:00:00Z,2003-01-01T00:00:00Z
http://www.wikidata.org/entity/Q4382484,http://www.wikidata.org/entity/Q48879,8.0,1997-01-01T00:00:00Z,1999-01-01T00:00:00Z
http://www.wikidata.org/entity/Q439302,http://www.wikidata.org/entity/Q48879,2.0,2002-01-01T00:00:00Z,2003-01-01T00:00:00Z
http://www.wikidata.org/entity/Q439309,http://www.wikidata.org/entity/Q50602,0.0,2011-08-01T00:00:00Z,2012-01-01T00:00:00Z
http://www.wikidata.org/entity/Q439309,http://www.wikidata.org/entity/Q50602,7.0,2012-01-01T00:00:00Z,2014-06-01T00:00:00Z
http://www.wikidata.org/entity/Q441708,http://www.wikidata.org/entity/Q50602,38.0,2001-01-01T00:00:00Z,2003-01-01T00:00:00Z
http://www.wikidata.org/entity/Q442255,http://www.wikidata.org/entity/Q50602,53.0,2003-01-01T00:00:00Z,2005-01-01T00:00:00Z
http://www.wikidata.org/entity/Q444975,http://www.wikidata.org/entity/Q48879,7.0,2000-01-01T00:00:00Z,2001-01-01T00:00:00Z
http://www.wikidata.org/entity/Q4522646,http://www.wikidata.org/entity/Q50602,15.0,1997-01-01T00:00:00Z,2000-01-01T00:00:00Z
http://www.wikidata.org/entity/Q16977444,http://www.wikidata.org/entity/Q1128631,1.0,2014-01-01T00:00:00Z,2014-01-01T00:00:00Z
http://www.wikidata.org/entity/Q18049322,http://www.wikidata.org/entity/Q1130849,0.0,2012-01-01T00:00:00Z,2014-01-01T00:00:00Z
http://www.wikidata.org/entity/Q6166871,http://www.wikidata.org/entity/Q19571,75.0,2000-01-01T00:00:00Z,2003-01-01T00:00:00Z
http://www.wikidata.org/entity/Q6167200,http://www.wikidata.org/entity/Q19571,49.0,1999-01-01T00:00:00Z,2004-01-01T00:00:00Z
http://www.wikidata.org/entity/Q6167748,http://www.wikidata.org/entity/Q19604,9.0,2015-01-01T00:00:00Z,2016-01-01T00:00:00Z
http://www.wikidata.org/entity/Q6169238,http://www.wikidata.org/entity/Q19604,1.0,2007-01-01T00:00:00Z,2008-01-01T00:00:00Z
http://www.wikidata.org/entity/Q6169238,http://www.wikidata.org/entity/Q19568,11.0,2007-01-01T00:00:00Z,2008-01-01T00:00:00Z
http://www.wikidata.org/entity/Q6172639,http://www.wikidata.org/entity/Q19473,10.0,2015-01-01T00:00:00Z,2015-01-01T00:00:00Z
http://www.wikidata.org/entity/Q6172641,http://www.wikidata.org/entity/Q19604,110.0,2011-01-01T00:00:00Z,2015-01-01T00:00:00Z
http://www.wikidata.org/entity/Q6210476,http://www.wikidata.org/entity/Q19607,16.0,2012-01-01T00:00:00Z,2015-01-01T00:00:00Z
http://www.wikidata.org/entity/Q6210632,http://www.wikidata.org/entity/Q19571,18.0,2007-01-01T00:00:00Z,2007-01-01T00:00:00Z
http://www.wikidata.org/entity/Q6212322,http://www.wikidata.org/entity/Q19568,6.0,2000-01-01T00:00:00Z,2000-01-01T00:00:00Z
http://www.wikidata.org/entity/Q6213635,http://www.wikidata.org/entity/Q19571,22.0,2003-01-01T00:00:00Z,2004-01-01T00:00:00Z
http://www.wikidata.org/entity/Q6223980,http://www.wikidata.org/entity/Q19490,4.0,1994-01-01T00:00:00Z,1999-01-01T00:00:00Z
http://www.wikidata.org/entity/Q6230434,http://www.wikidata.org/entity/Q19500,0.0,2009-01-01T00:00:00Z,2011-01-01T00:00:00Z
http://www.wikidata.org/entity/Q6231089,http://www.wikidata.org/entity/Q19607,1.0,1997-01-01T00:00:00Z,1999-01-01T00:00:00Z
http://www.wikidata.org/entity/Q6232130,http://www.wikidata.org/entity/Q19477,52.0,1999-01-01T00:00:00Z,2001-01-01T00:00:00Z
http://www.wikidata.org/entity/Q6239312,http://www.wikidata.org/entity/Q19498,45.0,2005-01-01T00:00:00Z,2007-01-01T00:00:00Z
http://www.wikidata.org/entity/Q6239476,http://www.wikidata.org/entity/Q19481,0.0,1998-01-01T00:00:00Z,2000-01-01T00:00:00Z
http://www.wikidata.org/entity/Q1361652,http://www.wikidata.org/entity/Q1128631,81.0,1999-01-01T00:00:00Z,2004-01-01T00:00:00Z
http://www.wikidata.org/entity/Q1365656,http://www.wikidata.org/entity/Q1128631,21.0,2010-01-01T00:00:00Z,2011-01-01T00:00:00Z
http://www.wikidata.org/entity/Q1365656,http://www.wikidata.org/entity/Q1128631,9.0,2010-01-01T00:00:00Z,2010-01-01T00:00:00Z
http://www.wikidata.org/entity/Q1365850,http://www.wikidata.org/entity/Q1128631,14.0,2008-01-01T00:00:00Z,2009-01-01T00:00:00Z
http://www.wikidata.org/entity/Q1370411,http://www.wikidata.org/entity/Q1128631,1.0,2008-01-01T00:00:00Z,2008-01-01T00:00:00Z
http://www.wikidata.org/entity/Q738380,http://www.wikidata.org/entity/Q19490,7.0,2014-01-01T00:00:00Z,2014-01-01T00:00:00Z
http://www.wikidata.org/entity/Q738380,http://www.wikidata.org/entity/Q19481,40.0,2011-01-01T00:00:00Z,2012-01-01T00:00:00Z
http://www.wikidata.org/entity/Q738380,http://www.wikidata.org/entity/Q19473,11.0,2014-01-01T00:00:00Z,2015-01-01T00:00:00Z
http://www.wikidata.org/entity/Q738380,http://www.wikidata.org/entity/Q19473,80.0,2009-01-01T00:00:00Z,2011-01-01T00:00:00Z
http://www.wikidata.org/entity/Q738380,http://www.wikidata.org/entity/Q19477,7.0,2007-01-01T00:00:00Z,2007-01-01T00:00:00Z
http://www.wikidata.org/entity/Q738430,http://www.wikidata.org/entity/Q19604,6.0,2000-01-01T00:00:00Z,2000-01-01T00:00:00Z
http://www.wikidata.org/entity/Q738430,http://www.wikidata.org/entity/Q19604,6.0,2001-01-01T00:00:00Z,2001-01-01T00:00:00Z
http://www.wikidata.org/entity/Q73898,http://www.wikidata.org/entity/Q19607,9.0,2013-01-01T00:00:00Z,2014-01-01T00:00:00Z
http://www.wikidata.org/entity/Q739634,http://www.wikidata.org/entity/Q19604,27.0,2013-01-01T00:00:00Z,2014-01-01T00:00:00Z
http://www.wikidata.org/entity/Q740239,http://www.wikidata.org/entity/Q19607,51.0,2007-01-01T00:00:00Z,2010-01-01T00:00:00Z
http://www.wikidata.org/entity/Q740239,http://www.wikidata.org/entity/Q19607,2.0,2004-01-01T00:00:00Z,2005-01-01T00:00:00Z
http://www.wikidata.org/entity/Q740239,http://www.wikidata.org/entity/Q19490,39.0,2012-01-01T00:00:00Z,2013-01-01T00:00:00Z
http://www.wikidata.org/entity/Q740296,http://www.wikidata.org/entity/Q19604,1.0,2011-01-01T00:00:00Z,2011-01-01T00:00:00Z
http://www.wikidata.org/entity/Q740385,http://www.wikidata.org/entity/Q19481,260.0,1996-01-01T00:00:00Z,2004-01-01T00:00:00Z
http://www.wikidata.org/entity/Q7409767,http://www.wikidata.org/entity/Q19568,49.0,2008-01-01T00:00:00Z,2010-01-01T00:00:00Z
http://www.wikidata.org/entity/Q7409767,http://www.wikidata.org/entity/Q19604,160.0,1994-01-01T00:00:00Z,2000-01-01T00:00:00Z
http://www.wikidata.org/entity/Q7409806,http://www.wikidata.org/entity/Q19571,20.0,2007-01-01T00:00:00Z,2008-01-01T00:00:00Z
http://www.wikidata.org/entity/Q7412306,http://www.wikidata.org/entity/Q19482,0.0,2001-01-01T00:00:00Z,2002-01-01T00:00:00Z
http://www.wikidata.org/entity/Q742372,http://www.wikidata.org/entity/Q19571,169.0,2011-01-01T00:00:00Z,2015-01-01T00:00:00Z
http://www.wikidata.org/entity/Q7427289,http://www.wikidata.org/entity/Q19477,0.0,2002-01-01T00:00:00Z,2003-01-01T00:00:00Z
http://www.wikidata.org/entity/Q7435988,http://www.wikidata.org/entity/Q19473,30.0,2002-01-01T00:00:00Z,2003-01-01T00:00:00Z
http://www.wikidata.org/entity/Q7436049,http://www.wikidata.org/entity/Q19500,0.0,2002-01-01T00:00:00Z,2003-01-01T00:00:00Z
http://www.wikidata.org/entity/Q7436328,http://www.wikidata.org/entity/Q19571,9.0,2004-01-01T00:00:00Z,2004-01-01T00:00:00Z
http://www.wikidata.org/entity/Q7436328,http://www.wikidata.org/entity/Q19571,12.0,2004-01-01T00:00:00Z,2005-01-01T00:00:00Z
http://www.wikidata.org/entity/Q7436329,http://www.wikidata.org/entity/Q19571,23.0,2005-01-01T00:00:00Z,2007-01-01T00:00:00Z
http://www.wikidata.org/entity/Q7436385,http://www.wikidata.org/entity/Q19481,0.0,2008-01-01T00:00:00Z,2009-01-01T00:00:00Z
http://www.wikidata.org/entity/Q7436453,http://www.wikidata.org/entity/Q19568,34.0,2008-01-01T00:00:00Z,2010-01-01T00:00:00Z
http://www.wikidata.org/entity/Q7436500,http://www.wikidata.org/entity/Q19604,75.0,1999-01-01T00:00:00Z,2002-01-01T00:00:00Z
http://www.wikidata.org/entity/Q7436604,http://www.wikidata.org/entity/Q19473,0.0,2012-01-01T00:00:00Z,2013-01-01T00:00:00Z
http://www.wikidata.org/entity/Q7436615,http://www.wikidata.org/entity/Q19477,0.0,2001-01-01T00:00:00Z,2003-01-01T00:00:00Z
http://www.wikidata.org/entity/Q7436771,http://www.wikidata.org/entity/Q19571,75.0,1999-01-01T00:00:00Z,2003-01-01T00:00:00Z
http://www.wikidata.org/entity/Q7436854,http://www.wikidata.org/entity/Q19568,32.0,1999-01-01T00:00:00Z,2000-01-01T00:00:00Z
http://www.wikidata.org/entity/Q7436975,http://www.wikidata.org/entity/Q19498,24.0,1996-01-01T00:00:00Z,2000-01-01T00:00:00Z
http://www.wikidata.org/entity/Q7437009,http://www.wikidata.org/entity/Q19571,93.0,1999-01-01T00:00:00Z,2001-01-01T00:00:00Z
http://www.wikidata.org/entity/Q7437226,http://www.wikidata.org/entity/Q19473,48.0,1999-01-01T00:00:00Z,2001-01-01T00:00:00Z
http://www.wikidata.org/entity/Q7437238,http://www.wikidata.org/entity/Q19580,38.0,2003-01-01T00:00:00Z,2005-01-01T00:00:00Z
http://www.wikidata.org/entity/Q7437356,http://www.wikidata.org/entity/Q19500,32.0,1999-01-01T00:00:00Z,2001-01-01T00:00:00Z
http://www.wikidata.org/entity/Q7437356,http://www.wikidata.org/entity/Q19481,64.0,1995-01-01T00:00:00Z,1999-01-01T00:00:00Z
http://www.wikidata.org/entity/Q7437357,http://www.wikidata.org/entity/Q19571,6.0,2007-01-01T00:00:00Z,2007-01-01T00:00:00Z
http://www.wikidata.org/entity/Q7437425,http://www.wikidata.org/entity/Q19490,0.0,2002-01-01T00:00:00Z,2004-01-01T00:00:00Z
http://www.wikidata.org/entity/Q7437455,http://www.wikidata.org/entity/Q19568,5.0,2008-01-01T00:00:00Z,2008-01-01T00:00:00Z
http://www.wikidata.org/entity/Q7440741,http://www.wikidata.org/entity/Q19607,0.0,2011-01-01T00:00:00Z,2012-01-01T00:00:00Z
http://www.wikidata.org/entity/Q7440897,http://www.wikidata.org/entity/Q19500,8.0,2001-01-01T00:00:00Z,2002-01-01T00:00:00Z
http://www.wikidata.org/entity/Q7440897,http://www.wikidata.org/entity/Q19500,6.0,2001-01-01T00:00:00Z,2001-01-01T00:00:00Z
http://www.wikidata.org/entity/Q7441080,http://www.wikidata.org/entity/Q19571,0.0,2004-01-01T00:00:00Z,2005-01-01T00:00:00Z
http://www.wikidata.org/entity/Q7441208,http://www.wikidata.org/entity/Q19498,68.0,2006-01-01T00:00:00Z,2010-01-01T00:00:00Z
http://www.wikidata.org/entity/Q7442493,http://www.wikidata.org/entity/Q19604,0.0,2004-01-01T00:00:00Z,2004-01-01T00:00:00Z
http://www.wikidata.org/entity/Q7442493,http://www.wikidata.org/entity/Q19580,5.0,2004-01-01T00:00:00Z,2004-01-01T00:00:00Z
http://www.wikidata.org/entity/Q125460,http://www.wikidata.org/entity/Q1130849,155.0,2013-07-01T00:00:00Z,2019-08-08T00:00:00Z
http://www.wikidata.org/entity/Q126422,http://www.wikidata.org/entity/Q1128631,5.0,2014-01-01T00:00:00Z,2014-01-01T00:00:00Z
http://www.wikidata.org/entity/Q75019636,http://www.wikidata.org/entity/Q19490,10.0,2024-01-01T00:00:00Z,2024-01-01T00:00:00Z
http://www.wikidata.org/entity/Q7836204,http://www.wikidata.org/entity/Q19607,0.0,2006-01-01T00:00:00Z,2008-01-01T00:00:00Z
http://www.wikidata.org/entity/Q7839060,http://www.wikidata.org/entity/Q19580,12.0,2005-01-01T00:00:00Z,2005-01-01T00:00:00Z
http://www.wikidata.org/entity/Q7839060,http://www.wikidata.org/entity/Q19481,81.0,2000-01-01T00:00:00Z,2005-01-01T00:00:00Z
http://www.wikidata.org/entity/Q792362,http://www.wikidata.org/entity/Q19607,8.0,1999-01-01T00:00:00Z,2000-01-01T00:00:00Z
http://www.wikidata.org/entity/Q7931789,http://www.wikidata.org/entity/Q19490,1.0,2005-01-01T00:00:00Z,2007-01-01T00:00:00Z
http://www.wikidata.org/entity/Q7959120,http://www.wikidata.org/entity/Q19482,27.0,2003-01-01T00:00:00Z,2004-01-01T00:00:00Z
http://www.wikidata.org/entity/Q7959120,http://www.wikidata.org/entity/Q19498,68.0,2006-01-01T00:00:00Z,2009-01-01T00:00:00Z
http://www.wikidata.org/entity/Q7970285,http://www.wikidata.org/entity/Q19604,0.0,2003-01-01T00:00:00Z,2004-01-01T00:00:00Z
http://www.wikidata.org/entity/Q7976006,http://www.wikidata.org/entity/Q19473,74.0,1997-01-01T00:00:00Z,1999-01-01T00:00:00Z
http://www.wikidata.org/entity/Q7976006,http://www.wikidata.org/entity/Q19607,73.0,2002-01-01T00:00:00Z,2004-01-01T00:00:00Z
http://www.wikidata.org/entity/Q7976016,http://www.wikidata.org/entity/Q19498,9.0,2006-01-01T00:00:00Z,2006-01-01T00:00:00Z
http://www.wikidata.org/entity/Q7976016,http://www.wikidata.org/entity/Q19580,10.0,2006-01-01T00:00:00Z,2008-01-01T00:00:00Z
http://www.wikidata.org/entity/Q7976279,http://www.wikidata.org/entity/Q19482,75.0,1999-01-01T00:00:00Z,2004-01-01T00:00:00Z
http://www.wikidata.org/entity/Q7976545,http://www.wikidata.org/entity/Q19607,6.0,2003-01-01T00:00:00Z,2003-01-01T00:00:00Z
http://www.wikidata.org/entity/Q7976545,http://www.wikidata.org/entity/Q19607,139.0,1995-01-01T00:00:00Z,2001-01-01T00:00:00Z
http://www.wikidata.org/entity/Q7983685,http://www.wikidata.org/entity/Q19568,53.0,2011-01-01T00:00:00Z,2014-01-01T00:00:00Z
http://www.wikidata.org/entity/Q7983685,http://www.wikidata.org/entity/Q19604,28.0,2014-01-01T00:00:00Z,2015-01-01T00:00:00Z
http://www.wikidata.org/entity/Q7983768,http://www.wikidata.org/entity/Q19604,6.0,2012-01-01T00:00:00Z,2012-01-01T00:00:00Z
http://www.wikidata.org/entity/Q7983768,http://www.wikidata.org/entity/Q19568,14.0,2011-01-01T00:00:00Z,2012-01-01T00:00:00Z
http://www.wikidata.org/entity/Q7983768,http://www.wikidata.org/entity/Q19568,38.0,2012-01-01T00:00:00Z,2014-01-01T00:00:00Z
http://www.wikidata.org/entity/Q7983941,http://www.wikidata.org/entity/Q19580,13.0,2019-07-01T00:00:00Z,2022-01-01T00:00:00Z
http://www.wikidata.org/entity/Q8003041,http://www.wikidata.org/entity/Q19580,1.0,2012-01-01T00:00:00Z,2013-01-01T00:00:00Z
http://www.wikidata.org/entity/Q85913314,http://www.wikidata.org/entity/Q19604,30.0,2023-01-01T00:00:00Z,2025-06-01T00:00:00Z
http://www.wikidata.org/entity/Q150161,http://www.wikidata.org/entity/Q1128631,15.0,2011-01-01T00:00:00Z,2011-01-01T00:00:00Z
http://www.wikidata.org/entity/Q150161,http://www.wikidata.org/entity/Q1128631,17.0,2010-01-01T00:00:00Z,2011-01-01T00:00:00Z
http://www.wikidata.org/entity/Q6745109,http://www.wikidata.org/entity/Q19473,45.0,2007-01-01T00:00:00Z,2009-01-01T00:00:00Z
http://www.wikidata.org/entity/Q6745109,http://www.wikidata.org/entity/Q19482,29.0,2003-01-01T00:00:00Z,2004-01-01T00:00:00Z
http://www.wikidata.org/entity/Q6755448,http://www.wikidata.org/entity/Q19568,0.0,2003-01-01T00:00:00Z,2004-01-01T00:00:00Z
http://www.wikidata.org/entity/Q6755655,http://www.wikidata.org/entity/Q19477,89.0,2002-01-01T00:00:00Z,2006-01-01T00:00:00Z
http://www.wikidata.org/entity/Q6755682,http://www.wikidata.org/entity/Q19571,4.0,2011-01-01T00:00:00Z,2011-01-01T00:00:00Z
http://www.wikidata.org/entity/Q6755802,http://www.wikidata.org/entity/Q19477,14.0,2019-01-01T00:00:00Z,2019-01-01T00:00:00Z
http://www.wikidata.org/entity/Q6755802,http://www.wikidata.org/entity/Q19568,274.0,2010-01-01T00:00:00Z,2019-01-01T00:00:00Z
http://www.wikidata.org/entity/Q6756439,http://www.wikidata.org/entity/Q19571,59.0,2012-01-01T00:00:00Z,2014-01-01T00:00:00Z
http://www.wikidata.org/entity/Q6758019,http://www.wikidata.org/entity/Q19571,144.0,2008-01-01T00:00:00Z,2012-01-01T00:00:00Z
http://www.wikidata.org/entity/Q6758019,http://www.wikidata.org/entity/Q19604,6.0,2014-01-01T00:00:00Z,2015-01-01T00:00:00Z
http://www.wikidata.org/entity/Q6758060,http://www.wikidata.org/entity/Q19568,188.0,2002-01-01T00:00:00Z,2007-01-01T00:00:00Z
http://www.wikidata.org/entity/Q6758060,http://www.wikidata.org/entity/Q19473,33.0,1997-01-01T00:00:00Z,1999-01-01T00:00:00Z
http://www.wikidata.org/entity/Q6777604,http://www.wikidata.org/entity/Q19473,4.0,2003-01-01T00:00:00Z,2004-01-01T00:00:00Z
http://www.wikidata.org/entity/Q6777659,http://www.wikidata.org/entity/Q19473,48.0,1999-01-01T00:00:00Z,2002-01-01T00:00:00Z
http://www.wikidata.org/entity/Q6778289,http://www.wikidata.org/entity/Q19568,113.0,2007-01-01T00:00:00Z,2011-01-01T00:00:00Z
http://www.wikidata.org/entity/Q6778511,http://www.wikidata.org/entity/Q19571,34.0,2008-01-01T00:00:00Z,2009-01-01T00:00:00Z
http://www.wikidata.org/entity/Q677975,http://www.wikidata.org/entity/Q19568,220.0,2000-01-01T00:00:00Z,2005-01-01T00:00:00Z
http://www.wikidata.org/entity/Q680512,http://www.wikidata.org/entity/Q19607,0.0,2008-01-01T00:00:00Z,2010-01-01T00:00:00Z
http://www.wikidata.org/entity/Q6828749,http://www.wikidata.org/entity/Q19607,6.0,2002-01-01T00:00:00Z,2002-01-01T00:00:00Z
http://www.wikidata.org/entity/Q6828799,http://www.wikidata.org/entity/Q19500,9.0,1999-01-01T00:00:00Z,2000-01-01T00:00:00Z
http://www.wikidata.org/entity/Q6828799,http://www.wikidata.org/entity/Q19477,7.0,2002-01-01T00:00:00Z,2003-01-01T00:00:00Z
http://www.wikidata.org/entity/Q6828799,http://www.wikidata.org/entity/Q19500,62.0,2000-01-01T00:00:00Z,2003-01-01T00:00:00Z
http://www.wikidata.org/entity/Q6828837,http://www.wikidata.org/entity/Q19580,0.0,2003-01-01T00:00:00Z,2004-01-01T00:00:00Z
http://www.wikidata.org/entity/Q6828998,http://www.wikidata.org/entity/Q19477,0.0,2006-01-01T00:00:00Z,2007-01-01T00:00:00Z
http://www.wikidata.org/entity/Q6829383,http://www.wikidata.org/entity/Q19473,173.0,2004-01-01T00:00:00Z,2010-01-01T00:00:00Z
http://www.wikidata.org/entity/Q6829880,http://www.wikidata.org/entity/Q19571,220.0,2000-01-01T00:00:00Z,2006-01-01T00:00:00Z
http://www.wikidata.org/entity/Q6830352,http://www.wikidata.org/entity/Q19473,25.0,2008-01-01T00:00:00Z,2009-01-01T00:00:00Z
http://www.wikidata.org/entity/Q6830684,http://www.wikidata.org/entity/Q19482,19.0,2002-01-01T00:00:00Z,2004-01-01T00:00:00Z
http://www.wikidata.org/entity/Q684371,http://www.wikidata.org/entity/Q19490,5.0,1998-01-01T00:00:00Z,1999-01-01T00:00:00Z
http://www.wikidata.org/entity/Q6846667,http://www.wikidata.org/entity/Q19477,178.0,1997-01-01T00:00:00Z,2003-01-01T00:00:00Z
http://www.wikidata.org/entity/Q6847077,http://www.wikidata.org/entity/Q19571,11.0,2011-01-01T00:00:00Z,2012-01-01T00:00:00Z
http://www.wikidata.org/entity/Q6847425,http://www.wikidata.org/entity/Q19498,10.0,2012-01-01T00:00:00Z,2012-01-01T00:00:00Z
http://www.wikidata.org/entity/Q6848485,http://www.wikidata.org/entity/Q19477,3.0,1999-01-01T00:00:00Z,2000-01-01T00:00:00Z
http://www.wikidata.org/entity/Q6848955,http://www.wikidata.org/entity/Q19500,378.0,1990-01-01T00:00:00Z,2001-01-01T00:00:00Z
http://www.wikidata.org/entity/Q6851551,http://www.wikidata.org/entity/Q19604,17.0,2014-01-01T00:00:00Z,2015-01-01T00:00:00Z
http://www.wikidata.org/entity/Q685434,http://www.wikidata.org/entity/Q19477,40.0,2001-01-01T00:00:00Z,2002-01-01T00:00:00Z
http://www.wikidata.org/entity/Q685579,http://www.wikidata.org/entity/Q19568,15.0,2012-01-01T00:00:00Z,2013-01-01T00:00:00Z
http://www.wikidata.org/entity/Q6891094,http://www.wikidata.org/entity/Q19568,15.0,1998-01-01T00:00:00Z,1999-01-01T00:00:00Z
http://www.wikidata.org/entity/Q690876,http://www.wikidata.org/entity/Q19481,30.0,1999-01-01T00:00:00Z,2002-01-01T00:00:00Z
http://www.wikidata.org/entity/Q6914472,http://www.wikidata.org/entity/Q19580,27.0,1999-01-01T00:00:00Z,2003-01-01T00:00:00Z
http://www.wikidata.org/entity/Q6915673,http://www.wikidata.org/entity/Q19571,8.0,2008-01-01T00:00:00Z,2010-01-01T00:00:00Z
http://www.wikidata.org/entity/Q6915907,http://www.wikidata.org/entity/Q19477,42.0,2015-01-01T00:00:00Z,2018-01-01T00:00:00Z
http://www.wikidata.org/entity/Q6915907,http://www.wikidata.org/entity/Q19571,45.0,2014-01-01T00:00:00Z,2015-01-01T00:00:00Z
http://www.wikidata.org/entity/Q45567,http://www.wikidata.org/entity/Q1130849,41.0,2005-01-01T00:00:00Z,2006-01-01T00:00:00Z
http://www.wikidata.org/entity/Q455787,http://www.wikidata.org/entity/Q50602,43.0,2012-08-31T00:00:00Z,2015-07-01T00:00:00Z
http://www.wikidata.org/entity/Q456104,http://www.wikidata.org/entity/Q48879,12.0,2010-01-01T00:00:00Z,2011-01-01T00:00:00Z
http://www.wikidata.org/entity/Q456581,http://www.wikidata.org/entity/Q50602,2.0,2010-01-01T00:00:00Z,2012-01-01T00:00:00Z
http://www.wikidata.org/entity/Q456617,http://www.wikidata.org/entity/Q50602,19.0,2016-01-01T00:00:00Z,2017-01-01T00:00:00Z
http://www.wikidata.org/entity/Q459356,http://www.wikidata.org/entity/Q50602,264.0,2013-01-01T00:00:00Z,2022-06-01T00:00:00Z
http://www.wikidata.org/entity/Q460696,http://www.wikidata.org/entity/Q50602,3.0,2010-01-01T00:00:00Z,2010-01-01T00:00:00Z
http://www.wikidata.org/entity/Q462340,http://www.wikidata.org/entity/Q50602,41.0,2005-01-01T00:00:00Z,2006-01-01T00:00:00Z
http://www.wikidata.org/entity/Q4678665,http://www.wikidata.org/entity/Q48879,1.0,2012-01-01T00:00:00Z,2013-01-01T00:00:00Z
http://www.wikidata.org/entity/Q4678758,http://www.wikidata.org/entity/Q48879,14.0,2010-01-01T00:00:00Z,2010-01-01T00:00:00Z
http://www.wikidata.org/entity/Q4679647,http://www.wikidata.org/entity/Q48879,18.0,2014-01-01T00:00:00Z,2014-01-01T00:00:00Z
http://www.wikidata.org/entity/Q4679652,http://www.wikidata.org/entity/Q48879,4.0,2011-01-01T00:00:00Z,2011-01-01T00:00:00Z
http://www.wikidata.org/entity/Q4682143,http://www.wikidata.org/entity/Q48879,0.0,2000-01-01T00:00:00Z,2000-01-01T00:00:00Z
http://www.wikidata.org/entity/Q4695287,http://www.wikidata.org/entity/Q50602,0.0,2010-01-01T00:00:00Z,2012-01-01T00:00:00Z
http://www.wikidata.org/entity/Q4696681,http://www.wikidata.org/entity/Q48879,46.0,2000-01-01T00:00:00Z,2003-01-01T00:00:00Z
http://www.wikidata.org/entity/Q4696681,http://www.wikidata.org/entity/Q48879,5.0,1999-01-01T00:00:00Z,2000-01-01T00:00:00Z
http://www.wikidata.org/entity/Q4706403,http://www.wikidata.org/entity/Q48879,43.0,2012-01-01T00:00:00Z,2014-01-01T00:00:00Z
http://www.wikidata.org/entity/Q4707608,http://www.wikidata.org/entity/Q50602,0.0,1997-01-01T00:00:00Z,1999-01-01T00:00:00Z
http://www.wikidata.org/entity/Q4707656,http://www.wikidata.org/entity/Q48879,8.0,2006-01-01T00:00:00Z,2007-01-01T00:00:00Z
http://www.wikidata.org/entity/Q471641,http://www.wikidata.org/entity/Q50602,25.0,2006-01-01T00:00:00Z,2008-01-01T00:00:00Z
http://www.wikidata.org/entity/Q4716999,http://www.wikidata.org/entity/Q48879,1.0,2011-01-01T00:00:00Z,2011-01-01T00:00:00Z
http://www.wikidata.org/entity/Q4717683,http://www.wikidata.org/entity/Q48879,28.0,2007-01-01T00:00:00Z,2008-01-01T00:00:00Z
http://www.wikidata.org/entity/Q4737482,http://www.wikidata.org/entity/Q48879,6.0,2003-01-01T00:00:00Z,2004-01-01T00:00:00Z
http://www.wikidata.org/entity/Q4755167,http://www.wikidata.org/entity/Q50602,0.0,2010-01-01T00:00:00Z,2012-01-01T00:00:00Z
http://www.wikidata.org/entity/Q4758038,http://www.wikidata.org/entity/Q50602,0.0,2006-01-01T00:00:00Z,2010-01-01T00:00:00Z
http://www.wikidata.org/entity/Q4760757,http://www.wikidata.org/entity/Q48879,13.0,2015-01-01T00:00:00Z,2015-01-01T00:00:00Z
http://www.wikidata.org/entity/Q4796061,http://www.wikidata.org/entity/Q48879,0.0,2014-01-01T00:00:00Z,2014-01-01T00:00:00Z
http://www.wikidata.org/entity/Q4805457,http://www.wikidata.org/entity/Q50602,0.0,2006-01-01T00:00:00Z,2008-01-01T00:00:00Z
http://www.wikidata.org/entity/Q4864109,http://www.wikidata.org/entity/Q48879,72.0,2007-01-01T00:00:00Z,2009-01-01T00:00:00Z
http://www.wikidata.org/entity/Q7149235,http://www.wikidata.org/entity/Q19473,30.0,1998-01-01T00:00:00Z,1999-01-01T00:00:00Z
http://www.wikidata.org/entity/Q7149322,http://www.wikidata.org/entity/Q19604,7.0,2012-01-01T00:00:00Z,2013-01-01T00:00:00Z
http://www.wikidata.org/entity/Q7149534,http://www.wikidata.org/entity/Q19571,71.0,2005-01-01T00:00:00Z,2007-01-01T00:00:00Z
http://www.wikidata.org/entity/Q7149534,http://www.wikidata.org/entity/Q19481,3.0,2003-01-01T00:00:00Z,2004-01-01T00:00:00Z
http://www.wikidata.org/entity/Q7149973,http://www.wikidata.org/entity/Q19498,7.0,2012-01-01T00:00:00Z,2015-01-01T00:00:00Z
http://www.wikidata.org/entity/Q7150018,http://www.wikidata.org/entity/Q19607,0.0,2010-01-01T00:00:00Z,2011-01-01T00:00:00Z
http://www.wikidata.org/entity/Q7150115,http://www.wikidata.org/entity/Q19473,98.0,1995-01-01T00:00:00Z,2000-01-01T00:00:00Z
http://www.wikidata.org/entity/Q7150540,http://www.wikidata.org/entity/Q19498,7.0,2002-01-01T00:00:00Z,2003-01-01T00:00:00Z
http://www.wikidata.org/entity/Q7150540,http://www.wikidata.org/entity/Q19473,0.0,2004-01-01T00:00:00Z,2004-01-01T00:00:00Z
http://www.wikidata.org/entity/Q7150540,http://www.wikidata.org/entity/Q19473,0.0,2002-01-01T00:00:00Z,2002-01-01T00:00:00Z
http://www.wikidata.org/entity/Q7150541,http://www.wikidata.org/entity/Q19490,1.0,2004-01-01T00:00:00Z,2004-01-01T00:00:00Z
http://www.wikidata.org/entity/Q7150541,http://www.wikidata.org/entity/Q19490,46.0,2004-01-01T00:00:00Z,2006-01-01T00:00:00Z
http://www.wikidata.org/entity/Q7150541,http://www.wikidata.org/entity/Q19571,130.0,1999-01-01T00:00:00Z,2002-01-01T00:00:00Z
http://www.wikidata.org/entity/Q7150758,http://www.wikidata.org/entity/Q19607,4.0,2002-01-01T00:00:00Z,2002-01-01T00:00:00Z
http://www.wikidata.org/entity/Q7150882,http://www.wikidata.org/entity/Q19571,54.0,2000-01-01T00:00:00Z,2002-01-01T00:00:00Z
http://www.wikidata.org/entity/Q7151212,http://www.wikidata.org/entity/Q19482,38.0,1995-01-01T00:00:00Z,2004-01-01T00:00:00Z
http://www.wikidata.org/entity/Q7151212,http://www.wikidata.org/entity/Q19498,5.0,2002-01-01T00:00:00Z,2002-01-01T00:00:00Z
http://www.wikidata.org/entity/Q7151218,http://www.wikidata.org/entity/Q19498,42.0,2004-01-01T00:00:00Z,2006-01-01T00:00:00Z
http://www.wikidata.org/entity/Q7151236,http://www.wikidata.org/entity/Q19481,63.0,2005-01-01T00:00:00Z,2009-01-01T00:00:00Z
http://www.wikidata.org/entity/Q7153246,http://www.wikidata.org/entity/Q19604,12.0,2002-01-01T00:00:00Z,2002-01-01T00:00:00Z
http://www.wikidata.org/entity/Q7153285,http://www.wikidata.org/entity/Q19482,4.0,2000-01-01T00:00:00Z,2003-01-01T00:00:00Z
http://www.wikidata.org/entity/Q7153501,http://www.wikidata.org/entity/Q19473,32.0,1997-01-01T00:00:00Z,2004-01-01T00:00:00Z
http://www.wikidata.org/entity/Q7153670,http://www.wikidata.org/entity/Q19498,27.0,2003-01-01T00:00:00Z,2005-01-01T00:00:00Z
http://www.wikidata.org/entity/Q7153912,http://www.wikidata.org/entity/Q19477,2.0,2001-01-01T00:00:00Z,2001-01-01T00:00:00Z
http://www.wikidata.org/entity/Q7154083,http://www.wikidata.org/entity/Q19580,6.0,2002-01-01T00:00:00Z,2002-01-01T00:00:00Z
http://www.wikidata.org/entity/Q719758,http://www.wikidata.org/entity/Q19500,38.0,1999-01-01T00:00:00Z,2001-01-01T00:00:00Z
http://www.wikidata.org/entity/Q15199,http://www.wikidata.org/entity/Q19568,27.0,2016-01-01T00:00:00Z,2017-01-01T00:00:00Z
http://www.wikidata.org/entity/Q180581,http://www.wikidata.org/entity/Q1130849,68.0,2002-01-01T00:00:00Z,2005-01-01T00:00:00Z
http://www.wikidata.org/entity/Q180939,http://www.wikidata.org/entity/Q1130849,85.0,2005-01-01T00:00:00Z,2008-01-01T00:00:00Z
http://www.wikidata.org/entity/Q183233,http://www.wikidata.org/entity/Q1128631,1.0,2000-01-01T00:00:00Z,2000-01-01T00:00:00Z
http://www.wikidata.org/entity/Q184205,http://www.wikidata.org/entity/Q1130849,175.0,2006-01-01T00:00:00Z,2014-01-01T00:00:00Z
http://www.wikidata.org/entity/Q184218,http://www.wikidata.org/entity/Q1130849,91.0,2007-01-01T00:00:00Z,2011-01-01T00:00:00Z
http://www.wikidata.org/entity/Q184612,http://www.wikidata.org/entity/Q1128631,18.0,2001-01-01T00:00:00Z,2001-01-01T00:00:00Z
http://www.wikidata.org/entity/Q184612,http://www.wikidata.org/entity/Q1130849,19.0,2008-01-01T00:00:00Z,2009-01-01T00:00:00Z
http://www.wikidata.org/entity/Q184612,http://www.wikidata.org/entity/Q1128631,28.0,2001-01-01T00:00:00Z,2002-01-01T00:00:00Z
http://www.wikidata.org/entity/Q184946,http://www.wikidata.org/entity/Q1130849,26.0,2010-01-01T00:00:00Z,2013-01-01T00:00:00Z
http://www.wikidata.org/entity/Q185208,http://www.wikidata.org/entity/Q1130849,160.0,2009-01-01T00:00:00Z,2015-01-01T00:00:00Z
http://www.wikidata.org/entity/Q18720672,http://www.wikidata.org/entity/Q1130849,8.0,2014-01-01T00:00:00Z,2014-01-01T00:00:00Z
http://www.wikidata.org/entity/Q5951162,http://www.wikidata.org/entity/Q19580,3.0,2003-01-01T00:00:00Z,2003-01-01T00:00:00Z
http://www.wikidata.org/entity/Q5972919,http://www.wikidata.org/entity/Q19604,0.0,1999-01-01T00:00:00Z,1999-01-01T00:00:00Z
http://www.wikidata.org/entity/Q5982781,http://www.wikidata.org/entity/Q19607,0.0,2003-01-01T00:00:00Z,2008-01-01T00:00:00Z
http://www.wikidata.org/entity/Q5995067,http://www.wikidata.org/entity/Q19571,201.0,1995-01-01T00:00:00Z,2003-01-01T00:00:00Z
http://www.wikidata.org/entity/Q599675,http://www.wikidata.org/entity/Q19604,141.0,2006-01-01T00:00:00Z,2012-01-01T00:00:00Z
http://www.wikidata.org/entity/Q600732,http://www.wikidata.org/entity/Q19473,133.0,1996-01-01T00:00:00Z,2000-01-01T00:00:00Z
http://www.wikidata.org/entity/Q600755,http://www.wikidata.org/entity/Q19490,43.0,1998-01-01T00:00:00Z,2000-01-01T00:00:00Z
http://www.wikidata.org/entity/Q600755,http://www.wikidata.org/entity/Q19500,3.0,2009-01-01T00:00:00Z,2009-01-01T00:00:00Z
http://www.wikidata.org/entity/Q600755,http://www.wikidata.org/entity/Q19604,148.0,2000-01-01T00:00:00Z,2005-01-01T00:00:00Z
http://www.wikidata.org/entity/Q6021526,http://www.wikidata.org/entity/Q19481,1.0,2008-01-01T00:00:00Z,2011-01-01T00:00:00Z
http://www.wikidata.org/entity/Q6035839,http://www.wikidata.org/entity/Q19481,0.0,2010-01-01T00:00:00Z,2012-01-01T00:00:00Z
http://www.wikidata.org/entity/Q603728,http://www.wikidata.org/entity/Q19580,2.0,2009-01-01T00:00:00Z,2009-01-01T00:00:00Z
http://www.wikidata.org/entity/Q603933,http://www.wikidata.org/entity/Q19607,79.0,2007-01-01T00:00:00Z,2010-01-01T00:00:00Z
http://www.wikidata.org/entity/Q603933,http://www.wikidata.org/entity/Q19473,36.0,2010-01-01T00:00:00Z,2012-01-01T00:00:00Z
http://www.wikidata.org/entity/Q605554,http://www.wikidata.org/entity/Q19498,1.0,2003-01-01T00:00:00Z,2004-01-01T00:00:00Z
http://www.wikidata.org/entity/Q605554,http://www.wikidata.org/entity/Q19571,11.0,2003-01-01T00:00:00Z,2003-01-01T00:00:00Z
http://www.wikidata.org/entity/Q605554,http://www.wikidata.org/entity/Q19490,0.0,2001-01-01T00:00:00Z,2003-01-01T00:00:00Z
http://www.wikidata.org/entity/Q605817,http://www.wikidata.org/entity/Q19477,18.0,2007-01-01T00:00:00Z,2008-01-01T00:00:00Z
http://www.wikidata.org/entity/Q606551,http://www.wikidata.org/entity/Q19571,11.0,2008-01-01T00:00:00Z,2008-01-01T00:00:00Z
http://www.wikidata.org/entity/Q606743,http://www.wikidata.org/entity/Q19477,243.0,2002-01-01T00:00:00Z,2011-01-01T00:00:00Z
http://www.wikidata.org/entity/Q606902,http://www.wikidata.org/entity/Q19580,104.0,2010-01-01T00:00:00Z,2013-01-01T00:00:00Z
http://www.wikidata.org/entity/Q606902,http://www.wikidata.org/entity/Q19490,4.0,2009-01-01T00:00:00Z,2009-01-01T00:00:00Z
http://www.wikidata.org/entity/Q606902,http://www.wikidata.org/entity/Q19580,143.0,1998-01-01T00:00:00Z,2006-01-01T00:00:00Z
http://www.wikidata.org/entity/Q6072558,http://www.wikidata.org/entity/Q19500,0.0,2005-01-01T00:00:00Z,2007-01-01T00:00:00Z
http://www.wikidata.org/entity/Q608138,http://www.wikidata.org/entity/Q19607,28.0,2015-01-01T00:00:00Z,2016-01-01T00:00:00Z
http://www.wikidata.org/entity/Q608341,http://www.wikidata.org/entity/Q19477,125.0,2006-01-01T00:00:00Z,2010-01-01T00:00:00Z
http://www.wikidata.org/entity/Q609186,http://www.wikidata.org/entity/Q19477,55.0,2007-01-01T00:00:00Z,2011-01-01T00:00:00Z
http://www.wikidata.org/entity/Q609186,http://www.wikidata.org/entity/Q19477,1.0,2001-01-01T00:00:00Z,2001-01-01T00:00:00Z
http://www.wikidata.org/entity/Q6124603,http://www.wikidata.org/entity/Q19473,6.0,2013-01-01T00:00:00Z,2015-01-01T00:00:00Z
http://www.wikidata.org/entity/Q6124605,http://www.wikidata.org/entity/Q19500,20.0,2010-01-01T00:00:00Z,2015-01-01T00:00:00Z
http://www.wikidata.org/entity/Q6124933,http://www.wikidata.org/entity/Q19571,34.0,2011-01-01T00:00:00Z,2014-01-01T00:00:00Z
http://www.wikidata.org/entity/Q6125007,http://www.wikidata.org/entity/Q19607,0.0,2004-01-01T00:00:00Z,2005-01-01T00:00:00Z
http://www.wikidata.org/entity/Q6125071,http://www.wikidata.org/entity/Q19490,0.0,2014-01-01T00:00:00Z,2015-01-01T00:00:00Z
http://www.wikidata.org/entity/Q6129555,http://www.wikidata.org/entity/Q19490,0.0,2003-01-01T00:00:00Z,2007-01-01T00:00:00Z
http://www.wikidata.org/entity/Q6129676,http://www.wikidata.org/entity/Q19477,0.0,2006-01-01T00:00:00Z,2009-01-01T00:00:00Z
http://www.wikidata.org/entity/Q6129724,http://www.wikidata.org/entity/Q19473,35.0,2007-01-01T00:00:00Z,2010-01-01T00:00:00Z
http://www.wikidata.org/entity/Q6131805,http://www.wikidata.org/entity/Q19568,12.0,2004-01-01T00:00:00Z,2007-01-01T00:00:00Z
http://www.wikidata.org/entity/Q6132961,http://www.wikidata.org/entity/Q19490,0.0,2008-01-01T00:00:00Z,2009-01-01T00:00:00Z
http://www.wikidata.org/entity/Q6134052,http://www.wikidata.org/entity/Q19568,12.0,1999-01-01T00:00:00Z,2002-01-01T00:00:00Z
http://www.wikidata.org/entity/Q6135481,http://www.wikidata.org/entity/Q19473,1.0,2006-01-01T00:00:00Z,2007-01-01T00:00:00Z
http://www.wikidata.org/entity/Q6136464,http://www.wikidata.org/entity/Q19473,11.0,2016-01-01T00:00:00Z,2016-01-01T00:00:00Z
http://www.wikidata.org/entity/Q6137873,http://www.wikidata.org/entity/Q19568,4.0,2007-01-01T00:00:00Z,2007-01-01T00:00:00Z
http://www.wikidata.org/entity/Q6140467,http://www.wikidata.org/entity/Q19498,139.0,2008-01-01T00:00:00Z,2011-01-01T00:00:00Z
http://www.wikidata.org/entity/Q6141950,http://www.wikidata.org/entity/Q19490,1.0,2008-01-01T00:00:00Z,2010-01-01T00:00:00Z
http://www.wikidata.org/entity/Q6142882,http://www.wikidata.org/entity/Q19580,41.0,2005-01-01T00:00:00Z,2006-01-01T00:00:00Z
http://www.wikidata.org/entity/Q6142882,http://www.wikidata.org/entity/Q19481,133.0,2001-01-01T00:00:00Z,2005-01-01T00:00:00Z
http://www.wikidata.org/entity/Q6143436,http://www.wikidata.org/entity/Q19571,2.0,2012-01-01T00:00:00Z,2012-01-01T00:00:00Z
http://www.wikidata.org/entity/Q6143436,http://www.wikidata.org/entity/Q19473,1.0,2009-01-01T00:00:00Z,2014-01-01T00:00:00Z
http://www.wikidata.org/entity/Q6143460,http://www.wikidata.org/entity/Q19500,0.0,2011-01-01T00:00:00Z,2012-01-01T00:00:00Z
http://www.wikidata.org/entity/Q7137276,http://www.wikidata.org/entity/Q19604,0.0,2007-01-01T00:00:00Z,2010-01-01T00:00:00Z
http://www.wikidata.org/entity/Q7145227,http://www.wikidata.org/entity/Q19490,0.0,2006-01-01T00:00:00Z,2006-01-01T00:00:00Z
http://www.wikidata.org/entity/Q714904,http://www.wikidata.org/entity/Q19607,36.0,2000-01-01T00:00:00Z,2002-01-01T00:00:00Z
http://www.wikidata.org/entity/Q714904,http://www.wikidata.org/entity/Q19580,48.0,2003-01-01T00:00:00Z,2005-01-01T00:00:00Z
http://www.wikidata.org/entity/Q7152302,http://www.wikidata.org/entity/Q19604,7.0,2015-01-01T00:00:00Z,2015-01-01T00:00:00Z
http://www.wikidata.org/entity/Q7152359,http://www.wikidata.org/entity/Q19490,30.0,1991-01-01T00:00:00Z,1999-01-01T00:00:00Z
http://www.wikidata.org/entity/Q7152397,http://www.wikidata.org/entity/Q19498,96.0,2001-01-01T00:00:00Z,2004-01-01T00:00:00Z
http://www.wikidata.org/entity/Q7154258,http://www.wikidata.org/entity/Q19571,45.0,1997-01-01T00:00:00Z,1999-01-01T00:00:00Z
http://www.wikidata.org/entity/Q7154258,http://www.wikidata.org/entity/Q19580,3.0,2005-01-01T00:00:00Z,2005-01-01T00:00:00Z
http://www.wikidata.org/entity/Q7154401,http://www.wikidata.org/entity/Q19580,169.0,1995-01-01T00:00:00Z,2001-01-01T00:00:00Z
http://www.wikidata.org/entity/Q716642,http://www.wikidata.org/entity/Q19580,94.0,1996-01-01T00:00:00Z,1999-01-01T00:00:00Z
http://www.wikidata.org/entity/Q716642,http://www.wikidata.org/entity/Q19490,9.0,2003-01-01T00:00:00Z,2003-01-01T00:00:00Z
http://www.wikidata.org/entity/Q717016,http://www.wikidata.org/entity/Q19500,1.0,2006-01-01T00:00:00Z,2006-01-01T00:00:00Z
http://www.wikidata.org/entity/Q717062,http://www.wikidata.org/entity/Q19607,17.0,2013-01-01T00:00:00Z,2013-01-01T00:00:00Z
http://www.wikidata.org/entity/Q717685,http://www.wikidata.org/entity/Q19500,59.0,2006-01-01T00:00:00Z,2008-01-01T00:00:00Z
http://www.wikidata.org/entity/Q717685,http://www.wikidata.org/entity/Q19580,146.0,1997-01-01T00:00:00Z,2002-01-01T00:00:00Z
http://www.wikidata.org/entity/Q7181682,http://www.wikidata.org/entity/Q19607,1.0,2004-01-01T00:00:00Z,2006-01-01T00:00:00Z
http://www.wikidata.org/entity/Q7181741,http://www.wikidata.org/entity/Q19477,4.0,2000-01-01T00:00:00Z,2001-01-01T00:00:00Z
http://www.wikidata.org/entity/Q7181917,http://www.wikidata.org/entity/Q19481,39.0,1999-01-01T00:00:00Z,2001-01-01T00:00:00Z
http://www.wikidata.org/entity/Q7181944,http://www.wikidata.org/entity/Q19568,6.0,2003-01-01T00:00:00Z,2003-01-01T00:00:00Z
http://www.wikidata.org/entity/Q7182041,http://www.wikidata.org/entity/Q19473,36.0,2008-01-01T00:00:00Z,2010-01-01T00:00:00Z
http://www.wikidata.org/entity/Q7182041,http://www.wikidata.org/entity/Q19473,8.0,2007-01-01T00:00:00Z,2008-01-01T00:00:00Z
http://www.wikidata.org/entity/Q7182041,http://www.wikidata.org/entity/Q19477,24.0,2002-01-01T00:00:00Z,2003-01-01T00:00:00Z
http://www.wikidata.org/entity/Q7182346,http://www.wikidata.org/entity/Q19607,0.0,2009-01-01T00:00:00Z,2011-01-01T00:00:00Z
http://www.wikidata.org/entity/Q7182393,http://www.wikidata.org/entity/Q19473,54.0,1999-01-01T00:00:00Z,2006-01-01T00:00:00Z
http://www.wikidata.org/entity/Q7182421,http://www.wikidata.org/entity/Q19604,4.0,2012-01-01T00:00:00Z,2014-01-01T00:00:00Z
http://www.wikidata.org/entity/Q7182530,http://www.wikidata.org/entity/Q19571,13.0,1999-01-01T00:00:00Z,2000-01-01T00:00:00Z
http://www.wikidata.org/entity/Q719125,http://www.wikidata.org/entity/Q19490,7.0,1999-01-01T00:00:00Z,1999-01-01T00:00:00Z
http://www.wikidata.org/entity/Q719197,http://www.wikidata.org/entity/Q19490,0.0,2018-09-01T00:00:00Z,2019-06-01T00:00:00Z
http://www.wikidata.org/entity/Q107031318,http://www.wikidata.org/entity/Q1130849,56.0,2021-01-01T00:00:00Z,
http://www.wikidata.org/entity/Q121142176,http://www.wikidata.org/entity/Q19568,4.0,2025-01-01T00:00:00Z,
http://www.wikidata.org/entity/Q121353909,http://www.wikidata.org/entity/Q19490,0.0,2025-02-01T00:00:00Z,
http://www.wikidata.org/entity/Q121353909,http://www.wikidata.org/entity/Q19607,4.0,2025-07-01T00:00:00Z,
http://www.wikidata.org/entity/Q128829,http://www.wikidata.org/entity/Q1130849,216.0,1995-01-01T00:00:00Z,2004-01-01T00:00:00Z
http://www.wikidata.org/entity/Q1291683,http://www.wikidata.org/entity/Q1130849,0.0,2008-01-01T00:00:00Z,2011-01-01T00:00:00Z
http://www.wikidata.org/entity/Q129655,http://www.wikidata.org/entity/Q1128631,11.0,2008-01-01T00:00:00Z,2008-01-01T00:00:00Z
http://www.wikidata.org/entity/Q129700,http://www.wikidata.org/entity/Q1130849,16.0,2014-01-01T00:00:00Z,2016-08-30T00:00:00Z
http://www.wikidata.org/entity/Q7790549,http://www.wikidata.org/entity/Q19473,92.0,1996-01-01T00:00:00Z,2002-01-01T00:00:00Z
http://www.wikidata.org/entity/Q7793171,http://www.wikidata.org/entity/Q19571,27.0,2006-01-01T00:00:00Z,2007-01-01T00:00:00Z
http://www.wikidata.org/entity/Q779662,http://www.wikidata.org/entity/Q19482,0.0,1999-01-01T00:00:00Z,2002-01-01T00:00:00Z
http://www.wikidata.org/entity/Q7811758,http://www.wikidata.org/entity/Q19477,0.0,2011-01-01T00:00:00Z,2011-01-01T00:00:00Z
http://www.wikidata.org/entity/Q7815437,http://www.wikidata.org/entity/Q19473,127.0,1994-01-01T00:00:00Z,1999-01-01T00:00:00Z
http://www.wikidata.org/entity/Q7815493,http://www.wikidata.org/entity/Q19604,13.0,2000-01-01T00:00:00Z,2002-01-01T00:00:00Z
http://www.wikidata.org/entity/Q7815564,http://www.wikidata.org/entity/Q19473,0.0,2008-01-01T00:00:00Z,2010-01-01T00:00:00Z
http://www.wikidata.org/entity/Q7816230,http://www.wikidata.org/entity/Q19481,0.0,2011-01-01T00:00:00Z,2015-01-01T00:00:00Z
http://www.wikidata.org/entity/Q7816458,http://www.wikidata.org/entity/Q19604,2.0,2007-01-01T00:00:00Z,2011-01-01T00:00:00Z
http://www.wikidata.org/entity/Q781755,http://www.wikidata.org/entity/Q19580,122.0,2008-01-01T00:00:00Z,2011-01-01T00:00:00Z
http://www.wikidata.org/entity/Q7822032,http://www.wikidata.org/entity/Q19473,80.0,2003-01-01T00:00:00Z,2006-01-01T00:00:00Z
http://www.wikidata.org/entity/Q7822132,http://www.wikidata.org/entity/Q19498,48.0,1999-01-01T00:00:00Z,2003-01-01T00:00:00Z
http://www.wikidata.org/entity/Q785933,http://www.wikidata.org/entity/Q19607,50.0,2006-01-01T00:00:00Z,2008-01-01T00:00:00Z
http://www.wikidata.org/entity/Q7861645,http://www.wikidata.org/entity/Q19473,2.0,2003-01-01T00:00:00Z,2004-01-01T00:00:00Z
http://www.wikidata.org/entity/Q10788,http://www.wikidata.org/entity/Q19490,12.0,2013-01-01T00:00:00Z,2014-01-01T00:00:00Z
http://www.wikidata.org/entity/Q1085237,http://www.wikidata.org/entity/Q1128631,0.0,2010-01-01T00:00:00Z,2010-01-01T00:00:00Z
http://www.wikidata.org/entity/Q1085237,http://www.wikidata.org/entity/Q1128631,13.0,2006-01-01T00:00:00Z,2006-01-01T00:00:00Z
http://www.wikidata.org/entity/Q1085237,http://www.wikidata.org/entity/Q1130849,0.0,1994-01-01T00:00:00Z,1999-01-01T00:00:00Z
http://www.wikidata.org/entity/Q1093679,http://www.wikidata.org/entity/Q1128631,77.0,2005-01-01T00:00:00Z,2007-01-01T00:00:00Z
http://www.wikidata.org/entity/Q952335,http://www.wikidata.org/entity/Q19498,54.0,2007-01-01T00:00:00Z,2010-01-01T00:00:00Z
http://www.wikidata.org/entity/Q953884,http://www.wikidata.org/entity/Q19607,88.0,2014-01-01T00:00:00Z,2016-01-01T00:00:00Z
http://www.wikidata.org/entity/Q954255,http://www.wikidata.org/entity/Q19568,173.0,1996-01-01T00:00:00Z,2000-01-01T00:00:00Z
http://www.wikidata.org/entity/Q954844,http://www.wikidata.org/entity/Q19607,88.0,2011-01-01T00:00:00Z,2015-01-01T00:00:00Z
http://www.wikidata.org/entity/Q956313,http://www.wikidata.org/entity/Q19498,10.0,2008-01-01T00:00:00Z,2008-01-01T00:00:00Z
http://www.wikidata.org/entity/Q957526,http://www.wikidata.org/entity/Q19580,15.0,1999-01-01T00:00:00Z,2002-01-01T00:00:00Z
http://www.wikidata.org/entity/Q959723,http://www.wikidata.org/entity/Q19477,5.0,2007-01-01T00:00:00Z,2010-01-01T00:00:00Z
http://www.wikidata.org/entity/Q965177,http://www.wikidata.org/entity/Q19500,25.0,2001-01-01T00:00:00Z,2003-01-01T00:00:00Z
http://www.wikidata.org/entity/Q965220,http://www.wikidata.org/entity/Q19490,10.0,2016-08-01T00:00:00Z,2017-07-01T00:00:00Z
http://www.wikidata.org/entity/Q9673513,http://www.wikidata.org/entity/Q19498,1.0,2013-01-01T00:00:00Z,2014-01-01T00:00:00Z
http://www.wikidata.org/entity/Q968235,http://www.wikidata.org/entity/Q19580,17.0,2007-01-01T00:00:00Z,2008-01-01T00:00:00Z
http://www.wikidata.org/entity/Q968235,http://www.wikidata.org/entity/Q19604,106.0,2002-01-01T00:00:00Z,2005-01-01T00:00:00Z
http://www.wikidata.org/entity/Q968361,http://www.wikidata.org/entity/Q19568,1.0,2015-01-01T00:00:00Z,2015-01-01T00:00:00Z
http://www.wikidata.org/entity/Q969423,http://www.wikidata.org/entity/Q19490,17.0,2023-01-01T00:00:00Z,2023-06-30T00:00:00Z
http://www.wikidata.org/entity/Q969725,http://www.wikidata.org/entity/Q19481,13.0,2013-01-01T00:00:00Z,2013-01-01T00:00:00Z
http://www.wikidata.org/entity/Q969994,http://www.wikidata.org/entity/Q19500,19.0,1998-01-01T00:00:00Z,1999-01-01T00:00:00Z
http://www.wikidata.org/entity/Q970613,http://www.wikidata.org/entity/Q19500,150.0,1996-01-01T00:00:00Z,2000-01-01T00:00:00Z
http://www.wikidata.org/entity/Q970613,http://www.wikidata.org/entity/Q19607,57.0,2000-01-01T00:00:00Z,2002-01-01T00:00:00Z
http://www.wikidata.org/entity/Q970732,http://www.wikidata.org/entity/Q19604,30.0,2003-01-01T00:00:00Z,2004-01-01T00:00:00Z
http://www.wikidata.org/entity/Q970732,http://www.wikidata.org/entity/Q19580,11.0,2004-01-01T00:00:00Z,2005-01-01T00:00:00Z
http://www.wikidata.org/entity/Q971539,http://www.wikidata.org/entity/Q19604,15.0,2011-01-01T00:00:00Z,2011-01-01T00:00:00Z
http://www.wikidata.org/entity/Q971539,http://www.wikidata.org/entity/Q19607,38.0,2008-01-01T00:00:00Z,2010-01-01T00:00:00Z
http://www.wikidata.org/entity/Q971539,http://www.wikidata.org/entity/Q19607,16.0,2008-01-01T00:00:00Z,2008-01-01T00:00:00Z
http://www.wikidata.org/entity/Q971981,http://www.wikidata.org/entity/Q19498,5.0,2000-01-01T00:00:00Z,2000-01-01T00:00:00Z
http://www.wikidata.org/entity/Q975790,http://www.wikidata.org/entity/Q19482,284.0,1991-01-01T00:00:00Z,2000-01-01T00:00:00Z
http://www.wikidata.org/entity/Q975831,http://www.wikidata.org/entity/Q19481,21.0,2013-01-01T00:00:00Z,2015-01-01T00:00:00Z
http://www.wikidata.org/entity/Q975831,http://www.wikidata.org/entity/Q19477,5.0,2001-03-01T00:00:00Z,2001-05-01T00:00:00Z
http://www.wikidata.org/entity/Q975831,http://www.wikidata.org/entity/Q19498,4.0,2014-01-01T00:00:00Z,2014-01-01T00:00:00Z
http://www.wikidata.org/entity/Q975831,http://www.wikidata.org/entity/Q19473,82.0,2005-01-01T00:00:00Z,2007-01-01T00:00:00Z
http://www.wikidata.org/entity/Q976017,http://www.wikidata.org/entity/Q19604,7.0,2011-11-01T00:00:00Z,2012-01-01T00:00:00Z
http://www.wikidata.org/entity/Q976017,http://www.wikidata.org/entity/Q19498,57.0,2012-07-01T00:00:00Z,2015-01-01T00:00:00Z
http://www.wikidata.org/entity/Q976017,http://www.wikidata.org/entity/Q19481,66.0,2007-01-01T00:00:00Z,2009-01-01T00:00:00Z
http://www.wikidata.org/entity/Q976017,http://www.wikidata.org/entity/Q19607,13.0,2011-01-01T00:00:00Z,2011-05-01T00:00:00Z
http://www.wikidata.org/entity/Q978009,http://www.wikidata.org/entity/Q19607,77.0,2015-01-01T00:00:00Z,2017-01-01T00:00:00Z
http://www.wikidata.org/entity/Q978628,http://www.wikidata.org/entity/Q19498,96.0,2009-01-01T00:00:00Z,2011-01-01T00:00:00Z
http://www.wikidata.org/entity/Q978628,http://www.wikidata.org/entity/Q19500,56.0,2007-01-01T00:00:00Z,2009-01-01T00:00:00Z
http://www.wikidata.org/entity/Q978628,http://www.wikidata.org/entity/Q19500,40.0,2006-01-01T00:00:00Z,2006-01-01T00:00:00Z
http://www.wikidata.org/entity/Q978628,http://www.wikidata.org/entity/Q19498,17.0,2009-01-01T00:00:00Z,2009-01-01T00:00:00Z
http://www.wikidata.org/entity/Q978628,http://www.wikidata.org/entity/Q19500,21.0,2006-01-01T00:00:00Z,2007-01-01T00:00:00Z
http://www.wikidata.org/entity/Q979954,http://www.wikidata.org/entity/Q19500,100.0,1996-01-01T00:00:00Z,2000-01-01T00:00:00Z
http://www.wikidata.org/entity/Q980816,http://www.wikidata.org/entity/Q19580,12.0,2006-01-01T00:00:00Z,2006-01-01T00:00:00Z
http://www.wikidata.org/entity/Q980816,http://www.wikidata.org/entity/Q19481,2.0,2007-01-01T00:00:00Z,2007-01-01T00:00:00Z
http://www.wikidata.org/entity/Q981671,http://www.wikidata.org/entity/Q19607,1.0,2011-01-01T00:00:00Z,2013-01-01T00:00:00Z
http://www.wikidata.org/entity/Q981671,http://www.wikidata.org/entity/Q19580,1.0,2013-01-01T00:00:00Z,2013-01-01T00:00:00Z
http://www.wikidata.org/entity/Q981671,http://www.wikidata.org/entity/Q19607,3.0,2011-01-01T00:00:00Z,2011-01-01T00:00:00Z
http://www.wikidata.org/entity/Q981712,http://www.wikidata.org/entity/Q19481,0.0,2013-01-01T00:00:00Z,2013-01-01T00:00:00Z
http://www.wikidata.org/entity/Q981712,http://www.wikidata.org/entity/Q19604,2.0,2012-01-01T00:00:00Z,2012-01-01T00:00:00Z
http://www.wikidata.org/entity/Q981861,http://www.wikidata.org/entity/Q19571,90.0,2011-01-01T00:00:00Z,2014-01-01T00:00:00Z
http://www.wikidata.org/entity/Q982625,http://www.wikidata.org/entity/Q19482,141.0,1995-01-01T00:00:00Z,2001-01-01T00:00:00Z
http://www.wikidata.org/entity/Q984140,http://www.wikidata.org/entity/Q19568,1.0,2009-12-11T00:00:00Z,2009-12-18T00:00:00Z
http://www.wikidata.org/entity/Q994128,http://www.wikidata.org/entity/Q19481,50.0,2001-01-01T00:00:00Z,2005-01-01T00:00:00Z
http://www.wikidata.org/entity/Q994128,http://www.wikidata.org/entity/Q19580,32.0,2005-01-01T00:00:00Z,2007-01-01T00:00:00Z
http://www.wikidata.org/entity/Q995049,http://www.wikidata.org/entity/Q19477,41.0,2007-01-01T00:00:00Z,2010-01-01T00:00:00Z
http://www.wikidata.org/entity/Q273715,http://www.wikidata.org/entity/Q19571,32.0,2025-07-01T00:00:00Z,2026-07-01T00:00:00Z
http://www.wikidata.org/entity/Q26255087,http://www.wikidata.org/entity/Q19490,14.0,2023-01-01T00:00:00Z,2024-01-01T00:00:00Z
http://www.wikidata.org/entity/Q1755683,http://www.wikidata.org/entity/Q19568,10.0,2016-01-01T00:00:00Z,2017-01-01T00:00:00Z
http://www.wikidata.org/entity/Q1755683,http://www.wikidata.org/entity/Q19568,105.0,2017-01-01T00:00:00Z,2020-01-01T00:00:00Z
http://www.wikidata.org/entity/Q215460,http://www.wikidata.org/entity/Q19490,20.0,2016-01-01T00:00:00Z,2017-01-01T00:00:00Z
http://www.wikidata.org/entity/Q49561427,http://www.wikidata.org/entity/Q19571,222.0,2019-01-01T00:00:00Z,2025-01-01T00:00:00Z
http://www.wikidata.org/entity/Q74311,http://www.wikidata.org/entity/Q19607,10.0,2017-01-01T00:00:00Z,2017-01-01T00:00:00Z
http://www.wikidata.org/entity/Q458262,http://www.wikidata.org/entity/Q19580,12.0,2017-01-01T00:00:00Z,2017-08-01T00:00:00Z
http://www.wikidata.org/entity/Q1189443,http://www.wikidata.org/entity/Q19481,81.0,2019-01-01T00:00:00Z,2024-01-01T00:00:00Z
http://www.wikidata.org/entity/Q167240,http://www.wikidata.org/entity/Q19490,15.0,2016-01-01T00:00:00Z,2017-01-01T00:00:00Z
http://www.wikidata.org/entity/Q83638,http://www.wikidata.org/entity/Q19477,40.0,2017-01-01T00:00:00Z,2018-01-01T00:00:00Z
http://www.wikidata.org/entity/Q65378670,http://www.wikidata.org/entity/Q19500,23.0,2025-01-01T00:00:00Z,2026-01-01T00:00:00Z
http://www.wikidata.org/entity/Q610867,http://www.wikidata.org/entity/Q19490,101.0,2014-07-01T00:00:00Z,2019-01-01T00:00:00Z
http://www.wikidata.org/entity/Q16595441,http://www.wikidata.org/entity/Q19490,28.0,2022-01-01T00:00:00Z,2024-06-01T00:00:00Z
http://www.wikidata.org/entity/Q18551518,http://www.wikidata.org/entity/Q19500,30.0,2021-01-01T00:00:00Z,2022-01-01T00:00:00Z
http://www.wikidata.org/entity/Q16235823,http://www.wikidata.org/entity/Q19500,165.0,2020-01-01T00:00:00Z,2025-01-01T00:00:00Z
http://www.wikidata.org/entity/Q13780454,http://www.wikidata.org/entity/Q19500,71.0,2023-01-01T00:00:00Z,2025-01-01T00:00:00Z
http://www.wikidata.org/entity/Q104839956,http://www.wikidata.org/entity/Q19473,27.0,2021-07-01T00:00:00Z,2023-01-01T00:00:00Z
http://www.wikidata.org/entity/Q15199,http://www.wikidata.org/entity/Q19568,14.0,2021-01-01T00:00:00Z,2021-01-01T00:00:00Z
http://www.wikidata.org/entity/Q16264162,http://www.wikidata.org/entity/Q1128631,0.0,2018-01-01T00:00:00Z,2019-01-01T00:00:00Z
http://www.wikidata.org/entity/Q674763,http://www.wikidata.org/entity/Q19604,20.0,2014-01-01T00:00:00Z,2015-01-01T00:00:00Z
http://www.wikidata.org/entity/Q674763,http://www.wikidata.org/entity/Q19604,13.0,2015-01-01T00:00:00Z,2015-01-01T00:00:00Z
http://www.wikidata.org/entity/Q675535,http://www.wikidata.org/entity/Q19607,21.0,2006-01-01T00:00:00Z,2007-01-01T00:00:00Z
http://www.wikidata.org/entity/Q6767268,http://www.wikidata.org/entity/Q19500,0.0,2001-01-01T00:00:00Z,2002-01-01T00:00:00Z
http://www.wikidata.org/entity/Q6767449,http://www.wikidata.org/entity/Q19482,0.0,2003-01-01T00:00:00Z,2004-01-01T00:00:00Z
http://www.wikidata.org/entity/Q6768128,http://www.wikidata.org/entity/Q19473,61.0,2005-01-01T00:00:00Z,2007-01-01T00:00:00Z
http://www.wikidata.org/entity/Q6768284,http://www.wikidata.org/entity/Q19500,3.0,1998-01-01T00:00:00Z,2000-01-01T00:00:00Z
http://www.wikidata.org/entity/Q6768735,http://www.wikidata.org/entity/Q19580,14.0,2014-01-01T00:00:00Z,2014-01-01T00:00:00Z
http://www.wikidata.org/entity/Q6768779,http://www.wikidata.org/entity/Q19500,0.0,2003-01-01T00:00:00Z,2003-01-01T00:00:00Z
http://www.wikidata.org/entity/Q6768820,http://www.wikidata.org/entity/Q19498,5.0,1997-01-01T00:00:00Z,2001-01-01T00:00:00Z
http://www.wikidata.org/entity/Q6768913,http://www.wikidata.org/entity/Q19568,9.0,2008-01-01T00:00:00Z,2009-01-01T00:00:00Z
http://www.wikidata.org/entity/Q6768913,http://www.wikidata.org/entity/Q19568,43.0,2009-01-01T00:00:00Z,2013-01-01T00:00:00Z
http://www.wikidata.org/entity/Q6769254,http://www.wikidata.org/entity/Q19571,55.0,2008-01-01T00:00:00Z,2010-01-01T00:00:00Z
http://www.wikidata.org/entity/Q6769387,http://www.wikidata.org/entity/Q19607,13.0,2003-01-01T00:00:00Z,2004-01-01T00:00:00Z
http://www.wikidata.org/entity/Q6769387,http://www.wikidata.org/entity/Q19607,6.0,2003-01-01T00:00:00Z,2003-01-01T00:00:00Z
http://www.wikidata.org/entity/Q6769570,http://www.wikidata.org/entity/Q19500,0.0,2007-01-01T00:00:00Z,2009-01-01T00:00:00Z
http://www.wikidata.org/entity/Q6769903,http://www.wikidata.org/entity/Q19604,5.0,2002-01-01T00:00:00Z,2002-01-01T00:00:00Z
http://www.wikidata.org/entity/Q6770107,http://www.wikidata.org/entity/Q19477,0.0,2008-01-01T00:00:00Z,2008-01-01T00:00:00Z
http://www.wikidata.org/entity/Q6770361,http://www.wikidata.org/entity/Q19482,11.0,2004-01-01T00:00:00Z,2004-01-01T00:00:00Z
http://www.wikidata.org/entity/Q6770361,http://www.wikidata.org/entity/Q19482,70.0,2000-01-01T00:00:00Z,2002-01-01T00:00:00Z
http://www.wikidata.org/entity/Q6770364,http://www.wikidata.org/entity/Q19571,72.0,2000-01-01T00:00:00Z,2003-01-01T00:00:00Z
http://www.wikidata.org/entity/Q6771919,http://www.wikidata.org/entity/Q19498,4.0,2001-01-01T00:00:00Z,2001-01-01T00:00:00Z
http://www.wikidata.org/entity/Q6771919,http://www.wikidata.org/entity/Q19500,0.0,2001-01-01T00:00:00Z,2001-01-01T00:00:00Z
http://www.wikidata.org/entity/Q6771921,http://www.wikidata.org/entity/Q19498,19.0,2001-01-01T00:00:00Z,2002-01-01T00:00:00Z
http://www.wikidata.org/entity/Q6771958,http://www.wikidata.org/entity/Q19604,1.0,2009-01-01T00:00:00Z,2011-01-01T00:00:00Z
http://www.wikidata.org/entity/Q6775323,http://www.wikidata.org/entity/Q19607,0.0,2005-01-01T00:00:00Z,2008-01-01T00:00:00Z
http://www.wikidata.org/entity/Q6776165,http://www.wikidata.org/entity/Q19473,48.0,2005-01-01T00:00:00Z,2007-01-01T00:00:00Z
http://www.wikidata.org/entity/Q6776449,http://www.wikidata.org/entity/Q19477,8.0,2003-01-01T00:00:00Z,2003-01-01T00:00:00Z
http://www.wikidata.org/entity/Q6776449,http://www.wikidata.org/entity/Q19481,8.0,2001-01-01T00:00:00Z,2003-01-01T00:00:00Z
http://www.wikidata.org/entity/Q6776625,http://www.wikidata.org/entity/Q19473,80.0,2000-01-01T00:00:00Z,2003-01-01T00:00:00Z
http://www.wikidata.org/entity/Q6776625,http://www.wikidata.org/entity/Q19607,26.0,1999-01-01T00:00:00Z,2000-01-01T00:00:00Z
http://www.wikidata.org/entity/Q6776785,http://www.wikidata.org/entity/Q19473,3.0,1998-01-01T00:00:00Z,1999-01-01T00:00:00Z
http://www.wikidata.org/entity/Q6776812,http://www.wikidata.org/entity/Q19490,1.0,2005-01-01T00:00:00Z,2006-01-01T00:00:00Z
http://www.wikidata.org/entity/Q1319870,http://www.wikidata.org/entity/Q1128631,71.0,2005-01-01T00:00:00Z,2008-01-01T00:00:00Z
http://www.wikidata.org/entity/Q1328702,http://www.wikidata.org/entity/Q1128631,66.0,2011-01-01T00:00:00Z,2014-01-01T00:00:00Z
http://www.wikidata.org/entity/Q1332314,http://www.wikidata.org/entity/Q1128631,0.0,2012-01-01T00:00:00Z,2014-01-01T00:00:00Z
http://www.wikidata.org/entity/Q13382434,http://www.wikidata.org/entity/Q1128631,51.0,2020-01-01T00:00:00Z,2024-01-01T00:00:00Z
http://www.wikidata.org/entity/Q69495231,http://www.wikidata.org/entity/Q19580,40.0,2021-07-30T00:00:00Z,2022-06-30T00:00:00Z
http://www.wikidata.org/entity/Q761539,http://www.wikidata.org/entity/Q19580,6.0,2004-01-01T00:00:00Z,2005-01-01T00:00:00Z
http://www.wikidata.org/entity/Q761539,http://www.wikidata.org/entity/Q19500,54.0,2005-01-01T00:00:00Z,2007-01-01T00:00:00Z
http://www.wikidata.org/entity/Q761539,http://www.wikidata.org/entity/Q19500,7.0,2005-01-01T00:00:00Z,2005-01-01T00:00:00Z
http://www.wikidata.org/entity/Q763094,http://www.wikidata.org/entity/Q19481,20.0,2009-01-01T00:00:00Z,2011-01-01T00:00:00Z
http://www.wikidata.org/entity/Q763094,http://www.wikidata.org/entity/Q19568,61.0,2014-01-01T00:00:00Z,2016-01-01T00:00:00Z
http://www.wikidata.org/entity/Q764582,http://www.wikidata.org/entity/Q19498,12.0,2008-01-01T00:00:00Z,2009-01-01T00:00:00Z
http://www.wikidata.org/entity/Q765494,http://www.wikidata.org/entity/Q19477,64.0,2003-01-01T00:00:00Z,2005-01-01T00:00:00Z
http://www.wikidata.org/entity/Q7666011,http://www.wikidata.org/entity/Q19607,0.0,2009-01-01T00:00:00Z,2010-01-01T00:00:00Z
http://www.wikidata.org/entity/Q7666011,http://www.wikidata.org/entity/Q19607,0.0,2007-01-01T00:00:00Z,2008-01-01T00:00:00Z
http://www.wikidata.org/entity/Q7666076,http://www.wikidata.org/entity/Q19477,0.0,2005-01-01T00:00:00Z,2006-01-01T00:00:00Z
http://www.wikidata.org/entity/Q767794,http://www.wikidata.org/entity/Q19604,8.0,2008-01-01T00:00:00Z,2009-01-01T00:00:00Z
http://www.wikidata.org/entity/Q767794,http://www.wikidata.org/entity/Q19607,16.0,2009-01-01T00:00:00Z,2010-01-01T00:00:00Z
http://www.wikidata.org/entity/Q769959,http://www.wikidata.org/entity/Q19580,5.0,2002-01-01T00:00:00Z,2002-01-01T00:00:00Z
http://www.wikidata.org/entity/Q770113,http://www.wikidata.org/entity/Q19500,7.0,2008-01-01T00:00:00Z,2010-01-01T00:00:00Z
http://www.wikidata.org/entity/Q7703399,http://www.wikidata.org/entity/Q19568,3.0,1999-01-01T00:00:00Z,1999-01-01T00:00:00Z
http://www.wikidata.org/entity/Q7704606,http://www.wikidata.org/entity/Q19607,19.0,2011-01-01T00:00:00Z,2016-01-01T00:00:00Z
http://www.wikidata.org/entity/Q771149,http://www.wikidata.org/entity/Q19571,14.0,2008-01-01T00:00:00Z,2008-01-01T00:00:00Z
http://www.wikidata.org/entity/Q771494,http://www.wikidata.org/entity/Q19477,11.0,2008-01-01T00:00:00Z,2012-01-01T00:00:00Z
http://www.wikidata.org/entity/Q771494,http://www.wikidata.org/entity/Q19473,4.0,2011-01-01T00:00:00Z,2011-01-01T00:00:00Z
http://www.wikidata.org/entity/Q771676,http://www.wikidata.org/entity/Q19473,0.0,2010-01-01T00:00:00Z,2010-01-01T00:00:00Z
http://www.wikidata.org/entity/Q771676,http://www.wikidata.org/entity/Q19473,0.0,2011-01-01T00:00:00Z,2013-01-01T00:00:00Z
http://www.wikidata.org/entity/Q7861645,http://www.wikidata.org/entity/Q19607,1.0,2000-01-01T00:00:00Z,2003-01-01T00:00:00Z
http://www.wikidata.org/entity/Q17496370,http://www.wikidata.org/entity/Q1128631,80.0,2014-01-01T00:00:00Z,2016-01-01T00:00:00Z
http://www.wikidata.org/entity/Q58100239,http://www.wikidata.org/entity/Q19500,0.0,2014-01-01T00:00:00Z,2018-08-17T00:00:00Z
http://www.wikidata.org/entity/Q6246263,http://www.wikidata.org/entity/Q19571,14.0,2007-01-01T00:00:00Z,2008-01-01T00:00:00Z
http://www.wikidata.org/entity/Q6246807,http://www.wikidata.org/entity/Q19604,5.0,2013-01-01T00:00:00Z,2013-01-01T00:00:00Z
http://www.wikidata.org/entity/Q6247372,http://www.wikidata.org/entity/Q19473,43.0,2003-01-01T00:00:00Z,2007-01-01T00:00:00Z
http://www.wikidata.org/entity/Q6248428,http://www.wikidata.org/entity/Q19568,8.0,2001-01-01T00:00:00Z,2002-01-01T00:00:00Z
http://www.wikidata.org/entity/Q6248428,http://www.wikidata.org/entity/Q19500,2.0,2000-01-01T00:00:00Z,2004-01-01T00:00:00Z
http://www.wikidata.org/entity/Q6249659,http://www.wikidata.org/entity/Q19571,64.0,2005-01-01T00:00:00Z,2008-01-01T00:00:00Z
http://www.wikidata.org/entity/Q6250982,http://www.wikidata.org/entity/Q19568,125.0,1996-01-01T00:00:00Z,2000-01-01T00:00:00Z
http://www.wikidata.org/entity/Q6270263,http://www.wikidata.org/entity/Q19607,15.0,2002-01-01T00:00:00Z,2003-01-01T00:00:00Z
http://www.wikidata.org/entity/Q6270263,http://www.wikidata.org/entity/Q19498,53.0,2004-01-01T00:00:00Z,2006-01-01T00:00:00Z
http://www.wikidata.org/entity/Q6270265,http://www.wikidata.org/entity/Q19490,0.0,2005-01-01T00:00:00Z,2006-01-01T00:00:00Z
http://www.wikidata.org/entity/Q6270317,http://www.wikidata.org/entity/Q19481,9.0,2001-01-01T00:00:00Z,2003-01-01T00:00:00Z
http://www.wikidata.org/entity/Q6270387,http://www.wikidata.org/entity/Q19498,11.0,2002-01-01T00:00:00Z,2004-01-01T00:00:00Z
http://www.wikidata.org/entity/Q6270555,http://www.wikidata.org/entity/Q19607,4.0,1998-01-01T00:00:00Z,2000-01-01T00:00:00Z
http://www.wikidata.org/entity/Q6270649,http://www.wikidata.org/entity/Q19473,216.0,1990-01-01T00:00:00Z,2003-01-01T00:00:00Z
http://www.wikidata.org/entity/Q6270733,http://www.wikidata.org/entity/Q19477,15.0,1998-01-01T00:00:00Z,2000-01-01T00:00:00Z
http://www.wikidata.org/entity/Q6271215,http://www.wikidata.org/entity/Q19498,4.0,2002-01-01T00:00:00Z,2002-01-01T00:00:00Z
http://www.wikidata.org/entity/Q6271559,http://www.wikidata.org/entity/Q19498,18.0,2003-01-01T00:00:00Z,2004-01-01T00:00:00Z
http://www.wikidata.org/entity/Q6271630,http://www.wikidata.org/entity/Q19481,12.0,2000-01-01T00:00:00Z,2003-01-01T00:00:00Z
http://www.wikidata.org/entity/Q6271634,http://www.wikidata.org/entity/Q19604,0.0,2008-01-01T00:00:00Z,2010-01-01T00:00:00Z
http://www.wikidata.org/entity/Q6271634,http://www.wikidata.org/entity/Q19568,4.0,2010-01-01T00:00:00Z,2011-01-01T00:00:00Z
http://www.wikidata.org/entity/Q6271760,http://www.wikidata.org/entity/Q19477,57.0,1999-01-01T00:00:00Z,2001-01-01T00:00:00Z
http://www.wikidata.org/entity/Q6271786,http://www.wikidata.org/entity/Q19473,218.0,2002-01-01T00:00:00Z,2009-01-01T00:00:00Z
http://www.wikidata.org/entity/Q6273134,http://www.wikidata.org/entity/Q19607,5.0,2009-01-01T00:00:00Z,2010-01-01T00:00:00Z
http://www.wikidata.org/entity/Q6273451,http://www.wikidata.org/entity/Q19607,22.0,1999-01-01T00:00:00Z,2000-01-01T00:00:00Z
http://www.wikidata.org/entity/Q6273451,http://www.wikidata.org/entity/Q19482,12.0,2000-01-01T00:00:00Z,2001-01-01T00:00:00Z
http://www.wikidata.org/entity/Q6273874,http://www.wikidata.org/entity/Q19568,4.0,2012-01-01T00:00:00Z,2013-01-01T00:00:00Z
http://www.wikidata.org/entity/Q6275766,http://www.wikidata.org/entity/Q19481,7.0,2007-01-01T00:00:00Z,2009-01-01T00:00:00Z
http://www.wikidata.org/entity/Q6275906,http://www.wikidata.org/entity/Q19580,0.0,2010-01-01T00:00:00Z,2012-01-01T00:00:00Z
http://www.wikidata.org/entity/Q6276426,http://www.wikidata.org/entity/Q19607,2.0,2010-01-01T00:00:00Z,2013-01-01T00:00:00Z
http://www.wikidata.org/entity/Q6276502,http://www.wikidata.org/entity/Q19607,0.0,2005-01-01T00:00:00Z,2008-01-01T00:00:00Z
http://www.wikidata.org/entity/Q6276860,http://www.wikidata.org/entity/Q19604,8.0,2012-01-01T00:00:00Z,2012-01-01T00:00:00Z
http://www.wikidata.org/entity/Q6276952,http://www.wikidata.org/entity/Q19607,0.0,2006-01-01T00:00:00Z,2009-01-01T00:00:00Z
http://www.wikidata.org/entity/Q6276994,http://www.wikidata.org/entity/Q19568,0.0,2011-01-01T00:00:00Z,2012-01-01T00:00:00Z
http://www.wikidata.org/entity/Q6277016,http://www.wikidata.org/entity/Q19473,2.0,2012-01-01T00:00:00Z,2015-01-01T00:00:00Z
http://www.wikidata.org/entity/Q6277135,http://www.wikidata.org/entity/Q19580,179.0,2011-01-01T00:00:00Z,2019-01-01T00:00:00Z
http://www.wikidata.org/entity/Q163666,http://www.wikidata.org/entity/Q1130849,285.0,2005-01-01T00:00:00Z,2014-01-01T00:00:00Z
http://www.wikidata.org/entity/Q1639411,http://www.wikidata.org/entity/Q1130849,0.0,2007-01-01T00:00:00Z,2009-01-01T00:00:00Z
http://www.wikidata.org/entity/Q1645921,http://www.wikidata.org/entity/Q1130849,0.0,2008-01-01T00:00:00Z,2009-01-01T00:00:00Z
http://www.wikidata.org/entity/Q16528480,http://www.wikidata.org/entity/Q1130849,0.0,2012-01-01T00:00:00Z,2014-01-01T00:00:00Z
http://www.wikidata.org/entity/Q165639,http://www.wikidata.org/entity/Q1128631,42.0,2009-01-01T00:00:00Z,2010-01-01T00:00:00Z
http://www.wikidata.org/entity/Q165679,http://www.wikidata.org/entity/Q1130849,0.0,2005-01-01T00:00:00Z,2009-01-01T00:00:00Z
http://www.wikidata.org/entity/Q166285,http://www.wikidata.org/entity/Q1128631,44.0,2006-01-01T00:00:00Z,2009-01-01T00:00:00Z
http://www.wikidata.org/entity/Q166285,http://www.wikidata.org/entity/Q1128631,5.0,2012-01-01T00:00:00Z,2012-01-01T00:00:00Z
http://www.wikidata.org/entity/Q167225,http://www.wikidata.org/entity/Q1128631,15.0,2013-01-01T00:00:00Z,2014-01-01T00:00:00Z
http://www.wikidata.org/entity/Q17325280,http://www.wikidata.org/entity/Q1130849,84.0,2018-01-01T00:00:00Z,2023-01-01T00:00:00Z
http://www.wikidata.org/entity/Q17487712,http://www.wikidata.org/entity/Q1130849,9.0,2013-01-01T00:00:00Z,2013-01-01T00:00:00Z
http://www.wikidata.org/entity/Q6313336,http://www.wikidata.org/entity/Q19481,5.0,2001-01-01T00:00:00Z,2001-01-01T00:00:00Z
http://www.wikidata.org/entity/Q6313336,http://www.wikidata.org/entity/Q19481,25.0,2001-01-01T00:00:00Z,2004-01-01T00:00:00Z
http://www.wikidata.org/entity/Q6313336,http://www.wikidata.org/entity/Q19571,14.0,2005-01-01T00:00:00Z,2006-01-01T00:00:00Z
http://www.wikidata.org/entity/Q6313336,http://www.wikidata.org/entity/Q19477,13.0,2004-01-01T00:00:00Z,2004-01-01T00:00:00Z
http://www.wikidata.org/entity/Q6313336,http://www.wikidata.org/entity/Q19477,39.0,2004-01-01T00:00:00Z,2005-01-01T00:00:00Z
http://www.wikidata.org/entity/Q6317551,http://www.wikidata.org/entity/Q19604,34.0,2000-01-01T00:00:00Z,2003-01-01T00:00:00Z
http://www.wikidata.org/entity/Q6317551,http://www.wikidata.org/entity/Q19604,1.0,2000-01-01T00:00:00Z,2000-01-01T00:00:00Z
http://www.wikidata.org/entity/Q6317762,http://www.wikidata.org/entity/Q19568,4.0,1999-01-01T00:00:00Z,2002-01-01T00:00:00Z
http://www.wikidata.org/entity/Q6320136,http://www.wikidata.org/entity/Q19498,28.0,2012-01-01T00:00:00Z,2013-01-01T00:00:00Z
http://www.wikidata.org/entity/Q632920,http://www.wikidata.org/entity/Q19500,107.0,2001-01-01T00:00:00Z,2004-01-01T00:00:00Z
http://www.wikidata.org/entity/Q6345345,http://www.wikidata.org/entity/Q19571,10.0,2013-01-01T00:00:00Z,2013-01-01T00:00:00Z
http://www.wikidata.org/entity/Q635584,http://www.wikidata.org/entity/Q19500,7.0,2002-01-01T00:00:00Z,2002-01-01T00:00:00Z
http://www.wikidata.org/entity/Q6371663,http://www.wikidata.org/entity/Q19568,192.0,1998-01-01T00:00:00Z,2007-01-01T00:00:00Z
http://www.wikidata.org/entity/Q638080,http://www.wikidata.org/entity/Q19580,30.0,1999-01-01T00:00:00Z,2002-01-01T00:00:00Z
http://www.wikidata.org/entity/Q6391098,http://www.wikidata.org/entity/Q19473,150.0,1999-01-01T00:00:00Z,2003-01-01T00:00:00Z
http://www.wikidata.org/entity/Q6391134,http://www.wikidata.org/entity/Q19498,41.0,2006-01-01T00:00:00Z,2009-01-01T00:00:00Z
http://www.wikidata.org/entity/Q6395754,http://www.wikidata.org/entity/Q19571,3.0,2000-01-01T00:00:00Z,2000-01-01T00:00:00Z
http://www.wikidata.org/entity/Q6396316,http://www.wikidata.org/entity/Q19477,22.0,2000-01-01T00:00:00Z,2001-01-01T00:00:00Z
http://www.wikidata.org/entity/Q6396339,http://www.wikidata.org/entity/Q19477,13.0,1997-01-01T00:00:00Z,1999-01-01T00:00:00Z
http://www.wikidata.org/entity/Q6396344,http://www.wikidata.org/entity/Q19473,38.0,2000-01-01T00:00:00Z,2001-01-01T00:00:00Z
http://www.wikidata.org/entity/Q6405416,http://www.wikidata.org/entity/Q19568,7.0,2002-01-01T00:00:00Z,2002-01-01T00:00:00Z
http://www.wikidata.org/entity/Q6413320,http://www.wikidata.org/entity/Q19607,0.0,2010-01-01T00:00:00Z,2011-01-01T00:00:00Z
http://www.wikidata.org/entity/Q6415459,http://www.wikidata.org/entity/Q19571,2.0,2010-01-01T00:00:00Z,2012-01-01T00:00:00Z
http://www.wikidata.org/entity/Q6415459,http://www.wikidata.org/entity/Q19568,1.0,2005-01-01T00:00:00Z,2006-01-01T00:00:00Z
http://www.wikidata.org/entity/Q6437978,http://www.wikidata.org/entity/Q19607,0.0,2003-01-01T00:00:00Z,2004-01-01T00:00:00Z
http://www.wikidata.org/entity/Q66779547,http://www.wikidata.org/entity/Q19607,5.0,2023-08-01T00:00:00Z,2024-01-01T00:00:00Z
http://www.wikidata.org/entity/Q66818509,http://www.wikidata.org/entity/Q19500,19.0,2020-01-01T00:00:00Z,2021-01-01T00:00:00Z
http://www.wikidata.org/entity/Q17505113,http://www.wikidata.org/entity/Q1130849,165.0,2015-01-01T00:00:00Z,
http://www.wikidata.org/entity/Q133903,http://www.wikidata.org/entity/Q1130849,272.0,2018-01-01T00:00:00Z,
http://www.wikidata.org/entity/Q1426678,http://www.wikidata.org/entity/Q1128631,38.0,2005-01-01T00:00:00Z,2007-01-01T00:00:00Z
http://www.wikidata.org/entity/Q712844,http://www.wikidata.org/entity/Q19481,65.0,1995-01-01T00:00:00Z,1999-01-01T00:00:00Z
http://www.wikidata.org/entity/Q713078,http://www.wikidata.org/entity/Q19481,19.0,2008-01-01T00:00:00Z,2010-01-01T00:00:00Z
http://www.wikidata.org/entity/Q714036,http://www.wikidata.org/entity/Q19481,27.0,2007-01-01T00:00:00Z,2010-01-01T00:00:00Z
http://www.wikidata.org/entity/Q714036,http://www.wikidata.org/entity/Q19568,34.0,2007-01-01T00:00:00Z,2008-01-01T00:00:00Z
http://www.wikidata.org/entity/Q714067,http://www.wikidata.org/entity/Q19568,14.0,2019-01-01T00:00:00Z,2019-01-01T00:00:00Z
http://www.wikidata.org/entity/Q715589,http://www.wikidata.org/entity/Q19481,4.0,2008-01-01T00:00:00Z,2008-01-01T00:00:00Z
http://www.wikidata.org/entity/Q715589,http://www.wikidata.org/entity/Q19604,13.0,2012-01-01T00:00:00Z,2012-01-01T00:00:00Z
http://www.wikidata.org/entity/Q716175,http://www.wikidata.org/entity/Q19490,190.0,2004-01-01T00:00:00Z,2010-01-01T00:00:00Z
http://www.wikidata.org/entity/Q7172578,http://www.wikidata.org/entity/Q19498,216.0,1994-01-01T00:00:00Z,2000-01-01T00:00:00Z
http://www.wikidata.org/entity/Q7173168,http://www.wikidata.org/entity/Q19481,13.0,2004-01-01T00:00:00Z,2005-01-01T00:00:00Z
http://www.wikidata.org/entity/Q7173948,http://www.wikidata.org/entity/Q19482,73.0,1992-01-01T00:00:00Z,1999-01-01T00:00:00Z
http://www.wikidata.org/entity/Q7174226,http://www.wikidata.org/entity/Q19498,7.0,2005-01-01T00:00:00Z,2006-01-01T00:00:00Z
http://www.wikidata.org/entity/Q7174226,http://www.wikidata.org/entity/Q19481,5.0,2005-01-01T00:00:00Z,2006-01-01T00:00:00Z
http://www.wikidata.org/entity/Q7174226,http://www.wikidata.org/entity/Q19498,34.0,2006-01-01T00:00:00Z,2009-01-01T00:00:00Z
http://www.wikidata.org/entity/Q7174372,http://www.wikidata.org/entity/Q19604,1.0,2010-01-01T00:00:00Z,2011-01-01T00:00:00Z
http://www.wikidata.org/entity/Q7174372,http://www.wikidata.org/entity/Q19490,0.0,2012-01-01T00:00:00Z,2013-01-01T00:00:00Z
http://www.wikidata.org/entity/Q7174588,http://www.wikidata.org/entity/Q19482,120.0,1996-01-01T00:00:00Z,2004-01-01T00:00:00Z
http://www.wikidata.org/entity/Q7174711,http://www.wikidata.org/entity/Q19498,0.0,1999-01-01T00:00:00Z,2000-01-01T00:00:00Z
http://www.wikidata.org/entity/Q7184356,http://www.wikidata.org/entity/Q19498,9.0,1999-01-01T00:00:00Z,2002-01-01T00:00:00Z
http://www.wikidata.org/entity/Q7191920,http://www.wikidata.org/entity/Q19571,0.0,2012-01-01T00:00:00Z,2012-01-01T00:00:00Z
http://www.wikidata.org/entity/Q1341518,http://www.wikidata.org/entity/Q1128631,6.0,2006-01-01T00:00:00Z,2007-01-01T00:00:00Z
http://www.wikidata.org/entity/Q1345122,http://www.wikidata.org/entity/Q1128631,12.0,2006-01-01T00:00:00Z,2007-01-01T00:00:00Z
http://www.wikidata.org/entity/Q7488001,http://www.wikidata.org/entity/Q19481,0.0,2011-01-01T00:00:00Z,2012-01-01T00:00:00Z
http://www.wikidata.org/entity/Q7488079,http://www.wikidata.org/entity/Q19482,1.0,2000-01-01T00:00:00Z,2004-01-01T00:00:00Z
http://www.wikidata.org/entity/Q7488096,http://www.wikidata.org/entity/Q19607,0.0,2005-01-01T00:00:00Z,2006-01-01T00:00:00Z
http://www.wikidata.org/entity/Q7488198,http://www.wikidata.org/entity/Q19607,25.0,2001-01-01T00:00:00Z,2002-01-01T00:00:00Z
http://www.wikidata.org/entity/Q7488241,http://www.wikidata.org/entity/Q19490,0.0,2006-01-01T00:00:00Z,2010-01-01T00:00:00Z
http://www.wikidata.org/entity/Q7488299,http://www.wikidata.org/entity/Q19500,1.0,1999-01-01T00:00:00Z,2001-01-01T00:00:00Z
http://www.wikidata.org/entity/Q7490496,http://www.wikidata.org/entity/Q19607,0.0,2005-01-01T00:00:00Z,2007-01-01T00:00:00Z
http://www.wikidata.org/entity/Q7490819,http://www.wikidata.org/entity/Q19568,211.0,2005-01-01T00:00:00Z,2012-01-01T00:00:00Z
http://www.wikidata.org/entity/Q7490819,http://www.wikidata.org/entity/Q19604,7.0,2000-01-01T00:00:00Z,2005-01-01T00:00:00Z
http://www.wikidata.org/entity/Q7490889,http://www.wikidata.org/entity/Q19580,6.0,2008-01-01T00:00:00Z,2013-01-01T00:00:00Z
http://www.wikidata.org/entity/Q7490977,http://www.wikidata.org/entity/Q19477,22.0,2002-01-01T00:00:00Z,2004-01-01T00:00:00Z
http://www.wikidata.org/entity/Q7505813,http://www.wikidata.org/entity/Q19498,0.0,2006-01-01T00:00:00Z,2006-01-01T00:00:00Z
http://www.wikidata.org/entity/Q751101,http://www.wikidata.org/entity/Q19481,5.0,2009-01-01T00:00:00Z,2009-01-01T00:00:00Z
http://www.wikidata.org/entity/Q751101,http://www.wikidata.org/entity/Q19481,0.0,2009-01-01T00:00:00Z,2010-01-01T00:00:00Z
http://www.wikidata.org/entity/Q75517,http://www.wikidata.org/entity/Q19498,9.0,2012-01-01T00:00:00Z,2013-01-01T00:00:00Z
http://www.wikidata.org/entity/Q7562010,http://www.wikidata.org/entity/Q19477,2.0,2011-07-01T00:00:00Z,2013-07-01T00:00:00Z
http://www.wikidata.org/entity/Q7562010,http://www.wikidata.org/entity/Q19604,34.0,2013-07-01T00:00:00Z,2014-07-01T00:00:00Z
http://www.wikidata.org/entity/Q756547,http://www.wikidata.org/entity/Q19580,6.0,2012-01-01T00:00:00Z,2013-01-01T00:00:00Z
http://www.wikidata.org/entity/Q7576222,http://www.wikidata.org/entity/Q19490,11.0,2004-01-01T00:00:00Z,2007-01-01T00:00:00Z
http://www.wikidata.org/entity/Q7612554,http://www.wikidata.org/entity/Q19568,135.0,2009-01-01T00:00:00Z,2013-01-01T00:00:00Z
http://www.wikidata.org/entity/Q7612554,http://www.wikidata.org/entity/Q19568,493.0,1992-01-01T00:00:00Z,2007-01-01T00:00:00Z
http://www.wikidata.org/entity/Q7612584,http://www.wikidata.org/entity/Q19473,186.0,1993-01-01T00:00:00Z,1999-01-01T00:00:00Z
http://www.wikidata.org/entity/Q7612598,http://www.wikidata.org/entity/Q19580,49.0,1998-01-01T00:00:00Z,2001-01-01T00:00:00Z
http://www.wikidata.org/entity/Q7612728,http://www.wikidata.org/entity/Q19490,7.0,1993-01-01T00:00:00Z,1999-01-01T00:00:00Z
http://www.wikidata.org/entity/Q7612771,http://www.wikidata.org/entity/Q19477,65.0,1999-01-01T00:00:00Z,2001-01-01T00:00:00Z
http://www.wikidata.org/entity/Q7612790,http://www.wikidata.org/entity/Q19498,143.0,1998-01-01T00:00:00Z,2004-01-01T00:00:00Z
http://www.wikidata.org/entity/Q7612900,http://www.wikidata.org/entity/Q19568,1.0,2008-01-01T00:00:00Z,2009-01-01T00:00:00Z
http://www.wikidata.org/entity/Q7612943,http://www.wikidata.org/entity/Q19580,39.0,2012-01-01T00:00:00Z,2013-01-01T00:00:00Z
http://www.wikidata.org/entity/Q7612966,http://www.wikidata.org/entity/Q19571,8.0,2000-01-01T00:00:00Z,2000-01-01T00:00:00Z
http://www.wikidata.org/entity/Q7613301,http://www.wikidata.org/entity/Q19500,0.0,1999-01-01T00:00:00Z,1999-01-01T00:00:00Z
http://www.wikidata.org/entity/Q7613358,http://www.wikidata.org/entity/Q19477,7.0,2002-01-01T00:00:00Z,2002-01-01T00:00:00Z
http://www.wikidata.org/entity/Q7613358,http://www.wikidata.org/entity/Q19490,3.0,1996-01-01T00:00:00Z,2000-01-01T00:00:00Z
http://www.wikidata.org/entity/Q7613358,http://www.wikidata.org/entity/Q19477,23.0,2002-01-01T00:00:00Z,2004-01-01T00:00:00Z
http://www.wikidata.org/entity/Q7613417,http://www.wikidata.org/entity/Q19477,19.0,1999-01-01T00:00:00Z,2000-01-01T00:00:00Z
http://www.wikidata.org/entity/Q7626362,http://www.wikidata.org/entity/Q19477,0.0,2004-01-01T00:00:00Z,2004-01-01T00:00:00Z
http://www.wikidata.org/entity/Q7626575,http://www.wikidata.org/entity/Q19580,16.0,2003-01-01T00:00:00Z,2008-01-01T00:00:00Z
http://www.wikidata.org/entity/Q7626702,http://www.wikidata.org/entity/Q19498,0.0,1998-01-01T00:00:00Z,2000-01-01T00:00:00Z
http://www.wikidata.org/entity/Q7626899,http://www.wikidata.org/entity/Q19571,116.0,2004-01-01T00:00:00Z,2007-01-01T00:00:00Z
http://www.wikidata.org/entity/Q7627253,http://www.wikidata.org/entity/Q19607,6.0,2000-01-01T00:00:00Z,2000-01-01T00:00:00Z
http://www.wikidata.org/entity/Q771676,http://www.wikidata.org/entity/Q19568,0.0,1998-01-01T00:00:00Z,1999-01-01T00:00:00Z
http://www.wikidata.org/entity/Q44080929,http://www.wikidata.org/entity/Q50602,0.0,2019-01-01T00:00:00Z,2022-01-01T00:00:00Z
http://www.wikidata.org/entity/Q44297797,http://www.wikidata.org/entity/Q50602,28.0,2020-08-04T00:00:00Z,2022-01-01T00:00:00Z
http://www.wikidata.org/entity/Q4758776,http://www.wikidata.org/entity/Q50602,0.0,2010-01-01T00:00:00Z,2011-01-01T00:00:00Z
http://www.wikidata.org/entity/Q4760546,http://www.wikidata.org/entity/Q48879,37.0,2005-01-01T00:00:00Z,2006-01-01T00:00:00Z
http://www.wikidata.org/entity/Q4760757,http://www.wikidata.org/entity/Q48879,12.0,2014-01-01T00:00:00Z,2015-01-01T00:00:00Z
http://www.wikidata.org/entity/Q4760792,http://www.wikidata.org/entity/Q48879,3.0,2012-01-01T00:00:00Z,2012-01-01T00:00:00Z
http://www.wikidata.org/entity/Q4760932,http://www.wikidata.org/entity/Q48879,2.0,2002-01-01T00:00:00Z,2003-01-01T00:00:00Z
http://www.wikidata.org/entity/Q4761410,http://www.wikidata.org/entity/Q48879,23.0,2001-01-01T00:00:00Z,2003-01-01T00:00:00Z
http://www.wikidata.org/entity/Q4761410,http://www.wikidata.org/entity/Q48879,12.0,2001-01-01T00:00:00Z,2001-01-01T00:00:00Z
http://www.wikidata.org/entity/Q4886417,http://www.wikidata.org/entity/Q48879,0.0,2006-01-01T00:00:00Z,2008-01-01T00:00:00Z
http://www.wikidata.org/entity/Q4918324,http://www.wikidata.org/entity/Q50602,0.0,2011-07-01T00:00:00Z,2017-01-24T00:00:00Z
http://www.wikidata.org/entity/Q4924187,http://www.wikidata.org/entity/Q48879,4.0,2012-01-01T00:00:00Z,2013-01-01T00:00:00Z
http://www.wikidata.org/entity/Q5040538,http://www.wikidata.org/entity/Q48879,30.0,2012-01-01T00:00:00Z,2014-01-01T00:00:00Z
http://www.wikidata.org/entity/Q5040569,http://www.wikidata.org/entity/Q48879,4.0,2002-01-01T00:00:00Z,2002-01-01T00:00:00Z
http://www.wikidata.org/entity/Q5042276,http://www.wikidata.org/entity/Q50602,0.0,2004-01-01T00:00:00Z,2005-01-01T00:00:00Z
http://www.wikidata.org/entity/Q5042276,http://www.wikidata.org/entity/Q48879,4.0,2007-01-01T00:00:00Z,2007-01-01T00:00:00Z
http://www.wikidata.org/entity/Q5095354,http://www.wikidata.org/entity/Q48879,4.0,2010-01-01T00:00:00Z,2011-01-01T00:00:00Z
http://www.wikidata.org/entity/Q5105767,http://www.wikidata.org/entity/Q48879,4.0,2014-01-01T00:00:00Z,2014-01-01T00:00:00Z
http://www.wikidata.org/entity/Q5105958,http://www.wikidata.org/entity/Q48879,27.0,2008-01-01T00:00:00Z,2010-01-01T00:00:00Z
http://www.wikidata.org/entity/Q1790955,http://www.wikidata.org/entity/Q1130849,0.0,2003-01-01T00:00:00Z,2005-01-01T00:00:00Z
http://www.wikidata.org/entity/Q1790955,http://www.wikidata.org/entity/Q1128631,0.0,2005-01-01T00:00:00Z,2005-01-01T00:00:00Z
http://www.wikidata.org/entity/Q1792613,http://www.wikidata.org/entity/Q1130849,0.0,1997-01-01T00:00:00Z,2000-01-01T00:00:00Z
http://www.wikidata.org/entity/Q1798163,http://www.wikidata.org/entity/Q1130849,0.0,2000-01-01T00:00:00Z,2002-01-01T00:00:00Z
http://www.wikidata.org/entity/Q1801571,http://www.wikidata.org/entity/Q1128631,17.0,2003-01-01T00:00:00Z,2004-01-01T00:00:00Z
http://www.wikidata.org/entity/Q1803797,http://www.wikidata.org/entity/Q1130849,102.0,1989-01-01T00:00:00Z,1999-01-01T00:00:00Z
http://www.wikidata.org/entity/Q6101574,http://www.wikidata.org/entity/Q19607,7.0,2004-01-01T00:00:00Z,2004-01-01T00:00:00Z
http://www.wikidata.org/entity/Q6101574,http://www.wikidata.org/entity/Q19604,24.0,2012-01-01T00:00:00Z,2012-01-01T00:00:00Z
http://www.wikidata.org/entity/Q610467,http://www.wikidata.org/entity/Q19580,9.0,2014-01-01T00:00:00Z,2014-01-01T00:00:00Z
http://www.wikidata.org/entity/Q610550,http://www.wikidata.org/entity/Q19604,10.0,2004-01-01T00:00:00Z,2006-01-01T00:00:00Z
http://www.wikidata.org/entity/Q610867,http://www.wikidata.org/entity/Q19490,14.0,2014-01-01T00:00:00Z,2014-05-01T00:00:00Z
http://www.wikidata.org/entity/Q610867,http://www.wikidata.org/entity/Q19580,57.0,2008-01-01T00:00:00Z,2009-01-01T00:00:00Z
http://www.wikidata.org/entity/Q611501,http://www.wikidata.org/entity/Q19482,0.0,2001-01-01T00:00:00Z,2003-01-01T00:00:00Z
http://www.wikidata.org/entity/Q612838,http://www.wikidata.org/entity/Q19500,13.0,2006-01-01T00:00:00Z,2009-01-01T00:00:00Z
http://www.wikidata.org/entity/Q612838,http://www.wikidata.org/entity/Q19607,2.0,2009-01-01T00:00:00Z,2009-01-01T00:00:00Z
http://www.wikidata.org/entity/Q612838,http://www.wikidata.org/entity/Q19481,5.0,2010-01-01T00:00:00Z,2010-01-01T00:00:00Z
http://www.wikidata.org/entity/Q613196,http://www.wikidata.org/entity/Q19498,0.0,2002-01-01T00:00:00Z,2002-01-01T00:00:00Z
http://www.wikidata.org/entity/Q614199,http://www.wikidata.org/entity/Q19604,7.0,2006-01-01T00:00:00Z,2007-01-01T00:00:00Z
http://www.wikidata.org/entity/Q6144020,http://www.wikidata.org/entity/Q19571,70.0,2014-01-31T00:00:00Z,2016-02-01T00:00:00Z
http://www.wikidata.org/entity/Q6146804,http://www.wikidata.org/entity/Q19568,20.0,1999-01-01T00:00:00Z,2001-01-01T00:00:00Z
http://www.wikidata.org/entity/Q6146839,http://www.wikidata.org/entity/Q19481,0.0,2002-01-01T00:00:00Z,2004-01-01T00:00:00Z
http://www.wikidata.org/entity/Q6146921,http://www.wikidata.org/entity/Q19571,37.0,2002-01-01T00:00:00Z,2003-01-01T00:00:00Z
http://www.wikidata.org/entity/Q6147045,http://www.wikidata.org/entity/Q19580,4.0,2015-01-01T00:00:00Z,2015-01-01T00:00:00Z
http://www.wikidata.org/entity/Q6147094,http://www.wikidata.org/entity/Q19571,14.0,2004-01-01T00:00:00Z,2005-01-01T00:00:00Z
http://www.wikidata.org/entity/Q6147193,http://www.wikidata.org/entity/Q19473,54.0,2010-01-01T00:00:00Z,2012-01-01T00:00:00Z
http://www.wikidata.org/entity/Q6147230,http://www.wikidata.org/entity/Q19580,2.0,2002-01-01T00:00:00Z,2002-01-01T00:00:00Z
http://www.wikidata.org/entity/Q6147336,http://www.wikidata.org/entity/Q19490,54.0,2013-01-01T00:00:00Z,2015-01-01T00:00:00Z
http://www.wikidata.org/entity/Q6147477,http://www.wikidata.org/entity/Q19571,7.0,2006-01-01T00:00:00Z,2006-01-01T00:00:00Z
http://www.wikidata.org/entity/Q6147586,http://www.wikidata.org/entity/Q19481,440.0,2012-01-01T00:00:00Z,2025-01-01T00:00:00Z
http://www.wikidata.org/entity/Q6147874,http://www.wikidata.org/entity/Q19490,8.0,2015-01-01T00:00:00Z,2015-01-01T00:00:00Z
http://www.wikidata.org/entity/Q614954,http://www.wikidata.org/entity/Q19580,122.0,2003-01-01T00:00:00Z,2011-01-01T00:00:00Z
http://www.wikidata.org/entity/Q64627435,http://www.wikidata.org/entity/Q19571,0.0,2025-06-01T00:00:00Z,
http://www.wikidata.org/entity/Q6792066,http://www.wikidata.org/entity/Q19490,17.0,2024-01-01T00:00:00Z,
http://www.wikidata.org/entity/Q15635072,http://www.wikidata.org/entity/Q1130849,26.0,2014-01-01T00:00:00Z,2015-01-01T00:00:00Z
http://www.wikidata.org/entity/Q18336397,http://www.wikidata.org/entity/Q1130849,21.0,2017-01-01T00:00:00Z,2019-01-01T00:00:00Z
http://www.wikidata.org/entity/Q663767,http://www.wikidata.org/entity/Q19473,19.0,2010-01-01T00:00:00Z,2011-01-01T00:00:00Z
http://www.wikidata.org/entity/Q6662283,http://www.wikidata.org/entity/Q19571,4.0,2002-01-01T00:00:00Z,2004-01-01T00:00:00Z
http://www.wikidata.org/entity/Q6662509,http://www.wikidata.org/entity/Q19498,8.0,2015-01-01T00:00:00Z,2015-01-01T00:00:00Z
http://www.wikidata.org/entity/Q6662544,http://www.wikidata.org/entity/Q19607,0.0,2006-01-01T00:00:00Z,2008-01-01T00:00:00Z
http://www.wikidata.org/entity/Q6662681,http://www.wikidata.org/entity/Q19571,163.0,1998-01-01T00:00:00Z,2002-01-01T00:00:00Z
http://www.wikidata.org/entity/Q6662681,http://www.wikidata.org/entity/Q19571,49.0,2005-01-01T00:00:00Z,2007-01-01T00:00:00Z
http://www.wikidata.org/entity/Q6662681,http://www.wikidata.org/entity/Q19498,51.0,2002-01-01T00:00:00Z,2004-01-01T00:00:00Z
http://www.wikidata.org/entity/Q666748,http://www.wikidata.org/entity/Q19481,11.0,2017-01-01T00:00:00Z,2018-01-01T00:00:00Z
http://www.wikidata.org/entity/Q666866,http://www.wikidata.org/entity/Q19498,9.0,2015-01-01T00:00:00Z,2016-01-01T00:00:00Z
http://www.wikidata.org/entity/Q6680798,http://www.wikidata.org/entity/Q19571,23.0,2000-01-01T00:00:00Z,2001-01-01T00:00:00Z
http://www.wikidata.org/entity/Q6687032,http://www.wikidata.org/entity/Q19481,0.0,2006-01-01T00:00:00Z,2008-01-01T00:00:00Z
http://www.wikidata.org/entity/Q6687340,http://www.wikidata.org/entity/Q19500,0.0,2011-01-01T00:00:00Z,2012-01-01T00:00:00Z
http://www.wikidata.org/entity/Q6687611,http://www.wikidata.org/entity/Q19490,0.0,2014-01-01T00:00:00Z,2015-01-01T00:00:00Z
http://www.wikidata.org/entity/Q6695965,http://www.wikidata.org/entity/Q19604,2.0,2012-01-01T00:00:00Z,2012-01-01T00:00:00Z
http://www.wikidata.org/entity/Q6696071,http://www.wikidata.org/entity/Q19473,5.0,2007-01-01T00:00:00Z,2008-01-01T00:00:00Z
http://www.wikidata.org/entity/Q669709,http://www.wikidata.org/entity/Q19482,13.0,1999-01-01T00:00:00Z,2000-01-01T00:00:00Z
http://www.wikidata.org/entity/Q6701801,http://www.wikidata.org/entity/Q19473,78.0,2006-01-01T00:00:00Z,2008-01-01T00:00:00Z
http://www.wikidata.org/entity/Q6701801,http://www.wikidata.org/entity/Q19607,5.0,2004-01-01T00:00:00Z,2006-01-01T00:00:00Z
http://www.wikidata.org/entity/Q6701801,http://www.wikidata.org/entity/Q19473,7.0,2005-01-01T00:00:00Z,2005-01-01T00:00:00Z
http://www.wikidata.org/entity/Q6702194,http://www.wikidata.org/entity/Q19604,44.0,1998-07-01T00:00:00Z,2003-07-01T00:00:00Z
http://www.wikidata.org/entity/Q6702203,http://www.wikidata.org/entity/Q19571,3.0,2011-01-01T00:00:00Z,2014-01-01T00:00:00Z
http://www.wikidata.org/entity/Q6702442,http://www.wikidata.org/entity/Q19580,0.0,2005-01-01T00:00:00Z,2006-01-01T00:00:00Z
http://www.wikidata.org/entity/Q6702461,http://www.wikidata.org/entity/Q19604,0.0,2009-01-01T00:00:00Z,2010-01-01T00:00:00Z
http://www.wikidata.org/entity/Q6702466,http://www.wikidata.org/entity/Q19580,1.0,2015-01-01T00:00:00Z,2015-01-01T00:00:00Z
http://www.wikidata.org/entity/Q6707962,http://www.wikidata.org/entity/Q19568,29.0,2010-01-01T00:00:00Z,2012-01-01T00:00:00Z
http://www.wikidata.org/entity/Q6707962,http://www.wikidata.org/entity/Q19607,20.0,2013-01-01T00:00:00Z,2014-01-01T00:00:00Z
http://www.wikidata.org/entity/Q674036,http://www.wikidata.org/entity/Q19500,1.0,2012-01-01T00:00:00Z,2015-01-01T00:00:00Z
http://www.wikidata.org/entity/Q6766777,http://www.wikidata.org/entity/Q19477,1.0,1999-01-01T00:00:00Z,1999-01-01T00:00:00Z
http://www.wikidata.org/entity/Q6766946,http://www.wikidata.org/entity/Q19490,2.0,2007-01-01T00:00:00Z,2011-01-01T00:00:00Z
http://www.wikidata.org/entity/Q6767023,http://www.wikidata.org/entity/Q19604,0.0,2001-01-01T00:00:00Z,2005-01-01T00:00:00Z
http://www.wikidata.org/entity/Q6767772,http://www.wikidata.org/entity/Q19490,0.0,1998-01-01T00:00:00Z,2000-01-01T00:00:00Z
http://www.wikidata.org/entity/Q6767807,http://www.wikidata.org/entity/Q19477,177.0,1996-01-01T00:00:00Z,2002-01-01T00:00:00Z
http://www.wikidata.org/entity/Q6784737,http://www.wikidata.org/entity/Q19498,64.0,2019-08-01T00:00:00Z,2022-06-01T00:00:00Z
http://www.wikidata.org/entity/Q6787184,http://www.wikidata.org/entity/Q19568,10.0,2011-01-01T00:00:00Z,2012-01-01T00:00:00Z
http://www.wikidata.org/entity/Q6788298,http://www.wikidata.org/entity/Q19477,2.0,1998-01-01T00:00:00Z,2000-01-01T00:00:00Z
http://www.wikidata.org/entity/Q6788371,http://www.wikidata.org/entity/Q19490,0.0,2003-01-01T00:00:00Z,2004-01-01T00:00:00Z
http://www.wikidata.org/entity/Q6788642,http://www.wikidata.org/entity/Q19604,3.0,2014-01-01T00:00:00Z,2014-01-01T00:00:00Z
http://www.wikidata.org/entity/Q6788702,http://www.wikidata.org/entity/Q19477,35.0,2001-01-01T00:00:00Z,2002-01-01T00:00:00Z
http://www.wikidata.org/entity/Q6788702,http://www.wikidata.org/entity/Q19473,109.0,2006-01-01T00:00:00Z,2010-01-01T00:00:00Z
http://www.wikidata.org/entity/Q6788756,http://www.wikidata.org/entity/Q19498,74.0,1998-01-01T00:00:00Z,2005-01-01T00:00:00Z
http://www.wikidata.org/entity/Q6788767,http://www.wikidata.org/entity/Q19571,32.0,2003-01-01T00:00:00Z,2005-01-01T00:00:00Z
http://www.wikidata.org/entity/Q6788805,http://www.wikidata.org/entity/Q19477,57.0,1997-01-01T00:00:00Z,1999-01-01T00:00:00Z
http://www.wikidata.org/entity/Q6788976,http://www.wikidata.org/entity/Q19490,11.0,2007-01-01T00:00:00Z,2008-01-01T00:00:00Z
http://www.wikidata.org/entity/Q6789192,http://www.wikidata.org/entity/Q19481,16.0,2000-01-01T00:00:00Z,2002-01-01T00:00:00Z
http://www.wikidata.org/entity/Q6789363,http://www.wikidata.org/entity/Q19604,0.0,2000-01-01T00:00:00Z,2001-01-01T00:00:00Z
http://www.wikidata.org/entity/Q6789370,http://www.wikidata.org/entity/Q19571,84.0,2000-01-01T00:00:00Z,2005-01-01T00:00:00Z
http://www.wikidata.org/entity/Q6789449,http://www.wikidata.org/entity/Q19568,38.0,2012-01-01T00:00:00Z,2015-01-01T00:00:00Z
http://www.wikidata.org/entity/Q6789449,http://www.wikidata.org/entity/Q19568,8.0,2008-01-01T00:00:00Z,2008-01-01T00:00:00Z
http://www.wikidata.org/entity/Q6789520,http://www.wikidata.org/entity/Q19477,14.0,2002-01-01T00:00:00Z,2003-01-01T00:00:00Z
http://www.wikidata.org/entity/Q6790175,http://www.wikidata.org/entity/Q19477,3.0,2001-01-01T00:00:00Z,2003-01-01T00:00:00Z
http://www.wikidata.org/entity/Q6790307,http://www.wikidata.org/entity/Q19500,0.0,1998-01-01T00:00:00Z,1999-01-01T00:00:00Z
http://www.wikidata.org/entity/Q6790644,http://www.wikidata.org/entity/Q19607,2.0,2010-01-01T00:00:00Z,2013-01-01T00:00:00Z
http://www.wikidata.org/entity/Q6790669,http://www.wikidata.org/entity/Q19571,60.0,2006-01-01T00:00:00Z,2008-01-01T00:00:00Z
http://www.wikidata.org/entity/Q6791143,http://www.wikidata.org/entity/Q19604,69.0,1998-01-01T00:00:00Z,2000-01-01T00:00:00Z
http://www.wikidata.org/entity/Q6791144,http://www.wikidata.org/entity/Q19568,0.0,2004-01-01T00:00:00Z,2004-01-01T00:00:00Z
http://www.wikidata.org/entity/Q6791259,http://www.wikidata.org/entity/Q19607,11.0,2008-01-01T00:00:00Z,2009-01-01T00:00:00Z
http://www.wikidata.org/entity/Q6791340,http://www.wikidata.org/entity/Q19498,1.0,2011-01-01T00:00:00Z,2012-01-01T00:00:00Z
http://www.wikidata.org/entity/Q6791926,http://www.wikidata.org/entity/Q19477,0.0,2006-01-01T00:00:00Z,2009-01-01T00:00:00Z
http://www.wikidata.org/entity/Q6791933,http://www.wikidata.org/entity/Q19473,39.0,2005-01-01T00:00:00Z,2008-01-01T00:00:00Z
http://www.wikidata.org/entity/Q110874376,http://www.wikidata.org/entity/Q1130849,34.0,2025-01-01T00:00:00Z,
http://www.wikidata.org/entity/Q1099944,http://www.wikidata.org/entity/Q1128631,14.0,1995-01-01T00:00:00Z,2001-01-01T00:00:00Z
http://www.wikidata.org/entity/Q1103587,http://www.wikidata.org/entity/Q1130849,0.0,1994-01-01T00:00:00Z,1999-01-01T00:00:00Z
http://www.wikidata.org/entity/Q110739094,http://www.wikidata.org/entity/Q1130849,10.0,2022-01-01T00:00:00Z,2025-01-01T00:00:00Z
http://www.wikidata.org/entity/Q1132793,http://www.wikidata.org/entity/Q1130849,34.0,2013-01-01T00:00:00Z,2015-01-01T00:00:00Z
http://www.wikidata.org/entity/Q1159077,http://www.wikidata.org/entity/Q1128631,20.0,2005-01-01T00:00:00Z,2006-01-01T00:00:00Z
http://www.wikidata.org/entity/Q1164635,http://www.wikidata.org/entity/Q1128631,4.0,1999-01-01T00:00:00Z,2002-01-01T00:00:00Z
http://www.wikidata.org/entity/Q83632882,http://www.wikidata.org/entity/Q19481,103.0,2017-01-01T00:00:00Z,2024-01-01T00:00:00Z
http://www.wikidata.org/entity/Q861132,http://www.wikidata.org/entity/Q19607,344.0,2014-01-01T00:00:00Z,2024-01-01T00:00:00Z
http://www.wikidata.org/entity/Q861192,http://www.wikidata.org/entity/Q19580,13.0,2016-01-01T00:00:00Z,2016-01-01T00:00:00Z
http://www.wikidata.org/entity/Q862883,http://www.wikidata.org/entity/Q19607,6.0,2010-01-01T00:00:00Z,2010-01-01T00:00:00Z
http://www.wikidata.org/entity/Q869477,http://www.wikidata.org/entity/Q19607,23.0,2005-01-01T00:00:00Z,2007-01-01T00:00:00Z
http://www.wikidata.org/entity/Q870397,http://www.wikidata.org/entity/Q19490,77.0,2001-01-01T00:00:00Z,2006-01-01T00:00:00Z
http://www.wikidata.org/entity/Q870804,http://www.wikidata.org/entity/Q19500,6.0,1998-01-01T00:00:00Z,2001-01-01T00:00:00Z
http://www.wikidata.org/entity/Q879557,http://www.wikidata.org/entity/Q19500,55.0,2012-01-01T00:00:00Z,2014-01-01T00:00:00Z
http://www.wikidata.org/entity/Q887695,http://www.wikidata.org/entity/Q19571,3.0,2010-01-01T00:00:00Z,2010-01-01T00:00:00Z
http://www.wikidata.org/entity/Q893814,http://www.wikidata.org/entity/Q19604,18.0,2003-01-01T00:00:00Z,2003-01-01T00:00:00Z
http://www.wikidata.org/entity/Q897070,http://www.wikidata.org/entity/Q19571,15.0,2013-01-01T00:00:00Z,2013-01-01T00:00:00Z
http://www.wikidata.org/entity/Q8980613,http://www.wikidata.org/entity/Q19580,7.0,2004-01-01T00:00:00Z,2004-01-01T00:00:00Z
http://www.wikidata.org/entity/Q8982102,http://www.wikidata.org/entity/Q19580,62.0,2006-01-01T00:00:00Z,2009-01-01T00:00:00Z
http://www.wikidata.org/entity/Q898430,http://www.wikidata.org/entity/Q19498,14.0,2010-01-01T00:00:00Z,2010-01-01T00:00:00Z
http://www.wikidata.org/entity/Q898451,http://www.wikidata.org/entity/Q19498,13.0,2007-01-01T00:00:00Z,2007-01-01T00:00:00Z
http://www.wikidata.org/entity/Q898456,http://www.wikidata.org/entity/Q19500,22.0,2002-01-01T00:00:00Z,2003-01-01T00:00:00Z
http://www.wikidata.org/entity/Q898456,http://www.wikidata.org/entity/Q19481,5.0,2008-01-01T00:00:00Z,2009-01-01T00:00:00Z
http://www.wikidata.org/entity/Q898456,http://www.wikidata.org/entity/Q19580,76.0,1998-01-01T00:00:00Z,2002-01-01T00:00:00Z
http://www.wikidata.org/entity/Q898609,http://www.wikidata.org/entity/Q19500,45.0,2000-01-01T00:00:00Z,2003-01-01T00:00:00Z
http://www.wikidata.org/entity/Q898676,http://www.wikidata.org/entity/Q19568,14.0,2012-01-01T00:00:00Z,2012-01-01T00:00:00Z
http://www.wikidata.org/entity/Q898676,http://www.wikidata.org/entity/Q19568,20.0,2012-01-01T00:00:00Z,2015-01-01T00:00:00Z
http://www.wikidata.org/entity/Q8991466,http://www.wikidata.org/entity/Q19500,119.0,2001-01-01T00:00:00Z,2004-01-01T00:00:00Z
http://www.wikidata.org/entity/Q8991466,http://www.wikidata.org/entity/Q19500,5.0,2000-01-01T00:00:00Z,2001-01-01T00:00:00Z
http://www.wikidata.org/entity/Q8992489,http://www.wikidata.org/entity/Q19571,18.0,2010-01-01T00:00:00Z,2011-01-01T00:00:00Z
http://www.wikidata.org/entity/Q8992489,http://www.wikidata.org/entity/Q19477,35.0,2006-01-01T00:00:00Z,2007-01-01T00:00:00Z
http://www.wikidata.org/entity/Q9012558,http://www.wikidata.org/entity/Q19571,34.0,2014-01-01T00:00:00Z,2015-01-01T00:00:00Z
http://www.wikidata.org/entity/Q901661,http://www.wikidata.org/entity/Q19607,34.0,2010-01-01T00:00:00Z,2011-01-01T00:00:00Z
http://www.wikidata.org/entity/Q902005,http://www.wikidata.org/entity/Q19477,11.0,2010-01-01T00:00:00Z,2010-01-01T00:00:00Z
http://www.wikidata.org/entity/Q902005,http://www.wikidata.org/entity/Q19498,4.0,2012-01-01T00:00:00Z,2012-01-01T00:00:00Z
http://www.wikidata.org/entity/Q902005,http://www.wikidata.org/entity/Q19571,9.0,2009-01-01T00:00:00Z,2010-01-01T00:00:00Z
http://www.wikidata.org/entity/Q902005,http://www.wikidata.org/entity/Q19477,11.0,2010-01-01T00:00:00Z,2011-01-01T00:00:00Z
http://www.wikidata.org/entity/Q902611,http://www.wikidata.org/entity/Q19473,12.0,2015-01-01T00:00:00Z,2015-01-01T00:00:00Z
http://www.wikidata.org/entity/Q902732,http://www.wikidata.org/entity/Q19498,24.0,2022-01-01T00:00:00Z,2023-01-01T00:00:00Z
http://www.wikidata.org/entity/Q902732,http://www.wikidata.org/entity/Q19481,8.0,2009-01-01T00:00:00Z,2009-01-01T00:00:00Z
http://www.wikidata.org/entity/Q902732,http://www.wikidata.org/entity/Q19580,2.0,2019-01-01T00:00:00Z,2019-01-01T00:00:00Z
http://www.wikidata.org/entity/Q902732,http://www.wikidata.org/entity/Q19477,19.0,2013-01-01T00:00:00Z,2013-01-01T00:00:00Z
http://www.wikidata.org/entity/Q902732,http://www.wikidata.org/entity/Q19477,5.0,2012-01-01T00:00:00Z,2012-01-01T00:00:00Z
http://www.wikidata.org/entity/Q902970,http://www.wikidata.org/entity/Q19580,8.0,2004-01-01T00:00:00Z,2004-01-01T00:00:00Z
http://www.wikidata.org/entity/Q902970,http://www.wikidata.org/entity/Q19580,5.0,2005-01-01T00:00:00Z,2005-01-01T00:00:00Z
http://www.wikidata.org/entity/Q912982,http://www.wikidata.org/entity/Q19604,30.0,2005-01-01T00:00:00Z,2006-01-01T00:00:00Z
http://www.wikidata.org/entity/Q9137944,http://www.wikidata.org/entity/Q19580,8.0,2014-01-01T00:00:00Z,2015-01-01T00:00:00Z
http://www.wikidata.org/entity/Q9137944,http://www.wikidata.org/entity/Q19580,12.0,2013-01-01T00:00:00Z,2013-01-01T00:00:00Z
http://www.wikidata.org/entity/Q91531,http://www.wikidata.org/entity/Q19490,5.0,2023-01-01T00:00:00Z,2024-01-01T00:00:00Z
http://www.wikidata.org/entity/Q918374,http://www.wikidata.org/entity/Q19500,4.0,2007-01-01T00:00:00Z,2007-01-01T00:00:00Z
http://www.wikidata.org/entity/Q919182,http://www.wikidata.org/entity/Q19568,2.0,2015-01-01T00:00:00Z,2016-01-01T00:00:00Z
http://www.wikidata.org/entity/Q920349,http://www.wikidata.org/entity/Q19500,0.0,2009-01-01T00:00:00Z,2009-01-01T00:00:00Z
http://www.wikidata.org/entity/Q920349,http://www.wikidata.org/entity/Q19490,123.0,2001-01-01T00:00:00Z,2004-01-01T00:00:00Z
http://www.wikidata.org/entity/Q920425,http://www.wikidata.org/entity/Q19580,18.0,2012-01-01T00:00:00Z,2012-01-01T00:00:00Z
http://www.wikidata.org/entity/Q920425,http://www.wikidata.org/entity/Q19580,18.0,2009-01-01T00:00:00Z,2009-01-01T00:00:00Z
http://www.wikidata.org/entity/Q920425,http://www.wikidata.org/entity/Q19473,80.0,2012-01-01T00:00:00Z,2014-01-01T00:00:00Z
http://www.wikidata.org/entity/Q921060,http://www.wikidata.org/entity/Q19498,3.0,2014-01-01T00:00:00Z,2014-01-01T00:00:00Z
http://www.wikidata.org/entity/Q18982,http://www.wikidata.org/entity/Q19490,6.0,2014-01-01T00:00:00Z,2014-01-01T00:00:00Z
http://www.wikidata.org/entity/Q18982,http://www.wikidata.org/entity/Q19477,7.0,2014-01-01T00:00:00Z,2015-01-01T00:00:00Z
http://www.wikidata.org/entity/Q189827,http://www.wikidata.org/entity/Q1130849,234.0,2001-01-01T00:00:00Z,2008-01-01T00:00:00Z
http://www.wikidata.org/entity/Q190515,http://www.wikidata.org/entity/Q1130849,27.0,2006-01-01T00:00:00Z,2007-01-01T00:00:00Z
http://www.wikidata.org/entity/Q190515,http://www.wikidata.org/entity/Q1130849,24.0,2011-01-01T00:00:00Z,2012-01-01T00:00:00Z
http://www.wikidata.org/entity/Q190651,http://www.wikidata.org/entity/Q1130849,127.0,2001-01-01T00:00:00Z,2007-01-01T00:00:00Z
http://www.wikidata.org/entity/Q190929,http://www.wikidata.org/entity/Q1130849,57.0,2010-01-01T00:00:00Z,2012-01-01T00:00:00Z
http://www.wikidata.org/entity/Q191136,http://www.wikidata.org/entity/Q1130849,230.0,2015-01-01T00:00:00Z,2023-06-01T00:00:00Z
http://www.wikidata.org/entity/Q191136,http://www.wikidata.org/entity/Q1128631,48.0,2002-01-01T00:00:00Z,2004-01-01T00:00:00Z
http://www.wikidata.org/entity/Q191151,http://www.wikidata.org/entity/Q1130849,18.0,2009-01-01T00:00:00Z,2012-01-01T00:00:00Z
http://www.wikidata.org/entity/Q191162,http://www.wikidata.org/entity/Q1130849,150.0,2000-01-01T00:00:00Z,2004-01-01T00:00:00Z
http://www.wikidata.org/entity/Q19181,http://www.wikidata.org/entity/Q19571,16.0,2002-01-01T00:00:00Z,2005-01-01T00:00:00Z
http://www.wikidata.org/entity/Q1921734,http://www.wikidata.org/entity/Q1128631,11.0,2014-01-01T00:00:00Z,2014-01-01T00:00:00Z
http://www.wikidata.org/entity/Q1928,http://www.wikidata.org/entity/Q19477,8.0,2014-01-01T00:00:00Z,2014-01-01T00:00:00Z
http://www.wikidata.org/entity/Q192840,http://www.wikidata.org/entity/Q1130849,464.0,1999-01-01T00:00:00Z,2009-01-01T00:00:00Z
http://www.wikidata.org/entity/Q192913,http://www.wikidata.org/entity/Q1130849,242.0,2008-01-01T00:00:00Z,2016-01-01T00:00:00Z
http://www.wikidata.org/entity/Q19350,http://www.wikidata.org/entity/Q19500,250.0,2006-01-01T00:00:00Z,2013-01-01T00:00:00Z
http://www.wikidata.org/entity/Q194149,http://www.wikidata.org/entity/Q1130849,103.0,2017-01-01T00:00:00Z,2023-01-01T00:00:00Z
http://www.wikidata.org/entity/Q195403,http://www.wikidata.org/entity/Q1130849,0.0,2010-01-01T00:00:00Z,2011-01-01T00:00:00Z
http://www.wikidata.org/entity/Q566351,http://www.wikidata.org/entity/Q19568,5.0,2006-01-01T00:00:00Z,2007-01-01T00:00:00Z
http://www.wikidata.org/entity/Q5667604,http://www.wikidata.org/entity/Q19473,0.0,2013-01-01T00:00:00Z,2014-01-01T00:00:00Z
http://www.wikidata.org/entity/Q5667604,http://www.wikidata.org/entity/Q19607,2.0,2013-01-01T00:00:00Z,2013-01-01T00:00:00Z
http://www.wikidata.org/entity/Q5671309,http://www.wikidata.org/entity/Q19482,10.0,2004-01-01T00:00:00Z,2004-01-01T00:00:00Z
http://www.wikidata.org/entity/Q5686848,http://www.wikidata.org/entity/Q19580,12.0,2012-01-01T00:00:00Z,2013-01-01T00:00:00Z
http://www.wikidata.org/entity/Q569028,http://www.wikidata.org/entity/Q19477,86.0,2004-01-01T00:00:00Z,2006-01-01T00:00:00Z
http://www.wikidata.org/entity/Q573275,http://www.wikidata.org/entity/Q19568,2.0,2012-01-01T00:00:00Z,2013-01-01T00:00:00Z
http://www.wikidata.org/entity/Q573341,http://www.wikidata.org/entity/Q19490,14.0,2005-01-01T00:00:00Z,2008-01-01T00:00:00Z
http://www.wikidata.org/entity/Q573457,http://www.wikidata.org/entity/Q19477,52.0,2008-01-01T00:00:00Z,2011-01-01T00:00:00Z
http://www.wikidata.org/entity/Q573457,http://www.wikidata.org/entity/Q19477,8.0,2008-01-01T00:00:00Z,2008-01-01T00:00:00Z
http://www.wikidata.org/entity/Q573457,http://www.wikidata.org/entity/Q19477,80.0,2005-01-01T00:00:00Z,2007-01-01T00:00:00Z
http://www.wikidata.org/entity/Q574121,http://www.wikidata.org/entity/Q19473,1.0,1999-01-01T00:00:00Z,2000-01-01T00:00:00Z
http://www.wikidata.org/entity/Q574436,http://www.wikidata.org/entity/Q19500,31.0,2007-01-01T00:00:00Z,2008-01-01T00:00:00Z
http://www.wikidata.org/entity/Q574436,http://www.wikidata.org/entity/Q19580,113.0,2008-01-01T00:00:00Z,2012-01-01T00:00:00Z
http://www.wikidata.org/entity/Q575382,http://www.wikidata.org/entity/Q19571,22.0,2014-01-01T00:00:00Z,2014-01-01T00:00:00Z
http://www.wikidata.org/entity/Q576245,http://www.wikidata.org/entity/Q19477,4.0,2002-01-01T00:00:00Z,2002-01-01T00:00:00Z
http://www.wikidata.org/entity/Q576520,http://www.wikidata.org/entity/Q19482,131.0,1999-01-01T00:00:00Z,2003-01-01T00:00:00Z
http://www.wikidata.org/entity/Q577187,http://www.wikidata.org/entity/Q19490,35.0,2009-01-01T00:00:00Z,2010-01-01T00:00:00Z
http://www.wikidata.org/entity/Q577187,http://www.wikidata.org/entity/Q19490,109.0,2010-01-01T00:00:00Z,2015-01-01T00:00:00Z
http://www.wikidata.org/entity/Q577187,http://www.wikidata.org/entity/Q19473,8.0,2014-01-01T00:00:00Z,2015-01-01T00:00:00Z
http://www.wikidata.org/entity/Q577343,http://www.wikidata.org/entity/Q19498,59.0,1999-01-01T00:00:00Z,2001-01-01T00:00:00Z
http://www.wikidata.org/entity/Q578292,http://www.wikidata.org/entity/Q19498,0.0,2012-01-01T00:00:00Z,2012-01-01T00:00:00Z
http://www.wikidata.org/entity/Q579125,http://www.wikidata.org/entity/Q19477,7.0,2011-01-01T00:00:00Z,2011-01-01T00:00:00Z
http://www.wikidata.org/entity/Q5800603,http://www.wikidata.org/entity/Q19498,49.0,2000-01-01T00:00:00Z,2003-01-01T00:00:00Z
http://www.wikidata.org/entity/Q582755,http://www.wikidata.org/entity/Q19500,11.0,2013-01-01T00:00:00Z,2013-01-01T00:00:00Z
http://www.wikidata.org/entity/Q582755,http://www.wikidata.org/entity/Q19568,11.0,2007-01-01T00:00:00Z,2008-01-01T00:00:00Z
http://www.wikidata.org/entity/Q5890965,http://www.wikidata.org/entity/Q19473,4.0,2008-01-01T00:00:00Z,2008-01-01T00:00:00Z
http://www.wikidata.org/entity/Q5906355,http://www.wikidata.org/entity/Q19481,6.0,2010-01-01T00:00:00Z,2012-01-01T00:00:00Z
http://www.wikidata.org/entity/Q14182684,http://www.wikidata.org/entity/Q1130849,0.0,2013-01-01T00:00:00Z,2014-01-01T00:00:00Z
http://www.wikidata.org/entity/Q142907,http://www.wikidata.org/entity/Q1128631,6.0,2007-01-01T00:00:00Z,2007-01-01T00:00:00Z
http://www.wikidata.org/entity/Q1435000,http://www.wikidata.org/entity/Q1128631,13.0,2007-01-01T00:00:00Z,2007-01-01T00:00:00Z
http://www.wikidata.org/entity/Q144579,http://www.wikidata.org/entity/Q1130849,0.0,2003-01-01T00:00:00Z,2003-01-01T00:00:00Z
http://www.wikidata.org/entity/Q6965253,http://www.wikidata.org/entity/Q19568,29.0,2000-01-01T00:00:00Z,2003-01-01T00:00:00Z
http://www.wikidata.org/entity/Q6967827,http://www.wikidata.org/entity/Q19473,76.0,2000-01-01T00:00:00Z,2005-01-01T00:00:00Z
http://www.wikidata.org/entity/Q6968847,http://www.wikidata.org/entity/Q19571,16.0,2006-01-01T00:00:00Z,2007-01-01T00:00:00Z
http://www.wikidata.org/entity/Q6968912,http://www.wikidata.org/entity/Q19500,75.0,2001-01-01T00:00:00Z,2004-01-01T00:00:00Z
http://www.wikidata.org/entity/Q6968912,http://www.wikidata.org/entity/Q19481,14.0,2004-01-01T00:00:00Z,2005-01-01T00:00:00Z
http://www.wikidata.org/entity/Q6968947,http://www.wikidata.org/entity/Q19568,9.0,2011-01-01T00:00:00Z,2012-01-01T00:00:00Z
http://www.wikidata.org/entity/Q6968947,http://www.wikidata.org/entity/Q19571,11.0,2011-01-01T00:00:00Z,2011-01-01T00:00:00Z
http://www.wikidata.org/entity/Q6968952,http://www.wikidata.org/entity/Q19580,48.0,2008-01-01T00:00:00Z,2013-01-01T00:00:00Z
http://www.wikidata.org/entity/Q6969192,http://www.wikidata.org/entity/Q19500,0.0,1998-01-01T00:00:00Z,1999-01-01T00:00:00Z
http://www.wikidata.org/entity/Q6969280,http://www.wikidata.org/entity/Q19477,2.0,1999-01-01T00:00:00Z,2005-01-01T00:00:00Z
http://www.wikidata.org/entity/Q6969366,http://www.wikidata.org/entity/Q19500,0.0,2003-01-01T00:00:00Z,2004-01-01T00:00:00Z
http://www.wikidata.org/entity/Q6969376,http://www.wikidata.org/entity/Q19604,67.0,2017-01-01T00:00:00Z,2019-01-01T00:00:00Z
http://www.wikidata.org/entity/Q6984202,http://www.wikidata.org/entity/Q19473,21.0,2010-01-01T00:00:00Z,2010-01-01T00:00:00Z
http://www.wikidata.org/entity/Q6988272,http://www.wikidata.org/entity/Q19604,26.0,2001-01-01T00:00:00Z,2004-01-01T00:00:00Z
http://www.wikidata.org/entity/Q6988287,http://www.wikidata.org/entity/Q19498,0.0,1998-01-01T00:00:00Z,2000-01-01T00:00:00Z
http://www.wikidata.org/entity/Q6988618,http://www.wikidata.org/entity/Q19498,0.0,2001-01-01T00:00:00Z,2002-01-01T00:00:00Z
http://www.wikidata.org/entity/Q6988789,http://www.wikidata.org/entity/Q19482,0.0,2001-01-01T00:00:00Z,2002-01-01T00:00:00Z
http://www.wikidata.org/entity/Q6989068,http://www.wikidata.org/entity/Q19568,14.0,2002-01-01T00:00:00Z,2002-01-01T00:00:00Z
http://www.wikidata.org/entity/Q6989068,http://www.wikidata.org/entity/Q19568,149.0,2003-01-01T00:00:00Z,2008-01-01T00:00:00Z
http://www.wikidata.org/entity/Q6989311,http://www.wikidata.org/entity/Q19490,20.0,1998-01-01T00:00:00Z,1999-01-01T00:00:00Z
http://www.wikidata.org/entity/Q6989311,http://www.wikidata.org/entity/Q19607,39.0,2005-01-01T00:00:00Z,2007-01-01T00:00:00Z
http://www.wikidata.org/entity/Q6989311,http://www.wikidata.org/entity/Q19571,11.0,2007-01-01T00:00:00Z,2007-01-01T00:00:00Z
http://www.wikidata.org/entity/Q6989311,http://www.wikidata.org/entity/Q19482,87.0,2001-01-01T00:00:00Z,2003-01-01T00:00:00Z
http://www.wikidata.org/entity/Q6989499,http://www.wikidata.org/entity/Q19580,17.0,2004-01-01T00:00:00Z,2005-01-01T00:00:00Z
http://www.wikidata.org/entity/Q6999963,http://www.wikidata.org/entity/Q19607,351.0,2000-01-01T00:00:00Z,2012-01-01T00:00:00Z
http://www.wikidata.org/entity/Q703648,http://www.wikidata.org/entity/Q19481,11.0,2007-01-01T00:00:00Z,2008-01-01T00:00:00Z
http://www.wikidata.org/entity/Q703648,http://www.wikidata.org/entity/Q19481,11.0,2007-01-01T00:00:00Z,2007-01-01T00:00:00Z
http://www.wikidata.org/entity/Q704367,http://www.wikidata.org/entity/Q19482,10.0,2003-01-01T00:00:00Z,2003-01-01T00:00:00Z
http://www.wikidata.org/entity/Q704840,http://www.wikidata.org/entity/Q19580,9.0,2001-01-01T00:00:00Z,2002-01-01T00:00:00Z
http://www.wikidata.org/entity/Q704840,http://www.wikidata.org/entity/Q19580,60.0,1997-01-01T00:00:00Z,1999-01-01T00:00:00Z
http://www.wikidata.org/entity/Q704887,http://www.wikidata.org/entity/Q19580,13.0,2010-01-01T00:00:00Z,2011-01-01T00:00:00Z
http://www.wikidata.org/entity/Q705494,http://www.wikidata.org/entity/Q19500,6.0,2003-01-01T00:00:00Z,2004-01-01T00:00:00Z
http://www.wikidata.org/entity/Q70564,http://www.wikidata.org/entity/Q19500,40.0,2009-01-01T00:00:00Z,2011-01-01T00:00:00Z
http://www.wikidata.org/entity/Q706028,http://www.wikidata.org/entity/Q19604,17.0,2001-01-01T00:00:00Z,2001-01-01T00:00:00Z
http://www.wikidata.org/entity/Q706113,http://www.wikidata.org/entity/Q19607,71.0,2002-01-01T00:00:00Z,2005-01-01T00:00:00Z
http://www.wikidata.org/entity/Q707180,http://www.wikidata.org/entity/Q19500,6.0,2008-01-01T00:00:00Z,2008-01-01T00:00:00Z
http://www.wikidata.org/entity/Q708079,http://www.wikidata.org/entity/Q19481,38.0,2007-01-01T00:00:00Z,2009-01-01T00:00:00Z
http://www.wikidata.org/entity/Q709059,http://www.wikidata.org/entity/Q19490,57.0,2002-01-01T00:00:00Z,2004-01-01T00:00:00Z
http://www.wikidata.org/entity/Q709059,http://www.wikidata.org/entity/Q19498,309.0,1993-01-01T00:00:00Z,2001-01-01T00:00:00Z
http://www.wikidata.org/entity/Q709276,http://www.wikidata.org/entity/Q19580,7.0,2007-07-01T00:00:00Z,2008-08-01T00:00:00Z
http://www.wikidata.org/entity/Q710047,http://www.wikidata.org/entity/Q19604,80.0,2012-01-01T00:00:00Z,2015-01-01T00:00:00Z
http://www.wikidata.org/entity/Q710047,http://www.wikidata.org/entity/Q19607,35.0,2010-01-01T00:00:00Z,2012-01-01T00:00:00Z
http://www.wikidata.org/entity/Q507961,http://www.wikidata.org/entity/Q48879,24.0,2005-01-01T00:00:00Z,2006-01-01T00:00:00Z
http://www.wikidata.org/entity/Q5085599,http://www.wikidata.org/entity/Q48879,3.0,2012-01-01T00:00:00Z,2012-01-01T00:00:00Z
http://www.wikidata.org/entity/Q5106344,http://www.wikidata.org/entity/Q48879,7.0,2012-01-01T00:00:00Z,2012-01-01T00:00:00Z
http://www.wikidata.org/entity/Q5107628,http://www.wikidata.org/entity/Q48879,2.0,2009-01-01T00:00:00Z,2009-01-01T00:00:00Z
http://www.wikidata.org/entity/Q5108053,http://www.wikidata.org/entity/Q50602,5.0,2000-01-01T00:00:00Z,2004-01-01T00:00:00Z
http://www.wikidata.org/entity/Q5129498,http://www.wikidata.org/entity/Q48879,50.0,2001-01-01T00:00:00Z,2003-01-01T00:00:00Z
http://www.wikidata.org/entity/Q5130214,http://www.wikidata.org/entity/Q48879,55.0,2019-01-01T00:00:00Z,2021-01-01T00:00:00Z
http://www.wikidata.org/entity/Q5130297,http://www.wikidata.org/entity/Q50602,0.0,2008-01-01T00:00:00Z,2009-01-01T00:00:00Z
http://www.wikidata.org/entity/Q5162043,http://www.wikidata.org/entity/Q48879,0.0,2013-01-01T00:00:00Z,2014-01-01T00:00:00Z
http://www.wikidata.org/entity/Q516985,http://www.wikidata.org/entity/Q50602,92.0,2003-01-01T00:00:00Z,2006-01-01T00:00:00Z
http://www.wikidata.org/entity/Q518043,http://www.wikidata.org/entity/Q48879,5.0,2004-01-01T00:00:00Z,2004-01-01T00:00:00Z
http://www.wikidata.org/entity/Q5180699,http://www.wikidata.org/entity/Q48879,7.0,2005-01-01T00:00:00Z,2005-01-01T00:00:00Z
http://www.wikidata.org/entity/Q5180731,http://www.wikidata.org/entity/Q48879,30.0,2004-01-01T00:00:00Z,2008-01-01T00:00:00Z
http://www.wikidata.org/entity/Q5181350,http://www.wikidata.org/entity/Q48879,35.0,1997-01-01T00:00:00Z,1999-01-01T00:00:00Z
http://www.wikidata.org/entity/Q5195843,http://www.wikidata.org/entity/Q50602,0.0,2007-01-01T00:00:00Z,2009-01-01T00:00:00Z
http://www.wikidata.org/entity/Q5220202,http://www.wikidata.org/entity/Q48879,52.0,2002-01-01T00:00:00Z,2004-01-01T00:00:00Z
http://www.wikidata.org/entity/Q5220202,http://www.wikidata.org/entity/Q48879,39.0,2005-01-01T00:00:00Z,2006-01-01T00:00:00Z
http://www.wikidata.org/entity/Q5220358,http://www.wikidata.org/entity/Q48879,50.0,2002-01-01T00:00:00Z,2005-01-01T00:00:00Z
http://www.wikidata.org/entity/Q5220397,http://www.wikidata.org/entity/Q50602,11.0,1999-01-01T00:00:00Z,1999-01-01T00:00:00Z
http://www.wikidata.org/entity/Q5220397,http://www.wikidata.org/entity/Q50602,59.0,1999-01-01T00:00:00Z,2001-01-01T00:00:00Z
http://www.wikidata.org/entity/Q5229957,http://www.wikidata.org/entity/Q48879,55.0,2010-01-01T00:00:00Z,2012-01-01T00:00:00Z
http://www.wikidata.org/entity/Q5231077,http://www.wikidata.org/entity/Q50602,0.0,2009-01-01T00:00:00Z,2011-01-01T00:00:00Z
http://www.wikidata.org/entity/Q5231811,http://www.wikidata.org/entity/Q48879,5.0,2008-01-01T00:00:00Z,2008-01-01T00:00:00Z
http://www.wikidata.org/entity/Q5233602,http://www.wikidata.org/entity/Q50602,0.0,2006-01-01T00:00:00Z,2007-01-01T00:00:00Z
http://www.wikidata.org/entity/Q5234299,http://www.wikidata.org/entity/Q48879,22.0,2006-01-01T00:00:00Z,2007-01-01T00:00:00Z
http://www.wikidata.org/entity/Q525122,http://www.wikidata.org/entity/Q50602,1.0,2001-01-01T00:00:00Z,2002-01-01T00:00:00Z
http://www.wikidata.org/entity/Q525943,http://www.wikidata.org/entity/Q48879,15.0,2013-01-01T00:00:00Z,2014-01-01T00:00:00Z
http://www.wikidata.org/entity/Q525943,http://www.wikidata.org/entity/Q48879,77.0,2002-01-01T00:00:00Z,2004-01-01T00:00:00Z
http://www.wikidata.org/entity/Q527271,http://www.wikidata.org/entity/Q50602,0.0,2002-01-01T00:00:00Z,2002-01-01T00:00:00Z
http://www.wikidata.org/entity/Q527271,http://www.wikidata.org/entity/Q50602,0.0,2003-01-01T00:00:00Z,2003-01-01T00:00:00Z
http://www.wikidata.org/entity/Q5290638,http://www.wikidata.org/entity/Q48879,2.0,2011-01-01T00:00:00Z,2012-01-01T00:00:00Z
http://www.wikidata.org/entity/Q5293878,http://www.wikidata.org/entity/Q50602,0.0,2008-01-01T00:00:00Z,2011-01-01T00:00:00Z
http://www.wikidata.org/entity/Q55956044,http://www.wikidata.org/entity/Q50602,0.0,2018-01-01T00:00:00Z,2022-01-01T00:00:00Z
http://www.wikidata.org/entity/Q1370411,http://www.wikidata.org/entity/Q1128631,122.0,2008-01-01T00:00:00Z,2011-01-01T00:00:00Z
http://www.wikidata.org/entity/Q1382910,http://www.wikidata.org/entity/Q1128631,0.0,2004-01-01T00:00:00Z,2004-01-01T00:00:00Z
http://www.wikidata.org/entity/Q1385547,http://www.wikidata.org/entity/Q1128631,8.0,2004-01-01T00:00:00Z,2005-01-01T00:00:00Z
http://www.wikidata.org/entity/Q1386748,http://www.wikidata.org/entity/Q1130849,4.0,2001-01-01T00:00:00Z,2006-01-01T00:00:00Z
http://www.wikidata.org/entity/Q7263166,http://www.wikidata.org/entity/Q19607,95.0,1996-01-01T00:00:00Z,2000-01-01T00:00:00Z
http://www.wikidata.org/entity/Q727293,http://www.wikidata.org/entity/Q19604,15.0,1999-01-01T00:00:00Z,2002-01-01T00:00:00Z
http://www.wikidata.org/entity/Q7282512,http://www.wikidata.org/entity/Q19571,20.0,2013-01-01T00:00:00Z,2014-01-01T00:00:00Z
http://www.wikidata.org/entity/Q7282526,http://www.wikidata.org/entity/Q19580,0.0,1999-01-01T00:00:00Z,1999-01-01T00:00:00Z
http://www.wikidata.org/entity/Q729775,http://www.wikidata.org/entity/Q19568,8.0,2011-01-01T00:00:00Z,2011-01-01T00:00:00Z
http://www.wikidata.org/entity/Q730452,http://www.wikidata.org/entity/Q19481,72.0,2005-01-01T00:00:00Z,2007-01-01T00:00:00Z
http://www.wikidata.org/entity/Q730452,http://www.wikidata.org/entity/Q19607,11.0,2014-01-01T00:00:00Z,2014-01-01T00:00:00Z
http://www.wikidata.org/entity/Q731412,http://www.wikidata.org/entity/Q19482,96.0,2001-01-01T00:00:00Z,2004-01-01T00:00:00Z
http://www.wikidata.org/entity/Q731869,http://www.wikidata.org/entity/Q19607,78.0,2007-01-01T00:00:00Z,2012-01-01T00:00:00Z
http://www.wikidata.org/entity/Q731946,http://www.wikidata.org/entity/Q19604,174.0,2000-01-01T00:00:00Z,2007-01-01T00:00:00Z
http://www.wikidata.org/entity/Q7324882,http://www.wikidata.org/entity/Q19490,3.0,1998-01-01T00:00:00Z,2001-01-01T00:00:00Z
http://www.wikidata.org/entity/Q7325443,http://www.wikidata.org/entity/Q19607,1.0,2003-01-01T00:00:00Z,2003-01-01T00:00:00Z
http://www.wikidata.org/entity/Q7325548,http://www.wikidata.org/entity/Q19498,10.0,2003-01-01T00:00:00Z,2006-01-01T00:00:00Z
http://www.wikidata.org/entity/Q7326471,http://www.wikidata.org/entity/Q19477,45.0,2003-01-01T00:00:00Z,2005-01-01T00:00:00Z
http://www.wikidata.org/entity/Q7326471,http://www.wikidata.org/entity/Q19498,67.0,2007-01-01T00:00:00Z,2011-01-01T00:00:00Z
http://www.wikidata.org/entity/Q7326486,http://www.wikidata.org/entity/Q19490,0.0,1996-01-01T00:00:00Z,2000-01-01T00:00:00Z
http://www.wikidata.org/entity/Q7327114,http://www.wikidata.org/entity/Q19477,1.0,1999-01-01T00:00:00Z,1999-01-01T00:00:00Z
http://www.wikidata.org/entity/Q7328126,http://www.wikidata.org/entity/Q19498,19.0,2006-01-01T00:00:00Z,2012-01-01T00:00:00Z
http://www.wikidata.org/entity/Q7328321,http://www.wikidata.org/entity/Q19477,174.0,1993-01-01T00:00:00Z,1999-01-01T00:00:00Z
http://www.wikidata.org/entity/Q7332093,http://www.wikidata.org/entity/Q19604,53.0,2013-01-01T00:00:00Z,2015-01-01T00:00:00Z
http://www.wikidata.org/entity/Q7332144,http://www.wikidata.org/entity/Q19571,30.0,2005-01-01T00:00:00Z,2006-01-01T00:00:00Z
http://www.wikidata.org/entity/Q7332188,http://www.wikidata.org/entity/Q19568,3.0,2008-01-01T00:00:00Z,2008-01-01T00:00:00Z
http://www.wikidata.org/entity/Q7332188,http://www.wikidata.org/entity/Q19481,1.0,2007-01-01T00:00:00Z,2010-01-01T00:00:00Z
http://www.wikidata.org/entity/Q7336670,http://www.wikidata.org/entity/Q19498,67.0,1996-01-01T00:00:00Z,2001-01-01T00:00:00Z
http://www.wikidata.org/entity/Q733766,http://www.wikidata.org/entity/Q19604,15.0,2006-01-01T00:00:00Z,2007-01-01T00:00:00Z
http://www.wikidata.org/entity/Q736501,http://www.wikidata.org/entity/Q19490,182.0,1999-01-01T00:00:00Z,2005-01-01T00:00:00Z
http://www.wikidata.org/entity/Q736501,http://www.wikidata.org/entity/Q19490,16.0,1998-01-01T00:00:00Z,1999-01-01T00:00:00Z
http://www.wikidata.org/entity/Q7627253,http://www.wikidata.org/entity/Q19481,22.0,1996-01-01T00:00:00Z,2000-01-01T00:00:00Z
http://www.wikidata.org/entity/Q6111756,http://www.wikidata.org/entity/Q19604,12.0,2012-01-01T00:00:00Z,2012-01-01T00:00:00Z
http://www.wikidata.org/entity/Q6113268,http://www.wikidata.org/entity/Q19498,19.0,2015-01-01T00:00:00Z,2015-01-01T00:00:00Z
http://www.wikidata.org/entity/Q6113268,http://www.wikidata.org/entity/Q19473,104.0,2009-01-01T00:00:00Z,2013-01-01T00:00:00Z
http://www.wikidata.org/entity/Q6113268,http://www.wikidata.org/entity/Q19490,17.0,2014-01-01T00:00:00Z,2014-01-01T00:00:00Z
http://www.wikidata.org/entity/Q6113669,http://www.wikidata.org/entity/Q19490,99.0,2000-01-01T00:00:00Z,2003-01-01T00:00:00Z
http://www.wikidata.org/entity/Q6113669,http://www.wikidata.org/entity/Q19607,44.0,2003-01-01T00:00:00Z,2004-01-01T00:00:00Z
http://www.wikidata.org/entity/Q6113669,http://www.wikidata.org/entity/Q19490,76.0,2004-01-01T00:00:00Z,2007-01-01T00:00:00Z
http://www.wikidata.org/entity/Q616045,http://www.wikidata.org/entity/Q19607,16.0,2009-01-01T00:00:00Z,2009-01-01T00:00:00Z
http://www.wikidata.org/entity/Q616045,http://www.wikidata.org/entity/Q19498,7.0,2012-01-01T00:00:00Z,2012-01-01T00:00:00Z
http://www.wikidata.org/entity/Q6182301,http://www.wikidata.org/entity/Q19482,105.0,2001-01-01T00:00:00Z,2004-01-01T00:00:00Z
http://www.wikidata.org/entity/Q6182314,http://www.wikidata.org/entity/Q19580,5.0,2008-01-01T00:00:00Z,2008-01-01T00:00:00Z
http://www.wikidata.org/entity/Q6183132,http://www.wikidata.org/entity/Q19571,1.0,2004-01-01T00:00:00Z,2005-01-01T00:00:00Z
http://www.wikidata.org/entity/Q6185825,http://www.wikidata.org/entity/Q19580,0.0,1999-01-01T00:00:00Z,2003-01-01T00:00:00Z
http://www.wikidata.org/entity/Q6186603,http://www.wikidata.org/entity/Q19490,17.0,2022-01-01T00:00:00Z,2023-01-01T00:00:00Z
http://www.wikidata.org/entity/Q6186603,http://www.wikidata.org/entity/Q19481,5.0,2012-01-01T00:00:00Z,2013-01-01T00:00:00Z
http://www.wikidata.org/entity/Q7828898,http://www.wikidata.org/entity/Q19604,8.0,2014-01-01T00:00:00Z,2014-01-01T00:00:00Z
http://www.wikidata.org/entity/Q1929,http://www.wikidata.org/entity/Q50602,138.0,2011-07-04T00:00:00Z,2017-07-06T00:00:00Z
http://www.wikidata.org/entity/Q19350,http://www.wikidata.org/entity/Q48879,4.0,2018-01-01T00:00:00Z,2018-01-01T00:00:00Z
http://www.wikidata.org/entity/Q1938,http://www.wikidata.org/entity/Q50602,54.0,2014-01-01T00:00:00Z,2017-01-01T00:00:00Z
http://www.wikidata.org/entity/Q1939,http://www.wikidata.org/entity/Q50602,89.0,2002-05-24T00:00:00Z,2005-01-01T00:00:00Z
http://www.wikidata.org/entity/Q5494070,http://www.wikidata.org/entity/Q48879,5.0,2003-01-01T00:00:00Z,2004-01-01T00:00:00Z
http://www.wikidata.org/entity/Q5585975,http://www.wikidata.org/entity/Q48879,21.0,1997-01-01T00:00:00Z,1999-01-01T00:00:00Z
http://www.wikidata.org/entity/Q5592318,http://www.wikidata.org/entity/Q48879,44.0,2008-01-01T00:00:00Z,2009-01-01T00:00:00Z
http://www.wikidata.org/entity/Q561044,http://www.wikidata.org/entity/Q50602,17.0,2005-01-01T00:00:00Z,2008-01-01T00:00:00Z
http://www.wikidata.org/entity/Q5622118,http://www.wikidata.org/entity/Q48879,16.0,2011-01-01T00:00:00Z,2012-01-01T00:00:00Z
http://www.wikidata.org/entity/Q5622836,http://www.wikidata.org/entity/Q48879,18.0,2007-01-01T00:00:00Z,2007-01-01T00:00:00Z
http://www.wikidata.org/entity/Q5667604,http://www.wikidata.org/entity/Q50602,0.0,2011-01-01T00:00:00Z,2014-01-01T00:00:00Z
http://www.wikidata.org/entity/Q573457,http://www.wikidata.org/entity/Q48879,31.0,2011-01-01T00:00:00Z,2012-01-01T00:00:00Z
http://www.wikidata.org/entity/Q147589,http://www.wikidata.org/entity/Q1130849,71.0,2013-01-01T00:00:00Z,2016-01-01T00:00:00Z
http://www.wikidata.org/entity/Q6831577,http://www.wikidata.org/entity/Q19500,9.0,2013-01-01T00:00:00Z,2014-01-01T00:00:00Z
http://www.wikidata.org/entity/Q6831577,http://www.wikidata.org/entity/Q19500,33.0,2014-01-01T00:00:00Z,2015-01-01T00:00:00Z
http://www.wikidata.org/entity/Q6831802,http://www.wikidata.org/entity/Q19477,20.0,2004-01-01T00:00:00Z,2005-01-01T00:00:00Z
http://www.wikidata.org/entity/Q6833568,http://www.wikidata.org/entity/Q19604,0.0,2014-01-01T00:00:00Z,2016-01-01T00:00:00Z
http://www.wikidata.org/entity/Q6833622,http://www.wikidata.org/entity/Q19481,0.0,2000-01-01T00:00:00Z,2003-01-01T00:00:00Z
http://www.wikidata.org/entity/Q6833677,http://www.wikidata.org/entity/Q19580,4.0,2009-01-01T00:00:00Z,2011-01-01T00:00:00Z
http://www.wikidata.org/entity/Q6833743,http://www.wikidata.org/entity/Q19568,3.0,2008-01-01T00:00:00Z,2008-01-01T00:00:00Z
http://www.wikidata.org/entity/Q6833774,http://www.wikidata.org/entity/Q19498,15.0,2003-01-01T00:00:00Z,2003-01-01T00:00:00Z
http://www.wikidata.org/entity/Q6833774,http://www.wikidata.org/entity/Q19498,12.0,2003-01-01T00:00:00Z,2004-01-01T00:00:00Z
http://www.wikidata.org/entity/Q6833774,http://www.wikidata.org/entity/Q19477,5.0,2001-01-01T00:00:00Z,2001-01-01T00:00:00Z
http://www.wikidata.org/entity/Q6834287,http://www.wikidata.org/entity/Q19473,4.0,1999-01-01T00:00:00Z,2002-01-01T00:00:00Z
http://www.wikidata.org/entity/Q6834469,http://www.wikidata.org/entity/Q19604,16.0,2016-01-01T00:00:00Z,2016-01-01T00:00:00Z
http://www.wikidata.org/entity/Q6834536,http://www.wikidata.org/entity/Q19571,25.0,2010-01-01T00:00:00Z,2012-01-01T00:00:00Z
http://www.wikidata.org/entity/Q6834554,http://www.wikidata.org/entity/Q19568,1.0,2007-01-01T00:00:00Z,2007-01-01T00:00:00Z
http://www.wikidata.org/entity/Q6835001,http://www.wikidata.org/entity/Q19607,12.0,1998-01-01T00:00:00Z,1999-01-01T00:00:00Z
http://www.wikidata.org/entity/Q6835945,http://www.wikidata.org/entity/Q19604,56.0,1998-01-01T00:00:00Z,1999-01-01T00:00:00Z
http://www.wikidata.org/entity/Q6939510,http://www.wikidata.org/entity/Q19473,51.0,2012-01-01T00:00:00Z,2016-01-01T00:00:00Z
http://www.wikidata.org/entity/Q6943428,http://www.wikidata.org/entity/Q19473,15.0,2015-01-01T00:00:00Z,2016-01-01T00:00:00Z
http://www.wikidata.org/entity/Q6947714,http://www.wikidata.org/entity/Q19571,108.0,2009-01-01T00:00:00Z,2012-01-01T00:00:00Z
http://www.wikidata.org/entity/Q695828,http://www.wikidata.org/entity/Q19604,7.0,2007-01-01T00:00:00Z,2007-01-01T00:00:00Z
http://www.wikidata.org/entity/Q695828,http://www.wikidata.org/entity/Q19604,14.0,2007-01-01T00:00:00Z,2009-01-01T00:00:00Z
http://www.wikidata.org/entity/Q69965,http://www.wikidata.org/entity/Q19607,16.0,2007-01-01T00:00:00Z,2008-01-01T00:00:00Z
http://www.wikidata.org/entity/Q699824,http://www.wikidata.org/entity/Q19481,75.0,2005-07-06T00:00:00Z,2007-05-21T00:00:00Z
http://www.wikidata.org/entity/Q7028171,http://www.wikidata.org/entity/Q19498,0.0,2008-01-01T00:00:00Z,2010-01-01T00:00:00Z
http://www.wikidata.org/entity/Q7028642,http://www.wikidata.org/entity/Q19607,5.0,2005-01-01T00:00:00Z,2009-01-01T00:00:00Z
http://www.wikidata.org/entity/Q7028647,http://www.wikidata.org/entity/Q19607,62.0,1997-01-01T00:00:00Z,1999-01-01T00:00:00Z
http://www.wikidata.org/entity/Q7028653,http://www.wikidata.org/entity/Q19477,27.0,2001-01-01T00:00:00Z,2002-01-01T00:00:00Z
http://www.wikidata.org/entity/Q7028692,http://www.wikidata.org/entity/Q19490,67.0,2005-01-01T00:00:00Z,2007-01-01T00:00:00Z
http://www.wikidata.org/entity/Q7605982,http://www.wikidata.org/entity/Q19500,0.0,2000-01-01T00:00:00Z,2001-01-01T00:00:00Z
http://www.wikidata.org/entity/Q7606225,http://www.wikidata.org/entity/Q19481,64.0,1998-01-01T00:00:00Z,2003-01-01T00:00:00Z
http://www.wikidata.org/entity/Q7608942,http://www.wikidata.org/entity/Q19568,7.0,2002-01-01T00:00:00Z,2002-01-01T00:00:00Z
http://www.wikidata.org/entity/Q7608942,http://www.wikidata.org/entity/Q19568,40.0,2005-01-01T00:00:00Z,2007-01-01T00:00:00Z
http://www.wikidata.org/entity/Q7608942,http://www.wikidata.org/entity/Q19568,3.0,2004-01-01T00:00:00Z,2004-01-01T00:00:00Z
http://www.wikidata.org/entity/Q7609028,http://www.wikidata.org/entity/Q19481,0.0,2003-01-01T00:00:00Z,2005-01-01T00:00:00Z
http://www.wikidata.org/entity/Q7609158,http://www.wikidata.org/entity/Q19571,48.0,2002-01-01T00:00:00Z,2004-01-01T00:00:00Z
http://www.wikidata.org/entity/Q7609529,http://www.wikidata.org/entity/Q19571,12.0,2002-01-01T00:00:00Z,2004-01-01T00:00:00Z
http://www.wikidata.org/entity/Q7609585,http://www.wikidata.org/entity/Q19607,0.0,2003-01-01T00:00:00Z,2004-01-01T00:00:00Z
http://www.wikidata.org/entity/Q7609967,http://www.wikidata.org/entity/Q19490,9.0,2013-01-01T00:00:00Z,2015-01-01T00:00:00Z
http://www.wikidata.org/entity/Q7610293,http://www.wikidata.org/entity/Q19568,238.0,2000-01-01T00:00:00Z,2007-01-01T00:00:00Z
http://www.wikidata.org/entity/Q7610293,http://www.wikidata.org/entity/Q19568,33.0,2010-01-01T00:00:00Z,2014-01-01T00:00:00Z
http://www.wikidata.org/entity/Q7610360,http://www.wikidata.org/entity/Q19580,0.0,2001-01-01T00:00:00Z,2002-01-01T00:00:00Z
http://www.wikidata.org/entity/Q7611756,http://www.wikidata.org/entity/Q19498,21.0,2005-01-01T00:00:00Z,2007-01-01T00:00:00Z
http://www.wikidata.org/entity/Q7612111,http://www.wikidata.org/entity/Q19477,11.0,2002-01-01T00:00:00Z,2004-01-01T00:00:00Z
http://www.wikidata.org/entity/Q7612218,http://www.wikidata.org/entity/Q19568,1.0,2006-01-01T00:00:00Z,2007-01-01T00:00:00Z
http://www.wikidata.org/entity/Q7612218,http://www.wikidata.org/entity/Q19604,104.0,1998-01-01T00:00:00Z,2001-01-01T00:00:00Z
http://www.wikidata.org/entity/Q7612218,http://www.wikidata.org/entity/Q19571,4.0,2004-01-01T00:00:00Z,2005-01-01T00:00:00Z
http://www.wikidata.org/entity/Q7612237,http://www.wikidata.org/entity/Q19490,0.0,2000-01-01T00:00:00Z,2001-01-01T00:00:00Z
http://www.wikidata.org/entity/Q7612264,http://www.wikidata.org/entity/Q19568,8.0,2011-01-01T00:00:00Z,2011-01-01T00:00:00Z
http://www.wikidata.org/entity/Q7613772,http://www.wikidata.org/entity/Q19568,241.0,1994-01-01T00:00:00Z,2000-01-01T00:00:00Z
http://www.wikidata.org/entity/Q7613883,http://www.wikidata.org/entity/Q19500,106.0,1997-01-01T00:00:00Z,2000-01-01T00:00:00Z
http://www.wikidata.org/entity/Q7613999,http://www.wikidata.org/entity/Q19604,8.0,1998-01-01T00:00:00Z,1999-01-01T00:00:00Z
http://www.wikidata.org/entity/Q7614080,http://www.wikidata.org/entity/Q19477,67.0,1998-01-01T00:00:00Z,2001-01-01T00:00:00Z
http://www.wikidata.org/entity/Q7614221,http://www.wikidata.org/entity/Q19481,369.0,1986-01-01T00:00:00Z,2000-01-01T00:00:00Z
http://www.wikidata.org/entity/Q7614221,http://www.wikidata.org/entity/Q19580,2.0,2002-01-01T00:00:00Z,2002-01-01T00:00:00Z
http://www.wikidata.org/entity/Q7614329,http://www.wikidata.org/entity/Q19477,181.0,1991-01-01T00:00:00Z,2001-01-01T00:00:00Z
http://www.wikidata.org/entity/Q7614707,http://www.wikidata.org/entity/Q19568,22.0,2005-01-01T00:00:00Z,2006-01-01T00:00:00Z
http://www.wikidata.org/entity/Q7614707,http://www.wikidata.org/entity/Q19568,31.0,2006-01-01T00:00:00Z,2008-01-01T00:00:00Z
http://www.wikidata.org/entity/Q7614769,http://www.wikidata.org/entity/Q19568,28.0,2011-01-01T00:00:00Z,2012-01-01T00:00:00Z
http://www.wikidata.org/entity/Q7615596,http://www.wikidata.org/entity/Q19498,39.0,2014-01-01T00:00:00Z,2015-01-01T00:00:00Z
http://www.wikidata.org/entity/Q7615743,http://www.wikidata.org/entity/Q19482,28.0,1991-01-01T00:00:00Z,2000-01-01T00:00:00Z
http://www.wikidata.org/entity/Q1310363,http://www.wikidata.org/entity/Q1128631,4.0,2007-01-01T00:00:00Z,2008-01-01T00:00:00Z
http://www.wikidata.org/entity/Q7615955,http://www.wikidata.org/entity/Q19571,52.0,2004-01-01T00:00:00Z,2005-01-01T00:00:00Z
http://www.wikidata.org/entity/Q7681144,http://www.wikidata.org/entity/Q19571,12.0,1993-01-01T00:00:00Z,1999-01-01T00:00:00Z
http://www.wikidata.org/entity/Q771149,http://www.wikidata.org/entity/Q19571,13.0,2009-01-01T00:00:00Z,2009-01-01T00:00:00Z
http://www.wikidata.org/entity/Q772917,http://www.wikidata.org/entity/Q19568,19.0,2007-01-01T00:00:00Z,2007-01-01T00:00:00Z
http://www.wikidata.org/entity/Q772917,http://www.wikidata.org/entity/Q19604,35.0,2006-01-01T00:00:00Z,2010-01-01T00:00:00Z
http://www.wikidata.org/entity/Q773304,http://www.wikidata.org/entity/Q19481,0.0,2000-01-01T00:00:00Z,2000-01-01T00:00:00Z
http://www.wikidata.org/entity/Q773304,http://www.wikidata.org/entity/Q19481,53.0,2002-01-01T00:00:00Z,2004-01-01T00:00:00Z
http://www.wikidata.org/entity/Q773562,http://www.wikidata.org/entity/Q19490,6.0,2012-01-01T00:00:00Z,2012-01-01T00:00:00Z
http://www.wikidata.org/entity/Q77412,http://www.wikidata.org/entity/Q19481,1.0,2005-01-01T00:00:00Z,2005-07-01T00:00:00Z
http://www.wikidata.org/entity/Q774434,http://www.wikidata.org/entity/Q19473,2.0,2013-01-01T00:00:00Z,2014-01-01T00:00:00Z
http://www.wikidata.org/entity/Q776677,http://www.wikidata.org/entity/Q19490,10.0,1999-01-01T00:00:00Z,2000-01-01T00:00:00Z
http://www.wikidata.org/entity/Q7819228,http://www.wikidata.org/entity/Q19607,4.0,2004-01-01T00:00:00Z,2004-01-01T00:00:00Z
http://www.wikidata.org/entity/Q7819450,http://www.wikidata.org/entity/Q19481,1.0,1998-01-01T00:00:00Z,2001-01-01T00:00:00Z
http://www.wikidata.org/entity/Q7819704,http://www.wikidata.org/entity/Q19473,29.0,2011-01-01T00:00:00Z,2012-01-01T00:00:00Z
http://www.wikidata.org/entity/Q7819704,http://www.wikidata.org/entity/Q19498,54.0,2009-01-01T00:00:00Z,2011-01-01T00:00:00Z
http://www.wikidata.org/entity/Q7820028,http://www.wikidata.org/entity/Q19481,21.0,2001-01-01T00:00:00Z,2006-01-01T00:00:00Z
http://www.wikidata.org/entity/Q7820028,http://www.wikidata.org/entity/Q19571,25.0,2003-01-01T00:00:00Z,2004-01-01T00:00:00Z
http://www.wikidata.org/entity/Q7822236,http://www.wikidata.org/entity/Q19500,35.0,2000-01-01T00:00:00Z,2001-01-01T00:00:00Z
http://www.wikidata.org/entity/Q7822359,http://www.wikidata.org/entity/Q19571,68.0,1998-01-01T00:00:00Z,2001-01-01T00:00:00Z
http://www.wikidata.org/entity/Q7823322,http://www.wikidata.org/entity/Q19571,31.0,2003-01-01T00:00:00Z,2004-01-01T00:00:00Z
http://www.wikidata.org/entity/Q7823615,http://www.wikidata.org/entity/Q19490,6.0,2000-01-01T00:00:00Z,2000-01-01T00:00:00Z
http://www.wikidata.org/entity/Q7823615,http://www.wikidata.org/entity/Q19490,37.0,2000-01-01T00:00:00Z,2003-01-01T00:00:00Z
http://www.wikidata.org/entity/Q7828898,http://www.wikidata.org/entity/Q19571,210.0,2010-01-01T00:00:00Z,2016-01-01T00:00:00Z
http://www.wikidata.org/entity/Q5255062,http://www.wikidata.org/entity/Q19607,0.0,2007-01-01T00:00:00Z,2009-01-01T00:00:00Z
http://www.wikidata.org/entity/Q5256864,http://www.wikidata.org/entity/Q19498,0.0,2000-01-01T00:00:00Z,2001-01-01T00:00:00Z
http://www.wikidata.org/entity/Q5259891,http://www.wikidata.org/entity/Q19580,3.0,2014-01-01T00:00:00Z,2014-01-01T00:00:00Z
http://www.wikidata.org/entity/Q5261981,http://www.wikidata.org/entity/Q19498,121.0,1997-01-01T00:00:00Z,2004-01-01T00:00:00Z
http://www.wikidata.org/entity/Q5261981,http://www.wikidata.org/entity/Q19607,94.0,2004-01-01T00:00:00Z,2010-01-01T00:00:00Z
http://www.wikidata.org/entity/Q5262052,http://www.wikidata.org/entity/Q19568,101.0,2001-01-01T00:00:00Z,2005-01-01T00:00:00Z
http://www.wikidata.org/entity/Q5262052,http://www.wikidata.org/entity/Q19568,15.0,2001-01-01T00:00:00Z,2001-01-01T00:00:00Z
http://www.wikidata.org/entity/Q5263458,http://www.wikidata.org/entity/Q19473,10.0,1999-01-01T00:00:00Z,1999-01-01T00:00:00Z
http://www.wikidata.org/entity/Q533629,http://www.wikidata.org/entity/Q19477,21.0,2007-01-01T00:00:00Z,2008-01-01T00:00:00Z
http://www.wikidata.org/entity/Q533957,http://www.wikidata.org/entity/Q19607,3.0,2006-01-01T00:00:00Z,2006-01-01T00:00:00Z
http://www.wikidata.org/entity/Q534215,http://www.wikidata.org/entity/Q19481,4.0,2010-01-01T00:00:00Z,2011-01-01T00:00:00Z
http://www.wikidata.org/entity/Q536035,http://www.wikidata.org/entity/Q19481,10.0,2002-01-01T00:00:00Z,2002-01-01T00:00:00Z
http://www.wikidata.org/entity/Q5365580,http://www.wikidata.org/entity/Q19568,0.0,2011-01-01T00:00:00Z,2012-01-01T00:00:00Z
http://www.wikidata.org/entity/Q5365745,http://www.wikidata.org/entity/Q19607,3.0,2013-01-01T00:00:00Z,2014-01-01T00:00:00Z
http://www.wikidata.org/entity/Q537581,http://www.wikidata.org/entity/Q19498,53.0,1999-01-01T00:00:00Z,2003-01-01T00:00:00Z
http://www.wikidata.org/entity/Q537726,http://www.wikidata.org/entity/Q19490,86.0,2002-01-01T00:00:00Z,2005-01-01T00:00:00Z
http://www.wikidata.org/entity/Q538073,http://www.wikidata.org/entity/Q19500,9.0,2006-01-01T00:00:00Z,2009-01-01T00:00:00Z
http://www.wikidata.org/entity/Q538897,http://www.wikidata.org/entity/Q19481,7.0,2013-01-01T00:00:00Z,2014-01-01T00:00:00Z
http://www.wikidata.org/entity/Q540256,http://www.wikidata.org/entity/Q19500,211.0,2008-01-01T00:00:00Z,2015-01-01T00:00:00Z
http://www.wikidata.org/entity/Q540256,http://www.wikidata.org/entity/Q19481,116.0,2004-01-01T00:00:00Z,2008-01-01T00:00:00Z
http://www.wikidata.org/entity/Q540256,http://www.wikidata.org/entity/Q19473,38.0,2020-01-01T00:00:00Z,2021-01-01T00:00:00Z
http://www.wikidata.org/entity/Q540256,http://www.wikidata.org/entity/Q19607,44.0,2017-01-01T00:00:00Z,2020-01-01T00:00:00Z
http://www.wikidata.org/entity/Q540256,http://www.wikidata.org/entity/Q19500,18.0,2016-01-01T00:00:00Z,2017-01-01T00:00:00Z
http://www.wikidata.org/entity/Q540625,http://www.wikidata.org/entity/Q19604,12.0,2003-01-01T00:00:00Z,2006-01-01T00:00:00Z
http://www.wikidata.org/entity/Q540625,http://www.wikidata.org/entity/Q19607,11.0,2005-01-01T00:00:00Z,2005-01-01T00:00:00Z
http://www.wikidata.org/entity/Q540625,http://www.wikidata.org/entity/Q19604,32.0,2002-01-01T00:00:00Z,2003-01-01T00:00:00Z
http://www.wikidata.org/entity/Q540813,http://www.wikidata.org/entity/Q19481,5.0,2010-11-01T00:00:00Z,2010-12-01T00:00:00Z
http://www.wikidata.org/entity/Q540906,http://www.wikidata.org/entity/Q19500,215.0,2003-01-01T00:00:00Z,2013-01-01T00:00:00Z
http://www.wikidata.org/entity/Q540906,http://www.wikidata.org/entity/Q19607,10.0,1999-01-01T00:00:00Z,1999-01-01T00:00:00Z
http://www.wikidata.org/entity/Q5435249,http://www.wikidata.org/entity/Q19571,23.0,2012-01-01T00:00:00Z,2014-01-01T00:00:00Z
http://www.wikidata.org/entity/Q5448548,http://www.wikidata.org/entity/Q19498,6.0,2015-01-01T00:00:00Z,2017-01-01T00:00:00Z
http://www.wikidata.org/entity/Q5464231,http://www.wikidata.org/entity/Q19473,2.0,2003-01-01T00:00:00Z,2003-01-01T00:00:00Z
http://www.wikidata.org/entity/Q5464231,http://www.wikidata.org/entity/Q19571,2.0,2006-01-01T00:00:00Z,2006-01-01T00:00:00Z
http://www.wikidata.org/entity/Q5480191,http://www.wikidata.org/entity/Q19490,15.0,2001-01-01T00:00:00Z,2001-01-01T00:00:00Z
http://www.wikidata.org/entity/Q19586053,http://www.wikidata.org/entity/Q1128631,0.0,2016-01-01T00:00:00Z,2017-01-01T00:00:00Z
http://www.wikidata.org/entity/Q1995032,http://www.wikidata.org/entity/Q1128631,30.0,2012-01-01T00:00:00Z,2015-01-01T00:00:00Z
http://www.wikidata.org/entity/Q2007696,http://www.wikidata.org/entity/Q1130849,17.0,1997-01-01T00:00:00Z,2002-01-01T00:00:00Z
http://www.wikidata.org/entity/Q200770,http://www.wikidata.org/entity/Q1128631,46.0,2016-01-01T00:00:00Z,2017-01-01T00:00:00Z
http://www.wikidata.org/entity/Q5552779,http://www.wikidata.org/entity/Q19477,8.0,1999-01-01T00:00:00Z,1999-01-01T00:00:00Z
http://www.wikidata.org/entity/Q5590695,http://www.wikidata.org/entity/Q19607,0.0,1999-01-01T00:00:00Z,2000-01-01T00:00:00Z
http://www.wikidata.org/entity/Q5596286,http://www.wikidata.org/entity/Q19473,65.0,1997-01-01T00:00:00Z,2000-01-01T00:00:00Z
http://www.wikidata.org/entity/Q5596461,http://www.wikidata.org/entity/Q19607,10.0,2001-01-01T00:00:00Z,2003-01-01T00:00:00Z
http://www.wikidata.org/entity/Q560396,http://www.wikidata.org/entity/Q19580,67.0,2010-01-01T00:00:00Z,2012-01-01T00:00:00Z
http://www.wikidata.org/entity/Q560396,http://www.wikidata.org/entity/Q19473,7.0,2009-01-01T00:00:00Z,2009-01-01T00:00:00Z
http://www.wikidata.org/entity/Q5606671,http://www.wikidata.org/entity/Q19477,101.0,1996-01-01T00:00:00Z,1999-01-01T00:00:00Z
http://www.wikidata.org/entity/Q5606674,http://www.wikidata.org/entity/Q19490,36.0,2002-01-01T00:00:00Z,2005-01-01T00:00:00Z
http://www.wikidata.org/entity/Q5610976,http://www.wikidata.org/entity/Q19500,0.0,2007-01-01T00:00:00Z,2009-01-01T00:00:00Z
http://www.wikidata.org/entity/Q5621079,http://www.wikidata.org/entity/Q19604,72.0,2013-01-01T00:00:00Z,2015-01-01T00:00:00Z
http://www.wikidata.org/entity/Q5622118,http://www.wikidata.org/entity/Q19481,0.0,1997-01-01T00:00:00Z,1999-01-01T00:00:00Z
http://www.wikidata.org/entity/Q5622118,http://www.wikidata.org/entity/Q19498,11.0,2004-01-01T00:00:00Z,2005-01-01T00:00:00Z
http://www.wikidata.org/entity/Q5622675,http://www.wikidata.org/entity/Q19604,9.0,1999-01-01T00:00:00Z,1999-01-01T00:00:00Z
http://www.wikidata.org/entity/Q5622675,http://www.wikidata.org/entity/Q19498,113.0,1994-01-01T00:00:00Z,1999-01-01T00:00:00Z
http://www.wikidata.org/entity/Q5622675,http://www.wikidata.org/entity/Q19604,26.0,1999-01-01T00:00:00Z,2001-01-01T00:00:00Z
http://www.wikidata.org/entity/Q5622836,http://www.wikidata.org/entity/Q19498,35.0,2003-01-01T00:00:00Z,2005-01-01T00:00:00Z
http://www.wikidata.org/entity/Q5220908,http://www.wikidata.org/entity/Q48879,1.0,1997-01-01T00:00:00Z,1999-01-01T00:00:00Z
http://www.wikidata.org/entity/Q5220921,http://www.wikidata.org/entity/Q50602,0.0,2005-01-01T00:00:00Z,2006-01-01T00:00:00Z
http://www.wikidata.org/entity/Q5224971,http://www.wikidata.org/entity/Q48879,57.0,2004-01-01T00:00:00Z,2006-01-01T00:00:00Z
http://www.wikidata.org/entity/Q5225172,http://www.wikidata.org/entity/Q48879,1.0,2011-01-01T00:00:00Z,2012-01-01T00:00:00Z
http://www.wikidata.org/entity/Q5225238,http://www.wikidata.org/entity/Q48879,28.0,2007-01-01T00:00:00Z,2008-01-01T00:00:00Z
http://www.wikidata.org/entity/Q5234970,http://www.wikidata.org/entity/Q48879,8.0,2007-01-01T00:00:00Z,2007-01-01T00:00:00Z
http://www.wikidata.org/entity/Q5246715,http://www.wikidata.org/entity/Q48879,13.0,2012-01-01T00:00:00Z,2012-01-01T00:00:00Z
http://www.wikidata.org/entity/Q5374906,http://www.wikidata.org/entity/Q50602,0.0,2012-01-01T00:00:00Z,2014-01-01T00:00:00Z
http://www.wikidata.org/entity/Q537726,http://www.wikidata.org/entity/Q48879,17.0,2000-01-01T00:00:00Z,2001-01-01T00:00:00Z
http://www.wikidata.org/entity/Q541603,http://www.wikidata.org/entity/Q48879,304.0,1999-01-01T00:00:00Z,2008-01-01T00:00:00Z
http://www.wikidata.org/entity/Q5448723,http://www.wikidata.org/entity/Q50602,0.0,2011-01-01T00:00:00Z,2013-01-01T00:00:00Z
http://www.wikidata.org/entity/Q545303,http://www.wikidata.org/entity/Q48879,44.0,1999-01-01T00:00:00Z,2001-01-01T00:00:00Z
http://www.wikidata.org/entity/Q5470410,http://www.wikidata.org/entity/Q48879,0.0,2012-01-01T00:00:00Z,2013-01-01T00:00:00Z
http://www.wikidata.org/entity/Q549559,http://www.wikidata.org/entity/Q50602,51.0,2002-01-01T00:00:00Z,2003-01-01T00:00:00Z
http://www.wikidata.org/entity/Q5522836,http://www.wikidata.org/entity/Q48879,79.0,2009-01-01T00:00:00Z,2011-01-01T00:00:00Z
http://www.wikidata.org/entity/Q5522843,http://www.wikidata.org/entity/Q48879,14.0,2003-01-01T00:00:00Z,2004-01-01T00:00:00Z
http://www.wikidata.org/entity/Q5522848,http://www.wikidata.org/entity/Q48879,24.0,1997-01-01T00:00:00Z,2002-01-01T00:00:00Z
http://www.wikidata.org/entity/Q5522994,http://www.wikidata.org/entity/Q48879,103.0,1998-01-01T00:00:00Z,2002-01-01T00:00:00Z
http://www.wikidata.org/entity/Q5524236,http://www.wikidata.org/entity/Q48879,85.0,2012-01-01T00:00:00Z,2014-01-01T00:00:00Z
http://www.wikidata.org/entity/Q5525330,http://www.wikidata.org/entity/Q48879,84.0,2012-01-01T00:00:00Z,2014-01-01T00:00:00Z
http://www.wikidata.org/entity/Q5525474,http://www.wikidata.org/entity/Q48879,61.0,2014-01-01T00:00:00Z,2016-01-01T00:00:00Z
http://www.wikidata.org/entity/Q5525507,http://www.wikidata.org/entity/Q48879,12.0,2015-01-01T00:00:00Z,2015-01-01T00:00:00Z
http://www.wikidata.org/entity/Q5525544,http://www.wikidata.org/entity/Q50602,19.0,1996-01-01T00:00:00Z,2000-01-01T00:00:00Z
http://www.wikidata.org/entity/Q15477554,http://www.wikidata.org/entity/Q1130849,1.0,2012-01-01T00:00:00Z,2014-01-01T00:00:00Z
http://www.wikidata.org/entity/Q155884,http://www.wikidata.org/entity/Q1130849,16.0,2000-07-01T00:00:00Z,2001-07-01T00:00:00Z
http://www.wikidata.org/entity/Q155903,http://www.wikidata.org/entity/Q1130849,191.0,1999-01-01T00:00:00Z,2006-01-01T00:00:00Z
http://www.wikidata.org/entity/Q155924,http://www.wikidata.org/entity/Q1130849,149.0,1996-01-01T00:00:00Z,2003-01-01T00:00:00Z
http://www.wikidata.org/entity/Q16150344,http://www.wikidata.org/entity/Q1128631,2.0,2013-01-01T00:00:00Z,2014-01-01T00:00:00Z
http://www.wikidata.org/entity/Q16203632,http://www.wikidata.org/entity/Q1130849,0.0,2012-01-01T00:00:00Z,2013-01-01T00:00:00Z
http://www.wikidata.org/entity/Q16232241,http://www.wikidata.org/entity/Q1128631,0.0,2006-01-01T00:00:00Z,2008-01-01T00:00:00Z
http://www.wikidata.org/entity/Q16232392,http://www.wikidata.org/entity/Q1130849,0.0,2005-01-01T00:00:00Z,2008-01-01T00:00:00Z
http://www.wikidata.org/entity/Q16235777,http://www.wikidata.org/entity/Q1130849,0.0,2013-01-01T00:00:00Z,2014-01-01T00:00:00Z
http://www.wikidata.org/entity/Q16235852,http://www.wikidata.org/entity/Q1130849,0.0,2013-01-01T00:00:00Z,2014-01-01T00:00:00Z
http://www.wikidata.org/entity/Q16235866,http://www.wikidata.org/entity/Q1130849,0.0,2012-01-01T00:00:00Z,2013-01-01T00:00:00Z
http://www.wikidata.org/entity/Q16236115,http://www.wikidata.org/entity/Q1128631,20.0,2017-01-01T00:00:00Z,2019-01-01T00:00:00Z
http://www.wikidata.org/entity/Q16236449,http://www.wikidata.org/entity/Q1130849,0.0,2012-01-01T00:00:00Z,2014-01-01T00:00:00Z
http://www.wikidata.org/entity/Q16239548,http://www.wikidata.org/entity/Q1130849,8.0,2016-01-01T00:00:00Z,2020-01-01T00:00:00Z
http://www.wikidata.org/entity/Q65029821,http://www.wikidata.org/entity/Q19481,37.0,2020-01-01T00:00:00Z,2022-01-01T00:00:00Z
http://www.wikidata.org/entity/Q6504637,http://www.wikidata.org/entity/Q19607,0.0,2011-01-01T00:00:00Z,2011-01-01T00:00:00Z
http://www.wikidata.org/entity/Q6504844,http://www.wikidata.org/entity/Q19481,2.0,1998-01-01T00:00:00Z,2001-01-01T00:00:00Z
http://www.wikidata.org/entity/Q6504844,http://www.wikidata.org/entity/Q19477,59.0,2001-01-01T00:00:00Z,2003-01-01T00:00:00Z
http://www.wikidata.org/entity/Q6513128,http://www.wikidata.org/entity/Q19477,20.0,1999-01-01T00:00:00Z,2001-01-01T00:00:00Z
http://www.wikidata.org/entity/Q6513142,http://www.wikidata.org/entity/Q19498,78.0,1994-01-01T00:00:00Z,2000-01-01T00:00:00Z
http://www.wikidata.org/entity/Q6513154,http://www.wikidata.org/entity/Q19498,134.0,2004-01-01T00:00:00Z,2008-01-01T00:00:00Z
http://www.wikidata.org/entity/Q6513380,http://www.wikidata.org/entity/Q19490,3.0,1994-01-01T00:00:00Z,1999-01-01T00:00:00Z
http://www.wikidata.org/entity/Q6513386,http://www.wikidata.org/entity/Q19481,0.0,2008-01-01T00:00:00Z,2009-01-01T00:00:00Z
http://www.wikidata.org/entity/Q6513596,http://www.wikidata.org/entity/Q19571,12.0,2000-01-01T00:00:00Z,2004-01-01T00:00:00Z
http://www.wikidata.org/entity/Q6513621,http://www.wikidata.org/entity/Q19473,33.0,2003-01-01T00:00:00Z,2006-01-01T00:00:00Z
http://www.wikidata.org/entity/Q6513621,http://www.wikidata.org/entity/Q19473,16.0,2003-01-01T00:00:00Z,2003-01-01T00:00:00Z
http://www.wikidata.org/entity/Q6513621,http://www.wikidata.org/entity/Q19580,14.0,1999-01-01T00:00:00Z,2003-01-01T00:00:00Z
http://www.wikidata.org/entity/Q6513888,http://www.wikidata.org/entity/Q19580,1.0,2006-01-01T00:00:00Z,2008-01-01T00:00:00Z
http://www.wikidata.org/entity/Q6513935,http://www.wikidata.org/entity/Q19604,5.0,2014-01-01T00:00:00Z,2014-01-01T00:00:00Z
http://www.wikidata.org/entity/Q6514484,http://www.wikidata.org/entity/Q19473,0.0,2003-01-01T00:00:00Z,2004-01-01T00:00:00Z
http://www.wikidata.org/entity/Q6514584,http://www.wikidata.org/entity/Q19604,0.0,2003-01-01T00:00:00Z,2004-01-01T00:00:00Z
http://www.wikidata.org/entity/Q6514603,http://www.wikidata.org/entity/Q19473,5.0,2001-01-01T00:00:00Z,2001-01-01T00:00:00Z
http://www.wikidata.org/entity/Q6514603,http://www.wikidata.org/entity/Q19607,38.0,1997-01-01T00:00:00Z,1999-01-01T00:00:00Z
http://www.wikidata.org/entity/Q6514603,http://www.wikidata.org/entity/Q19481,10.0,2004-01-01T00:00:00Z,2006-01-01T00:00:00Z
http://www.wikidata.org/entity/Q6514656,http://www.wikidata.org/entity/Q19498,0.0,2011-01-01T00:00:00Z,2011-01-01T00:00:00Z
http://www.wikidata.org/entity/Q6514663,http://www.wikidata.org/entity/Q19473,144.0,2009-01-01T00:00:00Z,2013-01-01T00:00:00Z
http://www.wikidata.org/entity/Q6514704,http://www.wikidata.org/entity/Q19498,51.0,2004-01-01T00:00:00Z,2006-01-01T00:00:00Z
http://www.wikidata.org/entity/Q6514726,http://www.wikidata.org/entity/Q19477,60.0,2000-01-01T00:00:00Z,2003-01-01T00:00:00Z
http://www.wikidata.org/entity/Q6514795,http://www.wikidata.org/entity/Q19473,36.0,1997-01-01T00:00:00Z,2000-01-01T00:00:00Z
http://www.wikidata.org/entity/Q6514899,http://www.wikidata.org/entity/Q19607,151.0,1996-01-01T00:00:00Z,2002-01-01T00:00:00Z
http://www.wikidata.org/entity/Q6515280,http://www.wikidata.org/entity/Q19607,0.0,2001-01-01T00:00:00Z,2002-01-01T00:00:00Z
http://www.wikidata.org/entity/Q6515286,http://www.wikidata.org/entity/Q19571,19.0,2007-01-01T00:00:00Z,2008-01-01T00:00:00Z
http://www.wikidata.org/entity/Q6515571,http://www.wikidata.org/entity/Q19482,3.0,2003-01-01T00:00:00Z,2004-01-01T00:00:00Z
http://www.wikidata.org/entity/Q653228,http://www.wikidata.org/entity/Q19490,205.0,2007-01-01T00:00:00Z,2012-01-01T00:00:00Z
http://www.wikidata.org/entity/Q653714,http://www.wikidata.org/entity/Q19490,136.0,2008-01-01T00:00:00Z,2014-01-01T00:00:00Z
http://www.wikidata.org/entity/Q6555503,http://www.wikidata.org/entity/Q19568,7.0,2006-01-01T00:00:00Z,2006-01-01T00:00:00Z
http://www.wikidata.org/entity/Q6555503,http://www.wikidata.org/entity/Q19571,9.0,2010-01-01T00:00:00Z,2010-01-01T00:00:00Z
http://www.wikidata.org/entity/Q6555503,http://www.wikidata.org/entity/Q19473,25.0,2009-01-01T00:00:00Z,2010-01-01T00:00:00Z
http://www.wikidata.org/entity/Q6555726,http://www.wikidata.org/entity/Q19482,30.0,2000-01-01T00:00:00Z,2004-01-01T00:00:00Z
http://www.wikidata.org/entity/Q657039,http://www.wikidata.org/entity/Q19473,13.0,2007-01-01T00:00:00Z,2007-01-01T00:00:00Z
http://www.wikidata.org/entity/Q657039,http://www.wikidata.org/entity/Q19481,164.0,1998-01-01T00:00:00Z,2004-01-01T00:00:00Z
http://www.wikidata.org/entity/Q657039,http://www.wikidata.org/entity/Q19473,29.0,2007-01-01T00:00:00Z,2008-01-01T00:00:00Z
http://www.wikidata.org/entity/Q657587,http://www.wikidata.org/entity/Q19580,0.0,2007-01-01T00:00:00Z,2007-01-01T00:00:00Z
http://www.wikidata.org/entity/Q658701,http://www.wikidata.org/entity/Q19481,75.0,2009-01-01T00:00:00Z,2012-01-01T00:00:00Z
http://www.wikidata.org/entity/Q2605961,http://www.wikidata.org/entity/Q1128631,33.0,2009-01-01T00:00:00Z,2013-01-01T00:00:00Z
http://www.wikidata.org/entity/Q261069,http://www.wikidata.org/entity/Q1130849,139.0,1992-01-01T00:00:00Z,2000-01-01T00:00:00Z
http://www.wikidata.org/entity/Q2614324,http://www.wikidata.org/entity/Q1130849,0.0,2007-01-01T00:00:00Z,2010-01-01T00:00:00Z
http://www.wikidata.org/entity/Q2626685,http://www.wikidata.org/entity/Q1128631,0.0,2008-01-01T00:00:00Z,2008-01-01T00:00:00Z
http://www.wikidata.org/entity/Q26343,http://www.wikidata.org/entity/Q19580,26.0,2011-01-01T00:00:00Z,2012-01-01T00:00:00Z
http://www.wikidata.org/entity/Q2637561,http://www.wikidata.org/entity/Q1128631,45.0,2012-01-01T00:00:00Z,2014-01-01T00:00:00Z
http://www.wikidata.org/entity/Q265778,http://www.wikidata.org/entity/Q1130849,0.0,2006-01-01T00:00:00Z,2009-01-01T00:00:00Z
http://www.wikidata.org/entity/Q2663282,http://www.wikidata.org/entity/Q1128631,6.0,2012-01-01T00:00:00Z,2013-01-01T00:00:00Z
http://www.wikidata.org/entity/Q267207,http://www.wikidata.org/entity/Q1130849,2.0,2010-01-01T00:00:00Z,2013-01-01T00:00:00Z
http://www.wikidata.org/entity/Q2699673,http://www.wikidata.org/entity/Q1128631,119.0,2008-01-01T00:00:00Z,2011-01-01T00:00:00Z
http://www.wikidata.org/entity/Q2700669,http://www.wikidata.org/entity/Q1128631,45.0,2010-01-01T00:00:00Z,2012-01-01T00:00:00Z
http://www.wikidata.org/entity/Q2700669,http://www.wikidata.org/entity/Q1128631,2.0,2010-01-01T00:00:00Z,2010-01-01T00:00:00Z
http://www.wikidata.org/entity/Q2703910,http://www.wikidata.org/entity/Q1128631,31.0,2004-01-01T00:00:00Z,2005-01-01T00:00:00Z
http://www.wikidata.org/entity/Q3934147,http://www.wikidata.org/entity/Q19568,13.0,2008-01-01T00:00:00Z,2009-01-01T00:00:00Z
http://www.wikidata.org/entity/Q3934147,http://www.wikidata.org/entity/Q19568,19.0,2010-01-01T00:00:00Z,2010-01-01T00:00:00Z
http://www.wikidata.org/entity/Q3934147,http://www.wikidata.org/entity/Q19498,6.0,2015-01-01T00:00:00Z,2016-01-01T00:00:00Z
http://www.wikidata.org/entity/Q3934147,http://www.wikidata.org/entity/Q19568,35.0,2010-01-01T00:00:00Z,2011-01-01T00:00:00Z
http://www.wikidata.org/entity/Q3934760,http://www.wikidata.org/entity/Q19477,6.0,2002-01-01T00:00:00Z,2004-01-01T00:00:00Z
http://www.wikidata.org/entity/Q3934832,http://www.wikidata.org/entity/Q19571,66.0,2010-01-01T00:00:00Z,2015-01-01T00:00:00Z
http://www.wikidata.org/entity/Q3934876,http://www.wikidata.org/entity/Q19580,317.0,1995-01-01T00:00:00Z,2006-01-01T00:00:00Z
http://www.wikidata.org/entity/Q3934903,http://www.wikidata.org/entity/Q19580,24.0,2009-01-01T00:00:00Z,2009-01-01T00:00:00Z
http://www.wikidata.org/entity/Q3934903,http://www.wikidata.org/entity/Q19580,93.0,2010-01-01T00:00:00Z,2013-01-01T00:00:00Z
http://www.wikidata.org/entity/Q3934903,http://www.wikidata.org/entity/Q19498,174.0,2003-01-01T00:00:00Z,2010-01-01T00:00:00Z
http://www.wikidata.org/entity/Q3940507,http://www.wikidata.org/entity/Q19571,127.0,2016-07-01T00:00:00Z,2019-07-01T00:00:00Z
http://www.wikidata.org/entity/Q3942691,http://www.wikidata.org/entity/Q19580,13.0,1999-01-01T00:00:00Z,2003-01-01T00:00:00Z
http://www.wikidata.org/entity/Q3943059,http://www.wikidata.org/entity/Q19568,7.0,2011-01-01T00:00:00Z,2011-01-01T00:00:00Z
http://www.wikidata.org/entity/Q3946132,http://www.wikidata.org/entity/Q19490,11.0,1999-01-01T00:00:00Z,2001-01-01T00:00:00Z
http://www.wikidata.org/entity/Q3952812,http://www.wikidata.org/entity/Q19473,96.0,2010-01-01T00:00:00Z,2013-01-01T00:00:00Z
http://www.wikidata.org/entity/Q3952879,http://www.wikidata.org/entity/Q19604,5.0,2002-01-01T00:00:00Z,2002-01-01T00:00:00Z
http://www.wikidata.org/entity/Q3953574,http://www.wikidata.org/entity/Q19473,0.0,2011-01-01T00:00:00Z,2011-01-01T00:00:00Z
http://www.wikidata.org/entity/Q3953574,http://www.wikidata.org/entity/Q19473,19.0,2012-01-01T00:00:00Z,2012-01-01T00:00:00Z
http://www.wikidata.org/entity/Q3961138,http://www.wikidata.org/entity/Q19607,0.0,2010-01-01T00:00:00Z,2010-01-01T00:00:00Z
http://www.wikidata.org/entity/Q3961138,http://www.wikidata.org/entity/Q19477,10.0,2008-01-01T00:00:00Z,2008-01-01T00:00:00Z
http://www.wikidata.org/entity/Q3973189,http://www.wikidata.org/entity/Q19604,25.0,2011-01-01T00:00:00Z,2012-01-01T00:00:00Z
http://www.wikidata.org/entity/Q3973189,http://www.wikidata.org/entity/Q19568,2.0,2013-01-01T00:00:00Z,2013-01-01T00:00:00Z
http://www.wikidata.org/entity/Q3973315,http://www.wikidata.org/entity/Q19482,24.0,2003-01-01T00:00:00Z,2004-01-01T00:00:00Z
http://www.wikidata.org/entity/Q401418,http://www.wikidata.org/entity/Q19481,21.0,2016-01-01T00:00:00Z,2018-01-01T00:00:00Z
http://www.wikidata.org/entity/Q401489,http://www.wikidata.org/entity/Q19481,12.0,2009-01-01T00:00:00Z,2010-01-01T00:00:00Z
http://www.wikidata.org/entity/Q401771,http://www.wikidata.org/entity/Q19500,118.0,2012-01-01T00:00:00Z,2015-01-01T00:00:00Z
http://www.wikidata.org/entity/Q4018265,http://www.wikidata.org/entity/Q19568,16.0,2003-01-01T00:00:00Z,2003-01-01T00:00:00Z
http://www.wikidata.org/entity/Q4018265,http://www.wikidata.org/entity/Q19568,10.0,2000-01-01T00:00:00Z,2001-01-01T00:00:00Z
http://www.wikidata.org/entity/Q4018265,http://www.wikidata.org/entity/Q19568,234.0,2003-01-01T00:00:00Z,2012-01-01T00:00:00Z
http://www.wikidata.org/entity/Q402320,http://www.wikidata.org/entity/Q19500,13.0,2012-01-01T00:00:00Z,2013-01-01T00:00:00Z
http://www.wikidata.org/entity/Q402973,http://www.wikidata.org/entity/Q19580,42.0,2010-01-01T00:00:00Z,2012-01-01T00:00:00Z
http://www.wikidata.org/entity/Q404098,http://www.wikidata.org/entity/Q19607,8.0,2013-01-01T00:00:00Z,2013-01-01T00:00:00Z
http://www.wikidata.org/entity/Q4096168,http://www.wikidata.org/entity/Q19580,0.0,2003-01-01T00:00:00Z,2005-01-01T00:00:00Z
http://www.wikidata.org/entity/Q4112017,http://www.wikidata.org/entity/Q19580,15.0,2006-01-01T00:00:00Z,2007-01-01T00:00:00Z
http://www.wikidata.org/entity/Q4112017,http://www.wikidata.org/entity/Q19580,15.0,2006-01-01T00:00:00Z,2006-01-01T00:00:00Z
http://www.wikidata.org/entity/Q4118636,http://www.wikidata.org/entity/Q19604,8.0,2012-01-01T00:00:00Z,2012-01-01T00:00:00Z
http://www.wikidata.org/entity/Q4118636,http://www.wikidata.org/entity/Q19607,8.0,2011-01-01T00:00:00Z,2011-01-01T00:00:00Z
http://www.wikidata.org/entity/Q4118636,http://www.wikidata.org/entity/Q19500,0.0,2009-01-01T00:00:00Z,2012-01-01T00:00:00Z
http://www.wikidata.org/entity/Q4120819,http://www.wikidata.org/entity/Q19580,0.0,2004-01-01T00:00:00Z,2004-01-01T00:00:00Z
http://www.wikidata.org/entity/Q4251102,http://www.wikidata.org/entity/Q19481,37.0,1996-01-01T00:00:00Z,2001-01-01T00:00:00Z
http://www.wikidata.org/entity/Q4251366,http://www.wikidata.org/entity/Q19571,30.0,2012-01-01T00:00:00Z,2013-01-01T00:00:00Z
http://www.wikidata.org/entity/Q4254043,http://www.wikidata.org/entity/Q19490,20.0,2023-09-01T00:00:00Z,2024-01-01T00:00:00Z
http://www.wikidata.org/entity/Q20988104,http://www.wikidata.org/entity/Q1130849,11.0,2015-01-01T00:00:00Z,2020-01-01T00:00:00Z
http://www.wikidata.org/entity/Q215425,http://www.wikidata.org/entity/Q1130849,27.0,2007-07-01T00:00:00Z,2010-01-09T00:00:00Z
http://www.wikidata.org/entity/Q215435,http://www.wikidata.org/entity/Q1130849,40.0,2008-01-01T00:00:00Z,2010-01-01T00:00:00Z
http://www.wikidata.org/entity/Q215533,http://www.wikidata.org/entity/Q1130849,34.0,1999-01-01T00:00:00Z,2000-01-01T00:00:00Z
http://www.wikidata.org/entity/Q215824,http://www.wikidata.org/entity/Q1128631,95.0,1998-01-01T00:00:00Z,2004-01-01T00:00:00Z
http://www.wikidata.org/entity/Q215944,http://www.wikidata.org/entity/Q1128631,23.0,2006-01-01T00:00:00Z,2008-01-01T00:00:00Z
http://www.wikidata.org/entity/Q216557,http://www.wikidata.org/entity/Q1130849,51.0,2005-01-01T00:00:00Z,2008-01-01T00:00:00Z
http://www.wikidata.org/entity/Q216614,http://www.wikidata.org/entity/Q1128631,172.0,1998-01-01T00:00:00Z,2004-01-01T00:00:00Z
http://www.wikidata.org/entity/Q216910,http://www.wikidata.org/entity/Q1130849,87.0,2006-01-01T00:00:00Z,2012-01-01T00:00:00Z
http://www.wikidata.org/entity/Q5084755,http://www.wikidata.org/entity/Q19568,5.0,2011-01-01T00:00:00Z,2011-01-01T00:00:00Z
http://www.wikidata.org/entity/Q5085171,http://www.wikidata.org/entity/Q19571,111.0,2008-01-01T00:00:00Z,2011-01-01T00:00:00Z
http://www.wikidata.org/entity/Q5088772,http://www.wikidata.org/entity/Q19571,3.0,2007-01-01T00:00:00Z,2007-01-01T00:00:00Z
http://www.wikidata.org/entity/Q510055,http://www.wikidata.org/entity/Q19604,12.0,2003-01-01T00:00:00Z,2004-01-01T00:00:00Z
http://www.wikidata.org/entity/Q510165,http://www.wikidata.org/entity/Q19500,66.0,2023-01-01T00:00:00Z,2025-01-01T00:00:00Z
http://www.wikidata.org/entity/Q5119064,http://www.wikidata.org/entity/Q19481,0.0,2010-01-01T00:00:00Z,2013-01-01T00:00:00Z
http://www.wikidata.org/entity/Q513167,http://www.wikidata.org/entity/Q19500,117.0,1994-01-01T00:00:00Z,1999-01-01T00:00:00Z
http://www.wikidata.org/entity/Q513921,http://www.wikidata.org/entity/Q19490,8.0,2000-01-01T00:00:00Z,2001-01-01T00:00:00Z
http://www.wikidata.org/entity/Q5178655,http://www.wikidata.org/entity/Q19580,1.0,2003-01-01T00:00:00Z,2004-01-01T00:00:00Z
http://www.wikidata.org/entity/Q5178655,http://www.wikidata.org/entity/Q19604,39.0,2001-01-01T00:00:00Z,2004-01-01T00:00:00Z
http://www.wikidata.org/entity/Q5180699,http://www.wikidata.org/entity/Q19498,35.0,2002-01-01T00:00:00Z,2005-01-01T00:00:00Z
http://www.wikidata.org/entity/Q5180699,http://www.wikidata.org/entity/Q19490,40.0,1992-01-01T00:00:00Z,1999-01-01T00:00:00Z
http://www.wikidata.org/entity/Q5180699,http://www.wikidata.org/entity/Q19473,107.0,1999-01-01T00:00:00Z,2002-01-01T00:00:00Z
http://www.wikidata.org/entity/Q5180914,http://www.wikidata.org/entity/Q19477,7.0,1999-01-01T00:00:00Z,1999-01-01T00:00:00Z
http://www.wikidata.org/entity/Q5180955,http://www.wikidata.org/entity/Q19580,0.0,1998-01-01T00:00:00Z,1999-01-01T00:00:00Z
http://www.wikidata.org/entity/Q5180955,http://www.wikidata.org/entity/Q19477,10.0,1998-01-01T00:00:00Z,1999-01-01T00:00:00Z
http://www.wikidata.org/entity/Q5181039,http://www.wikidata.org/entity/Q19580,8.0,2002-01-01T00:00:00Z,2002-01-01T00:00:00Z
http://www.wikidata.org/entity/Q5181039,http://www.wikidata.org/entity/Q19481,13.0,2003-01-01T00:00:00Z,2004-01-01T00:00:00Z
http://www.wikidata.org/entity/Q5181310,http://www.wikidata.org/entity/Q19571,38.0,2007-01-01T00:00:00Z,2009-01-01T00:00:00Z
http://www.wikidata.org/entity/Q5181310,http://www.wikidata.org/entity/Q19580,42.0,1999-01-01T00:00:00Z,2005-01-01T00:00:00Z
http://www.wikidata.org/entity/Q5181355,http://www.wikidata.org/entity/Q19580,0.0,2004-01-01T00:00:00Z,2006-01-01T00:00:00Z
http://www.wikidata.org/entity/Q5181498,http://www.wikidata.org/entity/Q19571,6.0,2008-01-01T00:00:00Z,2008-01-01T00:00:00Z
http://www.wikidata.org/entity/Q5181503,http://www.wikidata.org/entity/Q19580,1.0,1999-01-01T00:00:00Z,2003-01-01T00:00:00Z
http://www.wikidata.org/entity/Q5181584,http://www.wikidata.org/entity/Q19604,33.0,2014-01-01T00:00:00Z,2015-01-01T00:00:00Z
http://www.wikidata.org/entity/Q5181584,http://www.wikidata.org/entity/Q19490,23.0,2001-01-01T00:00:00Z,2005-01-01T00:00:00Z
http://www.wikidata.org/entity/Q5181614,http://www.wikidata.org/entity/Q19571,59.0,2010-01-01T00:00:00Z,2012-01-01T00:00:00Z
http://www.wikidata.org/entity/Q5195673,http://www.wikidata.org/entity/Q19568,0.0,2006-01-01T00:00:00Z,2007-01-01T00:00:00Z
http://www.wikidata.org/entity/Q5195923,http://www.wikidata.org/entity/Q19580,1.0,2008-01-01T00:00:00Z,2010-01-01T00:00:00Z
http://www.wikidata.org/entity/Q5195927,http://www.wikidata.org/entity/Q19477,18.0,2005-01-01T00:00:00Z,2006-01-01T00:00:00Z
http://www.wikidata.org/entity/Q5195927,http://www.wikidata.org/entity/Q19607,104.0,1997-01-01T00:00:00Z,2001-01-01T00:00:00Z
http://www.wikidata.org/entity/Q5201080,http://www.wikidata.org/entity/Q19490,44.0,2020-09-01T00:00:00Z,2021-05-01T00:00:00Z
http://www.wikidata.org/entity/Q5201080,http://www.wikidata.org/entity/Q19580,102.0,2010-01-01T00:00:00Z,2014-01-01T00:00:00Z
http://www.wikidata.org/entity/Q5210607,http://www.wikidata.org/entity/Q19490,0.0,2005-01-01T00:00:00Z,2009-01-01T00:00:00Z
http://www.wikidata.org/entity/Q5220449,http://www.wikidata.org/entity/Q19604,7.0,2014-01-01T00:00:00Z,2014-01-01T00:00:00Z
http://www.wikidata.org/entity/Q55820249,http://www.wikidata.org/entity/Q19473,19.0,2020-01-01T00:00:00Z,2020-01-01T00:00:00Z
http://www.wikidata.org/entity/Q2079296,http://www.wikidata.org/entity/Q1128631,4.0,2015-01-01T00:00:00Z,2015-01-01T00:00:00Z
http://www.wikidata.org/entity/Q208104,http://www.wikidata.org/entity/Q1130849,143.0,2004-01-01T00:00:00Z,2009-01-01T00:00:00Z
http://www.wikidata.org/entity/Q208430,http://www.wikidata.org/entity/Q1130849,30.0,2009-01-01T00:00:00Z,2011-01-01T00:00:00Z
http://www.wikidata.org/entity/Q208433,http://www.wikidata.org/entity/Q1130849,10.0,2010-01-01T00:00:00Z,2011-01-01T00:00:00Z
http://www.wikidata.org/entity/Q209650,http://www.wikidata.org/entity/Q1130849,26.0,2001-01-01T00:00:00Z,2002-01-01T00:00:00Z
http://www.wikidata.org/entity/Q5360401,http://www.wikidata.org/entity/Q19607,8.0,2011-01-01T00:00:00Z,2012-01-01T00:00:00Z
http://www.wikidata.org/entity/Q5373268,http://www.wikidata.org/entity/Q19571,1.0,2016-01-01T00:00:00Z,2016-01-01T00:00:00Z
http://www.wikidata.org/entity/Q5373325,http://www.wikidata.org/entity/Q19571,1.0,2011-01-01T00:00:00Z,2015-01-01T00:00:00Z
http://www.wikidata.org/entity/Q5374906,http://www.wikidata.org/entity/Q19473,30.0,2015-01-01T00:00:00Z,2016-01-01T00:00:00Z
http://www.wikidata.org/entity/Q5387186,http://www.wikidata.org/entity/Q19498,1.0,2003-01-01T00:00:00Z,2004-01-01T00:00:00Z
http://www.wikidata.org/entity/Q5388875,http://www.wikidata.org/entity/Q19607,4.0,2011-01-01T00:00:00Z,2013-01-01T00:00:00Z
http://www.wikidata.org/entity/Q5406522,http://www.wikidata.org/entity/Q19571,18.0,2011-01-01T00:00:00Z,2011-01-01T00:00:00Z
http://www.wikidata.org/entity/Q5406522,http://www.wikidata.org/entity/Q19571,7.0,2010-01-01T00:00:00Z,2010-01-01T00:00:00Z
http://www.wikidata.org/entity/Q5406522,http://www.wikidata.org/entity/Q19568,87.0,2012-01-01T00:00:00Z,2014-01-01T00:00:00Z
http://www.wikidata.org/entity/Q542287,http://www.wikidata.org/entity/Q19580,111.0,1995-01-01T00:00:00Z,2000-01-01T00:00:00Z
http://www.wikidata.org/entity/Q542287,http://www.wikidata.org/entity/Q19498,21.0,2002-01-01T00:00:00Z,2003-01-01T00:00:00Z
http://www.wikidata.org/entity/Q542371,http://www.wikidata.org/entity/Q19490,9.0,2015-01-01T00:00:00Z,2016-01-01T00:00:00Z
http://www.wikidata.org/entity/Q546799,http://www.wikidata.org/entity/Q19477,156.0,2011-01-01T00:00:00Z,2015-01-01T00:00:00Z
http://www.wikidata.org/entity/Q547454,http://www.wikidata.org/entity/Q19604,41.0,2011-01-01T00:00:00Z,2012-01-01T00:00:00Z
http://www.wikidata.org/entity/Q547454,http://www.wikidata.org/entity/Q19604,17.0,2010-01-01T00:00:00Z,2010-01-01T00:00:00Z
http://www.wikidata.org/entity/Q547454,http://www.wikidata.org/entity/Q19604,17.0,2010-01-01T00:00:00Z,2011-01-01T00:00:00Z
http://www.wikidata.org/entity/Q547766,http://www.wikidata.org/entity/Q19490,5.0,2004-01-01T00:00:00Z,2004-01-01T00:00:00Z
http://www.wikidata.org/entity/Q5522835,http://www.wikidata.org/entity/Q19473,35.0,2001-01-01T00:00:00Z,2003-01-01T00:00:00Z
http://www.wikidata.org/entity/Q5522980,http://www.wikidata.org/entity/Q19568,163.0,1999-01-01T00:00:00Z,2008-01-01T00:00:00Z
http://www.wikidata.org/entity/Q5522999,http://www.wikidata.org/entity/Q19477,38.0,1998-01-01T00:00:00Z,1999-01-01T00:00:00Z
http://www.wikidata.org/entity/Q5523000,http://www.wikidata.org/entity/Q19568,1.0,2004-01-01T00:00:00Z,2004-01-01T00:00:00Z
http://www.wikidata.org/entity/Q5523849,http://www.wikidata.org/entity/Q19568,6.0,2007-01-01T00:00:00Z,2007-01-01T00:00:00Z
http://www.wikidata.org/entity/Q5523849,http://www.wikidata.org/entity/Q19568,168.0,2000-01-01T00:00:00Z,2005-01-01T00:00:00Z
http://www.wikidata.org/entity/Q5524127,http://www.wikidata.org/entity/Q19607,6.0,2006-01-01T00:00:00Z,2006-01-01T00:00:00Z
http://www.wikidata.org/entity/Q5524209,http://www.wikidata.org/entity/Q19571,10.0,2007-01-01T00:00:00Z,2007-01-01T00:00:00Z
http://www.wikidata.org/entity/Q55421655,http://www.wikidata.org/entity/Q19477,9.0,2021-08-01T00:00:00Z,2022-01-01T00:00:00Z
http://www.wikidata.org/entity/Q1920,http://www.wikidata.org/entity/Q50602,129.0,2011-01-01T00:00:00Z,2017-08-01T00:00:00Z
http://www.wikidata.org/entity/Q57567,http://www.wikidata.org/entity/Q1130849,150.0,2016-01-01T00:00:00Z,2024-01-01T00:00:00Z
http://www.wikidata.org/entity/Q577269,http://www.wikidata.org/entity/Q50602,0.0,2011-01-01T00:00:00Z,2014-01-01T00:00:00Z
http://www.wikidata.org/entity/Q579231,http://www.wikidata.org/entity/Q50602,57.0,2014-08-11T00:00:00Z,2019-08-01T00:00:00Z
http://www.wikidata.org/entity/Q582988,http://www.wikidata.org/entity/Q48879,42.0,2011-01-01T00:00:00Z,2013-01-01T00:00:00Z
http://www.wikidata.org/entity/Q5890965,http://www.wikidata.org/entity/Q48879,26.0,2008-01-01T00:00:00Z,2009-01-01T00:00:00Z
http://www.wikidata.org/entity/Q59064,http://www.wikidata.org/entity/Q1128631,6.0,2012-01-01T00:00:00Z,2012-01-01T00:00:00Z
http://www.wikidata.org/entity/Q59065,http://www.wikidata.org/entity/Q1128631,3.0,2012-01-01T00:00:00Z,2012-01-01T00:00:00Z
http://www.wikidata.org/entity/Q59432,http://www.wikidata.org/entity/Q1130849,14.0,2010-01-01T00:00:00Z,2017-01-01T00:00:00Z
http://www.wikidata.org/entity/Q596939,http://www.wikidata.org/entity/Q48879,4.0,2011-01-01T00:00:00Z,2011-01-01T00:00:00Z
http://www.wikidata.org/entity/Q59719,http://www.wikidata.org/entity/Q1130849,128.0,2014-01-01T00:00:00Z,2020-01-01T00:00:00Z
http://www.wikidata.org/entity/Q5972919,http://www.wikidata.org/entity/Q48879,13.0,2001-01-01T00:00:00Z,2001-01-01T00:00:00Z
http://www.wikidata.org/entity/Q5980917,http://www.wikidata.org/entity/Q50602,78.0,1998-01-01T00:00:00Z,2001-01-01T00:00:00Z
http://www.wikidata.org/entity/Q5982500,http://www.wikidata.org/entity/Q48879,21.0,2000-01-01T00:00:00Z,2001-01-01T00:00:00Z
http://www.wikidata.org/entity/Q5982940,http://www.wikidata.org/entity/Q48879,9.0,2007-01-01T00:00:00Z,2008-01-01T00:00:00Z
http://www.wikidata.org/entity/Q60326,http://www.wikidata.org/entity/Q1130849,29.0,2015-01-01T00:00:00Z,2016-01-01T00:00:00Z
http://www.wikidata.org/entity/Q60558,http://www.wikidata.org/entity/Q1128631,1.0,2015-01-01T00:00:00Z,2015-01-01T00:00:00Z
http://www.wikidata.org/entity/Q6065586,http://www.wikidata.org/entity/Q48879,17.0,1999-01-01T00:00:00Z,2000-01-01T00:00:00Z
http://www.wikidata.org/entity/Q609186,http://www.wikidata.org/entity/Q48879,6.0,2013-01-01T00:00:00Z,2013-01-01T00:00:00Z
http://www.wikidata.org/entity/Q610366,http://www.wikidata.org/entity/Q50602,39.0,1998-01-01T00:00:00Z,2002-01-01T00:00:00Z
http://www.wikidata.org/entity/Q6111756,http://www.wikidata.org/entity/Q48879,14.0,2011-01-01T00:00:00Z,2012-01-01T00:00:00Z
http://www.wikidata.org/entity/Q6114773,http://www.wikidata.org/entity/Q50602,0.0,2008-01-01T00:00:00Z,2010-01-01T00:00:00Z
http://www.wikidata.org/entity/Q61225,http://www.wikidata.org/entity/Q1130849,42.0,2000-01-01T00:00:00Z,2004-01-01T00:00:00Z
http://www.wikidata.org/entity/Q6125007,http://www.wikidata.org/entity/Q48879,27.0,2010-01-01T00:00:00Z,2011-01-01T00:00:00Z
http://www.wikidata.org/entity/Q6125079,http://www.wikidata.org/entity/Q48879,1.0,2005-01-01T00:00:00Z,2006-01-01T00:00:00Z
http://www.wikidata.org/entity/Q6139655,http://www.wikidata.org/entity/Q48879,181.0,2012-01-01T00:00:00Z,2017-01-01T00:00:00Z
http://www.wikidata.org/entity/Q6141360,http://www.wikidata.org/entity/Q50602,0.0,2008-01-01T00:00:00Z,2011-01-01T00:00:00Z
http://www.wikidata.org/entity/Q6147094,http://www.wikidata.org/entity/Q48879,155.0,1997-01-01T00:00:00Z,2002-01-01T00:00:00Z
http://www.wikidata.org/entity/Q6147302,http://www.wikidata.org/entity/Q48879,23.0,2009-01-01T00:00:00Z,2010-01-01T00:00:00Z
http://www.wikidata.org/entity/Q6147362,http://www.wikidata.org/entity/Q50602,60.0,1998-01-01T00:00:00Z,2000-01-01T00:00:00Z
http://www.wikidata.org/entity/Q6147366,http://www.wikidata.org/entity/Q48879,2.0,2016-01-01T00:00:00Z,2016-01-01T00:00:00Z
http://www.wikidata.org/entity/Q64736321,http://www.wikidata.org/entity/Q50602,31.0,2025-01-01T00:00:00Z,
http://www.wikidata.org/entity/Q1983384,http://www.wikidata.org/entity/Q1128631,51.0,1997-01-01T00:00:00Z,2000-01-01T00:00:00Z
http://www.wikidata.org/entity/Q1987081,http://www.wikidata.org/entity/Q1130849,20.0,2013-01-01T00:00:00Z,2015-01-01T00:00:00Z
http://www.wikidata.org/entity/Q1990935,http://www.wikidata.org/entity/Q1130849,0.0,2000-01-01T00:00:00Z,2005-01-01T00:00:00Z
http://www.wikidata.org/entity/Q20641319,http://www.wikidata.org/entity/Q1128631,214.0,2014-01-01T00:00:00Z,2022-01-01T00:00:00Z
http://www.wikidata.org/entity/Q5585818,http://www.wikidata.org/entity/Q19500,0.0,2000-01-01T00:00:00Z,2001-01-01T00:00:00Z
http://www.wikidata.org/entity/Q5585975,http://www.wikidata.org/entity/Q19604,0.0,2000-01-01T00:00:00Z,2001-01-01T00:00:00Z
http://www.wikidata.org/entity/Q5585975,http://www.wikidata.org/entity/Q19568,6.0,1999-01-01T00:00:00Z,2000-01-01T00:00:00Z
http://www.wikidata.org/entity/Q5592318,http://www.wikidata.org/entity/Q19498,67.0,2003-01-01T00:00:00Z,2006-01-01T00:00:00Z
http://www.wikidata.org/entity/Q5592741,http://www.wikidata.org/entity/Q19498,51.0,2005-01-01T00:00:00Z,2007-01-01T00:00:00Z
http://www.wikidata.org/entity/Q5592817,http://www.wikidata.org/entity/Q19481,34.0,1997-01-01T00:00:00Z,2000-01-01T00:00:00Z
http://www.wikidata.org/entity/Q5592933,http://www.wikidata.org/entity/Q19498,174.0,1988-01-01T00:00:00Z,1999-01-01T00:00:00Z
http://www.wikidata.org/entity/Q5593295,http://www.wikidata.org/entity/Q19607,53.0,1997-01-01T00:00:00Z,1999-01-01T00:00:00Z
http://www.wikidata.org/entity/Q561044,http://www.wikidata.org/entity/Q19473,34.0,2015-01-01T00:00:00Z,2016-01-01T00:00:00Z
http://www.wikidata.org/entity/Q561044,http://www.wikidata.org/entity/Q19490,25.0,2011-08-01T00:00:00Z,2014-01-01T00:00:00Z
http://www.wikidata.org/entity/Q561081,http://www.wikidata.org/entity/Q19571,23.0,2005-01-01T00:00:00Z,2006-01-01T00:00:00Z
http://www.wikidata.org/entity/Q561081,http://www.wikidata.org/entity/Q19481,41.0,2007-01-01T00:00:00Z,2010-01-01T00:00:00Z
http://www.wikidata.org/entity/Q561092,http://www.wikidata.org/entity/Q19580,0.0,2010-01-01T00:00:00Z,2010-01-01T00:00:00Z
http://www.wikidata.org/entity/Q561092,http://www.wikidata.org/entity/Q19490,3.0,2004-12-01T00:00:00Z,2005-01-01T00:00:00Z
http://www.wikidata.org/entity/Q562007,http://www.wikidata.org/entity/Q19477,129.0,2006-01-01T00:00:00Z,2009-01-01T00:00:00Z
http://www.wikidata.org/entity/Q562007,http://www.wikidata.org/entity/Q19571,75.0,2004-01-01T00:00:00Z,2006-01-01T00:00:00Z
http://www.wikidata.org/entity/Q562007,http://www.wikidata.org/entity/Q19571,16.0,2004-01-01T00:00:00Z,2004-01-01T00:00:00Z
http://www.wikidata.org/entity/Q5658465,http://www.wikidata.org/entity/Q19571,26.0,2011-01-01T00:00:00Z,2012-01-01T00:00:00Z
http://www.wikidata.org/entity/Q5660741,http://www.wikidata.org/entity/Q19571,34.0,2013-01-01T00:00:00Z,2015-01-01T00:00:00Z
http://www.wikidata.org/entity/Q5666248,http://www.wikidata.org/entity/Q19473,23.0,2020-01-01T00:00:00Z,2022-01-01T00:00:00Z
http://www.wikidata.org/entity/Q5673549,http://www.wikidata.org/entity/Q19481,2.0,2008-01-01T00:00:00Z,2008-01-01T00:00:00Z
http://www.wikidata.org/entity/Q5673549,http://www.wikidata.org/entity/Q19481,0.0,2008-01-01T00:00:00Z,2010-01-01T00:00:00Z
http://www.wikidata.org/entity/Q6396229,http://www.wikidata.org/entity/Q48879,7.0,2011-01-01T00:00:00Z,2011-01-01T00:00:00Z
http://www.wikidata.org/entity/Q6396517,http://www.wikidata.org/entity/Q50602,206.0,1997-01-01T00:00:00Z,2003-01-01T00:00:00Z
http://www.wikidata.org/entity/Q6397426,http://www.wikidata.org/entity/Q48879,9.0,2002-01-01T00:00:00Z,2005-01-01T00:00:00Z
http://www.wikidata.org/entity/Q6451327,http://www.wikidata.org/entity/Q48879,56.0,2007-01-01T00:00:00Z,2009-01-01T00:00:00Z
http://www.wikidata.org/entity/Q6513156,http://www.wikidata.org/entity/Q48879,115.0,2008-01-01T00:00:00Z,2012-01-01T00:00:00Z
http://www.wikidata.org/entity/Q6513156,http://www.wikidata.org/entity/Q48879,5.0,2008-01-01T00:00:00Z,2008-01-01T00:00:00Z
http://www.wikidata.org/entity/Q6513935,http://www.wikidata.org/entity/Q48879,16.0,2006-01-01T00:00:00Z,2006-01-01T00:00:00Z
http://www.wikidata.org/entity/Q6514704,http://www.wikidata.org/entity/Q50602,8.0,1999-01-01T00:00:00Z,2000-01-01T00:00:00Z
http://www.wikidata.org/entity/Q6515301,http://www.wikidata.org/entity/Q48879,15.0,1998-01-01T00:00:00Z,2000-01-01T00:00:00Z
http://www.wikidata.org/entity/Q6524794,http://www.wikidata.org/entity/Q50602,2.0,1998-01-01T00:00:00Z,2002-01-01T00:00:00Z
http://www.wikidata.org/entity/Q6524809,http://www.wikidata.org/entity/Q48879,36.0,2006-01-01T00:00:00Z,2012-01-01T00:00:00Z
http://www.wikidata.org/entity/Q6536714,http://www.wikidata.org/entity/Q48879,25.0,2010-01-01T00:00:00Z,2011-01-01T00:00:00Z
http://www.wikidata.org/entity/Q6539724,http://www.wikidata.org/entity/Q48879,17.0,2011-01-01T00:00:00Z,2011-01-01T00:00:00Z
http://www.wikidata.org/entity/Q665400,http://www.wikidata.org/entity/Q50602,6.0,2001-01-01T00:00:00Z,2002-01-01T00:00:00Z
http://www.wikidata.org/entity/Q6687399,http://www.wikidata.org/entity/Q48879,1.0,2009-01-01T00:00:00Z,2011-01-01T00:00:00Z
http://www.wikidata.org/entity/Q6695965,http://www.wikidata.org/entity/Q50602,0.0,2011-01-01T00:00:00Z,2014-01-01T00:00:00Z
http://www.wikidata.org/entity/Q6701890,http://www.wikidata.org/entity/Q48879,3.0,2003-01-01T00:00:00Z,2004-01-01T00:00:00Z
http://www.wikidata.org/entity/Q6701914,http://www.wikidata.org/entity/Q48879,3.0,2009-01-01T00:00:00Z,2012-01-01T00:00:00Z
http://www.wikidata.org/entity/Q6702064,http://www.wikidata.org/entity/Q48879,9.0,2015-01-01T00:00:00Z,2016-01-01T00:00:00Z
http://www.wikidata.org/entity/Q6702206,http://www.wikidata.org/entity/Q48879,131.0,2007-01-01T00:00:00Z,2012-01-01T00:00:00Z
http://www.wikidata.org/entity/Q6702227,http://www.wikidata.org/entity/Q48879,7.0,2010-01-01T00:00:00Z,2010-01-01T00:00:00Z
http://www.wikidata.org/entity/Q6702227,http://www.wikidata.org/entity/Q48879,100.0,2010-01-01T00:00:00Z,2014-01-01T00:00:00Z
http://www.wikidata.org/entity/Q6702340,http://www.wikidata.org/entity/Q48879,2.0,2009-01-01T00:00:00Z,2010-01-01T00:00:00Z
http://www.wikidata.org/entity/Q675648,http://www.wikidata.org/entity/Q48879,27.0,2005-01-01T00:00:00Z,2006-01-01T00:00:00Z
http://www.wikidata.org/entity/Q6766806,http://www.wikidata.org/entity/Q48879,231.0,1997-01-01T00:00:00Z,2009-01-01T00:00:00Z
http://www.wikidata.org/entity/Q6767268,http://www.wikidata.org/entity/Q48879,3.0,2002-01-01T00:00:00Z,2003-01-01T00:00:00Z
http://www.wikidata.org/entity/Q6769857,http://www.wikidata.org/entity/Q48879,12.0,2011-01-01T00:00:00Z,2012-01-01T00:00:00Z
http://www.wikidata.org/entity/Q6771919,http://www.wikidata.org/entity/Q48879,5.0,2003-01-01T00:00:00Z,2003-01-01T00:00:00Z
http://www.wikidata.org/entity/Q6783535,http://www.wikidata.org/entity/Q48879,11.0,2014-01-01T00:00:00Z,2014-01-01T00:00:00Z
http://www.wikidata.org/entity/Q6788674,http://www.wikidata.org/entity/Q48879,6.0,2012-01-01T00:00:00Z,2012-01-01T00:00:00Z
http://www.wikidata.org/entity/Q6788702,http://www.wikidata.org/entity/Q48879,17.0,2010-01-01T00:00:00Z,2010-01-01T00:00:00Z
http://www.wikidata.org/entity/Q6789414,http://www.wikidata.org/entity/Q48879,2.0,2013-01-01T00:00:00Z,2014-01-01T00:00:00Z
http://www.wikidata.org/entity/Q6790307,http://www.wikidata.org/entity/Q48879,88.0,2006-01-01T00:00:00Z,2010-01-01T00:00:00Z
http://www.wikidata.org/entity/Q6790421,http://www.wikidata.org/entity/Q48879,13.0,2014-01-01T00:00:00Z,2015-01-01T00:00:00Z
http://www.wikidata.org/entity/Q6790421,http://www.wikidata.org/entity/Q48879,11.0,2014-01-01T00:00:00Z,2014-01-01T00:00:00Z
http://www.wikidata.org/entity/Q42396622,http://www.wikidata.org/entity/Q19490,87.0,2023-01-01T00:00:00Z,
http://www.wikidata.org/entity/Q271615,http://www.wikidata.org/entity/Q1130849,23.0,2005-01-01T00:00:00Z,2007-01-01T00:00:00Z
http://www.wikidata.org/entity/Q2719418,http://www.wikidata.org/entity/Q1128631,3.0,2004-01-01T00:00:00Z,2004-01-01T00:00:00Z
http://www.wikidata.org/entity/Q2721854,http://www.wikidata.org/entity/Q1128631,9.0,2006-01-01T00:00:00Z,2007-01-01T00:00:00Z
http://www.wikidata.org/entity/Q2721854,http://www.wikidata.org/entity/Q1128631,59.0,2007-01-01T00:00:00Z,2010-01-01T00:00:00Z
http://www.wikidata.org/entity/Q2733524,http://www.wikidata.org/entity/Q1128631,29.0,2010-01-01T00:00:00Z,2012-01-01T00:00:00Z
http://www.wikidata.org/entity/Q273715,http://www.wikidata.org/entity/Q1130849,360.0,2011-01-01T00:00:00Z,2023-01-01T00:00:00Z
http://www.wikidata.org/entity/Q2756571,http://www.wikidata.org/entity/Q1128631,99.0,2012-01-01T00:00:00Z,2015-01-01T00:00:00Z
http://www.wikidata.org/entity/Q2757007,http://www.wikidata.org/entity/Q1128631,123.0,2008-01-01T00:00:00Z,2014-01-01T00:00:00Z
http://www.wikidata.org/entity/Q3775857,http://www.wikidata.org/entity/Q19604,20.0,2013-01-01T00:00:00Z,2014-01-01T00:00:00Z
http://www.wikidata.org/entity/Q380269,http://www.wikidata.org/entity/Q19607,0.0,2005-01-01T00:00:00Z,2007-01-01T00:00:00Z
http://www.wikidata.org/entity/Q380619,http://www.wikidata.org/entity/Q19481,34.0,2008-01-01T00:00:00Z,2009-01-01T00:00:00Z
http://www.wikidata.org/entity/Q381075,http://www.wikidata.org/entity/Q19604,123.0,2007-01-01T00:00:00Z,2012-01-01T00:00:00Z
http://www.wikidata.org/entity/Q381075,http://www.wikidata.org/entity/Q19580,2.0,2012-01-01T00:00:00Z,2012-01-01T00:00:00Z
http://www.wikidata.org/entity/Q381075,http://www.wikidata.org/entity/Q19571,41.0,1998-01-01T00:00:00Z,1999-01-01T00:00:00Z
http://www.wikidata.org/entity/Q381075,http://www.wikidata.org/entity/Q19482,24.0,1999-01-01T00:00:00Z,2000-01-01T00:00:00Z
http://www.wikidata.org/entity/Q381378,http://www.wikidata.org/entity/Q19580,6.0,2006-01-01T00:00:00Z,2007-01-01T00:00:00Z
http://www.wikidata.org/entity/Q381378,http://www.wikidata.org/entity/Q19580,6.0,2007-01-01T00:00:00Z,2007-01-01T00:00:00Z
http://www.wikidata.org/entity/Q381488,http://www.wikidata.org/entity/Q19498,64.0,2002-01-01T00:00:00Z,2003-01-01T00:00:00Z
http://www.wikidata.org/entity/Q381515,http://www.wikidata.org/entity/Q19477,31.0,2008-01-01T00:00:00Z,2010-01-01T00:00:00Z
http://www.wikidata.org/entity/Q382052,http://www.wikidata.org/entity/Q19477,23.0,2009-01-01T00:00:00Z,2011-01-01T00:00:00Z
http://www.wikidata.org/entity/Q3823424,http://www.wikidata.org/entity/Q19498,4.0,2011-01-01T00:00:00Z,2012-01-01T00:00:00Z
http://www.wikidata.org/entity/Q3823424,http://www.wikidata.org/entity/Q19498,79.0,2012-01-01T00:00:00Z,2014-01-01T00:00:00Z
http://www.wikidata.org/entity/Q3823424,http://www.wikidata.org/entity/Q19571,11.0,2011-01-01T00:00:00Z,2011-01-01T00:00:00Z
http://www.wikidata.org/entity/Q383483,http://www.wikidata.org/entity/Q19498,7.0,2003-01-01T00:00:00Z,2003-01-01T00:00:00Z
http://www.wikidata.org/entity/Q383483,http://www.wikidata.org/entity/Q19498,10.0,2003-01-01T00:00:00Z,2004-01-01T00:00:00Z
http://www.wikidata.org/entity/Q383483,http://www.wikidata.org/entity/Q19498,52.0,2004-01-01T00:00:00Z,2006-01-01T00:00:00Z
http://www.wikidata.org/entity/Q3845390,http://www.wikidata.org/entity/Q19607,0.0,2011-01-01T00:00:00Z,2012-01-01T00:00:00Z
http://www.wikidata.org/entity/Q3849445,http://www.wikidata.org/entity/Q19498,140.0,2007-01-01T00:00:00Z,2013-01-01T00:00:00Z
http://www.wikidata.org/entity/Q3849565,http://www.wikidata.org/entity/Q19568,116.0,1998-01-01T00:00:00Z,2000-01-01T00:00:00Z
http://www.wikidata.org/entity/Q3852031,http://www.wikidata.org/entity/Q19604,7.0,2008-01-01T00:00:00Z,2011-01-01T00:00:00Z
http://www.wikidata.org/entity/Q3852031,http://www.wikidata.org/entity/Q19568,130.0,2013-01-01T00:00:00Z,2016-01-01T00:00:00Z
http://www.wikidata.org/entity/Q3852266,http://www.wikidata.org/entity/Q19604,0.0,2006-01-01T00:00:00Z,2007-01-01T00:00:00Z
http://www.wikidata.org/entity/Q3852266,http://www.wikidata.org/entity/Q19490,0.0,2007-01-01T00:00:00Z,2008-01-01T00:00:00Z
http://www.wikidata.org/entity/Q3854071,http://www.wikidata.org/entity/Q19490,0.0,2013-01-01T00:00:00Z,2014-01-01T00:00:00Z
http://www.wikidata.org/entity/Q3856232,http://www.wikidata.org/entity/Q19481,77.0,2008-01-01T00:00:00Z,2011-01-01T00:00:00Z
http://www.wikidata.org/entity/Q3856232,http://www.wikidata.org/entity/Q19498,12.0,2011-01-01T00:00:00Z,2011-01-01T00:00:00Z
http://www.wikidata.org/entity/Q3856597,http://www.wikidata.org/entity/Q19498,39.0,2000-01-01T00:00:00Z,2003-01-01T00:00:00Z
http://www.wikidata.org/entity/Q3874292,http://www.wikidata.org/entity/Q19481,30.0,2011-01-01T00:00:00Z,2014-01-01T00:00:00Z
http://www.wikidata.org/entity/Q3874292,http://www.wikidata.org/entity/Q19473,17.0,2013-01-01T00:00:00Z,2013-01-01T00:00:00Z
http://www.wikidata.org/entity/Q387740,http://www.wikidata.org/entity/Q19580,6.0,2002-01-01T00:00:00Z,2002-01-01T00:00:00Z
http://www.wikidata.org/entity/Q387740,http://www.wikidata.org/entity/Q19482,28.0,2003-01-01T00:00:00Z,2004-01-01T00:00:00Z
http://www.wikidata.org/entity/Q387740,http://www.wikidata.org/entity/Q19580,11.0,2003-01-01T00:00:00Z,2003-01-01T00:00:00Z
http://www.wikidata.org/entity/Q3877698,http://www.wikidata.org/entity/Q19580,133.0,1995-01-01T00:00:00Z,2000-01-01T00:00:00Z
http://www.wikidata.org/entity/Q3878970,http://www.wikidata.org/entity/Q19500,4.0,2013-01-01T00:00:00Z,2013-01-01T00:00:00Z
http://www.wikidata.org/entity/Q3898062,http://www.wikidata.org/entity/Q19490,64.0,2004-01-01T00:00:00Z,2006-01-01T00:00:00Z
http://www.wikidata.org/entity/Q3898062,http://www.wikidata.org/entity/Q19607,2.0,2006-01-01T00:00:00Z,2008-01-01T00:00:00Z
http://www.wikidata.org/entity/Q3898062,http://www.wikidata.org/entity/Q19490,8.0,2004-01-01T00:00:00Z,2004-01-01T00:00:00Z
http://www.wikidata.org/entity/Q3898062,http://www.wikidata.org/entity/Q19607,16.0,2003-01-01T00:00:00Z,2003-01-01T00:00:00Z
http://www.wikidata.org/entity/Q3900825,http://www.wikidata.org/entity/Q19604,0.0,2014-01-01T00:00:00Z,2014-01-01T00:00:00Z
http://www.wikidata.org/entity/Q3900838,http://www.wikidata.org/entity/Q19473,192.0,2009-01-01T00:00:00Z,2014-01-01T00:00:00Z
http://www.wikidata.org/entity/Q3900838,http://www.wikidata.org/entity/Q19580,5.0,2004-01-01T00:00:00Z,2004-01-01T00:00:00Z
http://www.wikidata.org/entity/Q390793,http://www.wikidata.org/entity/Q19498,11.0,2023-09-01T00:00:00Z,2024-01-01T00:00:00Z
http://www.wikidata.org/entity/Q391248,http://www.wikidata.org/entity/Q19604,4.0,2003-01-01T00:00:00Z,2003-01-01T00:00:00Z
http://www.wikidata.org/entity/Q3972260,http://www.wikidata.org/entity/Q19481,7.0,2005-01-01T00:00:00Z,2005-01-01T00:00:00Z
http://www.wikidata.org/entity/Q3972520,http://www.wikidata.org/entity/Q19580,3.0,1999-01-01T00:00:00Z,1999-01-01T00:00:00Z
http://www.wikidata.org/entity/Q3976225,http://www.wikidata.org/entity/Q19571,64.0,2012-01-01T00:00:00Z,2015-01-01T00:00:00Z
http://www.wikidata.org/entity/Q3978442,http://www.wikidata.org/entity/Q19604,2.0,1998-01-01T00:00:00Z,1999-01-01T00:00:00Z
http://www.wikidata.org/entity/Q42673059,http://www.wikidata.org/entity/Q19500,0.0,2020-07-27T00:00:00Z,2024-06-15T00:00:00Z
http://www.wikidata.org/entity/Q219158,http://www.wikidata.org/entity/Q1128631,16.0,2011-01-01T00:00:00Z,2011-01-01T00:00:00Z
http://www.wikidata.org/entity/Q219366,http://www.wikidata.org/entity/Q1130849,0.0,2006-01-01T00:00:00Z,2010-01-01T00:00:00Z
http://www.wikidata.org/entity/Q219366,http://www.wikidata.org/entity/Q1128631,0.0,2009-01-01T00:00:00Z,2010-01-01T00:00:00Z
http://www.wikidata.org/entity/Q5026177,http://www.wikidata.org/entity/Q19580,0.0,2006-01-01T00:00:00Z,2007-01-01T00:00:00Z
http://www.wikidata.org/entity/Q505864,http://www.wikidata.org/entity/Q19481,14.0,2004-01-01T00:00:00Z,2004-01-01T00:00:00Z
http://www.wikidata.org/entity/Q507272,http://www.wikidata.org/entity/Q19580,9.0,2013-01-01T00:00:00Z,2014-01-01T00:00:00Z
http://www.wikidata.org/entity/Q507852,http://www.wikidata.org/entity/Q19568,24.0,2005-01-01T00:00:00Z,2006-01-01T00:00:00Z
http://www.wikidata.org/entity/Q507852,http://www.wikidata.org/entity/Q19568,35.0,2013-01-01T00:00:00Z,2014-01-01T00:00:00Z
http://www.wikidata.org/entity/Q507852,http://www.wikidata.org/entity/Q19500,7.0,2009-01-01T00:00:00Z,2010-01-01T00:00:00Z
http://www.wikidata.org/entity/Q5105686,http://www.wikidata.org/entity/Q19498,12.0,2005-01-01T00:00:00Z,2007-01-01T00:00:00Z
http://www.wikidata.org/entity/Q5105754,http://www.wikidata.org/entity/Q19607,95.0,2003-01-01T00:00:00Z,2008-01-01T00:00:00Z
http://www.wikidata.org/entity/Q5105767,http://www.wikidata.org/entity/Q19473,10.0,2010-01-01T00:00:00Z,2014-01-01T00:00:00Z
http://www.wikidata.org/entity/Q5105827,http://www.wikidata.org/entity/Q19490,207.0,1995-01-01T00:00:00Z,2002-01-01T00:00:00Z
http://www.wikidata.org/entity/Q5105871,http://www.wikidata.org/entity/Q19473,71.0,1998-01-01T00:00:00Z,2002-01-01T00:00:00Z
http://www.wikidata.org/entity/Q5105895,http://www.wikidata.org/entity/Q19607,1.0,1996-01-01T00:00:00Z,1999-01-01T00:00:00Z
http://www.wikidata.org/entity/Q5105958,http://www.wikidata.org/entity/Q19473,135.0,2004-01-01T00:00:00Z,2008-01-01T00:00:00Z
http://www.wikidata.org/entity/Q5106048,http://www.wikidata.org/entity/Q19571,0.0,2010-01-01T00:00:00Z,2011-01-01T00:00:00Z
http://www.wikidata.org/entity/Q5106169,http://www.wikidata.org/entity/Q19604,0.0,2000-01-01T00:00:00Z,2005-01-01T00:00:00Z
http://www.wikidata.org/entity/Q5106267,http://www.wikidata.org/entity/Q19500,0.0,2004-01-01T00:00:00Z,2006-01-01T00:00:00Z
http://www.wikidata.org/entity/Q5106344,http://www.wikidata.org/entity/Q19580,6.0,2013-01-01T00:00:00Z,2014-01-01T00:00:00Z
http://www.wikidata.org/entity/Q5106452,http://www.wikidata.org/entity/Q19580,3.0,2011-01-01T00:00:00Z,2013-01-01T00:00:00Z
http://www.wikidata.org/entity/Q5106784,http://www.wikidata.org/entity/Q19571,30.0,2004-01-01T00:00:00Z,2005-01-01T00:00:00Z
http://www.wikidata.org/entity/Q5106833,http://www.wikidata.org/entity/Q19473,49.0,2000-01-01T00:00:00Z,2002-01-01T00:00:00Z
http://www.wikidata.org/entity/Q5106900,http://www.wikidata.org/entity/Q19473,120.0,2000-01-01T00:00:00Z,2004-01-01T00:00:00Z
http://www.wikidata.org/entity/Q5107249,http://www.wikidata.org/entity/Q19498,47.0,2011-01-01T00:00:00Z,2013-01-01T00:00:00Z
http://www.wikidata.org/entity/Q5107285,http://www.wikidata.org/entity/Q19607,14.0,2006-01-01T00:00:00Z,2008-01-01T00:00:00Z
http://www.wikidata.org/entity/Q5107285,http://www.wikidata.org/entity/Q19473,69.0,1999-01-01T00:00:00Z,2001-01-01T00:00:00Z
http://www.wikidata.org/entity/Q5107285,http://www.wikidata.org/entity/Q19607,3.0,2006-01-01T00:00:00Z,2006-01-01T00:00:00Z
http://www.wikidata.org/entity/Q5107285,http://www.wikidata.org/entity/Q19473,13.0,2008-01-01T00:00:00Z,2010-01-01T00:00:00Z
http://www.wikidata.org/entity/Q5107343,http://www.wikidata.org/entity/Q19498,15.0,2004-01-01T00:00:00Z,2005-01-01T00:00:00Z
http://www.wikidata.org/entity/Q5107486,http://www.wikidata.org/entity/Q19571,16.0,2006-01-01T00:00:00Z,2007-01-01T00:00:00Z
http://www.wikidata.org/entity/Q5107628,http://www.wikidata.org/entity/Q19498,51.0,2011-01-01T00:00:00Z,2013-01-01T00:00:00Z
http://www.wikidata.org/entity/Q5107628,http://www.wikidata.org/entity/Q19481,24.0,2003-01-01T00:00:00Z,2007-01-01T00:00:00Z
http://www.wikidata.org/entity/Q5107628,http://www.wikidata.org/entity/Q19607,4.0,2014-01-01T00:00:00Z,2014-01-01T00:00:00Z
http://www.wikidata.org/entity/Q5107895,http://www.wikidata.org/entity/Q19607,0.0,2005-01-01T00:00:00Z,2007-01-01T00:00:00Z
http://www.wikidata.org/entity/Q5108012,http://www.wikidata.org/entity/Q19498,43.0,2010-01-01T00:00:00Z,2012-01-01T00:00:00Z
http://www.wikidata.org/entity/Q5108171,http://www.wikidata.org/entity/Q19580,16.0,2015-01-01T00:00:00Z,2015-01-01T00:00:00Z
http://www.wikidata.org/entity/Q5108181,http://www.wikidata.org/entity/Q19498,9.0,2000-01-01T00:00:00Z,2004-01-01T00:00:00Z
http://www.wikidata.org/entity/Q5108471,http://www.wikidata.org/entity/Q19607,12.0,1998-01-01T00:00:00Z,1999-01-01T00:00:00Z
http://www.wikidata.org/entity/Q5108489,http://www.wikidata.org/entity/Q19482,53.0,1999-01-01T00:00:00Z,2003-01-01T00:00:00Z
http://www.wikidata.org/entity/Q5109202,http://www.wikidata.org/entity/Q19568,103.0,1997-01-01T00:00:00Z,2000-01-01T00:00:00Z
http://www.wikidata.org/entity/Q5109563,http://www.wikidata.org/entity/Q19490,54.0,1998-01-01T00:00:00Z,2003-01-01T00:00:00Z
http://www.wikidata.org/entity/Q5116030,http://www.wikidata.org/entity/Q19568,47.0,2000-01-01T00:00:00Z,2003-01-01T00:00:00Z
http://www.wikidata.org/entity/Q5116030,http://www.wikidata.org/entity/Q19580,0.0,1998-01-01T00:00:00Z,2000-01-01T00:00:00Z
http://www.wikidata.org/entity/Q55956044,http://www.wikidata.org/entity/Q19490,4.0,2019-07-09T00:00:00Z,2020-01-01T00:00:00Z
http://www.wikidata.org/entity/Q2626107,http://www.wikidata.org/entity/Q19477,1.0,2024-01-01T00:00:00Z,
http://www.wikidata.org/entity/Q18237361,http://www.wikidata.org/entity/Q1130849,254.0,2018-01-01T00:00:00Z,
http://www.wikidata.org/entity/Q2544022,http://www.wikidata.org/entity/Q19500,0.0,2001-01-01T00:00:00Z,2001-01-01T00:00:00Z
http://www.wikidata.org/entity/Q2544022,http://www.wikidata.org/entity/Q19498,12.0,2011-01-01T00:00:00Z,2011-01-01T00:00:00Z
http://www.wikidata.org/entity/Q2544022,http://www.wikidata.org/entity/Q19477,4.0,1999-01-01T00:00:00Z,2000-01-01T00:00:00Z
http://www.wikidata.org/entity/Q2544022,http://www.wikidata.org/entity/Q19580,14.0,2005-01-01T00:00:00Z,2005-01-01T00:00:00Z
http://www.wikidata.org/entity/Q2544022,http://www.wikidata.org/entity/Q19498,20.0,2012-01-01T00:00:00Z,2013-01-01T00:00:00Z
http://www.wikidata.org/entity/Q2546075,http://www.wikidata.org/entity/Q19490,13.0,2008-01-01T00:00:00Z,2008-01-01T00:00:00Z
http://www.wikidata.org/entity/Q2546187,http://www.wikidata.org/entity/Q19498,41.0,2010-01-01T00:00:00Z,2011-01-01T00:00:00Z
http://www.wikidata.org/entity/Q2547716,http://www.wikidata.org/entity/Q19604,3.0,2008-01-01T00:00:00Z,2008-01-01T00:00:00Z
http://www.wikidata.org/entity/Q254800,http://www.wikidata.org/entity/Q19477,0.0,2008-01-01T00:00:00Z,2008-01-01T00:00:00Z
http://www.wikidata.org/entity/Q254800,http://www.wikidata.org/entity/Q19477,32.0,2008-01-01T00:00:00Z,2011-01-01T00:00:00Z
http://www.wikidata.org/entity/Q254800,http://www.wikidata.org/entity/Q19498,42.0,2012-01-01T00:00:00Z,2014-01-01T00:00:00Z
http://www.wikidata.org/entity/Q2548166,http://www.wikidata.org/entity/Q19481,43.0,2009-01-01T00:00:00Z,2010-01-01T00:00:00Z
http://www.wikidata.org/entity/Q2548166,http://www.wikidata.org/entity/Q19481,59.0,2010-01-01T00:00:00Z,2014-01-01T00:00:00Z
http://www.wikidata.org/entity/Q2548166,http://www.wikidata.org/entity/Q19477,5.0,2011-01-01T00:00:00Z,2011-01-01T00:00:00Z
http://www.wikidata.org/entity/Q2548374,http://www.wikidata.org/entity/Q19580,7.0,2000-01-01T00:00:00Z,2002-01-01T00:00:00Z
http://www.wikidata.org/entity/Q2566848,http://www.wikidata.org/entity/Q19500,4.0,2012-01-01T00:00:00Z,2013-01-01T00:00:00Z
http://www.wikidata.org/entity/Q2568182,http://www.wikidata.org/entity/Q19607,0.0,2008-01-01T00:00:00Z,2008-01-01T00:00:00Z
http://www.wikidata.org/entity/Q256875,http://www.wikidata.org/entity/Q19481,12.0,2014-01-01T00:00:00Z,2014-01-01T00:00:00Z
http://www.wikidata.org/entity/Q2576467,http://www.wikidata.org/entity/Q19607,6.0,2001-01-01T00:00:00Z,2003-01-01T00:00:00Z
http://www.wikidata.org/entity/Q2576825,http://www.wikidata.org/entity/Q19580,1.0,2005-01-01T00:00:00Z,2006-01-01T00:00:00Z
http://www.wikidata.org/entity/Q2578561,http://www.wikidata.org/entity/Q19604,0.0,2012-01-01T00:00:00Z,2012-01-01T00:00:00Z
http://www.wikidata.org/entity/Q258214,http://www.wikidata.org/entity/Q19498,75.0,1997-01-01T00:00:00Z,2000-01-01T00:00:00Z
http://www.wikidata.org/entity/Q2602924,http://www.wikidata.org/entity/Q19604,11.0,2004-01-01T00:00:00Z,2005-01-01T00:00:00Z
http://www.wikidata.org/entity/Q2604008,http://www.wikidata.org/entity/Q19604,4.0,2012-01-01T00:00:00Z,2012-01-01T00:00:00Z
http://www.wikidata.org/entity/Q2604008,http://www.wikidata.org/entity/Q19607,7.0,2010-01-01T00:00:00Z,2010-01-01T00:00:00Z
http://www.wikidata.org/entity/Q2604671,http://www.wikidata.org/entity/Q19604,23.0,2004-01-01T00:00:00Z,2006-01-01T00:00:00Z
http://www.wikidata.org/entity/Q2604682,http://www.wikidata.org/entity/Q19604,4.0,2005-01-01T00:00:00Z,2005-01-01T00:00:00Z
http://www.wikidata.org/entity/Q2606601,http://www.wikidata.org/entity/Q19607,35.0,2000-01-01T00:00:00Z,2001-01-01T00:00:00Z
http://www.wikidata.org/entity/Q2612309,http://www.wikidata.org/entity/Q19498,1.0,2004-01-01T00:00:00Z,2007-01-01T00:00:00Z
http://www.wikidata.org/entity/Q2617262,http://www.wikidata.org/entity/Q19580,17.0,2002-01-01T00:00:00Z,2003-01-01T00:00:00Z
http://www.wikidata.org/entity/Q2618115,http://www.wikidata.org/entity/Q19481,245.0,1997-01-01T00:00:00Z,2005-01-01T00:00:00Z
http://www.wikidata.org/entity/Q2620496,http://www.wikidata.org/entity/Q19481,58.0,2005-01-01T00:00:00Z,2008-01-01T00:00:00Z
http://www.wikidata.org/entity/Q2620496,http://www.wikidata.org/entity/Q19481,6.0,2005-01-01T00:00:00Z,2005-01-01T00:00:00Z
http://www.wikidata.org/entity/Q2621311,http://www.wikidata.org/entity/Q19580,68.0,2009-01-01T00:00:00Z,2012-01-01T00:00:00Z
http://www.wikidata.org/entity/Q2621755,http://www.wikidata.org/entity/Q19568,21.0,2008-01-01T00:00:00Z,2009-01-01T00:00:00Z
http://www.wikidata.org/entity/Q2621755,http://www.wikidata.org/entity/Q19604,90.0,2008-01-01T00:00:00Z,2012-01-01T00:00:00Z
http://www.wikidata.org/entity/Q2628201,http://www.wikidata.org/entity/Q19607,11.0,2016-03-01T00:00:00Z,2016-05-01T00:00:00Z
http://www.wikidata.org/entity/Q2628247,http://www.wikidata.org/entity/Q19473,38.0,2012-01-01T00:00:00Z,2014-01-01T00:00:00Z
http://www.wikidata.org/entity/Q2630576,http://www.wikidata.org/entity/Q19568,145.0,2000-01-01T00:00:00Z,2006-01-01T00:00:00Z
http://www.wikidata.org/entity/Q2631045,http://www.wikidata.org/entity/Q19580,23.0,2004-01-01T00:00:00Z,2005-01-01T00:00:00Z
http://www.wikidata.org/entity/Q2635045,http://www.wikidata.org/entity/Q19473,7.0,2012-01-01T00:00:00Z,2012-01-01T00:00:00Z
http://www.wikidata.org/entity/Q2635458,http://www.wikidata.org/entity/Q19482,12.0,2000-01-01T00:00:00Z,2002-01-01T00:00:00Z
http://www.wikidata.org/entity/Q2636232,http://www.wikidata.org/entity/Q19498,74.0,2001-01-01T00:00:00Z,2003-01-01T00:00:00Z
http://www.wikidata.org/entity/Q2636232,http://www.wikidata.org/entity/Q19580,57.0,1997-01-01T00:00:00Z,1999-01-01T00:00:00Z
http://www.wikidata.org/entity/Q2637142,http://www.wikidata.org/entity/Q19571,16.0,2005-01-01T00:00:00Z,2005-01-01T00:00:00Z
http://www.wikidata.org/entity/Q2637142,http://www.wikidata.org/entity/Q19571,34.0,2005-01-01T00:00:00Z,2006-01-01T00:00:00Z
http://www.wikidata.org/entity/Q2637561,http://www.wikidata.org/entity/Q19604,30.0,2011-01-01T00:00:00Z,2012-01-01T00:00:00Z
http://www.wikidata.org/entity/Q2637561,http://www.wikidata.org/entity/Q19498,43.0,2009-01-01T00:00:00Z,2010-01-01T00:00:00Z
http://www.wikidata.org/entity/Q26380,http://www.wikidata.org/entity/Q1130849,14.0,2013-01-01T00:00:00Z,2015-01-01T00:00:00Z
http://www.wikidata.org/entity/Q2638248,http://www.wikidata.org/entity/Q19482,9.0,2003-01-01T00:00:00Z,2004-01-01T00:00:00Z
http://www.wikidata.org/entity/Q2639636,http://www.wikidata.org/entity/Q19607,6.0,2011-01-01T00:00:00Z,2011-01-01T00:00:00Z
http://www.wikidata.org/entity/Q2640420,http://www.wikidata.org/entity/Q19580,0.0,2006-01-01T00:00:00Z,2007-01-01T00:00:00Z
http://www.wikidata.org/entity/Q2643777,http://www.wikidata.org/entity/Q19490,9.0,2024-08-30T00:00:00Z,2025-02-03T00:00:00Z
http://www.wikidata.org/entity/Q26517,http://www.wikidata.org/entity/Q1130849,110.0,2011-01-01T00:00:00Z,2014-01-01T00:00:00Z
http://www.wikidata.org/entity/Q2663282,http://www.wikidata.org/entity/Q19604,2.0,2008-01-01T00:00:00Z,2009-01-01T00:00:00Z
http://www.wikidata.org/entity/Q2663282,http://www.wikidata.org/entity/Q19604,1.0,2008-01-01T00:00:00Z,2008-01-01T00:00:00Z
http://www.wikidata.org/entity/Q27063854,http://www.wikidata.org/entity/Q19571,42.0,2018-01-01T00:00:00Z,2019-01-01T00:00:00Z
http://www.wikidata.org/entity/Q41533,http://www.wikidata.org/entity/Q50602,32.0,2014-01-01T00:00:00Z,2015-01-01T00:00:00Z
http://www.wikidata.org/entity/Q4251366,http://www.wikidata.org/entity/Q1128631,23.0,2015-01-01T00:00:00Z,2016-01-01T00:00:00Z
http://www.wikidata.org/entity/Q4254043,http://www.wikidata.org/entity/Q1130849,107.0,2014-07-29T00:00:00Z,2022-06-01T00:00:00Z
http://www.wikidata.org/entity/Q4321372,http://www.wikidata.org/entity/Q1130849,0.0,1997-01-01T00:00:00Z,2002-01-01T00:00:00Z
http://www.wikidata.org/entity/Q4328352,http://www.wikidata.org/entity/Q1130849,1.0,1998-01-01T00:00:00Z,2001-01-01T00:00:00Z
http://www.wikidata.org/entity/Q220593,http://www.wikidata.org/entity/Q1130849,247.0,2007-01-01T00:00:00Z,2017-07-01T00:00:00Z
http://www.wikidata.org/entity/Q222231,http://www.wikidata.org/entity/Q1130849,116.0,2013-01-01T00:00:00Z,2019-01-01T00:00:00Z
http://www.wikidata.org/entity/Q223176,http://www.wikidata.org/entity/Q1128631,69.0,1997-01-01T00:00:00Z,1999-01-01T00:00:00Z
http://www.wikidata.org/entity/Q223229,http://www.wikidata.org/entity/Q1130849,4.0,2011-01-01T00:00:00Z,2013-01-01T00:00:00Z
http://www.wikidata.org/entity/Q2245403,http://www.wikidata.org/entity/Q1130849,2.0,2004-01-09T00:00:00Z,2004-01-28T00:00:00Z
http://www.wikidata.org/entity/Q2262185,http://www.wikidata.org/entity/Q1128631,64.0,2004-01-01T00:00:00Z,2007-01-01T00:00:00Z
http://www.wikidata.org/entity/Q46585305,http://www.wikidata.org/entity/Q19568,20.0,2015-01-01T00:00:00Z,2021-01-01T00:00:00Z
http://www.wikidata.org/entity/Q47075606,http://www.wikidata.org/entity/Q19580,91.0,2021-07-09T00:00:00Z,2023-07-13T00:00:00Z
http://www.wikidata.org/entity/Q47075606,http://www.wikidata.org/entity/Q19580,19.0,2021-01-15T00:00:00Z,2021-05-31T00:00:00Z
http://www.wikidata.org/entity/Q4955047,http://www.wikidata.org/entity/Q19604,2.0,2012-01-01T00:00:00Z,2015-01-01T00:00:00Z
http://www.wikidata.org/entity/Q4962131,http://www.wikidata.org/entity/Q19481,0.0,2000-01-01T00:00:00Z,2003-01-01T00:00:00Z
http://www.wikidata.org/entity/Q4962237,http://www.wikidata.org/entity/Q19571,10.0,2008-01-01T00:00:00Z,2009-01-01T00:00:00Z
http://www.wikidata.org/entity/Q496553,http://www.wikidata.org/entity/Q19498,70.0,2016-01-01T00:00:00Z,2019-01-01T00:00:00Z
http://www.wikidata.org/entity/Q496553,http://www.wikidata.org/entity/Q19498,12.0,2015-01-01T00:00:00Z,2016-01-01T00:00:00Z
http://www.wikidata.org/entity/Q497126,http://www.wikidata.org/entity/Q19498,39.0,2009-01-01T00:00:00Z,2010-01-01T00:00:00Z
http://www.wikidata.org/entity/Q497126,http://www.wikidata.org/entity/Q19498,4.0,2009-01-01T00:00:00Z,2009-01-01T00:00:00Z
http://www.wikidata.org/entity/Q497126,http://www.wikidata.org/entity/Q19500,41.0,2007-01-01T00:00:00Z,2009-01-01T00:00:00Z
http://www.wikidata.org/entity/Q4979379,http://www.wikidata.org/entity/Q19607,25.0,1999-01-01T00:00:00Z,2001-01-01T00:00:00Z
http://www.wikidata.org/entity/Q4980906,http://www.wikidata.org/entity/Q19580,6.0,2015-01-01T00:00:00Z,2015-01-01T00:00:00Z
http://www.wikidata.org/entity/Q5000889,http://www.wikidata.org/entity/Q19498,99.0,2005-01-01T00:00:00Z,2008-01-01T00:00:00Z
http://www.wikidata.org/entity/Q501201,http://www.wikidata.org/entity/Q19500,19.0,2017-01-01T00:00:00Z,2017-01-01T00:00:00Z
http://www.wikidata.org/entity/Q5022945,http://www.wikidata.org/entity/Q19580,15.0,2012-01-01T00:00:00Z,2013-01-01T00:00:00Z
http://www.wikidata.org/entity/Q5022959,http://www.wikidata.org/entity/Q19568,45.0,2005-01-01T00:00:00Z,2007-01-01T00:00:00Z
http://www.wikidata.org/entity/Q5022998,http://www.wikidata.org/entity/Q19580,49.0,2009-01-01T00:00:00Z,2014-01-01T00:00:00Z
http://www.wikidata.org/entity/Q5022998,http://www.wikidata.org/entity/Q19568,171.0,2014-01-01T00:00:00Z,2020-01-01T00:00:00Z
http://www.wikidata.org/entity/Q5024,http://www.wikidata.org/entity/Q1130849,14.0,2002-01-01T00:00:00Z,2003-01-01T00:00:00Z
http://www.wikidata.org/entity/Q5024,http://www.wikidata.org/entity/Q1130849,14.0,2001-01-01T00:00:00Z,2002-01-01T00:00:00Z
http://www.wikidata.org/entity/Q5024053,http://www.wikidata.org/entity/Q19473,72.0,2011-01-01T00:00:00Z,2014-01-01T00:00:00Z
http://www.wikidata.org/entity/Q5024054,http://www.wikidata.org/entity/Q19571,41.0,2006-01-01T00:00:00Z,2007-01-01T00:00:00Z
http://www.wikidata.org/entity/Q502898,http://www.wikidata.org/entity/Q19481,15.0,2015-01-01T00:00:00Z,2016-01-01T00:00:00Z
http://www.wikidata.org/entity/Q503365,http://www.wikidata.org/entity/Q19604,97.0,2010-01-01T00:00:00Z,2013-01-01T00:00:00Z
http://www.wikidata.org/entity/Q5034368,http://www.wikidata.org/entity/Q19604,13.0,2015-01-01T00:00:00Z,2016-01-01T00:00:00Z
http://www.wikidata.org/entity/Q503541,http://www.wikidata.org/entity/Q19490,42.0,2006-01-01T00:00:00Z,2013-01-01T00:00:00Z
http://www.wikidata.org/entity/Q5039833,http://www.wikidata.org/entity/Q19607,67.0,2001-01-01T00:00:00Z,2003-01-01T00:00:00Z
http://www.wikidata.org/entity/Q5040348,http://www.wikidata.org/entity/Q19571,8.0,2000-01-01T00:00:00Z,2000-01-01T00:00:00Z
http://www.wikidata.org/entity/Q5040467,http://www.wikidata.org/entity/Q19482,58.0,1998-01-01T00:00:00Z,2001-01-01T00:00:00Z
http://www.wikidata.org/entity/Q5040625,http://www.wikidata.org/entity/Q19481,1.0,2007-01-01T00:00:00Z,2010-01-01T00:00:00Z
http://www.wikidata.org/entity/Q5040635,http://www.wikidata.org/entity/Q19604,3.0,1999-01-01T00:00:00Z,2004-01-01T00:00:00Z
http://www.wikidata.org/entity/Q5040635,http://www.wikidata.org/entity/Q19568,1.0,2008-01-01T00:00:00Z,2008-01-01T00:00:00Z
http://www.wikidata.org/entity/Q5040664,http://www.wikidata.org/entity/Q19568,2.0,2008-01-01T00:00:00Z,2009-01-01T00:00:00Z
http://www.wikidata.org/entity/Q5040695,http://www.wikidata.org/entity/Q19477,24.0,2002-01-01T00:00:00Z,2004-01-01T00:00:00Z
http://www.wikidata.org/entity/Q5040695,http://www.wikidata.org/entity/Q19477,14.0,2002-01-01T00:00:00Z,2002-01-01T00:00:00Z
http://www.wikidata.org/entity/Q5040796,http://www.wikidata.org/entity/Q19607,0.0,2000-01-01T00:00:00Z,2000-01-01T00:00:00Z
http://www.wikidata.org/entity/Q5040881,http://www.wikidata.org/entity/Q19604,19.0,2001-01-01T00:00:00Z,2003-01-01T00:00:00Z
http://www.wikidata.org/entity/Q5041299,http://www.wikidata.org/entity/Q19498,0.0,2002-01-01T00:00:00Z,2002-01-01T00:00:00Z
http://www.wikidata.org/entity/Q504131,http://www.wikidata.org/entity/Q19481,3.0,2007-01-01T00:00:00Z,2008-01-01T00:00:00Z
http://www.wikidata.org/entity/Q5056244,http://www.wikidata.org/entity/Q19490,0.0,2013-01-01T00:00:00Z,2013-01-01T00:00:00Z
http://www.wikidata.org/entity/Q5056244,http://www.wikidata.org/entity/Q19498,2.0,2010-01-01T00:00:00Z,2012-01-01T00:00:00Z
http://www.wikidata.org/entity/Q5064233,http://www.wikidata.org/entity/Q19482,31.0,1997-01-01T00:00:00Z,2000-01-01T00:00:00Z
http://www.wikidata.org/entity/Q5064233,http://www.wikidata.org/entity/Q19604,34.0,2000-01-01T00:00:00Z,2002-01-01T00:00:00Z
http://www.wikidata.org/entity/Q1887401,http://www.wikidata.org/entity/Q1128631,6.0,2010-01-01T00:00:00Z,2010-01-01T00:00:00Z
http://www.wikidata.org/entity/Q1887401,http://www.wikidata.org/entity/Q1128631,22.0,2010-01-01T00:00:00Z,2011-01-01T00:00:00Z
http://www.wikidata.org/entity/Q1891162,http://www.wikidata.org/entity/Q1128631,1.0,2008-01-01T00:00:00Z,2008-01-01T00:00:00Z
http://www.wikidata.org/entity/Q1891162,http://www.wikidata.org/entity/Q1128631,1.0,2008-01-01T00:00:00Z,2009-01-01T00:00:00Z
http://www.wikidata.org/entity/Q189449,http://www.wikidata.org/entity/Q1130849,92.0,2007-01-01T00:00:00Z,2010-01-01T00:00:00Z
http://www.wikidata.org/entity/Q5811691,http://www.wikidata.org/entity/Q19571,67.0,2023-01-01T00:00:00Z,2025-06-01T00:00:00Z
http://www.wikidata.org/entity/Q5827484,http://www.wikidata.org/entity/Q19607,0.0,2007-01-01T00:00:00Z,2008-01-01T00:00:00Z
http://www.wikidata.org/entity/Q582755,http://www.wikidata.org/entity/Q19490,1.0,2007-01-01T00:00:00Z,2007-01-01T00:00:00Z
http://www.wikidata.org/entity/Q582792,http://www.wikidata.org/entity/Q19604,14.0,2005-01-01T00:00:00Z,2006-01-01T00:00:00Z
http://www.wikidata.org/entity/Q582988,http://www.wikidata.org/entity/Q19477,50.0,2004-01-01T00:00:00Z,2011-01-01T00:00:00Z
http://www.wikidata.org/entity/Q582988,http://www.wikidata.org/entity/Q19607,0.0,1999-01-01T00:00:00Z,2000-01-01T00:00:00Z
http://www.wikidata.org/entity/Q583258,http://www.wikidata.org/entity/Q19568,0.0,2001-01-01T00:00:00Z,2001-01-01T00:00:00Z
http://www.wikidata.org/entity/Q5870838,http://www.wikidata.org/entity/Q19571,40.0,2013-01-01T00:00:00Z,2014-01-01T00:00:00Z
http://www.wikidata.org/entity/Q591103,http://www.wikidata.org/entity/Q19604,11.0,2012-01-01T00:00:00Z,2012-01-01T00:00:00Z
http://www.wikidata.org/entity/Q591103,http://www.wikidata.org/entity/Q19580,3.0,2013-01-01T00:00:00Z,2013-01-01T00:00:00Z
http://www.wikidata.org/entity/Q591103,http://www.wikidata.org/entity/Q19498,79.0,2012-01-01T00:00:00Z,2015-01-01T00:00:00Z
http://www.wikidata.org/entity/Q591839,http://www.wikidata.org/entity/Q19490,13.0,2003-01-01T00:00:00Z,2004-01-01T00:00:00Z
http://www.wikidata.org/entity/Q592098,http://www.wikidata.org/entity/Q19481,101.0,2000-01-01T00:00:00Z,2004-01-01T00:00:00Z
http://www.wikidata.org/entity/Q5942453,http://www.wikidata.org/entity/Q19571,17.0,2007-01-01T00:00:00Z,2007-01-01T00:00:00Z
http://www.wikidata.org/entity/Q594853,http://www.wikidata.org/entity/Q19607,13.0,2009-01-01T00:00:00Z,2009-01-01T00:00:00Z
http://www.wikidata.org/entity/Q594853,http://www.wikidata.org/entity/Q19607,109.0,2004-01-01T00:00:00Z,2008-01-01T00:00:00Z
http://www.wikidata.org/entity/Q594853,http://www.wikidata.org/entity/Q19498,100.0,1998-01-01T00:00:00Z,2004-01-01T00:00:00Z
http://www.wikidata.org/entity/Q5980770,http://www.wikidata.org/entity/Q19481,0.0,1997-01-01T00:00:00Z,2002-01-01T00:00:00Z
http://www.wikidata.org/entity/Q5980986,http://www.wikidata.org/entity/Q19490,143.0,2005-01-01T00:00:00Z,2009-01-01T00:00:00Z
http://www.wikidata.org/entity/Q5980998,http://www.wikidata.org/entity/Q19580,0.0,1998-01-01T00:00:00Z,2000-01-01T00:00:00Z
http://www.wikidata.org/entity/Q5981289,http://www.wikidata.org/entity/Q19473,14.0,2003-01-01T00:00:00Z,2007-01-01T00:00:00Z
http://www.wikidata.org/entity/Q5981700,http://www.wikidata.org/entity/Q19473,29.0,2003-01-01T00:00:00Z,2004-01-01T00:00:00Z
http://www.wikidata.org/entity/Q5981728,http://www.wikidata.org/entity/Q19607,45.0,1998-01-01T00:00:00Z,2000-01-01T00:00:00Z
http://www.wikidata.org/entity/Q5981847,http://www.wikidata.org/entity/Q19473,13.0,2003-01-01T00:00:00Z,2004-01-01T00:00:00Z
http://www.wikidata.org/entity/Q5982025,http://www.wikidata.org/entity/Q19473,42.0,1993-01-01T00:00:00Z,1999-01-01T00:00:00Z
http://www.wikidata.org/entity/Q5982500,http://www.wikidata.org/entity/Q19498,167.0,1994-01-01T00:00:00Z,2000-01-01T00:00:00Z
http://www.wikidata.org/entity/Q5983308,http://www.wikidata.org/entity/Q19490,218.0,1990-01-01T00:00:00Z,2000-01-01T00:00:00Z
http://www.wikidata.org/entity/Q56257870,http://www.wikidata.org/entity/Q1130849,99.0,2023-01-01T00:00:00Z,
http://www.wikidata.org/entity/Q19518278,http://www.wikidata.org/entity/Q1130849,123.0,2020-01-01T00:00:00Z,2025-01-01T00:00:00Z
http://www.wikidata.org/entity/Q19594164,http://www.wikidata.org/entity/Q1130849,0.0,2013-01-01T00:00:00Z,2018-01-01T00:00:00Z
http://www.wikidata.org/entity/Q202312,http://www.wikidata.org/entity/Q1130849,65.0,2011-01-01T00:00:00Z,2013-01-01T00:00:00Z
http://www.wikidata.org/entity/Q5527922,http://www.wikidata.org/entity/Q19604,0.0,2008-01-01T00:00:00Z,2010-01-01T00:00:00Z
http://www.wikidata.org/entity/Q5528285,http://www.wikidata.org/entity/Q19580,16.0,1997-01-01T00:00:00Z,2003-01-01T00:00:00Z
http://www.wikidata.org/entity/Q5528288,http://www.wikidata.org/entity/Q19571,12.0,2006-01-01T00:00:00Z,2006-01-01T00:00:00Z
http://www.wikidata.org/entity/Q5528303,http://www.wikidata.org/entity/Q19580,12.0,2003-01-01T00:00:00Z,2004-01-01T00:00:00Z
http://www.wikidata.org/entity/Q5536647,http://www.wikidata.org/entity/Q19607,205.0,2017-01-01T00:00:00Z,2024-01-01T00:00:00Z
http://www.wikidata.org/entity/Q5538069,http://www.wikidata.org/entity/Q19604,0.0,2012-01-01T00:00:00Z,2013-01-01T00:00:00Z
http://www.wikidata.org/entity/Q5542802,http://www.wikidata.org/entity/Q19500,87.0,1999-01-01T00:00:00Z,2006-01-01T00:00:00Z
http://www.wikidata.org/entity/Q5546108,http://www.wikidata.org/entity/Q19568,2.0,2008-01-01T00:00:00Z,2009-01-01T00:00:00Z
http://www.wikidata.org/entity/Q5551480,http://www.wikidata.org/entity/Q19481,30.0,2008-01-01T00:00:00Z,2010-01-01T00:00:00Z
http://www.wikidata.org/entity/Q5551480,http://www.wikidata.org/entity/Q19571,7.0,2010-01-01T00:00:00Z,2011-01-01T00:00:00Z
http://www.wikidata.org/entity/Q555292,http://www.wikidata.org/entity/Q19604,68.0,2002-01-01T00:00:00Z,2005-01-01T00:00:00Z
http://www.wikidata.org/entity/Q555292,http://www.wikidata.org/entity/Q19490,193.0,1989-01-01T00:00:00Z,1999-01-01T00:00:00Z
http://www.wikidata.org/entity/Q555292,http://www.wikidata.org/entity/Q19604,5.0,2002-01-01T00:00:00Z,2002-01-01T00:00:00Z
http://www.wikidata.org/entity/Q555455,http://www.wikidata.org/entity/Q19477,13.0,2009-01-01T00:00:00Z,2012-01-01T00:00:00Z
http://www.wikidata.org/entity/Q2104079,http://www.wikidata.org/entity/Q19473,135.0,1998-01-01T00:00:00Z,2001-01-01T00:00:00Z
http://www.wikidata.org/entity/Q21061757,http://www.wikidata.org/entity/Q19571,3.0,2014-01-01T00:00:00Z,2016-01-01T00:00:00Z
http://www.wikidata.org/entity/Q21062024,http://www.wikidata.org/entity/Q19580,17.0,2015-01-01T00:00:00Z,2016-01-01T00:00:00Z
http://www.wikidata.org/entity/Q21066114,http://www.wikidata.org/entity/Q19473,1.0,2023-01-01T00:00:00Z,2023-07-01T00:00:00Z
http://www.wikidata.org/entity/Q21066114,http://www.wikidata.org/entity/Q19498,23.0,2021-07-01T00:00:00Z,2022-06-01T00:00:00Z
http://www.wikidata.org/entity/Q211547,http://www.wikidata.org/entity/Q19490,17.0,2016-01-01T00:00:00Z,2017-01-01T00:00:00Z
http://www.wikidata.org/entity/Q211868,http://www.wikidata.org/entity/Q19607,4.0,2005-01-01T00:00:00Z,2005-01-01T00:00:00Z
http://www.wikidata.org/entity/Q211868,http://www.wikidata.org/entity/Q19490,148.0,2001-01-01T00:00:00Z,2006-01-01T00:00:00Z
http://www.wikidata.org/entity/Q211868,http://www.wikidata.org/entity/Q19498,7.0,2002-01-01T00:00:00Z,2002-01-01T00:00:00Z
http://www.wikidata.org/entity/Q2121983,http://www.wikidata.org/entity/Q19571,2.0,2000-01-01T00:00:00Z,2000-01-01T00:00:00Z
http://www.wikidata.org/entity/Q213032,http://www.wikidata.org/entity/Q19477,143.0,2010-01-01T00:00:00Z,2014-01-01T00:00:00Z
http://www.wikidata.org/entity/Q213095,http://www.wikidata.org/entity/Q19481,15.0,2011-08-04T00:00:00Z,2011-12-31T00:00:00Z
http://www.wikidata.org/entity/Q213129,http://www.wikidata.org/entity/Q19481,6.0,2011-01-01T00:00:00Z,2012-01-01T00:00:00Z
http://www.wikidata.org/entity/Q213427,http://www.wikidata.org/entity/Q19490,5.0,2010-11-25T00:00:00Z,2011-01-03T00:00:00Z
http://www.wikidata.org/entity/Q21621029,http://www.wikidata.org/entity/Q19473,8.0,2015-01-01T00:00:00Z,2016-01-01T00:00:00Z
http://www.wikidata.org/entity/Q21621029,http://www.wikidata.org/entity/Q19481,99.0,2015-01-01T00:00:00Z,2020-01-01T00:00:00Z
http://www.wikidata.org/entity/Q21621550,http://www.wikidata.org/entity/Q19580,0.0,2015-01-01T00:00:00Z,2015-01-01T00:00:00Z
http://www.wikidata.org/entity/Q21623004,http://www.wikidata.org/entity/Q19500,0.0,2014-01-01T00:00:00Z,2015-01-01T00:00:00Z
http://www.wikidata.org/entity/Q5158080,http://www.wikidata.org/entity/Q1130849,0.0,2004-01-01T00:00:00Z,2005-01-01T00:00:00Z
http://www.wikidata.org/entity/Q5162303,http://www.wikidata.org/entity/Q1130849,0.0,2011-01-01T00:00:00Z,2011-01-01T00:00:00Z
http://www.wikidata.org/entity/Q517874,http://www.wikidata.org/entity/Q1130849,2.0,2009-01-01T00:00:00Z,2012-01-01T00:00:00Z
http://www.wikidata.org/entity/Q5220631,http://www.wikidata.org/entity/Q1128631,0.0,1999-01-01T00:00:00Z,2004-01-01T00:00:00Z
http://www.wikidata.org/entity/Q5220700,http://www.wikidata.org/entity/Q1130849,0.0,2005-01-01T00:00:00Z,2007-01-01T00:00:00Z
http://www.wikidata.org/entity/Q5220937,http://www.wikidata.org/entity/Q1130849,0.0,1997-01-01T00:00:00Z,1999-01-01T00:00:00Z
http://www.wikidata.org/entity/Q5222840,http://www.wikidata.org/entity/Q1128631,0.0,2014-01-01T00:00:00Z,2015-01-01T00:00:00Z
http://www.wikidata.org/entity/Q5225378,http://www.wikidata.org/entity/Q1128631,0.0,2009-01-01T00:00:00Z,2009-01-01T00:00:00Z
http://www.wikidata.org/entity/Q5236676,http://www.wikidata.org/entity/Q1128631,0.0,2006-01-01T00:00:00Z,2006-01-01T00:00:00Z
http://www.wikidata.org/entity/Q5237100,http://www.wikidata.org/entity/Q1130849,0.0,2004-01-01T00:00:00Z,2007-01-01T00:00:00Z
http://www.wikidata.org/entity/Q525943,http://www.wikidata.org/entity/Q1128631,7.0,2012-01-01T00:00:00Z,2013-01-01T00:00:00Z
http://www.wikidata.org/entity/Q526086,http://www.wikidata.org/entity/Q1128631,68.0,2009-01-01T00:00:00Z,2011-01-01T00:00:00Z
http://www.wikidata.org/entity/Q5290623,http://www.wikidata.org/entity/Q1128631,29.0,2012-01-01T00:00:00Z,2014-01-01T00:00:00Z
http://www.wikidata.org/entity/Q533957,http://www.wikidata.org/entity/Q1128631,14.0,2006-01-01T00:00:00Z,2007-01-01T00:00:00Z
http://www.wikidata.org/entity/Q56249966,http://www.wikidata.org/entity/Q1128631,215.0,2019-01-01T00:00:00Z,2026-06-30T00:00:00Z
http://www.wikidata.org/entity/Q2332381,http://www.wikidata.org/entity/Q1128631,143.0,1999-01-01T00:00:00Z,2006-01-01T00:00:00Z
http://www.wikidata.org/entity/Q4753829,http://www.wikidata.org/entity/Q19607,12.0,1998-01-01T00:00:00Z,1999-01-01T00:00:00Z
http://www.wikidata.org/entity/Q4758889,http://www.wikidata.org/entity/Q19580,106.0,2003-01-01T00:00:00Z,2007-01-01T00:00:00Z
http://www.wikidata.org/entity/Q4760946,http://www.wikidata.org/entity/Q19607,33.0,2004-01-01T00:00:00Z,2005-01-01T00:00:00Z
http://www.wikidata.org/entity/Q4761143,http://www.wikidata.org/entity/Q19607,7.0,2003-01-01T00:00:00Z,2004-01-01T00:00:00Z
http://www.wikidata.org/entity/Q4761156,http://www.wikidata.org/entity/Q19482,7.0,1995-01-01T00:00:00Z,1999-01-01T00:00:00Z
http://www.wikidata.org/entity/Q4761166,http://www.wikidata.org/entity/Q19568,0.0,2003-01-01T00:00:00Z,2003-01-01T00:00:00Z
http://www.wikidata.org/entity/Q4761166,http://www.wikidata.org/entity/Q19500,0.0,2000-01-01T00:00:00Z,2000-01-01T00:00:00Z
http://www.wikidata.org/entity/Q4761166,http://www.wikidata.org/entity/Q19604,13.0,1998-01-01T00:00:00Z,1999-01-01T00:00:00Z
http://www.wikidata.org/entity/Q4761166,http://www.wikidata.org/entity/Q19604,32.0,1999-01-01T00:00:00Z,2002-01-01T00:00:00Z
http://www.wikidata.org/entity/Q4761236,http://www.wikidata.org/entity/Q19482,101.0,1998-01-01T00:00:00Z,2002-01-01T00:00:00Z
http://www.wikidata.org/entity/Q4761294,http://www.wikidata.org/entity/Q19571,125.0,1997-01-01T00:00:00Z,2001-01-01T00:00:00Z
http://www.wikidata.org/entity/Q4761383,http://www.wikidata.org/entity/Q19473,8.0,2007-01-01T00:00:00Z,2007-01-01T00:00:00Z
http://www.wikidata.org/entity/Q4761383,http://www.wikidata.org/entity/Q19607,39.0,2009-01-01T00:00:00Z,2012-01-01T00:00:00Z
http://www.wikidata.org/entity/Q4761398,http://www.wikidata.org/entity/Q19604,93.0,1995-01-01T00:00:00Z,1999-01-01T00:00:00Z
http://www.wikidata.org/entity/Q4761412,http://www.wikidata.org/entity/Q19490,0.0,1996-01-01T00:00:00Z,1999-01-01T00:00:00Z
http://www.wikidata.org/entity/Q4761512,http://www.wikidata.org/entity/Q19571,60.0,1999-01-01T00:00:00Z,2001-01-01T00:00:00Z
http://www.wikidata.org/entity/Q4761512,http://www.wikidata.org/entity/Q19571,1.0,1999-01-01T00:00:00Z,1999-01-01T00:00:00Z
http://www.wikidata.org/entity/Q4761513,http://www.wikidata.org/entity/Q19607,3.0,1999-01-01T00:00:00Z,2000-01-01T00:00:00Z
http://www.wikidata.org/entity/Q4770493,http://www.wikidata.org/entity/Q19482,4.0,1999-01-01T00:00:00Z,2002-01-01T00:00:00Z
http://www.wikidata.org/entity/Q4772074,http://www.wikidata.org/entity/Q19580,0.0,2004-01-01T00:00:00Z,2005-01-01T00:00:00Z
http://www.wikidata.org/entity/Q4772632,http://www.wikidata.org/entity/Q19568,5.0,1996-01-01T00:00:00Z,1999-01-01T00:00:00Z
http://www.wikidata.org/entity/Q4772951,http://www.wikidata.org/entity/Q19473,42.0,2002-01-01T00:00:00Z,2006-01-01T00:00:00Z
http://www.wikidata.org/entity/Q4773314,http://www.wikidata.org/entity/Q19604,0.0,2002-01-01T00:00:00Z,2004-01-01T00:00:00Z
http://www.wikidata.org/entity/Q4773723,http://www.wikidata.org/entity/Q19473,0.0,1999-01-01T00:00:00Z,1999-01-01T00:00:00Z
http://www.wikidata.org/entity/Q4775976,http://www.wikidata.org/entity/Q19473,27.0,2011-01-01T00:00:00Z,2014-01-01T00:00:00Z
http://www.wikidata.org/entity/Q4775976,http://www.wikidata.org/entity/Q19580,6.0,2014-01-01T00:00:00Z,2014-01-01T00:00:00Z
http://www.wikidata.org/entity/Q4775976,http://www.wikidata.org/entity/Q19568,106.0,2009-01-01T00:00:00Z,2011-01-01T00:00:00Z
http://www.wikidata.org/entity/Q4776654,http://www.wikidata.org/entity/Q19571,4.0,2012-01-01T00:00:00Z,2013-01-01T00:00:00Z
http://www.wikidata.org/entity/Q484766,http://www.wikidata.org/entity/Q19500,13.0,2014-01-01T00:00:00Z,2015-01-01T00:00:00Z
http://www.wikidata.org/entity/Q485196,http://www.wikidata.org/entity/Q19604,24.0,2008-01-01T00:00:00Z,2009-01-01T00:00:00Z
http://www.wikidata.org/entity/Q485196,http://www.wikidata.org/entity/Q19604,24.0,2008-01-01T00:00:00Z,2008-01-01T00:00:00Z
http://www.wikidata.org/entity/Q1585996,http://www.wikidata.org/entity/Q1128631,0.0,2000-01-01T00:00:00Z,2005-01-01T00:00:00Z
http://www.wikidata.org/entity/Q15915040,http://www.wikidata.org/entity/Q1130849,276.0,2017-01-01T00:00:00Z,2026-01-01T00:00:00Z
http://www.wikidata.org/entity/Q159159,http://www.wikidata.org/entity/Q1130849,44.0,2011-01-01T00:00:00Z,2013-01-01T00:00:00Z
http://www.wikidata.org/entity/Q159951,http://www.wikidata.org/entity/Q1130849,60.0,1997-01-01T00:00:00Z,1999-01-01T00:00:00Z
http://www.wikidata.org/entity/Q6451298,http://www.wikidata.org/entity/Q19607,0.0,2005-01-01T00:00:00Z,2007-01-01T00:00:00Z
http://www.wikidata.org/entity/Q6451327,http://www.wikidata.org/entity/Q19607,0.0,2005-01-01T00:00:00Z,2006-01-01T00:00:00Z
http://www.wikidata.org/entity/Q647873,http://www.wikidata.org/entity/Q19498,26.0,2011-01-01T00:00:00Z,2012-01-01T00:00:00Z
http://www.wikidata.org/entity/Q6519580,http://www.wikidata.org/entity/Q19473,0.0,2009-01-01T00:00:00Z,2011-01-01T00:00:00Z
http://www.wikidata.org/entity/Q6519601,http://www.wikidata.org/entity/Q19482,0.0,1999-01-01T00:00:00Z,2001-01-01T00:00:00Z
http://www.wikidata.org/entity/Q6519648,http://www.wikidata.org/entity/Q19571,8.0,2008-01-01T00:00:00Z,2008-01-01T00:00:00Z
http://www.wikidata.org/entity/Q6523734,http://www.wikidata.org/entity/Q19571,11.0,1998-01-01T00:00:00Z,1999-01-01T00:00:00Z
http://www.wikidata.org/entity/Q6524185,http://www.wikidata.org/entity/Q19571,29.0,2002-01-01T00:00:00Z,2004-01-01T00:00:00Z
http://www.wikidata.org/entity/Q6524578,http://www.wikidata.org/entity/Q19571,17.0,2002-01-01T00:00:00Z,2003-01-01T00:00:00Z
http://www.wikidata.org/entity/Q6524751,http://www.wikidata.org/entity/Q19571,93.0,2009-01-01T00:00:00Z,2013-01-01T00:00:00Z
http://www.wikidata.org/entity/Q6524791,http://www.wikidata.org/entity/Q19481,0.0,2001-01-01T00:00:00Z,2003-01-01T00:00:00Z
http://www.wikidata.org/entity/Q6535486,http://www.wikidata.org/entity/Q19481,39.0,2006-01-01T00:00:00Z,2010-01-01T00:00:00Z
http://www.wikidata.org/entity/Q6536483,http://www.wikidata.org/entity/Q19571,3.0,2007-01-01T00:00:00Z,2008-01-01T00:00:00Z
http://www.wikidata.org/entity/Q6536767,http://www.wikidata.org/entity/Q19607,1.0,2001-01-01T00:00:00Z,2003-01-01T00:00:00Z
http://www.wikidata.org/entity/Q6536863,http://www.wikidata.org/entity/Q19498,25.0,2004-01-01T00:00:00Z,2005-01-01T00:00:00Z
http://www.wikidata.org/entity/Q6536928,http://www.wikidata.org/entity/Q19571,0.0,2008-01-01T00:00:00Z,2009-01-01T00:00:00Z
http://www.wikidata.org/entity/Q6539546,http://www.wikidata.org/entity/Q19580,31.0,1996-01-01T00:00:00Z,1999-01-01T00:00:00Z
http://www.wikidata.org/entity/Q6539552,http://www.wikidata.org/entity/Q19580,11.0,2005-01-01T00:00:00Z,2008-01-01T00:00:00Z
http://www.wikidata.org/entity/Q6539585,http://www.wikidata.org/entity/Q19568,109.0,2009-01-01T00:00:00Z,2011-01-01T00:00:00Z
http://www.wikidata.org/entity/Q6539647,http://www.wikidata.org/entity/Q19500,0.0,2007-01-01T00:00:00Z,2009-01-01T00:00:00Z
http://www.wikidata.org/entity/Q6539660,http://www.wikidata.org/entity/Q19490,0.0,2001-01-01T00:00:00Z,2003-01-01T00:00:00Z
http://www.wikidata.org/entity/Q6539724,http://www.wikidata.org/entity/Q19571,3.0,2015-02-26T00:00:00Z,2015-04-02T00:00:00Z
http://www.wikidata.org/entity/Q6539724,http://www.wikidata.org/entity/Q19571,7.0,2013-02-20T00:00:00Z,2013-03-31T00:00:00Z
http://www.wikidata.org/entity/Q6539735,http://www.wikidata.org/entity/Q19498,0.0,2004-01-01T00:00:00Z,2005-01-01T00:00:00Z
http://www.wikidata.org/entity/Q6539745,http://www.wikidata.org/entity/Q19571,0.0,2013-01-01T00:00:00Z,2014-01-01T00:00:00Z
http://www.wikidata.org/entity/Q6539745,http://www.wikidata.org/entity/Q19604,0.0,2009-01-01T00:00:00Z,2010-01-01T00:00:00Z
http://www.wikidata.org/entity/Q6539783,http://www.wikidata.org/entity/Q19473,20.0,2010-01-01T00:00:00Z,2014-01-01T00:00:00Z
http://www.wikidata.org/entity/Q6539830,http://www.wikidata.org/entity/Q19604,26.0,2012-01-01T00:00:00Z,2013-01-01T00:00:00Z
http://www.wikidata.org/entity/Q66108160,http://www.wikidata.org/entity/Q19490,91.0,2019-01-01T00:00:00Z,2023-01-01T00:00:00Z
http://www.wikidata.org/entity/Q21061935,http://www.wikidata.org/entity/Q1130849,0.0,2015-01-01T00:00:00Z,2017-01-01T00:00:00Z
http://www.wikidata.org/entity/Q5144841,http://www.wikidata.org/entity/Q19477,3.0,1999-01-01T00:00:00Z,1999-01-01T00:00:00Z
http://www.wikidata.org/entity/Q5145024,http://www.wikidata.org/entity/Q19607,5.0,2000-01-01T00:00:00Z,2004-01-01T00:00:00Z
http://www.wikidata.org/entity/Q5145277,http://www.wikidata.org/entity/Q19500,3.0,2001-01-01T00:00:00Z,2002-01-01T00:00:00Z
http://www.wikidata.org/entity/Q5145326,http://www.wikidata.org/entity/Q19607,0.0,2005-01-01T00:00:00Z,2007-01-01T00:00:00Z
http://www.wikidata.org/entity/Q5157925,http://www.wikidata.org/entity/Q19498,6.0,2000-01-01T00:00:00Z,2001-01-01T00:00:00Z
http://www.wikidata.org/entity/Q5158080,http://www.wikidata.org/entity/Q19568,0.0,2006-01-01T00:00:00Z,2007-01-01T00:00:00Z
http://www.wikidata.org/entity/Q5162005,http://www.wikidata.org/entity/Q19607,0.0,2011-01-01T00:00:00Z,2012-01-01T00:00:00Z
http://www.wikidata.org/entity/Q5162304,http://www.wikidata.org/entity/Q19477,0.0,2011-01-01T00:00:00Z,2016-01-01T00:00:00Z
http://www.wikidata.org/entity/Q5162570,http://www.wikidata.org/entity/Q19481,23.0,2005-01-01T00:00:00Z,2015-01-01T00:00:00Z
http://www.wikidata.org/entity/Q520644,http://www.wikidata.org/entity/Q19473,7.0,2002-01-01T00:00:00Z,2002-01-01T00:00:00Z
http://www.wikidata.org/entity/Q520644,http://www.wikidata.org/entity/Q19498,3.0,2002-01-01T00:00:00Z,2002-01-01T00:00:00Z
http://www.wikidata.org/entity/Q521352,http://www.wikidata.org/entity/Q19500,0.0,2009-01-01T00:00:00Z,2012-01-01T00:00:00Z
http://www.wikidata.org/entity/Q521352,http://www.wikidata.org/entity/Q19568,16.0,2012-01-01T00:00:00Z,2012-01-01T00:00:00Z
http://www.wikidata.org/entity/Q521352,http://www.wikidata.org/entity/Q19568,16.0,2011-01-01T00:00:00Z,2012-01-01T00:00:00Z
http://www.wikidata.org/entity/Q521803,http://www.wikidata.org/entity/Q19482,9.0,2001-01-01T00:00:00Z,2002-01-01T00:00:00Z
http://www.wikidata.org/entity/Q523818,http://www.wikidata.org/entity/Q19604,23.0,2010-01-01T00:00:00Z,2011-01-01T00:00:00Z
http://www.wikidata.org/entity/Q523818,http://www.wikidata.org/entity/Q19477,9.0,2009-01-01T00:00:00Z,2010-01-01T00:00:00Z
http://www.wikidata.org/entity/Q523818,http://www.wikidata.org/entity/Q19571,80.0,2002-01-01T00:00:00Z,2004-01-01T00:00:00Z
http://www.wikidata.org/entity/Q524086,http://www.wikidata.org/entity/Q19500,135.0,2004-01-01T00:00:00Z,2008-01-01T00:00:00Z
http://www.wikidata.org/entity/Q524086,http://www.wikidata.org/entity/Q19498,6.0,2013-01-01T00:00:00Z,2013-01-01T00:00:00Z
http://www.wikidata.org/entity/Q524086,http://www.wikidata.org/entity/Q19477,34.0,2009-01-01T00:00:00Z,2013-01-01T00:00:00Z
http://www.wikidata.org/entity/Q524722,http://www.wikidata.org/entity/Q19607,7.0,2010-01-01T00:00:00Z,2010-01-01T00:00:00Z
http://www.wikidata.org/entity/Q524722,http://www.wikidata.org/entity/Q19607,89.0,2010-01-01T00:00:00Z,2012-01-01T00:00:00Z
http://www.wikidata.org/entity/Q525909,http://www.wikidata.org/entity/Q19580,7.0,2001-01-01T00:00:00Z,2002-01-01T00:00:00Z
http://www.wikidata.org/entity/Q5290623,http://www.wikidata.org/entity/Q19607,7.0,2013-01-01T00:00:00Z,2013-01-01T00:00:00Z
http://www.wikidata.org/entity/Q5290636,http://www.wikidata.org/entity/Q19607,1.0,2004-01-01T00:00:00Z,2007-01-01T00:00:00Z
http://www.wikidata.org/entity/Q5290641,http://www.wikidata.org/entity/Q19580,13.0,2015-01-01T00:00:00Z,2015-01-01T00:00:00Z
http://www.wikidata.org/entity/Q5290652,http://www.wikidata.org/entity/Q19568,2.0,2007-01-01T00:00:00Z,2007-01-01T00:00:00Z
http://www.wikidata.org/entity/Q5293878,http://www.wikidata.org/entity/Q19568,20.0,2012-01-01T00:00:00Z,2014-01-01T00:00:00Z
http://www.wikidata.org/entity/Q5293878,http://www.wikidata.org/entity/Q19568,9.0,2011-01-01T00:00:00Z,2011-01-01T00:00:00Z
http://www.wikidata.org/entity/Q5293878,http://www.wikidata.org/entity/Q19473,9.0,2011-01-01T00:00:00Z,2012-01-01T00:00:00Z
http://www.wikidata.org/entity/Q5296858,http://www.wikidata.org/entity/Q19580,0.0,2007-01-01T00:00:00Z,2009-01-01T00:00:00Z
http://www.wikidata.org/entity/Q5301138,http://www.wikidata.org/entity/Q19477,0.0,2012-01-01T00:00:00Z,2014-01-01T00:00:00Z
http://www.wikidata.org/entity/Q56441182,http://www.wikidata.org/entity/Q19473,28.0,2019-07-15T00:00:00Z,2020-01-01T00:00:00Z
http://www.wikidata.org/entity/Q19587747,http://www.wikidata.org/entity/Q19477,0.0,2014-01-01T00:00:00Z,2015-01-01T00:00:00Z
http://www.wikidata.org/entity/Q19587938,http://www.wikidata.org/entity/Q19481,252.0,2017-01-01T00:00:00Z,2025-01-01T00:00:00Z
http://www.wikidata.org/entity/Q1985823,http://www.wikidata.org/entity/Q19607,0.0,2007-01-01T00:00:00Z,2009-01-01T00:00:00Z
http://www.wikidata.org/entity/Q1992813,http://www.wikidata.org/entity/Q19568,39.0,2005-01-01T00:00:00Z,2006-01-01T00:00:00Z
http://www.wikidata.org/entity/Q1992813,http://www.wikidata.org/entity/Q19568,6.0,2005-01-01T00:00:00Z,2005-01-01T00:00:00Z
http://www.wikidata.org/entity/Q1993337,http://www.wikidata.org/entity/Q19498,3.0,2003-01-01T00:00:00Z,2004-01-01T00:00:00Z
http://www.wikidata.org/entity/Q1994973,http://www.wikidata.org/entity/Q19481,230.0,2008-01-01T00:00:00Z,2014-01-01T00:00:00Z
http://www.wikidata.org/entity/Q1994973,http://www.wikidata.org/entity/Q19580,6.0,2005-01-01T00:00:00Z,2005-01-01T00:00:00Z
http://www.wikidata.org/entity/Q1995032,http://www.wikidata.org/entity/Q19604,40.0,2011-01-01T00:00:00Z,2012-01-01T00:00:00Z
http://www.wikidata.org/entity/Q1995032,http://www.wikidata.org/entity/Q19477,6.0,2002-01-01T00:00:00Z,2002-01-01T00:00:00Z
http://www.wikidata.org/entity/Q1995450,http://www.wikidata.org/entity/Q19604,7.0,2000-01-01T00:00:00Z,2000-01-01T00:00:00Z
http://www.wikidata.org/entity/Q1997668,http://www.wikidata.org/entity/Q19580,14.0,2014-01-01T00:00:00Z,2014-01-01T00:00:00Z
http://www.wikidata.org/entity/Q1997668,http://www.wikidata.org/entity/Q19568,35.0,2012-01-01T00:00:00Z,2015-01-01T00:00:00Z
http://www.wikidata.org/entity/Q1997668,http://www.wikidata.org/entity/Q19568,69.0,2006-01-01T00:00:00Z,2011-01-01T00:00:00Z
http://www.wikidata.org/entity/Q2000565,http://www.wikidata.org/entity/Q19607,42.0,2005-01-01T00:00:00Z,2007-01-01T00:00:00Z
http://www.wikidata.org/entity/Q2004023,http://www.wikidata.org/entity/Q19477,13.0,2011-01-01T00:00:00Z,2012-01-01T00:00:00Z
http://www.wikidata.org/entity/Q2007696,http://www.wikidata.org/entity/Q19580,55.0,2008-01-01T00:00:00Z,2010-01-01T00:00:00Z
http://www.wikidata.org/entity/Q2007696,http://www.wikidata.org/entity/Q19571,11.0,2010-01-01T00:00:00Z,2011-01-01T00:00:00Z
http://www.wikidata.org/entity/Q200770,http://www.wikidata.org/entity/Q19473,0.0,2017-01-01T00:00:00Z,2018-01-01T00:00:00Z
http://www.wikidata.org/entity/Q20630864,http://www.wikidata.org/entity/Q19568,0.0,2015-01-01T00:00:00Z,2015-01-01T00:00:00Z
http://www.wikidata.org/entity/Q558965,http://www.wikidata.org/entity/Q1130849,0.0,2000-01-01T00:00:00Z,2003-01-01T00:00:00Z
http://www.wikidata.org/entity/Q24026064,http://www.wikidata.org/entity/Q1130849,70.0,2014-01-01T00:00:00Z,
http://www.wikidata.org/entity/Q2406997,http://www.wikidata.org/entity/Q1130849,2.0,1998-01-01T00:00:00Z,1999-01-01T00:00:00Z
http://www.wikidata.org/entity/Q2423660,http://www.wikidata.org/entity/Q1128631,52.0,2004-01-01T00:00:00Z,2007-01-01T00:00:00Z
http://www.wikidata.org/entity/Q2437243,http://www.wikidata.org/entity/Q1128631,4.0,2008-01-01T00:00:00Z,2009-01-01T00:00:00Z
http://www.wikidata.org/entity/Q245054,http://www.wikidata.org/entity/Q1130849,25.0,2012-01-01T00:00:00Z,2015-01-01T00:00:00Z
http://www.wikidata.org/entity/Q2457830,http://www.wikidata.org/entity/Q1128631,35.0,2010-01-01T00:00:00Z,2012-01-01T00:00:00Z
http://www.wikidata.org/entity/Q2461136,http://www.wikidata.org/entity/Q1128631,4.0,2013-01-01T00:00:00Z,2013-01-01T00:00:00Z
http://www.wikidata.org/entity/Q2469707,http://www.wikidata.org/entity/Q1130849,12.0,2002-01-01T00:00:00Z,2006-01-01T00:00:00Z
http://www.wikidata.org/entity/Q2475803,http://www.wikidata.org/entity/Q1128631,7.0,1999-01-01T00:00:00Z,1999-01-01T00:00:00Z
http://www.wikidata.org/entity/Q247708,http://www.wikidata.org/entity/Q1130849,14.0,2012-01-01T00:00:00Z,2015-01-01T00:00:00Z
http://www.wikidata.org/entity/Q248228,http://www.wikidata.org/entity/Q1130849,9.0,2013-01-01T00:00:00Z,2014-01-01T00:00:00Z
http://www.wikidata.org/entity/Q248890,http://www.wikidata.org/entity/Q1130849,76.0,2011-01-01T00:00:00Z,2016-01-01T00:00:00Z
http://www.wikidata.org/entity/Q4409210,http://www.wikidata.org/entity/Q19571,0.0,2007-01-01T00:00:00Z,2009-01-01T00:00:00Z
http://www.wikidata.org/entity/Q442815,http://www.wikidata.org/entity/Q19607,93.0,2013-01-01T00:00:00Z,2016-01-01T00:00:00Z
http://www.wikidata.org/entity/Q442860,http://www.wikidata.org/entity/Q19490,8.0,2009-03-01T00:00:00Z,2009-05-01T00:00:00Z
http://www.wikidata.org/entity/Q442860,http://www.wikidata.org/entity/Q19498,10.0,2011-01-01T00:00:00Z,2011-04-01T00:00:00Z
http://www.wikidata.org/entity/Q442866,http://www.wikidata.org/entity/Q19498,435.0,2015-08-01T00:00:00Z,2026-01-01T00:00:00Z
http://www.wikidata.org/entity/Q444408,http://www.wikidata.org/entity/Q19571,1.0,2013-01-01T00:00:00Z,2013-01-01T00:00:00Z
http://www.wikidata.org/entity/Q444563,http://www.wikidata.org/entity/Q19607,266.0,2002-01-01T00:00:00Z,2010-01-01T00:00:00Z
http://www.wikidata.org/entity/Q444563,http://www.wikidata.org/entity/Q19607,12.0,2002-01-01T00:00:00Z,2002-01-01T00:00:00Z
http://www.wikidata.org/entity/Q444975,http://www.wikidata.org/entity/Q19481,11.0,2000-01-01T00:00:00Z,2000-01-01T00:00:00Z
http://www.wikidata.org/entity/Q445801,http://www.wikidata.org/entity/Q19490,72.0,1999-01-01T00:00:00Z,2002-01-01T00:00:00Z
http://www.wikidata.org/entity/Q445801,http://www.wikidata.org/entity/Q19580,78.0,2004-01-01T00:00:00Z,2007-01-01T00:00:00Z
http://www.wikidata.org/entity/Q445953,http://www.wikidata.org/entity/Q19477,78.0,2010-01-01T00:00:00Z,2013-01-01T00:00:00Z
http://www.wikidata.org/entity/Q446447,http://www.wikidata.org/entity/Q19498,37.0,2010-01-01T00:00:00Z,2013-01-01T00:00:00Z
http://www.wikidata.org/entity/Q446447,http://www.wikidata.org/entity/Q19500,10.0,2005-01-01T00:00:00Z,2010-01-01T00:00:00Z
http://www.wikidata.org/entity/Q447128,http://www.wikidata.org/entity/Q19580,18.0,2004-01-01T00:00:00Z,2004-01-01T00:00:00Z
http://www.wikidata.org/entity/Q447573,http://www.wikidata.org/entity/Q19500,199.0,1999-01-01T00:00:00Z,2007-01-01T00:00:00Z
http://www.wikidata.org/entity/Q447975,http://www.wikidata.org/entity/Q19498,12.0,2004-01-01T00:00:00Z,2004-01-01T00:00:00Z
http://www.wikidata.org/entity/Q447987,http://www.wikidata.org/entity/Q19500,3.0,2004-01-01T00:00:00Z,2008-01-01T00:00:00Z
http://www.wikidata.org/entity/Q448074,http://www.wikidata.org/entity/Q19580,47.0,2008-01-01T00:00:00Z,2009-01-01T00:00:00Z
http://www.wikidata.org/entity/Q448303,http://www.wikidata.org/entity/Q19500,0.0,2007-01-01T00:00:00Z,2009-01-01T00:00:00Z
http://www.wikidata.org/entity/Q448420,http://www.wikidata.org/entity/Q19500,74.0,2003-01-01T00:00:00Z,2007-01-01T00:00:00Z
http://www.wikidata.org/entity/Q448420,http://www.wikidata.org/entity/Q19498,83.0,2007-01-01T00:00:00Z,2010-01-01T00:00:00Z
http://www.wikidata.org/entity/Q448420,http://www.wikidata.org/entity/Q19580,1.0,2013-01-01T00:00:00Z,2013-01-01T00:00:00Z
http://www.wikidata.org/entity/Q448420,http://www.wikidata.org/entity/Q19580,34.0,2013-01-01T00:00:00Z,2014-01-01T00:00:00Z
http://www.wikidata.org/entity/Q448420,http://www.wikidata.org/entity/Q19500,29.0,2014-01-01T00:00:00Z,2015-01-01T00:00:00Z
http://www.wikidata.org/entity/Q448437,http://www.wikidata.org/entity/Q19500,47.0,2001-01-01T00:00:00Z,2007-01-01T00:00:00Z
http://www.wikidata.org/entity/Q448576,http://www.wikidata.org/entity/Q19604,5.0,2010-01-01T00:00:00Z,2010-01-01T00:00:00Z
http://www.wikidata.org/entity/Q448576,http://www.wikidata.org/entity/Q19604,10.0,2009-01-01T00:00:00Z,2010-01-01T00:00:00Z
http://www.wikidata.org/entity/Q449629,http://www.wikidata.org/entity/Q19490,48.0,2008-01-01T00:00:00Z,2011-01-01T00:00:00Z
http://www.wikidata.org/entity/Q449629,http://www.wikidata.org/entity/Q19473,16.0,2010-01-01T00:00:00Z,2011-01-01T00:00:00Z
http://www.wikidata.org/entity/Q452418,http://www.wikidata.org/entity/Q19580,24.0,2006-01-01T00:00:00Z,2007-01-01T00:00:00Z
http://www.wikidata.org/entity/Q452418,http://www.wikidata.org/entity/Q19500,168.0,2001-01-01T00:00:00Z,2006-01-01T00:00:00Z
http://www.wikidata.org/entity/Q452992,http://www.wikidata.org/entity/Q19498,4.0,2007-01-01T00:00:00Z,2010-01-01T00:00:00Z
http://www.wikidata.org/entity/Q4531303,http://www.wikidata.org/entity/Q19568,8.0,1999-01-01T00:00:00Z,2000-01-01T00:00:00Z
http://www.wikidata.org/entity/Q454205,http://www.wikidata.org/entity/Q19568,7.0,2003-01-01T00:00:00Z,2003-01-01T00:00:00Z
http://www.wikidata.org/entity/Q454205,http://www.wikidata.org/entity/Q19568,8.0,2002-01-01T00:00:00Z,2002-01-01T00:00:00Z
http://www.wikidata.org/entity/Q454205,http://www.wikidata.org/entity/Q19473,13.0,2002-01-01T00:00:00Z,2002-01-01T00:00:00Z
http://www.wikidata.org/entity/Q454205,http://www.wikidata.org/entity/Q19482,2.0,2003-01-01T00:00:00Z,2003-01-01T00:00:00Z
http://www.wikidata.org/entity/Q454220,http://www.wikidata.org/entity/Q19604,17.0,2005-01-01T00:00:00Z,2006-01-01T00:00:00Z
http://www.wikidata.org/entity/Q454220,http://www.wikidata.org/entity/Q19604,17.0,2005-01-01T00:00:00Z,2005-01-01T00:00:00Z
http://www.wikidata.org/entity/Q455332,http://www.wikidata.org/entity/Q19568,31.0,2014-01-01T00:00:00Z,2015-01-01T00:00:00Z
http://www.wikidata.org/entity/Q455332,http://www.wikidata.org/entity/Q19568,11.0,2013-01-01T00:00:00Z,2014-01-01T00:00:00Z
http://www.wikidata.org/entity/Q455332,http://www.wikidata.org/entity/Q19490,15.0,2008-01-01T00:00:00Z,2009-01-01T00:00:00Z
http://www.wikidata.org/entity/Q455332,http://www.wikidata.org/entity/Q19490,163.0,2009-01-01T00:00:00Z,2013-01-01T00:00:00Z
http://www.wikidata.org/entity/Q455909,http://www.wikidata.org/entity/Q19580,0.0,2003-01-01T00:00:00Z,2006-01-01T00:00:00Z
http://www.wikidata.org/entity/Q456019,http://www.wikidata.org/entity/Q19498,14.0,2012-01-01T00:00:00Z,2013-01-01T00:00:00Z
http://www.wikidata.org/entity/Q456019,http://www.wikidata.org/entity/Q19580,72.0,2000-01-01T00:00:00Z,2003-01-01T00:00:00Z
http://www.wikidata.org/entity/Q456019,http://www.wikidata.org/entity/Q19500,55.0,2006-01-01T00:00:00Z,2008-01-01T00:00:00Z
http://www.wikidata.org/entity/Q456025,http://www.wikidata.org/entity/Q19568,11.0,2008-01-01T00:00:00Z,2008-01-01T00:00:00Z
http://www.wikidata.org/entity/Q456581,http://www.wikidata.org/entity/Q19481,13.0,2010-01-01T00:00:00Z,2011-01-01T00:00:00Z
http://www.wikidata.org/entity/Q456581,http://www.wikidata.org/entity/Q19490,27.0,2011-01-01T00:00:00Z,2012-01-01T00:00:00Z
http://www.wikidata.org/entity/Q456647,http://www.wikidata.org/entity/Q19477,23.0,2012-01-01T00:00:00Z,2013-01-01T00:00:00Z
http://www.wikidata.org/entity/Q456647,http://www.wikidata.org/entity/Q19477,18.0,2013-01-01T00:00:00Z,2013-01-01T00:00:00Z
http://www.wikidata.org/entity/Q456785,http://www.wikidata.org/entity/Q19604,26.0,2001-01-01T00:00:00Z,2002-01-01T00:00:00Z
http://www.wikidata.org/entity/Q457067,http://www.wikidata.org/entity/Q19604,27.0,2011-01-01T00:00:00Z,2012-01-01T00:00:00Z
http://www.wikidata.org/entity/Q4577577,http://www.wikidata.org/entity/Q19580,8.0,2006-01-01T00:00:00Z,2007-01-01T00:00:00Z
http://www.wikidata.org/entity/Q458262,http://www.wikidata.org/entity/Q19500,194.0,2007-01-01T00:00:00Z,2015-01-01T00:00:00Z
http://www.wikidata.org/entity/Q458276,http://www.wikidata.org/entity/Q19498,57.0,2016-01-01T00:00:00Z,2019-01-01T00:00:00Z
http://www.wikidata.org/entity/Q458276,http://www.wikidata.org/entity/Q19500,66.0,2008-01-01T00:00:00Z,2011-01-01T00:00:00Z
http://www.wikidata.org/entity/Q458311,http://www.wikidata.org/entity/Q19500,141.0,2009-01-01T00:00:00Z,2013-01-01T00:00:00Z
http://www.wikidata.org/entity/Q458781,http://www.wikidata.org/entity/Q19477,9.0,2012-01-01T00:00:00Z,2014-01-01T00:00:00Z
http://www.wikidata.org/entity/Q458998,http://www.wikidata.org/entity/Q19580,10.0,2010-01-01T00:00:00Z,2010-01-01T00:00:00Z
http://www.wikidata.org/entity/Q459873,http://www.wikidata.org/entity/Q19500,3.0,2004-01-01T00:00:00Z,2005-01-01T00:00:00Z
http://www.wikidata.org/entity/Q459959,http://www.wikidata.org/entity/Q19604,0.0,2009-01-01T00:00:00Z,2010-01-01T00:00:00Z
http://www.wikidata.org/entity/Q459959,http://www.wikidata.org/entity/Q19500,5.0,2015-01-01T00:00:00Z,2015-01-01T00:00:00Z
http://www.wikidata.org/entity/Q460137,http://www.wikidata.org/entity/Q19481,159.0,2011-01-01T00:00:00Z,2015-01-01T00:00:00Z
http://www.wikidata.org/entity/Q460137,http://www.wikidata.org/entity/Q19604,78.0,2007-01-01T00:00:00Z,2011-01-01T00:00:00Z
http://www.wikidata.org/entity/Q4661883,http://www.wikidata.org/entity/Q19568,4.0,2006-01-01T00:00:00Z,2006-01-01T00:00:00Z
http://www.wikidata.org/entity/Q4661931,http://www.wikidata.org/entity/Q19604,1.0,1998-01-01T00:00:00Z,1999-01-01T00:00:00Z
http://www.wikidata.org/entity/Q4662194,http://www.wikidata.org/entity/Q19498,37.0,2000-01-01T00:00:00Z,2001-01-01T00:00:00Z
http://www.wikidata.org/entity/Q4662250,http://www.wikidata.org/entity/Q19604,6.0,2015-01-01T00:00:00Z,2015-01-01T00:00:00Z
http://www.wikidata.org/entity/Q4912422,http://www.wikidata.org/entity/Q19580,24.0,2012-01-01T00:00:00Z,2015-01-01T00:00:00Z
http://www.wikidata.org/entity/Q4912824,http://www.wikidata.org/entity/Q19481,0.0,2009-01-01T00:00:00Z,2010-01-01T00:00:00Z
http://www.wikidata.org/entity/Q28801927,http://www.wikidata.org/entity/Q1130849,127.0,2023-01-01T00:00:00Z,
http://www.wikidata.org/entity/Q28864269,http://www.wikidata.org/entity/Q1130849,33.0,2018-01-01T00:00:00Z,
http://www.wikidata.org/entity/Q3640047,http://www.wikidata.org/entity/Q19580,16.0,1928-01-01T00:00:00Z,
http://www.wikidata.org/entity/Q19794108,http://www.wikidata.org/entity/Q1128631,3.0,2020-01-01T00:00:00Z,2020-01-01T00:00:00Z
http://www.wikidata.org/entity/Q204141,http://www.wikidata.org/entity/Q1130849,12.0,2010-01-01T00:00:00Z,2011-01-01T00:00:00Z
http://www.wikidata.org/entity/Q204429,http://www.wikidata.org/entity/Q1128631,181.0,1996-01-01T00:00:00Z,2003-01-01T00:00:00Z
http://www.wikidata.org/entity/Q204429,http://www.wikidata.org/entity/Q1130849,93.0,2003-01-01T00:00:00Z,2008-01-01T00:00:00Z
http://www.wikidata.org/entity/Q53697201,http://www.wikidata.org/entity/Q19477,0.0,2014-01-01T00:00:00Z,2017-01-01T00:00:00Z
http://www.wikidata.org/entity/Q5490908,http://www.wikidata.org/entity/Q19571,1.0,2008-01-01T00:00:00Z,2008-01-01T00:00:00Z
http://www.wikidata.org/entity/Q5491079,http://www.wikidata.org/entity/Q19604,1.0,2013-01-01T00:00:00Z,2013-01-01T00:00:00Z
http://www.wikidata.org/entity/Q5493594,http://www.wikidata.org/entity/Q19473,0.0,2001-01-01T00:00:00Z,2001-01-01T00:00:00Z
http://www.wikidata.org/entity/Q5493600,http://www.wikidata.org/entity/Q19571,0.0,2008-01-01T00:00:00Z,2010-01-01T00:00:00Z
http://www.wikidata.org/entity/Q552323,http://www.wikidata.org/entity/Q19473,9.0,2012-01-01T00:00:00Z,2012-01-01T00:00:00Z
http://www.wikidata.org/entity/Q553373,http://www.wikidata.org/entity/Q19481,126.0,2005-01-01T00:00:00Z,2009-01-01T00:00:00Z
http://www.wikidata.org/entity/Q553563,http://www.wikidata.org/entity/Q19568,7.0,2006-01-01T00:00:00Z,2007-01-01T00:00:00Z
http://www.wikidata.org/entity/Q553563,http://www.wikidata.org/entity/Q19490,25.0,2012-01-01T00:00:00Z,2014-01-01T00:00:00Z
http://www.wikidata.org/entity/Q554336,http://www.wikidata.org/entity/Q19481,8.0,2008-01-01T00:00:00Z,2008-01-01T00:00:00Z
http://www.wikidata.org/entity/Q554381,http://www.wikidata.org/entity/Q19571,8.0,2012-01-01T00:00:00Z,2012-01-01T00:00:00Z
http://www.wikidata.org/entity/Q554381,http://www.wikidata.org/entity/Q19580,91.0,2008-01-01T00:00:00Z,2010-01-01T00:00:00Z
http://www.wikidata.org/entity/Q554381,http://www.wikidata.org/entity/Q19498,54.0,2010-01-01T00:00:00Z,2012-01-01T00:00:00Z
http://www.wikidata.org/entity/Q554761,http://www.wikidata.org/entity/Q19500,7.0,2000-01-01T00:00:00Z,2000-01-01T00:00:00Z
http://www.wikidata.org/entity/Q555705,http://www.wikidata.org/entity/Q19604,112.0,2003-01-01T00:00:00Z,2007-01-01T00:00:00Z
http://www.wikidata.org/entity/Q555705,http://www.wikidata.org/entity/Q19498,65.0,1995-01-01T00:00:00Z,1999-01-01T00:00:00Z
http://www.wikidata.org/entity/Q5557241,http://www.wikidata.org/entity/Q19477,2.0,2004-01-01T00:00:00Z,2005-01-01T00:00:00Z
http://www.wikidata.org/entity/Q5557241,http://www.wikidata.org/entity/Q19568,9.0,2000-01-01T00:00:00Z,2000-01-01T00:00:00Z
http://www.wikidata.org/entity/Q5558111,http://www.wikidata.org/entity/Q19473,3.0,2003-01-01T00:00:00Z,2003-01-01T00:00:00Z
http://www.wikidata.org/entity/Q5561622,http://www.wikidata.org/entity/Q19498,84.0,2010-01-01T00:00:00Z,2015-01-01T00:00:00Z
http://www.wikidata.org/entity/Q5566331,http://www.wikidata.org/entity/Q19490,4.0,2015-01-01T00:00:00Z,2015-01-01T00:00:00Z
http://www.wikidata.org/entity/Q5569053,http://www.wikidata.org/entity/Q19571,71.0,2007-01-01T00:00:00Z,2009-01-01T00:00:00Z
http://www.wikidata.org/entity/Q5576958,http://www.wikidata.org/entity/Q19473,0.0,2012-01-01T00:00:00Z,2012-01-01T00:00:00Z
http://www.wikidata.org/entity/Q5220600,http://www.wikidata.org/entity/Q19498,8.0,2012-01-01T00:00:00Z,2014-01-01T00:00:00Z
http://www.wikidata.org/entity/Q5220631,http://www.wikidata.org/entity/Q19500,1.0,2002-01-01T00:00:00Z,2002-01-01T00:00:00Z
http://www.wikidata.org/entity/Q5220664,http://www.wikidata.org/entity/Q19571,0.0,2003-01-01T00:00:00Z,2003-01-01T00:00:00Z
http://www.wikidata.org/entity/Q5222915,http://www.wikidata.org/entity/Q19571,37.0,2004-01-01T00:00:00Z,2009-01-01T00:00:00Z
http://www.wikidata.org/entity/Q5224818,http://www.wikidata.org/entity/Q19607,6.0,2001-01-01T00:00:00Z,2001-01-01T00:00:00Z
http://www.wikidata.org/entity/Q5224898,http://www.wikidata.org/entity/Q19481,40.0,1999-01-01T00:00:00Z,2003-01-01T00:00:00Z
http://www.wikidata.org/entity/Q5224900,http://www.wikidata.org/entity/Q19473,37.0,1997-01-01T00:00:00Z,2000-01-01T00:00:00Z
http://www.wikidata.org/entity/Q5224923,http://www.wikidata.org/entity/Q19571,22.0,1998-01-01T00:00:00Z,1999-01-01T00:00:00Z
http://www.wikidata.org/entity/Q5224971,http://www.wikidata.org/entity/Q19482,92.0,2000-01-01T00:00:00Z,2004-01-01T00:00:00Z
http://www.wikidata.org/entity/Q5225102,http://www.wikidata.org/entity/Q19571,4.0,2009-01-01T00:00:00Z,2009-01-01T00:00:00Z
http://www.wikidata.org/entity/Q5225102,http://www.wikidata.org/entity/Q19571,128.0,1998-01-01T00:00:00Z,2002-01-01T00:00:00Z
http://www.wikidata.org/entity/Q5225371,http://www.wikidata.org/entity/Q19477,24.0,2006-01-01T00:00:00Z,2007-01-01T00:00:00Z
http://www.wikidata.org/entity/Q5225378,http://www.wikidata.org/entity/Q19604,0.0,2010-01-01T00:00:00Z,2011-01-01T00:00:00Z
http://www.wikidata.org/entity/Q5225378,http://www.wikidata.org/entity/Q19568,46.0,2011-01-01T00:00:00Z,2015-01-01T00:00:00Z
http://www.wikidata.org/entity/Q5225475,http://www.wikidata.org/entity/Q19607,18.0,2012-01-01T00:00:00Z,2014-01-01T00:00:00Z
http://www.wikidata.org/entity/Q5226167,http://www.wikidata.org/entity/Q19568,3.0,2006-01-01T00:00:00Z,2006-01-01T00:00:00Z
http://www.wikidata.org/entity/Q5226167,http://www.wikidata.org/entity/Q19604,0.0,2005-01-01T00:00:00Z,2007-01-01T00:00:00Z
http://www.wikidata.org/entity/Q5226249,http://www.wikidata.org/entity/Q19568,0.0,2006-01-01T00:00:00Z,2006-01-01T00:00:00Z
http://www.wikidata.org/entity/Q5229330,http://www.wikidata.org/entity/Q19498,0.0,2007-01-01T00:00:00Z,2008-01-01T00:00:00Z
http://www.wikidata.org/entity/Q5246017,http://www.wikidata.org/entity/Q19482,205.0,1988-01-01T00:00:00Z,2002-01-01T00:00:00Z
http://www.wikidata.org/entity/Q5246024,http://www.wikidata.org/entity/Q19498,0.0,1999-01-01T00:00:00Z,2000-01-01T00:00:00Z
http://www.wikidata.org/entity/Q5246073,http://www.wikidata.org/entity/Q19571,5.0,1997-01-01T00:00:00Z,2000-01-01T00:00:00Z
http://www.wikidata.org/entity/Q5246265,http://www.wikidata.org/entity/Q19477,50.0,2002-01-01T00:00:00Z,2004-01-01T00:00:00Z
http://www.wikidata.org/entity/Q5246307,http://www.wikidata.org/entity/Q19482,29.0,2002-01-01T00:00:00Z,2004-01-01T00:00:00Z
http://www.wikidata.org/entity/Q5246391,http://www.wikidata.org/entity/Q19607,0.0,2006-01-01T00:00:00Z,2008-01-01T00:00:00Z
http://www.wikidata.org/entity/Q5246473,http://www.wikidata.org/entity/Q19498,55.0,2003-01-01T00:00:00Z,2004-01-01T00:00:00Z
http://www.wikidata.org/entity/Q527975,http://www.wikidata.org/entity/Q19481,10.0,2006-01-01T00:00:00Z,2006-01-01T00:00:00Z
http://www.wikidata.org/entity/Q527975,http://www.wikidata.org/entity/Q19481,7.0,2006-01-01T00:00:00Z,2007-01-01T00:00:00Z
http://www.wikidata.org/entity/Q528072,http://www.wikidata.org/entity/Q19580,133.0,2004-01-01T00:00:00Z,2008-01-01T00:00:00Z
http://www.wikidata.org/entity/Q528158,http://www.wikidata.org/entity/Q19607,77.0,2011-01-01T00:00:00Z,2013-01-01T00:00:00Z
http://www.wikidata.org/entity/Q529034,http://www.wikidata.org/entity/Q19477,4.0,2015-01-01T00:00:00Z,2016-01-01T00:00:00Z
http://www.wikidata.org/entity/Q28531111,http://www.wikidata.org/entity/Q1130849,103.0,2022-01-01T00:00:00Z,2025-07-01T00:00:00Z
http://www.wikidata.org/entity/Q28861547,http://www.wikidata.org/entity/Q1128631,65.0,2020-01-01T00:00:00Z,2022-01-01T00:00:00Z
http://www.wikidata.org/entity/Q2903702,http://www.wikidata.org/entity/Q1128631,27.0,2010-01-01T00:00:00Z,2012-01-01T00:00:00Z
http://www.wikidata.org/entity/Q291022,http://www.wikidata.org/entity/Q1128631,207.0,1996-01-01T00:00:00Z,2003-01-01T00:00:00Z
http://www.wikidata.org/entity/Q294214,http://www.wikidata.org/entity/Q1130849,208.0,2006-01-01T00:00:00Z,2012-01-01T00:00:00Z
http://www.wikidata.org/entity/Q2943933,http://www.wikidata.org/entity/Q1128631,5.0,2012-01-01T00:00:00Z,2013-01-01T00:00:00Z
http://www.wikidata.org/entity/Q2943933,http://www.wikidata.org/entity/Q1128631,3.0,2013-01-01T00:00:00Z,2013-01-01T00:00:00Z
http://www.wikidata.org/entity/Q294501,http://www.wikidata.org/entity/Q1130849,272.0,1990-01-01T00:00:00Z,1999-01-01T00:00:00Z
http://www.wikidata.org/entity/Q29456,http://www.wikidata.org/entity/Q19481,7.0,2011-01-01T00:00:00Z,2012-01-01T00:00:00Z
http://www.wikidata.org/entity/Q29495,http://www.wikidata.org/entity/Q19481,121.0,2018-01-01T00:00:00Z,2023-01-01T00:00:00Z
http://www.wikidata.org/entity/Q295416,http://www.wikidata.org/entity/Q1130849,77.0,2004-01-01T00:00:00Z,2007-01-01T00:00:00Z
http://www.wikidata.org/entity/Q295627,http://www.wikidata.org/entity/Q1128631,3.0,2003-01-01T00:00:00Z,2005-01-01T00:00:00Z
http://www.wikidata.org/entity/Q295627,http://www.wikidata.org/entity/Q1130849,4.0,2005-01-01T00:00:00Z,2008-01-01T00:00:00Z
http://www.wikidata.org/entity/Q295637,http://www.wikidata.org/entity/Q1130849,19.0,2013-09-02T00:00:00Z,2014-05-31T00:00:00Z
http://www.wikidata.org/entity/Q295797,http://www.wikidata.org/entity/Q1128631,37.0,2010-01-01T00:00:00Z,2011-01-01T00:00:00Z
http://www.wikidata.org/entity/Q296416,http://www.wikidata.org/entity/Q1130849,55.0,2006-01-01T00:00:00Z,2009-01-01T00:00:00Z
http://www.wikidata.org/entity/Q296416,http://www.wikidata.org/entity/Q1128631,36.0,2003-01-01T00:00:00Z,2004-01-01T00:00:00Z
http://www.wikidata.org/entity/Q296589,http://www.wikidata.org/entity/Q1130849,170.0,1997-01-01T00:00:00Z,2004-01-01T00:00:00Z
http://www.wikidata.org/entity/Q296635,http://www.wikidata.org/entity/Q1128631,104.0,1998-01-01T00:00:00Z,2003-01-01T00:00:00Z
http://www.wikidata.org/entity/Q298327,http://www.wikidata.org/entity/Q1130849,30.0,2008-01-01T00:00:00Z,2013-01-01T00:00:00Z
http://www.wikidata.org/entity/Q299228,http://www.wikidata.org/entity/Q1130849,11.0,2010-01-01T00:00:00Z,2015-01-01T00:00:00Z
http://www.wikidata.org/entity/Q3015330,http://www.wikidata.org/entity/Q1128631,13.0,2012-01-01T00:00:00Z,2012-01-01T00:00:00Z
http://www.wikidata.org/entity/Q3016523,http://www.wikidata.org/entity/Q1128631,4.0,2008-01-01T00:00:00Z,2008-01-01T00:00:00Z
http://www.wikidata.org/entity/Q3018705,http://www.wikidata.org/entity/Q1128631,26.0,1997-01-01T00:00:00Z,2001-01-01T00:00:00Z
http://www.wikidata.org/entity/Q34982765,http://www.wikidata.org/entity/Q19568,35.0,2015-01-01T00:00:00Z,2021-01-01T00:00:00Z
http://www.wikidata.org/entity/Q35831063,http://www.wikidata.org/entity/Q19500,17.0,2023-01-01T00:00:00Z,2023-01-01T00:00:00Z
http://www.wikidata.org/entity/Q35851317,http://www.wikidata.org/entity/Q19568,131.0,2019-01-01T00:00:00Z,2024-01-01T00:00:00Z
http://www.wikidata.org/entity/Q3645465,http://www.wikidata.org/entity/Q19607,5.0,2006-01-01T00:00:00Z,2006-01-01T00:00:00Z
http://www.wikidata.org/entity/Q3647235,http://www.wikidata.org/entity/Q19568,3.0,2009-01-01T00:00:00Z,2009-01-01T00:00:00Z
http://www.wikidata.org/entity/Q3657288,http://www.wikidata.org/entity/Q19580,138.0,2005-01-01T00:00:00Z,2010-01-01T00:00:00Z
http://www.wikidata.org/entity/Q3657288,http://www.wikidata.org/entity/Q19580,132.0,1994-01-01T00:00:00Z,2002-01-01T00:00:00Z
http://www.wikidata.org/entity/Q3657288,http://www.wikidata.org/entity/Q19490,1.0,2002-01-01T00:00:00Z,2002-01-01T00:00:00Z
http://www.wikidata.org/entity/Q3674716,http://www.wikidata.org/entity/Q19481,0.0,2011-01-01T00:00:00Z,2011-01-01T00:00:00Z
http://www.wikidata.org/entity/Q3674716,http://www.wikidata.org/entity/Q19498,1.0,2011-01-01T00:00:00Z,2012-01-01T00:00:00Z
http://www.wikidata.org/entity/Q367800,http://www.wikidata.org/entity/Q19580,14.0,2003-01-01T00:00:00Z,2004-01-01T00:00:00Z
http://www.wikidata.org/entity/Q367861,http://www.wikidata.org/entity/Q19481,72.0,2024-08-23T00:00:00Z,2026-01-01T00:00:00Z
http://www.wikidata.org/entity/Q367879,http://www.wikidata.org/entity/Q19571,8.0,2012-01-01T00:00:00Z,2013-01-01T00:00:00Z
http://www.wikidata.org/entity/Q3682638,http://www.wikidata.org/entity/Q19580,13.0,2007-01-01T00:00:00Z,2008-01-01T00:00:00Z
http://www.wikidata.org/entity/Q368803,http://www.wikidata.org/entity/Q19473,92.0,2009-01-01T00:00:00Z,2011-01-01T00:00:00Z
http://www.wikidata.org/entity/Q369146,http://www.wikidata.org/entity/Q19571,111.0,2012-01-01T00:00:00Z,2015-01-01T00:00:00Z
http://www.wikidata.org/entity/Q3696433,http://www.wikidata.org/entity/Q19607,27.0,2014-01-01T00:00:00Z,2016-01-01T00:00:00Z
http://www.wikidata.org/entity/Q3698377,http://www.wikidata.org/entity/Q19580,0.0,2014-01-01T00:00:00Z,2014-01-01T00:00:00Z
http://www.wikidata.org/entity/Q3701245,http://www.wikidata.org/entity/Q19490,0.0,2001-01-01T00:00:00Z,2002-01-01T00:00:00Z
http://www.wikidata.org/entity/Q3701545,http://www.wikidata.org/entity/Q19604,15.0,2014-01-01T00:00:00Z,2014-01-01T00:00:00Z
http://www.wikidata.org/entity/Q3703289,http://www.wikidata.org/entity/Q19571,0.0,2007-01-01T00:00:00Z,2008-01-01T00:00:00Z
http://www.wikidata.org/entity/Q3703289,http://www.wikidata.org/entity/Q19571,0.0,2007-01-01T00:00:00Z,2007-01-01T00:00:00Z
http://www.wikidata.org/entity/Q370489,http://www.wikidata.org/entity/Q19500,474.0,1986-01-01T00:00:00Z,1999-01-01T00:00:00Z
http://www.wikidata.org/entity/Q370688,http://www.wikidata.org/entity/Q19604,13.0,2006-01-01T00:00:00Z,2006-01-01T00:00:00Z
http://www.wikidata.org/entity/Q371096,http://www.wikidata.org/entity/Q19481,0.0,2011-01-01T00:00:00Z,2012-01-01T00:00:00Z
http://www.wikidata.org/entity/Q371647,http://www.wikidata.org/entity/Q19481,0.0,2008-01-01T00:00:00Z,2011-01-01T00:00:00Z
http://www.wikidata.org/entity/Q372140,http://www.wikidata.org/entity/Q19498,134.0,2004-04-01T00:00:00Z,2007-01-01T00:00:00Z
http://www.wikidata.org/entity/Q372140,http://www.wikidata.org/entity/Q19498,6.0,2004-03-01T00:00:00Z,2004-04-01T00:00:00Z
http://www.wikidata.org/entity/Q372272,http://www.wikidata.org/entity/Q19481,21.0,2008-01-01T00:00:00Z,2010-01-01T00:00:00Z
http://www.wikidata.org/entity/Q372272,http://www.wikidata.org/entity/Q19481,89.0,2002-01-01T00:00:00Z,2004-01-01T00:00:00Z
http://www.wikidata.org/entity/Q372273,http://www.wikidata.org/entity/Q19498,17.0,2013-01-01T00:00:00Z,2014-01-01T00:00:00Z
http://www.wikidata.org/entity/Q372273,http://www.wikidata.org/entity/Q19500,69.0,2011-01-01T00:00:00Z,2015-01-01T00:00:00Z
http://www.wikidata.org/entity/Q3723532,http://www.wikidata.org/entity/Q19481,0.0,2011-01-01T00:00:00Z,2012-01-01T00:00:00Z
http://www.wikidata.org/entity/Q372404,http://www.wikidata.org/entity/Q19568,3.0,2008-01-01T00:00:00Z,2008-01-01T00:00:00Z
http://www.wikidata.org/entity/Q372619,http://www.wikidata.org/entity/Q19607,12.0,2003-01-01T00:00:00Z,2003-01-01T00:00:00Z
http://www.wikidata.org/entity/Q372619,http://www.wikidata.org/entity/Q19481,15.0,2003-01-01T00:00:00Z,2004-01-01T00:00:00Z
http://www.wikidata.org/entity/Q372619,http://www.wikidata.org/entity/Q19490,79.0,2005-01-01T00:00:00Z,2007-01-01T00:00:00Z
http://www.wikidata.org/entity/Q372619,http://www.wikidata.org/entity/Q19604,7.0,2004-01-01T00:00:00Z,2005-01-01T00:00:00Z
http://www.wikidata.org/entity/Q372624,http://www.wikidata.org/entity/Q19500,11.0,2013-01-01T00:00:00Z,2013-01-01T00:00:00Z
http://www.wikidata.org/entity/Q372624,http://www.wikidata.org/entity/Q19473,30.0,2014-01-01T00:00:00Z,2015-01-01T00:00:00Z
http://www.wikidata.org/entity/Q372712,http://www.wikidata.org/entity/Q19477,4.0,2002-01-01T00:00:00Z,2002-01-01T00:00:00Z
http://www.wikidata.org/entity/Q372712,http://www.wikidata.org/entity/Q19571,5.0,2001-01-01T00:00:00Z,2001-01-01T00:00:00Z
http://www.wikidata.org/entity/Q373985,http://www.wikidata.org/entity/Q19481,7.0,2007-01-01T00:00:00Z,2008-01-01T00:00:00Z
http://www.wikidata.org/entity/Q3742945,http://www.wikidata.org/entity/Q19481,0.0,2000-01-01T00:00:00Z,2000-01-01T00:00:00Z
http://www.wikidata.org/entity/Q374317,http://www.wikidata.org/entity/Q19604,36.0,2010-01-01T00:00:00Z,2011-01-01T00:00:00Z
http://www.wikidata.org/entity/Q374317,http://www.wikidata.org/entity/Q19580,6.0,2013-01-01T00:00:00Z,2013-01-01T00:00:00Z
http://www.wikidata.org/entity/Q374317,http://www.wikidata.org/entity/Q19604,6.0,2012-01-01T00:00:00Z,2012-01-01T00:00:00Z
http://www.wikidata.org/entity/Q5220581,http://www.wikidata.org/entity/Q19498,59.0,2001-01-01T00:00:00Z,2003-01-01T00:00:00Z
http://www.wikidata.org/entity/Q5220765,http://www.wikidata.org/entity/Q19498,0.0,2005-01-01T00:00:00Z,2006-01-01T00:00:00Z
http://www.wikidata.org/entity/Q5220807,http://www.wikidata.org/entity/Q19473,248.0,1998-01-01T00:00:00Z,2008-01-01T00:00:00Z
http://www.wikidata.org/entity/Q5220810,http://www.wikidata.org/entity/Q19568,13.0,2013-01-01T00:00:00Z,2013-01-01T00:00:00Z
http://www.wikidata.org/entity/Q5220810,http://www.wikidata.org/entity/Q19580,16.0,2014-01-01T00:00:00Z,2014-01-01T00:00:00Z
http://www.wikidata.org/entity/Q5220810,http://www.wikidata.org/entity/Q19580,5.0,2013-01-01T00:00:00Z,2014-01-01T00:00:00Z
http://www.wikidata.org/entity/Q5220870,http://www.wikidata.org/entity/Q19580,15.0,2014-01-01T00:00:00Z,2015-01-01T00:00:00Z
http://www.wikidata.org/entity/Q5220883,http://www.wikidata.org/entity/Q19481,3.0,1998-01-01T00:00:00Z,2002-01-01T00:00:00Z
http://www.wikidata.org/entity/Q5220883,http://www.wikidata.org/entity/Q19568,59.0,2002-01-01T00:00:00Z,2004-01-01T00:00:00Z
http://www.wikidata.org/entity/Q5235090,http://www.wikidata.org/entity/Q19607,93.0,1996-01-01T00:00:00Z,1999-01-01T00:00:00Z
http://www.wikidata.org/entity/Q5235259,http://www.wikidata.org/entity/Q19571,46.0,2009-01-01T00:00:00Z,2011-01-01T00:00:00Z
http://www.wikidata.org/entity/Q5235879,http://www.wikidata.org/entity/Q19498,0.0,2011-01-01T00:00:00Z,2011-01-01T00:00:00Z
http://www.wikidata.org/entity/Q5236431,http://www.wikidata.org/entity/Q19477,11.0,2001-01-01T00:00:00Z,2002-01-01T00:00:00Z
http://www.wikidata.org/entity/Q5236676,http://www.wikidata.org/entity/Q19477,45.0,2006-01-01T00:00:00Z,2008-01-01T00:00:00Z
http://www.wikidata.org/entity/Q5237273,http://www.wikidata.org/entity/Q19607,18.0,2011-01-01T00:00:00Z,2013-01-01T00:00:00Z
http://www.wikidata.org/entity/Q5237354,http://www.wikidata.org/entity/Q19571,124.0,1995-01-01T00:00:00Z,1999-01-01T00:00:00Z
http://www.wikidata.org/entity/Q5237709,http://www.wikidata.org/entity/Q19490,0.0,2012-01-01T00:00:00Z,2014-01-01T00:00:00Z
http://www.wikidata.org/entity/Q5240330,http://www.wikidata.org/entity/Q19571,31.0,1999-01-01T00:00:00Z,2002-01-01T00:00:00Z
http://www.wikidata.org/entity/Q5240474,http://www.wikidata.org/entity/Q19568,56.0,1995-01-01T00:00:00Z,1999-01-01T00:00:00Z
http://www.wikidata.org/entity/Q5241294,http://www.wikidata.org/entity/Q19568,6.0,2000-01-01T00:00:00Z,2000-01-01T00:00:00Z
http://www.wikidata.org/entity/Q5279184,http://www.wikidata.org/entity/Q19568,0.0,2004-01-01T00:00:00Z,2005-01-01T00:00:00Z
http://www.wikidata.org/entity/Q529425,http://www.wikidata.org/entity/Q19607,12.0,2008-01-01T00:00:00Z,2009-01-01T00:00:00Z
http://www.wikidata.org/entity/Q529449,http://www.wikidata.org/entity/Q19500,5.0,2006-01-01T00:00:00Z,2007-01-01T00:00:00Z
http://www.wikidata.org/entity/Q529449,http://www.wikidata.org/entity/Q19500,109.0,2007-01-01T00:00:00Z,2012-01-01T00:00:00Z
http://www.wikidata.org/entity/Q529587,http://www.wikidata.org/entity/Q19498,61.0,2009-01-01T00:00:00Z,2011-01-01T00:00:00Z
http://www.wikidata.org/entity/Q531093,http://www.wikidata.org/entity/Q19481,58.0,2004-01-01T00:00:00Z,2006-01-01T00:00:00Z
http://www.wikidata.org/entity/Q532438,http://www.wikidata.org/entity/Q19473,0.0,1999-01-01T00:00:00Z,2000-01-01T00:00:00Z
http://www.wikidata.org/entity/Q533743,http://www.wikidata.org/entity/Q19571,6.0,2011-01-01T00:00:00Z,2011-01-01T00:00:00Z
http://www.wikidata.org/entity/Q533832,http://www.wikidata.org/entity/Q19571,5.0,2009-01-01T00:00:00Z,2010-01-01T00:00:00Z
http://www.wikidata.org/entity/Q533957,http://www.wikidata.org/entity/Q19607,0.0,2006-01-01T00:00:00Z,2008-01-01T00:00:00Z
http://www.wikidata.org/entity/Q533957,http://www.wikidata.org/entity/Q19481,13.0,2007-01-01T00:00:00Z,2007-01-01T00:00:00Z
http://www.wikidata.org/entity/Q274626,http://www.wikidata.org/entity/Q1130849,33.0,2007-01-01T00:00:00Z,2014-01-01T00:00:00Z
http://www.wikidata.org/entity/Q27569376,http://www.wikidata.org/entity/Q1130849,259.0,2016-01-01T00:00:00Z,2025-01-01T00:00:00Z
http://www.wikidata.org/entity/Q275823,http://www.wikidata.org/entity/Q1130849,0.0,1999-01-01T00:00:00Z,2000-01-01T00:00:00Z
http://www.wikidata.org/entity/Q27735,http://www.wikidata.org/entity/Q19498,131.0,2013-01-01T00:00:00Z,2018-01-01T00:00:00Z
http://www.wikidata.org/entity/Q277584,http://www.wikidata.org/entity/Q1128631,0.0,2005-01-01T00:00:00Z,2005-01-01T00:00:00Z
http://www.wikidata.org/entity/Q27839155,http://www.wikidata.org/entity/Q1128631,46.0,2019-01-01T00:00:00Z,2020-01-01T00:00:00Z
http://www.wikidata.org/entity/Q280300,http://www.wikidata.org/entity/Q1128631,17.0,2011-01-01T00:00:00Z,2012-01-01T00:00:00Z
http://www.wikidata.org/entity/Q280300,http://www.wikidata.org/entity/Q1128631,41.0,2012-01-01T00:00:00Z,2014-01-01T00:00:00Z
http://www.wikidata.org/entity/Q280300,http://www.wikidata.org/entity/Q1128631,50.0,2004-01-01T00:00:00Z,2006-01-01T00:00:00Z
http://www.wikidata.org/entity/Q285841,http://www.wikidata.org/entity/Q1130849,32.0,2000-01-01T00:00:00Z,2002-01-01T00:00:00Z
http://www.wikidata.org/entity/Q285841,http://www.wikidata.org/entity/Q1128631,25.0,2002-01-01T00:00:00Z,2004-01-01T00:00:00Z
http://www.wikidata.org/entity/Q35831063,http://www.wikidata.org/entity/Q19500,65.0,2023-01-01T00:00:00Z,2025-01-01T00:00:00Z
http://www.wikidata.org/entity/Q36696865,http://www.wikidata.org/entity/Q19473,36.0,2019-01-01T00:00:00Z,2020-01-01T00:00:00Z
http://www.wikidata.org/entity/Q3733803,http://www.wikidata.org/entity/Q19498,60.0,2007-01-01T00:00:00Z,2010-01-01T00:00:00Z
http://www.wikidata.org/entity/Q374688,http://www.wikidata.org/entity/Q19498,8.0,2011-01-01T00:00:00Z,2011-01-01T00:00:00Z
http://www.wikidata.org/entity/Q374688,http://www.wikidata.org/entity/Q19498,33.0,2011-01-01T00:00:00Z,2012-01-01T00:00:00Z
http://www.wikidata.org/entity/Q3750586,http://www.wikidata.org/entity/Q19498,5.0,1998-01-01T00:00:00Z,1999-01-01T00:00:00Z
http://www.wikidata.org/entity/Q375295,http://www.wikidata.org/entity/Q19604,26.0,2003-01-01T00:00:00Z,2004-01-01T00:00:00Z
http://www.wikidata.org/entity/Q375487,http://www.wikidata.org/entity/Q19607,12.0,2008-01-01T00:00:00Z,2009-01-01T00:00:00Z
http://www.wikidata.org/entity/Q375510,http://www.wikidata.org/entity/Q19607,2.0,2010-01-01T00:00:00Z,2011-01-01T00:00:00Z
http://www.wikidata.org/entity/Q375596,http://www.wikidata.org/entity/Q19500,118.0,2007-01-01T00:00:00Z,2012-01-01T00:00:00Z
http://www.wikidata.org/entity/Q3758314,http://www.wikidata.org/entity/Q19490,90.0,2003-01-01T00:00:00Z,2006-01-01T00:00:00Z
http://www.wikidata.org/entity/Q3758470,http://www.wikidata.org/entity/Q19580,21.0,2007-01-01T00:00:00Z,2009-01-01T00:00:00Z
http://www.wikidata.org/entity/Q375930,http://www.wikidata.org/entity/Q19604,2.0,1999-01-01T00:00:00Z,2000-01-01T00:00:00Z
http://www.wikidata.org/entity/Q375930,http://www.wikidata.org/entity/Q19604,65.0,2006-01-01T00:00:00Z,2009-01-01T00:00:00Z
http://www.wikidata.org/entity/Q3763280,http://www.wikidata.org/entity/Q19490,13.0,1999-01-01T00:00:00Z,2000-01-01T00:00:00Z
http://www.wikidata.org/entity/Q376404,http://www.wikidata.org/entity/Q19490,44.0,2011-01-01T00:00:00Z,2014-01-01T00:00:00Z
http://www.wikidata.org/entity/Q376816,http://www.wikidata.org/entity/Q19477,42.0,2007-01-01T00:00:00Z,2009-01-01T00:00:00Z
http://www.wikidata.org/entity/Q376816,http://www.wikidata.org/entity/Q19482,17.0,2001-01-01T00:00:00Z,2001-01-01T00:00:00Z
http://www.wikidata.org/entity/Q376816,http://www.wikidata.org/entity/Q19481,9.0,2009-01-01T00:00:00Z,2009-01-01T00:00:00Z
http://www.wikidata.org/entity/Q376816,http://www.wikidata.org/entity/Q19481,39.0,2009-01-01T00:00:00Z,2010-01-01T00:00:00Z
http://www.wikidata.org/entity/Q377746,http://www.wikidata.org/entity/Q19477,15.0,2007-01-01T00:00:00Z,2007-01-01T00:00:00Z
http://www.wikidata.org/entity/Q377784,http://www.wikidata.org/entity/Q19498,76.0,1997-01-01T00:00:00Z,2000-01-01T00:00:00Z
http://www.wikidata.org/entity/Q378005,http://www.wikidata.org/entity/Q19477,11.0,2010-01-01T00:00:00Z,2011-01-01T00:00:00Z
http://www.wikidata.org/entity/Q378005,http://www.wikidata.org/entity/Q19481,13.0,2010-01-01T00:00:00Z,2010-01-01T00:00:00Z
http://www.wikidata.org/entity/Q3786712,http://www.wikidata.org/entity/Q19477,2.0,2011-01-01T00:00:00Z,2011-01-01T00:00:00Z
http://www.wikidata.org/entity/Q3791464,http://www.wikidata.org/entity/Q19607,16.0,2006-01-01T00:00:00Z,2010-01-01T00:00:00Z
http://www.wikidata.org/entity/Q3791464,http://www.wikidata.org/entity/Q19580,6.0,2005-01-01T00:00:00Z,2005-01-01T00:00:00Z
http://www.wikidata.org/entity/Q3791464,http://www.wikidata.org/entity/Q19607,5.0,2004-01-01T00:00:00Z,2005-01-01T00:00:00Z
http://www.wikidata.org/entity/Q3791492,http://www.wikidata.org/entity/Q19482,4.0,2000-01-01T00:00:00Z,2003-01-01T00:00:00Z
http://www.wikidata.org/entity/Q380128,http://www.wikidata.org/entity/Q19477,50.0,2014-01-01T00:00:00Z,2016-01-01T00:00:00Z
http://www.wikidata.org/entity/Q380140,http://www.wikidata.org/entity/Q19604,34.0,2009-01-01T00:00:00Z,2010-01-01T00:00:00Z
http://www.wikidata.org/entity/Q3806614,http://www.wikidata.org/entity/Q19604,0.0,2008-01-01T00:00:00Z,2010-01-01T00:00:00Z
http://www.wikidata.org/entity/Q3806739,http://www.wikidata.org/entity/Q19607,10.0,2000-01-01T00:00:00Z,2001-01-01T00:00:00Z
http://www.wikidata.org/entity/Q3807985,http://www.wikidata.org/entity/Q19498,231.0,2007-01-01T00:00:00Z,2014-01-01T00:00:00Z
http://www.wikidata.org/entity/Q3808677,http://www.wikidata.org/entity/Q19568,52.0,2007-01-01T00:00:00Z,2015-01-01T00:00:00Z
http://www.wikidata.org/entity/Q3809860,http://www.wikidata.org/entity/Q19482,60.0,1994-01-01T00:00:00Z,2000-01-01T00:00:00Z
http://www.wikidata.org/entity/Q3809871,http://www.wikidata.org/entity/Q19490,14.0,2004-01-01T00:00:00Z,2005-01-01T00:00:00Z
http://www.wikidata.org/entity/Q3809871,http://www.wikidata.org/entity/Q19490,157.0,1997-01-01T00:00:00Z,2003-01-01T00:00:00Z
http://www.wikidata.org/entity/Q3810026,http://www.wikidata.org/entity/Q19571,1.0,2008-01-01T00:00:00Z,2008-01-01T00:00:00Z
http://www.wikidata.org/entity/Q3811755,http://www.wikidata.org/entity/Q19500,42.0,2016-01-01T00:00:00Z,2017-07-01T00:00:00Z
http://www.wikidata.org/entity/Q43559571,http://www.wikidata.org/entity/Q19568,4.0,2023-01-01T00:00:00Z,2026-01-01T00:00:00Z
http://www.wikidata.org/entity/Q16911979,http://www.wikidata.org/entity/Q19571,132.0,2017-01-01T00:00:00Z,2020-01-01T00:00:00Z
http://www.wikidata.org/entity/Q17183995,http://www.wikidata.org/entity/Q19580,12.0,2015-01-01T00:00:00Z,2015-01-01T00:00:00Z
http://www.wikidata.org/entity/Q17305645,http://www.wikidata.org/entity/Q19604,43.0,2014-01-01T00:00:00Z,2016-01-01T00:00:00Z
http://www.wikidata.org/entity/Q17305914,http://www.wikidata.org/entity/Q19607,0.0,2002-01-01T00:00:00Z,2003-01-01T00:00:00Z
http://www.wikidata.org/entity/Q17306402,http://www.wikidata.org/entity/Q19477,4.0,2001-01-01T00:00:00Z,2002-01-01T00:00:00Z
http://www.wikidata.org/entity/Q1738068,http://www.wikidata.org/entity/Q19500,14.0,2004-01-01T00:00:00Z,2008-01-01T00:00:00Z
http://www.wikidata.org/entity/Q1738415,http://www.wikidata.org/entity/Q19490,123.0,2007-01-01T00:00:00Z,2011-01-01T00:00:00Z
http://www.wikidata.org/entity/Q1740083,http://www.wikidata.org/entity/Q19607,0.0,1998-01-01T00:00:00Z,2000-01-01T00:00:00Z
http://www.wikidata.org/entity/Q1740103,http://www.wikidata.org/entity/Q19500,62.0,2002-01-01T00:00:00Z,2005-01-01T00:00:00Z
http://www.wikidata.org/entity/Q174333,http://www.wikidata.org/entity/Q19500,293.0,1997-01-01T00:00:00Z,2006-01-01T00:00:00Z
http://www.wikidata.org/entity/Q1747845,http://www.wikidata.org/entity/Q19500,10.0,1995-01-01T00:00:00Z,1999-01-01T00:00:00Z
http://www.wikidata.org/entity/Q1748326,http://www.wikidata.org/entity/Q19604,0.0,2008-01-01T00:00:00Z,2009-01-01T00:00:00Z
http://www.wikidata.org/entity/Q17493,http://www.wikidata.org/entity/Q1130849,68.0,2020-01-01T00:00:00Z,2024-01-01T00:00:00Z
http://www.wikidata.org/entity/Q175198,http://www.wikidata.org/entity/Q19604,9.0,2013-01-01T00:00:00Z,2013-01-01T00:00:00Z
http://www.wikidata.org/entity/Q175198,http://www.wikidata.org/entity/Q19604,2.0,2004-01-01T00:00:00Z,2006-01-01T00:00:00Z
http://www.wikidata.org/entity/Q175198,http://www.wikidata.org/entity/Q19568,11.0,2005-01-01T00:00:00Z,2005-01-01T00:00:00Z
http://www.wikidata.org/entity/Q1753614,http://www.wikidata.org/entity/Q19604,9.0,2013-01-01T00:00:00Z,2013-01-01T00:00:00Z
http://www.wikidata.org/entity/Q1753614,http://www.wikidata.org/entity/Q19571,83.0,2004-01-01T00:00:00Z,2006-01-01T00:00:00Z
http://www.wikidata.org/entity/Q1756578,http://www.wikidata.org/entity/Q19473,3.0,2010-01-01T00:00:00Z,2011-01-01T00:00:00Z
http://www.wikidata.org/entity/Q175660,http://www.wikidata.org/entity/Q19490,415.0,1986-01-01T00:00:00Z,1999-01-01T00:00:00Z
http://www.wikidata.org/entity/Q1756699,http://www.wikidata.org/entity/Q19607,95.0,2013-01-01T00:00:00Z,2015-01-01T00:00:00Z
http://www.wikidata.org/entity/Q175738,http://www.wikidata.org/entity/Q19490,7.0,1999-01-01T00:00:00Z,2000-01-01T00:00:00Z
http://www.wikidata.org/entity/Q1762029,http://www.wikidata.org/entity/Q19490,57.0,2011-01-01T00:00:00Z,2014-01-01T00:00:00Z
http://www.wikidata.org/entity/Q1762029,http://www.wikidata.org/entity/Q19498,1.0,2006-01-01T00:00:00Z,2006-01-01T00:00:00Z
http://www.wikidata.org/entity/Q1762029,http://www.wikidata.org/entity/Q19490,4.0,2010-01-01T00:00:00Z,2011-01-01T00:00:00Z
http://www.wikidata.org/entity/Q1762029,http://www.wikidata.org/entity/Q19498,194.0,2006-01-01T00:00:00Z,2011-01-01T00:00:00Z
http://www.wikidata.org/entity/Q1762029,http://www.wikidata.org/entity/Q19580,75.0,2014-01-01T00:00:00Z,2017-01-01T00:00:00Z
http://www.wikidata.org/entity/Q1762169,http://www.wikidata.org/entity/Q19498,2.0,1995-01-01T00:00:00Z,1999-01-01T00:00:00Z
http://www.wikidata.org/entity/Q1772597,http://www.wikidata.org/entity/Q19568,11.0,2008-01-01T00:00:00Z,2008-01-01T00:00:00Z
http://www.wikidata.org/entity/Q1773764,http://www.wikidata.org/entity/Q19482,4.0,2004-01-01T00:00:00Z,2004-01-01T00:00:00Z
http://www.wikidata.org/entity/Q1773767,http://www.wikidata.org/entity/Q19571,0.0,2001-01-01T00:00:00Z,2001-01-01T00:00:00Z
http://www.wikidata.org/entity/Q1775621,http://www.wikidata.org/entity/Q19604,148.0,1995-01-01T00:00:00Z,1999-01-01T00:00:00Z
http://www.wikidata.org/entity/Q1776080,http://www.wikidata.org/entity/Q19604,0.0,2008-01-01T00:00:00Z,2010-01-01T00:00:00Z
http://www.wikidata.org/entity/Q1776271,http://www.wikidata.org/entity/Q19498,28.0,2005-01-01T00:00:00Z,2006-01-01T00:00:00Z
http://www.wikidata.org/entity/Q1777693,http://www.wikidata.org/entity/Q19571,0.0,2004-01-01T00:00:00Z,2004-01-01T00:00:00Z
http://www.wikidata.org/entity/Q1778378,http://www.wikidata.org/entity/Q19580,70.0,2014-01-01T00:00:00Z,2016-01-01T00:00:00Z
http://www.wikidata.org/entity/Q1779830,http://www.wikidata.org/entity/Q19580,1.0,2005-01-01T00:00:00Z,2005-01-01T00:00:00Z
http://www.wikidata.org/entity/Q1780489,http://www.wikidata.org/entity/Q19607,33.0,2003-01-01T00:00:00Z,2005-01-01T00:00:00Z
http://www.wikidata.org/entity/Q1790131,http://www.wikidata.org/entity/Q19498,6.0,2001-01-01T00:00:00Z,2001-01-01T00:00:00Z
http://www.wikidata.org/entity/Q179024,http://www.wikidata.org/entity/Q19477,293.0,2003-01-01T00:00:00Z,2013-01-01T00:00:00Z
http://www.wikidata.org/entity/Q179024,http://www.wikidata.org/entity/Q19490,0.0,1997-01-01T00:00:00Z,1999-01-01T00:00:00Z
http://www.wikidata.org/entity/Q1790955,http://www.wikidata.org/entity/Q19500,0.0,2005-01-01T00:00:00Z,2006-01-01T00:00:00Z
http://www.wikidata.org/entity/Q1792177,http://www.wikidata.org/entity/Q19481,117.0,1998-01-01T00:00:00Z,2004-01-01T00:00:00Z
http://www.wikidata.org/entity/Q1796844,http://www.wikidata.org/entity/Q19490,41.0,2005-01-01T00:00:00Z,2008-01-01T00:00:00Z
http://www.wikidata.org/entity/Q1803797,http://www.wikidata.org/entity/Q19498,30.0,2000-01-01T00:00:00Z,2002-01-01T00:00:00Z
http://www.wikidata.org/entity/Q59913917,http://www.wikidata.org/entity/Q1130849,153.0,2018-01-01T00:00:00Z,2026-08-01T00:00:00Z
http://www.wikidata.org/entity/Q6161973,http://www.wikidata.org/entity/Q1130849,0.0,2011-01-01T00:00:00Z,2011-01-01T00:00:00Z
http://www.wikidata.org/entity/Q617904,http://www.wikidata.org/entity/Q1128631,6.0,2010-01-01T00:00:00Z,2011-01-01T00:00:00Z
http://www.wikidata.org/entity/Q6182385,http://www.wikidata.org/entity/Q1128631,38.0,2004-01-01T00:00:00Z,2006-01-01T00:00:00Z
http://www.wikidata.org/entity/Q4752346,http://www.wikidata.org/entity/Q19571,4.0,2012-01-01T00:00:00Z,2012-01-01T00:00:00Z
http://www.wikidata.org/entity/Q4752346,http://www.wikidata.org/entity/Q19571,1.0,2011-01-01T00:00:00Z,2011-01-01T00:00:00Z
http://www.wikidata.org/entity/Q4754788,http://www.wikidata.org/entity/Q19571,47.0,2014-01-01T00:00:00Z,2015-01-01T00:00:00Z
http://www.wikidata.org/entity/Q4757002,http://www.wikidata.org/entity/Q19571,138.0,2002-01-01T00:00:00Z,2007-01-01T00:00:00Z
http://www.wikidata.org/entity/Q4760386,http://www.wikidata.org/entity/Q19604,313.0,1989-01-01T00:00:00Z,2000-01-01T00:00:00Z
http://www.wikidata.org/entity/Q4760396,http://www.wikidata.org/entity/Q19604,45.0,2013-01-01T00:00:00Z,2015-01-01T00:00:00Z
http://www.wikidata.org/entity/Q4760446,http://www.wikidata.org/entity/Q19498,133.0,1996-01-01T00:00:00Z,2001-01-01T00:00:00Z
http://www.wikidata.org/entity/Q4760446,http://www.wikidata.org/entity/Q19473,270.0,2001-01-01T00:00:00Z,2009-01-01T00:00:00Z
http://www.wikidata.org/entity/Q4760487,http://www.wikidata.org/entity/Q19607,5.0,1998-01-01T00:00:00Z,1999-01-01T00:00:00Z
http://www.wikidata.org/entity/Q4760487,http://www.wikidata.org/entity/Q19607,6.0,1999-01-01T00:00:00Z,1999-01-01T00:00:00Z
http://www.wikidata.org/entity/Q4760521,http://www.wikidata.org/entity/Q19482,170.0,1991-01-01T00:00:00Z,1999-01-01T00:00:00Z
http://www.wikidata.org/entity/Q4760623,http://www.wikidata.org/entity/Q19580,8.0,1996-01-01T00:00:00Z,1999-01-01T00:00:00Z
http://www.wikidata.org/entity/Q4760805,http://www.wikidata.org/entity/Q19477,10.0,2005-01-01T00:00:00Z,2005-01-01T00:00:00Z
http://www.wikidata.org/entity/Q4760808,http://www.wikidata.org/entity/Q19604,0.0,2012-01-01T00:00:00Z,2012-01-01T00:00:00Z
http://www.wikidata.org/entity/Q4760824,http://www.wikidata.org/entity/Q19473,231.0,2003-01-01T00:00:00Z,2009-01-01T00:00:00Z
http://www.wikidata.org/entity/Q4760829,http://www.wikidata.org/entity/Q19477,61.0,2001-01-01T00:00:00Z,2004-01-01T00:00:00Z
http://www.wikidata.org/entity/Q4760829,http://www.wikidata.org/entity/Q19477,12.0,2001-01-01T00:00:00Z,2001-01-01T00:00:00Z
http://www.wikidata.org/entity/Q4760848,http://www.wikidata.org/entity/Q19490,16.0,2004-01-01T00:00:00Z,2004-01-01T00:00:00Z
http://www.wikidata.org/entity/Q4760848,http://www.wikidata.org/entity/Q19481,152.0,1998-01-01T00:00:00Z,2004-01-01T00:00:00Z
http://www.wikidata.org/entity/Q4760848,http://www.wikidata.org/entity/Q19490,21.0,2004-01-01T00:00:00Z,2005-01-01T00:00:00Z
http://www.wikidata.org/entity/Q4760848,http://www.wikidata.org/entity/Q19580,16.0,2005-01-01T00:00:00Z,2006-01-01T00:00:00Z
http://www.wikidata.org/entity/Q4761112,http://www.wikidata.org/entity/Q19477,19.0,1998-01-01T00:00:00Z,1999-01-01T00:00:00Z
http://www.wikidata.org/entity/Q476470,http://www.wikidata.org/entity/Q19607,21.0,2006-01-01T00:00:00Z,2007-01-01T00:00:00Z
http://www.wikidata.org/entity/Q476470,http://www.wikidata.org/entity/Q19482,56.0,2001-01-01T00:00:00Z,2004-01-01T00:00:00Z
http://www.wikidata.org/entity/Q477762,http://www.wikidata.org/entity/Q19571,4.0,2011-01-01T00:00:00Z,2011-01-01T00:00:00Z
http://www.wikidata.org/entity/Q4815842,http://www.wikidata.org/entity/Q19473,4.0,2000-01-01T00:00:00Z,2000-01-01T00:00:00Z
http://www.wikidata.org/entity/Q4829560,http://www.wikidata.org/entity/Q19580,3.0,2003-01-01T00:00:00Z,2004-01-01T00:00:00Z
http://www.wikidata.org/entity/Q4831487,http://www.wikidata.org/entity/Q19607,0.0,2008-01-01T00:00:00Z,2010-01-01T00:00:00Z
http://www.wikidata.org/entity/Q4831538,http://www.wikidata.org/entity/Q19498,0.0,2011-01-01T00:00:00Z,2014-01-01T00:00:00Z
http://www.wikidata.org/entity/Q4864123,http://www.wikidata.org/entity/Q19498,17.0,2005-01-01T00:00:00Z,2007-01-01T00:00:00Z
http://www.wikidata.org/entity/Q4864221,http://www.wikidata.org/entity/Q19580,0.0,1998-01-01T00:00:00Z,2002-01-01T00:00:00Z
http://www.wikidata.org/entity/Q4864620,http://www.wikidata.org/entity/Q19580,0.0,1998-01-01T00:00:00Z,1999-01-01T00:00:00Z
http://www.wikidata.org/entity/Q4864672,http://www.wikidata.org/entity/Q19490,0.0,2008-01-01T00:00:00Z,2009-01-01T00:00:00Z
http://www.wikidata.org/entity/Q4864672,http://www.wikidata.org/entity/Q19498,0.0,2000-01-01T00:00:00Z,2000-01-01T00:00:00Z
http://www.wikidata.org/entity/Q4864684,http://www.wikidata.org/entity/Q19490,13.0,2001-01-01T00:00:00Z,2005-01-01T00:00:00Z
http://www.wikidata.org/entity/Q28147578,http://www.wikidata.org/entity/Q19490,136.0,2022-01-01T00:00:00Z,
http://www.wikidata.org/entity/Q3159458,http://www.wikidata.org/entity/Q19498,57.0,2013-01-01T00:00:00Z,2015-01-01T00:00:00Z
http://www.wikidata.org/entity/Q3160924,http://www.wikidata.org/entity/Q19580,15.0,2013-01-01T00:00:00Z,2013-01-01T00:00:00Z
http://www.wikidata.org/entity/Q3160924,http://www.wikidata.org/entity/Q19580,15.0,2012-01-01T00:00:00Z,2012-01-01T00:00:00Z
http://www.wikidata.org/entity/Q3160979,http://www.wikidata.org/entity/Q19481,24.0,2007-01-01T00:00:00Z,2008-01-01T00:00:00Z
http://www.wikidata.org/entity/Q3161482,http://www.wikidata.org/entity/Q19481,46.0,2006-01-01T00:00:00Z,2010-01-01T00:00:00Z
http://www.wikidata.org/entity/Q3162124,http://www.wikidata.org/entity/Q19607,9.0,2007-01-01T00:00:00Z,2009-01-01T00:00:00Z
http://www.wikidata.org/entity/Q3162913,http://www.wikidata.org/entity/Q19571,9.0,2000-01-01T00:00:00Z,2000-01-01T00:00:00Z
http://www.wikidata.org/entity/Q3162913,http://www.wikidata.org/entity/Q19604,86.0,1999-01-01T00:00:00Z,2003-01-01T00:00:00Z
http://www.wikidata.org/entity/Q316395,http://www.wikidata.org/entity/Q19490,7.0,2014-01-01T00:00:00Z,2014-01-01T00:00:00Z
http://www.wikidata.org/entity/Q3165849,http://www.wikidata.org/entity/Q19604,48.0,1998-01-01T00:00:00Z,1999-01-01T00:00:00Z
http://www.wikidata.org/entity/Q316605,http://www.wikidata.org/entity/Q19500,62.0,2009-01-01T00:00:00Z,2012-01-01T00:00:00Z
http://www.wikidata.org/entity/Q316619,http://www.wikidata.org/entity/Q19607,21.0,2007-01-01T00:00:00Z,2009-01-01T00:00:00Z
http://www.wikidata.org/entity/Q316695,http://www.wikidata.org/entity/Q19568,12.0,2015-01-01T00:00:00Z,2016-01-01T00:00:00Z
http://www.wikidata.org/entity/Q316695,http://www.wikidata.org/entity/Q19604,77.0,2007-01-01T00:00:00Z,2009-01-01T00:00:00Z
http://www.wikidata.org/entity/Q316698,http://www.wikidata.org/entity/Q19498,142.0,2004-01-01T00:00:00Z,2008-01-01T00:00:00Z
http://www.wikidata.org/entity/Q316704,http://www.wikidata.org/entity/Q19477,29.0,2005-01-01T00:00:00Z,2006-01-01T00:00:00Z
http://www.wikidata.org/entity/Q316704,http://www.wikidata.org/entity/Q19500,65.0,1999-01-01T00:00:00Z,2005-01-01T00:00:00Z
http://www.wikidata.org/entity/Q316717,http://www.wikidata.org/entity/Q19580,70.0,2003-01-01T00:00:00Z,2005-01-01T00:00:00Z
http://www.wikidata.org/entity/Q3167310,http://www.wikidata.org/entity/Q19607,1.0,2001-01-01T00:00:00Z,2001-01-01T00:00:00Z
http://www.wikidata.org/entity/Q3167310,http://www.wikidata.org/entity/Q19500,3.0,2000-01-01T00:00:00Z,2000-01-01T00:00:00Z
http://www.wikidata.org/entity/Q316799,http://www.wikidata.org/entity/Q19500,30.0,2003-01-01T00:00:00Z,2005-01-01T00:00:00Z
http://www.wikidata.org/entity/Q316799,http://www.wikidata.org/entity/Q19607,23.0,2009-01-01T00:00:00Z,2010-01-01T00:00:00Z
http://www.wikidata.org/entity/Q3168811,http://www.wikidata.org/entity/Q19607,13.0,2002-01-01T00:00:00Z,2003-01-01T00:00:00Z
http://www.wikidata.org/entity/Q3168811,http://www.wikidata.org/entity/Q19571,6.0,2000-01-01T00:00:00Z,2001-01-01T00:00:00Z
http://www.wikidata.org/entity/Q316926,http://www.wikidata.org/entity/Q19500,8.0,2009-01-01T00:00:00Z,2010-01-01T00:00:00Z
http://www.wikidata.org/entity/Q316935,http://www.wikidata.org/entity/Q19477,102.0,2009-01-01T00:00:00Z,2015-01-01T00:00:00Z
http://www.wikidata.org/entity/Q316935,http://www.wikidata.org/entity/Q19477,17.0,2008-01-01T00:00:00Z,2009-01-01T00:00:00Z
http://www.wikidata.org/entity/Q316995,http://www.wikidata.org/entity/Q19604,15.0,2004-01-01T00:00:00Z,2004-01-01T00:00:00Z
http://www.wikidata.org/entity/Q316995,http://www.wikidata.org/entity/Q19604,72.0,2004-01-01T00:00:00Z,2007-01-01T00:00:00Z
http://www.wikidata.org/entity/Q317317,http://www.wikidata.org/entity/Q19477,9.0,2006-01-01T00:00:00Z,2006-01-01T00:00:00Z
http://www.wikidata.org/entity/Q317807,http://www.wikidata.org/entity/Q19500,75.0,2002-01-01T00:00:00Z,2004-01-01T00:00:00Z
http://www.wikidata.org/entity/Q3178809,http://www.wikidata.org/entity/Q19473,42.0,2008-01-01T00:00:00Z,2010-01-01T00:00:00Z
http://www.wikidata.org/entity/Q3180002,http://www.wikidata.org/entity/Q19500,87.0,2019-01-01T00:00:00Z,2024-01-01T00:00:00Z
http://www.wikidata.org/entity/Q3180002,http://www.wikidata.org/entity/Q19500,20.0,2018-01-01T00:00:00Z,2019-01-01T00:00:00Z
http://www.wikidata.org/entity/Q3180142,http://www.wikidata.org/entity/Q19580,137.0,2011-01-01T00:00:00Z,2014-01-01T00:00:00Z
http://www.wikidata.org/entity/Q3180142,http://www.wikidata.org/entity/Q19473,4.0,2014-01-01T00:00:00Z,2015-01-01T00:00:00Z
http://www.wikidata.org/entity/Q318103,http://www.wikidata.org/entity/Q19604,93.0,2002-01-01T00:00:00Z,2005-01-01T00:00:00Z
http://www.wikidata.org/entity/Q3182416,http://www.wikidata.org/entity/Q19571,35.0,2004-01-01T00:00:00Z,2005-01-01T00:00:00Z
http://www.wikidata.org/entity/Q3183222,http://www.wikidata.org/entity/Q19477,47.0,2006-01-01T00:00:00Z,2007-01-01T00:00:00Z
http://www.wikidata.org/entity/Q3183222,http://www.wikidata.org/entity/Q19473,3.0,2011-01-01T00:00:00Z,2012-01-01T00:00:00Z
http://www.wikidata.org/entity/Q3183366,http://www.wikidata.org/entity/Q19607,12.0,2013-01-01T00:00:00Z,2013-01-01T00:00:00Z
http://www.wikidata.org/entity/Q3183366,http://www.wikidata.org/entity/Q19607,30.0,2003-01-01T00:00:00Z,2007-01-01T00:00:00Z
http://www.wikidata.org/entity/Q3183681,http://www.wikidata.org/entity/Q19580,125.0,2008-01-01T00:00:00Z,2015-01-01T00:00:00Z
http://www.wikidata.org/entity/Q318456,http://www.wikidata.org/entity/Q19477,99.0,2014-01-01T00:00:00Z,2018-06-01T00:00:00Z
http://www.wikidata.org/entity/Q318520,http://www.wikidata.org/entity/Q19604,58.0,2006-01-01T00:00:00Z,2008-01-01T00:00:00Z
http://www.wikidata.org/entity/Q318539,http://www.wikidata.org/entity/Q19500,9.0,2012-01-01T00:00:00Z,2012-01-01T00:00:00Z
http://www.wikidata.org/entity/Q3187316,http://www.wikidata.org/entity/Q19481,3.0,2010-01-01T00:00:00Z,2012-01-01T00:00:00Z
http://www.wikidata.org/entity/Q319180,http://www.wikidata.org/entity/Q19500,14.0,2006-01-01T00:00:00Z,2006-01-01T00:00:00Z
http://www.wikidata.org/entity/Q3195361,http://www.wikidata.org/entity/Q19568,31.0,2024-01-01T00:00:00Z,2025-01-01T00:00:00Z
http://www.wikidata.org/entity/Q3195637,http://www.wikidata.org/entity/Q19607,1.0,2003-01-01T00:00:00Z,2007-01-01T00:00:00Z
http://www.wikidata.org/entity/Q3195661,http://www.wikidata.org/entity/Q19568,5.0,1999-01-01T00:00:00Z,1999-01-01T00:00:00Z
http://www.wikidata.org/entity/Q3195661,http://www.wikidata.org/entity/Q19477,2.0,1999-01-01T00:00:00Z,1999-01-01T00:00:00Z
http://www.wikidata.org/entity/Q3195788,http://www.wikidata.org/entity/Q19481,13.0,2004-01-01T00:00:00Z,2005-01-01T00:00:00Z
http://www.wikidata.org/entity/Q3195788,http://www.wikidata.org/entity/Q19498,404.0,1987-01-01T00:00:00Z,2004-01-01T00:00:00Z
http://www.wikidata.org/entity/Q3195788,http://www.wikidata.org/entity/Q19580,0.0,2005-01-01T00:00:00Z,2005-01-01T00:00:00Z
http://www.wikidata.org/entity/Q319810,http://www.wikidata.org/entity/Q19477,37.0,2004-01-01T00:00:00Z,2005-01-01T00:00:00Z
http://www.wikidata.org/entity/Q319810,http://www.wikidata.org/entity/Q19477,11.0,2003-01-01T00:00:00Z,2003-01-01T00:00:00Z
http://www.wikidata.org/entity/Q319884,http://www.wikidata.org/entity/Q19477,119.0,2017-01-01T00:00:00Z,2020-01-01T00:00:00Z
http://www.wikidata.org/entity/Q3200803,http://www.wikidata.org/entity/Q19473,2.0,1999-01-01T00:00:00Z,1999-01-01T00:00:00Z
http://www.wikidata.org/entity/Q3200906,http://www.wikidata.org/entity/Q19500,0.0,2008-01-01T00:00:00Z,2010-01-01T00:00:00Z
http://www.wikidata.org/entity/Q3200915,http://www.wikidata.org/entity/Q19490,5.0,2015-01-01T00:00:00Z,2016-01-01T00:00:00Z
http://www.wikidata.org/entity/Q3208263,http://www.wikidata.org/entity/Q19481,0.0,2007-01-01T00:00:00Z,2010-01-01T00:00:00Z
http://www.wikidata.org/entity/Q3208263,http://www.wikidata.org/entity/Q19604,1.0,2012-01-01T00:00:00Z,2012-01-01T00:00:00Z
http://www.wikidata.org/entity/Q321082,http://www.wikidata.org/entity/Q19481,3.0,2014-01-01T00:00:00Z,2015-01-01T00:00:00Z
http://www.wikidata.org/entity/Q321082,http://www.wikidata.org/entity/Q19481,3.0,2014-01-01T00:00:00Z,2014-01-01T00:00:00Z
http://www.wikidata.org/entity/Q3328230,http://www.wikidata.org/entity/Q1130849,24.0,2009-01-01T00:00:00Z,2012-01-01T00:00:00Z
http://www.wikidata.org/entity/Q3354748,http://www.wikidata.org/entity/Q1130849,0.0,2008-01-01T00:00:00Z,2011-01-01T00:00:00Z
http://www.wikidata.org/entity/Q3371572,http://www.wikidata.org/entity/Q1128631,0.0,2000-01-01T00:00:00Z,2005-01-01T00:00:00Z
http://www.wikidata.org/entity/Q339252,http://www.wikidata.org/entity/Q1130849,29.0,2016-01-01T00:00:00Z,2022-01-01T00:00:00Z
http://www.wikidata.org/entity/Q3398147,http://www.wikidata.org/entity/Q1128631,10.0,2009-01-01T00:00:00Z,2009-01-01T00:00:00Z
http://www.wikidata.org/entity/Q161571,http://www.wikidata.org/entity/Q1130849,94.0,2007-01-01T00:00:00Z,2010-01-01T00:00:00Z
http://www.wikidata.org/entity/Q1632278,http://www.wikidata.org/entity/Q1128631,78.0,1997-01-01T00:00:00Z,2004-01-01T00:00:00Z
http://www.wikidata.org/entity/Q6372480,http://www.wikidata.org/entity/Q19571,5.0,2006-01-01T00:00:00Z,2008-01-01T00:00:00Z
http://www.wikidata.org/entity/Q6372489,http://www.wikidata.org/entity/Q19571,161.0,2005-01-01T00:00:00Z,2012-01-01T00:00:00Z
http://www.wikidata.org/entity/Q6383581,http://www.wikidata.org/entity/Q19473,20.0,2008-01-01T00:00:00Z,2009-01-01T00:00:00Z
http://www.wikidata.org/entity/Q6384369,http://www.wikidata.org/entity/Q19490,42.0,1997-01-01T00:00:00Z,2003-01-01T00:00:00Z
http://www.wikidata.org/entity/Q6384843,http://www.wikidata.org/entity/Q19580,12.0,2001-01-01T00:00:00Z,2003-01-01T00:00:00Z
http://www.wikidata.org/entity/Q6384909,http://www.wikidata.org/entity/Q19607,0.0,2007-01-01T00:00:00Z,2009-01-01T00:00:00Z
http://www.wikidata.org/entity/Q6396122,http://www.wikidata.org/entity/Q19490,11.0,1999-01-01T00:00:00Z,2002-01-01T00:00:00Z
http://www.wikidata.org/entity/Q6396134,http://www.wikidata.org/entity/Q19473,0.0,1999-01-01T00:00:00Z,1999-01-01T00:00:00Z
http://www.wikidata.org/entity/Q6396134,http://www.wikidata.org/entity/Q19571,205.0,1993-01-01T00:00:00Z,1999-01-01T00:00:00Z
http://www.wikidata.org/entity/Q6396229,http://www.wikidata.org/entity/Q19477,39.0,2005-01-01T00:00:00Z,2006-01-01T00:00:00Z
http://www.wikidata.org/entity/Q6396229,http://www.wikidata.org/entity/Q19481,1.0,2001-01-01T00:00:00Z,2001-01-01T00:00:00Z
http://www.wikidata.org/entity/Q6396390,http://www.wikidata.org/entity/Q19473,230.0,1994-01-01T00:00:00Z,2002-01-01T00:00:00Z
http://www.wikidata.org/entity/Q6396445,http://www.wikidata.org/entity/Q19481,2.0,2004-01-01T00:00:00Z,2004-01-01T00:00:00Z
http://www.wikidata.org/entity/Q6396445,http://www.wikidata.org/entity/Q19604,119.0,2000-01-01T00:00:00Z,2005-01-01T00:00:00Z
http://www.wikidata.org/entity/Q6396595,http://www.wikidata.org/entity/Q19490,7.0,2004-01-01T00:00:00Z,2007-01-01T00:00:00Z
http://www.wikidata.org/entity/Q6396794,http://www.wikidata.org/entity/Q19604,5.0,2012-01-01T00:00:00Z,2012-01-01T00:00:00Z
http://www.wikidata.org/entity/Q6397096,http://www.wikidata.org/entity/Q19498,1.0,1998-01-01T00:00:00Z,2001-01-01T00:00:00Z
http://www.wikidata.org/entity/Q6397130,http://www.wikidata.org/entity/Q19571,426.0,1999-01-01T00:00:00Z,2015-01-01T00:00:00Z
http://www.wikidata.org/entity/Q6397313,http://www.wikidata.org/entity/Q19571,33.0,1995-01-01T00:00:00Z,1999-01-01T00:00:00Z
http://www.wikidata.org/entity/Q6397478,http://www.wikidata.org/entity/Q19473,39.0,2002-01-01T00:00:00Z,2003-01-01T00:00:00Z
http://www.wikidata.org/entity/Q6397632,http://www.wikidata.org/entity/Q19580,50.0,2005-01-01T00:00:00Z,2009-01-01T00:00:00Z
http://www.wikidata.org/entity/Q642981,http://www.wikidata.org/entity/Q19604,1.0,2004-01-01T00:00:00Z,2009-01-01T00:00:00Z
http://www.wikidata.org/entity/Q642981,http://www.wikidata.org/entity/Q19580,2.0,2008-01-01T00:00:00Z,2008-01-01T00:00:00Z
http://www.wikidata.org/entity/Q642981,http://www.wikidata.org/entity/Q19580,32.0,2005-01-01T00:00:00Z,2006-01-01T00:00:00Z
http://www.wikidata.org/entity/Q642981,http://www.wikidata.org/entity/Q19580,14.0,2005-01-01T00:00:00Z,2005-01-01T00:00:00Z
http://www.wikidata.org/entity/Q642981,http://www.wikidata.org/entity/Q19580,13.0,2006-01-01T00:00:00Z,2006-01-01T00:00:00Z
http://www.wikidata.org/entity/Q645145,http://www.wikidata.org/entity/Q19473,7.0,2011-01-01T00:00:00Z,2011-01-01T00:00:00Z
http://www.wikidata.org/entity/Q645145,http://www.wikidata.org/entity/Q19473,117.0,2011-01-01T00:00:00Z,2015-01-01T00:00:00Z
http://www.wikidata.org/entity/Q645145,http://www.wikidata.org/entity/Q19580,5.0,2010-01-01T00:00:00Z,2010-01-01T00:00:00Z
http://www.wikidata.org/entity/Q6487312,http://www.wikidata.org/entity/Q19571,0.0,2007-01-01T00:00:00Z,2008-01-01T00:00:00Z
http://www.wikidata.org/entity/Q6495880,http://www.wikidata.org/entity/Q19481,0.0,2008-01-01T00:00:00Z,2010-01-01T00:00:00Z
http://www.wikidata.org/entity/Q66385776,http://www.wikidata.org/entity/Q19568,18.0,2022-01-01T00:00:00Z,2022-01-01T00:00:00Z
http://www.wikidata.org/entity/Q18128284,http://www.wikidata.org/entity/Q19580,0.0,2014-01-01T00:00:00Z,2015-01-01T00:00:00Z
http://www.wikidata.org/entity/Q18129233,http://www.wikidata.org/entity/Q19500,0.0,2012-01-01T00:00:00Z,2014-01-01T00:00:00Z
http://www.wikidata.org/entity/Q18336397,http://www.wikidata.org/entity/Q19568,199.0,2019-01-01T00:00:00Z,2024-08-01T00:00:00Z
http://www.wikidata.org/entity/Q18385765,http://www.wikidata.org/entity/Q19481,0.0,2010-01-01T00:00:00Z,2011-01-01T00:00:00Z
http://www.wikidata.org/entity/Q187730,http://www.wikidata.org/entity/Q19604,93.0,1994-01-01T00:00:00Z,2001-01-01T00:00:00Z
http://www.wikidata.org/entity/Q188144,http://www.wikidata.org/entity/Q19490,16.0,1998-01-01T00:00:00Z,1999-01-01T00:00:00Z
http://www.wikidata.org/entity/Q1887401,http://www.wikidata.org/entity/Q19498,4.0,2011-01-01T00:00:00Z,2012-01-01T00:00:00Z
http://www.wikidata.org/entity/Q188746,http://www.wikidata.org/entity/Q19604,1.0,2008-01-01T00:00:00Z,2008-01-01T00:00:00Z
http://www.wikidata.org/entity/Q188746,http://www.wikidata.org/entity/Q19604,30.0,2008-01-31T00:00:00Z,2009-01-01T00:00:00Z
http://www.wikidata.org/entity/Q188746,http://www.wikidata.org/entity/Q19568,29.0,2000-01-01T00:00:00Z,2001-01-01T00:00:00Z
http://www.wikidata.org/entity/Q18881,http://www.wikidata.org/entity/Q1130849,15.0,2013-01-01T00:00:00Z,2014-01-01T00:00:00Z
http://www.wikidata.org/entity/Q188997,http://www.wikidata.org/entity/Q19571,28.0,2009-01-01T00:00:00Z,2010-01-01T00:00:00Z
http://www.wikidata.org/entity/Q1893231,http://www.wikidata.org/entity/Q19580,507.0,1984-01-01T00:00:00Z,2000-01-01T00:00:00Z
http://www.wikidata.org/entity/Q18982,http://www.wikidata.org/entity/Q1130849,0.0,2010-01-01T00:00:00Z,2011-01-01T00:00:00Z
http://www.wikidata.org/entity/Q1899940,http://www.wikidata.org/entity/Q19477,8.0,2001-01-01T00:00:00Z,2001-01-01T00:00:00Z
http://www.wikidata.org/entity/Q1899940,http://www.wikidata.org/entity/Q19500,126.0,1995-01-01T00:00:00Z,1999-01-01T00:00:00Z
http://www.wikidata.org/entity/Q1900410,http://www.wikidata.org/entity/Q19498,15.0,2003-01-01T00:00:00Z,2004-01-01T00:00:00Z
http://www.wikidata.org/entity/Q1903783,http://www.wikidata.org/entity/Q19571,7.0,2013-01-01T00:00:00Z,2014-01-01T00:00:00Z
http://www.wikidata.org/entity/Q190515,http://www.wikidata.org/entity/Q19580,34.0,2000-01-01T00:00:00Z,2001-01-01T00:00:00Z
http://www.wikidata.org/entity/Q1911438,http://www.wikidata.org/entity/Q19498,1.0,2005-01-01T00:00:00Z,2005-01-01T00:00:00Z
http://www.wikidata.org/entity/Q1911438,http://www.wikidata.org/entity/Q19498,1.0,2005-01-01T00:00:00Z,2006-01-01T00:00:00Z
http://www.wikidata.org/entity/Q1911438,http://www.wikidata.org/entity/Q19500,4.0,2005-01-01T00:00:00Z,2006-01-01T00:00:00Z
http://www.wikidata.org/entity/Q1911438,http://www.wikidata.org/entity/Q19500,14.0,2006-01-01T00:00:00Z,2006-01-01T00:00:00Z
http://www.wikidata.org/entity/Q191162,http://www.wikidata.org/entity/Q19481,154.0,1994-01-01T00:00:00Z,2000-01-01T00:00:00Z
http://www.wikidata.org/entity/Q5725750,http://www.wikidata.org/entity/Q1128631,0.0,2003-01-01T00:00:00Z,2005-01-01T00:00:00Z
http://www.wikidata.org/entity/Q582792,http://www.wikidata.org/entity/Q1130849,11.0,2000-01-01T00:00:00Z,2005-01-01T00:00:00Z
http://www.wikidata.org/entity/Q58441,http://www.wikidata.org/entity/Q50602,41.0,2008-01-01T00:00:00Z,2010-01-01T00:00:00Z
http://www.wikidata.org/entity/Q59108,http://www.wikidata.org/entity/Q50602,212.0,2017-01-01T00:00:00Z,2025-07-01T00:00:00Z
http://www.wikidata.org/entity/Q26250324,http://www.wikidata.org/entity/Q19607,25.0,2020-01-01T00:00:00Z,2021-01-01T00:00:00Z
http://www.wikidata.org/entity/Q265778,http://www.wikidata.org/entity/Q19500,23.0,2011-01-01T00:00:00Z,2013-01-01T00:00:00Z
http://www.wikidata.org/entity/Q265778,http://www.wikidata.org/entity/Q19473,16.0,2012-01-01T00:00:00Z,2013-01-01T00:00:00Z
http://www.wikidata.org/entity/Q265778,http://www.wikidata.org/entity/Q19473,50.0,2013-01-01T00:00:00Z,2015-01-01T00:00:00Z
http://www.wikidata.org/entity/Q2674780,http://www.wikidata.org/entity/Q19568,24.0,2011-01-01T00:00:00Z,2013-01-01T00:00:00Z
http://www.wikidata.org/entity/Q267677,http://www.wikidata.org/entity/Q19604,35.0,2012-01-01T00:00:00Z,2013-01-01T00:00:00Z
http://www.wikidata.org/entity/Q267677,http://www.wikidata.org/entity/Q19500,20.0,2005-01-01T00:00:00Z,2007-01-01T00:00:00Z
http://www.wikidata.org/entity/Q2699695,http://www.wikidata.org/entity/Q19490,1.0,2014-01-01T00:00:00Z,2014-01-01T00:00:00Z
http://www.wikidata.org/entity/Q2700592,http://www.wikidata.org/entity/Q19580,4.0,2004-01-01T00:00:00Z,2004-01-01T00:00:00Z
http://www.wikidata.org/entity/Q2700592,http://www.wikidata.org/entity/Q19568,12.0,2005-01-01T00:00:00Z,2005-01-01T00:00:00Z
http://www.wikidata.org/entity/Q2700592,http://www.wikidata.org/entity/Q19481,25.0,2011-01-01T00:00:00Z,2012-01-01T00:00:00Z
http://www.wikidata.org/entity/Q2700669,http://www.wikidata.org/entity/Q19473,85.0,2012-01-01T00:00:00Z,2014-01-01T00:00:00Z
http://www.wikidata.org/entity/Q2701276,http://www.wikidata.org/entity/Q19571,128.0,2000-01-01T00:00:00Z,2006-01-01T00:00:00Z
http://www.wikidata.org/entity/Q2701276,http://www.wikidata.org/entity/Q19580,95.0,2006-01-01T00:00:00Z,2009-01-01T00:00:00Z
http://www.wikidata.org/entity/Q2701348,http://www.wikidata.org/entity/Q19473,81.0,2012-01-01T00:00:00Z,2015-01-01T00:00:00Z
http://www.wikidata.org/entity/Q2701348,http://www.wikidata.org/entity/Q19477,41.0,2010-01-01T00:00:00Z,2010-01-01T00:00:00Z
http://www.wikidata.org/entity/Q2701348,http://www.wikidata.org/entity/Q19477,41.0,2010-01-01T00:00:00Z,2011-01-01T00:00:00Z
http://www.wikidata.org/entity/Q2701348,http://www.wikidata.org/entity/Q19473,81.0,2012-01-01T00:00:00Z,2012-01-01T00:00:00Z
http://www.wikidata.org/entity/Q2703910,http://www.wikidata.org/entity/Q19607,2.0,2005-01-01T00:00:00Z,2006-01-01T00:00:00Z
http://www.wikidata.org/entity/Q2703910,http://www.wikidata.org/entity/Q19481,52.0,2001-01-01T00:00:00Z,2003-01-01T00:00:00Z
http://www.wikidata.org/entity/Q2707835,http://www.wikidata.org/entity/Q19490,7.0,1999-01-01T00:00:00Z,1999-01-01T00:00:00Z
http://www.wikidata.org/entity/Q2711003,http://www.wikidata.org/entity/Q19607,8.0,2001-01-01T00:00:00Z,2001-01-01T00:00:00Z
http://www.wikidata.org/entity/Q2718609,http://www.wikidata.org/entity/Q19607,79.0,2001-01-01T00:00:00Z,2004-01-01T00:00:00Z
http://www.wikidata.org/entity/Q2718609,http://www.wikidata.org/entity/Q19607,5.0,2001-01-01T00:00:00Z,2001-01-01T00:00:00Z
http://www.wikidata.org/entity/Q2719418,http://www.wikidata.org/entity/Q19481,15.0,2004-01-01T00:00:00Z,2004-01-01T00:00:00Z
http://www.wikidata.org/entity/Q2719418,http://www.wikidata.org/entity/Q19481,146.0,1997-01-01T00:00:00Z,2001-01-01T00:00:00Z
http://www.wikidata.org/entity/Q2720209,http://www.wikidata.org/entity/Q19604,309.0,1992-01-01T00:00:00Z,1999-01-01T00:00:00Z
http://www.wikidata.org/entity/Q2721854,http://www.wikidata.org/entity/Q19568,12.0,2001-01-01T00:00:00Z,2002-01-01T00:00:00Z
http://www.wikidata.org/entity/Q2723552,http://www.wikidata.org/entity/Q19580,122.0,1999-01-01T00:00:00Z,2003-01-01T00:00:00Z
http://www.wikidata.org/entity/Q2724855,http://www.wikidata.org/entity/Q19481,14.0,2017-09-01T00:00:00Z,2020-10-01T00:00:00Z
http://www.wikidata.org/entity/Q2733524,http://www.wikidata.org/entity/Q19481,3.0,2010-01-01T00:00:00Z,2010-01-01T00:00:00Z
http://www.wikidata.org/entity/Q2733524,http://www.wikidata.org/entity/Q19473,3.0,2011-01-01T00:00:00Z,2011-01-01T00:00:00Z
http://www.wikidata.org/entity/Q2733524,http://www.wikidata.org/entity/Q19498,6.0,2005-01-01T00:00:00Z,2005-01-01T00:00:00Z
http://www.wikidata.org/entity/Q2736210,http://www.wikidata.org/entity/Q19473,2.0,2002-01-01T00:00:00Z,2002-01-01T00:00:00Z
http://www.wikidata.org/entity/Q2736210,http://www.wikidata.org/entity/Q19481,8.0,2000-01-01T00:00:00Z,2002-01-01T00:00:00Z
http://www.wikidata.org/entity/Q2736210,http://www.wikidata.org/entity/Q19477,224.0,2002-01-01T00:00:00Z,2008-01-01T00:00:00Z
http://www.wikidata.org/entity/Q2736626,http://www.wikidata.org/entity/Q19580,31.0,2007-01-01T00:00:00Z,2010-01-01T00:00:00Z
http://www.wikidata.org/entity/Q2736626,http://www.wikidata.org/entity/Q19490,0.0,2008-01-01T00:00:00Z,2008-01-01T00:00:00Z
http://www.wikidata.org/entity/Q273715,http://www.wikidata.org/entity/Q19580,10.0,2009-01-01T00:00:00Z,2009-01-01T00:00:00Z
http://www.wikidata.org/entity/Q2742450,http://www.wikidata.org/entity/Q19604,32.0,1999-01-01T00:00:00Z,2002-01-01T00:00:00Z
http://www.wikidata.org/entity/Q2742450,http://www.wikidata.org/entity/Q19568,10.0,2010-01-01T00:00:00Z,2011-01-01T00:00:00Z
http://www.wikidata.org/entity/Q2742450,http://www.wikidata.org/entity/Q19607,5.0,2002-01-01T00:00:00Z,2002-01-01T00:00:00Z
http://www.wikidata.org/entity/Q2742450,http://www.wikidata.org/entity/Q19568,7.0,1998-01-01T00:00:00Z,1999-01-01T00:00:00Z
http://www.wikidata.org/entity/Q2742530,http://www.wikidata.org/entity/Q19607,6.0,2008-01-01T00:00:00Z,2008-01-01T00:00:00Z
http://www.wikidata.org/entity/Q2742530,http://www.wikidata.org/entity/Q19571,23.0,2008-01-01T00:00:00Z,2009-01-01T00:00:00Z
http://www.wikidata.org/entity/Q274626,http://www.wikidata.org/entity/Q19473,7.0,2009-01-01T00:00:00Z,2009-01-01T00:00:00Z
http://www.wikidata.org/entity/Q275634,http://www.wikidata.org/entity/Q19498,15.0,1998-01-01T00:00:00Z,2000-01-01T00:00:00Z
http://www.wikidata.org/entity/Q2756571,http://www.wikidata.org/entity/Q19604,0.0,2006-01-01T00:00:00Z,2007-01-01T00:00:00Z
http://www.wikidata.org/entity/Q2756571,http://www.wikidata.org/entity/Q19568,162.0,2007-01-01T00:00:00Z,2011-01-01T00:00:00Z
http://www.wikidata.org/entity/Q2756571,http://www.wikidata.org/entity/Q19604,43.0,2011-01-01T00:00:00Z,2012-01-01T00:00:00Z
http://www.wikidata.org/entity/Q275691,http://www.wikidata.org/entity/Q19604,5.0,2005-01-01T00:00:00Z,2006-01-01T00:00:00Z
http://www.wikidata.org/entity/Q2757089,http://www.wikidata.org/entity/Q19580,5.0,2015-01-01T00:00:00Z,2015-01-01T00:00:00Z
http://www.wikidata.org/entity/Q2757089,http://www.wikidata.org/entity/Q19580,72.0,2005-01-01T00:00:00Z,2011-01-01T00:00:00Z
http://www.wikidata.org/entity/Q275710,http://www.wikidata.org/entity/Q19571,30.0,2001-01-01T00:00:00Z,2002-01-01T00:00:00Z
http://www.wikidata.org/entity/Q2759217,http://www.wikidata.org/entity/Q19604,16.0,2002-01-01T00:00:00Z,2003-01-01T00:00:00Z
http://www.wikidata.org/entity/Q27899245,http://www.wikidata.org/entity/Q19571,16.0,2021-01-01T00:00:00Z,2022-01-01T00:00:00Z
http://www.wikidata.org/entity/Q28059260,http://www.wikidata.org/entity/Q19607,36.0,2019-01-01T00:00:00Z,2020-01-01T00:00:00Z
http://www.wikidata.org/entity/Q28059260,http://www.wikidata.org/entity/Q19607,46.0,2018-01-01T00:00:00Z,2019-01-01T00:00:00Z
http://www.wikidata.org/entity/Q28059260,http://www.wikidata.org/entity/Q19490,18.0,2022-01-01T00:00:00Z,2023-01-01T00:00:00Z
http://www.wikidata.org/entity/Q28147578,http://www.wikidata.org/entity/Q19500,68.0,2017-01-01T00:00:00Z,2022-01-01T00:00:00Z
http://www.wikidata.org/entity/Q28147578,http://www.wikidata.org/entity/Q19607,35.0,2021-01-01T00:00:00Z,2022-01-01T00:00:00Z
http://www.wikidata.org/entity/Q377488,http://www.wikidata.org/entity/Q1128631,20.0,1997-01-01T00:00:00Z,1999-01-01T00:00:00Z
http://www.wikidata.org/entity/Q3791464,http://www.wikidata.org/entity/Q1128631,4.0,2005-01-01T00:00:00Z,2006-01-01T00:00:00Z
http://www.wikidata.org/entity/Q3809303,http://www.wikidata.org/entity/Q1130849,0.0,2013-01-01T00:00:00Z,2014-01-01T00:00:00Z
http://www.wikidata.org/entity/Q381546,http://www.wikidata.org/entity/Q1130849,0.0,2009-01-01T00:00:00Z,2011-01-01T00:00:00Z
http://www.wikidata.org/entity/Q383483,http://www.wikidata.org/entity/Q1128631,16.0,2007-01-01T00:00:00Z,2009-01-01T00:00:00Z
http://www.wikidata.org/entity/Q3961138,http://www.wikidata.org/entity/Q1128631,34.0,2004-01-01T00:00:00Z,2006-01-01T00:00:00Z
http://www.wikidata.org/entity/Q3992906,http://www.wikidata.org/entity/Q1128631,0.0,1997-01-01T00:00:00Z,2001-01-01T00:00:00Z
http://www.wikidata.org/entity/Q404098,http://www.wikidata.org/entity/Q1128631,85.0,2008-01-01T00:00:00Z,2015-01-01T00:00:00Z
http://www.wikidata.org/entity/Q42100656,http://www.wikidata.org/entity/Q1130849,0.0,2017-01-01T00:00:00Z,2020-01-01T00:00:00Z
http://www.wikidata.org/entity/Q19885257,http://www.wikidata.org/entity/Q1130849,0.0,2014-01-01T00:00:00Z,2015-01-01T00:00:00Z
http://www.wikidata.org/entity/Q206548,http://www.wikidata.org/entity/Q1130849,236.0,1993-01-01T00:00:00Z,2001-01-01T00:00:00Z
http://www.wikidata.org/entity/Q206548,http://www.wikidata.org/entity/Q1128631,30.0,2001-01-01T00:00:00Z,2003-01-01T00:00:00Z
http://www.wikidata.org/entity/Q206548,http://www.wikidata.org/entity/Q1130849,30.0,2006-01-01T00:00:00Z,2007-01-01T00:00:00Z
http://www.wikidata.org/entity/Q2067337,http://www.wikidata.org/entity/Q1128631,12.0,2010-01-01T00:00:00Z,2010-01-01T00:00:00Z
http://www.wikidata.org/entity/Q5484428,http://www.wikidata.org/entity/Q19580,77.0,2012-01-01T00:00:00Z,2014-01-01T00:00:00Z
http://www.wikidata.org/entity/Q5484428,http://www.wikidata.org/entity/Q19481,8.0,2010-01-01T00:00:00Z,2012-01-01T00:00:00Z
http://www.wikidata.org/entity/Q5489881,http://www.wikidata.org/entity/Q19607,6.0,2000-01-01T00:00:00Z,2001-01-01T00:00:00Z
http://www.wikidata.org/entity/Q5489881,http://www.wikidata.org/entity/Q19500,0.0,2000-01-01T00:00:00Z,2000-01-01T00:00:00Z
http://www.wikidata.org/entity/Q552171,http://www.wikidata.org/entity/Q19607,14.0,2010-01-01T00:00:00Z,2010-01-01T00:00:00Z
http://www.wikidata.org/entity/Q552171,http://www.wikidata.org/entity/Q19607,21.0,2010-01-01T00:00:00Z,2011-01-01T00:00:00Z
http://www.wikidata.org/entity/Q5524740,http://www.wikidata.org/entity/Q19477,22.0,2000-01-01T00:00:00Z,2003-01-01T00:00:00Z
http://www.wikidata.org/entity/Q5524743,http://www.wikidata.org/entity/Q19477,95.0,1999-01-01T00:00:00Z,2001-01-01T00:00:00Z
http://www.wikidata.org/entity/Q5525211,http://www.wikidata.org/entity/Q19473,3.0,2004-01-01T00:00:00Z,2004-01-01T00:00:00Z
http://www.wikidata.org/entity/Q5525329,http://www.wikidata.org/entity/Q19490,36.0,2000-01-01T00:00:00Z,2002-01-01T00:00:00Z
http://www.wikidata.org/entity/Q5525352,http://www.wikidata.org/entity/Q19607,1.0,2003-01-01T00:00:00Z,2003-01-01T00:00:00Z
http://www.wikidata.org/entity/Q5525610,http://www.wikidata.org/entity/Q19580,8.0,1999-01-01T00:00:00Z,2003-01-01T00:00:00Z
http://www.wikidata.org/entity/Q5525650,http://www.wikidata.org/entity/Q19481,0.0,1997-01-01T00:00:00Z,1999-01-01T00:00:00Z
http://www.wikidata.org/entity/Q5525857,http://www.wikidata.org/entity/Q19481,49.0,2000-01-01T00:00:00Z,2002-01-01T00:00:00Z
http://www.wikidata.org/entity/Q5525939,http://www.wikidata.org/entity/Q19604,0.0,2003-01-01T00:00:00Z,2006-01-01T00:00:00Z
http://www.wikidata.org/entity/Q5525955,http://www.wikidata.org/entity/Q19482,11.0,2004-01-01T00:00:00Z,2004-01-01T00:00:00Z
http://www.wikidata.org/entity/Q5525955,http://www.wikidata.org/entity/Q19571,33.0,2007-01-01T00:00:00Z,2009-01-01T00:00:00Z
http://www.wikidata.org/entity/Q53252754,http://www.wikidata.org/entity/Q19571,4.0,2020-01-01T00:00:00Z,
http://www.wikidata.org/entity/Q23881682,http://www.wikidata.org/entity/Q1128631,40.0,2015-01-01T00:00:00Z,2019-01-01T00:00:00Z
http://www.wikidata.org/entity/Q2498195,http://www.wikidata.org/entity/Q1128631,11.0,2007-01-01T00:00:00Z,2007-01-01T00:00:00Z
http://www.wikidata.org/entity/Q2501220,http://www.wikidata.org/entity/Q1128631,35.0,2011-01-01T00:00:00Z,2012-01-01T00:00:00Z
http://www.wikidata.org/entity/Q250901,http://www.wikidata.org/entity/Q1130849,66.0,2007-01-01T00:00:00Z,2009-01-01T00:00:00Z
http://www.wikidata.org/entity/Q250978,http://www.wikidata.org/entity/Q1130849,88.0,1999-01-01T00:00:00Z,2006-01-01T00:00:00Z
http://www.wikidata.org/entity/Q252190,http://www.wikidata.org/entity/Q1130849,45.0,2018-01-01T00:00:00Z,2021-08-01T00:00:00Z
http://www.wikidata.org/entity/Q2527909,http://www.wikidata.org/entity/Q1130849,2.0,2000-01-01T00:00:00Z,2003-01-01T00:00:00Z
http://www.wikidata.org/entity/Q254410,http://www.wikidata.org/entity/Q1128631,23.0,2011-01-01T00:00:00Z,2012-01-01T00:00:00Z
http://www.wikidata.org/entity/Q254410,http://www.wikidata.org/entity/Q1128631,11.0,2010-01-01T00:00:00Z,2011-01-01T00:00:00Z
http://www.wikidata.org/entity/Q2546075,http://www.wikidata.org/entity/Q1128631,6.0,2004-01-01T00:00:00Z,2004-01-01T00:00:00Z
http://www.wikidata.org/entity/Q2550998,http://www.wikidata.org/entity/Q1128631,9.0,2014-01-01T00:00:00Z,2014-01-01T00:00:00Z
http://www.wikidata.org/entity/Q2568159,http://www.wikidata.org/entity/Q1128631,4.0,2015-01-01T00:00:00Z,2015-01-01T00:00:00Z
http://www.wikidata.org/entity/Q2602881,http://www.wikidata.org/entity/Q1128631,21.0,2004-01-01T00:00:00Z,2007-01-01T00:00:00Z
http://www.wikidata.org/entity/Q2604008,http://www.wikidata.org/entity/Q1128631,58.0,2010-01-01T00:00:00Z,2013-01-01T00:00:00Z
http://www.wikidata.org/entity/Q2624547,http://www.wikidata.org/entity/Q1128631,20.0,2013-01-01T00:00:00Z,2015-01-01T00:00:00Z
http://www.wikidata.org/entity/Q26720720,http://www.wikidata.org/entity/Q1130849,0.0,2015-07-01T00:00:00Z,2017-08-31T00:00:00Z
http://www.wikidata.org/entity/Q27077869,http://www.wikidata.org/entity/Q1128631,73.0,2020-01-01T00:00:00Z,2024-01-01T00:00:00Z
http://www.wikidata.org/entity/Q4203218,http://www.wikidata.org/entity/Q19604,5.0,2013-01-01T00:00:00Z,2013-01-01T00:00:00Z
http://www.wikidata.org/entity/Q425921,http://www.wikidata.org/entity/Q19568,11.0,2007-01-01T00:00:00Z,2008-01-01T00:00:00Z
http://www.wikidata.org/entity/Q4275597,http://www.wikidata.org/entity/Q19580,8.0,2014-01-01T00:00:00Z,2014-01-01T00:00:00Z
http://www.wikidata.org/entity/Q427716,http://www.wikidata.org/entity/Q19477,19.0,2004-01-01T00:00:00Z,2005-01-01T00:00:00Z
http://www.wikidata.org/entity/Q429247,http://www.wikidata.org/entity/Q19580,35.0,2002-01-01T00:00:00Z,2004-01-01T00:00:00Z
http://www.wikidata.org/entity/Q430740,http://www.wikidata.org/entity/Q19604,44.0,2002-01-01T00:00:00Z,2003-01-01T00:00:00Z
http://www.wikidata.org/entity/Q431236,http://www.wikidata.org/entity/Q19607,28.0,2012-01-01T00:00:00Z,2013-01-01T00:00:00Z
http://www.wikidata.org/entity/Q431368,http://www.wikidata.org/entity/Q19604,11.0,2005-07-01T00:00:00Z,2010-01-01T00:00:00Z
http://www.wikidata.org/entity/Q431368,http://www.wikidata.org/entity/Q19568,8.0,2007-01-01T00:00:00Z,2007-01-01T00:00:00Z
http://www.wikidata.org/entity/Q431368,http://www.wikidata.org/entity/Q19568,107.0,2017-05-30T00:00:00Z,2021-07-01T00:00:00Z
http://www.wikidata.org/entity/Q4321372,http://www.wikidata.org/entity/Q19500,0.0,1999-01-01T00:00:00Z,1999-01-01T00:00:00Z
http://www.wikidata.org/entity/Q4328352,http://www.wikidata.org/entity/Q19607,13.0,2000-01-01T00:00:00Z,2000-01-01T00:00:00Z
http://www.wikidata.org/entity/Q4328352,http://www.wikidata.org/entity/Q19473,14.0,2003-01-01T00:00:00Z,2004-01-01T00:00:00Z
http://www.wikidata.org/entity/Q4351813,http://www.wikidata.org/entity/Q19571,2.0,2010-01-01T00:00:00Z,2011-01-01T00:00:00Z
http://www.wikidata.org/entity/Q4354550,http://www.wikidata.org/entity/Q19473,2.0,2002-01-01T00:00:00Z,2002-01-01T00:00:00Z
http://www.wikidata.org/entity/Q436237,http://www.wikidata.org/entity/Q19568,173.0,2015-05-01T00:00:00Z,2021-02-01T00:00:00Z
http://www.wikidata.org/entity/Q436237,http://www.wikidata.org/entity/Q19477,18.0,2012-01-01T00:00:00Z,2012-05-01T00:00:00Z
http://www.wikidata.org/entity/Q436518,http://www.wikidata.org/entity/Q19490,6.0,2005-01-01T00:00:00Z,2005-01-01T00:00:00Z
http://www.wikidata.org/entity/Q436650,http://www.wikidata.org/entity/Q19473,0.0,1999-01-01T00:00:00Z,1999-01-01T00:00:00Z
http://www.wikidata.org/entity/Q437322,http://www.wikidata.org/entity/Q19607,15.0,2013-01-01T00:00:00Z,2013-01-01T00:00:00Z
http://www.wikidata.org/entity/Q437322,http://www.wikidata.org/entity/Q19490,6.0,2012-01-01T00:00:00Z,2012-01-01T00:00:00Z
http://www.wikidata.org/entity/Q437673,http://www.wikidata.org/entity/Q19477,22.0,2014-01-01T00:00:00Z,2015-01-01T00:00:00Z
http://www.wikidata.org/entity/Q437993,http://www.wikidata.org/entity/Q19490,18.0,2007-01-01T00:00:00Z,2008-01-01T00:00:00Z
http://www.wikidata.org/entity/Q437993,http://www.wikidata.org/entity/Q19481,170.0,1996-01-01T00:00:00Z,2000-01-01T00:00:00Z
http://www.wikidata.org/entity/Q438025,http://www.wikidata.org/entity/Q19580,21.0,2009-01-01T00:00:00Z,2010-01-01T00:00:00Z
http://www.wikidata.org/entity/Q438025,http://www.wikidata.org/entity/Q19568,4.0,2006-01-01T00:00:00Z,2006-01-01T00:00:00Z
http://www.wikidata.org/entity/Q438025,http://www.wikidata.org/entity/Q19568,7.0,2006-01-01T00:00:00Z,2007-01-01T00:00:00Z
http://www.wikidata.org/entity/Q438051,http://www.wikidata.org/entity/Q19604,31.0,2004-01-01T00:00:00Z,2005-01-01T00:00:00Z
http://www.wikidata.org/entity/Q438854,http://www.wikidata.org/entity/Q19580,9.0,2015-01-01T00:00:00Z,2015-01-01T00:00:00Z
http://www.wikidata.org/entity/Q438854,http://www.wikidata.org/entity/Q19477,29.0,2012-01-01T00:00:00Z,2014-01-01T00:00:00Z
http://www.wikidata.org/entity/Q438854,http://www.wikidata.org/entity/Q19571,20.0,2014-01-01T00:00:00Z,2015-01-01T00:00:00Z
http://www.wikidata.org/entity/Q439302,http://www.wikidata.org/entity/Q19477,257.0,2003-01-01T00:00:00Z,2010-01-01T00:00:00Z
http://www.wikidata.org/entity/Q439309,http://www.wikidata.org/entity/Q19490,44.0,2018-07-03T00:00:00Z,2020-09-01T00:00:00Z
http://www.wikidata.org/entity/Q439309,http://www.wikidata.org/entity/Q19490,13.0,2018-01-01T00:00:00Z,2018-05-01T00:00:00Z
http://www.wikidata.org/entity/Q440584,http://www.wikidata.org/entity/Q19477,114.0,2007-01-01T00:00:00Z,2012-01-01T00:00:00Z
http://www.wikidata.org/entity/Q441702,http://www.wikidata.org/entity/Q19482,63.0,2001-01-01T00:00:00Z,2003-01-01T00:00:00Z
http://www.wikidata.org/entity/Q441702,http://www.wikidata.org/entity/Q19604,38.0,2012-01-01T00:00:00Z,2015-01-01T00:00:00Z
http://www.wikidata.org/entity/Q441702,http://www.wikidata.org/entity/Q19481,49.0,2004-01-01T00:00:00Z,2005-01-01T00:00:00Z
http://www.wikidata.org/entity/Q441702,http://www.wikidata.org/entity/Q19500,32.0,1998-01-01T00:00:00Z,1999-01-01T00:00:00Z
http://www.wikidata.org/entity/Q441708,http://www.wikidata.org/entity/Q19500,0.0,2000-01-01T00:00:00Z,2001-01-01T00:00:00Z
http://www.wikidata.org/entity/Q441752,http://www.wikidata.org/entity/Q19477,4.0,2011-01-01T00:00:00Z,2012-01-01T00:00:00Z
http://www.wikidata.org/entity/Q441752,http://www.wikidata.org/entity/Q19477,2.0,2011-01-01T00:00:00Z,2011-01-01T00:00:00Z
http://www.wikidata.org/entity/Q442472,http://www.wikidata.org/entity/Q19473,21.0,2012-01-01T00:00:00Z,2013-01-01T00:00:00Z
http://www.wikidata.org/entity/Q442472,http://www.wikidata.org/entity/Q19481,43.0,2011-01-01T00:00:00Z,2013-01-01T00:00:00Z
http://www.wikidata.org/entity/Q442472,http://www.wikidata.org/entity/Q19473,21.0,2013-01-01T00:00:00Z,2013-01-01T00:00:00Z
http://www.wikidata.org/entity/Q443691,http://www.wikidata.org/entity/Q19490,51.0,2014-01-01T00:00:00Z,2018-01-01T00:00:00Z
http://www.wikidata.org/entity/Q443691,http://www.wikidata.org/entity/Q19481,44.0,2008-01-01T00:00:00Z,2009-01-01T00:00:00Z
http://www.wikidata.org/entity/Q443691,http://www.wikidata.org/entity/Q19477,62.0,2011-01-01T00:00:00Z,2014-01-01T00:00:00Z
http://www.wikidata.org/entity/Q443691,http://www.wikidata.org/entity/Q19477,13.0,2011-01-01T00:00:00Z,2011-01-01T00:00:00Z
http://www.wikidata.org/entity/Q443691,http://www.wikidata.org/entity/Q19490,25.0,2013-01-01T00:00:00Z,2014-01-01T00:00:00Z
http://www.wikidata.org/entity/Q443691,http://www.wikidata.org/entity/Q19481,70.0,2009-01-01T00:00:00Z,2011-01-01T00:00:00Z
http://www.wikidata.org/entity/Q4460329,http://www.wikidata.org/entity/Q19604,2.0,2012-01-01T00:00:00Z,2012-01-01T00:00:00Z
http://www.wikidata.org/entity/Q4470166,http://www.wikidata.org/entity/Q19498,36.0,2017-01-01T00:00:00Z,2020-01-01T00:00:00Z
http://www.wikidata.org/entity/Q4470166,http://www.wikidata.org/entity/Q19500,0.0,2009-01-01T00:00:00Z,2013-01-01T00:00:00Z
http://www.wikidata.org/entity/Q4474780,http://www.wikidata.org/entity/Q19481,38.0,1997-01-01T00:00:00Z,2000-01-01T00:00:00Z
http://www.wikidata.org/entity/Q4474780,http://www.wikidata.org/entity/Q19607,44.0,2000-01-01T00:00:00Z,2003-01-01T00:00:00Z
http://www.wikidata.org/entity/Q4492089,http://www.wikidata.org/entity/Q19571,82.0,2012-01-01T00:00:00Z,2014-01-01T00:00:00Z
http://www.wikidata.org/entity/Q4492089,http://www.wikidata.org/entity/Q19571,7.0,2012-01-01T00:00:00Z,2012-01-01T00:00:00Z
http://www.wikidata.org/entity/Q2389622,http://www.wikidata.org/entity/Q1130849,0.0,2005-01-01T00:00:00Z,2007-01-01T00:00:00Z
http://www.wikidata.org/entity/Q239513,http://www.wikidata.org/entity/Q1128631,130.0,2000-01-01T00:00:00Z,2004-01-01T00:00:00Z
http://www.wikidata.org/entity/Q239914,http://www.wikidata.org/entity/Q1130849,145.0,2003-01-01T00:00:00Z,2008-01-01T00:00:00Z
http://www.wikidata.org/entity/Q2402742,http://www.wikidata.org/entity/Q1128631,1.0,2005-01-01T00:00:00Z,2005-01-01T00:00:00Z
http://www.wikidata.org/entity/Q2404187,http://www.wikidata.org/entity/Q1128631,6.0,2000-01-01T00:00:00Z,2003-01-01T00:00:00Z
http://www.wikidata.org/entity/Q241321,http://www.wikidata.org/entity/Q1128631,64.0,2013-01-01T00:00:00Z,2015-01-01T00:00:00Z
http://www.wikidata.org/entity/Q241321,http://www.wikidata.org/entity/Q1130849,40.0,2002-01-01T00:00:00Z,2007-01-01T00:00:00Z
http://www.wikidata.org/entity/Q241378,http://www.wikidata.org/entity/Q1130849,25.0,1997-01-01T00:00:00Z,2000-01-01T00:00:00Z
http://www.wikidata.org/entity/Q459707,http://www.wikidata.org/entity/Q19500,23.0,2022-09-01T00:00:00Z,2023-06-01T00:00:00Z
http://www.wikidata.org/entity/Q460512,http://www.wikidata.org/entity/Q19604,47.0,2003-01-01T00:00:00Z,2005-01-01T00:00:00Z
http://www.wikidata.org/entity/Q460696,http://www.wikidata.org/entity/Q19580,31.0,2005-01-01T00:00:00Z,2006-01-01T00:00:00Z
http://www.wikidata.org/entity/Q460696,http://www.wikidata.org/entity/Q19481,24.0,2007-01-01T00:00:00Z,2007-01-01T00:00:00Z
http://www.wikidata.org/entity/Q460696,http://www.wikidata.org/entity/Q19580,31.0,2005-01-01T00:00:00Z,2005-01-01T00:00:00Z
http://www.wikidata.org/entity/Q460798,http://www.wikidata.org/entity/Q19604,2.0,2003-01-01T00:00:00Z,2003-01-01T00:00:00Z
http://www.wikidata.org/entity/Q461597,http://www.wikidata.org/entity/Q19473,0.0,2001-01-01T00:00:00Z,2002-01-01T00:00:00Z
http://www.wikidata.org/entity/Q461705,http://www.wikidata.org/entity/Q19500,29.0,2005-01-01T00:00:00Z,2007-01-01T00:00:00Z
http://www.wikidata.org/entity/Q462021,http://www.wikidata.org/entity/Q19500,9.0,2009-01-01T00:00:00Z,2011-01-01T00:00:00Z
http://www.wikidata.org/entity/Q462469,http://www.wikidata.org/entity/Q19490,25.0,2011-01-01T00:00:00Z,2013-01-01T00:00:00Z
http://www.wikidata.org/entity/Q462503,http://www.wikidata.org/entity/Q19571,8.0,2010-01-01T00:00:00Z,2010-01-01T00:00:00Z
http://www.wikidata.org/entity/Q463106,http://www.wikidata.org/entity/Q19490,64.0,2006-01-01T00:00:00Z,2008-01-01T00:00:00Z
http://www.wikidata.org/entity/Q463106,http://www.wikidata.org/entity/Q19498,2.0,1997-01-01T00:00:00Z,2000-01-01T00:00:00Z
http://www.wikidata.org/entity/Q464495,http://www.wikidata.org/entity/Q19580,29.0,2006-01-01T00:00:00Z,2009-01-01T00:00:00Z
http://www.wikidata.org/entity/Q464533,http://www.wikidata.org/entity/Q19607,0.0,2006-01-01T00:00:00Z,2008-01-01T00:00:00Z
http://www.wikidata.org/entity/Q464701,http://www.wikidata.org/entity/Q19490,5.0,2011-01-01T00:00:00Z,2012-01-01T00:00:00Z
http://www.wikidata.org/entity/Q464701,http://www.wikidata.org/entity/Q19580,46.0,1998-01-01T00:00:00Z,1999-01-01T00:00:00Z
http://www.wikidata.org/entity/Q464701,http://www.wikidata.org/entity/Q19477,52.0,2008-01-01T00:00:00Z,2010-01-01T00:00:00Z
http://www.wikidata.org/entity/Q465095,http://www.wikidata.org/entity/Q19580,11.0,2000-01-01T00:00:00Z,2001-01-01T00:00:00Z
http://www.wikidata.org/entity/Q4662072,http://www.wikidata.org/entity/Q19473,15.0,2005-01-01T00:00:00Z,2008-01-01T00:00:00Z
http://www.wikidata.org/entity/Q4662250,http://www.wikidata.org/entity/Q19500,5.0,2010-01-01T00:00:00Z,2016-01-01T00:00:00Z
http://www.wikidata.org/entity/Q466685,http://www.wikidata.org/entity/Q19490,0.0,2003-01-01T00:00:00Z,2005-01-01T00:00:00Z
http://www.wikidata.org/entity/Q467034,http://www.wikidata.org/entity/Q19607,48.0,1999-01-01T00:00:00Z,2000-01-01T00:00:00Z
http://www.wikidata.org/entity/Q467034,http://www.wikidata.org/entity/Q19607,11.0,2011-01-01T00:00:00Z,2011-01-01T00:00:00Z
http://www.wikidata.org/entity/Q467034,http://www.wikidata.org/entity/Q19481,33.0,2003-01-01T00:00:00Z,2004-01-01T00:00:00Z
http://www.wikidata.org/entity/Q467034,http://www.wikidata.org/entity/Q19500,3.0,2010-08-01T00:00:00Z,2011-01-01T00:00:00Z
http://www.wikidata.org/entity/Q467809,http://www.wikidata.org/entity/Q19477,2.0,2013-01-01T00:00:00Z,2014-01-01T00:00:00Z
http://www.wikidata.org/entity/Q467809,http://www.wikidata.org/entity/Q19477,12.0,2013-01-01T00:00:00Z,2013-01-01T00:00:00Z
http://www.wikidata.org/entity/Q4678758,http://www.wikidata.org/entity/Q19477,20.0,1998-01-01T00:00:00Z,2000-01-01T00:00:00Z
http://www.wikidata.org/entity/Q4678758,http://www.wikidata.org/entity/Q19498,13.0,2008-01-01T00:00:00Z,2008-01-01T00:00:00Z
http://www.wikidata.org/entity/Q4678840,http://www.wikidata.org/entity/Q19498,11.0,2004-01-01T00:00:00Z,2004-01-01T00:00:00Z
http://www.wikidata.org/entity/Q4678843,http://www.wikidata.org/entity/Q19607,0.0,2007-01-01T00:00:00Z,2009-01-01T00:00:00Z
http://www.wikidata.org/entity/Q4679146,http://www.wikidata.org/entity/Q19568,3.0,2005-01-01T00:00:00Z,2005-01-01T00:00:00Z
http://www.wikidata.org/entity/Q4679146,http://www.wikidata.org/entity/Q19498,3.0,2005-01-01T00:00:00Z,2005-01-01T00:00:00Z
http://www.wikidata.org/entity/Q4679549,http://www.wikidata.org/entity/Q19490,4.0,2008-01-01T00:00:00Z,2009-01-01T00:00:00Z
http://www.wikidata.org/entity/Q4679557,http://www.wikidata.org/entity/Q19482,56.0,2001-01-01T00:00:00Z,2004-01-01T00:00:00Z
http://www.wikidata.org/entity/Q4679557,http://www.wikidata.org/entity/Q19490,5.0,2004-01-01T00:00:00Z,2005-01-01T00:00:00Z
http://www.wikidata.org/entity/Q4679627,http://www.wikidata.org/entity/Q19498,5.0,2002-01-01T00:00:00Z,2003-01-01T00:00:00Z
http://www.wikidata.org/entity/Q4679627,http://www.wikidata.org/entity/Q19490,3.0,2002-01-01T00:00:00Z,2002-01-01T00:00:00Z
http://www.wikidata.org/entity/Q4679627,http://www.wikidata.org/entity/Q19498,50.0,2003-01-01T00:00:00Z,2006-01-01T00:00:00Z
http://www.wikidata.org/entity/Q4679627,http://www.wikidata.org/entity/Q19500,71.0,1998-01-01T00:00:00Z,2003-01-01T00:00:00Z
http://www.wikidata.org/entity/Q4679652,http://www.wikidata.org/entity/Q19604,10.0,2013-01-01T00:00:00Z,2013-01-01T00:00:00Z
http://www.wikidata.org/entity/Q4679652,http://www.wikidata.org/entity/Q19571,11.0,2011-01-01T00:00:00Z,2011-01-01T00:00:00Z
http://www.wikidata.org/entity/Q4679932,http://www.wikidata.org/entity/Q19580,2.0,2008-01-01T00:00:00Z,2010-01-01T00:00:00Z
http://www.wikidata.org/entity/Q4680997,http://www.wikidata.org/entity/Q19481,0.0,2007-01-01T00:00:00Z,2007-01-01T00:00:00Z
http://www.wikidata.org/entity/Q4680997,http://www.wikidata.org/entity/Q19604,0.0,2008-01-01T00:00:00Z,2008-01-01T00:00:00Z
http://www.wikidata.org/entity/Q4681483,http://www.wikidata.org/entity/Q19498,2.0,2014-01-01T00:00:00Z,2014-01-01T00:00:00Z
http://www.wikidata.org/entity/Q4682143,http://www.wikidata.org/entity/Q19571,6.0,2005-01-01T00:00:00Z,2006-01-01T00:00:00Z
http://www.wikidata.org/entity/Q4682624,http://www.wikidata.org/entity/Q19481,0.0,2008-01-01T00:00:00Z,2011-01-01T00:00:00Z
http://www.wikidata.org/entity/Q4685184,http://www.wikidata.org/entity/Q19607,3.0,2001-01-01T00:00:00Z,2003-01-01T00:00:00Z
http://www.wikidata.org/entity/Q4685268,http://www.wikidata.org/entity/Q19571,11.0,2007-01-01T00:00:00Z,2007-01-01T00:00:00Z
http://www.wikidata.org/entity/Q4685427,http://www.wikidata.org/entity/Q19604,134.0,1996-01-01T00:00:00Z,2001-01-01T00:00:00Z
http://www.wikidata.org/entity/Q172211,http://www.wikidata.org/entity/Q1130849,508.0,1996-01-01T00:00:00Z,2013-01-01T00:00:00Z
http://www.wikidata.org/entity/Q17612716,http://www.wikidata.org/entity/Q1130849,0.0,2014-01-01T00:00:00Z,2015-01-01T00:00:00Z
http://www.wikidata.org/entity/Q6204329,http://www.wikidata.org/entity/Q19568,44.0,2007-01-01T00:00:00Z,2008-01-01T00:00:00Z
http://www.wikidata.org/entity/Q6204329,http://www.wikidata.org/entity/Q19571,39.0,2006-01-01T00:00:00Z,2007-01-01T00:00:00Z
http://www.wikidata.org/entity/Q6209400,http://www.wikidata.org/entity/Q19481,0.0,2014-01-01T00:00:00Z,2016-01-01T00:00:00Z
http://www.wikidata.org/entity/Q6210175,http://www.wikidata.org/entity/Q19481,12.0,2005-01-01T00:00:00Z,2006-01-01T00:00:00Z
http://www.wikidata.org/entity/Q6210257,http://www.wikidata.org/entity/Q19490,10.0,2007-01-01T00:00:00Z,2010-01-01T00:00:00Z
http://www.wikidata.org/entity/Q6217342,http://www.wikidata.org/entity/Q19607,9.0,2009-01-01T00:00:00Z,2009-01-01T00:00:00Z
http://www.wikidata.org/entity/Q6218977,http://www.wikidata.org/entity/Q19477,43.0,2002-01-01T00:00:00Z,2003-01-01T00:00:00Z
http://www.wikidata.org/entity/Q6220274,http://www.wikidata.org/entity/Q19568,137.0,1995-01-01T00:00:00Z,2000-01-01T00:00:00Z
http://www.wikidata.org/entity/Q6256936,http://www.wikidata.org/entity/Q19477,25.0,1999-01-01T00:00:00Z,2000-01-01T00:00:00Z
http://www.wikidata.org/entity/Q6258664,http://www.wikidata.org/entity/Q19568,29.0,2004-01-01T00:00:00Z,2005-01-01T00:00:00Z
http://www.wikidata.org/entity/Q6258664,http://www.wikidata.org/entity/Q19568,14.0,2004-01-01T00:00:00Z,2004-01-01T00:00:00Z
http://www.wikidata.org/entity/Q6259614,http://www.wikidata.org/entity/Q19604,6.0,2013-01-01T00:00:00Z,2014-01-01T00:00:00Z
http://www.wikidata.org/entity/Q6260652,http://www.wikidata.org/entity/Q19490,129.0,2001-01-01T00:00:00Z,2007-01-01T00:00:00Z
http://www.wikidata.org/entity/Q6288910,http://www.wikidata.org/entity/Q19568,83.0,2005-01-01T00:00:00Z,2008-01-01T00:00:00Z
http://www.wikidata.org/entity/Q6289091,http://www.wikidata.org/entity/Q19571,0.0,2004-01-01T00:00:00Z,2005-01-01T00:00:00Z
http://www.wikidata.org/entity/Q6289116,http://www.wikidata.org/entity/Q19481,16.0,2006-01-01T00:00:00Z,2007-01-01T00:00:00Z
http://www.wikidata.org/entity/Q6289320,http://www.wikidata.org/entity/Q19580,1.0,2011-01-01T00:00:00Z,2013-01-01T00:00:00Z
http://www.wikidata.org/entity/Q6299508,http://www.wikidata.org/entity/Q19498,9.0,1998-01-01T00:00:00Z,1999-01-01T00:00:00Z
http://www.wikidata.org/entity/Q6307291,http://www.wikidata.org/entity/Q19580,56.0,2001-01-01T00:00:00Z,2004-01-01T00:00:00Z
http://www.wikidata.org/entity/Q19841320,http://www.wikidata.org/entity/Q19490,5.0,2018-01-01T00:00:00Z,
http://www.wikidata.org/entity/Q19841320,http://www.wikidata.org/entity/Q19500,7.0,2018-01-01T00:00:00Z,
http://www.wikidata.org/entity/Q30134278,http://www.wikidata.org/entity/Q1130849,97.0,2023-07-02T00:00:00Z,
http://www.wikidata.org/entity/Q19655042,http://www.wikidata.org/entity/Q19477,0.0,2014-01-01T00:00:00Z,2015-01-01T00:00:00Z
http://www.wikidata.org/entity/Q19664676,http://www.wikidata.org/entity/Q19490,22.0,2015-01-01T00:00:00Z,2016-01-01T00:00:00Z
http://www.wikidata.org/entity/Q19665907,http://www.wikidata.org/entity/Q19571,150.0,2019-01-01T00:00:00Z,2024-01-01T00:00:00Z
http://www.wikidata.org/entity/Q19666353,http://www.wikidata.org/entity/Q19498,0.0,2014-01-01T00:00:00Z,2015-01-01T00:00:00Z
http://www.wikidata.org/entity/Q19822751,http://www.wikidata.org/entity/Q19477,11.0,2025-01-23T00:00:00Z,2025-01-01T00:00:00Z
http://www.wikidata.org/entity/Q19956709,http://www.wikidata.org/entity/Q19607,11.0,2014-01-01T00:00:00Z,2016-01-01T00:00:00Z
http://www.wikidata.org/entity/Q19973677,http://www.wikidata.org/entity/Q19490,22.0,2016-07-01T00:00:00Z,2017-06-01T00:00:00Z
http://www.wikidata.org/entity/Q20023132,http://www.wikidata.org/entity/Q19481,0.0,2011-01-01T00:00:00Z,2015-01-01T00:00:00Z
http://www.wikidata.org/entity/Q2035891,http://www.wikidata.org/entity/Q19498,4.0,2000-01-01T00:00:00Z,2001-01-01T00:00:00Z
http://www.wikidata.org/entity/Q204272,http://www.wikidata.org/entity/Q19607,6.0,2010-01-01T00:00:00Z,2010-01-01T00:00:00Z
http://www.wikidata.org/entity/Q204272,http://www.wikidata.org/entity/Q19607,2.0,2009-01-01T00:00:00Z,2009-01-01T00:00:00Z
http://www.wikidata.org/entity/Q2051954,http://www.wikidata.org/entity/Q19477,47.0,1999-01-01T00:00:00Z,2001-01-01T00:00:00Z
http://www.wikidata.org/entity/Q2053535,http://www.wikidata.org/entity/Q19500,21.0,1995-01-01T00:00:00Z,1999-01-01T00:00:00Z
http://www.wikidata.org/entity/Q2059152,http://www.wikidata.org/entity/Q19571,11.0,2008-01-01T00:00:00Z,2008-01-01T00:00:00Z
http://www.wikidata.org/entity/Q2059152,http://www.wikidata.org/entity/Q19571,13.0,2009-01-01T00:00:00Z,2010-01-01T00:00:00Z
http://www.wikidata.org/entity/Q2059152,http://www.wikidata.org/entity/Q19571,44.0,2008-01-01T00:00:00Z,2009-01-01T00:00:00Z
http://www.wikidata.org/entity/Q2066985,http://www.wikidata.org/entity/Q19490,10.0,2015-01-01T00:00:00Z,2016-01-01T00:00:00Z
http://www.wikidata.org/entity/Q2067092,http://www.wikidata.org/entity/Q19500,100.0,2004-07-01T00:00:00Z,2008-01-01T00:00:00Z
http://www.wikidata.org/entity/Q2067337,http://www.wikidata.org/entity/Q19607,17.0,2011-01-01T00:00:00Z,2011-05-01T00:00:00Z
http://www.wikidata.org/entity/Q2067451,http://www.wikidata.org/entity/Q19498,13.0,2003-01-01T00:00:00Z,2005-01-01T00:00:00Z
http://www.wikidata.org/entity/Q2069412,http://www.wikidata.org/entity/Q19473,50.0,2014-01-01T00:00:00Z,2015-01-01T00:00:00Z
http://www.wikidata.org/entity/Q2073239,http://www.wikidata.org/entity/Q19604,3.0,1999-01-01T00:00:00Z,1999-01-01T00:00:00Z
http://www.wikidata.org/entity/Q2073239,http://www.wikidata.org/entity/Q19571,35.0,2008-01-01T00:00:00Z,2009-01-01T00:00:00Z
http://www.wikidata.org/entity/Q2073832,http://www.wikidata.org/entity/Q19473,85.0,2012-01-01T00:00:00Z,2015-01-01T00:00:00Z
http://www.wikidata.org/entity/Q207464,http://www.wikidata.org/entity/Q19498,18.0,2014-01-01T00:00:00Z,2014-01-01T00:00:00Z
http://www.wikidata.org/entity/Q207800,http://www.wikidata.org/entity/Q19568,79.0,2015-01-01T00:00:00Z,2020-01-01T00:00:00Z
http://www.wikidata.org/entity/Q207800,http://www.wikidata.org/entity/Q19568,37.0,2014-01-01T00:00:00Z,2015-01-01T00:00:00Z
http://www.wikidata.org/entity/Q2079053,http://www.wikidata.org/entity/Q19604,198.0,2000-01-01T00:00:00Z,2009-01-01T00:00:00Z
http://www.wikidata.org/entity/Q2080115,http://www.wikidata.org/entity/Q19473,5.0,2016-02-01T00:00:00Z,2016-03-01T00:00:00Z
http://www.wikidata.org/entity/Q2080115,http://www.wikidata.org/entity/Q19473,5.0,2016-01-01T00:00:00Z,2016-01-01T00:00:00Z
http://www.wikidata.org/entity/Q2080666,http://www.wikidata.org/entity/Q19477,33.0,2011-01-01T00:00:00Z,2015-01-01T00:00:00Z
http://www.wikidata.org/entity/Q2080859,http://www.wikidata.org/entity/Q19571,5.0,2008-01-01T00:00:00Z,2008-01-01T00:00:00Z
http://www.wikidata.org/entity/Q2081418,http://www.wikidata.org/entity/Q19481,31.0,2009-01-01T00:00:00Z,2011-01-01T00:00:00Z
http://www.wikidata.org/entity/Q2081532,http://www.wikidata.org/entity/Q19481,51.0,2004-01-01T00:00:00Z,2005-01-01T00:00:00Z
http://www.wikidata.org/entity/Q208550,http://www.wikidata.org/entity/Q19604,12.0,2001-01-01T00:00:00Z,2003-01-01T00:00:00Z
http://www.wikidata.org/entity/Q208619,http://www.wikidata.org/entity/Q19477,28.0,2009-01-01T00:00:00Z,2010-01-01T00:00:00Z
http://www.wikidata.org/entity/Q208673,http://www.wikidata.org/entity/Q19490,3.0,2016-03-11T00:00:00Z,2016-05-31T00:00:00Z
http://www.wikidata.org/entity/Q208700,http://www.wikidata.org/entity/Q19498,13.0,2016-02-01T00:00:00Z,2016-05-01T00:00:00Z
http://www.wikidata.org/entity/Q208933,http://www.wikidata.org/entity/Q19607,254.0,2000-01-01T00:00:00Z,2007-01-01T00:00:00Z
http://www.wikidata.org/entity/Q208933,http://www.wikidata.org/entity/Q19607,16.0,2019-01-01T00:00:00Z,2021-01-01T00:00:00Z
http://www.wikidata.org/entity/Q2092347,http://www.wikidata.org/entity/Q19580,16.0,2016-01-01T00:00:00Z,2017-07-01T00:00:00Z
http://www.wikidata.org/entity/Q210056,http://www.wikidata.org/entity/Q19498,61.0,1997-01-01T00:00:00Z,1999-01-01T00:00:00Z
http://www.wikidata.org/entity/Q210755,http://www.wikidata.org/entity/Q19473,9.0,2007-01-01T00:00:00Z,2007-01-01T00:00:00Z
http://www.wikidata.org/entity/Q210755,http://www.wikidata.org/entity/Q19473,21.0,2021-01-01T00:00:00Z,2021-06-01T00:00:00Z
http://www.wikidata.org/entity/Q210755,http://www.wikidata.org/entity/Q19580,91.0,2010-01-01T00:00:00Z,2012-01-01T00:00:00Z
http://www.wikidata.org/entity/Q21484766,http://www.wikidata.org/entity/Q19481,26.0,2021-01-01T00:00:00Z,2022-01-01T00:00:00Z
http://www.wikidata.org/entity/Q21540971,http://www.wikidata.org/entity/Q19500,2.0,2018-01-01T00:00:00Z,2021-01-01T00:00:00Z
http://www.wikidata.org/entity/Q21540971,http://www.wikidata.org/entity/Q19490,11.0,2019-01-01T00:00:00Z,2020-01-01T00:00:00Z
http://www.wikidata.org/entity/Q52724529,http://www.wikidata.org/entity/Q1128631,2.0,2017-01-01T00:00:00Z,2022-01-01T00:00:00Z
http://www.wikidata.org/entity/Q53280628,http://www.wikidata.org/entity/Q1130849,9.0,2021-02-01T00:00:00Z,2021-06-01T00:00:00Z
http://www.wikidata.org/entity/Q541603,http://www.wikidata.org/entity/Q1128631,202.0,1991-01-01T00:00:00Z,1999-01-01T00:00:00Z
http://www.wikidata.org/entity/Q550590,http://www.wikidata.org/entity/Q1130849,0.0,2011-01-01T00:00:00Z,2014-01-01T00:00:00Z
http://www.wikidata.org/entity/Q5522835,http://www.wikidata.org/entity/Q1128631,1.0,1998-01-01T00:00:00Z,2001-01-01T00:00:00Z
http://www.wikidata.org/entity/Q553373,http://www.wikidata.org/entity/Q1128631,49.0,2009-01-01T00:00:00Z,2013-01-01T00:00:00Z
http://www.wikidata.org/entity/Q30301454,http://www.wikidata.org/entity/Q1130849,118.0,2021-07-01T00:00:00Z,2026-06-30T00:00:00Z
http://www.wikidata.org/entity/Q3162913,http://www.wikidata.org/entity/Q1128631,17.0,2009-01-01T00:00:00Z,2011-01-01T00:00:00Z
http://www.wikidata.org/entity/Q3163157,http://www.wikidata.org/entity/Q1130849,19.0,2014-08-06T00:00:00Z,2015-07-09T00:00:00Z
http://www.wikidata.org/entity/Q317317,http://www.wikidata.org/entity/Q1128631,101.0,1999-01-01T00:00:00Z,2004-01-01T00:00:00Z
http://www.wikidata.org/entity/Q318905,http://www.wikidata.org/entity/Q1130849,0.0,2007-01-01T00:00:00Z,2010-01-01T00:00:00Z
http://www.wikidata.org/entity/Q3195788,http://www.wikidata.org/entity/Q1128631,0.0,2005-01-01T00:00:00Z,2005-01-01T00:00:00Z
http://www.wikidata.org/entity/Q3206955,http://www.wikidata.org/entity/Q1128631,25.0,2004-01-01T00:00:00Z,2006-01-01T00:00:00Z
http://www.wikidata.org/entity/Q3216484,http://www.wikidata.org/entity/Q19571,0.0,2000-01-01T00:00:00Z,2000-01-01T00:00:00Z
http://www.wikidata.org/entity/Q3219152,http://www.wikidata.org/entity/Q19607,69.0,2000-01-01T00:00:00Z,2002-01-01T00:00:00Z
http://www.wikidata.org/entity/Q3228763,http://www.wikidata.org/entity/Q19607,25.0,2011-01-01T00:00:00Z,2013-01-01T00:00:00Z
http://www.wikidata.org/entity/Q3228832,http://www.wikidata.org/entity/Q19473,4.0,2002-01-01T00:00:00Z,2002-01-01T00:00:00Z
http://www.wikidata.org/entity/Q3229146,http://www.wikidata.org/entity/Q19482,1.0,2000-01-01T00:00:00Z,2002-01-01T00:00:00Z
http://www.wikidata.org/entity/Q3229644,http://www.wikidata.org/entity/Q19473,31.0,2001-01-01T00:00:00Z,2002-01-01T00:00:00Z
http://www.wikidata.org/entity/Q3229644,http://www.wikidata.org/entity/Q19498,24.0,2002-01-01T00:00:00Z,2003-01-01T00:00:00Z
http://www.wikidata.org/entity/Q323046,http://www.wikidata.org/entity/Q19571,9.0,2011-01-01T00:00:00Z,2011-01-01T00:00:00Z
http://www.wikidata.org/entity/Q323046,http://www.wikidata.org/entity/Q19481,150.0,2010-01-01T00:00:00Z,2017-01-01T00:00:00Z
http://www.wikidata.org/entity/Q323296,http://www.wikidata.org/entity/Q19571,16.0,2011-01-01T00:00:00Z,2012-01-01T00:00:00Z
http://www.wikidata.org/entity/Q3237644,http://www.wikidata.org/entity/Q19473,13.0,2008-01-01T00:00:00Z,2008-01-01T00:00:00Z
http://www.wikidata.org/entity/Q3237644,http://www.wikidata.org/entity/Q1128631,8.0,2009-01-01T00:00:00Z,2009-01-01T00:00:00Z
http://www.wikidata.org/entity/Q326181,http://www.wikidata.org/entity/Q19490,2.0,2011-01-01T00:00:00Z,2012-01-01T00:00:00Z
http://www.wikidata.org/entity/Q326240,http://www.wikidata.org/entity/Q19498,13.0,2012-01-01T00:00:00Z,2012-01-01T00:00:00Z
http://www.wikidata.org/entity/Q326240,http://www.wikidata.org/entity/Q1128631,4.0,2013-01-01T00:00:00Z,2013-01-01T00:00:00Z
http://www.wikidata.org/entity/Q326293,http://www.wikidata.org/entity/Q19500,177.0,2008-01-01T00:00:00Z,2013-01-01T00:00:00Z
http://www.wikidata.org/entity/Q326365,http://www.wikidata.org/entity/Q19481,93.0,2012-01-01T00:00:00Z,2015-01-01T00:00:00Z
http://www.wikidata.org/entity/Q326397,http://www.wikidata.org/entity/Q19473,124.0,2009-01-01T00:00:00Z,2012-01-01T00:00:00Z
http://www.wikidata.org/entity/Q326397,http://www.wikidata.org/entity/Q19571,14.0,2009-01-01T00:00:00Z,2009-01-01T00:00:00Z
http://www.wikidata.org/entity/Q326438,http://www.wikidata.org/entity/Q19580,13.0,2006-01-01T00:00:00Z,2006-01-01T00:00:00Z
http://www.wikidata.org/entity/Q326438,http://www.wikidata.org/entity/Q19481,17.0,2001-01-01T00:00:00Z,2002-01-01T00:00:00Z
http://www.wikidata.org/entity/Q326502,http://www.wikidata.org/entity/Q19604,18.0,2011-01-01T00:00:00Z,2012-01-01T00:00:00Z
http://www.wikidata.org/entity/Q326502,http://www.wikidata.org/entity/Q19604,70.0,2006-01-01T00:00:00Z,2008-01-01T00:00:00Z
http://www.wikidata.org/entity/Q3266160,http://www.wikidata.org/entity/Q19500,72.0,1999-01-01T00:00:00Z,2003-01-01T00:00:00Z
http://www.wikidata.org/entity/Q3266160,http://www.wikidata.org/entity/Q19500,6.0,1999-01-01T00:00:00Z,1999-01-01T00:00:00Z
http://www.wikidata.org/entity/Q3266302,http://www.wikidata.org/entity/Q19607,206.0,2005-01-01T00:00:00Z,2012-01-01T00:00:00Z
http://www.wikidata.org/entity/Q3266302,http://www.wikidata.org/entity/Q19477,85.0,2012-01-01T00:00:00Z,2015-01-01T00:00:00Z
http://www.wikidata.org/entity/Q3266455,http://www.wikidata.org/entity/Q19481,1.0,2007-01-01T00:00:00Z,2007-01-01T00:00:00Z
http://www.wikidata.org/entity/Q3268856,http://www.wikidata.org/entity/Q19580,29.0,2007-01-01T00:00:00Z,2009-01-01T00:00:00Z
http://www.wikidata.org/entity/Q3275904,http://www.wikidata.org/entity/Q19498,11.0,2013-01-01T00:00:00Z,2014-01-01T00:00:00Z
http://www.wikidata.org/entity/Q3275904,http://www.wikidata.org/entity/Q19500,13.0,2015-08-10T00:00:00Z,2016-06-30T00:00:00Z
http://www.wikidata.org/entity/Q328479,http://www.wikidata.org/entity/Q19607,63.0,2009-01-01T00:00:00Z,2011-01-01T00:00:00Z
http://www.wikidata.org/entity/Q3284864,http://www.wikidata.org/entity/Q19607,0.0,2007-01-01T00:00:00Z,2008-01-01T00:00:00Z
http://www.wikidata.org/entity/Q3288442,http://www.wikidata.org/entity/Q19571,42.0,2007-01-01T00:00:00Z,2008-01-01T00:00:00Z
http://www.wikidata.org/entity/Q328967,http://www.wikidata.org/entity/Q19604,2.0,1999-01-01T00:00:00Z,1999-01-01T00:00:00Z
http://www.wikidata.org/entity/Q3290215,http://www.wikidata.org/entity/Q19568,2.0,2013-01-01T00:00:00Z,2013-01-01T00:00:00Z
http://www.wikidata.org/entity/Q3290306,http://www.wikidata.org/entity/Q19607,28.0,2012-01-01T00:00:00Z,2014-01-01T00:00:00Z
http://www.wikidata.org/entity/Q3290306,http://www.wikidata.org/entity/Q19607,11.0,2011-01-01T00:00:00Z,2011-01-01T00:00:00Z
http://www.wikidata.org/entity/Q3294014,http://www.wikidata.org/entity/Q19498,5.0,2003-01-01T00:00:00Z,2004-01-01T00:00:00Z
http://www.wikidata.org/entity/Q3294014,http://www.wikidata.org/entity/Q19604,24.0,2001-01-01T00:00:00Z,2005-01-01T00:00:00Z
http://www.wikidata.org/entity/Q329501,http://www.wikidata.org/entity/Q19604,18.0,2009-01-01T00:00:00Z,2010-01-01T00:00:00Z
http://www.wikidata.org/entity/Q329901,http://www.wikidata.org/entity/Q1130849,37.0,1997-01-01T00:00:00Z,1999-01-01T00:00:00Z
http://www.wikidata.org/entity/Q3299493,http://www.wikidata.org/entity/Q1128631,23.0,1997-01-01T00:00:00Z,2000-01-01T00:00:00Z
http://www.wikidata.org/entity/Q3299493,http://www.wikidata.org/entity/Q19481,27.0,2000-01-01T00:00:00Z,2004-01-01T00:00:00Z
http://www.wikidata.org/entity/Q3302447,http://www.wikidata.org/entity/Q19568,89.0,1998-01-01T00:00:00Z,2000-01-01T00:00:00Z
http://www.wikidata.org/entity/Q330487,http://www.wikidata.org/entity/Q19571,74.0,2000-01-01T00:00:00Z,2003-01-01T00:00:00Z
http://www.wikidata.org/entity/Q3311803,http://www.wikidata.org/entity/Q19568,13.0,2000-01-01T00:00:00Z,2002-01-01T00:00:00Z
http://www.wikidata.org/entity/Q331356,http://www.wikidata.org/entity/Q19604,0.0,2004-01-01T00:00:00Z,2005-01-01T00:00:00Z
http://www.wikidata.org/entity/Q331356,http://www.wikidata.org/entity/Q19604,0.0,2005-01-01T00:00:00Z,2007-01-01T00:00:00Z
http://www.wikidata.org/entity/Q331904,http://www.wikidata.org/entity/Q19607,10.0,1998-01-01T00:00:00Z,1999-01-01T00:00:00Z
http://www.wikidata.org/entity/Q331926,http://www.wikidata.org/entity/Q19477,7.0,2019-01-01T00:00:00Z,2019-01-01T00:00:00Z
http://www.wikidata.org/entity/Q331926,http://www.wikidata.org/entity/Q19568,5.0,2002-01-01T00:00:00Z,2002-01-01T00:00:00Z
http://www.wikidata.org/entity/Q331984,http://www.wikidata.org/entity/Q19481,52.0,2010-01-01T00:00:00Z,2012-01-01T00:00:00Z
http://www.wikidata.org/entity/Q3328930,http://www.wikidata.org/entity/Q19604,23.0,2012-01-01T00:00:00Z,2013-01-01T00:00:00Z
http://www.wikidata.org/entity/Q334564,http://www.wikidata.org/entity/Q19607,0.0,2008-01-01T00:00:00Z,2008-01-01T00:00:00Z
http://www.wikidata.org/entity/Q334576,http://www.wikidata.org/entity/Q19500,222.0,2007-01-01T00:00:00Z,2014-01-01T00:00:00Z
http://www.wikidata.org/entity/Q334628,http://www.wikidata.org/entity/Q19580,36.0,2002-07-01T00:00:00Z,2003-01-01T00:00:00Z
http://www.wikidata.org/entity/Q3391399,http://www.wikidata.org/entity/Q19571,47.0,2014-01-01T00:00:00Z,2017-01-01T00:00:00Z
http://www.wikidata.org/entity/Q3394532,http://www.wikidata.org/entity/Q19571,4.0,2013-01-01T00:00:00Z,2013-01-01T00:00:00Z
http://www.wikidata.org/entity/Q19518278,http://www.wikidata.org/entity/Q19500,67.0,2018-01-01T00:00:00Z,2020-01-01T00:00:00Z
http://www.wikidata.org/entity/Q19560133,http://www.wikidata.org/entity/Q19473,2.0,2015-01-01T00:00:00Z,2017-01-01T00:00:00Z
http://www.wikidata.org/entity/Q19560133,http://www.wikidata.org/entity/Q19473,16.0,2022-01-01T00:00:00Z,2023-01-01T00:00:00Z
http://www.wikidata.org/entity/Q19612578,http://www.wikidata.org/entity/Q19481,98.0,2018-01-01T00:00:00Z,2023-06-30T00:00:00Z
http://www.wikidata.org/entity/Q19613570,http://www.wikidata.org/entity/Q19481,9.0,2020-09-20T00:00:00Z,2021-06-30T00:00:00Z
http://www.wikidata.org/entity/Q19841320,http://www.wikidata.org/entity/Q19500,43.0,2017-01-01T00:00:00Z,2018-01-01T00:00:00Z
http://www.wikidata.org/entity/Q201794,http://www.wikidata.org/entity/Q19500,16.0,2006-01-01T00:00:00Z,2007-01-01T00:00:00Z
http://www.wikidata.org/entity/Q201837,http://www.wikidata.org/entity/Q19481,5.0,2014-01-01T00:00:00Z,2015-01-01T00:00:00Z
http://www.wikidata.org/entity/Q201837,http://www.wikidata.org/entity/Q19490,1.0,2000-01-01T00:00:00Z,2000-01-01T00:00:00Z
http://www.wikidata.org/entity/Q201885,http://www.wikidata.org/entity/Q19604,1.0,2009-02-01T00:00:00Z,2009-06-30T00:00:00Z
http://www.wikidata.org/entity/Q202153,http://www.wikidata.org/entity/Q19607,37.0,2008-01-01T00:00:00Z,2010-01-01T00:00:00Z
http://www.wikidata.org/entity/Q202410,http://www.wikidata.org/entity/Q19604,67.0,2003-07-01T00:00:00Z,2005-01-01T00:00:00Z
http://www.wikidata.org/entity/Q202410,http://www.wikidata.org/entity/Q19481,20.0,2011-01-01T00:00:00Z,2011-06-01T00:00:00Z
http://www.wikidata.org/entity/Q202410,http://www.wikidata.org/entity/Q19604,14.0,2003-01-01T00:00:00Z,2003-06-01T00:00:00Z
http://www.wikidata.org/entity/Q2028415,http://www.wikidata.org/entity/Q19607,6.0,2003-01-01T00:00:00Z,2004-01-01T00:00:00Z
http://www.wikidata.org/entity/Q2035891,http://www.wikidata.org/entity/Q19498,13.0,2000-01-01T00:00:00Z,2000-01-01T00:00:00Z
http://www.wikidata.org/entity/Q2035891,http://www.wikidata.org/entity/Q19498,23.0,2003-01-01T00:00:00Z,2004-01-01T00:00:00Z
http://www.wikidata.org/entity/Q2036232,http://www.wikidata.org/entity/Q19481,34.0,2005-01-01T00:00:00Z,2007-01-01T00:00:00Z
http://www.wikidata.org/entity/Q5528264,http://www.wikidata.org/entity/Q1128631,0.0,2005-01-01T00:00:00Z,2008-01-01T00:00:00Z
http://www.wikidata.org/entity/Q554336,http://www.wikidata.org/entity/Q1128631,0.0,2010-01-01T00:00:00Z,2010-01-01T00:00:00Z
http://www.wikidata.org/entity/Q555292,http://www.wikidata.org/entity/Q1128631,12.0,2005-01-01T00:00:00Z,2006-01-01T00:00:00Z
http://www.wikidata.org/entity/Q556169,http://www.wikidata.org/entity/Q1128631,4.0,2010-01-01T00:00:00Z,2010-01-01T00:00:00Z
http://www.wikidata.org/entity/Q5134645,http://www.wikidata.org/entity/Q19568,101.0,1973-01-01T00:00:00Z,
http://www.wikidata.org/entity/Q2351910,http://www.wikidata.org/entity/Q1128631,3.0,2009-01-01T00:00:00Z,2010-01-01T00:00:00Z
http://www.wikidata.org/entity/Q2351918,http://www.wikidata.org/entity/Q1128631,116.0,2007-01-01T00:00:00Z,2010-01-01T00:00:00Z
http://www.wikidata.org/entity/Q2351991,http://www.wikidata.org/entity/Q1128631,67.0,2007-01-01T00:00:00Z,2010-01-01T00:00:00Z
http://www.wikidata.org/entity/Q2358684,http://www.wikidata.org/entity/Q1128631,0.0,1998-01-01T00:00:00Z,2001-01-01T00:00:00Z
http://www.wikidata.org/entity/Q2361704,http://www.wikidata.org/entity/Q1128631,95.0,2004-01-01T00:00:00Z,2007-01-01T00:00:00Z
http://www.wikidata.org/entity/Q4696669,http://www.wikidata.org/entity/Q19473,1.0,2009-01-01T00:00:00Z,2012-01-01T00:00:00Z
http://www.wikidata.org/entity/Q4696681,http://www.wikidata.org/entity/Q19607,2.0,1999-01-01T00:00:00Z,2000-01-01T00:00:00Z
http://www.wikidata.org/entity/Q4696681,http://www.wikidata.org/entity/Q19477,0.0,2010-01-01T00:00:00Z,2011-01-01T00:00:00Z
http://www.wikidata.org/entity/Q470340,http://www.wikidata.org/entity/Q19500,41.0,2011-01-01T00:00:00Z,2014-01-01T00:00:00Z
http://www.wikidata.org/entity/Q470340,http://www.wikidata.org/entity/Q19500,14.0,2011-01-01T00:00:00Z,2011-01-01T00:00:00Z
http://www.wikidata.org/entity/Q470340,http://www.wikidata.org/entity/Q19604,26.0,2009-01-01T00:00:00Z,2010-01-01T00:00:00Z
http://www.wikidata.org/entity/Q4706347,http://www.wikidata.org/entity/Q19498,0.0,2000-01-01T00:00:00Z,2002-01-01T00:00:00Z
http://www.wikidata.org/entity/Q4706403,http://www.wikidata.org/entity/Q19568,50.0,2008-01-01T00:00:00Z,2010-01-01T00:00:00Z
http://www.wikidata.org/entity/Q4706403,http://www.wikidata.org/entity/Q19571,44.0,2007-01-01T00:00:00Z,2008-01-01T00:00:00Z
http://www.wikidata.org/entity/Q4706403,http://www.wikidata.org/entity/Q19568,54.0,2002-01-01T00:00:00Z,2005-01-01T00:00:00Z
http://www.wikidata.org/entity/Q4706611,http://www.wikidata.org/entity/Q19481,0.0,1999-01-01T00:00:00Z,1999-01-01T00:00:00Z
http://www.wikidata.org/entity/Q4706611,http://www.wikidata.org/entity/Q19607,3.0,2003-01-01T00:00:00Z,2004-01-01T00:00:00Z
http://www.wikidata.org/entity/Q4706611,http://www.wikidata.org/entity/Q19477,20.0,2003-01-01T00:00:00Z,2004-01-01T00:00:00Z
http://www.wikidata.org/entity/Q470727,http://www.wikidata.org/entity/Q19498,11.0,2012-01-01T00:00:00Z,2014-01-01T00:00:00Z
http://www.wikidata.org/entity/Q470727,http://www.wikidata.org/entity/Q19571,5.0,2013-01-01T00:00:00Z,2013-01-01T00:00:00Z
http://www.wikidata.org/entity/Q470738,http://www.wikidata.org/entity/Q19607,9.0,2010-01-01T00:00:00Z,2010-01-01T00:00:00Z
http://www.wikidata.org/entity/Q470738,http://www.wikidata.org/entity/Q19490,144.0,2000-01-01T00:00:00Z,2005-01-01T00:00:00Z
http://www.wikidata.org/entity/Q470751,http://www.wikidata.org/entity/Q19490,8.0,2009-01-01T00:00:00Z,2009-01-01T00:00:00Z
http://www.wikidata.org/entity/Q470751,http://www.wikidata.org/entity/Q19490,133.0,2009-01-01T00:00:00Z,2012-01-01T00:00:00Z
http://www.wikidata.org/entity/Q4707546,http://www.wikidata.org/entity/Q19490,0.0,2006-01-01T00:00:00Z,2008-01-01T00:00:00Z
http://www.wikidata.org/entity/Q4707566,http://www.wikidata.org/entity/Q19607,97.0,2004-01-01T00:00:00Z,2008-01-01T00:00:00Z
http://www.wikidata.org/entity/Q4707656,http://www.wikidata.org/entity/Q19490,137.0,1997-01-01T00:00:00Z,2001-01-01T00:00:00Z
http://www.wikidata.org/entity/Q471211,http://www.wikidata.org/entity/Q19500,61.0,2009-01-01T00:00:00Z,2013-01-01T00:00:00Z
http://www.wikidata.org/entity/Q473528,http://www.wikidata.org/entity/Q19482,0.0,2000-01-01T00:00:00Z,2002-01-01T00:00:00Z
http://www.wikidata.org/entity/Q4736912,http://www.wikidata.org/entity/Q19477,40.0,2003-01-01T00:00:00Z,2007-01-01T00:00:00Z
http://www.wikidata.org/entity/Q4737482,http://www.wikidata.org/entity/Q19473,6.0,2000-01-01T00:00:00Z,2000-01-01T00:00:00Z
http://www.wikidata.org/entity/Q4739492,http://www.wikidata.org/entity/Q19481,0.0,2009-01-01T00:00:00Z,2011-01-01T00:00:00Z
http://www.wikidata.org/entity/Q18551518,http://www.wikidata.org/entity/Q19500,103.0,2022-01-01T00:00:00Z,
http://www.wikidata.org/entity/Q227053,http://www.wikidata.org/entity/Q1128631,13.0,2003-01-01T00:00:00Z,2004-01-01T00:00:00Z
http://www.wikidata.org/entity/Q2284007,http://www.wikidata.org/entity/Q1128631,21.0,2006-01-01T00:00:00Z,2007-01-01T00:00:00Z
http://www.wikidata.org/entity/Q2287704,http://www.wikidata.org/entity/Q1128631,57.0,1999-01-01T00:00:00Z,2005-01-01T00:00:00Z
http://www.wikidata.org/entity/Q2288840,http://www.wikidata.org/entity/Q1130849,45.0,1997-01-01T00:00:00Z,1999-01-01T00:00:00Z
http://www.wikidata.org/entity/Q4885427,http://www.wikidata.org/entity/Q19482,45.0,2003-01-01T00:00:00Z,2004-01-01T00:00:00Z
http://www.wikidata.org/entity/Q4885427,http://www.wikidata.org/entity/Q19571,2.0,2002-01-01T00:00:00Z,2002-01-01T00:00:00Z
http://www.wikidata.org/entity/Q4885508,http://www.wikidata.org/entity/Q19607,23.0,2021-01-01T00:00:00Z,2022-01-01T00:00:00Z
http://www.wikidata.org/entity/Q4885622,http://www.wikidata.org/entity/Q19490,0.0,2007-01-01T00:00:00Z,2008-01-01T00:00:00Z
http://www.wikidata.org/entity/Q4885787,http://www.wikidata.org/entity/Q19482,15.0,2003-01-01T00:00:00Z,2004-01-01T00:00:00Z
http://www.wikidata.org/entity/Q4886193,http://www.wikidata.org/entity/Q19477,26.0,1997-01-01T00:00:00Z,2002-01-01T00:00:00Z
http://www.wikidata.org/entity/Q4886233,http://www.wikidata.org/entity/Q19571,0.0,2013-01-01T00:00:00Z,2014-01-01T00:00:00Z
http://www.wikidata.org/entity/Q4886287,http://www.wikidata.org/entity/Q19477,29.0,2001-01-01T00:00:00Z,2003-01-01T00:00:00Z
http://www.wikidata.org/entity/Q4886315,http://www.wikidata.org/entity/Q19607,0.0,2003-01-01T00:00:00Z,2003-01-01T00:00:00Z
http://www.wikidata.org/entity/Q4886360,http://www.wikidata.org/entity/Q19568,11.0,2006-01-01T00:00:00Z,2006-01-01T00:00:00Z
http://www.wikidata.org/entity/Q4886524,http://www.wikidata.org/entity/Q19571,25.0,2009-01-01T00:00:00Z,2010-01-01T00:00:00Z
http://www.wikidata.org/entity/Q4886568,http://www.wikidata.org/entity/Q19473,99.0,1998-01-01T00:00:00Z,2001-01-01T00:00:00Z
http://www.wikidata.org/entity/Q4886695,http://www.wikidata.org/entity/Q19477,0.0,2006-01-01T00:00:00Z,2008-01-01T00:00:00Z
http://www.wikidata.org/entity/Q4886705,http://www.wikidata.org/entity/Q19568,4.0,2011-01-01T00:00:00Z,2011-01-01T00:00:00Z
http://www.wikidata.org/entity/Q492484,http://www.wikidata.org/entity/Q19481,8.0,2011-01-01T00:00:00Z,2011-01-01T00:00:00Z
http://www.wikidata.org/entity/Q4963062,http://www.wikidata.org/entity/Q19498,58.0,2003-01-01T00:00:00Z,2004-01-01T00:00:00Z
http://www.wikidata.org/entity/Q4963306,http://www.wikidata.org/entity/Q19490,7.0,1999-01-01T00:00:00Z,2004-01-01T00:00:00Z
http://www.wikidata.org/entity/Q4964449,http://www.wikidata.org/entity/Q19607,1.0,1999-01-01T00:00:00Z,2000-01-01T00:00:00Z
http://www.wikidata.org/entity/Q4964702,http://www.wikidata.org/entity/Q19477,53.0,1997-01-01T00:00:00Z,1999-01-01T00:00:00Z
http://www.wikidata.org/entity/Q309894,http://www.wikidata.org/entity/Q1130849,1.0,2008-01-01T00:00:00Z,2010-01-01T00:00:00Z
http://www.wikidata.org/entity/Q311162,http://www.wikidata.org/entity/Q1130849,21.0,2006-01-01T00:00:00Z,2011-01-01T00:00:00Z
http://www.wikidata.org/entity/Q311171,http://www.wikidata.org/entity/Q1130849,65.0,1997-01-01T00:00:00Z,1999-01-01T00:00:00Z
http://www.wikidata.org/entity/Q311342,http://www.wikidata.org/entity/Q1130849,121.0,1999-01-01T00:00:00Z,2005-01-01T00:00:00Z
http://www.wikidata.org/entity/Q311347,http://www.wikidata.org/entity/Q1130849,63.0,2008-01-01T00:00:00Z,2011-01-01T00:00:00Z
http://www.wikidata.org/entity/Q311353,http://www.wikidata.org/entity/Q1130849,28.0,2011-01-01T00:00:00Z,2012-01-01T00:00:00Z
http://www.wikidata.org/entity/Q311872,http://www.wikidata.org/entity/Q1130849,152.0,2013-01-30T00:00:00Z,2018-01-06T00:00:00Z
http://www.wikidata.org/entity/Q311941,http://www.wikidata.org/entity/Q1130849,13.0,2011-01-01T00:00:00Z,2015-01-01T00:00:00Z
http://www.wikidata.org/entity/Q311947,http://www.wikidata.org/entity/Q1130849,5.0,2009-01-01T00:00:00Z,2013-01-01T00:00:00Z
http://www.wikidata.org/entity/Q312146,http://www.wikidata.org/entity/Q1130849,18.0,2008-01-01T00:00:00Z,2010-01-01T00:00:00Z
http://www.wikidata.org/entity/Q312157,http://www.wikidata.org/entity/Q1130849,95.0,2012-01-01T00:00:00Z,2015-01-01T00:00:00Z
http://www.wikidata.org/entity/Q312183,http://www.wikidata.org/entity/Q1130849,56.0,2013-09-02T00:00:00Z,2017-08-31T00:00:00Z
http://www.wikidata.org/entity/Q313054,http://www.wikidata.org/entity/Q1130849,14.0,2006-01-01T00:00:00Z,2006-01-01T00:00:00Z
http://www.wikidata.org/entity/Q313089,http://www.wikidata.org/entity/Q1128631,16.0,2014-01-01T00:00:00Z,2014-01-01T00:00:00Z
http://www.wikidata.org/entity/Q313090,http://www.wikidata.org/entity/Q1130849,15.0,2010-01-01T00:00:00Z,2011-01-01T00:00:00Z
http://www.wikidata.org/entity/Q313104,http://www.wikidata.org/entity/Q1130849,0.0,2005-01-01T00:00:00Z,2006-01-01T00:00:00Z
http://www.wikidata.org/entity/Q313131,http://www.wikidata.org/entity/Q1130849,12.0,2005-01-01T00:00:00Z,2005-01-01T00:00:00Z
http://www.wikidata.org/entity/Q313137,http://www.wikidata.org/entity/Q1130849,135.0,1999-01-01T00:00:00Z,2005-01-01T00:00:00Z
http://www.wikidata.org/entity/Q313250,http://www.wikidata.org/entity/Q1130849,91.0,2012-01-01T00:00:00Z,2016-01-01T00:00:00Z
http://www.wikidata.org/entity/Q3403967,http://www.wikidata.org/entity/Q19604,0.0,2015-01-01T00:00:00Z,2015-01-01T00:00:00Z
http://www.wikidata.org/entity/Q3404769,http://www.wikidata.org/entity/Q19580,98.0,2003-01-01T00:00:00Z,2006-01-01T00:00:00Z
http://www.wikidata.org/entity/Q3436224,http://www.wikidata.org/entity/Q19477,4.0,1999-01-01T00:00:00Z,2000-01-01T00:00:00Z
http://www.wikidata.org/entity/Q346009,http://www.wikidata.org/entity/Q19568,8.0,2005-01-01T00:00:00Z,2005-01-01T00:00:00Z
http://www.wikidata.org/entity/Q346009,http://www.wikidata.org/entity/Q19498,119.0,2005-01-01T00:00:00Z,2010-01-01T00:00:00Z
http://www.wikidata.org/entity/Q3476180,http://www.wikidata.org/entity/Q19571,14.0,2012-01-01T00:00:00Z,2014-01-01T00:00:00Z
http://www.wikidata.org/entity/Q3476225,http://www.wikidata.org/entity/Q19500,87.0,2013-01-01T00:00:00Z,2016-01-01T00:00:00Z
http://www.wikidata.org/entity/Q3476225,http://www.wikidata.org/entity/Q19568,5.0,2007-01-01T00:00:00Z,2008-01-01T00:00:00Z
http://www.wikidata.org/entity/Q3481369,http://www.wikidata.org/entity/Q19500,0.0,2008-01-01T00:00:00Z,2009-01-01T00:00:00Z
http://www.wikidata.org/entity/Q348195,http://www.wikidata.org/entity/Q19477,12.0,2010-01-01T00:00:00Z,2010-01-01T00:00:00Z
http://www.wikidata.org/entity/Q348195,http://www.wikidata.org/entity/Q19490,12.0,2012-01-01T00:00:00Z,2013-01-01T00:00:00Z
http://www.wikidata.org/entity/Q348642,http://www.wikidata.org/entity/Q19481,85.0,1997-01-01T00:00:00Z,2000-01-01T00:00:00Z
http://www.wikidata.org/entity/Q348754,http://www.wikidata.org/entity/Q19481,34.0,2010-01-01T00:00:00Z,2011-01-01T00:00:00Z
http://www.wikidata.org/entity/Q348754,http://www.wikidata.org/entity/Q19607,40.0,2008-01-01T00:00:00Z,2009-01-01T00:00:00Z
http://www.wikidata.org/entity/Q3491436,http://www.wikidata.org/entity/Q19477,0.0,2013-01-01T00:00:00Z,2014-01-01T00:00:00Z
http://www.wikidata.org/entity/Q3491436,http://www.wikidata.org/entity/Q19580,2.0,2012-01-01T00:00:00Z,2012-01-01T00:00:00Z
http://www.wikidata.org/entity/Q349172,http://www.wikidata.org/entity/Q19490,16.0,2013-01-01T00:00:00Z,2013-06-01T00:00:00Z
http://www.wikidata.org/entity/Q349172,http://www.wikidata.org/entity/Q19490,32.0,2013-07-01T00:00:00Z,2014-01-01T00:00:00Z
http://www.wikidata.org/entity/Q349320,http://www.wikidata.org/entity/Q19500,0.0,2003-01-01T00:00:00Z,2003-01-01T00:00:00Z
http://www.wikidata.org/entity/Q349606,http://www.wikidata.org/entity/Q19568,7.0,2006-01-01T00:00:00Z,2006-01-01T00:00:00Z
http://www.wikidata.org/entity/Q349606,http://www.wikidata.org/entity/Q19571,37.0,2006-01-01T00:00:00Z,2007-01-01T00:00:00Z
http://www.wikidata.org/entity/Q3498538,http://www.wikidata.org/entity/Q19481,91.0,2005-01-01T00:00:00Z,2007-01-01T00:00:00Z
http://www.wikidata.org/entity/Q3498965,http://www.wikidata.org/entity/Q19473,258.0,1995-01-01T00:00:00Z,2003-01-01T00:00:00Z
http://www.wikidata.org/entity/Q3499004,http://www.wikidata.org/entity/Q19498,89.0,2004-01-01T00:00:00Z,2007-01-01T00:00:00Z
http://www.wikidata.org/entity/Q349962,http://www.wikidata.org/entity/Q19490,9.0,2009-01-01T00:00:00Z,2010-01-01T00:00:00Z
http://www.wikidata.org/entity/Q349962,http://www.wikidata.org/entity/Q19604,41.0,2014-01-01T00:00:00Z,2015-01-01T00:00:00Z
http://www.wikidata.org/entity/Q350107,http://www.wikidata.org/entity/Q19481,52.0,2011-01-01T00:00:00Z,2012-01-01T00:00:00Z
http://www.wikidata.org/entity/Q350335,http://www.wikidata.org/entity/Q19604,16.0,2008-01-01T00:00:00Z,2009-01-01T00:00:00Z
http://www.wikidata.org/entity/Q350335,http://www.wikidata.org/entity/Q19604,32.0,2009-01-01T00:00:00Z,2010-01-01T00:00:00Z
http://www.wikidata.org/entity/Q350345,http://www.wikidata.org/entity/Q19498,10.0,2012-01-01T00:00:00Z,2013-01-01T00:00:00Z
http://www.wikidata.org/entity/Q350377,http://www.wikidata.org/entity/Q19498,28.0,2006-01-01T00:00:00Z,2007-01-01T00:00:00Z
http://www.wikidata.org/entity/Q350607,http://www.wikidata.org/entity/Q19604,0.0,2010-01-01T00:00:00Z,2010-01-01T00:00:00Z
http://www.wikidata.org/entity/Q350785,http://www.wikidata.org/entity/Q19604,11.0,2005-01-01T00:00:00Z,2006-01-01T00:00:00Z
http://www.wikidata.org/entity/Q350799,http://www.wikidata.org/entity/Q19481,172.0,1997-01-01T00:00:00Z,2002-01-01T00:00:00Z
http://www.wikidata.org/entity/Q350802,http://www.wikidata.org/entity/Q19473,24.0,2011-01-01T00:00:00Z,2011-01-01T00:00:00Z
http://www.wikidata.org/entity/Q350802,http://www.wikidata.org/entity/Q19477,51.0,2009-01-01T00:00:00Z,2012-01-01T00:00:00Z
http://www.wikidata.org/entity/Q350802,http://www.wikidata.org/entity/Q19580,6.0,2012-01-01T00:00:00Z,2012-01-01T00:00:00Z
http://www.wikidata.org/entity/Q350807,http://www.wikidata.org/entity/Q19607,18.0,2011-01-01T00:00:00Z,2012-01-01T00:00:00Z
http://www.wikidata.org/entity/Q350807,http://www.wikidata.org/entity/Q19607,62.0,2007-01-01T00:00:00Z,2009-01-01T00:00:00Z
http://www.wikidata.org/entity/Q350976,http://www.wikidata.org/entity/Q19607,10.0,2022-07-01T00:00:00Z,2023-06-01T00:00:00Z
http://www.wikidata.org/entity/Q351254,http://www.wikidata.org/entity/Q19604,0.0,2009-01-01T00:00:00Z,2010-01-01T00:00:00Z
http://www.wikidata.org/entity/Q352236,http://www.wikidata.org/entity/Q19498,70.0,1998-01-01T00:00:00Z,2001-01-01T00:00:00Z
http://www.wikidata.org/entity/Q3524147,http://www.wikidata.org/entity/Q19490,71.0,1997-01-01T00:00:00Z,2000-01-01T00:00:00Z
http://www.wikidata.org/entity/Q353086,http://www.wikidata.org/entity/Q19500,24.0,2000-01-01T00:00:00Z,2001-01-01T00:00:00Z
http://www.wikidata.org/entity/Q353455,http://www.wikidata.org/entity/Q19500,37.0,1999-01-01T00:00:00Z,2000-01-01T00:00:00Z
http://www.wikidata.org/entity/Q353455,http://www.wikidata.org/entity/Q19481,58.0,2000-01-01T00:00:00Z,2002-01-01T00:00:00Z
http://www.wikidata.org/entity/Q353455,http://www.wikidata.org/entity/Q19607,18.0,2006-01-01T00:00:00Z,2007-01-01T00:00:00Z
http://www.wikidata.org/entity/Q353678,http://www.wikidata.org/entity/Q19580,55.0,2002-01-01T00:00:00Z,2004-01-01T00:00:00Z
http://www.wikidata.org/entity/Q353678,http://www.wikidata.org/entity/Q19580,119.0,1996-01-01T00:00:00Z,2000-01-01T00:00:00Z
http://www.wikidata.org/entity/Q354346,http://www.wikidata.org/entity/Q19604,2.0,2006-01-01T00:00:00Z,2006-01-01T00:00:00Z
http://www.wikidata.org/entity/Q20932574,http://www.wikidata.org/entity/Q1130849,0.0,2015-01-01T00:00:00Z,2021-01-01T00:00:00Z
http://www.wikidata.org/entity/Q5127319,http://www.wikidata.org/entity/Q19571,12.0,2004-01-01T00:00:00Z,2008-01-01T00:00:00Z
http://www.wikidata.org/entity/Q5129498,http://www.wikidata.org/entity/Q19568,87.0,1999-01-01T00:00:00Z,2001-01-01T00:00:00Z
http://www.wikidata.org/entity/Q5129498,http://www.wikidata.org/entity/Q19580,52.0,2003-01-01T00:00:00Z,2006-01-01T00:00:00Z
http://www.wikidata.org/entity/Q5129498,http://www.wikidata.org/entity/Q19568,17.0,2004-01-01T00:00:00Z,2004-01-01T00:00:00Z
http://www.wikidata.org/entity/Q5130214,http://www.wikidata.org/entity/Q19477,2.0,2002-01-01T00:00:00Z,2005-01-01T00:00:00Z
http://www.wikidata.org/entity/Q5130214,http://www.wikidata.org/entity/Q19607,26.0,2017-01-01T00:00:00Z,2018-01-01T00:00:00Z
http://www.wikidata.org/entity/Q5130214,http://www.wikidata.org/entity/Q19571,136.0,2011-01-01T00:00:00Z,2014-01-01T00:00:00Z
http://www.wikidata.org/entity/Q5131347,http://www.wikidata.org/entity/Q19571,1.0,1999-01-01T00:00:00Z,2000-01-01T00:00:00Z
http://www.wikidata.org/entity/Q5132259,http://www.wikidata.org/entity/Q19571,12.0,2009-01-01T00:00:00Z,2010-01-01T00:00:00Z
http://www.wikidata.org/entity/Q5133981,http://www.wikidata.org/entity/Q19477,23.0,2000-01-01T00:00:00Z,2001-01-01T00:00:00Z
http://www.wikidata.org/entity/Q5140449,http://www.wikidata.org/entity/Q19580,43.0,2011-01-01T00:00:00Z,2013-01-01T00:00:00Z
http://www.wikidata.org/entity/Q516921,http://www.wikidata.org/entity/Q19490,13.0,2023-02-02T00:00:00Z,2023-06-01T00:00:00Z
http://www.wikidata.org/entity/Q517874,http://www.wikidata.org/entity/Q19580,8.0,2014-01-01T00:00:00Z,2014-01-01T00:00:00Z
http://www.wikidata.org/entity/Q517874,http://www.wikidata.org/entity/Q19473,12.0,2010-01-01T00:00:00Z,2010-01-01T00:00:00Z
http://www.wikidata.org/entity/Q517962,http://www.wikidata.org/entity/Q19580,75.0,2001-01-01T00:00:00Z,2004-01-01T00:00:00Z
http://www.wikidata.org/entity/Q518043,http://www.wikidata.org/entity/Q19473,16.0,2007-01-01T00:00:00Z,2007-01-01T00:00:00Z
http://www.wikidata.org/entity/Q518043,http://www.wikidata.org/entity/Q19498,7.0,2008-01-01T00:00:00Z,2008-01-01T00:00:00Z
http://www.wikidata.org/entity/Q518309,http://www.wikidata.org/entity/Q19477,53.0,2009-01-01T00:00:00Z,2011-01-01T00:00:00Z
http://www.wikidata.org/entity/Q518309,http://www.wikidata.org/entity/Q19498,21.0,2013-01-01T00:00:00Z,2015-01-01T00:00:00Z
http://www.wikidata.org/entity/Q518309,http://www.wikidata.org/entity/Q19477,18.0,2008-01-01T00:00:00Z,2009-01-01T00:00:00Z
http://www.wikidata.org/entity/Q520100,http://www.wikidata.org/entity/Q19604,0.0,2009-01-01T00:00:00Z,2010-01-01T00:00:00Z
http://www.wikidata.org/entity/Q5212323,http://www.wikidata.org/entity/Q19571,2.0,2008-01-01T00:00:00Z,2009-01-01T00:00:00Z
http://www.wikidata.org/entity/Q5212333,http://www.wikidata.org/entity/Q19571,5.0,2009-01-01T00:00:00Z,2009-01-01T00:00:00Z
http://www.wikidata.org/entity/Q5212437,http://www.wikidata.org/entity/Q19482,97.0,1997-01-01T00:00:00Z,2003-01-01T00:00:00Z
http://www.wikidata.org/entity/Q5214400,http://www.wikidata.org/entity/Q19473,8.0,2006-01-01T00:00:00Z,2006-01-01T00:00:00Z
http://www.wikidata.org/entity/Q5214456,http://www.wikidata.org/entity/Q19568,1.0,2011-01-01T00:00:00Z,2013-01-01T00:00:00Z
http://www.wikidata.org/entity/Q5214492,http://www.wikidata.org/entity/Q19568,3.0,2009-01-01T00:00:00Z,2012-01-01T00:00:00Z
http://www.wikidata.org/entity/Q5214494,http://www.wikidata.org/entity/Q19604,0.0,2012-01-01T00:00:00Z,2013-01-01T00:00:00Z
http://www.wikidata.org/entity/Q5215857,http://www.wikidata.org/entity/Q19607,231.0,1989-01-01T00:00:00Z,2000-01-01T00:00:00Z
http://www.wikidata.org/entity/Q5216249,http://www.wikidata.org/entity/Q19568,5.0,1998-01-01T00:00:00Z,1999-01-01T00:00:00Z
http://www.wikidata.org/entity/Q5216249,http://www.wikidata.org/entity/Q19568,52.0,2004-01-01T00:00:00Z,2006-01-01T00:00:00Z
http://www.wikidata.org/entity/Q5216541,http://www.wikidata.org/entity/Q19571,123.0,2016-01-01T00:00:00Z,2019-01-01T00:00:00Z
http://www.wikidata.org/entity/Q5216662,http://www.wikidata.org/entity/Q19473,6.0,2007-01-01T00:00:00Z,2009-01-01T00:00:00Z
http://www.wikidata.org/entity/Q5218792,http://www.wikidata.org/entity/Q19568,18.0,1999-01-01T00:00:00Z,2002-01-01T00:00:00Z
http://www.wikidata.org/entity/Q5219045,http://www.wikidata.org/entity/Q19477,16.0,2002-01-01T00:00:00Z,2004-01-01T00:00:00Z
http://www.wikidata.org/entity/Q5220080,http://www.wikidata.org/entity/Q19473,68.0,2005-01-01T00:00:00Z,2007-01-01T00:00:00Z
http://www.wikidata.org/entity/Q5220091,http://www.wikidata.org/entity/Q19571,0.0,2002-01-01T00:00:00Z,2004-01-01T00:00:00Z
http://www.wikidata.org/entity/Q5220131,http://www.wikidata.org/entity/Q19498,44.0,2011-01-01T00:00:00Z,2012-01-01T00:00:00Z
http://www.wikidata.org/entity/Q5220131,http://www.wikidata.org/entity/Q19607,1.0,2010-01-01T00:00:00Z,2010-01-01T00:00:00Z
http://www.wikidata.org/entity/Q5220131,http://www.wikidata.org/entity/Q19498,10.0,2011-01-01T00:00:00Z,2011-01-01T00:00:00Z
http://www.wikidata.org/entity/Q5220161,http://www.wikidata.org/entity/Q19571,68.0,1998-01-01T00:00:00Z,2002-01-01T00:00:00Z
http://www.wikidata.org/entity/Q5220202,http://www.wikidata.org/entity/Q19473,26.0,2011-01-01T00:00:00Z,2012-01-01T00:00:00Z
http://www.wikidata.org/entity/Q5220202,http://www.wikidata.org/entity/Q19607,21.0,2004-01-01T00:00:00Z,2005-01-01T00:00:00Z
http://www.wikidata.org/entity/Q5220202,http://www.wikidata.org/entity/Q19481,9.0,2006-01-01T00:00:00Z,2007-01-01T00:00:00Z
http://www.wikidata.org/entity/Q5220202,http://www.wikidata.org/entity/Q19473,44.0,2007-01-01T00:00:00Z,2009-01-01T00:00:00Z
http://www.wikidata.org/entity/Q5220230,http://www.wikidata.org/entity/Q19477,31.0,2005-01-01T00:00:00Z,2008-01-01T00:00:00Z
http://www.wikidata.org/entity/Q5220258,http://www.wikidata.org/entity/Q19490,31.0,2005-01-01T00:00:00Z,2007-01-01T00:00:00Z
http://www.wikidata.org/entity/Q5220258,http://www.wikidata.org/entity/Q19571,15.0,1998-01-01T00:00:00Z,1999-01-01T00:00:00Z
http://www.wikidata.org/entity/Q5220258,http://www.wikidata.org/entity/Q19607,11.0,2004-01-01T00:00:00Z,2005-01-01T00:00:00Z
http://www.wikidata.org/entity/Q5220322,http://www.wikidata.org/entity/Q19604,19.0,2013-01-01T00:00:00Z,2015-01-01T00:00:00Z
http://www.wikidata.org/entity/Q5220322,http://www.wikidata.org/entity/Q19477,0.0,2011-01-01T00:00:00Z,2013-01-01T00:00:00Z
http://www.wikidata.org/entity/Q5220400,http://www.wikidata.org/entity/Q19490,0.0,2007-01-01T00:00:00Z,2008-01-01T00:00:00Z
http://www.wikidata.org/entity/Q5220449,http://www.wikidata.org/entity/Q19568,193.0,2006-01-01T00:00:00Z,2011-01-01T00:00:00Z
http://www.wikidata.org/entity/Q5220475,http://www.wikidata.org/entity/Q19568,27.0,2009-01-01T00:00:00Z,2011-01-01T00:00:00Z
http://www.wikidata.org/entity/Q5220476,http://www.wikidata.org/entity/Q19580,1.0,2008-01-01T00:00:00Z,2012-01-01T00:00:00Z
http://www.wikidata.org/entity/Q22005877,http://www.wikidata.org/entity/Q1130849,66.0,2020-01-01T00:00:00Z,
http://www.wikidata.org/entity/Q312437,http://www.wikidata.org/entity/Q1130849,0.0,2007-01-01T00:00:00Z,2010-01-01T00:00:00Z
http://www.wikidata.org/entity/Q313617,http://www.wikidata.org/entity/Q1128631,111.0,2004-01-01T00:00:00Z,2007-01-01T00:00:00Z
http://www.wikidata.org/entity/Q314102,http://www.wikidata.org/entity/Q1128631,3.0,2014-01-01T00:00:00Z,2015-01-01T00:00:00Z
http://www.wikidata.org/entity/Q314235,http://www.wikidata.org/entity/Q1130849,25.0,2001-01-01T00:00:00Z,2006-01-01T00:00:00Z
http://www.wikidata.org/entity/Q314494,http://www.wikidata.org/entity/Q1128631,5.0,2003-01-01T00:00:00Z,2003-01-01T00:00:00Z
http://www.wikidata.org/entity/Q314625,http://www.wikidata.org/entity/Q1130849,40.0,2010-01-01T00:00:00Z,2018-01-01T00:00:00Z
http://www.wikidata.org/entity/Q314627,http://www.wikidata.org/entity/Q1130849,47.0,2010-01-01T00:00:00Z,2013-01-01T00:00:00Z
http://www.wikidata.org/entity/Q3147312,http://www.wikidata.org/entity/Q1128631,0.0,2005-01-01T00:00:00Z,2006-01-01T00:00:00Z
http://www.wikidata.org/entity/Q314756,http://www.wikidata.org/entity/Q1128631,17.0,2002-01-01T00:00:00Z,2003-01-01T00:00:00Z
http://www.wikidata.org/entity/Q314879,http://www.wikidata.org/entity/Q1128631,57.0,2000-01-01T00:00:00Z,2003-01-01T00:00:00Z
http://www.wikidata.org/entity/Q315831,http://www.wikidata.org/entity/Q1128631,5.0,2003-01-01T00:00:00Z,2004-01-01T00:00:00Z
http://www.wikidata.org/entity/Q316540,http://www.wikidata.org/entity/Q1130849,12.0,2012-01-01T00:00:00Z,2015-01-01T00:00:00Z
http://www.wikidata.org/entity/Q316717,http://www.wikidata.org/entity/Q1130849,44.0,1998-01-01T00:00:00Z,2000-01-01T00:00:00Z
http://www.wikidata.org/entity/Q316721,http://www.wikidata.org/entity/Q1130849,3.0,2005-01-01T00:00:00Z,2008-01-01T00:00:00Z
http://www.wikidata.org/entity/Q317810,http://www.wikidata.org/entity/Q1130849,237.0,1991-01-01T00:00:00Z,2002-01-01T00:00:00Z
http://www.wikidata.org/entity/Q3359793,http://www.wikidata.org/entity/Q19498,17.0,2010-01-01T00:00:00Z,2011-01-01T00:00:00Z
http://www.wikidata.org/entity/Q3371448,http://www.wikidata.org/entity/Q19473,4.0,2007-01-01T00:00:00Z,2007-01-01T00:00:00Z
http://www.wikidata.org/entity/Q3371448,http://www.wikidata.org/entity/Q19571,23.0,2012-01-01T00:00:00Z,2013-01-01T00:00:00Z
http://www.wikidata.org/entity/Q3372283,http://www.wikidata.org/entity/Q19607,30.0,2004-01-01T00:00:00Z,2005-01-01T00:00:00Z
http://www.wikidata.org/entity/Q3376444,http://www.wikidata.org/entity/Q19571,1.0,2003-01-01T00:00:00Z,2003-01-01T00:00:00Z
http://www.wikidata.org/entity/Q3379996,http://www.wikidata.org/entity/Q19500,4.0,2000-01-01T00:00:00Z,2000-01-01T00:00:00Z
http://www.wikidata.org/entity/Q339505,http://www.wikidata.org/entity/Q19500,48.0,2013-01-01T00:00:00Z,2015-01-01T00:00:00Z
http://www.wikidata.org/entity/Q339505,http://www.wikidata.org/entity/Q19477,113.0,2006-01-01T00:00:00Z,2009-01-01T00:00:00Z
http://www.wikidata.org/entity/Q339505,http://www.wikidata.org/entity/Q19580,46.0,2015-07-06T00:00:00Z,2016-11-16T00:00:00Z
http://www.wikidata.org/entity/Q3399439,http://www.wikidata.org/entity/Q19571,45.0,2008-01-01T00:00:00Z,2009-01-01T00:00:00Z
http://www.wikidata.org/entity/Q3399439,http://www.wikidata.org/entity/Q19571,20.0,2007-01-01T00:00:00Z,2008-01-01T00:00:00Z
http://www.wikidata.org/entity/Q3399439,http://www.wikidata.org/entity/Q19490,0.0,2015-01-01T00:00:00Z,2015-01-01T00:00:00Z
http://www.wikidata.org/entity/Q3399439,http://www.wikidata.org/entity/Q19571,10.0,2010-01-01T00:00:00Z,2011-01-01T00:00:00Z
http://www.wikidata.org/entity/Q339956,http://www.wikidata.org/entity/Q19473,41.0,2003-01-01T00:00:00Z,2007-01-01T00:00:00Z
http://www.wikidata.org/entity/Q3399609,http://www.wikidata.org/entity/Q19498,101.0,2011-01-01T00:00:00Z,2015-01-01T00:00:00Z
http://www.wikidata.org/entity/Q3399609,http://www.wikidata.org/entity/Q19580,9.0,2009-01-01T00:00:00Z,2009-01-01T00:00:00Z
http://www.wikidata.org/entity/Q3399609,http://www.wikidata.org/entity/Q19580,11.0,2014-01-01T00:00:00Z,2015-01-01T00:00:00Z
http://www.wikidata.org/entity/Q340077,http://www.wikidata.org/entity/Q19473,4.0,2008-01-01T00:00:00Z,2009-01-01T00:00:00Z
http://www.wikidata.org/entity/Q340077,http://www.wikidata.org/entity/Q19607,39.0,2005-01-01T00:00:00Z,2007-01-01T00:00:00Z
http://www.wikidata.org/entity/Q340077,http://www.wikidata.org/entity/Q19604,15.0,2004-01-01T00:00:00Z,2005-01-01T00:00:00Z
http://www.wikidata.org/entity/Q342214,http://www.wikidata.org/entity/Q19580,134.0,1997-01-01T00:00:00Z,2002-01-01T00:00:00Z
http://www.wikidata.org/entity/Q342282,http://www.wikidata.org/entity/Q19477,36.0,2013-01-01T00:00:00Z,2014-01-01T00:00:00Z
http://www.wikidata.org/entity/Q342303,http://www.wikidata.org/entity/Q19490,96.0,2006-01-01T00:00:00Z,2008-01-01T00:00:00Z
http://www.wikidata.org/entity/Q342303,http://www.wikidata.org/entity/Q19498,24.0,2003-01-01T00:00:00Z,2004-01-01T00:00:00Z
http://www.wikidata.org/entity/Q342303,http://www.wikidata.org/entity/Q19500,4.0,2015-01-01T00:00:00Z,2016-01-01T00:00:00Z
http://www.wikidata.org/entity/Q342303,http://www.wikidata.org/entity/Q19473,15.0,2014-01-01T00:00:00Z,2014-01-01T00:00:00Z
http://www.wikidata.org/entity/Q342364,http://www.wikidata.org/entity/Q19498,12.0,2008-02-01T00:00:00Z,2008-04-01T00:00:00Z
http://www.wikidata.org/entity/Q342501,http://www.wikidata.org/entity/Q19477,15.0,2015-01-01T00:00:00Z,2015-01-01T00:00:00Z
http://www.wikidata.org/entity/Q342572,http://www.wikidata.org/entity/Q19604,6.0,2005-01-01T00:00:00Z,2006-01-01T00:00:00Z
http://www.wikidata.org/entity/Q342770,http://www.wikidata.org/entity/Q19490,98.0,2008-01-01T00:00:00Z,2011-01-01T00:00:00Z
http://www.wikidata.org/entity/Q3430389,http://www.wikidata.org/entity/Q19490,151.0,1999-01-01T00:00:00Z,2003-01-01T00:00:00Z
http://www.wikidata.org/entity/Q3430389,http://www.wikidata.org/entity/Q19481,29.0,2003-01-01T00:00:00Z,2004-01-01T00:00:00Z
http://www.wikidata.org/entity/Q3436320,http://www.wikidata.org/entity/Q19607,10.0,2000-01-01T00:00:00Z,2000-01-01T00:00:00Z
http://www.wikidata.org/entity/Q3436353,http://www.wikidata.org/entity/Q19477,16.0,2005-01-01T00:00:00Z,2006-01-01T00:00:00Z
http://www.wikidata.org/entity/Q345308,http://www.wikidata.org/entity/Q19604,61.0,2006-01-01T00:00:00Z,2007-01-01T00:00:00Z
http://www.wikidata.org/entity/Q345308,http://www.wikidata.org/entity/Q19604,3.0,2006-01-01T00:00:00Z,2006-01-01T00:00:00Z
http://www.wikidata.org/entity/Q3453475,http://www.wikidata.org/entity/Q19604,30.0,2000-01-01T00:00:00Z,2001-01-01T00:00:00Z
http://www.wikidata.org/entity/Q3453475,http://www.wikidata.org/entity/Q19490,8.0,2005-01-01T00:00:00Z,2005-01-01T00:00:00Z
http://www.wikidata.org/entity/Q3453475,http://www.wikidata.org/entity/Q19604,10.0,2000-01-01T00:00:00Z,2000-01-01T00:00:00Z
http://www.wikidata.org/entity/Q3453767,http://www.wikidata.org/entity/Q19571,87.0,2008-01-01T00:00:00Z,2010-01-01T00:00:00Z
http://www.wikidata.org/entity/Q3453767,http://www.wikidata.org/entity/Q19571,10.0,2007-01-01T00:00:00Z,2008-01-01T00:00:00Z
http://www.wikidata.org/entity/Q3453790,http://www.wikidata.org/entity/Q19607,0.0,2005-01-01T00:00:00Z,2007-01-01T00:00:00Z
http://www.wikidata.org/entity/Q23887939,http://www.wikidata.org/entity/Q19490,66.0,2024-01-01T00:00:00Z,
http://www.wikidata.org/entity/Q18612538,http://www.wikidata.org/entity/Q19477,0.0,2014-01-01T00:00:00Z,2016-01-01T00:00:00Z
http://www.wikidata.org/entity/Q18637463,http://www.wikidata.org/entity/Q19604,0.0,2005-01-01T00:00:00Z,2006-01-01T00:00:00Z
http://www.wikidata.org/entity/Q18637597,http://www.wikidata.org/entity/Q19604,2.0,2015-01-01T00:00:00Z,2015-01-01T00:00:00Z
http://www.wikidata.org/entity/Q18638162,http://www.wikidata.org/entity/Q19607,15.0,2014-01-01T00:00:00Z,2017-01-01T00:00:00Z
http://www.wikidata.org/entity/Q18638184,http://www.wikidata.org/entity/Q19481,101.0,2023-01-01T00:00:00Z,2026-01-01T00:00:00Z
http://www.wikidata.org/entity/Q192122,http://www.wikidata.org/entity/Q19481,31.0,2014-01-01T00:00:00Z,2015-01-01T00:00:00Z
http://www.wikidata.org/entity/Q1921734,http://www.wikidata.org/entity/Q19477,10.0,2010-01-01T00:00:00Z,2011-01-01T00:00:00Z
http://www.wikidata.org/entity/Q1921734,http://www.wikidata.org/entity/Q19477,37.0,2011-01-01T00:00:00Z,2014-01-01T00:00:00Z
http://www.wikidata.org/entity/Q1925465,http://www.wikidata.org/entity/Q19500,97.0,2019-01-01T00:00:00Z,2023-01-01T00:00:00Z
http://www.wikidata.org/entity/Q1925465,http://www.wikidata.org/entity/Q19500,38.0,2018-01-01T00:00:00Z,2019-01-01T00:00:00Z
http://www.wikidata.org/entity/Q1926,http://www.wikidata.org/entity/Q1130849,0.0,2002-01-01T00:00:00Z,2005-01-01T00:00:00Z
http://www.wikidata.org/entity/Q1928605,http://www.wikidata.org/entity/Q19500,20.0,2007-01-01T00:00:00Z,2007-01-01T00:00:00Z
http://www.wikidata.org/entity/Q1928605,http://www.wikidata.org/entity/Q19580,42.0,2009-01-01T00:00:00Z,2011-01-01T00:00:00Z
http://www.wikidata.org/entity/Q1928605,http://www.wikidata.org/entity/Q19500,7.0,2006-01-01T00:00:00Z,2006-01-01T00:00:00Z
http://www.wikidata.org/entity/Q1933702,http://www.wikidata.org/entity/Q19571,1.0,2008-01-01T00:00:00Z,2008-01-01T00:00:00Z
http://www.wikidata.org/entity/Q1933702,http://www.wikidata.org/entity/Q19604,18.0,2012-01-01T00:00:00Z,2012-01-01T00:00:00Z
http://www.wikidata.org/entity/Q1936,http://www.wikidata.org/entity/Q1130849,49.0,2004-01-01T00:00:00Z,2007-01-01T00:00:00Z
http://www.wikidata.org/entity/Q193768,http://www.wikidata.org/entity/Q19604,29.0,2007-01-01T00:00:00Z,2008-01-01T00:00:00Z
http://www.wikidata.org/entity/Q1939,http://www.wikidata.org/entity/Q1130849,20.0,2002-01-01T00:00:00Z,2002-05-01T00:00:00Z
http://www.wikidata.org/entity/Q194645,http://www.wikidata.org/entity/Q19473,52.0,1997-01-01T00:00:00Z,1999-01-01T00:00:00Z
http://www.wikidata.org/entity/Q195021,http://www.wikidata.org/entity/Q19481,78.0,2004-01-01T00:00:00Z,2007-01-01T00:00:00Z
http://www.wikidata.org/entity/Q195021,http://www.wikidata.org/entity/Q19490,142.0,1999-01-01T00:00:00Z,2004-01-01T00:00:00Z
http://www.wikidata.org/entity/Q1954855,http://www.wikidata.org/entity/Q19607,3.0,2007-01-01T00:00:00Z,2007-09-01T00:00:00Z
http://www.wikidata.org/entity/Q1954855,http://www.wikidata.org/entity/Q19477,7.0,2013-01-01T00:00:00Z,2013-01-01T00:00:00Z
http://www.wikidata.org/entity/Q195682,http://www.wikidata.org/entity/Q19481,11.0,2011-01-01T00:00:00Z,2011-01-01T00:00:00Z
http://www.wikidata.org/entity/Q195689,http://www.wikidata.org/entity/Q19473,2.0,2011-01-01T00:00:00Z,2011-01-01T00:00:00Z
http://www.wikidata.org/entity/Q1966430,http://www.wikidata.org/entity/Q19498,64.0,2012-01-01T00:00:00Z,2014-01-01T00:00:00Z
http://www.wikidata.org/entity/Q1966430,http://www.wikidata.org/entity/Q19490,50.0,2014-01-01T00:00:00Z,2015-01-01T00:00:00Z
http://www.wikidata.org/entity/Q1966430,http://www.wikidata.org/entity/Q19498,14.0,2012-01-01T00:00:00Z,2012-01-01T00:00:00Z
http://www.wikidata.org/entity/Q1966487,http://www.wikidata.org/entity/Q19473,265.0,2001-01-01T00:00:00Z,2012-01-01T00:00:00Z
http://www.wikidata.org/entity/Q1974867,http://www.wikidata.org/entity/Q19477,6.0,2002-01-01T00:00:00Z,2002-01-01T00:00:00Z
http://www.wikidata.org/entity/Q1974908,http://www.wikidata.org/entity/Q19568,430.0,1994-01-01T00:00:00Z,2008-01-01T00:00:00Z
http://www.wikidata.org/entity/Q1981754,http://www.wikidata.org/entity/Q19500,112.0,1995-01-01T00:00:00Z,1999-01-01T00:00:00Z
http://www.wikidata.org/entity/Q1981837,http://www.wikidata.org/entity/Q19477,35.0,2005-01-01T00:00:00Z,2007-01-01T00:00:00Z
http://www.wikidata.org/entity/Q1981837,http://www.wikidata.org/entity/Q19580,0.0,2000-01-01T00:00:00Z,2001-01-01T00:00:00Z
http://www.wikidata.org/entity/Q1982002,http://www.wikidata.org/entity/Q19580,2.0,2004-01-01T00:00:00Z,2004-01-01T00:00:00Z
http://www.wikidata.org/entity/Q1983316,http://www.wikidata.org/entity/Q19500,1.0,2011-01-01T00:00:00Z,2013-01-01T00:00:00Z
http://www.wikidata.org/entity/Q1990357,http://www.wikidata.org/entity/Q19571,6.0,2009-01-01T00:00:00Z,2010-01-01T00:00:00Z
http://www.wikidata.org/entity/Q1990935,http://www.wikidata.org/entity/Q19580,27.0,2002-01-01T00:00:00Z,2003-01-01T00:00:00Z
http://www.wikidata.org/entity/Q1990935,http://www.wikidata.org/entity/Q19498,18.0,2005-01-01T00:00:00Z,2006-01-01T00:00:00Z
http://www.wikidata.org/entity/Q20675980,http://www.wikidata.org/entity/Q19607,97.0,2020-01-01T00:00:00Z,2023-01-01T00:00:00Z
http://www.wikidata.org/entity/Q5591335,http://www.wikidata.org/entity/Q1128631,130.0,2012-01-01T00:00:00Z,2016-01-01T00:00:00Z
http://www.wikidata.org/entity/Q567642,http://www.wikidata.org/entity/Q1128631,168.0,2008-01-01T00:00:00Z,2012-01-01T00:00:00Z
http://www.wikidata.org/entity/Q570098,http://www.wikidata.org/entity/Q1128631,140.0,2010-01-01T00:00:00Z,2014-01-01T00:00:00Z
http://www.wikidata.org/entity/Q5715165,http://www.wikidata.org/entity/Q1130849,0.0,2012-01-01T00:00:00Z,2014-01-01T00:00:00Z
http://www.wikidata.org/entity/Q579125,http://www.wikidata.org/entity/Q1130849,0.0,2010-01-01T00:00:00Z,2012-01-01T00:00:00Z
http://www.wikidata.org/entity/Q580257,http://www.wikidata.org/entity/Q1130849,1.0,2002-01-01T00:00:00Z,2005-01-01T00:00:00Z
http://www.wikidata.org/entity/Q23881682,http://www.wikidata.org/entity/Q19498,43.0,2021-01-01T00:00:00Z,2022-01-01T00:00:00Z
http://www.wikidata.org/entity/Q24068577,http://www.wikidata.org/entity/Q19477,25.0,2017-01-01T00:00:00Z,2018-01-01T00:00:00Z
http://www.wikidata.org/entity/Q2447742,http://www.wikidata.org/entity/Q19498,4.0,2005-01-01T00:00:00Z,2005-01-01T00:00:00Z
http://www.wikidata.org/entity/Q2447742,http://www.wikidata.org/entity/Q19490,55.0,2017-07-01T00:00:00Z,2019-09-01T00:00:00Z
http://www.wikidata.org/entity/Q2448636,http://www.wikidata.org/entity/Q19604,0.0,2008-01-01T00:00:00Z,2010-01-01T00:00:00Z
http://www.wikidata.org/entity/Q2463589,http://www.wikidata.org/entity/Q19482,8.0,2003-01-01T00:00:00Z,2004-01-01T00:00:00Z
http://www.wikidata.org/entity/Q2469707,http://www.wikidata.org/entity/Q19498,33.0,2010-01-01T00:00:00Z,2011-01-01T00:00:00Z
http://www.wikidata.org/entity/Q247312,http://www.wikidata.org/entity/Q19500,50.0,2017-01-01T00:00:00Z,2022-01-01T00:00:00Z
http://www.wikidata.org/entity/Q247608,http://www.wikidata.org/entity/Q19473,16.0,2010-01-01T00:00:00Z,2011-01-01T00:00:00Z
http://www.wikidata.org/entity/Q247608,http://www.wikidata.org/entity/Q19473,18.0,2011-01-01T00:00:00Z,2012-01-01T00:00:00Z
http://www.wikidata.org/entity/Q2477080,http://www.wikidata.org/entity/Q19607,6.0,2003-01-01T00:00:00Z,2003-01-01T00:00:00Z
http://www.wikidata.org/entity/Q247730,http://www.wikidata.org/entity/Q19604,3.0,2011-01-01T00:00:00Z,2011-01-01T00:00:00Z
http://www.wikidata.org/entity/Q2479321,http://www.wikidata.org/entity/Q19500,17.0,2012-01-01T00:00:00Z,2014-01-01T00:00:00Z
http://www.wikidata.org/entity/Q2479321,http://www.wikidata.org/entity/Q19500,16.0,2012-01-01T00:00:00Z,2012-01-01T00:00:00Z
http://www.wikidata.org/entity/Q248032,http://www.wikidata.org/entity/Q19473,21.0,1999-01-01T00:00:00Z,2000-01-01T00:00:00Z
http://www.wikidata.org/entity/Q248032,http://www.wikidata.org/entity/Q19607,7.0,1999-01-01T00:00:00Z,1999-01-01T00:00:00Z
http://www.wikidata.org/entity/Q2481156,http://www.wikidata.org/entity/Q19604,0.0,2008-01-01T00:00:00Z,2010-01-01T00:00:00Z
http://www.wikidata.org/entity/Q2481829,http://www.wikidata.org/entity/Q19604,15.0,2012-01-01T00:00:00Z,2012-01-01T00:00:00Z
http://www.wikidata.org/entity/Q2481829,http://www.wikidata.org/entity/Q19604,9.0,2012-01-01T00:00:00Z,2013-01-01T00:00:00Z
http://www.wikidata.org/entity/Q2482187,http://www.wikidata.org/entity/Q19571,1.0,2004-01-01T00:00:00Z,2004-01-01T00:00:00Z
http://www.wikidata.org/entity/Q2483239,http://www.wikidata.org/entity/Q19604,15.0,2013-01-01T00:00:00Z,2013-01-01T00:00:00Z
http://www.wikidata.org/entity/Q2483239,http://www.wikidata.org/entity/Q19482,120.0,1998-01-01T00:00:00Z,2004-01-01T00:00:00Z
http://www.wikidata.org/entity/Q2483239,http://www.wikidata.org/entity/Q19571,12.0,1999-01-01T00:00:00Z,2000-01-01T00:00:00Z
http://www.wikidata.org/entity/Q2483239,http://www.wikidata.org/entity/Q19604,49.0,2013-01-01T00:00:00Z,2015-01-01T00:00:00Z
http://www.wikidata.org/entity/Q248938,http://www.wikidata.org/entity/Q19473,62.0,2017-07-07T00:00:00Z,2019-08-09T00:00:00Z
http://www.wikidata.org/entity/Q248938,http://www.wikidata.org/entity/Q19571,40.0,2021-09-09T00:00:00Z,2024-08-14T00:00:00Z
http://www.wikidata.org/entity/Q2499195,http://www.wikidata.org/entity/Q19604,14.0,2005-01-01T00:00:00Z,2006-01-01T00:00:00Z
http://www.wikidata.org/entity/Q2503365,http://www.wikidata.org/entity/Q19481,26.0,2008-01-01T00:00:00Z,2012-01-01T00:00:00Z
http://www.wikidata.org/entity/Q250494,http://www.wikidata.org/entity/Q19604,6.0,2012-01-01T00:00:00Z,2013-01-01T00:00:00Z
http://www.wikidata.org/entity/Q250962,http://www.wikidata.org/entity/Q19477,60.0,2008-01-01T00:00:00Z,2010-01-01T00:00:00Z
http://www.wikidata.org/entity/Q250978,http://www.wikidata.org/entity/Q19604,13.0,2007-01-01T00:00:00Z,2009-01-01T00:00:00Z
http://www.wikidata.org/entity/Q2517101,http://www.wikidata.org/entity/Q19481,4.0,2015-01-01T00:00:00Z,2016-01-01T00:00:00Z
http://www.wikidata.org/entity/Q2525854,http://www.wikidata.org/entity/Q19604,4.0,2005-01-01T00:00:00Z,2007-01-01T00:00:00Z
http://www.wikidata.org/entity/Q2527909,http://www.wikidata.org/entity/Q19580,5.0,2003-01-01T00:00:00Z,2004-01-01T00:00:00Z
http://www.wikidata.org/entity/Q2527909,http://www.wikidata.org/entity/Q19481,21.0,1997-01-01T00:00:00Z,2000-01-01T00:00:00Z
http://www.wikidata.org/entity/Q252818,http://www.wikidata.org/entity/Q19473,30.0,2004-01-01T00:00:00Z,2006-01-01T00:00:00Z
http://www.wikidata.org/entity/Q2530967,http://www.wikidata.org/entity/Q19490,9.0,1999-01-01T00:00:00Z,1999-01-01T00:00:00Z
http://www.wikidata.org/entity/Q2531047,http://www.wikidata.org/entity/Q19607,5.0,2002-01-01T00:00:00Z,2004-01-01T00:00:00Z
http://www.wikidata.org/entity/Q2533193,http://www.wikidata.org/entity/Q19490,14.0,1996-01-01T00:00:00Z,1999-01-01T00:00:00Z
http://www.wikidata.org/entity/Q2538027,http://www.wikidata.org/entity/Q19580,3.0,1998-01-01T00:00:00Z,1999-01-01T00:00:00Z
http://www.wikidata.org/entity/Q254410,http://www.wikidata.org/entity/Q19604,32.0,2005-01-01T00:00:00Z,2007-01-01T00:00:00Z
http://www.wikidata.org/entity/Q2552654,http://www.wikidata.org/entity/Q19490,13.0,2003-01-01T00:00:00Z,2004-01-01T00:00:00Z
http://www.wikidata.org/entity/Q2557847,http://www.wikidata.org/entity/Q19500,4.0,2003-01-01T00:00:00Z,2004-01-01T00:00:00Z
http://www.wikidata.org/entity/Q2561554,http://www.wikidata.org/entity/Q19607,135.0,2001-01-01T00:00:00Z,2004-01-01T00:00:00Z
http://www.wikidata.org/entity/Q2561554,http://www.wikidata.org/entity/Q19473,6.0,2000-01-01T00:00:00Z,2001-01-01T00:00:00Z
http://www.wikidata.org/entity/Q2562240,http://www.wikidata.org/entity/Q19571,0.0,2003-01-01T00:00:00Z,2003-01-01T00:00:00Z
http://www.wikidata.org/entity/Q2562240,http://www.wikidata.org/entity/Q19482,123.0,1994-01-01T00:00:00Z,1999-01-01T00:00:00Z
http://www.wikidata.org/entity/Q2562240,http://www.wikidata.org/entity/Q19498,27.0,2001-01-01T00:00:00Z,2003-01-01T00:00:00Z
http://www.wikidata.org/entity/Q2562240,http://www.wikidata.org/entity/Q19498,32.0,2000-01-01T00:00:00Z,2001-01-01T00:00:00Z
http://www.wikidata.org/entity/Q26704890,http://www.wikidata.org/entity/Q19477,124.0,2014-01-01T00:00:00Z,2020-01-01T00:00:00Z
http://www.wikidata.org/entity/Q26704894,http://www.wikidata.org/entity/Q19477,0.0,2015-01-01T00:00:00Z,2018-01-01T00:00:00Z
http://www.wikidata.org/entity/Q26857965,http://www.wikidata.org/entity/Q19568,2.0,2023-07-27T00:00:00Z,2024-06-30T00:00:00Z
http://www.wikidata.org/entity/Q26973027,http://www.wikidata.org/entity/Q19604,35.0,2018-01-01T00:00:00Z,2020-01-01T00:00:00Z
http://www.wikidata.org/entity/Q301931,http://www.wikidata.org/entity/Q19500,27.0,2005-01-01T00:00:00Z,2009-01-01T00:00:00Z
http://www.wikidata.org/entity/Q434432,http://www.wikidata.org/entity/Q1130849,72.0,2000-01-01T00:00:00Z,2005-01-01T00:00:00Z
http://www.wikidata.org/entity/Q434646,http://www.wikidata.org/entity/Q1128631,26.0,1998-01-01T00:00:00Z,2000-01-01T00:00:00Z
http://www.wikidata.org/entity/Q4402204,http://www.wikidata.org/entity/Q1130849,1.0,2004-01-01T00:00:00Z,2006-01-01T00:00:00Z
http://www.wikidata.org/entity/Q442472,http://www.wikidata.org/entity/Q1128631,126.0,2006-01-01T00:00:00Z,2010-01-01T00:00:00Z
http://www.wikidata.org/entity/Q4424874,http://www.wikidata.org/entity/Q1130849,0.0,2002-01-01T00:00:00Z,2005-01-01T00:00:00Z
http://www.wikidata.org/entity/Q442866,http://www.wikidata.org/entity/Q1128631,7.0,2011-01-01T00:00:00Z,2011-01-01T00:00:00Z
http://www.wikidata.org/entity/Q44309,http://www.wikidata.org/entity/Q50602,5.0,2004-01-01T00:00:00Z,2004-01-01T00:00:00Z
http://www.wikidata.org/entity/Q443691,http://www.wikidata.org/entity/Q1130849,2.0,2005-01-01T00:00:00Z,2009-01-01T00:00:00Z
http://www.wikidata.org/entity/Q444563,http://www.wikidata.org/entity/Q1128631,76.0,2012-01-01T00:00:00Z,2014-01-01T00:00:00Z
http://www.wikidata.org/entity/Q450783,http://www.wikidata.org/entity/Q1128631,1.0,2003-01-01T00:00:00Z,2003-01-01T00:00:00Z
http://www.wikidata.org/entity/Q213124,http://www.wikidata.org/entity/Q1130849,25.0,2005-01-01T00:00:00Z,2005-01-01T00:00:00Z
http://www.wikidata.org/entity/Q213124,http://www.wikidata.org/entity/Q1130849,25.0,2006-01-01T00:00:00Z,2007-01-01T00:00:00Z
http://www.wikidata.org/entity/Q5231330,http://www.wikidata.org/entity/Q19477,41.0,2001-01-01T00:00:00Z,2002-01-01T00:00:00Z
http://www.wikidata.org/entity/Q5231330,http://www.wikidata.org/entity/Q19473,35.0,1997-01-01T00:00:00Z,2001-01-01T00:00:00Z
http://www.wikidata.org/entity/Q5231742,http://www.wikidata.org/entity/Q19477,27.0,2000-01-01T00:00:00Z,2001-01-01T00:00:00Z
http://www.wikidata.org/entity/Q5231810,http://www.wikidata.org/entity/Q19477,123.0,1998-01-01T00:00:00Z,2001-01-01T00:00:00Z
http://www.wikidata.org/entity/Q5231811,http://www.wikidata.org/entity/Q19490,0.0,2007-01-01T00:00:00Z,2008-01-01T00:00:00Z
http://www.wikidata.org/entity/Q5232755,http://www.wikidata.org/entity/Q19477,54.0,1998-01-01T00:00:00Z,1999-01-01T00:00:00Z
http://www.wikidata.org/entity/Q5233846,http://www.wikidata.org/entity/Q19490,8.0,1996-01-01T00:00:00Z,2002-01-01T00:00:00Z
http://www.wikidata.org/entity/Q5234299,http://www.wikidata.org/entity/Q19498,24.0,2005-01-01T00:00:00Z,2007-01-01T00:00:00Z
http://www.wikidata.org/entity/Q5234299,http://www.wikidata.org/entity/Q19473,16.0,2006-01-01T00:00:00Z,2006-01-01T00:00:00Z
http://www.wikidata.org/entity/Q525057,http://www.wikidata.org/entity/Q19498,129.0,1999-01-01T00:00:00Z,2002-01-01T00:00:00Z
http://www.wikidata.org/entity/Q525943,http://www.wikidata.org/entity/Q19607,58.0,2004-01-01T00:00:00Z,2005-01-01T00:00:00Z
http://www.wikidata.org/entity/Q525943,http://www.wikidata.org/entity/Q19490,64.0,1998-01-01T00:00:00Z,2002-01-01T00:00:00Z
http://www.wikidata.org/entity/Q526031,http://www.wikidata.org/entity/Q19604,43.0,2004-01-01T00:00:00Z,2007-01-01T00:00:00Z
http://www.wikidata.org/entity/Q526062,http://www.wikidata.org/entity/Q19607,21.0,2009-01-01T00:00:00Z,2010-01-01T00:00:00Z
http://www.wikidata.org/entity/Q526062,http://www.wikidata.org/entity/Q19607,13.0,2010-01-01T00:00:00Z,2010-01-01T00:00:00Z
http://www.wikidata.org/entity/Q526062,http://www.wikidata.org/entity/Q19477,29.0,2010-01-01T00:00:00Z,2012-01-01T00:00:00Z
http://www.wikidata.org/entity/Q526445,http://www.wikidata.org/entity/Q19473,14.0,2020-01-01T00:00:00Z,2020-07-23T00:00:00Z
http://www.wikidata.org/entity/Q526445,http://www.wikidata.org/entity/Q19481,329.0,2007-07-01T00:00:00Z,2020-07-24T00:00:00Z
http://www.wikidata.org/entity/Q526642,http://www.wikidata.org/entity/Q19580,59.0,2006-01-01T00:00:00Z,2009-01-01T00:00:00Z
http://www.wikidata.org/entity/Q526642,http://www.wikidata.org/entity/Q19500,0.0,2003-01-01T00:00:00Z,2004-01-01T00:00:00Z
http://www.wikidata.org/entity/Q526714,http://www.wikidata.org/entity/Q19490,13.0,2005-01-01T00:00:00Z,2005-01-01T00:00:00Z
http://www.wikidata.org/entity/Q527271,http://www.wikidata.org/entity/Q19481,54.0,1999-01-01T00:00:00Z,2003-01-01T00:00:00Z
http://www.wikidata.org/entity/Q527271,http://www.wikidata.org/entity/Q19580,5.0,2002-01-01T00:00:00Z,2002-01-01T00:00:00Z
http://www.wikidata.org/entity/Q527672,http://www.wikidata.org/entity/Q19500,34.0,2004-01-01T00:00:00Z,2006-01-01T00:00:00Z
http://www.wikidata.org/entity/Q527691,http://www.wikidata.org/entity/Q19500,71.0,1999-01-01T00:00:00Z,2002-01-01T00:00:00Z
http://www.wikidata.org/entity/Q527845,http://www.wikidata.org/entity/Q19568,4.0,2006-01-01T00:00:00Z,2006-01-01T00:00:00Z
http://www.wikidata.org/entity/Q527845,http://www.wikidata.org/entity/Q19498,12.0,2008-01-01T00:00:00Z,2008-01-01T00:00:00Z
http://www.wikidata.org/entity/Q527845,http://www.wikidata.org/entity/Q19604,3.0,2005-01-01T00:00:00Z,2008-01-01T00:00:00Z
http://www.wikidata.org/entity/Q5307292,http://www.wikidata.org/entity/Q19498,29.0,2004-01-01T00:00:00Z,2007-01-01T00:00:00Z
http://www.wikidata.org/entity/Q5307832,http://www.wikidata.org/entity/Q19498,11.0,2005-01-01T00:00:00Z,2006-01-01T00:00:00Z
http://www.wikidata.org/entity/Q5310316,http://www.wikidata.org/entity/Q19477,8.0,1999-01-01T00:00:00Z,1999-01-01T00:00:00Z
http://www.wikidata.org/entity/Q5314415,http://www.wikidata.org/entity/Q19482,30.0,1996-01-01T00:00:00Z,2002-01-01T00:00:00Z
http://www.wikidata.org/entity/Q5318011,http://www.wikidata.org/entity/Q19473,68.0,1998-01-01T00:00:00Z,2004-01-01T00:00:00Z
http://www.wikidata.org/entity/Q5336135,http://www.wikidata.org/entity/Q19568,201.0,1994-01-01T00:00:00Z,2002-01-01T00:00:00Z
http://www.wikidata.org/entity/Q5336135,http://www.wikidata.org/entity/Q19568,17.0,2004-01-01T00:00:00Z,2004-01-01T00:00:00Z
http://www.wikidata.org/entity/Q5336135,http://www.wikidata.org/entity/Q19604,2.0,2002-01-01T00:00:00Z,2004-01-01T00:00:00Z
http://www.wikidata.org/entity/Q5336135,http://www.wikidata.org/entity/Q19568,53.0,2004-01-01T00:00:00Z,2007-01-01T00:00:00Z
http://www.wikidata.org/entity/Q5336146,http://www.wikidata.org/entity/Q19571,116.0,2000-01-01T00:00:00Z,2006-01-01T00:00:00Z
http://www.wikidata.org/entity/Q5336505,http://www.wikidata.org/entity/Q19580,1.0,2002-01-01T00:00:00Z,2004-01-01T00:00:00Z
http://www.wikidata.org/entity/Q5336583,http://www.wikidata.org/entity/Q19473,25.0,2002-01-01T00:00:00Z,2003-01-01T00:00:00Z
http://www.wikidata.org/entity/Q2360955,http://www.wikidata.org/entity/Q1128631,49.0,2008-01-01T00:00:00Z,2011-01-01T00:00:00Z
http://www.wikidata.org/entity/Q2360955,http://www.wikidata.org/entity/Q1128631,7.0,2007-01-01T00:00:00Z,2007-01-01T00:00:00Z
http://www.wikidata.org/entity/Q4707566,http://www.wikidata.org/entity/Q19498,157.0,1997-01-01T00:00:00Z,2004-01-01T00:00:00Z
http://www.wikidata.org/entity/Q4707656,http://www.wikidata.org/entity/Q19490,12.0,2004-01-01T00:00:00Z,2004-01-01T00:00:00Z
http://www.wikidata.org/entity/Q4707656,http://www.wikidata.org/entity/Q19490,33.0,2004-01-01T00:00:00Z,2006-01-01T00:00:00Z
http://www.wikidata.org/entity/Q4707656,http://www.wikidata.org/entity/Q19481,62.0,2001-01-01T00:00:00Z,2004-01-01T00:00:00Z
http://www.wikidata.org/entity/Q4707656,http://www.wikidata.org/entity/Q19477,9.0,2006-01-01T00:00:00Z,2006-01-01T00:00:00Z
http://www.wikidata.org/entity/Q4711980,http://www.wikidata.org/entity/Q19571,1.0,2014-01-01T00:00:00Z,2015-01-01T00:00:00Z
http://www.wikidata.org/entity/Q4717606,http://www.wikidata.org/entity/Q19568,1.0,2011-01-01T00:00:00Z,2012-01-01T00:00:00Z
http://www.wikidata.org/entity/Q4717654,http://www.wikidata.org/entity/Q19571,45.0,2014-01-01T00:00:00Z,2015-01-01T00:00:00Z
http://www.wikidata.org/entity/Q4717683,http://www.wikidata.org/entity/Q19571,57.0,2003-01-01T00:00:00Z,2007-01-01T00:00:00Z
http://www.wikidata.org/entity/Q4717875,http://www.wikidata.org/entity/Q19482,38.0,2002-01-01T00:00:00Z,2004-01-01T00:00:00Z
http://www.wikidata.org/entity/Q4718025,http://www.wikidata.org/entity/Q19604,10.0,2014-01-01T00:00:00Z,2014-01-01T00:00:00Z
http://www.wikidata.org/entity/Q4720878,http://www.wikidata.org/entity/Q19481,0.0,2007-01-01T00:00:00Z,2007-01-01T00:00:00Z
http://www.wikidata.org/entity/Q475024,http://www.wikidata.org/entity/Q19607,262.0,2001-01-01T00:00:00Z,2008-01-01T00:00:00Z
http://www.wikidata.org/entity/Q4795834,http://www.wikidata.org/entity/Q19580,0.0,2007-01-01T00:00:00Z,2007-01-01T00:00:00Z
http://www.wikidata.org/entity/Q4796061,http://www.wikidata.org/entity/Q19498,2.0,2008-01-01T00:00:00Z,2014-01-01T00:00:00Z
http://www.wikidata.org/entity/Q4796062,http://www.wikidata.org/entity/Q19490,32.0,2007-01-01T00:00:00Z,2010-01-01T00:00:00Z
http://www.wikidata.org/entity/Q4805356,http://www.wikidata.org/entity/Q19477,0.0,2004-01-01T00:00:00Z,2005-01-01T00:00:00Z
http://www.wikidata.org/entity/Q4805380,http://www.wikidata.org/entity/Q19580,10.0,2008-01-01T00:00:00Z,2010-01-01T00:00:00Z
http://www.wikidata.org/entity/Q4805392,http://www.wikidata.org/entity/Q19481,6.0,2005-01-01T00:00:00Z,2011-01-01T00:00:00Z
http://www.wikidata.org/entity/Q4805467,http://www.wikidata.org/entity/Q19604,32.0,2012-01-01T00:00:00Z,2014-01-01T00:00:00Z
http://www.wikidata.org/entity/Q4805585,http://www.wikidata.org/entity/Q19607,2.0,2003-01-01T00:00:00Z,2005-01-01T00:00:00Z
http://www.wikidata.org/entity/Q4805620,http://www.wikidata.org/entity/Q19500,0.0,2003-01-01T00:00:00Z,2004-01-01T00:00:00Z
http://www.wikidata.org/entity/Q4808571,http://www.wikidata.org/entity/Q19481,31.0,2007-01-01T00:00:00Z,2010-01-01T00:00:00Z
http://www.wikidata.org/entity/Q15984451,http://www.wikidata.org/entity/Q19498,2.0,2019-01-01T00:00:00Z,
http://www.wikidata.org/entity/Q15845070,http://www.wikidata.org/entity/Q19571,14.0,1999-01-01T00:00:00Z,2001-01-01T00:00:00Z
http://www.wikidata.org/entity/Q15845070,http://www.wikidata.org/entity/Q19571,0.0,1999-01-01T00:00:00Z,1999-01-01T00:00:00Z
http://www.wikidata.org/entity/Q15915040,http://www.wikidata.org/entity/Q19477,99.0,2014-01-01T00:00:00Z,2017-01-01T00:00:00Z
http://www.wikidata.org/entity/Q15964413,http://www.wikidata.org/entity/Q19571,20.0,2002-01-01T00:00:00Z,2004-01-01T00:00:00Z
http://www.wikidata.org/entity/Q15994223,http://www.wikidata.org/entity/Q19571,15.0,1998-01-01T00:00:00Z,1999-01-01T00:00:00Z
http://www.wikidata.org/entity/Q15999779,http://www.wikidata.org/entity/Q19604,20.0,2013-01-01T00:00:00Z,2014-01-01T00:00:00Z
http://www.wikidata.org/entity/Q15999943,http://www.wikidata.org/entity/Q19571,0.0,2012-01-01T00:00:00Z,2014-01-01T00:00:00Z
http://www.wikidata.org/entity/Q1605526,http://www.wikidata.org/entity/Q19498,136.0,2007-01-01T00:00:00Z,2010-01-01T00:00:00Z
http://www.wikidata.org/entity/Q1628037,http://www.wikidata.org/entity/Q19571,43.0,1997-01-01T00:00:00Z,1999-01-01T00:00:00Z
http://www.wikidata.org/entity/Q1631560,http://www.wikidata.org/entity/Q19481,83.0,1996-01-01T00:00:00Z,2000-01-01T00:00:00Z
http://www.wikidata.org/entity/Q1632278,http://www.wikidata.org/entity/Q19490,14.0,2003-01-01T00:00:00Z,2003-01-01T00:00:00Z
http://www.wikidata.org/entity/Q1632278,http://www.wikidata.org/entity/Q19498,13.0,2013-01-01T00:00:00Z,2014-01-01T00:00:00Z
http://www.wikidata.org/entity/Q1647272,http://www.wikidata.org/entity/Q19481,32.0,2005-01-01T00:00:00Z,2008-01-01T00:00:00Z
http://www.wikidata.org/entity/Q1647466,http://www.wikidata.org/entity/Q19473,80.0,2010-01-01T00:00:00Z,2013-01-01T00:00:00Z
http://www.wikidata.org/entity/Q1648772,http://www.wikidata.org/entity/Q19571,152.0,1998-01-01T00:00:00Z,2003-01-01T00:00:00Z
http://www.wikidata.org/entity/Q16845814,http://www.wikidata.org/entity/Q19571,0.0,2013-01-01T00:00:00Z,2013-01-01T00:00:00Z
http://www.wikidata.org/entity/Q6395702,http://www.wikidata.org/entity/Q1128631,0.0,1998-01-01T00:00:00Z,2000-01-01T00:00:00Z
http://www.wikidata.org/entity/Q6395884,http://www.wikidata.org/entity/Q1128631,0.0,2016-01-01T00:00:00Z,2016-01-01T00:00:00Z
http://www.wikidata.org/entity/Q6396156,http://www.wikidata.org/entity/Q1128631,0.0,1998-01-01T00:00:00Z,2001-01-01T00:00:00Z
http://www.wikidata.org/entity/Q6397090,http://www.wikidata.org/entity/Q1128631,13.0,2006-01-01T00:00:00Z,2007-01-01T00:00:00Z
http://www.wikidata.org/entity/Q6397517,http://www.wikidata.org/entity/Q1128631,0.0,2005-01-01T00:00:00Z,2006-01-01T00:00:00Z
http://www.wikidata.org/entity/Q641425,http://www.wikidata.org/entity/Q1130849,151.0,2018-07-01T00:00:00Z,2023-07-31T00:00:00Z
http://www.wikidata.org/entity/Q647776,http://www.wikidata.org/entity/Q1128631,151.0,2001-01-01T00:00:00Z,2009-01-01T00:00:00Z
http://www.wikidata.org/entity/Q6538148,http://www.wikidata.org/entity/Q1130849,0.0,1999-01-01T00:00:00Z,2001-01-01T00:00:00Z
http://www.wikidata.org/entity/Q6539547,http://www.wikidata.org/entity/Q1128631,0.0,2010-01-01T00:00:00Z,2011-01-01T00:00:00Z
http://www.wikidata.org/entity/Q66385776,http://www.wikidata.org/entity/Q1130849,29.0,2019-01-01T00:00:00Z,2025-01-01T00:00:00Z
http://www.wikidata.org/entity/Q1822101,http://www.wikidata.org/entity/Q19500,13.0,2004-01-01T00:00:00Z,2009-01-01T00:00:00Z
http://www.wikidata.org/entity/Q1822147,http://www.wikidata.org/entity/Q19498,7.0,2014-01-01T00:00:00Z,2015-01-01T00:00:00Z
http://www.wikidata.org/entity/Q1822147,http://www.wikidata.org/entity/Q19490,202.0,2006-01-01T00:00:00Z,2013-01-01T00:00:00Z
http://www.wikidata.org/entity/Q1822147,http://www.wikidata.org/entity/Q19498,15.0,2015-01-01T00:00:00Z,2015-01-01T00:00:00Z
http://www.wikidata.org/entity/Q18683792,http://www.wikidata.org/entity/Q19607,55.0,2014-11-14T00:00:00Z,2016-08-08T00:00:00Z
http://www.wikidata.org/entity/Q18684812,http://www.wikidata.org/entity/Q19498,0.0,1997-01-01T00:00:00Z,2001-01-01T00:00:00Z
http://www.wikidata.org/entity/Q18704968,http://www.wikidata.org/entity/Q19568,0.0,2012-01-01T00:00:00Z,2014-01-01T00:00:00Z
http://www.wikidata.org/entity/Q33297140,http://www.wikidata.org/entity/Q1130849,105.0,2023-01-01T00:00:00Z,
http://www.wikidata.org/entity/Q301931,http://www.wikidata.org/entity/Q19481,7.0,2008-01-01T00:00:00Z,2009-01-01T00:00:00Z
http://www.wikidata.org/entity/Q3024053,http://www.wikidata.org/entity/Q19490,185.0,1993-01-01T00:00:00Z,1999-01-01T00:00:00Z
http://www.wikidata.org/entity/Q3028760,http://www.wikidata.org/entity/Q19490,25.0,1997-01-01T00:00:00Z,1999-01-01T00:00:00Z
http://www.wikidata.org/entity/Q3028768,http://www.wikidata.org/entity/Q19481,110.0,1999-01-01T00:00:00Z,2005-01-01T00:00:00Z
http://www.wikidata.org/entity/Q3028768,http://www.wikidata.org/entity/Q19580,6.0,2013-01-01T00:00:00Z,2013-01-01T00:00:00Z
http://www.wikidata.org/entity/Q3028768,http://www.wikidata.org/entity/Q19607,23.0,2009-01-01T00:00:00Z,2010-01-01T00:00:00Z
http://www.wikidata.org/entity/Q3035800,http://www.wikidata.org/entity/Q19580,32.0,2006-01-01T00:00:00Z,2007-01-01T00:00:00Z
http://www.wikidata.org/entity/Q3035800,http://www.wikidata.org/entity/Q19580,6.0,2005-01-01T00:00:00Z,2006-01-01T00:00:00Z
http://www.wikidata.org/entity/Q304222,http://www.wikidata.org/entity/Q19580,86.0,2007-01-01T00:00:00Z,2009-01-01T00:00:00Z
http://www.wikidata.org/entity/Q3051153,http://www.wikidata.org/entity/Q19490,3.0,2005-01-01T00:00:00Z,2006-01-01T00:00:00Z
http://www.wikidata.org/entity/Q306351,http://www.wikidata.org/entity/Q19568,10.0,2000-01-01T00:00:00Z,2000-01-01T00:00:00Z
http://www.wikidata.org/entity/Q3063575,http://www.wikidata.org/entity/Q19580,11.0,2002-01-01T00:00:00Z,2003-01-01T00:00:00Z
http://www.wikidata.org/entity/Q3064210,http://www.wikidata.org/entity/Q19498,12.0,2005-01-01T00:00:00Z,2005-01-01T00:00:00Z
http://www.wikidata.org/entity/Q3067879,http://www.wikidata.org/entity/Q19568,15.0,2000-01-01T00:00:00Z,2002-01-01T00:00:00Z
http://www.wikidata.org/entity/Q308394,http://www.wikidata.org/entity/Q19477,34.0,2012-01-01T00:00:00Z,2014-01-01T00:00:00Z
http://www.wikidata.org/entity/Q309781,http://www.wikidata.org/entity/Q19607,6.0,2010-09-01T00:00:00Z,2010-10-01T00:00:00Z
http://www.wikidata.org/entity/Q309781,http://www.wikidata.org/entity/Q19481,115.0,2012-01-01T00:00:00Z,2016-01-01T00:00:00Z
http://www.wikidata.org/entity/Q309781,http://www.wikidata.org/entity/Q19604,22.0,2011-01-01T00:00:00Z,2011-06-01T00:00:00Z
http://www.wikidata.org/entity/Q309890,http://www.wikidata.org/entity/Q19477,13.0,2009-01-01T00:00:00Z,2009-01-01T00:00:00Z
http://www.wikidata.org/entity/Q310037,http://www.wikidata.org/entity/Q19490,7.0,2012-01-01T00:00:00Z,2013-01-01T00:00:00Z
http://www.wikidata.org/entity/Q310043,http://www.wikidata.org/entity/Q19500,5.0,2012-01-01T00:00:00Z,2012-02-01T00:00:00Z
http://www.wikidata.org/entity/Q310612,http://www.wikidata.org/entity/Q19481,114.0,2015-01-01T00:00:00Z,2019-06-01T00:00:00Z
http://www.wikidata.org/entity/Q310658,http://www.wikidata.org/entity/Q19481,61.0,2013-09-17T00:00:00Z,2017-07-01T00:00:00Z
http://www.wikidata.org/entity/Q3110444,http://www.wikidata.org/entity/Q19604,18.0,2005-01-01T00:00:00Z,2006-01-01T00:00:00Z
http://www.wikidata.org/entity/Q3112340,http://www.wikidata.org/entity/Q19498,27.0,1997-01-01T00:00:00Z,1999-01-01T00:00:00Z
http://www.wikidata.org/entity/Q3112461,http://www.wikidata.org/entity/Q19482,5.0,2004-01-01T00:00:00Z,2004-01-01T00:00:00Z
http://www.wikidata.org/entity/Q311370,http://www.wikidata.org/entity/Q19481,4.0,2012-01-01T00:00:00Z,2012-02-01T00:00:00Z
http://www.wikidata.org/entity/Q311370,http://www.wikidata.org/entity/Q19580,14.0,2014-01-01T00:00:00Z,2014-05-01T00:00:00Z
http://www.wikidata.org/entity/Q311377,http://www.wikidata.org/entity/Q19481,236.0,2014-01-01T00:00:00Z,2024-01-01T00:00:00Z
http://www.wikidata.org/entity/Q3115383,http://www.wikidata.org/entity/Q19571,8.0,2007-01-01T00:00:00Z,2007-01-01T00:00:00Z
http://www.wikidata.org/entity/Q3116284,http://www.wikidata.org/entity/Q19477,3.0,2002-01-01T00:00:00Z,2004-01-01T00:00:00Z
http://www.wikidata.org/entity/Q3116446,http://www.wikidata.org/entity/Q19500,0.0,2013-01-01T00:00:00Z,2013-01-01T00:00:00Z
http://www.wikidata.org/entity/Q3119690,http://www.wikidata.org/entity/Q19580,35.0,2008-01-01T00:00:00Z,2009-01-01T00:00:00Z
http://www.wikidata.org/entity/Q3480988,http://www.wikidata.org/entity/Q1130849,35.0,2013-01-01T00:00:00Z,2015-01-01T00:00:00Z
http://www.wikidata.org/entity/Q3481369,http://www.wikidata.org/entity/Q1128631,25.0,2009-01-01T00:00:00Z,2011-01-01T00:00:00Z
http://www.wikidata.org/entity/Q348195,http://www.wikidata.org/entity/Q1130849,5.0,2009-01-01T00:00:00Z,2011-01-01T00:00:00Z
http://www.wikidata.org/entity/Q349473,http://www.wikidata.org/entity/Q1128631,201.0,1994-01-01T00:00:00Z,2005-01-01T00:00:00Z
http://www.wikidata.org/entity/Q350107,http://www.wikidata.org/entity/Q1128631,19.0,2015-01-01T00:00:00Z,2015-01-01T00:00:00Z
http://www.wikidata.org/entity/Q350263,http://www.wikidata.org/entity/Q1128631,10.0,2011-01-01T00:00:00Z,2012-01-01T00:00:00Z
http://www.wikidata.org/entity/Q350412,http://www.wikidata.org/entity/Q1130849,0.0,2007-01-01T00:00:00Z,2010-01-01T00:00:00Z
http://www.wikidata.org/entity/Q350634,http://www.wikidata.org/entity/Q1128631,85.0,2005-01-01T00:00:00Z,2007-01-01T00:00:00Z
http://www.wikidata.org/entity/Q350785,http://www.wikidata.org/entity/Q1130849,37.0,2002-01-01T00:00:00Z,2007-01-01T00:00:00Z
http://www.wikidata.org/entity/Q351797,http://www.wikidata.org/entity/Q1130849,2.0,2007-01-01T00:00:00Z,2007-06-01T00:00:00Z
http://www.wikidata.org/entity/Q351797,http://www.wikidata.org/entity/Q1130849,44.0,2007-07-01T00:00:00Z,2011-01-01T00:00:00Z
http://www.wikidata.org/entity/Q353520,http://www.wikidata.org/entity/Q1128631,203.0,1996-01-01T00:00:00Z,2003-01-01T00:00:00Z
http://www.wikidata.org/entity/Q353678,http://www.wikidata.org/entity/Q1130849,55.0,2000-01-01T00:00:00Z,2002-01-01T00:00:00Z
http://www.wikidata.org/entity/Q3557182,http://www.wikidata.org/entity/Q1130849,26.0,2019-01-01T00:00:00Z,2024-01-01T00:00:00Z
http://www.wikidata.org/entity/Q357507,http://www.wikidata.org/entity/Q1130849,0.0,2008-01-01T00:00:00Z,2013-01-01T00:00:00Z
http://www.wikidata.org/entity/Q357507,http://www.wikidata.org/entity/Q1130849,0.0,2007-01-01T00:00:00Z,2008-01-01T00:00:00Z
http://www.wikidata.org/entity/Q357977,http://www.wikidata.org/entity/Q1130849,1.0,2006-01-01T00:00:00Z,2012-01-01T00:00:00Z
http://www.wikidata.org/entity/Q358214,http://www.wikidata.org/entity/Q1130849,21.0,2004-01-01T00:00:00Z,2006-01-01T00:00:00Z
http://www.wikidata.org/entity/Q358793,http://www.wikidata.org/entity/Q1128631,213.0,1996-01-01T00:00:00Z,2004-01-01T00:00:00Z
http://www.wikidata.org/entity/Q360217,http://www.wikidata.org/entity/Q1130849,0.0,2006-01-01T00:00:00Z,2009-01-01T00:00:00Z
http://www.wikidata.org/entity/Q3607774,http://www.wikidata.org/entity/Q1128631,10.0,2008-01-01T00:00:00Z,2008-01-01T00:00:00Z
http://www.wikidata.org/entity/Q3607774,http://www.wikidata.org/entity/Q1128631,11.0,2008-01-01T00:00:00Z,2010-01-01T00:00:00Z
http://www.wikidata.org/entity/Q362555,http://www.wikidata.org/entity/Q1128631,90.0,1998-01-01T00:00:00Z,2004-01-01T00:00:00Z
http://www.wikidata.org/entity/Q16150463,http://www.wikidata.org/entity/Q19580,0.0,2013-01-01T00:00:00Z,2014-01-01T00:00:00Z
http://www.wikidata.org/entity/Q16150735,http://www.wikidata.org/entity/Q19604,2.0,2013-01-01T00:00:00Z,2015-01-01T00:00:00Z
http://www.wikidata.org/entity/Q16184113,http://www.wikidata.org/entity/Q19571,16.0,2015-01-01T00:00:00Z,2016-01-01T00:00:00Z
http://www.wikidata.org/entity/Q16201187,http://www.wikidata.org/entity/Q19571,19.0,1997-01-01T00:00:00Z,1999-01-01T00:00:00Z
http://www.wikidata.org/entity/Q16203449,http://www.wikidata.org/entity/Q19571,0.0,2012-01-01T00:00:00Z,2015-01-01T00:00:00Z
http://www.wikidata.org/entity/Q16204232,http://www.wikidata.org/entity/Q19500,0.0,2000-01-01T00:00:00Z,2003-01-01T00:00:00Z
http://www.wikidata.org/entity/Q16204966,http://www.wikidata.org/entity/Q19571,0.0,2005-01-01T00:00:00Z,2006-01-01T00:00:00Z
http://www.wikidata.org/entity/Q16205479,http://www.wikidata.org/entity/Q19571,0.0,2004-01-01T00:00:00Z,2005-01-01T00:00:00Z
http://www.wikidata.org/entity/Q16205758,http://www.wikidata.org/entity/Q19571,55.0,1997-01-01T00:00:00Z,2002-01-01T00:00:00Z
http://www.wikidata.org/entity/Q16209286,http://www.wikidata.org/entity/Q19571,0.0,2006-01-01T00:00:00Z,2006-01-01T00:00:00Z
http://www.wikidata.org/entity/Q16215762,http://www.wikidata.org/entity/Q19571,3.0,2000-01-01T00:00:00Z,2000-01-01T00:00:00Z
http://www.wikidata.org/entity/Q16217380,http://www.wikidata.org/entity/Q19571,10.0,1999-01-01T00:00:00Z,2001-01-01T00:00:00Z
http://www.wikidata.org/entity/Q16218428,http://www.wikidata.org/entity/Q19607,23.0,1999-01-01T00:00:00Z,2003-01-01T00:00:00Z
http://www.wikidata.org/entity/Q16220976,http://www.wikidata.org/entity/Q19571,1.0,1999-01-01T00:00:00Z,1999-01-01T00:00:00Z
http://www.wikidata.org/entity/Q16220976,http://www.wikidata.org/entity/Q19571,5.0,1999-01-01T00:00:00Z,2000-01-01T00:00:00Z
http://www.wikidata.org/entity/Q16223860,http://www.wikidata.org/entity/Q19571,0.0,2004-01-01T00:00:00Z,2005-01-01T00:00:00Z
http://www.wikidata.org/entity/Q16224050,http://www.wikidata.org/entity/Q19571,1.0,2003-01-01T00:00:00Z,2004-01-01T00:00:00Z
http://www.wikidata.org/entity/Q16229592,http://www.wikidata.org/entity/Q19490,0.0,2013-01-01T00:00:00Z,2015-01-01T00:00:00Z
http://www.wikidata.org/entity/Q16229909,http://www.wikidata.org/entity/Q19473,0.0,2012-01-01T00:00:00Z,2014-01-01T00:00:00Z
http://www.wikidata.org/entity/Q16229998,http://www.wikidata.org/entity/Q19571,0.0,2013-01-01T00:00:00Z,2015-01-01T00:00:00Z
http://www.wikidata.org/entity/Q16230085,http://www.wikidata.org/entity/Q19473,2.0,2013-01-01T00:00:00Z,2015-01-01T00:00:00Z
http://www.wikidata.org/entity/Q16231464,http://www.wikidata.org/entity/Q19571,0.0,2004-01-01T00:00:00Z,2005-01-01T00:00:00Z
http://www.wikidata.org/entity/Q16231819,http://www.wikidata.org/entity/Q19571,1.0,2004-01-01T00:00:00Z,2006-01-01T00:00:00Z
http://www.wikidata.org/entity/Q16232127,http://www.wikidata.org/entity/Q19571,0.0,2011-01-01T00:00:00Z,2013-01-01T00:00:00Z
http://www.wikidata.org/entity/Q16232505,http://www.wikidata.org/entity/Q19571,1.0,2005-01-01T00:00:00Z,2006-01-01T00:00:00Z
http://www.wikidata.org/entity/Q16234089,http://www.wikidata.org/entity/Q19498,0.0,2010-01-01T00:00:00Z,2012-01-01T00:00:00Z
http://www.wikidata.org/entity/Q16234528,http://www.wikidata.org/entity/Q19477,0.0,2010-01-01T00:00:00Z,2013-01-01T00:00:00Z
http://www.wikidata.org/entity/Q16234627,http://www.wikidata.org/entity/Q19498,0.0,2012-01-01T00:00:00Z,2013-01-01T00:00:00Z
http://www.wikidata.org/entity/Q16234644,http://www.wikidata.org/entity/Q19500,0.0,2011-01-01T00:00:00Z,2014-01-01T00:00:00Z
http://www.wikidata.org/entity/Q16236059,http://www.wikidata.org/entity/Q19500,0.0,2012-01-01T00:00:00Z,2013-01-01T00:00:00Z
http://www.wikidata.org/entity/Q16236091,http://www.wikidata.org/entity/Q19498,2.0,2012-01-01T00:00:00Z,2015-01-01T00:00:00Z
http://www.wikidata.org/entity/Q16236103,http://www.wikidata.org/entity/Q19604,14.0,2014-01-01T00:00:00Z,2014-01-01T00:00:00Z
http://www.wikidata.org/entity/Q16236134,http://www.wikidata.org/entity/Q19498,1.0,2013-01-01T00:00:00Z,2015-01-01T00:00:00Z
http://www.wikidata.org/entity/Q16236151,http://www.wikidata.org/entity/Q19580,3.0,2012-01-01T00:00:00Z,2014-01-01T00:00:00Z
http://www.wikidata.org/entity/Q16236308,http://www.wikidata.org/entity/Q19580,1.0,2013-01-01T00:00:00Z,2013-01-01T00:00:00Z
http://www.wikidata.org/entity/Q16236431,http://www.wikidata.org/entity/Q19604,12.0,2015-01-01T00:00:00Z,2015-01-01T00:00:00Z
http://www.wikidata.org/entity/Q16236443,http://www.wikidata.org/entity/Q19580,24.0,2014-01-01T00:00:00Z,2015-01-01T00:00:00Z
http://www.wikidata.org/entity/Q16236727,http://www.wikidata.org/entity/Q19473,21.0,2015-01-01T00:00:00Z,2017-01-01T00:00:00Z
http://www.wikidata.org/entity/Q16236800,http://www.wikidata.org/entity/Q19607,1.0,2013-01-01T00:00:00Z,2014-01-01T00:00:00Z
http://www.wikidata.org/entity/Q16236822,http://www.wikidata.org/entity/Q19607,2.0,2014-01-01T00:00:00Z,2016-01-01T00:00:00Z
http://www.wikidata.org/entity/Q16236964,http://www.wikidata.org/entity/Q19580,7.0,2014-01-01T00:00:00Z,2014-01-01T00:00:00Z
http://www.wikidata.org/entity/Q16236969,http://www.wikidata.org/entity/Q19473,2.0,2014-01-01T00:00:00Z,2014-01-01T00:00:00Z
http://www.wikidata.org/entity/Q16237054,http://www.wikidata.org/entity/Q19580,0.0,2013-01-01T00:00:00Z,2014-01-01T00:00:00Z
http://www.wikidata.org/entity/Q16239510,http://www.wikidata.org/entity/Q19607,4.0,2014-01-01T00:00:00Z,2015-01-01T00:00:00Z
http://www.wikidata.org/entity/Q16239542,http://www.wikidata.org/entity/Q19481,133.0,2016-01-01T00:00:00Z,2021-01-01T00:00:00Z
http://www.wikidata.org/entity/Q16239542,http://www.wikidata.org/entity/Q19481,10.0,2016-01-01T00:00:00Z,2021-01-01T00:00:00Z
http://www.wikidata.org/entity/Q16239819,http://www.wikidata.org/entity/Q19571,128.0,2020-09-01T00:00:00Z,2024-08-31T00:00:00Z
http://www.wikidata.org/entity/Q6514490,http://www.wikidata.org/entity/Q1128631,3.0,1997-01-01T00:00:00Z,2001-01-01T00:00:00Z
http://www.wikidata.org/entity/Q3531328,http://www.wikidata.org/entity/Q19498,8.0,2001-01-01T00:00:00Z,2001-01-01T00:00:00Z
http://www.wikidata.org/entity/Q3531328,http://www.wikidata.org/entity/Q19607,1.0,2005-01-01T00:00:00Z,2006-01-01T00:00:00Z
http://www.wikidata.org/entity/Q3531350,http://www.wikidata.org/entity/Q19500,17.0,2014-01-01T00:00:00Z,2016-01-01T00:00:00Z
http://www.wikidata.org/entity/Q3531351,http://www.wikidata.org/entity/Q19498,192.0,2005-01-01T00:00:00Z,2011-01-01T00:00:00Z
http://www.wikidata.org/entity/Q355837,http://www.wikidata.org/entity/Q19481,116.0,2015-01-01T00:00:00Z,2021-01-01T00:00:00Z
http://www.wikidata.org/entity/Q355847,http://www.wikidata.org/entity/Q19490,49.0,2011-01-01T00:00:00Z,2014-01-01T00:00:00Z
http://www.wikidata.org/entity/Q356378,http://www.wikidata.org/entity/Q19481,140.0,2001-01-01T00:00:00Z,2005-01-01T00:00:00Z
http://www.wikidata.org/entity/Q356392,http://www.wikidata.org/entity/Q19482,49.0,1999-01-01T00:00:00Z,2001-01-01T00:00:00Z
http://www.wikidata.org/entity/Q356392,http://www.wikidata.org/entity/Q19580,12.0,2001-01-01T00:00:00Z,2001-01-01T00:00:00Z
http://www.wikidata.org/entity/Q356404,http://www.wikidata.org/entity/Q19580,25.0,2010-01-01T00:00:00Z,2011-01-01T00:00:00Z
http://www.wikidata.org/entity/Q356404,http://www.wikidata.org/entity/Q19580,47.0,2000-01-01T00:00:00Z,2002-01-01T00:00:00Z
http://www.wikidata.org/entity/Q356480,http://www.wikidata.org/entity/Q19604,10.0,2003-01-01T00:00:00Z,2004-01-01T00:00:00Z
http://www.wikidata.org/entity/Q356814,http://www.wikidata.org/entity/Q19481,99.0,1996-01-01T00:00:00Z,1999-01-01T00:00:00Z
http://www.wikidata.org/entity/Q3568289,http://www.wikidata.org/entity/Q19607,12.0,2012-01-01T00:00:00Z,2012-01-01T00:00:00Z
http://www.wikidata.org/entity/Q3568289,http://www.wikidata.org/entity/Q19490,2.0,2008-01-01T00:00:00Z,2008-01-01T00:00:00Z
http://www.wikidata.org/entity/Q3568585,http://www.wikidata.org/entity/Q19580,33.0,2012-01-01T00:00:00Z,2013-01-01T00:00:00Z
http://www.wikidata.org/entity/Q3572360,http://www.wikidata.org/entity/Q19498,39.0,2006-01-01T00:00:00Z,2008-01-01T00:00:00Z
http://www.wikidata.org/entity/Q3572360,http://www.wikidata.org/entity/Q19498,14.0,2006-01-01T00:00:00Z,2006-01-01T00:00:00Z
http://www.wikidata.org/entity/Q3572360,http://www.wikidata.org/entity/Q19490,1.0,2005-01-01T00:00:00Z,2005-01-01T00:00:00Z
http://www.wikidata.org/entity/Q357490,http://www.wikidata.org/entity/Q19500,15.0,2013-01-01T00:00:00Z,2013-01-01T00:00:00Z
http://www.wikidata.org/entity/Q357507,http://www.wikidata.org/entity/Q19477,15.0,2011-01-01T00:00:00Z,2012-01-01T00:00:00Z
http://www.wikidata.org/entity/Q357641,http://www.wikidata.org/entity/Q19490,73.0,2012-01-01T00:00:00Z,2014-01-01T00:00:00Z
http://www.wikidata.org/entity/Q357641,http://www.wikidata.org/entity/Q19571,4.0,2006-01-01T00:00:00Z,2006-01-01T00:00:00Z
http://www.wikidata.org/entity/Q357641,http://www.wikidata.org/entity/Q19571,9.0,2006-01-01T00:00:00Z,2007-01-01T00:00:00Z
http://www.wikidata.org/entity/Q357664,http://www.wikidata.org/entity/Q19580,131.0,2008-01-01T00:00:00Z,2011-01-01T00:00:00Z
http://www.wikidata.org/entity/Q357664,http://www.wikidata.org/entity/Q19498,192.0,2014-01-01T00:00:00Z,2021-06-01T00:00:00Z
http://www.wikidata.org/entity/Q358660,http://www.wikidata.org/entity/Q19490,40.0,2012-07-01T00:00:00Z,2013-01-01T00:00:00Z
http://www.wikidata.org/entity/Q358660,http://www.wikidata.org/entity/Q19500,38.0,2010-01-01T00:00:00Z,2012-01-01T00:00:00Z
http://www.wikidata.org/entity/Q358660,http://www.wikidata.org/entity/Q19490,19.0,2012-01-01T00:00:00Z,2012-05-01T00:00:00Z
http://www.wikidata.org/entity/Q358793,http://www.wikidata.org/entity/Q19568,28.0,2013-01-01T00:00:00Z,2015-01-01T00:00:00Z
http://www.wikidata.org/entity/Q359016,http://www.wikidata.org/entity/Q19580,0.0,2001-01-01T00:00:00Z,2002-01-01T00:00:00Z
http://www.wikidata.org/entity/Q359016,http://www.wikidata.org/entity/Q19580,0.0,2000-01-01T00:00:00Z,2001-01-01T00:00:00Z
http://www.wikidata.org/entity/Q3591078,http://www.wikidata.org/entity/Q19580,21.0,2004-01-01T00:00:00Z,2005-01-01T00:00:00Z
http://www.wikidata.org/entity/Q359789,http://www.wikidata.org/entity/Q19500,69.0,2004-01-01T00:00:00Z,2006-01-01T00:00:00Z
http://www.wikidata.org/entity/Q359804,http://www.wikidata.org/entity/Q19604,13.0,2005-01-01T00:00:00Z,2006-01-01T00:00:00Z
http://www.wikidata.org/entity/Q360217,http://www.wikidata.org/entity/Q19490,89.0,2009-01-01T00:00:00Z,2012-01-01T00:00:00Z
http://www.wikidata.org/entity/Q360217,http://www.wikidata.org/entity/Q19490,26.0,2008-01-01T00:00:00Z,2009-01-01T00:00:00Z
http://www.wikidata.org/entity/Q3603081,http://www.wikidata.org/entity/Q19477,77.0,2011-01-01T00:00:00Z,2014-01-01T00:00:00Z
http://www.wikidata.org/entity/Q3604972,http://www.wikidata.org/entity/Q19568,21.0,2011-01-01T00:00:00Z,2012-01-01T00:00:00Z
http://www.wikidata.org/entity/Q3604973,http://www.wikidata.org/entity/Q19580,63.0,2012-01-01T00:00:00Z,2015-01-01T00:00:00Z
http://www.wikidata.org/entity/Q3605642,http://www.wikidata.org/entity/Q19580,35.0,2004-01-01T00:00:00Z,2006-01-01T00:00:00Z
http://www.wikidata.org/entity/Q3605642,http://www.wikidata.org/entity/Q19500,28.0,1996-01-01T00:00:00Z,2000-01-01T00:00:00Z
http://www.wikidata.org/entity/Q3607684,http://www.wikidata.org/entity/Q19568,2.0,2002-01-01T00:00:00Z,2003-01-01T00:00:00Z
http://www.wikidata.org/entity/Q3607774,http://www.wikidata.org/entity/Q19481,23.0,2003-01-01T00:00:00Z,2008-01-01T00:00:00Z
http://www.wikidata.org/entity/Q3616274,http://www.wikidata.org/entity/Q19481,22.0,2006-01-01T00:00:00Z,2007-01-01T00:00:00Z
http://www.wikidata.org/entity/Q3616274,http://www.wikidata.org/entity/Q19490,119.0,1997-01-01T00:00:00Z,2001-01-01T00:00:00Z
http://www.wikidata.org/entity/Q3616558,http://www.wikidata.org/entity/Q19604,8.0,2000-01-01T00:00:00Z,2000-01-01T00:00:00Z
http://www.wikidata.org/entity/Q3616558,http://www.wikidata.org/entity/Q19571,10.0,2004-01-01T00:00:00Z,2005-01-01T00:00:00Z
http://www.wikidata.org/entity/Q3616564,http://www.wikidata.org/entity/Q19607,6.0,1999-01-01T00:00:00Z,2002-01-01T00:00:00Z
http://www.wikidata.org/entity/Q3618491,http://www.wikidata.org/entity/Q19500,21.0,2011-01-01T00:00:00Z,2014-01-01T00:00:00Z
http://www.wikidata.org/entity/Q362281,http://www.wikidata.org/entity/Q19607,33.0,2012-01-01T00:00:00Z,2013-01-01T00:00:00Z
http://www.wikidata.org/entity/Q362281,http://www.wikidata.org/entity/Q19604,68.0,2010-01-01T00:00:00Z,2012-01-01T00:00:00Z
http://www.wikidata.org/entity/Q362565,http://www.wikidata.org/entity/Q19580,2.0,2010-01-01T00:00:00Z,2010-01-01T00:00:00Z
http://www.wikidata.org/entity/Q362565,http://www.wikidata.org/entity/Q19498,11.0,2007-01-01T00:00:00Z,2007-01-01T00:00:00Z
http://www.wikidata.org/entity/Q362565,http://www.wikidata.org/entity/Q19490,3.0,2009-01-01T00:00:00Z,2009-01-01T00:00:00Z
http://www.wikidata.org/entity/Q362565,http://www.wikidata.org/entity/Q19607,11.0,2014-08-01T00:00:00Z,2015-01-01T00:00:00Z
http://www.wikidata.org/entity/Q363303,http://www.wikidata.org/entity/Q19604,19.0,2009-01-01T00:00:00Z,2010-01-01T00:00:00Z
http://www.wikidata.org/entity/Q3635245,http://www.wikidata.org/entity/Q19580,83.0,1998-01-01T00:00:00Z,2004-01-01T00:00:00Z
http://www.wikidata.org/entity/Q363608,http://www.wikidata.org/entity/Q19500,24.0,2005-01-01T00:00:00Z,2006-01-01T00:00:00Z
http://www.wikidata.org/entity/Q363608,http://www.wikidata.org/entity/Q19568,66.0,2006-01-01T00:00:00Z,2008-01-01T00:00:00Z
http://www.wikidata.org/entity/Q3637927,http://www.wikidata.org/entity/Q19477,70.0,2003-01-01T00:00:00Z,2006-01-01T00:00:00Z
http://www.wikidata.org/entity/Q3637927,http://www.wikidata.org/entity/Q19571,43.0,2001-01-01T00:00:00Z,2002-01-01T00:00:00Z
http://www.wikidata.org/entity/Q3637942,http://www.wikidata.org/entity/Q19481,15.0,2011-01-01T00:00:00Z,2011-01-01T00:00:00Z
http://www.wikidata.org/entity/Q365965,http://www.wikidata.org/entity/Q19477,6.0,2010-01-01T00:00:00Z,2010-01-01T00:00:00Z
http://www.wikidata.org/entity/Q3098126,http://www.wikidata.org/entity/Q19604,16.0,2013-01-01T00:00:00Z,2013-01-01T00:00:00Z
http://www.wikidata.org/entity/Q3098290,http://www.wikidata.org/entity/Q19482,36.0,1998-01-01T00:00:00Z,2003-01-01T00:00:00Z
http://www.wikidata.org/entity/Q3098297,http://www.wikidata.org/entity/Q19490,16.0,1997-01-01T00:00:00Z,2002-01-01T00:00:00Z
http://www.wikidata.org/entity/Q3098571,http://www.wikidata.org/entity/Q19490,65.0,2005-01-01T00:00:00Z,2007-01-01T00:00:00Z
http://www.wikidata.org/entity/Q3100449,http://www.wikidata.org/entity/Q19477,193.0,2002-01-01T00:00:00Z,2008-01-01T00:00:00Z
http://www.wikidata.org/entity/Q3101396,http://www.wikidata.org/entity/Q19500,0.0,2006-01-01T00:00:00Z,2007-01-01T00:00:00Z
http://www.wikidata.org/entity/Q3103469,http://www.wikidata.org/entity/Q19607,61.0,2000-01-01T00:00:00Z,2002-01-01T00:00:00Z
http://www.wikidata.org/entity/Q311171,http://www.wikidata.org/entity/Q19500,115.0,2002-01-01T00:00:00Z,2006-01-01T00:00:00Z
http://www.wikidata.org/entity/Q311216,http://www.wikidata.org/entity/Q19580,41.0,1998-01-01T00:00:00Z,2001-01-01T00:00:00Z
http://www.wikidata.org/entity/Q311334,http://www.wikidata.org/entity/Q19604,39.0,2008-01-01T00:00:00Z,2010-01-01T00:00:00Z
http://www.wikidata.org/entity/Q311344,http://www.wikidata.org/entity/Q19580,62.0,1999-01-01T00:00:00Z,2001-01-01T00:00:00Z
http://www.wikidata.org/entity/Q311554,http://www.wikidata.org/entity/Q19604,19.0,2009-01-01T00:00:00Z,2010-01-01T00:00:00Z
http://www.wikidata.org/entity/Q311659,http://www.wikidata.org/entity/Q19500,16.0,2003-01-01T00:00:00Z,2004-01-01T00:00:00Z
http://www.wikidata.org/entity/Q311709,http://www.wikidata.org/entity/Q19481,29.0,2003-01-01T00:00:00Z,2004-01-01T00:00:00Z
http://www.wikidata.org/entity/Q311919,http://www.wikidata.org/entity/Q19482,0.0,2001-01-01T00:00:00Z,2001-01-01T00:00:00Z
http://www.wikidata.org/entity/Q312039,http://www.wikidata.org/entity/Q19481,12.0,2010-01-01T00:00:00Z,2011-01-01T00:00:00Z
http://www.wikidata.org/entity/Q312039,http://www.wikidata.org/entity/Q19477,123.0,2013-01-01T00:00:00Z,2017-01-01T00:00:00Z
http://www.wikidata.org/entity/Q312064,http://www.wikidata.org/entity/Q19477,35.0,2013-01-01T00:00:00Z,2015-01-01T00:00:00Z
http://www.wikidata.org/entity/Q312117,http://www.wikidata.org/entity/Q19477,23.0,2013-01-01T00:00:00Z,2015-01-01T00:00:00Z
http://www.wikidata.org/entity/Q312143,http://www.wikidata.org/entity/Q19490,5.0,1999-01-01T00:00:00Z,2001-01-01T00:00:00Z
http://www.wikidata.org/entity/Q312152,http://www.wikidata.org/entity/Q19477,17.0,2012-01-01T00:00:00Z,2013-01-01T00:00:00Z
http://www.wikidata.org/entity/Q312507,http://www.wikidata.org/entity/Q19490,28.0,2015-09-01T00:00:00Z,2016-01-01T00:00:00Z
http://www.wikidata.org/entity/Q312513,http://www.wikidata.org/entity/Q19498,4.0,2013-01-01T00:00:00Z,2013-01-01T00:00:00Z
http://www.wikidata.org/entity/Q312595,http://www.wikidata.org/entity/Q19490,10.0,1999-01-01T00:00:00Z,1999-01-01T00:00:00Z
http://www.wikidata.org/entity/Q312659,http://www.wikidata.org/entity/Q19490,71.0,1997-01-01T00:00:00Z,1999-01-01T00:00:00Z
http://www.wikidata.org/entity/Q312980,http://www.wikidata.org/entity/Q19498,10.0,2014-01-01T00:00:00Z,2014-01-01T00:00:00Z
http://www.wikidata.org/entity/Q312980,http://www.wikidata.org/entity/Q19490,9.0,2012-01-01T00:00:00Z,2013-01-01T00:00:00Z
http://www.wikidata.org/entity/Q312983,http://www.wikidata.org/entity/Q19568,23.0,2015-01-01T00:00:00Z,2016-01-01T00:00:00Z
http://www.wikidata.org/entity/Q312983,http://www.wikidata.org/entity/Q19568,6.0,2015-01-01T00:00:00Z,2015-01-01T00:00:00Z
http://www.wikidata.org/entity/Q312983,http://www.wikidata.org/entity/Q19498,7.0,2004-01-01T00:00:00Z,2005-01-01T00:00:00Z
http://www.wikidata.org/entity/Q313090,http://www.wikidata.org/entity/Q19490,15.0,2011-01-01T00:00:00Z,2011-01-01T00:00:00Z
http://www.wikidata.org/entity/Q313140,http://www.wikidata.org/entity/Q19604,10.0,2010-01-01T00:00:00Z,2010-01-01T00:00:00Z
http://www.wikidata.org/entity/Q313145,http://www.wikidata.org/entity/Q19607,27.0,2006-01-01T00:00:00Z,2007-01-01T00:00:00Z
http://www.wikidata.org/entity/Q313154,http://www.wikidata.org/entity/Q19607,13.0,2011-02-01T00:00:00Z,2011-05-01T00:00:00Z
http://www.wikidata.org/entity/Q313154,http://www.wikidata.org/entity/Q19604,2.0,2011-09-01T00:00:00Z,2011-11-01T00:00:00Z
http://www.wikidata.org/entity/Q313690,http://www.wikidata.org/entity/Q19481,8.0,2010-01-01T00:00:00Z,2010-01-01T00:00:00Z
http://www.wikidata.org/entity/Q313690,http://www.wikidata.org/entity/Q19473,33.0,2012-01-01T00:00:00Z,2013-01-01T00:00:00Z
http://www.wikidata.org/entity/Q313694,http://www.wikidata.org/entity/Q19571,135.0,2001-01-01T00:00:00Z,2005-01-01T00:00:00Z
http://www.wikidata.org/entity/Q313694,http://www.wikidata.org/entity/Q19500,56.0,2010-01-01T00:00:00Z,2013-01-01T00:00:00Z
http://www.wikidata.org/entity/Q313694,http://www.wikidata.org/entity/Q19477,27.0,2009-01-01T00:00:00Z,2010-01-01T00:00:00Z
http://www.wikidata.org/entity/Q313694,http://www.wikidata.org/entity/Q19580,5.0,2016-01-01T00:00:00Z,2016-01-01T00:00:00Z
http://www.wikidata.org/entity/Q313722,http://www.wikidata.org/entity/Q19607,26.0,1997-01-01T00:00:00Z,1999-01-01T00:00:00Z
http://www.wikidata.org/entity/Q313741,http://www.wikidata.org/entity/Q19604,13.0,2006-01-01T00:00:00Z,2006-01-01T00:00:00Z
http://www.wikidata.org/entity/Q313753,http://www.wikidata.org/entity/Q19604,53.0,2007-01-01T00:00:00Z,2010-01-01T00:00:00Z
http://www.wikidata.org/entity/Q3137992,http://www.wikidata.org/entity/Q19481,0.0,2007-01-01T00:00:00Z,2007-01-01T00:00:00Z
http://www.wikidata.org/entity/Q313961,http://www.wikidata.org/entity/Q19481,12.0,2011-01-01T00:00:00Z,2011-01-01T00:00:00Z
http://www.wikidata.org/entity/Q313961,http://www.wikidata.org/entity/Q19580,20.0,2009-01-01T00:00:00Z,2010-01-01T00:00:00Z
http://www.wikidata.org/entity/Q313961,http://www.wikidata.org/entity/Q19580,20.0,2009-01-01T00:00:00Z,2009-01-01T00:00:00Z
http://www.wikidata.org/entity/Q314102,http://www.wikidata.org/entity/Q19481,10.0,2004-01-01T00:00:00Z,2005-01-01T00:00:00Z
http://www.wikidata.org/entity/Q314235,http://www.wikidata.org/entity/Q19481,3.0,2010-01-01T00:00:00Z,2010-01-01T00:00:00Z
http://www.wikidata.org/entity/Q314235,http://www.wikidata.org/entity/Q19580,24.0,1998-01-01T00:00:00Z,2001-01-01T00:00:00Z
http://www.wikidata.org/entity/Q314235,http://www.wikidata.org/entity/Q19498,85.0,2012-01-01T00:00:00Z,2015-01-01T00:00:00Z
http://www.wikidata.org/entity/Q314322,http://www.wikidata.org/entity/Q19477,16.0,2017-01-01T00:00:00Z,2017-01-01T00:00:00Z
http://www.wikidata.org/entity/Q314368,http://www.wikidata.org/entity/Q19481,7.0,2011-03-01T00:00:00Z,2011-05-01T00:00:00Z
http://www.wikidata.org/entity/Q314368,http://www.wikidata.org/entity/Q19604,25.0,2004-01-01T00:00:00Z,2005-01-01T00:00:00Z
http://www.wikidata.org/entity/Q314405,http://www.wikidata.org/entity/Q19481,17.0,2004-01-01T00:00:00Z,2005-01-01T00:00:00Z
http://www.wikidata.org/entity/Q31443,http://www.wikidata.org/entity/Q1128631,38.0,2016-07-01T00:00:00Z,2017-06-01T00:00:00Z
http://www.wikidata.org/entity/Q31443,http://www.wikidata.org/entity/Q1128631,14.0,2017-07-01T00:00:00Z,2019-07-01T00:00:00Z
http://www.wikidata.org/entity/Q314627,http://www.wikidata.org/entity/Q19490,8.0,2023-01-31T00:00:00Z,2024-06-01T00:00:00Z
http://www.wikidata.org/entity/Q314755,http://www.wikidata.org/entity/Q19604,25.0,2006-01-01T00:00:00Z,2009-01-01T00:00:00Z
http://www.wikidata.org/entity/Q3148089,http://www.wikidata.org/entity/Q19473,3.0,2004-01-01T00:00:00Z,2004-01-01T00:00:00Z
http://www.wikidata.org/entity/Q3148089,http://www.wikidata.org/entity/Q19607,7.0,2002-01-01T00:00:00Z,2004-01-01T00:00:00Z
http://www.wikidata.org/entity/Q314865,http://www.wikidata.org/entity/Q19481,44.0,2010-01-01T00:00:00Z,2012-01-01T00:00:00Z
http://www.wikidata.org/entity/Q314901,http://www.wikidata.org/entity/Q19498,20.0,1999-01-01T00:00:00Z,2003-01-01T00:00:00Z
http://www.wikidata.org/entity/Q315301,http://www.wikidata.org/entity/Q19500,10.0,2008-10-01T00:00:00Z,2008-12-01T00:00:00Z
http://www.wikidata.org/entity/Q315301,http://www.wikidata.org/entity/Q19500,46.0,2008-12-01T00:00:00Z,2011-01-01T00:00:00Z
http://www.wikidata.org/entity/Q315301,http://www.wikidata.org/entity/Q19490,125.0,2014-01-01T00:00:00Z,2018-01-01T00:00:00Z
http://www.wikidata.org/entity/Q342282,http://www.wikidata.org/entity/Q1128631,5.0,2011-01-01T00:00:00Z,2011-01-01T00:00:00Z
http://www.wikidata.org/entity/Q342342,http://www.wikidata.org/entity/Q1130849,3.0,2006-01-01T00:00:00Z,2007-01-01T00:00:00Z
http://www.wikidata.org/entity/Q342497,http://www.wikidata.org/entity/Q1130849,0.0,2005-01-01T00:00:00Z,2009-01-01T00:00:00Z
http://www.wikidata.org/entity/Q342530,http://www.wikidata.org/entity/Q1128631,15.0,2011-01-01T00:00:00Z,2012-01-01T00:00:00Z
http://www.wikidata.org/entity/Q342572,http://www.wikidata.org/entity/Q1130849,75.0,1999-01-01T00:00:00Z,2001-01-01T00:00:00Z
http://www.wikidata.org/entity/Q3470498,http://www.wikidata.org/entity/Q1128631,0.0,2006-01-01T00:00:00Z,2007-01-01T00:00:00Z
http://www.wikidata.org/entity/Q349125,http://www.wikidata.org/entity/Q1130849,131.0,2014-01-01T00:00:00Z,2020-01-01T00:00:00Z
http://www.wikidata.org/entity/Q349177,http://www.wikidata.org/entity/Q1128631,13.0,2012-01-01T00:00:00Z,2014-01-01T00:00:00Z
http://www.wikidata.org/entity/Q122075105,http://www.wikidata.org/entity/Q19500,0.0,2023-08-01T00:00:00Z,
http://www.wikidata.org/entity/Q122972260,http://www.wikidata.org/entity/Q19571,0.0,2024-01-11T00:00:00Z,
http://www.wikidata.org/entity/Q47658470,http://www.wikidata.org/entity/Q1128631,55.0,2024-07-02T00:00:00Z,
http://www.wikidata.org/entity/Q104161834,http://www.wikidata.org/entity/Q19473,42.0,2020-12-01T00:00:00Z,
http://www.wikidata.org/entity/Q15082662,http://www.wikidata.org/entity/Q19571,94.0,2018-01-01T00:00:00Z,
http://www.wikidata.org/entity/Q27920148,http://www.wikidata.org/entity/Q1128631,71.0,2024-01-01T00:00:00Z,
http://www.wikidata.org/entity/Q121422889,http://www.wikidata.org/entity/Q1130849,0.0,2026-01-01T00:00:00Z,
http://www.wikidata.org/entity/Q124283398,http://www.wikidata.org/entity/Q1130849,0.0,2026-07-01T00:00:00Z,
http://www.wikidata.org/entity/Q18637339,http://www.wikidata.org/entity/Q1128631,0.0,2026-01-01T00:00:00Z,
http://www.wikidata.org/entity/Q99670930,http://www.wikidata.org/entity/Q1130849,0.0,2026-08-01T00:00:00Z,
http://www.wikidata.org/entity/Q116052667,http://www.wikidata.org/entity/Q1128631,0.0,2026-09-01T00:00:00Z,
http://www.wikidata.org/entity/Q1121443,http://www.wikidata.org/entity/Q19473,0.0,2010-01-01T00:00:00Z,2010-01-01T00:00:00Z
http://www.wikidata.org/entity/Q1125100,http://www.wikidata.org/entity/Q19500,29.0,2007-01-01T00:00:00Z,2008-01-01T00:00:00Z
http://www.wikidata.org/entity/Q1125100,http://www.wikidata.org/entity/Q19580,18.0,2012-01-01T00:00:00Z,2013-01-01T00:00:00Z
http://www.wikidata.org/entity/Q113561,http://www.wikidata.org/entity/Q19498,11.0,2017-01-01T00:00:00Z,2017-05-01T00:00:00Z
http://www.wikidata.org/entity/Q1138205,http://www.wikidata.org/entity/Q19473,105.0,2004-01-01T00:00:00Z,2007-01-01T00:00:00Z
http://www.wikidata.org/entity/Q1138205,http://www.wikidata.org/entity/Q19473,6.0,2004-01-01T00:00:00Z,2004-01-01T00:00:00Z
http://www.wikidata.org/entity/Q1138537,http://www.wikidata.org/entity/Q19500,1.0,2007-01-01T00:00:00Z,2007-01-01T00:00:00Z
http://www.wikidata.org/entity/Q1143826,http://www.wikidata.org/entity/Q19498,17.0,2013-01-01T00:00:00Z,2013-01-01T00:00:00Z
http://www.wikidata.org/entity/Q1151757,http://www.wikidata.org/entity/Q19607,8.0,2009-01-01T00:00:00Z,2009-01-01T00:00:00Z
http://www.wikidata.org/entity/Q1153447,http://www.wikidata.org/entity/Q19580,0.0,2015-01-01T00:00:00Z,2015-01-01T00:00:00Z
http://www.wikidata.org/entity/Q1157089,http://www.wikidata.org/entity/Q19604,27.0,2002-01-01T00:00:00Z,2003-01-01T00:00:00Z
http://www.wikidata.org/entity/Q115843,http://www.wikidata.org/entity/Q19481,84.0,2008-01-01T00:00:00Z,2012-01-01T00:00:00Z
http://www.wikidata.org/entity/Q1159005,http://www.wikidata.org/entity/Q19481,59.0,2003-01-01T00:00:00Z,2005-01-01T00:00:00Z
http://www.wikidata.org/entity/Q1159005,http://www.wikidata.org/entity/Q19607,4.0,2005-01-01T00:00:00Z,2006-01-01T00:00:00Z
http://www.wikidata.org/entity/Q1159005,http://www.wikidata.org/entity/Q19580,6.0,2005-01-01T00:00:00Z,2005-01-01T00:00:00Z
http://www.wikidata.org/entity/Q1159077,http://www.wikidata.org/entity/Q19490,54.0,2012-01-01T00:00:00Z,2015-01-01T00:00:00Z
http://www.wikidata.org/entity/Q1164553,http://www.wikidata.org/entity/Q19490,71.0,2012-01-01T00:00:00Z,2015-01-01T00:00:00Z
http://www.wikidata.org/entity/Q1164757,http://www.wikidata.org/entity/Q19498,53.0,1998-01-01T00:00:00Z,2000-01-01T00:00:00Z
http://www.wikidata.org/entity/Q1164757,http://www.wikidata.org/entity/Q19490,28.0,2003-01-01T00:00:00Z,2004-01-01T00:00:00Z
http://www.wikidata.org/entity/Q1166685,http://www.wikidata.org/entity/Q19500,31.0,2007-01-01T00:00:00Z,2010-01-01T00:00:00Z
http://www.wikidata.org/entity/Q1173037,http://www.wikidata.org/entity/Q19568,6.0,2007-01-01T00:00:00Z,2007-01-01T00:00:00Z
http://www.wikidata.org/entity/Q1173076,http://www.wikidata.org/entity/Q19604,9.0,2013-01-01T00:00:00Z,2015-01-01T00:00:00Z
http://www.wikidata.org/entity/Q1173879,http://www.wikidata.org/entity/Q19568,4.0,2009-01-01T00:00:00Z,2009-01-01T00:00:00Z
http://www.wikidata.org/entity/Q1174734,http://www.wikidata.org/entity/Q19604,67.0,1996-01-01T00:00:00Z,1999-01-01T00:00:00Z
http://www.wikidata.org/entity/Q1175700,http://www.wikidata.org/entity/Q19473,161.0,2003-01-01T00:00:00Z,2008-01-01T00:00:00Z
http://www.wikidata.org/entity/Q1176843,http://www.wikidata.org/entity/Q19580,66.0,2000-01-01T00:00:00Z,2002-01-01T00:00:00Z
http://www.wikidata.org/entity/Q1176843,http://www.wikidata.org/entity/Q19604,12.0,2006-01-01T00:00:00Z,2007-01-01T00:00:00Z
http://www.wikidata.org/entity/Q1179451,http://www.wikidata.org/entity/Q19580,26.0,2004-01-01T00:00:00Z,2005-01-01T00:00:00Z
http://www.wikidata.org/entity/Q1181083,http://www.wikidata.org/entity/Q19473,15.0,2010-01-01T00:00:00Z,2010-01-01T00:00:00Z
http://www.wikidata.org/entity/Q1181137,http://www.wikidata.org/entity/Q19500,7.0,2001-01-01T00:00:00Z,2001-01-01T00:00:00Z
http://www.wikidata.org/entity/Q1181137,http://www.wikidata.org/entity/Q19481,22.0,2001-01-01T00:00:00Z,2001-01-01T00:00:00Z
http://www.wikidata.org/entity/Q1181137,http://www.wikidata.org/entity/Q19607,4.0,2003-01-01T00:00:00Z,2004-01-01T00:00:00Z
http://www.wikidata.org/entity/Q1181147,http://www.wikidata.org/entity/Q19607,4.0,2002-01-01T00:00:00Z,2002-01-01T00:00:00Z
http://www.wikidata.org/entity/Q1181147,http://www.wikidata.org/entity/Q19607,16.0,2003-01-01T00:00:00Z,2003-01-01T00:00:00Z
http://www.wikidata.org/entity/Q1181147,http://www.wikidata.org/entity/Q19477,42.0,2007-01-01T00:00:00Z,2009-01-01T00:00:00Z
http://www.wikidata.org/entity/Q1181147,http://www.wikidata.org/entity/Q19477,18.0,2007-01-01T00:00:00Z,2007-01-01T00:00:00Z
http://www.wikidata.org/entity/Q1181147,http://www.wikidata.org/entity/Q19498,2.0,2001-01-01T00:00:00Z,2001-01-01T00:00:00Z
http://www.wikidata.org/entity/Q1183480,http://www.wikidata.org/entity/Q19498,0.0,2014-01-01T00:00:00Z,2015-01-01T00:00:00Z
http://www.wikidata.org/entity/Q1184033,http://www.wikidata.org/entity/Q19580,163.0,2003-01-01T00:00:00Z,2008-01-01T00:00:00Z
http://www.wikidata.org/entity/Q1184033,http://www.wikidata.org/entity/Q19477,10.0,2011-01-01T00:00:00Z,2012-01-01T00:00:00Z
http://www.wikidata.org/entity/Q1184033,http://www.wikidata.org/entity/Q19490,62.0,2009-01-01T00:00:00Z,2011-01-01T00:00:00Z
http://www.wikidata.org/entity/Q1185866,http://www.wikidata.org/entity/Q19490,6.0,1999-01-01T00:00:00Z,2001-01-01T00:00:00Z
http://www.wikidata.org/entity/Q1190714,http://www.wikidata.org/entity/Q19490,45.0,2013-01-01T00:00:00Z,2015-01-01T00:00:00Z
http://www.wikidata.org/entity/Q1190714,http://www.wikidata.org/entity/Q19482,13.0,2003-01-01T00:00:00Z,2004-01-01T00:00:00Z
http://www.wikidata.org/entity/Q1191464,http://www.wikidata.org/entity/Q19490,40.0,2016-07-01T00:00:00Z,2019-07-01T00:00:00Z
http://www.wikidata.org/entity/Q120254,http://www.wikidata.org/entity/Q19604,3.0,2000-01-01T00:00:00Z,2001-01-01T00:00:00Z
http://www.wikidata.org/entity/Q120254,http://www.wikidata.org/entity/Q19604,3.0,2000-01-01T00:00:00Z,2000-01-01T00:00:00Z
http://www.wikidata.org/entity/Q83498,http://www.wikidata.org/entity/Q1128631,0.0,2006-01-01T00:00:00Z,2007-01-01T00:00:00Z
http://www.wikidata.org/entity/Q836759,http://www.wikidata.org/entity/Q1130849,0.0,2006-01-01T00:00:00Z,2010-01-01T00:00:00Z
http://www.wikidata.org/entity/Q837066,http://www.wikidata.org/entity/Q1130849,2.0,2006-01-01T00:00:00Z,2009-01-01T00:00:00Z
http://www.wikidata.org/entity/Q867814,http://www.wikidata.org/entity/Q1128631,35.0,2004-01-01T00:00:00Z,2005-01-01T00:00:00Z
http://www.wikidata.org/entity/Q2398985,http://www.wikidata.org/entity/Q19482,85.0,1989-01-01T00:00:00Z,2000-01-01T00:00:00Z
http://www.wikidata.org/entity/Q239914,http://www.wikidata.org/entity/Q19604,21.0,2009-01-01T00:00:00Z,2010-01-01T00:00:00Z
http://www.wikidata.org/entity/Q239938,http://www.wikidata.org/entity/Q19490,10.0,2011-01-01T00:00:00Z,2011-01-01T00:00:00Z
http://www.wikidata.org/entity/Q2408063,http://www.wikidata.org/entity/Q19604,108.0,1998-01-01T00:00:00Z,2002-01-01T00:00:00Z
http://www.wikidata.org/entity/Q2411076,http://www.wikidata.org/entity/Q19498,11.0,2012-01-01T00:00:00Z,2013-01-01T00:00:00Z
http://www.wikidata.org/entity/Q2411255,http://www.wikidata.org/entity/Q19473,62.0,1999-01-01T00:00:00Z,2001-01-01T00:00:00Z
http://www.wikidata.org/entity/Q2412669,http://www.wikidata.org/entity/Q19568,8.0,2007-01-01T00:00:00Z,2007-01-01T00:00:00Z
http://www.wikidata.org/entity/Q241321,http://www.wikidata.org/entity/Q19580,44.0,2003-01-01T00:00:00Z,2004-01-01T00:00:00Z
http://www.wikidata.org/entity/Q2416218,http://www.wikidata.org/entity/Q19498,75.0,2011-01-01T00:00:00Z,2014-01-01T00:00:00Z
http://www.wikidata.org/entity/Q24258610,http://www.wikidata.org/entity/Q19571,16.0,2024-01-17T00:00:00Z,2024-05-31T00:00:00Z
http://www.wikidata.org/entity/Q2427511,http://www.wikidata.org/entity/Q19477,147.0,1996-01-01T00:00:00Z,2000-01-01T00:00:00Z
http://www.wikidata.org/entity/Q2436319,http://www.wikidata.org/entity/Q19571,4.0,2014-01-01T00:00:00Z,2015-01-01T00:00:00Z
http://www.wikidata.org/entity/Q2438140,http://www.wikidata.org/entity/Q19580,10.0,1998-01-01T00:00:00Z,2000-01-01T00:00:00Z
http://www.wikidata.org/entity/Q2438140,http://www.wikidata.org/entity/Q19607,4.0,1999-01-01T00:00:00Z,2000-01-01T00:00:00Z
http://www.wikidata.org/entity/Q2440220,http://www.wikidata.org/entity/Q19481,1.0,2002-01-01T00:00:00Z,2004-01-01T00:00:00Z
http://www.wikidata.org/entity/Q2440897,http://www.wikidata.org/entity/Q19482,6.0,2000-01-01T00:00:00Z,2000-01-01T00:00:00Z
http://www.wikidata.org/entity/Q2440897,http://www.wikidata.org/entity/Q19607,48.0,2004-01-01T00:00:00Z,2005-01-01T00:00:00Z
http://www.wikidata.org/entity/Q2440897,http://www.wikidata.org/entity/Q19607,5.0,2003-01-01T00:00:00Z,2003-01-01T00:00:00Z
http://www.wikidata.org/entity/Q2440897,http://www.wikidata.org/entity/Q19607,9.0,2002-01-01T00:00:00Z,2003-01-01T00:00:00Z
http://www.wikidata.org/entity/Q2442188,http://www.wikidata.org/entity/Q19580,8.0,2003-01-01T00:00:00Z,2003-01-01T00:00:00Z
http://www.wikidata.org/entity/Q2454232,http://www.wikidata.org/entity/Q19490,11.0,2014-01-01T00:00:00Z,2015-01-01T00:00:00Z
http://www.wikidata.org/entity/Q2456848,http://www.wikidata.org/entity/Q19498,116.0,2006-01-01T00:00:00Z,2009-01-01T00:00:00Z
http://www.wikidata.org/entity/Q2456848,http://www.wikidata.org/entity/Q19604,6.0,2002-01-01T00:00:00Z,2002-01-01T00:00:00Z
http://www.wikidata.org/entity/Q2456848,http://www.wikidata.org/entity/Q19571,40.0,2004-01-01T00:00:00Z,2005-01-01T00:00:00Z
http://www.wikidata.org/entity/Q2456848,http://www.wikidata.org/entity/Q19604,10.0,2002-01-01T00:00:00Z,2004-01-01T00:00:00Z
http://www.wikidata.org/entity/Q2457386,http://www.wikidata.org/entity/Q19498,8.0,2013-01-01T00:00:00Z,2013-01-01T00:00:00Z
http://www.wikidata.org/entity/Q2457386,http://www.wikidata.org/entity/Q19481,146.0,2008-01-01T00:00:00Z,2012-01-01T00:00:00Z
http://www.wikidata.org/entity/Q2457386,http://www.wikidata.org/entity/Q19481,1.0,2008-01-01T00:00:00Z,2008-01-01T00:00:00Z
http://www.wikidata.org/entity/Q2457830,http://www.wikidata.org/entity/Q19498,4.0,2006-01-01T00:00:00Z,2006-01-01T00:00:00Z
http://www.wikidata.org/entity/Q2457852,http://www.wikidata.org/entity/Q19477,82.0,2011-01-01T00:00:00Z,2014-01-01T00:00:00Z
http://www.wikidata.org/entity/Q2457852,http://www.wikidata.org/entity/Q19481,168.0,2006-01-01T00:00:00Z,2011-01-01T00:00:00Z
http://www.wikidata.org/entity/Q2457852,http://www.wikidata.org/entity/Q19498,9.0,2013-01-01T00:00:00Z,2013-01-01T00:00:00Z
http://www.wikidata.org/entity/Q2458070,http://www.wikidata.org/entity/Q19580,42.0,2001-01-01T00:00:00Z,2002-01-01T00:00:00Z
http://www.wikidata.org/entity/Q2459358,http://www.wikidata.org/entity/Q19580,17.0,2010-01-01T00:00:00Z,2013-01-01T00:00:00Z
http://www.wikidata.org/entity/Q2461428,http://www.wikidata.org/entity/Q19604,10.0,2012-01-01T00:00:00Z,2013-01-01T00:00:00Z
http://www.wikidata.org/entity/Q2463140,http://www.wikidata.org/entity/Q19571,1.0,2011-01-01T00:00:00Z,2011-01-01T00:00:00Z
http://www.wikidata.org/entity/Q2463140,http://www.wikidata.org/entity/Q19604,37.0,2013-01-01T00:00:00Z,2014-01-01T00:00:00Z
http://www.wikidata.org/entity/Q2463140,http://www.wikidata.org/entity/Q19477,0.0,2012-01-01T00:00:00Z,2012-01-01T00:00:00Z
http://www.wikidata.org/entity/Q2463858,http://www.wikidata.org/entity/Q19473,9.0,2013-01-01T00:00:00Z,2013-01-01T00:00:00Z
http://www.wikidata.org/entity/Q455486,http://www.wikidata.org/entity/Q1130849,31.0,2002-01-01T00:00:00Z,2006-01-01T00:00:00Z
http://www.wikidata.org/entity/Q455972,http://www.wikidata.org/entity/Q1128631,430.0,1992-01-01T00:00:00Z,2007-01-01T00:00:00Z
http://www.wikidata.org/entity/Q455979,http://www.wikidata.org/entity/Q1128631,41.0,2012-01-01T00:00:00Z,2014-01-01T00:00:00Z
http://www.wikidata.org/entity/Q4568774,http://www.wikidata.org/entity/Q1130849,0.0,2008-01-01T00:00:00Z,2010-01-01T00:00:00Z
http://www.wikidata.org/entity/Q458223,http://www.wikidata.org/entity/Q1128631,0.0,2009-01-01T00:00:00Z,2009-01-01T00:00:00Z
http://www.wikidata.org/entity/Q458302,http://www.wikidata.org/entity/Q1130849,39.0,2016-01-01T00:00:00Z,2018-01-01T00:00:00Z
http://www.wikidata.org/entity/Q459830,http://www.wikidata.org/entity/Q1130849,504.0,1998-01-01T00:00:00Z,2015-01-01T00:00:00Z
http://www.wikidata.org/entity/Q460512,http://www.wikidata.org/entity/Q1128631,8.0,2010-01-01T00:00:00Z,2011-01-01T00:00:00Z
http://www.wikidata.org/entity/Q461666,http://www.wikidata.org/entity/Q1130849,3.0,1998-01-01T00:00:00Z,1999-01-01T00:00:00Z
http://www.wikidata.org/entity/Q46347,http://www.wikidata.org/entity/Q50602,28.0,2010-01-01T00:00:00Z,2011-01-01T00:00:00Z
http://www.wikidata.org/entity/Q464822,http://www.wikidata.org/entity/Q1130849,0.0,2005-01-01T00:00:00Z,2008-01-01T00:00:00Z
http://www.wikidata.org/entity/Q464846,http://www.wikidata.org/entity/Q1128631,28.0,2005-01-01T00:00:00Z,2006-01-01T00:00:00Z
http://www.wikidata.org/entity/Q467274,http://www.wikidata.org/entity/Q1130849,6.0,2013-01-01T00:00:00Z,2013-01-01T00:00:00Z
http://www.wikidata.org/entity/Q1004428,http://www.wikidata.org/entity/Q19481,9.0,2012-01-01T00:00:00Z,2014-01-01T00:00:00Z
http://www.wikidata.org/entity/Q1004428,http://www.wikidata.org/entity/Q19604,29.0,2011-01-01T00:00:00Z,2012-01-01T00:00:00Z
http://www.wikidata.org/entity/Q102362241,http://www.wikidata.org/entity/Q19604,34.0,2022-01-01T00:00:00Z,2023-01-01T00:00:00Z
http://www.wikidata.org/entity/Q104762954,http://www.wikidata.org/entity/Q19490,75.0,2024-01-01T00:00:00Z,2026-01-01T00:00:00Z
http://www.wikidata.org/entity/Q14637461,http://www.wikidata.org/entity/Q19568,16.0,2024-02-01T00:00:00Z,2024-06-30T00:00:00Z
http://www.wikidata.org/entity/Q1469984,http://www.wikidata.org/entity/Q19571,8.0,1999-01-01T00:00:00Z,2000-01-01T00:00:00Z
http://www.wikidata.org/entity/Q1469984,http://www.wikidata.org/entity/Q19477,5.0,2008-01-01T00:00:00Z,2008-01-01T00:00:00Z
http://www.wikidata.org/entity/Q147111,http://www.wikidata.org/entity/Q19604,90.0,2007-01-01T00:00:00Z,2011-01-01T00:00:00Z
http://www.wikidata.org/entity/Q14906079,http://www.wikidata.org/entity/Q19607,0.0,2012-01-01T00:00:00Z,2014-01-01T00:00:00Z
http://www.wikidata.org/entity/Q1493925,http://www.wikidata.org/entity/Q19490,111.0,2008-01-01T00:00:00Z,2012-01-01T00:00:00Z
http://www.wikidata.org/entity/Q1494519,http://www.wikidata.org/entity/Q19481,114.0,1995-01-01T00:00:00Z,2001-01-01T00:00:00Z
http://www.wikidata.org/entity/Q14946538,http://www.wikidata.org/entity/Q19477,18.0,2015-01-01T00:00:00Z,2016-01-01T00:00:00Z
http://www.wikidata.org/entity/Q1494920,http://www.wikidata.org/entity/Q19500,1.0,2004-01-01T00:00:00Z,2005-01-01T00:00:00Z
http://www.wikidata.org/entity/Q1494920,http://www.wikidata.org/entity/Q19607,0.0,2005-01-01T00:00:00Z,2006-01-01T00:00:00Z
http://www.wikidata.org/entity/Q150140,http://www.wikidata.org/entity/Q19580,41.0,2013-01-01T00:00:00Z,2014-01-01T00:00:00Z
http://www.wikidata.org/entity/Q150140,http://www.wikidata.org/entity/Q19580,11.0,2012-01-01T00:00:00Z,2013-01-01T00:00:00Z
http://www.wikidata.org/entity/Q150140,http://www.wikidata.org/entity/Q19571,7.0,2011-01-01T00:00:00Z,2011-01-01T00:00:00Z
http://www.wikidata.org/entity/Q150238,http://www.wikidata.org/entity/Q19500,61.0,2010-01-01T00:00:00Z,2012-01-01T00:00:00Z
http://www.wikidata.org/entity/Q150332,http://www.wikidata.org/entity/Q19607,1.0,2012-01-01T00:00:00Z,2012-01-01T00:00:00Z
http://www.wikidata.org/entity/Q15078228,http://www.wikidata.org/entity/Q19571,10.0,2015-01-01T00:00:00Z,2015-01-01T00:00:00Z
http://www.wikidata.org/entity/Q151034,http://www.wikidata.org/entity/Q19604,22.0,2009-08-01T00:00:00Z,2010-01-01T00:00:00Z
http://www.wikidata.org/entity/Q15221199,http://www.wikidata.org/entity/Q19500,157.0,2018-08-08T00:00:00Z,2023-01-01T00:00:00Z
http://www.wikidata.org/entity/Q1523509,http://www.wikidata.org/entity/Q19604,8.0,2012-01-01T00:00:00Z,2012-01-01T00:00:00Z
http://www.wikidata.org/entity/Q1524891,http://www.wikidata.org/entity/Q19473,68.0,2002-01-01T00:00:00Z,2004-01-01T00:00:00Z
http://www.wikidata.org/entity/Q1524891,http://www.wikidata.org/entity/Q19473,19.0,2013-01-01T00:00:00Z,2015-01-01T00:00:00Z
http://www.wikidata.org/entity/Q1524891,http://www.wikidata.org/entity/Q19607,39.0,2007-01-01T00:00:00Z,2008-01-01T00:00:00Z
http://www.wikidata.org/entity/Q1524891,http://www.wikidata.org/entity/Q19580,10.0,2010-01-01T00:00:00Z,2010-01-01T00:00:00Z
http://www.wikidata.org/entity/Q15378711,http://www.wikidata.org/entity/Q19500,0.0,2014-01-01T00:00:00Z,2015-01-01T00:00:00Z
http://www.wikidata.org/entity/Q1540229,http://www.wikidata.org/entity/Q19498,96.0,1996-01-01T00:00:00Z,1999-01-01T00:00:00Z
http://www.wikidata.org/entity/Q15427728,http://www.wikidata.org/entity/Q19481,80.0,2019-07-04T00:00:00Z,2023-01-01T00:00:00Z
http://www.wikidata.org/entity/Q1543029,http://www.wikidata.org/entity/Q19580,4.0,2014-01-01T00:00:00Z,2014-01-01T00:00:00Z
http://www.wikidata.org/entity/Q1543029,http://www.wikidata.org/entity/Q19568,7.0,2013-01-01T00:00:00Z,2015-01-01T00:00:00Z
http://www.wikidata.org/entity/Q1544931,http://www.wikidata.org/entity/Q19490,73.0,2012-01-01T00:00:00Z,2015-01-01T00:00:00Z
http://www.wikidata.org/entity/Q1544931,http://www.wikidata.org/entity/Q19607,41.0,2008-08-01T00:00:00Z,2009-01-01T00:00:00Z
http://www.wikidata.org/entity/Q1544931,http://www.wikidata.org/entity/Q19604,42.0,2011-01-01T00:00:00Z,2012-01-01T00:00:00Z
http://www.wikidata.org/entity/Q1544931,http://www.wikidata.org/entity/Q19500,17.0,2009-01-01T00:00:00Z,2011-01-01T00:00:00Z
http://www.wikidata.org/entity/Q1544931,http://www.wikidata.org/entity/Q19604,33.0,2010-01-01T00:00:00Z,2011-01-01T00:00:00Z
http://www.wikidata.org/entity/Q155049,http://www.wikidata.org/entity/Q19481,9.0,2016-01-01T00:00:00Z,2017-07-01T00:00:00Z
http://www.wikidata.org/entity/Q155461,http://www.wikidata.org/entity/Q19481,14.0,2015-01-01T00:00:00Z,2015-01-01T00:00:00Z
http://www.wikidata.org/entity/Q1556977,http://www.wikidata.org/entity/Q19473,13.0,2023-01-01T00:00:00Z,2023-06-01T00:00:00Z
http://www.wikidata.org/entity/Q155924,http://www.wikidata.org/entity/Q19604,52.0,2003-01-01T00:00:00Z,2005-01-01T00:00:00Z
http://www.wikidata.org/entity/Q15608535,http://www.wikidata.org/entity/Q19498,4.0,2015-01-01T00:00:00Z,2015-01-01T00:00:00Z
http://www.wikidata.org/entity/Q15622117,http://www.wikidata.org/entity/Q19580,40.0,2015-01-01T00:00:00Z,2016-01-01T00:00:00Z
http://www.wikidata.org/entity/Q156434,http://www.wikidata.org/entity/Q19604,12.0,2004-01-01T00:00:00Z,2004-01-01T00:00:00Z
http://www.wikidata.org/entity/Q15694048,http://www.wikidata.org/entity/Q19571,16.0,1997-01-01T00:00:00Z,1999-01-01T00:00:00Z
http://www.wikidata.org/entity/Q15696580,http://www.wikidata.org/entity/Q19568,71.0,2018-01-01T00:00:00Z,2021-01-01T00:00:00Z
http://www.wikidata.org/entity/Q15711010,http://www.wikidata.org/entity/Q19498,4.0,2014-01-01T00:00:00Z,2014-01-01T00:00:00Z
http://www.wikidata.org/entity/Q15733696,http://www.wikidata.org/entity/Q19571,4.0,2012-01-01T00:00:00Z,2015-01-01T00:00:00Z
http://www.wikidata.org/entity/Q1574060,http://www.wikidata.org/entity/Q19490,0.0,2007-01-01T00:00:00Z,2009-01-01T00:00:00Z
http://www.wikidata.org/entity/Q16234930,http://www.wikidata.org/entity/Q19500,97.0,2011-01-01T00:00:00Z,2018-01-01T00:00:00Z
http://www.wikidata.org/entity/Q16235031,http://www.wikidata.org/entity/Q19473,182.0,2013-01-01T00:00:00Z,2019-01-01T00:00:00Z
http://www.wikidata.org/entity/Q16235121,http://www.wikidata.org/entity/Q19571,0.0,2010-01-01T00:00:00Z,2011-01-01T00:00:00Z
http://www.wikidata.org/entity/Q16235413,http://www.wikidata.org/entity/Q19498,1.0,2012-01-01T00:00:00Z,2013-01-01T00:00:00Z
http://www.wikidata.org/entity/Q16235475,http://www.wikidata.org/entity/Q19473,6.0,2015-01-01T00:00:00Z,2015-01-01T00:00:00Z
http://www.wikidata.org/entity/Q16235625,http://www.wikidata.org/entity/Q19500,1.0,2013-01-01T00:00:00Z,2013-01-01T00:00:00Z
http://www.wikidata.org/entity/Q16235625,http://www.wikidata.org/entity/Q19500,5.0,2014-01-01T00:00:00Z,2015-01-01T00:00:00Z
http://www.wikidata.org/entity/Q16235643,http://www.wikidata.org/entity/Q19568,17.0,2015-01-01T00:00:00Z,2019-01-01T00:00:00Z
http://www.wikidata.org/entity/Q16235722,http://www.wikidata.org/entity/Q19481,0.0,2012-01-01T00:00:00Z,2015-01-01T00:00:00Z
http://www.wikidata.org/entity/Q16235827,http://www.wikidata.org/entity/Q19481,0.0,2013-01-01T00:00:00Z,2016-01-01T00:00:00Z
http://www.wikidata.org/entity/Q16235879,http://www.wikidata.org/entity/Q19481,0.0,2011-01-01T00:00:00Z,2014-01-01T00:00:00Z
http://www.wikidata.org/entity/Q64627435,http://www.wikidata.org/entity/Q1130849,15.0,2019-01-01T00:00:00Z,2025-06-01T00:00:00Z
http://www.wikidata.org/entity/Q6766691,http://www.wikidata.org/entity/Q1128631,35.0,1993-01-01T00:00:00Z,1999-01-01T00:00:00Z
http://www.wikidata.org/entity/Q6768218,http://www.wikidata.org/entity/Q1128631,19.0,1995-01-01T00:00:00Z,2000-01-01T00:00:00Z
http://www.wikidata.org/entity/Q98815258,http://www.wikidata.org/entity/Q1128631,5.0,2021-01-01T00:00:00Z,2024-01-01T00:00:00Z
http://www.wikidata.org/entity/Q2301651,http://www.wikidata.org/entity/Q19481,26.0,2009-01-01T00:00:00Z,2011-01-01T00:00:00Z
http://www.wikidata.org/entity/Q2301651,http://www.wikidata.org/entity/Q19571,15.0,2011-01-01T00:00:00Z,2011-01-01T00:00:00Z
http://www.wikidata.org/entity/Q2302524,http://www.wikidata.org/entity/Q19490,11.0,2005-01-01T00:00:00Z,2005-01-01T00:00:00Z
http://www.wikidata.org/entity/Q2302524,http://www.wikidata.org/entity/Q19498,8.0,2003-01-01T00:00:00Z,2003-01-01T00:00:00Z
http://www.wikidata.org/entity/Q2302747,http://www.wikidata.org/entity/Q19607,107.0,2007-01-01T00:00:00Z,2010-01-01T00:00:00Z
http://www.wikidata.org/entity/Q2303507,http://www.wikidata.org/entity/Q19607,15.0,2014-01-01T00:00:00Z,2016-01-01T00:00:00Z
http://www.wikidata.org/entity/Q231482,http://www.wikidata.org/entity/Q19604,9.0,2005-01-01T00:00:00Z,2006-01-01T00:00:00Z
http://www.wikidata.org/entity/Q2319040,http://www.wikidata.org/entity/Q19490,5.0,1999-01-01T00:00:00Z,2000-01-01T00:00:00Z
http://www.wikidata.org/entity/Q2323885,http://www.wikidata.org/entity/Q19580,28.0,2000-01-01T00:00:00Z,2002-01-01T00:00:00Z
http://www.wikidata.org/entity/Q2334855,http://www.wikidata.org/entity/Q19604,0.0,2008-01-01T00:00:00Z,2009-01-01T00:00:00Z
http://www.wikidata.org/entity/Q2338736,http://www.wikidata.org/entity/Q19481,1.0,2003-01-01T00:00:00Z,2005-01-01T00:00:00Z
http://www.wikidata.org/entity/Q234576,http://www.wikidata.org/entity/Q19604,32.0,2003-01-01T00:00:00Z,2004-01-01T00:00:00Z
http://www.wikidata.org/entity/Q2347391,http://www.wikidata.org/entity/Q19498,11.0,2007-01-01T00:00:00Z,2007-01-01T00:00:00Z
http://www.wikidata.org/entity/Q2347391,http://www.wikidata.org/entity/Q19498,45.0,2007-01-01T00:00:00Z,2009-01-01T00:00:00Z
http://www.wikidata.org/entity/Q2351991,http://www.wikidata.org/entity/Q19580,8.0,2014-01-01T00:00:00Z,2014-01-01T00:00:00Z
http://www.wikidata.org/entity/Q2351991,http://www.wikidata.org/entity/Q19490,12.0,2007-01-01T00:00:00Z,2007-01-01T00:00:00Z
http://www.wikidata.org/entity/Q2351991,http://www.wikidata.org/entity/Q19490,143.0,1998-01-01T00:00:00Z,2003-01-01T00:00:00Z
http://www.wikidata.org/entity/Q2351991,http://www.wikidata.org/entity/Q19498,56.0,2011-01-01T00:00:00Z,2014-01-01T00:00:00Z
http://www.wikidata.org/entity/Q2358684,http://www.wikidata.org/entity/Q19568,10.0,2001-01-01T00:00:00Z,2001-01-01T00:00:00Z
http://www.wikidata.org/entity/Q2358684,http://www.wikidata.org/entity/Q19498,1.0,2009-01-01T00:00:00Z,2009-01-01T00:00:00Z
http://www.wikidata.org/entity/Q2358684,http://www.wikidata.org/entity/Q19568,98.0,2001-01-01T00:00:00Z,2004-01-01T00:00:00Z
http://www.wikidata.org/entity/Q2359801,http://www.wikidata.org/entity/Q19571,55.0,2011-01-01T00:00:00Z,2013-01-01T00:00:00Z
http://www.wikidata.org/entity/Q2360955,http://www.wikidata.org/entity/Q19604,18.0,2012-01-01T00:00:00Z,2013-01-01T00:00:00Z
http://www.wikidata.org/entity/Q2361467,http://www.wikidata.org/entity/Q19482,23.0,2001-01-01T00:00:00Z,2002-01-01T00:00:00Z
http://www.wikidata.org/entity/Q2361704,http://www.wikidata.org/entity/Q19482,181.0,1988-01-01T00:00:00Z,2000-01-01T00:00:00Z
http://www.wikidata.org/entity/Q4706347,http://www.wikidata.org/entity/Q1128631,0.0,1998-01-01T00:00:00Z,2000-01-01T00:00:00Z
http://www.wikidata.org/entity/Q4707259,http://www.wikidata.org/entity/Q1128631,0.0,2007-01-01T00:00:00Z,2011-01-01T00:00:00Z
http://www.wikidata.org/entity/Q4712133,http://www.wikidata.org/entity/Q1130849,90.0,2014-01-01T00:00:00Z,2019-01-01T00:00:00Z
http://www.wikidata.org/entity/Q4716779,http://www.wikidata.org/entity/Q1128631,1.0,2011-01-01T00:00:00Z,2015-01-01T00:00:00Z
http://www.wikidata.org/entity/Q4739601,http://www.wikidata.org/entity/Q1130849,28.0,2013-01-01T00:00:00Z,2014-01-01T00:00:00Z
http://www.wikidata.org/entity/Q475024,http://www.wikidata.org/entity/Q1128631,19.0,2012-01-01T00:00:00Z,2012-01-01T00:00:00Z
http://www.wikidata.org/entity/Q475024,http://www.wikidata.org/entity/Q1128631,49.0,2013-01-01T00:00:00Z,2015-01-01T00:00:00Z
http://www.wikidata.org/entity/Q4758120,http://www.wikidata.org/entity/Q1130849,0.0,2002-01-01T00:00:00Z,2003-01-01T00:00:00Z
http://www.wikidata.org/entity/Q4761241,http://www.wikidata.org/entity/Q1128631,38.0,2008-01-01T00:00:00Z,2010-01-01T00:00:00Z
http://www.wikidata.org/entity/Q483417,http://www.wikidata.org/entity/Q1128631,54.0,2000-01-01T00:00:00Z,2002-01-01T00:00:00Z
http://www.wikidata.org/entity/Q4864123,http://www.wikidata.org/entity/Q1128631,0.0,2002-01-01T00:00:00Z,2005-01-01T00:00:00Z
http://www.wikidata.org/entity/Q2302747,http://www.wikidata.org/entity/Q1128631,80.0,2002-01-01T00:00:00Z,2007-01-01T00:00:00Z
http://www.wikidata.org/entity/Q2310439,http://www.wikidata.org/entity/Q1128631,6.0,2011-01-01T00:00:00Z,2013-01-01T00:00:00Z
http://www.wikidata.org/entity/Q2313406,http://www.wikidata.org/entity/Q1128631,41.0,2006-01-01T00:00:00Z,2008-01-01T00:00:00Z
http://www.wikidata.org/entity/Q2313462,http://www.wikidata.org/entity/Q1128631,6.0,1998-01-01T00:00:00Z,1999-01-01T00:00:00Z
http://www.wikidata.org/entity/Q4924174,http://www.wikidata.org/entity/Q19568,4.0,2008-01-01T00:00:00Z,2008-01-01T00:00:00Z
http://www.wikidata.org/entity/Q4924187,http://www.wikidata.org/entity/Q19580,3.0,2015-01-01T00:00:00Z,2015-01-01T00:00:00Z
http://www.wikidata.org/entity/Q4932699,http://www.wikidata.org/entity/Q19607,0.0,2014-01-01T00:00:00Z,2014-01-01T00:00:00Z
http://www.wikidata.org/entity/Q4935009,http://www.wikidata.org/entity/Q19607,154.0,1997-01-01T00:00:00Z,2002-01-01T00:00:00Z
http://www.wikidata.org/entity/Q4935645,http://www.wikidata.org/entity/Q19571,2.0,2002-01-01T00:00:00Z,2004-01-01T00:00:00Z
http://www.wikidata.org/entity/Q105812639,http://www.wikidata.org/entity/Q19481,51.0,2023-01-01T00:00:00Z,
http://www.wikidata.org/entity/Q105945662,http://www.wikidata.org/entity/Q19490,32.0,2024-01-01T00:00:00Z,
http://www.wikidata.org/entity/Q105955374,http://www.wikidata.org/entity/Q19481,34.0,2024-01-01T00:00:00Z,
http://www.wikidata.org/entity/Q107558242,http://www.wikidata.org/entity/Q19568,0.0,2024-07-01T00:00:00Z,
http://www.wikidata.org/entity/Q112664059,http://www.wikidata.org/entity/Q19473,1.0,2022-10-09T00:00:00Z,
http://www.wikidata.org/entity/Q94699949,http://www.wikidata.org/entity/Q1130849,26.0,2025-01-01T00:00:00Z,
http://www.wikidata.org/entity/Q47088780,http://www.wikidata.org/entity/Q1128631,4.0,2025-01-01T00:00:00Z,
http://www.wikidata.org/entity/Q66712655,http://www.wikidata.org/entity/Q1128631,8.0,2025-01-01T00:00:00Z,
http://www.wikidata.org/entity/Q105106303,http://www.wikidata.org/entity/Q19500,0.0,2022-01-28T00:00:00Z,2023-01-01T00:00:00Z
http://www.wikidata.org/entity/Q105203860,http://www.wikidata.org/entity/Q19477,12.0,2024-02-01T00:00:00Z,2024-05-31T00:00:00Z
http://www.wikidata.org/entity/Q10857004,http://www.wikidata.org/entity/Q19500,0.0,1999-01-01T00:00:00Z,1999-01-01T00:00:00Z
http://www.wikidata.org/entity/Q10857014,http://www.wikidata.org/entity/Q19498,77.0,2000-01-01T00:00:00Z,2003-01-01T00:00:00Z
http://www.wikidata.org/entity/Q10857014,http://www.wikidata.org/entity/Q19498,5.0,2000-01-01T00:00:00Z,2000-01-01T00:00:00Z
http://www.wikidata.org/entity/Q10857014,http://www.wikidata.org/entity/Q19604,0.0,2012-01-01T00:00:00Z,2012-01-01T00:00:00Z
http://www.wikidata.org/entity/Q1093679,http://www.wikidata.org/entity/Q19490,11.0,2000-01-01T00:00:00Z,2000-01-01T00:00:00Z
http://www.wikidata.org/entity/Q1093695,http://www.wikidata.org/entity/Q19568,158.0,2014-01-01T00:00:00Z,2023-01-01T00:00:00Z
http://www.wikidata.org/entity/Q109780,http://www.wikidata.org/entity/Q19490,12.0,2012-02-01T00:00:00Z,2012-04-01T00:00:00Z
http://www.wikidata.org/entity/Q109780,http://www.wikidata.org/entity/Q19500,85.0,2008-01-01T00:00:00Z,2014-01-01T00:00:00Z
http://www.wikidata.org/entity/Q1099310,http://www.wikidata.org/entity/Q19580,1.0,2005-01-01T00:00:00Z,2006-01-01T00:00:00Z
http://www.wikidata.org/entity/Q1099507,http://www.wikidata.org/entity/Q19607,0.0,2007-01-01T00:00:00Z,2008-01-01T00:00:00Z
http://www.wikidata.org/entity/Q1099578,http://www.wikidata.org/entity/Q19477,16.0,2008-01-01T00:00:00Z,2013-01-01T00:00:00Z
http://www.wikidata.org/entity/Q1099944,http://www.wikidata.org/entity/Q19481,85.0,2005-01-01T00:00:00Z,2008-01-01T00:00:00Z
http://www.wikidata.org/entity/Q1101432,http://www.wikidata.org/entity/Q19477,16.0,2003-01-01T00:00:00Z,2007-01-01T00:00:00Z
http://www.wikidata.org/entity/Q1102763,http://www.wikidata.org/entity/Q19500,11.0,2003-01-01T00:00:00Z,2004-01-01T00:00:00Z
http://www.wikidata.org/entity/Q1102763,http://www.wikidata.org/entity/Q19481,77.0,2004-01-01T00:00:00Z,2006-01-01T00:00:00Z
http://www.wikidata.org/entity/Q1102763,http://www.wikidata.org/entity/Q19473,45.0,2010-01-01T00:00:00Z,2012-01-01T00:00:00Z
http://www.wikidata.org/entity/Q110654763,http://www.wikidata.org/entity/Q19580,21.0,2023-01-01T00:00:00Z,2023-01-01T00:00:00Z
http://www.wikidata.org/entity/Q110874376,http://www.wikidata.org/entity/Q19568,66.0,2023-01-01T00:00:00Z,2025-01-01T00:00:00Z
http://www.wikidata.org/entity/Q1110015,http://www.wikidata.org/entity/Q19604,14.0,2000-01-01T00:00:00Z,2002-01-01T00:00:00Z
http://www.wikidata.org/entity/Q1110257,http://www.wikidata.org/entity/Q19498,41.0,2007-01-01T00:00:00Z,2010-01-01T00:00:00Z
http://www.wikidata.org/entity/Q1110257,http://www.wikidata.org/entity/Q19473,7.0,2004-01-01T00:00:00Z,2005-01-01T00:00:00Z
http://www.wikidata.org/entity/Q1112218,http://www.wikidata.org/entity/Q19580,6.0,2004-01-01T00:00:00Z,2004-01-01T00:00:00Z
http://www.wikidata.org/entity/Q1112218,http://www.wikidata.org/entity/Q19580,6.0,2005-01-01T00:00:00Z,2005-01-01T00:00:00Z
http://www.wikidata.org/entity/Q1113452,http://www.wikidata.org/entity/Q19477,97.0,2019-01-01T00:00:00Z,2022-01-01T00:00:00Z
http://www.wikidata.org/entity/Q111464601,http://www.wikidata.org/entity/Q19607,28.0,2022-01-01T00:00:00Z,2024-01-01T00:00:00Z
http://www.wikidata.org/entity/Q112184628,http://www.wikidata.org/entity/Q19568,32.0,2024-07-30T00:00:00Z,2025-06-01T00:00:00Z
http://www.wikidata.org/entity/Q112213254,http://www.wikidata.org/entity/Q19473,0.0,2018-01-01T00:00:00Z,2020-01-01T00:00:00Z
http://www.wikidata.org/entity/Q112234606,http://www.wikidata.org/entity/Q19607,0.0,2017-01-01T00:00:00Z,2019-01-01T00:00:00Z
http://www.wikidata.org/entity/Q112236345,http://www.wikidata.org/entity/Q19490,0.0,2021-01-01T00:00:00Z,2022-01-01T00:00:00Z
http://www.wikidata.org/entity/Q887542,http://www.wikidata.org/entity/Q1128631,54.0,2001-01-01T00:00:00Z,2005-01-01T00:00:00Z
http://www.wikidata.org/entity/Q887695,http://www.wikidata.org/entity/Q1128631,6.0,2011-01-01T00:00:00Z,2012-01-01T00:00:00Z
http://www.wikidata.org/entity/Q8952291,http://www.wikidata.org/entity/Q1128631,3.0,2007-01-01T00:00:00Z,2011-01-01T00:00:00Z
http://www.wikidata.org/entity/Q8991466,http://www.wikidata.org/entity/Q1128631,100.0,2004-01-01T00:00:00Z,2007-01-01T00:00:00Z
http://www.wikidata.org/entity/Q902974,http://www.wikidata.org/entity/Q1130849,0.0,2007-01-01T00:00:00Z,2011-01-01T00:00:00Z
http://www.wikidata.org/entity/Q9059921,http://www.wikidata.org/entity/Q1128631,0.0,2008-01-01T00:00:00Z,2010-01-01T00:00:00Z
http://www.wikidata.org/entity/Q924638,http://www.wikidata.org/entity/Q1128631,4.0,2012-01-01T00:00:00Z,2013-02-15T00:00:00Z
http://www.wikidata.org/entity/Q927760,http://www.wikidata.org/entity/Q1128631,17.0,2003-01-01T00:00:00Z,2004-01-01T00:00:00Z
http://www.wikidata.org/entity/Q930371,http://www.wikidata.org/entity/Q1128631,8.0,2009-01-01T00:00:00Z,2009-01-01T00:00:00Z
http://www.wikidata.org/entity/Q932949,http://www.wikidata.org/entity/Q1130849,0.0,2007-01-01T00:00:00Z,2010-01-01T00:00:00Z
http://www.wikidata.org/entity/Q933284,http://www.wikidata.org/entity/Q1130849,0.0,2008-01-01T00:00:00Z,2010-01-01T00:00:00Z
http://www.wikidata.org/entity/Q936306,http://www.wikidata.org/entity/Q1128631,1.0,2006-01-01T00:00:00Z,2006-01-01T00:00:00Z
http://www.wikidata.org/entity/Q939126,http://www.wikidata.org/entity/Q1130849,33.0,1999-01-01T00:00:00Z,2000-01-01T00:00:00Z
http://www.wikidata.org/entity/Q941852,http://www.wikidata.org/entity/Q1130849,1.0,2007-01-01T00:00:00Z,2007-01-01T00:00:00Z
http://www.wikidata.org/entity/Q950467,http://www.wikidata.org/entity/Q1128631,15.0,2002-01-01T00:00:00Z,2003-01-01T00:00:00Z
http://www.wikidata.org/entity/Q950467,http://www.wikidata.org/entity/Q1128631,15.0,2003-01-01T00:00:00Z,2003-01-01T00:00:00Z
http://www.wikidata.org/entity/Q956313,http://www.wikidata.org/entity/Q1128631,15.0,2008-01-01T00:00:00Z,2010-01-01T00:00:00Z
http://www.wikidata.org/entity/Q960254,http://www.wikidata.org/entity/Q1128631,9.0,2008-01-01T00:00:00Z,2008-01-01T00:00:00Z
http://www.wikidata.org/entity/Q965705,http://www.wikidata.org/entity/Q1130849,19.0,2014-01-01T00:00:00Z,2015-01-01T00:00:00Z
http://www.wikidata.org/entity/Q969450,http://www.wikidata.org/entity/Q1128631,186.0,2006-01-01T00:00:00Z,2012-01-01T00:00:00Z
http://www.wikidata.org/entity/Q972418,http://www.wikidata.org/entity/Q1128631,2.0,2011-01-01T00:00:00Z,2011-01-01T00:00:00Z
http://www.wikidata.org/entity/Q978628,http://www.wikidata.org/entity/Q1130849,2.0,2003-01-01T00:00:00Z,2007-01-01T00:00:00Z
http://www.wikidata.org/entity/Q47658470,http://www.wikidata.org/entity/Q1128631,43.0,2023-01-01T00:00:00Z,2024-01-01T00:00:00Z
http://www.wikidata.org/entity/Q140369312,http://www.wikidata.org/entity/Q1128631,0.0,2018-01-01T00:00:00Z,2020-01-01T00:00:00Z
http://www.wikidata.org/entity/Q21264946,http://www.wikidata.org/entity/Q19571,211.0,2019-01-01T00:00:00Z,
http://www.wikidata.org/entity/Q20876201,http://www.wikidata.org/entity/Q19571,0.0,2015-01-01T00:00:00Z,2016-01-01T00:00:00Z
http://www.wikidata.org/entity/Q21003875,http://www.wikidata.org/entity/Q19473,0.0,2014-01-01T00:00:00Z,2016-01-01T00:00:00Z
http://www.wikidata.org/entity/Q21005039,http://www.wikidata.org/entity/Q19481,0.0,2018-08-09T00:00:00Z,2022-01-01T00:00:00Z
http://www.wikidata.org/entity/Q21005607,http://www.wikidata.org/entity/Q19500,3.0,2015-01-01T00:00:00Z,2020-01-01T00:00:00Z
http://www.wikidata.org/entity/Q21005607,http://www.wikidata.org/entity/Q19604,2.0,2018-01-01T00:00:00Z,2018-05-01T00:00:00Z
http://www.wikidata.org/entity/Q21005645,http://www.wikidata.org/entity/Q19477,0.0,2014-01-01T00:00:00Z,2016-01-01T00:00:00Z
http://www.wikidata.org/entity/Q21006859,http://www.wikidata.org/entity/Q19481,0.0,2014-07-01T00:00:00Z,2015-07-16T00:00:00Z
http://www.wikidata.org/entity/Q21006859,http://www.wikidata.org/entity/Q19481,0.0,2013-10-11T00:00:00Z,2014-05-31T00:00:00Z
http://www.wikidata.org/entity/Q21287596,http://www.wikidata.org/entity/Q19477,15.0,2022-01-01T00:00:00Z,2023-01-01T00:00:00Z
http://www.wikidata.org/entity/Q214734,http://www.wikidata.org/entity/Q19604,95.0,2006-01-01T00:00:00Z,2009-01-01T00:00:00Z
http://www.wikidata.org/entity/Q215841,http://www.wikidata.org/entity/Q19500,212.0,2000-01-01T00:00:00Z,2006-01-01T00:00:00Z
http://www.wikidata.org/entity/Q2165987,http://www.wikidata.org/entity/Q19571,20.0,2004-01-01T00:00:00Z,2004-01-01T00:00:00Z
http://www.wikidata.org/entity/Q216928,http://www.wikidata.org/entity/Q19604,18.0,2006-01-01T00:00:00Z,2007-01-01T00:00:00Z
http://www.wikidata.org/entity/Q216928,http://www.wikidata.org/entity/Q19490,10.0,2008-01-01T00:00:00Z,2008-01-01T00:00:00Z
http://www.wikidata.org/entity/Q2187367,http://www.wikidata.org/entity/Q19498,15.0,2005-01-01T00:00:00Z,2005-01-01T00:00:00Z
http://www.wikidata.org/entity/Q219030,http://www.wikidata.org/entity/Q19568,0.0,2015-01-01T00:00:00Z,2016-01-01T00:00:00Z
http://www.wikidata.org/entity/Q2191458,http://www.wikidata.org/entity/Q19571,62.0,2010-01-01T00:00:00Z,2012-01-01T00:00:00Z
http://www.wikidata.org/entity/Q2191458,http://www.wikidata.org/entity/Q19477,68.0,2001-01-01T00:00:00Z,2003-01-01T00:00:00Z
http://www.wikidata.org/entity/Q219158,http://www.wikidata.org/entity/Q19490,173.0,2013-01-01T00:00:00Z,2018-01-01T00:00:00Z
http://www.wikidata.org/entity/Q219167,http://www.wikidata.org/entity/Q19477,16.0,2011-01-01T00:00:00Z,2011-01-01T00:00:00Z
http://www.wikidata.org/entity/Q219366,http://www.wikidata.org/entity/Q19481,25.0,2008-01-01T00:00:00Z,2009-01-01T00:00:00Z
http://www.wikidata.org/entity/Q219366,http://www.wikidata.org/entity/Q19482,2.0,2003-01-01T00:00:00Z,2004-01-01T00:00:00Z
http://www.wikidata.org/entity/Q219372,http://www.wikidata.org/entity/Q19607,6.0,2008-01-01T00:00:00Z,2008-01-01T00:00:00Z
http://www.wikidata.org/entity/Q219372,http://www.wikidata.org/entity/Q19490,13.0,2008-01-01T00:00:00Z,2008-01-01T00:00:00Z
http://www.wikidata.org/entity/Q2200206,http://www.wikidata.org/entity/Q19607,50.0,2000-01-01T00:00:00Z,2002-01-01T00:00:00Z
http://www.wikidata.org/entity/Q2204959,http://www.wikidata.org/entity/Q19580,91.0,2001-01-01T00:00:00Z,2004-01-01T00:00:00Z
http://www.wikidata.org/entity/Q221142,http://www.wikidata.org/entity/Q19604,15.0,2009-01-01T00:00:00Z,2010-01-01T00:00:00Z
http://www.wikidata.org/entity/Q221222,http://www.wikidata.org/entity/Q19500,21.0,2007-01-01T00:00:00Z,2008-01-01T00:00:00Z
http://www.wikidata.org/entity/Q221233,http://www.wikidata.org/entity/Q19477,46.0,2014-01-01T00:00:00Z,2015-01-01T00:00:00Z
http://www.wikidata.org/entity/Q222151,http://www.wikidata.org/entity/Q19500,175.0,2018-07-24T00:00:00Z,2023-06-01T00:00:00Z
http://www.wikidata.org/entity/Q222151,http://www.wikidata.org/entity/Q19500,5.0,2018-07-24T00:00:00Z,2023-06-01T00:00:00Z
http://www.wikidata.org/entity/Q222211,http://www.wikidata.org/entity/Q19477,31.0,2009-01-01T00:00:00Z,2010-01-01T00:00:00Z
http://www.wikidata.org/entity/Q23007824,http://www.wikidata.org/entity/Q19604,0.0,2016-08-01T00:00:00Z,2017-01-01T00:00:00Z
http://www.wikidata.org/entity/Q23007824,http://www.wikidata.org/entity/Q19580,172.0,2017-07-01T00:00:00Z,2022-08-01T00:00:00Z
http://www.wikidata.org/entity/Q46372260,http://www.wikidata.org/entity/Q1130849,95.0,2022-01-01T00:00:00Z,2025-01-01T00:00:00Z
http://www.wikidata.org/entity/Q50600,http://www.wikidata.org/entity/Q50602,113.0,2009-01-01T00:00:00Z,2013-01-01T00:00:00Z
http://www.wikidata.org/entity/Q5084498,http://www.wikidata.org/entity/Q1130849,0.0,2006-01-01T00:00:00Z,2008-01-01T00:00:00Z
http://www.wikidata.org/entity/Q5085599,http://www.wikidata.org/entity/Q1128631,93.0,2011-01-01T00:00:00Z,2017-01-01T00:00:00Z
http://www.wikidata.org/entity/Q5105755,http://www.wikidata.org/entity/Q1128631,0.0,2003-01-01T00:00:00Z,2004-01-01T00:00:00Z
http://www.wikidata.org/entity/Q6789364,http://www.wikidata.org/entity/Q1128631,42.0,2013-01-01T00:00:00Z,2014-01-01T00:00:00Z
http://www.wikidata.org/entity/Q6791259,http://www.wikidata.org/entity/Q1128631,13.0,2004-01-01T00:00:00Z,2005-01-01T00:00:00Z
http://www.wikidata.org/entity/Q6791907,http://www.wikidata.org/entity/Q1128631,0.0,2008-01-01T00:00:00Z,2009-01-01T00:00:00Z
http://www.wikidata.org/entity/Q679285,http://www.wikidata.org/entity/Q1128631,73.0,1997-01-01T00:00:00Z,2000-01-01T00:00:00Z
http://www.wikidata.org/entity/Q6830349,http://www.wikidata.org/entity/Q1130849,0.0,2002-01-01T00:00:00Z,2004-01-01T00:00:00Z
http://www.wikidata.org/entity/Q6847077,http://www.wikidata.org/entity/Q1128631,29.0,2009-01-01T00:00:00Z,2011-01-01T00:00:00Z
http://www.wikidata.org/entity/Q687198,http://www.wikidata.org/entity/Q1130849,2.0,2015-01-01T00:00:00Z,2019-01-01T00:00:00Z
http://www.wikidata.org/entity/Q697779,http://www.wikidata.org/entity/Q1130849,27.0,1999-01-01T00:00:00Z,2001-01-01T00:00:00Z
http://www.wikidata.org/entity/Q7069891,http://www.wikidata.org/entity/Q1128631,0.0,1998-01-01T00:00:00Z,1999-01-01T00:00:00Z
http://www.wikidata.org/entity/Q67198835,http://www.wikidata.org/entity/Q1130849,21.0,2025-07-01T00:00:00Z,
http://www.wikidata.org/entity/Q1702817,http://www.wikidata.org/entity/Q19498,54.0,1996-01-01T00:00:00Z,2000-01-01T00:00:00Z
http://www.wikidata.org/entity/Q1703658,http://www.wikidata.org/entity/Q19607,11.0,2010-01-01T00:00:00Z,2011-01-01T00:00:00Z
http://www.wikidata.org/entity/Q1711485,http://www.wikidata.org/entity/Q19481,0.0,2010-01-01T00:00:00Z,2011-01-01T00:00:00Z
http://www.wikidata.org/entity/Q1711954,http://www.wikidata.org/entity/Q19490,95.0,2006-01-01T00:00:00Z,2011-01-01T00:00:00Z
http://www.wikidata.org/entity/Q1711954,http://www.wikidata.org/entity/Q19498,21.0,2011-01-01T00:00:00Z,2013-01-01T00:00:00Z
http://www.wikidata.org/entity/Q1729005,http://www.wikidata.org/entity/Q19482,215.0,1993-01-01T00:00:00Z,2002-01-01T00:00:00Z
http://www.wikidata.org/entity/Q1730695,http://www.wikidata.org/entity/Q19490,64.0,2010-01-01T00:00:00Z,2014-01-01T00:00:00Z
http://www.wikidata.org/entity/Q1730695,http://www.wikidata.org/entity/Q19490,42.0,2014-01-01T00:00:00Z,2015-01-01T00:00:00Z
http://www.wikidata.org/entity/Q1732454,http://www.wikidata.org/entity/Q19481,45.0,2001-01-01T00:00:00Z,2002-01-01T00:00:00Z
http://www.wikidata.org/entity/Q1732454,http://www.wikidata.org/entity/Q19477,11.0,2004-01-01T00:00:00Z,2004-01-01T00:00:00Z
http://www.wikidata.org/entity/Q1740103,http://www.wikidata.org/entity/Q19482,51.0,2001-01-01T00:00:00Z,2002-01-01T00:00:00Z
http://www.wikidata.org/entity/Q1741060,http://www.wikidata.org/entity/Q19490,2.0,2010-01-01T00:00:00Z,2012-01-01T00:00:00Z
http://www.wikidata.org/entity/Q1741060,http://www.wikidata.org/entity/Q19604,3.0,2016-01-01T00:00:00Z,2016-01-01T00:00:00Z
http://www.wikidata.org/entity/Q1741060,http://www.wikidata.org/entity/Q19607,12.0,2014-01-01T00:00:00Z,2014-01-01T00:00:00Z
http://www.wikidata.org/entity/Q17560831,http://www.wikidata.org/entity/Q19481,0.0,2014-01-01T00:00:00Z,2014-01-01T00:00:00Z
http://www.wikidata.org/entity/Q17619665,http://www.wikidata.org/entity/Q19571,2.0,2016-01-01T00:00:00Z,2016-01-01T00:00:00Z
http://www.wikidata.org/entity/Q17660473,http://www.wikidata.org/entity/Q19481,0.0,2013-10-07T00:00:00Z,2014-07-18T00:00:00Z
http://www.wikidata.org/entity/Q17916869,http://www.wikidata.org/entity/Q19500,0.0,2013-01-01T00:00:00Z,2014-01-01T00:00:00Z
http://www.wikidata.org/entity/Q17987582,http://www.wikidata.org/entity/Q19500,2.0,2019-07-27T00:00:00Z,2020-01-01T00:00:00Z
http://www.wikidata.org/entity/Q18041089,http://www.wikidata.org/entity/Q19481,91.0,2020-09-03T00:00:00Z,2023-08-29T00:00:00Z
http://www.wikidata.org/entity/Q18045057,http://www.wikidata.org/entity/Q19473,0.0,2013-01-01T00:00:00Z,2014-01-01T00:00:00Z
http://www.wikidata.org/entity/Q6208751,http://www.wikidata.org/entity/Q1128631,8.0,2011-01-01T00:00:00Z,2015-01-01T00:00:00Z
http://www.wikidata.org/entity/Q6248729,http://www.wikidata.org/entity/Q1130849,0.0,2001-01-01T00:00:00Z,2002-01-01T00:00:00Z
http://www.wikidata.org/entity/Q6277526,http://www.wikidata.org/entity/Q1130849,2.0,2012-01-01T00:00:00Z,2014-01-01T00:00:00Z
http://www.wikidata.org/entity/Q6307291,http://www.wikidata.org/entity/Q1128631,27.0,2004-01-01T00:00:00Z,2005-01-01T00:00:00Z
http://www.wikidata.org/entity/Q1018476,http://www.wikidata.org/entity/Q19490,33.0,2004-01-01T00:00:00Z,2007-01-01T00:00:00Z
http://www.wikidata.org/entity/Q1027542,http://www.wikidata.org/entity/Q19607,15.0,2014-01-01T00:00:00Z,2014-01-01T00:00:00Z
http://www.wikidata.org/entity/Q1028220,http://www.wikidata.org/entity/Q19477,22.0,2006-01-01T00:00:00Z,2009-01-01T00:00:00Z
http://www.wikidata.org/entity/Q1031127,http://www.wikidata.org/entity/Q19607,0.0,2010-01-01T00:00:00Z,2011-01-01T00:00:00Z
http://www.wikidata.org/entity/Q10311285,http://www.wikidata.org/entity/Q19571,2.0,2013-01-01T00:00:00Z,2013-01-01T00:00:00Z
http://www.wikidata.org/entity/Q10316871,http://www.wikidata.org/entity/Q19604,22.0,2012-01-01T00:00:00Z,2013-01-01T00:00:00Z
http://www.wikidata.org/entity/Q10316871,http://www.wikidata.org/entity/Q19607,76.0,2009-01-01T00:00:00Z,2012-01-01T00:00:00Z
http://www.wikidata.org/entity/Q1032609,http://www.wikidata.org/entity/Q19604,14.0,2011-01-01T00:00:00Z,2012-01-01T00:00:00Z
http://www.wikidata.org/entity/Q1032609,http://www.wikidata.org/entity/Q19604,4.0,2011-01-01T00:00:00Z,2011-01-01T00:00:00Z
http://www.wikidata.org/entity/Q1032609,http://www.wikidata.org/entity/Q19604,10.0,2012-01-01T00:00:00Z,2012-01-01T00:00:00Z
http://www.wikidata.org/entity/Q1033071,http://www.wikidata.org/entity/Q19477,18.0,2008-01-01T00:00:00Z,2011-01-01T00:00:00Z
http://www.wikidata.org/entity/Q1033755,http://www.wikidata.org/entity/Q19568,76.0,2007-01-01T00:00:00Z,2011-01-01T00:00:00Z
http://www.wikidata.org/entity/Q1034274,http://www.wikidata.org/entity/Q19498,2.0,2004-01-01T00:00:00Z,2004-01-01T00:00:00Z
http://www.wikidata.org/entity/Q1037408,http://www.wikidata.org/entity/Q19481,14.0,2007-01-01T00:00:00Z,2008-01-01T00:00:00Z
http://www.wikidata.org/entity/Q1037408,http://www.wikidata.org/entity/Q19571,31.0,2009-01-01T00:00:00Z,2011-01-01T00:00:00Z
http://www.wikidata.org/entity/Q1037408,http://www.wikidata.org/entity/Q19500,94.0,2004-01-01T00:00:00Z,2007-01-01T00:00:00Z
http://www.wikidata.org/entity/Q1037408,http://www.wikidata.org/entity/Q19482,73.0,1996-01-01T00:00:00Z,2000-01-01T00:00:00Z
http://www.wikidata.org/entity/Q1043454,http://www.wikidata.org/entity/Q19580,30.0,1999-01-01T00:00:00Z,2001-01-01T00:00:00Z
http://www.wikidata.org/entity/Q1043454,http://www.wikidata.org/entity/Q19490,16.0,1999-01-01T00:00:00Z,1999-01-01T00:00:00Z
http://www.wikidata.org/entity/Q1043454,http://www.wikidata.org/entity/Q19498,22.0,2001-01-01T00:00:00Z,2001-01-01T00:00:00Z
http://www.wikidata.org/entity/Q10441366,http://www.wikidata.org/entity/Q19477,0.0,2012-01-01T00:00:00Z,2012-01-01T00:00:00Z
http://www.wikidata.org/entity/Q10442444,http://www.wikidata.org/entity/Q19568,6.0,2009-01-01T00:00:00Z,2009-01-01T00:00:00Z
http://www.wikidata.org/entity/Q10442536,http://www.wikidata.org/entity/Q19604,1.0,2012-01-01T00:00:00Z,2012-01-01T00:00:00Z
http://www.wikidata.org/entity/Q10444267,http://www.wikidata.org/entity/Q19568,44.0,2008-01-01T00:00:00Z,2010-01-01T00:00:00Z
http://www.wikidata.org/entity/Q10446956,http://www.wikidata.org/entity/Q19604,11.0,2013-01-01T00:00:00Z,2013-01-01T00:00:00Z
http://www.wikidata.org/entity/Q10446956,http://www.wikidata.org/entity/Q19571,2.0,2010-01-01T00:00:00Z,2010-01-01T00:00:00Z
http://www.wikidata.org/entity/Q10452041,http://www.wikidata.org/entity/Q19568,5.0,2010-01-01T00:00:00Z,2011-01-01T00:00:00Z
http://www.wikidata.org/entity/Q10452041,http://www.wikidata.org/entity/Q19571,6.0,2011-01-01T00:00:00Z,2011-01-01T00:00:00Z
http://www.wikidata.org/entity/Q10455342,http://www.wikidata.org/entity/Q19498,4.0,2008-01-01T00:00:00Z,2011-01-01T00:00:00Z
http://www.wikidata.org/entity/Q10473572,http://www.wikidata.org/entity/Q19607,0.0,1999-01-01T00:00:00Z,2000-01-01T00:00:00Z
http://www.wikidata.org/entity/Q10478280,http://www.wikidata.org/entity/Q19604,0.0,2006-01-01T00:00:00Z,2008-01-01T00:00:00Z
http://www.wikidata.org/entity/Q10478596,http://www.wikidata.org/entity/Q19477,175.0,1993-01-01T00:00:00Z,2002-01-01T00:00:00Z
http://www.wikidata.org/entity/Q10481878,http://www.wikidata.org/entity/Q19571,12.0,1999-01-01T00:00:00Z,2002-01-01T00:00:00Z
http://www.wikidata.org/entity/Q10483333,http://www.wikidata.org/entity/Q19571,1.0,2000-01-01T00:00:00Z,2001-01-01T00:00:00Z
http://www.wikidata.org/entity/Q56752774,http://www.wikidata.org/entity/Q1130849,93.0,2019-01-01T00:00:00Z,
http://www.wikidata.org/entity/Q10429621,http://www.wikidata.org/entity/Q19571,419.0,1986-01-01T00:00:00Z,1999-01-01T00:00:00Z
http://www.wikidata.org/entity/Q1049036,http://www.wikidata.org/entity/Q19571,13.0,2009-01-01T00:00:00Z,2010-01-01T00:00:00Z
http://www.wikidata.org/entity/Q1049059,http://www.wikidata.org/entity/Q19477,30.0,2013-01-01T00:00:00Z,2014-01-01T00:00:00Z
http://www.wikidata.org/entity/Q1049059,http://www.wikidata.org/entity/Q19490,6.0,2010-01-01T00:00:00Z,2010-01-01T00:00:00Z
http://www.wikidata.org/entity/Q1049059,http://www.wikidata.org/entity/Q19477,13.0,2013-01-01T00:00:00Z,2013-01-01T00:00:00Z
http://www.wikidata.org/entity/Q10499992,http://www.wikidata.org/entity/Q19477,1.0,2008-01-01T00:00:00Z,2015-01-01T00:00:00Z
http://www.wikidata.org/entity/Q1050055,http://www.wikidata.org/entity/Q19607,6.0,2012-01-01T00:00:00Z,2012-01-01T00:00:00Z
http://www.wikidata.org/entity/Q1050055,http://www.wikidata.org/entity/Q19481,118.0,2009-01-01T00:00:00Z,2015-01-01T00:00:00Z
http://www.wikidata.org/entity/Q10524666,http://www.wikidata.org/entity/Q19481,0.0,2011-01-01T00:00:00Z,2012-01-01T00:00:00Z
http://www.wikidata.org/entity/Q10535676,http://www.wikidata.org/entity/Q19580,2.0,2012-01-01T00:00:00Z,2013-01-01T00:00:00Z
http://www.wikidata.org/entity/Q10535896,http://www.wikidata.org/entity/Q19481,1.0,2012-01-01T00:00:00Z,2016-01-01T00:00:00Z
http://www.wikidata.org/entity/Q10535948,http://www.wikidata.org/entity/Q19580,1.0,2012-01-01T00:00:00Z,2013-01-01T00:00:00Z
http://www.wikidata.org/entity/Q10543112,http://www.wikidata.org/entity/Q19604,0.0,2012-01-01T00:00:00Z,2013-01-01T00:00:00Z
http://www.wikidata.org/entity/Q5108263,http://www.wikidata.org/entity/Q1130849,0.0,2000-01-01T00:00:00Z,2001-01-01T00:00:00Z
http://www.wikidata.org/entity/Q511720,http://www.wikidata.org/entity/Q1130849,25.0,2014-01-01T00:00:00Z,2015-01-01T00:00:00Z
http://www.wikidata.org/entity/Q5180953,http://www.wikidata.org/entity/Q1128631,0.0,2002-01-01T00:00:00Z,2002-01-01T00:00:00Z
http://www.wikidata.org/entity/Q5181039,http://www.wikidata.org/entity/Q1128631,0.0,2004-01-01T00:00:00Z,2004-01-01T00:00:00Z
http://www.wikidata.org/entity/Q5181496,http://www.wikidata.org/entity/Q1128631,0.0,2002-01-01T00:00:00Z,2004-01-01T00:00:00Z
http://www.wikidata.org/entity/Q5220202,http://www.wikidata.org/entity/Q1128631,0.0,2004-01-01T00:00:00Z,2004-01-01T00:00:00Z
http://www.wikidata.org/entity/Q5220397,http://www.wikidata.org/entity/Q1128631,9.0,1998-01-01T00:00:00Z,1999-01-01T00:00:00Z
http://www.wikidata.org/entity/Q5220475,http://www.wikidata.org/entity/Q1130849,14.0,2015-01-01T00:00:00Z,2019-01-01T00:00:00Z
http://www.wikidata.org/entity/Q56222532,http://www.wikidata.org/entity/Q1128631,7.0,2023-08-30T00:00:00Z,2024-01-04T00:00:00Z
http://www.wikidata.org/entity/Q291858,http://www.wikidata.org/entity/Q19571,113.0,1999-01-01T00:00:00Z,2002-01-01T00:00:00Z
http://www.wikidata.org/entity/Q291858,http://www.wikidata.org/entity/Q19500,13.0,2002-01-01T00:00:00Z,2003-01-01T00:00:00Z
http://www.wikidata.org/entity/Q2924921,http://www.wikidata.org/entity/Q19607,15.0,2009-01-01T00:00:00Z,2009-01-01T00:00:00Z
http://www.wikidata.org/entity/Q2924921,http://www.wikidata.org/entity/Q19607,15.0,2008-01-01T00:00:00Z,2009-01-01T00:00:00Z
http://www.wikidata.org/entity/Q2924921,http://www.wikidata.org/entity/Q19604,23.0,2012-01-01T00:00:00Z,2013-01-01T00:00:00Z
http://www.wikidata.org/entity/Q2924937,http://www.wikidata.org/entity/Q19580,9.0,2004-01-01T00:00:00Z,2004-01-01T00:00:00Z
http://www.wikidata.org/entity/Q2924937,http://www.wikidata.org/entity/Q19580,3.0,2002-01-01T00:00:00Z,2002-01-01T00:00:00Z
http://www.wikidata.org/entity/Q292961,http://www.wikidata.org/entity/Q19571,73.0,2000-01-01T00:00:00Z,2002-01-01T00:00:00Z
http://www.wikidata.org/entity/Q293007,http://www.wikidata.org/entity/Q19571,16.0,2005-01-01T00:00:00Z,2007-01-01T00:00:00Z
http://www.wikidata.org/entity/Q2938867,http://www.wikidata.org/entity/Q19580,160.0,2010-01-01T00:00:00Z,2014-01-01T00:00:00Z
http://www.wikidata.org/entity/Q2943933,http://www.wikidata.org/entity/Q19607,4.0,2013-01-01T00:00:00Z,2013-01-01T00:00:00Z
http://www.wikidata.org/entity/Q294951,http://www.wikidata.org/entity/Q19571,11.0,2022-01-01T00:00:00Z,2022-07-01T00:00:00Z
http://www.wikidata.org/entity/Q294980,http://www.wikidata.org/entity/Q19500,112.0,2018-06-01T00:00:00Z,2021-07-01T00:00:00Z
http://www.wikidata.org/entity/Q295627,http://www.wikidata.org/entity/Q19498,9.0,2006-03-01T00:00:00Z,2006-05-01T00:00:00Z
http://www.wikidata.org/entity/Q295797,http://www.wikidata.org/entity/Q19481,414.0,2011-01-01T00:00:00Z,2022-01-01T00:00:00Z
http://www.wikidata.org/entity/Q295797,http://www.wikidata.org/entity/Q19580,9.0,2008-01-01T00:00:00Z,2008-01-01T00:00:00Z
http://www.wikidata.org/entity/Q296207,http://www.wikidata.org/entity/Q19498,25.0,2005-01-01T00:00:00Z,2005-01-01T00:00:00Z
http://www.wikidata.org/entity/Q296332,http://www.wikidata.org/entity/Q19481,36.0,2011-01-01T00:00:00Z,2014-01-01T00:00:00Z
http://www.wikidata.org/entity/Q296391,http://www.wikidata.org/entity/Q19490,19.0,2010-01-01T00:00:00Z,2011-01-01T00:00:00Z
http://www.wikidata.org/entity/Q296391,http://www.wikidata.org/entity/Q19481,4.0,2021-07-01T00:00:00Z,2023-06-01T00:00:00Z
http://www.wikidata.org/entity/Q296391,http://www.wikidata.org/entity/Q19568,4.0,2006-01-01T00:00:00Z,2006-01-01T00:00:00Z
http://www.wikidata.org/entity/Q296391,http://www.wikidata.org/entity/Q19568,1.0,2007-01-01T00:00:00Z,2007-01-01T00:00:00Z
http://www.wikidata.org/entity/Q296416,http://www.wikidata.org/entity/Q19500,15.0,2012-01-01T00:00:00Z,2013-01-01T00:00:00Z
http://www.wikidata.org/entity/Q296416,http://www.wikidata.org/entity/Q19604,13.0,2009-01-01T00:00:00Z,2009-01-01T00:00:00Z
http://www.wikidata.org/entity/Q296452,http://www.wikidata.org/entity/Q19481,50.0,1998-01-01T00:00:00Z,2000-01-01T00:00:00Z
http://www.wikidata.org/entity/Q2964641,http://www.wikidata.org/entity/Q19490,25.0,1996-01-01T00:00:00Z,1999-01-01T00:00:00Z
http://www.wikidata.org/entity/Q2964666,http://www.wikidata.org/entity/Q19477,13.0,2005-01-01T00:00:00Z,2005-01-01T00:00:00Z
http://www.wikidata.org/entity/Q2964746,http://www.wikidata.org/entity/Q19580,4.0,2009-01-01T00:00:00Z,2009-01-01T00:00:00Z
http://www.wikidata.org/entity/Q2964746,http://www.wikidata.org/entity/Q19580,54.0,2010-01-01T00:00:00Z,2013-01-01T00:00:00Z
http://www.wikidata.org/entity/Q2964791,http://www.wikidata.org/entity/Q19481,21.0,2004-01-01T00:00:00Z,2005-01-01T00:00:00Z
http://www.wikidata.org/entity/Q296603,http://www.wikidata.org/entity/Q19500,164.0,2009-01-01T00:00:00Z,2015-01-01T00:00:00Z
http://www.wikidata.org/entity/Q296621,http://www.wikidata.org/entity/Q19490,6.0,2012-01-01T00:00:00Z,2012-01-01T00:00:00Z
http://www.wikidata.org/entity/Q296621,http://www.wikidata.org/entity/Q19490,6.0,2012-01-01T00:00:00Z,2013-01-01T00:00:00Z
http://www.wikidata.org/entity/Q296621,http://www.wikidata.org/entity/Q19490,29.0,2000-01-01T00:00:00Z,2002-01-01T00:00:00Z
http://www.wikidata.org/entity/Q296833,http://www.wikidata.org/entity/Q19607,1.0,2020-01-01T00:00:00Z,2021-01-01T00:00:00Z
http://www.wikidata.org/entity/Q2977301,http://www.wikidata.org/entity/Q19498,24.0,2014-01-01T00:00:00Z,2016-01-01T00:00:00Z
http://www.wikidata.org/entity/Q297845,http://www.wikidata.org/entity/Q19604,10.0,2006-01-01T00:00:00Z,2006-01-01T00:00:00Z
http://www.wikidata.org/entity/Q2979437,http://www.wikidata.org/entity/Q19580,67.0,2010-01-01T00:00:00Z,2012-01-01T00:00:00Z
http://www.wikidata.org/entity/Q297964,http://www.wikidata.org/entity/Q19568,11.0,2021-02-01T00:00:00Z,2021-06-01T00:00:00Z
http://www.wikidata.org/entity/Q297964,http://www.wikidata.org/entity/Q19477,15.0,2014-01-01T00:00:00Z,2014-01-01T00:00:00Z
http://www.wikidata.org/entity/Q298190,http://www.wikidata.org/entity/Q19604,33.0,2001-01-01T00:00:00Z,2002-01-01T00:00:00Z
http://www.wikidata.org/entity/Q298327,http://www.wikidata.org/entity/Q19481,7.0,2010-01-01T00:00:00Z,2010-01-01T00:00:00Z
http://www.wikidata.org/entity/Q298448,http://www.wikidata.org/entity/Q19481,5.0,2015-01-01T00:00:00Z,2016-01-01T00:00:00Z
http://www.wikidata.org/entity/Q299228,http://www.wikidata.org/entity/Q19498,15.0,2006-01-01T00:00:00Z,2006-01-01T00:00:00Z
http://www.wikidata.org/entity/Q299555,http://www.wikidata.org/entity/Q19500,4.0,2000-01-01T00:00:00Z,2000-01-01T00:00:00Z
http://www.wikidata.org/entity/Q301236,http://www.wikidata.org/entity/Q19500,180.0,1997-01-01T00:00:00Z,2002-01-01T00:00:00Z
http://www.wikidata.org/entity/Q3015228,http://www.wikidata.org/entity/Q19481,4.0,2003-01-01T00:00:00Z,2004-01-01T00:00:00Z
http://www.wikidata.org/entity/Q3015228,http://www.wikidata.org/entity/Q19607,0.0,2012-01-01T00:00:00Z,2013-01-01T00:00:00Z
http://www.wikidata.org/entity/Q3015330,http://www.wikidata.org/entity/Q19604,25.0,2009-01-01T00:00:00Z,2011-01-01T00:00:00Z
http://www.wikidata.org/entity/Q3015330,http://www.wikidata.org/entity/Q19607,107.0,2005-01-01T00:00:00Z,2009-01-01T00:00:00Z
http://www.wikidata.org/entity/Q3015330,http://www.wikidata.org/entity/Q19607,7.0,2005-01-01T00:00:00Z,2005-01-01T00:00:00Z
http://www.wikidata.org/entity/Q3016033,http://www.wikidata.org/entity/Q19604,17.0,2012-01-01T00:00:00Z,2013-01-01T00:00:00Z
http://www.wikidata.org/entity/Q3016183,http://www.wikidata.org/entity/Q19607,72.0,2008-01-01T00:00:00Z,2011-01-01T00:00:00Z
http://www.wikidata.org/entity/Q3016183,http://www.wikidata.org/entity/Q19490,45.0,2013-01-01T00:00:00Z,2014-01-01T00:00:00Z
http://www.wikidata.org/entity/Q3016523,http://www.wikidata.org/entity/Q19481,10.0,2005-01-01T00:00:00Z,2005-01-01T00:00:00Z
http://www.wikidata.org/entity/Q3016523,http://www.wikidata.org/entity/Q19481,33.0,2006-01-01T00:00:00Z,2008-01-01T00:00:00Z
http://www.wikidata.org/entity/Q3017488,http://www.wikidata.org/entity/Q19580,94.0,2009-01-01T00:00:00Z,2013-01-01T00:00:00Z
http://www.wikidata.org/entity/Q3017488,http://www.wikidata.org/entity/Q19481,6.0,2008-01-01T00:00:00Z,2008-01-01T00:00:00Z
http://www.wikidata.org/entity/Q3017921,http://www.wikidata.org/entity/Q19490,22.0,2005-01-01T00:00:00Z,2006-01-01T00:00:00Z
http://www.wikidata.org/entity/Q3018423,http://www.wikidata.org/entity/Q19580,29.0,2006-01-01T00:00:00Z,2008-01-01T00:00:00Z
http://www.wikidata.org/entity/Q3018627,http://www.wikidata.org/entity/Q19580,21.0,2001-01-01T00:00:00Z,2004-01-01T00:00:00Z
http://www.wikidata.org/entity/Q3020620,http://www.wikidata.org/entity/Q19571,9.0,2008-01-01T00:00:00Z,2009-01-01T00:00:00Z
http://www.wikidata.org/entity/Q3021900,http://www.wikidata.org/entity/Q19473,4.0,2005-01-01T00:00:00Z,2005-01-01T00:00:00Z
http://www.wikidata.org/entity/Q3021900,http://www.wikidata.org/entity/Q19477,21.0,2004-01-01T00:00:00Z,2005-01-01T00:00:00Z
http://www.wikidata.org/entity/Q3021900,http://www.wikidata.org/entity/Q19473,75.0,1996-01-01T00:00:00Z,2002-01-01T00:00:00Z
http://www.wikidata.org/entity/Q3644489,http://www.wikidata.org/entity/Q1128631,5.0,2014-01-01T00:00:00Z,2015-01-01T00:00:00Z
http://www.wikidata.org/entity/Q368416,http://www.wikidata.org/entity/Q1130849,0.0,2003-01-01T00:00:00Z,2006-01-01T00:00:00Z
http://www.wikidata.org/entity/Q368618,http://www.wikidata.org/entity/Q1128631,20.0,2010-01-01T00:00:00Z,2013-01-01T00:00:00Z
http://www.wikidata.org/entity/Q369507,http://www.wikidata.org/entity/Q1128631,13.0,2004-02-01T00:00:00Z,2004-05-01T00:00:00Z
http://www.wikidata.org/entity/Q3701245,http://www.wikidata.org/entity/Q1128631,0.0,1997-01-01T00:00:00Z,2001-01-01T00:00:00Z
http://www.wikidata.org/entity/Q370978,http://www.wikidata.org/entity/Q1128631,35.0,2011-01-01T00:00:00Z,2012-01-01T00:00:00Z
http://www.wikidata.org/entity/Q371437,http://www.wikidata.org/entity/Q1128631,12.0,2003-01-01T00:00:00Z,2004-01-01T00:00:00Z
http://www.wikidata.org/entity/Q371594,http://www.wikidata.org/entity/Q1130849,0.0,2007-01-01T00:00:00Z,2009-01-01T00:00:00Z
http://www.wikidata.org/entity/Q372046,http://www.wikidata.org/entity/Q1130849,2.0,2000-01-01T00:00:00Z,2003-01-01T00:00:00Z
http://www.wikidata.org/entity/Q372272,http://www.wikidata.org/entity/Q1128631,4.0,2010-01-01T00:00:00Z,2010-01-01T00:00:00Z
http://www.wikidata.org/entity/Q372379,http://www.wikidata.org/entity/Q1130849,179.0,2016-01-01T00:00:00Z,2021-06-01T00:00:00Z
http://www.wikidata.org/entity/Q372404,http://www.wikidata.org/entity/Q1130849,0.0,2006-01-01T00:00:00Z,2009-01-01T00:00:00Z
http://www.wikidata.org/entity/Q10557379,http://www.wikidata.org/entity/Q19580,14.0,2015-01-01T00:00:00Z,2015-01-01T00:00:00Z
http://www.wikidata.org/entity/Q16300824,http://www.wikidata.org/entity/Q19568,176.0,2018-01-01T00:00:00Z,2023-01-01T00:00:00Z
http://www.wikidata.org/entity/Q1655508,http://www.wikidata.org/entity/Q19482,4.0,2000-01-01T00:00:00Z,2002-01-01T00:00:00Z
http://www.wikidata.org/entity/Q1655508,http://www.wikidata.org/entity/Q19500,0.0,2002-01-01T00:00:00Z,2002-01-01T00:00:00Z
http://www.wikidata.org/entity/Q165639,http://www.wikidata.org/entity/Q19580,264.0,2003-01-01T00:00:00Z,2011-01-01T00:00:00Z
http://www.wikidata.org/entity/Q165639,http://www.wikidata.org/entity/Q19607,188.0,2011-01-01T00:00:00Z,2015-01-01T00:00:00Z
http://www.wikidata.org/entity/Q165744,http://www.wikidata.org/entity/Q19580,12.0,2014-01-01T00:00:00Z,2015-01-01T00:00:00Z
http://www.wikidata.org/entity/Q165744,http://www.wikidata.org/entity/Q19607,28.0,2012-01-01T00:00:00Z,2014-01-01T00:00:00Z
http://www.wikidata.org/entity/Q165772,http://www.wikidata.org/entity/Q19477,54.0,2014-01-01T00:00:00Z,2017-01-01T00:00:00Z
http://www.wikidata.org/entity/Q165772,http://www.wikidata.org/entity/Q19481,69.0,2017-01-01T00:00:00Z,2019-01-01T00:00:00Z
http://www.wikidata.org/entity/Q165772,http://www.wikidata.org/entity/Q19607,134.0,2011-01-01T00:00:00Z,2014-01-01T00:00:00Z
http://www.wikidata.org/entity/Q16606341,http://www.wikidata.org/entity/Q19481,0.0,2014-01-01T00:00:00Z,2016-01-01T00:00:00Z
http://www.wikidata.org/entity/Q16665941,http://www.wikidata.org/entity/Q19481,37.0,2015-01-01T00:00:00Z,2016-01-01T00:00:00Z
http://www.wikidata.org/entity/Q166703,http://www.wikidata.org/entity/Q19482,6.0,1999-01-01T00:00:00Z,2001-01-01T00:00:00Z
http://www.wikidata.org/entity/Q16727516,http://www.wikidata.org/entity/Q19473,81.0,2014-01-01T00:00:00Z,2019-01-01T00:00:00Z
http://www.wikidata.org/entity/Q16729477,http://www.wikidata.org/entity/Q19500,42.0,2022-01-01T00:00:00Z,2025-01-01T00:00:00Z
http://www.wikidata.org/entity/Q16732294,http://www.wikidata.org/entity/Q19607,34.0,2014-07-18T00:00:00Z,2016-07-01T00:00:00Z
http://www.wikidata.org/entity/Q1678818,http://www.wikidata.org/entity/Q19571,24.0,2011-01-01T00:00:00Z,2012-01-01T00:00:00Z
http://www.wikidata.org/entity/Q1678818,http://www.wikidata.org/entity/Q19571,40.0,2012-01-01T00:00:00Z,2013-01-01T00:00:00Z
http://www.wikidata.org/entity/Q1679571,http://www.wikidata.org/entity/Q19500,0.0,2003-01-01T00:00:00Z,2006-01-01T00:00:00Z
http://www.wikidata.org/entity/Q1679571,http://www.wikidata.org/entity/Q19490,85.0,2006-01-01T00:00:00Z,2008-01-01T00:00:00Z
http://www.wikidata.org/entity/Q1679571,http://www.wikidata.org/entity/Q19580,98.0,2009-01-01T00:00:00Z,2012-01-01T00:00:00Z
http://www.wikidata.org/entity/Q1679812,http://www.wikidata.org/entity/Q19490,27.0,2014-08-10T00:00:00Z,2015-05-31T00:00:00Z
http://www.wikidata.org/entity/Q1679812,http://www.wikidata.org/entity/Q19490,38.0,2011-07-01T00:00:00Z,2014-08-09T00:00:00Z
http://www.wikidata.org/entity/Q168108,http://www.wikidata.org/entity/Q19481,17.0,2005-01-01T00:00:00Z,2006-01-01T00:00:00Z
http://www.wikidata.org/entity/Q1681097,http://www.wikidata.org/entity/Q19604,35.0,1999-01-01T00:00:00Z,2002-01-01T00:00:00Z
http://www.wikidata.org/entity/Q168498,http://www.wikidata.org/entity/Q19568,0.0,2012-01-01T00:00:00Z,2015-01-01T00:00:00Z
http://www.wikidata.org/entity/Q1686749,http://www.wikidata.org/entity/Q19568,13.0,2007-01-01T00:00:00Z,2008-01-01T00:00:00Z
http://www.wikidata.org/entity/Q1689411,http://www.wikidata.org/entity/Q19481,0.0,2007-01-01T00:00:00Z,2008-01-01T00:00:00Z
http://www.wikidata.org/entity/Q17466174,http://www.wikidata.org/entity/Q19571,0.0,2013-01-01T00:00:00Z,2013-01-01T00:00:00Z
http://www.wikidata.org/entity/Q17496496,http://www.wikidata.org/entity/Q19473,1.0,2010-01-01T00:00:00Z,2015-01-01T00:00:00Z
http://www.wikidata.org/entity/Q17501397,http://www.wikidata.org/entity/Q19490,0.0,2008-01-01T00:00:00Z,2009-01-01T00:00:00Z
http://www.wikidata.org/entity/Q17501946,http://www.wikidata.org/entity/Q19498,0.0,2012-01-01T00:00:00Z,2014-01-01T00:00:00Z
http://www.wikidata.org/entity/Q17517177,http://www.wikidata.org/entity/Q19580,11.0,2016-02-01T00:00:00Z,2016-04-01T00:00:00Z
http://www.wikidata.org/entity/Q17517177,http://www.wikidata.org/entity/Q19580,24.0,2013-07-01T00:00:00Z,2016-01-31T00:00:00Z
http://www.wikidata.org/entity/Q17517177,http://www.wikidata.org/entity/Q19481,163.0,2018-06-01T00:00:00Z,2023-06-28T00:00:00Z
http://www.wikidata.org/entity/Q17517245,http://www.wikidata.org/entity/Q19571,0.0,2014-01-01T00:00:00Z,2016-01-01T00:00:00Z
http://www.wikidata.org/entity/Q1402895,http://www.wikidata.org/entity/Q19498,26.0,2010-01-01T00:00:00Z,2012-01-01T00:00:00Z
http://www.wikidata.org/entity/Q1402895,http://www.wikidata.org/entity/Q19477,9.0,2003-01-01T00:00:00Z,2003-01-01T00:00:00Z
http://www.wikidata.org/entity/Q1406968,http://www.wikidata.org/entity/Q19607,25.0,2006-01-01T00:00:00Z,2007-01-01T00:00:00Z
http://www.wikidata.org/entity/Q1407955,http://www.wikidata.org/entity/Q19473,67.0,2001-01-01T00:00:00Z,2003-01-01T00:00:00Z
http://www.wikidata.org/entity/Q1408509,http://www.wikidata.org/entity/Q19498,6.0,2005-01-01T00:00:00Z,2005-01-01T00:00:00Z
http://www.wikidata.org/entity/Q1408509,http://www.wikidata.org/entity/Q19580,55.0,2003-01-01T00:00:00Z,2006-01-01T00:00:00Z
http://www.wikidata.org/entity/Q1415824,http://www.wikidata.org/entity/Q19477,0.0,2008-01-01T00:00:00Z,2010-01-01T00:00:00Z
http://www.wikidata.org/entity/Q1426678,http://www.wikidata.org/entity/Q19607,9.0,2009-01-01T00:00:00Z,2010-01-01T00:00:00Z
http://www.wikidata.org/entity/Q1426678,http://www.wikidata.org/entity/Q19498,31.0,1999-01-01T00:00:00Z,2000-01-01T00:00:00Z
http://www.wikidata.org/entity/Q1426678,http://www.wikidata.org/entity/Q19607,115.0,2010-01-01T00:00:00Z,2013-01-01T00:00:00Z
http://www.wikidata.org/entity/Q1426678,http://www.wikidata.org/entity/Q19481,8.0,2000-01-01T00:00:00Z,2001-01-01T00:00:00Z
http://www.wikidata.org/entity/Q142907,http://www.wikidata.org/entity/Q19481,51.0,2005-01-01T00:00:00Z,2008-01-01T00:00:00Z
http://www.wikidata.org/entity/Q14327453,http://www.wikidata.org/entity/Q19481,138.0,2019-07-01T00:00:00Z,2023-06-10T00:00:00Z
http://www.wikidata.org/entity/Q14327453,http://www.wikidata.org/entity/Q19481,13.0,2019-01-31T00:00:00Z,2019-06-30T00:00:00Z
http://www.wikidata.org/entity/Q1435000,http://www.wikidata.org/entity/Q19481,11.0,2008-01-01T00:00:00Z,2008-01-01T00:00:00Z
http://www.wikidata.org/entity/Q1435000,http://www.wikidata.org/entity/Q19500,26.0,2006-01-01T00:00:00Z,2008-01-01T00:00:00Z
http://www.wikidata.org/entity/Q1441577,http://www.wikidata.org/entity/Q19571,8.0,2009-03-01T00:00:00Z,2009-05-01T00:00:00Z
http://www.wikidata.org/entity/Q1441577,http://www.wikidata.org/entity/Q19607,5.0,2011-01-01T00:00:00Z,2011-01-01T00:00:00Z
http://www.wikidata.org/entity/Q144579,http://www.wikidata.org/entity/Q19481,16.0,2012-01-01T00:00:00Z,2012-01-01T00:00:00Z
http://www.wikidata.org/entity/Q144689,http://www.wikidata.org/entity/Q19473,67.0,2003-01-01T00:00:00Z,2005-01-01T00:00:00Z
http://www.wikidata.org/entity/Q145523,http://www.wikidata.org/entity/Q19500,7.0,2003-01-01T00:00:00Z,2004-01-01T00:00:00Z
http://www.wikidata.org/entity/Q6968912,http://www.wikidata.org/entity/Q1128631,2.0,2005-01-01T00:00:00Z,2005-01-01T00:00:00Z
http://www.wikidata.org/entity/Q6989078,http://www.wikidata.org/entity/Q1130849,0.0,1999-01-01T00:00:00Z,2000-01-01T00:00:00Z
http://www.wikidata.org/entity/Q703414,http://www.wikidata.org/entity/Q1130849,100.0,1995-01-01T00:00:00Z,1999-01-01T00:00:00Z
http://www.wikidata.org/entity/Q704887,http://www.wikidata.org/entity/Q1128631,0.0,2008-01-01T00:00:00Z,2008-01-01T00:00:00Z
http://www.wikidata.org/entity/Q706028,http://www.wikidata.org/entity/Q1128631,30.0,1996-01-01T00:00:00Z,1999-01-01T00:00:00Z
http://www.wikidata.org/entity/Q71239,http://www.wikidata.org/entity/Q1128631,5.0,2006-01-01T00:00:00Z,2006-01-01T00:00:00Z
http://www.wikidata.org/entity/Q714036,http://www.wikidata.org/entity/Q1128631,63.0,2010-01-01T00:00:00Z,2011-01-01T00:00:00Z
http://www.wikidata.org/entity/Q714036,http://www.wikidata.org/entity/Q1128631,14.0,2009-01-01T00:00:00Z,2009-01-01T00:00:00Z
http://www.wikidata.org/entity/Q714036,http://www.wikidata.org/entity/Q1128631,14.0,2009-01-01T00:00:00Z,2010-01-01T00:00:00Z
http://www.wikidata.org/entity/Q714067,http://www.wikidata.org/entity/Q1130849,77.0,2015-01-01T00:00:00Z,2020-01-01T00:00:00Z
http://www.wikidata.org/entity/Q715041,http://www.wikidata.org/entity/Q1128631,41.0,2013-01-01T00:00:00Z,2015-01-01T00:00:00Z
http://www.wikidata.org/entity/Q7153571,http://www.wikidata.org/entity/Q1128631,1.0,1995-01-01T00:00:00Z,1999-01-01T00:00:00Z
http://www.wikidata.org/entity/Q716642,http://www.wikidata.org/entity/Q1128631,40.0,1999-01-01T00:00:00Z,2000-01-01T00:00:00Z
http://www.wikidata.org/entity/Q719604,http://www.wikidata.org/entity/Q1128631,74.0,1997-01-01T00:00:00Z,2000-01-01T00:00:00Z
http://www.wikidata.org/entity/Q719749,http://www.wikidata.org/entity/Q1130849,54.0,1998-01-01T00:00:00Z,2003-01-01T00:00:00Z
http://www.wikidata.org/entity/Q719809,http://www.wikidata.org/entity/Q1130849,0.0,1998-01-01T00:00:00Z,2002-01-01T00:00:00Z
http://www.wikidata.org/entity/Q721600,http://www.wikidata.org/entity/Q1128631,56.0,2019-01-01T00:00:00Z,2022-01-01T00:00:00Z
http://www.wikidata.org/entity/Q723157,http://www.wikidata.org/entity/Q1128631,3.0,2009-01-01T00:00:00Z,2009-01-01T00:00:00Z
http://www.wikidata.org/entity/Q723157,http://www.wikidata.org/entity/Q1128631,3.0,2009-01-01T00:00:00Z,2010-01-01T00:00:00Z
http://www.wikidata.org/entity/Q723606,http://www.wikidata.org/entity/Q1130849,1.0,2011-01-01T00:00:00Z,2014-01-01T00:00:00Z
http://www.wikidata.org/entity/Q7340889,http://www.wikidata.org/entity/Q1128631,7.0,2007-01-01T00:00:00Z,2007-01-01T00:00:00Z
http://www.wikidata.org/entity/Q7340892,http://www.wikidata.org/entity/Q1130849,1.0,2002-01-01T00:00:00Z,2006-01-01T00:00:00Z
http://www.wikidata.org/entity/Q17386152,http://www.wikidata.org/entity/Q19481,0.0,2016-01-01T00:00:00Z,2020-01-01T00:00:00Z
http://www.wikidata.org/entity/Q17399584,http://www.wikidata.org/entity/Q19571,2.0,2022-01-01T00:00:00Z,2024-01-01T00:00:00Z
http://www.wikidata.org/entity/Q1802569,http://www.wikidata.org/entity/Q19607,14.0,2015-01-01T00:00:00Z,2015-01-01T00:00:00Z
http://www.wikidata.org/entity/Q180534,http://www.wikidata.org/entity/Q19607,16.0,2012-01-01T00:00:00Z,2013-01-01T00:00:00Z
http://www.wikidata.org/entity/Q180581,http://www.wikidata.org/entity/Q19604,12.0,2008-01-01T00:00:00Z,2008-05-01T00:00:00Z
http://www.wikidata.org/entity/Q1806838,http://www.wikidata.org/entity/Q19580,0.0,2015-01-01T00:00:00Z,2016-01-01T00:00:00Z
http://www.wikidata.org/entity/Q180827,http://www.wikidata.org/entity/Q19580,71.0,2013-01-01T00:00:00Z,2015-01-01T00:00:00Z
http://www.wikidata.org/entity/Q180939,http://www.wikidata.org/entity/Q19604,37.0,2001-01-01T00:00:00Z,2002-01-01T00:00:00Z
http://www.wikidata.org/entity/Q180939,http://www.wikidata.org/entity/Q19604,38.0,2008-01-01T00:00:00Z,2009-01-01T00:00:00Z
http://www.wikidata.org/entity/Q632065,http://www.wikidata.org/entity/Q1128631,2.0,2006-01-01T00:00:00Z,2006-01-01T00:00:00Z
http://www.wikidata.org/entity/Q632509,http://www.wikidata.org/entity/Q1130849,0.0,2008-01-01T00:00:00Z,2011-01-01T00:00:00Z
http://www.wikidata.org/entity/Q635584,http://www.wikidata.org/entity/Q1128631,83.0,1996-01-01T00:00:00Z,1999-01-01T00:00:00Z
http://www.wikidata.org/entity/Q158618,http://www.wikidata.org/entity/Q19500,7.0,2002-01-01T00:00:00Z,2003-01-01T00:00:00Z
http://www.wikidata.org/entity/Q158723,http://www.wikidata.org/entity/Q19500,164.0,2007-01-01T00:00:00Z,2012-01-01T00:00:00Z
http://www.wikidata.org/entity/Q158814,http://www.wikidata.org/entity/Q19477,5.0,2006-01-01T00:00:00Z,2006-01-01T00:00:00Z
http://www.wikidata.org/entity/Q158945,http://www.wikidata.org/entity/Q19604,178.0,2002-01-01T00:00:00Z,2008-01-01T00:00:00Z
http://www.wikidata.org/entity/Q158995,http://www.wikidata.org/entity/Q19498,15.0,2004-01-01T00:00:00Z,2005-01-01T00:00:00Z
http://www.wikidata.org/entity/Q158995,http://www.wikidata.org/entity/Q19498,4.0,2010-01-01T00:00:00Z,2011-01-01T00:00:00Z
http://www.wikidata.org/entity/Q159032,http://www.wikidata.org/entity/Q19477,6.0,2007-01-01T00:00:00Z,2007-01-01T00:00:00Z
http://www.wikidata.org/entity/Q159057,http://www.wikidata.org/entity/Q19481,6.0,2015-01-06T00:00:00Z,2016-07-01T00:00:00Z
http://www.wikidata.org/entity/Q159130,http://www.wikidata.org/entity/Q19568,4.0,2013-01-01T00:00:00Z,2013-01-01T00:00:00Z
http://www.wikidata.org/entity/Q16023869,http://www.wikidata.org/entity/Q19580,35.0,2015-01-01T00:00:00Z,2015-01-01T00:00:00Z
http://www.wikidata.org/entity/Q6524578,http://www.wikidata.org/entity/Q1128631,4.0,2007-01-01T00:00:00Z,2008-01-01T00:00:00Z
http://www.wikidata.org/entity/Q1361652,http://www.wikidata.org/entity/Q19481,20.0,2004-01-01T00:00:00Z,2006-01-01T00:00:00Z
http://www.wikidata.org/entity/Q1365656,http://www.wikidata.org/entity/Q19500,81.0,2007-01-01T00:00:00Z,2009-01-01T00:00:00Z
http://www.wikidata.org/entity/Q1365656,http://www.wikidata.org/entity/Q19607,2.0,2006-01-01T00:00:00Z,2006-01-01T00:00:00Z
http://www.wikidata.org/entity/Q1365656,http://www.wikidata.org/entity/Q19500,3.0,2006-01-01T00:00:00Z,2007-01-01T00:00:00Z
http://www.wikidata.org/entity/Q1365656,http://www.wikidata.org/entity/Q19607,177.0,2011-01-01T00:00:00Z,2016-01-01T00:00:00Z
http://www.wikidata.org/entity/Q136583,http://www.wikidata.org/entity/Q19490,22.0,2016-01-01T00:00:00Z,2018-01-01T00:00:00Z
http://www.wikidata.org/entity/Q1365850,http://www.wikidata.org/entity/Q19580,191.0,1995-01-01T00:00:00Z,2001-01-01T00:00:00Z
http://www.wikidata.org/entity/Q1365850,http://www.wikidata.org/entity/Q19568,18.0,2007-01-01T00:00:00Z,2007-01-01T00:00:00Z
http://www.wikidata.org/entity/Q1366395,http://www.wikidata.org/entity/Q19500,17.0,2006-01-01T00:00:00Z,2006-01-01T00:00:00Z
http://www.wikidata.org/entity/Q1366395,http://www.wikidata.org/entity/Q19500,12.0,2005-01-01T00:00:00Z,2006-01-01T00:00:00Z
http://www.wikidata.org/entity/Q1366485,http://www.wikidata.org/entity/Q19607,97.0,2005-01-01T00:00:00Z,2009-01-01T00:00:00Z
http://www.wikidata.org/entity/Q1366485,http://www.wikidata.org/entity/Q19481,42.0,2003-01-01T00:00:00Z,2005-01-01T00:00:00Z
http://www.wikidata.org/entity/Q1367505,http://www.wikidata.org/entity/Q19498,25.0,2009-01-01T00:00:00Z,2010-01-01T00:00:00Z
http://www.wikidata.org/entity/Q1367644,http://www.wikidata.org/entity/Q19500,87.0,1998-01-01T00:00:00Z,2010-01-01T00:00:00Z
http://www.wikidata.org/entity/Q1368116,http://www.wikidata.org/entity/Q19473,2.0,2001-01-01T00:00:00Z,2001-01-01T00:00:00Z
http://www.wikidata.org/entity/Q1368116,http://www.wikidata.org/entity/Q19490,146.0,1999-01-01T00:00:00Z,2003-01-01T00:00:00Z
http://www.wikidata.org/entity/Q1370267,http://www.wikidata.org/entity/Q19607,158.0,1999-01-01T00:00:00Z,2003-01-01T00:00:00Z
http://www.wikidata.org/entity/Q1370451,http://www.wikidata.org/entity/Q19500,8.0,2009-01-01T00:00:00Z,2009-01-01T00:00:00Z
http://www.wikidata.org/entity/Q1370451,http://www.wikidata.org/entity/Q19607,7.0,2009-01-01T00:00:00Z,2010-01-01T00:00:00Z
http://www.wikidata.org/entity/Q1374216,http://www.wikidata.org/entity/Q19607,24.0,2010-01-01T00:00:00Z,2011-01-01T00:00:00Z
http://www.wikidata.org/entity/Q1376975,http://www.wikidata.org/entity/Q19607,7.0,2008-01-01T00:00:00Z,2009-01-01T00:00:00Z
http://www.wikidata.org/entity/Q137724,http://www.wikidata.org/entity/Q19473,21.0,1999-01-01T00:00:00Z,2000-01-01T00:00:00Z
http://www.wikidata.org/entity/Q1380749,http://www.wikidata.org/entity/Q19481,137.0,2008-01-01T00:00:00Z,2012-01-01T00:00:00Z
http://www.wikidata.org/entity/Q1381554,http://www.wikidata.org/entity/Q19604,4.0,2015-01-01T00:00:00Z,2016-01-01T00:00:00Z
http://www.wikidata.org/entity/Q1381817,http://www.wikidata.org/entity/Q19607,8.0,1999-01-01T00:00:00Z,1999-01-01T00:00:00Z
http://www.wikidata.org/entity/Q1383907,http://www.wikidata.org/entity/Q19580,6.0,2005-01-01T00:00:00Z,2005-01-01T00:00:00Z
http://www.wikidata.org/entity/Q1386177,http://www.wikidata.org/entity/Q19568,26.0,2012-01-01T00:00:00Z,2014-01-01T00:00:00Z
http://www.wikidata.org/entity/Q1386177,http://www.wikidata.org/entity/Q19604,131.0,2002-01-01T00:00:00Z,2011-01-01T00:00:00Z
http://www.wikidata.org/entity/Q1386177,http://www.wikidata.org/entity/Q19568,131.0,1998-01-01T00:00:00Z,2002-01-01T00:00:00Z
http://www.wikidata.org/entity/Q1386748,http://www.wikidata.org/entity/Q19477,20.0,2005-01-01T00:00:00Z,2006-01-01T00:00:00Z
http://www.wikidata.org/entity/Q1386748,http://www.wikidata.org/entity/Q19477,30.0,2006-01-01T00:00:00Z,2009-01-01T00:00:00Z
http://www.wikidata.org/entity/Q1387139,http://www.wikidata.org/entity/Q19481,17.0,2005-01-01T00:00:00Z,2006-01-01T00:00:00Z
http://www.wikidata.org/entity/Q138839,http://www.wikidata.org/entity/Q19500,152.0,2006-01-01T00:00:00Z,2014-01-01T00:00:00Z
http://www.wikidata.org/entity/Q138839,http://www.wikidata.org/entity/Q19490,4.0,2022-07-01T00:00:00Z,2024-01-01T00:00:00Z
http://www.wikidata.org/entity/Q1392500,http://www.wikidata.org/entity/Q19490,352.0,2002-01-01T00:00:00Z,2012-01-01T00:00:00Z
http://www.wikidata.org/entity/Q1396239,http://www.wikidata.org/entity/Q19490,176.0,2006-01-01T00:00:00Z,2011-01-01T00:00:00Z
http://www.wikidata.org/entity/Q1396239,http://www.wikidata.org/entity/Q19490,8.0,2005-01-01T00:00:00Z,2006-01-01T00:00:00Z
http://www.wikidata.org/entity/Q1396931,http://www.wikidata.org/entity/Q19473,4.0,2000-01-01T00:00:00Z,2000-01-01T00:00:00Z
http://www.wikidata.org/entity/Q1396931,http://www.wikidata.org/entity/Q19500,12.0,2008-01-01T00:00:00Z,2008-01-01T00:00:00Z
http://www.wikidata.org/entity/Q1396931,http://www.wikidata.org/entity/Q19580,44.0,2006-01-01T00:00:00Z,2009-01-01T00:00:00Z
http://www.wikidata.org/entity/Q1398740,http://www.wikidata.org/entity/Q19500,20.0,2006-01-01T00:00:00Z,2007-01-01T00:00:00Z
http://www.wikidata.org/entity/Q1398845,http://www.wikidata.org/entity/Q19607,166.0,1993-01-01T00:00:00Z,1999-01-01T00:00:00Z
http://www.wikidata.org/entity/Q1399100,http://www.wikidata.org/entity/Q19580,1.0,2006-01-01T00:00:00Z,2006-01-01T00:00:00Z
http://www.wikidata.org/entity/Q1399199,http://www.wikidata.org/entity/Q19607,0.0,2009-01-01T00:00:00Z,2012-01-01T00:00:00Z
http://www.wikidata.org/entity/Q1399750,http://www.wikidata.org/entity/Q19580,8.0,2005-01-01T00:00:00Z,2005-01-01T00:00:00Z
http://www.wikidata.org/entity/Q1400231,http://www.wikidata.org/entity/Q19500,167.0,2001-01-01T00:00:00Z,2006-01-01T00:00:00Z
http://www.wikidata.org/entity/Q1400231,http://www.wikidata.org/entity/Q19482,21.0,1998-01-01T00:00:00Z,1999-01-01T00:00:00Z
http://www.wikidata.org/entity/Q1401421,http://www.wikidata.org/entity/Q19500,27.0,2005-01-01T00:00:00Z,2010-01-01T00:00:00Z
http://www.wikidata.org/entity/Q724232,http://www.wikidata.org/entity/Q1128631,90.0,2005-01-01T00:00:00Z,2010-01-01T00:00:00Z
http://www.wikidata.org/entity/Q724268,http://www.wikidata.org/entity/Q1128631,115.0,2000-01-01T00:00:00Z,2004-01-01T00:00:00Z
http://www.wikidata.org/entity/Q724268,http://www.wikidata.org/entity/Q1130849,129.0,1992-01-01T00:00:00Z,2000-01-01T00:00:00Z
http://www.wikidata.org/entity/Q725397,http://www.wikidata.org/entity/Q1128631,10.0,2012-03-01T00:00:00Z,2012-05-01T00:00:00Z
http://www.wikidata.org/entity/Q7341953,http://www.wikidata.org/entity/Q1128631,3.0,2006-01-01T00:00:00Z,2008-01-01T00:00:00Z
http://www.wikidata.org/entity/Q738380,http://www.wikidata.org/entity/Q1130849,0.0,2004-01-01T00:00:00Z,2008-01-01T00:00:00Z
http://www.wikidata.org/entity/Q738380,http://www.wikidata.org/entity/Q1128631,66.0,2012-01-01T00:00:00Z,2014-01-01T00:00:00Z
http://www.wikidata.org/entity/Q7441228,http://www.wikidata.org/entity/Q1128631,0.0,2012-01-01T00:00:00Z,2012-01-01T00:00:00Z
http://www.wikidata.org/entity/Q1818865,http://www.wikidata.org/entity/Q19580,20.0,2009-01-01T00:00:00Z,2010-01-01T00:00:00Z
http://www.wikidata.org/entity/Q1818865,http://www.wikidata.org/entity/Q19580,9.0,2010-01-01T00:00:00Z,2010-01-01T00:00:00Z
http://www.wikidata.org/entity/Q182549,http://www.wikidata.org/entity/Q19604,77.0,2009-01-01T00:00:00Z,2012-01-01T00:00:00Z
http://www.wikidata.org/entity/Q182558,http://www.wikidata.org/entity/Q19580,5.0,2003-01-01T00:00:00Z,2003-01-01T00:00:00Z
http://www.wikidata.org/entity/Q1839524,http://www.wikidata.org/entity/Q19490,23.0,2023-01-01T00:00:00Z,2024-01-01T00:00:00Z
http://www.wikidata.org/entity/Q1841141,http://www.wikidata.org/entity/Q19604,30.0,2001-01-01T00:00:00Z,2004-01-01T00:00:00Z
http://www.wikidata.org/entity/Q1841141,http://www.wikidata.org/entity/Q19498,196.0,2009-01-01T00:00:00Z,2015-01-01T00:00:00Z
http://www.wikidata.org/entity/Q1841141,http://www.wikidata.org/entity/Q19498,15.0,2008-01-01T00:00:00Z,2009-01-01T00:00:00Z
http://www.wikidata.org/entity/Q1841141,http://www.wikidata.org/entity/Q19568,26.0,2003-01-01T00:00:00Z,2004-01-01T00:00:00Z
http://www.wikidata.org/entity/Q1841141,http://www.wikidata.org/entity/Q19568,17.0,2003-01-01T00:00:00Z,2003-01-01T00:00:00Z
http://www.wikidata.org/entity/Q184612,http://www.wikidata.org/entity/Q19500,73.0,1997-01-01T00:00:00Z,1999-01-01T00:00:00Z
http://www.wikidata.org/entity/Q184612,http://www.wikidata.org/entity/Q19580,31.0,1999-01-01T00:00:00Z,2000-01-01T00:00:00Z
http://www.wikidata.org/entity/Q184946,http://www.wikidata.org/entity/Q19580,7.0,2015-01-01T00:00:00Z,2016-01-01T00:00:00Z
http://www.wikidata.org/entity/Q184946,http://www.wikidata.org/entity/Q19580,15.0,2016-01-01T00:00:00Z,2016-05-01T00:00:00Z
http://www.wikidata.org/entity/Q1850683,http://www.wikidata.org/entity/Q19482,21.0,1999-01-01T00:00:00Z,2000-01-01T00:00:00Z
http://www.wikidata.org/entity/Q185208,http://www.wikidata.org/entity/Q19604,26.0,2006-01-01T00:00:00Z,2007-01-01T00:00:00Z
http://www.wikidata.org/entity/Q185208,http://www.wikidata.org/entity/Q19604,58.0,2007-01-01T00:00:00Z,2009-01-01T00:00:00Z
http://www.wikidata.org/entity/Q185234,http://www.wikidata.org/entity/Q19500,23.0,2006-01-01T00:00:00Z,2007-01-01T00:00:00Z
http://www.wikidata.org/entity/Q1859053,http://www.wikidata.org/entity/Q19498,4.0,2006-01-01T00:00:00Z,2006-01-01T00:00:00Z
http://www.wikidata.org/entity/Q1859053,http://www.wikidata.org/entity/Q19500,7.0,2004-01-01T00:00:00Z,2004-01-01T00:00:00Z
http://www.wikidata.org/entity/Q1859053,http://www.wikidata.org/entity/Q19500,11.0,2004-01-01T00:00:00Z,2005-01-01T00:00:00Z
http://www.wikidata.org/entity/Q1859053,http://www.wikidata.org/entity/Q19580,3.0,2006-01-01T00:00:00Z,2007-01-01T00:00:00Z
http://www.wikidata.org/entity/Q1862778,http://www.wikidata.org/entity/Q19473,33.0,2009-08-14T00:00:00Z,2010-05-31T00:00:00Z
http://www.wikidata.org/entity/Q1862778,http://www.wikidata.org/entity/Q19481,193.0,2012-01-20T00:00:00Z,2017-08-31T00:00:00Z
http://www.wikidata.org/entity/Q19008392,http://www.wikidata.org/entity/Q19500,17.0,2015-01-01T00:00:00Z,2016-01-01T00:00:00Z
http://www.wikidata.org/entity/Q19282169,http://www.wikidata.org/entity/Q19490,7.0,2018-08-01T00:00:00Z,2019-05-01T00:00:00Z
http://www.wikidata.org/entity/Q59373,http://www.wikidata.org/entity/Q48879,3.0,2015-01-01T00:00:00Z,2015-01-01T00:00:00Z
http://www.wikidata.org/entity/Q594853,http://www.wikidata.org/entity/Q1128631,55.0,2009-01-01T00:00:00Z,2013-01-01T00:00:00Z
http://www.wikidata.org/entity/Q596939,http://www.wikidata.org/entity/Q1130849,0.0,2010-01-01T00:00:00Z,2012-01-01T00:00:00Z
http://www.wikidata.org/entity/Q59786,http://www.wikidata.org/entity/Q50602,0.0,2008-01-01T00:00:00Z,2010-01-01T00:00:00Z
http://www.wikidata.org/entity/Q5981443,http://www.wikidata.org/entity/Q1130849,0.0,1998-01-01T00:00:00Z,2000-01-01T00:00:00Z
http://www.wikidata.org/entity/Q5983067,http://www.wikidata.org/entity/Q1128631,59.0,2005-01-01T00:00:00Z,2007-01-01T00:00:00Z
http://www.wikidata.org/entity/Q602525,http://www.wikidata.org/entity/Q1130849,256.0,2015-01-01T00:00:00Z,2023-06-14T00:00:00Z
http://www.wikidata.org/entity/Q603918,http://www.wikidata.org/entity/Q1130849,18.0,2004-01-01T00:00:00Z,2005-01-01T00:00:00Z
http://www.wikidata.org/entity/Q606258,http://www.wikidata.org/entity/Q1128631,14.0,2007-01-01T00:00:00Z,2007-01-01T00:00:00Z
http://www.wikidata.org/entity/Q606258,http://www.wikidata.org/entity/Q1128631,107.0,2007-01-01T00:00:00Z,2010-01-01T00:00:00Z
http://www.wikidata.org/entity/Q606902,http://www.wikidata.org/entity/Q1128631,10.0,2010-01-01T00:00:00Z,2010-01-01T00:00:00Z
http://www.wikidata.org/entity/Q10396118,http://www.wikidata.org/entity/Q19604,0.0,2000-01-01T00:00:00Z,2000-01-01T00:00:00Z
http://www.wikidata.org/entity/Q10396750,http://www.wikidata.org/entity/Q19473,6.0,2007-01-01T00:00:00Z,2008-01-01T00:00:00Z
http://www.wikidata.org/entity/Q10396798,http://www.wikidata.org/entity/Q19498,4.0,1996-01-01T00:00:00Z,1999-01-01T00:00:00Z
http://www.wikidata.org/entity/Q10397456,http://www.wikidata.org/entity/Q19571,0.0,2009-01-01T00:00:00Z,2009-01-01T00:00:00Z
http://www.wikidata.org/entity/Q10398900,http://www.wikidata.org/entity/Q19607,16.0,1997-01-01T00:00:00Z,1999-01-01T00:00:00Z
http://www.wikidata.org/entity/Q10401988,http://www.wikidata.org/entity/Q19477,12.0,2002-01-01T00:00:00Z,2002-01-01T00:00:00Z
http://www.wikidata.org/entity/Q10405322,http://www.wikidata.org/entity/Q19607,65.0,1997-01-01T00:00:00Z,1999-01-01T00:00:00Z
http://www.wikidata.org/entity/Q10421241,http://www.wikidata.org/entity/Q19500,0.0,2003-01-01T00:00:00Z,2005-01-01T00:00:00Z
http://www.wikidata.org/entity/Q609186,http://www.wikidata.org/entity/Q1128631,0.0,2001-01-01T00:00:00Z,2003-01-01T00:00:00Z
http://www.wikidata.org/entity/Q6129486,http://www.wikidata.org/entity/Q1128631,0.0,2010-01-01T00:00:00Z,2011-01-01T00:00:00Z
http://www.wikidata.org/entity/Q6146713,http://www.wikidata.org/entity/Q1130849,0.0,1996-01-01T00:00:00Z,1999-01-01T00:00:00Z
http://www.wikidata.org/entity/Q6147230,http://www.wikidata.org/entity/Q1128631,11.0,1999-01-01T00:00:00Z,2005-01-01T00:00:00Z
http://www.wikidata.org/entity/Q6147360,http://www.wikidata.org/entity/Q1128631,0.0,1997-01-01T00:00:00Z,1999-01-01T00:00:00Z
http://www.wikidata.org/entity/Q56332606,http://www.wikidata.org/entity/Q1130849,4.0,2026-08-01T00:00:00Z,
http://www.wikidata.org/entity/Q10377412,http://www.wikidata.org/entity/Q19607,147.0,1998-01-01T00:00:00Z,2002-01-01T00:00:00Z
http://www.wikidata.org/entity/Q10377900,http://www.wikidata.org/entity/Q19604,179.0,1993-01-01T00:00:00Z,1999-01-01T00:00:00Z
http://www.wikidata.org/entity/Q10379400,http://www.wikidata.org/entity/Q19482,245.0,1991-01-01T00:00:00Z,2002-01-01T00:00:00Z
http://www.wikidata.org/entity/Q10379521,http://www.wikidata.org/entity/Q19477,23.0,2002-01-01T00:00:00Z,2002-01-01T00:00:00Z
http://www.wikidata.org/entity/Q10379521,http://www.wikidata.org/entity/Q19477,123.0,2002-01-01T00:00:00Z,2006-01-01T00:00:00Z
http://www.wikidata.org/entity/Q10379525,http://www.wikidata.org/entity/Q19490,28.0,2005-01-01T00:00:00Z,2007-01-01T00:00:00Z
http://www.wikidata.org/entity/Q10379532,http://www.wikidata.org/entity/Q19571,78.0,2004-01-01T00:00:00Z,2006-01-01T00:00:00Z
http://www.wikidata.org/entity/Q10379534,http://www.wikidata.org/entity/Q19481,29.0,2002-01-01T00:00:00Z,2003-01-01T00:00:00Z
http://www.wikidata.org/entity/Q10379534,http://www.wikidata.org/entity/Q19490,17.0,2001-01-01T00:00:00Z,2002-01-01T00:00:00Z
http://www.wikidata.org/entity/Q10379553,http://www.wikidata.org/entity/Q19500,52.0,1997-01-01T00:00:00Z,2000-01-01T00:00:00Z
http://www.wikidata.org/entity/Q10379591,http://www.wikidata.org/entity/Q19477,193.0,1998-01-01T00:00:00Z,2004-01-01T00:00:00Z
http://www.wikidata.org/entity/Q10379724,http://www.wikidata.org/entity/Q19571,46.0,2005-01-01T00:00:00Z,2008-01-01T00:00:00Z
http://www.wikidata.org/entity/Q10379758,http://www.wikidata.org/entity/Q19500,38.0,1997-01-01T00:00:00Z,1999-01-01T00:00:00Z
http://www.wikidata.org/entity/Q10379786,http://www.wikidata.org/entity/Q19498,2.0,2005-01-01T00:00:00Z,2005-01-01T00:00:00Z
http://www.wikidata.org/entity/Q10379857,http://www.wikidata.org/entity/Q19473,47.0,1999-01-01T00:00:00Z,1999-01-01T00:00:00Z
http://www.wikidata.org/entity/Q10379861,http://www.wikidata.org/entity/Q19473,34.0,2008-01-01T00:00:00Z,2010-01-01T00:00:00Z
http://www.wikidata.org/entity/Q10379863,http://www.wikidata.org/entity/Q19604,24.0,1998-01-01T00:00:00Z,2000-01-01T00:00:00Z
http://www.wikidata.org/entity/Q10379875,http://www.wikidata.org/entity/Q19482,3.0,2003-01-01T00:00:00Z,2004-01-01T00:00:00Z
http://www.wikidata.org/entity/Q10379907,http://www.wikidata.org/entity/Q19571,3.0,2007-01-01T00:00:00Z,2007-01-01T00:00:00Z
http://www.wikidata.org/entity/Q10379940,http://www.wikidata.org/entity/Q19568,8.0,2000-01-01T00:00:00Z,2000-01-01T00:00:00Z
http://www.wikidata.org/entity/Q10379955,http://www.wikidata.org/entity/Q19473,59.0,1999-01-01T00:00:00Z,2001-01-01T00:00:00Z
http://www.wikidata.org/entity/Q10379955,http://www.wikidata.org/entity/Q19568,107.0,1996-01-01T00:00:00Z,1999-01-01T00:00:00Z
http://www.wikidata.org/entity/Q10379955,http://www.wikidata.org/entity/Q19604,48.0,2001-01-01T00:00:00Z,2004-01-01T00:00:00Z
http://www.wikidata.org/entity/Q10379963,http://www.wikidata.org/entity/Q19568,117.0,2001-01-01T00:00:00Z,2007-01-01T00:00:00Z
http://www.wikidata.org/entity/Q10380008,http://www.wikidata.org/entity/Q19568,37.0,2010-01-01T00:00:00Z,2012-01-01T00:00:00Z
http://www.wikidata.org/entity/Q10380008,http://www.wikidata.org/entity/Q19568,5.0,2008-01-01T00:00:00Z,2008-01-01T00:00:00Z
http://www.wikidata.org/entity/Q10380639,http://www.wikidata.org/entity/Q19473,69.0,2001-01-01T00:00:00Z,2003-01-01T00:00:00Z
http://www.wikidata.org/entity/Q10380872,http://www.wikidata.org/entity/Q19498,15.0,2006-01-01T00:00:00Z,2011-01-01T00:00:00Z
http://www.wikidata.org/entity/Q10382139,http://www.wikidata.org/entity/Q19607,0.0,2004-01-01T00:00:00Z,2008-01-01T00:00:00Z
http://www.wikidata.org/entity/Q10384359,http://www.wikidata.org/entity/Q19473,41.0,2003-01-01T00:00:00Z,2005-01-01T00:00:00Z
http://www.wikidata.org/entity/Q10384359,http://www.wikidata.org/entity/Q19473,139.0,1996-01-01T00:00:00Z,2000-01-01T00:00:00Z
http://www.wikidata.org/entity/Q10384678,http://www.wikidata.org/entity/Q19580,30.0,2001-01-01T00:00:00Z,2003-01-01T00:00:00Z
http://www.wikidata.org/entity/Q10384678,http://www.wikidata.org/entity/Q19604,26.0,2000-01-01T00:00:00Z,2001-01-01T00:00:00Z
http://www.wikidata.org/entity/Q10384678,http://www.wikidata.org/entity/Q19580,8.0,2001-01-01T00:00:00Z,2001-01-01T00:00:00Z
http://www.wikidata.org/entity/Q10384918,http://www.wikidata.org/entity/Q19498,0.0,2004-01-01T00:00:00Z,2005-01-01T00:00:00Z
http://www.wikidata.org/entity/Q10385813,http://www.wikidata.org/entity/Q19477,32.0,2003-01-01T00:00:00Z,2004-01-01T00:00:00Z
http://www.wikidata.org/entity/Q10386767,http://www.wikidata.org/entity/Q19500,0.0,2005-01-01T00:00:00Z,2006-01-01T00:00:00Z
http://www.wikidata.org/entity/Q10387190,http://www.wikidata.org/entity/Q19473,68.0,2006-01-01T00:00:00Z,2010-01-01T00:00:00Z
http://www.wikidata.org/entity/Q10387514,http://www.wikidata.org/entity/Q19580,0.0,2005-01-01T00:00:00Z,2006-01-01T00:00:00Z
http://www.wikidata.org/entity/Q10387517,http://www.wikidata.org/entity/Q19580,2.0,2001-01-01T00:00:00Z,2004-01-01T00:00:00Z
http://www.wikidata.org/entity/Q10388063,http://www.wikidata.org/entity/Q19580,11.0,2000-01-01T00:00:00Z,2002-01-01T00:00:00Z
http://www.wikidata.org/entity/Q10389856,http://www.wikidata.org/entity/Q19571,44.0,2008-01-01T00:00:00Z,2009-01-01T00:00:00Z
http://www.wikidata.org/entity/Q10390913,http://www.wikidata.org/entity/Q19498,0.0,2000-01-01T00:00:00Z,2000-01-01T00:00:00Z
http://www.wikidata.org/entity/Q10390913,http://www.wikidata.org/entity/Q19477,95.0,2000-01-01T00:00:00Z,2004-01-01T00:00:00Z
http://www.wikidata.org/entity/Q10406110,http://www.wikidata.org/entity/Q19477,24.0,1996-01-01T00:00:00Z,2000-01-01T00:00:00Z
http://www.wikidata.org/entity/Q10408458,http://www.wikidata.org/entity/Q19473,4.0,2012-01-01T00:00:00Z,2013-01-01T00:00:00Z
http://www.wikidata.org/entity/Q10408576,http://www.wikidata.org/entity/Q19571,36.0,2009-01-01T00:00:00Z,2010-01-01T00:00:00Z
http://www.wikidata.org/entity/Q10410097,http://www.wikidata.org/entity/Q19607,0.0,2006-01-01T00:00:00Z,2009-01-01T00:00:00Z
http://www.wikidata.org/entity/Q10410370,http://www.wikidata.org/entity/Q19477,19.0,1998-01-01T00:00:00Z,2000-01-01T00:00:00Z
http://www.wikidata.org/entity/Q10411200,http://www.wikidata.org/entity/Q19473,1.0,2006-01-01T00:00:00Z,2009-01-01T00:00:00Z
http://www.wikidata.org/entity/Q118876868,http://www.wikidata.org/entity/Q19500,0.0,2024-01-01T00:00:00Z,
http://www.wikidata.org/entity/Q126466,http://www.wikidata.org/entity/Q19490,14.0,2018-01-01T00:00:00Z,
http://www.wikidata.org/entity/Q84314202,http://www.wikidata.org/entity/Q1130849,0.0,2020-01-01T00:00:00Z,
http://www.wikidata.org/entity/Q1207229,http://www.wikidata.org/entity/Q19490,6.0,2009-01-01T00:00:00Z,2009-01-01T00:00:00Z
http://www.wikidata.org/entity/Q1231397,http://www.wikidata.org/entity/Q19607,35.0,2004-01-01T00:00:00Z,2006-01-01T00:00:00Z
http://www.wikidata.org/entity/Q1237907,http://www.wikidata.org/entity/Q19473,3.0,2009-01-01T00:00:00Z,2009-01-01T00:00:00Z
http://www.wikidata.org/entity/Q1237907,http://www.wikidata.org/entity/Q19473,3.0,2009-01-01T00:00:00Z,2010-01-01T00:00:00Z
http://www.wikidata.org/entity/Q1238314,http://www.wikidata.org/entity/Q19490,38.0,2006-01-01T00:00:00Z,2011-01-01T00:00:00Z
http://www.wikidata.org/entity/Q1245704,http://www.wikidata.org/entity/Q19568,6.0,2011-01-01T00:00:00Z,2013-01-01T00:00:00Z
http://www.wikidata.org/entity/Q1250853,http://www.wikidata.org/entity/Q19500,14.0,2011-01-01T00:00:00Z,2013-01-01T00:00:00Z
http://www.wikidata.org/entity/Q1255357,http://www.wikidata.org/entity/Q19607,0.0,2006-01-01T00:00:00Z,2010-01-01T00:00:00Z
http://www.wikidata.org/entity/Q1255645,http://www.wikidata.org/entity/Q19607,3.0,2006-01-01T00:00:00Z,2009-01-01T00:00:00Z
http://www.wikidata.org/entity/Q126181,http://www.wikidata.org/entity/Q19477,34.0,2007-01-01T00:00:00Z,2008-01-01T00:00:00Z
http://www.wikidata.org/entity/Q126332,http://www.wikidata.org/entity/Q19477,147.0,2013-01-01T00:00:00Z,2018-01-01T00:00:00Z
http://www.wikidata.org/entity/Q126332,http://www.wikidata.org/entity/Q19580,5.0,2019-01-01T00:00:00Z,2019-06-01T00:00:00Z
http://www.wikidata.org/entity/Q126332,http://www.wikidata.org/entity/Q19477,10.0,2012-01-01T00:00:00Z,2013-01-01T00:00:00Z
http://www.wikidata.org/entity/Q126360,http://www.wikidata.org/entity/Q19604,16.0,2002-01-01T00:00:00Z,2004-01-01T00:00:00Z
http://www.wikidata.org/entity/Q126360,http://www.wikidata.org/entity/Q19500,165.0,1995-01-01T00:00:00Z,2002-01-01T00:00:00Z
http://www.wikidata.org/entity/Q126360,http://www.wikidata.org/entity/Q19607,5.0,2004-01-01T00:00:00Z,2004-01-01T00:00:00Z
http://www.wikidata.org/entity/Q126360,http://www.wikidata.org/entity/Q19498,4.0,2003-01-01T00:00:00Z,2003-01-01T00:00:00Z
http://www.wikidata.org/entity/Q126422,http://www.wikidata.org/entity/Q19498,17.0,2013-01-01T00:00:00Z,2014-01-01T00:00:00Z
http://www.wikidata.org/entity/Q126444,http://www.wikidata.org/entity/Q19490,9.0,2013-01-01T00:00:00Z,2014-01-01T00:00:00Z
http://www.wikidata.org/entity/Q126444,http://www.wikidata.org/entity/Q19490,93.0,2014-01-01T00:00:00Z,2018-01-01T00:00:00Z
http://www.wikidata.org/entity/Q1269556,http://www.wikidata.org/entity/Q19477,71.0,1999-01-01T00:00:00Z,2002-01-01T00:00:00Z
http://www.wikidata.org/entity/Q1286545,http://www.wikidata.org/entity/Q19607,2.0,2013-01-01T00:00:00Z,2014-01-01T00:00:00Z
http://www.wikidata.org/entity/Q128845,http://www.wikidata.org/entity/Q19607,1.0,2003-01-01T00:00:00Z,2004-01-01T00:00:00Z
http://www.wikidata.org/entity/Q129655,http://www.wikidata.org/entity/Q19490,70.0,1998-01-01T00:00:00Z,2000-01-01T00:00:00Z
http://www.wikidata.org/entity/Q1298682,http://www.wikidata.org/entity/Q19607,17.0,2003-01-01T00:00:00Z,2004-01-01T00:00:00Z
http://www.wikidata.org/entity/Q72921909,http://www.wikidata.org/entity/Q1130849,13.0,2019-01-01T00:00:00Z,2022-01-01T00:00:00Z
http://www.wikidata.org/entity/Q74051767,http://www.wikidata.org/entity/Q1128631,57.0,2023-01-01T00:00:00Z,2024-01-01T00:00:00Z
http://www.wikidata.org/entity/Q776878,http://www.wikidata.org/entity/Q1130849,30.0,2020-01-01T00:00:00Z,2022-06-01T00:00:00Z
http://www.wikidata.org/entity/Q7817033,http://www.wikidata.org/entity/Q1128631,0.0,2002-01-01T00:00:00Z,2003-01-01T00:00:00Z
http://www.wikidata.org/entity/Q7821342,http://www.wikidata.org/entity/Q1130849,0.0,2011-01-01T00:00:00Z,2012-01-01T00:00:00Z
http://www.wikidata.org/entity/Q7822510,http://www.wikidata.org/entity/Q1128631,0.0,1998-01-01T00:00:00Z,2001-01-01T00:00:00Z
http://www.wikidata.org/entity/Q7828898,http://www.wikidata.org/entity/Q1128631,18.0,2016-01-01T00:00:00Z,2017-01-01T00:00:00Z
http://www.wikidata.org/entity/Q785933,http://www.wikidata.org/entity/Q1128631,13.0,2005-01-01T00:00:00Z,2005-01-01T00:00:00Z
http://www.wikidata.org/entity/Q785933,http://www.wikidata.org/entity/Q1128631,39.0,2005-01-01T00:00:00Z,2006-01-01T00:00:00Z
http://www.wikidata.org/entity/Q787761,http://www.wikidata.org/entity/Q1128631,10.0,2012-01-01T00:00:00Z,2013-01-01T00:00:00Z
http://www.wikidata.org/entity/Q7937192,http://www.wikidata.org/entity/Q1130849,0.0,2008-01-01T00:00:00Z,2010-01-01T00:00:00Z
http://www.wikidata.org/entity/Q7976016,http://www.wikidata.org/entity/Q1128631,1.0,2007-01-01T00:00:00Z,2007-01-01T00:00:00Z
http://www.wikidata.org/entity/Q7983853,http://www.wikidata.org/entity/Q1128631,1.0,1996-01-01T00:00:00Z,2002-01-01T00:00:00Z
http://www.wikidata.org/entity/Q7996687,http://www.wikidata.org/entity/Q1130849,13.0,2013-01-01T00:00:00Z,2013-01-01T00:00:00Z
http://www.wikidata.org/entity/Q8002852,http://www.wikidata.org/entity/Q1128631,0.0,2010-01-01T00:00:00Z,2012-01-01T00:00:00Z
http://www.wikidata.org/entity/Q22001795,http://www.wikidata.org/entity/Q19568,47.0,2019-08-01T00:00:00Z,2021-08-19T00:00:00Z
http://www.wikidata.org/entity/Q2230968,http://www.wikidata.org/entity/Q19481,0.0,2007-01-01T00:00:00Z,2008-01-01T00:00:00Z
http://www.wikidata.org/entity/Q223138,http://www.wikidata.org/entity/Q19604,19.0,2008-01-01T00:00:00Z,2009-01-01T00:00:00Z
http://www.wikidata.org/entity/Q223827,http://www.wikidata.org/entity/Q19607,16.0,2007-01-01T00:00:00Z,2007-01-01T00:00:00Z
http://www.wikidata.org/entity/Q223827,http://www.wikidata.org/entity/Q19568,22.0,2021-08-01T00:00:00Z,2022-06-01T00:00:00Z
http://www.wikidata.org/entity/Q2245403,http://www.wikidata.org/entity/Q19500,26.0,2004-01-01T00:00:00Z,2006-01-01T00:00:00Z
http://www.wikidata.org/entity/Q224799,http://www.wikidata.org/entity/Q19500,6.0,2010-01-01T00:00:00Z,2011-01-01T00:00:00Z
http://www.wikidata.org/entity/Q2253292,http://www.wikidata.org/entity/Q19482,71.0,2000-01-01T00:00:00Z,2004-01-01T00:00:00Z
http://www.wikidata.org/entity/Q2255084,http://www.wikidata.org/entity/Q19604,99.0,1999-01-01T00:00:00Z,2004-01-01T00:00:00Z
http://www.wikidata.org/entity/Q2255084,http://www.wikidata.org/entity/Q19568,126.0,2007-01-01T00:00:00Z,2011-01-01T00:00:00Z
http://www.wikidata.org/entity/Q2255084,http://www.wikidata.org/entity/Q19498,11.0,2002-01-01T00:00:00Z,2003-01-01T00:00:00Z
http://www.wikidata.org/entity/Q2255084,http://www.wikidata.org/entity/Q19568,1.0,2007-01-01T00:00:00Z,2007-01-01T00:00:00Z
http://www.wikidata.org/entity/Q2261127,http://www.wikidata.org/entity/Q19490,13.0,2012-01-01T00:00:00Z,2012-01-01T00:00:00Z
http://www.wikidata.org/entity/Q226125,http://www.wikidata.org/entity/Q19490,181.0,1996-01-01T00:00:00Z,2003-01-01T00:00:00Z
http://www.wikidata.org/entity/Q226125,http://www.wikidata.org/entity/Q19500,5.0,2009-01-01T00:00:00Z,2009-01-01T00:00:00Z
http://www.wikidata.org/entity/Q226125,http://www.wikidata.org/entity/Q19490,4.0,2011-12-01T00:00:00Z,2012-01-01T00:00:00Z
http://www.wikidata.org/entity/Q2265728,http://www.wikidata.org/entity/Q19607,11.0,2009-01-01T00:00:00Z,2009-01-01T00:00:00Z
http://www.wikidata.org/entity/Q2268403,http://www.wikidata.org/entity/Q19477,25.0,2001-01-01T00:00:00Z,2002-01-01T00:00:00Z
http://www.wikidata.org/entity/Q227050,http://www.wikidata.org/entity/Q19481,0.0,2013-01-01T00:00:00Z,2015-01-01T00:00:00Z
http://www.wikidata.org/entity/Q2273244,http://www.wikidata.org/entity/Q19498,9.0,2015-02-01T00:00:00Z,2016-12-01T00:00:00Z
http://www.wikidata.org/entity/Q227358,http://www.wikidata.org/entity/Q19481,9.0,2008-01-01T00:00:00Z,2008-01-01T00:00:00Z
http://www.wikidata.org/entity/Q2277114,http://www.wikidata.org/entity/Q19607,103.0,2009-01-01T00:00:00Z,2012-01-01T00:00:00Z
http://www.wikidata.org/entity/Q2277405,http://www.wikidata.org/entity/Q19481,10.0,2007-01-01T00:00:00Z,2008-01-01T00:00:00Z
http://www.wikidata.org/entity/Q2277405,http://www.wikidata.org/entity/Q19500,130.0,2001-01-01T00:00:00Z,2005-01-01T00:00:00Z
http://www.wikidata.org/entity/Q2277405,http://www.wikidata.org/entity/Q19481,9.0,2007-01-01T00:00:00Z,2007-01-01T00:00:00Z
http://www.wikidata.org/entity/Q2279289,http://www.wikidata.org/entity/Q19571,8.0,2009-01-01T00:00:00Z,2009-01-01T00:00:00Z
http://www.wikidata.org/entity/Q2279289,http://www.wikidata.org/entity/Q19571,25.0,2010-01-01T00:00:00Z,2012-01-01T00:00:00Z
http://www.wikidata.org/entity/Q2279289,http://www.wikidata.org/entity/Q19571,6.0,2010-01-01T00:00:00Z,2010-01-01T00:00:00Z
http://www.wikidata.org/entity/Q2280203,http://www.wikidata.org/entity/Q19481,122.0,2005-01-01T00:00:00Z,2008-01-01T00:00:00Z
http://www.wikidata.org/entity/Q2284007,http://www.wikidata.org/entity/Q19604,46.0,2002-01-01T00:00:00Z,2005-01-01T00:00:00Z
http://www.wikidata.org/entity/Q2293251,http://www.wikidata.org/entity/Q19607,61.0,2012-01-01T00:00:00Z,2014-01-01T00:00:00Z
http://www.wikidata.org/entity/Q2293251,http://www.wikidata.org/entity/Q19498,15.0,2008-01-01T00:00:00Z,2008-01-01T00:00:00Z
http://www.wikidata.org/entity/Q22959138,http://www.wikidata.org/entity/Q19498,0.0,2013-01-01T00:00:00Z,2013-01-01T00:00:00Z
http://www.wikidata.org/entity/Q2297527,http://www.wikidata.org/entity/Q19604,8.0,2002-01-01T00:00:00Z,2002-01-01T00:00:00Z
http://www.wikidata.org/entity/Q2300444,http://www.wikidata.org/entity/Q19607,18.0,2010-01-01T00:00:00Z,2011-01-01T00:00:00Z
http://www.wikidata.org/entity/Q2310439,http://www.wikidata.org/entity/Q19473,62.0,2004-12-01T00:00:00Z,2007-01-01T00:00:00Z
http://www.wikidata.org/entity/Q2310439,http://www.wikidata.org/entity/Q19473,16.0,2004-03-01T00:00:00Z,2004-05-01T00:00:00Z
http://www.wikidata.org/entity/Q2313462,http://www.wikidata.org/entity/Q19473,30.0,1999-01-01T00:00:00Z,2002-01-01T00:00:00Z
http://www.wikidata.org/entity/Q4885508,http://www.wikidata.org/entity/Q1130849,0.0,2021-01-01T00:00:00Z,2022-01-01T00:00:00Z
http://www.wikidata.org/entity/Q497126,http://www.wikidata.org/entity/Q1128631,10.0,2005-01-01T00:00:00Z,2005-01-01T00:00:00Z
http://www.wikidata.org/entity/Q497126,http://www.wikidata.org/entity/Q1128631,6.0,2007-01-01T00:00:00Z,2007-01-01T00:00:00Z
http://www.wikidata.org/entity/Q4979379,http://www.wikidata.org/entity/Q1128631,42.0,1997-01-01T00:00:00Z,1999-01-01T00:00:00Z
http://www.wikidata.org/entity/Q275823,http://www.wikidata.org/entity/Q19482,8.0,2000-01-01T00:00:00Z,2001-01-01T00:00:00Z
http://www.wikidata.org/entity/Q275977,http://www.wikidata.org/entity/Q19477,21.0,2012-01-01T00:00:00Z,2012-01-01T00:00:00Z
http://www.wikidata.org/entity/Q275977,http://www.wikidata.org/entity/Q19477,10.0,2010-01-01T00:00:00Z,2011-01-01T00:00:00Z
http://www.wikidata.org/entity/Q276208,http://www.wikidata.org/entity/Q19473,28.0,2010-01-01T00:00:00Z,2011-01-01T00:00:00Z
http://www.wikidata.org/entity/Q276208,http://www.wikidata.org/entity/Q19498,12.0,2014-01-01T00:00:00Z,2014-01-01T00:00:00Z
http://www.wikidata.org/entity/Q276208,http://www.wikidata.org/entity/Q19500,46.0,2015-01-01T00:00:00Z,2016-01-01T00:00:00Z
http://www.wikidata.org/entity/Q276213,http://www.wikidata.org/entity/Q19500,13.0,2005-01-01T00:00:00Z,2006-01-01T00:00:00Z
http://www.wikidata.org/entity/Q276349,http://www.wikidata.org/entity/Q19604,55.0,2009-09-01T00:00:00Z,2012-01-01T00:00:00Z
http://www.wikidata.org/entity/Q276379,http://www.wikidata.org/entity/Q19482,58.0,2002-01-01T00:00:00Z,2004-01-01T00:00:00Z
http://www.wikidata.org/entity/Q276743,http://www.wikidata.org/entity/Q19580,0.0,2002-01-01T00:00:00Z,2002-01-01T00:00:00Z
http://www.wikidata.org/entity/Q27694,http://www.wikidata.org/entity/Q1130849,115.0,2014-01-01T00:00:00Z,2018-01-01T00:00:00Z
http://www.wikidata.org/entity/Q276978,http://www.wikidata.org/entity/Q19473,45.0,2009-01-01T00:00:00Z,2011-01-01T00:00:00Z
http://www.wikidata.org/entity/Q276978,http://www.wikidata.org/entity/Q19473,6.0,2013-01-01T00:00:00Z,2013-01-01T00:00:00Z
http://www.wikidata.org/entity/Q277584,http://www.wikidata.org/entity/Q19604,0.0,2003-01-01T00:00:00Z,2003-01-01T00:00:00Z
http://www.wikidata.org/entity/Q277584,http://www.wikidata.org/entity/Q19604,7.0,2001-01-01T00:00:00Z,2001-01-01T00:00:00Z
http://www.wikidata.org/entity/Q277772,http://www.wikidata.org/entity/Q19604,0.0,2009-01-01T00:00:00Z,2009-01-01T00:00:00Z
http://www.wikidata.org/entity/Q2792893,http://www.wikidata.org/entity/Q19477,3.0,2003-01-01T00:00:00Z,2003-01-01T00:00:00Z
http://www.wikidata.org/entity/Q27967807,http://www.wikidata.org/entity/Q19568,37.0,2017-01-01T00:00:00Z,2020-01-01T00:00:00Z
http://www.wikidata.org/entity/Q27967807,http://www.wikidata.org/entity/Q19607,40.0,2020-01-01T00:00:00Z,2021-01-01T00:00:00Z
http://www.wikidata.org/entity/Q27967807,http://www.wikidata.org/entity/Q19607,0.0,2015-01-01T00:00:00Z,2017-01-01T00:00:00Z
http://www.wikidata.org/entity/Q27974879,http://www.wikidata.org/entity/Q19481,146.0,2016-01-01T00:00:00Z,2023-01-01T00:00:00Z
http://www.wikidata.org/entity/Q280300,http://www.wikidata.org/entity/Q19580,5.0,2014-01-01T00:00:00Z,2015-01-01T00:00:00Z
http://www.wikidata.org/entity/Q280300,http://www.wikidata.org/entity/Q19498,16.0,2013-01-01T00:00:00Z,2013-01-01T00:00:00Z
http://www.wikidata.org/entity/Q2824018,http://www.wikidata.org/entity/Q19571,8.0,2011-01-01T00:00:00Z,2011-01-01T00:00:00Z
http://www.wikidata.org/entity/Q2824018,http://www.wikidata.org/entity/Q19571,12.0,2012-01-01T00:00:00Z,2012-01-01T00:00:00Z
http://www.wikidata.org/entity/Q282812,http://www.wikidata.org/entity/Q19604,27.0,2001-01-01T00:00:00Z,2002-01-01T00:00:00Z
http://www.wikidata.org/entity/Q282812,http://www.wikidata.org/entity/Q19490,139.0,1997-01-01T00:00:00Z,2001-01-01T00:00:00Z
http://www.wikidata.org/entity/Q2830533,http://www.wikidata.org/entity/Q19604,683.0,1978-01-01T00:00:00Z,2000-01-01T00:00:00Z
http://www.wikidata.org/entity/Q2830533,http://www.wikidata.org/entity/Q19604,0.0,2003-01-01T00:00:00Z,2004-01-01T00:00:00Z
http://www.wikidata.org/entity/Q2830558,http://www.wikidata.org/entity/Q19580,1.0,2000-01-01T00:00:00Z,2000-01-01T00:00:00Z
http://www.wikidata.org/entity/Q2837725,http://www.wikidata.org/entity/Q19498,12.0,2002-01-01T00:00:00Z,2003-01-01T00:00:00Z
http://www.wikidata.org/entity/Q2849071,http://www.wikidata.org/entity/Q19473,53.0,2008-01-01T00:00:00Z,2010-01-01T00:00:00Z
http://www.wikidata.org/entity/Q2849071,http://www.wikidata.org/entity/Q19607,0.0,2014-07-01T00:00:00Z,2015-01-06T00:00:00Z
http://www.wikidata.org/entity/Q284908,http://www.wikidata.org/entity/Q19490,2.0,2006-01-01T00:00:00Z,2007-01-01T00:00:00Z
http://www.wikidata.org/entity/Q2849129,http://www.wikidata.org/entity/Q19498,86.0,1998-01-01T00:00:00Z,2002-01-01T00:00:00Z
http://www.wikidata.org/entity/Q285558,http://www.wikidata.org/entity/Q19473,8.0,2016-01-01T00:00:00Z,2016-01-01T00:00:00Z
http://www.wikidata.org/entity/Q285558,http://www.wikidata.org/entity/Q19500,13.0,2016-01-01T00:00:00Z,2016-01-01T00:00:00Z
http://www.wikidata.org/entity/Q285558,http://www.wikidata.org/entity/Q19500,40.0,2014-01-01T00:00:00Z,2015-01-01T00:00:00Z
http://www.wikidata.org/entity/Q285841,http://www.wikidata.org/entity/Q19490,6.0,2004-01-01T00:00:00Z,2004-01-01T00:00:00Z
http://www.wikidata.org/entity/Q285841,http://www.wikidata.org/entity/Q19477,180.0,2004-01-01T00:00:00Z,2012-01-01T00:00:00Z
http://www.wikidata.org/entity/Q287815,http://www.wikidata.org/entity/Q19498,15.0,2014-01-01T00:00:00Z,2015-01-01T00:00:00Z
http://www.wikidata.org/entity/Q2881765,http://www.wikidata.org/entity/Q19604,14.0,2001-01-01T00:00:00Z,2002-01-01T00:00:00Z
http://www.wikidata.org/entity/Q2885748,http://www.wikidata.org/entity/Q19473,64.0,1997-01-01T00:00:00Z,2000-01-01T00:00:00Z
http://www.wikidata.org/entity/Q2885748,http://www.wikidata.org/entity/Q19498,7.0,2000-01-01T00:00:00Z,2000-01-01T00:00:00Z
http://www.wikidata.org/entity/Q2885751,http://www.wikidata.org/entity/Q19607,4.0,2004-01-01T00:00:00Z,2004-01-01T00:00:00Z
http://www.wikidata.org/entity/Q2885751,http://www.wikidata.org/entity/Q19481,28.0,2008-01-01T00:00:00Z,2009-01-01T00:00:00Z
http://www.wikidata.org/entity/Q2895519,http://www.wikidata.org/entity/Q19571,10.0,2004-01-01T00:00:00Z,2005-01-01T00:00:00Z
http://www.wikidata.org/entity/Q2895519,http://www.wikidata.org/entity/Q19571,41.0,2003-01-01T00:00:00Z,2004-01-01T00:00:00Z
http://www.wikidata.org/entity/Q289756,http://www.wikidata.org/entity/Q19607,19.0,2007-01-01T00:00:00Z,2008-01-01T00:00:00Z
http://www.wikidata.org/entity/Q2903702,http://www.wikidata.org/entity/Q19477,9.0,2005-01-01T00:00:00Z,2006-01-01T00:00:00Z
http://www.wikidata.org/entity/Q2903702,http://www.wikidata.org/entity/Q19607,13.0,2014-01-01T00:00:00Z,2014-01-01T00:00:00Z
http://www.wikidata.org/entity/Q2903702,http://www.wikidata.org/entity/Q19477,13.0,2006-01-01T00:00:00Z,2006-01-01T00:00:00Z
http://www.wikidata.org/entity/Q29636066,http://www.wikidata.org/entity/Q19580,5.0,2017-07-01T00:00:00Z,2019-07-01T00:00:00Z
http://www.wikidata.org/entity/Q29637727,http://www.wikidata.org/entity/Q19571,1.0,2015-07-01T00:00:00Z,2018-07-01T00:00:00Z
http://www.wikidata.org/entity/Q30036972,http://www.wikidata.org/entity/Q19500,111.0,2019-01-01T00:00:00Z,2024-01-01T00:00:00Z
http://www.wikidata.org/entity/Q372624,http://www.wikidata.org/entity/Q1130849,3.0,2010-01-01T00:00:00Z,2014-01-01T00:00:00Z
http://www.wikidata.org/entity/Q373985,http://www.wikidata.org/entity/Q1128631,10.0,2007-01-01T00:00:00Z,2007-01-01T00:00:00Z
http://www.wikidata.org/entity/Q373985,http://www.wikidata.org/entity/Q1128631,7.0,2007-01-01T00:00:00Z,2008-01-01T00:00:00Z
http://www.wikidata.org/entity/Q374317,http://www.wikidata.org/entity/Q1128631,7.0,2009-01-01T00:00:00Z,2009-01-01T00:00:00Z
http://www.wikidata.org/entity/Q375563,http://www.wikidata.org/entity/Q1128631,1.0,2003-01-01T00:00:00Z,2005-01-01T00:00:00Z
http://www.wikidata.org/entity/Q375596,http://www.wikidata.org/entity/Q1128631,0.0,2003-01-01T00:00:00Z,2005-01-01T00:00:00Z
http://www.wikidata.org/entity/Q375596,http://www.wikidata.org/entity/Q1128631,22.0,2011-01-01T00:00:00Z,2012-01-01T00:00:00Z
http://www.wikidata.org/entity/Q376394,http://www.wikidata.org/entity/Q1128631,88.0,2020-01-01T00:00:00Z,2023-01-01T00:00:00Z
http://www.wikidata.org/entity/Q39667548,http://www.wikidata.org/entity/Q1130849,0.0,2022-01-01T00:00:00Z,2023-06-01T00:00:00Z
http://www.wikidata.org/entity/Q41259115,http://www.wikidata.org/entity/Q1128631,17.0,2019-01-01T00:00:00Z,2020-01-01T00:00:00Z
http://www.wikidata.org/entity/Q1319161,http://www.wikidata.org/entity/Q19580,28.0,2014-01-01T00:00:00Z,2015-01-01T00:00:00Z
http://www.wikidata.org/entity/Q1319870,http://www.wikidata.org/entity/Q19490,7.0,2004-01-01T00:00:00Z,2005-01-01T00:00:00Z
http://www.wikidata.org/entity/Q1319870,http://www.wikidata.org/entity/Q19604,49.0,2000-01-01T00:00:00Z,2002-01-01T00:00:00Z
http://www.wikidata.org/entity/Q1319870,http://www.wikidata.org/entity/Q19607,72.0,1998-01-01T00:00:00Z,2000-01-01T00:00:00Z
http://www.wikidata.org/entity/Q1320117,http://www.wikidata.org/entity/Q19490,245.0,1990-01-01T00:00:00Z,1999-01-01T00:00:00Z
http://www.wikidata.org/entity/Q1320117,http://www.wikidata.org/entity/Q19481,17.0,2004-01-01T00:00:00Z,2006-01-01T00:00:00Z
http://www.wikidata.org/entity/Q1321269,http://www.wikidata.org/entity/Q19498,8.0,2012-01-01T00:00:00Z,2012-01-01T00:00:00Z
http://www.wikidata.org/entity/Q1321301,http://www.wikidata.org/entity/Q19490,5.0,2011-01-01T00:00:00Z,2011-01-01T00:00:00Z
http://www.wikidata.org/entity/Q1328702,http://www.wikidata.org/entity/Q19604,4.0,1999-01-01T00:00:00Z,1999-01-01T00:00:00Z
http://www.wikidata.org/entity/Q1328702,http://www.wikidata.org/entity/Q19607,4.0,1999-01-01T00:00:00Z,2000-01-01T00:00:00Z
http://www.wikidata.org/entity/Q1328702,http://www.wikidata.org/entity/Q19604,45.0,2009-01-01T00:00:00Z,2011-01-01T00:00:00Z
http://www.wikidata.org/entity/Q1328702,http://www.wikidata.org/entity/Q19607,147.0,2000-01-01T00:00:00Z,2004-01-01T00:00:00Z
http://www.wikidata.org/entity/Q1332314,http://www.wikidata.org/entity/Q19604,109.0,2004-01-01T00:00:00Z,2012-01-01T00:00:00Z
http://www.wikidata.org/entity/Q1332314,http://www.wikidata.org/entity/Q19568,2.0,2002-01-01T00:00:00Z,2002-01-01T00:00:00Z
http://www.wikidata.org/entity/Q1336865,http://www.wikidata.org/entity/Q19477,144.0,2010-01-01T00:00:00Z,2015-01-01T00:00:00Z
http://www.wikidata.org/entity/Q1337233,http://www.wikidata.org/entity/Q19571,4.0,2007-01-01T00:00:00Z,2008-01-01T00:00:00Z
http://www.wikidata.org/entity/Q1337233,http://www.wikidata.org/entity/Q19490,15.0,2007-01-01T00:00:00Z,2009-01-01T00:00:00Z
http://www.wikidata.org/entity/Q133760,http://www.wikidata.org/entity/Q19498,4.0,2013-09-01T00:00:00Z,2013-10-01T00:00:00Z
http://www.wikidata.org/entity/Q1338480,http://www.wikidata.org/entity/Q19580,12.0,1998-01-01T00:00:00Z,1999-01-01T00:00:00Z
http://www.wikidata.org/entity/Q1338900,http://www.wikidata.org/entity/Q19500,2.0,2012-01-01T00:00:00Z,2013-01-01T00:00:00Z
http://www.wikidata.org/entity/Q1338900,http://www.wikidata.org/entity/Q19580,12.0,2014-01-01T00:00:00Z,2015-01-01T00:00:00Z
http://www.wikidata.org/entity/Q1338900,http://www.wikidata.org/entity/Q19580,19.0,2015-01-01T00:00:00Z,2015-01-01T00:00:00Z
http://www.wikidata.org/entity/Q1339060,http://www.wikidata.org/entity/Q19568,7.0,1998-01-01T00:00:00Z,1999-01-01T00:00:00Z
http://www.wikidata.org/entity/Q1340803,http://www.wikidata.org/entity/Q19498,15.0,2002-01-01T00:00:00Z,2003-01-01T00:00:00Z
http://www.wikidata.org/entity/Q13414941,http://www.wikidata.org/entity/Q19604,3.0,2012-01-01T00:00:00Z,2012-01-01T00:00:00Z
http://www.wikidata.org/entity/Q13414941,http://www.wikidata.org/entity/Q19604,15.0,2014-01-01T00:00:00Z,2014-01-01T00:00:00Z
http://www.wikidata.org/entity/Q1341518,http://www.wikidata.org/entity/Q19607,26.0,2008-01-01T00:00:00Z,2009-01-01T00:00:00Z
http://www.wikidata.org/entity/Q13418070,http://www.wikidata.org/entity/Q19473,0.0,2014-01-01T00:00:00Z,2016-01-01T00:00:00Z
http://www.wikidata.org/entity/Q1345122,http://www.wikidata.org/entity/Q19500,2.0,2007-01-01T00:00:00Z,2008-01-01T00:00:00Z
http://www.wikidata.org/entity/Q1345122,http://www.wikidata.org/entity/Q19500,0.0,2009-01-01T00:00:00Z,2009-01-01T00:00:00Z
http://www.wikidata.org/entity/Q1345728,http://www.wikidata.org/entity/Q19498,16.0,2008-01-01T00:00:00Z,2008-01-01T00:00:00Z
http://www.wikidata.org/entity/Q1345728,http://www.wikidata.org/entity/Q19498,7.0,2007-01-01T00:00:00Z,2007-01-01T00:00:00Z
http://www.wikidata.org/entity/Q13467456,http://www.wikidata.org/entity/Q19580,6.0,2014-01-01T00:00:00Z,2014-01-01T00:00:00Z
http://www.wikidata.org/entity/Q13467456,http://www.wikidata.org/entity/Q19490,7.0,2015-01-01T00:00:00Z,2015-01-01T00:00:00Z
http://www.wikidata.org/entity/Q13467456,http://www.wikidata.org/entity/Q19571,4.0,2014-01-01T00:00:00Z,2014-01-01T00:00:00Z
http://www.wikidata.org/entity/Q1347269,http://www.wikidata.org/entity/Q19481,36.0,2016-01-01T00:00:00Z,2021-01-01T00:00:00Z
http://www.wikidata.org/entity/Q1351519,http://www.wikidata.org/entity/Q19481,0.0,2006-01-01T00:00:00Z,2009-01-01T00:00:00Z
http://www.wikidata.org/entity/Q1351519,http://www.wikidata.org/entity/Q19571,0.0,2008-01-01T00:00:00Z,2008-01-01T00:00:00Z
http://www.wikidata.org/entity/Q1352049,http://www.wikidata.org/entity/Q19571,37.0,2011-01-01T00:00:00Z,2012-01-01T00:00:00Z
http://www.wikidata.org/entity/Q135314,http://www.wikidata.org/entity/Q19498,8.0,2005-01-01T00:00:00Z,2005-01-01T00:00:00Z
http://www.wikidata.org/entity/Q1361959,http://www.wikidata.org/entity/Q19607,214.0,1992-01-01T00:00:00Z,1999-01-01T00:00:00Z
http://www.wikidata.org/entity/Q740239,http://www.wikidata.org/entity/Q1128631,33.0,2014-01-01T00:00:00Z,2015-01-01T00:00:00Z
http://www.wikidata.org/entity/Q741092,http://www.wikidata.org/entity/Q1128631,12.0,2003-01-01T00:00:00Z,2004-01-01T00:00:00Z
http://www.wikidata.org/entity/Q742372,http://www.wikidata.org/entity/Q1128631,148.0,2005-01-01T00:00:00Z,2009-01-01T00:00:00Z
http://www.wikidata.org/entity/Q7436382,http://www.wikidata.org/entity/Q1128631,1.0,2006-01-01T00:00:00Z,2009-01-01T00:00:00Z
http://www.wikidata.org/entity/Q74548,http://www.wikidata.org/entity/Q1128631,83.0,2015-01-01T00:00:00Z,2017-01-01T00:00:00Z
http://www.wikidata.org/entity/Q7488006,http://www.wikidata.org/entity/Q1128631,0.0,1999-01-01T00:00:00Z,2003-01-01T00:00:00Z
http://www.wikidata.org/entity/Q751101,http://www.wikidata.org/entity/Q1130849,0.0,2007-01-01T00:00:00Z,2009-01-01T00:00:00Z
http://www.wikidata.org/entity/Q75857,http://www.wikidata.org/entity/Q1130849,7.0,2012-01-01T00:00:00Z,2013-01-01T00:00:00Z
http://www.wikidata.org/entity/Q7610751,http://www.wikidata.org/entity/Q1130849,0.0,2003-01-01T00:00:00Z,2004-01-01T00:00:00Z
http://www.wikidata.org/entity/Q76538,http://www.wikidata.org/entity/Q1128631,0.0,2011-01-01T00:00:00Z,2012-01-01T00:00:00Z
http://www.wikidata.org/entity/Q769566,http://www.wikidata.org/entity/Q1128631,101.0,2012-07-23T00:00:00Z,2015-07-01T00:00:00Z
http://www.wikidata.org/entity/Q770796,http://www.wikidata.org/entity/Q1128631,12.0,2014-01-01T00:00:00Z,2015-01-01T00:00:00Z
http://www.wikidata.org/entity/Q78218410,http://www.wikidata.org/entity/Q1128631,182.0,2019-01-01T00:00:00Z,2026-01-01T00:00:00Z
http://www.wikidata.org/entity/Q99529077,http://www.wikidata.org/entity/Q1130849,5.0,2024-01-01T00:00:00Z,
http://www.wikidata.org/entity/Q100602910,http://www.wikidata.org/entity/Q1130849,28.0,2025-01-01T00:00:00Z,
http://www.wikidata.org/entity/Q131466230,http://www.wikidata.org/entity/Q1130849,19.0,2025-01-11T00:00:00Z,
http://www.wikidata.org/entity/Q23759917,http://www.wikidata.org/entity/Q1130849,17.0,2025-01-01T00:00:00Z,
http://www.wikidata.org/entity/Q10513756,http://www.wikidata.org/entity/Q19490,3.0,2009-01-01T00:00:00Z,2011-01-01T00:00:00Z
http://www.wikidata.org/entity/Q10513923,http://www.wikidata.org/entity/Q19473,1.0,2014-01-01T00:00:00Z,2014-01-01T00:00:00Z
http://www.wikidata.org/entity/Q10514378,http://www.wikidata.org/entity/Q19500,0.0,2010-01-01T00:00:00Z,2014-01-01T00:00:00Z
http://www.wikidata.org/entity/Q10514378,http://www.wikidata.org/entity/Q19580,9.0,2012-01-01T00:00:00Z,2012-01-01T00:00:00Z
http://www.wikidata.org/entity/Q10520024,http://www.wikidata.org/entity/Q19607,7.0,2012-01-01T00:00:00Z,2012-01-01T00:00:00Z
http://www.wikidata.org/entity/Q10526597,http://www.wikidata.org/entity/Q19568,79.0,1995-01-01T00:00:00Z,2000-01-01T00:00:00Z
http://www.wikidata.org/entity/Q10534424,http://www.wikidata.org/entity/Q19490,0.0,2011-01-01T00:00:00Z,2011-01-01T00:00:00Z
http://www.wikidata.org/entity/Q10569,http://www.wikidata.org/entity/Q1128631,3.0,2006-01-01T00:00:00Z,2006-01-01T00:00:00Z
http://www.wikidata.org/entity/Q1058697,http://www.wikidata.org/entity/Q19568,15.0,2006-01-01T00:00:00Z,2006-01-01T00:00:00Z
http://www.wikidata.org/entity/Q1058697,http://www.wikidata.org/entity/Q19498,15.0,2014-01-01T00:00:00Z,2014-01-01T00:00:00Z
http://www.wikidata.org/entity/Q1058697,http://www.wikidata.org/entity/Q19498,11.0,2006-01-01T00:00:00Z,2006-01-01T00:00:00Z
http://www.wikidata.org/entity/Q1058697,http://www.wikidata.org/entity/Q19580,92.0,2007-01-01T00:00:00Z,2010-01-01T00:00:00Z
http://www.wikidata.org/entity/Q1058697,http://www.wikidata.org/entity/Q19498,2.0,2005-01-01T00:00:00Z,2005-01-01T00:00:00Z
http://www.wikidata.org/entity/Q10588,http://www.wikidata.org/entity/Q1128631,9.0,2005-01-01T00:00:00Z,2005-01-01T00:00:00Z
http://www.wikidata.org/entity/Q1059589,http://www.wikidata.org/entity/Q19568,3.0,2004-01-01T00:00:00Z,2004-01-01T00:00:00Z
http://www.wikidata.org/entity/Q1059589,http://www.wikidata.org/entity/Q19580,114.0,2009-01-01T00:00:00Z,2012-01-01T00:00:00Z
http://www.wikidata.org/entity/Q1059589,http://www.wikidata.org/entity/Q19604,2.0,2007-01-01T00:00:00Z,2009-01-01T00:00:00Z
http://www.wikidata.org/entity/Q10598,http://www.wikidata.org/entity/Q1130849,214.0,1992-01-01T00:00:00Z,1999-01-01T00:00:00Z
http://www.wikidata.org/entity/Q1061071,http://www.wikidata.org/entity/Q19473,25.0,2013-01-01T00:00:00Z,2015-01-01T00:00:00Z
http://www.wikidata.org/entity/Q1061323,http://www.wikidata.org/entity/Q19568,173.0,2005-01-01T00:00:00Z,2010-01-01T00:00:00Z
http://www.wikidata.org/entity/Q1061323,http://www.wikidata.org/entity/Q19568,88.0,2013-01-01T00:00:00Z,2015-01-01T00:00:00Z
http://www.wikidata.org/entity/Q1061323,http://www.wikidata.org/entity/Q19568,6.0,2012-01-01T00:00:00Z,2012-01-01T00:00:00Z
http://www.wikidata.org/entity/Q1061904,http://www.wikidata.org/entity/Q19477,70.0,2009-01-01T00:00:00Z,2014-01-01T00:00:00Z
http://www.wikidata.org/entity/Q1061973,http://www.wikidata.org/entity/Q19568,8.0,2011-01-01T00:00:00Z,2011-01-01T00:00:00Z
http://www.wikidata.org/entity/Q1061973,http://www.wikidata.org/entity/Q19568,8.0,2012-01-01T00:00:00Z,2012-01-01T00:00:00Z
http://www.wikidata.org/entity/Q1061973,http://www.wikidata.org/entity/Q19580,7.0,2008-01-01T00:00:00Z,2008-01-01T00:00:00Z
http://www.wikidata.org/entity/Q1066966,http://www.wikidata.org/entity/Q19571,57.0,1997-01-01T00:00:00Z,1999-01-01T00:00:00Z
http://www.wikidata.org/entity/Q1077173,http://www.wikidata.org/entity/Q19490,77.0,1997-01-01T00:00:00Z,2005-01-01T00:00:00Z
http://www.wikidata.org/entity/Q1077578,http://www.wikidata.org/entity/Q19607,247.0,2003-01-01T00:00:00Z,2012-01-01T00:00:00Z
http://www.wikidata.org/entity/Q1077649,http://www.wikidata.org/entity/Q19482,167.0,1991-01-01T00:00:00Z,1999-01-01T00:00:00Z
http://www.wikidata.org/entity/Q107766903,http://www.wikidata.org/entity/Q19473,29.0,2021-01-01T00:00:00Z,2022-01-01T00:00:00Z
http://www.wikidata.org/entity/Q1083627,http://www.wikidata.org/entity/Q19568,359.0,1997-01-01T00:00:00Z,2007-01-01T00:00:00Z
http://www.wikidata.org/entity/Q1085237,http://www.wikidata.org/entity/Q19481,4.0,2009-01-01T00:00:00Z,2009-01-01T00:00:00Z
http://www.wikidata.org/entity/Q1085237,http://www.wikidata.org/entity/Q19477,0.0,2008-01-01T00:00:00Z,2010-01-01T00:00:00Z
http://www.wikidata.org/entity/Q10885,http://www.wikidata.org/entity/Q1130849,42.0,2012-01-01T00:00:00Z,2015-01-01T00:00:00Z
http://www.wikidata.org/entity/Q981979,http://www.wikidata.org/entity/Q1128631,75.0,2014-01-01T00:00:00Z,2016-01-01T00:00:00Z
http://www.wikidata.org/entity/Q983415,http://www.wikidata.org/entity/Q1128631,190.0,2008-01-01T00:00:00Z,2013-01-01T00:00:00Z
http://www.wikidata.org/entity/Q988626,http://www.wikidata.org/entity/Q1128631,42.0,2012-01-01T00:00:00Z,2014-01-01T00:00:00Z
http://www.wikidata.org/entity/Q988626,http://www.wikidata.org/entity/Q1130849,58.0,2002-01-01T00:00:00Z,2004-01-01T00:00:00Z
http://www.wikidata.org/entity/Q994026,http://www.wikidata.org/entity/Q1128631,7.0,2007-01-01T00:00:00Z,2008-01-01T00:00:00Z
http://www.wikidata.org/entity/Q994128,http://www.wikidata.org/entity/Q1128631,9.0,2006-01-01T00:00:00Z,2007-01-01T00:00:00Z
http://www.wikidata.org/entity/Q994128,http://www.wikidata.org/entity/Q1128631,43.0,2007-01-01T00:00:00Z,2008-01-01T00:00:00Z
http://www.wikidata.org/entity/Q994163,http://www.wikidata.org/entity/Q1128631,41.0,2005-01-01T00:00:00Z,2012-01-01T00:00:00Z
http://www.wikidata.org/entity/Q994317,http://www.wikidata.org/entity/Q1128631,0.0,2007-01-01T00:00:00Z,2008-01-01T00:00:00Z
http://www.wikidata.org/entity/Q995298,http://www.wikidata.org/entity/Q1128631,47.0,2006-01-01T00:00:00Z,2009-01-01T00:00:00Z
http://www.wikidata.org/entity/Q29998966,http://www.wikidata.org/entity/Q1128631,19.0,2023-01-01T00:00:00Z,2023-01-01T00:00:00Z
