club,clubLabel,league,season_start,source
Q101859,VfL Wolfsburg,BUN,1999,wikidata
Q102720,Hertha BSC,BUN,1999,wikidata
Q104761,Bayer Leverkusen,BUN,1999,wikidata
Q105844,DSC Arminia Bielefeld,BUN,1999,wikidata
Q106394,SC Fribourg,BUN,1999,wikidata
Q131603,TSV Munich 1860,BUN,1999,wikidata
Q142005,FC Hansa Rostock,BUN,1999,wikidata
Q14551982,SSV Ulm 1846 Fußball,BUN,1999,wikidata
Q154293,MSV Duisbourg,BUN,1999,wikidata
Q15789,Bayern Munich,BUN,1999,wikidata
Q158121,SpVgg Unterhaching,BUN,1999,wikidata
Q32494,FC Schalke 04,BUN,1999,wikidata
Q38245,Eintracht Francfort,BUN,1999,wikidata
Q41420,BV 09 Borussia Dortmund,BUN,1999,wikidata
Q4512,VfB Stuttgart,BUN,1999,wikidata
Q51974,Hambourg SV,BUN,1999,wikidata
Q51976,Werder Brême,BUN,1999,wikidata
Q8466,1. FC Kaiserslautern,BUN,1999,wikidata
Q101859,VfL Wolfsburg,BUN,2000,wikidata
Q102720,Hertha BSC,BUN,2000,wikidata
Q104761,Bayer Leverkusen,BUN,2000,wikidata
Q104770,1. FC Cologne,BUN,2000,wikidata
Q105861,VfL Bochum,BUN,2000,wikidata
Q106394,SC Fribourg,BUN,2000,wikidata
Q107818,FC Energie Cottbus,BUN,2000,wikidata
Q131603,TSV Munich 1860,BUN,2000,wikidata
Q142005,FC Hansa Rostock,BUN,2000,wikidata
Q15789,Bayern Munich,BUN,2000,wikidata
Q158121,SpVgg Unterhaching,BUN,2000,wikidata
Q32494,FC Schalke 04,BUN,2000,wikidata
Q38245,Eintracht Francfort,BUN,2000,wikidata
Q41420,BV 09 Borussia Dortmund,BUN,2000,wikidata
Q4512,VfB Stuttgart,BUN,2000,wikidata
Q51974,Hambourg SV,BUN,2000,wikidata
Q51976,Werder Brême,BUN,2000,wikidata
Q8466,1. FC Kaiserslautern,BUN,2000,wikidata
Q101859,VfL Wolfsburg,BUN,2001,wikidata
Q101959,Borussia Mönchengladbach,BUN,2001,wikidata
Q102720,Hertha BSC,BUN,2001,wikidata
Q104761,Bayer Leverkusen,BUN,2001,wikidata
Q104770,1. FC Cologne,BUN,2001,wikidata
Q106394,SC Fribourg,BUN,2001,wikidata
Q107818,FC Energie Cottbus,BUN,2001,wikidata
Q131603,TSV Munich 1860,BUN,2001,wikidata
Q142005,FC Hansa Rostock,BUN,2001,wikidata
Q15786,1. FC Nuremberg,BUN,2001,wikidata
Q15789,Bayern Munich,BUN,2001,wikidata
Q32494,FC Schalke 04,BUN,2001,wikidata
Q41420,BV 09 Borussia Dortmund,BUN,2001,wikidata
Q4512,VfB Stuttgart,BUN,2001,wikidata
Q51974,Hambourg SV,BUN,2001,wikidata
Q51976,Werder Brême,BUN,2001,wikidata
Q6463,FC Sankt Pauli,BUN,2001,wikidata
Q8466,1. FC Kaiserslautern,BUN,2001,wikidata
Q101859,VfL Wolfsburg,BUN,2002,wikidata
Q101959,Borussia Mönchengladbach,BUN,2002,wikidata
Q102720,Hertha BSC,BUN,2002,wikidata
Q104761,Bayer Leverkusen,BUN,2002,wikidata
Q105844,DSC Arminia Bielefeld,BUN,2002,wikidata
Q105861,VfL Bochum,BUN,2002,wikidata
Q107818,FC Energie Cottbus,BUN,2002,wikidata
Q131603,TSV Munich 1860,BUN,2002,wikidata
Q142005,FC Hansa Rostock,BUN,2002,wikidata
Q15786,1. FC Nuremberg,BUN,2002,wikidata
Q15789,Bayern Munich,BUN,2002,wikidata
Q32494,FC Schalke 04,BUN,2002,wikidata
Q33748,Hanovre 96,BUN,2002,wikidata
Q41420,BV 09 Borussia Dortmund,BUN,2002,wikidata
Q4512,VfB Stuttgart,BUN,2002,wikidata
Q51974,Hambourg SV,BUN,2002,wikidata
Q51976,Werder Brême,BUN,2002,wikidata
Q8466,1. FC Kaiserslautern,BUN,2002,wikidata
Q101859,VfL Wolfsburg,BUN,2003,wikidata
Q101959,Borussia Mönchengladbach,BUN,2003,wikidata
Q102720,Hertha BSC,BUN,2003,wikidata
Q104761,Bayer Leverkusen,BUN,2003,wikidata
Q104770,1. FC Cologne,BUN,2003,wikidata
Q105861,VfL Bochum,BUN,2003,wikidata
Q106394,SC Fribourg,BUN,2003,wikidata
Q131603,TSV Munich 1860,BUN,2003,wikidata
Q142005,FC Hansa Rostock,BUN,2003,wikidata
Q15789,Bayern Munich,BUN,2003,wikidata
Q32494,FC Schalke 04,BUN,2003,wikidata
Q33748,Hanovre 96,BUN,2003,wikidata
Q38245,Eintracht Francfort,BUN,2003,wikidata
Q41420,BV 09 Borussia Dortmund,BUN,2003,wikidata
Q4512,VfB Stuttgart,BUN,2003,wikidata
Q51974,Hambourg SV,BUN,2003,wikidata
Q51976,Werder Brême,BUN,2003,wikidata
Q8466,1. FC Kaiserslautern,BUN,2003,wikidata
Q101859,VfL Wolfsburg,BUN,2004,wikidata
Q101959,Borussia Mönchengladbach,BUN,2004,wikidata
Q102720,Hertha BSC,BUN,2004,wikidata
Q104761,Bayer Leverkusen,BUN,2004,wikidata
Q105254,1. FSV Mayence 05,BUN,2004,wikidata
Q105844,DSC Arminia Bielefeld,BUN,2004,wikidata
Q105861,VfL Bochum,BUN,2004,wikidata
Q106394,SC Fribourg,BUN,2004,wikidata
Q142005,FC Hansa Rostock,BUN,2004,wikidata
Q15786,1. FC Nuremberg,BUN,2004,wikidata
Q15789,Bayern Munich,BUN,2004,wikidata
Q32494,FC Schalke 04,BUN,2004,wikidata
Q33748,Hanovre 96,BUN,2004,wikidata
Q41420,BV 09 Borussia Dortmund,BUN,2004,wikidata
Q4512,VfB Stuttgart,BUN,2004,wikidata
Q51974,Hambourg SV,BUN,2004,wikidata
Q51976,Werder Brême,BUN,2004,wikidata
Q8466,1. FC Kaiserslautern,BUN,2004,wikidata
Q101859,VfL Wolfsburg,BUN,2005,wikidata
Q101959,Borussia Mönchengladbach,BUN,2005,wikidata
Q102720,Hertha BSC,BUN,2005,wikidata
Q104761,Bayer Leverkusen,BUN,2005,wikidata
Q104770,1. FC Cologne,BUN,2005,wikidata
Q105254,1. FSV Mayence 05,BUN,2005,wikidata
Q105844,DSC Arminia Bielefeld,BUN,2005,wikidata
Q154293,MSV Duisbourg,BUN,2005,wikidata
Q15786,1. FC Nuremberg,BUN,2005,wikidata
Q15789,Bayern Munich,BUN,2005,wikidata
Q32494,FC Schalke 04,BUN,2005,wikidata
Q33748,Hanovre 96,BUN,2005,wikidata
Q38245,Eintracht Francfort,BUN,2005,wikidata
Q41420,BV 09 Borussia Dortmund,BUN,2005,wikidata
Q4512,VfB Stuttgart,BUN,2005,wikidata
Q51974,Hambourg SV,BUN,2005,wikidata
Q51976,Werder Brême,BUN,2005,wikidata
Q8466,1. FC Kaiserslautern,BUN,2005,wikidata
Q101859,VfL Wolfsburg,BUN,2006,wikidata
Q101959,Borussia Mönchengladbach,BUN,2006,wikidata
Q102720,Hertha BSC,BUN,2006,wikidata
Q104761,Bayer Leverkusen,BUN,2006,wikidata
Q105254,1. FSV Mayence 05,BUN,2006,wikidata
Q105844,DSC Arminia Bielefeld,BUN,2006,wikidata
Q105861,VfL Bochum,BUN,2006,wikidata
Q107818,FC Energie Cottbus,BUN,2006,wikidata
Q153535,Alemannia Aix-la-Chapelle,BUN,2006,wikidata
Q15786,1. FC Nuremberg,BUN,2006,wikidata
Q15789,Bayern Munich,BUN,2006,wikidata
Q32494,FC Schalke 04,BUN,2006,wikidata
Q33748,Hanovre 96,BUN,2006,wikidata
Q38245,Eintracht Francfort,BUN,2006,wikidata
Q41420,BV 09 Borussia Dortmund,BUN,2006,wikidata
Q4512,VfB Stuttgart,BUN,2006,wikidata
Q51974,Hambourg SV,BUN,2006,wikidata
Q51976,Werder Brême,BUN,2006,wikidata
Q101859,VfL Wolfsburg,BUN,2007,wikidata
Q102720,Hertha BSC,BUN,2007,wikidata
Q104761,Bayer Leverkusen,BUN,2007,wikidata
Q105844,DSC Arminia Bielefeld,BUN,2007,wikidata
Q105853,Karlsruher SC,BUN,2007,wikidata
Q105861,VfL Bochum,BUN,2007,wikidata
Q107818,FC Energie Cottbus,BUN,2007,wikidata
Q142005,FC Hansa Rostock,BUN,2007,wikidata
Q154293,MSV Duisbourg,BUN,2007,wikidata
Q15786,1. FC Nuremberg,BUN,2007,wikidata
Q15789,Bayern Munich,BUN,2007,wikidata
Q32494,FC Schalke 04,BUN,2007,wikidata
Q33748,Hanovre 96,BUN,2007,wikidata
Q38245,Eintracht Francfort,BUN,2007,wikidata
Q41420,BV 09 Borussia Dortmund,BUN,2007,wikidata
Q4512,VfB Stuttgart,BUN,2007,wikidata
Q51974,Hambourg SV,BUN,2007,wikidata
Q51976,Werder Brême,BUN,2007,wikidata
Q101859,VfL Wolfsburg,BUN,2008,wikidata
Q101959,Borussia Mönchengladbach,BUN,2008,wikidata
Q102720,Hertha BSC,BUN,2008,wikidata
Q104761,Bayer Leverkusen,BUN,2008,wikidata
Q104770,1. FC Cologne,BUN,2008,wikidata
Q105844,DSC Arminia Bielefeld,BUN,2008,wikidata
Q105853,Karlsruher SC,BUN,2008,wikidata
Q105861,VfL Bochum,BUN,2008,wikidata
Q107818,FC Energie Cottbus,BUN,2008,wikidata
Q15789,Bayern Munich,BUN,2008,wikidata
Q22707,TSG 1899 Hoffenheim,BUN,2008,wikidata
Q32494,FC Schalke 04,BUN,2008,wikidata
Q33748,Hanovre 96,BUN,2008,wikidata
Q38245,Eintracht Francfort,BUN,2008,wikidata
Q41420,BV 09 Borussia Dortmund,BUN,2008,wikidata
Q4512,VfB Stuttgart,BUN,2008,wikidata
Q51974,Hambourg SV,BUN,2008,wikidata
Q51976,Werder Brême,BUN,2008,wikidata
Q101859,VfL Wolfsburg,BUN,2009,wikidata
Q101959,Borussia Mönchengladbach,BUN,2009,wikidata
Q102720,Hertha BSC,BUN,2009,wikidata
Q104761,Bayer Leverkusen,BUN,2009,wikidata
Q104770,1. FC Cologne,BUN,2009,wikidata
Q105254,1. FSV Mayence 05,BUN,2009,wikidata
Q105861,VfL Bochum,BUN,2009,wikidata
Q106394,SC Fribourg,BUN,2009,wikidata
Q15786,1. FC Nuremberg,BUN,2009,wikidata
Q15789,Bayern Munich,BUN,2009,wikidata
Q22707,TSG 1899 Hoffenheim,BUN,2009,wikidata
Q32494,FC Schalke 04,BUN,2009,wikidata
Q33748,Hanovre 96,BUN,2009,wikidata
Q38245,Eintracht Francfort,BUN,2009,wikidata
Q41420,BV 09 Borussia Dortmund,BUN,2009,wikidata
Q4512,VfB Stuttgart,BUN,2009,wikidata
Q51974,Hambourg SV,BUN,2009,wikidata
Q51976,Werder Brême,BUN,2009,wikidata
Q101859,VfL Wolfsburg,BUN,2010,wikidata
Q101959,Borussia Mönchengladbach,BUN,2010,wikidata
Q104761,Bayer Leverkusen,BUN,2010,wikidata
Q104770,1. FC Cologne,BUN,2010,wikidata
Q105254,1. FSV Mayence 05,BUN,2010,wikidata
Q106394,SC Fribourg,BUN,2010,wikidata
Q15786,1. FC Nuremberg,BUN,2010,wikidata
Q15789,Bayern Munich,BUN,2010,wikidata
Q22707,TSG 1899 Hoffenheim,BUN,2010,wikidata
Q32494,FC Schalke 04,BUN,2010,wikidata
Q33748,Hanovre 96,BUN,2010,wikidata
Q38245,Eintracht Francfort,BUN,2010,wikidata
Q41420,BV 09 Borussia Dortmund,BUN,2010,wikidata
Q4512,VfB Stuttgart,BUN,2010,wikidata
Q51974,Hambourg SV,BUN,2010,wikidata
Q51976,Werder Brême,BUN,2010,wikidata
Q6463,FC Sankt Pauli,BUN,2010,wikidata
Q8466,1. FC Kaiserslautern,BUN,2010,wikidata
Q101859,VfL Wolfsburg,BUN,2011,wikidata
Q101959,Borussia Mönchengladbach,BUN,2011,wikidata
Q102720,Hertha BSC,BUN,2011,wikidata
Q104761,Bayer Leverkusen,BUN,2011,wikidata
Q104770,1. FC Cologne,BUN,2011,wikidata
Q105254,1. FSV Mayence 05,BUN,2011,wikidata
Q106394,SC Fribourg,BUN,2011,wikidata
Q15755,FC Augsbourg,BUN,2011,wikidata
Q15786,1. FC Nuremberg,BUN,2011,wikidata
Q15789,Bayern Munich,BUN,2011,wikidata
Q22707,TSG 1899 Hoffenheim,BUN,2011,wikidata
Q32494,FC Schalke 04,BUN,2011,wikidata
Q33748,Hanovre 96,BUN,2011,wikidata
Q41420,BV 09 Borussia Dortmund,BUN,2011,wikidata
Q4512,VfB Stuttgart,BUN,2011,wikidata
Q51974,Hambourg SV,BUN,2011,wikidata
Q51976,Werder Brême,BUN,2011,wikidata
Q8466,1. FC Kaiserslautern,BUN,2011,wikidata
Q101859,VfL Wolfsburg,BUN,2012,wikidata
Q101959,Borussia Mönchengladbach,BUN,2012,wikidata
Q104761,Bayer Leverkusen,BUN,2012,wikidata
Q105254,1. FSV Mayence 05,BUN,2012,wikidata
Q106394,SC Fribourg,BUN,2012,wikidata
Q151747,Fortuna Düsseldorf,BUN,2012,wikidata
Q153539,SpVgg Greuther Fürth,BUN,2012,wikidata
Q15755,FC Augsbourg,BUN,2012,wikidata
Q15786,1. FC Nuremberg,BUN,2012,wikidata
Q15789,Bayern Munich,BUN,2012,wikidata
Q22707,TSG 1899 Hoffenheim,BUN,2012,wikidata
Q32494,FC Schalke 04,BUN,2012,wikidata
Q33748,Hanovre 96,BUN,2012,wikidata
Q38245,Eintracht Francfort,BUN,2012,wikidata
Q41420,BV 09 Borussia Dortmund,BUN,2012,wikidata
Q4512,VfB Stuttgart,BUN,2012,wikidata
Q51974,Hambourg SV,BUN,2012,wikidata
Q51976,Werder Brême,BUN,2012,wikidata
Q101859,VfL Wolfsburg,BUN,2013,wikidata
Q101959,Borussia Mönchengladbach,BUN,2013,wikidata
Q102720,Hertha BSC,BUN,2013,wikidata
Q104761,Bayer Leverkusen,BUN,2013,wikidata
Q105254,1. FSV Mayence 05,BUN,2013,wikidata
Q106394,SC Fribourg,BUN,2013,wikidata
Q154053,Eintracht Brunswick,BUN,2013,wikidata
Q15755,FC Augsbourg,BUN,2013,wikidata
Q15786,1. FC Nuremberg,BUN,2013,wikidata
Q15789,Bayern Munich,BUN,2013,wikidata
Q22707,TSG 1899 Hoffenheim,BUN,2013,wikidata
Q32494,FC Schalke 04,BUN,2013,wikidata
Q33748,Hanovre 96,BUN,2013,wikidata
Q38245,Eintracht Francfort,BUN,2013,wikidata
Q41420,BV 09 Borussia Dortmund,BUN,2013,wikidata
Q4512,VfB Stuttgart,BUN,2013,wikidata
Q51974,Hambourg SV,BUN,2013,wikidata
Q51976,Werder Brême,BUN,2013,wikidata
Q101859,VfL Wolfsburg,BUN,2014,wikidata
Q101959,Borussia Mönchengladbach,BUN,2014,wikidata
Q102720,Hertha BSC,BUN,2014,wikidata
Q104761,Bayer Leverkusen,BUN,2014,wikidata
Q104770,1. FC Cologne,BUN,2014,wikidata
Q105254,1. FSV Mayence 05,BUN,2014,wikidata
Q106394,SC Fribourg,BUN,2014,wikidata
Q15755,FC Augsbourg,BUN,2014,wikidata
Q15789,Bayern Munich,BUN,2014,wikidata
Q160532,SC Paderborn 07,BUN,2014,wikidata
Q22707,TSG 1899 Hoffenheim,BUN,2014,wikidata
Q32494,FC Schalke 04,BUN,2014,wikidata
Q33748,Hanovre 96,BUN,2014,wikidata
Q38245,Eintracht Francfort,BUN,2014,wikidata
Q41420,BV 09 Borussia Dortmund,BUN,2014,wikidata
Q4512,VfB Stuttgart,BUN,2014,wikidata
Q51974,Hambourg SV,BUN,2014,wikidata
Q51976,Werder Brême,BUN,2014,wikidata
Q101859,VfL Wolfsburg,BUN,2015,wikidata
Q101959,Borussia Mönchengladbach,BUN,2015,wikidata
Q102720,Hertha BSC,BUN,2015,wikidata
Q104761,Bayer Leverkusen,BUN,2015,wikidata
Q104770,1. FC Cologne,BUN,2015,wikidata
Q105254,1. FSV Mayence 05,BUN,2015,wikidata
Q15755,FC Augsbourg,BUN,2015,wikidata
Q15789,Bayern Munich,BUN,2015,wikidata
Q170117,FC Ingolstadt 04,BUN,2015,wikidata
Q22707,TSG 1899 Hoffenheim,BUN,2015,wikidata
Q32494,FC Schalke 04,BUN,2015,wikidata
Q33748,Hanovre 96,BUN,2015,wikidata
Q38245,Eintracht Francfort,BUN,2015,wikidata
Q41420,BV 09 Borussia Dortmund,BUN,2015,wikidata
Q4512,VfB Stuttgart,BUN,2015,wikidata
Q479351,SV Darmstadt 98,BUN,2015,wikidata
Q51974,Hambourg SV,BUN,2015,wikidata
Q51976,Werder Brême,BUN,2015,wikidata
Q101859,VfL Wolfsburg,BUN,2016,wikidata
Q101959,Borussia Mönchengladbach,BUN,2016,wikidata
Q102720,Hertha BSC,BUN,2016,wikidata
Q104761,Bayer Leverkusen,BUN,2016,wikidata
Q104770,1. FC Cologne,BUN,2016,wikidata
Q105254,1. FSV Mayence 05,BUN,2016,wikidata
Q106394,SC Fribourg,BUN,2016,wikidata
Q15755,FC Augsbourg,BUN,2016,wikidata
Q15789,Bayern Munich,BUN,2016,wikidata
Q170117,FC Ingolstadt 04,BUN,2016,wikidata
Q22707,TSG 1899 Hoffenheim,BUN,2016,wikidata
Q32494,FC Schalke 04,BUN,2016,wikidata
Q38245,Eintracht Francfort,BUN,2016,wikidata
Q41420,BV 09 Borussia Dortmund,BUN,2016,wikidata
Q479351,SV Darmstadt 98,BUN,2016,wikidata
Q51974,Hambourg SV,BUN,2016,wikidata
Q51976,Werder Brême,BUN,2016,wikidata
Q702455,RB Leipzig,BUN,2016,wikidata
Q101859,VfL Wolfsburg,BUN,2017,wikidata
Q101959,Borussia Mönchengladbach,BUN,2017,wikidata
Q102720,Hertha BSC,BUN,2017,wikidata
Q104761,Bayer Leverkusen,BUN,2017,wikidata
Q104770,1. FC Cologne,BUN,2017,wikidata
Q105254,1. FSV Mayence 05,BUN,2017,wikidata
Q106394,SC Fribourg,BUN,2017,wikidata
Q15755,FC Augsbourg,BUN,2017,wikidata
Q15789,Bayern Munich,BUN,2017,wikidata
Q22707,TSG 1899 Hoffenheim,BUN,2017,wikidata
Q32494,FC Schalke 04,BUN,2017,wikidata
Q33748,Hanovre 96,BUN,2017,wikidata
Q38245,Eintracht Francfort,BUN,2017,wikidata
Q41420,BV 09 Borussia Dortmund,BUN,2017,wikidata
Q4512,VfB Stuttgart,BUN,2017,wikidata
Q51974,Hambourg SV,BUN,2017,wikidata
Q51976,Werder Brême,BUN,2017,wikidata
Q702455,RB Leipzig,BUN,2017,wikidata
Q101859,VfL Wolfsburg,BUN,2018,wikidata
Q101959,Borussia Mönchengladbach,BUN,2018,wikidata
Q102720,Hertha BSC,BUN,2018,wikidata
Q104761,Bayer Leverkusen,BUN,2018,wikidata
Q105254,1. FSV Mayence 05,BUN,2018,wikidata
Q106394,SC Fribourg,BUN,2018,wikidata
Q151747,Fortuna Düsseldorf,BUN,2018,wikidata
Q15755,FC Augsbourg,BUN,2018,wikidata
Q15786,1. FC Nuremberg,BUN,2018,wikidata
Q15789,Bayern Munich,BUN,2018,wikidata
Q22707,TSG 1899 Hoffenheim,BUN,2018,wikidata
Q32494,FC Schalke 04,BUN,2018,wikidata
Q33748,Hanovre 96,BUN,2018,wikidata
Q38245,Eintracht Francfort,BUN,2018,wikidata
Q41420,BV 09 Borussia Dortmund,BUN,2018,wikidata
Q4512,VfB Stuttgart,BUN,2018,wikidata
Q51976,Werder Brême,BUN,2018,wikidata
Q702455,RB Leipzig,BUN,2018,wikidata
Q101859,VfL Wolfsburg,BUN,2019,wikidata
Q101959,Borussia Mönchengladbach,BUN,2019,wikidata
Q102720,Hertha BSC,BUN,2019,wikidata
Q104761,Bayer Leverkusen,BUN,2019,wikidata
Q104770,1. FC Cologne,BUN,2019,wikidata
Q105254,1. FSV Mayence 05,BUN,2019,wikidata
Q106394,SC Fribourg,BUN,2019,wikidata
Q141971,1. FC Union Berlin,BUN,2019,wikidata
Q151747,Fortuna Düsseldorf,BUN,2019,wikidata
Q15755,FC Augsbourg,BUN,2019,wikidata
Q15789,Bayern Munich,BUN,2019,wikidata
Q160532,SC Paderborn 07,BUN,2019,wikidata
Q22707,TSG 1899 Hoffenheim,BUN,2019,wikidata
Q32494,FC Schalke 04,BUN,2019,wikidata
Q38245,Eintracht Francfort,BUN,2019,wikidata
Q41420,BV 09 Borussia Dortmund,BUN,2019,wikidata
Q51976,Werder Brême,BUN,2019,wikidata
Q702455,RB Leipzig,BUN,2019,wikidata
Q101959,Borussia Mönchengladbach,BUN,2020,wikidata
Q102720,Hertha BSC,BUN,2020,wikidata
Q104761,Bayer Leverkusen,BUN,2020,wikidata
Q104770,1. FC Cologne,BUN,2020,wikidata
Q105254,1. FSV Mayence 05,BUN,2020,wikidata
Q105844,DSC Arminia Bielefeld,BUN,2020,wikidata
Q106394,SC Fribourg,BUN,2020,wikidata
Q141971,1. FC Union Berlin,BUN,2020,wikidata
Q15755,FC Augsbourg,BUN,2020,wikidata
Q15789,Bayern Munich,BUN,2020,wikidata
Q22707,TSG 1899 Hoffenheim,BUN,2020,wikidata
Q32494,FC Schalke 04,BUN,2020,wikidata
Q38245,Eintracht Francfort,BUN,2020,wikidata
Q41420,BV 09 Borussia Dortmund,BUN,2020,wikidata
Q4512,VfB Stuttgart,BUN,2020,wikidata
Q51976,Werder Brême,BUN,2020,wikidata
Q702455,RB Leipzig,BUN,2020,wikidata
Q97906010,VfL Wolfsburg,BUN,2020,wikidata
Q101959,Borussia Mönchengladbach,BUN,2021,wikidata
Q102720,Hertha BSC,BUN,2021,wikidata
Q104761,Bayer Leverkusen,BUN,2021,wikidata
Q104770,1. FC Cologne,BUN,2021,wikidata
Q105254,1. FSV Mayence 05,BUN,2021,wikidata
Q105844,DSC Arminia Bielefeld,BUN,2021,wikidata
Q105861,VfL Bochum,BUN,2021,wikidata
Q106394,SC Fribourg,BUN,2021,wikidata
Q141971,1. FC Union Berlin,BUN,2021,wikidata
Q153539,SpVgg Greuther Fürth,BUN,2021,wikidata
Q15755,FC Augsbourg,BUN,2021,wikidata
Q15789,Bayern Munich,BUN,2021,wikidata
Q22707,TSG 1899 Hoffenheim,BUN,2021,wikidata
Q38245,Eintracht Francfort,BUN,2021,wikidata
Q41420,BV 09 Borussia Dortmund,BUN,2021,wikidata
Q4512,VfB Stuttgart,BUN,2021,wikidata
Q702455,RB Leipzig,BUN,2021,wikidata
Q97906010,VfL Wolfsburg,BUN,2021,wikidata
Q101959,Borussia Mönchengladbach,BUN,2022,wikidata
Q102720,Hertha BSC,BUN,2022,wikidata
Q104761,Bayer Leverkusen,BUN,2022,wikidata
Q104770,1. FC Cologne,BUN,2022,wikidata
Q105254,1. FSV Mayence 05,BUN,2022,wikidata
Q105861,VfL Bochum,BUN,2022,wikidata
Q106394,SC Fribourg,BUN,2022,wikidata
Q141971,1. FC Union Berlin,BUN,2022,wikidata
Q15755,FC Augsbourg,BUN,2022,wikidata
Q15789,Bayern Munich,BUN,2022,wikidata
Q22707,TSG 1899 Hoffenheim,BUN,2022,wikidata
Q32494,FC Schalke 04,BUN,2022,wikidata
Q38245,Eintracht Francfort,BUN,2022,wikidata
Q41420,BV 09 Borussia Dortmund,BUN,2022,wikidata
Q4512,VfB Stuttgart,BUN,2022,wikidata
Q51976,Werder Brême,BUN,2022,wikidata
Q702455,RB Leipzig,BUN,2022,wikidata
Q97906010,VfL Wolfsburg,BUN,2022,wikidata
Q101959,Borussia Mönchengladbach,BUN,2023,wikidata
Q104761,Bayer Leverkusen,BUN,2023,wikidata
Q104770,1. FC Cologne,BUN,2023,wikidata
Q105254,1. FSV Mayence 05,BUN,2023,wikidata
Q105861,VfL Bochum,BUN,2023,wikidata
Q106394,SC Fribourg,BUN,2023,wikidata
Q141971,1. FC Union Berlin,BUN,2023,wikidata
Q15755,FC Augsbourg,BUN,2023,wikidata
Q15789,Bayern Munich,BUN,2023,wikidata
Q162251,1. FC Heidenheim 1846,BUN,2023,wikidata
Q22707,TSG 1899 Hoffenheim,BUN,2023,wikidata
Q38245,Eintracht Francfort,BUN,2023,wikidata
Q41420,BV 09 Borussia Dortmund,BUN,2023,wikidata
Q4512,VfB Stuttgart,BUN,2023,wikidata
Q479351,SV Darmstadt 98,BUN,2023,wikidata
Q51976,Werder Brême,BUN,2023,wikidata
Q702455,RB Leipzig,BUN,2023,wikidata
Q97906010,VfL Wolfsburg,BUN,2023,wikidata
Q101959,Borussia Mönchengladbach,BUN,2024,wikidata
Q104761,Bayer Leverkusen,BUN,2024,wikidata
Q105254,1. FSV Mayence 05,BUN,2024,wikidata
Q105861,VfL Bochum,BUN,2024,wikidata
Q106394,SC Fribourg,BUN,2024,wikidata
Q141971,1. FC Union Berlin,BUN,2024,wikidata
Q15755,FC Augsbourg,BUN,2024,wikidata
Q157828,SV Holstein Kiel,BUN,2024,wikidata
Q15789,Bayern Munich,BUN,2024,wikidata
Q162251,1. FC Heidenheim 1846,BUN,2024,wikidata
Q22707,TSG 1899 Hoffenheim,BUN,2024,wikidata
Q38245,Eintracht Francfort,BUN,2024,wikidata
Q41420,BV 09 Borussia Dortmund,BUN,2024,wikidata
Q4512,VfB Stuttgart,BUN,2024,wikidata
Q51976,Werder Brême,BUN,2024,wikidata
Q6463,FC Sankt Pauli,BUN,2024,wikidata
Q702455,RB Leipzig,BUN,2024,wikidata
Q97906010,VfL Wolfsburg,BUN,2024,wikidata
Q101959,Borussia Mönchengladbach,BUN,2025,wikidata
Q104761,Bayer Leverkusen,BUN,2025,wikidata
Q104770,1. FC Cologne,BUN,2025,wikidata
Q105254,1. FSV Mayence 05,BUN,2025,wikidata
Q106394,SC Fribourg,BUN,2025,wikidata
Q141971,1. FC Union Berlin,BUN,2025,wikidata
Q15755,FC Augsbourg,BUN,2025,wikidata
Q15789,Bayern Munich,BUN,2025,wikidata
Q162251,1. FC Heidenheim 1846,BUN,2025,wikidata
Q22707,TSG 1899 Hoffenheim,BUN,2025,wikidata
Q38245,Eintracht Francfort,BUN,2025,wikidata
Q41420,BV 09 Borussia Dortmund,BUN,2025,wikidata
Q4512,VfB Stuttgart,BUN,2025,wikidata
Q51974,Hambourg SV,BUN,2025,wikidata
Q51976,Werder Brême,BUN,2025,wikidata
Q6463,FC Sankt Pauli,BUN,2025,wikidata
Q702455,RB Leipzig,BUN,2025,wikidata
Q97906010,VfL Wolfsburg,BUN,2025,wikidata
Q126334,RC Strasbourg Alsace,L1,1999,wikidata
Q132885,Olympique de Marseille,L1,1999,wikidata
Q172476,Girondins de Bordeaux,L1,1999,wikidata
Q180305,AS Monaco FC,L1,1999,wikidata
Q182876,AJ Auxerre,L1,1999,wikidata
Q191843,RC Lens,L1,1999,wikidata
Q192071,Football Club de Nantes,L1,1999,wikidata
Q19509,Stade rennais FC,L1,1999,wikidata
Q19513,Montpellier Hérault SC,L1,1999,wikidata
Q19521,AS Saint-Étienne,L1,1999,wikidata
Q19523,AS Nancy-Lorraine,L1,1999,wikidata
Q208399,SC Bastia,L1,1999,wikidata
Q221525,FC Metz,L1,1999,wikidata
Q328658,Le Havre AC,L1,1999,wikidata
Q483020,Paris Saint-Germain FC,L1,1999,wikidata
Q501693,ES Troyes AC,L1,1999,wikidata
Q608988,CS Sedan Ardennes,L1,1999,wikidata
Q704,Olympique lyonnais,L1,1999,wikidata
Q126334,RC Strasbourg Alsace,L1,2000,wikidata
Q132885,Olympique de Marseille,L1,2000,wikidata
Q172476,Girondins de Bordeaux,L1,2000,wikidata
Q180305,AS Monaco FC,L1,2000,wikidata
Q182876,AJ Auxerre,L1,2000,wikidata
Q191843,RC Lens,L1,2000,wikidata
Q192071,Football Club de Nantes,L1,2000,wikidata
Q19509,Stade rennais FC,L1,2000,wikidata
Q19516,Lille OSC,L1,2000,wikidata
Q19518,Toulouse FC,L1,2000,wikidata
Q19521,AS Saint-Étienne,L1,2000,wikidata
Q208399,SC Bastia,L1,2000,wikidata
Q221525,FC Metz,L1,2000,wikidata
Q459148,En avant Guingamp,L1,2000,wikidata
Q483020,Paris Saint-Germain FC,L1,2000,wikidata
Q501693,ES Troyes AC,L1,2000,wikidata
Q608988,CS Sedan Ardennes,L1,2000,wikidata
Q704,Olympique lyonnais,L1,2000,wikidata
Q132885,Olympique de Marseille,L1,2001,wikidata
Q172476,Girondins de Bordeaux,L1,2001,wikidata
Q180305,AS Monaco FC,L1,2001,wikidata
Q182876,AJ Auxerre,L1,2001,wikidata
Q191843,RC Lens,L1,2001,wikidata
Q192071,Football Club de Nantes,L1,2001,wikidata
Q19509,Stade rennais FC,L1,2001,wikidata
Q19512,Football Club Sochaux-Montbéliard,L1,2001,wikidata
Q19513,Montpellier Hérault SC,L1,2001,wikidata
Q19516,Lille OSC,L1,2001,wikidata
Q208399,SC Bastia,L1,2001,wikidata
Q221525,FC Metz,L1,2001,wikidata
Q459148,En avant Guingamp,L1,2001,wikidata
Q483020,Paris Saint-Germain FC,L1,2001,wikidata
Q48911,FC Lorient,L1,2001,wikidata
Q501693,ES Troyes AC,L1,2001,wikidata
Q608988,CS Sedan Ardennes,L1,2001,wikidata
Q704,Olympique lyonnais,L1,2001,wikidata
Q126334,RC Strasbourg Alsace,L1,2002,wikidata
Q132885,Olympique de Marseille,L1,2002,wikidata
Q172476,Girondins de Bordeaux,L1,2002,wikidata
Q180305,AS Monaco FC,L1,2002,wikidata
Q182876,AJ Auxerre,L1,2002,wikidata
Q185163,OGC Nice,L1,2002,wikidata
Q191843,RC Lens,L1,2002,wikidata
Q192071,Football Club de Nantes,L1,2002,wikidata
Q19509,Stade rennais FC,L1,2002,wikidata
Q19512,Football Club Sochaux-Montbéliard,L1,2002,wikidata
Q19513,Montpellier Hérault SC,L1,2002,wikidata
Q19516,Lille OSC,L1,2002,wikidata
Q208399,SC Bastia,L1,2002,wikidata
Q270051,Athletic club ajaccien,L1,2002,wikidata
Q328658,Le Havre AC,L1,2002,wikidata
Q459148,En avant Guingamp,L1,2002,wikidata
Q483020,Paris Saint-Germain FC,L1,2002,wikidata
Q501693,ES Troyes AC,L1,2002,wikidata
Q608988,CS Sedan Ardennes,L1,2002,wikidata
Q704,Olympique lyonnais,L1,2002,wikidata
Q126334,RC Strasbourg Alsace,L1,2003,wikidata
Q132885,Olympique de Marseille,L1,2003,wikidata
Q172476,Girondins de Bordeaux,L1,2003,wikidata
Q180305,AS Monaco FC,L1,2003,wikidata
Q182876,AJ Auxerre,L1,2003,wikidata
Q185163,OGC Nice,L1,2003,wikidata
Q191843,RC Lens,L1,2003,wikidata
Q192071,Football Club de Nantes,L1,2003,wikidata
Q19509,Stade rennais FC,L1,2003,wikidata
Q19512,Football Club Sochaux-Montbéliard,L1,2003,wikidata
Q19513,Montpellier Hérault SC,L1,2003,wikidata
Q19516,Lille OSC,L1,2003,wikidata
Q19518,Toulouse FC,L1,2003,wikidata
Q208399,SC Bastia,L1,2003,wikidata
Q210864,Le Mans Football Club,L1,2003,wikidata
Q221525,FC Metz,L1,2003,wikidata
Q270051,Athletic club ajaccien,L1,2003,wikidata
Q459148,En avant Guingamp,L1,2003,wikidata
Q483020,Paris Saint-Germain FC,L1,2003,wikidata
Q704,Olympique lyonnais,L1,2003,wikidata
Q126334,RC Strasbourg Alsace,L1,2004,wikidata
Q132885,Olympique de Marseille,L1,2004,wikidata
Q172476,Girondins de Bordeaux,L1,2004,wikidata
Q180305,AS Monaco FC,L1,2004,wikidata
Q182876,AJ Auxerre,L1,2004,wikidata
Q185163,OGC Nice,L1,2004,wikidata
Q191843,RC Lens,L1,2004,wikidata
Q192071,Football Club de Nantes,L1,2004,wikidata
Q193377,Stade Malherbe Caen,L1,2004,wikidata
Q19509,Stade rennais FC,L1,2004,wikidata
Q19512,Football Club Sochaux-Montbéliard,L1,2004,wikidata
Q19516,Lille OSC,L1,2004,wikidata
Q19518,Toulouse FC,L1,2004,wikidata
Q19521,AS Saint-Étienne,L1,2004,wikidata
Q208399,SC Bastia,L1,2004,wikidata
Q221525,FC Metz,L1,2004,wikidata
Q270051,Athletic club ajaccien,L1,2004,wikidata
Q483020,Paris Saint-Germain FC,L1,2004,wikidata
Q704,Olympique lyonnais,L1,2004,wikidata
Q797530,Istres FC,L1,2004,wikidata
Q126334,RC Strasbourg Alsace,L1,2005,wikidata
Q132885,Olympique de Marseille,L1,2005,wikidata
Q172476,Girondins de Bordeaux,L1,2005,wikidata
Q180305,AS Monaco FC,L1,2005,wikidata
Q182876,AJ Auxerre,L1,2005,wikidata
Q185163,OGC Nice,L1,2005,wikidata
Q191843,RC Lens,L1,2005,wikidata
Q192071,Football Club de Nantes,L1,2005,wikidata
Q19509,Stade rennais FC,L1,2005,wikidata
Q19512,Football Club Sochaux-Montbéliard,L1,2005,wikidata
Q19516,Lille OSC,L1,2005,wikidata
Q19518,Toulouse FC,L1,2005,wikidata
Q19521,AS Saint-Étienne,L1,2005,wikidata
Q19523,AS Nancy-Lorraine,L1,2005,wikidata
Q210864,Le Mans Football Club,L1,2005,wikidata
Q221525,FC Metz,L1,2005,wikidata
Q270051,Athletic club ajaccien,L1,2005,wikidata
Q483020,Paris Saint-Germain FC,L1,2005,wikidata
Q501693,ES Troyes AC,L1,2005,wikidata
Q704,Olympique lyonnais,L1,2005,wikidata
Q132885,Olympique de Marseille,L1,2006,wikidata
Q172476,Girondins de Bordeaux,L1,2006,wikidata
Q180305,AS Monaco FC,L1,2006,wikidata
Q182876,AJ Auxerre,L1,2006,wikidata
Q185163,OGC Nice,L1,2006,wikidata
Q191843,RC Lens,L1,2006,wikidata
Q192071,Football Club de Nantes,L1,2006,wikidata
Q19509,Stade rennais FC,L1,2006,wikidata
Q19512,Football Club Sochaux-Montbéliard,L1,2006,wikidata
Q19516,Lille OSC,L1,2006,wikidata
Q19518,Toulouse FC,L1,2006,wikidata
Q19521,AS Saint-Étienne,L1,2006,wikidata
Q19523,AS Nancy-Lorraine,L1,2006,wikidata
Q210864,Le Mans Football Club,L1,2006,wikidata
Q212269,Valenciennes FC,L1,2006,wikidata
Q483020,Paris Saint-Germain FC,L1,2006,wikidata
Q48911,FC Lorient,L1,2006,wikidata
Q501693,ES Troyes AC,L1,2006,wikidata
Q608988,CS Sedan Ardennes,L1,2006,wikidata
Q704,Olympique lyonnais,L1,2006,wikidata
Q126334,RC Strasbourg Alsace,L1,2007,wikidata
Q132885,Olympique de Marseille,L1,2007,wikidata
Q172476,Girondins de Bordeaux,L1,2007,wikidata
Q180305,AS Monaco FC,L1,2007,wikidata
Q182876,AJ Auxerre,L1,2007,wikidata
Q185163,OGC Nice,L1,2007,wikidata
Q191843,RC Lens,L1,2007,wikidata
Q193377,Stade Malherbe Caen,L1,2007,wikidata
Q19509,Stade rennais FC,L1,2007,wikidata
Q19512,Football Club Sochaux-Montbéliard,L1,2007,wikidata
Q19516,Lille OSC,L1,2007,wikidata
Q19518,Toulouse FC,L1,2007,wikidata
Q19521,AS Saint-Étienne,L1,2007,wikidata
Q19523,AS Nancy-Lorraine,L1,2007,wikidata
Q210864,Le Mans Football Club,L1,2007,wikidata
Q212269,Valenciennes FC,L1,2007,wikidata
Q221525,FC Metz,L1,2007,wikidata
Q483020,Paris Saint-Germain FC,L1,2007,wikidata
Q48911,FC Lorient,L1,2007,wikidata
Q704,Olympique lyonnais,L1,2007,wikidata
Q132885,Olympique de Marseille,L1,2008,wikidata
Q172476,Girondins de Bordeaux,L1,2008,wikidata
Q180305,AS Monaco FC,L1,2008,wikidata
Q182876,AJ Auxerre,L1,2008,wikidata
Q185163,OGC Nice,L1,2008,wikidata
Q192071,Football Club de Nantes,L1,2008,wikidata
Q193377,Stade Malherbe Caen,L1,2008,wikidata
Q19509,Stade rennais FC,L1,2008,wikidata
Q19512,Football Club Sochaux-Montbéliard,L1,2008,wikidata
Q19516,Lille OSC,L1,2008,wikidata
Q19518,Toulouse FC,L1,2008,wikidata
Q19521,AS Saint-Étienne,L1,2008,wikidata
Q19523,AS Nancy-Lorraine,L1,2008,wikidata
Q209509,Grenoble Foot 38,L1,2008,wikidata
Q210864,Le Mans Football Club,L1,2008,wikidata
Q212269,Valenciennes FC,L1,2008,wikidata
Q328658,Le Havre AC,L1,2008,wikidata
Q483020,Paris Saint-Germain FC,L1,2008,wikidata
Q48911,FC Lorient,L1,2008,wikidata
Q704,Olympique lyonnais,L1,2008,wikidata
Q132885,Olympique de Marseille,L1,2009,wikidata
Q172476,Girondins de Bordeaux,L1,2009,wikidata
Q180305,AS Monaco FC,L1,2009,wikidata
Q182876,AJ Auxerre,L1,2009,wikidata
Q185163,OGC Nice,L1,2009,wikidata
Q191843,RC Lens,L1,2009,wikidata
Q19509,Stade rennais FC,L1,2009,wikidata
Q19512,Football Club Sochaux-Montbéliard,L1,2009,wikidata
Q19513,Montpellier Hérault SC,L1,2009,wikidata
Q19516,Lille OSC,L1,2009,wikidata
Q19518,Toulouse FC,L1,2009,wikidata
Q19521,AS Saint-Étienne,L1,2009,wikidata
Q19523,AS Nancy-Lorraine,L1,2009,wikidata
Q209509,Grenoble Foot 38,L1,2009,wikidata
Q210864,Le Mans Football Club,L1,2009,wikidata
Q212269,Valenciennes FC,L1,2009,wikidata
Q309400,US Boulogne CO,L1,2009,wikidata
Q483020,Paris Saint-Germain FC,L1,2009,wikidata
Q48911,FC Lorient,L1,2009,wikidata
Q704,Olympique lyonnais,L1,2009,wikidata
Q132885,Olympique de Marseille,L1,2010,wikidata
Q172476,Girondins de Bordeaux,L1,2010,wikidata
Q180305,AS Monaco FC,L1,2010,wikidata
Q182876,AJ Auxerre,L1,2010,wikidata
Q185163,OGC Nice,L1,2010,wikidata
Q191843,RC Lens,L1,2010,wikidata
Q193377,Stade Malherbe Caen,L1,2010,wikidata
Q19509,Stade rennais FC,L1,2010,wikidata
Q19512,Football Club Sochaux-Montbéliard,L1,2010,wikidata
Q19513,Montpellier Hérault SC,L1,2010,wikidata
Q19516,Lille OSC,L1,2010,wikidata
Q19518,Toulouse FC,L1,2010,wikidata
Q19521,AS Saint-Étienne,L1,2010,wikidata
Q19523,AS Nancy-Lorraine,L1,2010,wikidata
Q212269,Valenciennes FC,L1,2010,wikidata
Q218372,Stade brestois 29,L1,2010,wikidata
Q222837,Athlétic Club arlésien,L1,2010,wikidata
Q483020,Paris Saint-Germain FC,L1,2010,wikidata
Q48911,FC Lorient,L1,2010,wikidata
Q704,Olympique lyonnais,L1,2010,wikidata
Q132885,Olympique de Marseille,L1,2011,wikidata
Q172476,Girondins de Bordeaux,L1,2011,wikidata
Q182876,AJ Auxerre,L1,2011,wikidata
Q185163,OGC Nice,L1,2011,wikidata
Q193377,Stade Malherbe Caen,L1,2011,wikidata
Q19509,Stade rennais FC,L1,2011,wikidata
Q19512,Football Club Sochaux-Montbéliard,L1,2011,wikidata
Q19513,Montpellier Hérault SC,L1,2011,wikidata
Q19516,Lille OSC,L1,2011,wikidata
Q19518,Toulouse FC,L1,2011,wikidata
Q19521,AS Saint-Étienne,L1,2011,wikidata
Q19523,AS Nancy-Lorraine,L1,2011,wikidata
Q212269,Valenciennes FC,L1,2011,wikidata
Q218372,Stade brestois 29,L1,2011,wikidata
Q270051,Athletic club ajaccien,L1,2011,wikidata
Q333838,Thonon Évian Grand Genève Football Club,L1,2011,wikidata
Q483020,Paris Saint-Germain FC,L1,2011,wikidata
Q48911,FC Lorient,L1,2011,wikidata
Q503317,Dijon FCO,L1,2011,wikidata
Q704,Olympique lyonnais,L1,2011,wikidata
Q132885,Olympique de Marseille,L1,2012,wikidata
Q172476,Girondins de Bordeaux,L1,2012,wikidata
Q185163,OGC Nice,L1,2012,wikidata
Q19509,Stade rennais FC,L1,2012,wikidata
Q19512,Football Club Sochaux-Montbéliard,L1,2012,wikidata
Q19513,Montpellier Hérault SC,L1,2012,wikidata
Q19516,Lille OSC,L1,2012,wikidata
Q19518,Toulouse FC,L1,2012,wikidata
Q19521,AS Saint-Étienne,L1,2012,wikidata
Q19523,AS Nancy-Lorraine,L1,2012,wikidata
Q208228,Stade de Reims,L1,2012,wikidata
Q208399,SC Bastia,L1,2012,wikidata
Q212269,Valenciennes FC,L1,2012,wikidata
Q218372,Stade brestois 29,L1,2012,wikidata
Q270051,Athletic club ajaccien,L1,2012,wikidata
Q333838,Thonon Évian Grand Genève Football Club,L1,2012,wikidata
Q483020,Paris Saint-Germain FC,L1,2012,wikidata
Q48911,FC Lorient,L1,2012,wikidata
Q501693,ES Troyes AC,L1,2012,wikidata
Q704,Olympique lyonnais,L1,2012,wikidata
Q132885,Olympique de Marseille,L1,2013,wikidata
Q172476,Girondins de Bordeaux,L1,2013,wikidata
Q180305,AS Monaco FC,L1,2013,wikidata
Q185163,OGC Nice,L1,2013,wikidata
Q192071,Football Club de Nantes,L1,2013,wikidata
Q19509,Stade rennais FC,L1,2013,wikidata
Q19512,Football Club Sochaux-Montbéliard,L1,2013,wikidata
Q19513,Montpellier Hérault SC,L1,2013,wikidata
Q19516,Lille OSC,L1,2013,wikidata
Q19518,Toulouse FC,L1,2013,wikidata
Q19521,AS Saint-Étienne,L1,2013,wikidata
Q208228,Stade de Reims,L1,2013,wikidata
Q208399,SC Bastia,L1,2013,wikidata
Q212269,Valenciennes FC,L1,2013,wikidata
Q270051,Athletic club ajaccien,L1,2013,wikidata
Q333838,Thonon Évian Grand Genève Football Club,L1,2013,wikidata
Q459148,En avant Guingamp,L1,2013,wikidata
Q483020,Paris Saint-Germain FC,L1,2013,wikidata
Q48911,FC Lorient,L1,2013,wikidata
Q704,Olympique lyonnais,L1,2013,wikidata
Q132885,Olympique de Marseille,L1,2014,wikidata
Q172476,Girondins de Bordeaux,L1,2014,wikidata
Q180305,AS Monaco FC,L1,2014,wikidata
Q185163,OGC Nice,L1,2014,wikidata
Q191843,RC Lens,L1,2014,wikidata
Q192071,Football Club de Nantes,L1,2014,wikidata
Q193377,Stade Malherbe Caen,L1,2014,wikidata
Q19509,Stade rennais FC,L1,2014,wikidata
Q19513,Montpellier Hérault SC,L1,2014,wikidata
Q19516,Lille OSC,L1,2014,wikidata
Q19518,Toulouse FC,L1,2014,wikidata
Q19521,AS Saint-Étienne,L1,2014,wikidata
Q208228,Stade de Reims,L1,2014,wikidata
Q208399,SC Bastia,L1,2014,wikidata
Q221525,FC Metz,L1,2014,wikidata
Q333838,Thonon Évian Grand Genève Football Club,L1,2014,wikidata
Q459148,En avant Guingamp,L1,2014,wikidata
Q483020,Paris Saint-Germain FC,L1,2014,wikidata
Q48911,FC Lorient,L1,2014,wikidata
Q704,Olympique lyonnais,L1,2014,wikidata
Q132885,Olympique de Marseille,L1,2015,wikidata
Q172476,Girondins de Bordeaux,L1,2015,wikidata
Q180305,AS Monaco FC,L1,2015,wikidata
Q185163,OGC Nice,L1,2015,wikidata
Q192071,Football Club de Nantes,L1,2015,wikidata
Q193377,Stade Malherbe Caen,L1,2015,wikidata
Q19509,Stade rennais FC,L1,2015,wikidata
Q19513,Montpellier Hérault SC,L1,2015,wikidata
Q19516,Lille OSC,L1,2015,wikidata
Q19518,Toulouse FC,L1,2015,wikidata
Q19521,AS Saint-Étienne,L1,2015,wikidata
Q208228,Stade de Reims,L1,2015,wikidata
Q208399,SC Bastia,L1,2015,wikidata
Q459148,En avant Guingamp,L1,2015,wikidata
Q483020,Paris Saint-Germain FC,L1,2015,wikidata
Q48911,FC Lorient,L1,2015,wikidata
Q501693,ES Troyes AC,L1,2015,wikidata
Q627334,Gazélec FC Ajaccio,L1,2015,wikidata
Q704,Olympique lyonnais,L1,2015,wikidata
Q845137,Angers SCO,L1,2015,wikidata
Q132885,Olympique de Marseille,L1,2016,wikidata
Q172476,Girondins de Bordeaux,L1,2016,wikidata
Q180305,AS Monaco FC,L1,2016,wikidata
Q185163,OGC Nice,L1,2016,wikidata
Q192071,Football Club de Nantes,L1,2016,wikidata
Q193377,Stade Malherbe Caen,L1,2016,wikidata
Q19509,Stade rennais FC,L1,2016,wikidata
Q19513,Montpellier Hérault SC,L1,2016,wikidata
Q19516,Lille OSC,L1,2016,wikidata
Q19518,Toulouse FC,L1,2016,wikidata
Q19521,AS Saint-Étienne,L1,2016,wikidata
Q19523,AS Nancy-Lorraine,L1,2016,wikidata
Q208399,SC Bastia,L1,2016,wikidata
Q221525,FC Metz,L1,2016,wikidata
Q459148,En avant Guingamp,L1,2016,wikidata
Q483020,Paris Saint-Germain FC,L1,2016,wikidata
Q48911,FC Lorient,L1,2016,wikidata
Q503317,Dijon FCO,L1,2016,wikidata
Q704,Olympique lyonnais,L1,2016,wikidata
Q845137,Angers SCO,L1,2016,wikidata
Q126334,RC Strasbourg Alsace,L1,2017,wikidata
Q132885,Olympique de Marseille,L1,2017,wikidata
Q172476,Girondins de Bordeaux,L1,2017,wikidata
Q180305,AS Monaco FC,L1,2017,wikidata
Q185163,OGC Nice,L1,2017,wikidata
Q192071,Football Club de Nantes,L1,2017,wikidata
Q193377,Stade Malherbe Caen,L1,2017,wikidata
Q19509,Stade rennais FC,L1,2017,wikidata
Q19513,Montpellier Hérault SC,L1,2017,wikidata
Q19516,Lille OSC,L1,2017,wikidata
Q19518,Toulouse FC,L1,2017,wikidata
Q19521,AS Saint-Étienne,L1,2017,wikidata
Q221525,FC Metz,L1,2017,wikidata
Q459148,En avant Guingamp,L1,2017,wikidata
Q483020,Paris Saint-Germain FC,L1,2017,wikidata
Q501693,ES Troyes AC,L1,2017,wikidata
Q503317,Dijon FCO,L1,2017,wikidata
Q704,Olympique lyonnais,L1,2017,wikidata
Q845137,Angers SCO,L1,2017,wikidata
Q866884,Amiens SC,L1,2017,wikidata
Q126334,RC Strasbourg Alsace,L1,2018,wikidata
Q132885,Olympique de Marseille,L1,2018,wikidata
Q172476,Girondins de Bordeaux,L1,2018,wikidata
Q180305,AS Monaco FC,L1,2018,wikidata
Q185163,OGC Nice,L1,2018,wikidata
Q192071,Football Club de Nantes,L1,2018,wikidata
Q193377,Stade Malherbe Caen,L1,2018,wikidata
Q19509,Stade rennais FC,L1,2018,wikidata
Q19513,Montpellier Hérault SC,L1,2018,wikidata
Q19516,Lille OSC,L1,2018,wikidata
Q19518,Toulouse FC,L1,2018,wikidata
Q19521,AS Saint-Étienne,L1,2018,wikidata
Q208228,Stade de Reims,L1,2018,wikidata
Q459148,En avant Guingamp,L1,2018,wikidata
Q483020,Paris Saint-Germain FC,L1,2018,wikidata
Q503317,Dijon FCO,L1,2018,wikidata
Q704,Olympique lyonnais,L1,2018,wikidata
Q730809,Nîmes Olympique,L1,2018,wikidata
Q845137,Angers SCO,L1,2018,wikidata
Q866884,Amiens SC,L1,2018,wikidata
Q126334,RC Strasbourg Alsace,L1,2019,wikidata
Q132885,Olympique de Marseille,L1,2019,wikidata
Q172476,Girondins de Bordeaux,L1,2019,wikidata
Q180305,AS Monaco FC,L1,2019,wikidata
Q185163,OGC Nice,L1,2019,wikidata
Q192071,Football Club de Nantes,L1,2019,wikidata
Q19509,Stade rennais FC,L1,2019,wikidata
Q19513,Montpellier Hérault SC,L1,2019,wikidata
Q19516,Lille OSC,L1,2019,wikidata
Q19518,Toulouse FC,L1,2019,wikidata
Q19521,AS Saint-Étienne,L1,2019,wikidata
Q208228,Stade de Reims,L1,2019,wikidata
Q218372,Stade brestois 29,L1,2019,wikidata
Q221525,FC Metz,L1,2019,wikidata
Q483020,Paris Saint-Germain FC,L1,2019,wikidata
Q503317,Dijon FCO,L1,2019,wikidata
Q704,Olympique lyonnais,L1,2019,wikidata
Q730809,Nîmes Olympique,L1,2019,wikidata
Q845137,Angers SCO,L1,2019,wikidata
Q866884,Amiens SC,L1,2019,wikidata
Q126334,RC Strasbourg Alsace,L1,2020,wikidata
Q132885,Olympique de Marseille,L1,2020,wikidata
Q172476,Girondins de Bordeaux,L1,2020,wikidata
Q180305,AS Monaco FC,L1,2020,wikidata
Q185163,OGC Nice,L1,2020,wikidata
Q191843,RC Lens,L1,2020,wikidata
Q192071,Football Club de Nantes,L1,2020,wikidata
Q19509,Stade rennais FC,L1,2020,wikidata
Q19513,Montpellier Hérault SC,L1,2020,wikidata
Q19516,Lille OSC,L1,2020,wikidata
Q19521,AS Saint-Étienne,L1,2020,wikidata
Q208228,Stade de Reims,L1,2020,wikidata
Q218372,Stade brestois 29,L1,2020,wikidata
Q221525,FC Metz,L1,2020,wikidata
Q483020,Paris Saint-Germain FC,L1,2020,wikidata
Q48911,FC Lorient,L1,2020,wikidata
Q503317,Dijon FCO,L1,2020,wikidata
Q704,Olympique lyonnais,L1,2020,wikidata
Q730809,Nîmes Olympique,L1,2020,wikidata
Q845137,Angers SCO,L1,2020,wikidata
Q126334,RC Strasbourg Alsace,L1,2021,wikidata
Q132885,Olympique de Marseille,L1,2021,wikidata
Q172476,Girondins de Bordeaux,L1,2021,wikidata
Q180305,AS Monaco FC,L1,2021,wikidata
Q185163,OGC Nice,L1,2021,wikidata
Q191843,RC Lens,L1,2021,wikidata
Q192071,Football Club de Nantes,L1,2021,wikidata
Q19509,Stade rennais FC,L1,2021,wikidata
Q19513,Montpellier Hérault SC,L1,2021,wikidata
Q19516,Lille OSC,L1,2021,wikidata
Q19521,AS Saint-Étienne,L1,2021,wikidata
Q208228,Stade de Reims,L1,2021,wikidata
Q218372,Stade brestois 29,L1,2021,wikidata
Q221525,FC Metz,L1,2021,wikidata
Q483020,Paris Saint-Germain FC,L1,2021,wikidata
Q48911,FC Lorient,L1,2021,wikidata
Q501693,ES Troyes AC,L1,2021,wikidata
Q704,Olympique lyonnais,L1,2021,wikidata
Q845137,Angers SCO,L1,2021,wikidata
Q870182,Clermont Foot 63,L1,2021,wikidata
Q126334,RC Strasbourg Alsace,L1,2022,wikidata
Q132885,Olympique de Marseille,L1,2022,wikidata
Q180305,AS Monaco FC,L1,2022,wikidata
Q182876,AJ Auxerre,L1,2022,wikidata
Q185163,OGC Nice,L1,2022,wikidata
Q191843,RC Lens,L1,2022,wikidata
Q192071,Football Club de Nantes,L1,2022,wikidata
Q19509,Stade rennais FC,L1,2022,wikidata
Q19513,Montpellier Hérault SC,L1,2022,wikidata
Q19516,Lille OSC,L1,2022,wikidata
Q19518,Toulouse FC,L1,2022,wikidata
Q208228,Stade de Reims,L1,2022,wikidata
Q218372,Stade brestois 29,L1,2022,wikidata
Q270051,Athletic club ajaccien,L1,2022,wikidata
Q483020,Paris Saint-Germain FC,L1,2022,wikidata
Q48911,FC Lorient,L1,2022,wikidata
Q501693,ES Troyes AC,L1,2022,wikidata
Q704,Olympique lyonnais,L1,2022,wikidata
Q845137,Angers SCO,L1,2022,wikidata
Q870182,Clermont Foot 63,L1,2022,wikidata
Q126334,RC Strasbourg Alsace,L1,2023,wikidata
Q132885,Olympique de Marseille,L1,2023,wikidata
Q180305,AS Monaco FC,L1,2023,wikidata
Q185163,OGC Nice,L1,2023,wikidata
Q191843,RC Lens,L1,2023,wikidata
Q192071,Football Club de Nantes,L1,2023,wikidata
Q19509,Stade rennais FC,L1,2023,wikidata
Q19513,Montpellier Hérault SC,L1,2023,wikidata
Q19516,Lille OSC,L1,2023,wikidata
Q19518,Toulouse FC,L1,2023,wikidata
Q208228,Stade de Reims,L1,2023,wikidata
Q218372,Stade brestois 29,L1,2023,wikidata
Q221525,FC Metz,L1,2023,wikidata
Q328658,Le Havre AC,L1,2023,wikidata
Q483020,Paris Saint-Germain FC,L1,2023,wikidata
Q48911,FC Lorient,L1,2023,wikidata
Q704,Olympique lyonnais,L1,2023,wikidata
Q870182,Clermont Foot 63,L1,2023,wikidata
Q126334,RC Strasbourg Alsace,L1,2024,wikidata
Q132885,Olympique de Marseille,L1,2024,wikidata
Q180305,AS Monaco FC,L1,2024,wikidata
Q182876,AJ Auxerre,L1,2024,wikidata
Q185163,OGC Nice,L1,2024,wikidata
Q191843,RC Lens,L1,2024,wikidata
Q192071,Football Club de Nantes,L1,2024,wikidata
Q19509,Stade rennais FC,L1,2024,wikidata
Q19513,Montpellier Hérault SC,L1,2024,wikidata
Q19516,Lille OSC,L1,2024,wikidata
Q19518,Toulouse FC,L1,2024,wikidata
Q19521,AS Saint-Étienne,L1,2024,wikidata
Q208228,Stade de Reims,L1,2024,wikidata
Q218372,Stade brestois 29,L1,2024,wikidata
Q328658,Le Havre AC,L1,2024,wikidata
Q483020,Paris Saint-Germain FC,L1,2024,wikidata
Q704,Olympique lyonnais,L1,2024,wikidata
Q845137,Angers SCO,L1,2024,wikidata
Q1051013,Paris FC,L1,2025,wikidata
Q126334,RC Strasbourg Alsace,L1,2025,wikidata
Q132885,Olympique de Marseille,L1,2025,wikidata
Q180305,AS Monaco FC,L1,2025,wikidata
Q182876,AJ Auxerre,L1,2025,wikidata
Q185163,OGC Nice,L1,2025,wikidata
Q191843,RC Lens,L1,2025,wikidata
Q192071,Football Club de Nantes,L1,2025,wikidata
Q19509,Stade rennais FC,L1,2025,wikidata
Q19516,Lille OSC,L1,2025,wikidata
Q19518,Toulouse FC,L1,2025,wikidata
Q218372,Stade brestois 29,L1,2025,wikidata
Q221525,FC Metz,L1,2025,wikidata
Q328658,Le Havre AC,L1,2025,wikidata
Q483020,Paris Saint-Germain FC,L1,2025,wikidata
Q48911,FC Lorient,L1,2025,wikidata
Q704,Olympique lyonnais,L1,2025,wikidata
Q845137,Angers SCO,L1,2025,wikidata
Q1051013,Paris FC,L1,2026,wikidata
Q126334,RC Strasbourg Alsace,L1,2026,wikidata
Q132885,Olympique de Marseille,L1,2026,wikidata
Q180305,AS Monaco FC,L1,2026,wikidata
Q182876,AJ Auxerre,L1,2026,wikidata
Q185163,OGC Nice,L1,2026,wikidata
Q191843,RC Lens,L1,2026,wikidata
Q19509,Stade rennais FC,L1,2026,wikidata
Q19516,Lille OSC,L1,2026,wikidata
Q19518,Toulouse FC,L1,2026,wikidata
Q210864,Le Mans Football Club,L1,2026,wikidata
Q218372,Stade brestois 29,L1,2026,wikidata
Q328658,Le Havre AC,L1,2026,wikidata
Q483020,Paris Saint-Germain FC,L1,2026,wikidata
Q48911,FC Lorient,L1,2026,wikidata
Q501693,ES Troyes AC,L1,2026,wikidata
Q704,Olympique lyonnais,L1,2026,wikidata
Q845137,Angers SCO,L1,2026,wikidata
Q10300,Rayo Vallecano,LIGA,1999,wikidata
Q10308,Real Saragosse,LIGA,1999,wikidata
Q10315,Real Sociedad,LIGA,1999,wikidata
Q10319,Real Valladolid,LIGA,1999,wikidata
Q10329,Sevilla Fútbol Club,LIGA,1999,wikidata
Q10333,Valence CF,LIGA,1999,wikidata
Q12158,Club Deportivo Numancia,LIGA,1999,wikidata
Q12236,Racing de Santander,LIGA,1999,wikidata
Q223620,Deportivo Alavés,LIGA,1999,wikidata
Q271574,Real Oviedo,LIGA,1999,wikidata
Q7156,FC Barcelone,LIGA,1999,wikidata
Q8682,Real Madrid CF,LIGA,1999,wikidata
Q8687,Athletic Bilbao,LIGA,1999,wikidata
Q8701,Club Atlético de Madrid,LIGA,1999,wikidata
Q8723,Betis Balompié,LIGA,1999,wikidata
Q8749,Celta de Vigo,LIGA,1999,wikidata
Q8760,Deportivo LC,LIGA,1999,wikidata
Q8780,RCD Espanyol,LIGA,1999,wikidata
Q8835,RCD Majorque,LIGA,1999,wikidata
Q8857,Málaga CF,LIGA,1999,wikidata
Q10286,Club Atlético Osasuna,LIGA,2000,wikidata
Q10300,Rayo Vallecano,LIGA,2000,wikidata
Q10308,Real Saragosse,LIGA,2000,wikidata
Q10315,Real Sociedad,LIGA,2000,wikidata
Q10319,Real Valladolid,LIGA,2000,wikidata
Q10333,Valence CF,LIGA,2000,wikidata
Q11979,Unión Deportiva Las Palmas,LIGA,2000,wikidata
Q12158,Club Deportivo Numancia,LIGA,2000,wikidata
Q12236,Racing de Santander,LIGA,2000,wikidata
Q12297,Villarreal CF,LIGA,2000,wikidata
Q223620,Deportivo Alavés,LIGA,2000,wikidata
Q271574,Real Oviedo,LIGA,2000,wikidata
Q7156,FC Barcelone,LIGA,2000,wikidata
Q8682,Real Madrid CF,LIGA,2000,wikidata
Q8687,Athletic Bilbao,LIGA,2000,wikidata
Q8749,Celta de Vigo,LIGA,2000,wikidata
Q8760,Deportivo LC,LIGA,2000,wikidata
Q8780,RCD Espanyol,LIGA,2000,wikidata
Q8835,RCD Majorque,LIGA,2000,wikidata
Q8857,Málaga CF,LIGA,2000,wikidata
Q10286,Club Atlético Osasuna,LIGA,2001,wikidata
Q10300,Rayo Vallecano,LIGA,2001,wikidata
Q10308,Real Saragosse,LIGA,2001,wikidata
Q10315,Real Sociedad,LIGA,2001,wikidata
Q10319,Real Valladolid,LIGA,2001,wikidata
Q10329,Sevilla Fútbol Club,LIGA,2001,wikidata
Q10333,Valence CF,LIGA,2001,wikidata
Q11979,Unión Deportiva Las Palmas,LIGA,2001,wikidata
Q12297,Villarreal CF,LIGA,2001,wikidata
Q216661,Club Deportivo Tenerife,LIGA,2001,wikidata
Q223620,Deportivo Alavés,LIGA,2001,wikidata
Q7156,FC Barcelone,LIGA,2001,wikidata
Q8682,Real Madrid CF,LIGA,2001,wikidata
Q8687,Athletic Bilbao,LIGA,2001,wikidata
Q8723,Betis Balompié,LIGA,2001,wikidata
Q8749,Celta de Vigo,LIGA,2001,wikidata
Q8760,Deportivo LC,LIGA,2001,wikidata
Q8780,RCD Espanyol,LIGA,2001,wikidata
Q8835,RCD Majorque,LIGA,2001,wikidata
Q8857,Málaga CF,LIGA,2001,wikidata
Q10286,Club Atlético Osasuna,LIGA,2002,wikidata
Q10300,Rayo Vallecano,LIGA,2002,wikidata
Q10315,Real Sociedad,LIGA,2002,wikidata
Q10319,Real Valladolid,LIGA,2002,wikidata
Q10329,Sevilla Fútbol Club,LIGA,2002,wikidata
Q10333,Valence CF,LIGA,2002,wikidata
Q12236,Racing de Santander,LIGA,2002,wikidata
Q12249,Recreativo de Huelva,LIGA,2002,wikidata
Q12297,Villarreal CF,LIGA,2002,wikidata
Q223620,Deportivo Alavés,LIGA,2002,wikidata
Q7156,FC Barcelone,LIGA,2002,wikidata
Q8682,Real Madrid CF,LIGA,2002,wikidata
Q8687,Athletic Bilbao,LIGA,2002,wikidata
Q8701,Club Atlético de Madrid,LIGA,2002,wikidata
Q8723,Betis Balompié,LIGA,2002,wikidata
Q8749,Celta de Vigo,LIGA,2002,wikidata
Q8760,Deportivo LC,LIGA,2002,wikidata
Q8780,RCD Espanyol,LIGA,2002,wikidata
Q8835,RCD Majorque,LIGA,2002,wikidata
Q8857,Málaga CF,LIGA,2002,wikidata
Q10286,Club Atlético Osasuna,LIGA,2003,wikidata
Q10308,Real Saragosse,LIGA,2003,wikidata
Q10315,Real Sociedad,LIGA,2003,wikidata
Q10319,Real Valladolid,LIGA,2003,wikidata
Q10329,Sevilla Fútbol Club,LIGA,2003,wikidata
Q10333,Valence CF,LIGA,2003,wikidata
Q12230,Real Murcie,LIGA,2003,wikidata
Q12236,Racing de Santander,LIGA,2003,wikidata
Q12297,Villarreal CF,LIGA,2003,wikidata
Q576285,Albacete Balompié,LIGA,2003,wikidata
Q7156,FC Barcelone,LIGA,2003,wikidata
Q8682,Real Madrid CF,LIGA,2003,wikidata
Q8687,Athletic Bilbao,LIGA,2003,wikidata
Q8701,Club Atlético de Madrid,LIGA,2003,wikidata
Q8723,Betis Balompié,LIGA,2003,wikidata
Q8749,Celta de Vigo,LIGA,2003,wikidata
Q8760,Deportivo LC,LIGA,2003,wikidata
Q8780,RCD Espanyol,LIGA,2003,wikidata
Q8835,RCD Majorque,LIGA,2003,wikidata
Q8857,Málaga CF,LIGA,2003,wikidata
Q10286,Club Atlético Osasuna,LIGA,2004,wikidata
Q10308,Real Saragosse,LIGA,2004,wikidata
Q10315,Real Sociedad,LIGA,2004,wikidata
Q10329,Sevilla Fútbol Club,LIGA,2004,wikidata
Q10333,Valence CF,LIGA,2004,wikidata
Q12158,Club Deportivo Numancia,LIGA,2004,wikidata
Q12236,Racing de Santander,LIGA,2004,wikidata
Q12297,Villarreal CF,LIGA,2004,wikidata
Q576285,Albacete Balompié,LIGA,2004,wikidata
Q7156,FC Barcelone,LIGA,2004,wikidata
Q8682,Real Madrid CF,LIGA,2004,wikidata
Q8687,Athletic Bilbao,LIGA,2004,wikidata
Q8701,Club Atlético de Madrid,LIGA,2004,wikidata
Q8723,Betis Balompié,LIGA,2004,wikidata
Q8760,Deportivo LC,LIGA,2004,wikidata
Q8780,RCD Espanyol,LIGA,2004,wikidata
Q8806,Getafe CF,LIGA,2004,wikidata
Q8823,Levante UD,LIGA,2004,wikidata
Q8835,RCD Majorque,LIGA,2004,wikidata
Q8857,Málaga CF,LIGA,2004,wikidata
Q10286,Club Atlético Osasuna,LIGA,2005,wikidata
Q10308,Real Saragosse,LIGA,2005,wikidata
Q10315,Real Sociedad,LIGA,2005,wikidata
Q10329,Sevilla Fútbol Club,LIGA,2005,wikidata
Q10333,Valence CF,LIGA,2005,wikidata
Q12236,Racing de Santander,LIGA,2005,wikidata
Q12297,Villarreal CF,LIGA,2005,wikidata
Q223620,Deportivo Alavés,LIGA,2005,wikidata
Q460448,Cádiz CF,LIGA,2005,wikidata
Q7156,FC Barcelone,LIGA,2005,wikidata
Q8682,Real Madrid CF,LIGA,2005,wikidata
Q8687,Athletic Bilbao,LIGA,2005,wikidata
Q8701,Club Atlético de Madrid,LIGA,2005,wikidata
Q8723,Betis Balompié,LIGA,2005,wikidata
Q8749,Celta de Vigo,LIGA,2005,wikidata
Q8760,Deportivo LC,LIGA,2005,wikidata
Q8780,RCD Espanyol,LIGA,2005,wikidata
Q8806,Getafe CF,LIGA,2005,wikidata
Q8835,RCD Majorque,LIGA,2005,wikidata
Q8857,Málaga CF,LIGA,2005,wikidata
Q10286,Club Atlético Osasuna,LIGA,2006,wikidata
Q10308,Real Saragosse,LIGA,2006,wikidata
Q10315,Real Sociedad,LIGA,2006,wikidata
Q10329,Sevilla Fútbol Club,LIGA,2006,wikidata
Q10333,Valence CF,LIGA,2006,wikidata
Q12236,Racing de Santander,LIGA,2006,wikidata
Q12249,Recreativo de Huelva,LIGA,2006,wikidata
Q12297,Villarreal CF,LIGA,2006,wikidata
Q257984,Gimnàstic,LIGA,2006,wikidata
Q7156,FC Barcelone,LIGA,2006,wikidata
Q8682,Real Madrid CF,LIGA,2006,wikidata
Q8687,Athletic Bilbao,LIGA,2006,wikidata
Q8701,Club Atlético de Madrid,LIGA,2006,wikidata
Q8723,Betis Balompié,LIGA,2006,wikidata
Q8749,Celta de Vigo,LIGA,2006,wikidata
Q8760,Deportivo LC,LIGA,2006,wikidata
Q8780,RCD Espanyol,LIGA,2006,wikidata
Q8806,Getafe CF,LIGA,2006,wikidata
Q8823,Levante UD,LIGA,2006,wikidata
Q8835,RCD Majorque,LIGA,2006,wikidata
Q10286,Club Atlético Osasuna,LIGA,2007,wikidata
Q10308,Real Saragosse,LIGA,2007,wikidata
Q10319,Real Valladolid,LIGA,2007,wikidata
Q10329,Sevilla Fútbol Club,LIGA,2007,wikidata
Q10333,Valence CF,LIGA,2007,wikidata
Q10407,UD Almería,LIGA,2007,wikidata
Q12230,Real Murcie,LIGA,2007,wikidata
Q12236,Racing de Santander,LIGA,2007,wikidata
Q12249,Recreativo de Huelva,LIGA,2007,wikidata
Q12297,Villarreal CF,LIGA,2007,wikidata
Q7156,FC Barcelone,LIGA,2007,wikidata
Q8682,Real Madrid CF,LIGA,2007,wikidata
Q8687,Athletic Bilbao,LIGA,2007,wikidata
Q8701,Club Atlético de Madrid,LIGA,2007,wikidata
Q8723,Betis Balompié,LIGA,2007,wikidata
Q8760,Deportivo LC,LIGA,2007,wikidata
Q8780,RCD Espanyol,LIGA,2007,wikidata
Q8806,Getafe CF,LIGA,2007,wikidata
Q8823,Levante UD,LIGA,2007,wikidata
Q8835,RCD Majorque,LIGA,2007,wikidata
Q10286,Club Atlético Osasuna,LIGA,2008,wikidata
Q10319,Real Valladolid,LIGA,2008,wikidata
Q10329,Sevilla Fútbol Club,LIGA,2008,wikidata
Q10333,Valence CF,LIGA,2008,wikidata
Q10407,UD Almería,LIGA,2008,wikidata
Q12158,Club Deportivo Numancia,LIGA,2008,wikidata
Q12236,Racing de Santander,LIGA,2008,wikidata
Q12249,Recreativo de Huelva,LIGA,2008,wikidata
Q12278,Sporting Gijón,LIGA,2008,wikidata
Q12297,Villarreal CF,LIGA,2008,wikidata
Q7156,FC Barcelone,LIGA,2008,wikidata
Q8682,Real Madrid CF,LIGA,2008,wikidata
Q8687,Athletic Bilbao,LIGA,2008,wikidata
Q8701,Club Atlético de Madrid,LIGA,2008,wikidata
Q8723,Betis Balompié,LIGA,2008,wikidata
Q8760,Deportivo LC,LIGA,2008,wikidata
Q8780,RCD Espanyol,LIGA,2008,wikidata
Q8806,Getafe CF,LIGA,2008,wikidata
Q8835,RCD Majorque,LIGA,2008,wikidata
Q8857,Málaga CF,LIGA,2008,wikidata
Q10286,Club Atlético Osasuna,LIGA,2009,manuel
Q10308,Real Saragosse,LIGA,2009,manuel
Q10319,Real Valladolid,LIGA,2009,manuel
Q10329,Sevilla Fútbol Club,LIGA,2009,manuel
Q10333,Valence CF,LIGA,2009,manuel
Q10407,UD Almería,LIGA,2009,manuel
Q12236,Racing de Santander,LIGA,2009,manuel
Q12278,Sporting Gijón,LIGA,2009,manuel
Q12297,Villarreal CF,LIGA,2009,manuel
Q12308,Xerez CD,LIGA,2009,manuel
Q216661,Club Deportivo Tenerife,LIGA,2009,manuel
Q7156,FC Barcelone,LIGA,2009,manuel
Q8682,Real Madrid CF,LIGA,2009,manuel
Q8687,Athletic Bilbao,LIGA,2009,manuel
Q8701,Club Atlético de Madrid,LIGA,2009,manuel
Q8760,Deportivo LC,LIGA,2009,manuel
Q8780,RCD Espanyol,LIGA,2009,manuel
Q8806,Getafe CF,LIGA,2009,manuel
Q8835,RCD Majorque,LIGA,2009,manuel
Q8857,Málaga CF,LIGA,2009,manuel
Q10286,Club Atlético Osasuna,LIGA,2010,wikidata
Q10308,Real Saragosse,LIGA,2010,wikidata
Q10315,Real Sociedad,LIGA,2010,wikidata
Q10329,Sevilla Fútbol Club,LIGA,2010,wikidata
Q10333,Valence CF,LIGA,2010,wikidata
Q10407,UD Almería,LIGA,2010,wikidata
Q11963,Hércules Alicante,LIGA,2010,wikidata
Q12236,Racing de Santander,LIGA,2010,wikidata
Q12278,Sporting Gijón,LIGA,2010,wikidata
Q12297,Villarreal CF,LIGA,2010,wikidata
Q7156,FC Barcelone,LIGA,2010,wikidata
Q8682,Real Madrid CF,LIGA,2010,wikidata
Q8687,Athletic Bilbao,LIGA,2010,wikidata
Q8701,Club Atlético de Madrid,LIGA,2010,wikidata
Q8760,Deportivo LC,LIGA,2010,wikidata
Q8780,RCD Espanyol,LIGA,2010,wikidata
Q8806,Getafe CF,LIGA,2010,wikidata
Q8823,Levante UD,LIGA,2010,wikidata
Q8835,RCD Majorque,LIGA,2010,wikidata
Q8857,Málaga CF,LIGA,2010,wikidata
Q10286,Club Atlético Osasuna,LIGA,2011,wikidata
Q10300,Rayo Vallecano,LIGA,2011,wikidata
Q10308,Real Saragosse,LIGA,2011,wikidata
Q10315,Real Sociedad,LIGA,2011,wikidata
Q10329,Sevilla Fútbol Club,LIGA,2011,wikidata
Q10333,Valence CF,LIGA,2011,wikidata
Q12236,Racing de Santander,LIGA,2011,wikidata
Q12278,Sporting Gijón,LIGA,2011,wikidata
Q12297,Villarreal CF,LIGA,2011,wikidata
Q7156,FC Barcelone,LIGA,2011,wikidata
Q8682,Real Madrid CF,LIGA,2011,wikidata
Q8687,Athletic Bilbao,LIGA,2011,wikidata
Q8701,Club Atlético de Madrid,LIGA,2011,wikidata
Q8723,Betis Balompié,LIGA,2011,wikidata
Q8780,RCD Espanyol,LIGA,2011,wikidata
Q8806,Getafe CF,LIGA,2011,wikidata
Q8812,Grenade CF,LIGA,2011,wikidata
Q8823,Levante UD,LIGA,2011,wikidata
Q8835,RCD Majorque,LIGA,2011,wikidata
Q8857,Málaga CF,LIGA,2011,wikidata
Q10286,Club Atlético Osasuna,LIGA,2012,wikidata
Q10300,Rayo Vallecano,LIGA,2012,wikidata
Q10308,Real Saragosse,LIGA,2012,wikidata
Q10315,Real Sociedad,LIGA,2012,wikidata
Q10319,Real Valladolid,LIGA,2012,wikidata
Q10329,Sevilla Fútbol Club,LIGA,2012,wikidata
Q10333,Valence CF,LIGA,2012,wikidata
Q7156,FC Barcelone,LIGA,2012,wikidata
Q8682,Real Madrid CF,LIGA,2012,wikidata
Q8687,Athletic Bilbao,LIGA,2012,wikidata
Q8701,Club Atlético de Madrid,LIGA,2012,wikidata
Q8723,Betis Balompié,LIGA,2012,wikidata
Q8749,Celta de Vigo,LIGA,2012,wikidata
Q8760,Deportivo LC,LIGA,2012,wikidata
Q8780,RCD Espanyol,LIGA,2012,wikidata
Q8806,Getafe CF,LIGA,2012,wikidata
Q8812,Grenade CF,LIGA,2012,wikidata
Q8823,Levante UD,LIGA,2012,wikidata
Q8835,RCD Majorque,LIGA,2012,wikidata
Q8857,Málaga CF,LIGA,2012,wikidata
Q10286,Club Atlético Osasuna,LIGA,2013,wikidata
Q10300,Rayo Vallecano,LIGA,2013,wikidata
Q10315,Real Sociedad,LIGA,2013,wikidata
Q10319,Real Valladolid,LIGA,2013,wikidata
Q10329,Sevilla Fútbol Club,LIGA,2013,wikidata
Q10333,Valence CF,LIGA,2013,wikidata
Q10407,UD Almería,LIGA,2013,wikidata
Q10512,Elche CF,LIGA,2013,wikidata
Q12297,Villarreal CF,LIGA,2013,wikidata
Q7156,FC Barcelone,LIGA,2013,wikidata
Q8682,Real Madrid CF,LIGA,2013,wikidata
Q8687,Athletic Bilbao,LIGA,2013,wikidata
Q8701,Club Atlético de Madrid,LIGA,2013,wikidata
Q8723,Betis Balompié,LIGA,2013,wikidata
Q8749,Celta de Vigo,LIGA,2013,wikidata
Q8780,RCD Espanyol,LIGA,2013,wikidata
Q8806,Getafe CF,LIGA,2013,wikidata
Q8812,Grenade CF,LIGA,2013,wikidata
Q8823,Levante UD,LIGA,2013,wikidata
Q8857,Málaga CF,LIGA,2013,wikidata
Q10300,Rayo Vallecano,LIGA,2014,wikidata
Q10315,Real Sociedad,LIGA,2014,wikidata
Q10329,Sevilla Fútbol Club,LIGA,2014,wikidata
Q10333,Valence CF,LIGA,2014,wikidata
Q10407,UD Almería,LIGA,2014,wikidata
Q10499,Córdoba CF,LIGA,2014,wikidata
Q10512,Elche CF,LIGA,2014,wikidata
Q12297,Villarreal CF,LIGA,2014,wikidata
Q7156,FC Barcelone,LIGA,2014,wikidata
Q770740,SD Eibar,LIGA,2014,wikidata
Q8682,Real Madrid CF,LIGA,2014,wikidata
Q8687,Athletic Bilbao,LIGA,2014,wikidata
Q8701,Club Atlético de Madrid,LIGA,2014,wikidata
Q8749,Celta de Vigo,LIGA,2014,wikidata
Q8760,Deportivo LC,LIGA,2014,wikidata
Q8780,RCD Espanyol,LIGA,2014,wikidata
Q8806,Getafe CF,LIGA,2014,wikidata
Q8812,Grenade CF,LIGA,2014,wikidata
Q8823,Levante UD,LIGA,2014,wikidata
Q8857,Málaga CF,LIGA,2014,wikidata
Q10300,Rayo Vallecano,LIGA,2015,wikidata
Q10315,Real Sociedad,LIGA,2015,wikidata
Q10329,Sevilla Fútbol Club,LIGA,2015,wikidata
Q10333,Valence CF,LIGA,2015,wikidata
Q11979,Unión Deportiva Las Palmas,LIGA,2015,wikidata
Q12278,Sporting Gijón,LIGA,2015,wikidata
Q12297,Villarreal CF,LIGA,2015,wikidata
Q7156,FC Barcelone,LIGA,2015,wikidata
Q770740,SD Eibar,LIGA,2015,wikidata
Q8682,Real Madrid CF,LIGA,2015,wikidata
Q8687,Athletic Bilbao,LIGA,2015,wikidata
Q8701,Club Atlético de Madrid,LIGA,2015,wikidata
Q8723,Betis Balompié,LIGA,2015,wikidata
Q8749,Celta de Vigo,LIGA,2015,wikidata
Q8760,Deportivo LC,LIGA,2015,wikidata
Q8780,RCD Espanyol,LIGA,2015,wikidata
Q8806,Getafe CF,LIGA,2015,wikidata
Q8812,Grenade CF,LIGA,2015,wikidata
Q8823,Levante UD,LIGA,2015,wikidata
Q8857,Málaga CF,LIGA,2015,wikidata
Q10286,Club Atlético Osasuna,LIGA,2016,wikidata
Q10315,Real Sociedad,LIGA,2016,wikidata
Q10329,Sevilla Fútbol Club,LIGA,2016,wikidata
Q10333,Valence CF,LIGA,2016,wikidata
Q11979,Unión Deportiva Las Palmas,LIGA,2016,wikidata
Q12278,Sporting Gijón,LIGA,2016,wikidata
Q12297,Villarreal CF,LIGA,2016,wikidata
Q223620,Deportivo Alavés,LIGA,2016,wikidata
Q7156,FC Barcelone,LIGA,2016,wikidata
Q770740,SD Eibar,LIGA,2016,wikidata
Q856119,Club Deportivo Leganés,LIGA,2016,wikidata
Q8682,Real Madrid CF,LIGA,2016,wikidata
Q8687,Athletic Bilbao,LIGA,2016,wikidata
Q8701,Club Atlético de Madrid,LIGA,2016,wikidata
Q8723,Betis Balompié,LIGA,2016,wikidata
Q8749,Celta de Vigo,LIGA,2016,wikidata
Q8760,Deportivo LC,LIGA,2016,wikidata
Q8780,RCD Espanyol,LIGA,2016,wikidata
Q8812,Grenade CF,LIGA,2016,wikidata
Q8857,Málaga CF,LIGA,2016,wikidata
Q10315,Real Sociedad,LIGA,2017,wikidata
Q10329,Sevilla Fútbol Club,LIGA,2017,wikidata
Q10333,Valence CF,LIGA,2017,wikidata
Q11945,Girona FC,LIGA,2017,wikidata
Q11979,Unión Deportiva Las Palmas,LIGA,2017,wikidata
Q12297,Villarreal CF,LIGA,2017,wikidata
Q223620,Deportivo Alavés,LIGA,2017,wikidata
Q7156,FC Barcelone,LIGA,2017,wikidata
Q770740,SD Eibar,LIGA,2017,wikidata
Q856119,Club Deportivo Leganés,LIGA,2017,wikidata
Q8682,Real Madrid CF,LIGA,2017,wikidata
Q8687,Athletic Bilbao,LIGA,2017,wikidata
Q8701,Club Atlético de Madrid,LIGA,2017,wikidata
Q8723,Betis Balompié,LIGA,2017,wikidata
Q8749,Celta de Vigo,LIGA,2017,wikidata
Q8760,Deportivo LC,LIGA,2017,wikidata
Q8780,RCD Espanyol,LIGA,2017,wikidata
Q8806,Getafe CF,LIGA,2017,wikidata
Q8823,Levante UD,LIGA,2017,wikidata
Q8857,Málaga CF,LIGA,2017,wikidata
Q10300,Rayo Vallecano,LIGA,2018,wikidata
Q10315,Real Sociedad,LIGA,2018,wikidata
Q10319,Real Valladolid,LIGA,2018,wikidata
Q10329,Sevilla Fútbol Club,LIGA,2018,wikidata
Q10333,Valence CF,LIGA,2018,wikidata
Q11945,Girona FC,LIGA,2018,wikidata
Q11971,SD Huesca,LIGA,2018,wikidata
Q12297,Villarreal CF,LIGA,2018,wikidata
Q223620,Deportivo Alavés,LIGA,2018,wikidata
Q7156,FC Barcelone,LIGA,2018,wikidata
Q770740,SD Eibar,LIGA,2018,wikidata
Q856119,Club Deportivo Leganés,LIGA,2018,wikidata
Q8682,Real Madrid CF,LIGA,2018,wikidata
Q8687,Athletic Bilbao,LIGA,2018,wikidata
Q8701,Club Atlético de Madrid,LIGA,2018,wikidata
Q8723,Betis Balompié,LIGA,2018,wikidata
Q8749,Celta de Vigo,LIGA,2018,wikidata
Q8780,RCD Espanyol,LIGA,2018,wikidata
Q8806,Getafe CF,LIGA,2018,wikidata
Q8823,Levante UD,LIGA,2018,wikidata
Q10286,Club Atlético Osasuna,LIGA,2019,wikidata
Q10315,Real Sociedad,LIGA,2019,wikidata
Q10319,Real Valladolid,LIGA,2019,wikidata
Q10329,Sevilla Fútbol Club,LIGA,2019,wikidata
Q10333,Valence CF,LIGA,2019,wikidata
Q12297,Villarreal CF,LIGA,2019,wikidata
Q223620,Deportivo Alavés,LIGA,2019,wikidata
Q7156,FC Barcelone,LIGA,2019,wikidata
Q770740,SD Eibar,LIGA,2019,wikidata
Q856119,Club Deportivo Leganés,LIGA,2019,wikidata
Q8682,Real Madrid CF,LIGA,2019,wikidata
Q8687,Athletic Bilbao,LIGA,2019,wikidata
Q8701,Club Atlético de Madrid,LIGA,2019,wikidata
Q8723,Betis Balompié,LIGA,2019,wikidata
Q8749,Celta de Vigo,LIGA,2019,wikidata
Q8780,RCD Espanyol,LIGA,2019,wikidata
Q8806,Getafe CF,LIGA,2019,wikidata
Q8812,Grenade CF,LIGA,2019,wikidata
Q8823,Levante UD,LIGA,2019,wikidata
Q8835,RCD Majorque,LIGA,2019,wikidata
Q10286,Club Atlético Osasuna,LIGA,2020,wikidata
Q10315,Real Sociedad,LIGA,2020,wikidata
Q10319,Real Valladolid,LIGA,2020,wikidata
Q10329,Sevilla Fútbol Club,LIGA,2020,wikidata
Q10333,Valence CF,LIGA,2020,wikidata
Q10512,Elche CF,LIGA,2020,wikidata
Q11971,SD Huesca,LIGA,2020,wikidata
Q12297,Villarreal CF,LIGA,2020,wikidata
Q223620,Deportivo Alavés,LIGA,2020,wikidata
Q460448,Cádiz CF,LIGA,2020,wikidata
Q7156,FC Barcelone,LIGA,2020,wikidata
Q770740,SD Eibar,LIGA,2020,wikidata
Q8682,Real Madrid CF,LIGA,2020,wikidata
Q8687,Athletic Bilbao,LIGA,2020,wikidata
Q8701,Club Atlético de Madrid,LIGA,2020,wikidata
Q8723,Betis Balompié,LIGA,2020,wikidata
Q8749,Celta de Vigo,LIGA,2020,wikidata
Q8806,Getafe CF,LIGA,2020,wikidata
Q8812,Grenade CF,LIGA,2020,wikidata
Q8823,Levante UD,LIGA,2020,wikidata
Q10286,Club Atlético Osasuna,LIGA,2021,wikidata
Q10300,Rayo Vallecano,LIGA,2021,wikidata
Q10315,Real Sociedad,LIGA,2021,wikidata
Q10329,Sevilla Fútbol Club,LIGA,2021,wikidata
Q10333,Valence CF,LIGA,2021,wikidata
Q10512,Elche CF,LIGA,2021,wikidata
Q12297,Villarreal CF,LIGA,2021,wikidata
Q223620,Deportivo Alavés,LIGA,2021,wikidata
Q460448,Cádiz CF,LIGA,2021,wikidata
Q7156,FC Barcelone,LIGA,2021,wikidata
Q8682,Real Madrid CF,LIGA,2021,wikidata
Q8687,Athletic Bilbao,LIGA,2021,wikidata
Q8701,Club Atlético de Madrid,LIGA,2021,wikidata
Q8723,Betis Balompié,LIGA,2021,wikidata
Q8749,Celta de Vigo,LIGA,2021,wikidata
Q8780,RCD Espanyol,LIGA,2021,wikidata
Q8806,Getafe CF,LIGA,2021,wikidata
Q8812,Grenade CF,LIGA,2021,wikidata
Q8823,Levante UD,LIGA,2021,wikidata
Q8835,RCD Majorque,LIGA,2021,wikidata
Q10286,Club Atlético Osasuna,LIGA,2022,wikidata
Q10300,Rayo Vallecano,LIGA,2022,wikidata
Q10315,Real Sociedad,LIGA,2022,wikidata
Q10319,Real Valladolid,LIGA,2022,wikidata
Q10329,Sevilla Fútbol Club,LIGA,2022,wikidata
Q10333,Valence CF,LIGA,2022,wikidata
Q10407,UD Almería,LIGA,2022,wikidata
Q10512,Elche CF,LIGA,2022,wikidata
Q11945,Girona FC,LIGA,2022,wikidata
Q12297,Villarreal CF,LIGA,2022,wikidata
Q460448,Cádiz CF,LIGA,2022,wikidata
Q7156,FC Barcelone,LIGA,2022,wikidata
Q8682,Real Madrid CF,LIGA,2022,wikidata
Q8687,Athletic Bilbao,LIGA,2022,wikidata
Q8701,Club Atlético de Madrid,LIGA,2022,wikidata
Q8723,Betis Balompié,LIGA,2022,wikidata
Q8749,Celta de Vigo,LIGA,2022,wikidata
Q8780,RCD Espanyol,LIGA,2022,wikidata
Q8806,Getafe CF,LIGA,2022,wikidata
Q8835,RCD Majorque,LIGA,2022,wikidata
Q10286,Club Atlético Osasuna,LIGA,2023,wikidata
Q10300,Rayo Vallecano,LIGA,2023,wikidata
Q10315,Real Sociedad,LIGA,2023,wikidata
Q10329,Sevilla Fútbol Club,LIGA,2023,wikidata
Q10333,Valence CF,LIGA,2023,wikidata
Q10407,UD Almería,LIGA,2023,wikidata
Q11945,Girona FC,LIGA,2023,wikidata
Q11979,Unión Deportiva Las Palmas,LIGA,2023,wikidata
Q12297,Villarreal CF,LIGA,2023,wikidata
Q223620,Deportivo Alavés,LIGA,2023,wikidata
Q460448,Cádiz CF,LIGA,2023,wikidata
Q7156,FC Barcelone,LIGA,2023,wikidata
Q8682,Real Madrid CF,LIGA,2023,wikidata
Q8687,Athletic Bilbao,LIGA,2023,wikidata
Q8701,Club Atlético de Madrid,LIGA,2023,wikidata
Q8723,Betis Balompié,LIGA,2023,wikidata
Q8749,Celta de Vigo,LIGA,2023,wikidata
Q8806,Getafe CF,LIGA,2023,wikidata
Q8812,Grenade CF,LIGA,2023,wikidata
Q8835,RCD Majorque,LIGA,2023,wikidata
Q10286,Club Atlético Osasuna,LIGA,2024,wikidata
Q10300,Rayo Vallecano,LIGA,2024,wikidata
Q10315,Real Sociedad,LIGA,2024,wikidata
Q10319,Real Valladolid,LIGA,2024,wikidata
Q10329,Sevilla Fútbol Club,LIGA,2024,wikidata
Q10333,Valence CF,LIGA,2024,wikidata
Q11945,Girona FC,LIGA,2024,wikidata
Q11979,Unión Deportiva Las Palmas,LIGA,2024,wikidata
Q12297,Villarreal CF,LIGA,2024,wikidata
Q223620,Deportivo Alavés,LIGA,2024,wikidata
Q7156,FC Barcelone,LIGA,2024,wikidata
Q856119,Club Deportivo Leganés,LIGA,2024,wikidata
Q8682,Real Madrid CF,LIGA,2024,wikidata
Q8687,Athletic Bilbao,LIGA,2024,wikidata
Q8701,Club Atlético de Madrid,LIGA,2024,wikidata
Q8723,Betis Balompié,LIGA,2024,wikidata
Q8749,Celta de Vigo,LIGA,2024,wikidata
Q8780,RCD Espanyol,LIGA,2024,wikidata
Q8806,Getafe CF,LIGA,2024,wikidata
Q8835,RCD Majorque,LIGA,2024,wikidata
Q10286,Club Atlético Osasuna,LIGA,2025,wikidata
Q10300,Rayo Vallecano,LIGA,2025,wikidata
Q10315,Real Sociedad,LIGA,2025,wikidata
Q10329,Sevilla Fútbol Club,LIGA,2025,wikidata
Q10333,Valence CF,LIGA,2025,wikidata
Q10512,Elche CF,LIGA,2025,wikidata
Q11945,Girona FC,LIGA,2025,wikidata
Q12297,Villarreal CF,LIGA,2025,wikidata
Q223620,Deportivo Alavés,LIGA,2025,wikidata
Q271574,Real Oviedo,LIGA,2025,wikidata
Q7156,FC Barcelone,LIGA,2025,wikidata
Q8682,Real Madrid CF,LIGA,2025,wikidata
Q8687,Athletic Bilbao,LIGA,2025,wikidata
Q8701,Club Atlético de Madrid,LIGA,2025,wikidata
Q8723,Betis Balompié,LIGA,2025,wikidata
Q8749,Celta de Vigo,LIGA,2025,wikidata
Q8780,RCD Espanyol,LIGA,2025,wikidata
Q8806,Getafe CF,LIGA,2025,wikidata
Q8823,Levante UD,LIGA,2025,wikidata
Q8835,RCD Majorque,LIGA,2025,wikidata
Q10286,Club Atlético Osasuna,LIGA,2026,wikidata
Q10300,Rayo Vallecano,LIGA,2026,wikidata
Q10315,Real Sociedad,LIGA,2026,wikidata
Q10329,Sevilla Fútbol Club,LIGA,2026,wikidata
Q10333,Valence CF,LIGA,2026,wikidata
Q10512,Elche CF,LIGA,2026,wikidata
Q1094113,Villarreal Club de Fútbol B,LIGA,2026,wikidata
Q12236,Racing de Santander,LIGA,2026,wikidata
Q223620,Deportivo Alavés,LIGA,2026,wikidata
Q7156,FC Barcelone,LIGA,2026,wikidata
Q8682,Real Madrid CF,LIGA,2026,wikidata
Q8687,Athletic Bilbao,LIGA,2026,wikidata
Q8701,Club Atlético de Madrid,LIGA,2026,wikidata
Q8723,Betis Balompié,LIGA,2026,wikidata
Q8749,Celta de Vigo,LIGA,2026,wikidata
Q8760,Deportivo LC,LIGA,2026,wikidata
Q8780,RCD Espanyol,LIGA,2026,wikidata
Q8806,Getafe CF,LIGA,2026,wikidata
Q8823,Levante UD,LIGA,2026,wikidata
Q8857,Málaga CF,LIGA,2026,wikidata
Q1128631,Leeds United,PL,1999,wikidata
Q1130849,Liverpool FC,PL,1999,wikidata
Q18656,Manchester United FC,PL,1999,wikidata
Q18661,Middlesbrough FC,PL,1999,wikidata
Q18711,Aston Villa FC,PL,1999,wikidata
Q18716,Newcastle United FC,PL,1999,wikidata
Q18732,Southampton FC,PL,1999,wikidata
Q18739,Sunderland AFC,PL,1999,wikidata
Q18741,Tottenham Hotspur,PL,1999,wikidata
Q18747,West Ham United FC,PL,1999,wikidata
Q19470,Derby County FC,PL,1999,wikidata
Q19481,Leicester City FC,PL,1999,wikidata
Q19482,Wimbledon Football Club,PL,1999,wikidata
Q19498,Sheffield Wednesday FC,PL,1999,wikidata
Q19580,Coventry City FC,PL,1999,wikidata
Q2714,Watford Football Club,PL,1999,wikidata
Q48879,Bradford City Association Football Club,PL,1999,wikidata
Q5794,Everton FC,PL,1999,wikidata
Q9616,Chelsea FC,PL,1999,wikidata
Q9617,Arsenal FC,PL,1999,wikidata
Q1128631,Leeds United,PL,2000,wikidata
Q1130849,Liverpool FC,PL,2000,wikidata
Q18656,Manchester United FC,PL,2000,wikidata
Q18661,Middlesbrough FC,PL,2000,wikidata
Q18711,Aston Villa FC,PL,2000,wikidata
Q18716,Newcastle United FC,PL,2000,wikidata
Q18732,Southampton FC,PL,2000,wikidata
Q18739,Sunderland AFC,PL,2000,wikidata
Q18741,Tottenham Hotspur,PL,2000,wikidata
Q18747,West Ham United FC,PL,2000,wikidata
Q19462,Charlton Athletic FC,PL,2000,wikidata
Q19470,Derby County FC,PL,2000,wikidata
Q19481,Leicester City FC,PL,2000,wikidata
Q19580,Coventry City FC,PL,2000,wikidata
Q48879,Bradford City Association Football Club,PL,2000,wikidata
Q50602,Manchester City FC,PL,2000,wikidata
Q5794,Everton FC,PL,2000,wikidata
Q9616,Chelsea FC,PL,2000,wikidata
Q9617,Arsenal FC,PL,2000,wikidata
Q9653,Ipswich Town FC,PL,2000,wikidata
Q1128631,Leeds United,PL,2001,wikidata
Q1130849,Liverpool FC,PL,2001,wikidata
Q18656,Manchester United FC,PL,2001,wikidata
Q18661,Middlesbrough FC,PL,2001,wikidata
Q18708,Fulham FC,PL,2001,wikidata
Q18711,Aston Villa FC,PL,2001,wikidata
Q18716,Newcastle United FC,PL,2001,wikidata
Q18732,Southampton FC,PL,2001,wikidata
Q18739,Sunderland AFC,PL,2001,wikidata
Q18741,Tottenham Hotspur,PL,2001,wikidata
Q18747,West Ham United FC,PL,2001,wikidata
Q19446,Blackburn Rovers FC,PL,2001,wikidata
Q19451,Bolton Wanderers FC,PL,2001,wikidata
Q19462,Charlton Athletic FC,PL,2001,wikidata
Q19470,Derby County FC,PL,2001,wikidata
Q19481,Leicester City FC,PL,2001,wikidata
Q5794,Everton FC,PL,2001,wikidata
Q9616,Chelsea FC,PL,2001,wikidata
Q9617,Arsenal FC,PL,2001,wikidata
Q9653,Ipswich Town FC,PL,2001,wikidata
Q1128631,Leeds United,PL,2002,wikidata
Q1130849,Liverpool FC,PL,2002,wikidata
Q18656,Manchester United FC,PL,2002,wikidata
Q18661,Middlesbrough FC,PL,2002,wikidata
Q18708,Fulham FC,PL,2002,wikidata
Q18711,Aston Villa FC,PL,2002,wikidata
Q18716,Newcastle United FC,PL,2002,wikidata
Q18732,Southampton FC,PL,2002,wikidata
Q18739,Sunderland AFC,PL,2002,wikidata
Q18741,Tottenham Hotspur,PL,2002,wikidata
Q18744,West Bromwich Albion,PL,2002,wikidata
Q18747,West Ham United FC,PL,2002,wikidata
Q19444,Birmingham City FC,PL,2002,wikidata
Q19446,Blackburn Rovers FC,PL,2002,wikidata
Q19451,Bolton Wanderers FC,PL,2002,wikidata
Q19462,Charlton Athletic FC,PL,2002,wikidata
Q50602,Manchester City FC,PL,2002,wikidata
Q5794,Everton FC,PL,2002,wikidata
Q9616,Chelsea FC,PL,2002,wikidata
Q9617,Arsenal FC,PL,2002,wikidata
Q1128631,Leeds United,PL,2003,wikidata
Q1130849,Liverpool FC,PL,2003,wikidata
Q18656,Manchester United FC,PL,2003,wikidata
Q18661,Middlesbrough FC,PL,2003,wikidata
Q18708,Fulham FC,PL,2003,wikidata
Q18711,Aston Villa FC,PL,2003,wikidata
Q18716,Newcastle United FC,PL,2003,wikidata
Q18732,Southampton FC,PL,2003,wikidata
Q18741,Tottenham Hotspur,PL,2003,wikidata
Q19444,Birmingham City FC,PL,2003,wikidata
Q19446,Blackburn Rovers FC,PL,2003,wikidata
Q19451,Bolton Wanderers FC,PL,2003,wikidata
Q19462,Charlton Athletic FC,PL,2003,wikidata
Q19481,Leicester City FC,PL,2003,wikidata
Q19500,Wolverhampton Wanderers F.C.,PL,2003,wikidata
Q19604,Portsmouth FC,PL,2003,wikidata
Q50602,Manchester City FC,PL,2003,wikidata
Q5794,Everton FC,PL,2003,wikidata
Q9616,Chelsea FC,PL,2003,wikidata
Q9617,Arsenal FC,PL,2003,wikidata
Q1130849,Liverpool FC,PL,2004,wikidata
Q18656,Manchester United FC,PL,2004,wikidata
Q18661,Middlesbrough FC,PL,2004,wikidata
Q18708,Fulham FC,PL,2004,wikidata
Q18711,Aston Villa FC,PL,2004,wikidata
Q18716,Newcastle United FC,PL,2004,wikidata
Q18721,Norwich City FC,PL,2004,wikidata
Q18732,Southampton FC,PL,2004,wikidata
Q18741,Tottenham Hotspur,PL,2004,wikidata
Q18744,West Bromwich Albion,PL,2004,wikidata
Q19444,Birmingham City FC,PL,2004,wikidata
Q19446,Blackburn Rovers FC,PL,2004,wikidata
Q19451,Bolton Wanderers FC,PL,2004,wikidata
Q19462,Charlton Athletic FC,PL,2004,wikidata
Q19467,Crystal Palace FC,PL,2004,wikidata
Q19604,Portsmouth FC,PL,2004,wikidata
Q50602,Manchester City FC,PL,2004,wikidata
Q5794,Everton FC,PL,2004,wikidata
Q9616,Chelsea FC,PL,2004,wikidata
Q9617,Arsenal FC,PL,2004,wikidata
Q1130849,Liverpool FC,PL,2005,wikidata
Q18656,Manchester United FC,PL,2005,wikidata
Q18661,Middlesbrough FC,PL,2005,wikidata
Q18708,Fulham FC,PL,2005,wikidata
Q18711,Aston Villa FC,PL,2005,wikidata
Q18716,Newcastle United FC,PL,2005,wikidata
Q18739,Sunderland AFC,PL,2005,wikidata
Q18741,Tottenham Hotspur,PL,2005,wikidata
Q18744,West Bromwich Albion,PL,2005,wikidata
Q18747,West Ham United FC,PL,2005,wikidata
Q18750,Wigan Athletic FC,PL,2005,wikidata
Q19444,Birmingham City FC,PL,2005,wikidata
Q19446,Blackburn Rovers FC,PL,2005,wikidata
Q19451,Bolton Wanderers FC,PL,2005,wikidata
Q19462,Charlton Athletic FC,PL,2005,wikidata
Q19604,Portsmouth FC,PL,2005,wikidata
Q50602,Manchester City FC,PL,2005,wikidata
Q5794,Everton FC,PL,2005,wikidata
Q9616,Chelsea FC,PL,2005,wikidata
Q9617,Arsenal FC,PL,2005,wikidata
Q1130849,Liverpool FC,PL,2006,wikidata
Q18656,Manchester United FC,PL,2006,wikidata
Q18661,Middlesbrough FC,PL,2006,wikidata
Q18708,Fulham FC,PL,2006,wikidata
Q18711,Aston Villa FC,PL,2006,wikidata
Q18716,Newcastle United FC,PL,2006,wikidata
Q18729,Reading FC,PL,2006,wikidata
Q18741,Tottenham Hotspur,PL,2006,wikidata
Q18747,West Ham United FC,PL,2006,wikidata
Q18750,Wigan Athletic FC,PL,2006,wikidata
Q19446,Blackburn Rovers FC,PL,2006,wikidata
Q19451,Bolton Wanderers FC,PL,2006,wikidata
Q19462,Charlton Athletic FC,PL,2006,wikidata
Q19604,Portsmouth FC,PL,2006,wikidata
Q19607,Sheffield United FC,PL,2006,wikidata
Q2714,Watford Football Club,PL,2006,wikidata
Q50602,Manchester City FC,PL,2006,wikidata
Q5794,Everton FC,PL,2006,wikidata
Q9616,Chelsea FC,PL,2006,wikidata
Q9617,Arsenal FC,PL,2006,wikidata
Q1130849,Liverpool FC,PL,2007,wikidata
Q18656,Manchester United FC,PL,2007,wikidata
Q18661,Middlesbrough FC,PL,2007,wikidata
Q18708,Fulham FC,PL,2007,wikidata
Q18711,Aston Villa FC,PL,2007,wikidata
Q18716,Newcastle United FC,PL,2007,wikidata
Q18729,Reading FC,PL,2007,wikidata
Q18739,Sunderland AFC,PL,2007,wikidata
Q18741,Tottenham Hotspur,PL,2007,wikidata
Q18747,West Ham United FC,PL,2007,wikidata
Q18750,Wigan Athletic FC,PL,2007,wikidata
Q19444,Birmingham City FC,PL,2007,wikidata
Q19446,Blackburn Rovers FC,PL,2007,wikidata
Q19451,Bolton Wanderers FC,PL,2007,wikidata
Q19470,Derby County FC,PL,2007,wikidata
Q19604,Portsmouth FC,PL,2007,wikidata
Q50602,Manchester City FC,PL,2007,wikidata
Q5794,Everton FC,PL,2007,wikidata
Q9616,Chelsea FC,PL,2007,wikidata
Q9617,Arsenal FC,PL,2007,wikidata
Q1130849,Liverpool FC,PL,2008,wikidata
Q18656,Manchester United FC,PL,2008,wikidata
Q18661,Middlesbrough FC,PL,2008,wikidata
Q18708,Fulham FC,PL,2008,wikidata
Q18711,Aston Villa FC,PL,2008,wikidata
Q18716,Newcastle United FC,PL,2008,wikidata
Q18736,Stoke City FC,PL,2008,wikidata
Q18739,Sunderland AFC,PL,2008,wikidata
Q18741,Tottenham Hotspur,PL,2008,wikidata
Q18744,West Bromwich Albion,PL,2008,wikidata
Q18747,West Ham United FC,PL,2008,wikidata
Q18750,Wigan Athletic FC,PL,2008,wikidata
Q19446,Blackburn Rovers FC,PL,2008,wikidata
Q19451,Bolton Wanderers FC,PL,2008,wikidata
Q19477,Hull City AFC,PL,2008,wikidata
Q19604,Portsmouth FC,PL,2008,wikidata
Q50602,Manchester City FC,PL,2008,wikidata
Q5794,Everton FC,PL,2008,wikidata
Q9616,Chelsea FC,PL,2008,wikidata
Q9617,Arsenal FC,PL,2008,wikidata
Q1130849,Liverpool FC,PL,2009,wikidata
Q18656,Manchester United FC,PL,2009,wikidata
Q18708,Fulham FC,PL,2009,wikidata
Q18711,Aston Villa FC,PL,2009,wikidata
Q18736,Stoke City FC,PL,2009,wikidata
Q18739,Sunderland AFC,PL,2009,wikidata
Q18741,Tottenham Hotspur,PL,2009,wikidata
Q18747,West Ham United FC,PL,2009,wikidata
Q18750,Wigan Athletic FC,PL,2009,wikidata
Q19444,Birmingham City FC,PL,2009,wikidata
Q19446,Blackburn Rovers FC,PL,2009,wikidata
Q19451,Bolton Wanderers FC,PL,2009,wikidata
Q19458,Burnley FC,PL,2009,wikidata
Q19477,Hull City AFC,PL,2009,wikidata
Q19500,Wolverhampton Wanderers F.C.,PL,2009,wikidata
Q19604,Portsmouth FC,PL,2009,wikidata
Q50602,Manchester City FC,PL,2009,wikidata
Q5794,Everton FC,PL,2009,wikidata
Q9616,Chelsea FC,PL,2009,wikidata
Q9617,Arsenal FC,PL,2009,wikidata
Q1130849,Liverpool FC,PL,2010,wikidata
Q18656,Manchester United FC,PL,2010,wikidata
Q18708,Fulham FC,PL,2010,wikidata
Q18711,Aston Villa FC,PL,2010,wikidata
Q18716,Newcastle United FC,PL,2010,wikidata
Q18736,Stoke City FC,PL,2010,wikidata
Q18739,Sunderland AFC,PL,2010,wikidata
Q18741,Tottenham Hotspur,PL,2010,wikidata
Q18744,West Bromwich Albion,PL,2010,wikidata
Q18747,West Ham United FC,PL,2010,wikidata
Q18750,Wigan Athletic FC,PL,2010,wikidata
Q19444,Birmingham City FC,PL,2010,wikidata
Q19446,Blackburn Rovers FC,PL,2010,wikidata
Q19449,Blackpool FC,PL,2010,wikidata
Q19451,Bolton Wanderers FC,PL,2010,wikidata
Q19500,Wolverhampton Wanderers F.C.,PL,2010,wikidata
Q50602,Manchester City FC,PL,2010,wikidata
Q5794,Everton FC,PL,2010,wikidata
Q9616,Chelsea FC,PL,2010,wikidata
Q9617,Arsenal FC,PL,2010,wikidata
Q1130849,Liverpool FC,PL,2011,wikidata
Q18656,Manchester United FC,PL,2011,wikidata
Q18659,Swansea City AFC,PL,2011,wikidata
Q18708,Fulham FC,PL,2011,wikidata
Q18711,Aston Villa FC,PL,2011,wikidata
Q18716,Newcastle United FC,PL,2011,wikidata
Q18721,Norwich City FC,PL,2011,wikidata
Q18723,QP Rangers,PL,2011,wikidata
Q18736,Stoke City FC,PL,2011,wikidata
Q18739,Sunderland AFC,PL,2011,wikidata
Q18741,Tottenham Hotspur,PL,2011,wikidata
Q18744,West Bromwich Albion,PL,2011,wikidata
Q18750,Wigan Athletic FC,PL,2011,wikidata
Q19446,Blackburn Rovers FC,PL,2011,wikidata
Q19451,Bolton Wanderers FC,PL,2011,wikidata
Q19500,Wolverhampton Wanderers F.C.,PL,2011,wikidata
Q50602,Manchester City FC,PL,2011,wikidata
Q5794,Everton FC,PL,2011,wikidata
Q9616,Chelsea FC,PL,2011,wikidata
Q9617,Arsenal FC,PL,2011,wikidata
Q1130849,Liverpool FC,PL,2012,wikidata
Q18656,Manchester United FC,PL,2012,wikidata
Q18659,Swansea City AFC,PL,2012,wikidata
Q18708,Fulham FC,PL,2012,wikidata
Q18711,Aston Villa FC,PL,2012,wikidata
Q18716,Newcastle United FC,PL,2012,wikidata
Q18721,Norwich City FC,PL,2012,wikidata
Q18723,QP Rangers,PL,2012,wikidata
Q18729,Reading FC,PL,2012,wikidata
Q18732,Southampton FC,PL,2012,wikidata
Q18736,Stoke City FC,PL,2012,wikidata
Q18739,Sunderland AFC,PL,2012,wikidata
Q18741,Tottenham Hotspur,PL,2012,wikidata
Q18744,West Bromwich Albion,PL,2012,wikidata
Q18747,West Ham United FC,PL,2012,wikidata
Q18750,Wigan Athletic FC,PL,2012,wikidata
Q50602,Manchester City FC,PL,2012,wikidata
Q5794,Everton FC,PL,2012,wikidata
Q9616,Chelsea FC,PL,2012,wikidata
Q9617,Arsenal FC,PL,2012,wikidata
Q1130849,Liverpool FC,PL,2013,wikidata
Q18656,Manchester United FC,PL,2013,wikidata
Q18659,Swansea City AFC,PL,2013,wikidata
Q18662,Cardiff City F.C.,PL,2013,wikidata
Q18708,Fulham FC,PL,2013,wikidata
Q18711,Aston Villa FC,PL,2013,wikidata
Q18716,Newcastle United FC,PL,2013,wikidata
Q18721,Norwich City FC,PL,2013,wikidata
Q18732,Southampton FC,PL,2013,wikidata
Q18736,Stoke City FC,PL,2013,wikidata
Q18739,Sunderland AFC,PL,2013,wikidata
Q18741,Tottenham Hotspur,PL,2013,wikidata
Q18744,West Bromwich Albion,PL,2013,wikidata
Q18747,West Ham United FC,PL,2013,wikidata
Q19467,Crystal Palace FC,PL,2013,wikidata
Q19477,Hull City AFC,PL,2013,wikidata
Q50602,Manchester City FC,PL,2013,wikidata
Q5794,Everton FC,PL,2013,wikidata
Q9616,Chelsea FC,PL,2013,wikidata
Q9617,Arsenal FC,PL,2013,wikidata
Q1130849,Liverpool FC,PL,2014,wikidata
Q18656,Manchester United FC,PL,2014,wikidata
Q18659,Swansea City AFC,PL,2014,wikidata
Q18711,Aston Villa FC,PL,2014,wikidata
Q18716,Newcastle United FC,PL,2014,wikidata
Q18723,QP Rangers,PL,2014,wikidata
Q18732,Southampton FC,PL,2014,wikidata
Q18736,Stoke City FC,PL,2014,wikidata
Q18739,Sunderland AFC,PL,2014,wikidata
Q18741,Tottenham Hotspur,PL,2014,wikidata
Q18744,West Bromwich Albion,PL,2014,wikidata
Q18747,West Ham United FC,PL,2014,wikidata
Q19458,Burnley FC,PL,2014,wikidata
Q19467,Crystal Palace FC,PL,2014,wikidata
Q19477,Hull City AFC,PL,2014,wikidata
Q19481,Leicester City FC,PL,2014,wikidata
Q50602,Manchester City FC,PL,2014,wikidata
Q5794,Everton FC,PL,2014,wikidata
Q9616,Chelsea FC,PL,2014,wikidata
Q9617,Arsenal FC,PL,2014,wikidata
Q1130849,Liverpool FC,PL,2015,wikidata
Q18656,Manchester United FC,PL,2015,wikidata
Q18659,Swansea City AFC,PL,2015,wikidata
Q18711,Aston Villa FC,PL,2015,wikidata
Q18716,Newcastle United FC,PL,2015,wikidata
Q18721,Norwich City FC,PL,2015,wikidata
Q18732,Southampton FC,PL,2015,wikidata
Q18736,Stoke City FC,PL,2015,wikidata
Q18739,Sunderland AFC,PL,2015,wikidata
Q18741,Tottenham Hotspur,PL,2015,wikidata
Q18744,West Bromwich Albion,PL,2015,wikidata
Q18747,West Ham United FC,PL,2015,wikidata
Q19467,Crystal Palace FC,PL,2015,wikidata
Q19481,Leicester City FC,PL,2015,wikidata
Q19568,AFC Bournemouth,PL,2015,wikidata
Q2714,Watford Football Club,PL,2015,wikidata
Q50602,Manchester City FC,PL,2015,wikidata
Q5794,Everton FC,PL,2015,wikidata
Q9616,Chelsea FC,PL,2015,wikidata
Q9617,Arsenal FC,PL,2015,wikidata
Q1130849,Liverpool FC,PL,2016,wikidata
Q18656,Manchester United FC,PL,2016,wikidata
Q18659,Swansea City AFC,PL,2016,wikidata
Q18661,Middlesbrough FC,PL,2016,wikidata
Q18732,Southampton FC,PL,2016,wikidata
Q18736,Stoke City FC,PL,2016,wikidata
Q18739,Sunderland AFC,PL,2016,wikidata
Q18741,Tottenham Hotspur,PL,2016,wikidata
Q18744,West Bromwich Albion,PL,2016,wikidata
Q18747,West Ham United FC,PL,2016,wikidata
Q19458,Burnley FC,PL,2016,wikidata
Q19467,Crystal Palace FC,PL,2016,wikidata
Q19477,Hull City AFC,PL,2016,wikidata
Q19481,Leicester City FC,PL,2016,wikidata
Q19568,AFC Bournemouth,PL,2016,wikidata
Q2714,Watford Football Club,PL,2016,wikidata
Q50602,Manchester City FC,PL,2016,wikidata
Q5794,Everton FC,PL,2016,wikidata
Q9616,Chelsea FC,PL,2016,wikidata
Q9617,Arsenal FC,PL,2016,wikidata
Q1130849,Liverpool FC,PL,2017,wikidata
Q18656,Manchester United FC,PL,2017,wikidata
Q18659,Swansea City AFC,PL,2017,wikidata
Q18716,Newcastle United FC,PL,2017,wikidata
Q18732,Southampton FC,PL,2017,wikidata
Q18736,Stoke City FC,PL,2017,wikidata
Q18741,Tottenham Hotspur,PL,2017,wikidata
Q18744,West Bromwich Albion,PL,2017,wikidata
Q18747,West Ham United FC,PL,2017,wikidata
Q19453,Brighton & Hove,PL,2017,wikidata
Q19458,Burnley FC,PL,2017,wikidata
Q19467,Crystal Palace FC,PL,2017,wikidata
Q19473,Huddersfield Town Football Club,PL,2017,wikidata
Q19481,Leicester City FC,PL,2017,wikidata
Q19568,AFC Bournemouth,PL,2017,wikidata
Q2714,Watford Football Club,PL,2017,wikidata
Q50602,Manchester City FC,PL,2017,wikidata
Q5794,Everton FC,PL,2017,wikidata
Q9616,Chelsea FC,PL,2017,wikidata
Q9617,Arsenal FC,PL,2017,wikidata
Q1130849,Liverpool FC,PL,2018,wikidata
Q18656,Manchester United FC,PL,2018,wikidata
Q18662,Cardiff City F.C.,PL,2018,wikidata
Q18708,Fulham FC,PL,2018,wikidata
Q18716,Newcastle United FC,PL,2018,wikidata
Q18732,Southampton FC,PL,2018,wikidata
Q18741,Tottenham Hotspur,PL,2018,wikidata
Q18747,West Ham United FC,PL,2018,wikidata
Q19453,Brighton & Hove,PL,2018,wikidata
Q19458,Burnley FC,PL,2018,wikidata
Q19467,Crystal Palace FC,PL,2018,wikidata
Q19473,Huddersfield Town Football Club,PL,2018,wikidata
Q19481,Leicester City FC,PL,2018,wikidata
Q19500,Wolverhampton Wanderers F.C.,PL,2018,wikidata
Q19568,AFC Bournemouth,PL,2018,wikidata
Q2714,Watford Football Club,PL,2018,wikidata
Q50602,Manchester City FC,PL,2018,wikidata
Q5794,Everton FC,PL,2018,wikidata
Q9616,Chelsea FC,PL,2018,wikidata
Q9617,Arsenal FC,PL,2018,wikidata
Q1130849,Liverpool FC,PL,2019,wikidata
Q18656,Manchester United FC,PL,2019,wikidata
Q18711,Aston Villa FC,PL,2019,wikidata
Q18716,Newcastle United FC,PL,2019,wikidata
Q18721,Norwich City FC,PL,2019,wikidata
Q18732,Southampton FC,PL,2019,wikidata
Q18741,Tottenham Hotspur,PL,2019,wikidata
Q18747,West Ham United FC,PL,2019,wikidata
Q19453,Brighton & Hove,PL,2019,wikidata
Q19458,Burnley FC,PL,2019,wikidata
Q19467,Crystal Palace FC,PL,2019,wikidata
Q19481,Leicester City FC,PL,2019,wikidata
Q19500,Wolverhampton Wanderers F.C.,PL,2019,wikidata
Q19568,AFC Bournemouth,PL,2019,wikidata
Q19607,Sheffield United FC,PL,2019,wikidata
Q2714,Watford Football Club,PL,2019,wikidata
Q50602,Manchester City FC,PL,2019,wikidata
Q5794,Everton FC,PL,2019,wikidata
Q9616,Chelsea FC,PL,2019,wikidata
Q9617,Arsenal FC,PL,2019,wikidata
Q1128631,Leeds United,PL,2020,wikidata
Q1130849,Liverpool FC,PL,2020,wikidata
Q18656,Manchester United FC,PL,2020,wikidata
Q18708,Fulham FC,PL,2020,wikidata
Q18711,Aston Villa FC,PL,2020,wikidata
Q18716,Newcastle United FC,PL,2020,wikidata
Q18732,Southampton FC,PL,2020,wikidata
Q18741,Tottenham Hotspur,PL,2020,wikidata
Q18744,West Bromwich Albion,PL,2020,wikidata
Q18747,West Ham United FC,PL,2020,wikidata
Q19453,Brighton & Hove,PL,2020,wikidata
Q19458,Burnley FC,PL,2020,wikidata
Q19467,Crystal Palace FC,PL,2020,wikidata
Q19481,Leicester City FC,PL,2020,wikidata
Q19500,Wolverhampton Wanderers F.C.,PL,2020,wikidata
Q19607,Sheffield United FC,PL,2020,wikidata
Q50602,Manchester City FC,PL,2020,wikidata
Q5794,Everton FC,PL,2020,wikidata
Q9616,Chelsea FC,PL,2020,wikidata
Q9617,Arsenal FC,PL,2020,wikidata
Q1128631,Leeds United,PL,2021,wikidata
Q1130849,Liverpool FC,PL,2021,wikidata
Q18656,Manchester United FC,PL,2021,wikidata
Q18711,Aston Villa FC,PL,2021,wikidata
Q18716,Newcastle United FC,PL,2021,wikidata
Q18721,Norwich City FC,PL,2021,wikidata
Q18732,Southampton FC,PL,2021,wikidata
Q18741,Tottenham Hotspur,PL,2021,wikidata
Q18747,West Ham United FC,PL,2021,wikidata
Q19453,Brighton & Hove,PL,2021,wikidata
Q19458,Burnley FC,PL,2021,wikidata
Q19467,Crystal Palace FC,PL,2021,wikidata
Q19481,Leicester City FC,PL,2021,wikidata
Q19500,Wolverhampton Wanderers F.C.,PL,2021,wikidata
Q19571,Brentford FC,PL,2021,wikidata
Q2714,Watford Football Club,PL,2021,wikidata
Q50602,Manchester City FC,PL,2021,wikidata
Q5794,Everton FC,PL,2021,wikidata
Q9616,Chelsea FC,PL,2021,wikidata
Q9617,Arsenal FC,PL,2021,wikidata
Q1128631,Leeds United,PL,2022,wikidata
Q1130849,Liverpool FC,PL,2022,wikidata
Q18656,Manchester United FC,PL,2022,wikidata
Q18708,Fulham FC,PL,2022,wikidata
Q18711,Aston Villa FC,PL,2022,wikidata
Q18716,Newcastle United FC,PL,2022,wikidata
Q18732,Southampton FC,PL,2022,wikidata
Q18741,Tottenham Hotspur,PL,2022,wikidata
Q18747,West Ham United FC,PL,2022,wikidata
Q19453,Brighton & Hove,PL,2022,wikidata
Q19467,Crystal Palace FC,PL,2022,wikidata
Q19481,Leicester City FC,PL,2022,wikidata
Q19490,Nottingham Forest FC,PL,2022,wikidata
Q19500,Wolverhampton Wanderers F.C.,PL,2022,wikidata
Q19568,AFC Bournemouth,PL,2022,wikidata
Q19571,Brentford FC,PL,2022,wikidata
Q50602,Manchester City FC,PL,2022,wikidata
Q5794,Everton FC,PL,2022,wikidata
Q9616,Chelsea FC,PL,2022,wikidata
Q9617,Arsenal FC,PL,2022,wikidata
Q1130849,Liverpool FC,PL,2023,wikidata
Q18520,Luton Town Football Club,PL,2023,wikidata
Q18656,Manchester United FC,PL,2023,wikidata
Q18708,Fulham FC,PL,2023,wikidata
Q18711,Aston Villa FC,PL,2023,wikidata
Q18716,Newcastle United FC,PL,2023,wikidata
Q18741,Tottenham Hotspur,PL,2023,wikidata
Q18747,West Ham United FC,PL,2023,wikidata
Q19453,Brighton & Hove,PL,2023,wikidata
Q19458,Burnley FC,PL,2023,wikidata
Q19467,Crystal Palace FC,PL,2023,wikidata
Q19490,Nottingham Forest FC,PL,2023,wikidata
Q19500,Wolverhampton Wanderers F.C.,PL,2023,wikidata
Q19568,AFC Bournemouth,PL,2023,wikidata
Q19571,Brentford FC,PL,2023,wikidata
Q19607,Sheffield United FC,PL,2023,wikidata
Q50602,Manchester City FC,PL,2023,wikidata
Q5794,Everton FC,PL,2023,wikidata
Q9616,Chelsea FC,PL,2023,wikidata
Q9617,Arsenal FC,PL,2023,wikidata
Q1130849,Liverpool FC,PL,2024,wikidata
Q18656,Manchester United FC,PL,2024,wikidata
Q18708,Fulham FC,PL,2024,wikidata
Q18711,Aston Villa FC,PL,2024,wikidata
Q18716,Newcastle United FC,PL,2024,wikidata
Q18732,Southampton FC,PL,2024,wikidata
Q18741,Tottenham Hotspur,PL,2024,wikidata
Q18747,West Ham United FC,PL,2024,wikidata
Q19453,Brighton & Hove,PL,2024,wikidata
Q19467,Crystal Palace FC,PL,2024,wikidata
Q19481,Leicester City FC,PL,2024,wikidata
Q19490,Nottingham Forest FC,PL,2024,wikidata
Q19500,Wolverhampton Wanderers F.C.,PL,2024,wikidata
Q19568,AFC Bournemouth,PL,2024,wikidata
Q19571,Brentford FC,PL,2024,wikidata
Q50602,Manchester City FC,PL,2024,wikidata
Q5794,Everton FC,PL,2024,wikidata
Q9616,Chelsea FC,PL,2024,wikidata
Q9617,Arsenal FC,PL,2024,wikidata
Q9653,Ipswich Town FC,PL,2024,wikidata
Q1128631,Leeds United,PL,2025,manuel
Q1130849,Liverpool FC,PL,2025,manuel
Q18656,Manchester United FC,PL,2025,manuel
Q18708,Fulham FC,PL,2025,manuel
Q18711,Aston Villa FC,PL,2025,manuel
Q18716,Newcastle United FC,PL,2025,manuel
Q18739,Sunderland AFC,PL,2025,manuel
Q18741,Tottenham Hotspur,PL,2025,manuel
Q18747,West Ham United FC,PL,2025,manuel
Q19453,Brighton & Hove,PL,2025,manuel
Q19458,Burnley FC,PL,2025,manuel
Q19467,Crystal Palace FC,PL,2025,manuel
Q19490,Nottingham Forest FC,PL,2025,manuel
Q19500,Wolverhampton Wanderers F.C.,PL,2025,manuel
Q19568,AFC Bournemouth,PL,2025,manuel
Q19571,Brentford FC,PL,2025,manuel
Q50602,Manchester City FC,PL,2025,manuel
Q5794,Everton FC,PL,2025,manuel
Q9616,Chelsea FC,PL,2025,manuel
Q9617,Arsenal FC,PL,2025,manuel
Q13391,Unione Sportiva Lecce,SA,1999,wikidata
Q1422,Juventus FC,SA,1999,wikidata
Q1543,AC Milan,SA,1999,wikidata
Q16344,AC Pérouse Calcio,SA,1999,wikidata
Q1893,Bologne FC 1909,SA,1999,wikidata
Q1900,Cagliari Calcio,SA,1999,wikidata
Q2052,ACF Fiorentina,SA,1999,wikidata
Q2609,Società Sportiva Lazio,SA,1999,wikidata
Q2693,Parme Calcio 1913,SA,1999,wikidata
Q2739,AS Rome,SA,1999,wikidata
Q2768,Torino Football Club,SA,1999,wikidata
Q2798,Udinese Calcio,SA,1999,wikidata
Q459794,Plaisance Calcio 1919,SA,1999,wikidata
Q501245,Venise Football Club,SA,1999,wikidata
Q631,FC Internazionale Milano,SA,1999,wikidata
Q6641,SSC Bari,SA,1999,wikidata
Q8476,Reggina 1914,SA,1999,wikidata
Q8639,Hellas Vérone Football Club,SA,1999,wikidata
Q13391,Unione Sportiva Lecce,SA,2000,wikidata
Q1422,Juventus FC,SA,2000,wikidata
Q1543,AC Milan,SA,2000,wikidata
Q16344,AC Pérouse Calcio,SA,2000,wikidata
Q1886,Atalanta Bergame,SA,2000,wikidata
Q1893,Bologne FC 1909,SA,2000,wikidata
Q2052,ACF Fiorentina,SA,2000,wikidata
Q2609,Società Sportiva Lazio,SA,2000,wikidata
Q2641,Società Sportiva Calcio Napoli,SA,2000,wikidata
Q2693,Parme Calcio 1913,SA,2000,wikidata
Q2739,AS Rome,SA,2000,wikidata
Q2798,Udinese Calcio,SA,2000,wikidata
Q56542463,L. R. Vicence,SA,2000,wikidata
Q631,FC Internazionale Milano,SA,2000,wikidata
Q6641,SSC Bari,SA,2000,wikidata
Q6651,Brescia Calcio,SA,2000,wikidata
Q8476,Reggina 1914,SA,2000,wikidata
Q8639,Hellas Vérone Football Club,SA,2000,wikidata
Q13391,Unione Sportiva Lecce,SA,2001,wikidata
Q1422,Juventus FC,SA,2001,wikidata
Q1543,AC Milan,SA,2001,wikidata
Q16344,AC Pérouse Calcio,SA,2001,wikidata
Q1886,Atalanta Bergame,SA,2001,wikidata
Q1893,Bologne FC 1909,SA,2001,wikidata
Q2037,Associazione Calcio ChievoVerona,SA,2001,wikidata
Q2052,ACF Fiorentina,SA,2001,wikidata
Q2609,Società Sportiva Lazio,SA,2001,wikidata
Q2693,Parme Calcio 1913,SA,2001,wikidata
Q2739,AS Rome,SA,2001,wikidata
Q2768,Torino Football Club,SA,2001,wikidata
Q2798,Udinese Calcio,SA,2001,wikidata
Q459794,Plaisance Calcio 1919,SA,2001,wikidata
Q501245,Venise Football Club,SA,2001,wikidata
Q631,FC Internazionale Milano,SA,2001,wikidata
Q6651,Brescia Calcio,SA,2001,wikidata
Q8639,Hellas Vérone Football Club,SA,2001,wikidata
Q1120838,Côme 1907,SA,2002,wikidata
Q1422,Juventus FC,SA,2002,wikidata
Q1543,AC Milan,SA,2002,wikidata
Q16344,AC Pérouse Calcio,SA,2002,wikidata
Q1886,Atalanta Bergame,SA,2002,wikidata
Q1893,Bologne FC 1909,SA,2002,wikidata
Q2037,Associazione Calcio ChievoVerona,SA,2002,wikidata
Q2609,Società Sportiva Lazio,SA,2002,wikidata
Q2693,Parme Calcio 1913,SA,2002,wikidata
Q2739,AS Rome,SA,2002,wikidata
Q2768,Torino Football Club,SA,2002,wikidata
Q2798,Udinese Calcio,SA,2002,wikidata
Q459794,Plaisance Calcio 1919,SA,2002,wikidata
Q631,FC Internazionale Milano,SA,2002,wikidata
Q6651,Brescia Calcio,SA,2002,wikidata
Q6703,Empoli Football Club,SA,2002,wikidata
Q8408,Modène Football Club,SA,2002,wikidata
Q8476,Reggina 1914,SA,2002,wikidata
Q13391,Unione Sportiva Lecce,SA,2003,wikidata
Q1422,Juventus FC,SA,2003,wikidata
Q1457,UC Sampdoria,SA,2003,wikidata
Q1543,AC Milan,SA,2003,wikidata
Q16344,AC Pérouse Calcio,SA,2003,wikidata
Q1893,Bologne FC 1909,SA,2003,wikidata
Q2037,Associazione Calcio ChievoVerona,SA,2003,wikidata
Q20706646,A.C. Ancona,SA,2003,wikidata
Q2609,Società Sportiva Lazio,SA,2003,wikidata
Q2693,Parme Calcio 1913,SA,2003,wikidata
Q2739,AS Rome,SA,2003,wikidata
Q2756,Sienne FC,SA,2003,wikidata
Q2798,Udinese Calcio,SA,2003,wikidata
Q631,FC Internazionale Milano,SA,2003,wikidata
Q6651,Brescia Calcio,SA,2003,wikidata
Q6703,Empoli Football Club,SA,2003,wikidata
Q8408,Modène Football Club,SA,2003,wikidata
Q8476,Reggina 1914,SA,2003,wikidata
Q13391,Unione Sportiva Lecce,SA,2004,manuel
Q1422,Juventus FC,SA,2004,manuel
Q1457,UC Sampdoria,SA,2004,manuel
Q1543,AC Milan,SA,2004,manuel
Q1886,Atalanta Bergame,SA,2004,manuel
Q1893,Bologne FC 1909,SA,2004,manuel
Q1900,Cagliari Calcio,SA,2004,manuel
Q2037,Associazione Calcio ChievoVerona,SA,2004,manuel
Q2052,ACF Fiorentina,SA,2004,manuel
Q2609,Società Sportiva Lazio,SA,2004,manuel
Q2674,Palermo F.C.,SA,2004,manuel
Q2693,Parme Calcio 1913,SA,2004,manuel
Q2739,AS Rome,SA,2004,manuel
Q2756,Sienne FC,SA,2004,manuel
Q2798,Udinese Calcio,SA,2004,manuel
Q29390,ACR Messine,SA,2004,manuel
Q631,FC Internazionale Milano,SA,2004,manuel
Q6651,Brescia Calcio,SA,2004,manuel
Q6767,US Livourne 1915,SA,2004,manuel
Q8476,Reggina 1914,SA,2004,manuel
Q13391,Unione Sportiva Lecce,SA,2005,wikidata
Q1422,Juventus FC,SA,2005,wikidata
Q1457,UC Sampdoria,SA,2005,wikidata
Q1543,AC Milan,SA,2005,wikidata
Q1900,Cagliari Calcio,SA,2005,wikidata
Q2037,Associazione Calcio ChievoVerona,SA,2005,wikidata
Q2052,ACF Fiorentina,SA,2005,wikidata
Q2609,Società Sportiva Lazio,SA,2005,wikidata
Q2674,Palermo F.C.,SA,2005,wikidata
Q2693,Parme Calcio 1913,SA,2005,wikidata
Q2739,AS Rome,SA,2005,wikidata
Q2756,Sienne FC,SA,2005,wikidata
Q2798,Udinese Calcio,SA,2005,wikidata
Q29390,ACR Messine,SA,2005,wikidata
Q611222,Trévise F.B.C. 1993,SA,2005,wikidata
Q631,FC Internazionale Milano,SA,2005,wikidata
Q6630,Ascoli Calcio 1898 FC,SA,2005,wikidata
Q6703,Empoli Football Club,SA,2005,wikidata
Q6767,US Livourne 1915,SA,2005,wikidata
Q8476,Reggina 1914,SA,2005,wikidata
Q1457,UC Sampdoria,SA,2006,wikidata
Q1543,AC Milan,SA,2006,wikidata
Q1886,Atalanta Bergame,SA,2006,wikidata
Q1900,Cagliari Calcio,SA,2006,wikidata
Q2018,Catania Football Club,SA,2006,wikidata
Q2037,Associazione Calcio ChievoVerona,SA,2006,wikidata
Q2052,ACF Fiorentina,SA,2006,wikidata
Q2609,Società Sportiva Lazio,SA,2006,wikidata
Q2674,Palermo F.C.,SA,2006,wikidata
Q2693,Parme Calcio 1913,SA,2006,wikidata
Q2739,AS Rome,SA,2006,wikidata
Q2756,Sienne FC,SA,2006,wikidata
Q2768,Torino Football Club,SA,2006,wikidata
Q2798,Udinese Calcio,SA,2006,wikidata
Q29390,ACR Messine,SA,2006,wikidata
Q631,FC Internazionale Milano,SA,2006,wikidata
Q6630,Ascoli Calcio 1898 FC,SA,2006,wikidata
Q6703,Empoli Football Club,SA,2006,wikidata
Q6767,US Livourne 1915,SA,2006,wikidata
Q8476,Reggina 1914,SA,2006,wikidata
Q1422,Juventus FC,SA,2007,wikidata
Q1457,UC Sampdoria,SA,2007,wikidata
Q1543,AC Milan,SA,2007,wikidata
Q1886,Atalanta Bergame,SA,2007,wikidata
Q1900,Cagliari Calcio,SA,2007,wikidata
Q2018,Catania Football Club,SA,2007,wikidata
Q2052,ACF Fiorentina,SA,2007,wikidata
Q2074,Genoa CFC,SA,2007,wikidata
Q2609,Società Sportiva Lazio,SA,2007,wikidata
Q2641,Società Sportiva Calcio Napoli,SA,2007,wikidata
Q2674,Palermo F.C.,SA,2007,wikidata
Q2693,Parme Calcio 1913,SA,2007,wikidata
Q2739,AS Rome,SA,2007,wikidata
Q2756,Sienne FC,SA,2007,wikidata
Q2768,Torino Football Club,SA,2007,wikidata
Q2798,Udinese Calcio,SA,2007,wikidata
Q631,FC Internazionale Milano,SA,2007,wikidata
Q6703,Empoli Football Club,SA,2007,wikidata
Q6767,US Livourne 1915,SA,2007,wikidata
Q8476,Reggina 1914,SA,2007,wikidata
Q13391,Unione Sportiva Lecce,SA,2008,wikidata
Q1422,Juventus FC,SA,2008,wikidata
Q1457,UC Sampdoria,SA,2008,wikidata
Q1543,AC Milan,SA,2008,wikidata
Q1886,Atalanta Bergame,SA,2008,wikidata
Q1893,Bologne FC 1909,SA,2008,wikidata
Q1900,Cagliari Calcio,SA,2008,wikidata
Q2018,Catania Football Club,SA,2008,wikidata
Q2037,Associazione Calcio ChievoVerona,SA,2008,wikidata
Q2052,ACF Fiorentina,SA,2008,wikidata
Q2074,Genoa CFC,SA,2008,wikidata
Q2609,Società Sportiva Lazio,SA,2008,wikidata
Q2641,Società Sportiva Calcio Napoli,SA,2008,wikidata
Q2674,Palermo F.C.,SA,2008,wikidata
Q2739,AS Rome,SA,2008,wikidata
Q2756,Sienne FC,SA,2008,wikidata
Q2768,Torino Football Club,SA,2008,wikidata
Q2798,Udinese Calcio,SA,2008,wikidata
Q631,FC Internazionale Milano,SA,2008,wikidata
Q8476,Reggina 1914,SA,2008,wikidata
Q1422,Juventus FC,SA,2009,wikidata
Q1457,UC Sampdoria,SA,2009,wikidata
Q1543,AC Milan,SA,2009,wikidata
Q1886,Atalanta Bergame,SA,2009,wikidata
Q1893,Bologne FC 1909,SA,2009,wikidata
Q1900,Cagliari Calcio,SA,2009,wikidata
Q2018,Catania Football Club,SA,2009,wikidata
Q2037,Associazione Calcio ChievoVerona,SA,2009,wikidata
Q2052,ACF Fiorentina,SA,2009,wikidata
Q2074,Genoa CFC,SA,2009,wikidata
Q2609,Società Sportiva Lazio,SA,2009,wikidata
Q2641,Società Sportiva Calcio Napoli,SA,2009,wikidata
Q2674,Palermo F.C.,SA,2009,wikidata
Q2693,Parme Calcio 1913,SA,2009,wikidata
Q2739,AS Rome,SA,2009,wikidata
Q2756,Sienne FC,SA,2009,wikidata
Q2798,Udinese Calcio,SA,2009,wikidata
Q631,FC Internazionale Milano,SA,2009,wikidata
Q6641,SSC Bari,SA,2009,wikidata
Q6767,US Livourne 1915,SA,2009,wikidata
Q13391,Unione Sportiva Lecce,SA,2010,wikidata
Q1422,Juventus FC,SA,2010,wikidata
Q1457,UC Sampdoria,SA,2010,wikidata
Q1543,AC Milan,SA,2010,wikidata
Q1893,Bologne FC 1909,SA,2010,wikidata
Q1900,Cagliari Calcio,SA,2010,wikidata
Q2018,Catania Football Club,SA,2010,wikidata
Q2037,Associazione Calcio ChievoVerona,SA,2010,wikidata
Q2052,ACF Fiorentina,SA,2010,wikidata
Q2074,Genoa CFC,SA,2010,wikidata
Q2609,Società Sportiva Lazio,SA,2010,wikidata
Q2641,Società Sportiva Calcio Napoli,SA,2010,wikidata
Q2674,Palermo F.C.,SA,2010,wikidata
Q2693,Parme Calcio 1913,SA,2010,wikidata
Q2739,AS Rome,SA,2010,wikidata
Q2798,Udinese Calcio,SA,2010,wikidata
Q631,FC Internazionale Milano,SA,2010,wikidata
Q6641,SSC Bari,SA,2010,wikidata
Q6651,Brescia Calcio,SA,2010,wikidata
Q6664,AC Cesena,SA,2010,wikidata
Q13391,Unione Sportiva Lecce,SA,2011,wikidata
Q1422,Juventus FC,SA,2011,wikidata
Q1543,AC Milan,SA,2011,wikidata
Q1886,Atalanta Bergame,SA,2011,wikidata
Q1893,Bologne FC 1909,SA,2011,wikidata
Q1900,Cagliari Calcio,SA,2011,wikidata
Q2018,Catania Football Club,SA,2011,wikidata
Q2037,Associazione Calcio ChievoVerona,SA,2011,wikidata
Q2052,ACF Fiorentina,SA,2011,wikidata
Q2074,Genoa CFC,SA,2011,wikidata
Q2609,Società Sportiva Lazio,SA,2011,wikidata
Q2641,Società Sportiva Calcio Napoli,SA,2011,wikidata
Q2674,Palermo F.C.,SA,2011,wikidata
Q2693,Parme Calcio 1913,SA,2011,wikidata
Q2739,AS Rome,SA,2011,wikidata
Q2756,Sienne FC,SA,2011,wikidata
Q2798,Udinese Calcio,SA,2011,wikidata
Q631,FC Internazionale Milano,SA,2011,wikidata
Q6664,AC Cesena,SA,2011,wikidata
Q8416,Novara Calcio,SA,2011,wikidata
Q1422,Juventus FC,SA,2012,wikidata
Q1457,UC Sampdoria,SA,2012,wikidata
Q1543,AC Milan,SA,2012,wikidata
Q1886,Atalanta Bergame,SA,2012,wikidata
Q1893,Bologne FC 1909,SA,2012,wikidata
Q1900,Cagliari Calcio,SA,2012,wikidata
Q2018,Catania Football Club,SA,2012,wikidata
Q2037,Associazione Calcio ChievoVerona,SA,2012,wikidata
Q2052,ACF Fiorentina,SA,2012,wikidata
Q2074,Genoa CFC,SA,2012,wikidata
Q2609,Società Sportiva Lazio,SA,2012,wikidata
Q2641,Società Sportiva Calcio Napoli,SA,2012,wikidata
Q2674,Palermo F.C.,SA,2012,wikidata
Q2693,Parme Calcio 1913,SA,2012,wikidata
Q2710,Delfino Pescara,SA,2012,wikidata
Q2739,AS Rome,SA,2012,wikidata
Q2756,Sienne FC,SA,2012,wikidata
Q2768,Torino Football Club,SA,2012,wikidata
Q2798,Udinese Calcio,SA,2012,wikidata
Q631,FC Internazionale Milano,SA,2012,wikidata
Q1422,Juventus FC,SA,2013,wikidata
Q1457,UC Sampdoria,SA,2013,wikidata
Q1543,AC Milan,SA,2013,wikidata
Q1886,Atalanta Bergame,SA,2013,wikidata
Q1893,Bologne FC 1909,SA,2013,wikidata
Q1900,Cagliari Calcio,SA,2013,wikidata
Q2018,Catania Football Club,SA,2013,wikidata
Q2037,Associazione Calcio ChievoVerona,SA,2013,wikidata
Q2052,ACF Fiorentina,SA,2013,wikidata
Q2074,Genoa CFC,SA,2013,wikidata
Q2609,Società Sportiva Lazio,SA,2013,wikidata
Q2641,Società Sportiva Calcio Napoli,SA,2013,wikidata
Q2693,Parme Calcio 1913,SA,2013,wikidata
Q2739,AS Rome,SA,2013,wikidata
Q2768,Torino Football Club,SA,2013,wikidata
Q2798,Udinese Calcio,SA,2013,wikidata
Q631,FC Internazionale Milano,SA,2013,wikidata
Q6767,US Livourne 1915,SA,2013,wikidata
Q8603,Unione Sportiva Sassuolo Calcio,SA,2013,wikidata
Q8639,Hellas Vérone Football Club,SA,2013,wikidata
Q1422,Juventus FC,SA,2014,wikidata
Q1457,UC Sampdoria,SA,2014,wikidata
Q1543,AC Milan,SA,2014,wikidata
Q1886,Atalanta Bergame,SA,2014,wikidata
Q1900,Cagliari Calcio,SA,2014,wikidata
Q2037,Associazione Calcio ChievoVerona,SA,2014,wikidata
Q2052,ACF Fiorentina,SA,2014,wikidata
Q2074,Genoa CFC,SA,2014,wikidata
Q2609,Società Sportiva Lazio,SA,2014,wikidata
Q2641,Società Sportiva Calcio Napoli,SA,2014,wikidata
Q2674,Palermo F.C.,SA,2014,wikidata
Q2693,Parme Calcio 1913,SA,2014,wikidata
Q2739,AS Rome,SA,2014,wikidata
Q2768,Torino Football Club,SA,2014,wikidata
Q2798,Udinese Calcio,SA,2014,wikidata
Q631,FC Internazionale Milano,SA,2014,wikidata
Q6664,AC Cesena,SA,2014,wikidata
Q6703,Empoli Football Club,SA,2014,wikidata
Q8603,Unione Sportiva Sassuolo Calcio,SA,2014,wikidata
Q8639,Hellas Vérone Football Club,SA,2014,wikidata
Q1422,Juventus FC,SA,2015,wikidata
Q1457,UC Sampdoria,SA,2015,wikidata
Q1543,AC Milan,SA,2015,wikidata
Q1886,Atalanta Bergame,SA,2015,wikidata
Q1893,Bologne FC 1909,SA,2015,wikidata
Q2037,Associazione Calcio ChievoVerona,SA,2015,wikidata
Q2052,ACF Fiorentina,SA,2015,wikidata
Q2074,Genoa CFC,SA,2015,wikidata
Q2609,Società Sportiva Lazio,SA,2015,wikidata
Q2641,Società Sportiva Calcio Napoli,SA,2015,wikidata
Q2674,Palermo F.C.,SA,2015,wikidata
Q2739,AS Rome,SA,2015,wikidata
Q2768,Torino Football Club,SA,2015,wikidata
Q2798,Udinese Calcio,SA,2015,wikidata
Q610621,Carpi Football Club 1909,SA,2015,wikidata
Q631,FC Internazionale Milano,SA,2015,wikidata
Q6703,Empoli Football Club,SA,2015,wikidata
Q845043,Frosinone Calcio,SA,2015,wikidata
Q8603,Unione Sportiva Sassuolo Calcio,SA,2015,wikidata
Q8639,Hellas Vérone Football Club,SA,2015,wikidata
Q1422,Juventus FC,SA,2016,wikidata
Q1457,UC Sampdoria,SA,2016,wikidata
Q1543,AC Milan,SA,2016,wikidata
Q1886,Atalanta Bergame,SA,2016,wikidata
Q1893,Bologne FC 1909,SA,2016,wikidata
Q1900,Cagliari Calcio,SA,2016,wikidata
Q2037,Associazione Calcio ChievoVerona,SA,2016,wikidata
Q2052,ACF Fiorentina,SA,2016,wikidata
Q2074,Genoa CFC,SA,2016,wikidata
Q2609,Società Sportiva Lazio,SA,2016,wikidata
Q2641,Società Sportiva Calcio Napoli,SA,2016,wikidata
Q2674,Palermo F.C.,SA,2016,wikidata
Q2710,Delfino Pescara,SA,2016,wikidata
Q2739,AS Rome,SA,2016,wikidata
Q2768,Torino Football Club,SA,2016,wikidata
Q2798,Udinese Calcio,SA,2016,wikidata
Q631,FC Internazionale Milano,SA,2016,wikidata
Q6690,Football Club Crotone,SA,2016,wikidata
Q6703,Empoli Football Club,SA,2016,wikidata
Q8603,Unione Sportiva Sassuolo Calcio,SA,2016,wikidata
Q13385,SPAL Ferrara,SA,2017,wikidata
Q1422,Juventus FC,SA,2017,wikidata
Q1457,UC Sampdoria,SA,2017,wikidata
Q1543,AC Milan,SA,2017,wikidata
Q1886,Atalanta Bergame,SA,2017,wikidata
Q1893,Bologne FC 1909,SA,2017,wikidata
Q1900,Cagliari Calcio,SA,2017,wikidata
Q2037,Associazione Calcio ChievoVerona,SA,2017,wikidata
Q2052,ACF Fiorentina,SA,2017,wikidata
Q2074,Genoa CFC,SA,2017,wikidata
Q2609,Società Sportiva Lazio,SA,2017,wikidata
Q2641,Società Sportiva Calcio Napoli,SA,2017,wikidata
Q2739,AS Rome,SA,2017,wikidata
Q2768,Torino Football Club,SA,2017,wikidata
Q2798,Udinese Calcio,SA,2017,wikidata
Q631,FC Internazionale Milano,SA,2017,wikidata
Q652516,Bénévent Calcio,SA,2017,wikidata
Q6690,Football Club Crotone,SA,2017,wikidata
Q8603,Unione Sportiva Sassuolo Calcio,SA,2017,wikidata
Q8639,Hellas Vérone Football Club,SA,2017,wikidata
Q13385,SPAL Ferrara,SA,2018,wikidata
Q1422,Juventus FC,SA,2018,wikidata
Q1457,UC Sampdoria,SA,2018,wikidata
Q1543,AC Milan,SA,2018,wikidata
Q1886,Atalanta Bergame,SA,2018,wikidata
Q1893,Bologne FC 1909,SA,2018,wikidata
Q1900,Cagliari Calcio,SA,2018,wikidata
Q2037,Associazione Calcio ChievoVerona,SA,2018,wikidata
Q2052,ACF Fiorentina,SA,2018,wikidata
Q2074,Genoa CFC,SA,2018,wikidata
Q2609,Società Sportiva Lazio,SA,2018,wikidata
Q2641,Società Sportiva Calcio Napoli,SA,2018,wikidata
Q2693,Parme Calcio 1913,SA,2018,wikidata
Q2739,AS Rome,SA,2018,wikidata
Q2768,Torino Football Club,SA,2018,wikidata
Q2798,Udinese Calcio,SA,2018,wikidata
Q631,FC Internazionale Milano,SA,2018,wikidata
Q6703,Empoli Football Club,SA,2018,wikidata
Q845043,Frosinone Calcio,SA,2018,wikidata
Q8603,Unione Sportiva Sassuolo Calcio,SA,2018,wikidata
Q13385,SPAL Ferrara,SA,2019,wikidata
Q13391,Unione Sportiva Lecce,SA,2019,wikidata
Q1422,Juventus FC,SA,2019,wikidata
Q1457,UC Sampdoria,SA,2019,wikidata
Q1543,AC Milan,SA,2019,wikidata
Q1886,Atalanta Bergame,SA,2019,wikidata
Q1893,Bologne FC 1909,SA,2019,wikidata
Q1900,Cagliari Calcio,SA,2019,wikidata
Q2052,ACF Fiorentina,SA,2019,wikidata
Q2074,Genoa CFC,SA,2019,wikidata
Q2609,Società Sportiva Lazio,SA,2019,wikidata
Q2641,Società Sportiva Calcio Napoli,SA,2019,wikidata
Q2693,Parme Calcio 1913,SA,2019,wikidata
Q2739,AS Rome,SA,2019,wikidata
Q2768,Torino Football Club,SA,2019,wikidata
Q2798,Udinese Calcio,SA,2019,wikidata
Q631,FC Internazionale Milano,SA,2019,wikidata
Q6651,Brescia Calcio,SA,2019,wikidata
Q8603,Unione Sportiva Sassuolo Calcio,SA,2019,wikidata
Q8639,Hellas Vérone Football Club,SA,2019,wikidata
Q1422,Juventus FC,SA,2020,wikidata
Q1457,UC Sampdoria,SA,2020,wikidata
Q1543,AC Milan,SA,2020,wikidata
Q1886,Atalanta Bergame,SA,2020,wikidata
Q1893,Bologne FC 1909,SA,2020,wikidata
Q1900,Cagliari Calcio,SA,2020,wikidata
Q2052,ACF Fiorentina,SA,2020,wikidata
Q2074,Genoa CFC,SA,2020,wikidata
Q2609,Società Sportiva Lazio,SA,2020,wikidata
Q2641,Società Sportiva Calcio Napoli,SA,2020,wikidata
Q2693,Parme Calcio 1913,SA,2020,wikidata
Q2739,AS Rome,SA,2020,wikidata
Q2768,Torino Football Club,SA,2020,wikidata
Q2798,Udinese Calcio,SA,2020,wikidata
Q631,FC Internazionale Milano,SA,2020,wikidata
Q652516,Bénévent Calcio,SA,2020,wikidata
Q6690,Football Club Crotone,SA,2020,wikidata
Q8603,Unione Sportiva Sassuolo Calcio,SA,2020,wikidata
Q8615,Spezia Calcio,SA,2020,wikidata
Q8639,Hellas Vérone Football Club,SA,2020,wikidata
Q1422,Juventus FC,SA,2021,wikidata
Q1457,UC Sampdoria,SA,2021,wikidata
Q1543,AC Milan,SA,2021,wikidata
Q1886,Atalanta Bergame,SA,2021,wikidata
Q1893,Bologne FC 1909,SA,2021,wikidata
Q1900,Cagliari Calcio,SA,2021,wikidata
Q2052,ACF Fiorentina,SA,2021,wikidata
Q2074,Genoa CFC,SA,2021,wikidata
Q2609,Società Sportiva Lazio,SA,2021,wikidata
Q2641,Società Sportiva Calcio Napoli,SA,2021,wikidata
Q2739,AS Rome,SA,2021,wikidata
Q2768,Torino Football Club,SA,2021,wikidata
Q2798,Udinese Calcio,SA,2021,wikidata
Q501245,Venise Football Club,SA,2021,wikidata
Q631,FC Internazionale Milano,SA,2021,wikidata
Q6703,Empoli Football Club,SA,2021,wikidata
Q847587,U.S. Salernitana 1919,SA,2021,wikidata
Q8603,Unione Sportiva Sassuolo Calcio,SA,2021,wikidata
Q8615,Spezia Calcio,SA,2021,wikidata
Q8639,Hellas Vérone Football Club,SA,2021,wikidata
Q13391,Unione Sportiva Lecce,SA,2022,wikidata
Q1422,Juventus FC,SA,2022,wikidata
Q1457,UC Sampdoria,SA,2022,wikidata
Q1543,AC Milan,SA,2022,wikidata
Q1886,Atalanta Bergame,SA,2022,wikidata
Q1893,Bologne FC 1909,SA,2022,wikidata
Q2052,ACF Fiorentina,SA,2022,wikidata
Q2609,Società Sportiva Lazio,SA,2022,wikidata
Q2641,Società Sportiva Calcio Napoli,SA,2022,wikidata
Q2739,AS Rome,SA,2022,wikidata
Q2768,Torino Football Club,SA,2022,wikidata
Q2798,Udinese Calcio,SA,2022,wikidata
Q289482,AC Monza,SA,2022,wikidata
Q631,FC Internazionale Milano,SA,2022,wikidata
Q6703,Empoli Football Club,SA,2022,wikidata
Q759482,US Cremonese,SA,2022,wikidata
Q847587,U.S. Salernitana 1919,SA,2022,wikidata
Q8603,Unione Sportiva Sassuolo Calcio,SA,2022,wikidata
Q8615,Spezia Calcio,SA,2022,wikidata
Q8639,Hellas Vérone Football Club,SA,2022,wikidata
Q13391,Unione Sportiva Lecce,SA,2023,manuel
Q1422,Juventus FC,SA,2023,manuel
Q1543,AC Milan,SA,2023,manuel
Q1886,Atalanta Bergame,SA,2023,manuel
Q1893,Bologne FC 1909,SA,2023,manuel
Q1900,Cagliari Calcio,SA,2023,manuel
Q2052,ACF Fiorentina,SA,2023,manuel
Q2074,Genoa CFC,SA,2023,manuel
Q2609,Società Sportiva Lazio,SA,2023,manuel
Q2641,Società Sportiva Calcio Napoli,SA,2023,manuel
Q2739,AS Rome,SA,2023,manuel
Q2768,Torino Football Club,SA,2023,manuel
Q2798,Udinese Calcio,SA,2023,manuel
Q289482,AC Monza,SA,2023,manuel
Q631,FC Internazionale Milano,SA,2023,manuel
Q6703,Empoli Football Club,SA,2023,manuel
Q845043,Frosinone Calcio,SA,2023,manuel
Q847587,U.S. Salernitana 1919,SA,2023,manuel
Q8603,Unione Sportiva Sassuolo Calcio,SA,2023,manuel
Q8639,Hellas Vérone Football Club,SA,2023,manuel
Q1120838,Côme 1907,SA,2024,manuel
Q13391,Unione Sportiva Lecce,SA,2024,manuel
Q1422,Juventus FC,SA,2024,manuel
Q1543,AC Milan,SA,2024,manuel
Q1886,Atalanta Bergame,SA,2024,manuel
Q1893,Bologne FC 1909,SA,2024,manuel
Q1900,Cagliari Calcio,SA,2024,manuel
Q2052,ACF Fiorentina,SA,2024,manuel
Q2074,Genoa CFC,SA,2024,manuel
Q2609,Società Sportiva Lazio,SA,2024,manuel
Q2641,Società Sportiva Calcio Napoli,SA,2024,manuel
Q2693,Parme Calcio 1913,SA,2024,manuel
Q2739,AS Rome,SA,2024,manuel
Q2768,Torino Football Club,SA,2024,manuel
Q2798,Udinese Calcio,SA,2024,manuel
Q289482,AC Monza,SA,2024,manuel
Q501245,Venise Football Club,SA,2024,manuel
Q631,FC Internazionale Milano,SA,2024,manuel
Q6703,Empoli Football Club,SA,2024,manuel
Q8639,Hellas Vérone Football Club,SA,2024,manuel
Q1120838,Côme 1907,SA,2025,manuel
Q13391,Unione Sportiva Lecce,SA,2025,manuel
Q1422,Juventus FC,SA,2025,manuel
Q1543,AC Milan,SA,2025,manuel
Q1886,Atalanta Bergame,SA,2025,manuel
Q1893,Bologne FC 1909,SA,2025,manuel
Q1900,Cagliari Calcio,SA,2025,manuel
Q2052,ACF Fiorentina,SA,2025,manuel
Q2074,Genoa CFC,SA,2025,manuel
Q2609,Società Sportiva Lazio,SA,2025,manuel
Q2641,Società Sportiva Calcio Napoli,SA,2025,manuel
Q2693,Parme Calcio 1913,SA,2025,manuel
Q2739,AS Rome,SA,2025,manuel
Q2768,Torino Football Club,SA,2025,manuel
Q2798,Udinese Calcio,SA,2025,manuel
Q289613,Pisa SC,SA,2025,manuel
Q631,FC Internazionale Milano,SA,2025,manuel
Q759482,US Cremonese,SA,2025,manuel
Q8603,Unione Sportiva Sassuolo Calcio,SA,2025,manuel
Q8639,Hellas Vérone Football Club,SA,2025,manuel
