player,club,clubLabel,apps,start,end
http://www.wikidata.org/entity/Q503158,http://www.wikidata.org/entity/Q477830,FC Narva Trans,7.0,2013-01-01T00:00:00Z,2013-01-01T00:00:00Z
http://www.wikidata.org/entity/Q503158,http://www.wikidata.org/entity/Q1150723,Nasaf Qarshi,40.0,2011-01-01T00:00:00Z,2012-01-01T00:00:00Z
http://www.wikidata.org/entity/Q503158,http://www.wikidata.org/entity/Q5323678,ENAD Polis Chrysochous FC,14.0,2014-01-01T00:00:00Z,2015-01-01T00:00:00Z
http://www.wikidata.org/entity/Q503158,http://www.wikidata.org/entity/Q3071807,Fili Moscou,,2002-01-01T00:00:00Z,2002-01-01T00:00:00Z
http://www.wikidata.org/entity/Q503158,http://www.wikidata.org/entity/Q187528,RSC Anderlecht,0.0,2002-01-01T00:00:00Z,2003-01-01T00:00:00Z
http://www.wikidata.org/entity/Q503158,http://www.wikidata.org/entity/Q332702,Ararat Erevan,12.0,2014-01-01T00:00:00Z,2014-01-01T00:00:00Z
http://www.wikidata.org/entity/Q503158,http://www.wikidata.org/entity/Q19470,Derby County FC,2.0,2008-01-01T00:00:00Z,2009-01-01T00:00:00Z
http://www.wikidata.org/entity/Q503158,http://www.wikidata.org/entity/Q189322,équipe de Lettonie de football,36.0,2007-01-01T00:00:00Z,2012-01-01T00:00:00Z
http://www.wikidata.org/entity/Q503158,http://www.wikidata.org/entity/Q47182,FK Daugava Riga,13.0,2013-01-01T00:00:00Z,2013-01-01T00:00:00Z
http://www.wikidata.org/entity/Q503158,http://www.wikidata.org/entity/Q19963391,Riga FC,,2015-01-01T00:00:00Z,
http://www.wikidata.org/entity/Q503158,http://www.wikidata.org/entity/Q223823,Skonto Riga,141.0,2004-01-01T00:00:00Z,2011-01-01T00:00:00Z
http://www.wikidata.org/entity/Q503158,http://www.wikidata.org/entity/Q212708,Bohemian Football Club,18.0,2004-01-01T00:00:00Z,2004-01-01T00:00:00Z
http://www.wikidata.org/entity/Q503158,http://www.wikidata.org/entity/Q207462,Metalist Kharkiv,0.0,2001-01-01T00:00:00Z,2002-01-01T00:00:00Z
http://www.wikidata.org/entity/Q503158,http://www.wikidata.org/entity/Q212708,Bohemian Football Club,18.0,2003-01-01T00:00:00Z,2003-01-01T00:00:00Z
http://www.wikidata.org/entity/Q503158,http://www.wikidata.org/entity/Q18732,Southampton FC,0.0,2003-01-01T00:00:00Z,2004-01-01T00:00:00Z
http://www.wikidata.org/entity/Q504413,http://www.wikidata.org/entity/Q15786,1. FC Nuremberg,88.0,2005-01-01T00:00:00Z,2010-01-01T00:00:00Z
http://www.wikidata.org/entity/Q504413,http://www.wikidata.org/entity/Q27971,équipe de Tunisie de football,44.0,2002-01-01T00:00:00Z,2008-01-01T00:00:00Z
http://www.wikidata.org/entity/Q504413,http://www.wikidata.org/entity/Q157352,FSV Francfort,8.0,2010-01-01T00:00:00Z,2011-01-01T00:00:00Z
http://www.wikidata.org/entity/Q504413,http://www.wikidata.org/entity/Q44897,Espérance sportive de Tunis,132.0,2001-01-01T00:00:00Z,2005-01-01T00:00:00Z
http://www.wikidata.org/entity/Q504413,http://www.wikidata.org/entity/Q2145744,Union sportive monastirienne,31.0,2000-01-01T00:00:00Z,2001-01-01T00:00:00Z
http://www.wikidata.org/entity/Q504729,http://www.wikidata.org/entity/Q190943,Wisła Cracovie,115.0,1999-01-01T00:00:00Z,2008-01-01T00:00:00Z
http://www.wikidata.org/entity/Q504729,http://www.wikidata.org/entity/Q166196,équipe de Pologne de football,52.0,2001-01-01T00:00:00Z,2009-01-01T00:00:00Z
http://www.wikidata.org/entity/Q504729,http://www.wikidata.org/entity/Q1780231,équipe de Pologne espoirs de football,15.0,1998-01-01T00:00:00Z,1999-01-01T00:00:00Z
http://www.wikidata.org/entity/Q504729,http://www.wikidata.org/entity/Q131378,APOEL Nicosie,44.0,2008-01-01T00:00:00Z,2010-01-01T00:00:00Z
http://www.wikidata.org/entity/Q504729,http://www.wikidata.org/entity/Q428047,Apollon Limassol FC,17.0,2010-01-01T00:00:00Z,2011-01-01T00:00:00Z
http://www.wikidata.org/entity/Q504729,http://www.wikidata.org/entity/Q2037,Associazione Calcio ChievoVerona,23.0,2006-01-01T00:00:00Z,2007-01-01T00:00:00Z
http://www.wikidata.org/entity/Q504729,http://www.wikidata.org/entity/Q190943,Wisła Cracovie,10.0,2013-01-01T00:00:00Z,2013-01-01T00:00:00Z
http://www.wikidata.org/entity/Q504729,http://www.wikidata.org/entity/Q134255,Górnik Zabrze,64.0,1996-01-01T00:00:00Z,1999-01-01T00:00:00Z
http://www.wikidata.org/entity/Q504729,http://www.wikidata.org/entity/Q753580,GKS Bełchatów,33.0,2011-01-01T00:00:00Z,2013-01-01T00:00:00Z
http://www.wikidata.org/entity/Q504729,http://www.wikidata.org/entity/Q8466,1. FC Kaiserslautern,43.0,2003-01-01T00:00:00Z,2005-01-01T00:00:00Z
http://www.wikidata.org/entity/Q504729,http://www.wikidata.org/entity/Q460448,Cádiz CF,17.0,2008-01-01T00:00:00Z,2008-01-01T00:00:00Z
http://www.wikidata.org/entity/Q504729,http://www.wikidata.org/entity/Q1719028,KSZO Ostrowiec Świętokrzyski,,1990-01-01T00:00:00Z,1991-01-01T00:00:00Z
http://www.wikidata.org/entity/Q504729,http://www.wikidata.org/entity/Q18732,Southampton FC,18.0,2005-01-01T00:00:00Z,2006-01-01T00:00:00Z
http://www.wikidata.org/entity/Q504911,http://www.wikidata.org/entity/Q639525,SV Sandhausen,12.0,2015-01-01T00:00:00Z,2015-01-01T00:00:00Z
http://www.wikidata.org/entity/Q504911,http://www.wikidata.org/entity/Q3305805,Gabros International F.C.,,2004-01-01T00:00:00Z,2004-01-01T00:00:00Z
http://www.wikidata.org/entity/Q504911,http://www.wikidata.org/entity/Q214992,Aalesunds FK,12.0,2011-01-01T00:00:00Z,2012-01-01T00:00:00Z
http://www.wikidata.org/entity/Q504911,http://www.wikidata.org/entity/Q2069554,équipe du Nigeria de football des moins de 23 ans,,2008-01-01T00:00:00Z,2008-01-01T00:00:00Z
http://www.wikidata.org/entity/Q504911,http://www.wikidata.org/entity/Q3720221,équipe du Nigeria de football des moins de 20 ans,6.0,2005-01-01T00:00:00Z,2005-01-01T00:00:00Z
http://www.wikidata.org/entity/Q504911,http://www.wikidata.org/entity/Q934780,Pécsi Mecsek FC,17.0,2012-01-01T00:00:00Z,2013-01-01T00:00:00Z
http://www.wikidata.org/entity/Q504911,http://www.wikidata.org/entity/Q181930,équipe du Nigéria de football,2.0,2010-01-01T00:00:00Z,2011-01-01T00:00:00Z
http://www.wikidata.org/entity/Q504911,http://www.wikidata.org/entity/Q141882,FC Erzgebirge Aue,29.0,2013-01-01T00:00:00Z,2015-01-01T00:00:00Z
http://www.wikidata.org/entity/Q504911,http://www.wikidata.org/entity/Q157463,1. FC Sarrebruck,,2015-01-01T00:00:00Z,
http://www.wikidata.org/entity/Q504911,http://www.wikidata.org/entity/Q155218,Rot-Weiss Essen,15.0,2007-01-01T00:00:00Z,2007-01-01T00:00:00Z
http://www.wikidata.org/entity/Q504911,http://www.wikidata.org/entity/Q477073,Saturn Ramenskoïe,14.0,2008-01-01T00:00:00Z,2011-01-01T00:00:00Z
http://www.wikidata.org/entity/Q504911,http://www.wikidata.org/entity/Q102720,Hertha BSC,39.0,2005-01-01T00:00:00Z,2008-01-01T00:00:00Z
http://www.wikidata.org/entity/Q505800,http://www.wikidata.org/entity/Q10467,FC Barcelone B,60.0,1991-01-01T00:00:00Z,1996-01-01T00:00:00Z
http://www.wikidata.org/entity/Q505800,http://www.wikidata.org/entity/Q10286,Club Atlético Osasuna,14.0,1993-01-01T00:00:00Z,1994-01-01T00:00:00Z
http://www.wikidata.org/entity/Q505800,http://www.wikidata.org/entity/Q12297,Villarreal Club de Fútbol,41.0,1997-01-01T00:00:00Z,1999-01-01T00:00:00Z
http://www.wikidata.org/entity/Q505800,http://www.wikidata.org/entity/Q795173,B 93 Copenhague,1.0,1990-01-01T00:00:00Z,1991-01-01T00:00:00Z
http://www.wikidata.org/entity/Q505800,http://www.wikidata.org/entity/Q105861,VfL Bochum,76.0,2001-01-01T00:00:00Z,2003-01-01T00:00:00Z
http://www.wikidata.org/entity/Q505800,http://www.wikidata.org/entity/Q576521,Terrassa FC,17.0,1999-01-01T00:00:00Z,1999-01-01T00:00:00Z
http://www.wikidata.org/entity/Q505800,http://www.wikidata.org/entity/Q12278,Sporting Gijón,10.0,1993-01-01T00:00:00Z,1993-01-01T00:00:00Z
http://www.wikidata.org/entity/Q505800,http://www.wikidata.org/entity/Q289720,Herfølge BK,4.0,2000-01-01T00:00:00Z,2000-01-01T00:00:00Z
http://www.wikidata.org/entity/Q505800,http://www.wikidata.org/entity/Q33748,Hanovre 96,55.0,2003-01-01T00:00:00Z,2006-01-01T00:00:00Z
http://www.wikidata.org/entity/Q505800,http://www.wikidata.org/entity/Q12236,Racing de Santander,15.0,1994-01-01T00:00:00Z,1995-01-01T00:00:00Z
http://www.wikidata.org/entity/Q505800,http://www.wikidata.org/entity/Q541289,HB Køge,4.0,2000-01-01T00:00:00Z,2000-01-01T00:00:00Z
http://www.wikidata.org/entity/Q505800,http://www.wikidata.org/entity/Q271574,Real Oviedo,50.0,1996-01-01T00:00:00Z,1997-01-01T00:00:00Z
http://www.wikidata.org/entity/Q505800,http://www.wikidata.org/entity/Q1129595,équipe d'Espagne espoirs de football,11.0,1992-01-01T00:00:00Z,1995-01-01T00:00:00Z
http://www.wikidata.org/entity/Q505800,http://www.wikidata.org/entity/Q42267,équipe d'Espagne de football,2.0,1993-01-01T00:00:00Z,1993-01-01T00:00:00Z
http://www.wikidata.org/entity/Q505800,http://www.wikidata.org/entity/Q460494,Paniónios GSS,12.0,2000-01-01T00:00:00Z,2000-01-01T00:00:00Z
http://www.wikidata.org/entity/Q505800,http://www.wikidata.org/entity/Q7156,FC Barcelone,0.0,1993-01-01T00:00:00Z,1996-01-01T00:00:00Z
http://www.wikidata.org/entity/Q506221,http://www.wikidata.org/entity/Q298507,Association Sportive Vita Club,,1995-01-01T00:00:00Z,1996-01-01T00:00:00Z
http://www.wikidata.org/entity/Q506221,http://www.wikidata.org/entity/Q270080,équipe de république démocratique du Congo de football,25.0,1996-01-01T00:00:00Z,2001-01-01T00:00:00Z
http://www.wikidata.org/entity/Q506221,http://www.wikidata.org/entity/Q101859,VfL Wolfsburg,11.0,1999-01-01T00:00:00Z,2000-01-01T00:00:00Z
http://www.wikidata.org/entity/Q506221,http://www.wikidata.org/entity/Q154293,MSV Duisbourg,7.0,2000-01-01T00:00:00Z,2000-01-01T00:00:00Z
http://www.wikidata.org/entity/Q506221,http://www.wikidata.org/entity/Q298507,Association Sportive Vita Club,,1998-01-01T00:00:00Z,1998-01-01T00:00:00Z
http://www.wikidata.org/entity/Q506221,http://www.wikidata.org/entity/Q482540,Seongnam Football Club,1.0,1997-01-01T00:00:00Z,1997-01-01T00:00:00Z
http://www.wikidata.org/entity/Q506221,http://www.wikidata.org/entity/Q641373,Gençlerbirliği SK,6.0,1996-01-01T00:00:00Z,1997-01-01T00:00:00Z
http://www.wikidata.org/entity/Q506221,http://www.wikidata.org/entity/Q1024482,Club sportif sfaxien,,1998-01-01T00:00:00Z,1999-01-01T00:00:00Z
http://www.wikidata.org/entity/Q506221,http://www.wikidata.org/entity/Q1530211,Olympique de Béja,,2002-01-01T00:00:00Z,2003-01-01T00:00:00Z
http://www.wikidata.org/entity/Q506221,http://www.wikidata.org/entity/Q154293,MSV Duisbourg,7.0,2000-01-01T00:00:00Z,2001-01-01T00:00:00Z
http://www.wikidata.org/entity/Q506221,http://www.wikidata.org/entity/Q482566,Jeonnam Dragons,1.0,1997-01-01T00:00:00Z,1997-01-01T00:00:00Z
http://www.wikidata.org/entity/Q506221,http://www.wikidata.org/entity/Q1024482,Club sportif sfaxien,,2001-01-01T00:00:00Z,2002-01-01T00:00:00Z
http://www.wikidata.org/entity/Q506731,http://www.wikidata.org/entity/Q170134,SV Waldhof Mannheim,13.0,2006-01-01T00:00:00Z,2007-01-01T00:00:00Z
http://www.wikidata.org/entity/Q506731,http://www.wikidata.org/entity/Q201197,Chernomorets Bourgas,48.0,2009-01-01T00:00:00Z,2012-01-01T00:00:00Z
http://www.wikidata.org/entity/Q506731,http://www.wikidata.org/entity/Q137499,FC Hombourg,9.0,2013-01-01T00:00:00Z,2014-01-01T00:00:00Z
http://www.wikidata.org/entity/Q506731,http://www.wikidata.org/entity/Q8466,1. FC Kaiserslautern,6.0,2012-01-01T00:00:00Z,2014-01-01T00:00:00Z
http://www.wikidata.org/entity/Q506731,http://www.wikidata.org/entity/Q316786,SpVgg 07 Ludwigsburg,35.0,2004-01-01T00:00:00Z,2006-01-01T00:00:00Z
http://www.wikidata.org/entity/Q506731,http://www.wikidata.org/entity/Q1024482,Club sportif sfaxien,0.0,2013-01-01T00:00:00Z,2013-01-01T00:00:00Z
http://www.wikidata.org/entity/Q506731,http://www.wikidata.org/entity/Q153535,Alemannia Aix-la-Chapelle,10.0,2007-01-01T00:00:00Z,2007-01-01T00:00:00Z
http://www.wikidata.org/entity/Q506731,http://www.wikidata.org/entity/Q379096,SpVgg Weiden 2010,14.0,2008-01-01T00:00:00Z,2008-01-01T00:00:00Z
http://www.wikidata.org/entity/Q506731,http://www.wikidata.org/entity/Q665964,FSV Oggersheim,30.0,2008-01-01T00:00:00Z,2009-01-01T00:00:00Z
http://www.wikidata.org/entity/Q506731,http://www.wikidata.org/entity/Q507444,Henan Songshan Longmen Football Club,11.0,2012-01-01T00:00:00Z,2012-01-01T00:00:00Z
http://www.wikidata.org/entity/Q506731,http://www.wikidata.org/entity/Q154293,MSV Duisbourg,,2014-01-01T00:00:00Z,
http://www.wikidata.org/entity/Q507433,http://www.wikidata.org/entity/Q2736263,équipe de Pologne de football des moins de 17 ans,2.0,2007-01-01T00:00:00Z,2007-01-01T00:00:00Z
http://www.wikidata.org/entity/Q507433,http://www.wikidata.org/entity/Q314851,équipe d'Allemagne espoirs de football,8.0,2011-01-01T00:00:00Z,2013-01-01T00:00:00Z
http://www.wikidata.org/entity/Q507433,http://www.wikidata.org/entity/Q15755,FC Augsbourg,70.0,2012-01-01T00:00:00Z,2014-01-01T00:00:00Z
http://www.wikidata.org/entity/Q507433,http://www.wikidata.org/entity/Q51974,Hambourg SV,,2014-01-01T00:00:00Z,
http://www.wikidata.org/entity/Q507433,http://www.wikidata.org/entity/Q105861,VfL Bochum,33.0,2010-01-01T00:00:00Z,2011-01-01T00:00:00Z
http://www.wikidata.org/entity/Q507433,http://www.wikidata.org/entity/Q7924284,VfL Bochum II,17.0,2009-01-01T00:00:00Z,2011-01-01T00:00:00Z
http://www.wikidata.org/entity/Q507961,http://www.wikidata.org/entity/Q18729,Reading FC,,2015-01-01T00:00:00Z,
http://www.wikidata.org/entity/Q507961,http://www.wikidata.org/entity/Q2752922,Équipe d'Angleterre des moins de 17 ans de football,6.0,2002-01-01T00:00:00Z,2003-01-01T00:00:00Z
http://www.wikidata.org/entity/Q507961,http://www.wikidata.org/entity/Q204238,équipe d'Angleterre espoirs de football,13.0,2006-01-01T00:00:00Z,2009-01-01T00:00:00Z
http://www.wikidata.org/entity/Q507961,http://www.wikidata.org/entity/Q18662,Cardiff City F.C.,103.0,2011-01-01T00:00:00Z,2014-01-01T00:00:00Z
http://www.wikidata.org/entity/Q507961,http://www.wikidata.org/entity/Q48879,Bradford City Association Football Club,24.0,2005-01-01T00:00:00Z,2006-01-01T00:00:00Z
http://www.wikidata.org/entity/Q507961,http://www.wikidata.org/entity/Q18750,Wigan Athletic FC,,2014-01-01T00:00:00Z,
http://www.wikidata.org/entity/Q501969,http://www.wikidata.org/entity/Q385496,Omiya Ardija,,2017-01-01T00:00:00Z,2019-01-01T00:00:00Z
http://www.wikidata.org/entity/Q501969,http://www.wikidata.org/entity/Q1069071,Thespa Kusatsu,,2020-01-01T00:00:00Z,2021-01-01T00:00:00Z
http://www.wikidata.org/entity/Q501969,http://www.wikidata.org/entity/Q1047535,Kyoto Sanga Football Club,,2022-01-01T00:00:00Z,2022-01-01T00:00:00Z
http://www.wikidata.org/entity/Q483202,http://www.wikidata.org/entity/Q335195,Neuchâtel Xamax FCS,7.0,2001-01-01T00:00:00Z,2001-01-01T00:00:00Z
http://www.wikidata.org/entity/Q483202,http://www.wikidata.org/entity/Q630279,Sanfrecce Hiroshima,11.0,2001-01-01T00:00:00Z,2001-01-01T00:00:00Z
http://www.wikidata.org/entity/Q483202,http://www.wikidata.org/entity/Q324338,Torpedo Moscou,42.0,1998-01-01T00:00:00Z,1999-01-01T00:00:00Z
http://www.wikidata.org/entity/Q483202,http://www.wikidata.org/entity/Q603271,FC Aarau,4.0,2002-01-01T00:00:00Z,2003-01-01T00:00:00Z
http://www.wikidata.org/entity/Q483202,http://www.wikidata.org/entity/Q179075,Dynamo Kiev,26.0,1994-01-01T00:00:00Z,1995-01-01T00:00:00Z
http://www.wikidata.org/entity/Q483202,http://www.wikidata.org/entity/Q223360,Karpaty Lviv,2.0,2003-01-01T00:00:00Z,2004-01-01T00:00:00Z
http://www.wikidata.org/entity/Q483202,http://www.wikidata.org/entity/Q324338,Torpedo Moscou,1.0,2001-01-01T00:00:00Z,2001-01-01T00:00:00Z
http://www.wikidata.org/entity/Q483202,http://www.wikidata.org/entity/Q750779,Turan Tovuz İK,20.0,2004-01-01T00:00:00Z,2005-01-01T00:00:00Z
http://www.wikidata.org/entity/Q483202,http://www.wikidata.org/entity/Q723483,Irtych Pavlodar,37.0,1989-01-01T00:00:00Z,1990-01-01T00:00:00Z
http://www.wikidata.org/entity/Q483202,http://www.wikidata.org/entity/Q324338,Torpedo Moscou,30.0,1992-01-01T00:00:00Z,1993-01-01T00:00:00Z
http://www.wikidata.org/entity/Q483202,http://www.wikidata.org/entity/Q221525,FC Metz,32.0,1999-01-01T00:00:00Z,2002-01-01T00:00:00Z
http://www.wikidata.org/entity/Q483202,http://www.wikidata.org/entity/Q170403,équipe d'Ukraine de football,17.0,1994-01-01T00:00:00Z,2002-01-01T00:00:00Z
http://www.wikidata.org/entity/Q483202,http://www.wikidata.org/entity/Q2134350,Temp Chepetivka,28.0,1993-01-01T00:00:00Z,1994-01-01T00:00:00Z
http://www.wikidata.org/entity/Q483202,http://www.wikidata.org/entity/Q482406,Football Club Séoul,34.0,1996-01-01T00:00:00Z,1997-01-01T00:00:00Z
http://www.wikidata.org/entity/Q483510,http://www.wikidata.org/entity/Q543842,équipe de Corée du Sud de football,54.0,2011-01-01T00:00:00Z,
http://www.wikidata.org/entity/Q483510,http://www.wikidata.org/entity/Q1056948,Al-Duhail Sports Club,160.0,2012-01-01T00:00:00Z,2019-06-01T00:00:00Z
http://www.wikidata.org/entity/Q483510,http://www.wikidata.org/entity/Q488454,équipe de Corée du Sud de football des moins de 23 ans,9.0,2012-01-01T00:00:00Z,2012-01-01T00:00:00Z
http://www.wikidata.org/entity/Q483510,http://www.wikidata.org/entity/Q493401,équipe de Corée du Sud des moins de 17 ans de football,4.0,2006-01-01T00:00:00Z,2006-01-01T00:00:00Z
http://www.wikidata.org/entity/Q483510,http://www.wikidata.org/entity/Q283545,Al-Sadd SC,37.0,2019-07-01T00:00:00Z,2021-01-01T00:00:00Z
http://www.wikidata.org/entity/Q483510,http://www.wikidata.org/entity/Q212269,Valenciennes FC,37.0,2009-01-01T00:00:00Z,2012-01-01T00:00:00Z
http://www.wikidata.org/entity/Q485775,http://www.wikidata.org/entity/Q482406,Football Club Séoul,23.0,2018-01-01T00:00:00Z,2019-01-01T00:00:00Z
http://www.wikidata.org/entity/Q485775,http://www.wikidata.org/entity/Q211906,Brøndby IF,0.0,2016-01-01T00:00:00Z,2017-01-01T00:00:00Z
http://www.wikidata.org/entity/Q485775,http://www.wikidata.org/entity/Q488454,équipe de Corée du Sud de football des moins de 23 ans,27.0,2010-01-01T00:00:00Z,2012-01-01T00:00:00Z
http://www.wikidata.org/entity/Q485775,http://www.wikidata.org/entity/Q18723,QP Rangers,1.0,2013-01-01T00:00:00Z,2013-01-01T00:00:00Z
http://www.wikidata.org/entity/Q485775,http://www.wikidata.org/entity/Q484569,Gangwon Football Club,33.0,2021-01-01T00:00:00Z,
http://www.wikidata.org/entity/Q485775,http://www.wikidata.org/entity/Q493401,équipe de Corée du Sud des moins de 17 ans de football,10.0,2007-01-01T00:00:00Z,2007-01-01T00:00:00Z
http://www.wikidata.org/entity/Q485775,http://www.wikidata.org/entity/Q18723,QP Rangers,33.0,2014-01-01T00:00:00Z,2016-01-01T00:00:00Z
http://www.wikidata.org/entity/Q485775,http://www.wikidata.org/entity/Q844931,Kashiwa Reysol,17.0,2017-01-01T00:00:00Z,2021-01-01T00:00:00Z
http://www.wikidata.org/entity/Q485775,http://www.wikidata.org/entity/Q19462,Charlton Athletic FC,9.0,2016-01-01T00:00:00Z,2016-01-01T00:00:00Z
http://www.wikidata.org/entity/Q485775,http://www.wikidata.org/entity/Q543842,équipe de Corée du Sud de football,13.0,2012-01-01T00:00:00Z,
http://www.wikidata.org/entity/Q485775,http://www.wikidata.org/entity/Q19589,Doncaster Rovers Football Club,3.0,2013-01-01T00:00:00Z,2013-01-01T00:00:00Z
http://www.wikidata.org/entity/Q485775,http://www.wikidata.org/entity/Q495027,Busan IPark,6.0,2020-01-01T00:00:00Z,2020-01-01T00:00:00Z
http://www.wikidata.org/entity/Q485775,http://www.wikidata.org/entity/Q495929,équipe de Corée du Sud des moins de 20 ans de football,12.0,2008-01-01T00:00:00Z,2009-01-01T00:00:00Z
http://www.wikidata.org/entity/Q485775,http://www.wikidata.org/entity/Q482566,Jeonnam Dragons,86.0,2009-01-01T00:00:00Z,2012-01-01T00:00:00Z
http://www.wikidata.org/entity/Q485775,http://www.wikidata.org/entity/Q484569,Gangwon Football Club,28.0,2019-01-01T00:00:00Z,2019-01-01T00:00:00Z
http://www.wikidata.org/entity/Q488706,http://www.wikidata.org/entity/Q5426374,FK Remont Čačak,14.0,2002-01-01T00:00:00Z,2002-01-01T00:00:00Z
http://www.wikidata.org/entity/Q488706,http://www.wikidata.org/entity/Q457460,SV Ried,1.0,2007-01-01T00:00:00Z,2007-01-01T00:00:00Z
http://www.wikidata.org/entity/Q488706,http://www.wikidata.org/entity/Q2272209,équipe de Serbie espoirs de football,3.0,2006-01-01T00:00:00Z,2007-01-01T00:00:00Z
http://www.wikidata.org/entity/Q488706,http://www.wikidata.org/entity/Q5426374,FK Remont Čačak,13.0,2006-01-01T00:00:00Z,2006-01-01T00:00:00Z
http://www.wikidata.org/entity/Q488706,http://www.wikidata.org/entity/Q556837,Shenyang Shenbei,55.0,2013-01-01T00:00:00Z,2014-01-01T00:00:00Z
http://www.wikidata.org/entity/Q488706,http://www.wikidata.org/entity/Q754310,FK Borac Čačak,,2003-01-01T00:00:00Z,2008-01-01T00:00:00Z
http://www.wikidata.org/entity/Q488706,http://www.wikidata.org/entity/Q169985,Pohang Steelers,,2011-01-01T00:00:00Z,2013-01-01T00:00:00Z
http://www.wikidata.org/entity/Q488706,http://www.wikidata.org/entity/Q213161,FK Čukarički,12.0,2015-01-01T00:00:00Z,2015-01-01T00:00:00Z
http://www.wikidata.org/entity/Q488706,http://www.wikidata.org/entity/Q209509,Grenoble Foot 38,15.0,2008-01-01T00:00:00Z,2010-01-01T00:00:00Z
http://www.wikidata.org/entity/Q488706,http://www.wikidata.org/entity/Q5426374,FK Remont Čačak,14.0,2004-01-01T00:00:00Z,2004-01-01T00:00:00Z
http://www.wikidata.org/entity/Q488706,http://www.wikidata.org/entity/Q218724,FK Javor Ivanjica,34.0,2010-01-01T00:00:00Z,2011-01-01T00:00:00Z
http://www.wikidata.org/entity/Q488706,http://www.wikidata.org/entity/Q173009,Étoile rouge Belgrade,,2015-01-01T00:00:00Z,
http://www.wikidata.org/entity/Q489945,http://www.wikidata.org/entity/Q639560,Tennis Borussia Berlin,2.0,2004-01-01T00:00:00Z,2004-01-01T00:00:00Z
http://www.wikidata.org/entity/Q489945,http://www.wikidata.org/entity/Q142005,FC Hansa Rostock,43.0,2004-01-01T00:00:00Z,2006-01-01T00:00:00Z
http://www.wikidata.org/entity/Q489945,http://www.wikidata.org/entity/Q142005,FC Hansa Rostock,73.0,2006-01-01T00:00:00Z,2008-01-01T00:00:00Z
http://www.wikidata.org/entity/Q489945,http://www.wikidata.org/entity/Q170105,SV Stuttgarter Kickers,,2013-01-01T00:00:00Z,
http://www.wikidata.org/entity/Q489945,http://www.wikidata.org/entity/Q102720,Hertha BSC,42.0,2008-01-01T00:00:00Z,2010-01-01T00:00:00Z
http://www.wikidata.org/entity/Q489945,http://www.wikidata.org/entity/Q159936,Kickers Offenbach,68.0,2011-01-01T00:00:00Z,2013-01-01T00:00:00Z
http://www.wikidata.org/entity/Q489945,http://www.wikidata.org/entity/Q157352,FSV Francfort,10.0,2010-01-01T00:00:00Z,2011-01-01T00:00:00Z
http://www.wikidata.org/entity/Q490518,http://www.wikidata.org/entity/Q3589784,équipe d'Espagne de football des moins de 18 ans,2.0,1986-01-01T00:00:00Z,1986-01-01T00:00:00Z
http://www.wikidata.org/entity/Q490518,http://www.wikidata.org/entity/Q738846,équipe du Pays basque de football,3.0,1993-01-01T00:00:00Z,1996-01-01T00:00:00Z
http://www.wikidata.org/entity/Q490518,http://www.wikidata.org/entity/Q8687,Athletic Bilbao,275.0,1988-01-01T00:00:00Z,1996-01-01T00:00:00Z
http://www.wikidata.org/entity/Q490518,http://www.wikidata.org/entity/Q1129595,équipe d'Espagne espoirs de football,5.0,1989-01-01T00:00:00Z,1990-01-01T00:00:00Z
http://www.wikidata.org/entity/Q490518,http://www.wikidata.org/entity/Q794970,Athletic Bilbao B,68.0,1986-01-01T00:00:00Z,1988-01-01T00:00:00Z
http://www.wikidata.org/entity/Q490518,http://www.wikidata.org/entity/Q3873503,équipe d'Espagne de football des moins de 16 ans,9.0,1984-01-01T00:00:00Z,1985-01-01T00:00:00Z
http://www.wikidata.org/entity/Q490518,http://www.wikidata.org/entity/Q10308,Real Saragosse,164.0,1996-01-01T00:00:00Z,2002-01-01T00:00:00Z
http://www.wikidata.org/entity/Q490858,http://www.wikidata.org/entity/Q2037,Associazione Calcio ChievoVerona,4.0,2015-01-01T00:00:00Z,2015-01-01T00:00:00Z
http://www.wikidata.org/entity/Q490858,http://www.wikidata.org/entity/Q3873525,équipe du Danemark de football des moins de 19 ans,9.0,2008-01-01T00:00:00Z,2009-01-01T00:00:00Z
http://www.wikidata.org/entity/Q490858,http://www.wikidata.org/entity/Q635654,Lyngby BK,80.0,2008-01-01T00:00:00Z,2012-01-01T00:00:00Z
http://www.wikidata.org/entity/Q490858,http://www.wikidata.org/entity/Q131785,équipe du Danemark de football,4.0,2013-01-01T00:00:00Z,2015-01-01T00:00:00Z
http://www.wikidata.org/entity/Q490858,http://www.wikidata.org/entity/Q1270152,équipe du Danemark espoirs de football,7.0,2011-01-01T00:00:00Z,2012-01-01T00:00:00Z
http://www.wikidata.org/entity/Q490858,http://www.wikidata.org/entity/Q3873544,équipe du Danemark de football des moins de 20 ans,3.0,2010-01-01T00:00:00Z,2010-01-01T00:00:00Z
http://www.wikidata.org/entity/Q490858,http://www.wikidata.org/entity/Q1270129,équipe du Danemark de football des moins de 18 ans,1.0,2008-01-01T00:00:00Z,2008-01-01T00:00:00Z
http://www.wikidata.org/entity/Q490858,http://www.wikidata.org/entity/Q210025,Football Club Nordsjælland,67.0,2012-01-01T00:00:00Z,2015-01-01T00:00:00Z
http://www.wikidata.org/entity/Q490858,http://www.wikidata.org/entity/Q204881,Malmö FF,,2016-01-01T00:00:00Z,
http://www.wikidata.org/entity/Q491630,http://www.wikidata.org/entity/Q1772776,équipe du Portugal de football des moins de 20 ans,19.0,1998-01-01T00:00:00Z,1999-01-01T00:00:00Z
http://www.wikidata.org/entity/Q491630,http://www.wikidata.org/entity/Q482406,Football Club Séoul,11.0,2010-01-01T00:00:00Z,2010-01-01T00:00:00Z
http://www.wikidata.org/entity/Q491630,http://www.wikidata.org/entity/Q131499,SL Benfica,10.0,2001-01-01T00:00:00Z,2001-01-01T00:00:00Z
http://www.wikidata.org/entity/Q491630,http://www.wikidata.org/entity/Q8476,Reggina 1914,30.0,2004-01-01T00:00:00Z,2007-01-01T00:00:00Z
http://www.wikidata.org/entity/Q491630,http://www.wikidata.org/entity/Q1061615,Dalian Haichang,7.0,2012-01-01T00:00:00Z,2012-01-01T00:00:00Z
http://www.wikidata.org/entity/Q491630,http://www.wikidata.org/entity/Q371136,Futebol Clube Paços de Ferreira,15.0,2004-01-01T00:00:00Z,2004-01-01T00:00:00Z
http://www.wikidata.org/entity/Q491630,http://www.wikidata.org/entity/Q208585,Vitória Futebol Clube,14.0,2000-01-01T00:00:00Z,2000-01-01T00:00:00Z
http://www.wikidata.org/entity/Q491630,http://www.wikidata.org/entity/Q216459,Clube Desportivo Nacional,24.0,2002-01-01T00:00:00Z,2004-01-01T00:00:00Z
http://www.wikidata.org/entity/Q491630,http://www.wikidata.org/entity/Q8643,Vicenza Calcio,18.0,2005-01-01T00:00:00Z,2006-01-01T00:00:00Z
http://www.wikidata.org/entity/Q491630,http://www.wikidata.org/entity/Q1386850,FC Alverca,,1998-01-01T00:00:00Z,1999-01-01T00:00:00Z
http://www.wikidata.org/entity/Q491630,http://www.wikidata.org/entity/Q7387158,S.C. Braga B,2.0,2002-01-01T00:00:00Z,2002-01-01T00:00:00Z
http://www.wikidata.org/entity/Q491630,http://www.wikidata.org/entity/Q1386850,FC Alverca,4.0,2000-01-01T00:00:00Z,2000-01-01T00:00:00Z
http://www.wikidata.org/entity/Q491630,http://www.wikidata.org/entity/Q757320,PAE Astéras Trípolis,24.0,2008-01-01T00:00:00Z,2010-01-01T00:00:00Z
http://www.wikidata.org/entity/Q491630,http://www.wikidata.org/entity/Q2749186,Clube Oriental de Lisboa,,1998-01-01T00:00:00Z,1999-01-01T00:00:00Z
http://www.wikidata.org/entity/Q491630,http://www.wikidata.org/entity/Q216503,Club Sport Marítimo,25.0,2007-01-01T00:00:00Z,2008-01-01T00:00:00Z
http://www.wikidata.org/entity/Q491630,http://www.wikidata.org/entity/Q7387221,S.L. Benfica B,26.0,1999-01-01T00:00:00Z,2001-01-01T00:00:00Z
http://www.wikidata.org/entity/Q491630,http://www.wikidata.org/entity/Q1630430,équipe du Portugal espoirs de football,7.0,1999-01-01T00:00:00Z,2000-01-01T00:00:00Z
http://www.wikidata.org/entity/Q491630,http://www.wikidata.org/entity/Q216503,Club Sport Marítimo,20.0,2010-01-01T00:00:00Z,2011-01-01T00:00:00Z
http://www.wikidata.org/entity/Q491630,http://www.wikidata.org/entity/Q75684,Sporting Clube de Braga,5.0,2002-01-01T00:00:00Z,2002-01-01T00:00:00Z
http://www.wikidata.org/entity/Q493156,http://www.wikidata.org/entity/Q33748,Hanovre 96,,2013-01-01T00:00:00Z,
http://www.wikidata.org/entity/Q493156,http://www.wikidata.org/entity/Q319699,équipe d'Allemagne des moins de 17 ans de football,12.0,2009-01-01T00:00:00Z,2010-01-01T00:00:00Z
http://www.wikidata.org/entity/Q493156,http://www.wikidata.org/entity/Q314851,équipe d'Allemagne espoirs de football,4.0,2013-01-01T00:00:00Z,2013-01-01T00:00:00Z
http://www.wikidata.org/entity/Q483510,http://www.wikidata.org/entity/Q1056948,Al-Duhail Sports Club,34.0,2021-01-01T00:00:00Z,2023-01-01T00:00:00Z
http://www.wikidata.org/entity/Q483510,http://www.wikidata.org/entity/Q854932,Yokohama F·Marinos,20.0,2023-01-01T00:00:00Z,2024-01-01T00:00:00Z
http://www.wikidata.org/entity/Q483510,http://www.wikidata.org/entity/Q482617,Jeju SK Football Club,45.0,2024-01-01T00:00:00Z,2026-01-01T00:00:00Z
http://www.wikidata.org/entity/Q483510,http://www.wikidata.org/entity/Q839997,Brisbane Roar Football Club,0.0,2026-01-01T00:00:00Z,
http://www.wikidata.org/entity/Q493156,http://www.wikidata.org/entity/Q316497,équipe d'Allemagne de football des moins de 20 ans,2.0,2012-01-01T00:00:00Z,2012-01-01T00:00:00Z
http://www.wikidata.org/entity/Q493156,http://www.wikidata.org/entity/Q33748,Hanovre 96,5.0,2015-01-01T00:00:00Z,2015-01-01T00:00:00Z
http://www.wikidata.org/entity/Q493156,http://www.wikidata.org/entity/Q1202759,équipe d'Allemagne de football des moins de 16 ans,5.0,2008-01-01T00:00:00Z,2009-01-01T00:00:00Z
http://www.wikidata.org/entity/Q493156,http://www.wikidata.org/entity/Q154293,MSV Duisbourg,37.0,2011-01-01T00:00:00Z,2013-01-01T00:00:00Z
http://www.wikidata.org/entity/Q493156,http://www.wikidata.org/entity/Q2016992,équipe d'Allemagne de football des moins de 18 ans,7.0,2010-01-01T00:00:00Z,2011-01-01T00:00:00Z
http://www.wikidata.org/entity/Q493156,http://www.wikidata.org/entity/Q324854,équipe d'Allemagne de football des moins de 19 ans,7.0,2011-01-01T00:00:00Z,2012-01-01T00:00:00Z
http://www.wikidata.org/entity/Q493156,http://www.wikidata.org/entity/Q18024471,MSV Duisburg II,1.0,2011-01-01T00:00:00Z,2011-01-01T00:00:00Z
http://www.wikidata.org/entity/Q493156,http://www.wikidata.org/entity/Q154293,MSV Duisbourg,,2011-01-01T00:00:00Z,2011-01-01T00:00:00Z
http://www.wikidata.org/entity/Q493189,http://www.wikidata.org/entity/Q170117,FC Ingolstadt 04,53.0,2012-01-01T00:00:00Z,2015-01-01T00:00:00Z
http://www.wikidata.org/entity/Q493189,http://www.wikidata.org/entity/Q102720,Hertha BSC,47.0,2010-01-01T00:00:00Z,2012-01-01T00:00:00Z
http://www.wikidata.org/entity/Q493189,http://www.wikidata.org/entity/Q105844,DSC Arminia Bielefeld,74.0,2007-01-01T00:00:00Z,2010-01-01T00:00:00Z
http://www.wikidata.org/entity/Q493189,http://www.wikidata.org/entity/Q153539,SpVgg Greuther Fürth,60.0,2005-01-01T00:00:00Z,2007-01-01T00:00:00Z
http://www.wikidata.org/entity/Q493189,http://www.wikidata.org/entity/Q318969,HNK Rijeka,123.0,1998-01-01T00:00:00Z,2003-01-01T00:00:00Z
http://www.wikidata.org/entity/Q493189,http://www.wikidata.org/entity/Q172803,Dinamo Zagreb,51.0,2003-01-01T00:00:00Z,2005-01-01T00:00:00Z
http://www.wikidata.org/entity/Q493189,http://www.wikidata.org/entity/Q2331381,équipe de Croatie espoirs de football,10.0,1999-01-01T00:00:00Z,2001-01-01T00:00:00Z
http://www.wikidata.org/entity/Q494286,http://www.wikidata.org/entity/Q425690,Gyeongnam Football Club,12.0,2014-01-01T00:00:00Z,2014-01-01T00:00:00Z
http://www.wikidata.org/entity/Q494286,http://www.wikidata.org/entity/Q130521,Guangzhou Football Club,47.0,2011-01-01T00:00:00Z,2012-01-01T00:00:00Z
http://www.wikidata.org/entity/Q494286,http://www.wikidata.org/entity/Q543842,équipe de Corée du Sud de football,36.0,2005-01-01T00:00:00Z,2009-01-01T00:00:00Z
http://www.wikidata.org/entity/Q494286,http://www.wikidata.org/entity/Q482449,Suwon Samsung Bluewings Football Club,,2016-01-01T00:00:00Z,
http://www.wikidata.org/entity/Q494286,http://www.wikidata.org/entity/Q18750,Wigan Athletic FC,5.0,2009-01-01T00:00:00Z,2011-01-01T00:00:00Z
http://www.wikidata.org/entity/Q494286,http://www.wikidata.org/entity/Q385496,Omiya Ardija,4.0,2014-01-01T00:00:00Z,2014-01-01T00:00:00Z
http://www.wikidata.org/entity/Q494286,http://www.wikidata.org/entity/Q495929,équipe de Corée du Sud des moins de 20 ans de football,3.0,2006-01-01T00:00:00Z,2006-01-01T00:00:00Z
http://www.wikidata.org/entity/Q494286,http://www.wikidata.org/entity/Q482449,Suwon Samsung Bluewings Football Club,20.0,2010-01-01T00:00:00Z,2010-01-01T00:00:00Z
http://www.wikidata.org/entity/Q494286,http://www.wikidata.org/entity/Q564192,Wuhan FC,29.0,2013-01-01T00:00:00Z,2014-01-01T00:00:00Z
http://www.wikidata.org/entity/Q494286,http://www.wikidata.org/entity/Q129673,Ulsan HD Football Club,1.0,2002-01-01T00:00:00Z,2002-01-01T00:00:00Z
http://www.wikidata.org/entity/Q494286,http://www.wikidata.org/entity/Q484536,Sangju Sangmu Phoenix,33.0,2003-01-01T00:00:00Z,2004-01-01T00:00:00Z
http://www.wikidata.org/entity/Q494286,http://www.wikidata.org/entity/Q129673,Ulsan HD Football Club,1.0,2002-01-01T00:00:00Z,2004-01-01T00:00:00Z
http://www.wikidata.org/entity/Q494286,http://www.wikidata.org/entity/Q16261725,Seoul E-Land FC,37.0,2015-01-01T00:00:00Z,2015-01-01T00:00:00Z
http://www.wikidata.org/entity/Q494286,http://www.wikidata.org/entity/Q482449,Suwon Samsung Bluewings Football Club,82.0,2005-01-01T00:00:00Z,2008-01-01T00:00:00Z
http://www.wikidata.org/entity/Q494286,http://www.wikidata.org/entity/Q495929,équipe de Corée du Sud des moins de 20 ans de football,10.0,2002-01-01T00:00:00Z,2003-01-01T00:00:00Z
http://www.wikidata.org/entity/Q495477,http://www.wikidata.org/entity/Q193377,Stade Malherbe Caen,14.0,2013-01-01T00:00:00Z,2014-01-01T00:00:00Z
http://www.wikidata.org/entity/Q495477,http://www.wikidata.org/entity/Q311268,Al-Rayyan SC,0.0,2014-01-01T00:00:00Z,2015-01-01T00:00:00Z
http://www.wikidata.org/entity/Q495477,http://www.wikidata.org/entity/Q488454,équipe de Corée du Sud de football des moins de 23 ans,,2011-01-01T00:00:00Z,
http://www.wikidata.org/entity/Q495477,http://www.wikidata.org/entity/Q172476,Girondins de Bordeaux,0.0,2012-01-01T00:00:00Z,2012-01-01T00:00:00Z
http://www.wikidata.org/entity/Q495477,http://www.wikidata.org/entity/Q513145,Tokushima Vortis,,2015-01-01T00:00:00Z,
http://www.wikidata.org/entity/Q495477,http://www.wikidata.org/entity/Q5425080,FC Olympic Tallinn,0.0,2012-01-01T00:00:00Z,2015-01-01T00:00:00Z
http://www.wikidata.org/entity/Q495477,http://www.wikidata.org/entity/Q495929,équipe de Corée du Sud des moins de 20 ans de football,20.0,2009-01-01T00:00:00Z,2011-01-01T00:00:00Z
http://www.wikidata.org/entity/Q496553,http://www.wikidata.org/entity/Q19498,Sheffield Wednesday FC,70.0,2016-01-01T00:00:00Z,2019-01-01T00:00:00Z
http://www.wikidata.org/entity/Q496553,http://www.wikidata.org/entity/Q18516,Hereford United Football Club,19.0,2008-01-01T00:00:00Z,2008-01-01T00:00:00Z
http://www.wikidata.org/entity/Q496553,http://www.wikidata.org/entity/Q19615,Scunthorpe United FC,80.0,2008-01-01T00:00:00Z,2010-01-01T00:00:00Z
http://www.wikidata.org/entity/Q496553,http://www.wikidata.org/entity/Q19595,Leyton Orient FC,4.0,2007-01-01T00:00:00Z,2007-01-01T00:00:00Z
http://www.wikidata.org/entity/Q496553,http://www.wikidata.org/entity/Q18721,Norwich City FC,64.0,2013-01-01T00:00:00Z,2016-01-01T00:00:00Z
http://www.wikidata.org/entity/Q496553,http://www.wikidata.org/entity/Q19498,Sheffield Wednesday FC,12.0,2015-01-01T00:00:00Z,2016-01-01T00:00:00Z
http://www.wikidata.org/entity/Q496553,http://www.wikidata.org/entity/Q48951,Southend United FC,32.0,2006-01-01T00:00:00Z,2008-01-01T00:00:00Z
http://www.wikidata.org/entity/Q496553,http://www.wikidata.org/entity/Q19593,Celtic FC,95.0,2010-01-01T00:00:00Z,2013-01-01T00:00:00Z
http://www.wikidata.org/entity/Q496553,http://www.wikidata.org/entity/Q625130,Grays Athletic Football Club,69.0,2003-01-01T00:00:00Z,2006-01-01T00:00:00Z
http://www.wikidata.org/entity/Q498468,http://www.wikidata.org/entity/Q160826,équipe de Suède de football,36.0,1996-01-01T00:00:00Z,2004-01-01T00:00:00Z
http://www.wikidata.org/entity/Q498468,http://www.wikidata.org/entity/Q207503,Helsingborgs IF,58.0,2005-01-01T00:00:00Z,2007-01-01T00:00:00Z
http://www.wikidata.org/entity/Q498468,http://www.wikidata.org/entity/Q207503,Helsingborgs IF,135.0,1995-01-01T00:00:00Z,2000-01-01T00:00:00Z
http://www.wikidata.org/entity/Q498468,http://www.wikidata.org/entity/Q211906,Brøndby IF,34.0,2003-01-01T00:00:00Z,2004-01-01T00:00:00Z
http://www.wikidata.org/entity/Q498468,http://www.wikidata.org/entity/Q18732,Southampton FC,27.0,2004-01-01T00:00:00Z,2005-01-01T00:00:00Z
http://www.wikidata.org/entity/Q498468,http://www.wikidata.org/entity/Q863273,Landskrona BoIS,99.0,1990-01-01T00:00:00Z,1994-01-01T00:00:00Z
http://www.wikidata.org/entity/Q498468,http://www.wikidata.org/entity/Q142005,FC Hansa Rostock,99.0,2000-01-01T00:00:00Z,2003-01-01T00:00:00Z
http://www.wikidata.org/entity/Q498576,http://www.wikidata.org/entity/Q108001798,IFK Norrköping FK,,2012-01-01T00:00:00Z,
http://www.wikidata.org/entity/Q498576,http://www.wikidata.org/entity/Q105861,VfL Bochum,51.0,2009-01-01T00:00:00Z,2012-01-01T00:00:00Z
http://www.wikidata.org/entity/Q498576,http://www.wikidata.org/entity/Q2255267,équipe de Suède espoirs de football,12.0,2003-01-01T00:00:00Z,2004-01-01T00:00:00Z
http://www.wikidata.org/entity/Q498576,http://www.wikidata.org/entity/Q160826,équipe de Suède de football,1.0,2009-01-01T00:00:00Z,2009-01-01T00:00:00Z
http://www.wikidata.org/entity/Q498576,http://www.wikidata.org/entity/Q584858,Halmstads BK,165.0,2002-01-01T00:00:00Z,2009-01-01T00:00:00Z
http://www.wikidata.org/entity/Q498576,http://www.wikidata.org/entity/Q7924284,VfL Bochum II,2.0,2009-01-01T00:00:00Z,2010-01-01T00:00:00Z
http://www.wikidata.org/entity/Q498579,http://www.wikidata.org/entity/Q622430,Djurgårdens IF,124.0,2000-01-01T00:00:00Z,2005-01-01T00:00:00Z
http://www.wikidata.org/entity/Q498579,http://www.wikidata.org/entity/Q211912,Odense Boldklub,69.0,2010-01-01T00:00:00Z,2012-01-01T00:00:00Z
http://www.wikidata.org/entity/Q498579,http://www.wikidata.org/entity/Q3246365,Melleruds IF,38.0,1993-01-01T00:00:00Z,1995-01-01T00:00:00Z
http://www.wikidata.org/entity/Q498579,http://www.wikidata.org/entity/Q11492669,Aalborg BK,93.0,2007-01-01T00:00:00Z,2010-01-01T00:00:00Z
http://www.wikidata.org/entity/Q498579,http://www.wikidata.org/entity/Q622430,Djurgårdens IF,48.0,2013-01-01T00:00:00Z,2014-01-01T00:00:00Z
http://www.wikidata.org/entity/Q498579,http://www.wikidata.org/entity/Q1140767,Degerfors IF,56.0,1996-01-01T00:00:00Z,1998-01-01T00:00:00Z
http://www.wikidata.org/entity/Q498579,http://www.wikidata.org/entity/Q18750,Wigan Athletic FC,29.0,2005-01-01T00:00:00Z,2007-01-01T00:00:00Z
http://www.wikidata.org/entity/Q498579,http://www.wikidata.org/entity/Q267574,AaB Ålborg,93.0,2007-01-01T00:00:00Z,2010-01-01T00:00:00Z
http://www.wikidata.org/entity/Q498579,http://www.wikidata.org/entity/Q221602,AIK Solna,12.0,1999-01-01T00:00:00Z,1999-01-01T00:00:00Z
http://www.wikidata.org/entity/Q498579,http://www.wikidata.org/entity/Q160826,équipe de Suède de football,16.0,2002-01-01T00:00:00Z,2008-01-01T00:00:00Z
http://www.wikidata.org/entity/Q499199,http://www.wikidata.org/entity/Q141931,SG Dynamo Dresde,,2015-01-01T00:00:00Z,
http://www.wikidata.org/entity/Q499199,http://www.wikidata.org/entity/Q151747,Fortuna Düsseldorf,284.0,2002-01-01T00:00:00Z,2015-01-01T00:00:00Z
http://www.wikidata.org/entity/Q499258,http://www.wikidata.org/entity/Q301431,AGF Aarhus,12.0,2014-01-01T00:00:00Z,2015-01-01T00:00:00Z
http://www.wikidata.org/entity/Q499258,http://www.wikidata.org/entity/Q3873525,équipe du Danemark de football des moins de 19 ans,,2010-01-01T00:00:00Z,2010-01-01T00:00:00Z
http://www.wikidata.org/entity/Q499258,http://www.wikidata.org/entity/Q3873525,équipe du Danemark de football des moins de 19 ans,3.0,2007-01-01T00:00:00Z,2008-01-01T00:00:00Z
http://www.wikidata.org/entity/Q499258,http://www.wikidata.org/entity/Q301431,AGF Aarhus,,2014-01-01T00:00:00Z,2015-01-01T00:00:00Z
http://www.wikidata.org/entity/Q499258,http://www.wikidata.org/entity/Q3873544,équipe du Danemark de football des moins de 20 ans,1.0,2011-01-01T00:00:00Z,2011-01-01T00:00:00Z
http://www.wikidata.org/entity/Q499258,http://www.wikidata.org/entity/Q1270129,équipe du Danemark de football des moins de 18 ans,3.0,2007-01-01T00:00:00Z,2008-01-01T00:00:00Z
http://www.wikidata.org/entity/Q499258,http://www.wikidata.org/entity/Q3873525,équipe du Danemark de football des moins de 19 ans,2.0,2009-01-01T00:00:00Z,2009-01-01T00:00:00Z
http://www.wikidata.org/entity/Q499258,http://www.wikidata.org/entity/Q210025,Football Club Nordsjælland,77.0,2009-01-01T00:00:00Z,2014-01-01T00:00:00Z
http://www.wikidata.org/entity/Q499258,http://www.wikidata.org/entity/Q138749,équipe du Danemark de football des moins de 16 ans,2.0,2006-01-01T00:00:00Z,2006-01-01T00:00:00Z
http://www.wikidata.org/entity/Q499258,http://www.wikidata.org/entity/Q3873525,équipe du Danemark de football des moins de 19 ans,1.0,2011-01-01T00:00:00Z,2011-01-01T00:00:00Z
http://www.wikidata.org/entity/Q499258,http://www.wikidata.org/entity/Q1270152,équipe du Danemark espoirs de football,,2011-01-01T00:00:00Z,2012-01-01T00:00:00Z
http://www.wikidata.org/entity/Q499258,http://www.wikidata.org/entity/Q1270133,équipe du Danemark de football des moins de 17 ans,,2006-01-01T00:00:00Z,2007-01-01T00:00:00Z
http://www.wikidata.org/entity/Q499258,http://www.wikidata.org/entity/Q1270133,équipe du Danemark de football des moins de 17 ans,2.0,2006-01-01T00:00:00Z,2006-01-01T00:00:00Z
http://www.wikidata.org/entity/Q499258,http://www.wikidata.org/entity/Q635654,Lyngby BK,1.0,2008-01-01T00:00:00Z,2009-01-01T00:00:00Z
http://www.wikidata.org/entity/Q499258,http://www.wikidata.org/entity/Q19521,AS Saint-Étienne,0.0,2013-01-01T00:00:00Z,2013-01-01T00:00:00Z
http://www.wikidata.org/entity/Q500940,http://www.wikidata.org/entity/Q43310,équipe d'Allemagne de football,10.0,1990-01-01T00:00:00Z,1994-01-01T00:00:00Z
http://www.wikidata.org/entity/Q500940,http://www.wikidata.org/entity/Q19593,Celtic FC,70.0,1995-01-01T00:00:00Z,1998-01-01T00:00:00Z
http://www.wikidata.org/entity/Q500940,http://www.wikidata.org/entity/Q104761,Bayer Leverkusen,161.0,1990-01-01T00:00:00Z,1995-01-01T00:00:00Z
http://www.wikidata.org/entity/Q500940,http://www.wikidata.org/entity/Q102720,Hertha BSC,51.0,1998-01-01T00:00:00Z,2001-01-01T00:00:00Z
http://www.wikidata.org/entity/Q500940,http://www.wikidata.org/entity/Q159930,BFC Dynamo,158.0,1983-01-01T00:00:00Z,1990-01-01T00:00:00Z
http://www.wikidata.org/entity/Q500940,http://www.wikidata.org/entity/Q152424,équipe d'Allemagne de l'Est de football,51.0,1984-01-01T00:00:00Z,1990-01-01T00:00:00Z
http://www.wikidata.org/entity/Q501969,http://www.wikidata.org/entity/Q823384,Shimizu S-Pulse,14.0,2013-01-01T00:00:00Z,2014-01-01T00:00:00Z
http://www.wikidata.org/entity/Q501969,http://www.wikidata.org/entity/Q823384,Shimizu S-Pulse,,2014-01-01T00:00:00Z,2016-01-01T00:00:00Z
http://www.wikidata.org/entity/Q501969,http://www.wikidata.org/entity/Q823384,Shimizu S-Pulse,83.0,2008-01-01T00:00:00Z,2012-01-01T00:00:00Z
http://www.wikidata.org/entity/Q501969,http://www.wikidata.org/entity/Q151747,Fortuna Düsseldorf,7.0,2013-01-01T00:00:00Z,2013-01-01T00:00:00Z
http://www.wikidata.org/entity/Q507961,http://www.wikidata.org/entity/Q4201740,équipe d'Angleterre de football des moins de 16 ans,4.0,2002-01-01T00:00:00Z,2002-01-01T00:00:00Z
http://www.wikidata.org/entity/Q507961,http://www.wikidata.org/entity/Q18661,Middlesbrough FC,125.0,2004-01-01T00:00:00Z,2011-01-01T00:00:00Z
http://www.wikidata.org/entity/Q507961,http://www.wikidata.org/entity/Q1049176,équipe d'Angleterre de football des moins de 20 ans,1.0,2005-01-01T00:00:00Z,2005-01-01T00:00:00Z
http://www.wikidata.org/entity/Q507961,http://www.wikidata.org/entity/Q1049171,équipe d'Angleterre de football des moins de 18 ans,3.0,2004-01-01T00:00:00Z,2004-01-01T00:00:00Z
http://www.wikidata.org/entity/Q507961,http://www.wikidata.org/entity/Q2714,Watford Football Club,19.0,2010-01-01T00:00:00Z,2011-01-01T00:00:00Z
http://www.wikidata.org/entity/Q507961,http://www.wikidata.org/entity/Q2358861,équipe d'Angleterre de football des moins de 19 ans,10.0,2004-01-01T00:00:00Z,2005-01-01T00:00:00Z
http://www.wikidata.org/entity/Q508009,http://www.wikidata.org/entity/Q2674,Palermo F.C.,8.0,2013-01-01T00:00:00Z,2013-01-01T00:00:00Z
http://www.wikidata.org/entity/Q508009,http://www.wikidata.org/entity/Q19446,Blackburn Rovers FC,49.0,2011-01-01T00:00:00Z,2013-01-01T00:00:00Z
http://www.wikidata.org/entity/Q508009,http://www.wikidata.org/entity/Q221882,Newell's Old Boys,76.0,2006-01-01T00:00:00Z,2011-01-01T00:00:00Z
http://www.wikidata.org/entity/Q508009,http://www.wikidata.org/entity/Q79800,équipe d'Argentine de football,1.0,2011-01-01T00:00:00Z,2011-01-01T00:00:00Z
http://www.wikidata.org/entity/Q508009,http://www.wikidata.org/entity/Q845859,CD Cruz Azul,58.0,2013-01-01T00:00:00Z,2015-01-01T00:00:00Z
http://www.wikidata.org/entity/Q508009,http://www.wikidata.org/entity/Q2902690,équipe d'Argentine de football des moins de 17 ans,4.0,2005-01-01T00:00:00Z,2006-01-01T00:00:00Z
http://www.wikidata.org/entity/Q508009,http://www.wikidata.org/entity/Q221882,Newell's Old Boys,,2015-01-01T00:00:00Z,
http://www.wikidata.org/entity/Q508316,http://www.wikidata.org/entity/Q35933,Corinthians Paulista,52.0,2001-07-01T00:00:00Z,2003-01-01T00:00:00Z
http://www.wikidata.org/entity/Q508316,http://www.wikidata.org/entity/Q17479,Clube de Regatas do Flamengo,56.0,2010-08-01T00:00:00Z,2012-09-01T00:00:00Z
http://www.wikidata.org/entity/Q508316,http://www.wikidata.org/entity/Q80955,Santos FC,4.0,1999-11-01T00:00:00Z,2001-06-01T00:00:00Z
http://www.wikidata.org/entity/Q508316,http://www.wikidata.org/entity/Q80955,Santos FC,48.0,2004-05-01T00:00:00Z,2005-06-01T00:00:00Z
http://www.wikidata.org/entity/Q508316,http://www.wikidata.org/entity/Q478317,Coritiba FC,30.0,2012-09-01T00:00:00Z,2014-01-01T00:00:00Z
http://www.wikidata.org/entity/Q508316,http://www.wikidata.org/entity/Q6601875,Fenerbahçe Istanbul,94.0,2006-09-01T00:00:00Z,2010-08-01T00:00:00Z
http://www.wikidata.org/entity/Q508316,http://www.wikidata.org/entity/Q75729,Sporting Clube de Portugal,26.0,2005-07-01T00:00:00Z,2006-08-01T00:00:00Z
http://www.wikidata.org/entity/Q508316,http://www.wikidata.org/entity/Q2035444,Joinville Esporte Clube,,1999-01-01T00:00:00Z,1999-07-01T00:00:00Z
http://www.wikidata.org/entity/Q508316,http://www.wikidata.org/entity/Q3345324,Nova Iguaçu Futebol Clube,,1998-01-01T00:00:00Z,2003-07-01T00:00:00Z
http://www.wikidata.org/entity/Q508316,http://www.wikidata.org/entity/Q172476,Girondins de Bordeaux,23.0,2003-07-01T00:00:00Z,2005-07-01T00:00:00Z
http://www.wikidata.org/entity/Q508316,http://www.wikidata.org/entity/Q188277,Cruzeiro EC,19.0,2003-01-01T00:00:00Z,2003-07-01T00:00:00Z
http://www.wikidata.org/entity/Q508388,http://www.wikidata.org/entity/Q8633,Varèse Calcio,9.0,2014-01-01T00:00:00Z,2015-01-01T00:00:00Z
http://www.wikidata.org/entity/Q508388,http://www.wikidata.org/entity/Q297430,S.S. Arezzo,12.0,2008-01-01T00:00:00Z,2008-01-01T00:00:00Z
http://www.wikidata.org/entity/Q508388,http://www.wikidata.org/entity/Q476836,Arsenal Fútbol Club,17.0,2004-01-01T00:00:00Z,2005-01-01T00:00:00Z
http://www.wikidata.org/entity/Q508388,http://www.wikidata.org/entity/Q223450,Vitória Sport Clube,5.0,2005-01-01T00:00:00Z,2006-01-01T00:00:00Z
http://www.wikidata.org/entity/Q508388,http://www.wikidata.org/entity/Q6767,US Livourne 1915,,2015-01-01T00:00:00Z,2015-01-01T00:00:00Z
http://www.wikidata.org/entity/Q508388,http://www.wikidata.org/entity/Q214978,CA Independiente,47.0,2001-01-01T00:00:00Z,2004-01-01T00:00:00Z
http://www.wikidata.org/entity/Q508388,http://www.wikidata.org/entity/Q13416768,GS Iraklis Thessalonique,23.0,2006-01-01T00:00:00Z,2007-01-01T00:00:00Z
http://www.wikidata.org/entity/Q508388,http://www.wikidata.org/entity/Q592241,Iraklis Thessalonique,23.0,2006-01-01T00:00:00Z,2007-01-01T00:00:00Z
http://www.wikidata.org/entity/Q508388,http://www.wikidata.org/entity/Q6641,SSC Bari,75.0,2008-01-01T00:00:00Z,2012-01-01T00:00:00Z
http://www.wikidata.org/entity/Q508388,http://www.wikidata.org/entity/Q8633,Varèse Calcio,11.0,2012-01-01T00:00:00Z,2012-01-01T00:00:00Z
http://www.wikidata.org/entity/Q508388,http://www.wikidata.org/entity/Q8615,Spezia Calcio,16.0,2013-01-01T00:00:00Z,2014-01-01T00:00:00Z
http://www.wikidata.org/entity/Q508388,http://www.wikidata.org/entity/Q1022939,Club Atlético Talleres,11.0,2007-01-01T00:00:00Z,2008-01-01T00:00:00Z
http://www.wikidata.org/entity/Q508388,http://www.wikidata.org/entity/Q8639,Hellas Vérone Football Club,25.0,2012-01-01T00:00:00Z,2013-01-01T00:00:00Z
http://www.wikidata.org/entity/Q508576,http://www.wikidata.org/entity/Q216661,Club Deportivo Tenerife,20.0,2012-01-01T00:00:00Z,2012-01-01T00:00:00Z
http://www.wikidata.org/entity/Q508576,http://www.wikidata.org/entity/Q837238,Club Deportivo Alcoyano,13.0,2015-01-01T00:00:00Z,2015-01-01T00:00:00Z
http://www.wikidata.org/entity/Q508576,http://www.wikidata.org/entity/Q10319,Real Valladolid,6.0,2007-01-01T00:00:00Z,2009-01-01T00:00:00Z
http://www.wikidata.org/entity/Q508576,http://www.wikidata.org/entity/Q460448,Cádiz CF,46.0,2013-01-01T00:00:00Z,2015-01-01T00:00:00Z
http://www.wikidata.org/entity/Q508576,http://www.wikidata.org/entity/Q518166,Polideportivo Ejido,10.0,2008-01-01T00:00:00Z,2008-01-01T00:00:00Z
http://www.wikidata.org/entity/Q508576,http://www.wikidata.org/entity/Q855199,Club Deportivo Atlético Baleares,,2015-01-01T00:00:00Z,
http://www.wikidata.org/entity/Q508576,http://www.wikidata.org/entity/Q10383,AD Alcorcón,29.0,2012-01-01T00:00:00Z,2013-01-01T00:00:00Z
http://www.wikidata.org/entity/Q508576,http://www.wikidata.org/entity/Q697353,UD Salamanca,73.0,2009-01-01T00:00:00Z,2011-01-01T00:00:00Z
http://www.wikidata.org/entity/Q508665,http://www.wikidata.org/entity/Q175309,équipe du Cameroun de football,63.0,1994-01-01T00:00:00Z,2006-01-01T00:00:00Z
http://www.wikidata.org/entity/Q508665,http://www.wikidata.org/entity/Q1277456,Panachaïkí,71.0,1995-01-01T00:00:00Z,1998-01-01T00:00:00Z
http://www.wikidata.org/entity/Q508665,http://www.wikidata.org/entity/Q372599,Sivasspor,26.0,2005-01-01T00:00:00Z,2006-01-01T00:00:00Z
http://www.wikidata.org/entity/Q508665,http://www.wikidata.org/entity/Q105861,VfL Bochum,77.0,2002-01-01T00:00:00Z,2005-01-01T00:00:00Z
http://www.wikidata.org/entity/Q508665,http://www.wikidata.org/entity/Q1340181,Union Douala,26.0,2006-01-01T00:00:00Z,2008-01-01T00:00:00Z
http://www.wikidata.org/entity/Q508665,http://www.wikidata.org/entity/Q732742,CF Extremadura,121.0,1998-01-01T00:00:00Z,2002-01-01T00:00:00Z
http://www.wikidata.org/entity/Q508665,http://www.wikidata.org/entity/Q527947,Canon Yaoundé,,1993-01-01T00:00:00Z,1995-01-01T00:00:00Z
http://www.wikidata.org/entity/Q509498,http://www.wikidata.org/entity/Q2829334,Al Faisaly,9.0,2007-01-01T00:00:00Z,2007-01-01T00:00:00Z
http://www.wikidata.org/entity/Q509498,http://www.wikidata.org/entity/Q283981,Al-Khor Sports Club,2.0,2007-01-01T00:00:00Z,2007-01-01T00:00:00Z
http://www.wikidata.org/entity/Q509498,http://www.wikidata.org/entity/Q286490,Al-Masry Club,42.0,2010-01-01T00:00:00Z,2012-01-01T00:00:00Z
http://www.wikidata.org/entity/Q509498,http://www.wikidata.org/entity/Q426874,Al-Dhafra,8.0,2009-01-01T00:00:00Z,2010-01-01T00:00:00Z
http://www.wikidata.org/entity/Q509498,http://www.wikidata.org/entity/Q19513,Montpellier Hérault SC,104.0,2001-01-01T00:00:00Z,2006-01-01T00:00:00Z
http://www.wikidata.org/entity/Q509498,http://www.wikidata.org/entity/Q283981,Al-Khor Sports Club,8.0,2010-01-01T00:00:00Z,2010-01-01T00:00:00Z
http://www.wikidata.org/entity/Q509498,http://www.wikidata.org/entity/Q2610176,Ittihad Al Shorta,,2015-01-01T00:00:00Z,
http://www.wikidata.org/entity/Q509498,http://www.wikidata.org/entity/Q286504,Zamalek Sporting Club,,2014-01-01T00:00:00Z,
http://www.wikidata.org/entity/Q509498,http://www.wikidata.org/entity/Q286504,Zamalek Sporting Club,12.0,2012-01-01T00:00:00Z,2013-01-01T00:00:00Z
http://www.wikidata.org/entity/Q509498,http://www.wikidata.org/entity/Q812719,Al-Sailiya Sports Club,38.0,2007-01-01T00:00:00Z,2009-01-01T00:00:00Z
http://www.wikidata.org/entity/Q509498,http://www.wikidata.org/entity/Q429501,Al-Ittihad Tripoli,,2013-01-01T00:00:00Z,2014-01-01T00:00:00Z
http://www.wikidata.org/entity/Q509498,http://www.wikidata.org/entity/Q44270,équipe du Burkina Faso de football,,2003-01-01T00:00:00Z,2007-01-01T00:00:00Z
http://www.wikidata.org/entity/Q509498,http://www.wikidata.org/entity/Q19513,Montpellier Hérault SC,,2001-01-01T00:00:00Z,2001-01-01T00:00:00Z
http://www.wikidata.org/entity/Q509965,http://www.wikidata.org/entity/Q503317,Dijon FCO,,2012-01-01T00:00:00Z,2014-01-01T00:00:00Z
http://www.wikidata.org/entity/Q509965,http://www.wikidata.org/entity/Q1785786,Villemomble Sports,8.0,2007-01-01T00:00:00Z,2008-01-01T00:00:00Z
http://www.wikidata.org/entity/Q509965,http://www.wikidata.org/entity/Q492159,US Créteil-Lusitanos,7.0,2006-01-01T00:00:00Z,2007-01-01T00:00:00Z
http://www.wikidata.org/entity/Q509965,http://www.wikidata.org/entity/Q852266,ASEC Mimosas,,2008-01-01T00:00:00Z,2012-01-01T00:00:00Z
http://www.wikidata.org/entity/Q509965,http://www.wikidata.org/entity/Q1785786,Villemomble Sports,31.0,2004-01-01T00:00:00Z,2005-01-01T00:00:00Z
http://www.wikidata.org/entity/Q509965,http://www.wikidata.org/entity/Q175145,équipe de Côte d'Ivoire de football,,2003-01-01T00:00:00Z,2013-01-01T00:00:00Z
http://www.wikidata.org/entity/Q509965,http://www.wikidata.org/entity/Q5202776,équipe de Côte d'Ivoire de football des moins de 20 ans,3.0,2003-01-01T00:00:00Z,2003-01-01T00:00:00Z
http://www.wikidata.org/entity/Q509965,http://www.wikidata.org/entity/Q208399,SC Bastia,20.0,2005-01-01T00:00:00Z,2006-01-01T00:00:00Z
http://www.wikidata.org/entity/Q509965,http://www.wikidata.org/entity/Q208399,SC Bastia,45.0,2000-01-01T00:00:00Z,2005-01-01T00:00:00Z
http://www.wikidata.org/entity/Q510428,http://www.wikidata.org/entity/Q352270,Adanaspor,1.0,2014-01-01T00:00:00Z,2014-01-01T00:00:00Z
http://www.wikidata.org/entity/Q510428,http://www.wikidata.org/entity/Q915883,Tokatspor,,2015-01-01T00:00:00Z,
http://www.wikidata.org/entity/Q510428,http://www.wikidata.org/entity/Q7924284,VfL Bochum II,33.0,2004-01-01T00:00:00Z,2007-01-01T00:00:00Z
http://www.wikidata.org/entity/Q510428,http://www.wikidata.org/entity/Q43710,Antalyaspor,7.0,2007-01-01T00:00:00Z,2014-01-01T00:00:00Z
http://www.wikidata.org/entity/Q510428,http://www.wikidata.org/entity/Q1110567,Hatayspor,11.0,2014-01-01T00:00:00Z,2015-01-01T00:00:00Z
http://www.wikidata.org/entity/Q510428,http://www.wikidata.org/entity/Q105861,VfL Bochum,0.0,2004-01-01T00:00:00Z,2005-01-01T00:00:00Z
http://www.wikidata.org/entity/Q511076,http://www.wikidata.org/entity/Q318307,CA Rosario Central,1.0,2004-01-01T00:00:00Z,2005-01-01T00:00:00Z
http://www.wikidata.org/entity/Q511076,http://www.wikidata.org/entity/Q15799,Club Atlético River Plate,0.0,2005-01-01T00:00:00Z,2006-01-01T00:00:00Z
http://www.wikidata.org/entity/Q511076,http://www.wikidata.org/entity/Q2902690,équipe d'Argentine de football des moins de 17 ans,10.0,2003-01-01T00:00:00Z,2003-01-01T00:00:00Z
http://www.wikidata.org/entity/Q511076,http://www.wikidata.org/entity/Q59839,Atlético de Rafaela,19.0,2007-01-01T00:00:00Z,2007-01-01T00:00:00Z
http://www.wikidata.org/entity/Q511076,http://www.wikidata.org/entity/Q2674,Palermo F.C.,6.0,2013-01-01T00:00:00Z,2013-01-01T00:00:00Z
http://www.wikidata.org/entity/Q511076,http://www.wikidata.org/entity/Q18723,QP Rangers,108.0,2009-01-01T00:00:00Z,2013-01-01T00:00:00Z
http://www.wikidata.org/entity/Q511076,http://www.wikidata.org/entity/Q5006215,Club Sport Marítimo B,15.0,2008-01-01T00:00:00Z,2008-01-01T00:00:00Z
http://www.wikidata.org/entity/Q511076,http://www.wikidata.org/entity/Q318307,CA Rosario Central,1.0,2004-01-01T00:00:00Z,2004-01-01T00:00:00Z
http://www.wikidata.org/entity/Q511076,http://www.wikidata.org/entity/Q1421829,Instituto Córdoba,51.0,2008-01-01T00:00:00Z,2009-01-01T00:00:00Z
http://www.wikidata.org/entity/Q511220,http://www.wikidata.org/entity/Q2798,Udinese Calcio,,2010-01-01T00:00:00Z,
http://www.wikidata.org/entity/Q511220,http://www.wikidata.org/entity/Q172014,équipe du Ghana de football,,2008-01-01T00:00:00Z,
http://www.wikidata.org/entity/Q511220,http://www.wikidata.org/entity/Q578491,Asante Kotoko Football Club,18.0,2008-01-01T00:00:00Z,2009-01-01T00:00:00Z
http://www.wikidata.org/entity/Q511220,http://www.wikidata.org/entity/Q1891221,Berekum Arsenal,19.0,2007-01-01T00:00:00Z,2009-01-01T00:00:00Z
http://www.wikidata.org/entity/Q511220,http://www.wikidata.org/entity/Q3590668,équipe du Ghana de football des moins de 20 ans,10.0,2009-01-01T00:00:00Z,2009-01-01T00:00:00Z
http://www.wikidata.org/entity/Q511220,http://www.wikidata.org/entity/Q12249,Recreativo de Huelva,22.0,2009-01-01T00:00:00Z,2009-01-01T00:00:00Z
http://www.wikidata.org/entity/Q511220,http://www.wikidata.org/entity/Q3590667,équipe du Ghana de football des moins de 23 ans,7.0,2011-01-01T00:00:00Z,2011-01-01T00:00:00Z
http://www.wikidata.org/entity/Q511298,http://www.wikidata.org/entity/Q2637337,équipe d'Espagne de football des moins de 23 ans,11.0,1991-01-01T00:00:00Z,1992-01-01T00:00:00Z
http://www.wikidata.org/entity/Q511298,http://www.wikidata.org/entity/Q8835,RCD Majorque,339.0,1991-01-01T00:00:00Z,2004-01-01T00:00:00Z
http://www.wikidata.org/entity/Q511298,http://www.wikidata.org/entity/Q914169,RCD Majorque B,,1988-01-01T00:00:00Z,1991-01-01T00:00:00Z
http://www.wikidata.org/entity/Q512769,http://www.wikidata.org/entity/Q131603,TSV Munich 1860,17.0,2003-01-01T00:00:00Z,2004-01-01T00:00:00Z
http://www.wikidata.org/entity/Q512769,http://www.wikidata.org/entity/Q188430,FC Copenhague,16.0,2004-01-01T00:00:00Z,2006-01-01T00:00:00Z
http://www.wikidata.org/entity/Q512769,http://www.wikidata.org/entity/Q186785,Rosenborg Ballklub,41.0,2001-01-01T00:00:00Z,2003-01-01T00:00:00Z
http://www.wikidata.org/entity/Q512769,http://www.wikidata.org/entity/Q208584,HJK Helsinki,46.0,1993-01-01T00:00:00Z,1996-01-01T00:00:00Z
http://www.wikidata.org/entity/Q512769,http://www.wikidata.org/entity/Q208584,HJK Helsinki,5.0,2009-01-01T00:00:00Z,2010-01-01T00:00:00Z
http://www.wikidata.org/entity/Q512769,http://www.wikidata.org/entity/Q385042,Football Club Honka,38.0,2006-01-01T00:00:00Z,2007-01-01T00:00:00Z
http://www.wikidata.org/entity/Q512769,http://www.wikidata.org/entity/Q186532,équipe de Finlande de football,42.0,2000-01-01T00:00:00Z,2008-01-01T00:00:00Z
http://www.wikidata.org/entity/Q512769,http://www.wikidata.org/entity/Q639723,BK Häcken,37.0,2008-01-01T00:00:00Z,2009-01-01T00:00:00Z
http://www.wikidata.org/entity/Q512769,http://www.wikidata.org/entity/Q208584,HJK Helsinki,37.0,1999-01-01T00:00:00Z,2000-01-01T00:00:00Z
http://www.wikidata.org/entity/Q512769,http://www.wikidata.org/entity/Q201567,IFK Göteborg,3.0,1997-01-01T00:00:00Z,1998-01-01T00:00:00Z
http://www.wikidata.org/entity/Q512769,http://www.wikidata.org/entity/Q208584,HJK Helsinki,5.0,2010-01-01T00:00:00Z,2011-01-01T00:00:00Z
http://www.wikidata.org/entity/Q513904,http://www.wikidata.org/entity/Q188430,FC Copenhague,7.0,2012-01-01T00:00:00Z,2013-01-01T00:00:00Z
http://www.wikidata.org/entity/Q513904,http://www.wikidata.org/entity/Q1270152,équipe du Danemark espoirs de football,31.0,2005-01-01T00:00:00Z,2008-01-01T00:00:00Z
http://www.wikidata.org/entity/Q513904,http://www.wikidata.org/entity/Q795173,B 93 Copenhague,14.0,2002-01-01T00:00:00Z,2003-01-01T00:00:00Z
http://www.wikidata.org/entity/Q513904,http://www.wikidata.org/entity/Q11938,PSV Eindhoven,1.0,2003-01-01T00:00:00Z,2005-01-01T00:00:00Z
http://www.wikidata.org/entity/Q513904,http://www.wikidata.org/entity/Q267574,AaB Ålborg,111.0,2005-01-01T00:00:00Z,2010-01-01T00:00:00Z
http://www.wikidata.org/entity/Q513904,http://www.wikidata.org/entity/Q10407,UD Almería,5.0,2010-01-01T00:00:00Z,2011-01-01T00:00:00Z
http://www.wikidata.org/entity/Q513904,http://www.wikidata.org/entity/Q389879,Esbjerg fB,60.0,2014-01-01T00:00:00Z,2016-01-01T00:00:00Z
http://www.wikidata.org/entity/Q513904,http://www.wikidata.org/entity/Q1270133,équipe du Danemark de football des moins de 17 ans,23.0,2001-01-01T00:00:00Z,2003-01-01T00:00:00Z
http://www.wikidata.org/entity/Q513904,http://www.wikidata.org/entity/Q10407,UD Almería,49.0,2011-01-01T00:00:00Z,2012-01-01T00:00:00Z
http://www.wikidata.org/entity/Q513904,http://www.wikidata.org/entity/Q138749,équipe du Danemark de football des moins de 16 ans,3.0,2001-01-01T00:00:00Z,2001-01-01T00:00:00Z
http://www.wikidata.org/entity/Q513904,http://www.wikidata.org/entity/Q3873544,équipe du Danemark de football des moins de 20 ans,2.0,2006-01-01T00:00:00Z,2006-01-01T00:00:00Z
http://www.wikidata.org/entity/Q513904,http://www.wikidata.org/entity/Q11492669,Aalborg BK,153.0,2005-01-01T00:00:00Z,2010-01-01T00:00:00Z
http://www.wikidata.org/entity/Q513904,http://www.wikidata.org/entity/Q3873525,équipe du Danemark de football des moins de 19 ans,13.0,2003-01-01T00:00:00Z,2005-01-01T00:00:00Z
http://www.wikidata.org/entity/Q513904,http://www.wikidata.org/entity/Q131785,équipe du Danemark de football,8.0,2009-01-01T00:00:00Z,2010-01-01T00:00:00Z
http://www.wikidata.org/entity/Q513904,http://www.wikidata.org/entity/Q210025,Football Club Nordsjælland,13.0,2013-01-01T00:00:00Z,2013-01-01T00:00:00Z
http://www.wikidata.org/entity/Q513904,http://www.wikidata.org/entity/Q214374,Lillestrøm SK,5.0,2016-01-01T00:00:00Z,2016-01-01T00:00:00Z
http://www.wikidata.org/entity/Q514341,http://www.wikidata.org/entity/Q2756,Sienne FC,4.0,2008-09-01T00:00:00Z,2008-12-01T00:00:00Z
http://www.wikidata.org/entity/Q514341,http://www.wikidata.org/entity/Q1024397,FCM Reșița,,1992-01-01T00:00:00Z,2002-01-01T00:00:00Z
http://www.wikidata.org/entity/Q514341,http://www.wikidata.org/entity/Q168397,équipe de Roumanie de football,12.0,2008-01-01T00:00:00Z,2019-01-01T00:00:00Z
http://www.wikidata.org/entity/Q514341,http://www.wikidata.org/entity/Q584629,FC Universitatea Craiova,39.0,2002-01-01T00:00:00Z,2005-01-01T00:00:00Z
http://www.wikidata.org/entity/Q514341,http://www.wikidata.org/entity/Q20718281,PFC Ludogorets Razgrad II,2.0,2021-01-01T00:00:00Z,2021-01-01T00:00:00Z
http://www.wikidata.org/entity/Q514341,http://www.wikidata.org/entity/Q204237,FC Dinamo Bucarest,177.0,2005-01-01T00:00:00Z,2012-01-01T00:00:00Z
http://www.wikidata.org/entity/Q514341,http://www.wikidata.org/entity/Q1339086,PFC Ludogorets 1945,192.0,2012-01-01T00:00:00Z,2021-01-01T00:00:00Z
http://www.wikidata.org/entity/Q514341,http://www.wikidata.org/entity/Q2175909,équipe de Roumanie espoirs de football,21.0,2003-01-01T00:00:00Z,2006-01-01T00:00:00Z
http://www.wikidata.org/entity/Q514568,http://www.wikidata.org/entity/Q392115,FK Moscou,33.0,2006-01-01T00:00:00Z,2009-01-01T00:00:00Z
http://www.wikidata.org/entity/Q514568,http://www.wikidata.org/entity/Q218282,CA San Lorenzo,21.0,2008-01-01T00:00:00Z,2009-01-01T00:00:00Z
http://www.wikidata.org/entity/Q514568,http://www.wikidata.org/entity/Q79800,équipe d'Argentine de football,1.0,2009-01-01T00:00:00Z,2011-01-01T00:00:00Z
http://www.wikidata.org/entity/Q514568,http://www.wikidata.org/entity/Q214940,Estudiantes de La Plata,19.0,2011-01-01T00:00:00Z,2011-01-01T00:00:00Z
http://www.wikidata.org/entity/Q514568,http://www.wikidata.org/entity/Q218282,CA San Lorenzo,,2014-01-01T00:00:00Z,
http://www.wikidata.org/entity/Q514568,http://www.wikidata.org/entity/Q1187790,équipe d'Argentine des moins de 20 ans de football,15.0,2004-01-01T00:00:00Z,2005-01-01T00:00:00Z
http://www.wikidata.org/entity/Q514568,http://www.wikidata.org/entity/Q2018,Catania Football Club,86.0,2009-01-01T00:00:00Z,2014-01-01T00:00:00Z
http://www.wikidata.org/entity/Q514568,http://www.wikidata.org/entity/Q218282,CA San Lorenzo,72.0,2003-01-01T00:00:00Z,2006-01-01T00:00:00Z
http://www.wikidata.org/entity/Q514631,http://www.wikidata.org/entity/Q221525,FC Metz,69.0,2010-01-01T00:00:00Z,2012-01-01T00:00:00Z
http://www.wikidata.org/entity/Q514631,http://www.wikidata.org/entity/Q270051,Athletic club ajaccien,68.0,2008-01-01T00:00:00Z,2010-01-01T00:00:00Z
http://www.wikidata.org/entity/Q514631,http://www.wikidata.org/entity/Q19523,AS Nancy-Lorraine,10.0,2003-01-01T00:00:00Z,2008-01-01T00:00:00Z
http://www.wikidata.org/entity/Q514631,http://www.wikidata.org/entity/Q845067,LB Châteauroux,61.0,2012-01-01T00:00:00Z,2014-01-01T00:00:00Z
http://www.wikidata.org/entity/Q514631,http://www.wikidata.org/entity/Q760736,Stade lavallois,21.0,2014-01-01T00:00:00Z,2015-01-01T00:00:00Z
http://www.wikidata.org/entity/Q514631,http://www.wikidata.org/entity/Q1426377,Union sportive raonnaise,33.0,2005-01-01T00:00:00Z,2006-01-01T00:00:00Z
http://www.wikidata.org/entity/Q514631,http://www.wikidata.org/entity/Q298462,Sarreguemines FC,5.0,2018-01-01T00:00:00Z,
http://www.wikidata.org/entity/Q514631,http://www.wikidata.org/entity/Q288419,Pau Football Club,18.0,2016-08-01T00:00:00Z,2017-12-01T00:00:00Z
http://www.wikidata.org/entity/Q514631,http://www.wikidata.org/entity/Q1322550,FC Petrolul Ploiești,12.0,2016-01-01T00:00:00Z,2016-08-01T00:00:00Z
http://www.wikidata.org/entity/Q515039,http://www.wikidata.org/entity/Q181216,HNK Hajduk Split,27.0,1994-01-01T00:00:00Z,1995-01-01T00:00:00Z
http://www.wikidata.org/entity/Q515039,http://www.wikidata.org/entity/Q19470,Derby County FC,84.0,1995-01-01T00:00:00Z,1999-01-01T00:00:00Z
http://www.wikidata.org/entity/Q515039,http://www.wikidata.org/entity/Q460448,Cádiz CF,62.0,1992-01-01T00:00:00Z,1994-01-01T00:00:00Z
http://www.wikidata.org/entity/Q515039,http://www.wikidata.org/entity/Q726271,HNK Cibalia,31.0,1986-01-01T00:00:00Z,1987-01-01T00:00:00Z
http://www.wikidata.org/entity/Q515039,http://www.wikidata.org/entity/Q18747,West Ham United FC,43.0,1999-01-01T00:00:00Z,2001-01-01T00:00:00Z
http://www.wikidata.org/entity/Q515039,http://www.wikidata.org/entity/Q134479,équipe de Croatie de football,53.0,1990-01-01T00:00:00Z,2002-01-01T00:00:00Z
http://www.wikidata.org/entity/Q515039,http://www.wikidata.org/entity/Q8060426,équipe de Yougoslavie de football des moins de 20 ans,4.0,1987-01-01T00:00:00Z,1987-01-01T00:00:00Z
http://www.wikidata.org/entity/Q515039,http://www.wikidata.org/entity/Q181216,HNK Hajduk Split,11.0,2001-01-01T00:00:00Z,2002-01-01T00:00:00Z
http://www.wikidata.org/entity/Q515039,http://www.wikidata.org/entity/Q181216,HNK Hajduk Split,64.0,1985-01-01T00:00:00Z,1992-01-01T00:00:00Z
http://www.wikidata.org/entity/Q515068,http://www.wikidata.org/entity/Q52942,Lech Poznań,95.0,1987-01-01T00:00:00Z,1992-01-01T00:00:00Z
http://www.wikidata.org/entity/Q515068,http://www.wikidata.org/entity/Q19628,Olympiakós,25.0,1995-01-01T00:00:00Z,1996-01-01T00:00:00Z
http://www.wikidata.org/entity/Q515068,http://www.wikidata.org/entity/Q204220,Red Bulls de New York,5.0,2003-01-01T00:00:00Z,2003-01-01T00:00:00Z
http://www.wikidata.org/entity/Q515068,http://www.wikidata.org/entity/Q107818,FC Energie Cottbus,24.0,2002-01-01T00:00:00Z,2003-01-01T00:00:00Z
http://www.wikidata.org/entity/Q515068,http://www.wikidata.org/entity/Q101859,VfL Wolfsburg,108.0,1998-01-01T00:00:00Z,2002-01-01T00:00:00Z
http://www.wikidata.org/entity/Q515068,http://www.wikidata.org/entity/Q166196,équipe de Pologne de football,39.0,1992-01-01T00:00:00Z,2001-01-01T00:00:00Z
http://www.wikidata.org/entity/Q515068,http://www.wikidata.org/entity/Q141882,FC Erzgebirge Aue,110.0,2004-01-01T00:00:00Z,2007-01-01T00:00:00Z
http://www.wikidata.org/entity/Q515068,http://www.wikidata.org/entity/Q101959,Borussia Mönchengladbach,52.0,1996-01-01T00:00:00Z,1998-01-01T00:00:00Z
http://www.wikidata.org/entity/Q515068,http://www.wikidata.org/entity/Q75729,Sporting Clube de Portugal,74.0,1992-01-01T00:00:00Z,1995-01-01T00:00:00Z
http://www.wikidata.org/entity/Q516161,http://www.wikidata.org/entity/Q15755,FC Augsbourg,92.0,2011-01-01T00:00:00Z,2016-01-01T00:00:00Z
http://www.wikidata.org/entity/Q516161,http://www.wikidata.org/entity/Q18024471,MSV Duisburg II,49.0,2006-01-01T00:00:00Z,2008-01-01T00:00:00Z
http://www.wikidata.org/entity/Q516161,http://www.wikidata.org/entity/Q157352,FSV Francfort,47.0,2010-01-01T00:00:00Z,2011-01-01T00:00:00Z
http://www.wikidata.org/entity/Q516161,http://www.wikidata.org/entity/Q154293,MSV Duisbourg,11.0,2007-01-01T00:00:00Z,2008-01-01T00:00:00Z
http://www.wikidata.org/entity/Q516161,http://www.wikidata.org/entity/Q5424829,FC Augsburg II,6.0,2012-01-01T00:00:00Z,2015-01-01T00:00:00Z
http://www.wikidata.org/entity/Q516161,http://www.wikidata.org/entity/Q155218,Rot-Weiss Essen,52.0,2008-01-01T00:00:00Z,2010-01-01T00:00:00Z
http://www.wikidata.org/entity/Q516161,http://www.wikidata.org/entity/Q131603,TSV Munich 1860,,2016-01-01T00:00:00Z,
http://www.wikidata.org/entity/Q516161,http://www.wikidata.org/entity/Q655059,Schwarz-Weiss Essen,39.0,2004-01-01T00:00:00Z,2006-01-01T00:00:00Z
http://www.wikidata.org/entity/Q516535,http://www.wikidata.org/entity/Q999035,Western Sydney Wanderers Football Club,12.0,2015-01-01T00:00:00Z,
http://www.wikidata.org/entity/Q516535,http://www.wikidata.org/entity/Q268208,équipe d'Australie de football,,2009-01-01T00:00:00Z,
http://www.wikidata.org/entity/Q516535,http://www.wikidata.org/entity/Q330143,Sydney FC,48.0,2010-01-01T00:00:00Z,2012-01-01T00:00:00Z
http://www.wikidata.org/entity/Q516535,http://www.wikidata.org/entity/Q354059,Adelaide United Football Club,49.0,2008-01-01T00:00:00Z,2010-01-01T00:00:00Z
http://www.wikidata.org/entity/Q516535,http://www.wikidata.org/entity/Q19451,Bolton Wanderers FC,0.0,2006-01-01T00:00:00Z,2008-01-01T00:00:00Z
http://www.wikidata.org/entity/Q516535,http://www.wikidata.org/entity/Q4923485,Blacktown City FC,1.0,2003-01-01T00:00:00Z,2005-01-01T00:00:00Z
http://www.wikidata.org/entity/Q516535,http://www.wikidata.org/entity/Q852033,Perth Glory FC,,2012-01-01T00:00:00Z,2015-01-01T00:00:00Z
http://www.wikidata.org/entity/Q516535,http://www.wikidata.org/entity/Q3589754,équipe d'Australie de football des moins de 17 ans,3.0,2005-01-01T00:00:00Z,2006-01-01T00:00:00Z
http://www.wikidata.org/entity/Q517015,http://www.wikidata.org/entity/Q4534647,Belarus national under-19 football team,2.0,2004-01-01T00:00:00Z,2004-01-01T00:00:00Z
http://www.wikidata.org/entity/Q517015,http://www.wikidata.org/entity/Q666969,Arka Gdynia,10.0,2017-07-01T00:00:00Z,2018-06-01T00:00:00Z
http://www.wikidata.org/entity/Q517015,http://www.wikidata.org/entity/Q925648,Jiangsu Football Club,20.0,2012-01-01T00:00:00Z,2013-01-01T00:00:00Z
http://www.wikidata.org/entity/Q517015,http://www.wikidata.org/entity/Q186252,équipe de Biélorussie de football,38.0,2008-01-01T00:00:00Z,2016-01-01T00:00:00Z
http://www.wikidata.org/entity/Q517015,http://www.wikidata.org/entity/Q2073145,équipe de Biélorussie espoirs de football,25.0,2006-01-01T00:00:00Z,2009-01-01T00:00:00Z
http://www.wikidata.org/entity/Q517015,http://www.wikidata.org/entity/Q52942,Lech Poznań,59.0,2009-01-01T00:00:00Z,2012-01-01T00:00:00Z
http://www.wikidata.org/entity/Q517015,http://www.wikidata.org/entity/Q1475269,Wisła Płock,23.0,2016-07-01T00:00:00Z,2017-06-01T00:00:00Z
http://www.wikidata.org/entity/Q517015,http://www.wikidata.org/entity/Q772725,Dinamo Brest,32.0,2018-06-01T00:00:00Z,2020-12-01T00:00:00Z
http://www.wikidata.org/entity/Q517015,http://www.wikidata.org/entity/Q97376013,Lech Poznań II,47.0,2021-02-01T00:00:00Z,2022-06-01T00:00:00Z
http://www.wikidata.org/entity/Q478941,http://www.wikidata.org/entity/Q19451,Bolton Wanderers FC,0.0,2009-01-01T00:00:00Z,2010-01-01T00:00:00Z
http://www.wikidata.org/entity/Q478941,http://www.wikidata.org/entity/Q748725,Melbourne City FC,52.0,2014-01-01T00:00:00Z,
http://www.wikidata.org/entity/Q478941,http://www.wikidata.org/entity/Q268208,équipe d'Australie de football,,2012-01-01T00:00:00Z,
http://www.wikidata.org/entity/Q478941,http://www.wikidata.org/entity/Q3589775,équipe d'Australie de football des moins de 23 ans,4.0,2011-01-01T00:00:00Z,2012-01-01T00:00:00Z
http://www.wikidata.org/entity/Q478941,http://www.wikidata.org/entity/Q999035,Western Sydney Wanderers Football Club,49.0,2012-01-01T00:00:00Z,2014-01-01T00:00:00Z
http://www.wikidata.org/entity/Q478941,http://www.wikidata.org/entity/Q319136,St Mirren Football Club,21.0,2010-01-01T00:00:00Z,2012-01-01T00:00:00Z
http://www.wikidata.org/entity/Q478941,http://www.wikidata.org/entity/Q3873546,équipe d'Australie de football des moins de 20 ans,10.0,2008-01-01T00:00:00Z,2009-01-01T00:00:00Z
http://www.wikidata.org/entity/Q479590,http://www.wikidata.org/entity/Q845067,LB Châteauroux,3.0,2009-01-01T00:00:00Z,2010-01-01T00:00:00Z
http://www.wikidata.org/entity/Q479590,http://www.wikidata.org/entity/Q19523,AS Nancy-Lorraine,,1993-01-01T00:00:00Z,2000-01-01T00:00:00Z
http://www.wikidata.org/entity/Q479590,http://www.wikidata.org/entity/Q1573797,SAS Épinal,21.0,1996-01-01T00:00:00Z,1997-01-01T00:00:00Z
http://www.wikidata.org/entity/Q479590,http://www.wikidata.org/entity/Q270051,Athletic club ajaccien,80.0,2002-01-01T00:00:00Z,2005-01-01T00:00:00Z
http://www.wikidata.org/entity/Q479590,http://www.wikidata.org/entity/Q845067,LB Châteauroux,3.0,2010-01-01T00:00:00Z,2010-01-01T00:00:00Z
http://www.wikidata.org/entity/Q479590,http://www.wikidata.org/entity/Q626917,Chamois niortais,61.0,2000-01-01T00:00:00Z,2002-01-01T00:00:00Z
http://www.wikidata.org/entity/Q479590,http://www.wikidata.org/entity/Q221525,FC Metz,28.0,2005-01-01T00:00:00Z,2006-01-01T00:00:00Z
http://www.wikidata.org/entity/Q479590,http://www.wikidata.org/entity/Q608988,CS Sedan Ardennes,13.0,2006-01-01T00:00:00Z,2006-01-01T00:00:00Z
http://www.wikidata.org/entity/Q479590,http://www.wikidata.org/entity/Q181903,équipe d'Algérie de football,1.0,2004-01-01T00:00:00Z,2004-01-01T00:00:00Z
http://www.wikidata.org/entity/Q479590,http://www.wikidata.org/entity/Q19513,Montpellier Hérault SC,34.0,2007-01-01T00:00:00Z,2009-01-01T00:00:00Z
http://www.wikidata.org/entity/Q479590,http://www.wikidata.org/entity/Q608988,CS Sedan Ardennes,13.0,2006-01-01T00:00:00Z,2007-01-01T00:00:00Z
http://www.wikidata.org/entity/Q479590,http://www.wikidata.org/entity/Q797530,Istres FC,10.0,2010-01-01T00:00:00Z,2011-01-01T00:00:00Z
http://www.wikidata.org/entity/Q479749,http://www.wikidata.org/entity/Q6463,FC Sankt Pauli,,2015-01-01T00:00:00Z,
http://www.wikidata.org/entity/Q479749,http://www.wikidata.org/entity/Q389879,Esbjerg fB,16.0,2011-01-01T00:00:00Z,2012-01-01T00:00:00Z
http://www.wikidata.org/entity/Q479749,http://www.wikidata.org/entity/Q6463,FC Sankt Pauli,75.0,2009-01-01T00:00:00Z,2011-01-01T00:00:00Z
http://www.wikidata.org/entity/Q479749,http://www.wikidata.org/entity/Q389879,Esbjerg fB,27.0,2012-01-01T00:00:00Z,2014-01-01T00:00:00Z
http://www.wikidata.org/entity/Q479749,http://www.wikidata.org/entity/Q261813,FC Wacker Innsbruck,7.0,2014-01-01T00:00:00Z,2015-01-01T00:00:00Z
http://www.wikidata.org/entity/Q480542,http://www.wikidata.org/entity/Q2129100,Maccabi Haïfa FC,13.0,2015-01-01T00:00:00Z,2015-01-01T00:00:00Z
http://www.wikidata.org/entity/Q480542,http://www.wikidata.org/entity/Q3098282,Racing Club Portuense,,1999-01-01T00:00:00Z,2000-01-01T00:00:00Z
http://www.wikidata.org/entity/Q480542,http://www.wikidata.org/entity/Q1130570,Hapoël Bnei Sakhnin,55.0,2013-01-01T00:00:00Z,2015-01-01T00:00:00Z
http://www.wikidata.org/entity/Q480542,http://www.wikidata.org/entity/Q611653,Fútbol Club Cartagena,34.0,2011-01-01T00:00:00Z,2012-01-01T00:00:00Z
http://www.wikidata.org/entity/Q480542,http://www.wikidata.org/entity/Q5202316,Cádiz CF B,,1997-01-01T00:00:00Z,1999-01-01T00:00:00Z
http://www.wikidata.org/entity/Q480542,http://www.wikidata.org/entity/Q11963,Hércules Alicante,91.0,2008-01-01T00:00:00Z,2011-01-01T00:00:00Z
http://www.wikidata.org/entity/Q480542,http://www.wikidata.org/entity/Q460448,Cádiz CF,218.0,1999-01-01T00:00:00Z,2008-01-01T00:00:00Z
http://www.wikidata.org/entity/Q480542,http://www.wikidata.org/entity/Q12260,CE Sabadell,31.0,2012-01-01T00:00:00Z,2013-01-01T00:00:00Z
http://www.wikidata.org/entity/Q481185,http://www.wikidata.org/entity/Q102720,Hertha BSC,0.0,2008-01-01T00:00:00Z,2013-01-01T00:00:00Z
http://www.wikidata.org/entity/Q481185,http://www.wikidata.org/entity/Q324854,équipe d'Allemagne de football des moins de 19 ans,13.0,2008-01-01T00:00:00Z,2010-01-01T00:00:00Z
http://www.wikidata.org/entity/Q481185,http://www.wikidata.org/entity/Q316497,équipe d'Allemagne de football des moins de 20 ans,6.0,2010-01-01T00:00:00Z,2011-01-01T00:00:00Z
http://www.wikidata.org/entity/Q481185,http://www.wikidata.org/entity/Q2016992,équipe d'Allemagne de football des moins de 18 ans,1.0,2009-01-01T00:00:00Z,2009-01-01T00:00:00Z
http://www.wikidata.org/entity/Q481185,http://www.wikidata.org/entity/Q314851,équipe d'Allemagne espoirs de football,2.0,2011-01-01T00:00:00Z,2011-01-01T00:00:00Z
http://www.wikidata.org/entity/Q481185,http://www.wikidata.org/entity/Q142005,FC Hansa Rostock,46.0,2013-01-01T00:00:00Z,2015-01-01T00:00:00Z
http://www.wikidata.org/entity/Q481185,http://www.wikidata.org/entity/Q920263,Hertha Berliner Sport-Club II,62.0,2007-01-01T00:00:00Z,2013-01-01T00:00:00Z
http://www.wikidata.org/entity/Q481185,http://www.wikidata.org/entity/Q153535,Alemannia Aix-la-Chapelle,38.0,2010-01-01T00:00:00Z,2012-01-01T00:00:00Z
http://www.wikidata.org/entity/Q481540,http://www.wikidata.org/entity/Q314851,équipe d'Allemagne espoirs de football,1.0,2010-01-01T00:00:00Z,2014-01-01T00:00:00Z
http://www.wikidata.org/entity/Q481540,http://www.wikidata.org/entity/Q316497,équipe d'Allemagne de football des moins de 20 ans,1.0,2010-01-01T00:00:00Z,2010-01-01T00:00:00Z
http://www.wikidata.org/entity/Q481540,http://www.wikidata.org/entity/Q157352,FSV Francfort,,2015-01-01T00:00:00Z,
http://www.wikidata.org/entity/Q481540,http://www.wikidata.org/entity/Q102720,Hertha BSC,24.0,2009-01-01T00:00:00Z,2014-01-01T00:00:00Z
http://www.wikidata.org/entity/Q481540,http://www.wikidata.org/entity/Q324854,équipe d'Allemagne de football des moins de 19 ans,5.0,2009-01-01T00:00:00Z,2010-01-01T00:00:00Z
http://www.wikidata.org/entity/Q481540,http://www.wikidata.org/entity/Q316497,équipe d'Allemagne de football des moins de 20 ans,5.0,2010-01-01T00:00:00Z,2011-01-01T00:00:00Z
http://www.wikidata.org/entity/Q481540,http://www.wikidata.org/entity/Q113143,équipe du Kosovo de football,,2014-01-01T00:00:00Z,
http://www.wikidata.org/entity/Q481540,http://www.wikidata.org/entity/Q920263,Hertha Berliner Sport-Club II,51.0,2009-01-01T00:00:00Z,2014-01-01T00:00:00Z
http://www.wikidata.org/entity/Q481540,http://www.wikidata.org/entity/Q107818,FC Energie Cottbus,48.0,2014-01-01T00:00:00Z,2015-01-01T00:00:00Z
http://www.wikidata.org/entity/Q481540,http://www.wikidata.org/entity/Q635654,Lyngby BK,22.0,2012-01-01T00:00:00Z,2013-01-01T00:00:00Z
http://www.wikidata.org/entity/Q482222,http://www.wikidata.org/entity/Q19458,Burnley FC,0.0,2007-01-01T00:00:00Z,2010-01-01T00:00:00Z
http://www.wikidata.org/entity/Q482222,http://www.wikidata.org/entity/Q18330,Radcliffe Borough F.C.,10.0,2011-01-01T00:00:00Z,2012-01-01T00:00:00Z
http://www.wikidata.org/entity/Q482222,http://www.wikidata.org/entity/Q48843,Accrington Stanley Football Club,3.0,2009-01-01T00:00:00Z,2009-01-01T00:00:00Z
http://www.wikidata.org/entity/Q482222,http://www.wikidata.org/entity/Q1070732,Chester City Football Club,,2009-01-01T00:00:00Z,2010-01-01T00:00:00Z
http://www.wikidata.org/entity/Q482222,http://www.wikidata.org/entity/Q1849964,Stalybridge Celtic F.C.,31.0,2010-01-01T00:00:00Z,2012-01-01T00:00:00Z
http://www.wikidata.org/entity/Q482232,http://www.wikidata.org/entity/Q599356,Weymouth Football Club,8.0,2009-01-01T00:00:00Z,2009-01-01T00:00:00Z
http://www.wikidata.org/entity/Q482232,http://www.wikidata.org/entity/Q1571078,Halifax Town AFC,30.0,2007-01-01T00:00:00Z,2008-01-01T00:00:00Z
http://www.wikidata.org/entity/Q482232,http://www.wikidata.org/entity/Q48929,Burton Albion Football Club,1.0,2012-01-01T00:00:00Z,2012-01-01T00:00:00Z
http://www.wikidata.org/entity/Q482232,http://www.wikidata.org/entity/Q48929,Burton Albion Football Club,46.0,2010-01-01T00:00:00Z,2011-01-01T00:00:00Z
http://www.wikidata.org/entity/Q482232,http://www.wikidata.org/entity/Q18521,Macclesfield Town Football Club,0.0,2007-01-01T00:00:00Z,2007-01-01T00:00:00Z
http://www.wikidata.org/entity/Q482232,http://www.wikidata.org/entity/Q19601,Oldham Athletic AFC,0.0,2006-01-01T00:00:00Z,2007-01-01T00:00:00Z
http://www.wikidata.org/entity/Q482232,http://www.wikidata.org/entity/Q19470,Derby County FC,35.0,2011-01-01T00:00:00Z,2014-01-01T00:00:00Z
http://www.wikidata.org/entity/Q482232,http://www.wikidata.org/entity/Q18506,Alfreton Town Football Club,2.0,2005-01-01T00:00:00Z,2005-01-01T00:00:00Z
http://www.wikidata.org/entity/Q482232,http://www.wikidata.org/entity/Q19587,Crewe Alexandra FC,6.0,2008-01-01T00:00:00Z,2010-01-01T00:00:00Z
http://www.wikidata.org/entity/Q482232,http://www.wikidata.org/entity/Q1571078,Halifax Town AFC,10.0,2005-01-01T00:00:00Z,2006-01-01T00:00:00Z
http://www.wikidata.org/entity/Q482232,http://www.wikidata.org/entity/Q19444,Birmingham City FC,,2015-01-01T00:00:00Z,
http://www.wikidata.org/entity/Q482232,http://www.wikidata.org/entity/Q19595,Leyton Orient FC,11.0,2014-01-01T00:00:00Z,2015-01-01T00:00:00Z
http://www.wikidata.org/entity/Q482232,http://www.wikidata.org/entity/Q19444,Birmingham City FC,0.0,2005-01-01T00:00:00Z,2008-01-01T00:00:00Z
http://www.wikidata.org/entity/Q482602,http://www.wikidata.org/entity/Q75729,Sporting Clube de Portugal,241.0,1996-01-01T00:00:00Z,2006-01-01T00:00:00Z
http://www.wikidata.org/entity/Q482602,http://www.wikidata.org/entity/Q630227,SC Campomaiorense,18.0,1995-01-01T00:00:00Z,1996-01-01T00:00:00Z
http://www.wikidata.org/entity/Q482602,http://www.wikidata.org/entity/Q1630430,équipe du Portugal espoirs de football,13.0,1996-01-01T00:00:00Z,1998-01-01T00:00:00Z
http://www.wikidata.org/entity/Q482602,http://www.wikidata.org/entity/Q844323,Clube de Futebol União de Lamas,21.0,1994-01-01T00:00:00Z,1995-01-01T00:00:00Z
http://www.wikidata.org/entity/Q482602,http://www.wikidata.org/entity/Q172476,Girondins de Bordeaux,4.0,2006-01-01T00:00:00Z,2006-01-01T00:00:00Z
http://www.wikidata.org/entity/Q482602,http://www.wikidata.org/entity/Q1091462,UD Alzira,0.0,2011-01-01T00:00:00Z,2011-01-01T00:00:00Z
http://www.wikidata.org/entity/Q482602,http://www.wikidata.org/entity/Q1772776,équipe du Portugal de football des moins de 20 ans,,1995-01-01T00:00:00Z,1995-01-01T00:00:00Z
http://www.wikidata.org/entity/Q482602,http://www.wikidata.org/entity/Q216510,CF Os Belenenses,,2009-01-01T00:00:00Z,2011-01-01T00:00:00Z
http://www.wikidata.org/entity/Q482602,http://www.wikidata.org/entity/Q926438,Gil Vicente FC,,1995-01-01T00:00:00Z,1996-01-01T00:00:00Z
http://www.wikidata.org/entity/Q482602,http://www.wikidata.org/entity/Q267245,équipe du Portugal de football,31.0,1997-01-01T00:00:00Z,2004-01-01T00:00:00Z
http://www.wikidata.org/entity/Q482602,http://www.wikidata.org/entity/Q12249,Recreativo de Huelva,51.0,2006-01-01T00:00:00Z,2009-01-01T00:00:00Z
http://www.wikidata.org/entity/Q482883,http://www.wikidata.org/entity/Q482540,Seongnam Football Club,,2015-01-01T00:00:00Z,
http://www.wikidata.org/entity/Q482883,http://www.wikidata.org/entity/Q18744,West Bromwich Albion,4.0,2008-01-01T00:00:00Z,2008-01-01T00:00:00Z
http://www.wikidata.org/entity/Q482883,http://www.wikidata.org/entity/Q18744,West Bromwich Albion,16.0,2008-01-01T00:00:00Z,2009-01-01T00:00:00Z
http://www.wikidata.org/entity/Q482883,http://www.wikidata.org/entity/Q482540,Seongnam Football Club,76.0,2005-01-01T00:00:00Z,2007-01-01T00:00:00Z
http://www.wikidata.org/entity/Q482883,http://www.wikidata.org/entity/Q482449,Suwon Samsung Bluewings Football Club,73.0,2009-01-01T00:00:00Z,2014-01-01T00:00:00Z
http://www.wikidata.org/entity/Q482883,http://www.wikidata.org/entity/Q6431906,Asan Police FC,,2011-01-01T00:00:00Z,2012-01-01T00:00:00Z
http://www.wikidata.org/entity/Q482883,http://www.wikidata.org/entity/Q482449,Suwon Samsung Bluewings Football Club,85.0,2001-01-01T00:00:00Z,2005-01-01T00:00:00Z
http://www.wikidata.org/entity/Q482883,http://www.wikidata.org/entity/Q488454,équipe de Corée du Sud de football des moins de 23 ans,43.0,2003-01-01T00:00:00Z,2006-01-01T00:00:00Z
http://www.wikidata.org/entity/Q482883,http://www.wikidata.org/entity/Q543842,équipe de Corée du Sud de football,62.0,2003-01-01T00:00:00Z,2012-01-01T00:00:00Z
http://www.wikidata.org/entity/Q482992,http://www.wikidata.org/entity/Q130582,équipe de Chine de football,40.0,2000-01-01T00:00:00Z,2010-01-01T00:00:00Z
http://www.wikidata.org/entity/Q482992,http://www.wikidata.org/entity/Q814738,Beijing Guoan,70.0,1999-01-01T00:00:00Z,2002-01-01T00:00:00Z
http://www.wikidata.org/entity/Q482992,http://www.wikidata.org/entity/Q814738,Beijing Guoan,85.0,2012-01-01T00:00:00Z,2015-01-01T00:00:00Z
http://www.wikidata.org/entity/Q482992,http://www.wikidata.org/entity/Q154293,MSV Duisbourg,10.0,2011-01-01T00:00:00Z,2011-01-01T00:00:00Z
http://www.wikidata.org/entity/Q482992,http://www.wikidata.org/entity/Q107818,FC Energie Cottbus,100.0,2006-01-01T00:00:00Z,2011-01-01T00:00:00Z
http://www.wikidata.org/entity/Q482992,http://www.wikidata.org/entity/Q131603,TSV Munich 1860,58.0,2002-01-01T00:00:00Z,2006-01-01T00:00:00Z
http://www.wikidata.org/entity/Q483202,http://www.wikidata.org/entity/Q207462,Metalist Kharkiv,9.0,1991-01-01T00:00:00Z,1991-01-01T00:00:00Z
http://www.wikidata.org/entity/Q483202,http://www.wikidata.org/entity/Q482566,Jeonnam Dragons,12.0,1997-01-01T00:00:00Z,1997-01-01T00:00:00Z
http://www.wikidata.org/entity/Q531754,http://www.wikidata.org/entity/Q6463,FC Sankt Pauli,,2013-01-01T00:00:00Z,
http://www.wikidata.org/entity/Q531754,http://www.wikidata.org/entity/Q105861,VfL Bochum,44.0,2007-01-01T00:00:00Z,2013-01-01T00:00:00Z
http://www.wikidata.org/entity/Q531754,http://www.wikidata.org/entity/Q6463,FC Sankt Pauli,0.0,2012-01-01T00:00:00Z,2012-01-01T00:00:00Z
http://www.wikidata.org/entity/Q532345,http://www.wikidata.org/entity/Q935956,Metalurg Zaporijjye,12.0,2005-01-01T00:00:00Z,2005-01-01T00:00:00Z
http://www.wikidata.org/entity/Q532345,http://www.wikidata.org/entity/Q188568,équipe de Macédoine du Nord de football,70.0,2001-01-01T00:00:00Z,2011-01-01T00:00:00Z
http://www.wikidata.org/entity/Q532345,http://www.wikidata.org/entity/Q107818,FC Energie Cottbus,76.0,2006-01-01T00:00:00Z,2010-01-01T00:00:00Z
http://www.wikidata.org/entity/Q532345,http://www.wikidata.org/entity/Q646079,K Beerschot AC,16.0,2009-01-01T00:00:00Z,2009-01-01T00:00:00Z
http://www.wikidata.org/entity/Q532345,http://www.wikidata.org/entity/Q29112,Spartak Moscou,85.0,2001-01-01T00:00:00Z,2004-01-01T00:00:00Z
http://www.wikidata.org/entity/Q532345,http://www.wikidata.org/entity/Q933213,FK Sileks Kratovo,34.0,1999-01-01T00:00:00Z,2001-01-01T00:00:00Z
http://www.wikidata.org/entity/Q532345,http://www.wikidata.org/entity/Q596456,FK Napredok Kitchevo,5.0,1998-01-01T00:00:00Z,1999-01-01T00:00:00Z
http://www.wikidata.org/entity/Q532345,http://www.wikidata.org/entity/Q223727,Betar Jérusalem,10.0,2006-01-01T00:00:00Z,2006-01-01T00:00:00Z
http://www.wikidata.org/entity/Q532345,http://www.wikidata.org/entity/Q402922,FK Makedonija Ǵorče Petrov,,1997-01-01T00:00:00Z,1997-01-01T00:00:00Z
http://www.wikidata.org/entity/Q532345,http://www.wikidata.org/entity/Q218074,FK Neftchi Bakou,101.0,2010-01-01T00:00:00Z,2014-01-01T00:00:00Z
http://www.wikidata.org/entity/Q532345,http://www.wikidata.org/entity/Q136433,PFC CSKA Sofia,4.0,2010-01-01T00:00:00Z,2010-01-01T00:00:00Z
http://www.wikidata.org/entity/Q532812,http://www.wikidata.org/entity/Q101859,VfL Wolfsburg,8.0,2001-01-01T00:00:00Z,2002-01-01T00:00:00Z
http://www.wikidata.org/entity/Q532812,http://www.wikidata.org/entity/Q745356,BK Avarta,66.0,1992-01-01T00:00:00Z,1996-01-01T00:00:00Z
http://www.wikidata.org/entity/Q532812,http://www.wikidata.org/entity/Q287851,AB Copenhague,46.0,1996-01-01T00:00:00Z,1998-01-01T00:00:00Z
http://www.wikidata.org/entity/Q532812,http://www.wikidata.org/entity/Q6641,SSC Bari,45.0,1998-01-01T00:00:00Z,2001-01-01T00:00:00Z
http://www.wikidata.org/entity/Q532812,http://www.wikidata.org/entity/Q259454,Hellerup IK,,2003-01-01T00:00:00Z,2005-01-01T00:00:00Z
http://www.wikidata.org/entity/Q532812,http://www.wikidata.org/entity/Q635654,Lyngby BK,13.0,2005-01-01T00:00:00Z,2007-01-01T00:00:00Z
http://www.wikidata.org/entity/Q532812,http://www.wikidata.org/entity/Q210025,Football Club Nordsjælland,24.0,2002-01-01T00:00:00Z,2003-01-01T00:00:00Z
http://www.wikidata.org/entity/Q533508,http://www.wikidata.org/entity/Q157020,SC Rot-Weiss Oberhausen,52.0,1998-01-01T00:00:00Z,2000-01-01T00:00:00Z
http://www.wikidata.org/entity/Q533508,http://www.wikidata.org/entity/Q6463,FC Sankt Pauli,42.0,2000-01-01T00:00:00Z,2003-01-01T00:00:00Z
http://www.wikidata.org/entity/Q533508,http://www.wikidata.org/entity/Q639560,Tennis Borussia Berlin,53.0,2003-01-01T00:00:00Z,2005-01-01T00:00:00Z
http://www.wikidata.org/entity/Q533508,http://www.wikidata.org/entity/Q692704,Berliner AK 07,9.0,2005-01-01T00:00:00Z,2005-01-01T00:00:00Z
http://www.wikidata.org/entity/Q533508,http://www.wikidata.org/entity/Q102720,Hertha BSC,92.0,1989-01-01T00:00:00Z,1994-01-01T00:00:00Z
http://www.wikidata.org/entity/Q533508,http://www.wikidata.org/entity/Q153535,Alemannia Aix-la-Chapelle,44.0,1996-01-01T00:00:00Z,1998-01-01T00:00:00Z
http://www.wikidata.org/entity/Q533508,http://www.wikidata.org/entity/Q160530,VfL Osnabrück,45.0,1994-01-01T00:00:00Z,1996-01-01T00:00:00Z
http://www.wikidata.org/entity/Q533508,http://www.wikidata.org/entity/Q566179,Torgelower SV Greif,35.0,2006-01-01T00:00:00Z,2007-01-01T00:00:00Z
http://www.wikidata.org/entity/Q533537,http://www.wikidata.org/entity/Q249643,Liga de Quito,144.0,2003-01-01T00:00:00Z,2006-01-01T00:00:00Z
http://www.wikidata.org/entity/Q533537,http://www.wikidata.org/entity/Q219233,Vitesse Arnhem,27.0,2007-01-01T00:00:00Z,2008-01-01T00:00:00Z
http://www.wikidata.org/entity/Q533537,http://www.wikidata.org/entity/Q987584,équipe d'Équateur de football,90.0,2000-01-01T00:00:00Z,2009-01-01T00:00:00Z
http://www.wikidata.org/entity/Q533537,http://www.wikidata.org/entity/Q248782,Barcelona Sporting Club,15.0,2009-01-01T00:00:00Z,2009-01-01T00:00:00Z
http://www.wikidata.org/entity/Q533537,http://www.wikidata.org/entity/Q1129059,Club de Deportes Unión Española,32.0,2010-01-01T00:00:00Z,2012-01-01T00:00:00Z
http://www.wikidata.org/entity/Q533537,http://www.wikidata.org/entity/Q2476133,SD Aucas,137.0,1997-01-01T00:00:00Z,2001-01-01T00:00:00Z
http://www.wikidata.org/entity/Q533537,http://www.wikidata.org/entity/Q2476133,SD Aucas,24.0,2002-01-01T00:00:00Z,2002-01-01T00:00:00Z
http://www.wikidata.org/entity/Q533537,http://www.wikidata.org/entity/Q768253,CF Monterrey,6.0,2001-01-01T00:00:00Z,2002-01-01T00:00:00Z
http://www.wikidata.org/entity/Q533537,http://www.wikidata.org/entity/Q249648,Independiente del Valle,,2009-01-01T00:00:00Z,2012-01-01T00:00:00Z
http://www.wikidata.org/entity/Q533537,http://www.wikidata.org/entity/Q248789,Sociedad Deportivo Quito,42.0,2012-01-01T00:00:00Z,2013-01-01T00:00:00Z
http://www.wikidata.org/entity/Q533537,http://www.wikidata.org/entity/Q19444,Birmingham City FC,0.0,2009-01-01T00:00:00Z,2010-01-01T00:00:00Z
http://www.wikidata.org/entity/Q533537,http://www.wikidata.org/entity/Q188277,Cruzeiro EC,25.0,2008-01-01T00:00:00Z,2009-01-01T00:00:00Z
http://www.wikidata.org/entity/Q533712,http://www.wikidata.org/entity/Q604589,Club Olimpia,16.0,2008-01-01T00:00:00Z,2009-01-01T00:00:00Z
http://www.wikidata.org/entity/Q533712,http://www.wikidata.org/entity/Q8476,Reggina 1914,98.0,2002-01-01T00:00:00Z,2006-01-01T00:00:00Z
http://www.wikidata.org/entity/Q533712,http://www.wikidata.org/entity/Q604589,Club Olimpia,76.0,2011-01-01T00:00:00Z,2015-01-01T00:00:00Z
http://www.wikidata.org/entity/Q533712,http://www.wikidata.org/entity/Q75729,Sporting Clube de Portugal,18.0,2006-01-01T00:00:00Z,2008-01-01T00:00:00Z
http://www.wikidata.org/entity/Q533712,http://www.wikidata.org/entity/Q602515,Sportivo Luqueño,30.0,2010-01-01T00:00:00Z,2010-01-01T00:00:00Z
http://www.wikidata.org/entity/Q533712,http://www.wikidata.org/entity/Q128446,Futebol Clube do Porto,57.0,2000-01-01T00:00:00Z,2002-01-01T00:00:00Z
http://www.wikidata.org/entity/Q533712,http://www.wikidata.org/entity/Q604589,Club Olimpia,79.0,1995-01-01T00:00:00Z,2000-01-01T00:00:00Z
http://www.wikidata.org/entity/Q533712,http://www.wikidata.org/entity/Q603085,Club Rubio Ñu,5.0,2009-01-01T00:00:00Z,2010-01-01T00:00:00Z
http://www.wikidata.org/entity/Q533712,http://www.wikidata.org/entity/Q172020,équipe du Paraguay de football,74.0,1998-01-01T00:00:00Z,2008-01-01T00:00:00Z
http://www.wikidata.org/entity/Q534215,http://www.wikidata.org/entity/Q19481,Leicester City FC,4.0,2010-01-01T00:00:00Z,2011-01-01T00:00:00Z
http://www.wikidata.org/entity/Q534215,http://www.wikidata.org/entity/Q1811026,équipe des Pays-Bas espoirs de football,4.0,2000-01-01T00:00:00Z,2001-01-01T00:00:00Z
http://www.wikidata.org/entity/Q534215,http://www.wikidata.org/entity/Q191264,AZ Alkmaar,14.0,2003-01-01T00:00:00Z,2003-01-01T00:00:00Z
http://www.wikidata.org/entity/Q534215,http://www.wikidata.org/entity/Q190943,Wisła Cracovie,16.0,2011-01-01T00:00:00Z,2012-01-01T00:00:00Z
http://www.wikidata.org/entity/Q534215,http://www.wikidata.org/entity/Q24699,RKC Waalwijk,23.0,2012-01-01T00:00:00Z,2014-01-01T00:00:00Z
http://www.wikidata.org/entity/Q534215,http://www.wikidata.org/entity/Q105844,DSC Arminia Bielefeld,49.0,2008-01-01T00:00:00Z,2010-01-01T00:00:00Z
http://www.wikidata.org/entity/Q534215,http://www.wikidata.org/entity/Q24680,FC Utrecht,17.0,2003-01-01T00:00:00Z,2004-01-01T00:00:00Z
http://www.wikidata.org/entity/Q534215,http://www.wikidata.org/entity/Q154293,MSV Duisbourg,25.0,2007-01-01T00:00:00Z,2008-01-01T00:00:00Z
http://www.wikidata.org/entity/Q534215,http://www.wikidata.org/entity/Q11938,PSV Eindhoven,38.0,2002-01-01T00:00:00Z,2002-01-01T00:00:00Z
http://www.wikidata.org/entity/Q534215,http://www.wikidata.org/entity/Q11938,PSV Eindhoven,38.0,2002-01-01T00:00:00Z,2007-01-01T00:00:00Z
http://www.wikidata.org/entity/Q534215,http://www.wikidata.org/entity/Q24699,RKC Waalwijk,47.0,2000-01-01T00:00:00Z,2002-01-01T00:00:00Z
http://www.wikidata.org/entity/Q534215,http://www.wikidata.org/entity/Q191264,AZ Alkmaar,14.0,2002-01-01T00:00:00Z,2003-01-01T00:00:00Z
http://www.wikidata.org/entity/Q536035,http://www.wikidata.org/entity/Q131785,équipe du Danemark de football,25.0,1995-01-01T00:00:00Z,1999-01-01T00:00:00Z
http://www.wikidata.org/entity/Q536035,http://www.wikidata.org/entity/Q723489,Silkeborg IF,125.0,1992-01-01T00:00:00Z,1996-01-01T00:00:00Z
http://www.wikidata.org/entity/Q536035,http://www.wikidata.org/entity/Q737936,Vejle BK,9.0,2003-01-01T00:00:00Z,2004-01-01T00:00:00Z
http://www.wikidata.org/entity/Q536035,http://www.wikidata.org/entity/Q1270152,équipe du Danemark espoirs de football,24.0,1990-01-01T00:00:00Z,1993-01-01T00:00:00Z
http://www.wikidata.org/entity/Q536035,http://www.wikidata.org/entity/Q19500,Wolverhampton Wanderers F.C.,,2002-01-01T00:00:00Z,2002-01-01T00:00:00Z
http://www.wikidata.org/entity/Q536035,http://www.wikidata.org/entity/Q737936,Vejle BK,67.0,1989-01-01T00:00:00Z,1992-01-01T00:00:00Z
http://www.wikidata.org/entity/Q536035,http://www.wikidata.org/entity/Q131215,Rapid Vienne,8.0,2002-01-01T00:00:00Z,2003-01-01T00:00:00Z
http://www.wikidata.org/entity/Q536035,http://www.wikidata.org/entity/Q19481,Leicester City FC,10.0,2002-01-01T00:00:00Z,2002-01-01T00:00:00Z
http://www.wikidata.org/entity/Q536035,http://www.wikidata.org/entity/Q388746,FC Fredericia,33.0,2004-01-01T00:00:00Z,2005-01-01T00:00:00Z
http://www.wikidata.org/entity/Q536035,http://www.wikidata.org/entity/Q19470,Derby County FC,137.0,1996-01-01T00:00:00Z,2000-01-01T00:00:00Z
http://www.wikidata.org/entity/Q536035,http://www.wikidata.org/entity/Q301431,AGF Aarhus,5.0,2002-01-01T00:00:00Z,2002-01-01T00:00:00Z
http://www.wikidata.org/entity/Q536035,http://www.wikidata.org/entity/Q188430,FC Copenhague,45.0,2000-01-01T00:00:00Z,2002-01-01T00:00:00Z
http://www.wikidata.org/entity/Q536409,http://www.wikidata.org/entity/Q52942,Lech Poznań,30.0,1997-01-01T00:00:00Z,1998-01-01T00:00:00Z
http://www.wikidata.org/entity/Q536409,http://www.wikidata.org/entity/Q219926,Aris Salonique FC,24.0,2004-01-01T00:00:00Z,2005-01-01T00:00:00Z
http://www.wikidata.org/entity/Q536409,http://www.wikidata.org/entity/Q105844,DSC Arminia Bielefeld,22.0,2002-01-01T00:00:00Z,2004-01-01T00:00:00Z
http://www.wikidata.org/entity/Q536409,http://www.wikidata.org/entity/Q279818,KS Cracovia,1.0,2009-01-01T00:00:00Z,2009-01-01T00:00:00Z
http://www.wikidata.org/entity/Q536409,http://www.wikidata.org/entity/Q859458,Polonia Bytom,,1996-01-01T00:00:00Z,1997-01-01T00:00:00Z
http://www.wikidata.org/entity/Q536409,http://www.wikidata.org/entity/Q619215,Apollon Kalamarias,48.0,2005-01-01T00:00:00Z,2008-01-01T00:00:00Z
http://www.wikidata.org/entity/Q536409,http://www.wikidata.org/entity/Q166196,équipe de Pologne de football,6.0,1998-01-01T00:00:00Z,2002-01-01T00:00:00Z
http://www.wikidata.org/entity/Q536409,http://www.wikidata.org/entity/Q193749,Legia Varsovie,112.0,1998-01-01T00:00:00Z,2002-01-01T00:00:00Z
http://www.wikidata.org/entity/Q536409,http://www.wikidata.org/entity/Q16737374,Apollon Kalamarias,47.0,2005-01-01T00:00:00Z,2009-01-01T00:00:00Z
http://www.wikidata.org/entity/Q537516,http://www.wikidata.org/entity/Q162317,1. FC Lokomotive Leipzig,10.0,2002-01-01T00:00:00Z,2003-01-01T00:00:00Z
http://www.wikidata.org/entity/Q537516,http://www.wikidata.org/entity/Q639525,SV Sandhausen,56.0,2012-01-01T00:00:00Z,2015-01-01T00:00:00Z
http://www.wikidata.org/entity/Q537516,http://www.wikidata.org/entity/Q316497,équipe d'Allemagne de football des moins de 20 ans,14.0,2004-01-01T00:00:00Z,2005-01-01T00:00:00Z
http://www.wikidata.org/entity/Q537516,http://www.wikidata.org/entity/Q131603,TSV Munich 1860,33.0,2005-01-01T00:00:00Z,2007-01-01T00:00:00Z
http://www.wikidata.org/entity/Q537516,http://www.wikidata.org/entity/Q896736,VfB Leipzig,10.0,2002-01-01T00:00:00Z,2003-01-01T00:00:00Z
http://www.wikidata.org/entity/Q537516,http://www.wikidata.org/entity/Q161034,SV Wacker Burghausen,31.0,2011-01-01T00:00:00Z,2012-01-01T00:00:00Z
http://www.wikidata.org/entity/Q537516,http://www.wikidata.org/entity/Q141882,FC Erzgebirge Aue,,2015-01-01T00:00:00Z,
http://www.wikidata.org/entity/Q537516,http://www.wikidata.org/entity/Q15786,1. FC Nuremberg,13.0,2007-01-01T00:00:00Z,2008-01-01T00:00:00Z
http://www.wikidata.org/entity/Q537516,http://www.wikidata.org/entity/Q324854,équipe d'Allemagne de football des moins de 19 ans,2.0,2004-01-01T00:00:00Z,2004-01-01T00:00:00Z
http://www.wikidata.org/entity/Q537516,http://www.wikidata.org/entity/Q18024471,MSV Duisburg II,8.0,2008-01-01T00:00:00Z,2010-01-01T00:00:00Z
http://www.wikidata.org/entity/Q537516,http://www.wikidata.org/entity/Q154293,MSV Duisbourg,42.0,2008-01-01T00:00:00Z,2010-01-01T00:00:00Z
http://www.wikidata.org/entity/Q537516,http://www.wikidata.org/entity/Q161034,SV Wacker Burghausen,31.0,2011-01-01T00:00:00Z,2011-01-01T00:00:00Z
http://www.wikidata.org/entity/Q537516,http://www.wikidata.org/entity/Q7671747,TSV 1860 München II,66.0,2004-01-01T00:00:00Z,2007-01-01T00:00:00Z
http://www.wikidata.org/entity/Q537516,http://www.wikidata.org/entity/Q160530,VfL Osnabrück,31.0,2010-01-01T00:00:00Z,2011-01-01T00:00:00Z
http://www.wikidata.org/entity/Q537516,http://www.wikidata.org/entity/Q4545849,FC Nuremberg II,15.0,2007-01-01T00:00:00Z,2008-01-01T00:00:00Z
http://www.wikidata.org/entity/Q552404,http://www.wikidata.org/entity/Q723471,Keşla FK,2.0,2012-01-01T00:00:00Z,2013-01-01T00:00:00Z
http://www.wikidata.org/entity/Q552404,http://www.wikidata.org/entity/Q723471,Keşla FK,3.0,2012-01-01T00:00:00Z,2012-01-01T00:00:00Z
http://www.wikidata.org/entity/Q552404,http://www.wikidata.org/entity/Q206692,FC Zurich,128.0,2006-01-01T00:00:00Z,2012-01-01T00:00:00Z
http://www.wikidata.org/entity/Q552404,http://www.wikidata.org/entity/Q20631356,SC Freiburg II,0.0,2016-01-01T00:00:00Z,2016-01-01T00:00:00Z
http://www.wikidata.org/entity/Q552404,http://www.wikidata.org/entity/Q47233,équipe de République dominicaine de football,,2012-01-01T00:00:00Z,
http://www.wikidata.org/entity/Q552602,http://www.wikidata.org/entity/Q2018,Catania Football Club,11.0,2010-01-01T00:00:00Z,2012-01-01T00:00:00Z
http://www.wikidata.org/entity/Q552602,http://www.wikidata.org/entity/Q8639,Hellas Vérone Football Club,50.0,2012-01-01T00:00:00Z,2014-01-01T00:00:00Z
http://www.wikidata.org/entity/Q552602,http://www.wikidata.org/entity/Q2018,Catania Football Club,20.0,2014-01-01T00:00:00Z,2015-01-01T00:00:00Z
http://www.wikidata.org/entity/Q552602,http://www.wikidata.org/entity/Q6664,AC Cesena,18.0,2011-01-01T00:00:00Z,2012-01-01T00:00:00Z
http://www.wikidata.org/entity/Q552602,http://www.wikidata.org/entity/Q1422177,Paulista Futebol Clube,6.0,2008-01-01T00:00:00Z,2010-01-01T00:00:00Z
http://www.wikidata.org/entity/Q552602,http://www.wikidata.org/entity/Q610621,Carpi Football Club 1909,,2015-01-01T00:00:00Z,
http://www.wikidata.org/entity/Q552602,http://www.wikidata.org/entity/Q7942217,Votoraty Futebol Clube,25.0,2008-01-01T00:00:00Z,2009-01-01T00:00:00Z
http://www.wikidata.org/entity/Q552602,http://www.wikidata.org/entity/Q2018,Catania Football Club,36.0,2014-01-01T00:00:00Z,2014-01-01T00:00:00Z
http://www.wikidata.org/entity/Q552662,http://www.wikidata.org/entity/Q2385202,TSV Lägerdorf,32.0,2000-01-01T00:00:00Z,2001-01-01T00:00:00Z
http://www.wikidata.org/entity/Q552662,http://www.wikidata.org/entity/Q831602,FC Eintracht Norderstedt 03,32.0,2001-01-01T00:00:00Z,2002-01-01T00:00:00Z
http://www.wikidata.org/entity/Q552662,http://www.wikidata.org/entity/Q6463,FC Sankt Pauli,273.0,2002-01-01T00:00:00Z,2014-01-01T00:00:00Z
http://www.wikidata.org/entity/Q552662,http://www.wikidata.org/entity/Q6463,FC Sankt Pauli,,2014-01-01T00:00:00Z,
http://www.wikidata.org/entity/Q552995,http://www.wikidata.org/entity/Q35933,Corinthians Paulista,260.0,1998-01-01T00:00:00Z,2003-01-01T00:00:00Z
http://www.wikidata.org/entity/Q552995,http://www.wikidata.org/entity/Q33748,Hanovre 96,23.0,2003-01-01T00:00:00Z,2004-01-01T00:00:00Z
http://www.wikidata.org/entity/Q552995,http://www.wikidata.org/entity/Q218334,Figueirense Futebol Clube,4.0,2014-01-01T00:00:00Z,2014-01-01T00:00:00Z
http://www.wikidata.org/entity/Q552995,http://www.wikidata.org/entity/Q189671,FC Bâle,30.0,2004-01-01T00:00:00Z,2005-01-01T00:00:00Z
http://www.wikidata.org/entity/Q552995,http://www.wikidata.org/entity/Q80845,SC Internacional,122.0,2009-01-01T00:00:00Z,2013-01-01T00:00:00Z
http://www.wikidata.org/entity/Q552995,http://www.wikidata.org/entity/Q83459,équipe du Brésil de football,20.0,2002-01-01T00:00:00Z,2011-01-01T00:00:00Z
http://www.wikidata.org/entity/Q552995,http://www.wikidata.org/entity/Q80955,Santos FC,165.0,2006-01-01T00:00:00Z,2008-01-01T00:00:00Z
http://www.wikidata.org/entity/Q552995,http://www.wikidata.org/entity/Q80955,Santos FC,15.0,2005-01-01T00:00:00Z,2005-01-01T00:00:00Z
http://www.wikidata.org/entity/Q553074,http://www.wikidata.org/entity/Q10407,UD Almería,35.0,2014-01-01T00:00:00Z,2015-01-01T00:00:00Z
http://www.wikidata.org/entity/Q553074,http://www.wikidata.org/entity/Q2129100,Maccabi Haïfa FC,49.0,2005-01-01T00:00:00Z,2011-01-01T00:00:00Z
http://www.wikidata.org/entity/Q553074,http://www.wikidata.org/entity/Q3589831,équipe d'Israël de football des moins de 17 ans,12.0,2003-01-01T00:00:00Z,2004-01-01T00:00:00Z
http://www.wikidata.org/entity/Q553074,http://www.wikidata.org/entity/Q1580781,Maccabi Ahi Nazareth,33.0,2009-01-01T00:00:00Z,2010-01-01T00:00:00Z
http://www.wikidata.org/entity/Q553074,http://www.wikidata.org/entity/Q2902792,équipe d'Israël de football des moins de 19 ans,22.0,2005-01-01T00:00:00Z,2006-01-01T00:00:00Z
http://www.wikidata.org/entity/Q553074,http://www.wikidata.org/entity/Q19453,Brighton & Hove,,2015-01-01T00:00:00Z,
http://www.wikidata.org/entity/Q553074,http://www.wikidata.org/entity/Q737714,Bnei Yehoudah Tel-Aviv Football Club,28.0,2008-01-01T00:00:00Z,2009-01-01T00:00:00Z
http://www.wikidata.org/entity/Q553074,http://www.wikidata.org/entity/Q191406,équipe d'Israël de football,,2011-01-01T00:00:00Z,
http://www.wikidata.org/entity/Q553074,http://www.wikidata.org/entity/Q1632362,Maccabi Herzliya,17.0,2008-01-01T00:00:00Z,2008-01-01T00:00:00Z
http://www.wikidata.org/entity/Q553074,http://www.wikidata.org/entity/Q6087436,équipe d'Israël de football des moins de 18 ans,7.0,2005-01-01T00:00:00Z,2005-01-01T00:00:00Z
http://www.wikidata.org/entity/Q553074,http://www.wikidata.org/entity/Q2277185,équipe d'Israël espoirs de football,3.0,2006-01-01T00:00:00Z,2008-01-01T00:00:00Z
http://www.wikidata.org/entity/Q553074,http://www.wikidata.org/entity/Q8835,RCD Majorque,90.0,2011-01-01T00:00:00Z,2014-01-01T00:00:00Z
http://www.wikidata.org/entity/Q553206,http://www.wikidata.org/entity/Q1450568,équipe de France de football des moins de 17 ans,1.0,2007-01-01T00:00:00Z,2007-01-01T00:00:00Z
http://www.wikidata.org/entity/Q553206,http://www.wikidata.org/entity/Q2701714,équipe de France de football des moins de 19 ans,1.0,2009-01-01T00:00:00Z,2009-01-01T00:00:00Z
http://www.wikidata.org/entity/Q553206,http://www.wikidata.org/entity/Q925973,RFC Seraing,19.0,2015-01-01T00:00:00Z,2016-01-01T00:00:00Z
http://www.wikidata.org/entity/Q553206,http://www.wikidata.org/entity/Q221525,FC Metz,43.0,2011-01-01T00:00:00Z,2015-01-01T00:00:00Z
http://www.wikidata.org/entity/Q553206,http://www.wikidata.org/entity/Q1450568,équipe de France de football des moins de 17 ans,,2008-01-01T00:00:00Z,2008-01-01T00:00:00Z
http://www.wikidata.org/entity/Q553206,http://www.wikidata.org/entity/Q221525,FC Metz,22.0,2008-01-01T00:00:00Z,2010-01-01T00:00:00Z
http://www.wikidata.org/entity/Q553206,http://www.wikidata.org/entity/Q221525,FC Metz,,2010-01-01T00:00:00Z,
http://www.wikidata.org/entity/Q553206,http://www.wikidata.org/entity/Q235416,équipe du Gabon de football,,2010-01-01T00:00:00Z,
http://www.wikidata.org/entity/Q553382,http://www.wikidata.org/entity/Q19458,Burnley FC,154.0,2007-01-01T00:00:00Z,2011-01-01T00:00:00Z
http://www.wikidata.org/entity/Q553382,http://www.wikidata.org/entity/Q34044,équipe d'Écosse de football,40.0,2002-01-01T00:00:00Z,2009-01-01T00:00:00Z
http://www.wikidata.org/entity/Q553382,http://www.wikidata.org/entity/Q19615,Scunthorpe United FC,159.0,1990-01-01T00:00:00Z,1995-01-01T00:00:00Z
http://www.wikidata.org/entity/Q553382,http://www.wikidata.org/entity/Q19612,Preston North End FC,18.0,2011-01-01T00:00:00Z,2012-01-01T00:00:00Z
http://www.wikidata.org/entity/Q553382,http://www.wikidata.org/entity/Q18520,Luton Town Football Club,152.0,1995-01-01T00:00:00Z,1999-01-01T00:00:00Z
http://www.wikidata.org/entity/Q553382,http://www.wikidata.org/entity/Q19612,Preston North End FC,354.0,1999-01-01T00:00:00Z,2007-01-01T00:00:00Z
http://www.wikidata.org/entity/Q553549,http://www.wikidata.org/entity/Q18662,Cardiff City F.C.,44.0,2005-01-01T00:00:00Z,2006-01-01T00:00:00Z
http://www.wikidata.org/entity/Q553549,http://www.wikidata.org/entity/Q19637,Tranmere Rovers FC,127.0,1997-01-01T00:00:00Z,2002-01-01T00:00:00Z
http://www.wikidata.org/entity/Q553549,http://www.wikidata.org/entity/Q180857,équipe du pays de Galles de football,34.0,2001-01-01T00:00:00Z,2009-01-01T00:00:00Z
http://www.wikidata.org/entity/Q553549,http://www.wikidata.org/entity/Q18750,Wigan Athletic FC,54.0,2007-01-01T00:00:00Z,2011-01-01T00:00:00Z
http://www.wikidata.org/entity/Q553549,http://www.wikidata.org/entity/Q19637,Tranmere Rovers FC,51.0,2013-01-01T00:00:00Z,2015-01-01T00:00:00Z
http://www.wikidata.org/entity/Q553549,http://www.wikidata.org/entity/Q18662,Cardiff City F.C.,23.0,2010-01-01T00:00:00Z,2011-01-01T00:00:00Z
http://www.wikidata.org/entity/Q553549,http://www.wikidata.org/entity/Q18744,West Bromwich Albion,123.0,2002-01-01T00:00:00Z,2007-01-01T00:00:00Z
http://www.wikidata.org/entity/Q553954,http://www.wikidata.org/entity/Q38568,São Paulo FC,0.0,2007-01-01T00:00:00Z,2007-01-01T00:00:00Z
http://www.wikidata.org/entity/Q553954,http://www.wikidata.org/entity/Q290940,Associação Desportiva São Caetano,11.0,2008-01-01T00:00:00Z,2008-01-01T00:00:00Z
http://www.wikidata.org/entity/Q553954,http://www.wikidata.org/entity/Q35933,Corinthians Paulista,0.0,2007-01-01T00:00:00Z,2008-01-01T00:00:00Z
http://www.wikidata.org/entity/Q553954,http://www.wikidata.org/entity/Q101859,VfL Wolfsburg,9.0,2008-01-01T00:00:00Z,2012-01-01T00:00:00Z
http://www.wikidata.org/entity/Q553954,http://www.wikidata.org/entity/Q170117,FC Ingolstadt 04,63.0,2012-01-01T00:00:00Z,2014-01-01T00:00:00Z
http://www.wikidata.org/entity/Q553954,http://www.wikidata.org/entity/Q154293,MSV Duisbourg,30.0,2009-01-01T00:00:00Z,2010-01-01T00:00:00Z
http://www.wikidata.org/entity/Q553954,http://www.wikidata.org/entity/Q170117,FC Ingolstadt 04,41.0,2011-01-01T00:00:00Z,2012-01-01T00:00:00Z
http://www.wikidata.org/entity/Q553954,http://www.wikidata.org/entity/Q4810263,Ferroviária,10.0,2007-01-01T00:00:00Z,2007-01-01T00:00:00Z
http://www.wikidata.org/entity/Q553954,http://www.wikidata.org/entity/Q4810263,Ferroviária,10.0,2005-01-01T00:00:00Z,2006-01-01T00:00:00Z
http://www.wikidata.org/entity/Q553954,http://www.wikidata.org/entity/Q2590133,Americana Futebol,0.0,2008-01-01T00:00:00Z,2008-01-01T00:00:00Z
http://www.wikidata.org/entity/Q553954,http://www.wikidata.org/entity/Q15755,FC Augsbourg,,2014-01-01T00:00:00Z,
http://www.wikidata.org/entity/Q554118,http://www.wikidata.org/entity/Q131603,TSV Munich 1860,,2013-01-01T00:00:00Z,
http://www.wikidata.org/entity/Q554118,http://www.wikidata.org/entity/Q7671747,TSV 1860 München II,,2015-01-01T00:00:00Z,
http://www.wikidata.org/entity/Q554118,http://www.wikidata.org/entity/Q131603,TSV Munich 1860,,2015-01-01T00:00:00Z,
http://www.wikidata.org/entity/Q554118,http://www.wikidata.org/entity/Q15755,FC Augsbourg,75.0,2007-01-01T00:00:00Z,2013-01-01T00:00:00Z
http://www.wikidata.org/entity/Q554125,http://www.wikidata.org/entity/Q48911,FC Lorient,60.0,1997-01-01T00:00:00Z,1999-01-01T00:00:00Z
http://www.wikidata.org/entity/Q554125,http://www.wikidata.org/entity/Q126334,RC Strasbourg Alsace,92.0,1992-01-01T00:00:00Z,1995-01-01T00:00:00Z
http://www.wikidata.org/entity/Q554125,http://www.wikidata.org/entity/Q132885,Olympique de Marseille,12.0,1987-01-01T00:00:00Z,1988-01-01T00:00:00Z
http://www.wikidata.org/entity/Q554125,http://www.wikidata.org/entity/Q640726,FC Mulhouse,79.0,1983-01-01T00:00:00Z,1987-01-01T00:00:00Z
http://www.wikidata.org/entity/Q554125,http://www.wikidata.org/entity/Q704,Olympique lyonnais,138.0,1988-01-01T00:00:00Z,1992-01-01T00:00:00Z
http://www.wikidata.org/entity/Q554125,http://www.wikidata.org/entity/Q181903,équipe d'Algérie de football,7.0,1987-01-01T00:00:00Z,1992-01-01T00:00:00Z
http://www.wikidata.org/entity/Q554125,http://www.wikidata.org/entity/Q459148,En avant Guingamp,12.0,2000-01-01T00:00:00Z,2000-01-01T00:00:00Z
http://www.wikidata.org/entity/Q554125,http://www.wikidata.org/entity/Q492159,US Créteil-Lusitanos,20.0,1999-01-01T00:00:00Z,2000-01-01T00:00:00Z
http://www.wikidata.org/entity/Q554125,http://www.wikidata.org/entity/Q459148,En avant Guingamp,12.0,1999-01-01T00:00:00Z,2000-01-01T00:00:00Z
http://www.wikidata.org/entity/Q554125,http://www.wikidata.org/entity/Q19512,Football Club Sochaux-Montbéliard,56.0,1995-01-01T00:00:00Z,1997-01-01T00:00:00Z
http://www.wikidata.org/entity/Q554543,http://www.wikidata.org/entity/Q201006,SK Dinamo Tbilissi,65.0,1991-01-01T00:00:00Z,1995-01-01T00:00:00Z
http://www.wikidata.org/entity/Q554543,http://www.wikidata.org/entity/Q19470,Derby County FC,13.0,1999-01-01T00:00:00Z,2000-01-01T00:00:00Z
http://www.wikidata.org/entity/Q554543,http://www.wikidata.org/entity/Q141688,Anorthosis Famagouste FC,22.0,2004-01-01T00:00:00Z,2005-01-01T00:00:00Z
http://www.wikidata.org/entity/Q554543,http://www.wikidata.org/entity/Q50602,Manchester City FC,106.0,1995-01-01T00:00:00Z,1998-01-01T00:00:00Z
http://www.wikidata.org/entity/Q554543,http://www.wikidata.org/entity/Q81888,Ajax Amsterdam,12.0,1998-01-01T00:00:00Z,2000-01-01T00:00:00Z
http://www.wikidata.org/entity/Q554543,http://www.wikidata.org/entity/Q170040,Rubin Kazan,13.0,2005-01-01T00:00:00Z,2006-01-01T00:00:00Z
http://www.wikidata.org/entity/Q554543,http://www.wikidata.org/entity/Q170703,Boca Juniors,3.0,1994-01-01T00:00:00Z,1994-01-01T00:00:00Z
http://www.wikidata.org/entity/Q554543,http://www.wikidata.org/entity/Q3652505,FC Mretebi Tbilisi,80.0,1989-01-01T00:00:00Z,1991-01-01T00:00:00Z
http://www.wikidata.org/entity/Q554543,http://www.wikidata.org/entity/Q19470,Derby County FC,80.0,2000-01-01T00:00:00Z,2003-01-01T00:00:00Z
http://www.wikidata.org/entity/Q554543,http://www.wikidata.org/entity/Q157463,1. FC Sarrebruck,11.0,1993-01-01T00:00:00Z,1993-01-01T00:00:00Z
http://www.wikidata.org/entity/Q554543,http://www.wikidata.org/entity/Q186268,équipe de Géorgie de football,54.0,1992-01-01T00:00:00Z,2005-01-01T00:00:00Z
http://www.wikidata.org/entity/Q554800,http://www.wikidata.org/entity/Q19593,Celtic FC,7.0,2010-01-01T00:00:00Z,2011-01-01T00:00:00Z
http://www.wikidata.org/entity/Q554800,http://www.wikidata.org/entity/Q221602,AIK Solna,28.0,2009-01-01T00:00:00Z,2010-01-01T00:00:00Z
http://www.wikidata.org/entity/Q554800,http://www.wikidata.org/entity/Q18721,Norwich City FC,6.0,2014-01-01T00:00:00Z,2014-01-01T00:00:00Z
http://www.wikidata.org/entity/Q554800,http://www.wikidata.org/entity/Q741382,Kapfenberger SV,14.0,2006-01-01T00:00:00Z,2006-01-01T00:00:00Z
http://www.wikidata.org/entity/Q554800,http://www.wikidata.org/entity/Q19603,FC Twente,,2017-01-01T00:00:00Z,
http://www.wikidata.org/entity/Q537581,http://www.wikidata.org/entity/Q822722,Partick Thistle FC,153.0,2006-01-01T00:00:00Z,2013-01-01T00:00:00Z
http://www.wikidata.org/entity/Q537581,http://www.wikidata.org/entity/Q19498,Sheffield Wednesday FC,53.0,1999-01-01T00:00:00Z,2003-01-01T00:00:00Z
http://www.wikidata.org/entity/Q537581,http://www.wikidata.org/entity/Q1812121,équipe d'Écosse espoirs de football,11.0,1994-01-01T00:00:00Z,1996-01-01T00:00:00Z
http://www.wikidata.org/entity/Q537581,http://www.wikidata.org/entity/Q34044,équipe d'Écosse de football,10.0,1997-01-01T00:00:00Z,1998-01-01T00:00:00Z
http://www.wikidata.org/entity/Q537581,http://www.wikidata.org/entity/Q268776,Saint Johnstone Football Club,36.0,2003-01-01T00:00:00Z,2004-01-01T00:00:00Z
http://www.wikidata.org/entity/Q537581,http://www.wikidata.org/entity/Q390256,Dunfermline Athletic Football Club,39.0,2004-01-01T00:00:00Z,2006-01-01T00:00:00Z
http://www.wikidata.org/entity/Q537581,http://www.wikidata.org/entity/Q852753,Queen's Park FC,0.0,1992-01-01T00:00:00Z,1993-01-01T00:00:00Z
http://www.wikidata.org/entity/Q537581,http://www.wikidata.org/entity/Q19593,Celtic FC,146.0,1993-01-01T00:00:00Z,1999-01-01T00:00:00Z
http://www.wikidata.org/entity/Q537830,http://www.wikidata.org/entity/Q24904,ADO La Haye,56.0,1991-01-01T00:00:00Z,1995-01-01T00:00:00Z
http://www.wikidata.org/entity/Q537830,http://www.wikidata.org/entity/Q636315,Helmond Sport,22.0,2004-01-01T00:00:00Z,2005-01-01T00:00:00Z
http://www.wikidata.org/entity/Q537830,http://www.wikidata.org/entity/Q105861,VfL Bochum,27.0,2002-01-01T00:00:00Z,2004-01-01T00:00:00Z
http://www.wikidata.org/entity/Q537830,http://www.wikidata.org/entity/Q24904,ADO La Haye,27.0,1990-01-01T00:00:00Z,1991-01-01T00:00:00Z
http://www.wikidata.org/entity/Q537830,http://www.wikidata.org/entity/Q157464,KFC Uerdingen 05,33.0,2001-01-01T00:00:00Z,2002-01-01T00:00:00Z
http://www.wikidata.org/entity/Q537830,http://www.wikidata.org/entity/Q876568,MVV Maastricht,117.0,1995-01-01T00:00:00Z,2001-01-01T00:00:00Z
http://www.wikidata.org/entity/Q538714,http://www.wikidata.org/entity/Q8812,Grenade CF,64.0,2002-01-01T00:00:00Z,2004-01-01T00:00:00Z
http://www.wikidata.org/entity/Q538714,http://www.wikidata.org/entity/Q2421781,Marino de Luanco,32.0,2004-01-01T00:00:00Z,2005-01-01T00:00:00Z
http://www.wikidata.org/entity/Q538714,http://www.wikidata.org/entity/Q12278,Sporting Gijón,3.0,2005-01-01T00:00:00Z,2005-01-01T00:00:00Z
http://www.wikidata.org/entity/Q538714,http://www.wikidata.org/entity/Q2882795,Arenas CD,,2001-01-01T00:00:00Z,2002-01-01T00:00:00Z
http://www.wikidata.org/entity/Q538714,http://www.wikidata.org/entity/Q11997,Club Deportivo Mirandés,11.0,2013-01-01T00:00:00Z,2014-01-01T00:00:00Z
http://www.wikidata.org/entity/Q538714,http://www.wikidata.org/entity/Q8812,Grenade CF,181.0,2006-01-01T00:00:00Z,2013-01-01T00:00:00Z
http://www.wikidata.org/entity/Q539539,http://www.wikidata.org/entity/Q666010,SC Verl,102.0,2003-01-01T00:00:00Z,2007-01-01T00:00:00Z
http://www.wikidata.org/entity/Q539539,http://www.wikidata.org/entity/Q183468,équipe du Kazakhstan de football,,2010-01-01T00:00:00Z,
http://www.wikidata.org/entity/Q539539,http://www.wikidata.org/entity/Q157020,SC Rot-Weiss Oberhausen,51.0,2009-01-01T00:00:00Z,2011-01-01T00:00:00Z
http://www.wikidata.org/entity/Q539539,http://www.wikidata.org/entity/Q153539,SpVgg Greuther Fürth,44.0,2011-01-01T00:00:00Z,2013-01-01T00:00:00Z
http://www.wikidata.org/entity/Q539539,http://www.wikidata.org/entity/Q157352,FSV Francfort,,2015-01-01T00:00:00Z,
http://www.wikidata.org/entity/Q539539,http://www.wikidata.org/entity/Q105861,VfL Bochum,0.0,2007-01-01T00:00:00Z,2009-01-01T00:00:00Z
http://www.wikidata.org/entity/Q539539,http://www.wikidata.org/entity/Q7924284,VfL Bochum II,61.0,2007-01-01T00:00:00Z,2009-01-01T00:00:00Z
http://www.wikidata.org/entity/Q539539,http://www.wikidata.org/entity/Q151747,Fortuna Düsseldorf,18.0,2013-01-01T00:00:00Z,2015-01-01T00:00:00Z
http://www.wikidata.org/entity/Q539694,http://www.wikidata.org/entity/Q179658,FCSB,159.0,1993-01-01T00:00:00Z,2000-01-01T00:00:00Z
http://www.wikidata.org/entity/Q539694,http://www.wikidata.org/entity/Q460448,Cádiz CF,14.0,2008-01-01T00:00:00Z,2009-01-01T00:00:00Z
http://www.wikidata.org/entity/Q539694,http://www.wikidata.org/entity/Q12249,Recreativo de Huelva,97.0,2004-01-01T00:00:00Z,2008-01-01T00:00:00Z
http://www.wikidata.org/entity/Q539694,http://www.wikidata.org/entity/Q168397,équipe de Roumanie de football,38.0,1998-01-01T00:00:00Z,2007-01-01T00:00:00Z
http://www.wikidata.org/entity/Q539694,http://www.wikidata.org/entity/Q12158,Club Deportivo Numancia,125.0,2000-01-01T00:00:00Z,2004-01-01T00:00:00Z
http://www.wikidata.org/entity/Q539846,http://www.wikidata.org/entity/Q190526,Berner Sport Club Young Boys,16.0,2006-01-01T00:00:00Z,2006-01-01T00:00:00Z
http://www.wikidata.org/entity/Q539846,http://www.wikidata.org/entity/Q852266,ASEC Mimosas,,1998-01-01T00:00:00Z,2001-01-01T00:00:00Z
http://www.wikidata.org/entity/Q539846,http://www.wikidata.org/entity/Q189671,FC Bâle,58.0,2010-01-01T00:00:00Z,2013-01-01T00:00:00Z
http://www.wikidata.org/entity/Q539846,http://www.wikidata.org/entity/Q1262926,Dubaï Club,12.0,2013-01-01T00:00:00Z,2014-01-01T00:00:00Z
http://www.wikidata.org/entity/Q539846,http://www.wikidata.org/entity/Q206692,FC Zurich,,2014-01-01T00:00:00Z,
http://www.wikidata.org/entity/Q539846,http://www.wikidata.org/entity/Q190526,Berner Sport Club Young Boys,115.0,2006-01-01T00:00:00Z,2010-01-01T00:00:00Z
http://www.wikidata.org/entity/Q539846,http://www.wikidata.org/entity/Q192071,Football Club de Nantes,45.0,2004-01-01T00:00:00Z,2006-01-01T00:00:00Z
http://www.wikidata.org/entity/Q539846,http://www.wikidata.org/entity/Q849139,KSK Beveren,67.0,2001-01-01T00:00:00Z,2004-01-01T00:00:00Z
http://www.wikidata.org/entity/Q539846,http://www.wikidata.org/entity/Q175145,équipe de Côte d'Ivoire de football,46.0,2000-01-01T00:00:00Z,2010-01-01T00:00:00Z
http://www.wikidata.org/entity/Q539846,http://www.wikidata.org/entity/Q192071,Football Club de Nantes,15.0,2004-01-01T00:00:00Z,2004-01-01T00:00:00Z
http://www.wikidata.org/entity/Q540625,http://www.wikidata.org/entity/Q2028870,Havant & Waterlooville Football Club,5.0,2011-01-01T00:00:00Z,2012-01-01T00:00:00Z
http://www.wikidata.org/entity/Q540625,http://www.wikidata.org/entity/Q2028870,Havant & Waterlooville Football Club,,2011-01-01T00:00:00Z,2011-01-01T00:00:00Z
http://www.wikidata.org/entity/Q540625,http://www.wikidata.org/entity/Q19604,Portsmouth FC,12.0,2003-01-01T00:00:00Z,2006-01-01T00:00:00Z
http://www.wikidata.org/entity/Q540625,http://www.wikidata.org/entity/Q18732,Southampton FC,5.0,2008-01-01T00:00:00Z,2008-01-01T00:00:00Z
http://www.wikidata.org/entity/Q540625,http://www.wikidata.org/entity/Q19607,Sheffield United FC,11.0,2005-01-01T00:00:00Z,2005-01-01T00:00:00Z
http://www.wikidata.org/entity/Q540625,http://www.wikidata.org/entity/Q19575,Carlisle United Football Club,10.0,2009-01-01T00:00:00Z,2010-01-01T00:00:00Z
http://www.wikidata.org/entity/Q540625,http://www.wikidata.org/entity/Q19521,AS Saint-Étienne,2.0,1999-01-01T00:00:00Z,2000-01-01T00:00:00Z
http://www.wikidata.org/entity/Q540625,http://www.wikidata.org/entity/Q1422,Juventus FC,,2000-01-01T00:00:00Z,2003-01-01T00:00:00Z
http://www.wikidata.org/entity/Q540625,http://www.wikidata.org/entity/Q19487,Millwall FC,2.0,2009-01-01T00:00:00Z,2009-01-01T00:00:00Z
http://www.wikidata.org/entity/Q540625,http://www.wikidata.org/entity/Q6899327,Moneyfields F.C.,,2015-01-01T00:00:00Z,2015-01-01T00:00:00Z
http://www.wikidata.org/entity/Q540625,http://www.wikidata.org/entity/Q48947,Plymouth Argyle FC,15.0,2006-01-01T00:00:00Z,2006-01-01T00:00:00Z
http://www.wikidata.org/entity/Q540625,http://www.wikidata.org/entity/Q18736,Stoke City FC,38.0,2006-01-01T00:00:00Z,2009-01-01T00:00:00Z
http://www.wikidata.org/entity/Q540625,http://www.wikidata.org/entity/Q19604,Portsmouth FC,32.0,2002-01-01T00:00:00Z,2003-01-01T00:00:00Z
http://www.wikidata.org/entity/Q540625,http://www.wikidata.org/entity/Q19634,Swindon Town Football Club,34.0,2010-01-01T00:00:00Z,2011-01-01T00:00:00Z
http://www.wikidata.org/entity/Q540813,http://www.wikidata.org/entity/Q483868,équipe de Tchéquie de football,8.0,2006-01-01T00:00:00Z,2010-01-01T00:00:00Z
http://www.wikidata.org/entity/Q540813,http://www.wikidata.org/entity/Q162472,1. FK Příbram,12.0,2015-01-01T00:00:00Z,2015-06-01T00:00:00Z
http://www.wikidata.org/entity/Q540813,http://www.wikidata.org/entity/Q492826,MKE Ankaragücü,8.0,2011-01-01T00:00:00Z,2011-01-01T00:00:00Z
http://www.wikidata.org/entity/Q540813,http://www.wikidata.org/entity/Q331650,FBK Kaunas,0.0,2005-07-01T00:00:00Z,2006-01-01T00:00:00Z
http://www.wikidata.org/entity/Q540813,http://www.wikidata.org/entity/Q18744,West Bromwich Albion,29.0,2007-01-01T00:00:00Z,2008-01-01T00:00:00Z
http://www.wikidata.org/entity/Q540813,http://www.wikidata.org/entity/Q162472,1. FK Příbram,25.0,2015-07-01T00:00:00Z,2016-01-01T00:00:00Z
http://www.wikidata.org/entity/Q540813,http://www.wikidata.org/entity/Q328332,FK Mladá Boleslav,70.0,2002-01-01T00:00:00Z,2005-01-01T00:00:00Z
http://www.wikidata.org/entity/Q540813,http://www.wikidata.org/entity/Q193481,AC Sparta Prague,39.0,2013-01-01T00:00:00Z,2015-01-01T00:00:00Z
http://www.wikidata.org/entity/Q540813,http://www.wikidata.org/entity/Q3873547,équipe de Tchéquie des moins de 20 ans de football,10.0,2002-01-01T00:00:00Z,2003-01-01T00:00:00Z
http://www.wikidata.org/entity/Q540813,http://www.wikidata.org/entity/Q19449,Blackpool FC,9.0,2012-01-01T00:00:00Z,2012-08-01T00:00:00Z
http://www.wikidata.org/entity/Q540813,http://www.wikidata.org/entity/Q18744,West Bromwich Albion,56.0,2008-01-01T00:00:00Z,2012-01-01T00:00:00Z
http://www.wikidata.org/entity/Q540813,http://www.wikidata.org/entity/Q202093,Heart of Midlothian Football Club,22.0,2005-08-01T00:00:00Z,2006-01-01T00:00:00Z
http://www.wikidata.org/entity/Q540813,http://www.wikidata.org/entity/Q202093,Heart of Midlothian Football Club,18.0,2006-01-01T00:00:00Z,2008-01-01T00:00:00Z
http://www.wikidata.org/entity/Q540813,http://www.wikidata.org/entity/Q1464421,équipe de Tchéquie espoirs de football,4.0,2004-01-01T00:00:00Z,2005-01-01T00:00:00Z
http://www.wikidata.org/entity/Q540813,http://www.wikidata.org/entity/Q19481,Leicester City FC,5.0,2010-11-01T00:00:00Z,2010-12-01T00:00:00Z
http://www.wikidata.org/entity/Q540813,http://www.wikidata.org/entity/Q372599,Sivasspor,0.0,2012-08-01T00:00:00Z,2012-10-01T00:00:00Z
http://www.wikidata.org/entity/Q541603,http://www.wikidata.org/entity/Q19498,Sheffield Wednesday FC,0.0,1989-01-01T00:00:00Z,1991-01-01T00:00:00Z
http://www.wikidata.org/entity/Q541603,http://www.wikidata.org/entity/Q48879,Bradford City Association Football Club,304.0,1999-01-01T00:00:00Z,2008-01-01T00:00:00Z
http://www.wikidata.org/entity/Q541603,http://www.wikidata.org/entity/Q1128631,Leeds United,202.0,1991-01-01T00:00:00Z,1999-01-01T00:00:00Z
http://www.wikidata.org/entity/Q542852,http://www.wikidata.org/entity/Q602987,Sport Huancayo,163.0,2016-01-01T00:00:00Z,2019-01-01T00:00:00Z
http://www.wikidata.org/entity/Q542852,http://www.wikidata.org/entity/Q572957,Club Alianza Lima,19.0,2008-01-01T00:00:00Z,2009-01-01T00:00:00Z
http://www.wikidata.org/entity/Q542852,http://www.wikidata.org/entity/Q603023,Club Deportivo Universidad César Vallejo,27.0,2010-01-01T00:00:00Z,2010-01-01T00:00:00Z
http://www.wikidata.org/entity/Q542852,http://www.wikidata.org/entity/Q602607,Club Social Deportivo León de Huánuco,39.0,2015-01-01T00:00:00Z,2015-01-01T00:00:00Z
http://www.wikidata.org/entity/Q542852,http://www.wikidata.org/entity/Q572957,Club Alianza Lima,15.0,2011-01-01T00:00:00Z,2012-01-01T00:00:00Z
http://www.wikidata.org/entity/Q542852,http://www.wikidata.org/entity/Q5401913,Club Social Deportivo Estudiantes de Medicina,18.0,2003-01-01T00:00:00Z,2003-01-01T00:00:00Z
http://www.wikidata.org/entity/Q542852,http://www.wikidata.org/entity/Q221525,FC Metz,6.0,2006-01-01T00:00:00Z,2008-01-01T00:00:00Z
http://www.wikidata.org/entity/Q542852,http://www.wikidata.org/entity/Q212166,équipe du Pérou de football,1.0,2006-01-01T00:00:00Z,2006-01-01T00:00:00Z
http://www.wikidata.org/entity/Q542852,http://www.wikidata.org/entity/Q3781174,Club Carlos A. Mannucci,10.0,2020-01-01T00:00:00Z,2020-01-01T00:00:00Z
http://www.wikidata.org/entity/Q542852,http://www.wikidata.org/entity/Q603023,Club Deportivo Universidad César Vallejo,85.0,2004-01-01T00:00:00Z,2005-01-01T00:00:00Z
http://www.wikidata.org/entity/Q542852,http://www.wikidata.org/entity/Q602436,Ayacucho Fútbol Club,34.0,2013-01-01T00:00:00Z,2013-01-01T00:00:00Z
http://www.wikidata.org/entity/Q542852,http://www.wikidata.org/entity/Q602397,Cusco Fútbol Club,37.0,2021-01-01T00:00:00Z,2022-01-01T00:00:00Z
http://www.wikidata.org/entity/Q542852,http://www.wikidata.org/entity/Q602607,Club Social Deportivo León de Huánuco,12.0,2012-01-01T00:00:00Z,2012-01-01T00:00:00Z
http://www.wikidata.org/entity/Q542852,http://www.wikidata.org/entity/Q971843,Universidad Técnica de Cajamarca,38.0,2014-01-01T00:00:00Z,2014-01-01T00:00:00Z
http://www.wikidata.org/entity/Q542852,http://www.wikidata.org/entity/Q572957,Club Alianza Lima,21.0,2006-01-01T00:00:00Z,2006-01-01T00:00:00Z
http://www.wikidata.org/entity/Q543106,http://www.wikidata.org/entity/Q142005,FC Hansa Rostock,10.0,1997-01-01T00:00:00Z,2004-01-01T00:00:00Z
http://www.wikidata.org/entity/Q543106,http://www.wikidata.org/entity/Q15786,1. FC Nuremberg,16.0,2004-01-01T00:00:00Z,2011-01-01T00:00:00Z
http://www.wikidata.org/entity/Q543156,http://www.wikidata.org/entity/Q511902,Ashanti Gold SC,,1990-01-01T00:00:00Z,1992-01-01T00:00:00Z
http://www.wikidata.org/entity/Q543156,http://www.wikidata.org/entity/Q658131,Alki Larnaca,,2007-01-01T00:00:00Z,2008-01-01T00:00:00Z
http://www.wikidata.org/entity/Q543156,http://www.wikidata.org/entity/Q172014,équipe du Ghana de football,41.0,1991-01-01T00:00:00Z,2001-01-01T00:00:00Z
http://www.wikidata.org/entity/Q543156,http://www.wikidata.org/entity/Q291447,AEK Larnaca,,2007-01-01T00:00:00Z,2008-01-01T00:00:00Z
http://www.wikidata.org/entity/Q554800,http://www.wikidata.org/entity/Q188430,FC Copenhague,11.0,2011-01-01T00:00:00Z,2011-01-01T00:00:00Z
http://www.wikidata.org/entity/Q554800,http://www.wikidata.org/entity/Q18732,Southampton FC,14.0,2011-01-01T00:00:00Z,2011-01-01T00:00:00Z
http://www.wikidata.org/entity/Q554800,http://www.wikidata.org/entity/Q221602,AIK Solna,28.0,2009-01-01T00:00:00Z,2009-01-01T00:00:00Z
http://www.wikidata.org/entity/Q554800,http://www.wikidata.org/entity/Q18732,Southampton FC,53.0,2011-01-01T00:00:00Z,2015-01-01T00:00:00Z
http://www.wikidata.org/entity/Q554800,http://www.wikidata.org/entity/Q269151,PEC Zwolle,45.0,2004-01-01T00:00:00Z,2006-01-01T00:00:00Z
http://www.wikidata.org/entity/Q554800,http://www.wikidata.org/entity/Q200321,SC Heerenveen,14.0,2003-01-01T00:00:00Z,2006-01-01T00:00:00Z
http://www.wikidata.org/entity/Q554800,http://www.wikidata.org/entity/Q18721,Norwich City FC,6.0,2014-01-01T00:00:00Z,2015-01-01T00:00:00Z
http://www.wikidata.org/entity/Q554800,http://www.wikidata.org/entity/Q221602,AIK Solna,25.0,2015-01-01T00:00:00Z,2017-01-01T00:00:00Z
http://www.wikidata.org/entity/Q554800,http://www.wikidata.org/entity/Q19487,Millwall FC,15.0,2015-01-01T00:00:00Z,2015-01-01T00:00:00Z
http://www.wikidata.org/entity/Q554800,http://www.wikidata.org/entity/Q514714,équipe des Pays-Bas de football des moins de 19 ans,4.0,2001-01-01T00:00:00Z,2002-01-01T00:00:00Z
http://www.wikidata.org/entity/Q554800,http://www.wikidata.org/entity/Q741382,Kapfenberger SV,14.0,2006-01-01T00:00:00Z,2007-01-01T00:00:00Z
http://www.wikidata.org/entity/Q554800,http://www.wikidata.org/entity/Q222877,FC Inter Turku,52.0,2007-01-01T00:00:00Z,2009-01-01T00:00:00Z
http://www.wikidata.org/entity/Q555287,http://www.wikidata.org/entity/Q324854,équipe d'Allemagne de football des moins de 19 ans,10.0,2006-01-01T00:00:00Z,2007-01-01T00:00:00Z
http://www.wikidata.org/entity/Q555287,http://www.wikidata.org/entity/Q920263,Hertha Berliner Sport-Club II,36.0,2006-01-01T00:00:00Z,2008-01-01T00:00:00Z
http://www.wikidata.org/entity/Q555287,http://www.wikidata.org/entity/Q33748,Hanovre 96,46.0,2008-01-01T00:00:00Z,2013-01-01T00:00:00Z
http://www.wikidata.org/entity/Q555287,http://www.wikidata.org/entity/Q33748,Hanovre 96,,2009-01-01T00:00:00Z,
http://www.wikidata.org/entity/Q555287,http://www.wikidata.org/entity/Q102720,Hertha BSC,37.0,2006-01-01T00:00:00Z,2008-01-01T00:00:00Z
http://www.wikidata.org/entity/Q556531,http://www.wikidata.org/entity/Q19066,Club Universitario de Deportes,238.0,2008-01-01T00:00:00Z,2014-01-01T00:00:00Z
http://www.wikidata.org/entity/Q556531,http://www.wikidata.org/entity/Q19066,Club Universitario de Deportes,7.0,2003-01-01T00:00:00Z,2003-01-01T00:00:00Z
http://www.wikidata.org/entity/Q556531,http://www.wikidata.org/entity/Q154293,MSV Duisbourg,5.0,1999-01-01T00:00:00Z,2001-01-01T00:00:00Z
http://www.wikidata.org/entity/Q556531,http://www.wikidata.org/entity/Q212166,équipe du Pérou de football,28.0,2005-01-01T00:00:00Z,2010-01-01T00:00:00Z
http://www.wikidata.org/entity/Q556531,http://www.wikidata.org/entity/Q604581,Club Sporting Cristal,120.0,2004-01-01T00:00:00Z,2007-01-01T00:00:00Z
http://www.wikidata.org/entity/Q556531,http://www.wikidata.org/entity/Q876583,DSV Leoben,26.0,2002-01-01T00:00:00Z,2002-01-01T00:00:00Z
http://www.wikidata.org/entity/Q556531,http://www.wikidata.org/entity/Q602542,Foot Ball Club Melgar,,2015-01-01T00:00:00Z,
http://www.wikidata.org/entity/Q556630,http://www.wikidata.org/entity/Q18721,Norwich City FC,15.0,2015-01-01T00:00:00Z,2015-01-01T00:00:00Z
http://www.wikidata.org/entity/Q556630,http://www.wikidata.org/entity/Q34044,équipe d'Écosse de football,,2009-01-01T00:00:00Z,
http://www.wikidata.org/entity/Q556630,http://www.wikidata.org/entity/Q867921,Livingston Football Club,77.0,2005-01-01T00:00:00Z,2008-01-01T00:00:00Z
http://www.wikidata.org/entity/Q556630,http://www.wikidata.org/entity/Q7435700,équipe d'Écosse de football des moins de 20 ans,5.0,2007-01-01T00:00:00Z,2007-01-01T00:00:00Z
http://www.wikidata.org/entity/Q556630,http://www.wikidata.org/entity/Q18744,West Bromwich Albion,154.0,2008-01-01T00:00:00Z,2015-01-01T00:00:00Z
http://www.wikidata.org/entity/Q556630,http://www.wikidata.org/entity/Q1812121,équipe d'Écosse espoirs de football,5.0,2008-01-01T00:00:00Z,2008-01-01T00:00:00Z
http://www.wikidata.org/entity/Q556630,http://www.wikidata.org/entity/Q822722,Partick Thistle FC,15.0,2005-01-01T00:00:00Z,2005-01-01T00:00:00Z
http://www.wikidata.org/entity/Q557965,http://www.wikidata.org/entity/Q190916,Club Bruges KV,,2015-01-01T00:00:00Z,
http://www.wikidata.org/entity/Q557965,http://www.wikidata.org/entity/Q364698,Cercle Bruges KSV,17.0,2009-01-01T00:00:00Z,2010-01-01T00:00:00Z
http://www.wikidata.org/entity/Q557965,http://www.wikidata.org/entity/Q166776,équipe de Belgique de football,12.0,2009-01-01T00:00:00Z,2013-01-01T00:00:00Z
http://www.wikidata.org/entity/Q557965,http://www.wikidata.org/entity/Q815515,équipe de Belgique espoirs de football,8.0,2008-01-01T00:00:00Z,2009-01-01T00:00:00Z
http://www.wikidata.org/entity/Q557965,http://www.wikidata.org/entity/Q19458,Burnley FC,4.0,2015-01-01T00:00:00Z,2015-01-01T00:00:00Z
http://www.wikidata.org/entity/Q557965,http://www.wikidata.org/entity/Q3589896,équipe de Belgique de football des moins de 19 ans,9.0,2006-01-01T00:00:00Z,2008-01-01T00:00:00Z
http://www.wikidata.org/entity/Q557965,http://www.wikidata.org/entity/Q4965058,équipes de Belgique de football de jeunes,2.0,2005-01-01T00:00:00Z,2005-01-01T00:00:00Z
http://www.wikidata.org/entity/Q557965,http://www.wikidata.org/entity/Q4965058,équipes de Belgique de football de jeunes,1.0,2008-01-01T00:00:00Z,2008-01-01T00:00:00Z
http://www.wikidata.org/entity/Q557965,http://www.wikidata.org/entity/Q23674710,équipe de Belgique de football des moins de 16 ans,,2005-01-01T00:00:00Z,2005-01-01T00:00:00Z
http://www.wikidata.org/entity/Q557965,http://www.wikidata.org/entity/Q216032,KRC Genk,193.0,2007-01-01T00:00:00Z,2015-01-01T00:00:00Z
http://www.wikidata.org/entity/Q557965,http://www.wikidata.org/entity/Q18661,Middlesbrough FC,33.0,2014-01-01T00:00:00Z,2015-01-01T00:00:00Z
http://www.wikidata.org/entity/Q557965,http://www.wikidata.org/entity/Q3589894,équipe de Belgique de football des moins de 20 ans,1.0,2008-01-01T00:00:00Z,2008-01-01T00:00:00Z
http://www.wikidata.org/entity/Q557965,http://www.wikidata.org/entity/Q15224541,équipe de Belgique de football des moins de 18 ans,5.0,2006-01-01T00:00:00Z,2007-01-01T00:00:00Z
http://www.wikidata.org/entity/Q557965,http://www.wikidata.org/entity/Q4965058,équipes de Belgique de football de jeunes,3.0,2004-01-01T00:00:00Z,2004-01-01T00:00:00Z
http://www.wikidata.org/entity/Q557965,http://www.wikidata.org/entity/Q3589895,équipe de Belgique de football des moins de 17 ans,16.0,2005-01-01T00:00:00Z,2006-01-01T00:00:00Z
http://www.wikidata.org/entity/Q558475,http://www.wikidata.org/entity/Q287804,équipe des États-Unis de soccer des moins de 20 ans,2.0,2011-01-01T00:00:00Z,2011-01-01T00:00:00Z
http://www.wikidata.org/entity/Q558475,http://www.wikidata.org/entity/Q131215,Rapid Vienne,59.0,2012-01-01T00:00:00Z,2014-01-01T00:00:00Z
http://www.wikidata.org/entity/Q558475,http://www.wikidata.org/entity/Q865720,Borussia Dortmund II,32.0,2011-01-01T00:00:00Z,2012-01-01T00:00:00Z
http://www.wikidata.org/entity/Q558475,http://www.wikidata.org/entity/Q702455,RB Leipzig,,2014-01-01T00:00:00Z,
http://www.wikidata.org/entity/Q558475,http://www.wikidata.org/entity/Q164134,équipe des États-Unis de football,,2012-01-01T00:00:00Z,
http://www.wikidata.org/entity/Q558475,http://www.wikidata.org/entity/Q3590572,équipe des États-Unis de football des moins de 23 ans,2.0,2012-01-01T00:00:00Z,2012-01-01T00:00:00Z
http://www.wikidata.org/entity/Q558475,http://www.wikidata.org/entity/Q920263,Hertha Berliner Sport-Club II,44.0,2009-01-01T00:00:00Z,2011-01-01T00:00:00Z
http://www.wikidata.org/entity/Q558475,http://www.wikidata.org/entity/Q102720,Hertha BSC,44.0,2009-01-01T00:00:00Z,2011-01-01T00:00:00Z
http://www.wikidata.org/entity/Q558809,http://www.wikidata.org/entity/Q738427,NK Zadar,38.0,2013-01-01T00:00:00Z,2015-01-01T00:00:00Z
http://www.wikidata.org/entity/Q558809,http://www.wikidata.org/entity/Q1764453,NK Junak Sinj,,1997-01-01T00:00:00Z,1999-01-01T00:00:00Z
http://www.wikidata.org/entity/Q558809,http://www.wikidata.org/entity/Q263258,NK Široki Brijeg,35.0,2001-01-01T00:00:00Z,2003-01-01T00:00:00Z
http://www.wikidata.org/entity/Q558809,http://www.wikidata.org/entity/Q646204,JEF United Ichihara Chiba,7.0,2008-01-01T00:00:00Z,2008-01-01T00:00:00Z
http://www.wikidata.org/entity/Q558809,http://www.wikidata.org/entity/Q1255000,RNK Split,39.0,2011-01-01T00:00:00Z,2013-01-01T00:00:00Z
http://www.wikidata.org/entity/Q558809,http://www.wikidata.org/entity/Q181216,HNK Hajduk Split,2.0,1999-01-01T00:00:00Z,2000-01-01T00:00:00Z
http://www.wikidata.org/entity/Q558809,http://www.wikidata.org/entity/Q181216,HNK Hajduk Split,63.0,2006-01-01T00:00:00Z,2008-01-01T00:00:00Z
http://www.wikidata.org/entity/Q558809,http://www.wikidata.org/entity/Q153539,SpVgg Greuther Fürth,7.0,2009-01-01T00:00:00Z,2009-01-01T00:00:00Z
http://www.wikidata.org/entity/Q558809,http://www.wikidata.org/entity/Q263258,NK Široki Brijeg,13.0,2010-01-01T00:00:00Z,2010-01-01T00:00:00Z
http://www.wikidata.org/entity/Q558809,http://www.wikidata.org/entity/Q1638971,HŠK Posušje,,2000-01-01T00:00:00Z,2001-01-01T00:00:00Z
http://www.wikidata.org/entity/Q558809,http://www.wikidata.org/entity/Q172803,Dinamo Zagreb,25.0,2008-01-01T00:00:00Z,2009-01-01T00:00:00Z
http://www.wikidata.org/entity/Q558809,http://www.wikidata.org/entity/Q101859,VfL Wolfsburg,23.0,2003-01-01T00:00:00Z,2006-01-01T00:00:00Z
http://www.wikidata.org/entity/Q558809,http://www.wikidata.org/entity/Q738427,NK Zadar,20.0,2008-01-01T00:00:00Z,2009-01-01T00:00:00Z
http://www.wikidata.org/entity/Q558809,http://www.wikidata.org/entity/Q738423,Gamba Osaka,4.0,2001-01-01T00:00:00Z,2001-01-01T00:00:00Z
http://www.wikidata.org/entity/Q558809,http://www.wikidata.org/entity/Q1764453,NK Junak Sinj,,2015-01-01T00:00:00Z,2016-01-01T00:00:00Z
http://www.wikidata.org/entity/Q558809,http://www.wikidata.org/entity/Q181190,équipe de Bosnie-Herzégovine de football,29.0,2003-01-01T00:00:00Z,2009-01-01T00:00:00Z
http://www.wikidata.org/entity/Q558809,http://www.wikidata.org/entity/Q296050,AO Kavala,23.0,2006-01-01T00:00:00Z,2008-01-01T00:00:00Z
http://www.wikidata.org/entity/Q558809,http://www.wikidata.org/entity/Q1255000,RNK Split,39.0,2008-01-01T00:00:00Z,2008-01-01T00:00:00Z
http://www.wikidata.org/entity/Q558809,http://www.wikidata.org/entity/Q296050,AO Kavala,23.0,2010-01-01T00:00:00Z,2011-01-01T00:00:00Z
http://www.wikidata.org/entity/Q558873,http://www.wikidata.org/entity/Q495299,Galatasaray SK,25.0,2003-01-01T00:00:00Z,2004-01-01T00:00:00Z
http://www.wikidata.org/entity/Q558873,http://www.wikidata.org/entity/Q2447628,Tractorul Brașov,27.0,2000-07-01T00:00:00Z,2001-01-01T00:00:00Z
http://www.wikidata.org/entity/Q558873,http://www.wikidata.org/entity/Q856790,CS Gaz Metan Mediaș,11.0,2011-01-01T00:00:00Z,2012-01-01T00:00:00Z
http://www.wikidata.org/entity/Q558873,http://www.wikidata.org/entity/Q377621,Gloria Bistrița,9.0,2012-01-01T00:00:00Z,2012-01-01T00:00:00Z
http://www.wikidata.org/entity/Q558873,http://www.wikidata.org/entity/Q270420,PFC Litex Lovetch,7.0,2010-01-01T00:00:00Z,2010-01-01T00:00:00Z
http://www.wikidata.org/entity/Q558873,http://www.wikidata.org/entity/Q204237,FC Dinamo Bucarest,44.0,2007-01-01T00:00:00Z,2010-01-01T00:00:00Z
http://www.wikidata.org/entity/Q558873,http://www.wikidata.org/entity/Q245162,Rapid Bucarest,48.0,2000-01-01T00:00:00Z,2003-01-01T00:00:00Z
http://www.wikidata.org/entity/Q558873,http://www.wikidata.org/entity/Q168397,équipe de Roumanie de football,14.0,2003-01-01T00:00:00Z,2008-01-01T00:00:00Z
http://www.wikidata.org/entity/Q558873,http://www.wikidata.org/entity/Q212269,Valenciennes FC,22.0,2006-01-01T00:00:00Z,2007-01-01T00:00:00Z
http://www.wikidata.org/entity/Q558873,http://www.wikidata.org/entity/Q192071,Football Club de Nantes,13.0,2004-01-01T00:00:00Z,2007-01-01T00:00:00Z
http://www.wikidata.org/entity/Q558873,http://www.wikidata.org/entity/Q204237,FC Dinamo Bucarest,23.0,2005-01-01T00:00:00Z,2006-01-01T00:00:00Z
http://www.wikidata.org/entity/Q560152,http://www.wikidata.org/entity/Q695008,FC Viktoria Cologne 1904,,2013-01-01T00:00:00Z,
http://www.wikidata.org/entity/Q560152,http://www.wikidata.org/entity/Q101859,VfL Wolfsburg,127.0,2006-01-01T00:00:00Z,2010-01-01T00:00:00Z
http://www.wikidata.org/entity/Q560152,http://www.wikidata.org/entity/Q154293,MSV Duisbourg,17.0,2010-01-01T00:00:00Z,2012-01-01T00:00:00Z
http://www.wikidata.org/entity/Q560152,http://www.wikidata.org/entity/Q571553,SV Babelsberg 03,37.0,2012-01-01T00:00:00Z,2013-01-01T00:00:00Z
http://www.wikidata.org/entity/Q560603,http://www.wikidata.org/entity/Q428047,Apollon Limassol FC,24.0,2009-01-01T00:00:00Z,2010-01-01T00:00:00Z
http://www.wikidata.org/entity/Q560603,http://www.wikidata.org/entity/Q272712,Çaykur Rizespor,,2003-01-01T00:00:00Z,2003-01-01T00:00:00Z
http://www.wikidata.org/entity/Q560603,http://www.wikidata.org/entity/Q846062,KS Elbasani,44.0,1996-01-01T00:00:00Z,1998-01-01T00:00:00Z
http://www.wikidata.org/entity/Q560603,http://www.wikidata.org/entity/Q430107,Samsunspor,9.0,2002-01-01T00:00:00Z,2002-01-01T00:00:00Z
http://www.wikidata.org/entity/Q560603,http://www.wikidata.org/entity/Q81566,KS Vllaznia Shkodër,44.0,2000-01-01T00:00:00Z,2001-01-01T00:00:00Z
http://www.wikidata.org/entity/Q560603,http://www.wikidata.org/entity/Q272712,Çaykur Rizespor,11.0,2004-01-01T00:00:00Z,2004-01-01T00:00:00Z
http://www.wikidata.org/entity/Q560603,http://www.wikidata.org/entity/Q210170,KF Tirana,84.0,2005-01-01T00:00:00Z,2008-01-01T00:00:00Z
http://www.wikidata.org/entity/Q560603,http://www.wikidata.org/entity/Q186262,équipe d'Albanie de football,78.0,2001-01-01T00:00:00Z,2011-01-01T00:00:00Z
http://www.wikidata.org/entity/Q560603,http://www.wikidata.org/entity/Q105844,DSC Arminia Bielefeld,19.0,2004-01-01T00:00:00Z,2005-01-01T00:00:00Z
http://www.wikidata.org/entity/Q560603,http://www.wikidata.org/entity/Q240783,Omonia Nicosie,26.0,2008-01-01T00:00:00Z,2009-01-01T00:00:00Z
http://www.wikidata.org/entity/Q560603,http://www.wikidata.org/entity/Q210170,KF Tirana,27.0,1998-01-01T00:00:00Z,1999-01-01T00:00:00Z
http://www.wikidata.org/entity/Q571639,http://www.wikidata.org/entity/Q2331381,équipe de Croatie espoirs de football,7.0,1995-01-01T00:00:00Z,1997-01-01T00:00:00Z
http://www.wikidata.org/entity/Q571639,http://www.wikidata.org/entity/Q181216,HNK Hajduk Split,,1988-01-01T00:00:00Z,1994-07-01T00:00:00Z
http://www.wikidata.org/entity/Q571639,http://www.wikidata.org/entity/Q157463,1. FC Sarrebruck,20.0,2001-07-01T00:00:00Z,2002-07-01T00:00:00Z
http://www.wikidata.org/entity/Q571639,http://www.wikidata.org/entity/Q5187078,équipe de Croatie de football des moins de 20 ans,1.0,1995-01-01T00:00:00Z,1995-01-01T00:00:00Z
http://www.wikidata.org/entity/Q571639,http://www.wikidata.org/entity/Q3589940,équipe de Croatie de football des moins de 17 ans,1.0,1993-01-01T00:00:00Z,1993-01-01T00:00:00Z
http://www.wikidata.org/entity/Q571693,http://www.wikidata.org/entity/Q736937,CF Pachuca,,2016-01-01T00:00:00Z,
http://www.wikidata.org/entity/Q571693,http://www.wikidata.org/entity/Q164134,équipe des États-Unis de football,,2010-01-01T00:00:00Z,
http://www.wikidata.org/entity/Q571693,http://www.wikidata.org/entity/Q7892564,équipe des États-Unis de soccer des moins de 18 ans,3.0,2007-01-01T00:00:00Z,2007-01-01T00:00:00Z
http://www.wikidata.org/entity/Q571693,http://www.wikidata.org/entity/Q15786,1. FC Nuremberg,0.0,2012-01-01T00:00:00Z,2012-01-01T00:00:00Z
http://www.wikidata.org/entity/Q571693,http://www.wikidata.org/entity/Q204357,Galaxy de Los Angeles,180.0,2009-01-01T00:00:00Z,2015-01-01T00:00:00Z
http://www.wikidata.org/entity/Q571693,http://www.wikidata.org/entity/Q3590570,équipe des États-Unis de football des moins de 17 ans,2.0,2005-01-01T00:00:00Z,2005-01-01T00:00:00Z
http://www.wikidata.org/entity/Q572260,http://www.wikidata.org/entity/Q19444,Birmingham City FC,0.0,2007-01-01T00:00:00Z,2008-01-01T00:00:00Z
http://www.wikidata.org/entity/Q572260,http://www.wikidata.org/entity/Q19444,Birmingham City FC,,2005-01-01T00:00:00Z,
http://www.wikidata.org/entity/Q572260,http://www.wikidata.org/entity/Q187326,Aberdeen FC,82.0,2008-01-01T00:00:00Z,2011-01-01T00:00:00Z
http://www.wikidata.org/entity/Q572260,http://www.wikidata.org/entity/Q4201740,équipe d'Angleterre de football des moins de 16 ans,4.0,2004-01-01T00:00:00Z,2005-01-01T00:00:00Z
http://www.wikidata.org/entity/Q572260,http://www.wikidata.org/entity/Q19477,Hull City AFC,,2012-01-01T00:00:00Z,
http://www.wikidata.org/entity/Q572260,http://www.wikidata.org/entity/Q19597,Rangers FC,21.0,2011-01-01T00:00:00Z,2012-01-01T00:00:00Z
http://www.wikidata.org/entity/Q572260,http://www.wikidata.org/entity/Q181930,équipe du Nigéria de football,,2009-01-01T00:00:00Z,
http://www.wikidata.org/entity/Q572260,http://www.wikidata.org/entity/Q2358861,équipe d'Angleterre de football des moins de 19 ans,3.0,2007-01-01T00:00:00Z,2008-01-01T00:00:00Z
http://www.wikidata.org/entity/Q572260,http://www.wikidata.org/entity/Q19449,Blackpool FC,1.0,2008-01-01T00:00:00Z,2008-01-01T00:00:00Z
http://www.wikidata.org/entity/Q572260,http://www.wikidata.org/entity/Q2752922,Équipe d'Angleterre des moins de 17 ans de football,3.0,2005-01-01T00:00:00Z,2006-01-01T00:00:00Z
http://www.wikidata.org/entity/Q572260,http://www.wikidata.org/entity/Q187326,Aberdeen FC,20.0,2007-01-01T00:00:00Z,2008-01-01T00:00:00Z
http://www.wikidata.org/entity/Q572260,http://www.wikidata.org/entity/Q2069554,équipe du Nigeria de football des moins de 23 ans,1.0,2011-01-01T00:00:00Z,2011-01-01T00:00:00Z
http://www.wikidata.org/entity/Q572260,http://www.wikidata.org/entity/Q1049171,équipe d'Angleterre de football des moins de 18 ans,1.0,2006-01-01T00:00:00Z,2006-01-01T00:00:00Z
http://www.wikidata.org/entity/Q572260,http://www.wikidata.org/entity/Q3720221,équipe du Nigeria de football des moins de 20 ans,3.0,2009-01-01T00:00:00Z,2009-01-01T00:00:00Z
http://www.wikidata.org/entity/Q573195,http://www.wikidata.org/entity/Q994918,Gallipoli Calcio,12.0,2009-01-01T00:00:00Z,2010-01-01T00:00:00Z
http://www.wikidata.org/entity/Q573195,http://www.wikidata.org/entity/Q8648,Lanciano Calcio 1920,62.0,2010-01-01T00:00:00Z,2013-01-01T00:00:00Z
http://www.wikidata.org/entity/Q573195,http://www.wikidata.org/entity/Q13381,Unione Sportiva Triestina Calcio 1918,14.0,2010-01-01T00:00:00Z,2010-01-01T00:00:00Z
http://www.wikidata.org/entity/Q573195,http://www.wikidata.org/entity/Q2756,Sienne FC,84.0,2003-01-01T00:00:00Z,2006-01-01T00:00:00Z
http://www.wikidata.org/entity/Q573195,http://www.wikidata.org/entity/Q5775768,Cosenza Calcio 1914,27.0,1999-01-01T00:00:00Z,2000-01-01T00:00:00Z
http://www.wikidata.org/entity/Q573195,http://www.wikidata.org/entity/Q29390,ACR Messine,37.0,2007-01-01T00:00:00Z,2008-01-01T00:00:00Z
http://www.wikidata.org/entity/Q573195,http://www.wikidata.org/entity/Q1136016,Cosenza Calcio,27.0,1999-01-01T00:00:00Z,2000-01-01T00:00:00Z
http://www.wikidata.org/entity/Q573195,http://www.wikidata.org/entity/Q2710,Delfino Pescara,13.0,2001-01-01T00:00:00Z,2001-01-01T00:00:00Z
http://www.wikidata.org/entity/Q573195,http://www.wikidata.org/entity/Q2710,Delfino Pescara,13.0,2000-01-01T00:00:00Z,2000-01-01T00:00:00Z
http://www.wikidata.org/entity/Q573195,http://www.wikidata.org/entity/Q289482,AC Monza,25.0,1996-01-01T00:00:00Z,1997-01-01T00:00:00Z
http://www.wikidata.org/entity/Q573195,http://www.wikidata.org/entity/Q8623,Ternana Unicusano Calcio,60.0,2001-01-01T00:00:00Z,2003-01-01T00:00:00Z
http://www.wikidata.org/entity/Q573195,http://www.wikidata.org/entity/Q430993,Mantova 1911,15.0,2009-01-01T00:00:00Z,2009-01-01T00:00:00Z
http://www.wikidata.org/entity/Q573195,http://www.wikidata.org/entity/Q611222,Trévise F.B.C. 1993,18.0,2008-01-01T00:00:00Z,2009-01-01T00:00:00Z
http://www.wikidata.org/entity/Q573195,http://www.wikidata.org/entity/Q289656,Associazione Calcio Prato,30.0,1995-01-01T00:00:00Z,1996-01-01T00:00:00Z
http://www.wikidata.org/entity/Q573195,http://www.wikidata.org/entity/Q1457,UC Sampdoria,17.0,2000-01-01T00:00:00Z,2001-01-01T00:00:00Z
http://www.wikidata.org/entity/Q573195,http://www.wikidata.org/entity/Q289482,AC Monza,40.0,1997-01-01T00:00:00Z,1999-01-01T00:00:00Z
http://www.wikidata.org/entity/Q573195,http://www.wikidata.org/entity/Q1543,AC Milan,0.0,1994-01-01T00:00:00Z,1995-01-01T00:00:00Z
http://www.wikidata.org/entity/Q573195,http://www.wikidata.org/entity/Q4014613,S.S.D. Casarano Calcio,6.0,1996-01-01T00:00:00Z,1997-01-01T00:00:00Z
http://www.wikidata.org/entity/Q573318,http://www.wikidata.org/entity/Q33748,Hanovre 96,15.0,2009-01-01T00:00:00Z,2011-01-01T00:00:00Z
http://www.wikidata.org/entity/Q573318,http://www.wikidata.org/entity/Q10319,Real Valladolid,5.0,2013-01-01T00:00:00Z,2013-01-01T00:00:00Z
http://www.wikidata.org/entity/Q573318,http://www.wikidata.org/entity/Q186262,équipe d'Albanie de football,,2013-01-01T00:00:00Z,
http://www.wikidata.org/entity/Q573318,http://www.wikidata.org/entity/Q170117,FC Ingolstadt 04,32.0,2008-01-01T00:00:00Z,2009-01-01T00:00:00Z
http://www.wikidata.org/entity/Q573318,http://www.wikidata.org/entity/Q131603,TSV Munich 1860,,2014-01-01T00:00:00Z,
http://www.wikidata.org/entity/Q573318,http://www.wikidata.org/entity/Q260559,Örebro Sportklubb,50.0,2011-01-01T00:00:00Z,2013-01-01T00:00:00Z
http://www.wikidata.org/entity/Q573318,http://www.wikidata.org/entity/Q10319,Real Valladolid,26.0,2013-01-01T00:00:00Z,2014-01-01T00:00:00Z
http://www.wikidata.org/entity/Q573318,http://www.wikidata.org/entity/Q101859,VfL Wolfsburg,58.0,2005-01-01T00:00:00Z,2008-01-01T00:00:00Z
http://www.wikidata.org/entity/Q575234,http://www.wikidata.org/entity/Q314851,équipe d'Allemagne espoirs de football,1.0,2004-01-01T00:00:00Z,2004-01-01T00:00:00Z
http://www.wikidata.org/entity/Q575234,http://www.wikidata.org/entity/Q107818,FC Energie Cottbus,24.0,2011-01-01T00:00:00Z,2012-01-01T00:00:00Z
http://www.wikidata.org/entity/Q575234,http://www.wikidata.org/entity/Q105844,DSC Arminia Bielefeld,20.0,2010-01-01T00:00:00Z,2011-01-01T00:00:00Z
http://www.wikidata.org/entity/Q575234,http://www.wikidata.org/entity/Q105844,DSC Arminia Bielefeld,80.0,2012-01-01T00:00:00Z,2016-01-01T00:00:00Z
http://www.wikidata.org/entity/Q575234,http://www.wikidata.org/entity/Q155452,TuS Coblence,13.0,2009-01-01T00:00:00Z,2010-01-01T00:00:00Z
http://www.wikidata.org/entity/Q575234,http://www.wikidata.org/entity/Q255296,Vasas FC,,2016-01-01T00:00:00Z,
http://www.wikidata.org/entity/Q575234,http://www.wikidata.org/entity/Q102720,Hertha BSC,16.0,2004-01-01T00:00:00Z,2008-01-01T00:00:00Z
http://www.wikidata.org/entity/Q575234,http://www.wikidata.org/entity/Q107818,FC Energie Cottbus,33.0,2008-01-01T00:00:00Z,2009-01-01T00:00:00Z
http://www.wikidata.org/entity/Q575234,http://www.wikidata.org/entity/Q920263,Hertha Berliner Sport-Club II,64.0,2003-01-01T00:00:00Z,2008-01-01T00:00:00Z
http://www.wikidata.org/entity/Q575645,http://www.wikidata.org/entity/Q158121,SpVgg Unterhaching,81.0,2001-01-01T00:00:00Z,2005-01-01T00:00:00Z
http://www.wikidata.org/entity/Q575645,http://www.wikidata.org/entity/Q158121,SpVgg Unterhaching,134.0,1995-01-01T00:00:00Z,1999-01-01T00:00:00Z
http://www.wikidata.org/entity/Q575645,http://www.wikidata.org/entity/Q105853,Karlsruher SC,7.0,1990-01-01T00:00:00Z,1991-01-01T00:00:00Z
http://www.wikidata.org/entity/Q575645,http://www.wikidata.org/entity/Q170134,SV Waldhof Mannheim,27.0,1991-01-01T00:00:00Z,1992-01-01T00:00:00Z
http://www.wikidata.org/entity/Q575645,http://www.wikidata.org/entity/Q316786,SpVgg 07 Ludwigsburg,,1988-01-01T00:00:00Z,1990-01-01T00:00:00Z
http://www.wikidata.org/entity/Q575645,http://www.wikidata.org/entity/Q157463,1. FC Sarrebruck,85.0,1992-01-01T00:00:00Z,1995-01-01T00:00:00Z
http://www.wikidata.org/entity/Q575645,http://www.wikidata.org/entity/Q105861,VfL Bochum,26.0,1999-01-01T00:00:00Z,2001-01-01T00:00:00Z
http://www.wikidata.org/entity/Q576688,http://www.wikidata.org/entity/Q48939,Exeter City FC,127.0,2010-01-01T00:00:00Z,2014-01-01T00:00:00Z
http://www.wikidata.org/entity/Q576688,http://www.wikidata.org/entity/Q738158,Gretna Football Club,4.0,2008-01-01T00:00:00Z,2008-01-01T00:00:00Z
http://www.wikidata.org/entity/Q576688,http://www.wikidata.org/entity/Q19444,Birmingham City FC,0.0,2008-01-01T00:00:00Z,2010-01-01T00:00:00Z
http://www.wikidata.org/entity/Q576688,http://www.wikidata.org/entity/Q48954,York City Football Club,2.0,2008-01-01T00:00:00Z,2008-01-01T00:00:00Z
http://www.wikidata.org/entity/Q576688,http://www.wikidata.org/entity/Q216523,Motherwell Football Club,1.0,2009-01-01T00:00:00Z,2009-01-01T00:00:00Z
http://www.wikidata.org/entity/Q576688,http://www.wikidata.org/entity/Q48929,Burton Albion Football Club,38.0,2009-01-01T00:00:00Z,2010-01-01T00:00:00Z
http://www.wikidata.org/entity/Q576688,http://www.wikidata.org/entity/Q2670674,équipe de Pologne de football des moins de 19 ans,,2008-01-01T00:00:00Z,2008-01-01T00:00:00Z
http://www.wikidata.org/entity/Q576688,http://www.wikidata.org/entity/Q19651,Yeovil Town FC,,2014-01-01T00:00:00Z,
http://www.wikidata.org/entity/Q576688,http://www.wikidata.org/entity/Q18659,Swansea City AFC,2.0,2008-01-01T00:00:00Z,2008-01-01T00:00:00Z
http://www.wikidata.org/entity/Q577471,http://www.wikidata.org/entity/Q194387,équipe du Costa Rica de football,78.0,2010-01-26T00:00:00Z,2020-01-01T00:00:00Z
http://www.wikidata.org/entity/Q577471,http://www.wikidata.org/entity/Q1424158,AD Municipal Liberia,68.0,2006-08-05T00:00:00Z,2010-06-25T00:00:00Z
http://www.wikidata.org/entity/Q577471,http://www.wikidata.org/entity/Q186785,Rosenborg Ballklub,53.0,2012-08-23T00:00:00Z,2014-07-28T00:00:00Z
http://www.wikidata.org/entity/Q577471,http://www.wikidata.org/entity/Q18744,West Bromwich Albion,11.0,2014-07-29T00:00:00Z,2016-08-28T00:00:00Z
http://www.wikidata.org/entity/Q577471,http://www.wikidata.org/entity/Q188430,FC Copenhague,0.0,2011-08-02T00:00:00Z,2012-08-22T00:00:00Z
http://www.wikidata.org/entity/Q577471,http://www.wikidata.org/entity/Q216131,Fredrikstad FK,27.0,2010-07-08T00:00:00Z,2011-07-31T00:00:00Z
http://www.wikidata.org/entity/Q577471,http://www.wikidata.org/entity/Q922309,équipe du Costa Rica de football des moins de 20 ans,11.0,2008-09-17T00:00:00Z,2009-10-16T00:00:00Z
http://www.wikidata.org/entity/Q577471,http://www.wikidata.org/entity/Q19593,Celtic FC,20.0,2016-08-29T00:00:00Z,2019-05-23T00:00:00Z
http://www.wikidata.org/entity/Q577471,http://www.wikidata.org/entity/Q105861,VfL Bochum,131.0,2019-08-27T00:00:00Z,2025-01-01T00:00:00Z
http://www.wikidata.org/entity/Q577804,http://www.wikidata.org/entity/Q201360,Grasshopper Zurich,10.0,2014-01-01T00:00:00Z,2015-01-01T00:00:00Z
http://www.wikidata.org/entity/Q577804,http://www.wikidata.org/entity/Q16525419,1. FSV Mainz 05 II,32.0,2007-01-01T00:00:00Z,2009-01-01T00:00:00Z
http://www.wikidata.org/entity/Q577804,http://www.wikidata.org/entity/Q16559523,Eintracht Braunschweig II,12.0,2009-01-01T00:00:00Z,2011-01-01T00:00:00Z
http://www.wikidata.org/entity/Q577804,http://www.wikidata.org/entity/Q105844,DSC Arminia Bielefeld,,2015-01-01T00:00:00Z,
http://www.wikidata.org/entity/Q577804,http://www.wikidata.org/entity/Q184602,équipe d'Iran de football,4.0,2013-01-01T00:00:00Z,2014-01-01T00:00:00Z
http://www.wikidata.org/entity/Q577804,http://www.wikidata.org/entity/Q154053,Eintracht Brunswick,101.0,2009-01-01T00:00:00Z,2014-01-01T00:00:00Z
http://www.wikidata.org/entity/Q577885,http://www.wikidata.org/entity/Q459794,Plaisance Calcio 1919,33.0,1998-01-01T00:00:00Z,2000-01-01T00:00:00Z
http://www.wikidata.org/entity/Q577885,http://www.wikidata.org/entity/Q676899,équipe d'Italie de football,9.0,1988-01-01T00:00:00Z,1991-01-01T00:00:00Z
http://www.wikidata.org/entity/Q577885,http://www.wikidata.org/entity/Q2739,AS Rome,154.0,1988-01-01T00:00:00Z,1994-01-01T00:00:00Z
http://www.wikidata.org/entity/Q577885,http://www.wikidata.org/entity/Q15789,Bayern Munich,45.0,1996-01-01T00:00:00Z,1998-01-01T00:00:00Z
http://www.wikidata.org/entity/Q577885,http://www.wikidata.org/entity/Q922698,équipe d'Italie espoirs de football,16.0,1987-01-01T00:00:00Z,1989-01-01T00:00:00Z
http://www.wikidata.org/entity/Q577885,http://www.wikidata.org/entity/Q6664,AC Cesena,62.0,1984-01-01T00:00:00Z,1988-01-01T00:00:00Z
http://www.wikidata.org/entity/Q577885,http://www.wikidata.org/entity/Q6664,AC Cesena,14.0,2000-01-01T00:00:00Z,2001-01-01T00:00:00Z
http://www.wikidata.org/entity/Q577885,http://www.wikidata.org/entity/Q2768,Torino Football Club,60.0,1994-01-01T00:00:00Z,1996-01-01T00:00:00Z
http://www.wikidata.org/entity/Q579215,http://www.wikidata.org/entity/Q541744,RB Bragantino,,2010-01-01T00:00:00Z,2010-01-01T00:00:00Z
http://www.wikidata.org/entity/Q579215,http://www.wikidata.org/entity/Q1133475,Guarani Futebol Clube,,1997-01-01T00:00:00Z,1997-01-01T00:00:00Z
http://www.wikidata.org/entity/Q579215,http://www.wikidata.org/entity/Q75729,Sporting Clube de Portugal,4.0,1997-01-01T00:00:00Z,1998-01-01T00:00:00Z
http://www.wikidata.org/entity/Q579215,http://www.wikidata.org/entity/Q1133475,Guarani Futebol Clube,14.0,1996-01-01T00:00:00Z,1997-01-01T00:00:00Z
http://www.wikidata.org/entity/Q579215,http://www.wikidata.org/entity/Q198032,EC Bahia,24.0,1998-01-01T00:00:00Z,1998-01-01T00:00:00Z
http://www.wikidata.org/entity/Q579215,http://www.wikidata.org/entity/Q478317,Coritiba FC,13.0,2008-01-01T00:00:00Z,2009-01-01T00:00:00Z
http://www.wikidata.org/entity/Q579215,http://www.wikidata.org/entity/Q899189,équipe du Brésil olympique de football,5.0,1995-01-01T00:00:00Z,1995-01-01T00:00:00Z
http://www.wikidata.org/entity/Q579215,http://www.wikidata.org/entity/Q5612804,Grêmio Esportivo Osasco,,2011-01-01T00:00:00Z,2011-01-01T00:00:00Z
http://www.wikidata.org/entity/Q579215,http://www.wikidata.org/entity/Q218883,Urawa Red Diamonds,41.0,2004-01-01T00:00:00Z,2007-01-01T00:00:00Z
http://www.wikidata.org/entity/Q579215,http://www.wikidata.org/entity/Q910453,Esporte Clube Juventude,,2009-01-01T00:00:00Z,2009-01-01T00:00:00Z
http://www.wikidata.org/entity/Q579215,http://www.wikidata.org/entity/Q102720,Hertha BSC,10.0,2002-01-01T00:00:00Z,2003-01-01T00:00:00Z
http://www.wikidata.org/entity/Q579215,http://www.wikidata.org/entity/Q274465,Esporte Clube Vitória,28.0,2003-01-01T00:00:00Z,2004-01-01T00:00:00Z
http://www.wikidata.org/entity/Q579215,http://www.wikidata.org/entity/Q35933,Corinthians Paulista,24.0,1999-01-01T00:00:00Z,1999-01-01T00:00:00Z
http://www.wikidata.org/entity/Q579215,http://www.wikidata.org/entity/Q7896870,União Futebol Clube,,2011-01-01T00:00:00Z,2012-01-01T00:00:00Z
http://www.wikidata.org/entity/Q579215,http://www.wikidata.org/entity/Q221695,Gremio Foot-Ball Porto Alegrense,38.0,2000-01-01T00:00:00Z,2001-01-01T00:00:00Z
http://www.wikidata.org/entity/Q579329,http://www.wikidata.org/entity/Q328655,Śląsk Wrocław,,2016-01-01T00:00:00Z,
http://www.wikidata.org/entity/Q579329,http://www.wikidata.org/entity/Q385222,équipe de Hongrie espoirs de football,23.0,2009-01-01T00:00:00Z,2013-01-01T00:00:00Z
http://www.wikidata.org/entity/Q579329,http://www.wikidata.org/entity/Q767400,Diósgyőri VTK,71.0,2012-01-01T00:00:00Z,2015-01-01T00:00:00Z
http://www.wikidata.org/entity/Q579329,http://www.wikidata.org/entity/Q738917,équipe de Hongrie de football des moins de 19 ans,,2009-01-01T00:00:00Z,2010-01-01T00:00:00Z
http://www.wikidata.org/entity/Q579329,http://www.wikidata.org/entity/Q6641,SSC Bari,2.0,2010-01-01T00:00:00Z,2010-01-01T00:00:00Z
http://www.wikidata.org/entity/Q579329,http://www.wikidata.org/entity/Q603133,Szombathelyi Haladás,15.0,2015-01-01T00:00:00Z,2015-01-01T00:00:00Z
http://www.wikidata.org/entity/Q579329,http://www.wikidata.org/entity/Q326811,Videoton Football Club,40.0,2010-01-01T00:00:00Z,2012-01-01T00:00:00Z
http://www.wikidata.org/entity/Q579329,http://www.wikidata.org/entity/Q208406,MTK Budapest FC,24.0,2009-01-01T00:00:00Z,2010-01-01T00:00:00Z
http://www.wikidata.org/entity/Q579329,http://www.wikidata.org/entity/Q738917,équipe de Hongrie de football des moins de 19 ans,10.0,2008-01-01T00:00:00Z,2008-01-01T00:00:00Z
http://www.wikidata.org/entity/Q581631,http://www.wikidata.org/entity/Q32537,Espanyol Barcelona B,54.0,2009-01-01T00:00:00Z,2011-01-01T00:00:00Z
http://www.wikidata.org/entity/Q581631,http://www.wikidata.org/entity/Q32537,Espanyol Barcelona B,,2015-01-01T00:00:00Z,
http://www.wikidata.org/entity/Q581631,http://www.wikidata.org/entity/Q12260,CE Sabadell,7.0,2014-01-01T00:00:00Z,2015-01-01T00:00:00Z
http://www.wikidata.org/entity/Q581631,http://www.wikidata.org/entity/Q1423718,KAS Eupen,9.0,2014-01-01T00:00:00Z,2014-01-01T00:00:00Z
http://www.wikidata.org/entity/Q581631,http://www.wikidata.org/entity/Q2310295,équipe d'Espagne de football des moins de 17 ans,10.0,2007-01-01T00:00:00Z,2007-01-01T00:00:00Z
http://www.wikidata.org/entity/Q581631,http://www.wikidata.org/entity/Q10308,Real Saragosse,2.0,2012-01-01T00:00:00Z,2015-01-01T00:00:00Z
http://www.wikidata.org/entity/Q581631,http://www.wikidata.org/entity/Q1094113,Villarreal Club de Fútbol B,32.0,2011-01-01T00:00:00Z,2012-01-01T00:00:00Z
http://www.wikidata.org/entity/Q581631,http://www.wikidata.org/entity/Q3873503,équipe d'Espagne de football des moins de 16 ans,1.0,2005-01-01T00:00:00Z,2005-01-01T00:00:00Z
http://www.wikidata.org/entity/Q581631,http://www.wikidata.org/entity/Q3873503,équipe d'Espagne de football des moins de 16 ans,1.0,2008-01-01T00:00:00Z,2009-01-01T00:00:00Z
http://www.wikidata.org/entity/Q581631,http://www.wikidata.org/entity/Q12308,Xerez CD,30.0,2012-01-01T00:00:00Z,2013-01-01T00:00:00Z
http://www.wikidata.org/entity/Q581973,http://www.wikidata.org/entity/Q47762,équipe d'Angleterre de football,,2013-01-01T00:00:00Z,
http://www.wikidata.org/entity/Q581973,http://www.wikidata.org/entity/Q19458,Burnley FC,105.0,2007-01-01T00:00:00Z,2012-01-01T00:00:00Z
http://www.wikidata.org/entity/Q581973,http://www.wikidata.org/entity/Q204238,équipe d'Angleterre espoirs de football,1.0,2011-01-01T00:00:00Z,2011-01-01T00:00:00Z
http://www.wikidata.org/entity/Q581973,http://www.wikidata.org/entity/Q18732,Southampton FC,,2012-01-01T00:00:00Z,
http://www.wikidata.org/entity/Q581973,http://www.wikidata.org/entity/Q282126,Stirling Albion Football Club,11.0,2008-01-01T00:00:00Z,2008-01-01T00:00:00Z
http://www.wikidata.org/entity/Q581973,http://www.wikidata.org/entity/Q19442,Barnsley Football Club,6.0,2010-01-01T00:00:00Z,2010-01-01T00:00:00Z
http://www.wikidata.org/entity/Q582414,http://www.wikidata.org/entity/Q15786,1. FC Nuremberg,121.0,2002-01-01T00:00:00Z,2010-01-01T00:00:00Z
http://www.wikidata.org/entity/Q582414,http://www.wikidata.org/entity/Q316497,équipe d'Allemagne de football des moins de 20 ans,2.0,2003-01-01T00:00:00Z,2004-01-01T00:00:00Z
http://www.wikidata.org/entity/Q582414,http://www.wikidata.org/entity/Q314851,équipe d'Allemagne espoirs de football,5.0,2006-01-01T00:00:00Z,2006-01-01T00:00:00Z
http://www.wikidata.org/entity/Q582414,http://www.wikidata.org/entity/Q15755,FC Augsbourg,22.0,2010-01-01T00:00:00Z,2015-01-01T00:00:00Z
http://www.wikidata.org/entity/Q582414,http://www.wikidata.org/entity/Q15755,FC Augsbourg,30.0,2009-01-01T00:00:00Z,2010-01-01T00:00:00Z
http://www.wikidata.org/entity/Q582549,http://www.wikidata.org/entity/Q19444,Birmingham City FC,24.0,2008-01-01T00:00:00Z,2012-01-01T00:00:00Z
http://www.wikidata.org/entity/Q582549,http://www.wikidata.org/entity/Q2714,Watford Football Club,23.0,2010-01-01T00:00:00Z,2011-01-01T00:00:00Z
http://www.wikidata.org/entity/Q582549,http://www.wikidata.org/entity/Q19467,Crystal Palace FC,,2015-01-01T00:00:00Z,
http://www.wikidata.org/entity/Q582549,http://www.wikidata.org/entity/Q1049176,équipe d'Angleterre de football des moins de 20 ans,1.0,2011-01-01T00:00:00Z,2011-01-01T00:00:00Z
http://www.wikidata.org/entity/Q582549,http://www.wikidata.org/entity/Q18662,Cardiff City F.C.,57.0,2012-01-01T00:00:00Z,2014-01-01T00:00:00Z
http://www.wikidata.org/entity/Q582549,http://www.wikidata.org/entity/Q18516,Hereford United Football Club,3.0,2009-01-01T00:00:00Z,2010-01-01T00:00:00Z
http://www.wikidata.org/entity/Q582549,http://www.wikidata.org/entity/Q18723,QP Rangers,9.0,2014-01-01T00:00:00Z,2015-01-01T00:00:00Z
http://www.wikidata.org/entity/Q582549,http://www.wikidata.org/entity/Q2752922,Équipe d'Angleterre des moins de 17 ans de football,6.0,2007-01-01T00:00:00Z,2008-01-01T00:00:00Z
http://www.wikidata.org/entity/Q582549,http://www.wikidata.org/entity/Q204238,équipe d'Angleterre espoirs de football,1.0,2011-01-01T00:00:00Z,2011-01-01T00:00:00Z
http://www.wikidata.org/entity/Q582549,http://www.wikidata.org/entity/Q19589,Doncaster Rovers Football Club,17.0,2010-01-01T00:00:00Z,2010-01-01T00:00:00Z
http://www.wikidata.org/entity/Q582549,http://www.wikidata.org/entity/Q2358861,équipe d'Angleterre de football des moins de 19 ans,1.0,2010-01-01T00:00:00Z,2010-01-01T00:00:00Z
http://www.wikidata.org/entity/Q584219,http://www.wikidata.org/entity/Q12217,Real Madrid Castilla,15.0,1996-01-01T00:00:00Z,2000-01-01T00:00:00Z
http://www.wikidata.org/entity/Q584219,http://www.wikidata.org/entity/Q75729,Sporting Clube de Portugal,84.0,2000-01-01T00:00:00Z,2003-01-01T00:00:00Z
http://www.wikidata.org/entity/Q584219,http://www.wikidata.org/entity/Q2037,Associazione Calcio ChievoVerona,3.0,2007-01-01T00:00:00Z,2007-01-01T00:00:00Z
http://www.wikidata.org/entity/Q584219,http://www.wikidata.org/entity/Q80845,SC Internacional,20.0,1994-01-01T00:00:00Z,1996-01-01T00:00:00Z
http://www.wikidata.org/entity/Q584219,http://www.wikidata.org/entity/Q83459,équipe du Brésil de football,2.0,1996-01-01T00:00:00Z,1997-01-01T00:00:00Z
http://www.wikidata.org/entity/Q584219,http://www.wikidata.org/entity/Q270995,Atlético Mineiro,20.0,2008-01-01T00:00:00Z,2008-01-01T00:00:00Z
http://www.wikidata.org/entity/Q584219,http://www.wikidata.org/entity/Q204675,AD Portuguesa,24.0,2009-01-01T00:00:00Z,2009-01-01T00:00:00Z
http://www.wikidata.org/entity/Q584219,http://www.wikidata.org/entity/Q35933,Corinthians Paulista,20.0,1999-01-01T00:00:00Z,2000-01-01T00:00:00Z
http://www.wikidata.org/entity/Q584219,http://www.wikidata.org/entity/Q270995,Atlético Mineiro,23.0,2008-01-01T00:00:00Z,2009-01-01T00:00:00Z
http://www.wikidata.org/entity/Q584219,http://www.wikidata.org/entity/Q478317,Coritiba FC,,1998-01-01T00:00:00Z,1999-01-01T00:00:00Z
http://www.wikidata.org/entity/Q584219,http://www.wikidata.org/entity/Q5014111,CR Vasco da Gama,11.0,1997-01-01T00:00:00Z,1998-01-01T00:00:00Z
http://www.wikidata.org/entity/Q584219,http://www.wikidata.org/entity/Q73971,Clube Náutico Capibaribe,21.0,2010-01-01T00:00:00Z,2010-01-01T00:00:00Z
http://www.wikidata.org/entity/Q584219,http://www.wikidata.org/entity/Q2035444,Joinville Esporte Clube,,2010-01-01T00:00:00Z,2010-01-01T00:00:00Z
http://www.wikidata.org/entity/Q584219,http://www.wikidata.org/entity/Q80958,Botafogo FR,14.0,2005-01-01T00:00:00Z,2005-01-01T00:00:00Z
http://www.wikidata.org/entity/Q584219,http://www.wikidata.org/entity/Q6767,US Livourne 1915,33.0,2005-01-01T00:00:00Z,2006-01-01T00:00:00Z
http://www.wikidata.org/entity/Q584219,http://www.wikidata.org/entity/Q35933,Corinthians Paulista,18.0,1999-01-01T00:00:00Z,1999-01-01T00:00:00Z
http://www.wikidata.org/entity/Q584219,http://www.wikidata.org/entity/Q80958,Botafogo FR,5.0,1999-01-01T00:00:00Z,1999-01-01T00:00:00Z
http://www.wikidata.org/entity/Q584219,http://www.wikidata.org/entity/Q218334,Figueirense Futebol Clube,16.0,2004-01-01T00:00:00Z,2004-01-01T00:00:00Z
http://www.wikidata.org/entity/Q584219,http://www.wikidata.org/entity/Q80958,Botafogo FR,29.0,2004-01-01T00:00:00Z,2005-01-01T00:00:00Z
http://www.wikidata.org/entity/Q584219,http://www.wikidata.org/entity/Q495299,Galatasaray SK,28.0,2003-01-01T00:00:00Z,2004-01-01T00:00:00Z
http://www.wikidata.org/entity/Q584219,http://www.wikidata.org/entity/Q218334,Figueirense Futebol Clube,17.0,2007-01-01T00:00:00Z,2008-01-01T00:00:00Z
http://www.wikidata.org/entity/Q587312,http://www.wikidata.org/entity/Q455971,Esteghlal Football Club,130.0,2002-01-01T00:00:00Z,2008-01-01T00:00:00Z
http://www.wikidata.org/entity/Q587312,http://www.wikidata.org/entity/Q2001271,Apollon Smyrnis,7.0,1999-01-01T00:00:00Z,2000-01-01T00:00:00Z
http://www.wikidata.org/entity/Q587312,http://www.wikidata.org/entity/Q455971,Esteghlal Football Club,,1995-01-01T00:00:00Z,1995-01-01T00:00:00Z
http://www.wikidata.org/entity/Q587312,http://www.wikidata.org/entity/Q750437,Xanthi F.C.,23.0,1998-01-01T00:00:00Z,1999-01-01T00:00:00Z
http://www.wikidata.org/entity/Q587312,http://www.wikidata.org/entity/Q455971,Esteghlal Football Club,,1997-01-01T00:00:00Z,1998-01-01T00:00:00Z
http://www.wikidata.org/entity/Q587312,http://www.wikidata.org/entity/Q184602,équipe d'Iran de football,46.0,1996-01-01T00:00:00Z,1998-01-01T00:00:00Z
http://www.wikidata.org/entity/Q587312,http://www.wikidata.org/entity/Q545174,Geylang United Football Club,,1997-01-01T00:00:00Z,1997-01-01T00:00:00Z
http://www.wikidata.org/entity/Q587312,http://www.wikidata.org/entity/Q6463,FC Sankt Pauli,15.0,2000-01-01T00:00:00Z,2002-01-01T00:00:00Z
http://www.wikidata.org/entity/Q587312,http://www.wikidata.org/entity/Q804912,Balestier Khalsa Football Club,,1996-01-01T00:00:00Z,1996-01-01T00:00:00Z
http://www.wikidata.org/entity/Q587329,http://www.wikidata.org/entity/Q2462207,équipe d'Argentine de football des moins de 23 ans,4.0,1996-01-01T00:00:00Z,1996-01-01T00:00:00Z
http://www.wikidata.org/entity/Q587329,http://www.wikidata.org/entity/Q427446,CD Universidad Católica,14.0,2007-01-01T00:00:00Z,2007-01-01T00:00:00Z
http://www.wikidata.org/entity/Q587329,http://www.wikidata.org/entity/Q324589,CA Lanús,126.0,1995-01-01T00:00:00Z,1999-01-01T00:00:00Z
http://www.wikidata.org/entity/Q587329,http://www.wikidata.org/entity/Q1187790,équipe d'Argentine des moins de 20 ans de football,2.0,1991-01-01T00:00:00Z,1991-01-01T00:00:00Z
http://www.wikidata.org/entity/Q587329,http://www.wikidata.org/entity/Q327172,CA Huracán,109.0,1992-01-01T00:00:00Z,1995-01-01T00:00:00Z
http://www.wikidata.org/entity/Q587329,http://www.wikidata.org/entity/Q332605,Atletico Nacional,39.0,2004-01-01T00:00:00Z,2005-01-01T00:00:00Z
http://www.wikidata.org/entity/Q543156,http://www.wikidata.org/entity/Q158121,SpVgg Unterhaching,46.0,2004-01-01T00:00:00Z,2005-01-01T00:00:00Z
http://www.wikidata.org/entity/Q543156,http://www.wikidata.org/entity/Q2205472,SC Langenhagen,11.0,2008-01-01T00:00:00Z,2009-01-01T00:00:00Z
http://www.wikidata.org/entity/Q543156,http://www.wikidata.org/entity/Q289286,AC Horsens,44.0,2005-01-01T00:00:00Z,2007-01-01T00:00:00Z
http://www.wikidata.org/entity/Q543156,http://www.wikidata.org/entity/Q101859,VfL Wolfsburg,121.0,1998-01-01T00:00:00Z,2003-01-01T00:00:00Z
http://www.wikidata.org/entity/Q543156,http://www.wikidata.org/entity/Q310608,SC Fortuna Cologne,153.0,1992-01-01T00:00:00Z,1998-01-01T00:00:00Z
http://www.wikidata.org/entity/Q543271,http://www.wikidata.org/entity/Q327172,CA Huracán,40.0,2016-01-01T00:00:00Z,2017-01-01T00:00:00Z
http://www.wikidata.org/entity/Q543271,http://www.wikidata.org/entity/Q324589,CA Lanús,150.0,2004-01-01T00:00:00Z,2013-01-01T00:00:00Z
http://www.wikidata.org/entity/Q543271,http://www.wikidata.org/entity/Q324589,CA Lanús,26.0,2015-01-01T00:00:00Z,2016-01-01T00:00:00Z
http://www.wikidata.org/entity/Q543271,http://www.wikidata.org/entity/Q138230,Kasımpaşa SK,14.0,2013-01-01T00:00:00Z,2015-01-01T00:00:00Z
http://www.wikidata.org/entity/Q543271,http://www.wikidata.org/entity/Q11963,Hércules Alicante,26.0,2010-01-01T00:00:00Z,2011-01-01T00:00:00Z
http://www.wikidata.org/entity/Q543271,http://www.wikidata.org/entity/Q80897,Club Atlético Colón,,2017-01-01T00:00:00Z,2020-01-01T00:00:00Z
http://www.wikidata.org/entity/Q543710,http://www.wikidata.org/entity/Q18704184,Karlsruher SC II,16.0,2007-01-01T00:00:00Z,2008-01-01T00:00:00Z
http://www.wikidata.org/entity/Q543710,http://www.wikidata.org/entity/Q7855039,équipe de Turquie de football A2,,2011-01-01T00:00:00Z,
http://www.wikidata.org/entity/Q543710,http://www.wikidata.org/entity/Q352251,Adana Demirspor,,2015-01-01T00:00:00Z,
http://www.wikidata.org/entity/Q543710,http://www.wikidata.org/entity/Q301332,Kardemir Karabükspor,17.0,2014-01-01T00:00:00Z,2015-01-01T00:00:00Z
http://www.wikidata.org/entity/Q543710,http://www.wikidata.org/entity/Q1543501,Giresunspor,28.0,2008-01-01T00:00:00Z,2009-01-01T00:00:00Z
http://www.wikidata.org/entity/Q543710,http://www.wikidata.org/entity/Q192641,Trabzonspor,0.0,2006-01-01T00:00:00Z,2007-01-01T00:00:00Z
http://www.wikidata.org/entity/Q543710,http://www.wikidata.org/entity/Q176795,Karşıyaka SK,52.0,2009-01-01T00:00:00Z,2011-01-01T00:00:00Z
http://www.wikidata.org/entity/Q543710,http://www.wikidata.org/entity/Q819367,SSV Reutlingen 05,,2005-01-01T00:00:00Z,2005-01-01T00:00:00Z
http://www.wikidata.org/entity/Q543710,http://www.wikidata.org/entity/Q192641,Trabzonspor,47.0,2011-01-01T00:00:00Z,2014-01-01T00:00:00Z
http://www.wikidata.org/entity/Q543710,http://www.wikidata.org/entity/Q7855168,équipe de Turquie de football des moins de 20 ans,1.0,2006-01-01T00:00:00Z,2006-01-01T00:00:00Z
http://www.wikidata.org/entity/Q543710,http://www.wikidata.org/entity/Q272712,Çaykur Rizespor,5.0,2014-01-01T00:00:00Z,2014-01-01T00:00:00Z
http://www.wikidata.org/entity/Q543710,http://www.wikidata.org/entity/Q105853,Karlsruher SC,16.0,2007-01-01T00:00:00Z,2008-01-01T00:00:00Z
http://www.wikidata.org/entity/Q543710,http://www.wikidata.org/entity/Q1187762,Istanbul Maltepespor,2.0,2006-01-01T00:00:00Z,2006-01-01T00:00:00Z
http://www.wikidata.org/entity/Q543710,http://www.wikidata.org/entity/Q197093,Zeytinburnuspor,4.0,2007-01-01T00:00:00Z,2007-01-01T00:00:00Z
http://www.wikidata.org/entity/Q544274,http://www.wikidata.org/entity/Q75684,Sporting Clube de Braga,56.0,2003-01-01T00:00:00Z,2005-01-01T00:00:00Z
http://www.wikidata.org/entity/Q544274,http://www.wikidata.org/entity/Q1023233,Clube Desportivo Trofense,26.0,2007-01-01T00:00:00Z,2008-01-01T00:00:00Z
http://www.wikidata.org/entity/Q544274,http://www.wikidata.org/entity/Q757422,Atlético Clube de Portugal,48.0,2009-01-01T00:00:00Z,2011-01-01T00:00:00Z
http://www.wikidata.org/entity/Q544274,http://www.wikidata.org/entity/Q576521,Terrassa FC,,1997-01-01T00:00:00Z,1998-01-01T00:00:00Z
http://www.wikidata.org/entity/Q544274,http://www.wikidata.org/entity/Q155218,Rot-Weiss Essen,10.0,2006-01-01T00:00:00Z,2007-01-01T00:00:00Z
http://www.wikidata.org/entity/Q544274,http://www.wikidata.org/entity/Q223450,Vitória Sport Clube,22.0,2005-01-01T00:00:00Z,2006-01-01T00:00:00Z
http://www.wikidata.org/entity/Q544274,http://www.wikidata.org/entity/Q1387110,Futebol Clube de Felgueiras,62.0,1998-01-01T00:00:00Z,2000-01-01T00:00:00Z
http://www.wikidata.org/entity/Q544274,http://www.wikidata.org/entity/Q3493858,Sport União Sintrense,,2011-01-01T00:00:00Z,2011-01-01T00:00:00Z
http://www.wikidata.org/entity/Q544274,http://www.wikidata.org/entity/Q838134,Clube de Futebol Estrela da Amadora,,1994-01-01T00:00:00Z,1996-01-01T00:00:00Z
http://www.wikidata.org/entity/Q544274,http://www.wikidata.org/entity/Q378890,Ermís Aradíppou,,2008-01-01T00:00:00Z,2009-01-01T00:00:00Z
http://www.wikidata.org/entity/Q544274,http://www.wikidata.org/entity/Q634829,Grupo Desportivo Estoril Praia,17.0,1996-01-01T00:00:00Z,1997-01-01T00:00:00Z
http://www.wikidata.org/entity/Q544274,http://www.wikidata.org/entity/Q19513,Montpellier Hérault SC,42.0,2000-01-01T00:00:00Z,2003-01-01T00:00:00Z
http://www.wikidata.org/entity/Q545303,http://www.wikidata.org/entity/Q48946,Oxford United Football Club,59.0,1987-01-01T00:00:00Z,1988-01-01T00:00:00Z
http://www.wikidata.org/entity/Q545303,http://www.wikidata.org/entity/Q18659,Swansea City AFC,49.0,1982-01-01T00:00:00Z,1985-01-01T00:00:00Z
http://www.wikidata.org/entity/Q545303,http://www.wikidata.org/entity/Q19607,Sheffield United FC,43.0,1997-01-01T00:00:00Z,1998-01-01T00:00:00Z
http://www.wikidata.org/entity/Q545303,http://www.wikidata.org/entity/Q1130849,Liverpool FC,42.0,1991-01-01T00:00:00Z,1992-01-01T00:00:00Z
http://www.wikidata.org/entity/Q545303,http://www.wikidata.org/entity/Q131499,SL Benfica,17.0,1998-01-01T00:00:00Z,1999-01-01T00:00:00Z
http://www.wikidata.org/entity/Q545303,http://www.wikidata.org/entity/Q180857,équipe du pays de Galles de football,75.0,1986-01-01T00:00:00Z,2001-01-01T00:00:00Z
http://www.wikidata.org/entity/Q545303,http://www.wikidata.org/entity/Q19453,Brighton & Hove,72.0,1985-01-01T00:00:00Z,1987-01-01T00:00:00Z
http://www.wikidata.org/entity/Q545303,http://www.wikidata.org/entity/Q18662,Cardiff City F.C.,4.0,1985-01-01T00:00:00Z,1985-01-01T00:00:00Z
http://www.wikidata.org/entity/Q545303,http://www.wikidata.org/entity/Q18711,Aston Villa FC,112.0,1992-01-01T00:00:00Z,1995-01-01T00:00:00Z
http://www.wikidata.org/entity/Q545303,http://www.wikidata.org/entity/Q495299,Galatasaray SK,27.0,1995-01-01T00:00:00Z,1996-01-01T00:00:00Z
http://www.wikidata.org/entity/Q545303,http://www.wikidata.org/entity/Q19470,Derby County FC,106.0,1988-01-01T00:00:00Z,1991-01-01T00:00:00Z
http://www.wikidata.org/entity/Q545303,http://www.wikidata.org/entity/Q48879,Bradford City Association Football Club,44.0,1999-01-01T00:00:00Z,2001-01-01T00:00:00Z
http://www.wikidata.org/entity/Q545303,http://www.wikidata.org/entity/Q19490,Nottingham Forest FC,43.0,1996-01-01T00:00:00Z,1997-01-01T00:00:00Z
http://www.wikidata.org/entity/Q547054,http://www.wikidata.org/entity/Q1277549,équipe de France espoirs de football,18.0,1992-01-01T00:00:00Z,1994-01-01T00:00:00Z
http://www.wikidata.org/entity/Q547054,http://www.wikidata.org/entity/Q19513,Montpellier Hérault SC,44.0,1999-01-01T00:00:00Z,2001-01-01T00:00:00Z
http://www.wikidata.org/entity/Q547054,http://www.wikidata.org/entity/Q483020,Paris Saint-Germain FC,12.0,1998-01-01T00:00:00Z,1998-01-01T00:00:00Z
http://www.wikidata.org/entity/Q547054,http://www.wikidata.org/entity/Q1753193,RAA louviéroise,11.0,2001-01-01T00:00:00Z,2002-01-01T00:00:00Z
http://www.wikidata.org/entity/Q547054,http://www.wikidata.org/entity/Q1061615,Dalian Haichang,20.0,2002-01-01T00:00:00Z,2002-01-01T00:00:00Z
http://www.wikidata.org/entity/Q547054,http://www.wikidata.org/entity/Q8780,RCD Espanyol,59.0,1996-01-01T00:00:00Z,1998-01-01T00:00:00Z
http://www.wikidata.org/entity/Q547054,http://www.wikidata.org/entity/Q192071,Football Club de Nantes,150.0,1989-01-01T00:00:00Z,1996-01-01T00:00:00Z
http://www.wikidata.org/entity/Q547054,http://www.wikidata.org/entity/Q47774,équipe de France de football,7.0,1994-01-01T00:00:00Z,1997-01-01T00:00:00Z
http://www.wikidata.org/entity/Q547054,http://www.wikidata.org/entity/Q1046367,Shandong Taishan Football Club,36.0,2003-01-01T00:00:00Z,2004-01-01T00:00:00Z
http://www.wikidata.org/entity/Q547054,http://www.wikidata.org/entity/Q483020,Paris Saint-Germain FC,12.0,1998-01-01T00:00:00Z,1999-01-01T00:00:00Z
http://www.wikidata.org/entity/Q547625,http://www.wikidata.org/entity/Q324854,équipe d'Allemagne de football des moins de 19 ans,2.0,2003-01-01T00:00:00Z,2003-01-01T00:00:00Z
http://www.wikidata.org/entity/Q547625,http://www.wikidata.org/entity/Q101859,VfL Wolfsburg,16.0,2007-01-01T00:00:00Z,2010-01-01T00:00:00Z
http://www.wikidata.org/entity/Q547625,http://www.wikidata.org/entity/Q316497,équipe d'Allemagne de football des moins de 20 ans,3.0,2004-01-01T00:00:00Z,2004-01-01T00:00:00Z
http://www.wikidata.org/entity/Q547625,http://www.wikidata.org/entity/Q15755,FC Augsbourg,23.0,2008-01-01T00:00:00Z,2009-01-01T00:00:00Z
http://www.wikidata.org/entity/Q547625,http://www.wikidata.org/entity/Q314851,équipe d'Allemagne espoirs de football,1.0,2005-01-01T00:00:00Z,2005-01-01T00:00:00Z
http://www.wikidata.org/entity/Q547625,http://www.wikidata.org/entity/Q15755,FC Augsbourg,,2010-01-01T00:00:00Z,
http://www.wikidata.org/entity/Q547625,http://www.wikidata.org/entity/Q131603,TSV Munich 1860,107.0,2003-01-01T00:00:00Z,2007-01-01T00:00:00Z
http://www.wikidata.org/entity/Q549640,http://www.wikidata.org/entity/Q3873550,équipe de Suisse de football des moins de 20 ans,3.0,2007-01-01T00:00:00Z,2008-01-01T00:00:00Z
http://www.wikidata.org/entity/Q549640,http://www.wikidata.org/entity/Q1128631,Leeds United,,2014-01-01T00:00:00Z,
http://www.wikidata.org/entity/Q549640,http://www.wikidata.org/entity/Q4140019,équipe de Suisse de football des moins de 19 ans,4.0,2006-01-01T00:00:00Z,2007-01-01T00:00:00Z
http://www.wikidata.org/entity/Q549640,http://www.wikidata.org/entity/Q678582,équipe de Suisse espoirs de football,20.0,2008-01-01T00:00:00Z,2011-01-01T00:00:00Z
http://www.wikidata.org/entity/Q549640,http://www.wikidata.org/entity/Q165141,équipe de Suisse de football,1.0,2011-01-01T00:00:00Z,2011-01-01T00:00:00Z
http://www.wikidata.org/entity/Q549640,http://www.wikidata.org/entity/Q6651,Brescia Calcio,,2007-01-01T00:00:00Z,2012-01-01T00:00:00Z
http://www.wikidata.org/entity/Q549640,http://www.wikidata.org/entity/Q1457,UC Sampdoria,35.0,2012-01-01T00:00:00Z,2014-01-01T00:00:00Z
http://www.wikidata.org/entity/Q551660,http://www.wikidata.org/entity/Q3590024,équipe de France de football A',,1989-01-01T00:00:00Z,1991-01-01T00:00:00Z
http://www.wikidata.org/entity/Q551660,http://www.wikidata.org/entity/Q47774,équipe de France de football,1.0,1991-01-01T00:00:00Z,1991-01-01T00:00:00Z
http://www.wikidata.org/entity/Q551660,http://www.wikidata.org/entity/Q19513,Montpellier Hérault SC,127.0,1995-01-01T00:00:00Z,2000-01-01T00:00:00Z
http://www.wikidata.org/entity/Q551660,http://www.wikidata.org/entity/Q19513,Montpellier Hérault SC,240.0,1983-01-01T00:00:00Z,1991-01-01T00:00:00Z
http://www.wikidata.org/entity/Q551660,http://www.wikidata.org/entity/Q132885,Olympique de Marseille,17.0,1991-01-01T00:00:00Z,1992-01-01T00:00:00Z
http://www.wikidata.org/entity/Q551660,http://www.wikidata.org/entity/Q126334,RC Strasbourg Alsace,101.0,1992-01-01T00:00:00Z,1995-01-01T00:00:00Z
http://www.wikidata.org/entity/Q551723,http://www.wikidata.org/entity/Q6463,FC Sankt Pauli,232.0,2003-01-01T00:00:00Z,2012-01-01T00:00:00Z
http://www.wikidata.org/entity/Q551723,http://www.wikidata.org/entity/Q107421,VfB Stuttgart II,58.0,1999-01-01T00:00:00Z,2002-01-01T00:00:00Z
http://www.wikidata.org/entity/Q551723,http://www.wikidata.org/entity/Q639525,SV Sandhausen,15.0,2012-01-01T00:00:00Z,2013-01-01T00:00:00Z
http://www.wikidata.org/entity/Q551723,http://www.wikidata.org/entity/Q5644342,Hambourg SV II,,2013-01-01T00:00:00Z,
http://www.wikidata.org/entity/Q551723,http://www.wikidata.org/entity/Q527487,Alicante CF,21.0,2002-01-01T00:00:00Z,2003-01-01T00:00:00Z
http://www.wikidata.org/entity/Q552068,http://www.wikidata.org/entity/Q131603,TSV Munich 1860,142.0,1996-01-01T00:00:00Z,2001-01-01T00:00:00Z
http://www.wikidata.org/entity/Q552068,http://www.wikidata.org/entity/Q105861,VfL Bochum,17.0,2007-01-01T00:00:00Z,2009-01-01T00:00:00Z
http://www.wikidata.org/entity/Q552068,http://www.wikidata.org/entity/Q105853,Karlsruher SC,53.0,2001-01-01T00:00:00Z,2003-01-01T00:00:00Z
http://www.wikidata.org/entity/Q552068,http://www.wikidata.org/entity/Q7924284,VfL Bochum II,3.0,2008-01-01T00:00:00Z,2009-01-01T00:00:00Z
http://www.wikidata.org/entity/Q552068,http://www.wikidata.org/entity/Q8466,1. FC Kaiserslautern,18.0,2009-01-01T00:00:00Z,2011-01-01T00:00:00Z
http://www.wikidata.org/entity/Q552068,http://www.wikidata.org/entity/Q153539,SpVgg Greuther Fürth,71.0,2003-01-01T00:00:00Z,2007-01-01T00:00:00Z
http://www.wikidata.org/entity/Q552068,http://www.wikidata.org/entity/Q310621,SV Wehen Wiesbaden,19.0,1994-01-01T00:00:00Z,1996-01-01T00:00:00Z
http://www.wikidata.org/entity/Q552404,http://www.wikidata.org/entity/Q165141,équipe de Suisse de football,1.0,2009-01-01T00:00:00Z,2009-01-01T00:00:00Z
http://www.wikidata.org/entity/Q552404,http://www.wikidata.org/entity/Q678582,équipe de Suisse espoirs de football,9.0,2006-01-01T00:00:00Z,2009-01-01T00:00:00Z
http://www.wikidata.org/entity/Q552404,http://www.wikidata.org/entity/Q216773,FC Vaduz,0.0,2013-01-01T00:00:00Z,2013-01-01T00:00:00Z
http://www.wikidata.org/entity/Q552404,http://www.wikidata.org/entity/Q201360,Grasshopper Zurich,28.0,2005-01-01T00:00:00Z,2006-01-01T00:00:00Z
http://www.wikidata.org/entity/Q552404,http://www.wikidata.org/entity/Q19681442,Cibao FC,7.0,2015-01-01T00:00:00Z,2015-01-01T00:00:00Z
http://www.wikidata.org/entity/Q552404,http://www.wikidata.org/entity/Q10319,Real Valladolid,1.0,2013-01-01T00:00:00Z,2014-01-01T00:00:00Z
http://www.wikidata.org/entity/Q517015,http://www.wikidata.org/entity/Q18639813,KKS Wiara Lecha,,2022-08-01T00:00:00Z,
http://www.wikidata.org/entity/Q517015,http://www.wikidata.org/entity/Q221525,FC Metz,36.0,2014-01-01T00:00:00Z,2016-01-01T00:00:00Z
http://www.wikidata.org/entity/Q517015,http://www.wikidata.org/entity/Q191101,BATE Borisov,35.0,2013-01-01T00:00:00Z,2014-01-01T00:00:00Z
http://www.wikidata.org/entity/Q517015,http://www.wikidata.org/entity/Q995098,SKVITCH Minsk,52.0,2003-01-01T00:00:00Z,2005-01-01T00:00:00Z
http://www.wikidata.org/entity/Q517015,http://www.wikidata.org/entity/Q191101,BATE Borisov,92.0,2006-01-01T00:00:00Z,2009-01-01T00:00:00Z
http://www.wikidata.org/entity/Q517257,http://www.wikidata.org/entity/Q157828,SV Holstein Kiel,116.0,2003-01-01T00:00:00Z,2007-01-01T00:00:00Z
http://www.wikidata.org/entity/Q517257,http://www.wikidata.org/entity/Q33748,Hanovre 96,72.0,1991-01-01T00:00:00Z,1994-01-01T00:00:00Z
http://www.wikidata.org/entity/Q517257,http://www.wikidata.org/entity/Q101859,VfL Wolfsburg,24.0,1998-01-01T00:00:00Z,1999-01-01T00:00:00Z
http://www.wikidata.org/entity/Q517257,http://www.wikidata.org/entity/Q314851,équipe d'Allemagne espoirs de football,6.0,1995-01-01T00:00:00Z,1996-01-01T00:00:00Z
http://www.wikidata.org/entity/Q517257,http://www.wikidata.org/entity/Q51974,Hambourg SV,71.0,1994-01-01T00:00:00Z,1997-01-01T00:00:00Z
http://www.wikidata.org/entity/Q517257,http://www.wikidata.org/entity/Q537325,BV Cloppenburg,60.0,2007-01-01T00:00:00Z,2009-01-01T00:00:00Z
http://www.wikidata.org/entity/Q517257,http://www.wikidata.org/entity/Q537301,TSV Havelse,21.0,2009-01-01T00:00:00Z,2010-01-01T00:00:00Z
http://www.wikidata.org/entity/Q517257,http://www.wikidata.org/entity/Q2205472,SC Langenhagen,14.0,2002-01-01T00:00:00Z,2002-01-01T00:00:00Z
http://www.wikidata.org/entity/Q517257,http://www.wikidata.org/entity/Q158121,SpVgg Unterhaching,78.0,1999-01-01T00:00:00Z,2002-01-01T00:00:00Z
http://www.wikidata.org/entity/Q517257,http://www.wikidata.org/entity/Q819354,KSV Hessen Kassel,13.0,2002-01-01T00:00:00Z,2003-01-01T00:00:00Z
http://www.wikidata.org/entity/Q517701,http://www.wikidata.org/entity/Q1630430,équipe du Portugal espoirs de football,19.0,2008-01-01T00:00:00Z,2010-01-01T00:00:00Z
http://www.wikidata.org/entity/Q517701,http://www.wikidata.org/entity/Q1772776,équipe du Portugal de football des moins de 20 ans,6.0,2007-01-01T00:00:00Z,2007-01-01T00:00:00Z
http://www.wikidata.org/entity/Q517701,http://www.wikidata.org/entity/Q138230,Kasımpaşa SK,33.0,2013-01-01T00:00:00Z,2014-01-01T00:00:00Z
http://www.wikidata.org/entity/Q517701,http://www.wikidata.org/entity/Q621259,SC Olhanense,56.0,2008-01-01T00:00:00Z,2010-01-01T00:00:00Z
http://www.wikidata.org/entity/Q517701,http://www.wikidata.org/entity/Q12278,Sporting Gijón,45.0,2011-01-01T00:00:00Z,2012-01-01T00:00:00Z
http://www.wikidata.org/entity/Q517701,http://www.wikidata.org/entity/Q128446,Futebol Clube do Porto,20.0,2007-01-01T00:00:00Z,2014-01-01T00:00:00Z
http://www.wikidata.org/entity/Q517701,http://www.wikidata.org/entity/Q3590758,équipe du Portugal olympique de football,3.0,2010-01-01T00:00:00Z,2010-01-01T00:00:00Z
http://www.wikidata.org/entity/Q517701,http://www.wikidata.org/entity/Q1630430,équipe du Portugal espoirs de football,3.0,2010-01-01T00:00:00Z,2010-01-01T00:00:00Z
http://www.wikidata.org/entity/Q517701,http://www.wikidata.org/entity/Q3590754,équipe du Portugal de football des moins de 17 ans,10.0,2004-01-01T00:00:00Z,2005-01-01T00:00:00Z
http://www.wikidata.org/entity/Q517701,http://www.wikidata.org/entity/Q3873511,équipe du Portugal de football des moins de 18 ans,8.0,2005-01-01T00:00:00Z,2006-01-01T00:00:00Z
http://www.wikidata.org/entity/Q517701,http://www.wikidata.org/entity/Q3873524,équipe du Portugal de football des moins de 19 ans,14.0,2006-01-01T00:00:00Z,2007-01-01T00:00:00Z
http://www.wikidata.org/entity/Q517701,http://www.wikidata.org/entity/Q1423118,Göztepe SK,,2017-01-01T00:00:00Z,
http://www.wikidata.org/entity/Q517701,http://www.wikidata.org/entity/Q138230,Kasımpaşa SK,,2014-01-01T00:00:00Z,2017-01-01T00:00:00Z
http://www.wikidata.org/entity/Q518525,http://www.wikidata.org/entity/Q5014111,CR Vasco da Gama,21.0,2013-01-01T00:00:00Z,2014-01-01T00:00:00Z
http://www.wikidata.org/entity/Q518525,http://www.wikidata.org/entity/Q5014111,CR Vasco da Gama,27.0,2013-01-01T00:00:00Z,2013-01-01T00:00:00Z
http://www.wikidata.org/entity/Q518525,http://www.wikidata.org/entity/Q83459,équipe du Brésil de football,,2010-01-01T00:00:00Z,
http://www.wikidata.org/entity/Q518525,http://www.wikidata.org/entity/Q179075,Dynamo Kiev,9.0,2010-01-01T00:00:00Z,2011-01-01T00:00:00Z
http://www.wikidata.org/entity/Q518525,http://www.wikidata.org/entity/Q219098,Sport Club do Recife,29.0,2015-01-01T00:00:00Z,2015-01-01T00:00:00Z
http://www.wikidata.org/entity/Q518525,http://www.wikidata.org/entity/Q80958,Botafogo FR,18.0,2009-01-01T00:00:00Z,2010-01-01T00:00:00Z
http://www.wikidata.org/entity/Q518525,http://www.wikidata.org/entity/Q35933,Corinthians Paulista,,2016-01-01T00:00:00Z,
http://www.wikidata.org/entity/Q518525,http://www.wikidata.org/entity/Q80955,Santos FC,19.0,2012-01-01T00:00:00Z,2013-01-01T00:00:00Z
http://www.wikidata.org/entity/Q518525,http://www.wikidata.org/entity/Q172476,Girondins de Bordeaux,8.0,2011-01-01T00:00:00Z,2011-01-01T00:00:00Z
http://www.wikidata.org/entity/Q518525,http://www.wikidata.org/entity/Q270995,Atlético Mineiro,22.0,2011-01-01T00:00:00Z,2012-01-01T00:00:00Z
http://www.wikidata.org/entity/Q518525,http://www.wikidata.org/entity/Q80955,Santos FC,,2012-01-01T00:00:00Z,2013-01-01T00:00:00Z
http://www.wikidata.org/entity/Q518525,http://www.wikidata.org/entity/Q270995,Atlético Mineiro,26.0,2012-01-01T00:00:00Z,2016-01-01T00:00:00Z
http://www.wikidata.org/entity/Q518527,http://www.wikidata.org/entity/Q8466,1. FC Kaiserslautern,,2014-01-01T00:00:00Z,
http://www.wikidata.org/entity/Q518527,http://www.wikidata.org/entity/Q151747,Fortuna Düsseldorf,9.0,2012-01-01T00:00:00Z,2013-01-01T00:00:00Z
http://www.wikidata.org/entity/Q518527,http://www.wikidata.org/entity/Q107818,FC Energie Cottbus,34.0,2013-01-01T00:00:00Z,2014-01-01T00:00:00Z
http://www.wikidata.org/entity/Q518527,http://www.wikidata.org/entity/Q101859,VfL Wolfsburg,67.0,2009-01-01T00:00:00Z,2012-01-01T00:00:00Z
http://www.wikidata.org/entity/Q518527,http://www.wikidata.org/entity/Q16525407,1. FC Kaiserslautern II,1.0,2014-01-01T00:00:00Z,2014-01-01T00:00:00Z
http://www.wikidata.org/entity/Q518959,http://www.wikidata.org/entity/Q221525,FC Metz,57.0,2009-01-01T00:00:00Z,2011-01-01T00:00:00Z
http://www.wikidata.org/entity/Q518959,http://www.wikidata.org/entity/Q184266,équipe du Luxembourg de football,,2005-10-08T00:00:00Z,
http://www.wikidata.org/entity/Q518959,http://www.wikidata.org/entity/Q659212,FC Saint-Gall,119.0,2012-01-01T00:00:00Z,2017-01-01T00:00:00Z
http://www.wikidata.org/entity/Q518959,http://www.wikidata.org/entity/Q603271,FC Aarau,58.0,2007-01-01T00:00:00Z,2009-01-01T00:00:00Z
http://www.wikidata.org/entity/Q518959,http://www.wikidata.org/entity/Q2208794,Royal Spa Football Club,,2002-01-01T00:00:00Z,2005-01-01T00:00:00Z
http://www.wikidata.org/entity/Q518959,http://www.wikidata.org/entity/Q933046,Football Club Progrès Niedercorn,,2017-01-01T00:00:00Z,
http://www.wikidata.org/entity/Q518959,http://www.wikidata.org/entity/Q2254461,Royal Football Club Union La Calamine,27.0,2005-01-01T00:00:00Z,2006-01-01T00:00:00Z
http://www.wikidata.org/entity/Q518959,http://www.wikidata.org/entity/Q153535,Alemannia Aix-la-Chapelle,34.0,2006-01-01T00:00:00Z,2007-01-01T00:00:00Z
http://www.wikidata.org/entity/Q518959,http://www.wikidata.org/entity/Q321061,FC Sion,15.0,2011-01-01T00:00:00Z,2012-01-01T00:00:00Z
http://www.wikidata.org/entity/Q519125,http://www.wikidata.org/entity/Q206692,FC Zurich,44.0,2004-01-01T00:00:00Z,2006-01-01T00:00:00Z
http://www.wikidata.org/entity/Q519125,http://www.wikidata.org/entity/Q204237,FC Dinamo Bucarest,87.0,1994-01-01T00:00:00Z,1998-01-01T00:00:00Z
http://www.wikidata.org/entity/Q519125,http://www.wikidata.org/entity/Q377621,Gloria Bistrița,7.0,1993-01-01T00:00:00Z,1994-01-01T00:00:00Z
http://www.wikidata.org/entity/Q519125,http://www.wikidata.org/entity/Q154293,MSV Duisbourg,103.0,2006-01-01T00:00:00Z,2011-01-01T00:00:00Z
http://www.wikidata.org/entity/Q519125,http://www.wikidata.org/entity/Q168397,équipe de Roumanie de football,4.0,2001-01-01T00:00:00Z,2005-01-01T00:00:00Z
http://www.wikidata.org/entity/Q519125,http://www.wikidata.org/entity/Q201360,Grasshopper Zurich,157.0,1998-01-01T00:00:00Z,2004-01-01T00:00:00Z
http://www.wikidata.org/entity/Q519462,http://www.wikidata.org/entity/Q15755,FC Augsbourg,48.0,2013-01-01T00:00:00Z,2014-01-01T00:00:00Z
http://www.wikidata.org/entity/Q519462,http://www.wikidata.org/entity/Q5644342,Hambourg SV II,38.0,2008-01-01T00:00:00Z,2010-01-01T00:00:00Z
http://www.wikidata.org/entity/Q519462,http://www.wikidata.org/entity/Q155452,TuS Coblence,15.0,2011-01-01T00:00:00Z,2011-01-01T00:00:00Z
http://www.wikidata.org/entity/Q519462,http://www.wikidata.org/entity/Q782387,FC Oberneuland,15.0,2010-01-01T00:00:00Z,2010-01-01T00:00:00Z
http://www.wikidata.org/entity/Q519462,http://www.wikidata.org/entity/Q101959,Borussia Mönchengladbach,,2014-01-01T00:00:00Z,
http://www.wikidata.org/entity/Q519462,http://www.wikidata.org/entity/Q782387,FC Oberneuland,16.0,2010-01-01T00:00:00Z,2011-01-01T00:00:00Z
http://www.wikidata.org/entity/Q519462,http://www.wikidata.org/entity/Q159936,Kickers Offenbach,42.0,2011-01-01T00:00:00Z,2013-01-01T00:00:00Z
http://www.wikidata.org/entity/Q519462,http://www.wikidata.org/entity/Q43310,équipe d'Allemagne de football,,2014-01-01T00:00:00Z,
http://www.wikidata.org/entity/Q519602,http://www.wikidata.org/entity/Q289707,AC Reggiana,97.0,1994-01-01T00:00:00Z,1998-01-01T00:00:00Z
http://www.wikidata.org/entity/Q519602,http://www.wikidata.org/entity/Q4161842,FC Dynamo Voronej,17.0,2006-01-01T00:00:00Z,2006-01-01T00:00:00Z
http://www.wikidata.org/entity/Q519602,http://www.wikidata.org/entity/Q726080,équipe de Russie de football,20.0,1994-01-01T00:00:00Z,1998-01-01T00:00:00Z
http://www.wikidata.org/entity/Q519602,http://www.wikidata.org/entity/Q170040,Rubin Kazan,1.0,2005-01-01T00:00:00Z,2005-01-01T00:00:00Z
http://www.wikidata.org/entity/Q519602,http://www.wikidata.org/entity/Q329812,Sporting de Kansas City,49.0,2002-01-01T00:00:00Z,2004-01-01T00:00:00Z
http://www.wikidata.org/entity/Q519602,http://www.wikidata.org/entity/Q216661,Club Deportivo Tenerife,54.0,2000-01-01T00:00:00Z,2002-01-01T00:00:00Z
http://www.wikidata.org/entity/Q519602,http://www.wikidata.org/entity/Q1893,Bologne FC 1909,14.0,1998-01-01T00:00:00Z,1999-01-01T00:00:00Z
http://www.wikidata.org/entity/Q519602,http://www.wikidata.org/entity/Q17497,Dynamo Moscou,114.0,1990-01-01T00:00:00Z,1994-01-01T00:00:00Z
http://www.wikidata.org/entity/Q519675,http://www.wikidata.org/entity/Q1386820,FC Affing,,2004-01-01T00:00:00Z,2005-01-01T00:00:00Z
http://www.wikidata.org/entity/Q519675,http://www.wikidata.org/entity/Q15755,FC Augsbourg,28.0,2002-01-01T00:00:00Z,2004-01-01T00:00:00Z
http://www.wikidata.org/entity/Q519675,http://www.wikidata.org/entity/Q131603,TSV Munich 1860,12.0,1997-01-01T00:00:00Z,1998-01-01T00:00:00Z
http://www.wikidata.org/entity/Q519675,http://www.wikidata.org/entity/Q142005,FC Hansa Rostock,58.0,1994-01-01T00:00:00Z,1997-01-01T00:00:00Z
http://www.wikidata.org/entity/Q519675,http://www.wikidata.org/entity/Q105844,DSC Arminia Bielefeld,79.0,1998-01-01T00:00:00Z,2002-01-01T00:00:00Z
http://www.wikidata.org/entity/Q519675,http://www.wikidata.org/entity/Q2672721,DJK Augsburg-Lechhausen,,2006-01-01T00:00:00Z,2006-01-01T00:00:00Z
http://www.wikidata.org/entity/Q520100,http://www.wikidata.org/entity/Q19604,Portsmouth FC,0.0,2009-01-01T00:00:00Z,2010-01-01T00:00:00Z
http://www.wikidata.org/entity/Q520100,http://www.wikidata.org/entity/Q309025,Lokomotiv Sofia,22.0,2013-01-01T00:00:00Z,2014-01-01T00:00:00Z
http://www.wikidata.org/entity/Q520100,http://www.wikidata.org/entity/Q2701714,équipe de France de football des moins de 19 ans,,2008-01-01T00:00:00Z,2008-01-01T00:00:00Z
http://www.wikidata.org/entity/Q520100,http://www.wikidata.org/entity/Q309456,FC Lausanne-Sport,12.0,2011-01-01T00:00:00Z,2012-01-01T00:00:00Z
http://www.wikidata.org/entity/Q520100,http://www.wikidata.org/entity/Q219926,Aris Salonique FC,,2014-01-01T00:00:00Z,
http://www.wikidata.org/entity/Q520100,http://www.wikidata.org/entity/Q201197,Chernomorets Bourgas,24.0,2012-01-01T00:00:00Z,2013-01-01T00:00:00Z
http://www.wikidata.org/entity/Q520587,http://www.wikidata.org/entity/Q2018,Catania Football Club,94.0,2005-01-01T00:00:00Z,2009-01-01T00:00:00Z
http://www.wikidata.org/entity/Q520587,http://www.wikidata.org/entity/Q297430,S.S. Arezzo,39.0,2004-01-01T00:00:00Z,2005-01-01T00:00:00Z
http://www.wikidata.org/entity/Q520587,http://www.wikidata.org/entity/Q6641,SSC Bari,125.0,1998-01-01T00:00:00Z,2004-01-01T00:00:00Z
http://www.wikidata.org/entity/Q520587,http://www.wikidata.org/entity/Q298392,Associazione Sportiva Pescina Valle del Giovenco,,2009-01-01T00:00:00Z,2009-01-01T00:00:00Z
http://www.wikidata.org/entity/Q520587,http://www.wikidata.org/entity/Q297431,Castel di Sangro Calcio,52.0,1997-01-01T00:00:00Z,1998-01-01T00:00:00Z
http://www.wikidata.org/entity/Q520587,http://www.wikidata.org/entity/Q289613,Pisa SC,10.0,1995-01-01T00:00:00Z,1995-01-01T00:00:00Z
http://www.wikidata.org/entity/Q520587,http://www.wikidata.org/entity/Q289613,Pisa SC,10.0,1994-01-01T00:00:00Z,1995-01-01T00:00:00Z
http://www.wikidata.org/entity/Q560603,http://www.wikidata.org/entity/Q1368064,Malatyaspor,18.0,2003-01-01T00:00:00Z,2003-01-01T00:00:00Z
http://www.wikidata.org/entity/Q560603,http://www.wikidata.org/entity/Q845772,KF Partizan Tirana,11.0,2003-01-01T00:00:00Z,2003-01-01T00:00:00Z
http://www.wikidata.org/entity/Q560603,http://www.wikidata.org/entity/Q846062,KS Elbasani,11.0,1999-01-01T00:00:00Z,1999-01-01T00:00:00Z
http://www.wikidata.org/entity/Q560603,http://www.wikidata.org/entity/Q392310,LASK,18.0,2010-01-01T00:00:00Z,2011-01-01T00:00:00Z
http://www.wikidata.org/entity/Q560603,http://www.wikidata.org/entity/Q1368064,Malatyaspor,18.0,2002-01-01T00:00:00Z,2003-01-01T00:00:00Z
http://www.wikidata.org/entity/Q560603,http://www.wikidata.org/entity/Q279043,équipe d'Albanie espoirs de football,12.0,1997-01-01T00:00:00Z,1999-01-01T00:00:00Z
http://www.wikidata.org/entity/Q560603,http://www.wikidata.org/entity/Q210170,KF Tirana,34.0,2011-01-01T00:00:00Z,2013-01-01T00:00:00Z
http://www.wikidata.org/entity/Q562646,http://www.wikidata.org/entity/Q1129595,équipe d'Espagne espoirs de football,3.0,1996-01-01T00:00:00Z,1996-01-01T00:00:00Z
http://www.wikidata.org/entity/Q562646,http://www.wikidata.org/entity/Q10319,Real Valladolid,438.0,1995-01-01T00:00:00Z,2010-01-01T00:00:00Z
http://www.wikidata.org/entity/Q562646,http://www.wikidata.org/entity/Q8682,Real Madrid CF,7.0,1994-01-01T00:00:00Z,1995-01-01T00:00:00Z
http://www.wikidata.org/entity/Q562646,http://www.wikidata.org/entity/Q1129595,équipe d'Espagne espoirs de football,3.0,1994-01-01T00:00:00Z,1995-01-01T00:00:00Z
http://www.wikidata.org/entity/Q562646,http://www.wikidata.org/entity/Q11971,SD Huesca,33.0,2010-01-01T00:00:00Z,2011-01-01T00:00:00Z
http://www.wikidata.org/entity/Q562646,http://www.wikidata.org/entity/Q12217,Real Madrid Castilla,58.0,1993-01-01T00:00:00Z,1995-01-01T00:00:00Z
http://www.wikidata.org/entity/Q562646,http://www.wikidata.org/entity/Q1246437,Real Madrid C,4.0,1993-01-01T00:00:00Z,1993-01-01T00:00:00Z
http://www.wikidata.org/entity/Q566091,http://www.wikidata.org/entity/Q101859,VfL Wolfsburg,70.0,2006-01-01T00:00:00Z,2006-01-01T00:00:00Z
http://www.wikidata.org/entity/Q566091,http://www.wikidata.org/entity/Q162450,1. FFC Turbine Potsdam,87.0,2000-01-01T00:00:00Z,2000-01-01T00:00:00Z
http://www.wikidata.org/entity/Q566127,http://www.wikidata.org/entity/Q18732,Southampton FC,24.0,2000-01-01T00:00:00Z,2002-01-01T00:00:00Z
http://www.wikidata.org/entity/Q566127,http://www.wikidata.org/entity/Q141931,SG Dynamo Dresde,46.0,1990-01-01T00:00:00Z,1992-01-01T00:00:00Z
http://www.wikidata.org/entity/Q566127,http://www.wikidata.org/entity/Q639560,Tennis Borussia Berlin,28.0,1999-01-01T00:00:00Z,2000-01-01T00:00:00Z
http://www.wikidata.org/entity/Q566127,http://www.wikidata.org/entity/Q214374,Lillestrøm SK,11.0,2002-01-01T00:00:00Z,2003-01-01T00:00:00Z
http://www.wikidata.org/entity/Q566127,http://www.wikidata.org/entity/Q8466,1. FC Kaiserslautern,28.0,1998-01-01T00:00:00Z,1999-01-01T00:00:00Z
http://www.wikidata.org/entity/Q566127,http://www.wikidata.org/entity/Q155730,1. FC Magdebourg,46.0,1989-01-01T00:00:00Z,1990-01-01T00:00:00Z
http://www.wikidata.org/entity/Q566127,http://www.wikidata.org/entity/Q161074,FC Sachsen Leipzig,27.0,1988-01-01T00:00:00Z,1989-01-01T00:00:00Z
http://www.wikidata.org/entity/Q566127,http://www.wikidata.org/entity/Q158121,SpVgg Unterhaching,14.0,2002-01-01T00:00:00Z,2002-01-01T00:00:00Z
http://www.wikidata.org/entity/Q566127,http://www.wikidata.org/entity/Q18744,West Bromwich Albion,5.0,2001-01-01T00:00:00Z,2001-01-01T00:00:00Z
http://www.wikidata.org/entity/Q566127,http://www.wikidata.org/entity/Q162317,1. FC Lokomotive Leipzig,3.0,1987-01-01T00:00:00Z,1988-01-01T00:00:00Z
http://www.wikidata.org/entity/Q566127,http://www.wikidata.org/entity/Q152424,équipe d'Allemagne de l'Est de football,5.0,1990-01-01T00:00:00Z,1990-01-01T00:00:00Z
http://www.wikidata.org/entity/Q566127,http://www.wikidata.org/entity/Q141931,SG Dynamo Dresde,7.0,1993-01-01T00:00:00Z,1994-01-01T00:00:00Z
http://www.wikidata.org/entity/Q566127,http://www.wikidata.org/entity/Q50602,Manchester City FC,152.0,1994-01-01T00:00:00Z,1998-01-01T00:00:00Z
http://www.wikidata.org/entity/Q566127,http://www.wikidata.org/entity/Q15786,1. FC Nuremberg,28.0,1992-01-01T00:00:00Z,1994-01-01T00:00:00Z
http://www.wikidata.org/entity/Q566490,http://www.wikidata.org/entity/Q1202759,équipe d'Allemagne de football des moins de 16 ans,,1991-01-01T00:00:00Z,1991-01-01T00:00:00Z
http://www.wikidata.org/entity/Q566490,http://www.wikidata.org/entity/Q314851,équipe d'Allemagne espoirs de football,16.0,1995-01-01T00:00:00Z,1998-01-01T00:00:00Z
http://www.wikidata.org/entity/Q566490,http://www.wikidata.org/entity/Q102720,Hertha BSC,234.0,1994-01-01T00:00:00Z,2009-01-01T00:00:00Z
http://www.wikidata.org/entity/Q566490,http://www.wikidata.org/entity/Q920263,Hertha Berliner Sport-Club II,,1992-01-01T00:00:00Z,1994-01-01T00:00:00Z
http://www.wikidata.org/entity/Q566853,http://www.wikidata.org/entity/Q105853,Karlsruher SC,183.0,2003-01-01T00:00:00Z,2010-01-01T00:00:00Z
http://www.wikidata.org/entity/Q566853,http://www.wikidata.org/entity/Q107421,VfB Stuttgart II,44.0,2000-01-01T00:00:00Z,2002-01-01T00:00:00Z
http://www.wikidata.org/entity/Q566853,http://www.wikidata.org/entity/Q33748,Hanovre 96,0.0,2010-01-01T00:00:00Z,2015-01-01T00:00:00Z
http://www.wikidata.org/entity/Q566853,http://www.wikidata.org/entity/Q15755,FC Augsbourg,18.0,2002-01-01T00:00:00Z,2003-01-01T00:00:00Z
http://www.wikidata.org/entity/Q569704,http://www.wikidata.org/entity/Q316865,SC Preußen Münster,33.0,2006-01-01T00:00:00Z,2007-01-01T00:00:00Z
http://www.wikidata.org/entity/Q569704,http://www.wikidata.org/entity/Q160530,VfL Osnabrück,24.0,2000-01-01T00:00:00Z,2001-01-01T00:00:00Z
http://www.wikidata.org/entity/Q569704,http://www.wikidata.org/entity/Q639560,Tennis Borussia Berlin,29.0,1999-01-01T00:00:00Z,2000-01-01T00:00:00Z
http://www.wikidata.org/entity/Q569704,http://www.wikidata.org/entity/Q15809115,FC Gütersloh,20.0,1996-01-01T00:00:00Z,1996-01-01T00:00:00Z
http://www.wikidata.org/entity/Q569704,http://www.wikidata.org/entity/Q694464,FC Gütersloh 2000,20.0,1996-01-01T00:00:00Z,1996-01-01T00:00:00Z
http://www.wikidata.org/entity/Q569704,http://www.wikidata.org/entity/Q105844,DSC Arminia Bielefeld,57.0,2001-01-01T00:00:00Z,2003-01-01T00:00:00Z
http://www.wikidata.org/entity/Q569704,http://www.wikidata.org/entity/Q170125,Rot Weiss Ahlen,4.0,2003-01-01T00:00:00Z,2004-01-01T00:00:00Z
http://www.wikidata.org/entity/Q569704,http://www.wikidata.org/entity/Q316865,SC Preußen Münster,17.0,1991-01-01T00:00:00Z,1993-01-01T00:00:00Z
http://www.wikidata.org/entity/Q569704,http://www.wikidata.org/entity/Q383196,FC Kärnten,0.0,2004-01-01T00:00:00Z,2004-01-01T00:00:00Z
http://www.wikidata.org/entity/Q569704,http://www.wikidata.org/entity/Q141931,SG Dynamo Dresde,27.0,2005-01-01T00:00:00Z,2005-01-01T00:00:00Z
http://www.wikidata.org/entity/Q569704,http://www.wikidata.org/entity/Q38245,Eintracht Francfort,46.0,1997-01-01T00:00:00Z,1999-01-01T00:00:00Z
http://www.wikidata.org/entity/Q569704,http://www.wikidata.org/entity/Q316865,SC Preußen Münster,13.0,1995-01-01T00:00:00Z,1995-01-01T00:00:00Z
http://www.wikidata.org/entity/Q569704,http://www.wikidata.org/entity/Q160530,VfL Osnabrück,96.0,1987-01-01T00:00:00Z,1990-01-01T00:00:00Z
http://www.wikidata.org/entity/Q569704,http://www.wikidata.org/entity/Q666010,SC Verl,5.0,1996-01-01T00:00:00Z,1996-01-01T00:00:00Z
http://www.wikidata.org/entity/Q569704,http://www.wikidata.org/entity/Q170125,Rot Weiss Ahlen,4.0,2003-01-01T00:00:00Z,2003-01-01T00:00:00Z
http://www.wikidata.org/entity/Q569704,http://www.wikidata.org/entity/Q537325,BV Cloppenburg,0.0,1997-01-01T00:00:00Z,1997-01-01T00:00:00Z
http://www.wikidata.org/entity/Q569704,http://www.wikidata.org/entity/Q105254,1. FSV Mayence 05,55.0,1993-01-01T00:00:00Z,1995-01-01T00:00:00Z
http://www.wikidata.org/entity/Q570178,http://www.wikidata.org/entity/Q614987,équipe de Finlande espoirs de football,11.0,2006-01-01T00:00:00Z,2006-01-01T00:00:00Z
http://www.wikidata.org/entity/Q570178,http://www.wikidata.org/entity/Q373419,USD Colligiana,7.0,2009-01-01T00:00:00Z,2009-01-01T00:00:00Z
http://www.wikidata.org/entity/Q570178,http://www.wikidata.org/entity/Q186532,équipe de Finlande de football,1.0,2011-01-01T00:00:00Z,2011-01-01T00:00:00Z
http://www.wikidata.org/entity/Q570178,http://www.wikidata.org/entity/Q18729,Reading FC,,2016-07-11T00:00:00Z,2019-07-01T00:00:00Z
http://www.wikidata.org/entity/Q570178,http://www.wikidata.org/entity/Q194393,SK Slavia Prague,2.0,2010-01-01T00:00:00Z,2011-01-01T00:00:00Z
http://www.wikidata.org/entity/Q570178,http://www.wikidata.org/entity/Q412502,Ajax Cape Town FC,,2013-01-01T00:00:00Z,
http://www.wikidata.org/entity/Q570178,http://www.wikidata.org/entity/Q48925,Bristol Rovers FC,,2019-07-01T00:00:00Z,
http://www.wikidata.org/entity/Q570178,http://www.wikidata.org/entity/Q1817924,TP-47,17.0,2004-01-01T00:00:00Z,2006-01-01T00:00:00Z
http://www.wikidata.org/entity/Q570178,http://www.wikidata.org/entity/Q210961,Kilmarnock Football Club,14.0,2011-01-01T00:00:00Z,2013-01-01T00:00:00Z
http://www.wikidata.org/entity/Q570178,http://www.wikidata.org/entity/Q2756,Sienne FC,1.0,2006-01-01T00:00:00Z,2010-01-01T00:00:00Z
http://www.wikidata.org/entity/Q570825,http://www.wikidata.org/entity/Q51976,Werder Brême,,2014-01-01T00:00:00Z,
http://www.wikidata.org/entity/Q570825,http://www.wikidata.org/entity/Q157828,SV Holstein Kiel,50.0,2005-01-01T00:00:00Z,2007-01-01T00:00:00Z
http://www.wikidata.org/entity/Q570825,http://www.wikidata.org/entity/Q157828,SV Holstein Kiel,10.0,2005-01-01T00:00:00Z,2005-01-01T00:00:00Z
http://www.wikidata.org/entity/Q570825,http://www.wikidata.org/entity/Q6463,FC Sankt Pauli,117.0,2010-01-01T00:00:00Z,2014-01-01T00:00:00Z
http://www.wikidata.org/entity/Q570825,http://www.wikidata.org/entity/Q142005,FC Hansa Rostock,8.0,2007-01-01T00:00:00Z,2007-01-01T00:00:00Z
http://www.wikidata.org/entity/Q570825,http://www.wikidata.org/entity/Q142005,FC Hansa Rostock,77.0,2007-01-01T00:00:00Z,2010-01-01T00:00:00Z
http://www.wikidata.org/entity/Q570825,http://www.wikidata.org/entity/Q314851,équipe d'Allemagne espoirs de football,1.0,2008-01-01T00:00:00Z,2008-01-01T00:00:00Z
http://www.wikidata.org/entity/Q571514,http://www.wikidata.org/entity/Q506832,Clube Atlético Paranaense,,1996-01-01T00:00:00Z,1998-01-01T00:00:00Z
http://www.wikidata.org/entity/Q571514,http://www.wikidata.org/entity/Q193749,Legia Varsovie,1.0,1996-01-01T00:00:00Z,1996-01-01T00:00:00Z
http://www.wikidata.org/entity/Q571514,http://www.wikidata.org/entity/Q1198939,GKS Tychy,15.0,1995-01-01T00:00:00Z,1995-01-01T00:00:00Z
http://www.wikidata.org/entity/Q571514,http://www.wikidata.org/entity/Q101859,VfL Wolfsburg,83.0,1998-01-01T00:00:00Z,2002-01-01T00:00:00Z
http://www.wikidata.org/entity/Q571514,http://www.wikidata.org/entity/Q166196,équipe de Pologne de football,10.0,1997-01-01T00:00:00Z,1999-01-01T00:00:00Z
http://www.wikidata.org/entity/Q571514,http://www.wikidata.org/entity/Q1812607,Legia Varsovie CWKS,1.0,1996-01-01T00:00:00Z,1996-01-01T00:00:00Z
http://www.wikidata.org/entity/Q571514,http://www.wikidata.org/entity/Q1277456,Panachaïkí,13.0,1995-01-01T00:00:00Z,1996-01-01T00:00:00Z
http://www.wikidata.org/entity/Q571631,http://www.wikidata.org/entity/Q181216,HNK Hajduk Split,84.0,2009-01-01T00:00:00Z,2012-01-01T00:00:00Z
http://www.wikidata.org/entity/Q571631,http://www.wikidata.org/entity/Q375734,Olimpia Grudziądz,9.0,2018-03-01T00:00:00Z,2018-12-01T00:00:00Z
http://www.wikidata.org/entity/Q571631,http://www.wikidata.org/entity/Q9306674,équipe de Croatie de football des moins de 18 ans,6.0,2009-01-01T00:00:00Z,2009-01-01T00:00:00Z
http://www.wikidata.org/entity/Q571631,http://www.wikidata.org/entity/Q153539,SpVgg Greuther Fürth,21.0,2016-01-01T00:00:00Z,2017-03-01T00:00:00Z
http://www.wikidata.org/entity/Q571631,http://www.wikidata.org/entity/Q309456,FC Lausanne-Sport,13.0,2014-01-01T00:00:00Z,2014-01-01T00:00:00Z
http://www.wikidata.org/entity/Q571631,http://www.wikidata.org/entity/Q3446766,équipe de Croatie des moins de 19 ans,7.0,2009-01-01T00:00:00Z,2010-01-01T00:00:00Z
http://www.wikidata.org/entity/Q571631,http://www.wikidata.org/entity/Q2331381,équipe de Croatie espoirs de football,11.0,2010-01-01T00:00:00Z,2012-01-01T00:00:00Z
http://www.wikidata.org/entity/Q571631,http://www.wikidata.org/entity/Q9171502,NK Krško,27.0,2018-12-01T00:00:00Z,2019-07-01T00:00:00Z
http://www.wikidata.org/entity/Q571631,http://www.wikidata.org/entity/Q2710,Delfino Pescara,23.0,2012-01-01T00:00:00Z,2016-01-01T00:00:00Z
http://www.wikidata.org/entity/Q571631,http://www.wikidata.org/entity/Q509170,Sportkring Beveren,15.0,2014-01-01T00:00:00Z,2015-01-01T00:00:00Z
http://www.wikidata.org/entity/Q571631,http://www.wikidata.org/entity/Q179658,FCSB,5.0,2021-01-01T00:00:00Z,2021-06-01T00:00:00Z
http://www.wikidata.org/entity/Q571631,http://www.wikidata.org/entity/Q134479,équipe de Croatie de football,1.0,2012-01-01T00:00:00Z,2012-01-01T00:00:00Z
http://www.wikidata.org/entity/Q571631,http://www.wikidata.org/entity/Q14508335,FK Tosno,,2017-07-01T00:00:00Z,2018-03-01T00:00:00Z
http://www.wikidata.org/entity/Q571631,http://www.wikidata.org/entity/Q31932,NK Olimpija Ljubljana,42.0,2019-07-01T00:00:00Z,2021-01-01T00:00:00Z
http://www.wikidata.org/entity/Q571639,http://www.wikidata.org/entity/Q105861,VfL Bochum,5.0,2000-07-01T00:00:00Z,2001-07-01T00:00:00Z
http://www.wikidata.org/entity/Q571639,http://www.wikidata.org/entity/Q920263,Hertha Berliner Sport-Club II,108.0,2003-07-01T00:00:00Z,2010-07-01T00:00:00Z
http://www.wikidata.org/entity/Q571639,http://www.wikidata.org/entity/Q102720,Hertha BSC,,1996-07-01T00:00:00Z,2000-07-01T00:00:00Z
http://www.wikidata.org/entity/Q571639,http://www.wikidata.org/entity/Q4512,VfB Stuttgart,13.0,1994-07-01T00:00:00Z,1995-07-01T00:00:00Z
http://www.wikidata.org/entity/Q571639,http://www.wikidata.org/entity/Q15786,1. FC Nuremberg,24.0,1995-07-01T00:00:00Z,1996-07-01T00:00:00Z
http://www.wikidata.org/entity/Q587329,http://www.wikidata.org/entity/Q79800,équipe d'Argentine de football,9.0,1995-01-01T00:00:00Z,1996-01-01T00:00:00Z
http://www.wikidata.org/entity/Q587329,http://www.wikidata.org/entity/Q216661,Club Deportivo Tenerife,91.0,1999-01-01T00:00:00Z,2002-01-01T00:00:00Z
http://www.wikidata.org/entity/Q587329,http://www.wikidata.org/entity/Q1022939,Club Atlético Talleres,0.0,2008-01-01T00:00:00Z,2008-01-01T00:00:00Z
http://www.wikidata.org/entity/Q587329,http://www.wikidata.org/entity/Q391984,Club Deportivo Los Millonarios,10.0,2006-01-01T00:00:00Z,2006-01-01T00:00:00Z
http://www.wikidata.org/entity/Q587329,http://www.wikidata.org/entity/Q324589,CA Lanús,8.0,2003-01-01T00:00:00Z,2003-01-01T00:00:00Z
http://www.wikidata.org/entity/Q587329,http://www.wikidata.org/entity/Q214978,CA Independiente,16.0,2003-01-01T00:00:00Z,2004-01-01T00:00:00Z
http://www.wikidata.org/entity/Q590048,http://www.wikidata.org/entity/Q13385,SPAL Ferrara,0.0,1991-01-01T00:00:00Z,1992-01-01T00:00:00Z
http://www.wikidata.org/entity/Q590048,http://www.wikidata.org/entity/Q16348,FC Alessandria,25.0,1992-01-01T00:00:00Z,1993-01-01T00:00:00Z
http://www.wikidata.org/entity/Q590048,http://www.wikidata.org/entity/Q8639,Hellas Vérone Football Club,76.0,1997-01-01T00:00:00Z,2000-01-01T00:00:00Z
http://www.wikidata.org/entity/Q590048,http://www.wikidata.org/entity/Q1637277,Seregno Football Club 1913,32.0,1989-01-01T00:00:00Z,1990-01-01T00:00:00Z
http://www.wikidata.org/entity/Q590048,http://www.wikidata.org/entity/Q16334,Città di Casale,22.0,2005-01-01T00:00:00Z,2006-01-01T00:00:00Z
http://www.wikidata.org/entity/Q590048,http://www.wikidata.org/entity/Q6641,SSC Bari,65.0,2001-01-01T00:00:00Z,2005-01-01T00:00:00Z
http://www.wikidata.org/entity/Q590048,http://www.wikidata.org/entity/Q2798,Udinese Calcio,99.0,1993-01-01T00:00:00Z,1997-01-01T00:00:00Z
http://www.wikidata.org/entity/Q590048,http://www.wikidata.org/entity/Q2798,Udinese Calcio,0.0,1990-01-01T00:00:00Z,1991-01-01T00:00:00Z
http://www.wikidata.org/entity/Q590048,http://www.wikidata.org/entity/Q611222,Trévise F.B.C. 1993,26.0,2000-01-01T00:00:00Z,2001-01-01T00:00:00Z
http://www.wikidata.org/entity/Q590862,http://www.wikidata.org/entity/Q19444,Birmingham City FC,6.0,2014-01-01T00:00:00Z,2014-01-01T00:00:00Z
http://www.wikidata.org/entity/Q590862,http://www.wikidata.org/entity/Q3590572,équipe des États-Unis de football des moins de 23 ans,3.0,2012-01-01T00:00:00Z,2012-01-01T00:00:00Z
http://www.wikidata.org/entity/Q590862,http://www.wikidata.org/entity/Q3590570,équipe des États-Unis de football des moins de 17 ans,24.0,2005-01-01T00:00:00Z,2007-01-01T00:00:00Z
http://www.wikidata.org/entity/Q590862,http://www.wikidata.org/entity/Q642291,FC Dallas,98.0,2008-01-01T00:00:00Z,2012-01-01T00:00:00Z
http://www.wikidata.org/entity/Q590862,http://www.wikidata.org/entity/Q164134,équipe des États-Unis de football,,2010-01-01T00:00:00Z,
http://www.wikidata.org/entity/Q590862,http://www.wikidata.org/entity/Q18736,Stoke City FC,3.0,2013-01-01T00:00:00Z,2014-01-01T00:00:00Z
http://www.wikidata.org/entity/Q590862,http://www.wikidata.org/entity/Q19442,Barnsley Football Club,8.0,2014-01-01T00:00:00Z,2014-01-01T00:00:00Z
http://www.wikidata.org/entity/Q590862,http://www.wikidata.org/entity/Q196107,Whitecaps de Vancouver,53.0,2017-01-01T00:00:00Z,2018-01-01T00:00:00Z
http://www.wikidata.org/entity/Q590862,http://www.wikidata.org/entity/Q16836317,Atlanta United FC,,2019-01-01T00:00:00Z,
http://www.wikidata.org/entity/Q590862,http://www.wikidata.org/entity/Q287804,équipe des États-Unis de soccer des moins de 20 ans,24.0,2007-01-01T00:00:00Z,2009-01-01T00:00:00Z
http://www.wikidata.org/entity/Q590862,http://www.wikidata.org/entity/Q15214308,Orlando City Soccer Club,46.0,2015-01-01T00:00:00Z,2016-01-01T00:00:00Z
http://www.wikidata.org/entity/Q591724,http://www.wikidata.org/entity/Q281878,FK Sloutsk,16.0,2025-01-01T00:00:00Z,2025-12-01T00:00:00Z
http://www.wikidata.org/entity/Q591724,http://www.wikidata.org/entity/Q531866,Chakhtior Salihorsk,55.0,2021-01-01T00:00:00Z,2024-12-01T00:00:00Z
http://www.wikidata.org/entity/Q591724,http://www.wikidata.org/entity/Q19523,AS Nancy-Lorraine,44.0,2016-06-01T00:00:00Z,2019-06-01T00:00:00Z
http://www.wikidata.org/entity/Q591724,http://www.wikidata.org/entity/Q191101,BATE Borisov,7.0,2019-07-01T00:00:00Z,2019-12-01T00:00:00Z
http://www.wikidata.org/entity/Q591724,http://www.wikidata.org/entity/Q1266729,FK Haradzeïa,5.0,2020-09-01T00:00:00Z,2020-12-01T00:00:00Z
http://www.wikidata.org/entity/Q591724,http://www.wikidata.org/entity/Q191101,BATE Borisov,65.0,2014-01-01T00:00:00Z,2016-06-01T00:00:00Z
http://www.wikidata.org/entity/Q591724,http://www.wikidata.org/entity/Q723483,Irtych Pavlodar,2.0,2020-01-01T00:00:00Z,2020-05-01T00:00:00Z
http://www.wikidata.org/entity/Q591724,http://www.wikidata.org/entity/Q186252,équipe de Biélorussie de football,23.0,2013-01-01T00:00:00Z,2021-01-01T00:00:00Z
http://www.wikidata.org/entity/Q591724,http://www.wikidata.org/entity/Q545869,Nioman Hrodna,98.0,2010-01-01T00:00:00Z,2013-01-01T00:00:00Z
http://www.wikidata.org/entity/Q592084,http://www.wikidata.org/entity/Q1023532,Club de Fútbol Atlas,,2015-01-01T00:00:00Z,
http://www.wikidata.org/entity/Q592084,http://www.wikidata.org/entity/Q736937,CF Pachuca,14.0,2014-01-01T00:00:00Z,2014-01-01T00:00:00Z
http://www.wikidata.org/entity/Q592084,http://www.wikidata.org/entity/Q5260763,Deportivo Santamarina,,2004-01-01T00:00:00Z,2006-01-01T00:00:00Z
http://www.wikidata.org/entity/Q592084,http://www.wikidata.org/entity/Q646596,CF Puebla,63.0,2012-01-01T00:00:00Z,2014-01-01T00:00:00Z
http://www.wikidata.org/entity/Q592084,http://www.wikidata.org/entity/Q248789,Sociedad Deportivo Quito,31.0,2011-01-01T00:00:00Z,2012-01-01T00:00:00Z
http://www.wikidata.org/entity/Q592084,http://www.wikidata.org/entity/Q853053,CA Chacarita Juniors,71.0,2006-01-01T00:00:00Z,2011-01-01T00:00:00Z
http://www.wikidata.org/entity/Q592084,http://www.wikidata.org/entity/Q12308,Xerez CD,11.0,2010-01-01T00:00:00Z,2010-01-01T00:00:00Z
http://www.wikidata.org/entity/Q592084,http://www.wikidata.org/entity/Q8682,Real Madrid CF,,2015-01-01T00:00:00Z,
http://www.wikidata.org/entity/Q592084,http://www.wikidata.org/entity/Q476836,Arsenal Fútbol Club,23.0,2010-01-01T00:00:00Z,2011-01-01T00:00:00Z
http://www.wikidata.org/entity/Q592084,http://www.wikidata.org/entity/Q576285,Albacete Balompié,16.0,2008-01-01T00:00:00Z,2008-01-01T00:00:00Z
http://www.wikidata.org/entity/Q592098,http://www.wikidata.org/entity/Q268776,Saint Johnstone Football Club,43.0,1994-01-01T00:00:00Z,1998-01-01T00:00:00Z
http://www.wikidata.org/entity/Q592098,http://www.wikidata.org/entity/Q19446,Blackburn Rovers FC,66.0,1998-01-01T00:00:00Z,2000-01-01T00:00:00Z
http://www.wikidata.org/entity/Q592098,http://www.wikidata.org/entity/Q268776,Saint Johnstone Football Club,47.0,2011-01-01T00:00:00Z,2014-01-01T00:00:00Z
http://www.wikidata.org/entity/Q592098,http://www.wikidata.org/entity/Q19612,Preston North End FC,166.0,2004-01-01T00:00:00Z,2011-01-01T00:00:00Z
http://www.wikidata.org/entity/Q592098,http://www.wikidata.org/entity/Q34044,équipe d'Écosse de football,19.0,1998-01-01T00:00:00Z,2009-01-01T00:00:00Z
http://www.wikidata.org/entity/Q592098,http://www.wikidata.org/entity/Q19481,Leicester City FC,101.0,2000-01-01T00:00:00Z,2004-01-01T00:00:00Z
http://www.wikidata.org/entity/Q594188,http://www.wikidata.org/entity/Q742685,San Marino Calcio,3.0,2006-01-01T00:00:00Z,2009-01-01T00:00:00Z
http://www.wikidata.org/entity/Q594188,http://www.wikidata.org/entity/Q747976,A.S.D. Riccione 1929,15.0,2005-01-01T00:00:00Z,2006-01-01T00:00:00Z
http://www.wikidata.org/entity/Q594188,http://www.wikidata.org/entity/Q2176062,Associazione Calcio Bellaria Igea Marina,44.0,2009-01-01T00:00:00Z,2011-01-01T00:00:00Z
http://www.wikidata.org/entity/Q594188,http://www.wikidata.org/entity/Q8408,Modène Football Club,0.0,2004-01-01T00:00:00Z,2005-01-01T00:00:00Z
http://www.wikidata.org/entity/Q594188,http://www.wikidata.org/entity/Q7301044,Real Rimini F.C.,15.0,2005-01-01T00:00:00Z,2006-01-01T00:00:00Z
http://www.wikidata.org/entity/Q594188,http://www.wikidata.org/entity/Q2304084,US Valenzana Calcio,0.0,2012-01-01T00:00:00Z,2012-01-01T00:00:00Z
http://www.wikidata.org/entity/Q594188,http://www.wikidata.org/entity/Q289713,Rimini Football Club,15.0,2005-01-01T00:00:00Z,2006-01-01T00:00:00Z
http://www.wikidata.org/entity/Q594188,http://www.wikidata.org/entity/Q289343,AC Libertas,,2012-01-01T00:00:00Z,2013-01-01T00:00:00Z
http://www.wikidata.org/entity/Q594188,http://www.wikidata.org/entity/Q6664,AC Cesena,0.0,2011-01-01T00:00:00Z,2012-01-01T00:00:00Z
http://www.wikidata.org/entity/Q594188,http://www.wikidata.org/entity/Q185350,équipe de Saint-Marin de football,,2006-01-01T00:00:00Z,
http://www.wikidata.org/entity/Q594188,http://www.wikidata.org/entity/Q6664,AC Cesena,,2013-01-01T00:00:00Z,2014-01-01T00:00:00Z
http://www.wikidata.org/entity/Q594865,http://www.wikidata.org/entity/Q6651,Brescia Calcio,207.0,2002-01-01T00:00:00Z,2012-01-01T00:00:00Z
http://www.wikidata.org/entity/Q594865,http://www.wikidata.org/entity/Q914086,Cerro Porteño,,2012-01-01T00:00:00Z,
http://www.wikidata.org/entity/Q594865,http://www.wikidata.org/entity/Q8639,Hellas Vérone Football Club,32.0,2011-01-01T00:00:00Z,2012-01-01T00:00:00Z
http://www.wikidata.org/entity/Q594865,http://www.wikidata.org/entity/Q172020,équipe du Paraguay de football,1.0,2011-01-01T00:00:00Z,2011-01-01T00:00:00Z
http://www.wikidata.org/entity/Q594865,http://www.wikidata.org/entity/Q3328932,équipe du Paraguay de football des moins de 20 ans,,2003-01-01T00:00:00Z,2003-01-01T00:00:00Z
http://www.wikidata.org/entity/Q594951,http://www.wikidata.org/entity/Q19651,Yeovil Town FC,30.0,2005-01-01T00:00:00Z,2006-01-01T00:00:00Z
http://www.wikidata.org/entity/Q594951,http://www.wikidata.org/entity/Q19490,Nottingham Forest FC,,2007-01-01T00:00:00Z,
http://www.wikidata.org/entity/Q594951,http://www.wikidata.org/entity/Q18747,West Ham United FC,18.0,2003-01-01T00:00:00Z,2006-01-01T00:00:00Z
http://www.wikidata.org/entity/Q594951,http://www.wikidata.org/entity/Q19651,Yeovil Town FC,44.0,2006-01-01T00:00:00Z,2007-01-01T00:00:00Z
http://www.wikidata.org/entity/Q595599,http://www.wikidata.org/entity/Q19458,Burnley FC,2.0,2012-01-01T00:00:00Z,2015-01-01T00:00:00Z
http://www.wikidata.org/entity/Q595599,http://www.wikidata.org/entity/Q3720046,équipe de Nouvelle-Zélande de football des moins de 20 ans,,2013-01-01T00:00:00Z,
http://www.wikidata.org/entity/Q595599,http://www.wikidata.org/entity/Q510953,équipe de Nouvelle-Zélande olympique de football,6.0,2012-01-01T00:00:00Z,2012-01-01T00:00:00Z
http://www.wikidata.org/entity/Q595599,http://www.wikidata.org/entity/Q3590285,équipe de Nouvelle-Zélande de football des moins de 17 ans,7.0,2011-01-01T00:00:00Z,2011-01-01T00:00:00Z
http://www.wikidata.org/entity/Q595599,http://www.wikidata.org/entity/Q175315,équipe de Nouvelle-Zélande de football,,2012-01-01T00:00:00Z,
http://www.wikidata.org/entity/Q595599,http://www.wikidata.org/entity/Q319136,St Mirren Football Club,15.0,2015-01-01T00:00:00Z,2015-01-01T00:00:00Z
http://www.wikidata.org/entity/Q595599,http://www.wikidata.org/entity/Q19589,Doncaster Rovers Football Club,0.0,2013-01-01T00:00:00Z,2013-01-01T00:00:00Z
http://www.wikidata.org/entity/Q595800,http://www.wikidata.org/entity/Q760736,Stade lavallois,7.0,2018-01-01T00:00:00Z,2019-01-01T00:00:00Z
http://www.wikidata.org/entity/Q595800,http://www.wikidata.org/entity/Q270051,Athletic club ajaccien,54.0,2011-01-01T00:00:00Z,2013-01-01T00:00:00Z
http://www.wikidata.org/entity/Q595800,http://www.wikidata.org/entity/Q210864,Le Mans Football Club,,2007-01-01T00:00:00Z,2010-01-01T00:00:00Z
http://www.wikidata.org/entity/Q595800,http://www.wikidata.org/entity/Q210864,Le Mans Football Club,,2010-01-01T00:00:00Z,2011-01-01T00:00:00Z
http://www.wikidata.org/entity/Q595800,http://www.wikidata.org/entity/Q822021,Tours FC,,2013-01-01T00:00:00Z,
http://www.wikidata.org/entity/Q596136,http://www.wikidata.org/entity/Q642433,Club Deportivo Chivas USA,10.0,2010-01-01T00:00:00Z,2010-01-01T00:00:00Z
http://www.wikidata.org/entity/Q596136,http://www.wikidata.org/entity/Q849949,CF Atlante,106.0,2007-01-01T00:00:00Z,2011-01-01T00:00:00Z
http://www.wikidata.org/entity/Q596136,http://www.wikidata.org/entity/Q2979956,Club Nacional Táchira,21.0,2001-01-01T00:00:00Z,2002-01-01T00:00:00Z
http://www.wikidata.org/entity/Q596136,http://www.wikidata.org/entity/Q178378,Deportivo Táchira FC,,2018-01-01T00:00:00Z,
http://www.wikidata.org/entity/Q596136,http://www.wikidata.org/entity/Q127904,CD San José,,2017-01-01T00:00:00Z,2018-01-01T00:00:00Z
http://www.wikidata.org/entity/Q596136,http://www.wikidata.org/entity/Q178378,Deportivo Táchira FC,18.0,2012-01-01T00:00:00Z,2013-01-01T00:00:00Z
http://www.wikidata.org/entity/Q596136,http://www.wikidata.org/entity/Q5887994,Alebrijes de Oaxaca,,2017-01-01T00:00:00Z,2017-01-01T00:00:00Z
http://www.wikidata.org/entity/Q596136,http://www.wikidata.org/entity/Q1579411,Real España,9.0,2015-01-01T00:00:00Z,2015-01-01T00:00:00Z
http://www.wikidata.org/entity/Q596136,http://www.wikidata.org/entity/Q757472,Atlético Venezuela,,2016-01-01T00:00:00Z,2016-01-01T00:00:00Z
http://www.wikidata.org/entity/Q596136,http://www.wikidata.org/entity/Q289407,Mineros de Guayana,17.0,2012-01-01T00:00:00Z,2013-01-01T00:00:00Z
http://www.wikidata.org/entity/Q596136,http://www.wikidata.org/entity/Q980573,Club Atlético River Plate,12.0,1999-01-01T00:00:00Z,2001-01-01T00:00:00Z
http://www.wikidata.org/entity/Q596136,http://www.wikidata.org/entity/Q786500,Estudiantes de Mérida,13.0,2013-01-01T00:00:00Z,2014-01-01T00:00:00Z
http://www.wikidata.org/entity/Q596136,http://www.wikidata.org/entity/Q719722,Club Deportivo O'Higgins,32.0,2006-01-01T00:00:00Z,2007-01-01T00:00:00Z
http://www.wikidata.org/entity/Q596136,http://www.wikidata.org/entity/Q178378,Deportivo Táchira FC,23.0,2016-01-01T00:00:00Z,2017-01-01T00:00:00Z
http://www.wikidata.org/entity/Q596136,http://www.wikidata.org/entity/Q849949,CF Atlante,,2018-01-01T00:00:00Z,2018-01-01T00:00:00Z
http://www.wikidata.org/entity/Q596136,http://www.wikidata.org/entity/Q1584996,Unión Atlético Maracaibo,35.0,2003-01-01T00:00:00Z,2006-01-01T00:00:00Z
http://www.wikidata.org/entity/Q591724,http://www.wikidata.org/entity/Q191101,BATE Borisov,4.0,2026-03-01T00:00:00Z,2026-07-01T00:00:00Z
http://www.wikidata.org/entity/Q596136,http://www.wikidata.org/entity/Q12308,Xerez CD,11.0,2009-01-01T00:00:00Z,2009-01-01T00:00:00Z
http://www.wikidata.org/entity/Q596136,http://www.wikidata.org/entity/Q849949,CF Atlante,24.0,2014-01-01T00:00:00Z,2015-01-01T00:00:00Z
http://www.wikidata.org/entity/Q596136,http://www.wikidata.org/entity/Q289407,Mineros de Guayana,31.0,2002-01-01T00:00:00Z,2003-01-01T00:00:00Z
http://www.wikidata.org/entity/Q596136,http://www.wikidata.org/entity/Q178378,Deportivo Táchira FC,16.0,2013-01-01T00:00:00Z,2014-01-01T00:00:00Z
http://www.wikidata.org/entity/Q596136,http://www.wikidata.org/entity/Q1023532,Club de Fútbol Atlas,16.0,2011-01-01T00:00:00Z,2012-01-01T00:00:00Z
http://www.wikidata.org/entity/Q596136,http://www.wikidata.org/entity/Q214151,équipe du Venezuela de football,64.0,2003-01-01T00:00:00Z,2011-01-01T00:00:00Z
http://www.wikidata.org/entity/Q597705,http://www.wikidata.org/entity/Q257984,Gimnàstic,11.0,2011-01-01T00:00:00Z,2011-01-01T00:00:00Z
http://www.wikidata.org/entity/Q597705,http://www.wikidata.org/entity/Q8835,RCD Majorque,106.0,2002-01-01T00:00:00Z,2011-01-01T00:00:00Z
http://www.wikidata.org/entity/Q597705,http://www.wikidata.org/entity/Q257984,Gimnàstic,26.0,2011-01-01T00:00:00Z,2012-01-01T00:00:00Z
http://www.wikidata.org/entity/Q597705,http://www.wikidata.org/entity/Q697353,UD Salamanca,39.0,2003-01-01T00:00:00Z,2004-01-01T00:00:00Z
http://www.wikidata.org/entity/Q597705,http://www.wikidata.org/entity/Q11963,Hércules Alicante,37.0,2008-01-01T00:00:00Z,2009-01-01T00:00:00Z
http://www.wikidata.org/entity/Q597705,http://www.wikidata.org/entity/Q914169,RCD Majorque B,43.0,2001-01-01T00:00:00Z,2003-01-01T00:00:00Z
http://www.wikidata.org/entity/Q597705,http://www.wikidata.org/entity/Q2980136,Club de Fútbol Sóller,,2013-01-01T00:00:00Z,2015-01-01T00:00:00Z
http://www.wikidata.org/entity/Q597705,http://www.wikidata.org/entity/Q592241,Iraklis Thessalonique,5.0,2013-01-01T00:00:00Z,2013-01-01T00:00:00Z
http://www.wikidata.org/entity/Q598161,http://www.wikidata.org/entity/Q105853,Karlsruher SC,59.0,1994-01-01T00:00:00Z,1998-01-01T00:00:00Z
http://www.wikidata.org/entity/Q598161,http://www.wikidata.org/entity/Q314851,équipe d'Allemagne espoirs de football,13.0,1992-01-01T00:00:00Z,1994-01-01T00:00:00Z
http://www.wikidata.org/entity/Q598161,http://www.wikidata.org/entity/Q105844,DSC Arminia Bielefeld,36.0,2000-01-01T00:00:00Z,2002-01-01T00:00:00Z
http://www.wikidata.org/entity/Q598161,http://www.wikidata.org/entity/Q15786,1. FC Nuremberg,94.0,1990-01-01T00:00:00Z,1994-01-01T00:00:00Z
http://www.wikidata.org/entity/Q598161,http://www.wikidata.org/entity/Q101859,VfL Wolfsburg,14.0,1999-01-01T00:00:00Z,2000-01-01T00:00:00Z
http://www.wikidata.org/entity/Q599963,http://www.wikidata.org/entity/Q2358861,équipe d'Angleterre de football des moins de 19 ans,1.0,2011-01-01T00:00:00Z,2011-01-01T00:00:00Z
http://www.wikidata.org/entity/Q599963,http://www.wikidata.org/entity/Q18741,Tottenham Hotspur,,2012-01-01T00:00:00Z,
http://www.wikidata.org/entity/Q599963,http://www.wikidata.org/entity/Q18659,Swansea City AFC,14.0,2014-01-01T00:00:00Z,2015-01-01T00:00:00Z
http://www.wikidata.org/entity/Q599963,http://www.wikidata.org/entity/Q19595,Leyton Orient FC,12.0,2011-01-01T00:00:00Z,2011-01-01T00:00:00Z
http://www.wikidata.org/entity/Q599963,http://www.wikidata.org/entity/Q204238,équipe d'Angleterre espoirs de football,17.0,2013-01-01T00:00:00Z,2015-01-01T00:00:00Z
http://www.wikidata.org/entity/Q599963,http://www.wikidata.org/entity/Q19470,Derby County FC,12.0,2012-01-01T00:00:00Z,2012-01-01T00:00:00Z
http://www.wikidata.org/entity/Q599963,http://www.wikidata.org/entity/Q18723,QP Rangers,26.0,2013-01-01T00:00:00Z,2014-01-01T00:00:00Z
http://www.wikidata.org/entity/Q601794,http://www.wikidata.org/entity/Q19523,AS Nancy-Lorraine,2.0,2012-01-01T00:00:00Z,2012-01-01T00:00:00Z
http://www.wikidata.org/entity/Q601794,http://www.wikidata.org/entity/Q2093350,Union sportive de Gorée,,2005-01-01T00:00:00Z,2006-01-01T00:00:00Z
http://www.wikidata.org/entity/Q601794,http://www.wikidata.org/entity/Q737947,IK Start,0.0,2006-01-01T00:00:00Z,2006-01-01T00:00:00Z
http://www.wikidata.org/entity/Q601794,http://www.wikidata.org/entity/Q207441,équipe du Sénégal de football,29.0,2006-01-01T00:00:00Z,2013-01-01T00:00:00Z
http://www.wikidata.org/entity/Q601794,http://www.wikidata.org/entity/Q19521,AS Saint-Étienne,,2006-01-01T00:00:00Z,
http://www.wikidata.org/entity/Q601797,http://www.wikidata.org/entity/Q922698,équipe d'Italie espoirs de football,7.0,2009-01-01T00:00:00Z,2010-01-01T00:00:00Z
http://www.wikidata.org/entity/Q601797,http://www.wikidata.org/entity/Q2114224,F.C. Trapani 1905,,2014-01-01T00:00:00Z,
http://www.wikidata.org/entity/Q601797,http://www.wikidata.org/entity/Q1457,UC Sampdoria,3.0,2013-01-01T00:00:00Z,2013-01-01T00:00:00Z
http://www.wikidata.org/entity/Q601797,http://www.wikidata.org/entity/Q1349814,Ravenne Calcio,22.0,2007-01-01T00:00:00Z,2008-01-01T00:00:00Z
http://www.wikidata.org/entity/Q601797,http://www.wikidata.org/entity/Q3873548,équipe d'Italie de football des moins de 20 ans,2.0,2008-01-01T00:00:00Z,2008-01-01T00:00:00Z
http://www.wikidata.org/entity/Q601797,http://www.wikidata.org/entity/Q2266580,équipe d'Italie de football des moins de 19 ans,2.0,2006-01-01T00:00:00Z,2006-01-01T00:00:00Z
http://www.wikidata.org/entity/Q601797,http://www.wikidata.org/entity/Q8476,Reggina 1914,192.0,2005-01-01T00:00:00Z,2014-01-01T00:00:00Z
http://www.wikidata.org/entity/Q602673,http://www.wikidata.org/entity/Q24904,ADO La Haye,8.0,2004-01-01T00:00:00Z,2004-01-01T00:00:00Z
http://www.wikidata.org/entity/Q602673,http://www.wikidata.org/entity/Q24904,ADO La Haye,,2003-01-01T00:00:00Z,2004-01-01T00:00:00Z
http://www.wikidata.org/entity/Q602673,http://www.wikidata.org/entity/Q249662,Nagoya Grampus,87.0,1998-01-01T00:00:00Z,2002-01-01T00:00:00Z
http://www.wikidata.org/entity/Q602673,http://www.wikidata.org/entity/Q586787,Consadole Sapporo,13.0,2003-01-01T00:00:00Z,2003-01-01T00:00:00Z
http://www.wikidata.org/entity/Q602673,http://www.wikidata.org/entity/Q608988,CS Sedan Ardennes,22.0,2002-01-01T00:00:00Z,2003-01-01T00:00:00Z
http://www.wikidata.org/entity/Q602673,http://www.wikidata.org/entity/Q81888,Ajax Amsterdam,17.0,1992-01-01T00:00:00Z,1995-01-01T00:00:00Z
http://www.wikidata.org/entity/Q602673,http://www.wikidata.org/entity/Q10329,Sevilla Fútbol Club,44.0,1995-01-01T00:00:00Z,1998-01-01T00:00:00Z
http://www.wikidata.org/entity/Q602869,http://www.wikidata.org/entity/Q10308,Real Saragosse,383.0,1990-01-01T00:00:00Z,2003-01-01T00:00:00Z
http://www.wikidata.org/entity/Q602869,http://www.wikidata.org/entity/Q12260,CE Sabadell,50.0,1988-01-01T00:00:00Z,1990-01-01T00:00:00Z
http://www.wikidata.org/entity/Q602920,http://www.wikidata.org/entity/Q3873544,équipe du Danemark de football des moins de 20 ans,1.0,2006-01-01T00:00:00Z,2006-01-01T00:00:00Z
http://www.wikidata.org/entity/Q602920,http://www.wikidata.org/entity/Q618520,FC Midtjylland,99.0,2005-01-01T00:00:00Z,2010-01-01T00:00:00Z
http://www.wikidata.org/entity/Q602920,http://www.wikidata.org/entity/Q131785,équipe du Danemark de football,4.0,2009-01-01T00:00:00Z,2010-01-01T00:00:00Z
http://www.wikidata.org/entity/Q602920,http://www.wikidata.org/entity/Q3873525,équipe du Danemark de football des moins de 19 ans,7.0,2004-01-01T00:00:00Z,2005-01-01T00:00:00Z
http://www.wikidata.org/entity/Q602920,http://www.wikidata.org/entity/Q8466,1. FC Kaiserslautern,54.0,2010-01-01T00:00:00Z,2015-01-01T00:00:00Z
http://www.wikidata.org/entity/Q602920,http://www.wikidata.org/entity/Q170117,FC Ingolstadt 04,14.0,2013-01-01T00:00:00Z,2015-01-01T00:00:00Z
http://www.wikidata.org/entity/Q602920,http://www.wikidata.org/entity/Q1270152,équipe du Danemark espoirs de football,7.0,2006-01-01T00:00:00Z,2008-01-01T00:00:00Z
http://www.wikidata.org/entity/Q602920,http://www.wikidata.org/entity/Q389879,Esbjerg fB,,2015-07-10T00:00:00Z,2017-01-01T00:00:00Z
http://www.wikidata.org/entity/Q603722,http://www.wikidata.org/entity/Q141931,SG Dynamo Dresde,5.0,2012-01-01T00:00:00Z,2014-01-01T00:00:00Z
http://www.wikidata.org/entity/Q603722,http://www.wikidata.org/entity/Q324854,équipe d'Allemagne de football des moins de 19 ans,2.0,2010-01-01T00:00:00Z,2010-01-01T00:00:00Z
http://www.wikidata.org/entity/Q603722,http://www.wikidata.org/entity/Q316497,équipe d'Allemagne de football des moins de 20 ans,1.0,2011-01-01T00:00:00Z,2011-01-01T00:00:00Z
http://www.wikidata.org/entity/Q603722,http://www.wikidata.org/entity/Q105853,Karlsruher SC,,2015-01-01T00:00:00Z,
http://www.wikidata.org/entity/Q603722,http://www.wikidata.org/entity/Q101859,VfL Wolfsburg,32.0,2010-01-01T00:00:00Z,2015-01-01T00:00:00Z
http://www.wikidata.org/entity/Q603722,http://www.wikidata.org/entity/Q2016992,équipe d'Allemagne de football des moins de 18 ans,1.0,2009-01-01T00:00:00Z,2010-01-01T00:00:00Z
http://www.wikidata.org/entity/Q603722,http://www.wikidata.org/entity/Q324854,équipe d'Allemagne de football des moins de 19 ans,2.0,2010-01-01T00:00:00Z,2011-01-01T00:00:00Z
http://www.wikidata.org/entity/Q604190,http://www.wikidata.org/entity/Q2356290,équipe d'Espagne de football des moins de 20 ans,5.0,1989-01-01T00:00:00Z,1990-01-01T00:00:00Z
http://www.wikidata.org/entity/Q604190,http://www.wikidata.org/entity/Q576285,Albacete Balompié,36.0,1992-01-01T00:00:00Z,1993-01-01T00:00:00Z
http://www.wikidata.org/entity/Q604190,http://www.wikidata.org/entity/Q3589784,équipe d'Espagne de football des moins de 18 ans,8.0,1987-01-01T00:00:00Z,1988-01-01T00:00:00Z
http://www.wikidata.org/entity/Q604190,http://www.wikidata.org/entity/Q2713491,équipe d'Espagne de football des moins de 19 ans,3.0,1988-01-01T00:00:00Z,1989-01-01T00:00:00Z
http://www.wikidata.org/entity/Q604190,http://www.wikidata.org/entity/Q697353,UD Salamanca,34.0,2000-01-01T00:00:00Z,2001-01-01T00:00:00Z
http://www.wikidata.org/entity/Q604190,http://www.wikidata.org/entity/Q257984,Gimnàstic,196.0,2001-01-01T00:00:00Z,2008-01-01T00:00:00Z
http://www.wikidata.org/entity/Q604190,http://www.wikidata.org/entity/Q1129595,équipe d'Espagne espoirs de football,5.0,1990-01-01T00:00:00Z,1991-01-01T00:00:00Z
http://www.wikidata.org/entity/Q604190,http://www.wikidata.org/entity/Q7156,FC Barcelone,8.0,1990-01-01T00:00:00Z,1993-01-01T00:00:00Z
http://www.wikidata.org/entity/Q604190,http://www.wikidata.org/entity/Q216661,Club Deportivo Tenerife,184.0,1993-01-01T00:00:00Z,2000-01-01T00:00:00Z
http://www.wikidata.org/entity/Q604190,http://www.wikidata.org/entity/Q2637337,équipe d'Espagne de football des moins de 23 ans,8.0,1991-01-01T00:00:00Z,1992-01-01T00:00:00Z
http://www.wikidata.org/entity/Q604190,http://www.wikidata.org/entity/Q3873503,équipe d'Espagne de football des moins de 16 ans,5.0,1987-01-01T00:00:00Z,1987-01-01T00:00:00Z
http://www.wikidata.org/entity/Q604190,http://www.wikidata.org/entity/Q10467,FC Barcelone B,90.0,1988-01-01T00:00:00Z,1991-01-01T00:00:00Z
http://www.wikidata.org/entity/Q604190,http://www.wikidata.org/entity/Q8835,RCD Majorque,21.0,1991-01-01T00:00:00Z,1992-01-01T00:00:00Z
http://www.wikidata.org/entity/Q604190,http://www.wikidata.org/entity/Q2310295,équipe d'Espagne de football des moins de 17 ans,1.0,1987-01-01T00:00:00Z,1987-01-01T00:00:00Z
http://www.wikidata.org/entity/Q604740,http://www.wikidata.org/entity/Q584629,FC Universitatea Craiova,25.0,2001-01-01T00:00:00Z,2002-01-01T00:00:00Z
http://www.wikidata.org/entity/Q604740,http://www.wikidata.org/entity/Q646204,JEF United Ichihara Chiba,4.0,2000-01-01T00:00:00Z,2000-01-01T00:00:00Z
http://www.wikidata.org/entity/Q604740,http://www.wikidata.org/entity/Q814738,Beijing Guoan,15.0,2008-01-01T00:00:00Z,2008-01-01T00:00:00Z
http://www.wikidata.org/entity/Q604740,http://www.wikidata.org/entity/Q249612,Club Sport Emelec,6.0,1998-01-01T00:00:00Z,1999-01-01T00:00:00Z
http://www.wikidata.org/entity/Q604740,http://www.wikidata.org/entity/Q107818,FC Energie Cottbus,40.0,2007-01-01T00:00:00Z,2010-01-01T00:00:00Z
http://www.wikidata.org/entity/Q604740,http://www.wikidata.org/entity/Q1061696,Ventforet Kōfu,16.0,2000-01-01T00:00:00Z,2000-01-01T00:00:00Z
http://www.wikidata.org/entity/Q604740,http://www.wikidata.org/entity/Q245162,Rapid Bucarest,10.0,2011-01-01T00:00:00Z,2012-01-01T00:00:00Z
http://www.wikidata.org/entity/Q604740,http://www.wikidata.org/entity/Q1195647,FC Progresul Bucarest,39.0,2005-01-01T00:00:00Z,2007-01-01T00:00:00Z
http://www.wikidata.org/entity/Q604740,http://www.wikidata.org/entity/Q204237,FC Dinamo Bucarest,46.0,2002-01-01T00:00:00Z,2005-01-01T00:00:00Z
http://www.wikidata.org/entity/Q604740,http://www.wikidata.org/entity/Q723542,FC Politehnica Timișoara,20.0,2010-01-01T00:00:00Z,2011-01-01T00:00:00Z
http://www.wikidata.org/entity/Q604740,http://www.wikidata.org/entity/Q2175909,équipe de Roumanie espoirs de football,4.0,2001-01-01T00:00:00Z,2001-01-01T00:00:00Z
http://www.wikidata.org/entity/Q605904,http://www.wikidata.org/entity/Q666067,Sportfreunde Lotte,12.0,2014-01-01T00:00:00Z,2015-01-01T00:00:00Z
http://www.wikidata.org/entity/Q605904,http://www.wikidata.org/entity/Q157828,SV Holstein Kiel,42.0,2005-01-01T00:00:00Z,2007-01-01T00:00:00Z
http://www.wikidata.org/entity/Q605904,http://www.wikidata.org/entity/Q666067,Sportfreunde Lotte,73.0,2011-01-01T00:00:00Z,2014-01-01T00:00:00Z
http://www.wikidata.org/entity/Q605904,http://www.wikidata.org/entity/Q4107588,SV Werder Bremen II,19.0,2010-01-01T00:00:00Z,2011-01-01T00:00:00Z
http://www.wikidata.org/entity/Q605904,http://www.wikidata.org/entity/Q105844,DSC Arminia Bielefeld,24.0,2003-01-01T00:00:00Z,2005-01-01T00:00:00Z
http://www.wikidata.org/entity/Q605904,http://www.wikidata.org/entity/Q160530,VfL Osnabrück,60.0,2007-01-01T00:00:00Z,2010-01-01T00:00:00Z
http://www.wikidata.org/entity/Q607360,http://www.wikidata.org/entity/Q1132418,FC Martigues,,2014-01-01T00:00:00Z,
http://www.wikidata.org/entity/Q607360,http://www.wikidata.org/entity/Q1132418,FC Martigues,,1998-01-01T00:00:00Z,2000-01-01T00:00:00Z
http://www.wikidata.org/entity/Q614199,http://www.wikidata.org/entity/Q926438,Gil Vicente FC,31.0,2001-01-01T00:00:00Z,2002-01-01T00:00:00Z
http://www.wikidata.org/entity/Q614199,http://www.wikidata.org/entity/Q19521,AS Saint-Étienne,,1996-01-01T00:00:00Z,1998-01-01T00:00:00Z
http://www.wikidata.org/entity/Q614199,http://www.wikidata.org/entity/Q211401,União Desportiva de Leiria,66.0,2002-01-01T00:00:00Z,2004-01-01T00:00:00Z
http://www.wikidata.org/entity/Q614199,http://www.wikidata.org/entity/Q48947,Plymouth Argyle FC,2.0,2009-01-01T00:00:00Z,2009-01-01T00:00:00Z
http://www.wikidata.org/entity/Q614199,http://www.wikidata.org/entity/Q757320,PAE Astéras Trípolis,12.0,2008-01-01T00:00:00Z,2009-01-01T00:00:00Z
http://www.wikidata.org/entity/Q614199,http://www.wikidata.org/entity/Q48947,Plymouth Argyle FC,,2009-01-01T00:00:00Z,2010-01-01T00:00:00Z
http://www.wikidata.org/entity/Q614199,http://www.wikidata.org/entity/Q219703,Boavista FC,40.0,1998-01-01T00:00:00Z,2000-01-01T00:00:00Z
http://www.wikidata.org/entity/Q614199,http://www.wikidata.org/entity/Q19604,Portsmouth FC,7.0,2006-01-01T00:00:00Z,2007-01-01T00:00:00Z
http://www.wikidata.org/entity/Q614199,http://www.wikidata.org/entity/Q1023163,CD Aves,28.0,2000-01-01T00:00:00Z,2001-01-01T00:00:00Z
http://www.wikidata.org/entity/Q614199,http://www.wikidata.org/entity/Q75729,Sporting Clube de Portugal,47.0,2004-01-01T00:00:00Z,2007-01-01T00:00:00Z
http://www.wikidata.org/entity/Q614199,http://www.wikidata.org/entity/Q175309,équipe du Cameroun de football,17.0,2004-01-01T00:00:00Z,2009-01-01T00:00:00Z
http://www.wikidata.org/entity/Q614199,http://www.wikidata.org/entity/Q757320,PAE Astéras Trípolis,12.0,2008-01-01T00:00:00Z,2008-01-01T00:00:00Z
http://www.wikidata.org/entity/Q614199,http://www.wikidata.org/entity/Q19521,AS Saint-Étienne,12.0,2007-01-01T00:00:00Z,2008-01-01T00:00:00Z
http://www.wikidata.org/entity/Q614199,http://www.wikidata.org/entity/Q725018,Lierse SK,11.0,2010-01-01T00:00:00Z,2011-01-01T00:00:00Z
http://www.wikidata.org/entity/Q614470,http://www.wikidata.org/entity/Q192641,Trabzonspor,33.0,2006-01-01T00:00:00Z,2007-01-01T00:00:00Z
http://www.wikidata.org/entity/Q614470,http://www.wikidata.org/entity/Q495299,Galatasaray SK,0.0,1995-01-01T00:00:00Z,1996-01-01T00:00:00Z
http://www.wikidata.org/entity/Q614470,http://www.wikidata.org/entity/Q6601875,Fenerbahçe Istanbul,60.0,2001-01-01T00:00:00Z,2005-01-01T00:00:00Z
http://www.wikidata.org/entity/Q614470,http://www.wikidata.org/entity/Q8835,RCD Majorque,5.0,2001-01-01T00:00:00Z,2001-01-01T00:00:00Z
http://www.wikidata.org/entity/Q614470,http://www.wikidata.org/entity/Q138230,Kasımpaşa SK,36.0,2007-01-01T00:00:00Z,2010-01-01T00:00:00Z
http://www.wikidata.org/entity/Q614470,http://www.wikidata.org/entity/Q483856,équipe de Turquie de football,64.0,1997-01-01T00:00:00Z,2004-01-01T00:00:00Z
http://www.wikidata.org/entity/Q614470,http://www.wikidata.org/entity/Q1347927,Tepecik B.S.,1.0,2010-01-01T00:00:00Z,2010-01-01T00:00:00Z
http://www.wikidata.org/entity/Q614470,http://www.wikidata.org/entity/Q105861,VfL Bochum,1.0,2005-01-01T00:00:00Z,2005-01-01T00:00:00Z
http://www.wikidata.org/entity/Q614470,http://www.wikidata.org/entity/Q204888,PAOK Salonique,16.0,2005-01-01T00:00:00Z,2006-01-01T00:00:00Z
http://www.wikidata.org/entity/Q614470,http://www.wikidata.org/entity/Q804557,Bakirköyspor,29.0,1996-01-01T00:00:00Z,1997-01-01T00:00:00Z
http://www.wikidata.org/entity/Q614470,http://www.wikidata.org/entity/Q641373,Gençlerbirliği SK,0.0,2007-01-01T00:00:00Z,2007-01-01T00:00:00Z
http://www.wikidata.org/entity/Q614470,http://www.wikidata.org/entity/Q1624749,équipe de Turquie espoirs de football,1.0,1996-01-01T00:00:00Z,1997-01-01T00:00:00Z
http://www.wikidata.org/entity/Q614470,http://www.wikidata.org/entity/Q513237,Kocaelispor,0.0,2009-01-01T00:00:00Z,2009-01-01T00:00:00Z
http://www.wikidata.org/entity/Q614470,http://www.wikidata.org/entity/Q492826,MKE Ankaragücü,0.0,2007-01-01T00:00:00Z,2007-01-01T00:00:00Z
http://www.wikidata.org/entity/Q614470,http://www.wikidata.org/entity/Q495299,Galatasaray SK,105.0,1997-01-01T00:00:00Z,2001-01-01T00:00:00Z
http://www.wikidata.org/entity/Q615786,http://www.wikidata.org/entity/Q1672798,équipe d'Irlande espoirs de football,3.0,2010-01-01T00:00:00Z,2012-01-01T00:00:00Z
http://www.wikidata.org/entity/Q615786,http://www.wikidata.org/entity/Q18662,Cardiff City F.C.,97.0,2011-01-01T00:00:00Z,2016-01-01T00:00:00Z
http://www.wikidata.org/entity/Q615786,http://www.wikidata.org/entity/Q19451,Bolton Wanderers FC,8.0,2014-01-01T00:00:00Z,2014-01-01T00:00:00Z
http://www.wikidata.org/entity/Q615786,http://www.wikidata.org/entity/Q48947,Plymouth Argyle FC,53.0,2009-01-01T00:00:00Z,2011-01-01T00:00:00Z
http://www.wikidata.org/entity/Q615786,http://www.wikidata.org/entity/Q16841704,équipe d'Irlande de football des moins de 20 ans,6.0,2009-01-01T00:00:00Z,2010-01-01T00:00:00Z
http://www.wikidata.org/entity/Q615786,http://www.wikidata.org/entity/Q19451,Bolton Wanderers FC,12.0,2014-01-01T00:00:00Z,2015-01-01T00:00:00Z
http://www.wikidata.org/entity/Q615786,http://www.wikidata.org/entity/Q19500,Wolverhampton Wanderers F.C.,,2016-01-01T00:00:00Z,
http://www.wikidata.org/entity/Q615786,http://www.wikidata.org/entity/Q19451,Bolton Wanderers FC,8.0,2013-01-01T00:00:00Z,2014-01-01T00:00:00Z
http://www.wikidata.org/entity/Q615853,http://www.wikidata.org/entity/Q4709058,équipe d'Albanie de football des moins de 19 ans,3.0,2009-01-01T00:00:00Z,2009-01-01T00:00:00Z
http://www.wikidata.org/entity/Q615853,http://www.wikidata.org/entity/Q30115890,KF Teuta,9.0,2019-01-01T00:00:00Z,2019-07-01T00:00:00Z
http://www.wikidata.org/entity/Q615853,http://www.wikidata.org/entity/Q8455,FC Pro Verceil 1892,22.0,2016-07-01T00:00:00Z,2018-01-01T00:00:00Z
http://www.wikidata.org/entity/Q615853,http://www.wikidata.org/entity/Q186262,équipe d'Albanie de football,,2011-01-01T00:00:00Z,
http://www.wikidata.org/entity/Q615853,http://www.wikidata.org/entity/Q279043,équipe d'Albanie espoirs de football,10.0,2010-01-01T00:00:00Z,2012-01-01T00:00:00Z
http://www.wikidata.org/entity/Q615853,http://www.wikidata.org/entity/Q270420,PFC Litex Lovetch,86.0,2012-01-01T00:00:00Z,2014-01-01T00:00:00Z
http://www.wikidata.org/entity/Q615853,http://www.wikidata.org/entity/Q2037,Associazione Calcio ChievoVerona,0.0,2015-02-01T00:00:00Z,2016-07-01T00:00:00Z
http://www.wikidata.org/entity/Q615853,http://www.wikidata.org/entity/Q6767,US Livourne 1915,22.0,2015-08-01T00:00:00Z,2016-07-01T00:00:00Z
http://www.wikidata.org/entity/Q615853,http://www.wikidata.org/entity/Q1322550,FC Petrolul Ploiești,34.0,2020-01-01T00:00:00Z,2022-01-01T00:00:00Z
http://www.wikidata.org/entity/Q615853,http://www.wikidata.org/entity/Q298217,US Avellino,9.0,2018-01-01T00:00:00Z,2018-07-01T00:00:00Z
http://www.wikidata.org/entity/Q615853,http://www.wikidata.org/entity/Q81566,KS Vllaznia Shkodër,56.0,2009-01-01T00:00:00Z,2012-01-01T00:00:00Z
http://www.wikidata.org/entity/Q616045,http://www.wikidata.org/entity/Q18526,Stockport County FC,4.0,2007-01-01T00:00:00Z,2007-01-01T00:00:00Z
http://www.wikidata.org/entity/Q616045,http://www.wikidata.org/entity/Q19446,Blackburn Rovers FC,12.0,2005-01-01T00:00:00Z,2010-01-01T00:00:00Z
http://www.wikidata.org/entity/Q616045,http://www.wikidata.org/entity/Q18526,Stockport County FC,4.0,2006-01-01T00:00:00Z,2006-01-01T00:00:00Z
http://www.wikidata.org/entity/Q616045,http://www.wikidata.org/entity/Q394452,St. Patrick's Athletic FC,,2016-01-01T00:00:00Z,
http://www.wikidata.org/entity/Q616045,http://www.wikidata.org/entity/Q23930872,équipe d'Irlande de football des moins de 18 ans,1.0,2006-01-01T00:00:00Z,2006-01-01T00:00:00Z
http://www.wikidata.org/entity/Q616045,http://www.wikidata.org/entity/Q1672798,équipe d'Irlande espoirs de football,4.0,2008-01-01T00:00:00Z,2010-01-01T00:00:00Z
http://www.wikidata.org/entity/Q616045,http://www.wikidata.org/entity/Q761498,Drogheda United FC,8.0,2015-01-01T00:00:00Z,2015-01-01T00:00:00Z
http://www.wikidata.org/entity/Q616045,http://www.wikidata.org/entity/Q19607,Sheffield United FC,16.0,2009-01-01T00:00:00Z,2009-01-01T00:00:00Z
http://www.wikidata.org/entity/Q616045,http://www.wikidata.org/entity/Q16841704,équipe d'Irlande de football des moins de 20 ans,13.0,2005-01-01T00:00:00Z,2007-01-01T00:00:00Z
http://www.wikidata.org/entity/Q616045,http://www.wikidata.org/entity/Q163547,équipe de république d'Irlande de football,6.0,2010-01-01T00:00:00Z,2011-01-01T00:00:00Z
http://www.wikidata.org/entity/Q616045,http://www.wikidata.org/entity/Q19458,Burnley FC,66.0,2011-01-01T00:00:00Z,2014-01-01T00:00:00Z
http://www.wikidata.org/entity/Q616045,http://www.wikidata.org/entity/Q19442,Barnsley Football Club,12.0,2014-01-01T00:00:00Z,2015-01-01T00:00:00Z
http://www.wikidata.org/entity/Q616045,http://www.wikidata.org/entity/Q19612,Preston North End FC,55.0,2010-01-01T00:00:00Z,2011-01-01T00:00:00Z
http://www.wikidata.org/entity/Q616045,http://www.wikidata.org/entity/Q3590338,équipe d'Irlande de football des moins de 17 ans,5.0,2004-01-01T00:00:00Z,2005-01-01T00:00:00Z
http://www.wikidata.org/entity/Q616045,http://www.wikidata.org/entity/Q19498,Sheffield Wednesday FC,7.0,2012-01-01T00:00:00Z,2012-01-01T00:00:00Z
http://www.wikidata.org/entity/Q617508,http://www.wikidata.org/entity/Q14229572,Jong FC Twente,25.0,2012-01-01T00:00:00Z,2013-01-01T00:00:00Z
http://www.wikidata.org/entity/Q617508,http://www.wikidata.org/entity/Q2016992,équipe d'Allemagne de football des moins de 18 ans,2.0,2012-01-01T00:00:00Z,2012-01-01T00:00:00Z
http://www.wikidata.org/entity/Q617508,http://www.wikidata.org/entity/Q695008,FC Viktoria Cologne 1904,13.0,2014-01-01T00:00:00Z,2014-01-01T00:00:00Z
http://www.wikidata.org/entity/Q617508,http://www.wikidata.org/entity/Q1202759,équipe d'Allemagne de football des moins de 16 ans,8.0,2009-01-01T00:00:00Z,2010-01-01T00:00:00Z
http://www.wikidata.org/entity/Q617508,http://www.wikidata.org/entity/Q819400,SV Meppen,,2015-01-01T00:00:00Z,
http://www.wikidata.org/entity/Q617508,http://www.wikidata.org/entity/Q920263,Hertha Berliner Sport-Club II,,2014-01-01T00:00:00Z,
http://www.wikidata.org/entity/Q617508,http://www.wikidata.org/entity/Q2016992,équipe d'Allemagne de football des moins de 18 ans,2.0,2011-01-01T00:00:00Z,2012-01-01T00:00:00Z
http://www.wikidata.org/entity/Q617508,http://www.wikidata.org/entity/Q319699,équipe d'Allemagne des moins de 17 ans de football,8.0,2010-01-01T00:00:00Z,2011-01-01T00:00:00Z
http://www.wikidata.org/entity/Q617508,http://www.wikidata.org/entity/Q19603,FC Twente,1.0,2012-01-01T00:00:00Z,2014-01-01T00:00:00Z
http://www.wikidata.org/entity/Q617508,http://www.wikidata.org/entity/Q102720,Hertha BSC,22.0,2014-01-01T00:00:00Z,2015-01-01T00:00:00Z
http://www.wikidata.org/entity/Q620549,http://www.wikidata.org/entity/Q3873545,équipe de Norvège de football des moins de 20 ans,4.0,1996-01-01T00:00:00Z,1997-01-01T00:00:00Z
http://www.wikidata.org/entity/Q620549,http://www.wikidata.org/entity/Q121599275,équipe de Norvège de football des moins de 15 ans,8.0,1993-01-01T00:00:00Z,1993-01-01T00:00:00Z
http://www.wikidata.org/entity/Q620549,http://www.wikidata.org/entity/Q2446294,équipe de Norvège espoirs de football,14.0,1996-01-01T00:00:00Z,1999-01-01T00:00:00Z
http://www.wikidata.org/entity/Q620549,http://www.wikidata.org/entity/Q184387,équipe de Norvège de football,25.0,2004-01-01T00:00:00Z,2010-01-01T00:00:00Z
http://www.wikidata.org/entity/Q620549,http://www.wikidata.org/entity/Q995313,Bryne FK,24.0,1995-01-01T00:00:00Z,1996-01-01T00:00:00Z
http://www.wikidata.org/entity/Q620549,http://www.wikidata.org/entity/Q217233,Stabæk Fotball,76.0,2007-01-01T00:00:00Z,2010-01-01T00:00:00Z
http://www.wikidata.org/entity/Q620549,http://www.wikidata.org/entity/Q3590274,équipe de Norvège de football des moins de 17 ans,9.0,1994-01-01T00:00:00Z,1995-01-01T00:00:00Z
http://www.wikidata.org/entity/Q620549,http://www.wikidata.org/entity/Q8466,1. FC Kaiserslautern,9.0,2006-01-01T00:00:00Z,2006-01-01T00:00:00Z
http://www.wikidata.org/entity/Q620549,http://www.wikidata.org/entity/Q837205,Kongsvinger IL,45.0,1997-01-01T00:00:00Z,1998-01-01T00:00:00Z
http://www.wikidata.org/entity/Q620549,http://www.wikidata.org/entity/Q217233,Stabæk Fotball,23.0,2014-01-01T00:00:00Z,2014-01-01T00:00:00Z
http://www.wikidata.org/entity/Q620549,http://www.wikidata.org/entity/Q11992086,Norway national under-23 association football team,1.0,1998-01-01T00:00:00Z,1998-01-01T00:00:00Z
http://www.wikidata.org/entity/Q620549,http://www.wikidata.org/entity/Q3873512,équipe de Norvège de football des moins de 18 ans,4.0,1996-01-01T00:00:00Z,1996-01-01T00:00:00Z
http://www.wikidata.org/entity/Q620549,http://www.wikidata.org/entity/Q186785,Rosenborg Ballklub,37.0,2011-01-01T00:00:00Z,2013-01-01T00:00:00Z
http://www.wikidata.org/entity/Q620549,http://www.wikidata.org/entity/Q204881,Malmö FF,90.0,2003-01-01T00:00:00Z,2007-01-01T00:00:00Z
http://www.wikidata.org/entity/Q620549,http://www.wikidata.org/entity/Q201567,IFK Göteborg,92.0,1999-01-01T00:00:00Z,2002-01-01T00:00:00Z
http://www.wikidata.org/entity/Q620549,http://www.wikidata.org/entity/Q3873500,équipe de Norvège de football des moins de 16 ans,5.0,1994-01-01T00:00:00Z,1994-01-01T00:00:00Z
http://www.wikidata.org/entity/Q621525,http://www.wikidata.org/entity/Q48946,Oxford United Football Club,,2015-01-01T00:00:00Z,
http://www.wikidata.org/entity/Q621525,http://www.wikidata.org/entity/Q48929,Burton Albion Football Club,56.0,2013-01-01T00:00:00Z,2015-01-01T00:00:00Z
http://www.wikidata.org/entity/Q621525,http://www.wikidata.org/entity/Q219241,Falkirk Football Club,11.0,2009-01-01T00:00:00Z,2009-01-01T00:00:00Z
http://www.wikidata.org/entity/Q621525,http://www.wikidata.org/entity/Q48929,Burton Albion Football Club,15.0,2013-01-01T00:00:00Z,2013-01-01T00:00:00Z
http://www.wikidata.org/entity/Q621525,http://www.wikidata.org/entity/Q48947,Plymouth Argyle FC,18.0,2012-01-01T00:00:00Z,2012-01-01T00:00:00Z
http://www.wikidata.org/entity/Q621525,http://www.wikidata.org/entity/Q309059,Inverness Caledonian Thistle Football Club,10.0,2011-01-01T00:00:00Z,2011-01-01T00:00:00Z
http://www.wikidata.org/entity/Q621525,http://www.wikidata.org/entity/Q4140015,équipe d'Écosse de football des moins de 19 ans,8.0,2008-01-01T00:00:00Z,2009-01-01T00:00:00Z
http://www.wikidata.org/entity/Q621525,http://www.wikidata.org/entity/Q1812121,équipe d'Écosse espoirs de football,6.0,2010-01-01T00:00:00Z,2012-01-01T00:00:00Z
http://www.wikidata.org/entity/Q621525,http://www.wikidata.org/entity/Q19458,Burnley FC,11.0,2008-01-01T00:00:00Z,2013-01-01T00:00:00Z
http://www.wikidata.org/entity/Q622987,http://www.wikidata.org/entity/Q2713491,équipe d'Espagne de football des moins de 19 ans,3.0,1991-01-01T00:00:00Z,1991-01-01T00:00:00Z
http://www.wikidata.org/entity/Q622987,http://www.wikidata.org/entity/Q10308,Real Saragosse,122.0,1998-01-01T00:00:00Z,2004-01-01T00:00:00Z
http://www.wikidata.org/entity/Q520587,http://www.wikidata.org/entity/Q631,FC Internazionale Milano,0.0,1995-01-01T00:00:00Z,1996-01-01T00:00:00Z
http://www.wikidata.org/entity/Q520587,http://www.wikidata.org/entity/Q922698,équipe d'Italie espoirs de football,8.0,1998-01-01T00:00:00Z,2000-01-01T00:00:00Z
http://www.wikidata.org/entity/Q520774,http://www.wikidata.org/entity/Q170157,Wuppertaler SV Borussia,,1992-01-01T00:00:00Z,1996-01-01T00:00:00Z
http://www.wikidata.org/entity/Q520774,http://www.wikidata.org/entity/Q107818,FC Energie Cottbus,26.0,2001-01-01T00:00:00Z,2003-01-01T00:00:00Z
http://www.wikidata.org/entity/Q520774,http://www.wikidata.org/entity/Q153535,Alemannia Aix-la-Chapelle,62.0,1997-01-01T00:00:00Z,2001-01-01T00:00:00Z
http://www.wikidata.org/entity/Q520774,http://www.wikidata.org/entity/Q131603,TSV Munich 1860,3.0,2003-01-01T00:00:00Z,2004-01-01T00:00:00Z
http://www.wikidata.org/entity/Q520774,http://www.wikidata.org/entity/Q101859,VfL Wolfsburg,18.0,2004-01-01T00:00:00Z,2012-01-01T00:00:00Z
http://www.wikidata.org/entity/Q520909,http://www.wikidata.org/entity/Q2701714,équipe de France de football des moins de 19 ans,17.0,2006-01-01T00:00:00Z,2008-01-01T00:00:00Z
http://www.wikidata.org/entity/Q520909,http://www.wikidata.org/entity/Q18711,Aston Villa FC,,2015-01-01T00:00:00Z,
http://www.wikidata.org/entity/Q520909,http://www.wikidata.org/entity/Q19446,Blackburn Rovers FC,6.0,2013-01-01T00:00:00Z,2014-01-01T00:00:00Z
http://www.wikidata.org/entity/Q520909,http://www.wikidata.org/entity/Q221525,FC Metz,28.0,2007-01-01T00:00:00Z,2011-01-01T00:00:00Z
http://www.wikidata.org/entity/Q520909,http://www.wikidata.org/entity/Q19446,Blackburn Rovers FC,66.0,2014-01-01T00:00:00Z,2015-01-01T00:00:00Z
http://www.wikidata.org/entity/Q520909,http://www.wikidata.org/entity/Q18662,Cardiff City F.C.,55.0,2011-01-01T00:00:00Z,2014-01-01T00:00:00Z
http://www.wikidata.org/entity/Q520909,http://www.wikidata.org/entity/Q239535,équipe du Bénin de football,,2013-01-01T00:00:00Z,
http://www.wikidata.org/entity/Q520909,http://www.wikidata.org/entity/Q298267,AS Cannes,22.0,2009-01-01T00:00:00Z,2010-01-01T00:00:00Z
http://www.wikidata.org/entity/Q520972,http://www.wikidata.org/entity/Q80958,Botafogo FR,22.0,2009-01-01T00:00:00Z,2009-01-01T00:00:00Z
http://www.wikidata.org/entity/Q520972,http://www.wikidata.org/entity/Q646079,K Beerschot AC,,2005-01-01T00:00:00Z,2005-01-01T00:00:00Z
http://www.wikidata.org/entity/Q520972,http://www.wikidata.org/entity/Q375697,Sociedade Esportiva do Gama,,2006-01-01T00:00:00Z,2006-01-01T00:00:00Z
http://www.wikidata.org/entity/Q520972,http://www.wikidata.org/entity/Q80958,Botafogo FR,15.0,2009-01-01T00:00:00Z,2010-01-01T00:00:00Z
http://www.wikidata.org/entity/Q520972,http://www.wikidata.org/entity/Q2453706,Sampaio Corrêa Futebol Clube,,2006-01-01T00:00:00Z,2006-01-01T00:00:00Z
http://www.wikidata.org/entity/Q520972,http://www.wikidata.org/entity/Q274465,Esporte Clube Vitória,1.0,2013-01-01T00:00:00Z,2013-01-01T00:00:00Z
http://www.wikidata.org/entity/Q520972,http://www.wikidata.org/entity/Q80987,Fluminense FC,4.0,2010-01-01T00:00:00Z,2010-01-01T00:00:00Z
http://www.wikidata.org/entity/Q520972,http://www.wikidata.org/entity/Q221695,Gremio Foot-Ball Porto Alegrense,48.0,2010-01-01T00:00:00Z,2010-01-01T00:00:00Z
http://www.wikidata.org/entity/Q520972,http://www.wikidata.org/entity/Q5014111,CR Vasco da Gama,19.0,2004-01-01T00:00:00Z,2005-01-01T00:00:00Z
http://www.wikidata.org/entity/Q520972,http://www.wikidata.org/entity/Q38568,São Paulo FC,19.0,2008-01-01T00:00:00Z,2009-01-01T00:00:00Z
http://www.wikidata.org/entity/Q520972,http://www.wikidata.org/entity/Q2453706,Sampaio Corrêa Futebol Clube,22.0,2006-01-01T00:00:00Z,2007-01-01T00:00:00Z
http://www.wikidata.org/entity/Q520972,http://www.wikidata.org/entity/Q5014111,CR Vasco da Gama,,2004-01-01T00:00:00Z,2004-01-01T00:00:00Z
http://www.wikidata.org/entity/Q520972,http://www.wikidata.org/entity/Q814738,Beijing Guoan,14.0,2013-01-01T00:00:00Z,2013-01-01T00:00:00Z
http://www.wikidata.org/entity/Q520972,http://www.wikidata.org/entity/Q646079,K Beerschot AC,5.0,2005-01-01T00:00:00Z,2006-01-01T00:00:00Z
http://www.wikidata.org/entity/Q520972,http://www.wikidata.org/entity/Q478317,Coritiba FC,,2014-01-01T00:00:00Z,2014-01-01T00:00:00Z
http://www.wikidata.org/entity/Q520972,http://www.wikidata.org/entity/Q1581586,Madureira EC,4.0,2006-01-01T00:00:00Z,2006-01-01T00:00:00Z
http://www.wikidata.org/entity/Q520972,http://www.wikidata.org/entity/Q506832,Clube Atlético Paranaense,,2016-01-01T00:00:00Z,
http://www.wikidata.org/entity/Q520972,http://www.wikidata.org/entity/Q221695,Gremio Foot-Ball Porto Alegrense,75.0,2010-01-01T00:00:00Z,2013-01-01T00:00:00Z
http://www.wikidata.org/entity/Q520972,http://www.wikidata.org/entity/Q80958,Botafogo FR,17.0,2007-01-01T00:00:00Z,2007-01-01T00:00:00Z
http://www.wikidata.org/entity/Q520972,http://www.wikidata.org/entity/Q374069,Avaí Futebol Clube,42.0,2015-01-01T00:00:00Z,2015-01-01T00:00:00Z
http://www.wikidata.org/entity/Q520972,http://www.wikidata.org/entity/Q102720,Hertha BSC,16.0,2007-01-01T00:00:00Z,2008-01-01T00:00:00Z
http://www.wikidata.org/entity/Q521345,http://www.wikidata.org/entity/Q757320,PAE Astéras Trípolis,42.0,2007-01-01T00:00:00Z,2009-01-01T00:00:00Z
http://www.wikidata.org/entity/Q521345,http://www.wikidata.org/entity/Q19512,Football Club Sochaux-Montbéliard,,2001-01-01T00:00:00Z,2005-01-01T00:00:00Z
http://www.wikidata.org/entity/Q521345,http://www.wikidata.org/entity/Q3292651,A.P.S. Zakynthos,,2015-01-01T00:00:00Z,
http://www.wikidata.org/entity/Q521345,http://www.wikidata.org/entity/Q280679,PAS Giánnina,8.0,2011-01-01T00:00:00Z,2012-01-01T00:00:00Z
http://www.wikidata.org/entity/Q521345,http://www.wikidata.org/entity/Q508322,FC Gueugnon,28.0,2000-01-01T00:00:00Z,2001-01-01T00:00:00Z
http://www.wikidata.org/entity/Q521345,http://www.wikidata.org/entity/Q141688,Anorthosis Famagouste FC,4.0,2012-01-01T00:00:00Z,2012-01-01T00:00:00Z
http://www.wikidata.org/entity/Q521345,http://www.wikidata.org/entity/Q309480,Ittihad FC,,2005-01-01T00:00:00Z,2006-01-01T00:00:00Z
http://www.wikidata.org/entity/Q521345,http://www.wikidata.org/entity/Q19628,Olympiakós,32.0,2009-01-01T00:00:00Z,2011-01-01T00:00:00Z
http://www.wikidata.org/entity/Q521345,http://www.wikidata.org/entity/Q207337,équipe du Maroc de football,,2000-01-01T00:00:00Z,2009-01-01T00:00:00Z
http://www.wikidata.org/entity/Q521345,http://www.wikidata.org/entity/Q3323135,Grand Ouest Association Lyonnaise Football Club,3.0,2014-01-01T00:00:00Z,2014-01-01T00:00:00Z
http://www.wikidata.org/entity/Q521345,http://www.wikidata.org/entity/Q192071,Football Club de Nantes,8.0,2007-01-01T00:00:00Z,2007-01-01T00:00:00Z
http://www.wikidata.org/entity/Q521345,http://www.wikidata.org/entity/Q3323135,Grand Ouest Association Lyonnaise Football Club,,2014-01-01T00:00:00Z,2015-01-01T00:00:00Z
http://www.wikidata.org/entity/Q521345,http://www.wikidata.org/entity/Q309480,Ittihad FC,24.0,2006-01-01T00:00:00Z,2006-01-01T00:00:00Z
http://www.wikidata.org/entity/Q521345,http://www.wikidata.org/entity/Q219703,Boavista FC,6.0,2006-01-01T00:00:00Z,2007-01-01T00:00:00Z
http://www.wikidata.org/entity/Q521345,http://www.wikidata.org/entity/Q2829388,Al Nasr Salalah,5.0,2013-01-01T00:00:00Z,2014-01-01T00:00:00Z
http://www.wikidata.org/entity/Q521345,http://www.wikidata.org/entity/Q20724643,FC Vaulx-en-Velin,,2015-01-01T00:00:00Z,2015-01-01T00:00:00Z
http://www.wikidata.org/entity/Q522003,http://www.wikidata.org/entity/Q899189,équipe du Brésil olympique de football,6.0,2004-01-01T00:00:00Z,2004-01-01T00:00:00Z
http://www.wikidata.org/entity/Q522003,http://www.wikidata.org/entity/Q309480,Ittihad FC,15.0,2011-01-01T00:00:00Z,2012-01-01T00:00:00Z
http://www.wikidata.org/entity/Q522003,http://www.wikidata.org/entity/Q216459,Clube Desportivo Nacional,15.0,2005-01-01T00:00:00Z,2005-01-01T00:00:00Z
http://www.wikidata.org/entity/Q522003,http://www.wikidata.org/entity/Q188277,Cruzeiro EC,88.0,2000-01-01T00:00:00Z,2004-01-01T00:00:00Z
http://www.wikidata.org/entity/Q522003,http://www.wikidata.org/entity/Q2636005,Al-Shabab Riyad,9.0,2012-01-01T00:00:00Z,2012-01-01T00:00:00Z
http://www.wikidata.org/entity/Q522003,http://www.wikidata.org/entity/Q219098,Sport Club do Recife,,2014-01-01T00:00:00Z,
http://www.wikidata.org/entity/Q522003,http://www.wikidata.org/entity/Q5014111,CR Vasco da Gama,,2012-01-01T00:00:00Z,2014-01-01T00:00:00Z
http://www.wikidata.org/entity/Q522003,http://www.wikidata.org/entity/Q172476,Girondins de Bordeaux,156.0,2006-01-01T00:00:00Z,2011-01-01T00:00:00Z
http://www.wikidata.org/entity/Q522003,http://www.wikidata.org/entity/Q216459,Clube Desportivo Nacional,15.0,2004-01-01T00:00:00Z,2005-01-01T00:00:00Z
http://www.wikidata.org/entity/Q522003,http://www.wikidata.org/entity/Q80955,Santos FC,45.0,2005-01-01T00:00:00Z,2006-01-01T00:00:00Z
http://www.wikidata.org/entity/Q522020,http://www.wikidata.org/entity/Q221695,Gremio Foot-Ball Porto Alegrense,9.0,2002-01-01T00:00:00Z,2002-01-01T00:00:00Z
http://www.wikidata.org/entity/Q522020,http://www.wikidata.org/entity/Q2308235,équipe du Brésil de football des moins de 20 ans,,2001-01-01T00:00:00Z,2001-01-01T00:00:00Z
http://www.wikidata.org/entity/Q522020,http://www.wikidata.org/entity/Q2756,Sienne FC,24.0,2003-01-01T00:00:00Z,2005-01-01T00:00:00Z
http://www.wikidata.org/entity/Q522020,http://www.wikidata.org/entity/Q2636005,Al-Shabab Riyad,68.0,2011-01-01T00:00:00Z,2014-01-01T00:00:00Z
http://www.wikidata.org/entity/Q522020,http://www.wikidata.org/entity/Q83459,équipe du Brésil de football,8.0,2003-01-01T00:00:00Z,2007-01-01T00:00:00Z
http://www.wikidata.org/entity/Q522020,http://www.wikidata.org/entity/Q221695,Gremio Foot-Ball Porto Alegrense,,2001-01-01T00:00:00Z,2002-01-01T00:00:00Z
http://www.wikidata.org/entity/Q522020,http://www.wikidata.org/entity/Q190916,Club Bruges KV,10.0,2014-01-01T00:00:00Z,2014-01-01T00:00:00Z
http://www.wikidata.org/entity/Q522020,http://www.wikidata.org/entity/Q910453,Esporte Clube Juventude,,1999-01-01T00:00:00Z,2001-01-01T00:00:00Z
http://www.wikidata.org/entity/Q522020,http://www.wikidata.org/entity/Q172476,Girondins de Bordeaux,31.0,2005-01-01T00:00:00Z,2006-01-01T00:00:00Z
http://www.wikidata.org/entity/Q522020,http://www.wikidata.org/entity/Q190916,Club Bruges KV,10.0,2014-01-01T00:00:00Z,2015-01-01T00:00:00Z
http://www.wikidata.org/entity/Q522020,http://www.wikidata.org/entity/Q172476,Girondins de Bordeaux,227.0,2006-01-01T00:00:00Z,2011-01-01T00:00:00Z
http://www.wikidata.org/entity/Q522020,http://www.wikidata.org/entity/Q2018,Catania Football Club,18.0,2005-01-01T00:00:00Z,2005-01-01T00:00:00Z
http://www.wikidata.org/entity/Q522020,http://www.wikidata.org/entity/Q910453,Esporte Clube Juventude,,2002-01-01T00:00:00Z,2003-01-01T00:00:00Z
http://www.wikidata.org/entity/Q522030,http://www.wikidata.org/entity/Q101859,VfL Wolfsburg,52.0,2007-01-01T00:00:00Z,2010-01-01T00:00:00Z
http://www.wikidata.org/entity/Q522030,http://www.wikidata.org/entity/Q16525407,1. FC Kaiserslautern II,2.0,2012-01-01T00:00:00Z,2013-01-01T00:00:00Z
http://www.wikidata.org/entity/Q522030,http://www.wikidata.org/entity/Q3590346,équipe de Tchéquie des moins de 17 ans de football,8.0,2003-01-01T00:00:00Z,2004-01-01T00:00:00Z
http://www.wikidata.org/entity/Q522030,http://www.wikidata.org/entity/Q8466,1. FC Kaiserslautern,34.0,2010-01-01T00:00:00Z,2014-01-01T00:00:00Z
http://www.wikidata.org/entity/Q522030,http://www.wikidata.org/entity/Q3873547,équipe de Tchéquie des moins de 20 ans de football,9.0,2006-01-01T00:00:00Z,2007-01-01T00:00:00Z
http://www.wikidata.org/entity/Q522030,http://www.wikidata.org/entity/Q193481,AC Sparta Prague,1.0,2007-01-01T00:00:00Z,2007-01-01T00:00:00Z
http://www.wikidata.org/entity/Q522030,http://www.wikidata.org/entity/Q1464421,équipe de Tchéquie espoirs de football,5.0,2006-01-01T00:00:00Z,2008-01-01T00:00:00Z
http://www.wikidata.org/entity/Q522030,http://www.wikidata.org/entity/Q3873527,équipe de Tchéquie des moins de 19 ans de football,19.0,2004-01-01T00:00:00Z,2006-01-01T00:00:00Z
http://www.wikidata.org/entity/Q522030,http://www.wikidata.org/entity/Q193481,AC Sparta Prague,29.0,2004-01-01T00:00:00Z,2006-01-01T00:00:00Z
http://www.wikidata.org/entity/Q522030,http://www.wikidata.org/entity/Q483868,équipe de Tchéquie de football,4.0,2009-01-01T00:00:00Z,2009-01-01T00:00:00Z
http://www.wikidata.org/entity/Q522030,http://www.wikidata.org/entity/Q105861,VfL Bochum,,2014-01-01T00:00:00Z,
http://www.wikidata.org/entity/Q522030,http://www.wikidata.org/entity/Q1473789,SK Kladno,29.0,2006-01-01T00:00:00Z,2007-01-01T00:00:00Z
http://www.wikidata.org/entity/Q522539,http://www.wikidata.org/entity/Q479296,FC Schönberg 95,,2014-01-01T00:00:00Z,
http://www.wikidata.org/entity/Q522539,http://www.wikidata.org/entity/Q316855,Hallescher FC,56.0,2011-01-01T00:00:00Z,2014-01-01T00:00:00Z
http://www.wikidata.org/entity/Q522539,http://www.wikidata.org/entity/Q161554,Chemnitzer FC,38.0,2007-01-01T00:00:00Z,2009-01-01T00:00:00Z
http://www.wikidata.org/entity/Q522539,http://www.wikidata.org/entity/Q571553,SV Babelsberg 03,65.0,2009-01-01T00:00:00Z,2011-01-01T00:00:00Z
http://www.wikidata.org/entity/Q522539,http://www.wikidata.org/entity/Q142005,FC Hansa Rostock,99.0,2003-01-01T00:00:00Z,2007-01-01T00:00:00Z
http://www.wikidata.org/entity/Q522539,http://www.wikidata.org/entity/Q656960,Reinickendorfer Füchse,1.0,2002-01-01T00:00:00Z,2002-01-01T00:00:00Z
http://www.wikidata.org/entity/Q522539,http://www.wikidata.org/entity/Q639560,Tennis Borussia Berlin,24.0,2002-01-01T00:00:00Z,2003-01-01T00:00:00Z
http://www.wikidata.org/entity/Q523074,http://www.wikidata.org/entity/Q16320,Club Atlético Peñarol,12.0,2005-01-01T00:00:00Z,2005-01-01T00:00:00Z
http://www.wikidata.org/entity/Q523074,http://www.wikidata.org/entity/Q18732,Southampton FC,0.0,2005-01-01T00:00:00Z,2005-01-01T00:00:00Z
http://www.wikidata.org/entity/Q523074,http://www.wikidata.org/entity/Q657865,Club Deportivo Logroñés,85.0,1996-01-01T00:00:00Z,2000-01-01T00:00:00Z
http://www.wikidata.org/entity/Q523074,http://www.wikidata.org/entity/Q844238,Defensor Sporting Club,93.0,2000-01-01T00:00:00Z,2002-01-01T00:00:00Z
http://www.wikidata.org/entity/Q523074,http://www.wikidata.org/entity/Q2442864,équipe d'Uruguay de football des moins de 20 ans,,1991-01-01T00:00:00Z,1991-01-01T00:00:00Z
http://www.wikidata.org/entity/Q622987,http://www.wikidata.org/entity/Q12278,Sporting Gijón,214.0,1990-01-01T00:00:00Z,1998-01-01T00:00:00Z
http://www.wikidata.org/entity/Q622987,http://www.wikidata.org/entity/Q2637337,équipe d'Espagne de football des moins de 23 ans,2.0,1991-01-01T00:00:00Z,1991-01-01T00:00:00Z
http://www.wikidata.org/entity/Q622987,http://www.wikidata.org/entity/Q1129595,équipe d'Espagne espoirs de football,4.0,1991-01-01T00:00:00Z,1993-01-01T00:00:00Z
http://www.wikidata.org/entity/Q623833,http://www.wikidata.org/entity/Q493401,équipe de Corée du Sud des moins de 17 ans de football,3.0,2003-01-01T00:00:00Z,2003-01-01T00:00:00Z
http://www.wikidata.org/entity/Q623833,http://www.wikidata.org/entity/Q495929,équipe de Corée du Sud des moins de 20 ans de football,0.0,2006-01-01T00:00:00Z,2006-01-01T00:00:00Z
http://www.wikidata.org/entity/Q623833,http://www.wikidata.org/entity/Q221525,FC Metz,1.0,2007-01-01T00:00:00Z,2009-01-01T00:00:00Z
http://www.wikidata.org/entity/Q623833,http://www.wikidata.org/entity/Q484584,Daejeon Citizen,16.0,2010-01-01T00:00:00Z,2010-01-01T00:00:00Z
http://www.wikidata.org/entity/Q623833,http://www.wikidata.org/entity/Q482540,Seongnam Football Club,7.0,2008-01-01T00:00:00Z,2009-01-01T00:00:00Z
http://www.wikidata.org/entity/Q623833,http://www.wikidata.org/entity/Q482406,Football Club Séoul,10.0,2009-01-01T00:00:00Z,2011-01-01T00:00:00Z
http://www.wikidata.org/entity/Q626730,http://www.wikidata.org/entity/Q4512,VfB Stuttgart,110.0,1989-07-01T00:00:00Z,1994-08-01T00:00:00Z
http://www.wikidata.org/entity/Q626730,http://www.wikidata.org/entity/Q102720,Hertha BSC,197.0,1995-08-01T00:00:00Z,2003-07-01T00:00:00Z
http://www.wikidata.org/entity/Q626730,http://www.wikidata.org/entity/Q172567,Beşiktaş JK,33.0,1994-08-01T00:00:00Z,1995-06-30T00:00:00Z
http://www.wikidata.org/entity/Q626730,http://www.wikidata.org/entity/Q189198,équipe d'Islande de football,66.0,1990-01-01T00:00:00Z,2001-01-01T00:00:00Z
http://www.wikidata.org/entity/Q626730,http://www.wikidata.org/entity/Q2681696,Tindastóll Sauðárkrókur,79.0,1985-01-01T00:00:00Z,1989-01-01T00:00:00Z
http://www.wikidata.org/entity/Q627376,http://www.wikidata.org/entity/Q152424,équipe d'Allemagne de l'Est de football,4.0,1985-01-01T00:00:00Z,1989-01-01T00:00:00Z
http://www.wikidata.org/entity/Q627376,http://www.wikidata.org/entity/Q141931,SG Dynamo Dresde,32.0,1993-01-01T00:00:00Z,1994-01-01T00:00:00Z
http://www.wikidata.org/entity/Q627376,http://www.wikidata.org/entity/Q698702,Admira Wacker,97.0,1990-01-01T00:00:00Z,1993-01-01T00:00:00Z
http://www.wikidata.org/entity/Q627376,http://www.wikidata.org/entity/Q8466,1. FC Kaiserslautern,160.0,1994-01-01T00:00:00Z,2002-01-01T00:00:00Z
http://www.wikidata.org/entity/Q627376,http://www.wikidata.org/entity/Q162317,1. FC Lokomotive Leipzig,135.0,1983-01-01T00:00:00Z,1990-01-01T00:00:00Z
http://www.wikidata.org/entity/Q627376,http://www.wikidata.org/entity/Q43310,équipe d'Allemagne de football,13.0,1994-01-01T00:00:00Z,1999-01-01T00:00:00Z
http://www.wikidata.org/entity/Q627860,http://www.wikidata.org/entity/Q105861,VfL Bochum,17.0,2006-01-01T00:00:00Z,2007-01-01T00:00:00Z
http://www.wikidata.org/entity/Q627860,http://www.wikidata.org/entity/Q153535,Alemannia Aix-la-Chapelle,1.0,2007-01-01T00:00:00Z,2007-01-01T00:00:00Z
http://www.wikidata.org/entity/Q627860,http://www.wikidata.org/entity/Q48929,Burton Albion Football Club,7.0,2015-01-01T00:00:00Z,2016-01-01T00:00:00Z
http://www.wikidata.org/entity/Q627860,http://www.wikidata.org/entity/Q24699,RKC Waalwijk,31.0,2013-01-01T00:00:00Z,2014-01-01T00:00:00Z
http://www.wikidata.org/entity/Q627860,http://www.wikidata.org/entity/Q650917,Royal Excelsior Virton,8.0,2005-01-01T00:00:00Z,2005-01-01T00:00:00Z
http://www.wikidata.org/entity/Q627860,http://www.wikidata.org/entity/Q7924284,VfL Bochum II,17.0,2006-01-01T00:00:00Z,2006-01-01T00:00:00Z
http://www.wikidata.org/entity/Q627860,http://www.wikidata.org/entity/Q650917,Royal Excelsior Virton,32.0,2004-01-01T00:00:00Z,2005-01-01T00:00:00Z
http://www.wikidata.org/entity/Q627860,http://www.wikidata.org/entity/Q591339,FC Differdange 03,84.0,2008-01-01T00:00:00Z,2011-01-01T00:00:00Z
http://www.wikidata.org/entity/Q627860,http://www.wikidata.org/entity/Q184266,équipe du Luxembourg de football,,2005-09-07T00:00:00Z,
http://www.wikidata.org/entity/Q627860,http://www.wikidata.org/entity/Q784311,Royal White Star Bruxelles,10.0,2016-01-01T00:00:00Z,2016-01-01T00:00:00Z
http://www.wikidata.org/entity/Q627860,http://www.wikidata.org/entity/Q332664,Willem II Tilburg,25.0,2012-01-01T00:00:00Z,2013-01-01T00:00:00Z
http://www.wikidata.org/entity/Q627860,http://www.wikidata.org/entity/Q221752,F91 Dudelange,25.0,2011-01-01T00:00:00Z,2013-01-01T00:00:00Z
http://www.wikidata.org/entity/Q627860,http://www.wikidata.org/entity/Q136433,PFC CSKA Sofia,20.0,2014-01-01T00:00:00Z,2015-01-01T00:00:00Z
http://www.wikidata.org/entity/Q627860,http://www.wikidata.org/entity/Q519786,équipe du Luxembourg espoirs de football,5.0,2005-01-01T00:00:00Z,2006-01-01T00:00:00Z
http://www.wikidata.org/entity/Q631372,http://www.wikidata.org/entity/Q16559523,Eintracht Braunschweig II,2.0,2007-01-01T00:00:00Z,2008-01-01T00:00:00Z
http://www.wikidata.org/entity/Q631372,http://www.wikidata.org/entity/Q33748,Hanovre 96,0.0,2002-01-01T00:00:00Z,2003-01-01T00:00:00Z
http://www.wikidata.org/entity/Q631372,http://www.wikidata.org/entity/Q170157,Wuppertaler SV Borussia,14.0,2010-01-01T00:00:00Z,2011-01-01T00:00:00Z
http://www.wikidata.org/entity/Q631372,http://www.wikidata.org/entity/Q157463,1. FC Sarrebruck,9.0,2003-01-01T00:00:00Z,2003-01-01T00:00:00Z
http://www.wikidata.org/entity/Q631372,http://www.wikidata.org/entity/Q155730,1. FC Magdebourg,30.0,2011-01-01T00:00:00Z,2012-01-01T00:00:00Z
http://www.wikidata.org/entity/Q631372,http://www.wikidata.org/entity/Q828852,SC Weismain-Obermain,23.0,1998-01-01T00:00:00Z,1999-01-01T00:00:00Z
http://www.wikidata.org/entity/Q631372,http://www.wikidata.org/entity/Q155730,1. FC Magdebourg,1.0,2011-01-01T00:00:00Z,2011-01-01T00:00:00Z
http://www.wikidata.org/entity/Q631372,http://www.wikidata.org/entity/Q154053,Eintracht Brunswick,73.0,1999-01-01T00:00:00Z,2002-01-01T00:00:00Z
http://www.wikidata.org/entity/Q631372,http://www.wikidata.org/entity/Q154053,Eintracht Brunswick,160.0,2004-01-01T00:00:00Z,2009-01-01T00:00:00Z
http://www.wikidata.org/entity/Q631372,http://www.wikidata.org/entity/Q157463,1. FC Sarrebruck,26.0,2002-01-01T00:00:00Z,2003-01-01T00:00:00Z
http://www.wikidata.org/entity/Q631976,http://www.wikidata.org/entity/Q10319,Real Valladolid,99.0,2003-01-01T00:00:00Z,2011-01-01T00:00:00Z
http://www.wikidata.org/entity/Q631976,http://www.wikidata.org/entity/Q11955,Club Deportivo Guadalajara (Espagne),41.0,2012-01-01T00:00:00Z,2013-01-01T00:00:00Z
http://www.wikidata.org/entity/Q631976,http://www.wikidata.org/entity/Q12168,SD Ponferradina,,2015-01-01T00:00:00Z,
http://www.wikidata.org/entity/Q631976,http://www.wikidata.org/entity/Q12249,Recreativo de Huelva,55.0,2013-01-01T00:00:00Z,2015-01-01T00:00:00Z
http://www.wikidata.org/entity/Q631976,http://www.wikidata.org/entity/Q12158,Club Deportivo Numancia,7.0,2008-01-01T00:00:00Z,2009-01-01T00:00:00Z
http://www.wikidata.org/entity/Q631976,http://www.wikidata.org/entity/Q12249,Recreativo de Huelva,32.0,2009-01-01T00:00:00Z,2010-01-01T00:00:00Z
http://www.wikidata.org/entity/Q631976,http://www.wikidata.org/entity/Q7301102,Real Valladolid B,,2002-01-01T00:00:00Z,2004-01-01T00:00:00Z
http://www.wikidata.org/entity/Q631976,http://www.wikidata.org/entity/Q843396,Racing de Ferrol,21.0,2008-01-01T00:00:00Z,2008-01-01T00:00:00Z
http://www.wikidata.org/entity/Q631976,http://www.wikidata.org/entity/Q611653,Fútbol Club Cartagena,32.0,2011-01-01T00:00:00Z,2012-01-01T00:00:00Z
http://www.wikidata.org/entity/Q633197,http://www.wikidata.org/entity/Q248188,Milton Keynes Dons Football Club,29.0,2005-01-01T00:00:00Z,2006-01-01T00:00:00Z
http://www.wikidata.org/entity/Q633197,http://www.wikidata.org/entity/Q3873546,équipe d'Australie de football des moins de 20 ans,9.0,2004-01-01T00:00:00Z,2005-01-01T00:00:00Z
http://www.wikidata.org/entity/Q633197,http://www.wikidata.org/entity/Q248188,Milton Keynes Dons Football Club,8.0,2005-01-01T00:00:00Z,2005-01-01T00:00:00Z
http://www.wikidata.org/entity/Q633197,http://www.wikidata.org/entity/Q762294,Central Coast Mariners FC,6.0,2012-01-01T00:00:00Z,2012-01-01T00:00:00Z
http://www.wikidata.org/entity/Q633197,http://www.wikidata.org/entity/Q1263903,PTT Rayong F.C.,29.0,2014-01-01T00:00:00Z,2014-01-01T00:00:00Z
http://www.wikidata.org/entity/Q633197,http://www.wikidata.org/entity/Q18747,West Ham United FC,2.0,2002-01-01T00:00:00Z,2006-01-01T00:00:00Z
http://www.wikidata.org/entity/Q633197,http://www.wikidata.org/entity/Q2165863,Phuket F.C.,,2015-01-01T00:00:00Z,
http://www.wikidata.org/entity/Q633197,http://www.wikidata.org/entity/Q3589775,équipe d'Australie de football des moins de 23 ans,18.0,2007-01-01T00:00:00Z,2008-01-01T00:00:00Z
http://www.wikidata.org/entity/Q633197,http://www.wikidata.org/entity/Q19615,Scunthorpe United FC,1.0,2010-01-01T00:00:00Z,2011-01-01T00:00:00Z
http://www.wikidata.org/entity/Q633197,http://www.wikidata.org/entity/Q498473,Hamilton Academical FC,50.0,2008-01-01T00:00:00Z,2010-01-01T00:00:00Z
http://www.wikidata.org/entity/Q633197,http://www.wikidata.org/entity/Q852033,Perth Glory FC,5.0,2011-01-01T00:00:00Z,2011-01-01T00:00:00Z
http://www.wikidata.org/entity/Q633197,http://www.wikidata.org/entity/Q18516,Hereford United Football Club,64.0,2006-01-01T00:00:00Z,2008-01-01T00:00:00Z
http://www.wikidata.org/entity/Q633197,http://www.wikidata.org/entity/Q330143,Sydney FC,15.0,2012-01-01T00:00:00Z,2013-01-01T00:00:00Z
http://www.wikidata.org/entity/Q633412,http://www.wikidata.org/entity/Q332642,NAC Breda,61.0,2005-01-01T00:00:00Z,2007-01-01T00:00:00Z
http://www.wikidata.org/entity/Q633412,http://www.wikidata.org/entity/Q332664,Willem II Tilburg,28.0,2010-01-01T00:00:00Z,2011-01-01T00:00:00Z
http://www.wikidata.org/entity/Q633412,http://www.wikidata.org/entity/Q868579,Gold Coast United Football Club,22.0,2011-01-01T00:00:00Z,2012-01-01T00:00:00Z
http://www.wikidata.org/entity/Q633412,http://www.wikidata.org/entity/Q19442,Barnsley Football Club,19.0,2008-01-01T00:00:00Z,2009-01-01T00:00:00Z
http://www.wikidata.org/entity/Q633412,http://www.wikidata.org/entity/Q19446,Blackburn Rovers FC,2.0,2007-01-01T00:00:00Z,2011-01-01T00:00:00Z
http://www.wikidata.org/entity/Q633412,http://www.wikidata.org/entity/Q1811026,équipe des Pays-Bas espoirs de football,9.0,2007-01-01T00:00:00Z,2007-01-01T00:00:00Z
http://www.wikidata.org/entity/Q633412,http://www.wikidata.org/entity/Q200321,SC Heerenveen,2.0,2003-01-01T00:00:00Z,2004-01-01T00:00:00Z
http://www.wikidata.org/entity/Q633412,http://www.wikidata.org/entity/Q1811026,équipe des Pays-Bas espoirs de football,9.0,2005-01-01T00:00:00Z,2007-01-01T00:00:00Z
http://www.wikidata.org/entity/Q633412,http://www.wikidata.org/entity/Q18721,Norwich City FC,2.0,2008-01-01T00:00:00Z,2008-01-01T00:00:00Z
http://www.wikidata.org/entity/Q633412,http://www.wikidata.org/entity/Q1045811,FC Dordrecht,17.0,2004-01-01T00:00:00Z,2005-01-01T00:00:00Z
http://www.wikidata.org/entity/Q633412,http://www.wikidata.org/entity/Q332664,Willem II Tilburg,28.0,2010-01-01T00:00:00Z,2010-01-01T00:00:00Z
http://www.wikidata.org/entity/Q635584,http://www.wikidata.org/entity/Q184387,équipe de Norvège de football,64.0,1987-01-01T00:00:00Z,1999-01-01T00:00:00Z
http://www.wikidata.org/entity/Q635584,http://www.wikidata.org/entity/Q1128631,Leeds United,83.0,1996-01-01T00:00:00Z,1999-01-01T00:00:00Z
http://www.wikidata.org/entity/Q635584,http://www.wikidata.org/entity/Q214374,Lillestrøm SK,128.0,1985-01-01T00:00:00Z,1990-01-01T00:00:00Z
http://www.wikidata.org/entity/Q635584,http://www.wikidata.org/entity/Q19601,Oldham Athletic AFC,212.0,1991-01-01T00:00:00Z,1996-01-01T00:00:00Z
http://www.wikidata.org/entity/Q635584,http://www.wikidata.org/entity/Q214374,Lillestrøm SK,32.0,2002-01-01T00:00:00Z,2003-01-01T00:00:00Z
http://www.wikidata.org/entity/Q635584,http://www.wikidata.org/entity/Q19500,Wolverhampton Wanderers F.C.,7.0,2002-01-01T00:00:00Z,2002-01-01T00:00:00Z
http://www.wikidata.org/entity/Q635584,http://www.wikidata.org/entity/Q214374,Lillestrøm SK,3.0,1994-01-01T00:00:00Z,1994-01-01T00:00:00Z
http://www.wikidata.org/entity/Q635584,http://www.wikidata.org/entity/Q48879,Bradford City Association Football Club,70.0,1999-01-01T00:00:00Z,2002-01-01T00:00:00Z
http://www.wikidata.org/entity/Q639093,http://www.wikidata.org/entity/Q19626,Shrewsbury Town Football Club,15.0,2008-01-01T00:00:00Z,2008-01-01T00:00:00Z
http://www.wikidata.org/entity/Q639093,http://www.wikidata.org/entity/Q4805012,Ashford United F.C.,10.0,2007-01-01T00:00:00Z,2007-01-01T00:00:00Z
http://www.wikidata.org/entity/Q639093,http://www.wikidata.org/entity/Q19626,Shrewsbury Town Football Club,32.0,2012-01-01T00:00:00Z,2014-01-01T00:00:00Z
http://www.wikidata.org/entity/Q639093,http://www.wikidata.org/entity/Q2358861,équipe d'Angleterre de football des moins de 19 ans,1.0,2005-01-01T00:00:00Z,2005-01-01T00:00:00Z
http://www.wikidata.org/entity/Q639093,http://www.wikidata.org/entity/Q894605,Boston United Football Club,12.0,2006-01-01T00:00:00Z,2006-01-01T00:00:00Z
http://www.wikidata.org/entity/Q639093,http://www.wikidata.org/entity/Q18520,Luton Town Football Club,74.0,2008-01-01T00:00:00Z,2010-01-01T00:00:00Z
http://www.wikidata.org/entity/Q639093,http://www.wikidata.org/entity/Q48932,Cheltenham Town Football Club,,2014-01-01T00:00:00Z,
http://www.wikidata.org/entity/Q639093,http://www.wikidata.org/entity/Q19444,Birmingham City FC,0.0,2004-01-01T00:00:00Z,2008-01-01T00:00:00Z
http://www.wikidata.org/entity/Q635584,http://www.wikidata.org/entity/Q2446294,équipe de Norvège espoirs de football,23.0,1984-01-01T00:00:00Z,1987-01-01T00:00:00Z
http://www.wikidata.org/entity/Q635584,http://www.wikidata.org/entity/Q3873528,équipe de Norvège de football des moins de 19 ans,6.0,1983-01-01T00:00:00Z,1983-01-01T00:00:00Z
http://www.wikidata.org/entity/Q635584,http://www.wikidata.org/entity/Q3873500,équipe de Norvège de football des moins de 16 ans,1.0,1982-01-01T00:00:00Z,1982-01-01T00:00:00Z
http://www.wikidata.org/entity/Q669709,http://www.wikidata.org/entity/Q2446294,équipe de Norvège espoirs de football,24.0,1995-01-01T00:00:00Z,1998-01-01T00:00:00Z
http://www.wikidata.org/entity/Q669709,http://www.wikidata.org/entity/Q121599275,équipe de Norvège de football des moins de 15 ans,6.0,1992-01-01T00:00:00Z,1992-01-01T00:00:00Z
http://www.wikidata.org/entity/Q669709,http://www.wikidata.org/entity/Q208552,Molde FK,9.0,2000-01-01T00:00:00Z,2000-01-01T00:00:00Z
http://www.wikidata.org/entity/Q669709,http://www.wikidata.org/entity/Q3873545,équipe de Norvège de football des moins de 20 ans,3.0,1996-01-01T00:00:00Z,1997-01-01T00:00:00Z
http://www.wikidata.org/entity/Q669709,http://www.wikidata.org/entity/Q3590274,équipe de Norvège de football des moins de 17 ans,5.0,1994-01-01T00:00:00Z,1994-01-01T00:00:00Z
http://www.wikidata.org/entity/Q669709,http://www.wikidata.org/entity/Q1428743,Follo Fotball,8.0,2011-01-01T00:00:00Z,2012-01-01T00:00:00Z
http://www.wikidata.org/entity/Q669709,http://www.wikidata.org/entity/Q217233,Stabæk Fotball,47.0,1998-01-01T00:00:00Z,1999-01-01T00:00:00Z
http://www.wikidata.org/entity/Q669709,http://www.wikidata.org/entity/Q217233,Stabæk Fotball,1.0,2013-01-01T00:00:00Z,2013-01-01T00:00:00Z
http://www.wikidata.org/entity/Q669709,http://www.wikidata.org/entity/Q217233,Stabæk Fotball,87.0,2001-01-01T00:00:00Z,2004-01-01T00:00:00Z
http://www.wikidata.org/entity/Q669834,http://www.wikidata.org/entity/Q11938,PSV Eindhoven,0.0,2007-01-01T00:00:00Z,2008-01-01T00:00:00Z
http://www.wikidata.org/entity/Q669834,http://www.wikidata.org/entity/Q18747,West Ham United FC,1.0,2010-01-01T00:00:00Z,2012-01-01T00:00:00Z
http://www.wikidata.org/entity/Q669834,http://www.wikidata.org/entity/Q876699,FC Eindhoven,20.0,2007-01-01T00:00:00Z,2008-01-01T00:00:00Z
http://www.wikidata.org/entity/Q669834,http://www.wikidata.org/entity/Q24689,VVV Venlo,5.0,2010-01-01T00:00:00Z,2010-01-01T00:00:00Z
http://www.wikidata.org/entity/Q669834,http://www.wikidata.org/entity/Q748445,Eskişehirspor,154.0,2012-01-01T00:00:00Z,2017-01-01T00:00:00Z
http://www.wikidata.org/entity/Q669834,http://www.wikidata.org/entity/Q876568,MVV Maastricht,61.0,2008-01-01T00:00:00Z,2010-01-01T00:00:00Z
http://www.wikidata.org/entity/Q669900,http://www.wikidata.org/entity/Q673268,Stade nyonnais FC,2.0,2006-01-01T00:00:00Z,2006-01-01T00:00:00Z
http://www.wikidata.org/entity/Q669900,http://www.wikidata.org/entity/Q201360,Grasshopper Zurich,57.0,2012-01-01T00:00:00Z,2014-01-01T00:00:00Z
http://www.wikidata.org/entity/Q669900,http://www.wikidata.org/entity/Q201360,Grasshopper Zurich,23.0,2014-01-01T00:00:00Z,2015-01-01T00:00:00Z
http://www.wikidata.org/entity/Q669900,http://www.wikidata.org/entity/Q165141,équipe de Suisse de football,4.0,2010-01-01T00:00:00Z,2012-01-01T00:00:00Z
http://www.wikidata.org/entity/Q669900,http://www.wikidata.org/entity/Q4545849,FC Nuremberg II,9.0,2011-01-01T00:00:00Z,2011-01-01T00:00:00Z
http://www.wikidata.org/entity/Q669900,http://www.wikidata.org/entity/Q15786,1. FC Nuremberg,1.0,2011-01-01T00:00:00Z,2011-01-01T00:00:00Z
http://www.wikidata.org/entity/Q669900,http://www.wikidata.org/entity/Q101859,VfL Wolfsburg,0.0,2010-01-01T00:00:00Z,2014-01-01T00:00:00Z
http://www.wikidata.org/entity/Q669900,http://www.wikidata.org/entity/Q748445,Eskişehirspor,0.0,2015-01-01T00:00:00Z,2016-01-01T00:00:00Z
http://www.wikidata.org/entity/Q669900,http://www.wikidata.org/entity/Q113000,FC Malines,,2016-01-01T00:00:00Z,
http://www.wikidata.org/entity/Q669900,http://www.wikidata.org/entity/Q190526,Berner Sport Club Young Boys,17.0,2011-01-01T00:00:00Z,2012-01-01T00:00:00Z
http://www.wikidata.org/entity/Q669900,http://www.wikidata.org/entity/Q678582,équipe de Suisse espoirs de football,24.0,2010-01-01T00:00:00Z,2013-01-01T00:00:00Z
http://www.wikidata.org/entity/Q669900,http://www.wikidata.org/entity/Q201360,Grasshopper Zurich,28.0,2008-01-01T00:00:00Z,2010-01-01T00:00:00Z
http://www.wikidata.org/entity/Q669900,http://www.wikidata.org/entity/Q113000,FC Malines,,2016-01-01T00:00:00Z,
http://www.wikidata.org/entity/Q669900,http://www.wikidata.org/entity/Q650273,équipe de Suisse des moins de 17 ans de football,25.0,2007-01-01T00:00:00Z,2009-01-01T00:00:00Z
http://www.wikidata.org/entity/Q670093,http://www.wikidata.org/entity/Q189671,FC Bâle,1.0,2011-01-01T00:00:00Z,2012-01-01T00:00:00Z
http://www.wikidata.org/entity/Q670093,http://www.wikidata.org/entity/Q666289,FC Concordia Bâle,51.0,2001-01-01T00:00:00Z,2003-01-01T00:00:00Z
http://www.wikidata.org/entity/Q670093,http://www.wikidata.org/entity/Q172247,FC Schaffhouse,132.0,2003-01-01T00:00:00Z,2007-01-01T00:00:00Z
http://www.wikidata.org/entity/Q670093,http://www.wikidata.org/entity/Q666289,FC Concordia Bâle,84.0,1997-01-01T00:00:00Z,2001-01-01T00:00:00Z
http://www.wikidata.org/entity/Q670093,http://www.wikidata.org/entity/Q659212,FC Saint-Gall,,2012-01-01T00:00:00Z,
http://www.wikidata.org/entity/Q670093,http://www.wikidata.org/entity/Q154293,MSV Duisbourg,15.0,2007-01-01T00:00:00Z,2011-01-01T00:00:00Z
http://www.wikidata.org/entity/Q670093,http://www.wikidata.org/entity/Q189671,FC Bâle,15.0,2001-01-01T00:00:00Z,2001-01-01T00:00:00Z
http://www.wikidata.org/entity/Q670981,http://www.wikidata.org/entity/Q4140019,équipe de Suisse de football des moins de 19 ans,2.0,2004-01-01T00:00:00Z,2005-01-01T00:00:00Z
http://www.wikidata.org/entity/Q670981,http://www.wikidata.org/entity/Q3873550,équipe de Suisse de football des moins de 20 ans,5.0,2004-01-01T00:00:00Z,2005-01-01T00:00:00Z
http://www.wikidata.org/entity/Q670981,http://www.wikidata.org/entity/Q678582,équipe de Suisse espoirs de football,23.0,2005-01-01T00:00:00Z,2008-01-01T00:00:00Z
http://www.wikidata.org/entity/Q670981,http://www.wikidata.org/entity/Q309456,FC Lausanne-Sport,16.0,2013-01-01T00:00:00Z,2014-01-01T00:00:00Z
http://www.wikidata.org/entity/Q670981,http://www.wikidata.org/entity/Q673268,Stade nyonnais FC,40.0,2017-01-01T00:00:00Z,
http://www.wikidata.org/entity/Q670981,http://www.wikidata.org/entity/Q6651,Brescia Calcio,127.0,2004-01-01T00:00:00Z,2009-01-01T00:00:00Z
http://www.wikidata.org/entity/Q670981,http://www.wikidata.org/entity/Q321061,FC Sion,56.0,2009-01-01T00:00:00Z,2013-01-01T00:00:00Z
http://www.wikidata.org/entity/Q670981,http://www.wikidata.org/entity/Q690045,FC Le Mont LS,58.0,2014-01-01T00:00:00Z,2017-01-01T00:00:00Z
http://www.wikidata.org/entity/Q670981,http://www.wikidata.org/entity/Q219235,Servette FC,34.0,2002-01-01T00:00:00Z,2004-01-01T00:00:00Z
http://www.wikidata.org/entity/Q670981,http://www.wikidata.org/entity/Q280679,PAS Giánnina,10.0,2012-01-01T00:00:00Z,2012-01-01T00:00:00Z
http://www.wikidata.org/entity/Q671144,http://www.wikidata.org/entity/Q190526,Berner Sport Club Young Boys,26.0,2012-01-01T00:00:00Z,2015-01-01T00:00:00Z
http://www.wikidata.org/entity/Q671144,http://www.wikidata.org/entity/Q219235,Servette FC,,2015-01-01T00:00:00Z,
http://www.wikidata.org/entity/Q671144,http://www.wikidata.org/entity/Q678582,équipe de Suisse espoirs de football,1.0,2006-01-01T00:00:00Z,2006-01-01T00:00:00Z
http://www.wikidata.org/entity/Q671144,http://www.wikidata.org/entity/Q459148,En avant Guingamp,28.0,2003-01-01T00:00:00Z,2005-01-01T00:00:00Z
http://www.wikidata.org/entity/Q671144,http://www.wikidata.org/entity/Q747693,Louhans-Cuiseaux FC,6.0,2003-01-01T00:00:00Z,2003-01-01T00:00:00Z
http://www.wikidata.org/entity/Q671144,http://www.wikidata.org/entity/Q747693,Louhans-Cuiseaux FC,6.0,2002-01-01T00:00:00Z,2003-01-01T00:00:00Z
http://www.wikidata.org/entity/Q671144,http://www.wikidata.org/entity/Q219235,Servette FC,130.0,2006-01-01T00:00:00Z,2012-01-01T00:00:00Z
http://www.wikidata.org/entity/Q671144,http://www.wikidata.org/entity/Q166496,Étoile Carouge FC,23.0,2005-01-01T00:00:00Z,2006-01-01T00:00:00Z
http://www.wikidata.org/entity/Q671144,http://www.wikidata.org/entity/Q219235,Servette FC,16.0,2013-01-01T00:00:00Z,2013-01-01T00:00:00Z
http://www.wikidata.org/entity/Q671144,http://www.wikidata.org/entity/Q165141,équipe de Suisse de football,1.0,2012-01-01T00:00:00Z,2012-01-01T00:00:00Z
http://www.wikidata.org/entity/Q671144,http://www.wikidata.org/entity/Q3873550,équipe de Suisse de football des moins de 20 ans,1.0,2004-01-01T00:00:00Z,2004-01-01T00:00:00Z
http://www.wikidata.org/entity/Q671144,http://www.wikidata.org/entity/Q659212,FC Saint-Gall,30.0,2013-01-01T00:00:00Z,2014-01-01T00:00:00Z
http://www.wikidata.org/entity/Q671144,http://www.wikidata.org/entity/Q659212,FC Saint-Gall,,2013-01-01T00:00:00Z,2013-01-01T00:00:00Z
http://www.wikidata.org/entity/Q671181,http://www.wikidata.org/entity/Q815515,équipe de Belgique espoirs de football,7.0,1991-01-01T00:00:00Z,1993-01-01T00:00:00Z
http://www.wikidata.org/entity/Q671181,http://www.wikidata.org/entity/Q166776,équipe de Belgique de football,12.0,2001-01-01T00:00:00Z,2004-01-01T00:00:00Z
http://www.wikidata.org/entity/Q671181,http://www.wikidata.org/entity/Q925075,Royal Cappellen Football Club,0.0,2009-01-01T00:00:00Z,2010-01-01T00:00:00Z
http://www.wikidata.org/entity/Q671181,http://www.wikidata.org/entity/Q187528,RSC Anderlecht,100.0,1997-01-01T00:00:00Z,2001-01-01T00:00:00Z
http://www.wikidata.org/entity/Q671181,http://www.wikidata.org/entity/Q131603,TSV Munich 1860,19.0,2001-01-01T00:00:00Z,2002-01-01T00:00:00Z
http://www.wikidata.org/entity/Q671181,http://www.wikidata.org/entity/Q646079,K Beerschot AC,68.0,2006-01-01T00:00:00Z,2009-01-01T00:00:00Z
http://www.wikidata.org/entity/Q671181,http://www.wikidata.org/entity/Q646079,K Beerschot AC,169.0,1990-01-01T00:00:00Z,1997-01-01T00:00:00Z
http://www.wikidata.org/entity/Q671181,http://www.wikidata.org/entity/Q131209,FK Austria Vienne,86.0,2002-01-01T00:00:00Z,2006-01-01T00:00:00Z
http://www.wikidata.org/entity/Q671587,http://www.wikidata.org/entity/Q321061,FC Sion,,2019-07-02T00:00:00Z,
http://www.wikidata.org/entity/Q671587,http://www.wikidata.org/entity/Q3873550,équipe de Suisse de football des moins de 20 ans,10.0,2009-01-01T00:00:00Z,2012-01-01T00:00:00Z
http://www.wikidata.org/entity/Q671587,http://www.wikidata.org/entity/Q633521,FC Lugano,0.0,2012-01-01T00:00:00Z,2012-01-01T00:00:00Z
http://www.wikidata.org/entity/Q671587,http://www.wikidata.org/entity/Q335195,Neuchâtel Xamax FCS,14.0,2016-01-01T00:00:00Z,2016-01-01T00:00:00Z
http://www.wikidata.org/entity/Q671587,http://www.wikidata.org/entity/Q659212,FC Saint-Gall,35.0,2014-01-01T00:00:00Z,2016-01-01T00:00:00Z
http://www.wikidata.org/entity/Q671587,http://www.wikidata.org/entity/Q464775,FC Thoune,26.0,2016-01-01T00:00:00Z,
http://www.wikidata.org/entity/Q671587,http://www.wikidata.org/entity/Q2037,Associazione Calcio ChievoVerona,0.0,2012-01-01T00:00:00Z,2012-01-01T00:00:00Z
http://www.wikidata.org/entity/Q671587,http://www.wikidata.org/entity/Q678582,équipe de Suisse espoirs de football,1.0,2012-01-01T00:00:00Z,2012-01-01T00:00:00Z
http://www.wikidata.org/entity/Q671587,http://www.wikidata.org/entity/Q335195,Neuchâtel Xamax FCS,45.0,2008-01-01T00:00:00Z,2012-01-01T00:00:00Z
http://www.wikidata.org/entity/Q671587,http://www.wikidata.org/entity/Q309456,FC Lausanne-Sport,64.0,2012-01-01T00:00:00Z,2014-01-01T00:00:00Z
http://www.wikidata.org/entity/Q671679,http://www.wikidata.org/entity/Q1122596,Unione Sportiva Brescello,73.0,1999-01-01T00:00:00Z,2002-01-01T00:00:00Z
http://www.wikidata.org/entity/Q671679,http://www.wikidata.org/entity/Q29390,ACR Messine,17.0,2006-01-01T00:00:00Z,2007-01-01T00:00:00Z
http://www.wikidata.org/entity/Q671679,http://www.wikidata.org/entity/Q298333,Lucchese 1905,23.0,2007-01-01T00:00:00Z,2008-01-01T00:00:00Z
http://www.wikidata.org/entity/Q671679,http://www.wikidata.org/entity/Q289707,AC Reggiana,59.0,2003-01-01T00:00:00Z,2005-01-01T00:00:00Z
http://www.wikidata.org/entity/Q671679,http://www.wikidata.org/entity/Q1279917,Pistoiese Football Club,37.0,1998-01-01T00:00:00Z,1999-01-01T00:00:00Z
http://www.wikidata.org/entity/Q671679,http://www.wikidata.org/entity/Q1349814,Ravenne Calcio,,1997-01-01T00:00:00Z,1997-01-01T00:00:00Z
http://www.wikidata.org/entity/Q671679,http://www.wikidata.org/entity/Q963110,SEF Torres Calcio 1903,30.0,2005-01-01T00:00:00Z,2006-01-01T00:00:00Z
http://www.wikidata.org/entity/Q671679,http://www.wikidata.org/entity/Q777337,Aurora Pro Patria 1919,17.0,2008-01-01T00:00:00Z,2010-01-01T00:00:00Z
http://www.wikidata.org/entity/Q671679,http://www.wikidata.org/entity/Q2693,Parme Calcio 1913,1.0,1996-01-01T00:00:00Z,1997-01-01T00:00:00Z
http://www.wikidata.org/entity/Q671679,http://www.wikidata.org/entity/Q13385,SPAL Ferrara,22.0,2002-01-01T00:00:00Z,2002-01-01T00:00:00Z
http://www.wikidata.org/entity/Q671731,http://www.wikidata.org/entity/Q483856,équipe de Turquie de football,21.0,2003-01-01T00:00:00Z,2007-01-01T00:00:00Z
http://www.wikidata.org/entity/Q671731,http://www.wikidata.org/entity/Q43710,Antalyaspor,95.0,2010-01-01T00:00:00Z,2014-01-01T00:00:00Z
http://www.wikidata.org/entity/Q671731,http://www.wikidata.org/entity/Q6463,FC Sankt Pauli,38.0,1999-01-01T00:00:00Z,2002-01-01T00:00:00Z
http://www.wikidata.org/entity/Q671731,http://www.wikidata.org/entity/Q641373,Gençlerbirliği SK,57.0,2002-01-01T00:00:00Z,2004-01-01T00:00:00Z
http://www.wikidata.org/entity/Q671731,http://www.wikidata.org/entity/Q6601875,Fenerbahçe Istanbul,102.0,2004-01-01T00:00:00Z,2010-01-01T00:00:00Z
http://www.wikidata.org/entity/Q672396,http://www.wikidata.org/entity/Q19444,Birmingham City FC,4.0,2002-01-01T00:00:00Z,2002-01-01T00:00:00Z
http://www.wikidata.org/entity/Q669834,http://www.wikidata.org/entity/Q43710,Antalyaspor,148.0,2017-01-01T00:00:00Z,2022-01-01T00:00:00Z
http://www.wikidata.org/entity/Q607360,http://www.wikidata.org/entity/Q797530,Istres FC,78.0,2008-01-01T00:00:00Z,2012-01-01T00:00:00Z
http://www.wikidata.org/entity/Q607360,http://www.wikidata.org/entity/Q1811436,stade olympique Cassis Carnoux,12.0,2007-01-01T00:00:00Z,2008-01-01T00:00:00Z
http://www.wikidata.org/entity/Q607360,http://www.wikidata.org/entity/Q3550555,Marignane-Gignac-Côte Bleue FC,,2013-01-01T00:00:00Z,2014-01-01T00:00:00Z
http://www.wikidata.org/entity/Q607360,http://www.wikidata.org/entity/Q797530,Istres FC,128.0,2000-01-01T00:00:00Z,2005-01-01T00:00:00Z
http://www.wikidata.org/entity/Q607360,http://www.wikidata.org/entity/Q1056987,SC Toulon,29.0,2006-01-01T00:00:00Z,2007-01-01T00:00:00Z
http://www.wikidata.org/entity/Q607360,http://www.wikidata.org/entity/Q627334,Gazélec FC Ajaccio,11.0,2012-01-01T00:00:00Z,2013-01-01T00:00:00Z
http://www.wikidata.org/entity/Q607360,http://www.wikidata.org/entity/Q870182,Clermont Foot 63,19.0,2005-01-01T00:00:00Z,2006-01-01T00:00:00Z
http://www.wikidata.org/entity/Q607676,http://www.wikidata.org/entity/Q29115,Lokomotiv Moscou,1.0,2005-01-01T00:00:00Z,2005-01-01T00:00:00Z
http://www.wikidata.org/entity/Q607676,http://www.wikidata.org/entity/Q5425199,FK Torpedo-ZIL Moscou,0.0,1998-01-01T00:00:00Z,1998-01-01T00:00:00Z
http://www.wikidata.org/entity/Q607676,http://www.wikidata.org/entity/Q240438,Alania Vladikavkaz,6.0,2005-01-01T00:00:00Z,2005-01-01T00:00:00Z
http://www.wikidata.org/entity/Q607676,http://www.wikidata.org/entity/Q17497,Dynamo Moscou,23.0,2007-01-01T00:00:00Z,2009-01-01T00:00:00Z
http://www.wikidata.org/entity/Q607676,http://www.wikidata.org/entity/Q221525,FC Metz,3.0,2005-01-01T00:00:00Z,2005-01-01T00:00:00Z
http://www.wikidata.org/entity/Q607676,http://www.wikidata.org/entity/Q221525,FC Metz,7.0,2005-01-01T00:00:00Z,2006-01-01T00:00:00Z
http://www.wikidata.org/entity/Q607676,http://www.wikidata.org/entity/Q211477,Dinamo Minsk,4.0,2010-01-01T00:00:00Z,2010-01-01T00:00:00Z
http://www.wikidata.org/entity/Q607676,http://www.wikidata.org/entity/Q726080,équipe de Russie de football,4.0,2001-01-01T00:00:00Z,2002-01-01T00:00:00Z
http://www.wikidata.org/entity/Q607676,http://www.wikidata.org/entity/Q29115,Lokomotiv Moscou,85.0,1999-01-01T00:00:00Z,2004-01-01T00:00:00Z
http://www.wikidata.org/entity/Q608620,http://www.wikidata.org/entity/Q107818,FC Energie Cottbus,2.0,2012-01-01T00:00:00Z,2014-01-01T00:00:00Z
http://www.wikidata.org/entity/Q608620,http://www.wikidata.org/entity/Q141931,SG Dynamo Dresde,14.0,2009-01-01T00:00:00Z,2009-01-01T00:00:00Z
http://www.wikidata.org/entity/Q608620,http://www.wikidata.org/entity/Q161554,Chemnitzer FC,55.0,2010-01-01T00:00:00Z,2012-01-01T00:00:00Z
http://www.wikidata.org/entity/Q608620,http://www.wikidata.org/entity/Q107818,FC Energie Cottbus,2.0,1999-01-01T00:00:00Z,2001-01-01T00:00:00Z
http://www.wikidata.org/entity/Q608620,http://www.wikidata.org/entity/Q833337,SV Grün-Weiß Lübben,,2014-01-01T00:00:00Z,
http://www.wikidata.org/entity/Q608620,http://www.wikidata.org/entity/Q141882,FC Erzgebirge Aue,114.0,2003-01-01T00:00:00Z,2008-01-01T00:00:00Z
http://www.wikidata.org/entity/Q608620,http://www.wikidata.org/entity/Q160530,VfL Osnabrück,0.0,2008-01-01T00:00:00Z,2009-01-01T00:00:00Z
http://www.wikidata.org/entity/Q608620,http://www.wikidata.org/entity/Q300355,Dresdner SC,54.0,2001-01-01T00:00:00Z,2003-01-01T00:00:00Z
http://www.wikidata.org/entity/Q610019,http://www.wikidata.org/entity/Q3445491,NK Croatia Đakovo,,2005-01-01T00:00:00Z,2007-01-01T00:00:00Z
http://www.wikidata.org/entity/Q610019,http://www.wikidata.org/entity/Q6954550,NK NAŠK,,2007-01-01T00:00:00Z,
http://www.wikidata.org/entity/Q610019,http://www.wikidata.org/entity/Q647893,SV Eintracht Trèves 1905,75.0,2002-01-01T00:00:00Z,2005-01-01T00:00:00Z
http://www.wikidata.org/entity/Q610019,http://www.wikidata.org/entity/Q738876,NK Osijek,103.0,1991-01-01T00:00:00Z,1996-01-01T00:00:00Z
http://www.wikidata.org/entity/Q610019,http://www.wikidata.org/entity/Q170105,SV Stuttgarter Kickers,24.0,1996-01-01T00:00:00Z,1997-01-01T00:00:00Z
http://www.wikidata.org/entity/Q610019,http://www.wikidata.org/entity/Q170125,Rot Weiss Ahlen,9.0,2002-01-01T00:00:00Z,2002-01-01T00:00:00Z
http://www.wikidata.org/entity/Q610019,http://www.wikidata.org/entity/Q107818,FC Energie Cottbus,124.0,1997-01-01T00:00:00Z,2001-01-01T00:00:00Z
http://www.wikidata.org/entity/Q610357,http://www.wikidata.org/entity/Q222837,Athlétic Club arlésien,89.0,2011-01-01T00:00:00Z,2015-01-01T00:00:00Z
http://www.wikidata.org/entity/Q610357,http://www.wikidata.org/entity/Q208228,Stade de Reims,,2015-01-01T00:00:00Z,
http://www.wikidata.org/entity/Q610357,http://www.wikidata.org/entity/Q19513,Montpellier Hérault SC,0.0,2008-01-01T00:00:00Z,2011-01-01T00:00:00Z
http://www.wikidata.org/entity/Q610605,http://www.wikidata.org/entity/Q2701714,équipe de France de football des moins de 19 ans,6.0,2008-01-01T00:00:00Z,2009-01-01T00:00:00Z
http://www.wikidata.org/entity/Q610605,http://www.wikidata.org/entity/Q2674,Palermo F.C.,2.0,2015-01-01T00:00:00Z,2015-01-01T00:00:00Z
http://www.wikidata.org/entity/Q610605,http://www.wikidata.org/entity/Q1450568,équipe de France de football des moins de 17 ans,4.0,2006-01-01T00:00:00Z,2007-01-01T00:00:00Z
http://www.wikidata.org/entity/Q610605,http://www.wikidata.org/entity/Q2686567,équipe du Maroc de football des moins de 23 ans,2.0,2012-01-01T00:00:00Z,2012-01-01T00:00:00Z
http://www.wikidata.org/entity/Q610605,http://www.wikidata.org/entity/Q208228,Stade de Reims,0.0,2016-01-01T00:00:00Z,2016-01-01T00:00:00Z
http://www.wikidata.org/entity/Q610605,http://www.wikidata.org/entity/Q1450557,équipe de France de football des moins de 18 ans,2.0,2007-01-01T00:00:00Z,2008-01-01T00:00:00Z
http://www.wikidata.org/entity/Q610605,http://www.wikidata.org/entity/Q208228,Stade de Reims,,2016-01-01T00:00:00Z,2016-01-01T00:00:00Z
http://www.wikidata.org/entity/Q610605,http://www.wikidata.org/entity/Q2674,Palermo F.C.,7.0,2015-01-01T00:00:00Z,2016-01-01T00:00:00Z
http://www.wikidata.org/entity/Q610605,http://www.wikidata.org/entity/Q207337,équipe du Maroc de football,,2011-01-01T00:00:00Z,
http://www.wikidata.org/entity/Q610605,http://www.wikidata.org/entity/Q19513,Montpellier Hérault SC,170.0,2007-01-01T00:00:00Z,2015-01-01T00:00:00Z
http://www.wikidata.org/entity/Q611185,http://www.wikidata.org/entity/Q1972015,Olympique de Safi,,2015-01-01T00:00:00Z,
http://www.wikidata.org/entity/Q611185,http://www.wikidata.org/entity/Q207337,équipe du Maroc de football,,2007-01-01T00:00:00Z,2007-01-01T00:00:00Z
http://www.wikidata.org/entity/Q611185,http://www.wikidata.org/entity/Q1389863,FUS Rabat,,2013-01-01T00:00:00Z,2014-01-01T00:00:00Z
http://www.wikidata.org/entity/Q611185,http://www.wikidata.org/entity/Q760736,Stade lavallois,17.0,2007-01-01T00:00:00Z,2008-01-01T00:00:00Z
http://www.wikidata.org/entity/Q611185,http://www.wikidata.org/entity/Q1277549,équipe de France espoirs de football,1.0,2006-01-01T00:00:00Z,2006-01-01T00:00:00Z
http://www.wikidata.org/entity/Q611185,http://www.wikidata.org/entity/Q192071,Football Club de Nantes,33.0,2005-01-01T00:00:00Z,2010-01-01T00:00:00Z
http://www.wikidata.org/entity/Q611185,http://www.wikidata.org/entity/Q760736,Stade lavallois,,2008-01-01T00:00:00Z,2008-01-01T00:00:00Z
http://www.wikidata.org/entity/Q611185,http://www.wikidata.org/entity/Q19516,Lille OSC,,2011-01-01T00:00:00Z,2013-01-01T00:00:00Z
http://www.wikidata.org/entity/Q611185,http://www.wikidata.org/entity/Q1450568,équipe de France de football des moins de 17 ans,12.0,2003-01-01T00:00:00Z,2004-01-01T00:00:00Z
http://www.wikidata.org/entity/Q611186,http://www.wikidata.org/entity/Q291559,AE Paphos,13.0,2008-01-01T00:00:00Z,2009-01-01T00:00:00Z
http://www.wikidata.org/entity/Q611186,http://www.wikidata.org/entity/Q15786,1. FC Nuremberg,7.0,2002-01-01T00:00:00Z,2003-01-01T00:00:00Z
http://www.wikidata.org/entity/Q611186,http://www.wikidata.org/entity/Q207501,FK Vojvodina Novi Sad,100.0,1997-01-01T00:00:00Z,2002-01-01T00:00:00Z
http://www.wikidata.org/entity/Q611186,http://www.wikidata.org/entity/Q209619,OFK Belgrade,2.0,2002-01-01T00:00:00Z,2002-01-01T00:00:00Z
http://www.wikidata.org/entity/Q611186,http://www.wikidata.org/entity/Q296228,APOP Kinyras Peyias Football Club,18.0,2005-01-01T00:00:00Z,2006-01-01T00:00:00Z
http://www.wikidata.org/entity/Q611186,http://www.wikidata.org/entity/Q141688,Anorthosis Famagouste FC,21.0,2007-01-01T00:00:00Z,2008-01-01T00:00:00Z
http://www.wikidata.org/entity/Q611186,http://www.wikidata.org/entity/Q862791,Ethnikos Achna,23.0,2006-01-01T00:00:00Z,2007-01-01T00:00:00Z
http://www.wikidata.org/entity/Q611186,http://www.wikidata.org/entity/Q207501,FK Vojvodina Novi Sad,47.0,2003-01-01T00:00:00Z,2005-01-01T00:00:00Z
http://www.wikidata.org/entity/Q611186,http://www.wikidata.org/entity/Q862791,Ethnikos Achna,23.0,2009-01-01T00:00:00Z,2010-01-01T00:00:00Z
http://www.wikidata.org/entity/Q611186,http://www.wikidata.org/entity/Q182740,équipe de Serbie de football,2.0,2007-01-01T00:00:00Z,2007-01-01T00:00:00Z
http://www.wikidata.org/entity/Q611186,http://www.wikidata.org/entity/Q714581,Nea Salamina Famagouste,,2010-01-01T00:00:00Z,2011-01-01T00:00:00Z
http://www.wikidata.org/entity/Q611524,http://www.wikidata.org/entity/Q105844,DSC Arminia Bielefeld,102.0,2003-01-01T00:00:00Z,2008-01-01T00:00:00Z
http://www.wikidata.org/entity/Q611524,http://www.wikidata.org/entity/Q8466,1. FC Kaiserslautern,0.0,2003-01-01T00:00:00Z,2003-01-01T00:00:00Z
http://www.wikidata.org/entity/Q611524,http://www.wikidata.org/entity/Q193481,AC Sparta Prague,94.0,1996-01-01T00:00:00Z,2000-01-01T00:00:00Z
http://www.wikidata.org/entity/Q611524,http://www.wikidata.org/entity/Q1441523,FK Union Cheb 2001,8.0,1992-01-01T00:00:00Z,1993-01-01T00:00:00Z
http://www.wikidata.org/entity/Q611524,http://www.wikidata.org/entity/Q512476,FK Viktoria Žižkov,27.0,2008-01-01T00:00:00Z,2009-01-01T00:00:00Z
http://www.wikidata.org/entity/Q611524,http://www.wikidata.org/entity/Q483868,équipe de Tchéquie de football,10.0,1995-01-01T00:00:00Z,2000-01-01T00:00:00Z
http://www.wikidata.org/entity/Q611524,http://www.wikidata.org/entity/Q8466,1. FC Kaiserslautern,7.0,2000-01-01T00:00:00Z,2002-01-01T00:00:00Z
http://www.wikidata.org/entity/Q611524,http://www.wikidata.org/entity/Q738886,FK Teplice,10.0,2002-01-01T00:00:00Z,2003-01-01T00:00:00Z
http://www.wikidata.org/entity/Q611524,http://www.wikidata.org/entity/Q1464421,équipe de Tchéquie espoirs de football,12.0,1994-01-01T00:00:00Z,1996-01-01T00:00:00Z
http://www.wikidata.org/entity/Q611524,http://www.wikidata.org/entity/Q738886,FK Teplice,10.0,2003-01-01T00:00:00Z,2003-01-01T00:00:00Z
http://www.wikidata.org/entity/Q611524,http://www.wikidata.org/entity/Q512476,FK Viktoria Žižkov,79.0,1993-01-01T00:00:00Z,1996-01-01T00:00:00Z
http://www.wikidata.org/entity/Q612966,http://www.wikidata.org/entity/Q270420,PFC Litex Lovetch,19.0,2005-01-01T00:00:00Z,2006-01-01T00:00:00Z
http://www.wikidata.org/entity/Q612966,http://www.wikidata.org/entity/Q221752,F91 Dudelange,54.0,2010-01-01T00:00:00Z,2013-01-01T00:00:00Z
http://www.wikidata.org/entity/Q612966,http://www.wikidata.org/entity/Q193377,Stade Malherbe Caen,136.0,1998-01-01T00:00:00Z,2002-01-01T00:00:00Z
http://www.wikidata.org/entity/Q612966,http://www.wikidata.org/entity/Q870182,Clermont Foot 63,44.0,2002-01-01T00:00:00Z,2004-01-01T00:00:00Z
http://www.wikidata.org/entity/Q612966,http://www.wikidata.org/entity/Q537552,Tianjin TEDA,8.0,2009-01-01T00:00:00Z,2010-01-01T00:00:00Z
http://www.wikidata.org/entity/Q612966,http://www.wikidata.org/entity/Q216032,KRC Genk,56.0,2006-01-01T00:00:00Z,2009-01-01T00:00:00Z
http://www.wikidata.org/entity/Q612966,http://www.wikidata.org/entity/Q221525,FC Metz,0.0,1997-01-01T00:00:00Z,1998-01-01T00:00:00Z
http://www.wikidata.org/entity/Q612966,http://www.wikidata.org/entity/Q591339,FC Differdange 03,8.0,2013-01-01T00:00:00Z,2015-01-01T00:00:00Z
http://www.wikidata.org/entity/Q612966,http://www.wikidata.org/entity/Q221525,FC Metz,23.0,2004-01-01T00:00:00Z,2005-01-01T00:00:00Z
http://www.wikidata.org/entity/Q612966,http://www.wikidata.org/entity/Q537552,Tianjin TEDA,26.0,2009-01-01T00:00:00Z,2009-01-01T00:00:00Z
http://www.wikidata.org/entity/Q613196,http://www.wikidata.org/entity/Q18747,West Ham United FC,0.0,2001-01-01T00:00:00Z,2002-01-01T00:00:00Z
http://www.wikidata.org/entity/Q613196,http://www.wikidata.org/entity/Q2454929,Sutton United Football Club,10.0,2012-01-01T00:00:00Z,2012-01-01T00:00:00Z
http://www.wikidata.org/entity/Q613196,http://www.wikidata.org/entity/Q2454929,Sutton United Football Club,39.0,2012-01-01T00:00:00Z,2013-01-01T00:00:00Z
http://www.wikidata.org/entity/Q613196,http://www.wikidata.org/entity/Q48938,Dagenham & Redbridge FC,188.0,2004-01-01T00:00:00Z,2010-01-01T00:00:00Z
http://www.wikidata.org/entity/Q613196,http://www.wikidata.org/entity/Q18516,Hereford United Football Club,9.0,2003-01-01T00:00:00Z,2004-01-01T00:00:00Z
http://www.wikidata.org/entity/Q613196,http://www.wikidata.org/entity/Q3283867,Telford United F.C.,6.0,2004-01-01T00:00:00Z,2004-01-01T00:00:00Z
http://www.wikidata.org/entity/Q613196,http://www.wikidata.org/entity/Q625130,Grays Athletic Football Club,11.0,2009-01-01T00:00:00Z,2009-01-01T00:00:00Z
http://www.wikidata.org/entity/Q613196,http://www.wikidata.org/entity/Q18505,Association Football Club Telford United,6.0,2004-01-01T00:00:00Z,2004-01-01T00:00:00Z
http://www.wikidata.org/entity/Q613196,http://www.wikidata.org/entity/Q19498,Sheffield Wednesday FC,0.0,2002-01-01T00:00:00Z,2002-01-01T00:00:00Z
http://www.wikidata.org/entity/Q613196,http://www.wikidata.org/entity/Q1278095,Eastbourne Borough Football Club,29.0,2012-01-01T00:00:00Z,2013-01-01T00:00:00Z
http://www.wikidata.org/entity/Q613196,http://www.wikidata.org/entity/Q9408,Barnet FC,39.0,2010-01-01T00:00:00Z,2012-01-01T00:00:00Z
http://www.wikidata.org/entity/Q613196,http://www.wikidata.org/entity/Q48925,Bristol Rovers FC,19.0,2002-01-01T00:00:00Z,2004-01-01T00:00:00Z
http://www.wikidata.org/entity/Q523074,http://www.wikidata.org/entity/Q134916,équipe d'Uruguay de football,5.0,1991-01-01T00:00:00Z,2005-01-01T00:00:00Z
http://www.wikidata.org/entity/Q523074,http://www.wikidata.org/entity/Q170703,Boca Juniors,18.0,1993-01-01T00:00:00Z,1995-01-01T00:00:00Z
http://www.wikidata.org/entity/Q523074,http://www.wikidata.org/entity/Q844238,Defensor Sporting Club,36.0,1995-01-01T00:00:00Z,1996-01-01T00:00:00Z
http://www.wikidata.org/entity/Q523074,http://www.wikidata.org/entity/Q1023185,Tecos Fútbol Club,66.0,2003-01-01T00:00:00Z,2004-01-01T00:00:00Z
http://www.wikidata.org/entity/Q523074,http://www.wikidata.org/entity/Q1131189,Liverpool Fútbol Club,16.0,2008-01-01T00:00:00Z,2009-01-01T00:00:00Z
http://www.wikidata.org/entity/Q523074,http://www.wikidata.org/entity/Q499616,Club Nacional,18.0,2006-01-01T00:00:00Z,2007-01-01T00:00:00Z
http://www.wikidata.org/entity/Q523074,http://www.wikidata.org/entity/Q844238,Defensor Sporting Club,58.0,1989-01-01T00:00:00Z,1992-01-01T00:00:00Z
http://www.wikidata.org/entity/Q523074,http://www.wikidata.org/entity/Q1900,Cagliari Calcio,5.0,1992-01-01T00:00:00Z,1993-01-01T00:00:00Z
http://www.wikidata.org/entity/Q523074,http://www.wikidata.org/entity/Q391984,Club Deportivo Los Millonarios,10.0,2007-01-01T00:00:00Z,2007-01-01T00:00:00Z
http://www.wikidata.org/entity/Q523074,http://www.wikidata.org/entity/Q844238,Defensor Sporting Club,5.0,2006-01-01T00:00:00Z,2006-01-01T00:00:00Z
http://www.wikidata.org/entity/Q523543,http://www.wikidata.org/entity/Q268776,Saint Johnstone Football Club,6.0,2009-01-01T00:00:00Z,2010-01-01T00:00:00Z
http://www.wikidata.org/entity/Q523543,http://www.wikidata.org/entity/Q223813,TPS Turku,19.0,2010-01-01T00:00:00Z,2011-01-01T00:00:00Z
http://www.wikidata.org/entity/Q523543,http://www.wikidata.org/entity/Q223813,TPS Turku,32.0,1995-01-01T00:00:00Z,1997-01-01T00:00:00Z
http://www.wikidata.org/entity/Q523543,http://www.wikidata.org/entity/Q204881,Malmö FF,55.0,2006-01-01T00:00:00Z,2008-01-01T00:00:00Z
http://www.wikidata.org/entity/Q523543,http://www.wikidata.org/entity/Q186532,équipe de Finlande de football,106.0,1996-01-01T00:00:00Z,2010-01-01T00:00:00Z
http://www.wikidata.org/entity/Q523543,http://www.wikidata.org/entity/Q222861,FC Flora Tallinn,9.0,1997-01-01T00:00:00Z,1997-01-01T00:00:00Z
http://www.wikidata.org/entity/Q523543,http://www.wikidata.org/entity/Q19462,Charlton Athletic FC,148.0,2000-01-01T00:00:00Z,2006-01-01T00:00:00Z
http://www.wikidata.org/entity/Q523543,http://www.wikidata.org/entity/Q4356309,Pargas Idrottsförening,23.0,1994-01-01T00:00:00Z,1994-01-01T00:00:00Z
http://www.wikidata.org/entity/Q523543,http://www.wikidata.org/entity/Q192597,Hibernian F.C.,9.0,2009-01-01T00:00:00Z,2009-01-01T00:00:00Z
http://www.wikidata.org/entity/Q523543,http://www.wikidata.org/entity/Q19597,Rangers FC,48.0,1997-01-01T00:00:00Z,2000-01-01T00:00:00Z
http://www.wikidata.org/entity/Q523543,http://www.wikidata.org/entity/Q18721,Norwich City FC,12.0,2006-01-01T00:00:00Z,2006-01-01T00:00:00Z
http://www.wikidata.org/entity/Q523918,http://www.wikidata.org/entity/Q167781,Zawisza Bydgoszcz,,2015-01-01T00:00:00Z,
http://www.wikidata.org/entity/Q523918,http://www.wikidata.org/entity/Q15786,1. FC Nuremberg,0.0,2009-01-01T00:00:00Z,2010-01-01T00:00:00Z
http://www.wikidata.org/entity/Q523918,http://www.wikidata.org/entity/Q741382,Kapfenberger SV,24.0,2011-01-01T00:00:00Z,2013-01-01T00:00:00Z
http://www.wikidata.org/entity/Q523918,http://www.wikidata.org/entity/Q4545849,FC Nuremberg II,33.0,2009-01-01T00:00:00Z,2011-01-01T00:00:00Z
http://www.wikidata.org/entity/Q523918,http://www.wikidata.org/entity/Q3873552,équipe de Pologne de football des moins de 20 ans,1.0,2010-01-01T00:00:00Z,2010-01-01T00:00:00Z
http://www.wikidata.org/entity/Q523918,http://www.wikidata.org/entity/Q134255,Górnik Zabrze,6.0,2013-01-01T00:00:00Z,2014-01-01T00:00:00Z
http://www.wikidata.org/entity/Q523918,http://www.wikidata.org/entity/Q651966,Stomil Olsztyn,3.0,2014-01-01T00:00:00Z,2015-01-01T00:00:00Z
http://www.wikidata.org/entity/Q524168,http://www.wikidata.org/entity/Q737947,IK Start,9.0,2008-01-01T00:00:00Z,2009-01-01T00:00:00Z
http://www.wikidata.org/entity/Q524168,http://www.wikidata.org/entity/Q595792,SK VÖEST Linz,28.0,1996-01-01T00:00:00Z,1997-01-01T00:00:00Z
http://www.wikidata.org/entity/Q524168,http://www.wikidata.org/entity/Q184387,équipe de Norvège de football,78.0,1990-01-01T00:00:00Z,2000-01-01T00:00:00Z
http://www.wikidata.org/entity/Q524168,http://www.wikidata.org/entity/Q995313,Bryne FK,17.0,1989-01-01T00:00:00Z,1989-01-01T00:00:00Z
http://www.wikidata.org/entity/Q524168,http://www.wikidata.org/entity/Q188430,FC Copenhague,51.0,2002-01-01T00:00:00Z,2004-01-01T00:00:00Z
http://www.wikidata.org/entity/Q524168,http://www.wikidata.org/entity/Q2446294,équipe de Norvège espoirs de football,15.0,1990-01-01T00:00:00Z,1991-01-01T00:00:00Z
http://www.wikidata.org/entity/Q524168,http://www.wikidata.org/entity/Q24680,FC Utrecht,9.0,1995-01-01T00:00:00Z,1995-01-01T00:00:00Z
http://www.wikidata.org/entity/Q524168,http://www.wikidata.org/entity/Q737947,IK Start,159.0,1989-01-01T00:00:00Z,1996-01-01T00:00:00Z
http://www.wikidata.org/entity/Q524168,http://www.wikidata.org/entity/Q4122219,Panathinaïkós,71.0,1997-01-01T00:00:00Z,2000-01-01T00:00:00Z
http://www.wikidata.org/entity/Q524168,http://www.wikidata.org/entity/Q131603,TSV Munich 1860,26.0,2000-01-01T00:00:00Z,2001-01-01T00:00:00Z
http://www.wikidata.org/entity/Q524168,http://www.wikidata.org/entity/Q4567423,Drammen FK,1.0,2009-01-01T00:00:00Z,2009-01-01T00:00:00Z
http://www.wikidata.org/entity/Q525057,http://www.wikidata.org/entity/Q81888,Ajax Amsterdam,24.0,1997-01-01T00:00:00Z,1999-01-01T00:00:00Z
http://www.wikidata.org/entity/Q525057,http://www.wikidata.org/entity/Q200321,SC Heerenveen,84.0,2007-01-01T00:00:00Z,2010-01-01T00:00:00Z
http://www.wikidata.org/entity/Q525057,http://www.wikidata.org/entity/Q24719,Roda JC,34.0,1996-01-01T00:00:00Z,1997-01-01T00:00:00Z
http://www.wikidata.org/entity/Q525057,http://www.wikidata.org/entity/Q19498,Sheffield Wednesday FC,129.0,1999-01-01T00:00:00Z,2002-01-01T00:00:00Z
http://www.wikidata.org/entity/Q525057,http://www.wikidata.org/entity/Q200321,SC Heerenveen,38.0,2002-01-01T00:00:00Z,2004-01-01T00:00:00Z
http://www.wikidata.org/entity/Q525057,http://www.wikidata.org/entity/Q15786,1. FC Nuremberg,10.0,2006-01-01T00:00:00Z,2007-01-01T00:00:00Z
http://www.wikidata.org/entity/Q525057,http://www.wikidata.org/entity/Q2520066,équipe des Pays-Bas olympique de football,,2008-01-01T00:00:00Z,2008-01-01T00:00:00Z
http://www.wikidata.org/entity/Q525057,http://www.wikidata.org/entity/Q24689,VVV Venlo,53.0,1994-01-01T00:00:00Z,1996-01-01T00:00:00Z
http://www.wikidata.org/entity/Q525057,http://www.wikidata.org/entity/Q748725,Melbourne City FC,27.0,2010-01-01T00:00:00Z,2011-01-01T00:00:00Z
http://www.wikidata.org/entity/Q525057,http://www.wikidata.org/entity/Q19603,FC Twente,3.0,1993-01-01T00:00:00Z,1994-01-01T00:00:00Z
http://www.wikidata.org/entity/Q525057,http://www.wikidata.org/entity/Q11938,PSV Eindhoven,21.0,2004-01-01T00:00:00Z,2006-01-01T00:00:00Z
http://www.wikidata.org/entity/Q525057,http://www.wikidata.org/entity/Q200321,SC Heerenveen,14.0,2011-01-01T00:00:00Z,2012-01-01T00:00:00Z
http://www.wikidata.org/entity/Q525171,http://www.wikidata.org/entity/Q370712,Excelsior Rotterdam,65.0,2005-01-01T00:00:00Z,2007-01-01T00:00:00Z
http://www.wikidata.org/entity/Q525171,http://www.wikidata.org/entity/Q354059,Adelaide United Football Club,11.0,2011-01-01T00:00:00Z,2011-01-01T00:00:00Z
http://www.wikidata.org/entity/Q525171,http://www.wikidata.org/entity/Q18744,West Bromwich Albion,6.0,2010-01-01T00:00:00Z,2010-01-01T00:00:00Z
http://www.wikidata.org/entity/Q525171,http://www.wikidata.org/entity/Q134241,Feyenoord Rotterdam,50.0,2007-01-01T00:00:00Z,2010-01-01T00:00:00Z
http://www.wikidata.org/entity/Q525171,http://www.wikidata.org/entity/Q47050,équipe des Pays-Bas de football,2.0,2007-01-01T00:00:00Z,2007-01-01T00:00:00Z
http://www.wikidata.org/entity/Q525171,http://www.wikidata.org/entity/Q1071713,SC Telstar,77.0,2001-01-01T00:00:00Z,2005-01-01T00:00:00Z
http://www.wikidata.org/entity/Q525171,http://www.wikidata.org/entity/Q1770402,BVV Barendrecht,,2013-01-01T00:00:00Z,2013-01-01T00:00:00Z
http://www.wikidata.org/entity/Q525171,http://www.wikidata.org/entity/Q144190,PFK Levski Sofia,,2010-01-01T00:00:00Z,2011-01-01T00:00:00Z
http://www.wikidata.org/entity/Q525171,http://www.wikidata.org/entity/Q1071713,SC Telstar,0.0,2000-01-01T00:00:00Z,2001-01-01T00:00:00Z
http://www.wikidata.org/entity/Q525171,http://www.wikidata.org/entity/Q1045811,FC Dordrecht,5.0,2015-01-01T00:00:00Z,2015-01-01T00:00:00Z
http://www.wikidata.org/entity/Q525171,http://www.wikidata.org/entity/Q144190,PFK Levski Sofia,5.0,2010-01-01T00:00:00Z,2010-01-01T00:00:00Z
http://www.wikidata.org/entity/Q525582,http://www.wikidata.org/entity/Q244595,Újpest Football Club,90.0,2012-01-01T00:00:00Z,2015-01-01T00:00:00Z
http://www.wikidata.org/entity/Q525582,http://www.wikidata.org/entity/Q107818,FC Energie Cottbus,24.0,2008-01-01T00:00:00Z,2009-01-01T00:00:00Z
http://www.wikidata.org/entity/Q525582,http://www.wikidata.org/entity/Q2280491,FK Radnički Obrenovac,6.0,2003-01-01T00:00:00Z,2004-01-01T00:00:00Z
http://www.wikidata.org/entity/Q525582,http://www.wikidata.org/entity/Q275612,Budapest Honvéd,,2015-01-01T00:00:00Z,
http://www.wikidata.org/entity/Q525582,http://www.wikidata.org/entity/Q194393,SK Slavia Prague,9.0,2009-01-01T00:00:00Z,2010-01-01T00:00:00Z
http://www.wikidata.org/entity/Q525582,http://www.wikidata.org/entity/Q377494,Mogren Budva,25.0,2002-01-01T00:00:00Z,2003-01-01T00:00:00Z
http://www.wikidata.org/entity/Q525582,http://www.wikidata.org/entity/Q2662732,FK Kolubara,,2000-01-01T00:00:00Z,2002-01-01T00:00:00Z
http://www.wikidata.org/entity/Q525582,http://www.wikidata.org/entity/Q326811,Videoton Football Club,40.0,2010-01-01T00:00:00Z,2012-01-01T00:00:00Z
http://www.wikidata.org/entity/Q525582,http://www.wikidata.org/entity/Q570228,Békéscsaba 1912 Előre SE,25.0,2004-01-01T00:00:00Z,2005-01-01T00:00:00Z
http://www.wikidata.org/entity/Q525582,http://www.wikidata.org/entity/Q244595,Újpest Football Club,15.0,2010-01-01T00:00:00Z,2010-01-01T00:00:00Z
http://www.wikidata.org/entity/Q525582,http://www.wikidata.org/entity/Q674428,Kaposvári Rákóczi FC,57.0,2005-01-01T00:00:00Z,2007-01-01T00:00:00Z
http://www.wikidata.org/entity/Q526445,http://www.wikidata.org/entity/Q946297,équipe du pays de Galles espoirs de football,10.0,2007-01-01T00:00:00Z,2010-01-01T00:00:00Z
http://www.wikidata.org/entity/Q526445,http://www.wikidata.org/entity/Q19470,Derby County FC,4.0,2019-01-31T00:00:00Z,2019-06-30T00:00:00Z
http://www.wikidata.org/entity/Q526445,http://www.wikidata.org/entity/Q180857,équipe du pays de Galles de football,,2009-01-01T00:00:00Z,
http://www.wikidata.org/entity/Q526445,http://www.wikidata.org/entity/Q19473,Huddersfield Town Football Club,14.0,2020-01-01T00:00:00Z,2020-07-23T00:00:00Z
http://www.wikidata.org/entity/Q526445,http://www.wikidata.org/entity/Q18659,Swansea City AFC,11.0,2018-01-31T00:00:00Z,2018-05-31T00:00:00Z
http://www.wikidata.org/entity/Q526445,http://www.wikidata.org/entity/Q19481,Leicester City FC,329.0,2007-07-01T00:00:00Z,2020-07-24T00:00:00Z
http://www.wikidata.org/entity/Q526445,http://www.wikidata.org/entity/Q19597,Rangers FC,2.0,2019-08-01T00:00:00Z,2020-01-01T00:00:00Z
http://www.wikidata.org/entity/Q526445,http://www.wikidata.org/entity/Q916199,Oud-Heverlee Louvain,1.0,2021-01-05T00:00:00Z,2021-06-01T00:00:00Z
http://www.wikidata.org/entity/Q526445,http://www.wikidata.org/entity/Q3590810,équipe du pays de Galles de football des moins de 19 ans,7.0,2007-01-01T00:00:00Z,2007-01-01T00:00:00Z
http://www.wikidata.org/entity/Q526445,http://www.wikidata.org/entity/Q19481,Leicester City FC,,2004-07-01T00:00:00Z,2007-06-30T00:00:00Z
http://www.wikidata.org/entity/Q526445,http://www.wikidata.org/entity/Q19456,Bristol City Football Club,,2021-07-01T00:00:00Z,
http://www.wikidata.org/entity/Q527539,http://www.wikidata.org/entity/Q184387,équipe de Norvège de football,52.0,1997-01-01T00:00:00Z,2007-01-01T00:00:00Z
http://www.wikidata.org/entity/Q527539,http://www.wikidata.org/entity/Q186785,Rosenborg Ballklub,104.0,2003-01-01T00:00:00Z,2007-01-01T00:00:00Z
http://www.wikidata.org/entity/Q527539,http://www.wikidata.org/entity/Q638288,Strømsgodset IF,7.0,2009-01-01T00:00:00Z,2009-01-01T00:00:00Z
http://www.wikidata.org/entity/Q527539,http://www.wikidata.org/entity/Q392310,LASK,69.0,1996-01-01T00:00:00Z,1998-01-01T00:00:00Z
http://www.wikidata.org/entity/Q527539,http://www.wikidata.org/entity/Q214374,Lillestrøm SK,32.0,2007-01-01T00:00:00Z,2009-01-01T00:00:00Z
http://www.wikidata.org/entity/Q527539,http://www.wikidata.org/entity/Q837205,Kongsvinger IL,14.0,2010-01-01T00:00:00Z,2010-01-01T00:00:00Z
http://www.wikidata.org/entity/Q527539,http://www.wikidata.org/entity/Q837205,Kongsvinger IL,56.0,1993-01-01T00:00:00Z,1996-01-01T00:00:00Z
http://www.wikidata.org/entity/Q527539,http://www.wikidata.org/entity/Q131603,TSV Munich 1860,43.0,2000-01-01T00:00:00Z,2003-01-01T00:00:00Z
http://www.wikidata.org/entity/Q527539,http://www.wikidata.org/entity/Q19593,Celtic FC,56.0,1998-01-01T00:00:00Z,2000-01-01T00:00:00Z
http://www.wikidata.org/entity/Q527539,http://www.wikidata.org/entity/Q18520,Luton Town Football Club,11.0,1995-01-01T00:00:00Z,1996-01-01T00:00:00Z
http://www.wikidata.org/entity/Q527539,http://www.wikidata.org/entity/Q186785,Rosenborg Ballklub,11.0,1992-01-01T00:00:00Z,1993-01-01T00:00:00Z
http://www.wikidata.org/entity/Q527640,http://www.wikidata.org/entity/Q490586,Royal Albert Élisabeth Club de Mons,,2011-01-01T00:00:00Z,2015-01-01T00:00:00Z
http://www.wikidata.org/entity/Q527640,http://www.wikidata.org/entity/Q865735,Royal Excelsior Mouscron,,2007-01-01T00:00:00Z,2009-01-01T00:00:00Z
http://www.wikidata.org/entity/Q527640,http://www.wikidata.org/entity/Q1753870,Stadium Racing Colmar,,2015-01-01T00:00:00Z,
http://www.wikidata.org/entity/Q527640,http://www.wikidata.org/entity/Q216503,Club Sport Marítimo,0.0,2010-01-01T00:00:00Z,2011-01-01T00:00:00Z
http://www.wikidata.org/entity/Q527640,http://www.wikidata.org/entity/Q747693,Louhans-Cuiseaux FC,,2004-01-01T00:00:00Z,2005-01-01T00:00:00Z
http://www.wikidata.org/entity/Q527640,http://www.wikidata.org/entity/Q216503,Club Sport Marítimo,,2010-01-01T00:00:00Z,2010-01-01T00:00:00Z
http://www.wikidata.org/entity/Q527640,http://www.wikidata.org/entity/Q19523,AS Nancy-Lorraine,3.0,2003-01-01T00:00:00Z,2007-01-01T00:00:00Z
http://www.wikidata.org/entity/Q527640,http://www.wikidata.org/entity/Q245162,Rapid Bucarest,,2015-01-01T00:00:00Z,2015-01-01T00:00:00Z
http://www.wikidata.org/entity/Q528094,http://www.wikidata.org/entity/Q18505,Association Football Club Telford United,8.0,2003-01-01T00:00:00Z,2004-01-01T00:00:00Z
http://www.wikidata.org/entity/Q528094,http://www.wikidata.org/entity/Q822722,Partick Thistle FC,12.0,2004-01-01T00:00:00Z,2005-01-01T00:00:00Z
http://www.wikidata.org/entity/Q528094,http://www.wikidata.org/entity/Q19487,Millwall FC,9.0,2014-01-01T00:00:00Z,2015-01-01T00:00:00Z
http://www.wikidata.org/entity/Q528094,http://www.wikidata.org/entity/Q3283867,Telford United F.C.,8.0,2003-01-01T00:00:00Z,2004-01-01T00:00:00Z
http://www.wikidata.org/entity/Q528094,http://www.wikidata.org/entity/Q19626,Shrewsbury Town Football Club,9.0,2005-01-01T00:00:00Z,2005-01-01T00:00:00Z
http://www.wikidata.org/entity/Q528094,http://www.wikidata.org/entity/Q18736,Stoke City FC,160.0,2001-01-01T00:00:00Z,2016-01-01T00:00:00Z
http://www.wikidata.org/entity/Q528094,http://www.wikidata.org/entity/Q19449,Blackpool FC,7.0,2006-01-01T00:00:00Z,2007-01-01T00:00:00Z
http://www.wikidata.org/entity/Q528158,http://www.wikidata.org/entity/Q19500,Wolverhampton Wanderers F.C.,,2013-01-01T00:00:00Z,
http://www.wikidata.org/entity/Q528158,http://www.wikidata.org/entity/Q19458,Burnley FC,51.0,2008-01-01T00:00:00Z,2011-01-01T00:00:00Z
http://www.wikidata.org/entity/Q528158,http://www.wikidata.org/entity/Q1812121,équipe d'Écosse espoirs de football,14.0,2007-01-01T00:00:00Z,2010-01-01T00:00:00Z
http://www.wikidata.org/entity/Q528158,http://www.wikidata.org/entity/Q335483,Dundee FC,90.0,2005-01-01T00:00:00Z,2008-01-01T00:00:00Z
http://www.wikidata.org/entity/Q528158,http://www.wikidata.org/entity/Q19607,Sheffield United FC,77.0,2011-01-01T00:00:00Z,2013-01-01T00:00:00Z
http://www.wikidata.org/entity/Q528158,http://www.wikidata.org/entity/Q19615,Scunthorpe United FC,5.0,2010-01-01T00:00:00Z,2010-01-01T00:00:00Z
http://www.wikidata.org/entity/Q528158,http://www.wikidata.org/entity/Q4140015,équipe d'Écosse de football des moins de 19 ans,1.0,2006-01-01T00:00:00Z,2006-01-01T00:00:00Z
http://www.wikidata.org/entity/Q528158,http://www.wikidata.org/entity/Q19598,Notts County FC,11.0,2011-01-01T00:00:00Z,2011-01-01T00:00:00Z
http://www.wikidata.org/entity/Q529204,http://www.wikidata.org/entity/Q6651,Brescia Calcio,0.0,2012-01-01T00:00:00Z,2012-01-01T00:00:00Z
http://www.wikidata.org/entity/Q529204,http://www.wikidata.org/entity/Q2674,Palermo F.C.,70.0,1999-01-01T00:00:00Z,2006-01-01T00:00:00Z
http://www.wikidata.org/entity/Q529204,http://www.wikidata.org/entity/Q6651,Brescia Calcio,8.0,2011-01-01T00:00:00Z,2011-01-01T00:00:00Z
http://www.wikidata.org/entity/Q529204,http://www.wikidata.org/entity/Q2251415,Marsala Football Club,14.0,1999-01-01T00:00:00Z,2000-01-01T00:00:00Z
http://www.wikidata.org/entity/Q529204,http://www.wikidata.org/entity/Q6703,Empoli Football Club,14.0,2012-01-01T00:00:00Z,2014-01-01T00:00:00Z
http://www.wikidata.org/entity/Q529204,http://www.wikidata.org/entity/Q1457,UC Sampdoria,96.0,2006-01-01T00:00:00Z,2012-01-01T00:00:00Z
http://www.wikidata.org/entity/Q529449,http://www.wikidata.org/entity/Q204238,équipe d'Angleterre espoirs de football,7.0,2007-01-01T00:00:00Z,2008-01-01T00:00:00Z
http://www.wikidata.org/entity/Q529449,http://www.wikidata.org/entity/Q19458,Burnley FC,,2014-01-01T00:00:00Z,
http://www.wikidata.org/entity/Q529449,http://www.wikidata.org/entity/Q19500,Wolverhampton Wanderers F.C.,5.0,2006-01-01T00:00:00Z,2007-01-01T00:00:00Z
http://www.wikidata.org/entity/Q529449,http://www.wikidata.org/entity/Q4867319,Basildon United F.C.,,2001-01-01T00:00:00Z,2003-01-01T00:00:00Z
http://www.wikidata.org/entity/Q529449,http://www.wikidata.org/entity/Q48951,Southend United FC,13.0,2003-01-01T00:00:00Z,2005-01-01T00:00:00Z
http://www.wikidata.org/entity/Q529449,http://www.wikidata.org/entity/Q2714,Watford Football Club,12.0,2011-01-01T00:00:00Z,2011-01-01T00:00:00Z
http://www.wikidata.org/entity/Q529449,http://www.wikidata.org/entity/Q18736,Stoke City FC,22.0,2012-01-01T00:00:00Z,2014-01-01T00:00:00Z
http://www.wikidata.org/entity/Q529449,http://www.wikidata.org/entity/Q19458,Burnley FC,36.0,2013-01-01T00:00:00Z,2014-01-01T00:00:00Z
http://www.wikidata.org/entity/Q529449,http://www.wikidata.org/entity/Q2714,Watford Football Club,12.0,2011-01-01T00:00:00Z,2012-01-01T00:00:00Z
http://www.wikidata.org/entity/Q529449,http://www.wikidata.org/entity/Q625130,Grays Athletic Football Club,53.0,2005-01-01T00:00:00Z,2007-01-01T00:00:00Z
http://www.wikidata.org/entity/Q529449,http://www.wikidata.org/entity/Q2978308,Farnborough F.C.,11.0,2004-01-01T00:00:00Z,2005-01-01T00:00:00Z
http://www.wikidata.org/entity/Q529449,http://www.wikidata.org/entity/Q19500,Wolverhampton Wanderers F.C.,109.0,2007-01-01T00:00:00Z,2012-01-01T00:00:00Z
http://www.wikidata.org/entity/Q529587,http://www.wikidata.org/entity/Q955872,Welling United Football Club,5.0,2015-01-01T00:00:00Z,2015-01-01T00:00:00Z
http://www.wikidata.org/entity/Q529587,http://www.wikidata.org/entity/Q48947,Plymouth Argyle FC,42.0,2012-01-01T00:00:00Z,2013-01-01T00:00:00Z
http://www.wikidata.org/entity/Q529587,http://www.wikidata.org/entity/Q19444,Birmingham City FC,168.0,1998-01-01T00:00:00Z,2004-01-01T00:00:00Z
http://www.wikidata.org/entity/Q529587,http://www.wikidata.org/entity/Q19651,Yeovil Town FC,5.0,2011-01-01T00:00:00Z,2011-01-01T00:00:00Z
http://www.wikidata.org/entity/Q529587,http://www.wikidata.org/entity/Q4651460,AFC Rushden & Diamonds,,2015-01-01T00:00:00Z,2016-01-01T00:00:00Z
http://www.wikidata.org/entity/Q529587,http://www.wikidata.org/entity/Q5092930,Chesham United F.C.,37.0,2014-01-01T00:00:00Z,2015-01-01T00:00:00Z
http://www.wikidata.org/entity/Q529587,http://www.wikidata.org/entity/Q48948,Port Vale FC,17.0,2013-01-01T00:00:00Z,2013-01-01T00:00:00Z
http://www.wikidata.org/entity/Q529587,http://www.wikidata.org/entity/Q19487,Millwall FC,13.0,2011-01-01T00:00:00Z,2012-01-01T00:00:00Z
http://www.wikidata.org/entity/Q529587,http://www.wikidata.org/entity/Q48946,Oxford United Football Club,59.0,1996-01-01T00:00:00Z,1998-01-01T00:00:00Z
http://www.wikidata.org/entity/Q529587,http://www.wikidata.org/entity/Q204238,équipe d'Angleterre espoirs de football,2.0,1998-01-01T00:00:00Z,1998-01-01T00:00:00Z
http://www.wikidata.org/entity/Q529587,http://www.wikidata.org/entity/Q18744,West Bromwich Albion,22.0,2004-01-01T00:00:00Z,2005-01-01T00:00:00Z
http://www.wikidata.org/entity/Q529587,http://www.wikidata.org/entity/Q662990,VIFK,,1996-01-01T00:00:00Z,1996-01-01T00:00:00Z
http://www.wikidata.org/entity/Q529587,http://www.wikidata.org/entity/Q18662,Cardiff City F.C.,111.0,2005-01-01T00:00:00Z,2009-01-01T00:00:00Z
http://www.wikidata.org/entity/Q529587,http://www.wikidata.org/entity/Q2511419,Staines Town Football Club,10.0,2015-01-01T00:00:00Z,2015-01-01T00:00:00Z
http://www.wikidata.org/entity/Q529587,http://www.wikidata.org/entity/Q19595,Leyton Orient FC,55.0,1994-01-01T00:00:00Z,1996-01-01T00:00:00Z
http://www.wikidata.org/entity/Q529587,http://www.wikidata.org/entity/Q19498,Sheffield Wednesday FC,61.0,2009-01-01T00:00:00Z,2011-01-01T00:00:00Z
http://www.wikidata.org/entity/Q529587,http://www.wikidata.org/entity/Q48947,Plymouth Argyle FC,3.0,2011-01-01T00:00:00Z,2012-01-01T00:00:00Z
http://www.wikidata.org/entity/Q529587,http://www.wikidata.org/entity/Q1591915,Hayes & Yeading United Football Club,,2016-01-01T00:00:00Z,
http://www.wikidata.org/entity/Q529587,http://www.wikidata.org/entity/Q252276,IFK Mariehamn,6.0,2013-01-01T00:00:00Z,2013-01-01T00:00:00Z
http://www.wikidata.org/entity/Q530280,http://www.wikidata.org/entity/Q221525,FC Metz,,2004-01-01T00:00:00Z,2005-01-01T00:00:00Z
http://www.wikidata.org/entity/Q530280,http://www.wikidata.org/entity/Q3496208,Stade olympique choletais,,2016-01-01T00:00:00Z,
http://www.wikidata.org/entity/Q530280,http://www.wikidata.org/entity/Q221525,FC Metz,11.0,2005-01-01T00:00:00Z,2009-01-01T00:00:00Z
http://www.wikidata.org/entity/Q530280,http://www.wikidata.org/entity/Q333838,Thonon Évian Grand Genève Football Club,49.0,2009-01-01T00:00:00Z,2012-01-01T00:00:00Z
http://www.wikidata.org/entity/Q530280,http://www.wikidata.org/entity/Q693092,Racing FC Union Luxembourg,9.0,2015-01-01T00:00:00Z,2015-01-01T00:00:00Z
http://www.wikidata.org/entity/Q530280,http://www.wikidata.org/entity/Q298267,AS Cannes,28.0,2007-01-01T00:00:00Z,2008-01-01T00:00:00Z
http://www.wikidata.org/entity/Q530280,http://www.wikidata.org/entity/Q1322550,FC Petrolul Ploiești,8.0,2015-01-01T00:00:00Z,2015-01-01T00:00:00Z
http://www.wikidata.org/entity/Q530280,http://www.wikidata.org/entity/Q107818,FC Energie Cottbus,23.0,2012-01-01T00:00:00Z,2014-01-01T00:00:00Z
http://www.wikidata.org/entity/Q530499,http://www.wikidata.org/entity/Q252065,Buriram United Football Club,22.0,2011-01-01T00:00:00Z,2012-01-01T00:00:00Z
http://www.wikidata.org/entity/Q530499,http://www.wikidata.org/entity/Q153539,SpVgg Greuther Fürth,0.0,2012-01-01T00:00:00Z,2014-01-01T00:00:00Z
http://www.wikidata.org/entity/Q530499,http://www.wikidata.org/entity/Q3590615,équipe du Cameroun de football des moins de 20 ans,12.0,2011-01-01T00:00:00Z,2011-01-01T00:00:00Z
http://www.wikidata.org/entity/Q530499,http://www.wikidata.org/entity/Q181216,HNK Hajduk Split,,2015-01-01T00:00:00Z,
http://www.wikidata.org/entity/Q530499,http://www.wikidata.org/entity/Q9186186,NK Radnik Sesvete,22.0,2014-01-01T00:00:00Z,2015-01-01T00:00:00Z
http://www.wikidata.org/entity/Q530499,http://www.wikidata.org/entity/Q3177757,Iraklis Psachna F.C.,10.0,2013-01-01T00:00:00Z,2014-01-01T00:00:00Z
http://www.wikidata.org/entity/Q531433,http://www.wikidata.org/entity/Q279043,équipe d'Albanie espoirs de football,6.0,2007-01-01T00:00:00Z,2009-01-01T00:00:00Z
http://www.wikidata.org/entity/Q531433,http://www.wikidata.org/entity/Q186262,équipe d'Albanie de football,20.0,2008-01-01T00:00:00Z,2014-01-01T00:00:00Z
http://www.wikidata.org/entity/Q531433,http://www.wikidata.org/entity/Q2118510,Latina Calcio 1932,21.0,2016-01-01T00:00:00Z,2016-01-01T00:00:00Z
http://www.wikidata.org/entity/Q531433,http://www.wikidata.org/entity/Q2037,Associazione Calcio ChievoVerona,0.0,2013-01-01T00:00:00Z,2013-01-01T00:00:00Z
http://www.wikidata.org/entity/Q531433,http://www.wikidata.org/entity/Q2674,Palermo F.C.,34.0,2007-01-01T00:00:00Z,2015-01-01T00:00:00Z
http://www.wikidata.org/entity/Q531433,http://www.wikidata.org/entity/Q113143,équipe du Kosovo de football,4.0,2014-01-01T00:00:00Z,2014-01-01T00:00:00Z
http://www.wikidata.org/entity/Q531433,http://www.wikidata.org/entity/Q2074,Genoa CFC,,2015-01-01T00:00:00Z,
http://www.wikidata.org/entity/Q531433,http://www.wikidata.org/entity/Q8416,Novara Calcio,86.0,2009-01-01T00:00:00Z,2012-01-01T00:00:00Z
http://www.wikidata.org/entity/Q531576,http://www.wikidata.org/entity/Q6651,Brescia Calcio,34.0,2010-01-01T00:00:00Z,2011-01-01T00:00:00Z
http://www.wikidata.org/entity/Q531576,http://www.wikidata.org/entity/Q208584,HJK Helsinki,33.0,2004-01-01T00:00:00Z,2006-01-01T00:00:00Z
http://www.wikidata.org/entity/Q531576,http://www.wikidata.org/entity/Q5450492,équipe de Finlande de football des moins de 19 ans,4.0,2004-01-01T00:00:00Z,2005-01-01T00:00:00Z
http://www.wikidata.org/entity/Q531576,http://www.wikidata.org/entity/Q619215,Apollon Kalamarias,11.0,2008-01-01T00:00:00Z,2008-01-01T00:00:00Z
http://www.wikidata.org/entity/Q531576,http://www.wikidata.org/entity/Q186532,équipe de Finlande de football,49.0,2009-01-01T00:00:00Z,2017-01-01T00:00:00Z
http://www.wikidata.org/entity/Q531576,http://www.wikidata.org/entity/Q19603,FC Twente,0.0,2009-01-01T00:00:00Z,2010-01-01T00:00:00Z
http://www.wikidata.org/entity/Q531576,http://www.wikidata.org/entity/Q2106369,Klubi-04,21.0,2004-01-01T00:00:00Z,2004-01-01T00:00:00Z
http://www.wikidata.org/entity/Q531576,http://www.wikidata.org/entity/Q614987,équipe de Finlande espoirs de football,16.0,2005-01-01T00:00:00Z,2009-01-01T00:00:00Z
http://www.wikidata.org/entity/Q531576,http://www.wikidata.org/entity/Q2037,Associazione Calcio ChievoVerona,239.0,2011-01-01T00:00:00Z,2019-01-01T00:00:00Z
http://www.wikidata.org/entity/Q531576,http://www.wikidata.org/entity/Q2819143,AEK Athènes,19.0,2006-01-01T00:00:00Z,2009-01-01T00:00:00Z
http://www.wikidata.org/entity/Q531576,http://www.wikidata.org/entity/Q201584,AEK Athènes FC,25.0,2006-01-01T00:00:00Z,2009-01-01T00:00:00Z
http://www.wikidata.org/entity/Q531754,http://www.wikidata.org/entity/Q158121,SpVgg Unterhaching,151.0,2001-01-01T00:00:00Z,2007-01-01T00:00:00Z
http://www.wikidata.org/entity/Q531576,http://www.wikidata.org/entity/Q652516,Bénévent Calcio,64.0,2019-01-01T00:00:00Z,2021-01-01T00:00:00Z
http://www.wikidata.org/entity/Q531576,http://www.wikidata.org/entity/Q8476,Reggina 1914,30.0,2021-01-01T00:00:00Z,2022-01-01T00:00:00Z
http://www.wikidata.org/entity/Q531576,http://www.wikidata.org/entity/Q208584,HJK Helsinki,32.0,2022-01-01T00:00:00Z,2023-01-01T00:00:00Z
http://www.wikidata.org/entity/Q531576,http://www.wikidata.org/entity/Q123676693,Gilla FC,12.0,2024-01-01T00:00:00Z,2024-01-01T00:00:00Z
http://www.wikidata.org/entity/Q672396,http://www.wikidata.org/entity/Q262569,Polonia Varsovie,139.0,1997-01-01T00:00:00Z,2002-01-01T00:00:00Z
http://www.wikidata.org/entity/Q672396,http://www.wikidata.org/entity/Q470796,Amica Wronki,16.0,1996-01-01T00:00:00Z,1996-01-01T00:00:00Z
http://www.wikidata.org/entity/Q672396,http://www.wikidata.org/entity/Q1198944,Flota Świnoujście,,2007-01-01T00:00:00Z,2008-01-01T00:00:00Z
http://www.wikidata.org/entity/Q672396,http://www.wikidata.org/entity/Q52942,Lech Poznań,,2012-01-01T00:00:00Z,2013-01-01T00:00:00Z
http://www.wikidata.org/entity/Q672396,http://www.wikidata.org/entity/Q166196,équipe de Pologne de football,13.0,1998-01-01T00:00:00Z,2002-01-01T00:00:00Z
http://www.wikidata.org/entity/Q672396,http://www.wikidata.org/entity/Q52942,Lech Poznań,9.0,2006-01-01T00:00:00Z,2007-01-01T00:00:00Z
http://www.wikidata.org/entity/Q672396,http://www.wikidata.org/entity/Q52942,Lech Poznań,,2008-01-01T00:00:00Z,2011-01-01T00:00:00Z
http://www.wikidata.org/entity/Q672396,http://www.wikidata.org/entity/Q244981,Widzew Łódź,8.0,2002-01-01T00:00:00Z,2002-01-01T00:00:00Z
http://www.wikidata.org/entity/Q672396,http://www.wikidata.org/entity/Q734785,Lechia Gdańsk,14.0,1995-01-01T00:00:00Z,1996-01-01T00:00:00Z
http://www.wikidata.org/entity/Q672396,http://www.wikidata.org/entity/Q2019858,Olimpia Poznań,32.0,1993-01-01T00:00:00Z,1995-01-01T00:00:00Z
http://www.wikidata.org/entity/Q672396,http://www.wikidata.org/entity/Q19444,Birmingham City FC,8.0,2001-01-01T00:00:00Z,2002-01-01T00:00:00Z
http://www.wikidata.org/entity/Q672396,http://www.wikidata.org/entity/Q9183681,Błękitni Stargard,,1992-01-01T00:00:00Z,1993-01-01T00:00:00Z
http://www.wikidata.org/entity/Q672396,http://www.wikidata.org/entity/Q262569,Polonia Varsovie,42.0,2002-01-01T00:00:00Z,2003-01-01T00:00:00Z
http://www.wikidata.org/entity/Q672396,http://www.wikidata.org/entity/Q470796,Amica Wronki,42.0,2003-01-01T00:00:00Z,2006-01-01T00:00:00Z
http://www.wikidata.org/entity/Q672396,http://www.wikidata.org/entity/Q301726,Ruch Chorzów,14.0,1996-01-01T00:00:00Z,1997-01-01T00:00:00Z
http://www.wikidata.org/entity/Q672558,http://www.wikidata.org/entity/Q131603,TSV Munich 1860,102.0,1997-01-01T00:00:00Z,2001-01-01T00:00:00Z
http://www.wikidata.org/entity/Q672558,http://www.wikidata.org/entity/Q3589775,équipe d'Australie de football des moins de 23 ans,16.0,1990-01-01T00:00:00Z,1992-01-01T00:00:00Z
http://www.wikidata.org/entity/Q672558,http://www.wikidata.org/entity/Q182876,AJ Auxerre,18.0,1996-01-01T00:00:00Z,1997-01-01T00:00:00Z
http://www.wikidata.org/entity/Q672558,http://www.wikidata.org/entity/Q636315,Helmond Sport,7.0,2006-01-01T00:00:00Z,2006-01-01T00:00:00Z
http://www.wikidata.org/entity/Q672558,http://www.wikidata.org/entity/Q18723,QP Rangers,11.0,1995-01-01T00:00:00Z,1995-01-01T00:00:00Z
http://www.wikidata.org/entity/Q672558,http://www.wikidata.org/entity/Q218883,Urawa Red Diamonds,23.0,2002-01-01T00:00:00Z,2003-01-01T00:00:00Z
http://www.wikidata.org/entity/Q672558,http://www.wikidata.org/entity/Q41420,BV 09 Borussia Dortmund,72.0,1992-01-01T00:00:00Z,1995-01-01T00:00:00Z
http://www.wikidata.org/entity/Q672558,http://www.wikidata.org/entity/Q1047535,Kyoto Sanga Football Club,1.0,2002-01-01T00:00:00Z,2002-01-01T00:00:00Z
http://www.wikidata.org/entity/Q672558,http://www.wikidata.org/entity/Q268208,équipe d'Australie de football,34.0,1991-01-01T00:00:00Z,1997-01-01T00:00:00Z
http://www.wikidata.org/entity/Q672558,http://www.wikidata.org/entity/Q3873546,équipe d'Australie de football des moins de 20 ans,8.0,1989-01-01T00:00:00Z,1989-01-01T00:00:00Z
http://www.wikidata.org/entity/Q672558,http://www.wikidata.org/entity/Q582423,Sydney United Football Club,36.0,1989-01-01T00:00:00Z,1991-01-01T00:00:00Z
http://www.wikidata.org/entity/Q672558,http://www.wikidata.org/entity/Q201006,SK Dinamo Tbilissi,34.0,2006-01-01T00:00:00Z,2008-01-01T00:00:00Z
http://www.wikidata.org/entity/Q672558,http://www.wikidata.org/entity/Q782658,Sydney Olympic FC,16.0,1991-01-01T00:00:00Z,1992-01-01T00:00:00Z
http://www.wikidata.org/entity/Q672558,http://www.wikidata.org/entity/Q2291116,FC Wacker Innsbruck,22.0,2004-01-01T00:00:00Z,2005-01-01T00:00:00Z
http://www.wikidata.org/entity/Q672558,http://www.wikidata.org/entity/Q38245,Eintracht Francfort,20.0,1996-01-01T00:00:00Z,1996-01-01T00:00:00Z
http://www.wikidata.org/entity/Q672558,http://www.wikidata.org/entity/Q261813,FC Wacker Innsbruck,22.0,2004-01-01T00:00:00Z,2005-01-01T00:00:00Z
http://www.wikidata.org/entity/Q672558,http://www.wikidata.org/entity/Q732929,Newcastle United Jets Football Club,21.0,2005-01-01T00:00:00Z,2006-01-01T00:00:00Z
http://www.wikidata.org/entity/Q672918,http://www.wikidata.org/entity/Q18293,Hednesford Town FC,42.0,2012-01-01T00:00:00Z,2014-01-01T00:00:00Z
http://www.wikidata.org/entity/Q672918,http://www.wikidata.org/entity/Q1526049,Gap Connah's Quay Football Club,,2016-01-01T00:00:00Z,
http://www.wikidata.org/entity/Q672918,http://www.wikidata.org/entity/Q18526,Stockport County FC,20.0,2014-01-01T00:00:00Z,2016-01-01T00:00:00Z
http://www.wikidata.org/entity/Q672918,http://www.wikidata.org/entity/Q847030,Jerez Industrial CF,10.0,2009-01-01T00:00:00Z,2011-01-01T00:00:00Z
http://www.wikidata.org/entity/Q672918,http://www.wikidata.org/entity/Q18529,Wrexham FC,9.0,2008-01-01T00:00:00Z,2009-01-01T00:00:00Z
http://www.wikidata.org/entity/Q672918,http://www.wikidata.org/entity/Q18486,Northwich Victoria Football Club,,2011-01-01T00:00:00Z,2012-01-01T00:00:00Z
http://www.wikidata.org/entity/Q672918,http://www.wikidata.org/entity/Q19451,Bolton Wanderers FC,0.0,2007-01-01T00:00:00Z,2009-01-01T00:00:00Z
http://www.wikidata.org/entity/Q673193,http://www.wikidata.org/entity/Q219235,Servette FC,10.0,2007-01-01T00:00:00Z,2009-01-01T00:00:00Z
http://www.wikidata.org/entity/Q673193,http://www.wikidata.org/entity/Q309456,FC Lausanne-Sport,6.0,1991-01-01T00:00:00Z,1992-01-01T00:00:00Z
http://www.wikidata.org/entity/Q673193,http://www.wikidata.org/entity/Q321061,FC Sion,129.0,1992-01-01T00:00:00Z,1998-01-01T00:00:00Z
http://www.wikidata.org/entity/Q673193,http://www.wikidata.org/entity/Q165141,équipe de Suisse de football,24.0,1997-01-01T00:00:00Z,2005-01-01T00:00:00Z
http://www.wikidata.org/entity/Q673193,http://www.wikidata.org/entity/Q19512,Football Club Sochaux-Montbéliard,96.0,2002-01-01T00:00:00Z,2007-01-01T00:00:00Z
http://www.wikidata.org/entity/Q673193,http://www.wikidata.org/entity/Q219235,Servette FC,123.0,1998-01-01T00:00:00Z,2002-01-01T00:00:00Z
http://www.wikidata.org/entity/Q673193,http://www.wikidata.org/entity/Q690067,FC Martigny-Sports,,1991-01-01T00:00:00Z,1992-01-01T00:00:00Z
http://www.wikidata.org/entity/Q673193,http://www.wikidata.org/entity/Q690067,FC Martigny-Sports,,2009-01-01T00:00:00Z,2009-01-01T00:00:00Z
http://www.wikidata.org/entity/Q673428,http://www.wikidata.org/entity/Q223262,FC Lucerne,47.0,2006-01-01T00:00:00Z,2007-01-01T00:00:00Z
http://www.wikidata.org/entity/Q673428,http://www.wikidata.org/entity/Q781951,SC Buochs,,2010-01-01T00:00:00Z,2011-01-01T00:00:00Z
http://www.wikidata.org/entity/Q673428,http://www.wikidata.org/entity/Q189671,FC Bâle,89.0,1993-01-01T00:00:00Z,1996-01-01T00:00:00Z
http://www.wikidata.org/entity/Q673428,http://www.wikidata.org/entity/Q15786,1. FC Nuremberg,58.0,2004-01-01T00:00:00Z,2006-01-01T00:00:00Z
http://www.wikidata.org/entity/Q673428,http://www.wikidata.org/entity/Q189671,FC Bâle,145.0,1999-01-01T00:00:00Z,2004-01-01T00:00:00Z
http://www.wikidata.org/entity/Q673428,http://www.wikidata.org/entity/Q219235,Servette FC,46.0,1996-01-01T00:00:00Z,1998-01-01T00:00:00Z
http://www.wikidata.org/entity/Q673428,http://www.wikidata.org/entity/Q138248,K Saint-Trond VV,67.0,2008-01-01T00:00:00Z,2010-01-01T00:00:00Z
http://www.wikidata.org/entity/Q673428,http://www.wikidata.org/entity/Q781951,SC Buochs,17.0,2010-01-01T00:00:00Z,2010-01-01T00:00:00Z
http://www.wikidata.org/entity/Q673428,http://www.wikidata.org/entity/Q165141,équipe de Suisse de football,22.0,2001-01-01T00:00:00Z,2004-01-01T00:00:00Z
http://www.wikidata.org/entity/Q673428,http://www.wikidata.org/entity/Q201360,Grasshopper Zurich,49.0,1990-01-01T00:00:00Z,1993-01-01T00:00:00Z
http://www.wikidata.org/entity/Q675104,http://www.wikidata.org/entity/Q207462,Metalist Kharkiv,16.0,2011-01-01T00:00:00Z,2011-01-01T00:00:00Z
http://www.wikidata.org/entity/Q675104,http://www.wikidata.org/entity/Q1480985,Club Atlético Morelia,,2015-01-01T00:00:00Z,
http://www.wikidata.org/entity/Q675104,http://www.wikidata.org/entity/Q75729,Sporting Clube de Portugal,16.0,2010-01-01T00:00:00Z,2011-01-01T00:00:00Z
http://www.wikidata.org/entity/Q675104,http://www.wikidata.org/entity/Q10407,UD Almería,27.0,2013-01-01T00:00:00Z,2014-01-01T00:00:00Z
http://www.wikidata.org/entity/Q675104,http://www.wikidata.org/entity/Q1022939,Club Atlético Talleres,31.0,2007-01-01T00:00:00Z,2008-01-01T00:00:00Z
http://www.wikidata.org/entity/Q675104,http://www.wikidata.org/entity/Q207462,Metalist Kharkiv,26.0,2011-01-01T00:00:00Z,2015-01-01T00:00:00Z
http://www.wikidata.org/entity/Q675104,http://www.wikidata.org/entity/Q170703,Boca Juniors,12.0,2015-01-01T00:00:00Z,2015-01-01T00:00:00Z
http://www.wikidata.org/entity/Q675104,http://www.wikidata.org/entity/Q215163,CA Vélez Sarsfield,32.0,2006-01-01T00:00:00Z,2010-01-01T00:00:00Z
http://www.wikidata.org/entity/Q675397,http://www.wikidata.org/entity/Q166496,Étoile Carouge FC,,2000-01-01T00:00:00Z,2001-01-01T00:00:00Z
http://www.wikidata.org/entity/Q675397,http://www.wikidata.org/entity/Q189671,FC Bâle,7.0,1998-01-01T00:00:00Z,1998-01-01T00:00:00Z
http://www.wikidata.org/entity/Q675397,http://www.wikidata.org/entity/Q201360,Grasshopper Zurich,48.0,1994-01-01T00:00:00Z,1997-01-01T00:00:00Z
http://www.wikidata.org/entity/Q675397,http://www.wikidata.org/entity/Q19521,AS Saint-Étienne,26.0,1998-01-01T00:00:00Z,2000-01-01T00:00:00Z
http://www.wikidata.org/entity/Q675397,http://www.wikidata.org/entity/Q640726,FC Mulhouse,62.0,1990-01-01T00:00:00Z,1992-01-01T00:00:00Z
http://www.wikidata.org/entity/Q675397,http://www.wikidata.org/entity/Q189671,FC Bâle,,1997-01-01T00:00:00Z,1998-01-01T00:00:00Z
http://www.wikidata.org/entity/Q675397,http://www.wikidata.org/entity/Q633521,FC Lugano,55.0,1992-01-01T00:00:00Z,1994-01-01T00:00:00Z
http://www.wikidata.org/entity/Q675397,http://www.wikidata.org/entity/Q165141,équipe de Suisse de football,15.0,1994-01-01T00:00:00Z,1996-01-01T00:00:00Z
http://www.wikidata.org/entity/Q675397,http://www.wikidata.org/entity/Q126334,RC Strasbourg Alsace,19.0,1990-01-01T00:00:00Z,1990-01-01T00:00:00Z
http://www.wikidata.org/entity/Q675397,http://www.wikidata.org/entity/Q166496,Étoile Carouge FC,11.0,2000-01-01T00:00:00Z,2000-01-01T00:00:00Z
http://www.wikidata.org/entity/Q675397,http://www.wikidata.org/entity/Q223262,FC Lucerne,7.0,2001-01-01T00:00:00Z,2001-01-01T00:00:00Z
http://www.wikidata.org/entity/Q675397,http://www.wikidata.org/entity/Q640726,FC Mulhouse,101.0,1984-01-01T00:00:00Z,1989-01-01T00:00:00Z
http://www.wikidata.org/entity/Q675397,http://www.wikidata.org/entity/Q126334,RC Strasbourg Alsace,,1989-01-01T00:00:00Z,1990-01-01T00:00:00Z
http://www.wikidata.org/entity/Q675836,http://www.wikidata.org/entity/Q634829,Grupo Desportivo Estoril Praia,44.0,2012-01-01T00:00:00Z,2014-01-01T00:00:00Z
http://www.wikidata.org/entity/Q675836,http://www.wikidata.org/entity/Q1630430,équipe du Portugal espoirs de football,7.0,2003-01-01T00:00:00Z,2004-01-01T00:00:00Z
http://www.wikidata.org/entity/Q675836,http://www.wikidata.org/entity/Q131499,SL Benfica,11.0,2004-01-01T00:00:00Z,2007-01-01T00:00:00Z
http://www.wikidata.org/entity/Q675836,http://www.wikidata.org/entity/Q33748,Hanovre 96,8.0,2010-01-01T00:00:00Z,2012-01-01T00:00:00Z
http://www.wikidata.org/entity/Q675836,http://www.wikidata.org/entity/Q321061,FC Sion,,2014-01-01T00:00:00Z,
http://www.wikidata.org/entity/Q675836,http://www.wikidata.org/entity/Q634829,Grupo Desportivo Estoril Praia,72.0,2002-01-01T00:00:00Z,2004-01-01T00:00:00Z
http://www.wikidata.org/entity/Q675836,http://www.wikidata.org/entity/Q2843873,Amora Futebol Clube,34.0,2001-01-01T00:00:00Z,2002-01-01T00:00:00Z
http://www.wikidata.org/entity/Q675836,http://www.wikidata.org/entity/Q189671,FC Bâle,76.0,2007-01-01T00:00:00Z,2010-01-01T00:00:00Z
http://www.wikidata.org/entity/Q675836,http://www.wikidata.org/entity/Q208585,Vitória Futebol Clube,15.0,2005-01-01T00:00:00Z,2006-01-01T00:00:00Z
http://www.wikidata.org/entity/Q675836,http://www.wikidata.org/entity/Q321061,FC Sion,26.0,2006-01-01T00:00:00Z,2007-01-01T00:00:00Z
http://www.wikidata.org/entity/Q675836,http://www.wikidata.org/entity/Q208585,Vitória Futebol Clube,15.0,2006-01-01T00:00:00Z,2006-01-01T00:00:00Z
http://www.wikidata.org/entity/Q676014,http://www.wikidata.org/entity/Q201567,IFK Göteborg,107.0,1999-01-01T00:00:00Z,2005-01-01T00:00:00Z
http://www.wikidata.org/entity/Q676014,http://www.wikidata.org/entity/Q192641,Trabzonspor,6.0,2007-01-01T00:00:00Z,2008-01-01T00:00:00Z
http://www.wikidata.org/entity/Q676014,http://www.wikidata.org/entity/Q389879,Esbjerg fB,22.0,2010-01-01T00:00:00Z,2011-01-01T00:00:00Z
http://www.wikidata.org/entity/Q676014,http://www.wikidata.org/entity/Q217233,Stabæk Fotball,8.0,2009-01-01T00:00:00Z,2009-01-01T00:00:00Z
http://www.wikidata.org/entity/Q676014,http://www.wikidata.org/entity/Q160826,équipe de Suède de football,3.0,2001-01-01T00:00:00Z,2005-01-01T00:00:00Z
http://www.wikidata.org/entity/Q676014,http://www.wikidata.org/entity/Q2255267,équipe de Suède espoirs de football,15.0,2000-01-01T00:00:00Z,2001-01-01T00:00:00Z
http://www.wikidata.org/entity/Q676014,http://www.wikidata.org/entity/Q556570,Ankaraspor,15.0,2008-01-01T00:00:00Z,2009-01-01T00:00:00Z
http://www.wikidata.org/entity/Q676014,http://www.wikidata.org/entity/Q144190,PFK Levski Sofia,,2011-01-01T00:00:00Z,2012-01-01T00:00:00Z
http://www.wikidata.org/entity/Q676014,http://www.wikidata.org/entity/Q2037,Associazione Calcio ChievoVerona,0.0,2003-01-01T00:00:00Z,2003-01-01T00:00:00Z
http://www.wikidata.org/entity/Q639093,http://www.wikidata.org/entity/Q48946,Oxford United Football Club,19.0,2013-01-01T00:00:00Z,2013-01-01T00:00:00Z
http://www.wikidata.org/entity/Q639093,http://www.wikidata.org/entity/Q48946,Oxford United Football Club,75.0,2010-01-01T00:00:00Z,2012-01-01T00:00:00Z
http://www.wikidata.org/entity/Q639093,http://www.wikidata.org/entity/Q48862,Aldershot Town Football Club,16.0,2013-01-01T00:00:00Z,2013-01-01T00:00:00Z
http://www.wikidata.org/entity/Q639093,http://www.wikidata.org/entity/Q1049176,équipe d'Angleterre de football des moins de 20 ans,1.0,2005-01-01T00:00:00Z,2005-01-01T00:00:00Z
http://www.wikidata.org/entity/Q642285,http://www.wikidata.org/entity/Q38245,Eintracht Francfort,,2012-01-01T00:00:00Z,
http://www.wikidata.org/entity/Q642285,http://www.wikidata.org/entity/Q105844,DSC Arminia Bielefeld,5.0,2008-01-01T00:00:00Z,2008-01-01T00:00:00Z
http://www.wikidata.org/entity/Q642285,http://www.wikidata.org/entity/Q105844,DSC Arminia Bielefeld,24.0,2007-01-01T00:00:00Z,2008-01-01T00:00:00Z
http://www.wikidata.org/entity/Q642285,http://www.wikidata.org/entity/Q161034,SV Wacker Burghausen,28.0,2006-01-01T00:00:00Z,2007-01-01T00:00:00Z
http://www.wikidata.org/entity/Q642285,http://www.wikidata.org/entity/Q7671747,TSV 1860 München II,2.0,2009-01-01T00:00:00Z,2009-01-01T00:00:00Z
http://www.wikidata.org/entity/Q642285,http://www.wikidata.org/entity/Q131603,TSV Munich 1860,96.0,2009-01-01T00:00:00Z,2012-01-01T00:00:00Z
http://www.wikidata.org/entity/Q643105,http://www.wikidata.org/entity/Q19470,Derby County FC,46.0,2000-01-01T00:00:00Z,2004-01-01T00:00:00Z
http://www.wikidata.org/entity/Q643105,http://www.wikidata.org/entity/Q1417668,FinnPa,48.0,1995-01-01T00:00:00Z,1996-01-01T00:00:00Z
http://www.wikidata.org/entity/Q643105,http://www.wikidata.org/entity/Q223813,TPS Turku,38.0,2007-01-01T00:00:00Z,2009-01-01T00:00:00Z
http://www.wikidata.org/entity/Q643105,http://www.wikidata.org/entity/Q216523,Motherwell Football Club,104.0,1996-01-01T00:00:00Z,2000-01-01T00:00:00Z
http://www.wikidata.org/entity/Q643105,http://www.wikidata.org/entity/Q186532,équipe de Finlande de football,32.0,1996-01-01T00:00:00Z,2003-01-01T00:00:00Z
http://www.wikidata.org/entity/Q643105,http://www.wikidata.org/entity/Q4349962,FC Kontu Itä-Helsinki,59.0,1991-01-01T00:00:00Z,1994-01-01T00:00:00Z
http://www.wikidata.org/entity/Q643105,http://www.wikidata.org/entity/Q642291,FC Dallas,85.0,2004-01-01T00:00:00Z,2006-01-01T00:00:00Z
http://www.wikidata.org/entity/Q643678,http://www.wikidata.org/entity/Q105853,Karlsruher SC,61.0,2008-01-01T00:00:00Z,2011-01-01T00:00:00Z
http://www.wikidata.org/entity/Q643678,http://www.wikidata.org/entity/Q994701,FC Bayern München II,6.0,2007-01-01T00:00:00Z,2007-01-01T00:00:00Z
http://www.wikidata.org/entity/Q643678,http://www.wikidata.org/entity/Q18704184,Karlsruher SC II,29.0,2008-01-01T00:00:00Z,2010-01-01T00:00:00Z
http://www.wikidata.org/entity/Q643678,http://www.wikidata.org/entity/Q314851,équipe d'Allemagne espoirs de football,,2009-01-01T00:00:00Z,
http://www.wikidata.org/entity/Q643678,http://www.wikidata.org/entity/Q51974,Hambourg SV,,2007-01-01T00:00:00Z,2008-01-01T00:00:00Z
http://www.wikidata.org/entity/Q643678,http://www.wikidata.org/entity/Q102720,Hertha BSC,,2013-01-01T00:00:00Z,
http://www.wikidata.org/entity/Q643678,http://www.wikidata.org/entity/Q5644342,Hambourg SV II,8.0,2007-01-01T00:00:00Z,2007-01-01T00:00:00Z
http://www.wikidata.org/entity/Q643678,http://www.wikidata.org/entity/Q15755,FC Augsbourg,37.0,2011-01-01T00:00:00Z,2013-01-01T00:00:00Z
http://www.wikidata.org/entity/Q643678,http://www.wikidata.org/entity/Q2016992,équipe d'Allemagne de football des moins de 18 ans,2.0,2006-01-01T00:00:00Z,2006-01-01T00:00:00Z
http://www.wikidata.org/entity/Q644091,http://www.wikidata.org/entity/Q157463,1. FC Sarrebruck,70.0,1990-01-01T00:00:00Z,1992-01-01T00:00:00Z
http://www.wikidata.org/entity/Q644091,http://www.wikidata.org/entity/Q314851,équipe d'Allemagne espoirs de football,2.0,1988-01-01T00:00:00Z,1989-01-01T00:00:00Z
http://www.wikidata.org/entity/Q644091,http://www.wikidata.org/entity/Q102720,Hertha BSC,227.0,1996-01-01T00:00:00Z,2003-01-01T00:00:00Z
http://www.wikidata.org/entity/Q644091,http://www.wikidata.org/entity/Q154293,MSV Duisbourg,65.0,1992-01-01T00:00:00Z,1994-01-01T00:00:00Z
http://www.wikidata.org/entity/Q644091,http://www.wikidata.org/entity/Q524378,SG Wattenscheid 09,60.0,1994-01-01T00:00:00Z,1996-01-01T00:00:00Z
http://www.wikidata.org/entity/Q644091,http://www.wikidata.org/entity/Q151747,Fortuna Düsseldorf,88.0,1986-01-01T00:00:00Z,1990-01-01T00:00:00Z
http://www.wikidata.org/entity/Q644091,http://www.wikidata.org/entity/Q43310,équipe d'Allemagne de football,7.0,1999-01-01T00:00:00Z,2000-01-01T00:00:00Z
http://www.wikidata.org/entity/Q644323,http://www.wikidata.org/entity/Q105861,VfL Bochum,135.0,2001-07-01T00:00:00Z,2007-07-01T00:00:00Z
http://www.wikidata.org/entity/Q644323,http://www.wikidata.org/entity/Q152424,équipe d'Allemagne de l'Est de football,7.0,1989-01-01T00:00:00Z,1990-01-01T00:00:00Z
http://www.wikidata.org/entity/Q644323,http://www.wikidata.org/entity/Q316855,Hallescher FC,22.0,1991-01-01T00:00:00Z,1992-01-01T00:00:00Z
http://www.wikidata.org/entity/Q644323,http://www.wikidata.org/entity/Q316855,Hallescher FC,94.0,1986-01-01T00:00:00Z,1991-01-01T00:00:00Z
http://www.wikidata.org/entity/Q644323,http://www.wikidata.org/entity/Q102720,Hertha BSC,85.0,1998-07-01T00:00:00Z,2001-07-01T00:00:00Z
http://www.wikidata.org/entity/Q644323,http://www.wikidata.org/entity/Q105861,VfL Bochum,211.0,1992-01-01T00:00:00Z,1998-07-01T00:00:00Z
http://www.wikidata.org/entity/Q644323,http://www.wikidata.org/entity/Q43310,équipe d'Allemagne de football,17.0,1997-01-01T00:00:00Z,2000-01-01T00:00:00Z
http://www.wikidata.org/entity/Q644655,http://www.wikidata.org/entity/Q309400,US Boulogne CO,67.0,2009-01-01T00:00:00Z,2012-01-01T00:00:00Z
http://www.wikidata.org/entity/Q644655,http://www.wikidata.org/entity/Q689874,Union de Philadelphie,4.0,2012-01-01T00:00:00Z,2013-01-01T00:00:00Z
http://www.wikidata.org/entity/Q644655,http://www.wikidata.org/entity/Q308683,Fire de Chicago,63.0,2007-01-01T00:00:00Z,2009-01-01T00:00:00Z
http://www.wikidata.org/entity/Q644655,http://www.wikidata.org/entity/Q642291,FC Dallas,0.0,2015-01-01T00:00:00Z,2015-01-01T00:00:00Z
http://www.wikidata.org/entity/Q644655,http://www.wikidata.org/entity/Q308683,Fire de Chicago,48.0,2013-01-01T00:00:00Z,2014-01-01T00:00:00Z
http://www.wikidata.org/entity/Q644655,http://www.wikidata.org/entity/Q167615,CF Montréal,10.0,2015-01-01T00:00:00Z,2015-01-01T00:00:00Z
http://www.wikidata.org/entity/Q644655,http://www.wikidata.org/entity/Q211733,équipe du Mali de football,12.0,2009-01-01T00:00:00Z,2010-01-01T00:00:00Z
http://www.wikidata.org/entity/Q644655,http://www.wikidata.org/entity/Q105853,Karlsruher SC,7.0,2012-01-01T00:00:00Z,2012-01-01T00:00:00Z
http://www.wikidata.org/entity/Q646143,http://www.wikidata.org/entity/Q223262,FC Lucerne,25.0,2006-01-01T00:00:00Z,2007-01-01T00:00:00Z
http://www.wikidata.org/entity/Q646143,http://www.wikidata.org/entity/Q50602,Manchester City FC,,2002-01-01T00:00:00Z,2003-01-01T00:00:00Z
http://www.wikidata.org/entity/Q646143,http://www.wikidata.org/entity/Q608122,Kayserispor,,2006-01-01T00:00:00Z,2006-01-01T00:00:00Z
http://www.wikidata.org/entity/Q646143,http://www.wikidata.org/entity/Q291297,Kayseri Erciyesspor,11.0,2006-01-01T00:00:00Z,2006-01-01T00:00:00Z
http://www.wikidata.org/entity/Q646143,http://www.wikidata.org/entity/Q8466,1. FC Kaiserslautern,41.0,2003-01-01T00:00:00Z,2006-01-01T00:00:00Z
http://www.wikidata.org/entity/Q646143,http://www.wikidata.org/entity/Q1348189,Veria F.C.,6.0,2008-01-01T00:00:00Z,2009-01-01T00:00:00Z
http://www.wikidata.org/entity/Q646143,http://www.wikidata.org/entity/Q1324370,Tonnerre Yaoundé,26.0,1995-01-01T00:00:00Z,1996-01-01T00:00:00Z
http://www.wikidata.org/entity/Q646143,http://www.wikidata.org/entity/Q18732,Southampton FC,0.0,2007-01-01T00:00:00Z,2008-01-01T00:00:00Z
http://www.wikidata.org/entity/Q646143,http://www.wikidata.org/entity/Q175309,équipe du Cameroun de football,39.0,1997-01-01T00:00:00Z,2005-01-01T00:00:00Z
http://www.wikidata.org/entity/Q646143,http://www.wikidata.org/entity/Q19521,AS Saint-Étienne,,1996-01-01T00:00:00Z,2002-01-01T00:00:00Z
http://www.wikidata.org/entity/Q646471,http://www.wikidata.org/entity/Q80987,Fluminense FC,97.0,2000-01-01T00:00:00Z,2003-01-01T00:00:00Z
http://www.wikidata.org/entity/Q646471,http://www.wikidata.org/entity/Q2018,Catania Football Club,19.0,2005-01-01T00:00:00Z,2005-01-01T00:00:00Z
http://www.wikidata.org/entity/Q646471,http://www.wikidata.org/entity/Q759482,US Cremonese,14.0,2012-01-01T00:00:00Z,2012-01-01T00:00:00Z
http://www.wikidata.org/entity/Q646471,http://www.wikidata.org/entity/Q2037,Associazione Calcio ChievoVerona,39.0,2007-01-01T00:00:00Z,2009-01-01T00:00:00Z
http://www.wikidata.org/entity/Q646471,http://www.wikidata.org/entity/Q8428,Calcio Padova,36.0,2009-01-01T00:00:00Z,2011-01-01T00:00:00Z
http://www.wikidata.org/entity/Q646471,http://www.wikidata.org/entity/Q8428,Calcio Padova,37.0,2009-01-01T00:00:00Z,2009-01-01T00:00:00Z
http://www.wikidata.org/entity/Q646471,http://www.wikidata.org/entity/Q6748,Società Sportiva Juve Stabia,1.0,2011-01-01T00:00:00Z,2011-01-01T00:00:00Z
http://www.wikidata.org/entity/Q646471,http://www.wikidata.org/entity/Q2018,Catania Football Club,37.0,2005-01-01T00:00:00Z,2007-01-01T00:00:00Z
http://www.wikidata.org/entity/Q646471,http://www.wikidata.org/entity/Q2037,Associazione Calcio ChievoVerona,7.0,2004-01-01T00:00:00Z,2005-01-01T00:00:00Z
http://www.wikidata.org/entity/Q646471,http://www.wikidata.org/entity/Q2276413,Virtus Entella,88.0,2012-01-01T00:00:00Z,2015-01-01T00:00:00Z
http://www.wikidata.org/entity/Q647269,http://www.wikidata.org/entity/Q130673,NK Varaždin,,1988-01-01T00:00:00Z,1998-01-01T00:00:00Z
http://www.wikidata.org/entity/Q647269,http://www.wikidata.org/entity/Q105861,VfL Bochum,69.0,1998-01-01T00:00:00Z,2002-01-01T00:00:00Z
http://www.wikidata.org/entity/Q647269,http://www.wikidata.org/entity/Q130673,NK Varaždin,,2002-01-01T00:00:00Z,2005-01-01T00:00:00Z
http://www.wikidata.org/entity/Q647269,http://www.wikidata.org/entity/Q134479,équipe de Croatie de football,2.0,1994-01-01T00:00:00Z,1994-01-01T00:00:00Z
http://www.wikidata.org/entity/Q648362,http://www.wikidata.org/entity/Q524378,SG Wattenscheid 09,59.0,1996-01-01T00:00:00Z,1999-01-01T00:00:00Z
http://www.wikidata.org/entity/Q648362,http://www.wikidata.org/entity/Q568276,Bonner SC,32.0,1995-01-01T00:00:00Z,1996-01-01T00:00:00Z
http://www.wikidata.org/entity/Q648362,http://www.wikidata.org/entity/Q568276,Bonner SC,11.0,2007-01-01T00:00:00Z,2009-01-01T00:00:00Z
http://www.wikidata.org/entity/Q648362,http://www.wikidata.org/entity/Q157463,1. FC Sarrebruck,14.0,2002-01-01T00:00:00Z,2003-01-01T00:00:00Z
http://www.wikidata.org/entity/Q648362,http://www.wikidata.org/entity/Q155218,Rot-Weiss Essen,57.0,2004-01-01T00:00:00Z,2007-01-01T00:00:00Z
http://www.wikidata.org/entity/Q648362,http://www.wikidata.org/entity/Q105861,VfL Bochum,55.0,1999-01-01T00:00:00Z,2002-01-01T00:00:00Z
http://www.wikidata.org/entity/Q648362,http://www.wikidata.org/entity/Q479332,FC Bremerhaven,,1995-01-01T00:00:00Z,1995-01-01T00:00:00Z
http://www.wikidata.org/entity/Q649776,http://www.wikidata.org/entity/Q289516,AC Oulu,2.0,2006-01-01T00:00:00Z,2006-01-01T00:00:00Z
http://www.wikidata.org/entity/Q649776,http://www.wikidata.org/entity/Q11890188,Rauman Pallo,21.0,1990-01-01T00:00:00Z,1990-01-01T00:00:00Z
http://www.wikidata.org/entity/Q649776,http://www.wikidata.org/entity/Q4345739,Oulun Luistinseura,36.0,1988-01-01T00:00:00Z,1989-01-01T00:00:00Z
http://www.wikidata.org/entity/Q649776,http://www.wikidata.org/entity/Q289516,AC Oulu,2.0,2005-01-01T00:00:00Z,2005-01-01T00:00:00Z
http://www.wikidata.org/entity/Q649776,http://www.wikidata.org/entity/Q223813,TPS Turku,6.0,1994-01-01T00:00:00Z,1994-01-01T00:00:00Z
http://www.wikidata.org/entity/Q649776,http://www.wikidata.org/entity/Q275138,Football Club Haka Valkeakoski,65.0,1991-01-01T00:00:00Z,1992-01-01T00:00:00Z
http://www.wikidata.org/entity/Q649776,http://www.wikidata.org/entity/Q289516,AC Oulu,140.0,2009-01-01T00:00:00Z,2014-01-01T00:00:00Z
http://www.wikidata.org/entity/Q649776,http://www.wikidata.org/entity/Q204881,Malmö FF,31.0,1993-01-01T00:00:00Z,1995-01-01T00:00:00Z
http://www.wikidata.org/entity/Q649776,http://www.wikidata.org/entity/Q186532,équipe de Finlande de football,71.0,1992-01-01T00:00:00Z,2008-01-01T00:00:00Z
http://www.wikidata.org/entity/Q649776,http://www.wikidata.org/entity/Q223813,TPS Turku,6.0,1993-01-01T00:00:00Z,1993-01-01T00:00:00Z
http://www.wikidata.org/entity/Q649776,http://www.wikidata.org/entity/Q208584,HJK Helsinki,25.0,2008-01-01T00:00:00Z,2008-01-01T00:00:00Z
http://www.wikidata.org/entity/Q649776,http://www.wikidata.org/entity/Q200321,SC Heerenveen,133.0,1999-01-01T00:00:00Z,2003-01-01T00:00:00Z
http://www.wikidata.org/entity/Q649776,http://www.wikidata.org/entity/Q208584,HJK Helsinki,40.0,2006-01-01T00:00:00Z,2007-01-01T00:00:00Z
http://www.wikidata.org/entity/Q649776,http://www.wikidata.org/entity/Q8466,1. FC Kaiserslautern,28.0,2003-01-01T00:00:00Z,2005-01-01T00:00:00Z
http://www.wikidata.org/entity/Q649776,http://www.wikidata.org/entity/Q2679510,équipe de Finlande de football des moins de 17 ans,,1988-01-01T00:00:00Z,1989-01-01T00:00:00Z
http://www.wikidata.org/entity/Q649776,http://www.wikidata.org/entity/Q614987,équipe de Finlande espoirs de football,19.0,1991-01-01T00:00:00Z,1994-01-01T00:00:00Z
http://www.wikidata.org/entity/Q649776,http://www.wikidata.org/entity/Q853508,RoPS,25.0,2008-01-01T00:00:00Z,2008-01-01T00:00:00Z
http://www.wikidata.org/entity/Q649776,http://www.wikidata.org/entity/Q208584,HJK Helsinki,7.0,2005-01-01T00:00:00Z,2005-01-01T00:00:00Z
http://www.wikidata.org/entity/Q649776,http://www.wikidata.org/entity/Q4345739,Oulun Luistinseura,4.0,2005-01-01T00:00:00Z,2005-01-01T00:00:00Z
http://www.wikidata.org/entity/Q649776,http://www.wikidata.org/entity/Q853508,RoPS,40.0,2006-01-01T00:00:00Z,2007-01-01T00:00:00Z
http://www.wikidata.org/entity/Q649776,http://www.wikidata.org/entity/Q853508,RoPS,25.0,2006-01-01T00:00:00Z,2006-01-01T00:00:00Z
http://www.wikidata.org/entity/Q676014,http://www.wikidata.org/entity/Q862791,Ethnikos Achna,19.0,2012-01-01T00:00:00Z,2013-01-01T00:00:00Z
http://www.wikidata.org/entity/Q676014,http://www.wikidata.org/entity/Q144190,PFK Levski Sofia,3.0,2011-01-01T00:00:00Z,2012-01-01T00:00:00Z
http://www.wikidata.org/entity/Q676014,http://www.wikidata.org/entity/Q492826,MKE Ankaragücü,4.0,2009-01-01T00:00:00Z,2010-01-01T00:00:00Z
http://www.wikidata.org/entity/Q676014,http://www.wikidata.org/entity/Q201567,IFK Göteborg,3.0,2010-01-01T00:00:00Z,2010-01-01T00:00:00Z
http://www.wikidata.org/entity/Q676014,http://www.wikidata.org/entity/Q641373,Gençlerbirliği SK,45.0,2005-01-01T00:00:00Z,2007-01-01T00:00:00Z
http://www.wikidata.org/entity/Q676721,http://www.wikidata.org/entity/Q7387221,S.L. Benfica B,3.0,2015-01-01T00:00:00Z,2015-01-01T00:00:00Z
http://www.wikidata.org/entity/Q676721,http://www.wikidata.org/entity/Q4140019,équipe de Suisse de football des moins de 19 ans,6.0,2010-01-01T00:00:00Z,2011-01-01T00:00:00Z
http://www.wikidata.org/entity/Q676721,http://www.wikidata.org/entity/Q678582,équipe de Suisse espoirs de football,6.0,2013-01-01T00:00:00Z,2013-01-01T00:00:00Z
http://www.wikidata.org/entity/Q676721,http://www.wikidata.org/entity/Q190526,Berner Sport Club Young Boys,71.0,2015-01-01T00:00:00Z,2019-01-01T00:00:00Z
http://www.wikidata.org/entity/Q676721,http://www.wikidata.org/entity/Q3873550,équipe de Suisse de football des moins de 20 ans,12.0,2010-01-01T00:00:00Z,2011-01-01T00:00:00Z
http://www.wikidata.org/entity/Q676721,http://www.wikidata.org/entity/Q172476,Girondins de Bordeaux,55.0,2019-01-01T00:00:00Z,2021-01-01T00:00:00Z
http://www.wikidata.org/entity/Q676721,http://www.wikidata.org/entity/Q603271,FC Aarau,46.0,2009-01-01T00:00:00Z,2012-01-01T00:00:00Z
http://www.wikidata.org/entity/Q676721,http://www.wikidata.org/entity/Q206692,FC Zurich,30.0,2012-01-01T00:00:00Z,2014-01-01T00:00:00Z
http://www.wikidata.org/entity/Q676721,http://www.wikidata.org/entity/Q321061,FC Sion,13.0,2022-01-01T00:00:00Z,2022-01-01T00:00:00Z
http://www.wikidata.org/entity/Q676721,http://www.wikidata.org/entity/Q678582,équipe de Suisse espoirs de football,3.0,2014-01-01T00:00:00Z,2014-01-01T00:00:00Z
http://www.wikidata.org/entity/Q676721,http://www.wikidata.org/entity/Q131499,SL Benfica,2.0,2014-01-01T00:00:00Z,2015-01-01T00:00:00Z
http://www.wikidata.org/entity/Q676721,http://www.wikidata.org/entity/Q190526,Berner Sport Club Young Boys,31.0,2022-01-01T00:00:00Z,
http://www.wikidata.org/entity/Q677380,http://www.wikidata.org/entity/Q1638380,Club Social y Deportivo Huracán Buceo,,1997-01-01T00:00:00Z,2000-01-01T00:00:00Z
http://www.wikidata.org/entity/Q677380,http://www.wikidata.org/entity/Q327172,CA Huracán,6.0,1999-01-01T00:00:00Z,2000-01-01T00:00:00Z
http://www.wikidata.org/entity/Q677380,http://www.wikidata.org/entity/Q19523,AS Nancy-Lorraine,210.0,2000-01-01T00:00:00Z,2010-01-01T00:00:00Z
http://www.wikidata.org/entity/Q678558,http://www.wikidata.org/entity/Q1102938,Club africain,,2014-01-01T00:00:00Z,
http://www.wikidata.org/entity/Q678558,http://www.wikidata.org/entity/Q201360,Grasshopper Zurich,41.0,2007-01-01T00:00:00Z,2009-01-01T00:00:00Z
http://www.wikidata.org/entity/Q678558,http://www.wikidata.org/entity/Q201969,FC Winterthour,,2005-01-01T00:00:00Z,2007-01-01T00:00:00Z
http://www.wikidata.org/entity/Q678558,http://www.wikidata.org/entity/Q223262,FC Lucerne,40.0,2003-01-01T00:00:00Z,2005-01-01T00:00:00Z
http://www.wikidata.org/entity/Q678558,http://www.wikidata.org/entity/Q678582,équipe de Suisse espoirs de football,,2001-01-01T00:00:00Z,2004-01-01T00:00:00Z
http://www.wikidata.org/entity/Q678558,http://www.wikidata.org/entity/Q19512,Football Club Sochaux-Montbéliard,82.0,2009-01-01T00:00:00Z,2013-01-01T00:00:00Z
http://www.wikidata.org/entity/Q678558,http://www.wikidata.org/entity/Q27971,équipe de Tunisie de football,30.0,2007-01-01T00:00:00Z,2014-01-01T00:00:00Z
http://www.wikidata.org/entity/Q678558,http://www.wikidata.org/entity/Q223262,FC Lucerne,30.0,2013-01-01T00:00:00Z,2014-01-01T00:00:00Z
http://www.wikidata.org/entity/Q678558,http://www.wikidata.org/entity/Q201360,Grasshopper Zurich,5.0,2001-01-01T00:00:00Z,2003-01-01T00:00:00Z
http://www.wikidata.org/entity/Q679805,http://www.wikidata.org/entity/Q163467,1. Simmeringer SC,,1989-01-01T00:00:00Z,1990-01-01T00:00:00Z
http://www.wikidata.org/entity/Q679805,http://www.wikidata.org/entity/Q163534,équipe d'Autriche de football,2.0,1995-01-01T00:00:00Z,2002-01-01T00:00:00Z
http://www.wikidata.org/entity/Q679805,http://www.wikidata.org/entity/Q698702,Admira Wacker,2.0,2008-01-01T00:00:00Z,2008-01-01T00:00:00Z
http://www.wikidata.org/entity/Q679805,http://www.wikidata.org/entity/Q131603,TSV Munich 1860,50.0,1999-01-01T00:00:00Z,2004-01-01T00:00:00Z
http://www.wikidata.org/entity/Q679805,http://www.wikidata.org/entity/Q698702,Admira Wacker,1.0,2004-01-01T00:00:00Z,2005-01-01T00:00:00Z
http://www.wikidata.org/entity/Q679805,http://www.wikidata.org/entity/Q131215,Rapid Vienne,34.0,1994-01-01T00:00:00Z,1995-01-01T00:00:00Z
http://www.wikidata.org/entity/Q679805,http://www.wikidata.org/entity/Q163467,1. Simmeringer SC,8.0,2009-01-01T00:00:00Z,2010-01-01T00:00:00Z
http://www.wikidata.org/entity/Q679805,http://www.wikidata.org/entity/Q124007617,SK Sturm Graz,30.0,1996-01-01T00:00:00Z,1997-01-01T00:00:00Z
http://www.wikidata.org/entity/Q679805,http://www.wikidata.org/entity/Q686826,First Vienna FC 1894,54.0,2005-01-01T00:00:00Z,2007-01-01T00:00:00Z
http://www.wikidata.org/entity/Q679805,http://www.wikidata.org/entity/Q10315,Real Sociedad,30.0,1995-01-01T00:00:00Z,1996-01-01T00:00:00Z
http://www.wikidata.org/entity/Q679805,http://www.wikidata.org/entity/Q131215,Rapid Vienne,70.0,1997-01-01T00:00:00Z,1999-01-01T00:00:00Z
http://www.wikidata.org/entity/Q679805,http://www.wikidata.org/entity/Q163467,1. Simmeringer SC,8.0,2009-01-01T00:00:00Z,2009-01-01T00:00:00Z
http://www.wikidata.org/entity/Q679805,http://www.wikidata.org/entity/Q698702,Admira Wacker,1.0,2005-01-01T00:00:00Z,2005-01-01T00:00:00Z
http://www.wikidata.org/entity/Q679805,http://www.wikidata.org/entity/Q131209,FK Austria Vienne,29.0,1992-01-01T00:00:00Z,1994-01-01T00:00:00Z
http://www.wikidata.org/entity/Q679805,http://www.wikidata.org/entity/Q297822,SK Schwadorf,5.0,2007-01-01T00:00:00Z,2008-01-01T00:00:00Z
http://www.wikidata.org/entity/Q679805,http://www.wikidata.org/entity/Q533974,SV Stockerau,25.0,2008-01-01T00:00:00Z,2009-01-01T00:00:00Z
http://www.wikidata.org/entity/Q679805,http://www.wikidata.org/entity/Q297822,SK Schwadorf,5.0,2007-01-01T00:00:00Z,2007-01-01T00:00:00Z
http://www.wikidata.org/entity/Q680180,http://www.wikidata.org/entity/Q1110944,équipe d'Angleterre de football B,1.0,1990-01-01T00:00:00Z,1990-01-01T00:00:00Z
http://www.wikidata.org/entity/Q680180,http://www.wikidata.org/entity/Q18732,Southampton FC,128.0,1987-01-01T00:00:00Z,1991-01-01T00:00:00Z
http://www.wikidata.org/entity/Q680180,http://www.wikidata.org/entity/Q1128631,Leeds United,212.0,1991-01-01T00:00:00Z,1998-01-01T00:00:00Z
http://www.wikidata.org/entity/Q680180,http://www.wikidata.org/entity/Q19451,Bolton Wanderers FC,19.0,2001-01-01T00:00:00Z,2002-01-01T00:00:00Z
http://www.wikidata.org/entity/Q680180,http://www.wikidata.org/entity/Q204238,équipe d'Angleterre espoirs de football,11.0,1989-01-01T00:00:00Z,1991-01-01T00:00:00Z
http://www.wikidata.org/entity/Q680180,http://www.wikidata.org/entity/Q48943,Gillingham Football Club,36.0,2002-01-01T00:00:00Z,2004-01-01T00:00:00Z
http://www.wikidata.org/entity/Q680180,http://www.wikidata.org/entity/Q19597,Rangers FC,78.0,1998-01-01T00:00:00Z,2001-01-01T00:00:00Z
http://www.wikidata.org/entity/Q680223,http://www.wikidata.org/entity/Q33748,Hanovre 96,0.0,2014-01-01T00:00:00Z,2015-01-01T00:00:00Z
http://www.wikidata.org/entity/Q680223,http://www.wikidata.org/entity/Q131209,FK Austria Vienne,0.0,2002-01-01T00:00:00Z,2006-01-01T00:00:00Z
http://www.wikidata.org/entity/Q680223,http://www.wikidata.org/entity/Q163534,équipe d'Autriche de football,,2011-01-01T00:00:00Z,
http://www.wikidata.org/entity/Q680223,http://www.wikidata.org/entity/Q131209,FK Austria Vienne,21.0,2008-01-01T00:00:00Z,2011-01-01T00:00:00Z
http://www.wikidata.org/entity/Q680223,http://www.wikidata.org/entity/Q876583,DSV Leoben,14.0,2004-01-01T00:00:00Z,2005-01-01T00:00:00Z
http://www.wikidata.org/entity/Q680223,http://www.wikidata.org/entity/Q263320,SV Mattersburg,20.0,2006-01-01T00:00:00Z,2008-01-01T00:00:00Z
http://www.wikidata.org/entity/Q680223,http://www.wikidata.org/entity/Q151747,Fortuna Düsseldorf,13.0,2011-01-01T00:00:00Z,2013-01-01T00:00:00Z
http://www.wikidata.org/entity/Q680223,http://www.wikidata.org/entity/Q107818,FC Energie Cottbus,18.0,2013-01-01T00:00:00Z,2014-01-01T00:00:00Z
http://www.wikidata.org/entity/Q680223,http://www.wikidata.org/entity/Q151747,Fortuna Düsseldorf,2.0,2011-01-01T00:00:00Z,2011-01-01T00:00:00Z
http://www.wikidata.org/entity/Q680223,http://www.wikidata.org/entity/Q124007617,SK Sturm Graz,0.0,2001-01-01T00:00:00Z,2002-01-01T00:00:00Z
http://www.wikidata.org/entity/Q680223,http://www.wikidata.org/entity/Q670438,SC Rheindorf Altach,0.0,2004-01-01T00:00:00Z,2004-01-01T00:00:00Z
http://www.wikidata.org/entity/Q680223,http://www.wikidata.org/entity/Q131209,FK Austria Vienne,,2015-01-01T00:00:00Z,
http://www.wikidata.org/entity/Q681519,http://www.wikidata.org/entity/Q153539,SpVgg Greuther Fürth,22.0,1999-01-01T00:00:00Z,2000-01-01T00:00:00Z
http://www.wikidata.org/entity/Q681519,http://www.wikidata.org/entity/Q154053,Eintracht Brunswick,179.0,1989-01-01T00:00:00Z,1999-01-01T00:00:00Z
http://www.wikidata.org/entity/Q681519,http://www.wikidata.org/entity/Q105844,DSC Arminia Bielefeld,243.0,2000-01-01T00:00:00Z,2008-01-01T00:00:00Z
http://www.wikidata.org/entity/Q681519,http://www.wikidata.org/entity/Q6463,FC Sankt Pauli,69.0,2008-01-01T00:00:00Z,2011-01-01T00:00:00Z
http://www.wikidata.org/entity/Q684698,http://www.wikidata.org/entity/Q106528916,Lalitpur City FC,,2023-11-01T00:00:00Z,2024-02-01T00:00:00Z
http://www.wikidata.org/entity/Q684698,http://www.wikidata.org/entity/Q187528,RSC Anderlecht,20.0,2015-01-01T00:00:00Z,2016-06-01T00:00:00Z
http://www.wikidata.org/entity/Q684698,http://www.wikidata.org/entity/Q190561,Standard de Liège,80.0,2012-01-01T00:00:00Z,2014-01-01T00:00:00Z
http://www.wikidata.org/entity/Q684698,http://www.wikidata.org/entity/Q513840,Konyaspor,9.0,2017-07-01T00:00:00Z,2017-12-01T00:00:00Z
http://www.wikidata.org/entity/Q684698,http://www.wikidata.org/entity/Q11979,Unión Deportiva Las Palmas,10.0,2018-02-01T00:00:00Z,2018-08-01T00:00:00Z
http://www.wikidata.org/entity/Q684698,http://www.wikidata.org/entity/Q429630,Al-Jazira Club,17.0,2020-10-01T00:00:00Z,2021-08-01T00:00:00Z
http://www.wikidata.org/entity/Q684698,http://www.wikidata.org/entity/Q283760,Al-Arabi SC,28.0,2014-07-01T00:00:00Z,2017-07-01T00:00:00Z
http://www.wikidata.org/entity/Q684698,http://www.wikidata.org/entity/Q190561,Standard de Liège,13.0,2015-01-01T00:00:00Z,2015-01-01T00:00:00Z
http://www.wikidata.org/entity/Q684698,http://www.wikidata.org/entity/Q426874,Al-Dhafra,4.0,2021-08-01T00:00:00Z,2022-10-01T00:00:00Z
http://www.wikidata.org/entity/Q684698,http://www.wikidata.org/entity/Q680770,Fotbal Club UTA Arad,8.0,2024-03-01T00:00:00Z,2024-10-01T00:00:00Z
http://www.wikidata.org/entity/Q684698,http://www.wikidata.org/entity/Q181930,équipe du Nigéria de football,1.0,2014-03-01T00:00:00Z,2014-03-01T00:00:00Z
http://www.wikidata.org/entity/Q684698,http://www.wikidata.org/entity/Q618620,KV Courtrai,36.0,2018-08-01T00:00:00Z,2020-10-01T00:00:00Z
http://www.wikidata.org/entity/Q685006,http://www.wikidata.org/entity/Q2614598,FK Mačva Šabac,33.0,2000-01-01T00:00:00Z,2002-01-01T00:00:00Z
http://www.wikidata.org/entity/Q685006,http://www.wikidata.org/entity/Q182930,FK Rostov,68.0,2008-01-01T00:00:00Z,2011-01-01T00:00:00Z
http://www.wikidata.org/entity/Q685006,http://www.wikidata.org/entity/Q421940,FC Smederevo,47.0,2002-01-01T00:00:00Z,2006-01-01T00:00:00Z
http://www.wikidata.org/entity/Q685006,http://www.wikidata.org/entity/Q1457,UC Sampdoria,0.0,2006-01-01T00:00:00Z,2007-01-01T00:00:00Z
http://www.wikidata.org/entity/Q685617,http://www.wikidata.org/entity/Q639560,Tennis Borussia Berlin,14.0,1999-01-01T00:00:00Z,1999-01-01T00:00:00Z
http://www.wikidata.org/entity/Q685617,http://www.wikidata.org/entity/Q392310,LASK,27.0,1997-01-01T00:00:00Z,1998-01-01T00:00:00Z
http://www.wikidata.org/entity/Q685617,http://www.wikidata.org/entity/Q1130961,Hamarkameratene,44.0,2004-01-01T00:00:00Z,2005-01-01T00:00:00Z
http://www.wikidata.org/entity/Q685617,http://www.wikidata.org/entity/Q5348841,Eidsvold TF,17.0,2006-01-01T00:00:00Z,2007-01-01T00:00:00Z
http://www.wikidata.org/entity/Q685617,http://www.wikidata.org/entity/Q608988,CS Sedan Ardennes,13.0,1999-01-01T00:00:00Z,2000-01-01T00:00:00Z
http://www.wikidata.org/entity/Q685617,http://www.wikidata.org/entity/Q639560,Tennis Borussia Berlin,14.0,1998-01-01T00:00:00Z,1999-01-01T00:00:00Z
http://www.wikidata.org/entity/Q685617,http://www.wikidata.org/entity/Q392310,LASK,33.0,2000-01-01T00:00:00Z,2001-01-01T00:00:00Z
http://www.wikidata.org/entity/Q685617,http://www.wikidata.org/entity/Q837205,Kongsvinger IL,44.0,1993-01-01T00:00:00Z,1994-01-01T00:00:00Z
http://www.wikidata.org/entity/Q685617,http://www.wikidata.org/entity/Q214374,Lillestrøm SK,60.0,1995-01-01T00:00:00Z,1997-01-01T00:00:00Z
http://www.wikidata.org/entity/Q685617,http://www.wikidata.org/entity/Q725018,Lierse SK,56.0,2001-01-01T00:00:00Z,2004-01-01T00:00:00Z
http://www.wikidata.org/entity/Q685617,http://www.wikidata.org/entity/Q184387,équipe de Norvège de football,5.0,1994-01-01T00:00:00Z,1994-01-01T00:00:00Z
http://www.wikidata.org/entity/Q649776,http://www.wikidata.org/entity/Q11961,Heracles Almelo,22.0,2005-01-01T00:00:00Z,2006-01-01T00:00:00Z
http://www.wikidata.org/entity/Q649776,http://www.wikidata.org/entity/Q1061627,FC Emmen,122.0,1995-01-01T00:00:00Z,1999-01-01T00:00:00Z
http://www.wikidata.org/entity/Q653692,http://www.wikidata.org/entity/Q8466,1. FC Kaiserslautern,187.0,2008-01-01T00:00:00Z,2014-01-01T00:00:00Z
http://www.wikidata.org/entity/Q653692,http://www.wikidata.org/entity/Q18704184,Karlsruher SC II,61.0,2002-01-01T00:00:00Z,2008-01-01T00:00:00Z
http://www.wikidata.org/entity/Q653692,http://www.wikidata.org/entity/Q105844,DSC Arminia Bielefeld,,2014-01-01T00:00:00Z,
http://www.wikidata.org/entity/Q653692,http://www.wikidata.org/entity/Q316497,équipe d'Allemagne de football des moins de 20 ans,4.0,2003-01-01T00:00:00Z,2004-01-01T00:00:00Z
http://www.wikidata.org/entity/Q653692,http://www.wikidata.org/entity/Q105853,Karlsruher SC,85.0,2003-01-01T00:00:00Z,2008-01-01T00:00:00Z
http://www.wikidata.org/entity/Q654690,http://www.wikidata.org/entity/Q218282,CA San Lorenzo,26.0,2012-01-01T00:00:00Z,2013-01-01T00:00:00Z
http://www.wikidata.org/entity/Q654690,http://www.wikidata.org/entity/Q79800,équipe d'Argentine de football,4.0,2010-01-01T00:00:00Z,2011-01-01T00:00:00Z
http://www.wikidata.org/entity/Q654690,http://www.wikidata.org/entity/Q476836,Arsenal Fútbol Club,49.0,2007-01-01T00:00:00Z,2010-01-01T00:00:00Z
http://www.wikidata.org/entity/Q654690,http://www.wikidata.org/entity/Q736937,CF Pachuca,,2015-01-01T00:00:00Z,
http://www.wikidata.org/entity/Q654690,http://www.wikidata.org/entity/Q19628,Olympiakós,12.0,2015-01-01T00:00:00Z,2015-01-01T00:00:00Z
http://www.wikidata.org/entity/Q654690,http://www.wikidata.org/entity/Q131499,SL Benfica,29.0,2010-01-01T00:00:00Z,2015-01-01T00:00:00Z
http://www.wikidata.org/entity/Q654690,http://www.wikidata.org/entity/Q8812,Grenade CF,31.0,2011-01-01T00:00:00Z,2012-01-01T00:00:00Z
http://www.wikidata.org/entity/Q654690,http://www.wikidata.org/entity/Q214940,Estudiantes de La Plata,23.0,2013-01-01T00:00:00Z,2014-01-01T00:00:00Z
http://www.wikidata.org/entity/Q655690,http://www.wikidata.org/entity/Q3590572,équipe des États-Unis de football des moins de 23 ans,,2012-01-01T00:00:00Z,
http://www.wikidata.org/entity/Q655690,http://www.wikidata.org/entity/Q24680,FC Utrecht,14.0,2014-01-01T00:00:00Z,2014-01-01T00:00:00Z
http://www.wikidata.org/entity/Q655690,http://www.wikidata.org/entity/Q309095,Revolution de la Nouvelle-Angleterre,14.0,2013-01-01T00:00:00Z,2013-01-01T00:00:00Z
http://www.wikidata.org/entity/Q655690,http://www.wikidata.org/entity/Q3590570,équipe des États-Unis de football des moins de 17 ans,16.0,2008-01-01T00:00:00Z,2009-01-01T00:00:00Z
http://www.wikidata.org/entity/Q655690,http://www.wikidata.org/entity/Q164134,équipe des États-Unis de football,,2010-01-01T00:00:00Z,
http://www.wikidata.org/entity/Q655690,http://www.wikidata.org/entity/Q309095,Revolution de la Nouvelle-Angleterre,,2015-01-01T00:00:00Z,
http://www.wikidata.org/entity/Q655690,http://www.wikidata.org/entity/Q287804,équipe des États-Unis de soccer des moins de 20 ans,8.0,2010-01-01T00:00:00Z,2010-01-01T00:00:00Z
http://www.wikidata.org/entity/Q655690,http://www.wikidata.org/entity/Q18736,Stoke City FC,0.0,2014-01-01T00:00:00Z,2014-01-01T00:00:00Z
http://www.wikidata.org/entity/Q655690,http://www.wikidata.org/entity/Q642433,Club Deportivo Chivas USA,26.0,2012-01-01T00:00:00Z,2013-01-01T00:00:00Z
http://www.wikidata.org/entity/Q655690,http://www.wikidata.org/entity/Q204220,Red Bulls de New York,33.0,2010-01-01T00:00:00Z,2012-01-01T00:00:00Z
http://www.wikidata.org/entity/Q656593,http://www.wikidata.org/entity/Q618520,FC Midtjylland,102.0,2004-01-01T00:00:00Z,2007-01-01T00:00:00Z
http://www.wikidata.org/entity/Q656593,http://www.wikidata.org/entity/Q210025,Football Club Nordsjælland,51.0,1999-01-01T00:00:00Z,2004-01-01T00:00:00Z
http://www.wikidata.org/entity/Q656593,http://www.wikidata.org/entity/Q635654,Lyngby BK,,2015-01-01T00:00:00Z,
http://www.wikidata.org/entity/Q656593,http://www.wikidata.org/entity/Q107818,FC Energie Cottbus,128.0,2007-01-01T00:00:00Z,2013-01-01T00:00:00Z
http://www.wikidata.org/entity/Q656593,http://www.wikidata.org/entity/Q131785,équipe du Danemark de football,5.0,2006-01-01T00:00:00Z,2006-01-01T00:00:00Z
http://www.wikidata.org/entity/Q656593,http://www.wikidata.org/entity/Q3873544,équipe du Danemark de football des moins de 20 ans,4.0,2002-01-01T00:00:00Z,2002-01-01T00:00:00Z
http://www.wikidata.org/entity/Q656593,http://www.wikidata.org/entity/Q1270152,équipe du Danemark espoirs de football,23.0,2000-01-01T00:00:00Z,2003-01-01T00:00:00Z
http://www.wikidata.org/entity/Q656593,http://www.wikidata.org/entity/Q3873525,équipe du Danemark de football des moins de 19 ans,7.0,1999-01-01T00:00:00Z,2000-01-01T00:00:00Z
http://www.wikidata.org/entity/Q656593,http://www.wikidata.org/entity/Q742329,FC Vestsjælland,60.0,2013-01-01T00:00:00Z,2015-01-01T00:00:00Z
http://www.wikidata.org/entity/Q657039,http://www.wikidata.org/entity/Q4497224,Hendon F.C.,10.0,2011-01-01T00:00:00Z,2011-01-01T00:00:00Z
http://www.wikidata.org/entity/Q657039,http://www.wikidata.org/entity/Q2479641,Colwyn Bay FC,66.0,2012-01-01T00:00:00Z,2015-01-01T00:00:00Z
http://www.wikidata.org/entity/Q657039,http://www.wikidata.org/entity/Q18744,West Bromwich Albion,6.0,1991-01-01T00:00:00Z,1992-01-01T00:00:00Z
http://www.wikidata.org/entity/Q657039,http://www.wikidata.org/entity/Q19458,Burnley FC,92.0,2004-01-01T00:00:00Z,2007-01-01T00:00:00Z
http://www.wikidata.org/entity/Q657039,http://www.wikidata.org/entity/Q18529,Wrexham FC,39.0,2010-01-01T00:00:00Z,2011-01-01T00:00:00Z
http://www.wikidata.org/entity/Q657039,http://www.wikidata.org/entity/Q1953914,Brackley Town F.C.,13.0,2015-01-01T00:00:00Z,2015-01-01T00:00:00Z
http://www.wikidata.org/entity/Q657039,http://www.wikidata.org/entity/Q9616,Chelsea FC,169.0,1990-01-01T00:00:00Z,1998-01-01T00:00:00Z
http://www.wikidata.org/entity/Q657039,http://www.wikidata.org/entity/Q48953,Wycombe Wanderers FC,9.0,2009-01-01T00:00:00Z,2009-01-01T00:00:00Z
http://www.wikidata.org/entity/Q657039,http://www.wikidata.org/entity/Q18744,West Bromwich Albion,6.0,1991-01-01T00:00:00Z,1991-01-01T00:00:00Z
http://www.wikidata.org/entity/Q657039,http://www.wikidata.org/entity/Q19473,Huddersfield Town Football Club,13.0,2007-01-01T00:00:00Z,2007-01-01T00:00:00Z
http://www.wikidata.org/entity/Q657039,http://www.wikidata.org/entity/Q19481,Leicester City FC,164.0,1998-01-01T00:00:00Z,2004-01-01T00:00:00Z
http://www.wikidata.org/entity/Q657039,http://www.wikidata.org/entity/Q18529,Wrexham FC,17.0,2009-01-01T00:00:00Z,2010-01-01T00:00:00Z
http://www.wikidata.org/entity/Q657039,http://www.wikidata.org/entity/Q19473,Huddersfield Town Football Club,29.0,2007-01-01T00:00:00Z,2008-01-01T00:00:00Z
http://www.wikidata.org/entity/Q657039,http://www.wikidata.org/entity/Q235399,équipe de Jamaïque de football,28.0,1997-01-01T00:00:00Z,2003-01-01T00:00:00Z
http://www.wikidata.org/entity/Q657039,http://www.wikidata.org/entity/Q18519,Lincoln City Football Club,23.0,2008-01-01T00:00:00Z,2009-01-01T00:00:00Z
http://www.wikidata.org/entity/Q657463,http://www.wikidata.org/entity/Q2630537,équipe de Lettonie espoirs de football,12.0,2007-01-01T00:00:00Z,2010-01-01T00:00:00Z
http://www.wikidata.org/entity/Q657463,http://www.wikidata.org/entity/Q935751,SK Blāzma,13.0,2006-01-01T00:00:00Z,2006-01-01T00:00:00Z
http://www.wikidata.org/entity/Q657463,http://www.wikidata.org/entity/Q18831,FK Ventspils,7.0,2009-01-01T00:00:00Z,2010-01-01T00:00:00Z
http://www.wikidata.org/entity/Q657463,http://www.wikidata.org/entity/Q6630,Ascoli Calcio 1898 FC,0.0,2006-01-01T00:00:00Z,2009-01-01T00:00:00Z
http://www.wikidata.org/entity/Q657463,http://www.wikidata.org/entity/Q603271,FC Aarau,2.0,2014-01-01T00:00:00Z,2015-01-01T00:00:00Z
http://www.wikidata.org/entity/Q657463,http://www.wikidata.org/entity/Q189322,équipe de Lettonie de football,,2011-01-01T00:00:00Z,
http://www.wikidata.org/entity/Q657463,http://www.wikidata.org/entity/Q935751,SK Blāzma,65.0,2004-01-01T00:00:00Z,2006-01-01T00:00:00Z
http://www.wikidata.org/entity/Q657463,http://www.wikidata.org/entity/Q324338,Torpedo Moscou,36.0,2012-01-01T00:00:00Z,2014-01-01T00:00:00Z
http://www.wikidata.org/entity/Q657463,http://www.wikidata.org/entity/Q581713,Associazione Calcio Rodengo Saiano,2.0,2009-01-01T00:00:00Z,2009-01-01T00:00:00Z
http://www.wikidata.org/entity/Q657463,http://www.wikidata.org/entity/Q2093921,FK Spartaks Jurmala,16.0,2014-01-01T00:00:00Z,2014-01-01T00:00:00Z
http://www.wikidata.org/entity/Q657463,http://www.wikidata.org/entity/Q245162,Rapid Bucarest,6.0,2010-01-01T00:00:00Z,2010-01-01T00:00:00Z
http://www.wikidata.org/entity/Q657463,http://www.wikidata.org/entity/Q15939830,FK Liepāja/MOGO,,2016-01-01T00:00:00Z,
http://www.wikidata.org/entity/Q657463,http://www.wikidata.org/entity/Q775469,FC Tiraspol,12.0,2010-01-01T00:00:00Z,2011-01-01T00:00:00Z
http://www.wikidata.org/entity/Q657463,http://www.wikidata.org/entity/Q210768,Fotbal Club Sheriff Tiraspol,12.0,2010-01-01T00:00:00Z,2011-01-01T00:00:00Z
http://www.wikidata.org/entity/Q657463,http://www.wikidata.org/entity/Q546034,Ienisseï Krasnoïarsk,33.0,2011-01-01T00:00:00Z,2012-01-01T00:00:00Z
http://www.wikidata.org/entity/Q659371,http://www.wikidata.org/entity/Q2880438,Baladiyyat El Mahallah,,1994-01-01T00:00:00Z,1996-01-01T00:00:00Z
http://www.wikidata.org/entity/Q659371,http://www.wikidata.org/entity/Q286490,Al-Masry Club,,2004-01-01T00:00:00Z,2005-01-01T00:00:00Z
http://www.wikidata.org/entity/Q659371,http://www.wikidata.org/entity/Q223566,Al Ahly SC,,1996-01-01T00:00:00Z,1998-01-01T00:00:00Z
http://www.wikidata.org/entity/Q659371,http://www.wikidata.org/entity/Q28089,équipe d'Égypte de football,47.0,1995-01-01T00:00:00Z,2002-01-01T00:00:00Z
http://www.wikidata.org/entity/Q659371,http://www.wikidata.org/entity/Q142005,FC Hansa Rostock,76.0,1998-01-01T00:00:00Z,2002-01-01T00:00:00Z
http://www.wikidata.org/entity/Q659371,http://www.wikidata.org/entity/Q223566,Al Ahly SC,,2002-01-01T00:00:00Z,2004-01-01T00:00:00Z
http://www.wikidata.org/entity/Q659681,http://www.wikidata.org/entity/Q153535,Alemannia Aix-la-Chapelle,25.0,2009-01-01T00:00:00Z,2010-01-01T00:00:00Z
http://www.wikidata.org/entity/Q659681,http://www.wikidata.org/entity/Q153539,SpVgg Greuther Fürth,74.0,2005-01-01T00:00:00Z,2008-01-01T00:00:00Z
http://www.wikidata.org/entity/Q659681,http://www.wikidata.org/entity/Q314851,équipe d'Allemagne espoirs de football,5.0,2008-01-01T00:00:00Z,2008-01-01T00:00:00Z
http://www.wikidata.org/entity/Q659681,http://www.wikidata.org/entity/Q107818,FC Energie Cottbus,81.0,2010-01-01T00:00:00Z,2013-01-01T00:00:00Z
http://www.wikidata.org/entity/Q659681,http://www.wikidata.org/entity/Q131603,TSV Munich 1860,,2013-01-01T00:00:00Z,
http://www.wikidata.org/entity/Q659681,http://www.wikidata.org/entity/Q101859,VfL Wolfsburg,20.0,2008-01-01T00:00:00Z,2010-01-01T00:00:00Z
http://www.wikidata.org/entity/Q662464,http://www.wikidata.org/entity/Q18151494,Miami Dade FC,,2014-01-01T00:00:00Z,2014-01-01T00:00:00Z
http://www.wikidata.org/entity/Q662464,http://www.wikidata.org/entity/Q216510,CF Os Belenenses,57.0,2006-01-01T00:00:00Z,2008-01-01T00:00:00Z
http://www.wikidata.org/entity/Q662464,http://www.wikidata.org/entity/Q838534,Paraná Clube,1.0,2006-01-01T00:00:00Z,2006-01-01T00:00:00Z
http://www.wikidata.org/entity/Q662464,http://www.wikidata.org/entity/Q17479,Clube de Regatas do Flamengo,6.0,2010-01-01T00:00:00Z,2012-01-01T00:00:00Z
http://www.wikidata.org/entity/Q662464,http://www.wikidata.org/entity/Q1703589,Caxias do Sul,,2004-01-01T00:00:00Z,2004-01-01T00:00:00Z
http://www.wikidata.org/entity/Q662464,http://www.wikidata.org/entity/Q101859,VfL Wolfsburg,2.0,2008-01-01T00:00:00Z,2010-01-01T00:00:00Z
http://www.wikidata.org/entity/Q662464,http://www.wikidata.org/entity/Q221695,Gremio Foot-Ball Porto Alegrense,0.0,2004-01-01T00:00:00Z,2005-01-01T00:00:00Z
http://www.wikidata.org/entity/Q662464,http://www.wikidata.org/entity/Q1513287,Vila Nova Futebol Clube,,2005-01-01T00:00:00Z,2005-01-01T00:00:00Z
http://www.wikidata.org/entity/Q662464,http://www.wikidata.org/entity/Q1703589,Caxias do Sul,,2003-01-01T00:00:00Z,2003-01-01T00:00:00Z
http://www.wikidata.org/entity/Q662464,http://www.wikidata.org/entity/Q1508285,Paysandu Sport Club,1.0,2013-01-01T00:00:00Z,2013-01-01T00:00:00Z
http://www.wikidata.org/entity/Q662464,http://www.wikidata.org/entity/Q2035444,Joinville Esporte Clube,2.0,2012-01-01T00:00:00Z,2012-01-01T00:00:00Z
http://www.wikidata.org/entity/Q663090,http://www.wikidata.org/entity/Q101859,VfL Wolfsburg,1.0,2005-01-01T00:00:00Z,2006-01-01T00:00:00Z
http://www.wikidata.org/entity/Q663090,http://www.wikidata.org/entity/Q17521353,Arminia Bielefeld II,55.0,2002-01-01T00:00:00Z,2005-01-01T00:00:00Z
http://www.wikidata.org/entity/Q663090,http://www.wikidata.org/entity/Q201360,Grasshopper Zurich,12.0,2006-01-01T00:00:00Z,2007-01-01T00:00:00Z
http://www.wikidata.org/entity/Q663090,http://www.wikidata.org/entity/Q314851,équipe d'Allemagne espoirs de football,2.0,2005-01-01T00:00:00Z,2005-01-01T00:00:00Z
http://www.wikidata.org/entity/Q663090,http://www.wikidata.org/entity/Q822990,équipe d'Allemagne de football B,1.0,2004-01-01T00:00:00Z,2004-01-01T00:00:00Z
http://www.wikidata.org/entity/Q663090,http://www.wikidata.org/entity/Q105844,DSC Arminia Bielefeld,13.0,2007-01-01T00:00:00Z,2008-01-01T00:00:00Z
http://www.wikidata.org/entity/Q663090,http://www.wikidata.org/entity/Q105844,DSC Arminia Bielefeld,27.0,2004-01-01T00:00:00Z,2005-01-01T00:00:00Z
http://www.wikidata.org/entity/Q663090,http://www.wikidata.org/entity/Q105853,Karlsruher SC,37.0,2009-01-01T00:00:00Z,2011-01-01T00:00:00Z
http://www.wikidata.org/entity/Q663090,http://www.wikidata.org/entity/Q460494,Paniónios GSS,9.0,2008-01-01T00:00:00Z,2009-01-01T00:00:00Z
http://www.wikidata.org/entity/Q663790,http://www.wikidata.org/entity/Q1380971,Football Club Esperia Viareggio,36.0,2013-01-01T00:00:00Z,2014-01-01T00:00:00Z
http://www.wikidata.org/entity/Q685617,http://www.wikidata.org/entity/Q214374,Lillestrøm SK,31.0,1989-01-01T00:00:00Z,1992-01-01T00:00:00Z
http://www.wikidata.org/entity/Q685617,http://www.wikidata.org/entity/Q1118263,Kongsvinger IL,44.0,1993-01-01T00:00:00Z,1994-01-01T00:00:00Z
http://www.wikidata.org/entity/Q685780,http://www.wikidata.org/entity/Q314851,équipe d'Allemagne espoirs de football,14.0,2007-01-01T00:00:00Z,2009-01-01T00:00:00Z
http://www.wikidata.org/entity/Q685780,http://www.wikidata.org/entity/Q157020,SC Rot-Weiss Oberhausen,13.0,2011-01-01T00:00:00Z,2011-01-01T00:00:00Z
http://www.wikidata.org/entity/Q685780,http://www.wikidata.org/entity/Q105861,VfL Bochum,85.0,2004-01-01T00:00:00Z,2011-01-01T00:00:00Z
http://www.wikidata.org/entity/Q685780,http://www.wikidata.org/entity/Q316497,équipe d'Allemagne de football des moins de 20 ans,1.0,2006-01-01T00:00:00Z,2006-01-01T00:00:00Z
http://www.wikidata.org/entity/Q685780,http://www.wikidata.org/entity/Q154293,MSV Duisbourg,,2014-01-01T00:00:00Z,
http://www.wikidata.org/entity/Q685780,http://www.wikidata.org/entity/Q316865,SC Preußen Münster,77.0,2012-01-01T00:00:00Z,2014-01-01T00:00:00Z
http://www.wikidata.org/entity/Q685780,http://www.wikidata.org/entity/Q316497,équipe d'Allemagne de football des moins de 20 ans,5.0,2005-01-01T00:00:00Z,2006-01-01T00:00:00Z
http://www.wikidata.org/entity/Q685780,http://www.wikidata.org/entity/Q7924284,VfL Bochum II,41.0,2003-01-01T00:00:00Z,2010-01-01T00:00:00Z
http://www.wikidata.org/entity/Q685780,http://www.wikidata.org/entity/Q324854,équipe d'Allemagne de football des moins de 19 ans,5.0,2004-01-01T00:00:00Z,2005-01-01T00:00:00Z
http://www.wikidata.org/entity/Q685796,http://www.wikidata.org/entity/Q153539,SpVgg Greuther Fürth,89.0,2002-01-01T00:00:00Z,2006-01-01T00:00:00Z
http://www.wikidata.org/entity/Q685796,http://www.wikidata.org/entity/Q170117,FC Ingolstadt 04,48.0,2012-01-01T00:00:00Z,2015-01-01T00:00:00Z
http://www.wikidata.org/entity/Q685796,http://www.wikidata.org/entity/Q105844,DSC Arminia Bielefeld,56.0,2006-01-01T00:00:00Z,2008-01-01T00:00:00Z
http://www.wikidata.org/entity/Q685796,http://www.wikidata.org/entity/Q314851,équipe d'Allemagne espoirs de football,1.0,2006-01-01T00:00:00Z,2006-01-01T00:00:00Z
http://www.wikidata.org/entity/Q685796,http://www.wikidata.org/entity/Q316497,équipe d'Allemagne de football des moins de 20 ans,1.0,2003-01-01T00:00:00Z,2003-01-01T00:00:00Z
http://www.wikidata.org/entity/Q685796,http://www.wikidata.org/entity/Q15786,1. FC Nuremberg,111.0,2008-01-01T00:00:00Z,2012-01-01T00:00:00Z
http://www.wikidata.org/entity/Q686197,http://www.wikidata.org/entity/Q51976,Werder Brême,,2016-01-01T00:00:00Z,
http://www.wikidata.org/entity/Q686197,http://www.wikidata.org/entity/Q102720,Hertha BSC,5.0,2004-01-01T00:00:00Z,2006-01-01T00:00:00Z
http://www.wikidata.org/entity/Q686197,http://www.wikidata.org/entity/Q107818,FC Energie Cottbus,93.0,2006-01-01T00:00:00Z,2010-01-01T00:00:00Z
http://www.wikidata.org/entity/Q686197,http://www.wikidata.org/entity/Q994811,Red Bull Salzbourg,28.0,2010-01-01T00:00:00Z,2011-01-01T00:00:00Z
http://www.wikidata.org/entity/Q686197,http://www.wikidata.org/entity/Q920263,Hertha Berliner Sport-Club II,15.0,2004-01-01T00:00:00Z,2005-01-01T00:00:00Z
http://www.wikidata.org/entity/Q686197,http://www.wikidata.org/entity/Q33748,Hanovre 96,22.0,2002-01-01T00:00:00Z,2004-01-01T00:00:00Z
http://www.wikidata.org/entity/Q686197,http://www.wikidata.org/entity/Q18659,Swansea City AFC,52.0,2011-01-01T00:00:00Z,2016-01-01T00:00:00Z
http://www.wikidata.org/entity/Q686197,http://www.wikidata.org/entity/Q158121,SpVgg Unterhaching,68.0,1998-01-01T00:00:00Z,2002-01-01T00:00:00Z
http://www.wikidata.org/entity/Q686620,http://www.wikidata.org/entity/Q189198,équipe d'Islande de football,,2009-01-01T00:00:00Z,
http://www.wikidata.org/entity/Q686620,http://www.wikidata.org/entity/Q5985726,équipe d'Islande de football des moins de 19 ans,15.0,2005-01-01T00:00:00Z,2007-01-01T00:00:00Z
http://www.wikidata.org/entity/Q686620,http://www.wikidata.org/entity/Q188430,FC Copenhague,68.0,2012-01-01T00:00:00Z,2015-01-01T00:00:00Z
http://www.wikidata.org/entity/Q686620,http://www.wikidata.org/entity/Q2533263,équipe d'Islande espoirs de football,19.0,2005-01-01T00:00:00Z,2011-01-01T00:00:00Z
http://www.wikidata.org/entity/Q686620,http://www.wikidata.org/entity/Q837956,Viborg FF,46.0,2007-01-01T00:00:00Z,2009-01-01T00:00:00Z
http://www.wikidata.org/entity/Q686620,http://www.wikidata.org/entity/Q3589828,équipe d'Islande de football des moins de 17 ans,14.0,2003-01-01T00:00:00Z,2004-01-01T00:00:00Z
http://www.wikidata.org/entity/Q686620,http://www.wikidata.org/entity/Q15786,1. FC Nuremberg,,2015-01-01T00:00:00Z,
http://www.wikidata.org/entity/Q686620,http://www.wikidata.org/entity/Q211912,Odense Boldklub,87.0,2009-01-01T00:00:00Z,2012-01-01T00:00:00Z
http://www.wikidata.org/entity/Q686620,http://www.wikidata.org/entity/Q19462,Charlton Athletic FC,0.0,2005-01-01T00:00:00Z,2007-01-01T00:00:00Z
http://www.wikidata.org/entity/Q686620,http://www.wikidata.org/entity/Q139504898,HK Kópavogur,12.0,2005-01-01T00:00:00Z,2005-01-01T00:00:00Z
http://www.wikidata.org/entity/Q687372,http://www.wikidata.org/entity/Q24699,RKC Waalwijk,7.0,2005-01-01T00:00:00Z,2006-01-01T00:00:00Z
http://www.wikidata.org/entity/Q687372,http://www.wikidata.org/entity/Q191264,AZ Alkmaar,42.0,2006-01-01T00:00:00Z,2009-01-01T00:00:00Z
http://www.wikidata.org/entity/Q687372,http://www.wikidata.org/entity/Q327769,équipe du Suriname de football,,2021-01-01T00:00:00Z,
http://www.wikidata.org/entity/Q687372,http://www.wikidata.org/entity/Q8723,Betis Balompié,,2016-01-01T00:00:00Z,
http://www.wikidata.org/entity/Q687372,http://www.wikidata.org/entity/Q495299,Galatasaray SK,,2016-01-01T00:00:00Z,
http://www.wikidata.org/entity/Q687372,http://www.wikidata.org/entity/Q1811026,équipe des Pays-Bas espoirs de football,15.0,2006-01-01T00:00:00Z,2008-01-01T00:00:00Z
http://www.wikidata.org/entity/Q687372,http://www.wikidata.org/entity/Q18744,West Bromwich Albion,16.0,2008-01-01T00:00:00Z,2009-01-01T00:00:00Z
http://www.wikidata.org/entity/Q687372,http://www.wikidata.org/entity/Q138230,Kasımpaşa SK,75.0,2013-01-01T00:00:00Z,2016-01-01T00:00:00Z
http://www.wikidata.org/entity/Q687372,http://www.wikidata.org/entity/Q190916,Club Bruges KV,130.0,2009-01-01T00:00:00Z,2013-01-01T00:00:00Z
http://www.wikidata.org/entity/Q663790,http://www.wikidata.org/entity/Q3626891,A.S.D. Nardò Calcio,3.0,2015-01-01T00:00:00Z,
http://www.wikidata.org/entity/Q663790,http://www.wikidata.org/entity/Q655036,Unione Sportiva Viterbese 1908,12.0,2015-01-01T00:00:00Z,2015-01-01T00:00:00Z
http://www.wikidata.org/entity/Q663790,http://www.wikidata.org/entity/Q1457,UC Sampdoria,0.0,2011-01-01T00:00:00Z,2011-01-01T00:00:00Z
http://www.wikidata.org/entity/Q663790,http://www.wikidata.org/entity/Q289289,A.C. Legnano,8.0,2008-01-01T00:00:00Z,2008-01-01T00:00:00Z
http://www.wikidata.org/entity/Q663790,http://www.wikidata.org/entity/Q6748,Società Sportiva Juve Stabia,16.0,2011-01-01T00:00:00Z,2012-01-01T00:00:00Z
http://www.wikidata.org/entity/Q663790,http://www.wikidata.org/entity/Q2114224,F.C. Trapani 1905,31.0,2012-01-01T00:00:00Z,2013-01-01T00:00:00Z
http://www.wikidata.org/entity/Q663790,http://www.wikidata.org/entity/Q6630,Ascoli Calcio 1898 FC,16.0,2011-01-01T00:00:00Z,2012-01-01T00:00:00Z
http://www.wikidata.org/entity/Q663790,http://www.wikidata.org/entity/Q6630,Ascoli Calcio 1898 FC,21.0,2009-01-01T00:00:00Z,2011-01-01T00:00:00Z
http://www.wikidata.org/entity/Q663790,http://www.wikidata.org/entity/Q1457,UC Sampdoria,4.0,2006-01-01T00:00:00Z,2008-01-01T00:00:00Z
http://www.wikidata.org/entity/Q663790,http://www.wikidata.org/entity/Q1520422,Cavese 1919,22.0,2008-01-01T00:00:00Z,2009-01-01T00:00:00Z
http://www.wikidata.org/entity/Q663790,http://www.wikidata.org/entity/Q1279917,Pistoiese Football Club,25.0,2014-01-01T00:00:00Z,2015-01-01T00:00:00Z
http://www.wikidata.org/entity/Q663790,http://www.wikidata.org/entity/Q289289,A.C. Legnano,12.0,2007-01-01T00:00:00Z,2008-01-01T00:00:00Z
http://www.wikidata.org/entity/Q663790,http://www.wikidata.org/entity/Q1520422,Cavese 1919,11.0,2009-01-01T00:00:00Z,2009-01-01T00:00:00Z
http://www.wikidata.org/entity/Q664728,http://www.wikidata.org/entity/Q154293,MSV Duisbourg,2.0,2011-01-01T00:00:00Z,2012-01-01T00:00:00Z
http://www.wikidata.org/entity/Q664728,http://www.wikidata.org/entity/Q183468,équipe du Kazakhstan de football,1.0,2010-01-01T00:00:00Z,2010-01-01T00:00:00Z
http://www.wikidata.org/entity/Q664728,http://www.wikidata.org/entity/Q831892,Lupo Martini Wolfsburg,1.0,2014-01-01T00:00:00Z,2014-01-01T00:00:00Z
http://www.wikidata.org/entity/Q664728,http://www.wikidata.org/entity/Q101859,VfL Wolfsburg,118.0,2006-01-01T00:00:00Z,2011-01-01T00:00:00Z
http://www.wikidata.org/entity/Q664728,http://www.wikidata.org/entity/Q18024471,MSV Duisburg II,2.0,2011-01-01T00:00:00Z,2013-01-01T00:00:00Z
http://www.wikidata.org/entity/Q664780,http://www.wikidata.org/entity/Q4545849,FC Nuremberg II,8.0,2008-01-01T00:00:00Z,2010-01-01T00:00:00Z
http://www.wikidata.org/entity/Q664780,http://www.wikidata.org/entity/Q155218,Rot-Weiss Essen,33.0,2006-01-01T00:00:00Z,2007-01-01T00:00:00Z
http://www.wikidata.org/entity/Q664780,http://www.wikidata.org/entity/Q535785,FC Würzburger Kickers,4.0,2013-01-01T00:00:00Z,2015-01-01T00:00:00Z
http://www.wikidata.org/entity/Q664780,http://www.wikidata.org/entity/Q15786,1. FC Nuremberg,21.0,2008-01-01T00:00:00Z,2011-01-01T00:00:00Z
http://www.wikidata.org/entity/Q664780,http://www.wikidata.org/entity/Q316497,équipe d'Allemagne de football des moins de 20 ans,5.0,2005-01-01T00:00:00Z,2006-01-01T00:00:00Z
http://www.wikidata.org/entity/Q664780,http://www.wikidata.org/entity/Q314851,équipe d'Allemagne espoirs de football,11.0,2007-01-01T00:00:00Z,2008-01-01T00:00:00Z
http://www.wikidata.org/entity/Q664780,http://www.wikidata.org/entity/Q102720,Hertha BSC,6.0,2004-01-01T00:00:00Z,2008-01-01T00:00:00Z
http://www.wikidata.org/entity/Q664780,http://www.wikidata.org/entity/Q310621,SV Wehen Wiesbaden,58.0,2011-01-01T00:00:00Z,2013-01-01T00:00:00Z
http://www.wikidata.org/entity/Q664780,http://www.wikidata.org/entity/Q1202759,équipe d'Allemagne de football des moins de 16 ans,11.0,2001-01-01T00:00:00Z,2002-01-01T00:00:00Z
http://www.wikidata.org/entity/Q664780,http://www.wikidata.org/entity/Q324854,équipe d'Allemagne de football des moins de 19 ans,12.0,2004-01-01T00:00:00Z,2005-01-01T00:00:00Z
http://www.wikidata.org/entity/Q664780,http://www.wikidata.org/entity/Q2016992,équipe d'Allemagne de football des moins de 18 ans,5.0,2003-01-01T00:00:00Z,2004-01-01T00:00:00Z
http://www.wikidata.org/entity/Q664780,http://www.wikidata.org/entity/Q319699,équipe d'Allemagne des moins de 17 ans de football,12.0,2002-01-01T00:00:00Z,2003-01-01T00:00:00Z
http://www.wikidata.org/entity/Q666433,http://www.wikidata.org/entity/Q1457,UC Sampdoria,27.0,2001-01-01T00:00:00Z,2003-01-01T00:00:00Z
http://www.wikidata.org/entity/Q666433,http://www.wikidata.org/entity/Q298333,Lucchese 1905,15.0,2005-01-01T00:00:00Z,2006-01-01T00:00:00Z
http://www.wikidata.org/entity/Q666433,http://www.wikidata.org/entity/Q13391,Unione Sportiva Lecce,61.0,1995-01-01T00:00:00Z,1997-01-01T00:00:00Z
http://www.wikidata.org/entity/Q666433,http://www.wikidata.org/entity/Q29390,ACR Messine,10.0,2004-01-01T00:00:00Z,2005-01-01T00:00:00Z
http://www.wikidata.org/entity/Q666433,http://www.wikidata.org/entity/Q4014613,S.S.D. Casarano Calcio,15.0,1994-01-01T00:00:00Z,1995-01-01T00:00:00Z
http://www.wikidata.org/entity/Q666433,http://www.wikidata.org/entity/Q8639,Hellas Vérone Football Club,17.0,1990-01-01T00:00:00Z,1991-01-01T00:00:00Z
http://www.wikidata.org/entity/Q666433,http://www.wikidata.org/entity/Q16344,AC Pérouse Calcio,34.0,1997-01-01T00:00:00Z,1998-01-01T00:00:00Z
http://www.wikidata.org/entity/Q666433,http://www.wikidata.org/entity/Q2739,AS Rome,6.0,1988-01-01T00:00:00Z,1990-01-01T00:00:00Z
http://www.wikidata.org/entity/Q666433,http://www.wikidata.org/entity/Q8408,Modène Football Club,85.0,1991-01-01T00:00:00Z,1994-01-01T00:00:00Z
http://www.wikidata.org/entity/Q666433,http://www.wikidata.org/entity/Q8623,Ternana Unicusano Calcio,54.0,1998-01-01T00:00:00Z,2000-01-01T00:00:00Z
http://www.wikidata.org/entity/Q666433,http://www.wikidata.org/entity/Q2756,Sienne FC,18.0,2003-01-01T00:00:00Z,2004-01-01T00:00:00Z
http://www.wikidata.org/entity/Q667452,http://www.wikidata.org/entity/Q845137,Angers SCO,,2002-01-01T00:00:00Z,2003-01-01T00:00:00Z
http://www.wikidata.org/entity/Q667452,http://www.wikidata.org/entity/Q180305,AS Monaco FC,,1993-01-01T00:00:00Z,1997-01-01T00:00:00Z
http://www.wikidata.org/entity/Q667452,http://www.wikidata.org/entity/Q265105,Entente SSG,,2009-01-01T00:00:00Z,2012-01-01T00:00:00Z
http://www.wikidata.org/entity/Q667452,http://www.wikidata.org/entity/Q3496138,Stade montois,20.0,1997-01-01T00:00:00Z,1999-01-01T00:00:00Z
http://www.wikidata.org/entity/Q667452,http://www.wikidata.org/entity/Q492159,US Créteil-Lusitanos,,2003-01-01T00:00:00Z,2008-01-01T00:00:00Z
http://www.wikidata.org/entity/Q667452,http://www.wikidata.org/entity/Q19521,AS Saint-Étienne,1.0,1999-01-01T00:00:00Z,2000-01-01T00:00:00Z
http://www.wikidata.org/entity/Q667452,http://www.wikidata.org/entity/Q1387311,Libourne FA,,2000-01-01T00:00:00Z,2002-01-01T00:00:00Z
http://www.wikidata.org/entity/Q667711,http://www.wikidata.org/entity/Q19984972,Miami FC,,2016-01-01T00:00:00Z,
http://www.wikidata.org/entity/Q667711,http://www.wikidata.org/entity/Q18151494,Miami Dade FC,,2014-01-01T00:00:00Z,2014-01-01T00:00:00Z
http://www.wikidata.org/entity/Q667711,http://www.wikidata.org/entity/Q972741,Strikers de Fort Lauderdale,7.0,2010-01-01T00:00:00Z,2010-01-01T00:00:00Z
http://www.wikidata.org/entity/Q667711,http://www.wikidata.org/entity/Q953046,Stars du Minnesota,5.0,2013-01-01T00:00:00Z,2013-01-01T00:00:00Z
http://www.wikidata.org/entity/Q667711,http://www.wikidata.org/entity/Q1044425,North Carolina FC,2.0,2013-01-01T00:00:00Z,2013-01-01T00:00:00Z
http://www.wikidata.org/entity/Q667711,http://www.wikidata.org/entity/Q972741,Strikers de Fort Lauderdale,19.0,2011-01-01T00:00:00Z,2011-01-01T00:00:00Z
http://www.wikidata.org/entity/Q667711,http://www.wikidata.org/entity/Q920263,Hertha Berliner Sport-Club II,10.0,2008-01-01T00:00:00Z,2009-01-01T00:00:00Z
http://www.wikidata.org/entity/Q667711,http://www.wikidata.org/entity/Q167615,CF Montréal,0.0,2012-01-01T00:00:00Z,2012-01-01T00:00:00Z
http://www.wikidata.org/entity/Q667711,http://www.wikidata.org/entity/Q238593,D.C. United,0.0,2007-01-01T00:00:00Z,2007-01-01T00:00:00Z
http://www.wikidata.org/entity/Q667711,http://www.wikidata.org/entity/Q287804,équipe des États-Unis de soccer des moins de 20 ans,15.0,2006-01-01T00:00:00Z,2009-01-01T00:00:00Z
http://www.wikidata.org/entity/Q667711,http://www.wikidata.org/entity/Q102720,Hertha BSC,1.0,2008-01-01T00:00:00Z,2009-01-01T00:00:00Z
http://www.wikidata.org/entity/Q667711,http://www.wikidata.org/entity/Q3590572,équipe des États-Unis de football des moins de 23 ans,2.0,2008-01-01T00:00:00Z,2010-01-01T00:00:00Z
http://www.wikidata.org/entity/Q667711,http://www.wikidata.org/entity/Q6502565,Fort Lauderdale Strikers,19.0,2011-01-01T00:00:00Z,2011-01-01T00:00:00Z
http://www.wikidata.org/entity/Q667711,http://www.wikidata.org/entity/Q3590572,équipe des États-Unis de football des moins de 23 ans,2.0,2008-01-01T00:00:00Z,2008-01-01T00:00:00Z
http://www.wikidata.org/entity/Q667711,http://www.wikidata.org/entity/Q634829,Grupo Desportivo Estoril Praia,0.0,2010-01-01T00:00:00Z,2010-01-01T00:00:00Z
http://www.wikidata.org/entity/Q667711,http://www.wikidata.org/entity/Q1207755,FC Edmonton,13.0,2012-01-01T00:00:00Z,2012-01-01T00:00:00Z
http://www.wikidata.org/entity/Q667711,http://www.wikidata.org/entity/Q3590570,équipe des États-Unis de football des moins de 17 ans,27.0,2005-01-01T00:00:00Z,2006-01-01T00:00:00Z
http://www.wikidata.org/entity/Q667711,http://www.wikidata.org/entity/Q238593,D.C. United,0.0,2007-01-01T00:00:00Z,2008-01-01T00:00:00Z
http://www.wikidata.org/entity/Q667871,http://www.wikidata.org/entity/Q187091,FC Wil,33.0,1999-01-01T00:00:00Z,1999-01-01T00:00:00Z
http://www.wikidata.org/entity/Q667871,http://www.wikidata.org/entity/Q659212,FC Saint-Gall,152.0,1999-01-01T00:00:00Z,2005-01-01T00:00:00Z
http://www.wikidata.org/entity/Q667871,http://www.wikidata.org/entity/Q659212,FC Saint-Gall,44.0,2010-01-01T00:00:00Z,2012-01-01T00:00:00Z
http://www.wikidata.org/entity/Q667871,http://www.wikidata.org/entity/Q208635,équipe du Canada de soccer,37.0,2000-01-01T00:00:00Z,2010-01-01T00:00:00Z
http://www.wikidata.org/entity/Q667871,http://www.wikidata.org/entity/Q187091,FC Wil,33.0,1998-01-01T00:00:00Z,1999-01-01T00:00:00Z
http://www.wikidata.org/entity/Q667871,http://www.wikidata.org/entity/Q105861,VfL Bochum,94.0,2005-01-01T00:00:00Z,2009-01-01T00:00:00Z
http://www.wikidata.org/entity/Q667981,http://www.wikidata.org/entity/Q321061,FC Sion,34.0,2012-01-01T00:00:00Z,2015-01-01T00:00:00Z
http://www.wikidata.org/entity/Q667981,http://www.wikidata.org/entity/Q3873550,équipe de Suisse de football des moins de 20 ans,2.0,2010-01-01T00:00:00Z,2010-01-01T00:00:00Z
http://www.wikidata.org/entity/Q667981,http://www.wikidata.org/entity/Q659212,FC Saint-Gall,43.0,2013-01-01T00:00:00Z,2014-01-01T00:00:00Z
http://www.wikidata.org/entity/Q667981,http://www.wikidata.org/entity/Q4140019,équipe de Suisse de football des moins de 19 ans,11.0,2008-01-01T00:00:00Z,2009-01-01T00:00:00Z
http://www.wikidata.org/entity/Q667981,http://www.wikidata.org/entity/Q19513,Montpellier Hérault SC,14.0,2015-01-01T00:00:00Z,2016-01-01T00:00:00Z
http://www.wikidata.org/entity/Q667981,http://www.wikidata.org/entity/Q678582,équipe de Suisse espoirs de football,10.0,2009-01-01T00:00:00Z,2011-01-01T00:00:00Z
http://www.wikidata.org/entity/Q667981,http://www.wikidata.org/entity/Q335195,Neuchâtel Xamax FCS,103.0,2007-01-01T00:00:00Z,2012-01-01T00:00:00Z
http://www.wikidata.org/entity/Q668086,http://www.wikidata.org/entity/Q190526,Berner Sport Club Young Boys,106.0,2006-01-01T00:00:00Z,2009-01-01T00:00:00Z
http://www.wikidata.org/entity/Q668086,http://www.wikidata.org/entity/Q678582,équipe de Suisse espoirs de football,6.0,2003-01-01T00:00:00Z,2006-01-01T00:00:00Z
http://www.wikidata.org/entity/Q668086,http://www.wikidata.org/entity/Q17521353,Arminia Bielefeld II,7.0,2005-01-01T00:00:00Z,2005-01-01T00:00:00Z
http://www.wikidata.org/entity/Q668086,http://www.wikidata.org/entity/Q105844,DSC Arminia Bielefeld,7.0,2005-01-01T00:00:00Z,2005-01-01T00:00:00Z
http://www.wikidata.org/entity/Q668086,http://www.wikidata.org/entity/Q994811,Red Bull Salzbourg,,2009-01-01T00:00:00Z,
http://www.wikidata.org/entity/Q668086,http://www.wikidata.org/entity/Q223262,FC Lucerne,95.0,2003-01-01T00:00:00Z,2005-01-01T00:00:00Z
http://www.wikidata.org/entity/Q669709,http://www.wikidata.org/entity/Q3873500,équipe de Norvège de football des moins de 16 ans,2.0,1993-01-01T00:00:00Z,1993-01-01T00:00:00Z
http://www.wikidata.org/entity/Q669709,http://www.wikidata.org/entity/Q19482,Wimbledon Football Club,13.0,1999-01-01T00:00:00Z,2000-01-01T00:00:00Z
http://www.wikidata.org/entity/Q669709,http://www.wikidata.org/entity/Q3873512,équipe de Norvège de football des moins de 18 ans,8.0,1995-01-01T00:00:00Z,1995-01-01T00:00:00Z
http://www.wikidata.org/entity/Q669709,http://www.wikidata.org/entity/Q291163,Moss FK,45.0,1995-01-01T00:00:00Z,1997-01-01T00:00:00Z
http://www.wikidata.org/entity/Q669709,http://www.wikidata.org/entity/Q861524,Sandefjord Fotball,3.0,2015-01-01T00:00:00Z,2015-01-01T00:00:00Z
http://www.wikidata.org/entity/Q669709,http://www.wikidata.org/entity/Q3873545,équipe de Norvège de football des moins de 20 ans,3.0,1997-01-01T00:00:00Z,1997-01-01T00:00:00Z
http://www.wikidata.org/entity/Q669709,http://www.wikidata.org/entity/Q212819,Vålerenga Fotball,40.0,2008-01-01T00:00:00Z,2010-01-01T00:00:00Z
http://www.wikidata.org/entity/Q669709,http://www.wikidata.org/entity/Q211177,Viking FK,26.0,1997-01-01T00:00:00Z,1997-01-01T00:00:00Z
http://www.wikidata.org/entity/Q669709,http://www.wikidata.org/entity/Q3590274,équipe de Norvège de football des moins de 17 ans,5.0,1993-01-01T00:00:00Z,1994-01-01T00:00:00Z
http://www.wikidata.org/entity/Q669709,http://www.wikidata.org/entity/Q19446,Blackburn Rovers FC,11.0,2004-01-01T00:00:00Z,2004-01-01T00:00:00Z
http://www.wikidata.org/entity/Q669709,http://www.wikidata.org/entity/Q211177,Viking FK,26.0,1997-01-01T00:00:00Z,1998-01-01T00:00:00Z
http://www.wikidata.org/entity/Q669709,http://www.wikidata.org/entity/Q205685,SK Brann,64.0,2005-01-01T00:00:00Z,2007-01-01T00:00:00Z
http://www.wikidata.org/entity/Q669709,http://www.wikidata.org/entity/Q184387,équipe de Norvège de football,43.0,2001-01-01T00:00:00Z,2009-01-01T00:00:00Z
http://www.wikidata.org/entity/Q669709,http://www.wikidata.org/entity/Q19446,Blackburn Rovers FC,11.0,2003-01-01T00:00:00Z,2004-01-01T00:00:00Z
