player,club,clubLabel,apps,start,end
http://www.wikidata.org/entity/Q10543,http://www.wikidata.org/entity/Q18736,Stoke City FC,12.0,2002-01-01T00:00:00Z,2002-01-01T00:00:00Z
http://www.wikidata.org/entity/Q10543,http://www.wikidata.org/entity/Q2714,Watford Football Club,10.0,1994-01-01T00:00:00Z,1994-01-01T00:00:00Z
http://www.wikidata.org/entity/Q10543,http://www.wikidata.org/entity/Q2298585,UD Marbella,10.0,2008-01-01T00:00:00Z,2009-01-01T00:00:00Z
http://www.wikidata.org/entity/Q10543,http://www.wikidata.org/entity/Q19644,Walsall Football Club,36.0,2007-01-01T00:00:00Z,2008-01-01T00:00:00Z
http://www.wikidata.org/entity/Q10543,http://www.wikidata.org/entity/Q48951,Southend United FC,14.0,1993-01-01T00:00:00Z,1994-01-01T00:00:00Z
http://www.wikidata.org/entity/Q10543,http://www.wikidata.org/entity/Q1237961,Scarborough Football Club,107.0,1990-01-01T00:00:00Z,1993-01-01T00:00:00Z
http://www.wikidata.org/entity/Q10543,http://www.wikidata.org/entity/Q18711,Aston Villa FC,0.0,1989-01-01T00:00:00Z,1990-01-01T00:00:00Z
http://www.wikidata.org/entity/Q10543,http://www.wikidata.org/entity/Q19470,Derby County FC,8.0,2003-01-01T00:00:00Z,2003-01-01T00:00:00Z
http://www.wikidata.org/entity/Q10543,http://www.wikidata.org/entity/Q19607,Sheffield United FC,3.0,2003-01-01T00:00:00Z,2003-01-01T00:00:00Z
http://www.wikidata.org/entity/Q10543,http://www.wikidata.org/entity/Q48953,Wycombe Wanderers FC,87.0,2005-01-01T00:00:00Z,2007-01-01T00:00:00Z
http://www.wikidata.org/entity/Q10543,http://www.wikidata.org/entity/Q48946,Oxford United Football Club,42.0,2004-01-01T00:00:00Z,2005-01-01T00:00:00Z
http://www.wikidata.org/entity/Q10543,http://www.wikidata.org/entity/Q19444,Birmingham City FC,34.0,2001-01-01T00:00:00Z,2003-01-01T00:00:00Z
http://www.wikidata.org/entity/Q10543,http://www.wikidata.org/entity/Q19634,Swindon Town Football Club,45.0,2003-01-01T00:00:00Z,2004-01-01T00:00:00Z
http://www.wikidata.org/entity/Q10543,http://www.wikidata.org/entity/Q2714,Watford Football Club,240.0,1994-01-01T00:00:00Z,2001-01-01T00:00:00Z
http://www.wikidata.org/entity/Q10548,http://www.wikidata.org/entity/Q2714,Watford Football Club,407.0,1983-01-01T00:00:00Z,2002-01-01T00:00:00Z
http://www.wikidata.org/entity/Q10548,http://www.wikidata.org/entity/Q204238,équipe d'Angleterre espoirs de football,5.0,1987-01-01T00:00:00Z,1988-01-01T00:00:00Z
http://www.wikidata.org/entity/Q10572,http://www.wikidata.org/entity/Q2714,Watford Football Club,216.0,2005-01-01T00:00:00Z,2012-01-01T00:00:00Z
http://www.wikidata.org/entity/Q10572,http://www.wikidata.org/entity/Q18729,Reading FC,29.0,2012-01-01T00:00:00Z,2013-01-01T00:00:00Z
http://www.wikidata.org/entity/Q10572,http://www.wikidata.org/entity/Q19467,Crystal Palace FC,,2013-01-01T00:00:00Z,
http://www.wikidata.org/entity/Q10572,http://www.wikidata.org/entity/Q235399,équipe de Jamaïque de football,,2012-01-01T00:00:00Z,
http://www.wikidata.org/entity/Q10594,http://www.wikidata.org/entity/Q18520,Luton Town Football Club,138.0,1988-01-01T00:00:00Z,1993-01-01T00:00:00Z
http://www.wikidata.org/entity/Q10594,http://www.wikidata.org/entity/Q18739,Sunderland AFC,90.0,1993-01-01T00:00:00Z,1996-01-01T00:00:00Z
http://www.wikidata.org/entity/Q10594,http://www.wikidata.org/entity/Q2714,Watford Football Club,247.0,1996-01-01T00:00:00Z,2007-01-01T00:00:00Z
http://www.wikidata.org/entity/Q10594,http://www.wikidata.org/entity/Q5794,Everton FC,0.0,1987-01-01T00:00:00Z,1988-01-01T00:00:00Z
http://www.wikidata.org/entity/Q10594,http://www.wikidata.org/entity/Q19637,Tranmere Rovers FC,15.0,1987-01-01T00:00:00Z,1988-01-01T00:00:00Z
http://www.wikidata.org/entity/Q10594,http://www.wikidata.org/entity/Q9653,Ipswich Town FC,0.0,1981-01-01T00:00:00Z,1982-01-01T00:00:00Z
http://www.wikidata.org/entity/Q10594,http://www.wikidata.org/entity/Q9616,Chelsea FC,0.0,1992-01-01T00:00:00Z,1992-01-01T00:00:00Z
http://www.wikidata.org/entity/Q10594,http://www.wikidata.org/entity/Q1130849,Liverpool FC,0.0,1995-01-01T00:00:00Z,1995-01-01T00:00:00Z
http://www.wikidata.org/entity/Q10594,http://www.wikidata.org/entity/Q19578,Colchester United FC,188.0,1982-01-01T00:00:00Z,1987-01-01T00:00:00Z
http://www.wikidata.org/entity/Q10603,http://www.wikidata.org/entity/Q19578,Colchester United FC,,2015-01-01T00:00:00Z,
http://www.wikidata.org/entity/Q10603,http://www.wikidata.org/entity/Q19637,Tranmere Rovers FC,8.0,2010-01-01T00:00:00Z,2010-01-01T00:00:00Z
http://www.wikidata.org/entity/Q10603,http://www.wikidata.org/entity/Q2714,Watford Football Club,73.0,2009-01-01T00:00:00Z,2012-01-01T00:00:00Z
http://www.wikidata.org/entity/Q10603,http://www.wikidata.org/entity/Q19451,Bolton Wanderers FC,25.0,2012-01-01T00:00:00Z,2014-01-01T00:00:00Z
http://www.wikidata.org/entity/Q10603,http://www.wikidata.org/entity/Q19458,Burnley FC,16.0,2014-01-01T00:00:00Z,2015-01-01T00:00:00Z
http://www.wikidata.org/entity/Q10603,http://www.wikidata.org/entity/Q19462,Charlton Athletic FC,31.0,2013-01-01T00:00:00Z,2014-01-01T00:00:00Z
http://www.wikidata.org/entity/Q10603,http://www.wikidata.org/entity/Q9437,Wealdstone Football Club,5.0,2008-01-01T00:00:00Z,2008-01-01T00:00:00Z
http://www.wikidata.org/entity/Q10603,http://www.wikidata.org/entity/Q877411,équipe de Grande-Bretagne olympique de football,3.0,2012-01-01T00:00:00Z,2012-01-01T00:00:00Z
http://www.wikidata.org/entity/Q10603,http://www.wikidata.org/entity/Q204238,équipe d'Angleterre espoirs de football,14.0,2011-01-01T00:00:00Z,2013-01-01T00:00:00Z
http://www.wikidata.org/entity/Q10603,http://www.wikidata.org/entity/Q1049176,équipe d'Angleterre de football des moins de 20 ans,1.0,2011-01-01T00:00:00Z,2011-01-01T00:00:00Z
http://www.wikidata.org/entity/Q10606,http://www.wikidata.org/entity/Q235399,équipe de Jamaïque de football,9.0,2013-01-01T00:00:00Z,2014-01-01T00:00:00Z
http://www.wikidata.org/entity/Q10606,http://www.wikidata.org/entity/Q48950,Rotherham United FC,,2016-01-01T00:00:00Z,
http://www.wikidata.org/entity/Q10606,http://www.wikidata.org/entity/Q2714,Watford Football Club,395.0,2001-01-01T00:00:00Z,2015-01-01T00:00:00Z
http://www.wikidata.org/entity/Q10732,http://www.wikidata.org/entity/Q221671,FC Slovan Liberec,70.0,2004-01-01T00:00:00Z,2008-01-01T00:00:00Z
http://www.wikidata.org/entity/Q10732,http://www.wikidata.org/entity/Q194393,SK Slavia Prague,21.0,2007-01-01T00:00:00Z,2008-01-01T00:00:00Z
http://www.wikidata.org/entity/Q10732,http://www.wikidata.org/entity/Q483868,équipe de Tchéquie de football,36.0,2007-01-01T00:00:00Z,2016-01-01T00:00:00Z
http://www.wikidata.org/entity/Q10732,http://www.wikidata.org/entity/Q216032,KRC Genk,121.0,2008-01-01T00:00:00Z,2011-01-01T00:00:00Z
http://www.wikidata.org/entity/Q10732,http://www.wikidata.org/entity/Q19498,Sheffield Wednesday FC,36.0,2015-01-01T00:00:00Z,2016-01-01T00:00:00Z
http://www.wikidata.org/entity/Q10732,http://www.wikidata.org/entity/Q3873527,équipe de Tchéquie des moins de 19 ans de football,8.0,2004-01-01T00:00:00Z,2004-01-01T00:00:00Z
http://www.wikidata.org/entity/Q10732,http://www.wikidata.org/entity/Q328332,FK Mladá Boleslav,28.0,2019-07-01T00:00:00Z,2020-08-01T00:00:00Z
http://www.wikidata.org/entity/Q10732,http://www.wikidata.org/entity/Q6664,AC Cesena,7.0,2012-01-01T00:00:00Z,2012-01-01T00:00:00Z
http://www.wikidata.org/entity/Q10732,http://www.wikidata.org/entity/Q612017,Chmel Blšany,11.0,2003-01-01T00:00:00Z,2004-01-01T00:00:00Z
http://www.wikidata.org/entity/Q10732,http://www.wikidata.org/entity/Q2714,Watford Football Club,37.0,2012-01-01T00:00:00Z,2013-01-01T00:00:00Z
http://www.wikidata.org/entity/Q10732,http://www.wikidata.org/entity/Q512476,FK Viktoria Žižkov,,2020-08-01T00:00:00Z,
http://www.wikidata.org/entity/Q10732,http://www.wikidata.org/entity/Q19498,Sheffield Wednesday FC,64.0,2016-01-01T00:00:00Z,2019-06-01T00:00:00Z
http://www.wikidata.org/entity/Q10732,http://www.wikidata.org/entity/Q2714,Watford Football Club,60.0,2013-01-01T00:00:00Z,2016-01-01T00:00:00Z
http://www.wikidata.org/entity/Q10732,http://www.wikidata.org/entity/Q1464421,équipe de Tchéquie espoirs de football,16.0,2004-01-01T00:00:00Z,2007-01-01T00:00:00Z
http://www.wikidata.org/entity/Q10732,http://www.wikidata.org/entity/Q8812,Grenade CF,0.0,2012-01-01T00:00:00Z,2013-01-01T00:00:00Z
http://www.wikidata.org/entity/Q10761,http://www.wikidata.org/entity/Q16841704,équipe d'Irlande de football des moins de 20 ans,6.0,2011-01-01T00:00:00Z,2012-01-01T00:00:00Z
http://www.wikidata.org/entity/Q10761,http://www.wikidata.org/entity/Q2714,Watford Football Club,8.0,2011-01-01T00:00:00Z,2016-01-01T00:00:00Z
http://www.wikidata.org/entity/Q10761,http://www.wikidata.org/entity/Q48851,Association Football Club Wimbledon,,2016-01-01T00:00:00Z,
http://www.wikidata.org/entity/Q10761,http://www.wikidata.org/entity/Q1672798,équipe d'Irlande espoirs de football,4.0,2013-01-01T00:00:00Z,2014-01-01T00:00:00Z
http://www.wikidata.org/entity/Q10761,http://www.wikidata.org/entity/Q3590338,équipe d'Irlande de football des moins de 17 ans,,2009-01-01T00:00:00Z,2009-01-01T00:00:00Z
http://www.wikidata.org/entity/Q10761,http://www.wikidata.org/entity/Q48943,Gillingham Football Club,10.0,2014-01-01T00:00:00Z,2014-01-01T00:00:00Z
http://www.wikidata.org/entity/Q10761,http://www.wikidata.org/entity/Q9437,Wealdstone Football Club,23.0,2011-01-01T00:00:00Z,2012-01-01T00:00:00Z
http://www.wikidata.org/entity/Q10761,http://www.wikidata.org/entity/Q9426,Stevenage FC,4.0,2015-01-01T00:00:00Z,2015-01-01T00:00:00Z
http://www.wikidata.org/entity/Q10781,http://www.wikidata.org/entity/Q166776,équipe de Belgique de football,2.0,2009-01-01T00:00:00Z,2009-01-01T00:00:00Z
http://www.wikidata.org/entity/Q10781,http://www.wikidata.org/entity/Q19585,Royal Charleroi SC,59.0,2006-01-01T00:00:00Z,2010-01-01T00:00:00Z
http://www.wikidata.org/entity/Q10781,http://www.wikidata.org/entity/Q19500,Wolverhampton Wanderers F.C.,4.0,2010-01-01T00:00:00Z,2011-01-01T00:00:00Z
http://www.wikidata.org/entity/Q10781,http://www.wikidata.org/entity/Q190561,Standard de Liège,88.0,2011-01-01T00:00:00Z,2015-01-01T00:00:00Z
http://www.wikidata.org/entity/Q10781,http://www.wikidata.org/entity/Q815515,équipe de Belgique espoirs de football,7.0,2009-01-01T00:00:00Z,2010-01-01T00:00:00Z
http://www.wikidata.org/entity/Q10781,http://www.wikidata.org/entity/Q321061,FC Sion,35.0,2015-01-01T00:00:00Z,2017-01-01T00:00:00Z
http://www.wikidata.org/entity/Q10781,http://www.wikidata.org/entity/Q3589894,équipe de Belgique de football des moins de 20 ans,1.0,2009-01-01T00:00:00Z,2009-01-01T00:00:00Z
http://www.wikidata.org/entity/Q10781,http://www.wikidata.org/entity/Q2714,Watford Football Club,3.0,2012-01-01T00:00:00Z,2013-01-01T00:00:00Z
http://www.wikidata.org/entity/Q11931,http://www.wikidata.org/entity/Q11938,PSV Eindhoven,70.0,2011-01-01T00:00:00Z,2014-01-01T00:00:00Z
http://www.wikidata.org/entity/Q11931,http://www.wikidata.org/entity/Q24711,FC Groningue,84.0,2007-01-01T00:00:00Z,2011-01-01T00:00:00Z
http://www.wikidata.org/entity/Q11931,http://www.wikidata.org/entity/Q172221,équipe de Slovénie de football,,2010-01-01T00:00:00Z,
http://www.wikidata.org/entity/Q11931,http://www.wikidata.org/entity/Q2074,Genoa CFC,,2016-01-01T00:00:00Z,
http://www.wikidata.org/entity/Q11931,http://www.wikidata.org/entity/Q13534332,Jong PSV,2.0,2014-01-01T00:00:00Z,2014-01-01T00:00:00Z
http://www.wikidata.org/entity/Q11931,http://www.wikidata.org/entity/Q637514,ND Gorica,30.0,2006-01-01T00:00:00Z,2007-01-01T00:00:00Z
http://www.wikidata.org/entity/Q11931,http://www.wikidata.org/entity/Q4409821,équipe de Slovénie de football des moins de 19 ans,5.0,2006-01-01T00:00:00Z,2006-01-01T00:00:00Z
http://www.wikidata.org/entity/Q11931,http://www.wikidata.org/entity/Q2661022,équipe de Slovénie espoirs de football,17.0,2006-01-01T00:00:00Z,2009-01-01T00:00:00Z
http://www.wikidata.org/entity/Q11931,http://www.wikidata.org/entity/Q15755,FC Augsbourg,27.0,2014-07-01T00:00:00Z,2016-01-01T00:00:00Z
http://www.wikidata.org/entity/Q11931,http://www.wikidata.org/entity/Q1061627,FC Emmen,15.0,2008-01-01T00:00:00Z,2009-01-01T00:00:00Z
http://www.wikidata.org/entity/Q15772,http://www.wikidata.org/entity/Q265570,SSV Jahn Ratisbonne,17.0,2002-01-01T00:00:00Z,2004-01-01T00:00:00Z
http://www.wikidata.org/entity/Q15772,http://www.wikidata.org/entity/Q158121,SpVgg Unterhaching,4.0,2001-01-01T00:00:00Z,2001-01-01T00:00:00Z
http://www.wikidata.org/entity/Q15772,http://www.wikidata.org/entity/Q15789,Bayern Munich,0.0,1998-01-01T00:00:00Z,1999-01-01T00:00:00Z
http://www.wikidata.org/entity/Q15772,http://www.wikidata.org/entity/Q994701,FC Bayern München II,113.0,1995-01-01T00:00:00Z,1999-01-01T00:00:00Z
http://www.wikidata.org/entity/Q15772,http://www.wikidata.org/entity/Q170105,SV Stuttgarter Kickers,40.0,1999-01-01T00:00:00Z,2001-01-01T00:00:00Z
http://www.wikidata.org/entity/Q15772,http://www.wikidata.org/entity/Q162358,1. FC Passau,28.0,1993-01-01T00:00:00Z,1994-01-01T00:00:00Z
http://www.wikidata.org/entity/Q15772,http://www.wikidata.org/entity/Q1414157,SV Lohhof,23.0,1994-01-01T00:00:00Z,1995-01-01T00:00:00Z
http://www.wikidata.org/entity/Q10781,http://www.wikidata.org/entity/Q608122,Kayserispor,5.0,2017-01-01T00:00:00Z,2018-01-01T00:00:00Z
http://www.wikidata.org/entity/Q10781,http://www.wikidata.org/entity/Q417685,Akhisar Belediyespor,4.0,2018-01-01T00:00:00Z,2018-01-01T00:00:00Z
http://www.wikidata.org/entity/Q10781,http://www.wikidata.org/entity/Q221940,KSC Lokeren,4.0,2018-01-01T00:00:00Z,2019-01-01T00:00:00Z
http://www.wikidata.org/entity/Q10781,http://www.wikidata.org/entity/Q49711,Maccabi Petach-Tikva,5.0,2019-01-01T00:00:00Z,2020-01-01T00:00:00Z
http://www.wikidata.org/entity/Q10781,http://www.wikidata.org/entity/Q650917,Royal Excelsior Virton,7.0,2022-01-01T00:00:00Z,2022-01-01T00:00:00Z
http://www.wikidata.org/entity/Q10781,http://www.wikidata.org/entity/Q38066559,KFC Mandel United,17.0,2023-01-01T00:00:00Z,2023-01-01T00:00:00Z
http://www.wikidata.org/entity/Q10781,http://www.wikidata.org/entity/Q2959336,Football Club Ganshoren,48.0,2023-01-01T00:00:00Z,2025-01-01T00:00:00Z
http://www.wikidata.org/entity/Q27739,http://www.wikidata.org/entity/Q1515369,Racing Besançon,,2020-01-01T00:00:00Z,
http://www.wikidata.org/entity/Q27739,http://www.wikidata.org/entity/Q211733,équipe du Mali de football,,2008-01-01T00:00:00Z,
http://www.wikidata.org/entity/Q27744,http://www.wikidata.org/entity/Q329510,Tom Tomsk,10.0,2013-01-01T00:00:00Z,2014-01-01T00:00:00Z
http://www.wikidata.org/entity/Q27744,http://www.wikidata.org/entity/Q385222,équipe de Hongrie espoirs de football,7.0,2007-01-01T00:00:00Z,2010-01-01T00:00:00Z
http://www.wikidata.org/entity/Q27744,http://www.wikidata.org/entity/Q738917,équipe de Hongrie de football des moins de 19 ans,6.0,2006-01-01T00:00:00Z,2007-01-01T00:00:00Z
http://www.wikidata.org/entity/Q27744,http://www.wikidata.org/entity/Q170561,équipe de Hongrie de football,27.0,2010-01-01T00:00:00Z,
http://www.wikidata.org/entity/Q27744,http://www.wikidata.org/entity/Q10308,Real Saragosse,44.0,2010-01-01T00:00:00Z,2013-01-01T00:00:00Z
http://www.wikidata.org/entity/Q27744,http://www.wikidata.org/entity/Q208406,MTK Budapest FC,92.0,2006-01-01T00:00:00Z,2010-01-01T00:00:00Z
http://www.wikidata.org/entity/Q27744,http://www.wikidata.org/entity/Q208396,Ferencvárosi TC,29.0,2015-01-01T00:00:00Z,2017-01-01T00:00:00Z
http://www.wikidata.org/entity/Q27744,http://www.wikidata.org/entity/Q824450,APO Levadiakos,14.0,2014-01-01T00:00:00Z,2015-01-01T00:00:00Z
http://www.wikidata.org/entity/Q27744,http://www.wikidata.org/entity/Q153539,SpVgg Greuther Fürth,21.0,2017-01-01T00:00:00Z,
http://www.wikidata.org/entity/Q27754,http://www.wikidata.org/entity/Q2504228,Unió Esportiva Llagostera,,2016-01-01T00:00:00Z,
http://www.wikidata.org/entity/Q27754,http://www.wikidata.org/entity/Q695939,FK Khazar Lankaran,7.0,2013-01-01T00:00:00Z,2014-01-01T00:00:00Z
http://www.wikidata.org/entity/Q27754,http://www.wikidata.org/entity/Q19449,Blackpool FC,10.0,2014-01-01T00:00:00Z,2015-01-01T00:00:00Z
http://www.wikidata.org/entity/Q27754,http://www.wikidata.org/entity/Q10467,FC Barcelone B,60.0,2009-01-01T00:00:00Z,2011-01-01T00:00:00Z
http://www.wikidata.org/entity/Q27754,http://www.wikidata.org/entity/Q245162,Rapid Bucarest,14.0,2015-01-01T00:00:00Z,2015-01-01T00:00:00Z
http://www.wikidata.org/entity/Q27754,http://www.wikidata.org/entity/Q291471,AEL Limassol,18.0,2014-01-01T00:00:00Z,2014-01-01T00:00:00Z
http://www.wikidata.org/entity/Q27754,http://www.wikidata.org/entity/Q3321015,Pobla de Mafumet CF,,2005-01-01T00:00:00Z,2008-01-01T00:00:00Z
http://www.wikidata.org/entity/Q27754,http://www.wikidata.org/entity/Q908820,UE Sant Andreu,34.0,2008-01-01T00:00:00Z,2009-01-01T00:00:00Z
http://www.wikidata.org/entity/Q27754,http://www.wikidata.org/entity/Q10308,Real Saragosse,39.0,2011-01-01T00:00:00Z,2013-01-01T00:00:00Z
http://www.wikidata.org/entity/Q27754,http://www.wikidata.org/entity/Q1387573,CF Reus Deportiu,25.0,2006-01-01T00:00:00Z,2007-01-01T00:00:00Z
http://www.wikidata.org/entity/Q27756,http://www.wikidata.org/entity/Q12217,Real Madrid Castilla,21.0,2010-01-01T00:00:00Z,2011-01-01T00:00:00Z
http://www.wikidata.org/entity/Q27756,http://www.wikidata.org/entity/Q741695,Deportivo Aragón,17.0,2015-01-01T00:00:00Z,2015-01-01T00:00:00Z
http://www.wikidata.org/entity/Q27756,http://www.wikidata.org/entity/Q2128712,CD Teruel,,2015-01-01T00:00:00Z,2016-01-01T00:00:00Z
http://www.wikidata.org/entity/Q27756,http://www.wikidata.org/entity/Q12260,CE Sabadell,10.0,2013-01-01T00:00:00Z,2014-01-01T00:00:00Z
http://www.wikidata.org/entity/Q27756,http://www.wikidata.org/entity/Q611653,Fútbol Club Cartagena,16.0,2011-01-01T00:00:00Z,2012-01-01T00:00:00Z
http://www.wikidata.org/entity/Q27756,http://www.wikidata.org/entity/Q10308,Real Saragosse,19.0,2007-01-01T00:00:00Z,2013-01-01T00:00:00Z
http://www.wikidata.org/entity/Q27756,http://www.wikidata.org/entity/Q741695,Deportivo Aragón,,2007-01-01T00:00:00Z,2009-01-01T00:00:00Z
http://www.wikidata.org/entity/Q27756,http://www.wikidata.org/entity/Q1129595,équipe d'Espagne espoirs de football,1.0,2009-01-01T00:00:00Z,2009-01-01T00:00:00Z
http://www.wikidata.org/entity/Q27756,http://www.wikidata.org/entity/Q2713491,équipe d'Espagne de football des moins de 19 ans,1.0,2006-01-01T00:00:00Z,2006-01-01T00:00:00Z
http://www.wikidata.org/entity/Q27768,http://www.wikidata.org/entity/Q126334,RC Strasbourg Alsace,,2015-01-01T00:00:00Z,
http://www.wikidata.org/entity/Q27768,http://www.wikidata.org/entity/Q459148,En avant Guingamp,76.0,2007-01-01T00:00:00Z,2010-01-01T00:00:00Z
http://www.wikidata.org/entity/Q27768,http://www.wikidata.org/entity/Q1508285,Paysandu Sport Club,13.0,2004-01-01T00:00:00Z,2005-01-01T00:00:00Z
http://www.wikidata.org/entity/Q27768,http://www.wikidata.org/entity/Q274465,Esporte Clube Vitória,22.0,2003-01-01T00:00:00Z,2004-01-01T00:00:00Z
http://www.wikidata.org/entity/Q27768,http://www.wikidata.org/entity/Q333838,Thonon Évian Grand Genève Football Club,20.0,2010-01-01T00:00:00Z,2012-01-01T00:00:00Z
http://www.wikidata.org/entity/Q27768,http://www.wikidata.org/entity/Q270051,Athletic club ajaccien,14.0,2012-01-01T00:00:00Z,2013-01-01T00:00:00Z
http://www.wikidata.org/entity/Q27768,http://www.wikidata.org/entity/Q80958,Botafogo FR,10.0,2006-01-01T00:00:00Z,2006-01-01T00:00:00Z
http://www.wikidata.org/entity/Q27768,http://www.wikidata.org/entity/Q193377,Stade Malherbe Caen,25.0,2013-01-01T00:00:00Z,2015-01-01T00:00:00Z
http://www.wikidata.org/entity/Q27768,http://www.wikidata.org/entity/Q80958,Botafogo FR,9.0,2006-01-01T00:00:00Z,2007-01-01T00:00:00Z
http://www.wikidata.org/entity/Q27768,http://www.wikidata.org/entity/Q1508285,Paysandu Sport Club,13.0,2005-01-01T00:00:00Z,2005-01-01T00:00:00Z
http://www.wikidata.org/entity/Q27777,http://www.wikidata.org/entity/Q576285,Albacete Balompié,15.0,2000-01-01T00:00:00Z,2000-01-01T00:00:00Z
http://www.wikidata.org/entity/Q27777,http://www.wikidata.org/entity/Q1129595,équipe d'Espagne espoirs de football,1.0,2000-01-01T00:00:00Z,2000-01-01T00:00:00Z
http://www.wikidata.org/entity/Q27777,http://www.wikidata.org/entity/Q10308,Real Saragosse,0.0,1999-01-01T00:00:00Z,2000-01-01T00:00:00Z
http://www.wikidata.org/entity/Q27777,http://www.wikidata.org/entity/Q576285,Albacete Balompié,163.0,2000-01-01T00:00:00Z,2006-01-01T00:00:00Z
http://www.wikidata.org/entity/Q27777,http://www.wikidata.org/entity/Q1129595,équipe d'Espagne espoirs de football,1.0,1999-01-01T00:00:00Z,1999-01-01T00:00:00Z
http://www.wikidata.org/entity/Q27777,http://www.wikidata.org/entity/Q741695,Deportivo Aragón,61.0,1998-01-01T00:00:00Z,2001-01-01T00:00:00Z
http://www.wikidata.org/entity/Q27777,http://www.wikidata.org/entity/Q10319,Real Valladolid,,2006-01-01T00:00:00Z,
http://www.wikidata.org/entity/Q27777,http://www.wikidata.org/entity/Q2356290,équipe d'Espagne de football des moins de 20 ans,1.0,1999-01-01T00:00:00Z,1999-01-01T00:00:00Z
http://www.wikidata.org/entity/Q27791,http://www.wikidata.org/entity/Q690496,FC Baulmes,45.0,2005-01-01T00:00:00Z,2007-01-01T00:00:00Z
http://www.wikidata.org/entity/Q27791,http://www.wikidata.org/entity/Q866884,Amiens SC,9.0,2014-01-01T00:00:00Z,2014-01-01T00:00:00Z
http://www.wikidata.org/entity/Q27791,http://www.wikidata.org/entity/Q208228,Stade de Reims,,2001-01-01T00:00:00Z,2001-01-01T00:00:00Z
http://www.wikidata.org/entity/Q27791,http://www.wikidata.org/entity/Q157463,1. FC Sarrebruck,7.0,2013-01-01T00:00:00Z,2014-01-01T00:00:00Z
http://www.wikidata.org/entity/Q27791,http://www.wikidata.org/entity/Q3415104,RCS La Chapelle,55.0,2002-01-01T00:00:00Z,2004-01-01T00:00:00Z
http://www.wikidata.org/entity/Q27791,http://www.wikidata.org/entity/Q189671,FC Bâle,58.0,2007-01-01T00:00:00Z,2010-01-01T00:00:00Z
http://www.wikidata.org/entity/Q27791,http://www.wikidata.org/entity/Q1387311,Libourne FA,0.0,2004-01-01T00:00:00Z,2005-01-01T00:00:00Z
http://www.wikidata.org/entity/Q27791,http://www.wikidata.org/entity/Q690045,FC Le Mont LS,,2015-01-01T00:00:00Z,
http://www.wikidata.org/entity/Q27791,http://www.wikidata.org/entity/Q209509,Grenoble Foot 38,28.0,2010-01-01T00:00:00Z,2011-01-01T00:00:00Z
http://www.wikidata.org/entity/Q27791,http://www.wikidata.org/entity/Q208399,SC Bastia,23.0,2011-01-01T00:00:00Z,2013-01-01T00:00:00Z
http://www.wikidata.org/entity/Q27791,http://www.wikidata.org/entity/Q797530,Istres FC,11.0,2015-01-01T00:00:00Z,2015-01-01T00:00:00Z
http://www.wikidata.org/entity/Q27791,http://www.wikidata.org/entity/Q866884,Amiens SC,12.0,2014-01-01T00:00:00Z,2015-01-01T00:00:00Z
http://www.wikidata.org/entity/Q27795,http://www.wikidata.org/entity/Q2667613,Esporte Clube Democrata,,2004-01-01T00:00:00Z,2005-01-01T00:00:00Z
http://www.wikidata.org/entity/Q27795,http://www.wikidata.org/entity/Q2619514,Avenir sportif Béziers,,2015-01-01T00:00:00Z,
http://www.wikidata.org/entity/Q27795,http://www.wikidata.org/entity/Q2667613,Esporte Clube Democrata,,2005-01-01T00:00:00Z,2005-01-01T00:00:00Z
http://www.wikidata.org/entity/Q27795,http://www.wikidata.org/entity/Q208399,SC Bastia,147.0,2008-01-01T00:00:00Z,2013-01-01T00:00:00Z
http://www.wikidata.org/entity/Q27795,http://www.wikidata.org/entity/Q3328098,Murici Futebol Clube,,2004-01-01T00:00:00Z,2004-01-01T00:00:00Z
http://www.wikidata.org/entity/Q27795,http://www.wikidata.org/entity/Q3000537,AS Béziers,,2015-01-01T00:00:00Z,
http://www.wikidata.org/entity/Q27795,http://www.wikidata.org/entity/Q866884,Amiens SC,18.0,2015-01-01T00:00:00Z,2015-01-01T00:00:00Z
http://www.wikidata.org/entity/Q27795,http://www.wikidata.org/entity/Q198032,EC Bahia,,2000-01-01T00:00:00Z,2004-01-01T00:00:00Z
http://www.wikidata.org/entity/Q27795,http://www.wikidata.org/entity/Q3328098,Murici Futebol Clube,,2003-01-01T00:00:00Z,2004-01-01T00:00:00Z
http://www.wikidata.org/entity/Q27795,http://www.wikidata.org/entity/Q298362,AS Moulins,,2005-01-01T00:00:00Z,2006-01-01T00:00:00Z
http://www.wikidata.org/entity/Q27795,http://www.wikidata.org/entity/Q222837,Athlétic Club arlésien,34.0,2007-01-01T00:00:00Z,2008-01-01T00:00:00Z
http://www.wikidata.org/entity/Q27795,http://www.wikidata.org/entity/Q212269,Valenciennes FC,14.0,2013-01-01T00:00:00Z,2015-01-01T00:00:00Z
http://www.wikidata.org/entity/Q27800,http://www.wikidata.org/entity/Q211733,équipe du Mali de football,54.0,2001-01-01T00:00:00Z,2015-01-01T00:00:00Z
http://www.wikidata.org/entity/Q27800,http://www.wikidata.org/entity/Q822021,Tours FC,39.0,2013-01-01T00:00:00Z,2015-01-01T00:00:00Z
http://www.wikidata.org/entity/Q27800,http://www.wikidata.org/entity/Q797530,Istres FC,20.0,2009-01-01T00:00:00Z,2010-01-01T00:00:00Z
http://www.wikidata.org/entity/Q27800,http://www.wikidata.org/entity/Q19512,Football Club Sochaux-Montbéliard,2.0,2007-01-01T00:00:00Z,2007-01-01T00:00:00Z
http://www.wikidata.org/entity/Q27800,http://www.wikidata.org/entity/Q460494,Paniónios GSS,8.0,2008-01-01T00:00:00Z,2009-01-01T00:00:00Z
http://www.wikidata.org/entity/Q27800,http://www.wikidata.org/entity/Q760736,Stade lavallois,20.0,2003-01-01T00:00:00Z,2004-01-01T00:00:00Z
http://www.wikidata.org/entity/Q27800,http://www.wikidata.org/entity/Q270051,Athletic club ajaccien,70.0,2010-01-01T00:00:00Z,2013-01-01T00:00:00Z
http://www.wikidata.org/entity/Q27800,http://www.wikidata.org/entity/Q19521,AS Saint-Étienne,119.0,2000-01-01T00:00:00Z,2008-01-01T00:00:00Z
http://www.wikidata.org/entity/Q27800,http://www.wikidata.org/entity/Q522283,Red Star FC,17.0,1999-01-01T00:00:00Z,2000-01-01T00:00:00Z
http://www.wikidata.org/entity/Q27808,http://www.wikidata.org/entity/Q265105,Entente SSG,25.0,2006-01-01T00:00:00Z,2007-01-01T00:00:00Z
http://www.wikidata.org/entity/Q27808,http://www.wikidata.org/entity/Q208399,SC Bastia,95.0,2010-01-01T00:00:00Z,2013-01-01T00:00:00Z
http://www.wikidata.org/entity/Q27808,http://www.wikidata.org/entity/Q221525,FC Metz,57.0,2013-01-01T00:00:00Z,2015-01-01T00:00:00Z
http://www.wikidata.org/entity/Q27808,http://www.wikidata.org/entity/Q210864,Le Mans Football Club,,2003-01-01T00:00:00Z,2007-01-01T00:00:00Z
http://www.wikidata.org/entity/Q27808,http://www.wikidata.org/entity/Q791128,Aviron bayonnais football club,16.0,2006-01-01T00:00:00Z,2006-01-01T00:00:00Z
http://www.wikidata.org/entity/Q27808,http://www.wikidata.org/entity/Q626917,Chamois niortais,,2015-01-01T00:00:00Z,
http://www.wikidata.org/entity/Q27808,http://www.wikidata.org/entity/Q292231,Rodez Aveyron Football,69.0,2008-01-01T00:00:00Z,2010-01-01T00:00:00Z
http://www.wikidata.org/entity/Q27808,http://www.wikidata.org/entity/Q298235,AS Beauvais Oise,33.0,2007-01-01T00:00:00Z,2008-01-01T00:00:00Z
http://www.wikidata.org/entity/Q27812,http://www.wikidata.org/entity/Q626917,Chamois niortais,,2014-01-01T00:00:00Z,
http://www.wikidata.org/entity/Q27812,http://www.wikidata.org/entity/Q222837,Athlétic Club arlésien,29.0,2008-01-01T00:00:00Z,2010-01-01T00:00:00Z
http://www.wikidata.org/entity/Q27812,http://www.wikidata.org/entity/Q208399,SC Bastia,64.0,2010-01-01T00:00:00Z,2014-01-01T00:00:00Z
http://www.wikidata.org/entity/Q27812,http://www.wikidata.org/entity/Q627334,Gazélec FC Ajaccio,18.0,2013-01-01T00:00:00Z,2014-01-01T00:00:00Z
http://www.wikidata.org/entity/Q27822,http://www.wikidata.org/entity/Q270051,Athletic club ajaccien,89.0,2011-01-01T00:00:00Z,2014-01-01T00:00:00Z
http://www.wikidata.org/entity/Q27822,http://www.wikidata.org/entity/Q19513,Montpellier Hérault SC,,2014-01-01T00:00:00Z,
http://www.wikidata.org/entity/Q27822,http://www.wikidata.org/entity/Q845067,LB Châteauroux,9.0,2010-01-01T00:00:00Z,2010-01-01T00:00:00Z
http://www.wikidata.org/entity/Q27822,http://www.wikidata.org/entity/Q172476,Girondins de Bordeaux,,2009-01-01T00:00:00Z,2011-01-01T00:00:00Z
http://www.wikidata.org/entity/Q27822,http://www.wikidata.org/entity/Q270051,Athletic club ajaccien,32.0,2010-01-01T00:00:00Z,2011-01-01T00:00:00Z
http://www.wikidata.org/entity/Q27824,http://www.wikidata.org/entity/Q627334,Gazélec FC Ajaccio,,2013-01-01T00:00:00Z,
http://www.wikidata.org/entity/Q19350,http://www.wikidata.org/entity/Q48879,Bradford City Association Football Club,4.0,2018-01-01T00:00:00Z,2018-01-01T00:00:00Z
http://www.wikidata.org/entity/Q19350,http://www.wikidata.org/entity/Q19500,Wolverhampton Wanderers F.C.,250.0,2006-01-01T00:00:00Z,2013-01-01T00:00:00Z
http://www.wikidata.org/entity/Q19350,http://www.wikidata.org/entity/Q18723,QP Rangers,112.0,2013-01-01T00:00:00Z,2017-01-01T00:00:00Z
http://www.wikidata.org/entity/Q19350,http://www.wikidata.org/entity/Q18736,Stoke City FC,120.0,2000-01-01T00:00:00Z,2006-01-01T00:00:00Z
http://www.wikidata.org/entity/Q19350,http://www.wikidata.org/entity/Q48932,Cheltenham Town Football Club,9.0,2004-01-01T00:00:00Z,2004-01-01T00:00:00Z
http://www.wikidata.org/entity/Q19350,http://www.wikidata.org/entity/Q19451,Bolton Wanderers FC,33.0,2017-01-01T00:00:00Z,2018-01-01T00:00:00Z
http://www.wikidata.org/entity/Q26276,http://www.wikidata.org/entity/Q44300,NK Rudar Velenje,91.0,1998-01-01T00:00:00Z,2002-01-01T00:00:00Z
http://www.wikidata.org/entity/Q26276,http://www.wikidata.org/entity/Q105853,Karlsruher SC,31.0,2011-01-01T00:00:00Z,2012-01-01T00:00:00Z
http://www.wikidata.org/entity/Q26276,http://www.wikidata.org/entity/Q741382,Kapfenberger SV,3.0,2013-01-01T00:00:00Z,2014-01-01T00:00:00Z
http://www.wikidata.org/entity/Q26276,http://www.wikidata.org/entity/Q659212,FC Saint-Gall,13.0,2011-01-01T00:00:00Z,2011-01-01T00:00:00Z
http://www.wikidata.org/entity/Q26276,http://www.wikidata.org/entity/Q141931,SG Dynamo Dresde,31.0,2004-01-01T00:00:00Z,2005-01-01T00:00:00Z
http://www.wikidata.org/entity/Q26276,http://www.wikidata.org/entity/Q172221,équipe de Slovénie de football,25.0,2004-01-01T00:00:00Z,2008-01-01T00:00:00Z
http://www.wikidata.org/entity/Q26276,http://www.wikidata.org/entity/Q181216,HNK Hajduk Split,7.0,2003-01-01T00:00:00Z,2003-01-01T00:00:00Z
http://www.wikidata.org/entity/Q26276,http://www.wikidata.org/entity/Q385496,Omiya Ardija,21.0,2008-01-01T00:00:00Z,2009-01-01T00:00:00Z
http://www.wikidata.org/entity/Q26276,http://www.wikidata.org/entity/Q154293,MSV Duisbourg,69.0,2005-01-01T00:00:00Z,2008-01-01T00:00:00Z
http://www.wikidata.org/entity/Q26276,http://www.wikidata.org/entity/Q723644,NK Inter Zaprešić,10.0,2004-01-01T00:00:00Z,2004-01-01T00:00:00Z
http://www.wikidata.org/entity/Q26276,http://www.wikidata.org/entity/Q124007617,SK Sturm Graz,26.0,2009-01-01T00:00:00Z,2010-01-01T00:00:00Z
http://www.wikidata.org/entity/Q26276,http://www.wikidata.org/entity/Q181216,HNK Hajduk Split,7.0,2002-01-01T00:00:00Z,2003-01-01T00:00:00Z
http://www.wikidata.org/entity/Q27508,http://www.wikidata.org/entity/Q10308,Real Saragosse,5.0,2012-01-01T00:00:00Z,2013-01-01T00:00:00Z
http://www.wikidata.org/entity/Q27508,http://www.wikidata.org/entity/Q757320,PAE Astéras Trípolis,25.0,2009-01-01T00:00:00Z,2010-01-01T00:00:00Z
http://www.wikidata.org/entity/Q27508,http://www.wikidata.org/entity/Q80886,Club Atlético Tigre,52.0,2005-01-01T00:00:00Z,2007-01-01T00:00:00Z
http://www.wikidata.org/entity/Q27508,http://www.wikidata.org/entity/Q80886,Club Atlético Tigre,,2013-01-01T00:00:00Z,2017-01-01T00:00:00Z
http://www.wikidata.org/entity/Q27508,http://www.wikidata.org/entity/Q476836,Arsenal Fútbol Club,,2017-01-01T00:00:00Z,
http://www.wikidata.org/entity/Q27508,http://www.wikidata.org/entity/Q207373,Colo-Colo,75.0,2010-01-01T00:00:00Z,2013-01-01T00:00:00Z
http://www.wikidata.org/entity/Q27508,http://www.wikidata.org/entity/Q1022939,Club Atlético Talleres,28.0,2008-01-01T00:00:00Z,2009-01-01T00:00:00Z
http://www.wikidata.org/entity/Q27508,http://www.wikidata.org/entity/Q80921,Club Atlético San Martín,30.0,2004-01-01T00:00:00Z,2005-01-01T00:00:00Z
http://www.wikidata.org/entity/Q27508,http://www.wikidata.org/entity/Q214940,Estudiantes de La Plata,17.0,2003-01-01T00:00:00Z,2008-01-01T00:00:00Z
http://www.wikidata.org/entity/Q27516,http://www.wikidata.org/entity/Q181903,équipe d'Algérie de football,1.0,2008-01-01T00:00:00Z,2008-01-01T00:00:00Z
http://www.wikidata.org/entity/Q27516,http://www.wikidata.org/entity/Q2348647,Association sportive de Saint-Priest,51.0,2000-01-01T00:00:00Z,2003-01-01T00:00:00Z
http://www.wikidata.org/entity/Q27516,http://www.wikidata.org/entity/Q3063004,Football Club Balagne,65.0,2003-01-01T00:00:00Z,2005-01-01T00:00:00Z
http://www.wikidata.org/entity/Q27516,http://www.wikidata.org/entity/Q730809,Nîmes Olympique,,2014-01-01T00:00:00Z,
http://www.wikidata.org/entity/Q27516,http://www.wikidata.org/entity/Q208399,SC Bastia,220.0,2007-01-01T00:00:00Z,2014-01-01T00:00:00Z
http://www.wikidata.org/entity/Q27516,http://www.wikidata.org/entity/Q292231,Rodez Aveyron Football,52.0,2005-01-01T00:00:00Z,2007-01-01T00:00:00Z
http://www.wikidata.org/entity/Q27517,http://www.wikidata.org/entity/Q654486,Pacy Ménilles Racing Club,,2009-01-01T00:00:00Z,2010-01-01T00:00:00Z
http://www.wikidata.org/entity/Q27517,http://www.wikidata.org/entity/Q19513,Montpellier Hérault SC,,2000-01-01T00:00:00Z,2001-01-01T00:00:00Z
http://www.wikidata.org/entity/Q27517,http://www.wikidata.org/entity/Q1387379,Football Club Montceau Bourgogne,,2008-01-01T00:00:00Z,2009-01-01T00:00:00Z
http://www.wikidata.org/entity/Q27517,http://www.wikidata.org/entity/Q208399,SC Bastia,32.0,2010-01-01T00:00:00Z,2013-01-01T00:00:00Z
http://www.wikidata.org/entity/Q27517,http://www.wikidata.org/entity/Q940001,Football Club de Sète,,2002-01-01T00:00:00Z,2003-01-01T00:00:00Z
http://www.wikidata.org/entity/Q27517,http://www.wikidata.org/entity/Q730809,Nîmes Olympique,13.0,2005-01-01T00:00:00Z,2007-01-01T00:00:00Z
http://www.wikidata.org/entity/Q27517,http://www.wikidata.org/entity/Q208399,SC Bastia,,2003-01-01T00:00:00Z,2004-01-01T00:00:00Z
http://www.wikidata.org/entity/Q27531,http://www.wikidata.org/entity/Q2346842,FC Barcelone C,31.0,2005-01-01T00:00:00Z,2006-01-01T00:00:00Z
http://www.wikidata.org/entity/Q27531,http://www.wikidata.org/entity/Q11971,SD Huesca,36.0,2007-01-01T00:00:00Z,2008-01-01T00:00:00Z
http://www.wikidata.org/entity/Q27531,http://www.wikidata.org/entity/Q10467,FC Barcelone B,33.0,2005-01-01T00:00:00Z,2007-01-01T00:00:00Z
http://www.wikidata.org/entity/Q27531,http://www.wikidata.org/entity/Q10319,Real Valladolid,63.0,2012-01-01T00:00:00Z,2015-01-01T00:00:00Z
http://www.wikidata.org/entity/Q27531,http://www.wikidata.org/entity/Q856119,Club Deportivo Leganés,,2015-01-01T00:00:00Z,
http://www.wikidata.org/entity/Q27531,http://www.wikidata.org/entity/Q2713491,équipe d'Espagne de football des moins de 19 ans,2.0,2005-01-01T00:00:00Z,2005-01-01T00:00:00Z
http://www.wikidata.org/entity/Q27531,http://www.wikidata.org/entity/Q10308,Real Saragosse,0.0,2007-01-01T00:00:00Z,2008-01-01T00:00:00Z
http://www.wikidata.org/entity/Q27531,http://www.wikidata.org/entity/Q11971,SD Huesca,110.0,2008-01-01T00:00:00Z,2012-01-01T00:00:00Z
http://www.wikidata.org/entity/Q27572,http://www.wikidata.org/entity/Q10300,Rayo Vallecano,,2015-01-01T00:00:00Z,2017-01-01T00:00:00Z
http://www.wikidata.org/entity/Q27572,http://www.wikidata.org/entity/Q316497,équipe d'Allemagne de football des moins de 20 ans,2.0,2006-01-01T00:00:00Z,2007-01-01T00:00:00Z
http://www.wikidata.org/entity/Q27572,http://www.wikidata.org/entity/Q920263,Hertha Berliner Sport-Club II,42.0,2004-01-01T00:00:00Z,2006-01-01T00:00:00Z
http://www.wikidata.org/entity/Q27572,http://www.wikidata.org/entity/Q141931,SG Dynamo Dresde,,2018-01-01T00:00:00Z,2020-01-01T00:00:00Z
http://www.wikidata.org/entity/Q27572,http://www.wikidata.org/entity/Q319699,équipe d'Allemagne des moins de 17 ans de football,2.0,2004-01-01T00:00:00Z,2004-01-01T00:00:00Z
http://www.wikidata.org/entity/Q27572,http://www.wikidata.org/entity/Q29112,Spartak Moscou,23.0,2014-01-01T00:00:00Z,2015-01-01T00:00:00Z
http://www.wikidata.org/entity/Q27572,http://www.wikidata.org/entity/Q750437,Xanthi F.C.,,2020-01-01T00:00:00Z,2021-01-01T00:00:00Z
http://www.wikidata.org/entity/Q27572,http://www.wikidata.org/entity/Q344328,İstanbulspor,,2022-01-01T00:00:00Z,
http://www.wikidata.org/entity/Q27572,http://www.wikidata.org/entity/Q2016992,équipe d'Allemagne de football des moins de 18 ans,5.0,2004-01-01T00:00:00Z,2005-01-01T00:00:00Z
http://www.wikidata.org/entity/Q27572,http://www.wikidata.org/entity/Q10319,Real Valladolid,36.0,2012-01-01T00:00:00Z,2014-01-01T00:00:00Z
http://www.wikidata.org/entity/Q27572,http://www.wikidata.org/entity/Q324854,équipe d'Allemagne de football des moins de 19 ans,12.0,2005-01-01T00:00:00Z,2006-01-01T00:00:00Z
http://www.wikidata.org/entity/Q27572,http://www.wikidata.org/entity/Q296050,AO Kavala,,2022-01-01T00:00:00Z,2022-01-01T00:00:00Z
http://www.wikidata.org/entity/Q27572,http://www.wikidata.org/entity/Q170117,FC Ingolstadt 04,,2018-01-01T00:00:00Z,2018-01-01T00:00:00Z
http://www.wikidata.org/entity/Q27572,http://www.wikidata.org/entity/Q102720,Hertha BSC,121.0,2006-01-01T00:00:00Z,2012-01-01T00:00:00Z
http://www.wikidata.org/entity/Q27572,http://www.wikidata.org/entity/Q314851,équipe d'Allemagne espoirs de football,13.0,2007-01-01T00:00:00Z,2009-01-01T00:00:00Z
http://www.wikidata.org/entity/Q27680,http://www.wikidata.org/entity/Q2184917,FK Teleoptik,20.0,2006-01-01T00:00:00Z,2007-01-01T00:00:00Z
http://www.wikidata.org/entity/Q27680,http://www.wikidata.org/entity/Q113000,FC Malines,30.0,2014-01-01T00:00:00Z,2015-01-01T00:00:00Z
http://www.wikidata.org/entity/Q27680,http://www.wikidata.org/entity/Q2272209,équipe de Serbie espoirs de football,,2007-01-01T00:00:00Z,2009-01-01T00:00:00Z
http://www.wikidata.org/entity/Q27680,http://www.wikidata.org/entity/Q187528,RSC Anderlecht,,2015-01-01T00:00:00Z,
http://www.wikidata.org/entity/Q27680,http://www.wikidata.org/entity/Q188656,Partizan Belgrade,55.0,2007-01-01T00:00:00Z,2009-01-01T00:00:00Z
http://www.wikidata.org/entity/Q27680,http://www.wikidata.org/entity/Q10308,Real Saragosse,47.0,2009-01-01T00:00:00Z,2013-01-01T00:00:00Z
http://www.wikidata.org/entity/Q27680,http://www.wikidata.org/entity/Q182740,équipe de Serbie de football,,2008-01-01T00:00:00Z,
http://www.wikidata.org/entity/Q27705,http://www.wikidata.org/entity/Q11979,Unión Deportiva Las Palmas,,2008-01-01T00:00:00Z,2009-01-01T00:00:00Z
http://www.wikidata.org/entity/Q27705,http://www.wikidata.org/entity/Q11945,Girona FC,,2015-01-01T00:00:00Z,
http://www.wikidata.org/entity/Q27705,http://www.wikidata.org/entity/Q582342,Cultural y Deportiva Leonesa,1.0,2009-01-01T00:00:00Z,2009-01-01T00:00:00Z
http://www.wikidata.org/entity/Q27705,http://www.wikidata.org/entity/Q726810,Real Unión Club,32.0,2010-01-01T00:00:00Z,2011-01-01T00:00:00Z
http://www.wikidata.org/entity/Q27705,http://www.wikidata.org/entity/Q580953,Universidad Las Palmas CF,44.0,2007-01-01T00:00:00Z,2009-01-01T00:00:00Z
http://www.wikidata.org/entity/Q27705,http://www.wikidata.org/entity/Q10308,Real Saragosse,7.0,2012-01-01T00:00:00Z,2015-01-01T00:00:00Z
http://www.wikidata.org/entity/Q27705,http://www.wikidata.org/entity/Q12249,Recreativo de Huelva,37.0,2011-01-01T00:00:00Z,2012-01-01T00:00:00Z
http://www.wikidata.org/entity/Q27719,http://www.wikidata.org/entity/Q188656,Partizan Belgrade,51.0,2010-01-01T00:00:00Z,2012-01-01T00:00:00Z
http://www.wikidata.org/entity/Q27719,http://www.wikidata.org/entity/Q2272209,équipe de Serbie espoirs de football,15.0,2006-01-01T00:00:00Z,2008-01-01T00:00:00Z
http://www.wikidata.org/entity/Q27719,http://www.wikidata.org/entity/Q3590360,équipe de Serbie de football des moins de 17 ans,3.0,2003-01-01T00:00:00Z,2003-01-01T00:00:00Z
http://www.wikidata.org/entity/Q27719,http://www.wikidata.org/entity/Q1389125,FK Voždovac Belgrade,31.0,2013-01-01T00:00:00Z,2015-01-01T00:00:00Z
http://www.wikidata.org/entity/Q27719,http://www.wikidata.org/entity/Q10308,Real Saragosse,9.0,2012-01-01T00:00:00Z,2013-01-01T00:00:00Z
http://www.wikidata.org/entity/Q27719,http://www.wikidata.org/entity/Q134241,Feyenoord Rotterdam,10.0,2009-01-01T00:00:00Z,2010-01-01T00:00:00Z
http://www.wikidata.org/entity/Q27719,http://www.wikidata.org/entity/Q192071,Football Club de Nantes,33.0,2008-01-01T00:00:00Z,2010-01-01T00:00:00Z
http://www.wikidata.org/entity/Q27719,http://www.wikidata.org/entity/Q2184917,FK Teleoptik,,2003-01-01T00:00:00Z,2004-01-01T00:00:00Z
http://www.wikidata.org/entity/Q27719,http://www.wikidata.org/entity/Q1323373,FK Zemun,,2003-01-01T00:00:00Z,2004-01-01T00:00:00Z
http://www.wikidata.org/entity/Q27719,http://www.wikidata.org/entity/Q188656,Partizan Belgrade,,2001-01-01T00:00:00Z,2003-01-01T00:00:00Z
http://www.wikidata.org/entity/Q27719,http://www.wikidata.org/entity/Q953632,équipe de Serbie de football des moins de 19 ans,5.0,2004-01-01T00:00:00Z,2006-01-01T00:00:00Z
http://www.wikidata.org/entity/Q27719,http://www.wikidata.org/entity/Q188656,Partizan Belgrade,26.0,2015-01-01T00:00:00Z,2016-01-01T00:00:00Z
http://www.wikidata.org/entity/Q27719,http://www.wikidata.org/entity/Q188656,Partizan Belgrade,36.0,2004-01-01T00:00:00Z,2006-01-01T00:00:00Z
http://www.wikidata.org/entity/Q27719,http://www.wikidata.org/entity/Q182740,équipe de Serbie de football,4.0,2007-01-01T00:00:00Z,2008-01-01T00:00:00Z
http://www.wikidata.org/entity/Q27719,http://www.wikidata.org/entity/Q209619,OFK Belgrade,,2004-01-01T00:00:00Z,2007-01-01T00:00:00Z
http://www.wikidata.org/entity/Q27739,http://www.wikidata.org/entity/Q328658,Le Havre AC,,2017-01-01T00:00:00Z,2019-01-01T00:00:00Z
http://www.wikidata.org/entity/Q27739,http://www.wikidata.org/entity/Q369349,Union sportive Orléans,,2015-01-01T00:00:00Z,2017-01-01T00:00:00Z
http://www.wikidata.org/entity/Q27739,http://www.wikidata.org/entity/Q221525,FC Metz,47.0,2007-01-01T00:00:00Z,2012-01-01T00:00:00Z
http://www.wikidata.org/entity/Q27739,http://www.wikidata.org/entity/Q270051,Athletic club ajaccien,25.0,2012-01-01T00:00:00Z,2015-01-01T00:00:00Z
http://www.wikidata.org/entity/Q27739,http://www.wikidata.org/entity/Q290481,ÉFC Fréjus Saint-Raphaël,,2019-01-01T00:00:00Z,2020-01-01T00:00:00Z
http://www.wikidata.org/entity/Q27824,http://www.wikidata.org/entity/Q208399,SC Bastia,2.0,2010-01-01T00:00:00Z,2013-01-01T00:00:00Z
http://www.wikidata.org/entity/Q27843,http://www.wikidata.org/entity/Q208399,SC Bastia,8.0,2011-01-01T00:00:00Z,2015-01-01T00:00:00Z
http://www.wikidata.org/entity/Q27843,http://www.wikidata.org/entity/Q670795,Cercle athlétique bastiais,27.0,2013-01-01T00:00:00Z,2014-01-01T00:00:00Z
http://www.wikidata.org/entity/Q27843,http://www.wikidata.org/entity/Q270051,Athletic club ajaccien,,2015-01-01T00:00:00Z,
http://www.wikidata.org/entity/Q27852,http://www.wikidata.org/entity/Q38568,São Paulo FC,12.0,2000-01-01T00:00:00Z,2001-01-01T00:00:00Z
http://www.wikidata.org/entity/Q27852,http://www.wikidata.org/entity/Q80845,SC Internacional,4.0,2010-01-01T00:00:00Z,2011-01-01T00:00:00Z
http://www.wikidata.org/entity/Q27852,http://www.wikidata.org/entity/Q208399,SC Bastia,9.0,2012-01-01T00:00:00Z,2014-01-01T00:00:00Z
http://www.wikidata.org/entity/Q27852,http://www.wikidata.org/entity/Q38568,São Paulo FC,12.0,2001-01-01T00:00:00Z,2001-01-01T00:00:00Z
http://www.wikidata.org/entity/Q27852,http://www.wikidata.org/entity/Q838534,Paraná Clube,12.0,1999-01-01T00:00:00Z,2000-01-01T00:00:00Z
http://www.wikidata.org/entity/Q27852,http://www.wikidata.org/entity/Q209509,Grenoble Foot 38,,2014-01-01T00:00:00Z,
http://www.wikidata.org/entity/Q27852,http://www.wikidata.org/entity/Q83459,équipe du Brésil de football,3.0,2003-01-01T00:00:00Z,2003-01-01T00:00:00Z
http://www.wikidata.org/entity/Q27852,http://www.wikidata.org/entity/Q18747,West Ham United FC,11.0,2010-01-01T00:00:00Z,2010-01-01T00:00:00Z
http://www.wikidata.org/entity/Q27852,http://www.wikidata.org/entity/Q80845,SC Internacional,4.0,2010-01-01T00:00:00Z,2010-01-01T00:00:00Z
http://www.wikidata.org/entity/Q27852,http://www.wikidata.org/entity/Q38568,São Paulo FC,12.0,2000-01-01T00:00:00Z,2000-01-01T00:00:00Z
http://www.wikidata.org/entity/Q27852,http://www.wikidata.org/entity/Q506832,Clube Atlético Paranaense,64.0,2001-01-01T00:00:00Z,2004-01-01T00:00:00Z
http://www.wikidata.org/entity/Q27852,http://www.wikidata.org/entity/Q19512,Football Club Sochaux-Montbéliard,54.0,2004-01-01T00:00:00Z,2006-01-01T00:00:00Z
http://www.wikidata.org/entity/Q27852,http://www.wikidata.org/entity/Q19521,AS Saint-Étienne,107.0,2006-01-01T00:00:00Z,2010-01-01T00:00:00Z
http://www.wikidata.org/entity/Q27852,http://www.wikidata.org/entity/Q506832,Clube Atlético Paranaense,12.0,1999-01-01T00:00:00Z,2000-01-01T00:00:00Z
http://www.wikidata.org/entity/Q27852,http://www.wikidata.org/entity/Q270051,Athletic club ajaccien,26.0,2011-01-01T00:00:00Z,2012-01-01T00:00:00Z
http://www.wikidata.org/entity/Q27854,http://www.wikidata.org/entity/Q221525,FC Metz,,2014-01-01T00:00:00Z,
http://www.wikidata.org/entity/Q27854,http://www.wikidata.org/entity/Q680770,Fotbal Club UTA Arad,3.0,2013-01-01T00:00:00Z,2013-01-01T00:00:00Z
http://www.wikidata.org/entity/Q27854,http://www.wikidata.org/entity/Q270051,Athletic club ajaccien,1.0,2011-01-01T00:00:00Z,2013-01-01T00:00:00Z
http://www.wikidata.org/entity/Q27854,http://www.wikidata.org/entity/Q680770,Fotbal Club UTA Arad,3.0,2013-01-01T00:00:00Z,2014-01-01T00:00:00Z
http://www.wikidata.org/entity/Q27865,http://www.wikidata.org/entity/Q1138191,MS Ashdod,8.0,2013-01-01T00:00:00Z,2014-01-01T00:00:00Z
http://www.wikidata.org/entity/Q27865,http://www.wikidata.org/entity/Q3076574,Football Club de Cournon-d'Auvergne,23.0,2009-01-01T00:00:00Z,2012-01-01T00:00:00Z
http://www.wikidata.org/entity/Q27865,http://www.wikidata.org/entity/Q2919982,Maccabi Yavne F.C.,22.0,2014-01-01T00:00:00Z,2015-01-01T00:00:00Z
http://www.wikidata.org/entity/Q27865,http://www.wikidata.org/entity/Q208399,SC Bastia,2.0,2012-01-01T00:00:00Z,2013-01-01T00:00:00Z
http://www.wikidata.org/entity/Q27865,http://www.wikidata.org/entity/Q2259417,Hapoël Jérusalem FC,,2015-01-01T00:00:00Z,
http://www.wikidata.org/entity/Q27873,http://www.wikidata.org/entity/Q7389370,SC Bastia B,29.0,2012-01-01T00:00:00Z,2014-01-01T00:00:00Z
http://www.wikidata.org/entity/Q27873,http://www.wikidata.org/entity/Q208399,SC Bastia,10.0,2011-01-01T00:00:00Z,2015-01-01T00:00:00Z
http://www.wikidata.org/entity/Q27873,http://www.wikidata.org/entity/Q3550486,US Colomiers football,12.0,2014-01-01T00:00:00Z,2015-01-01T00:00:00Z
http://www.wikidata.org/entity/Q31442,http://www.wikidata.org/entity/Q626917,Chamois niortais,37.0,2013-01-01T00:00:00Z,2014-01-01T00:00:00Z
http://www.wikidata.org/entity/Q31442,http://www.wikidata.org/entity/Q369349,Union sportive Orléans,37.0,2012-01-01T00:00:00Z,2013-01-01T00:00:00Z
http://www.wikidata.org/entity/Q31442,http://www.wikidata.org/entity/Q193377,Stade Malherbe Caen,12.0,2015-01-01T00:00:00Z,2015-01-01T00:00:00Z
http://www.wikidata.org/entity/Q31442,http://www.wikidata.org/entity/Q192071,Football Club de Nantes,120.0,2015-01-01T00:00:00Z,2019-01-01T00:00:00Z
http://www.wikidata.org/entity/Q31442,http://www.wikidata.org/entity/Q172476,Girondins de Bordeaux,11.0,2012-01-01T00:00:00Z,2015-01-01T00:00:00Z
http://www.wikidata.org/entity/Q31442,http://www.wikidata.org/entity/Q18662,Cardiff City F.C.,0.0,2019-01-01T00:00:00Z,2019-01-01T00:00:00Z
http://www.wikidata.org/entity/Q31684,http://www.wikidata.org/entity/Q19512,Football Club Sochaux-Montbéliard,121.0,2007-01-01T00:00:00Z,2011-01-01T00:00:00Z
http://www.wikidata.org/entity/Q31684,http://www.wikidata.org/entity/Q1450557,équipe de France de football des moins de 18 ans,,2003-01-01T00:00:00Z,2004-01-01T00:00:00Z
http://www.wikidata.org/entity/Q31684,http://www.wikidata.org/entity/Q180305,AS Monaco FC,,2003-01-01T00:00:00Z,2007-01-01T00:00:00Z
http://www.wikidata.org/entity/Q31684,http://www.wikidata.org/entity/Q1450568,équipe de France de football des moins de 17 ans,,2002-01-01T00:00:00Z,2003-01-01T00:00:00Z
http://www.wikidata.org/entity/Q31684,http://www.wikidata.org/entity/Q1344163,équipe de France de football des moins de 20 ans,,2005-01-01T00:00:00Z,2006-01-01T00:00:00Z
http://www.wikidata.org/entity/Q31684,http://www.wikidata.org/entity/Q172476,Girondins de Bordeaux,,2011-01-01T00:00:00Z,
http://www.wikidata.org/entity/Q31684,http://www.wikidata.org/entity/Q608988,CS Sedan Ardennes,30.0,2006-01-01T00:00:00Z,2007-01-01T00:00:00Z
http://www.wikidata.org/entity/Q31744,http://www.wikidata.org/entity/Q19523,AS Nancy-Lorraine,2.0,2009-01-01T00:00:00Z,2010-01-01T00:00:00Z
http://www.wikidata.org/entity/Q31744,http://www.wikidata.org/entity/Q270051,Athletic club ajaccien,30.0,2008-01-01T00:00:00Z,2009-01-01T00:00:00Z
http://www.wikidata.org/entity/Q31744,http://www.wikidata.org/entity/Q221525,FC Metz,,2017-01-01T00:00:00Z,2017-01-01T00:00:00Z
http://www.wikidata.org/entity/Q31744,http://www.wikidata.org/entity/Q172476,Girondins de Bordeaux,,2008-01-01T00:00:00Z,2016-01-01T00:00:00Z
http://www.wikidata.org/entity/Q31744,http://www.wikidata.org/entity/Q172476,Girondins de Bordeaux,,2006-01-01T00:00:00Z,2008-01-01T00:00:00Z
http://www.wikidata.org/entity/Q31744,http://www.wikidata.org/entity/Q455971,Esteghlal Football Club,,2019-01-01T00:00:00Z,
http://www.wikidata.org/entity/Q31744,http://www.wikidata.org/entity/Q538891,Centre Salif Keita,,2000-01-01T00:00:00Z,2006-01-01T00:00:00Z
http://www.wikidata.org/entity/Q31744,http://www.wikidata.org/entity/Q556570,Ankaraspor,,2016-01-01T00:00:00Z,2019-01-01T00:00:00Z
http://www.wikidata.org/entity/Q31744,http://www.wikidata.org/entity/Q1191998,Emirates Club,,2018-01-01T00:00:00Z,2019-01-01T00:00:00Z
http://www.wikidata.org/entity/Q31744,http://www.wikidata.org/entity/Q211733,équipe du Mali de football,,2005-01-01T00:00:00Z,
http://www.wikidata.org/entity/Q31744,http://www.wikidata.org/entity/Q652516,Bénévent Calcio,,2018-01-01T00:00:00Z,2018-01-01T00:00:00Z
http://www.wikidata.org/entity/Q31766,http://www.wikidata.org/entity/Q172476,Girondins de Bordeaux,120.0,2012-01-01T00:00:00Z,2015-01-01T00:00:00Z
http://www.wikidata.org/entity/Q31766,http://www.wikidata.org/entity/Q270995,Atlético Mineiro,17.0,2008-01-01T00:00:00Z,2008-01-01T00:00:00Z
http://www.wikidata.org/entity/Q31766,http://www.wikidata.org/entity/Q10329,Sevilla Fútbol Club,,2015-01-01T00:00:00Z,
http://www.wikidata.org/entity/Q31766,http://www.wikidata.org/entity/Q98921,Ipatinga Futebol Clube,6.0,2008-01-01T00:00:00Z,2008-01-01T00:00:00Z
http://www.wikidata.org/entity/Q31766,http://www.wikidata.org/entity/Q495299,Galatasaray SK,,2017-01-01T00:00:00Z,
http://www.wikidata.org/entity/Q31766,http://www.wikidata.org/entity/Q80987,Fluminense FC,70.0,2010-01-01T00:00:00Z,2011-01-01T00:00:00Z
http://www.wikidata.org/entity/Q31766,http://www.wikidata.org/entity/Q98921,Ipatinga Futebol Clube,0.0,2007-01-01T00:00:00Z,2007-01-01T00:00:00Z
http://www.wikidata.org/entity/Q31766,http://www.wikidata.org/entity/Q1133475,Guarani Futebol Clube,,2005-01-01T00:00:00Z,2006-01-01T00:00:00Z
http://www.wikidata.org/entity/Q31766,http://www.wikidata.org/entity/Q188277,Cruzeiro EC,18.0,2007-01-01T00:00:00Z,2007-01-01T00:00:00Z
http://www.wikidata.org/entity/Q31766,http://www.wikidata.org/entity/Q1138634,Tombense Futebol Clube,0.0,2007-01-01T00:00:00Z,2009-01-01T00:00:00Z
http://www.wikidata.org/entity/Q31766,http://www.wikidata.org/entity/Q80987,Fluminense FC,20.0,2009-01-01T00:00:00Z,2009-01-01T00:00:00Z
http://www.wikidata.org/entity/Q31775,http://www.wikidata.org/entity/Q2701714,équipe de France de football des moins de 19 ans,11.0,2004-01-01T00:00:00Z,2004-01-01T00:00:00Z
http://www.wikidata.org/entity/Q31775,http://www.wikidata.org/entity/Q1277549,équipe de France espoirs de football,,2006-01-01T00:00:00Z,2008-01-01T00:00:00Z
http://www.wikidata.org/entity/Q31775,http://www.wikidata.org/entity/Q18716,Newcastle United FC,,2013-01-01T00:00:00Z,
http://www.wikidata.org/entity/Q31775,http://www.wikidata.org/entity/Q172476,Girondins de Bordeaux,139.0,2008-01-01T00:00:00Z,2013-01-01T00:00:00Z
http://www.wikidata.org/entity/Q31775,http://www.wikidata.org/entity/Q193377,Stade Malherbe Caen,115.0,2003-01-01T00:00:00Z,2008-01-01T00:00:00Z
http://www.wikidata.org/entity/Q31792,http://www.wikidata.org/entity/Q19521,AS Saint-Étienne,14.0,2014-01-01T00:00:00Z,2015-01-01T00:00:00Z
http://www.wikidata.org/entity/Q31792,http://www.wikidata.org/entity/Q19521,AS Saint-Étienne,14.0,2015-01-01T00:00:00Z,2015-01-01T00:00:00Z
http://www.wikidata.org/entity/Q31792,http://www.wikidata.org/entity/Q172476,Girondins de Bordeaux,67.0,2011-01-01T00:00:00Z,2014-01-01T00:00:00Z
http://www.wikidata.org/entity/Q31792,http://www.wikidata.org/entity/Q19593,Celtic FC,30.0,2009-01-01T00:00:00Z,2010-01-01T00:00:00Z
http://www.wikidata.org/entity/Q31792,http://www.wikidata.org/entity/Q19523,AS Nancy-Lorraine,127.0,2005-01-01T00:00:00Z,2011-01-01T00:00:00Z
http://www.wikidata.org/entity/Q31792,http://www.wikidata.org/entity/Q417685,Akhisar Belediyespor,,2015-01-01T00:00:00Z,
http://www.wikidata.org/entity/Q31792,http://www.wikidata.org/entity/Q175309,équipe du Cameroun de football,,2006-01-01T00:00:00Z,
http://www.wikidata.org/entity/Q31893,http://www.wikidata.org/entity/Q172476,Girondins de Bordeaux,379.0,2001-01-01T00:00:00Z,2015-01-01T00:00:00Z
http://www.wikidata.org/entity/Q31893,http://www.wikidata.org/entity/Q47774,équipe de France de football,1.0,2010-01-01T00:00:00Z,2010-01-01T00:00:00Z
http://www.wikidata.org/entity/Q31893,http://www.wikidata.org/entity/Q1277549,équipe de France espoirs de football,,2002-01-01T00:00:00Z,2003-01-01T00:00:00Z
http://www.wikidata.org/entity/Q31907,http://www.wikidata.org/entity/Q47774,équipe de France de football,5.0,2012-01-01T00:00:00Z,2015-01-01T00:00:00Z
http://www.wikidata.org/entity/Q31907,http://www.wikidata.org/entity/Q10329,Sevilla Fútbol Club,,2014-01-01T00:00:00Z,
http://www.wikidata.org/entity/Q31907,http://www.wikidata.org/entity/Q179075,Dynamo Kiev,10.0,2013-01-01T00:00:00Z,2014-01-01T00:00:00Z
http://www.wikidata.org/entity/Q31907,http://www.wikidata.org/entity/Q19521,AS Saint-Étienne,12.0,2014-01-01T00:00:00Z,2014-01-01T00:00:00Z
http://www.wikidata.org/entity/Q31907,http://www.wikidata.org/entity/Q172476,Girondins de Bordeaux,165.0,2007-01-01T00:00:00Z,2013-01-01T00:00:00Z
http://www.wikidata.org/entity/Q31951,http://www.wikidata.org/entity/Q235416,équipe du Gabon de football,,2010-01-01T00:00:00Z,
http://www.wikidata.org/entity/Q31951,http://www.wikidata.org/entity/Q172476,Girondins de Bordeaux,73.0,2011-01-01T00:00:00Z,2016-01-01T00:00:00Z
http://www.wikidata.org/entity/Q31951,http://www.wikidata.org/entity/Q1597395,US Bitam,,2009-01-01T00:00:00Z,2011-01-01T00:00:00Z
http://www.wikidata.org/entity/Q31951,http://www.wikidata.org/entity/Q1423118,Göztepe SK,,2018-01-01T00:00:00Z,
http://www.wikidata.org/entity/Q31951,http://www.wikidata.org/entity/Q301332,Kardemir Karabükspor,,2016-01-01T00:00:00Z,2018-01-01T00:00:00Z
http://www.wikidata.org/entity/Q31988,http://www.wikidata.org/entity/Q17479,Clube de Regatas do Flamengo,71.0,2003-01-01T00:00:00Z,2005-01-01T00:00:00Z
http://www.wikidata.org/entity/Q31988,http://www.wikidata.org/entity/Q172476,Girondins de Bordeaux,146.0,2005-01-01T00:00:00Z,2014-01-01T00:00:00Z
http://www.wikidata.org/entity/Q31988,http://www.wikidata.org/entity/Q80987,Fluminense FC,29.0,2014-01-01T00:00:00Z,2015-01-01T00:00:00Z
http://www.wikidata.org/entity/Q31992,http://www.wikidata.org/entity/Q172476,Girondins de Bordeaux,10.0,2008-01-01T00:00:00Z,2013-01-01T00:00:00Z
http://www.wikidata.org/entity/Q31992,http://www.wikidata.org/entity/Q1450568,équipe de France de football des moins de 17 ans,7.0,2006-01-01T00:00:00Z,2006-01-01T00:00:00Z
http://www.wikidata.org/entity/Q31992,http://www.wikidata.org/entity/Q3555456,Vendée Fontenay Foot,,2014-01-01T00:00:00Z,
http://www.wikidata.org/entity/Q31992,http://www.wikidata.org/entity/Q2701714,équipe de France de football des moins de 19 ans,6.0,2008-01-01T00:00:00Z,2009-01-01T00:00:00Z
http://www.wikidata.org/entity/Q31997,http://www.wikidata.org/entity/Q2661022,équipe de Slovénie espoirs de football,15.0,2013-01-01T00:00:00Z,2014-01-01T00:00:00Z
http://www.wikidata.org/entity/Q31997,http://www.wikidata.org/entity/Q4409821,équipe de Slovénie de football des moins de 19 ans,7.0,2008-01-01T00:00:00Z,2010-01-01T00:00:00Z
http://www.wikidata.org/entity/Q31997,http://www.wikidata.org/entity/Q75729,Sporting Clube de Portugal,,2015-01-01T00:00:00Z,
http://www.wikidata.org/entity/Q31997,http://www.wikidata.org/entity/Q172476,Girondins de Bordeaux,3.0,2011-01-01T00:00:00Z,2015-01-01T00:00:00Z
http://www.wikidata.org/entity/Q31997,http://www.wikidata.org/entity/Q845146,NK Interblock,33.0,2009-01-01T00:00:00Z,2011-01-01T00:00:00Z
http://www.wikidata.org/entity/Q33107,http://www.wikidata.org/entity/Q144190,PFK Levski Sofia,,2012-01-01T00:00:00Z,2013-01-01T00:00:00Z
http://www.wikidata.org/entity/Q33107,http://www.wikidata.org/entity/Q730809,Nîmes Olympique,,2014-01-01T00:00:00Z,
http://www.wikidata.org/entity/Q33107,http://www.wikidata.org/entity/Q19585,Royal Charleroi SC,6.0,2010-01-01T00:00:00Z,2011-01-01T00:00:00Z
http://www.wikidata.org/entity/Q33107,http://www.wikidata.org/entity/Q867320,FC Rouen,17.0,2003-01-01T00:00:00Z,2005-01-01T00:00:00Z
http://www.wikidata.org/entity/Q33107,http://www.wikidata.org/entity/Q144190,PFK Levski Sofia,24.0,2012-01-01T00:00:00Z,2013-01-01T00:00:00Z
http://www.wikidata.org/entity/Q33107,http://www.wikidata.org/entity/Q1426377,Union sportive raonnaise,35.0,2005-01-01T00:00:00Z,2006-01-01T00:00:00Z
http://www.wikidata.org/entity/Q33107,http://www.wikidata.org/entity/Q222837,Athlétic Club arlésien,62.0,2009-01-01T00:00:00Z,2012-01-01T00:00:00Z
http://www.wikidata.org/entity/Q33107,http://www.wikidata.org/entity/Q3550492,US Le Pontet Grand Avignon 84,10.0,2014-01-01T00:00:00Z,2014-01-01T00:00:00Z
http://www.wikidata.org/entity/Q33107,http://www.wikidata.org/entity/Q508322,FC Gueugnon,34.0,2008-01-01T00:00:00Z,2009-01-01T00:00:00Z
http://www.wikidata.org/entity/Q33107,http://www.wikidata.org/entity/Q309400,US Boulogne CO,48.0,2006-01-01T00:00:00Z,2008-01-01T00:00:00Z
http://www.wikidata.org/entity/Q38317,http://www.wikidata.org/entity/Q223823,Skonto Riga,85.0,1995-01-01T00:00:00Z,1998-01-01T00:00:00Z
http://www.wikidata.org/entity/Q38317,http://www.wikidata.org/entity/Q4345062,FK Pārdaugava Riga,17.0,1994-01-01T00:00:00Z,1994-01-01T00:00:00Z
http://www.wikidata.org/entity/Q38317,http://www.wikidata.org/entity/Q995093,Rīgas FS,17.0,1994-01-01T00:00:00Z,1994-01-01T00:00:00Z
http://www.wikidata.org/entity/Q38317,http://www.wikidata.org/entity/Q223823,Skonto Riga,19.0,2008-01-01T00:00:00Z,2008-01-01T00:00:00Z
http://www.wikidata.org/entity/Q38317,http://www.wikidata.org/entity/Q141688,Anorthosis Famagouste FC,19.0,2006-01-01T00:00:00Z,2007-01-01T00:00:00Z
http://www.wikidata.org/entity/Q38317,http://www.wikidata.org/entity/Q2617678,Skonto FC-2,16.0,1995-01-01T00:00:00Z,1995-01-01T00:00:00Z
http://www.wikidata.org/entity/Q38317,http://www.wikidata.org/entity/Q47182,FK Daugava Riga,17.0,1994-01-01T00:00:00Z,1994-01-01T00:00:00Z
http://www.wikidata.org/entity/Q38317,http://www.wikidata.org/entity/Q47182,FK Daugava Riga,2.0,2009-01-01T00:00:00Z,2010-01-01T00:00:00Z
http://www.wikidata.org/entity/Q38317,http://www.wikidata.org/entity/Q189322,équipe de Lettonie de football,75.0,1996-01-01T00:00:00Z,2007-01-01T00:00:00Z
http://www.wikidata.org/entity/Q38317,http://www.wikidata.org/entity/Q47182,FK Daugava Riga,1.0,2009-01-01T00:00:00Z,2009-01-01T00:00:00Z
http://www.wikidata.org/entity/Q38317,http://www.wikidata.org/entity/Q18732,Southampton FC,137.0,1999-01-01T00:00:00Z,2006-01-01T00:00:00Z
http://www.wikidata.org/entity/Q38321,http://www.wikidata.org/entity/Q298462,Sarreguemines FC,,2014-01-01T00:00:00Z,
http://www.wikidata.org/entity/Q38321,http://www.wikidata.org/entity/Q442657,US Forbach,,2010-01-01T00:00:00Z,2014-01-01T00:00:00Z
http://www.wikidata.org/entity/Q38321,http://www.wikidata.org/entity/Q221752,F91 Dudelange,3.0,2009-01-01T00:00:00Z,2010-01-01T00:00:00Z
http://www.wikidata.org/entity/Q38321,http://www.wikidata.org/entity/Q221525,FC Metz,1.0,2007-01-01T00:00:00Z,2009-01-01T00:00:00Z
http://www.wikidata.org/entity/Q38660,http://www.wikidata.org/entity/Q8812,Grenade CF,,2016-01-01T00:00:00Z,
http://www.wikidata.org/entity/Q38660,http://www.wikidata.org/entity/Q8835,RCD Majorque,26.0,2004-01-01T00:00:00Z,2006-01-01T00:00:00Z
http://www.wikidata.org/entity/Q38660,http://www.wikidata.org/entity/Q10300,Rayo Vallecano,,2009-01-01T00:00:00Z,
http://www.wikidata.org/entity/Q38660,http://www.wikidata.org/entity/Q914169,RCD Majorque B,26.0,2004-01-01T00:00:00Z,2006-01-01T00:00:00Z
http://www.wikidata.org/entity/Q38660,http://www.wikidata.org/entity/Q2420558,RSD Alcalá,36.0,2003-01-01T00:00:00Z,2004-01-01T00:00:00Z
http://www.wikidata.org/entity/Q38660,http://www.wikidata.org/entity/Q10383,AD Alcorcón,69.0,2006-01-01T00:00:00Z,2009-01-01T00:00:00Z
http://www.wikidata.org/entity/Q39730,http://www.wikidata.org/entity/Q298279,AS Cherbourg Football,33.0,2004-01-01T00:00:00Z,2005-01-01T00:00:00Z
http://www.wikidata.org/entity/Q39730,http://www.wikidata.org/entity/Q1450557,équipe de France de football des moins de 18 ans,,2000-01-01T00:00:00Z,2001-01-01T00:00:00Z
http://www.wikidata.org/entity/Q39730,http://www.wikidata.org/entity/Q193377,Stade Malherbe Caen,40.0,2001-01-01T00:00:00Z,2006-01-01T00:00:00Z
http://www.wikidata.org/entity/Q39730,http://www.wikidata.org/entity/Q870182,Clermont Foot 63,101.0,2006-01-01T00:00:00Z,2009-01-01T00:00:00Z
http://www.wikidata.org/entity/Q39730,http://www.wikidata.org/entity/Q218372,Stade brestois 29,,2009-01-01T00:00:00Z,
http://www.wikidata.org/entity/Q39730,http://www.wikidata.org/entity/Q2701714,équipe de France de football des moins de 19 ans,,2001-01-01T00:00:00Z,2002-01-01T00:00:00Z
http://www.wikidata.org/entity/Q41895,http://www.wikidata.org/entity/Q1812121,équipe d'Écosse espoirs de football,7.0,2000-01-01T00:00:00Z,2001-01-01T00:00:00Z
http://www.wikidata.org/entity/Q41895,http://www.wikidata.org/entity/Q19500,Wolverhampton Wanderers F.C.,162.0,2001-01-01T00:00:00Z,2006-01-01T00:00:00Z
http://www.wikidata.org/entity/Q41895,http://www.wikidata.org/entity/Q18662,Cardiff City F.C.,43.0,2011-01-01T00:00:00Z,2012-01-01T00:00:00Z
http://www.wikidata.org/entity/Q41895,http://www.wikidata.org/entity/Q19597,Rangers FC,,2014-01-01T00:00:00Z,
http://www.wikidata.org/entity/Q41895,http://www.wikidata.org/entity/Q19597,Rangers FC,30.0,2000-01-01T00:00:00Z,2001-01-01T00:00:00Z
http://www.wikidata.org/entity/Q41895,http://www.wikidata.org/entity/Q196107,Whitecaps de Vancouver,43.0,2012-01-01T00:00:00Z,2014-01-01T00:00:00Z
http://www.wikidata.org/entity/Q41895,http://www.wikidata.org/entity/Q19593,Celtic FC,33.0,2006-01-01T00:00:00Z,2007-01-01T00:00:00Z
http://www.wikidata.org/entity/Q41895,http://www.wikidata.org/entity/Q203573,Bursaspor,15.0,2011-01-01T00:00:00Z,2011-01-01T00:00:00Z
http://www.wikidata.org/entity/Q41895,http://www.wikidata.org/entity/Q4127960,équipe d'Écosse de football B,1.0,2003-01-01T00:00:00Z,2003-01-01T00:00:00Z
http://www.wikidata.org/entity/Q41895,http://www.wikidata.org/entity/Q19597,Rangers FC,81.0,2008-01-01T00:00:00Z,2011-01-01T00:00:00Z
http://www.wikidata.org/entity/Q41895,http://www.wikidata.org/entity/Q34044,équipe d'Écosse de football,68.0,2001-01-01T00:00:00Z,2013-01-01T00:00:00Z
http://www.wikidata.org/entity/Q41895,http://www.wikidata.org/entity/Q192597,Hibernian F.C.,45.0,1998-01-01T00:00:00Z,2000-01-01T00:00:00Z
http://www.wikidata.org/entity/Q41895,http://www.wikidata.org/entity/Q1140392,Stenhousemuir Football Club,11.0,1998-01-01T00:00:00Z,1999-01-01T00:00:00Z
http://www.wikidata.org/entity/Q41895,http://www.wikidata.org/entity/Q19500,Wolverhampton Wanderers F.C.,5.0,2001-01-01T00:00:00Z,2001-01-01T00:00:00Z
http://www.wikidata.org/entity/Q41895,http://www.wikidata.org/entity/Q19470,Derby County FC,30.0,2007-01-01T00:00:00Z,2008-01-01T00:00:00Z
http://www.wikidata.org/entity/Q44643,http://www.wikidata.org/entity/Q1344163,équipe de France de football des moins de 20 ans,,1996-01-01T00:00:00Z,1997-01-01T00:00:00Z
http://www.wikidata.org/entity/Q44643,http://www.wikidata.org/entity/Q1277549,équipe de France espoirs de football,,1999-01-01T00:00:00Z,1999-01-01T00:00:00Z
http://www.wikidata.org/entity/Q44643,http://www.wikidata.org/entity/Q19585,Royal Charleroi SC,117.0,2002-01-01T00:00:00Z,2009-01-01T00:00:00Z
http://www.wikidata.org/entity/Q44643,http://www.wikidata.org/entity/Q12249,Recreativo de Huelva,9.0,2006-01-01T00:00:00Z,2007-01-01T00:00:00Z
http://www.wikidata.org/entity/Q44643,http://www.wikidata.org/entity/Q212269,Valenciennes FC,20.0,2014-01-01T00:00:00Z,2015-01-01T00:00:00Z
http://www.wikidata.org/entity/Q44643,http://www.wikidata.org/entity/Q19523,AS Nancy-Lorraine,,1996-01-01T00:00:00Z,2002-01-01T00:00:00Z
http://www.wikidata.org/entity/Q44643,http://www.wikidata.org/entity/Q333838,Thonon Évian Grand Genève Football Club,116.0,2009-01-01T00:00:00Z,2014-01-01T00:00:00Z
http://www.wikidata.org/entity/Q44665,http://www.wikidata.org/entity/Q455991,Hapoël Haïfa,62.0,2006-01-01T00:00:00Z,2008-01-01T00:00:00Z
http://www.wikidata.org/entity/Q44665,http://www.wikidata.org/entity/Q44270,équipe du Burkina Faso de football,,2011-01-01T00:00:00Z,
http://www.wikidata.org/entity/Q44665,http://www.wikidata.org/entity/Q1130537,Hapoël Petah-Tikvah,,2005-01-01T00:00:00Z,2009-01-01T00:00:00Z
http://www.wikidata.org/entity/Q44665,http://www.wikidata.org/entity/Q333838,Thonon Évian Grand Genève Football Club,63.0,2012-01-01T00:00:00Z,2015-01-01T00:00:00Z
http://www.wikidata.org/entity/Q44665,http://www.wikidata.org/entity/Q372599,Sivasspor,,2015-01-01T00:00:00Z,
http://www.wikidata.org/entity/Q44665,http://www.wikidata.org/entity/Q204237,FC Dinamo Bucarest,75.0,2009-01-01T00:00:00Z,2012-01-01T00:00:00Z
http://www.wikidata.org/entity/Q44711,http://www.wikidata.org/entity/Q126334,RC Strasbourg Alsace,,2001-01-01T00:00:00Z,2010-01-01T00:00:00Z
http://www.wikidata.org/entity/Q44711,http://www.wikidata.org/entity/Q333838,Thonon Évian Grand Genève Football Club,51.0,2010-01-01T00:00:00Z,2013-01-01T00:00:00Z
http://www.wikidata.org/entity/Q44711,http://www.wikidata.org/entity/Q501693,ES Troyes AC,,2013-01-01T00:00:00Z,
http://www.wikidata.org/entity/Q44716,http://www.wikidata.org/entity/Q333838,Thonon Évian Grand Genève Football Club,86.0,2010-01-01T00:00:00Z,2014-01-01T00:00:00Z
http://www.wikidata.org/entity/Q44716,http://www.wikidata.org/entity/Q757320,PAE Astéras Trípolis,12.0,2014-01-01T00:00:00Z,2015-01-01T00:00:00Z
http://www.wikidata.org/entity/Q44716,http://www.wikidata.org/entity/Q218372,Stade brestois 29,,2015-01-01T00:00:00Z,
http://www.wikidata.org/entity/Q44730,http://www.wikidata.org/entity/Q1966238,Wadi Degla Sporting Club,,2020-01-01T00:00:00Z,
http://www.wikidata.org/entity/Q44730,http://www.wikidata.org/entity/Q3590478,équipe de Tunisie olympique de football,,2009-01-01T00:00:00Z,2011-01-01T00:00:00Z
http://www.wikidata.org/entity/Q44730,http://www.wikidata.org/entity/Q3590437,équipe de Tunisie de football des moins de 20 ans,,2009-01-01T00:00:00Z,2010-01-01T00:00:00Z
http://www.wikidata.org/entity/Q44730,http://www.wikidata.org/entity/Q1102961,Club athlétique bizertin,46.0,2009-01-01T00:00:00Z,2012-01-01T00:00:00Z
http://www.wikidata.org/entity/Q44730,http://www.wikidata.org/entity/Q44897,Espérance sportive de Tunis,,2013-01-01T00:00:00Z,2020-01-01T00:00:00Z
http://www.wikidata.org/entity/Q44730,http://www.wikidata.org/entity/Q27971,équipe de Tunisie de football,1.0,2012-01-01T00:00:00Z,2012-01-01T00:00:00Z
http://www.wikidata.org/entity/Q44730,http://www.wikidata.org/entity/Q333838,Thonon Évian Grand Genève Football Club,15.0,2012-01-01T00:00:00Z,2013-01-01T00:00:00Z
http://www.wikidata.org/entity/Q44743,http://www.wikidata.org/entity/Q209509,Grenoble Foot 38,,2015-01-01T00:00:00Z,
http://www.wikidata.org/entity/Q44743,http://www.wikidata.org/entity/Q627334,Gazélec FC Ajaccio,,2013-01-01T00:00:00Z,2014-01-01T00:00:00Z
http://www.wikidata.org/entity/Q44743,http://www.wikidata.org/entity/Q333838,Thonon Évian Grand Genève Football Club,26.0,2009-01-01T00:00:00Z,2014-01-01T00:00:00Z
http://www.wikidata.org/entity/Q44743,http://www.wikidata.org/entity/Q497637,équipe des Comores de football,,2010-01-01T00:00:00Z,
http://www.wikidata.org/entity/Q44743,http://www.wikidata.org/entity/Q627334,Gazélec FC Ajaccio,,2014-01-01T00:00:00Z,2015-01-01T00:00:00Z
http://www.wikidata.org/entity/Q44743,http://www.wikidata.org/entity/Q627334,Gazélec FC Ajaccio,,2013-01-01T00:00:00Z,
http://www.wikidata.org/entity/Q44748,http://www.wikidata.org/entity/Q3590668,équipe du Ghana de football des moins de 20 ans,9.0,2009-01-01T00:00:00Z,2009-01-01T00:00:00Z
http://www.wikidata.org/entity/Q44748,http://www.wikidata.org/entity/Q603633,Liberty Professionals,,2008-01-01T00:00:00Z,2010-01-01T00:00:00Z
http://www.wikidata.org/entity/Q44748,http://www.wikidata.org/entity/Q172014,équipe du Ghana de football,,2011-01-01T00:00:00Z,
http://www.wikidata.org/entity/Q44748,http://www.wikidata.org/entity/Q333838,Thonon Évian Grand Genève Football Club,53.0,2011-01-01T00:00:00Z,2013-01-01T00:00:00Z
http://www.wikidata.org/entity/Q44748,http://www.wikidata.org/entity/Q2798,Udinese Calcio,,2010-01-01T00:00:00Z,2011-01-01T00:00:00Z
http://www.wikidata.org/entity/Q44748,http://www.wikidata.org/entity/Q257984,Gimnàstic,2.0,2008-01-01T00:00:00Z,2008-01-01T00:00:00Z
http://www.wikidata.org/entity/Q44748,http://www.wikidata.org/entity/Q29103,Kouban Krasnodar,,2013-01-01T00:00:00Z,
http://www.wikidata.org/entity/Q44748,http://www.wikidata.org/entity/Q1457,UC Sampdoria,0.0,2009-01-01T00:00:00Z,2010-01-01T00:00:00Z
http://www.wikidata.org/entity/Q44748,http://www.wikidata.org/entity/Q12308,Xerez CD,1.0,2008-01-01T00:00:00Z,2009-01-01T00:00:00Z
http://www.wikidata.org/entity/Q44748,http://www.wikidata.org/entity/Q333838,Thonon Évian Grand Genève Football Club,10.0,2010-01-01T00:00:00Z,2011-01-01T00:00:00Z
http://www.wikidata.org/entity/Q44899,http://www.wikidata.org/entity/Q175145,équipe de Côte d'Ivoire de football,,2013-01-01T00:00:00Z,
http://www.wikidata.org/entity/Q44899,http://www.wikidata.org/entity/Q333838,Thonon Évian Grand Genève Football Club,93.0,2010-01-01T00:00:00Z,2014-01-01T00:00:00Z
http://www.wikidata.org/entity/Q44899,http://www.wikidata.org/entity/Q132885,Olympique de Marseille,,2014-01-01T00:00:00Z,
http://www.wikidata.org/entity/Q44902,http://www.wikidata.org/entity/Q1344163,équipe de France de football des moins de 20 ans,,2006-01-01T00:00:00Z,2006-01-01T00:00:00Z
http://www.wikidata.org/entity/Q44902,http://www.wikidata.org/entity/Q333838,Thonon Évian Grand Genève Football Club,159.0,2009-01-01T00:00:00Z,2015-01-01T00:00:00Z
http://www.wikidata.org/entity/Q44902,http://www.wikidata.org/entity/Q2701714,équipe de France de football des moins de 19 ans,20.0,2003-01-01T00:00:00Z,2005-01-01T00:00:00Z
http://www.wikidata.org/entity/Q44902,http://www.wikidata.org/entity/Q1344163,équipe de France de football des moins de 20 ans,20.0,2003-01-01T00:00:00Z,2005-01-01T00:00:00Z
http://www.wikidata.org/entity/Q44902,http://www.wikidata.org/entity/Q19513,Montpellier Hérault SC,26.0,2004-01-01T00:00:00Z,2007-01-01T00:00:00Z
http://www.wikidata.org/entity/Q44902,http://www.wikidata.org/entity/Q328658,Le Havre AC,,2015-01-01T00:00:00Z,
http://www.wikidata.org/entity/Q44902,http://www.wikidata.org/entity/Q270420,PFC Litex Lovetch,22.0,2007-01-01T00:00:00Z,2009-01-01T00:00:00Z
http://www.wikidata.org/entity/Q45167,http://www.wikidata.org/entity/Q659212,FC Saint-Gall,10.0,1996-01-01T00:00:00Z,1997-01-01T00:00:00Z
http://www.wikidata.org/entity/Q45167,http://www.wikidata.org/entity/Q1128631,Leeds United,31.0,1994-01-01T00:00:00Z,1996-01-01T00:00:00Z
http://www.wikidata.org/entity/Q45167,http://www.wikidata.org/entity/Q6641,SSC Bari,75.0,1997-01-01T00:00:00Z,2001-01-01T00:00:00Z
http://www.wikidata.org/entity/Q45167,http://www.wikidata.org/entity/Q170327,équipe d'Afrique du Sud de football,58.0,1992-01-01T00:00:00Z,2001-01-01T00:00:00Z
http://www.wikidata.org/entity/Q45167,http://www.wikidata.org/entity/Q283767,Al-Wahda Club,75.0,2001-01-01T00:00:00Z,2002-01-01T00:00:00Z
http://www.wikidata.org/entity/Q45167,http://www.wikidata.org/entity/Q1520442,Jomo Cosmos Football Club,88.0,1990-01-01T00:00:00Z,1991-01-01T00:00:00Z
http://www.wikidata.org/entity/Q45167,http://www.wikidata.org/entity/Q847587,U.S. Salernitana 1919,16.0,1997-01-01T00:00:00Z,1997-01-01T00:00:00Z
http://www.wikidata.org/entity/Q45167,http://www.wikidata.org/entity/Q784965,Mamelodi Sundowns Football Club,108.0,1991-01-01T00:00:00Z,1994-01-01T00:00:00Z
http://www.wikidata.org/entity/Q46645,http://www.wikidata.org/entity/Q207441,équipe du Sénégal de football,,2012-01-01T00:00:00Z,
http://www.wikidata.org/entity/Q46645,http://www.wikidata.org/entity/Q19467,Crystal Palace FC,,2015-01-01T00:00:00Z,
http://www.wikidata.org/entity/Q46645,http://www.wikidata.org/entity/Q208228,Stade de Reims,23.0,2012-01-01T00:00:00Z,2013-01-01T00:00:00Z
http://www.wikidata.org/entity/Q46645,http://www.wikidata.org/entity/Q3132749,équipe du Sénégal de football des moins de 23 ans,4.0,2012-01-01T00:00:00Z,2012-01-01T00:00:00Z
http://www.wikidata.org/entity/Q46645,http://www.wikidata.org/entity/Q19516,Lille OSC,,2010-01-01T00:00:00Z,2015-01-01T00:00:00Z
http://www.wikidata.org/entity/Q46645,http://www.wikidata.org/entity/Q657883,Diambars Football Club,,2007-01-01T00:00:00Z,2008-01-01T00:00:00Z
http://www.wikidata.org/entity/Q47026,http://www.wikidata.org/entity/Q870173,Vannes Olympique Club,0.0,2009-01-01T00:00:00Z,2011-01-01T00:00:00Z
http://www.wikidata.org/entity/Q47026,http://www.wikidata.org/entity/Q459148,En avant Guingamp,,1999-01-01T00:00:00Z,2002-01-01T00:00:00Z
http://www.wikidata.org/entity/Q47026,http://www.wikidata.org/entity/Q290481,ÉFC Fréjus Saint-Raphaël,21.0,2008-01-01T00:00:00Z,2009-01-01T00:00:00Z
http://www.wikidata.org/entity/Q47026,http://www.wikidata.org/entity/Q3550489,US Avranches Mont-Saint-Michel,,2011-01-01T00:00:00Z,2013-01-01T00:00:00Z
http://www.wikidata.org/entity/Q47026,http://www.wikidata.org/entity/Q19513,Montpellier Hérault SC,4.0,2005-01-01T00:00:00Z,2008-01-01T00:00:00Z
http://www.wikidata.org/entity/Q47026,http://www.wikidata.org/entity/Q1450557,équipe de France de football des moins de 18 ans,,1997-01-01T00:00:00Z,1997-01-01T00:00:00Z
http://www.wikidata.org/entity/Q47026,http://www.wikidata.org/entity/Q175145,équipe de Côte d'Ivoire de football,,2003-01-01T00:00:00Z,2010-01-01T00:00:00Z
http://www.wikidata.org/entity/Q47026,http://www.wikidata.org/entity/Q492159,US Créteil-Lusitanos,0.0,2006-01-01T00:00:00Z,2007-01-01T00:00:00Z
http://www.wikidata.org/entity/Q47026,http://www.wikidata.org/entity/Q19512,Football Club Sochaux-Montbéliard,22.0,2002-01-01T00:00:00Z,2005-01-01T00:00:00Z
http://www.wikidata.org/entity/Q49783,http://www.wikidata.org/entity/Q161554,Chemnitzer FC,32.0,2013-01-01T00:00:00Z,2015-01-01T00:00:00Z
http://www.wikidata.org/entity/Q49783,http://www.wikidata.org/entity/Q161554,Chemnitzer FC,,2014-01-01T00:00:00Z,
http://www.wikidata.org/entity/Q49783,http://www.wikidata.org/entity/Q107818,FC Energie Cottbus,30.0,2007-01-01T00:00:00Z,2008-01-01T00:00:00Z
http://www.wikidata.org/entity/Q49783,http://www.wikidata.org/entity/Q141931,SG Dynamo Dresde,23.0,2004-01-01T00:00:00Z,2006-01-01T00:00:00Z
http://www.wikidata.org/entity/Q49783,http://www.wikidata.org/entity/Q141882,FC Erzgebirge Aue,162.0,2008-01-01T00:00:00Z,2013-01-01T00:00:00Z
http://www.wikidata.org/entity/Q49784,http://www.wikidata.org/entity/Q107818,FC Energie Cottbus,42.0,2006-01-01T00:00:00Z,2008-01-01T00:00:00Z
http://www.wikidata.org/entity/Q49784,http://www.wikidata.org/entity/Q16559523,Eintracht Braunschweig II,1.0,2014-01-01T00:00:00Z,2014-01-01T00:00:00Z
http://www.wikidata.org/entity/Q49784,http://www.wikidata.org/entity/Q154053,Eintracht Brunswick,,2013-01-01T00:00:00Z,
http://www.wikidata.org/entity/Q49784,http://www.wikidata.org/entity/Q141882,FC Erzgebirge Aue,164.0,2008-01-01T00:00:00Z,2013-01-01T00:00:00Z
http://www.wikidata.org/entity/Q49787,http://www.wikidata.org/entity/Q17354166,Team 2006,2.0,2002-01-01T00:00:00Z,2002-01-01T00:00:00Z
http://www.wikidata.org/entity/Q49787,http://www.wikidata.org/entity/Q141882,FC Erzgebirge Aue,4.0,1998-01-01T00:00:00Z,1998-01-01T00:00:00Z
http://www.wikidata.org/entity/Q49787,http://www.wikidata.org/entity/Q639560,Tennis Borussia Berlin,11.0,1998-01-01T00:00:00Z,2000-01-01T00:00:00Z
http://www.wikidata.org/entity/Q49787,http://www.wikidata.org/entity/Q314851,équipe d'Allemagne espoirs de football,11.0,1999-01-01T00:00:00Z,2000-01-01T00:00:00Z
http://www.wikidata.org/entity/Q49787,http://www.wikidata.org/entity/Q265570,SSV Jahn Ratisbonne,30.0,2005-01-01T00:00:00Z,2006-01-01T00:00:00Z
http://www.wikidata.org/entity/Q49787,http://www.wikidata.org/entity/Q822990,équipe d'Allemagne de football B,1.0,2002-01-01T00:00:00Z,2002-01-01T00:00:00Z
http://www.wikidata.org/entity/Q49787,http://www.wikidata.org/entity/Q170134,SV Waldhof Mannheim,28.0,2002-01-01T00:00:00Z,2003-01-01T00:00:00Z
http://www.wikidata.org/entity/Q49787,http://www.wikidata.org/entity/Q265570,SSV Jahn Ratisbonne,30.0,2005-01-01T00:00:00Z,2005-01-01T00:00:00Z
http://www.wikidata.org/entity/Q49787,http://www.wikidata.org/entity/Q316497,équipe d'Allemagne de football des moins de 20 ans,2.0,1999-01-01T00:00:00Z,1999-01-01T00:00:00Z
http://www.wikidata.org/entity/Q49787,http://www.wikidata.org/entity/Q142005,FC Hansa Rostock,132.0,2006-01-01T00:00:00Z,2010-01-01T00:00:00Z
http://www.wikidata.org/entity/Q49787,http://www.wikidata.org/entity/Q392310,LASK,37.0,2003-01-01T00:00:00Z,2005-01-01T00:00:00Z
http://www.wikidata.org/entity/Q49787,http://www.wikidata.org/entity/Q4107588,SV Werder Bremen II,25.0,2000-01-01T00:00:00Z,2002-01-01T00:00:00Z
http://www.wikidata.org/entity/Q49787,http://www.wikidata.org/entity/Q141882,FC Erzgebirge Aue,49.0,2010-01-01T00:00:00Z,2013-01-01T00:00:00Z
http://www.wikidata.org/entity/Q49790,http://www.wikidata.org/entity/Q303121,Yeni Malatyaspor,,2016-01-01T00:00:00Z,
http://www.wikidata.org/entity/Q49790,http://www.wikidata.org/entity/Q571553,SV Babelsberg 03,59.0,2009-01-01T00:00:00Z,2011-01-01T00:00:00Z
http://www.wikidata.org/entity/Q49790,http://www.wikidata.org/entity/Q641373,Gençlerbirliği SK,,2014-01-01T00:00:00Z,
http://www.wikidata.org/entity/Q49790,http://www.wikidata.org/entity/Q142005,FC Hansa Rostock,39.0,2007-01-01T00:00:00Z,2009-01-01T00:00:00Z
http://www.wikidata.org/entity/Q49790,http://www.wikidata.org/entity/Q1624749,équipe de Turquie espoirs de football,1.0,2009-01-01T00:00:00Z,2009-01-01T00:00:00Z
http://www.wikidata.org/entity/Q49790,http://www.wikidata.org/entity/Q141882,FC Erzgebirge Aue,81.0,2011-01-01T00:00:00Z,2014-01-01T00:00:00Z
http://www.wikidata.org/entity/Q49792,http://www.wikidata.org/entity/Q141882,FC Erzgebirge Aue,,2011-01-01T00:00:00Z,
http://www.wikidata.org/entity/Q49792,http://www.wikidata.org/entity/Q2207938,SSV Vorsfelde,,2007-01-01T00:00:00Z,2008-01-01T00:00:00Z
http://www.wikidata.org/entity/Q49792,http://www.wikidata.org/entity/Q101859,VfL Wolfsburg,96.0,2008-01-01T00:00:00Z,2011-01-01T00:00:00Z
http://www.wikidata.org/entity/Q49793,http://www.wikidata.org/entity/Q141882,FC Erzgebirge Aue,,2012-01-01T00:00:00Z,
http://www.wikidata.org/entity/Q49793,http://www.wikidata.org/entity/Q107818,FC Energie Cottbus,35.0,2008-01-01T00:00:00Z,2011-01-01T00:00:00Z
http://www.wikidata.org/entity/Q49793,http://www.wikidata.org/entity/Q155186,FC Carl Zeiss Iéna,34.0,2011-01-01T00:00:00Z,2012-01-01T00:00:00Z
http://www.wikidata.org/entity/Q49801,http://www.wikidata.org/entity/Q265570,SSV Jahn Ratisbonne,,2015-01-01T00:00:00Z,
http://www.wikidata.org/entity/Q49801,http://www.wikidata.org/entity/Q15786,1. FC Nuremberg,46.0,2003-01-01T00:00:00Z,2007-01-01T00:00:00Z
http://www.wikidata.org/entity/Q49801,http://www.wikidata.org/entity/Q141882,FC Erzgebirge Aue,188.0,2007-01-01T00:00:00Z,2015-01-01T00:00:00Z
http://www.wikidata.org/entity/Q57548,http://www.wikidata.org/entity/Q479351,SV Darmstadt 98,105.0,1984-01-01T00:00:00Z,1987-01-01T00:00:00Z
http://www.wikidata.org/entity/Q57548,http://www.wikidata.org/entity/Q314851,équipe d'Allemagne espoirs de football,6.0,1987-01-01T00:00:00Z,1987-01-01T00:00:00Z
http://www.wikidata.org/entity/Q57548,http://www.wikidata.org/entity/Q105844,DSC Arminia Bielefeld,98.0,1998-01-01T00:00:00Z,2001-01-01T00:00:00Z
http://www.wikidata.org/entity/Q57548,http://www.wikidata.org/entity/Q105853,Karlsruher SC,60.0,2001-01-01T00:00:00Z,2003-01-01T00:00:00Z
http://www.wikidata.org/entity/Q57548,http://www.wikidata.org/entity/Q15789,Bayern Munich,82.0,1991-07-01T00:00:00Z,1994-07-01T00:00:00Z
http://www.wikidata.org/entity/Q57548,http://www.wikidata.org/entity/Q43310,équipe d'Allemagne de football,2.0,1992-01-01T00:00:00Z,1995-01-01T00:00:00Z
http://www.wikidata.org/entity/Q57548,http://www.wikidata.org/entity/Q8466,1. FC Kaiserslautern,67.0,1988-01-01T00:00:00Z,1991-01-01T00:00:00Z
http://www.wikidata.org/entity/Q57548,http://www.wikidata.org/entity/Q51974,Hambourg SV,41.0,1987-07-01T00:00:00Z,1989-01-01T00:00:00Z
http://www.wikidata.org/entity/Q57548,http://www.wikidata.org/entity/Q51976,Werder Brême,63.0,1996-01-01T00:00:00Z,1998-06-30T00:00:00Z
http://www.wikidata.org/entity/Q57548,http://www.wikidata.org/entity/Q104770,1. FC Cologne,41.0,1994-07-01T00:00:00Z,1995-12-01T00:00:00Z
http://www.wikidata.org/entity/Q59659,http://www.wikidata.org/entity/Q106394,SC Fribourg,,2014-01-01T00:00:00Z,
http://www.wikidata.org/entity/Q59659,http://www.wikidata.org/entity/Q15786,1. FC Nuremberg,125.0,2008-01-01T00:00:00Z,2014-01-01T00:00:00Z
http://www.wikidata.org/entity/Q59659,http://www.wikidata.org/entity/Q819382,VfB Borussia Neunkirchen,39.0,2005-01-01T00:00:00Z,2006-01-01T00:00:00Z
http://www.wikidata.org/entity/Q59659,http://www.wikidata.org/entity/Q4545849,FC Nuremberg II,9.0,2008-01-01T00:00:00Z,2012-01-01T00:00:00Z
http://www.wikidata.org/entity/Q59659,http://www.wikidata.org/entity/Q157463,1. FC Sarrebruck,41.0,2007-01-01T00:00:00Z,2008-01-01T00:00:00Z
http://www.wikidata.org/entity/Q60533,http://www.wikidata.org/entity/Q1344163,équipe de France de football des moins de 20 ans,,2008-01-01T00:00:00Z,2009-01-01T00:00:00Z
http://www.wikidata.org/entity/Q60533,http://www.wikidata.org/entity/Q1450557,équipe de France de football des moins de 18 ans,5.0,2006-01-01T00:00:00Z,2007-01-01T00:00:00Z
http://www.wikidata.org/entity/Q60533,http://www.wikidata.org/entity/Q3590033,équipe de France de football des moins de 16 ans,14.0,2004-01-01T00:00:00Z,2005-01-01T00:00:00Z
http://www.wikidata.org/entity/Q60533,http://www.wikidata.org/entity/Q1277549,équipe de France espoirs de football,1.0,2010-01-01T00:00:00Z,2010-01-01T00:00:00Z
http://www.wikidata.org/entity/Q60533,http://www.wikidata.org/entity/Q19512,Football Club Sochaux-Montbéliard,20.0,2008-01-01T00:00:00Z,2011-01-01T00:00:00Z
http://www.wikidata.org/entity/Q60533,http://www.wikidata.org/entity/Q1450568,équipe de France de football des moins de 17 ans,12.0,2005-01-01T00:00:00Z,2006-01-01T00:00:00Z
http://www.wikidata.org/entity/Q60533,http://www.wikidata.org/entity/Q48911,FC Lorient,,2020-07-12T00:00:00Z,
http://www.wikidata.org/entity/Q60533,http://www.wikidata.org/entity/Q290481,ÉFC Fréjus Saint-Raphaël,32.0,2011-01-01T00:00:00Z,2012-01-01T00:00:00Z
http://www.wikidata.org/entity/Q60533,http://www.wikidata.org/entity/Q193377,Stade Malherbe Caen,,2016-08-08T00:00:00Z,2018-07-03T00:00:00Z
http://www.wikidata.org/entity/Q60533,http://www.wikidata.org/entity/Q866884,Amiens SC,,2018-07-03T00:00:00Z,2020-07-12T00:00:00Z
http://www.wikidata.org/entity/Q60533,http://www.wikidata.org/entity/Q501693,ES Troyes AC,,2012-07-12T00:00:00Z,2016-08-08T00:00:00Z
http://www.wikidata.org/entity/Q60606,http://www.wikidata.org/entity/Q501693,ES Troyes AC,,2012-01-01T00:00:00Z,
http://www.wikidata.org/entity/Q60606,http://www.wikidata.org/entity/Q192071,Football Club de Nantes,58.0,2009-01-01T00:00:00Z,2011-01-01T00:00:00Z
http://www.wikidata.org/entity/Q60606,http://www.wikidata.org/entity/Q750437,Xanthi F.C.,13.0,2011-01-01T00:00:00Z,2012-01-01T00:00:00Z
http://www.wikidata.org/entity/Q60606,http://www.wikidata.org/entity/Q19513,Montpellier Hérault SC,70.0,2003-01-01T00:00:00Z,2007-01-01T00:00:00Z
http://www.wikidata.org/entity/Q60606,http://www.wikidata.org/entity/Q1417164,Olympiakos Volos,4.0,2011-01-01T00:00:00Z,2011-01-01T00:00:00Z
http://www.wikidata.org/entity/Q60606,http://www.wikidata.org/entity/Q270051,Athletic club ajaccien,68.0,2007-01-01T00:00:00Z,2009-01-01T00:00:00Z
http://www.wikidata.org/entity/Q61800,http://www.wikidata.org/entity/Q324854,équipe d'Allemagne de football des moins de 19 ans,6.0,2001-01-01T00:00:00Z,2002-01-01T00:00:00Z
http://www.wikidata.org/entity/Q61800,http://www.wikidata.org/entity/Q33748,Hanovre 96,50.0,2009-01-01T00:00:00Z,2013-01-01T00:00:00Z
http://www.wikidata.org/entity/Q61800,http://www.wikidata.org/entity/Q27971,équipe de Tunisie de football,4.0,2009-01-01T00:00:00Z,2013-01-01T00:00:00Z
http://www.wikidata.org/entity/Q61800,http://www.wikidata.org/entity/Q2016992,équipe d'Allemagne de football des moins de 18 ans,4.0,2000-01-01T00:00:00Z,2001-01-01T00:00:00Z
http://www.wikidata.org/entity/Q61800,http://www.wikidata.org/entity/Q920263,Hertha Berliner Sport-Club II,89.0,2003-01-01T00:00:00Z,2009-01-01T00:00:00Z
http://www.wikidata.org/entity/Q61800,http://www.wikidata.org/entity/Q316497,équipe d'Allemagne de football des moins de 20 ans,8.0,2002-01-01T00:00:00Z,2003-01-01T00:00:00Z
http://www.wikidata.org/entity/Q61800,http://www.wikidata.org/entity/Q157352,FSV Francfort,0.0,2014-01-01T00:00:00Z,2014-01-01T00:00:00Z
http://www.wikidata.org/entity/Q61949,http://www.wikidata.org/entity/Q857048,Wits University Football Club,100.0,1996-01-01T00:00:00Z,2001-01-01T00:00:00Z
http://www.wikidata.org/entity/Q61949,http://www.wikidata.org/entity/Q1281608,Supersport United FC,30.0,2011-01-01T00:00:00Z,2014-01-01T00:00:00Z
http://www.wikidata.org/entity/Q61949,http://www.wikidata.org/entity/Q247731,Kaizer Chiefs FC,114.0,2001-01-01T00:00:00Z,2007-01-01T00:00:00Z
http://www.wikidata.org/entity/Q61949,http://www.wikidata.org/entity/Q105844,DSC Arminia Bielefeld,16.0,2007-01-01T00:00:00Z,2011-01-01T00:00:00Z
http://www.wikidata.org/entity/Q61949,http://www.wikidata.org/entity/Q857048,Wits University Football Club,,2014-01-01T00:00:00Z,
http://www.wikidata.org/entity/Q61949,http://www.wikidata.org/entity/Q170327,équipe d'Afrique du Sud de football,23.0,2004-01-01T00:00:00Z,2009-01-01T00:00:00Z
http://www.wikidata.org/entity/Q63676,http://www.wikidata.org/entity/Q666010,SC Verl,31.0,1999-01-01T00:00:00Z,2000-01-01T00:00:00Z
http://www.wikidata.org/entity/Q63676,http://www.wikidata.org/entity/Q822990,équipe d'Allemagne de football B,1.0,2002-01-01T00:00:00Z,2002-01-01T00:00:00Z
http://www.wikidata.org/entity/Q63676,http://www.wikidata.org/entity/Q314851,équipe d'Allemagne espoirs de football,5.0,2000-01-01T00:00:00Z,2001-01-01T00:00:00Z
http://www.wikidata.org/entity/Q63676,http://www.wikidata.org/entity/Q43310,équipe d'Allemagne de football,82.0,2002-01-01T00:00:00Z,2011-01-01T00:00:00Z
http://www.wikidata.org/entity/Q63676,http://www.wikidata.org/entity/Q308683,Fire de Chicago,23.0,2012-01-01T00:00:00Z,2013-01-01T00:00:00Z
http://www.wikidata.org/entity/Q63676,http://www.wikidata.org/entity/Q101859,VfL Wolfsburg,15.0,2010-01-01T00:00:00Z,2011-01-01T00:00:00Z
http://www.wikidata.org/entity/Q63676,http://www.wikidata.org/entity/Q17354166,Team 2006,1.0,2002-01-01T00:00:00Z,2002-01-01T00:00:00Z
http://www.wikidata.org/entity/Q63676,http://www.wikidata.org/entity/Q102720,Hertha BSC,231.0,2002-01-01T00:00:00Z,2010-01-01T00:00:00Z
http://www.wikidata.org/entity/Q63676,http://www.wikidata.org/entity/Q105844,DSC Arminia Bielefeld,47.0,2000-01-01T00:00:00Z,2002-01-01T00:00:00Z
http://www.wikidata.org/entity/Q64074,http://www.wikidata.org/entity/Q43310,équipe d'Allemagne de football,2.0,1985-01-01T00:00:00Z,1985-01-01T00:00:00Z
http://www.wikidata.org/entity/Q64074,http://www.wikidata.org/entity/Q131603,TSV Munich 1860,12.0,1983-01-01T00:00:00Z,1984-01-01T00:00:00Z
http://www.wikidata.org/entity/Q64074,http://www.wikidata.org/entity/Q2016992,équipe d'Allemagne de football des moins de 18 ans,6.0,1984-01-01T00:00:00Z,1984-01-01T00:00:00Z
http://www.wikidata.org/entity/Q64074,http://www.wikidata.org/entity/Q314851,équipe d'Allemagne espoirs de football,16.0,1984-01-01T00:00:00Z,1987-01-01T00:00:00Z
http://www.wikidata.org/entity/Q64074,http://www.wikidata.org/entity/Q158121,SpVgg Unterhaching,21.0,1999-01-01T00:00:00Z,2001-01-01T00:00:00Z
http://www.wikidata.org/entity/Q64074,http://www.wikidata.org/entity/Q223262,FC Lucerne,94.0,1996-01-01T00:00:00Z,1999-01-01T00:00:00Z
http://www.wikidata.org/entity/Q64074,http://www.wikidata.org/entity/Q4512,VfB Stuttgart,139.0,1990-01-01T00:00:00Z,1996-01-01T00:00:00Z
http://www.wikidata.org/entity/Q64074,http://www.wikidata.org/entity/Q15789,Bayern Munich,149.0,1984-01-01T00:00:00Z,1990-01-01T00:00:00Z
http://www.wikidata.org/entity/Q65297,http://www.wikidata.org/entity/Q14118284,Eintracht Frankfurt II,50.0,2008-01-01T00:00:00Z,2010-01-01T00:00:00Z
http://www.wikidata.org/entity/Q65297,http://www.wikidata.org/entity/Q15786,1. FC Nuremberg,95.0,2011-01-01T00:00:00Z,2014-01-01T00:00:00Z
http://www.wikidata.org/entity/Q65297,http://www.wikidata.org/entity/Q4545849,FC Nuremberg II,17.0,2010-01-01T00:00:00Z,2010-01-01T00:00:00Z
http://www.wikidata.org/entity/Q65297,http://www.wikidata.org/entity/Q164134,équipe des États-Unis de football,,2011-01-01T00:00:00Z,
http://www.wikidata.org/entity/Q65297,http://www.wikidata.org/entity/Q38245,Eintracht Francfort,,2014-01-01T00:00:00Z,
http://www.wikidata.org/entity/Q65576,http://www.wikidata.org/entity/Q809139,Barsbütteler SV,,1988-01-01T00:00:00Z,1992-01-01T00:00:00Z
http://www.wikidata.org/entity/Q65576,http://www.wikidata.org/entity/Q819510,SC Concordia Hambourg,,1992-01-01T00:00:00Z,1993-01-01T00:00:00Z
http://www.wikidata.org/entity/Q65576,http://www.wikidata.org/entity/Q6463,FC Sankt Pauli,257.0,1993-01-01T00:00:00Z,2004-01-01T00:00:00Z
http://www.wikidata.org/entity/Q65976,http://www.wikidata.org/entity/Q131603,TSV Munich 1860,129.0,1998-01-01T00:00:00Z,2004-01-01T00:00:00Z
http://www.wikidata.org/entity/Q65976,http://www.wikidata.org/entity/Q666024,SC Pfullendorf,11.0,2004-01-01T00:00:00Z,2005-01-01T00:00:00Z
http://www.wikidata.org/entity/Q65976,http://www.wikidata.org/entity/Q4512,VfB Stuttgart,1.0,1989-01-01T00:00:00Z,1990-01-01T00:00:00Z
http://www.wikidata.org/entity/Q65976,http://www.wikidata.org/entity/Q878710,VfL Sindelfingen,,1988-01-01T00:00:00Z,1989-01-01T00:00:00Z
http://www.wikidata.org/entity/Q65976,http://www.wikidata.org/entity/Q32494,FC Schalke 04,58.0,1995-01-01T00:00:00Z,1998-01-01T00:00:00Z
http://www.wikidata.org/entity/Q65976,http://www.wikidata.org/entity/Q41420,BV 09 Borussia Dortmund,4.0,1994-01-01T00:00:00Z,1995-01-01T00:00:00Z
http://www.wikidata.org/entity/Q65976,http://www.wikidata.org/entity/Q15786,1. FC Nuremberg,108.0,1990-01-01T00:00:00Z,1994-01-01T00:00:00Z
http://www.wikidata.org/entity/Q65992,http://www.wikidata.org/entity/Q240783,Omonia Nicosie,45.0,2002-01-01T00:00:00Z,2004-01-01T00:00:00Z
http://www.wikidata.org/entity/Q65992,http://www.wikidata.org/entity/Q1202757,équipe d'Allemagne olympique de football,2.0,1992-01-01T00:00:00Z,1992-01-01T00:00:00Z
http://www.wikidata.org/entity/Q65992,http://www.wikidata.org/entity/Q4512,VfB Stuttgart,76.0,1995-01-01T00:00:00Z,1998-01-01T00:00:00Z
http://www.wikidata.org/entity/Q65992,http://www.wikidata.org/entity/Q665964,FSV Oggersheim,17.0,2007-01-01T00:00:00Z,2008-01-01T00:00:00Z
http://www.wikidata.org/entity/Q65992,http://www.wikidata.org/entity/Q11979,Unión Deportiva Las Palmas,9.0,1998-01-01T00:00:00Z,1999-01-01T00:00:00Z
http://www.wikidata.org/entity/Q65992,http://www.wikidata.org/entity/Q158121,SpVgg Unterhaching,69.0,1999-01-01T00:00:00Z,2002-01-01T00:00:00Z
http://www.wikidata.org/entity/Q65992,http://www.wikidata.org/entity/Q8466,1. FC Kaiserslautern,139.0,1989-01-01T00:00:00Z,1995-01-01T00:00:00Z
http://www.wikidata.org/entity/Q65992,http://www.wikidata.org/entity/Q43310,équipe d'Allemagne de football,2.0,1995-01-01T00:00:00Z,1995-01-01T00:00:00Z
http://www.wikidata.org/entity/Q65992,http://www.wikidata.org/entity/Q714581,Nea Salamina Famagouste,21.0,2006-01-01T00:00:00Z,2007-01-01T00:00:00Z
http://www.wikidata.org/entity/Q65992,http://www.wikidata.org/entity/Q141688,Anorthosis Famagouste FC,48.0,2004-01-01T00:00:00Z,2006-01-01T00:00:00Z
http://www.wikidata.org/entity/Q65992,http://www.wikidata.org/entity/Q142005,FC Hansa Rostock,2.0,2002-01-01T00:00:00Z,2002-01-01T00:00:00Z
http://www.wikidata.org/entity/Q65992,http://www.wikidata.org/entity/Q314851,équipe d'Allemagne espoirs de football,23.0,1990-01-01T00:00:00Z,1993-01-01T00:00:00Z
http://www.wikidata.org/entity/Q71403,http://www.wikidata.org/entity/Q153539,SpVgg Greuther Fürth,13.0,2003-01-01T00:00:00Z,2004-01-01T00:00:00Z
http://www.wikidata.org/entity/Q71403,http://www.wikidata.org/entity/Q43710,Antalyaspor,119.0,2010-01-01T00:00:00Z,2014-01-01T00:00:00Z
http://www.wikidata.org/entity/Q71403,http://www.wikidata.org/entity/Q513840,Konyaspor,36.0,2014-01-01T00:00:00Z,2016-01-01T00:00:00Z
http://www.wikidata.org/entity/Q71403,http://www.wikidata.org/entity/Q7855039,équipe de Turquie de football A2,1.0,2005-01-01T00:00:00Z,2005-01-01T00:00:00Z
http://www.wikidata.org/entity/Q71403,http://www.wikidata.org/entity/Q483856,équipe de Turquie de football,1.0,2004-01-01T00:00:00Z,2004-01-01T00:00:00Z
http://www.wikidata.org/entity/Q71403,http://www.wikidata.org/entity/Q172567,Beşiktaş JK,40.0,2008-01-01T00:00:00Z,2010-01-01T00:00:00Z
http://www.wikidata.org/entity/Q71403,http://www.wikidata.org/entity/Q128148,Manisaspor,96.0,2004-01-01T00:00:00Z,2008-01-01T00:00:00Z
http://www.wikidata.org/entity/Q76047,http://www.wikidata.org/entity/Q105853,Karlsruher SC,31.0,1998-01-01T00:00:00Z,1999-01-01T00:00:00Z
http://www.wikidata.org/entity/Q76047,http://www.wikidata.org/entity/Q158121,SpVgg Unterhaching,98.0,1999-01-01T00:00:00Z,2002-01-01T00:00:00Z
http://www.wikidata.org/entity/Q76047,http://www.wikidata.org/entity/Q822990,équipe d'Allemagne de football B,3.0,1999-01-01T00:00:00Z,2001-01-01T00:00:00Z
http://www.wikidata.org/entity/Q76047,http://www.wikidata.org/entity/Q994701,FC Bayern München II,47.0,2009-01-01T00:00:00Z,2012-01-01T00:00:00Z
http://www.wikidata.org/entity/Q76047,http://www.wikidata.org/entity/Q131603,TSV Munich 1860,26.0,2002-01-01T00:00:00Z,2004-01-01T00:00:00Z
http://www.wikidata.org/entity/Q76047,http://www.wikidata.org/entity/Q4512,VfB Stuttgart,28.0,1995-01-01T00:00:00Z,1998-01-01T00:00:00Z
http://www.wikidata.org/entity/Q76047,http://www.wikidata.org/entity/Q105853,Karlsruher SC,56.0,2004-01-01T00:00:00Z,2006-01-01T00:00:00Z
http://www.wikidata.org/entity/Q76047,http://www.wikidata.org/entity/Q131603,TSV Munich 1860,68.0,2006-01-01T00:00:00Z,2009-01-01T00:00:00Z
http://www.wikidata.org/entity/Q76047,http://www.wikidata.org/entity/Q314851,équipe d'Allemagne espoirs de football,2.0,1998-01-01T00:00:00Z,1998-01-01T00:00:00Z
http://www.wikidata.org/entity/Q76050,http://www.wikidata.org/entity/Q102720,Hertha BSC,73.0,1997-07-01T00:00:00Z,2000-07-01T00:00:00Z
http://www.wikidata.org/entity/Q76050,http://www.wikidata.org/entity/Q152424,équipe d'Allemagne de l'Est de football,7.0,1990-01-01T00:00:00Z,1990-01-01T00:00:00Z
http://www.wikidata.org/entity/Q76050,http://www.wikidata.org/entity/Q158121,SpVgg Unterhaching,23.0,2000-01-01T00:00:00Z,2002-01-01T00:00:00Z
http://www.wikidata.org/entity/Q76050,http://www.wikidata.org/entity/Q32494,FC Schalke 04,73.0,1991-01-01T00:00:00Z,1995-01-01T00:00:00Z
http://www.wikidata.org/entity/Q76050,http://www.wikidata.org/entity/Q4512,VfB Stuttgart,44.0,1995-01-01T00:00:00Z,1997-01-01T00:00:00Z
http://www.wikidata.org/entity/Q76050,http://www.wikidata.org/entity/Q159930,BFC Dynamo,63.0,1986-01-01T00:00:00Z,1991-01-01T00:00:00Z
http://www.wikidata.org/entity/Q76050,http://www.wikidata.org/entity/Q323815,équipe d'Allemagne de l'Est de football des moins de 21 ans,1.0,1989-01-01T00:00:00Z,1989-01-01T00:00:00Z
http://www.wikidata.org/entity/Q79100,http://www.wikidata.org/entity/Q673651,SC-ESV Parndorf,11.0,2005-01-01T00:00:00Z,2005-01-01T00:00:00Z
http://www.wikidata.org/entity/Q79100,http://www.wikidata.org/entity/Q131215,Rapid Vienne,107.0,1992-01-01T00:00:00Z,1997-01-01T00:00:00Z
http://www.wikidata.org/entity/Q79100,http://www.wikidata.org/entity/Q189275,équipe d'Union soviétique de football,4.0,1992-01-01T00:00:00Z,1992-01-01T00:00:00Z
http://www.wikidata.org/entity/Q79100,http://www.wikidata.org/entity/Q1580314,CSKA-Pamir Dushanbe,38.0,1990-01-01T00:00:00Z,1992-01-01T00:00:00Z
http://www.wikidata.org/entity/Q79100,http://www.wikidata.org/entity/Q263320,SV Mattersburg,47.0,2003-01-01T00:00:00Z,2005-01-01T00:00:00Z
http://www.wikidata.org/entity/Q79100,http://www.wikidata.org/entity/Q102720,Hertha BSC,37.0,1997-01-01T00:00:00Z,2000-01-01T00:00:00Z
http://www.wikidata.org/entity/Q79100,http://www.wikidata.org/entity/Q105861,VfL Bochum,56.0,2000-01-01T00:00:00Z,2003-01-01T00:00:00Z
http://www.wikidata.org/entity/Q79100,http://www.wikidata.org/entity/Q386139,équipe du Tadjikistan de football,1.0,1992-01-01T00:00:00Z,1992-01-01T00:00:00Z
http://www.wikidata.org/entity/Q79100,http://www.wikidata.org/entity/Q726080,équipe de Russie de football,1.0,1994-01-01T00:00:00Z,1994-01-01T00:00:00Z
http://www.wikidata.org/entity/Q79100,http://www.wikidata.org/entity/Q1627564,Khatlon Qurghonteppa,57.0,1987-01-01T00:00:00Z,1990-01-01T00:00:00Z
http://www.wikidata.org/entity/Q79100,http://www.wikidata.org/entity/Q721418,équipe de CEI de football,4.0,1992-01-01T00:00:00Z,1992-01-01T00:00:00Z
http://www.wikidata.org/entity/Q80937,http://www.wikidata.org/entity/Q136433,PFC CSKA Sofia,9.0,2001-01-01T00:00:00Z,2002-01-01T00:00:00Z
http://www.wikidata.org/entity/Q80937,http://www.wikidata.org/entity/Q332537,Corporación Deportes Quindío,30.0,2011-01-01T00:00:00Z,2012-01-01T00:00:00Z
http://www.wikidata.org/entity/Q80937,http://www.wikidata.org/entity/Q212564,équipe de Colombie de football,27.0,1995-01-01T00:00:00Z,2000-01-01T00:00:00Z
http://www.wikidata.org/entity/Q80937,http://www.wikidata.org/entity/Q1424072,Santa Fe Corporación Deportiva,,2002-01-01T00:00:00Z,2002-01-01T00:00:00Z
http://www.wikidata.org/entity/Q80937,http://www.wikidata.org/entity/Q692856,Shonan Bellmare,12.0,2003-01-01T00:00:00Z,2003-01-01T00:00:00Z
http://www.wikidata.org/entity/Q80937,http://www.wikidata.org/entity/Q663400,Deportivo Cali,61.0,1992-01-01T00:00:00Z,1997-01-01T00:00:00Z
http://www.wikidata.org/entity/Q80937,http://www.wikidata.org/entity/Q249612,Club Sport Emelec,25.0,2004-01-01T00:00:00Z,2004-01-01T00:00:00Z
http://www.wikidata.org/entity/Q80937,http://www.wikidata.org/entity/Q2617893,Corporación Club Deportivo Tuluá,3.0,2003-01-01T00:00:00Z,2003-01-01T00:00:00Z
http://www.wikidata.org/entity/Q80937,http://www.wikidata.org/entity/Q725367,Shanghai Shenhua FC,42.0,2007-01-01T00:00:00Z,2008-01-01T00:00:00Z
http://www.wikidata.org/entity/Q80937,http://www.wikidata.org/entity/Q12158,Club Deportivo Numancia,16.0,2005-01-01T00:00:00Z,2005-01-01T00:00:00Z
http://www.wikidata.org/entity/Q80937,http://www.wikidata.org/entity/Q584316,Danubio Fútbol Club,10.0,2009-01-01T00:00:00Z,2010-01-01T00:00:00Z
http://www.wikidata.org/entity/Q80937,http://www.wikidata.org/entity/Q131378,APOEL Nicosie,15.0,2004-01-01T00:00:00Z,2004-01-01T00:00:00Z
http://www.wikidata.org/entity/Q80937,http://www.wikidata.org/entity/Q663400,Deportivo Cali,5.0,2005-01-01T00:00:00Z,2005-01-01T00:00:00Z
http://www.wikidata.org/entity/Q80937,http://www.wikidata.org/entity/Q18661,Middlesbrough FC,115.0,1997-01-01T00:00:00Z,2001-01-01T00:00:00Z
http://www.wikidata.org/entity/Q80937,http://www.wikidata.org/entity/Q584316,Danubio Fútbol Club,25.0,2006-01-01T00:00:00Z,2007-01-01T00:00:00Z
http://www.wikidata.org/entity/Q80937,http://www.wikidata.org/entity/Q2617893,Corporación Club Deportivo Tuluá,11.0,2012-01-01T00:00:00Z,2013-01-01T00:00:00Z
http://www.wikidata.org/entity/Q80937,http://www.wikidata.org/entity/Q2317166,Club Deportes Concepción,16.0,2010-01-01T00:00:00Z,2011-01-01T00:00:00Z
http://www.wikidata.org/entity/Q81583,http://www.wikidata.org/entity/Q608988,CS Sedan Ardennes,155.0,2002-01-01T00:00:00Z,2007-01-01T00:00:00Z
http://www.wikidata.org/entity/Q81583,http://www.wikidata.org/entity/Q627334,Gazélec FC Ajaccio,,2014-01-01T00:00:00Z,
http://www.wikidata.org/entity/Q81583,http://www.wikidata.org/entity/Q212269,Valenciennes FC,218.0,2007-01-01T00:00:00Z,2014-01-01T00:00:00Z
http://www.wikidata.org/entity/Q81583,http://www.wikidata.org/entity/Q208228,Stade de Reims,88.0,2000-01-01T00:00:00Z,2002-01-01T00:00:00Z
http://www.wikidata.org/entity/Q81583,http://www.wikidata.org/entity/Q208399,SC Bastia,2.0,1998-01-01T00:00:00Z,2000-01-01T00:00:00Z
http://www.wikidata.org/entity/Q81586,http://www.wikidata.org/entity/Q208399,SC Bastia,,1997-01-01T00:00:00Z,2006-01-01T00:00:00Z
http://www.wikidata.org/entity/Q81586,http://www.wikidata.org/entity/Q212269,Valenciennes FC,266.0,2006-01-01T00:00:00Z,2014-01-01T00:00:00Z
http://www.wikidata.org/entity/Q81586,http://www.wikidata.org/entity/Q1344163,équipe de France de football des moins de 20 ans,11.0,2001-01-01T00:00:00Z,2002-01-01T00:00:00Z
http://www.wikidata.org/entity/Q81586,http://www.wikidata.org/entity/Q19585,Royal Charleroi SC,,2014-01-01T00:00:00Z,
http://www.wikidata.org/entity/Q81586,http://www.wikidata.org/entity/Q2288370,équipe de Corse de football,,2009-01-01T00:00:00Z,
http://www.wikidata.org/entity/Q81586,http://www.wikidata.org/entity/Q1277549,équipe de France espoirs de football,12.0,2002-01-01T00:00:00Z,2003-01-01T00:00:00Z
http://www.wikidata.org/entity/Q83494,http://www.wikidata.org/entity/Q1049171,équipe d'Angleterre de football des moins de 18 ans,1.0,2005-01-01T00:00:00Z,2005-01-01T00:00:00Z
http://www.wikidata.org/entity/Q83494,http://www.wikidata.org/entity/Q204238,équipe d'Angleterre espoirs de football,16.0,2007-01-01T00:00:00Z,2010-01-01T00:00:00Z
http://www.wikidata.org/entity/Q83494,http://www.wikidata.org/entity/Q4201740,équipe d'Angleterre de football des moins de 16 ans,1.0,2003-01-01T00:00:00Z,2003-01-01T00:00:00Z
http://www.wikidata.org/entity/Q83494,http://www.wikidata.org/entity/Q2752922,Équipe d'Angleterre des moins de 17 ans de football,4.0,2004-01-01T00:00:00Z,2004-01-01T00:00:00Z
http://www.wikidata.org/entity/Q83494,http://www.wikidata.org/entity/Q18739,Sunderland AFC,,2009-01-01T00:00:00Z,
http://www.wikidata.org/entity/Q83494,http://www.wikidata.org/entity/Q2358861,équipe d'Angleterre de football des moins de 19 ans,1.0,2006-01-01T00:00:00Z,2006-01-01T00:00:00Z
http://www.wikidata.org/entity/Q83494,http://www.wikidata.org/entity/Q18750,Wigan Athletic FC,33.0,2008-01-01T00:00:00Z,2009-01-01T00:00:00Z
http://www.wikidata.org/entity/Q83494,http://www.wikidata.org/entity/Q18661,Middlesbrough FC,69.0,2005-01-01T00:00:00Z,2008-01-01T00:00:00Z
http://www.wikidata.org/entity/Q84077,http://www.wikidata.org/entity/Q188430,FC Copenhague,,2014-01-31T00:00:00Z,2017-07-01T00:00:00Z
http://www.wikidata.org/entity/Q84077,http://www.wikidata.org/entity/Q1270152,équipe du Danemark espoirs de football,,2012-01-01T00:00:00Z,
http://www.wikidata.org/entity/Q84077,http://www.wikidata.org/entity/Q172476,Girondins de Bordeaux,,2018-08-31T00:00:00Z,2019-06-30T00:00:00Z
http://www.wikidata.org/entity/Q84077,http://www.wikidata.org/entity/Q3873525,équipe du Danemark de football des moins de 19 ans,14.0,2011-01-01T00:00:00Z,2012-01-01T00:00:00Z
http://www.wikidata.org/entity/Q84077,http://www.wikidata.org/entity/Q1270129,équipe du Danemark de football des moins de 18 ans,6.0,2010-01-01T00:00:00Z,2011-01-01T00:00:00Z
http://www.wikidata.org/entity/Q84077,http://www.wikidata.org/entity/Q131785,équipe du Danemark de football,,2012-01-01T00:00:00Z,
http://www.wikidata.org/entity/Q84077,http://www.wikidata.org/entity/Q188430,FC Copenhague,34.0,2012-07-01T00:00:00Z,2013-07-01T00:00:00Z
http://www.wikidata.org/entity/Q84077,http://www.wikidata.org/entity/Q3873525,équipe du Danemark de football des moins de 19 ans,6.0,2010-01-01T00:00:00Z,2011-01-01T00:00:00Z
http://www.wikidata.org/entity/Q84077,http://www.wikidata.org/entity/Q18662,Cardiff City F.C.,8.0,2013-07-01T00:00:00Z,2014-01-31T00:00:00Z
http://www.wikidata.org/entity/Q84077,http://www.wikidata.org/entity/Q1886,Atalanta Bergame,,2017-07-01T00:00:00Z,
http://www.wikidata.org/entity/Q88166,http://www.wikidata.org/entity/Q216661,Club Deportivo Tenerife,6.0,2005-01-01T00:00:00Z,2006-01-01T00:00:00Z
http://www.wikidata.org/entity/Q88166,http://www.wikidata.org/entity/Q5549362,Unión Deportiva Ibarra,,2015-01-01T00:00:00Z,
http://www.wikidata.org/entity/Q88166,http://www.wikidata.org/entity/Q2400254,Caravaca CF,32.0,2009-01-01T00:00:00Z,2010-01-01T00:00:00Z
http://www.wikidata.org/entity/Q88166,http://www.wikidata.org/entity/Q216661,Club Deportivo Tenerife,18.0,2001-01-01T00:00:00Z,2004-01-01T00:00:00Z
http://www.wikidata.org/entity/Q88166,http://www.wikidata.org/entity/Q1784474,UD Lanzarote,34.0,2006-01-01T00:00:00Z,2007-01-01T00:00:00Z
http://www.wikidata.org/entity/Q88166,http://www.wikidata.org/entity/Q239049,Lorca Deportiva CF,31.0,2008-01-01T00:00:00Z,2009-01-01T00:00:00Z
http://www.wikidata.org/entity/Q88166,http://www.wikidata.org/entity/Q544120,Zamora CF,34.0,2007-01-01T00:00:00Z,2008-01-01T00:00:00Z
http://www.wikidata.org/entity/Q88166,http://www.wikidata.org/entity/Q580953,Universidad Las Palmas CF,11.0,2004-01-01T00:00:00Z,2005-01-01T00:00:00Z
http://www.wikidata.org/entity/Q88166,http://www.wikidata.org/entity/Q2088196,CD Marino,67.0,2012-01-01T00:00:00Z,2015-01-01T00:00:00Z
http://www.wikidata.org/entity/Q88166,http://www.wikidata.org/entity/Q5549362,Unión Deportiva Ibarra,64.0,2001-01-01T00:00:00Z,2003-01-01T00:00:00Z
http://www.wikidata.org/entity/Q88166,http://www.wikidata.org/entity/Q1038858,Lorca Atlético CF,59.0,2010-01-01T00:00:00Z,2012-01-01T00:00:00Z
http://www.wikidata.org/entity/Q89266,http://www.wikidata.org/entity/Q2385162,TSV Hertha Walheim,,2011-01-01T00:00:00Z,2012-01-01T00:00:00Z
http://www.wikidata.org/entity/Q89266,http://www.wikidata.org/entity/Q894277,Borussia Freialdenhoven,15.0,2005-01-01T00:00:00Z,2005-01-01T00:00:00Z
http://www.wikidata.org/entity/Q89266,http://www.wikidata.org/entity/Q153535,Alemannia Aix-la-Chapelle,73.0,2005-01-01T00:00:00Z,2010-01-01T00:00:00Z
http://www.wikidata.org/entity/Q89266,http://www.wikidata.org/entity/Q18589556,Kohlscheider BC,,2014-01-01T00:00:00Z,
http://www.wikidata.org/entity/Q92125,http://www.wikidata.org/entity/Q142005,FC Hansa Rostock,14.0,2008-01-01T00:00:00Z,2008-01-01T00:00:00Z
http://www.wikidata.org/entity/Q92125,http://www.wikidata.org/entity/Q160530,VfL Osnabrück,,2014-01-01T00:00:00Z,
http://www.wikidata.org/entity/Q92125,http://www.wikidata.org/entity/Q316865,SC Preußen Münster,16.0,2012-01-01T00:00:00Z,2013-01-01T00:00:00Z
http://www.wikidata.org/entity/Q92125,http://www.wikidata.org/entity/Q826212,VfB Oldenburg,32.0,2013-01-01T00:00:00Z,2014-01-01T00:00:00Z
http://www.wikidata.org/entity/Q92125,http://www.wikidata.org/entity/Q4107588,SV Werder Bremen II,43.0,2009-01-01T00:00:00Z,2010-01-01T00:00:00Z
http://www.wikidata.org/entity/Q92125,http://www.wikidata.org/entity/Q160530,VfL Osnabrück,110.0,2001-01-01T00:00:00Z,2007-01-01T00:00:00Z
http://www.wikidata.org/entity/Q92125,http://www.wikidata.org/entity/Q310621,SV Wehen Wiesbaden,44.0,2010-01-01T00:00:00Z,2012-01-01T00:00:00Z
http://www.wikidata.org/entity/Q92125,http://www.wikidata.org/entity/Q270080,équipe de république démocratique du Congo de football,2.0,2010-01-01T00:00:00Z,2010-01-01T00:00:00Z
http://www.wikidata.org/entity/Q92125,http://www.wikidata.org/entity/Q142005,FC Hansa Rostock,16.0,2007-01-01T00:00:00Z,2008-01-01T00:00:00Z
http://www.wikidata.org/entity/Q93548,http://www.wikidata.org/entity/Q190978,équipe d'Irlande du Nord de football,,2014-01-01T00:00:00Z,
http://www.wikidata.org/entity/Q71403,http://www.wikidata.org/entity/Q24719,Roda JC,,2016-01-01T00:00:00Z,
http://www.wikidata.org/entity/Q71403,http://www.wikidata.org/entity/Q153535,Alemannia Aix-la-Chapelle,53.0,1999-01-01T00:00:00Z,2001-01-01T00:00:00Z
http://www.wikidata.org/entity/Q71403,http://www.wikidata.org/entity/Q7855167,équipe de Turquie de football des moins de 19 ans,1.0,2000-01-01T00:00:00Z,2000-01-01T00:00:00Z
http://www.wikidata.org/entity/Q71403,http://www.wikidata.org/entity/Q1624749,équipe de Turquie espoirs de football,19.0,2000-01-01T00:00:00Z,2003-01-01T00:00:00Z
http://www.wikidata.org/entity/Q71403,http://www.wikidata.org/entity/Q6463,FC Sankt Pauli,48.0,2001-01-01T00:00:00Z,2003-01-01T00:00:00Z
http://www.wikidata.org/entity/Q72214,http://www.wikidata.org/entity/Q15786,1. FC Nuremberg,63.0,2011-01-02T00:00:00Z,2014-07-01T00:00:00Z
http://www.wikidata.org/entity/Q72214,http://www.wikidata.org/entity/Q314851,équipe d'Allemagne espoirs de football,7.0,2012-01-01T00:00:00Z,2014-01-01T00:00:00Z
http://www.wikidata.org/entity/Q72214,http://www.wikidata.org/entity/Q319699,équipe d'Allemagne des moins de 17 ans de football,24.0,2008-01-01T00:00:00Z,2009-01-01T00:00:00Z
http://www.wikidata.org/entity/Q72214,http://www.wikidata.org/entity/Q4545849,FC Nuremberg II,46.0,2010-01-01T00:00:00Z,2011-01-01T00:00:00Z
http://www.wikidata.org/entity/Q72214,http://www.wikidata.org/entity/Q324854,équipe d'Allemagne de football des moins de 19 ans,12.0,2010-01-01T00:00:00Z,2011-01-01T00:00:00Z
http://www.wikidata.org/entity/Q72214,http://www.wikidata.org/entity/Q102720,Hertha BSC,215.0,2014-07-01T00:00:00Z,2023-01-01T00:00:00Z
http://www.wikidata.org/entity/Q72214,http://www.wikidata.org/entity/Q316497,équipe d'Allemagne de football des moins de 20 ans,7.0,2011-01-01T00:00:00Z,2012-01-01T00:00:00Z
http://www.wikidata.org/entity/Q72214,http://www.wikidata.org/entity/Q2016992,équipe d'Allemagne de football des moins de 18 ans,6.0,2009-01-01T00:00:00Z,2010-01-01T00:00:00Z
http://www.wikidata.org/entity/Q72886,http://www.wikidata.org/entity/Q172567,Beşiktaş JK,43.0,2006-01-01T00:00:00Z,2008-01-01T00:00:00Z
http://www.wikidata.org/entity/Q72886,http://www.wikidata.org/entity/Q35933,Corinthians Paulista,81.0,1998-01-01T00:00:00Z,2002-01-01T00:00:00Z
http://www.wikidata.org/entity/Q72886,http://www.wikidata.org/entity/Q172476,Girondins de Bordeaux,18.0,1997-01-01T00:00:00Z,1998-01-01T00:00:00Z
http://www.wikidata.org/entity/Q72886,http://www.wikidata.org/entity/Q270995,Atlético Mineiro,41.0,2009-01-01T00:00:00Z,2011-01-01T00:00:00Z
http://www.wikidata.org/entity/Q72886,http://www.wikidata.org/entity/Q18661,Middlesbrough FC,0.0,2004-01-01T00:00:00Z,2004-01-01T00:00:00Z
http://www.wikidata.org/entity/Q72886,http://www.wikidata.org/entity/Q198032,EC Bahia,21.0,2011-01-01T00:00:00Z,2012-01-01T00:00:00Z
http://www.wikidata.org/entity/Q72886,http://www.wikidata.org/entity/Q38568,São Paulo FC,39.0,2002-01-01T00:00:00Z,2004-01-01T00:00:00Z
http://www.wikidata.org/entity/Q72886,http://www.wikidata.org/entity/Q83459,équipe du Brésil de football,,1996-01-01T00:00:00Z,2006-01-01T00:00:00Z
http://www.wikidata.org/entity/Q72886,http://www.wikidata.org/entity/Q198032,EC Bahia,21.0,2011-01-01T00:00:00Z,2011-01-01T00:00:00Z
http://www.wikidata.org/entity/Q72886,http://www.wikidata.org/entity/Q80955,Santos FC,72.0,2004-01-01T00:00:00Z,2005-01-01T00:00:00Z
http://www.wikidata.org/entity/Q72886,http://www.wikidata.org/entity/Q311268,Al-Rayyan SC,24.0,2008-01-01T00:00:00Z,2009-01-01T00:00:00Z
http://www.wikidata.org/entity/Q72886,http://www.wikidata.org/entity/Q838534,Paraná Clube,29.0,1995-01-01T00:00:00Z,1997-01-01T00:00:00Z
http://www.wikidata.org/entity/Q72886,http://www.wikidata.org/entity/Q172567,Beşiktaş JK,,2006-01-01T00:00:00Z,2008-01-01T00:00:00Z
http://www.wikidata.org/entity/Q72886,http://www.wikidata.org/entity/Q35933,Corinthians Paulista,8.0,2006-01-01T00:00:00Z,2006-01-01T00:00:00Z
http://www.wikidata.org/entity/Q73898,http://www.wikidata.org/entity/Q18721,Norwich City FC,109.0,2007-01-01T00:00:00Z,2013-01-01T00:00:00Z
http://www.wikidata.org/entity/Q73898,http://www.wikidata.org/entity/Q19607,Sheffield United FC,9.0,2013-01-01T00:00:00Z,2014-01-01T00:00:00Z
http://www.wikidata.org/entity/Q73898,http://www.wikidata.org/entity/Q268776,Saint Johnstone Football Club,,2014-01-01T00:00:00Z,
http://www.wikidata.org/entity/Q73898,http://www.wikidata.org/entity/Q319136,St Mirren Football Club,152.0,1997-01-01T00:00:00Z,2007-01-01T00:00:00Z
http://www.wikidata.org/entity/Q73898,http://www.wikidata.org/entity/Q18662,Cardiff City F.C.,2.0,2012-01-01T00:00:00Z,2013-01-01T00:00:00Z
http://www.wikidata.org/entity/Q73898,http://www.wikidata.org/entity/Q18662,Cardiff City F.C.,0.0,2013-01-01T00:00:00Z,2014-01-01T00:00:00Z
http://www.wikidata.org/entity/Q73898,http://www.wikidata.org/entity/Q1812121,équipe d'Écosse espoirs de football,10.0,2004-01-01T00:00:00Z,2005-01-01T00:00:00Z
http://www.wikidata.org/entity/Q73898,http://www.wikidata.org/entity/Q216523,Motherwell Football Club,14.0,2008-01-01T00:00:00Z,2008-01-01T00:00:00Z
http://www.wikidata.org/entity/Q74112,http://www.wikidata.org/entity/Q212269,Valenciennes FC,366.0,2002-01-01T00:00:00Z,2014-01-01T00:00:00Z
http://www.wikidata.org/entity/Q74112,http://www.wikidata.org/entity/Q2948398,Entente Feignies Aulnoye Football Club,,2015-01-01T00:00:00Z,
http://www.wikidata.org/entity/Q74112,http://www.wikidata.org/entity/Q784311,Royal White Star Bruxelles,,2015-01-01T00:00:00Z,
http://www.wikidata.org/entity/Q74112,http://www.wikidata.org/entity/Q298267,AS Cannes,7.0,2000-01-01T00:00:00Z,2002-01-01T00:00:00Z
http://www.wikidata.org/entity/Q74178,http://www.wikidata.org/entity/Q34044,équipe d'Écosse de football,46.0,2008-01-01T00:00:00Z,2017-01-01T00:00:00Z
http://www.wikidata.org/entity/Q74178,http://www.wikidata.org/entity/Q18661,Middlesbrough FC,66.0,2004-01-01T00:00:00Z,2007-01-01T00:00:00Z
http://www.wikidata.org/entity/Q74178,http://www.wikidata.org/entity/Q1049176,équipe d'Angleterre de football des moins de 20 ans,1.0,2005-01-01T00:00:00Z,2005-01-01T00:00:00Z
http://www.wikidata.org/entity/Q74178,http://www.wikidata.org/entity/Q1049171,équipe d'Angleterre de football des moins de 18 ans,2.0,2004-01-01T00:00:00Z,2004-01-01T00:00:00Z
http://www.wikidata.org/entity/Q74178,http://www.wikidata.org/entity/Q2752922,Équipe d'Angleterre des moins de 17 ans de football,6.0,2002-01-01T00:00:00Z,2003-01-01T00:00:00Z
http://www.wikidata.org/entity/Q74178,http://www.wikidata.org/entity/Q18744,West Bromwich Albion,309.0,2007-01-01T00:00:00Z,2019-01-01T00:00:00Z
http://www.wikidata.org/entity/Q74178,http://www.wikidata.org/entity/Q2358861,équipe d'Angleterre de football des moins de 19 ans,8.0,2004-01-01T00:00:00Z,2005-01-01T00:00:00Z
http://www.wikidata.org/entity/Q74311,http://www.wikidata.org/entity/Q48948,Port Vale FC,5.0,2011-01-01T00:00:00Z,2011-02-01T00:00:00Z
http://www.wikidata.org/entity/Q74311,http://www.wikidata.org/entity/Q1672798,équipe d'Irlande espoirs de football,6.0,2008-01-01T00:00:00Z,2009-01-01T00:00:00Z
http://www.wikidata.org/entity/Q74311,http://www.wikidata.org/entity/Q48935,Chesterfield Football Club,7.0,2012-01-01T00:00:00Z,2013-01-01T00:00:00Z
http://www.wikidata.org/entity/Q74311,http://www.wikidata.org/entity/Q629300,Home Farm Football Club,2.0,2006-01-01T00:00:00Z,2006-01-01T00:00:00Z
http://www.wikidata.org/entity/Q74311,http://www.wikidata.org/entity/Q945043,Galway United Football Club,48.0,2008-01-01T00:00:00Z,2009-01-01T00:00:00Z
http://www.wikidata.org/entity/Q74311,http://www.wikidata.org/entity/Q902962,Bray Wanderers Association Football Club,35.0,2006-01-01T00:00:00Z,2007-01-01T00:00:00Z
http://www.wikidata.org/entity/Q74311,http://www.wikidata.org/entity/Q18661,Middlesbrough FC,2.0,2010-03-01T00:00:00Z,2010-05-01T00:00:00Z
http://www.wikidata.org/entity/Q74311,http://www.wikidata.org/entity/Q48935,Chesterfield Football Club,173.0,2013-01-01T00:00:00Z,2017-01-01T00:00:00Z
http://www.wikidata.org/entity/Q74311,http://www.wikidata.org/entity/Q248188,Milton Keynes Dons Football Club,39.0,2011-07-01T00:00:00Z,2013-01-01T00:00:00Z
http://www.wikidata.org/entity/Q74311,http://www.wikidata.org/entity/Q7314484,équipe d'Irlande de football des moins de 23 ans,1.0,2008-01-01T00:00:00Z,2008-01-01T00:00:00Z
http://www.wikidata.org/entity/Q74311,http://www.wikidata.org/entity/Q9426,Stevenage FC,5.0,2010-10-01T00:00:00Z,2011-01-01T00:00:00Z
http://www.wikidata.org/entity/Q74311,http://www.wikidata.org/entity/Q16841704,équipe d'Irlande de football des moins de 20 ans,5.0,2006-01-01T00:00:00Z,2007-01-01T00:00:00Z
http://www.wikidata.org/entity/Q74311,http://www.wikidata.org/entity/Q19444,Birmingham City FC,1.0,2009-01-01T00:00:00Z,2011-01-01T00:00:00Z
http://www.wikidata.org/entity/Q74453,http://www.wikidata.org/entity/Q113000,FC Malines,18.0,2013-01-01T00:00:00Z,2014-01-01T00:00:00Z
http://www.wikidata.org/entity/Q74453,http://www.wikidata.org/entity/Q265570,SSV Jahn Ratisbonne,28.0,2012-01-01T00:00:00Z,2013-01-01T00:00:00Z
http://www.wikidata.org/entity/Q74453,http://www.wikidata.org/entity/Q15786,1. FC Nuremberg,5.0,2011-01-01T00:00:00Z,2013-01-01T00:00:00Z
http://www.wikidata.org/entity/Q74453,http://www.wikidata.org/entity/Q124007617,SK Sturm Graz,,2015-01-01T00:00:00Z,
http://www.wikidata.org/entity/Q74453,http://www.wikidata.org/entity/Q4545849,FC Nuremberg II,24.0,2011-01-01T00:00:00Z,2013-01-01T00:00:00Z
http://www.wikidata.org/entity/Q74453,http://www.wikidata.org/entity/Q16637410,TSG 1899 Hoffenheim II,40.0,2009-01-01T00:00:00Z,2011-01-01T00:00:00Z
http://www.wikidata.org/entity/Q74453,http://www.wikidata.org/entity/Q270080,équipe de république démocratique du Congo de football,,2010-01-01T00:00:00Z,
http://www.wikidata.org/entity/Q75181,http://www.wikidata.org/entity/Q297363,Association sportive et culturelle Jeanne d'Arc,22.0,1996-01-01T00:00:00Z,1997-01-01T00:00:00Z
http://www.wikidata.org/entity/Q75181,http://www.wikidata.org/entity/Q7924284,VfL Bochum II,1.0,2005-01-01T00:00:00Z,2006-01-01T00:00:00Z
http://www.wikidata.org/entity/Q75181,http://www.wikidata.org/entity/Q782387,FC Oberneuland,27.0,1999-01-01T00:00:00Z,2000-01-01T00:00:00Z
http://www.wikidata.org/entity/Q75181,http://www.wikidata.org/entity/Q159936,Kickers Offenbach,13.0,2006-01-01T00:00:00Z,2006-01-01T00:00:00Z
http://www.wikidata.org/entity/Q75181,http://www.wikidata.org/entity/Q15755,FC Augsbourg,40.0,2006-01-01T00:00:00Z,2008-01-01T00:00:00Z
http://www.wikidata.org/entity/Q75181,http://www.wikidata.org/entity/Q131209,FK Austria Vienne,47.0,2008-01-01T00:00:00Z,2010-01-01T00:00:00Z
http://www.wikidata.org/entity/Q75181,http://www.wikidata.org/entity/Q105844,DSC Arminia Bielefeld,60.0,2000-01-01T00:00:00Z,2003-01-01T00:00:00Z
http://www.wikidata.org/entity/Q75181,http://www.wikidata.org/entity/Q665920,VfB Lübeck,19.0,2012-01-01T00:00:00Z,2013-01-01T00:00:00Z
http://www.wikidata.org/entity/Q75181,http://www.wikidata.org/entity/Q665920,VfB Lübeck,19.0,2012-01-01T00:00:00Z,2012-01-01T00:00:00Z
http://www.wikidata.org/entity/Q75181,http://www.wikidata.org/entity/Q207441,équipe du Sénégal de football,7.0,2001-01-01T00:00:00Z,2003-01-01T00:00:00Z
http://www.wikidata.org/entity/Q75181,http://www.wikidata.org/entity/Q160530,VfL Osnabrück,12.0,2010-01-01T00:00:00Z,2011-01-01T00:00:00Z
http://www.wikidata.org/entity/Q75181,http://www.wikidata.org/entity/Q757170,Atlas Delmenhorst,14.0,1997-01-01T00:00:00Z,1997-01-01T00:00:00Z
http://www.wikidata.org/entity/Q75181,http://www.wikidata.org/entity/Q105861,VfL Bochum,44.0,2003-01-01T00:00:00Z,2006-01-01T00:00:00Z
http://www.wikidata.org/entity/Q75517,http://www.wikidata.org/entity/Q19637,Tranmere Rovers FC,10.0,2013-01-01T00:00:00Z,2013-01-01T00:00:00Z
http://www.wikidata.org/entity/Q75517,http://www.wikidata.org/entity/Q211733,équipe du Mali de football,14.0,2002-01-01T00:00:00Z,2008-01-01T00:00:00Z
http://www.wikidata.org/entity/Q75517,http://www.wikidata.org/entity/Q48943,Gillingham Football Club,106.0,2002-01-01T00:00:00Z,2005-01-01T00:00:00Z
http://www.wikidata.org/entity/Q75517,http://www.wikidata.org/entity/Q18659,Swansea City AFC,31.0,2001-01-01T00:00:00Z,2002-01-01T00:00:00Z
http://www.wikidata.org/entity/Q75517,http://www.wikidata.org/entity/Q19498,Sheffield Wednesday FC,9.0,2012-01-01T00:00:00Z,2013-01-01T00:00:00Z
http://www.wikidata.org/entity/Q75517,http://www.wikidata.org/entity/Q136433,PFC CSKA Sofia,11.0,2013-01-01T00:00:00Z,2013-01-01T00:00:00Z
http://www.wikidata.org/entity/Q75517,http://www.wikidata.org/entity/Q18736,Stoke City FC,168.0,2005-01-01T00:00:00Z,2013-01-01T00:00:00Z
http://www.wikidata.org/entity/Q75650,http://www.wikidata.org/entity/Q738917,équipe de Hongrie de football des moins de 19 ans,6.0,2009-01-01T00:00:00Z,2009-01-01T00:00:00Z
http://www.wikidata.org/entity/Q75650,http://www.wikidata.org/entity/Q170561,équipe de Hongrie de football,,2014-01-01T00:00:00Z,
http://www.wikidata.org/entity/Q75650,http://www.wikidata.org/entity/Q385222,équipe de Hongrie espoirs de football,13.0,2010-01-01T00:00:00Z,2012-01-01T00:00:00Z
http://www.wikidata.org/entity/Q75650,http://www.wikidata.org/entity/Q6641,SSC Bari,2.0,2012-01-01T00:00:00Z,2012-01-01T00:00:00Z
http://www.wikidata.org/entity/Q75650,http://www.wikidata.org/entity/Q603133,Szombathelyi Haladás,44.0,2008-01-01T00:00:00Z,2011-01-01T00:00:00Z
http://www.wikidata.org/entity/Q75650,http://www.wikidata.org/entity/Q738917,équipe de Hongrie de football des moins de 19 ans,5.0,2008-01-01T00:00:00Z,2009-01-01T00:00:00Z
http://www.wikidata.org/entity/Q75650,http://www.wikidata.org/entity/Q1162277,équipe de Hongrie de football des moins de 17 ans,8.0,2006-01-01T00:00:00Z,2007-01-01T00:00:00Z
http://www.wikidata.org/entity/Q75650,http://www.wikidata.org/entity/Q326811,Videoton Football Club,,2014-01-01T00:00:00Z,
http://www.wikidata.org/entity/Q75650,http://www.wikidata.org/entity/Q2674,Palermo F.C.,0.0,2011-01-01T00:00:00Z,2014-01-01T00:00:00Z
http://www.wikidata.org/entity/Q75650,http://www.wikidata.org/entity/Q603133,Szombathelyi Haladás,47.0,2012-01-01T00:00:00Z,2014-01-01T00:00:00Z
http://www.wikidata.org/entity/Q74311,http://www.wikidata.org/entity/Q19607,Sheffield United FC,10.0,2017-01-01T00:00:00Z,2017-01-01T00:00:00Z
http://www.wikidata.org/entity/Q74311,http://www.wikidata.org/entity/Q19573,Bury FC,71.0,2017-01-01T00:00:00Z,2019-01-01T00:00:00Z
http://www.wikidata.org/entity/Q74311,http://www.wikidata.org/entity/Q839997,Brisbane Roar Football Club,156.0,2019-01-01T00:00:00Z,
http://www.wikidata.org/entity/Q72214,http://www.wikidata.org/entity/Q43310,équipe d'Allemagne de football,7.0,2017-01-01T00:00:00Z,2018-01-01T00:00:00Z
http://www.wikidata.org/entity/Q114119,http://www.wikidata.org/entity/Q630279,Sanfrecce Hiroshima,,2009-01-01T00:00:00Z,2017-01-01T00:00:00Z
http://www.wikidata.org/entity/Q114386,http://www.wikidata.org/entity/Q8812,Grenade CF,0.0,2012-01-01T00:00:00Z,2013-01-01T00:00:00Z
http://www.wikidata.org/entity/Q114386,http://www.wikidata.org/entity/Q4140019,équipe de Suisse de football des moins de 19 ans,8.0,2011-01-01T00:00:00Z,2012-01-01T00:00:00Z
http://www.wikidata.org/entity/Q114386,http://www.wikidata.org/entity/Q678582,équipe de Suisse espoirs de football,17.0,2012-01-01T00:00:00Z,2012-01-01T00:00:00Z
http://www.wikidata.org/entity/Q114386,http://www.wikidata.org/entity/Q2798,Udinese Calcio,,2013-01-01T00:00:00Z,
http://www.wikidata.org/entity/Q114386,http://www.wikidata.org/entity/Q165141,équipe de Suisse de football,,2014-01-01T00:00:00Z,
http://www.wikidata.org/entity/Q114386,http://www.wikidata.org/entity/Q603271,FC Aarau,9.0,2010-01-01T00:00:00Z,2011-01-01T00:00:00Z
http://www.wikidata.org/entity/Q114386,http://www.wikidata.org/entity/Q603271,FC Aarau,65.0,2011-01-01T00:00:00Z,2013-01-01T00:00:00Z
http://www.wikidata.org/entity/Q114590,http://www.wikidata.org/entity/Q692856,Shonan Bellmare,11.0,2005-01-01T00:00:00Z,2005-01-01T00:00:00Z
http://www.wikidata.org/entity/Q114590,http://www.wikidata.org/entity/Q3589940,équipe de Croatie de football des moins de 17 ans,7.0,1998-01-01T00:00:00Z,1998-01-01T00:00:00Z
http://www.wikidata.org/entity/Q114590,http://www.wikidata.org/entity/Q760736,Stade lavallois,8.0,2003-01-01T00:00:00Z,2004-01-01T00:00:00Z
http://www.wikidata.org/entity/Q114590,http://www.wikidata.org/entity/Q3446766,équipe de Croatie des moins de 19 ans,2.0,2000-01-01T00:00:00Z,2000-01-01T00:00:00Z
http://www.wikidata.org/entity/Q114590,http://www.wikidata.org/entity/Q181216,HNK Hajduk Split,51.0,2007-01-01T00:00:00Z,2010-01-01T00:00:00Z
http://www.wikidata.org/entity/Q114590,http://www.wikidata.org/entity/Q757320,PAE Astéras Trípolis,11.0,2010-01-01T00:00:00Z,2012-01-01T00:00:00Z
http://www.wikidata.org/entity/Q114590,http://www.wikidata.org/entity/Q192071,Football Club de Nantes,11.0,1999-01-01T00:00:00Z,2005-01-01T00:00:00Z
http://www.wikidata.org/entity/Q114590,http://www.wikidata.org/entity/Q2331381,équipe de Croatie espoirs de football,10.0,2002-01-01T00:00:00Z,2003-01-01T00:00:00Z
http://www.wikidata.org/entity/Q114590,http://www.wikidata.org/entity/Q3446766,équipe de Croatie des moins de 19 ans,7.0,1999-01-01T00:00:00Z,2000-01-01T00:00:00Z
http://www.wikidata.org/entity/Q114590,http://www.wikidata.org/entity/Q318969,HNK Rijeka,,2006-01-01T00:00:00Z,2006-01-01T00:00:00Z
http://www.wikidata.org/entity/Q116482,http://www.wikidata.org/entity/Q138248,K Saint-Trond VV,11.0,2010-01-01T00:00:00Z,2011-01-01T00:00:00Z
http://www.wikidata.org/entity/Q116482,http://www.wikidata.org/entity/Q138248,K Saint-Trond VV,,2010-01-01T00:00:00Z,2010-01-01T00:00:00Z
http://www.wikidata.org/entity/Q116482,http://www.wikidata.org/entity/Q967104,Royal Football Club Seraing (17),,2015-01-01T00:00:00Z,
http://www.wikidata.org/entity/Q116482,http://www.wikidata.org/entity/Q8078501,Étoile Lusitana,,2009-01-01T00:00:00Z,2009-01-01T00:00:00Z
http://www.wikidata.org/entity/Q116482,http://www.wikidata.org/entity/Q190561,Standard de Liège,15.0,2010-01-01T00:00:00Z,2012-01-01T00:00:00Z
http://www.wikidata.org/entity/Q116482,http://www.wikidata.org/entity/Q3590784,équipe du Sénégal de football des moins de 17 ans,,2008-01-01T00:00:00Z,2009-01-01T00:00:00Z
http://www.wikidata.org/entity/Q116482,http://www.wikidata.org/entity/Q3132749,équipe du Sénégal de football des moins de 23 ans,,2009-01-01T00:00:00Z,
http://www.wikidata.org/entity/Q116482,http://www.wikidata.org/entity/Q212269,Valenciennes FC,11.0,2012-01-01T00:00:00Z,2015-01-01T00:00:00Z
http://www.wikidata.org/entity/Q116560,http://www.wikidata.org/entity/Q83459,équipe du Brésil de football,,2014-01-01T00:00:00Z,
http://www.wikidata.org/entity/Q116560,http://www.wikidata.org/entity/Q2387441,Americano Futebol Clube,0.0,2004-01-01T00:00:00Z,2008-01-01T00:00:00Z
http://www.wikidata.org/entity/Q116560,http://www.wikidata.org/entity/Q188277,Cruzeiro EC,58.0,2009-01-01T00:00:00Z,2011-01-01T00:00:00Z
http://www.wikidata.org/entity/Q116560,http://www.wikidata.org/entity/Q35933,Corinthians Paulista,104.0,2013-01-01T00:00:00Z,2015-01-01T00:00:00Z
http://www.wikidata.org/entity/Q116560,http://www.wikidata.org/entity/Q5014111,CR Vasco da Gama,,2019-01-01T00:00:00Z,
http://www.wikidata.org/entity/Q116560,http://www.wikidata.org/entity/Q212269,Valenciennes FC,40.0,2011-01-01T00:00:00Z,2013-01-01T00:00:00Z
http://www.wikidata.org/entity/Q116560,http://www.wikidata.org/entity/Q198034,Atlético Clube Goianiense,41.0,2008-01-01T00:00:00Z,2009-01-01T00:00:00Z
http://www.wikidata.org/entity/Q116994,http://www.wikidata.org/entity/Q212269,Valenciennes FC,5.0,2012-01-01T00:00:00Z,2013-09-02T00:00:00Z
http://www.wikidata.org/entity/Q116994,http://www.wikidata.org/entity/Q584858,Halmstads BK,,2019-01-01T00:00:00Z,2021-01-01T00:00:00Z
http://www.wikidata.org/entity/Q116994,http://www.wikidata.org/entity/Q603271,FC Aarau,13.0,2014-01-01T00:00:00Z,2015-01-01T00:00:00Z
http://www.wikidata.org/entity/Q116994,http://www.wikidata.org/entity/Q160826,équipe de Suède de football,8.0,2005-01-01T00:00:00Z,2010-01-01T00:00:00Z
http://www.wikidata.org/entity/Q116994,http://www.wikidata.org/entity/Q2255267,équipe de Suède espoirs de football,21.0,2004-01-01T00:00:00Z,2006-01-01T00:00:00Z
http://www.wikidata.org/entity/Q116994,http://www.wikidata.org/entity/Q391789,GAIS,,2017-01-01T00:00:00Z,2018-01-01T00:00:00Z
http://www.wikidata.org/entity/Q116994,http://www.wikidata.org/entity/Q584858,Halmstads BK,116.0,2003-01-01T00:00:00Z,2007-01-01T00:00:00Z
http://www.wikidata.org/entity/Q116994,http://www.wikidata.org/entity/Q211912,Odense Boldklub,2.0,2013-09-02T00:00:00Z,2014-01-01T00:00:00Z
http://www.wikidata.org/entity/Q116994,http://www.wikidata.org/entity/Q206692,FC Zurich,118.0,2008-01-01T00:00:00Z,2012-01-01T00:00:00Z
http://www.wikidata.org/entity/Q116994,http://www.wikidata.org/entity/Q120705,Dalkurd FF,,2016-01-01T00:00:00Z,2016-01-01T00:00:00Z
http://www.wikidata.org/entity/Q118410,http://www.wikidata.org/entity/Q105853,Karlsruher SC,63.0,1987-01-01T00:00:00Z,1989-01-01T00:00:00Z
http://www.wikidata.org/entity/Q118410,http://www.wikidata.org/entity/Q701290,SSV Ulm 1846,17.0,1987-01-01T00:00:00Z,1987-01-01T00:00:00Z
http://www.wikidata.org/entity/Q118410,http://www.wikidata.org/entity/Q101859,VfL Wolfsburg,75.0,1995-01-01T00:00:00Z,1998-01-01T00:00:00Z
http://www.wikidata.org/entity/Q118410,http://www.wikidata.org/entity/Q4512,VfB Stuttgart,5.0,1985-01-01T00:00:00Z,1987-01-01T00:00:00Z
http://www.wikidata.org/entity/Q118410,http://www.wikidata.org/entity/Q51974,Hambourg SV,23.0,1992-01-01T00:00:00Z,1994-01-01T00:00:00Z
http://www.wikidata.org/entity/Q118410,http://www.wikidata.org/entity/Q142005,FC Hansa Rostock,38.0,1991-01-01T00:00:00Z,1992-01-01T00:00:00Z
http://www.wikidata.org/entity/Q118410,http://www.wikidata.org/entity/Q665920,VfB Lübeck,2.0,2000-01-01T00:00:00Z,2001-01-01T00:00:00Z
http://www.wikidata.org/entity/Q118410,http://www.wikidata.org/entity/Q107421,VfB Stuttgart II,70.0,1983-01-01T00:00:00Z,1986-01-01T00:00:00Z
http://www.wikidata.org/entity/Q118410,http://www.wikidata.org/entity/Q158121,SpVgg Unterhaching,4.0,1998-01-01T00:00:00Z,2000-01-01T00:00:00Z
http://www.wikidata.org/entity/Q118410,http://www.wikidata.org/entity/Q701290,SSV Ulm 1846,16.0,1986-01-01T00:00:00Z,1987-01-01T00:00:00Z
http://www.wikidata.org/entity/Q118410,http://www.wikidata.org/entity/Q101959,Borussia Mönchengladbach,38.0,1989-01-01T00:00:00Z,1991-01-01T00:00:00Z
http://www.wikidata.org/entity/Q118410,http://www.wikidata.org/entity/Q141931,SG Dynamo Dresde,30.0,1994-01-01T00:00:00Z,1995-01-01T00:00:00Z
http://www.wikidata.org/entity/Q118567,http://www.wikidata.org/entity/Q920263,Hertha Berliner Sport-Club II,37.0,2011-01-01T00:00:00Z,2015-01-01T00:00:00Z
http://www.wikidata.org/entity/Q118567,http://www.wikidata.org/entity/Q102720,Hertha BSC,2.0,2012-01-01T00:00:00Z,2015-01-01T00:00:00Z
http://www.wikidata.org/entity/Q118567,http://www.wikidata.org/entity/Q153535,Alemannia Aix-la-Chapelle,,2015-01-01T00:00:00Z,
http://www.wikidata.org/entity/Q119753,http://www.wikidata.org/entity/Q464775,FC Thoune,6.0,2005-01-01T00:00:00Z,2005-01-01T00:00:00Z
http://www.wikidata.org/entity/Q119753,http://www.wikidata.org/entity/Q206692,FC Zurich,105.0,1998-01-01T00:00:00Z,2004-01-01T00:00:00Z
http://www.wikidata.org/entity/Q119753,http://www.wikidata.org/entity/Q7924284,VfL Bochum II,1.0,2007-01-01T00:00:00Z,2007-01-01T00:00:00Z
http://www.wikidata.org/entity/Q119753,http://www.wikidata.org/entity/Q464775,FC Thoune,10.0,2004-01-01T00:00:00Z,2005-01-01T00:00:00Z
http://www.wikidata.org/entity/Q119753,http://www.wikidata.org/entity/Q206692,FC Zurich,8.0,2004-01-01T00:00:00Z,2005-01-01T00:00:00Z
http://www.wikidata.org/entity/Q119753,http://www.wikidata.org/entity/Q105861,VfL Bochum,32.0,2005-01-01T00:00:00Z,2007-01-01T00:00:00Z
http://www.wikidata.org/entity/Q120254,http://www.wikidata.org/entity/Q126334,RC Strasbourg Alsace,149.0,1991-01-01T00:00:00Z,1996-01-01T00:00:00Z
http://www.wikidata.org/entity/Q120254,http://www.wikidata.org/entity/Q19446,Blackburn Rovers FC,2.0,2001-01-01T00:00:00Z,2001-01-01T00:00:00Z
http://www.wikidata.org/entity/Q120254,http://www.wikidata.org/entity/Q105853,Karlsruher SC,61.0,1996-01-01T00:00:00Z,1998-01-01T00:00:00Z
http://www.wikidata.org/entity/Q120254,http://www.wikidata.org/entity/Q18747,West Ham United FC,44.0,1998-01-01T00:00:00Z,2000-01-01T00:00:00Z
http://www.wikidata.org/entity/Q120254,http://www.wikidata.org/entity/Q19604,Portsmouth FC,3.0,2000-01-01T00:00:00Z,2001-01-01T00:00:00Z
http://www.wikidata.org/entity/Q120254,http://www.wikidata.org/entity/Q19604,Portsmouth FC,3.0,2000-01-01T00:00:00Z,2000-01-01T00:00:00Z
http://www.wikidata.org/entity/Q120254,http://www.wikidata.org/entity/Q19446,Blackburn Rovers FC,2.0,2001-01-01T00:00:00Z,2002-01-01T00:00:00Z
http://www.wikidata.org/entity/Q120254,http://www.wikidata.org/entity/Q640726,FC Mulhouse,118.0,1987-01-01T00:00:00Z,1991-01-01T00:00:00Z
http://www.wikidata.org/entity/Q120254,http://www.wikidata.org/entity/Q47774,équipe de France de football,7.0,1995-01-01T00:00:00Z,1998-01-01T00:00:00Z
http://www.wikidata.org/entity/Q121038,http://www.wikidata.org/entity/Q666010,SC Verl,58.0,2005-01-01T00:00:00Z,2007-01-01T00:00:00Z
http://www.wikidata.org/entity/Q121038,http://www.wikidata.org/entity/Q51974,Hambourg SV,82.0,1989-01-01T00:00:00Z,1994-01-01T00:00:00Z
http://www.wikidata.org/entity/Q121038,http://www.wikidata.org/entity/Q105844,DSC Arminia Bielefeld,22.0,1988-01-01T00:00:00Z,1989-01-01T00:00:00Z
http://www.wikidata.org/entity/Q121038,http://www.wikidata.org/entity/Q105844,DSC Arminia Bielefeld,211.0,1994-01-01T00:00:00Z,2002-01-01T00:00:00Z
http://www.wikidata.org/entity/Q121038,http://www.wikidata.org/entity/Q15755,FC Augsbourg,68.0,2002-01-01T00:00:00Z,2004-01-01T00:00:00Z
http://www.wikidata.org/entity/Q121038,http://www.wikidata.org/entity/Q5644342,Hambourg SV II,23.0,1989-01-01T00:00:00Z,1991-01-01T00:00:00Z
http://www.wikidata.org/entity/Q121038,http://www.wikidata.org/entity/Q314851,équipe d'Allemagne espoirs de football,1.0,1991-01-01T00:00:00Z,1991-01-01T00:00:00Z
http://www.wikidata.org/entity/Q121038,http://www.wikidata.org/entity/Q1202757,équipe d'Allemagne olympique de football,2.0,1990-01-01T00:00:00Z,1992-01-01T00:00:00Z
http://www.wikidata.org/entity/Q121403,http://www.wikidata.org/entity/Q240444,Akhmat Grozny,,2015-01-01T00:00:00Z,
http://www.wikidata.org/entity/Q121403,http://www.wikidata.org/entity/Q268208,équipe d'Australie de football,80.0,2004-01-01T00:00:00Z,2014-01-01T00:00:00Z
http://www.wikidata.org/entity/Q121403,http://www.wikidata.org/entity/Q240444,Akhmat Grozny,,2016-01-01T00:00:00Z,
http://www.wikidata.org/entity/Q121403,http://www.wikidata.org/entity/Q17497,Dynamo Moscou,143.0,2008-01-01T00:00:00Z,2014-01-01T00:00:00Z
http://www.wikidata.org/entity/Q121403,http://www.wikidata.org/entity/Q18661,Middlesbrough FC,22.0,2000-01-01T00:00:00Z,2003-01-01T00:00:00Z
http://www.wikidata.org/entity/Q121403,http://www.wikidata.org/entity/Q134241,Feyenoord Rotterdam,18.0,2014-01-01T00:00:00Z,2015-01-01T00:00:00Z
http://www.wikidata.org/entity/Q121403,http://www.wikidata.org/entity/Q19603,FC Twente,59.0,2006-01-01T00:00:00Z,2008-01-01T00:00:00Z
http://www.wikidata.org/entity/Q121403,http://www.wikidata.org/entity/Q3873546,équipe d'Australie de football des moins de 20 ans,12.0,2001-01-01T00:00:00Z,2001-01-01T00:00:00Z
http://www.wikidata.org/entity/Q121403,http://www.wikidata.org/entity/Q19456,Bristol City Football Club,112.0,2003-01-01T00:00:00Z,2006-01-01T00:00:00Z
http://www.wikidata.org/entity/Q121403,http://www.wikidata.org/entity/Q3589775,équipe d'Australie de football des moins de 23 ans,17.0,2003-01-01T00:00:00Z,2004-01-01T00:00:00Z
http://www.wikidata.org/entity/Q124906,http://www.wikidata.org/entity/Q158121,SpVgg Unterhaching,208.0,1996-01-01T00:00:00Z,2004-01-01T00:00:00Z
http://www.wikidata.org/entity/Q124906,http://www.wikidata.org/entity/Q314851,équipe d'Allemagne espoirs de football,8.0,1988-01-01T00:00:00Z,1990-01-01T00:00:00Z
http://www.wikidata.org/entity/Q124906,http://www.wikidata.org/entity/Q4512,VfB Stuttgart,157.0,1986-01-01T00:00:00Z,1994-01-01T00:00:00Z
http://www.wikidata.org/entity/Q124906,http://www.wikidata.org/entity/Q15755,FC Augsbourg,8.0,2004-01-01T00:00:00Z,2005-01-01T00:00:00Z
http://www.wikidata.org/entity/Q124906,http://www.wikidata.org/entity/Q524378,SG Wattenscheid 09,41.0,1994-01-01T00:00:00Z,1996-01-01T00:00:00Z
http://www.wikidata.org/entity/Q114386,http://www.wikidata.org/entity/Q105254,1. FSV Mayence 05,,2021-01-01T00:00:00Z,
http://www.wikidata.org/entity/Q114119,http://www.wikidata.org/entity/Q692856,Shonan Bellmare,,2018-01-01T00:00:00Z,2018-01-01T00:00:00Z
http://www.wikidata.org/entity/Q100387,http://www.wikidata.org/entity/Q101959,Borussia Mönchengladbach,58.0,1991-01-01T00:00:00Z,1998-01-01T00:00:00Z
http://www.wikidata.org/entity/Q100387,http://www.wikidata.org/entity/Q170134,SV Waldhof Mannheim,47.0,2001-01-01T00:00:00Z,2003-01-01T00:00:00Z
http://www.wikidata.org/entity/Q100387,http://www.wikidata.org/entity/Q154293,MSV Duisbourg,61.0,1998-01-01T00:00:00Z,2001-01-01T00:00:00Z
http://www.wikidata.org/entity/Q100387,http://www.wikidata.org/entity/Q151747,Fortuna Düsseldorf,16.0,2004-01-01T00:00:00Z,2005-01-01T00:00:00Z
http://www.wikidata.org/entity/Q101527,http://www.wikidata.org/entity/Q6463,FC Sankt Pauli,89.0,1998-01-01T00:00:00Z,2003-01-01T00:00:00Z
http://www.wikidata.org/entity/Q101748,http://www.wikidata.org/entity/Q7387221,S.L. Benfica B,1.0,2015-01-01T00:00:00Z,2015-01-01T00:00:00Z
http://www.wikidata.org/entity/Q101748,http://www.wikidata.org/entity/Q1202759,équipe d'Allemagne de football des moins de 16 ans,10.0,2010-01-01T00:00:00Z,2011-01-01T00:00:00Z
http://www.wikidata.org/entity/Q101748,http://www.wikidata.org/entity/Q319699,équipe d'Allemagne des moins de 17 ans de football,3.0,2011-01-01T00:00:00Z,2012-01-01T00:00:00Z
http://www.wikidata.org/entity/Q101748,http://www.wikidata.org/entity/Q113136,équipe d'Allemagne de football des moins de 15 ans,3.0,2009-01-01T00:00:00Z,2010-01-01T00:00:00Z
http://www.wikidata.org/entity/Q101748,http://www.wikidata.org/entity/Q102720,Hertha BSC,17.0,2012-01-01T00:00:00Z,2015-01-01T00:00:00Z
http://www.wikidata.org/entity/Q101748,http://www.wikidata.org/entity/Q920263,Hertha Berliner Sport-Club II,21.0,2012-01-01T00:00:00Z,2015-01-01T00:00:00Z
http://www.wikidata.org/entity/Q101748,http://www.wikidata.org/entity/Q994811,Red Bull Salzbourg,,2015-01-01T00:00:00Z,
http://www.wikidata.org/entity/Q101748,http://www.wikidata.org/entity/Q324854,équipe d'Allemagne de football des moins de 19 ans,16.0,2013-01-01T00:00:00Z,2014-01-01T00:00:00Z
http://www.wikidata.org/entity/Q101748,http://www.wikidata.org/entity/Q316497,équipe d'Allemagne de football des moins de 20 ans,,2014-01-01T00:00:00Z,
http://www.wikidata.org/entity/Q101748,http://www.wikidata.org/entity/Q2016992,équipe d'Allemagne de football des moins de 18 ans,4.0,2012-01-01T00:00:00Z,2013-01-01T00:00:00Z
http://www.wikidata.org/entity/Q101748,http://www.wikidata.org/entity/Q131499,SL Benfica,1.0,2015-01-01T00:00:00Z,2015-01-01T00:00:00Z
http://www.wikidata.org/entity/Q101748,http://www.wikidata.org/entity/Q2016992,équipe d'Allemagne de football des moins de 18 ans,4.0,2013-01-01T00:00:00Z,2013-01-01T00:00:00Z
http://www.wikidata.org/entity/Q103008,http://www.wikidata.org/entity/Q33748,Hanovre 96,64.0,2007-01-01T00:00:00Z,2010-01-01T00:00:00Z
http://www.wikidata.org/entity/Q103008,http://www.wikidata.org/entity/Q157828,SV Holstein Kiel,103.0,2010-01-01T00:00:00Z,2015-01-01T00:00:00Z
http://www.wikidata.org/entity/Q103008,http://www.wikidata.org/entity/Q310621,SV Wehen Wiesbaden,,2015-01-01T00:00:00Z,
http://www.wikidata.org/entity/Q106770,http://www.wikidata.org/entity/Q142005,FC Hansa Rostock,59.0,2006-01-01T00:00:00Z,2010-01-01T00:00:00Z
http://www.wikidata.org/entity/Q106770,http://www.wikidata.org/entity/Q659212,FC Saint-Gall,21.0,2004-01-01T00:00:00Z,2005-01-01T00:00:00Z
http://www.wikidata.org/entity/Q106770,http://www.wikidata.org/entity/Q314851,équipe d'Allemagne espoirs de football,1.0,2003-01-01T00:00:00Z,2003-01-01T00:00:00Z
http://www.wikidata.org/entity/Q106770,http://www.wikidata.org/entity/Q107421,VfB Stuttgart II,,2010-01-01T00:00:00Z,
http://www.wikidata.org/entity/Q106770,http://www.wikidata.org/entity/Q107421,VfB Stuttgart II,61.0,2001-01-01T00:00:00Z,2006-01-01T00:00:00Z
http://www.wikidata.org/entity/Q108982,http://www.wikidata.org/entity/Q155186,FC Carl Zeiss Iéna,1.0,2007-01-01T00:00:00Z,2008-01-01T00:00:00Z
http://www.wikidata.org/entity/Q108982,http://www.wikidata.org/entity/Q158121,SpVgg Unterhaching,20.0,2006-01-01T00:00:00Z,2006-01-01T00:00:00Z
http://www.wikidata.org/entity/Q108982,http://www.wikidata.org/entity/Q4512,VfB Stuttgart,,1993-01-01T00:00:00Z,1998-01-01T00:00:00Z
http://www.wikidata.org/entity/Q108982,http://www.wikidata.org/entity/Q105853,Karlsruher SC,17.0,2004-01-01T00:00:00Z,2005-01-01T00:00:00Z
http://www.wikidata.org/entity/Q108982,http://www.wikidata.org/entity/Q4512,VfB Stuttgart,5.0,1998-01-01T00:00:00Z,1999-01-01T00:00:00Z
http://www.wikidata.org/entity/Q108982,http://www.wikidata.org/entity/Q142005,FC Hansa Rostock,66.0,1999-01-01T00:00:00Z,2002-01-01T00:00:00Z
http://www.wikidata.org/entity/Q108982,http://www.wikidata.org/entity/Q154293,MSV Duisbourg,21.0,2003-01-01T00:00:00Z,2004-01-01T00:00:00Z
http://www.wikidata.org/entity/Q108982,http://www.wikidata.org/entity/Q33748,Hanovre 96,2.0,2002-01-01T00:00:00Z,2003-01-01T00:00:00Z
http://www.wikidata.org/entity/Q112327,http://www.wikidata.org/entity/Q968592,Ghazl El Mahallah,,1992-01-01T00:00:00Z,1996-01-01T00:00:00Z
http://www.wikidata.org/entity/Q112327,http://www.wikidata.org/entity/Q2880438,Baladiyyat El Mahallah,,2004-01-01T00:00:00Z,2005-01-01T00:00:00Z
http://www.wikidata.org/entity/Q112327,http://www.wikidata.org/entity/Q223566,Al Ahly SC,21.0,2002-01-01T00:00:00Z,2004-01-01T00:00:00Z
http://www.wikidata.org/entity/Q112327,http://www.wikidata.org/entity/Q28089,équipe d'Égypte de football,60.0,1995-01-01T00:00:00Z,2002-01-01T00:00:00Z
http://www.wikidata.org/entity/Q112327,http://www.wikidata.org/entity/Q968592,Ghazl El Mahallah,,2005-01-01T00:00:00Z,2006-01-01T00:00:00Z
http://www.wikidata.org/entity/Q112327,http://www.wikidata.org/entity/Q142005,FC Hansa Rostock,133.0,1996-01-01T00:00:00Z,2002-01-01T00:00:00Z
http://www.wikidata.org/entity/Q113221,http://www.wikidata.org/entity/Q310621,SV Wehen Wiesbaden,2.0,2014-01-01T00:00:00Z,2015-01-01T00:00:00Z
http://www.wikidata.org/entity/Q113221,http://www.wikidata.org/entity/Q316497,équipe d'Allemagne de football des moins de 20 ans,6.0,2005-01-01T00:00:00Z,2007-01-01T00:00:00Z
http://www.wikidata.org/entity/Q113221,http://www.wikidata.org/entity/Q7395129,SV Wehen Wiesbaden II,2.0,2014-01-01T00:00:00Z,2014-01-01T00:00:00Z
http://www.wikidata.org/entity/Q113221,http://www.wikidata.org/entity/Q2016992,équipe d'Allemagne de football des moins de 18 ans,4.0,2003-01-01T00:00:00Z,2004-01-01T00:00:00Z
http://www.wikidata.org/entity/Q113221,http://www.wikidata.org/entity/Q141931,SG Dynamo Dresde,1.0,2012-01-01T00:00:00Z,2014-01-01T00:00:00Z
http://www.wikidata.org/entity/Q113221,http://www.wikidata.org/entity/Q137499,FC Hombourg,,2015-01-01T00:00:00Z,
http://www.wikidata.org/entity/Q113221,http://www.wikidata.org/entity/Q8466,1. FC Kaiserslautern,22.0,2004-01-01T00:00:00Z,2008-01-01T00:00:00Z
http://www.wikidata.org/entity/Q113221,http://www.wikidata.org/entity/Q16525407,1. FC Kaiserslautern II,39.0,2005-01-01T00:00:00Z,2007-01-01T00:00:00Z
http://www.wikidata.org/entity/Q113221,http://www.wikidata.org/entity/Q1202759,équipe d'Allemagne de football des moins de 16 ans,6.0,2001-01-01T00:00:00Z,2002-01-01T00:00:00Z
http://www.wikidata.org/entity/Q113221,http://www.wikidata.org/entity/Q314851,équipe d'Allemagne espoirs de football,12.0,2007-01-01T00:00:00Z,2009-01-01T00:00:00Z
http://www.wikidata.org/entity/Q113221,http://www.wikidata.org/entity/Q319699,équipe d'Allemagne des moins de 17 ans de football,8.0,2002-01-01T00:00:00Z,2003-01-01T00:00:00Z
http://www.wikidata.org/entity/Q113221,http://www.wikidata.org/entity/Q33748,Hanovre 96,58.0,2008-01-01T00:00:00Z,2011-01-01T00:00:00Z
http://www.wikidata.org/entity/Q113221,http://www.wikidata.org/entity/Q324854,équipe d'Allemagne de football des moins de 19 ans,6.0,2004-01-01T00:00:00Z,2005-01-01T00:00:00Z
http://www.wikidata.org/entity/Q113221,http://www.wikidata.org/entity/Q154293,MSV Duisbourg,14.0,2011-01-01T00:00:00Z,2012-01-01T00:00:00Z
http://www.wikidata.org/entity/Q113245,http://www.wikidata.org/entity/Q189671,FC Bâle,,1999-01-01T00:00:00Z,2000-01-01T00:00:00Z
http://www.wikidata.org/entity/Q113245,http://www.wikidata.org/entity/Q8466,1. FC Kaiserslautern,9.0,2000-01-01T00:00:00Z,2001-01-01T00:00:00Z
http://www.wikidata.org/entity/Q113245,http://www.wikidata.org/entity/Q189671,FC Bâle,23.0,2000-01-01T00:00:00Z,2000-01-01T00:00:00Z
http://www.wikidata.org/entity/Q113245,http://www.wikidata.org/entity/Q165141,équipe de Suisse de football,49.0,1994-01-01T00:00:00Z,2004-01-01T00:00:00Z
http://www.wikidata.org/entity/Q113245,http://www.wikidata.org/entity/Q189671,FC Bâle,,2000-01-01T00:00:00Z,2005-01-01T00:00:00Z
http://www.wikidata.org/entity/Q113245,http://www.wikidata.org/entity/Q201360,Grasshopper Zurich,101.0,1992-01-01T00:00:00Z,1997-01-01T00:00:00Z
http://www.wikidata.org/entity/Q113245,http://www.wikidata.org/entity/Q4512,VfB Stuttgart,23.0,1997-01-01T00:00:00Z,1998-01-01T00:00:00Z
http://www.wikidata.org/entity/Q113245,http://www.wikidata.org/entity/Q6601875,Fenerbahçe Istanbul,26.0,1998-01-01T00:00:00Z,2000-01-01T00:00:00Z
http://www.wikidata.org/entity/Q114119,http://www.wikidata.org/entity/Q318969,HNK Rijeka,14.0,2006-01-01T00:00:00Z,2006-01-01T00:00:00Z
http://www.wikidata.org/entity/Q114119,http://www.wikidata.org/entity/Q172803,Dinamo Zagreb,46.0,2007-01-01T00:00:00Z,2008-01-01T00:00:00Z
http://www.wikidata.org/entity/Q114119,http://www.wikidata.org/entity/Q8466,1. FC Kaiserslautern,26.0,2004-01-01T00:00:00Z,2006-01-01T00:00:00Z
http://www.wikidata.org/entity/Q114119,http://www.wikidata.org/entity/Q723644,NK Inter Zaprešić,25.0,1996-01-01T00:00:00Z,1997-01-01T00:00:00Z
http://www.wikidata.org/entity/Q114119,http://www.wikidata.org/entity/Q172803,Dinamo Zagreb,144.0,1997-01-01T00:00:00Z,2004-01-01T00:00:00Z
http://www.wikidata.org/entity/Q114119,http://www.wikidata.org/entity/Q2331381,équipe de Croatie espoirs de football,19.0,1999-01-01T00:00:00Z,2001-01-01T00:00:00Z
http://www.wikidata.org/entity/Q93548,http://www.wikidata.org/entity/Q48951,Southend United FC,6.0,2013-01-01T00:00:00Z,2013-01-01T00:00:00Z
http://www.wikidata.org/entity/Q93548,http://www.wikidata.org/entity/Q248188,Milton Keynes Dons Football Club,,2013-01-01T00:00:00Z,
http://www.wikidata.org/entity/Q93548,http://www.wikidata.org/entity/Q18732,Southampton FC,5.0,2011-01-01T00:00:00Z,2013-01-01T00:00:00Z
http://www.wikidata.org/entity/Q93548,http://www.wikidata.org/entity/Q48938,Dagenham & Redbridge FC,5.0,2012-01-01T00:00:00Z,2012-01-01T00:00:00Z
http://www.wikidata.org/entity/Q93566,http://www.wikidata.org/entity/Q19651,Yeovil Town FC,27.0,2011-01-01T00:00:00Z,2011-01-01T00:00:00Z
http://www.wikidata.org/entity/Q93566,http://www.wikidata.org/entity/Q19651,Yeovil Town FC,24.0,2011-01-01T00:00:00Z,2012-01-01T00:00:00Z
http://www.wikidata.org/entity/Q93566,http://www.wikidata.org/entity/Q18723,QP Rangers,1.0,2009-01-01T00:00:00Z,2015-01-01T00:00:00Z
http://www.wikidata.org/entity/Q93566,http://www.wikidata.org/entity/Q19612,Preston North End FC,9.0,2012-01-01T00:00:00Z,2012-01-01T00:00:00Z
http://www.wikidata.org/entity/Q93566,http://www.wikidata.org/entity/Q48943,Gillingham Football Club,27.0,2014-01-01T00:00:00Z,2015-01-01T00:00:00Z
http://www.wikidata.org/entity/Q93566,http://www.wikidata.org/entity/Q9426,Stevenage FC,6.0,2013-01-01T00:00:00Z,2013-01-01T00:00:00Z
http://www.wikidata.org/entity/Q93566,http://www.wikidata.org/entity/Q19575,Carlisle United Football Club,9.0,2013-01-01T00:00:00Z,2014-01-01T00:00:00Z
http://www.wikidata.org/entity/Q93566,http://www.wikidata.org/entity/Q48943,Gillingham Football Club,,2015-01-01T00:00:00Z,
http://www.wikidata.org/entity/Q94869,http://www.wikidata.org/entity/Q107818,FC Energie Cottbus,80.0,2001-01-01T00:00:00Z,2007-01-01T00:00:00Z
http://www.wikidata.org/entity/Q94869,http://www.wikidata.org/entity/Q141931,SG Dynamo Dresde,15.0,2014-01-01T00:00:00Z,2015-01-01T00:00:00Z
http://www.wikidata.org/entity/Q94869,http://www.wikidata.org/entity/Q141931,SG Dynamo Dresde,95.0,2007-01-01T00:00:00Z,2012-01-01T00:00:00Z
http://www.wikidata.org/entity/Q94869,http://www.wikidata.org/entity/Q141931,SG Dynamo Dresde,52.0,1999-01-01T00:00:00Z,2001-01-01T00:00:00Z
http://www.wikidata.org/entity/Q94869,http://www.wikidata.org/entity/Q314851,équipe d'Allemagne espoirs de football,4.0,2002-01-01T00:00:00Z,2002-01-01T00:00:00Z
http://www.wikidata.org/entity/Q96648,http://www.wikidata.org/entity/Q153535,Alemannia Aix-la-Chapelle,131.0,2004-01-01T00:00:00Z,2013-01-01T00:00:00Z
http://www.wikidata.org/entity/Q96648,http://www.wikidata.org/entity/Q15786,1. FC Nuremberg,54.0,2001-01-01T00:00:00Z,2004-01-01T00:00:00Z
http://www.wikidata.org/entity/Q96648,http://www.wikidata.org/entity/Q666024,SC Pfullendorf,31.0,2000-01-01T00:00:00Z,2001-01-01T00:00:00Z
http://www.wikidata.org/entity/Q96662,http://www.wikidata.org/entity/Q1202757,équipe d'Allemagne olympique de football,4.0,1998-01-01T00:00:00Z,1998-01-01T00:00:00Z
http://www.wikidata.org/entity/Q96662,http://www.wikidata.org/entity/Q994701,FC Bayern München II,85.0,1995-01-01T00:00:00Z,1999-01-01T00:00:00Z
http://www.wikidata.org/entity/Q96662,http://www.wikidata.org/entity/Q105844,DSC Arminia Bielefeld,75.0,1999-01-01T00:00:00Z,2002-01-01T00:00:00Z
http://www.wikidata.org/entity/Q96662,http://www.wikidata.org/entity/Q314851,équipe d'Allemagne espoirs de football,19.0,1997-01-01T00:00:00Z,1999-01-01T00:00:00Z
http://www.wikidata.org/entity/Q96662,http://www.wikidata.org/entity/Q153535,Alemannia Aix-la-Chapelle,164.0,2002-01-01T00:00:00Z,2008-01-01T00:00:00Z
http://www.wikidata.org/entity/Q96662,http://www.wikidata.org/entity/Q157352,FSV Francfort,48.0,2008-01-01T00:00:00Z,2010-01-01T00:00:00Z
http://www.wikidata.org/entity/Q96662,http://www.wikidata.org/entity/Q101859,VfL Wolfsburg,8.0,2010-01-01T00:00:00Z,2012-01-01T00:00:00Z
http://www.wikidata.org/entity/Q126937,http://www.wikidata.org/entity/Q2674,Palermo F.C.,11.0,2008-01-01T00:00:00Z,2010-01-01T00:00:00Z
http://www.wikidata.org/entity/Q126937,http://www.wikidata.org/entity/Q643042,FC Dila Gori,2.0,2005-01-01T00:00:00Z,2006-01-01T00:00:00Z
http://www.wikidata.org/entity/Q126937,http://www.wikidata.org/entity/Q6703,Empoli Football Club,,2007-01-01T00:00:00Z,
http://www.wikidata.org/entity/Q126937,http://www.wikidata.org/entity/Q186268,équipe de Géorgie de football,,2007-01-01T00:00:00Z,
http://www.wikidata.org/entity/Q126937,http://www.wikidata.org/entity/Q2337392,équipe de Géorgie de football des moins de 17 ans,8.0,2005-01-01T00:00:00Z,2006-01-01T00:00:00Z
http://www.wikidata.org/entity/Q126937,http://www.wikidata.org/entity/Q2663472,équipe de Géorgie espoirs de football,3.0,2011-01-01T00:00:00Z,2011-01-01T00:00:00Z
http://www.wikidata.org/entity/Q126937,http://www.wikidata.org/entity/Q3649293,équipe de Géorgie de football des moins de 19 ans,8.0,2006-01-01T00:00:00Z,2007-01-01T00:00:00Z
http://www.wikidata.org/entity/Q128889,http://www.wikidata.org/entity/Q221525,FC Metz,,2005-01-01T00:00:00Z,2009-01-01T00:00:00Z
http://www.wikidata.org/entity/Q128889,http://www.wikidata.org/entity/Q19628,Olympiakós,19.0,2013-01-01T00:00:00Z,2015-01-01T00:00:00Z
http://www.wikidata.org/entity/Q128889,http://www.wikidata.org/entity/Q1277549,équipe de France espoirs de football,1.0,2009-01-01T00:00:00Z,2009-01-01T00:00:00Z
http://www.wikidata.org/entity/Q128889,http://www.wikidata.org/entity/Q175309,équipe du Cameroun de football,,2010-01-01T00:00:00Z,
http://www.wikidata.org/entity/Q128889,http://www.wikidata.org/entity/Q822021,Tours FC,34.0,2008-01-01T00:00:00Z,2009-01-01T00:00:00Z
http://www.wikidata.org/entity/Q128889,http://www.wikidata.org/entity/Q1277549,équipe de France espoirs de football,1.0,2009-01-01T00:00:00Z,2010-01-01T00:00:00Z
http://www.wikidata.org/entity/Q128889,http://www.wikidata.org/entity/Q19453,Brighton & Hove,,2015-01-01T00:00:00Z,
http://www.wikidata.org/entity/Q128889,http://www.wikidata.org/entity/Q18750,Wigan Athletic FC,14.0,2015-01-01T00:00:00Z,2015-01-01T00:00:00Z
http://www.wikidata.org/entity/Q128889,http://www.wikidata.org/entity/Q212269,Valenciennes FC,109.0,2009-01-01T00:00:00Z,2013-01-01T00:00:00Z
http://www.wikidata.org/entity/Q128915,http://www.wikidata.org/entity/Q212269,Valenciennes FC,189.0,2007-01-01T00:00:00Z,2014-01-01T00:00:00Z
http://www.wikidata.org/entity/Q128915,http://www.wikidata.org/entity/Q627334,Gazélec FC Ajaccio,,2014-01-01T00:00:00Z,
http://www.wikidata.org/entity/Q128915,http://www.wikidata.org/entity/Q192071,Football Club de Nantes,71.0,2001-01-01T00:00:00Z,2005-01-01T00:00:00Z
http://www.wikidata.org/entity/Q128915,http://www.wikidata.org/entity/Q608988,CS Sedan Ardennes,36.0,2006-01-01T00:00:00Z,2007-01-01T00:00:00Z
http://www.wikidata.org/entity/Q128915,http://www.wikidata.org/entity/Q1344163,équipe de France de football des moins de 20 ans,,2001-01-01T00:00:00Z,2001-01-01T00:00:00Z
http://www.wikidata.org/entity/Q128915,http://www.wikidata.org/entity/Q187528,RSC Anderlecht,11.0,2005-01-01T00:00:00Z,2006-01-01T00:00:00Z
http://www.wikidata.org/entity/Q128936,http://www.wikidata.org/entity/Q495299,Galatasaray SK,0.0,2016-08-01T00:00:00Z,2016-12-01T00:00:00Z
http://www.wikidata.org/entity/Q128936,http://www.wikidata.org/entity/Q201567,IFK Göteborg,17.0,2021-01-01T00:00:00Z,2021-12-01T00:00:00Z
http://www.wikidata.org/entity/Q128936,http://www.wikidata.org/entity/Q221602,AIK Solna,35.0,2019-03-01T00:00:00Z,2020-12-01T00:00:00Z
http://www.wikidata.org/entity/Q128936,http://www.wikidata.org/entity/Q81888,Ajax Amsterdam,80.0,2011-01-01T00:00:00Z,2015-01-01T00:00:00Z
http://www.wikidata.org/entity/Q128936,http://www.wikidata.org/entity/Q2533263,équipe d'Islande espoirs de football,16.0,2007-01-01T00:00:00Z,2010-01-01T00:00:00Z
http://www.wikidata.org/entity/Q128936,http://www.wikidata.org/entity/Q192071,Football Club de Nantes,30.0,2015-01-01T00:00:00Z,2019-03-01T00:00:00Z
http://www.wikidata.org/entity/Q128936,http://www.wikidata.org/entity/Q1770361,Jong Ajax,1.0,2015-01-01T00:00:00Z,2015-01-01T00:00:00Z
http://www.wikidata.org/entity/Q128936,http://www.wikidata.org/entity/Q3589828,équipe d'Islande de football des moins de 17 ans,12.0,2006-01-01T00:00:00Z,2007-01-01T00:00:00Z
http://www.wikidata.org/entity/Q128936,http://www.wikidata.org/entity/Q189198,équipe d'Islande de football,64.0,2010-01-01T00:00:00Z,2021-01-01T00:00:00Z
http://www.wikidata.org/entity/Q128936,http://www.wikidata.org/entity/Q139504898,HK Kópavogur,5.0,2006-01-01T00:00:00Z,2007-01-01T00:00:00Z
http://www.wikidata.org/entity/Q128936,http://www.wikidata.org/entity/Q191264,AZ Alkmaar,32.0,2007-01-01T00:00:00Z,2011-01-01T00:00:00Z
http://www.wikidata.org/entity/Q128936,http://www.wikidata.org/entity/Q5985726,équipe d'Islande de football des moins de 19 ans,2.0,2009-01-01T00:00:00Z,2009-01-01T00:00:00Z
http://www.wikidata.org/entity/Q128966,http://www.wikidata.org/entity/Q3076604,Football Club mantois 78,13.0,2009-01-01T00:00:00Z,2010-01-01T00:00:00Z
http://www.wikidata.org/entity/Q128966,http://www.wikidata.org/entity/Q212269,Valenciennes FC,19.0,2010-01-01T00:00:00Z,2014-01-01T00:00:00Z
http://www.wikidata.org/entity/Q128966,http://www.wikidata.org/entity/Q791128,Aviron bayonnais football club,13.0,2011-01-01T00:00:00Z,2012-01-01T00:00:00Z
http://www.wikidata.org/entity/Q128966,http://www.wikidata.org/entity/Q3076604,Football Club mantois 78,,2015-01-01T00:00:00Z,
http://www.wikidata.org/entity/Q128970,http://www.wikidata.org/entity/Q212269,Valenciennes FC,10.0,2011-01-01T00:00:00Z,2015-01-01T00:00:00Z
http://www.wikidata.org/entity/Q128970,http://www.wikidata.org/entity/Q212269,Valenciennes FC,,2010-01-01T00:00:00Z,
http://www.wikidata.org/entity/Q129058,http://www.wikidata.org/entity/Q2259417,Hapoël Jérusalem FC,,2016-01-01T00:00:00Z,
http://www.wikidata.org/entity/Q129058,http://www.wikidata.org/entity/Q2945336,centre de formation du Paris Saint-Germain,29.0,2010-01-01T00:00:00Z,2012-01-01T00:00:00Z
http://www.wikidata.org/entity/Q129058,http://www.wikidata.org/entity/Q514714,équipe des Pays-Bas de football des moins de 19 ans,4.0,2012-01-01T00:00:00Z,2012-01-01T00:00:00Z
http://www.wikidata.org/entity/Q129058,http://www.wikidata.org/entity/Q81888,Ajax Amsterdam,1.0,2012-01-01T00:00:00Z,2015-01-01T00:00:00Z
http://www.wikidata.org/entity/Q129058,http://www.wikidata.org/entity/Q761583,Hapoël Kfar Sabah,0.0,2015-01-01T00:00:00Z,2015-01-01T00:00:00Z
http://www.wikidata.org/entity/Q129058,http://www.wikidata.org/entity/Q13882315,équipe des Pays-Bas de football des moins de 20 ans,,2013-01-01T00:00:00Z,2013-01-01T00:00:00Z
http://www.wikidata.org/entity/Q129058,http://www.wikidata.org/entity/Q1770361,Jong Ajax,4.0,2014-01-01T00:00:00Z,2015-01-01T00:00:00Z
http://www.wikidata.org/entity/Q129058,http://www.wikidata.org/entity/Q333838,Thonon Évian Grand Genève Football Club,2.0,2013-01-01T00:00:00Z,2014-01-01T00:00:00Z
http://www.wikidata.org/entity/Q129069,http://www.wikidata.org/entity/Q212269,Valenciennes FC,1.0,2008-01-01T00:00:00Z,2013-01-01T00:00:00Z
http://www.wikidata.org/entity/Q129069,http://www.wikidata.org/entity/Q208399,SC Bastia,,2013-01-01T00:00:00Z,
http://www.wikidata.org/entity/Q129069,http://www.wikidata.org/entity/Q2288370,équipe de Corse de football,,2009-01-01T00:00:00Z,
http://www.wikidata.org/entity/Q129069,http://www.wikidata.org/entity/Q208399,SC Bastia,40.0,2004-01-01T00:00:00Z,2008-01-01T00:00:00Z
http://www.wikidata.org/entity/Q129184,http://www.wikidata.org/entity/Q1344163,équipe de France de football des moins de 20 ans,3.0,2010-01-01T00:00:00Z,2011-01-01T00:00:00Z
http://www.wikidata.org/entity/Q129184,http://www.wikidata.org/entity/Q3590033,équipe de France de football des moins de 16 ans,1.0,2006-01-01T00:00:00Z,2006-01-01T00:00:00Z
http://www.wikidata.org/entity/Q129184,http://www.wikidata.org/entity/Q212269,Valenciennes FC,,2012-01-01T00:00:00Z,
http://www.wikidata.org/entity/Q129184,http://www.wikidata.org/entity/Q19521,AS Saint-Étienne,23.0,2010-01-01T00:00:00Z,2012-01-01T00:00:00Z
http://www.wikidata.org/entity/Q129184,http://www.wikidata.org/entity/Q1277549,équipe de France espoirs de football,,2011-01-01T00:00:00Z,2012-01-01T00:00:00Z
http://www.wikidata.org/entity/Q130244,http://www.wikidata.org/entity/Q1442028,Scorpions de San Antonio,38.0,2014-01-01T00:00:00Z,2015-01-01T00:00:00Z
http://www.wikidata.org/entity/Q130244,http://www.wikidata.org/entity/Q206692,FC Zurich,,2007-01-01T00:00:00Z,2010-01-01T00:00:00Z
http://www.wikidata.org/entity/Q130244,http://www.wikidata.org/entity/Q18732,Southampton FC,0.0,2002-01-01T00:00:00Z,2002-01-01T00:00:00Z
http://www.wikidata.org/entity/Q130244,http://www.wikidata.org/entity/Q659212,FC Saint-Gall,47.0,2005-01-01T00:00:00Z,2006-01-01T00:00:00Z
http://www.wikidata.org/entity/Q130244,http://www.wikidata.org/entity/Q327238,Toronto FC,7.0,2012-01-01T00:00:00Z,2012-01-01T00:00:00Z
http://www.wikidata.org/entity/Q130244,http://www.wikidata.org/entity/Q298462,Sarreguemines FC,,2015-01-01T00:00:00Z,
http://www.wikidata.org/entity/Q130244,http://www.wikidata.org/entity/Q1277549,équipe de France espoirs de football,,2002-01-01T00:00:00Z,2002-01-01T00:00:00Z
http://www.wikidata.org/entity/Q130244,http://www.wikidata.org/entity/Q642291,FC Dallas,15.0,2013-01-01T00:00:00Z,2013-01-01T00:00:00Z
http://www.wikidata.org/entity/Q130244,http://www.wikidata.org/entity/Q219235,Servette FC,,2004-01-01T00:00:00Z,2004-01-01T00:00:00Z
http://www.wikidata.org/entity/Q130244,http://www.wikidata.org/entity/Q50826396,Neuchâtel Xamax,13.0,2003-01-01T00:00:00Z,2004-01-01T00:00:00Z
http://www.wikidata.org/entity/Q130244,http://www.wikidata.org/entity/Q212269,Valenciennes FC,21.0,2006-01-01T00:00:00Z,2007-01-01T00:00:00Z
http://www.wikidata.org/entity/Q130244,http://www.wikidata.org/entity/Q219235,Servette FC,11.0,2004-01-01T00:00:00Z,2005-01-01T00:00:00Z
http://www.wikidata.org/entity/Q130244,http://www.wikidata.org/entity/Q50826396,Neuchâtel Xamax,,2004-01-01T00:00:00Z,2004-01-01T00:00:00Z
http://www.wikidata.org/entity/Q130244,http://www.wikidata.org/entity/Q196107,Whitecaps de Vancouver,44.0,2011-01-01T00:00:00Z,2012-01-01T00:00:00Z
http://www.wikidata.org/entity/Q130244,http://www.wikidata.org/entity/Q221525,FC Metz,38.0,2000-01-01T00:00:00Z,2003-01-01T00:00:00Z
http://www.wikidata.org/entity/Q130920,http://www.wikidata.org/entity/Q4545849,FC Nuremberg II,,2005-01-01T00:00:00Z,
http://www.wikidata.org/entity/Q130920,http://www.wikidata.org/entity/Q15786,1. FC Nuremberg,14.0,2006-01-01T00:00:00Z,2014-01-01T00:00:00Z
http://www.wikidata.org/entity/Q130920,http://www.wikidata.org/entity/Q324854,équipe d'Allemagne de football des moins de 19 ans,1.0,2004-01-01T00:00:00Z,2004-01-01T00:00:00Z
http://www.wikidata.org/entity/Q133646,http://www.wikidata.org/entity/Q676088,Club Sportivo Italiano,4.0,2010-01-01T00:00:00Z,2010-01-01T00:00:00Z
http://www.wikidata.org/entity/Q133646,http://www.wikidata.org/entity/Q249612,Club Sport Emelec,,2014-01-01T00:00:00Z,2016-01-01T00:00:00Z
http://www.wikidata.org/entity/Q133646,http://www.wikidata.org/entity/Q1773830,Patronato de Paraná,10.0,2010-01-01T00:00:00Z,2010-01-01T00:00:00Z
http://www.wikidata.org/entity/Q133646,http://www.wikidata.org/entity/Q853053,CA Chacarita Juniors,2.0,2008-01-01T00:00:00Z,2009-01-01T00:00:00Z
http://www.wikidata.org/entity/Q133646,http://www.wikidata.org/entity/Q19513,Montpellier Hérault SC,41.0,2012-01-01T00:00:00Z,2014-01-01T00:00:00Z
http://www.wikidata.org/entity/Q133646,http://www.wikidata.org/entity/Q676088,Club Sportivo Italiano,,2009-01-01T00:00:00Z,2010-01-01T00:00:00Z
http://www.wikidata.org/entity/Q133646,http://www.wikidata.org/entity/Q318307,CA Rosario Central,,2008-01-01T00:00:00Z,2011-01-01T00:00:00Z
http://www.wikidata.org/entity/Q133646,http://www.wikidata.org/entity/Q602542,Foot Ball Club Melgar,,2017-01-01T00:00:00Z,
http://www.wikidata.org/entity/Q133646,http://www.wikidata.org/entity/Q1129059,Club de Deportes Unión Española,21.0,2012-01-01T00:00:00Z,2012-01-01T00:00:00Z
http://www.wikidata.org/entity/Q133646,http://www.wikidata.org/entity/Q2317166,Club Deportes Concepción,37.0,2011-01-01T00:00:00Z,2011-01-01T00:00:00Z
http://www.wikidata.org/entity/Q133646,http://www.wikidata.org/entity/Q849823,Tigres de la UANL,10.0,2014-01-01T00:00:00Z,2014-01-01T00:00:00Z
http://www.wikidata.org/entity/Q135120,http://www.wikidata.org/entity/Q155186,FC Carl Zeiss Iéna,278.0,1984-01-01T00:00:00Z,1994-01-01T00:00:00Z
http://www.wikidata.org/entity/Q135120,http://www.wikidata.org/entity/Q152424,équipe d'Allemagne de l'Est de football,3.0,1989-01-01T00:00:00Z,1990-01-01T00:00:00Z
http://www.wikidata.org/entity/Q135120,http://www.wikidata.org/entity/Q142005,FC Hansa Rostock,104.0,1995-01-01T00:00:00Z,2002-01-01T00:00:00Z
http://www.wikidata.org/entity/Q135120,http://www.wikidata.org/entity/Q15786,1. FC Nuremberg,33.0,1994-01-01T00:00:00Z,1995-01-01T00:00:00Z
http://www.wikidata.org/entity/Q198064,http://www.wikidata.org/entity/Q128446,Futebol Clube do Porto,47.0,2014-01-01T00:00:00Z,2017-01-01T00:00:00Z
http://www.wikidata.org/entity/Q198064,http://www.wikidata.org/entity/Q47050,équipe des Pays-Bas de football,36.0,2012-01-01T00:00:00Z,2022-01-01T00:00:00Z
http://www.wikidata.org/entity/Q198064,http://www.wikidata.org/entity/Q1811026,équipe des Pays-Bas espoirs de football,8.0,2012-01-01T00:00:00Z,2013-01-01T00:00:00Z
http://www.wikidata.org/entity/Q198064,http://www.wikidata.org/entity/Q601723,équipe des Pays-Bas de football des moins de 17 ans,3.0,2009-01-01T00:00:00Z,2009-01-01T00:00:00Z
http://www.wikidata.org/entity/Q198064,http://www.wikidata.org/entity/Q514714,équipe des Pays-Bas de football des moins de 19 ans,16.0,2010-01-01T00:00:00Z,2011-01-01T00:00:00Z
http://www.wikidata.org/entity/Q201990,http://www.wikidata.org/entity/Q18661,Middlesbrough FC,12.0,2002-01-01T00:00:00Z,2003-01-01T00:00:00Z
http://www.wikidata.org/entity/Q201990,http://www.wikidata.org/entity/Q646079,K Beerschot AC,9.0,1993-01-01T00:00:00Z,1993-01-01T00:00:00Z
http://www.wikidata.org/entity/Q201990,http://www.wikidata.org/entity/Q332642,NAC Breda,21.0,2005-01-01T00:00:00Z,2006-01-01T00:00:00Z
http://www.wikidata.org/entity/Q201990,http://www.wikidata.org/entity/Q3589775,équipe d'Australie de football des moins de 23 ans,18.0,1990-01-01T00:00:00Z,1992-01-01T00:00:00Z
http://www.wikidata.org/entity/Q201990,http://www.wikidata.org/entity/Q18662,Cardiff City F.C.,73.0,2003-01-01T00:00:00Z,2005-01-01T00:00:00Z
http://www.wikidata.org/entity/Q201990,http://www.wikidata.org/entity/Q268208,équipe d'Australie de football,76.0,1991-01-01T00:00:00Z,2006-01-01T00:00:00Z
http://www.wikidata.org/entity/Q201990,http://www.wikidata.org/entity/Q332642,NAC Breda,61.0,1995-01-01T00:00:00Z,1997-01-01T00:00:00Z
http://www.wikidata.org/entity/Q201990,http://www.wikidata.org/entity/Q19597,Rangers FC,104.0,1997-01-01T00:00:00Z,2002-01-01T00:00:00Z
http://www.wikidata.org/entity/Q201990,http://www.wikidata.org/entity/Q762294,Central Coast Mariners FC,33.0,2006-01-01T00:00:00Z,2008-01-01T00:00:00Z
http://www.wikidata.org/entity/Q201990,http://www.wikidata.org/entity/Q353970,Adelaide City Football Club,134.0,1989-01-01T00:00:00Z,1995-01-01T00:00:00Z
http://www.wikidata.org/entity/Q202099,http://www.wikidata.org/entity/Q537301,TSV Havelse,,2013-01-01T00:00:00Z,
http://www.wikidata.org/entity/Q202099,http://www.wikidata.org/entity/Q151747,Fortuna Düsseldorf,24.0,2006-01-01T00:00:00Z,2007-01-01T00:00:00Z
http://www.wikidata.org/entity/Q202099,http://www.wikidata.org/entity/Q155730,1. FC Magdebourg,64.0,2009-01-01T00:00:00Z,2012-01-01T00:00:00Z
http://www.wikidata.org/entity/Q202099,http://www.wikidata.org/entity/Q1188988,Global Football Club,6.0,2012-01-01T00:00:00Z,2012-01-01T00:00:00Z
http://www.wikidata.org/entity/Q202099,http://www.wikidata.org/entity/Q33748,Hanovre 96,4.0,2003-01-01T00:00:00Z,2003-01-01T00:00:00Z
http://www.wikidata.org/entity/Q202099,http://www.wikidata.org/entity/Q33748,Hanovre 96,4.0,2003-01-01T00:00:00Z,2005-01-01T00:00:00Z
http://www.wikidata.org/entity/Q202099,http://www.wikidata.org/entity/Q170107,FC Rot-Weiss Erfurt,56.0,2007-01-01T00:00:00Z,2009-01-01T00:00:00Z
http://www.wikidata.org/entity/Q202099,http://www.wikidata.org/entity/Q219854,équipe des Philippines de football,15.0,2012-01-01T00:00:00Z,2012-01-01T00:00:00Z
http://www.wikidata.org/entity/Q202099,http://www.wikidata.org/entity/Q151747,Fortuna Düsseldorf,31.0,2005-01-01T00:00:00Z,2006-01-01T00:00:00Z
http://www.wikidata.org/entity/Q202193,http://www.wikidata.org/entity/Q319136,St Mirren Football Club,48.0,1990-01-01T00:00:00Z,1992-01-01T00:00:00Z
http://www.wikidata.org/entity/Q202193,http://www.wikidata.org/entity/Q105861,VfL Bochum,120.0,1995-01-01T00:00:00Z,2002-01-01T00:00:00Z
http://www.wikidata.org/entity/Q202193,http://www.wikidata.org/entity/Q319136,St Mirren Football Club,5.0,1990-01-01T00:00:00Z,1990-01-01T00:00:00Z
http://www.wikidata.org/entity/Q202193,http://www.wikidata.org/entity/Q137499,FC Hombourg,49.0,1986-01-01T00:00:00Z,1988-01-01T00:00:00Z
http://www.wikidata.org/entity/Q202193,http://www.wikidata.org/entity/Q106394,SC Fribourg,90.0,1983-01-01T00:00:00Z,1986-01-01T00:00:00Z
http://www.wikidata.org/entity/Q202193,http://www.wikidata.org/entity/Q157464,KFC Uerdingen 05,36.0,1988-01-01T00:00:00Z,1990-01-01T00:00:00Z
http://www.wikidata.org/entity/Q202193,http://www.wikidata.org/entity/Q157463,1. FC Sarrebruck,96.0,1992-01-01T00:00:00Z,1995-01-01T00:00:00Z
http://www.wikidata.org/entity/Q202254,http://www.wikidata.org/entity/Q206350,équipe de Zambie de football,,2007-01-01T00:00:00Z,
http://www.wikidata.org/entity/Q202254,http://www.wikidata.org/entity/Q19512,Football Club Sochaux-Montbéliard,21.0,2013-01-01T00:00:00Z,2014-01-01T00:00:00Z
http://www.wikidata.org/entity/Q202254,http://www.wikidata.org/entity/Q286504,Zamalek Sporting Club,,2016-01-01T00:00:00Z,
http://www.wikidata.org/entity/Q202254,http://www.wikidata.org/entity/Q223728,Maccabi Tel-Aviv FC,41.0,2008-01-01T00:00:00Z,2010-01-01T00:00:00Z
http://www.wikidata.org/entity/Q202254,http://www.wikidata.org/entity/Q1547606,Kabwe Warriors Football Club,26.0,2006-01-01T00:00:00Z,2008-01-01T00:00:00Z
http://www.wikidata.org/entity/Q202254,http://www.wikidata.org/entity/Q190526,Berner Sport Club Young Boys,62.0,2010-01-01T00:00:00Z,2012-01-01T00:00:00Z
http://www.wikidata.org/entity/Q202254,http://www.wikidata.org/entity/Q18732,Southampton FC,16.0,2012-01-01T00:00:00Z,2015-01-01T00:00:00Z
http://www.wikidata.org/entity/Q202254,http://www.wikidata.org/entity/Q221525,FC Metz,10.0,2015-01-01T00:00:00Z,2016-01-01T00:00:00Z
http://www.wikidata.org/entity/Q202254,http://www.wikidata.org/entity/Q8065695,équipe de Zambie de football des moins de 20 ans,,2007-01-01T00:00:00Z,2007-01-01T00:00:00Z
http://www.wikidata.org/entity/Q202632,http://www.wikidata.org/entity/Q856119,Club Deportivo Leganés,0.0,2015-01-01T00:00:00Z,2016-01-01T00:00:00Z
http://www.wikidata.org/entity/Q202632,http://www.wikidata.org/entity/Q7082139,Oklahoma City FC,,2016-01-01T00:00:00Z,
http://www.wikidata.org/entity/Q202632,http://www.wikidata.org/entity/Q8760,Deportivo LC,,2007-01-01T00:00:00Z,2009-01-01T00:00:00Z
http://www.wikidata.org/entity/Q202632,http://www.wikidata.org/entity/Q244595,Újpest Football Club,19.0,2013-01-01T00:00:00Z,2014-01-01T00:00:00Z
http://www.wikidata.org/entity/Q202632,http://www.wikidata.org/entity/Q12217,Real Madrid Castilla,52.0,2009-01-01T00:00:00Z,2011-01-01T00:00:00Z
http://www.wikidata.org/entity/Q202632,http://www.wikidata.org/entity/Q151747,Fortuna Düsseldorf,34.0,2011-01-01T00:00:00Z,2013-01-01T00:00:00Z
http://www.wikidata.org/entity/Q202632,http://www.wikidata.org/entity/Q12249,Recreativo de Huelva,26.0,2014-01-01T00:00:00Z,2015-01-01T00:00:00Z
http://www.wikidata.org/entity/Q204805,http://www.wikidata.org/entity/Q1450568,équipe de France de football des moins de 17 ans,,2002-01-01T00:00:00Z,2004-01-01T00:00:00Z
http://www.wikidata.org/entity/Q204805,http://www.wikidata.org/entity/Q497637,équipe des Comores de football,1.0,2011-01-01T00:00:00Z,2011-01-01T00:00:00Z
http://www.wikidata.org/entity/Q204805,http://www.wikidata.org/entity/Q208399,SC Bastia,25.0,2002-01-01T00:00:00Z,2008-01-01T00:00:00Z
http://www.wikidata.org/entity/Q204805,http://www.wikidata.org/entity/Q1450557,équipe de France de football des moins de 18 ans,20.0,2004-01-01T00:00:00Z,2004-01-01T00:00:00Z
http://www.wikidata.org/entity/Q204805,http://www.wikidata.org/entity/Q298235,AS Beauvais Oise,55.0,2009-01-01T00:00:00Z,2011-01-01T00:00:00Z
http://www.wikidata.org/entity/Q204805,http://www.wikidata.org/entity/Q333838,Thonon Évian Grand Genève Football Club,24.0,2008-01-01T00:00:00Z,2009-01-01T00:00:00Z
http://www.wikidata.org/entity/Q205305,http://www.wikidata.org/entity/Q107818,FC Energie Cottbus,169.0,1989-01-01T00:00:00Z,1998-01-01T00:00:00Z
http://www.wikidata.org/entity/Q205305,http://www.wikidata.org/entity/Q6463,FC Sankt Pauli,22.0,2001-01-01T00:00:00Z,2002-01-01T00:00:00Z
http://www.wikidata.org/entity/Q205305,http://www.wikidata.org/entity/Q310608,SC Fortuna Cologne,34.0,1998-01-01T00:00:00Z,2000-01-01T00:00:00Z
http://www.wikidata.org/entity/Q205305,http://www.wikidata.org/entity/Q832292,FV Dresden 06,13.0,2003-01-01T00:00:00Z,2003-01-01T00:00:00Z
http://www.wikidata.org/entity/Q205305,http://www.wikidata.org/entity/Q161034,SV Wacker Burghausen,15.0,2002-01-01T00:00:00Z,2003-01-01T00:00:00Z
http://www.wikidata.org/entity/Q205305,http://www.wikidata.org/entity/Q107818,FC Energie Cottbus,0.0,2000-01-01T00:00:00Z,2000-01-01T00:00:00Z
http://www.wikidata.org/entity/Q207152,http://www.wikidata.org/entity/Q154293,MSV Duisbourg,,2014-01-01T00:00:00Z,
http://www.wikidata.org/entity/Q207152,http://www.wikidata.org/entity/Q310621,SV Wehen Wiesbaden,98.0,2010-01-01T00:00:00Z,2013-01-01T00:00:00Z
http://www.wikidata.org/entity/Q207152,http://www.wikidata.org/entity/Q105844,DSC Arminia Bielefeld,83.0,2004-01-01T00:00:00Z,2010-01-01T00:00:00Z
http://www.wikidata.org/entity/Q207152,http://www.wikidata.org/entity/Q17521353,Arminia Bielefeld II,83.0,2004-01-01T00:00:00Z,2010-01-01T00:00:00Z
http://www.wikidata.org/entity/Q207152,http://www.wikidata.org/entity/Q141882,FC Erzgebirge Aue,22.0,2013-01-01T00:00:00Z,2014-01-01T00:00:00Z
http://www.wikidata.org/entity/Q207399,http://www.wikidata.org/entity/Q81888,Ajax Amsterdam,25.0,2009-01-01T00:00:00Z,2010-01-01T00:00:00Z
http://www.wikidata.org/entity/Q207399,http://www.wikidata.org/entity/Q1140595,FK Obilić Belgrade,5.0,2002-01-01T00:00:00Z,2003-01-01T00:00:00Z
http://www.wikidata.org/entity/Q207399,http://www.wikidata.org/entity/Q182740,équipe de Serbie de football,43.0,2003-01-01T00:00:00Z,2011-01-01T00:00:00Z
http://www.wikidata.org/entity/Q207399,http://www.wikidata.org/entity/Q124007617,SK Sturm Graz,3.0,1999-01-01T00:00:00Z,1999-01-01T00:00:00Z
http://www.wikidata.org/entity/Q207399,http://www.wikidata.org/entity/Q669130,Yverdon-Sport FC,3.0,2000-01-01T00:00:00Z,2000-01-01T00:00:00Z
http://www.wikidata.org/entity/Q207399,http://www.wikidata.org/entity/Q1131732,équipe de Serbie-et-Monténégro de football,3.0,2003-01-01T00:00:00Z,2004-01-01T00:00:00Z
http://www.wikidata.org/entity/Q207399,http://www.wikidata.org/entity/Q173009,Étoile rouge Belgrade,44.0,2004-01-01T00:00:00Z,2005-01-01T00:00:00Z
http://www.wikidata.org/entity/Q207399,http://www.wikidata.org/entity/Q8749,Celta de Vigo,,1999-01-01T00:00:00Z,2000-01-01T00:00:00Z
http://www.wikidata.org/entity/Q207399,http://www.wikidata.org/entity/Q102720,Hertha BSC,114.0,2005-01-01T00:00:00Z,2009-01-01T00:00:00Z
http://www.wikidata.org/entity/Q207399,http://www.wikidata.org/entity/Q13416768,GS Iraklis Thessalonique,8.0,1995-01-01T00:00:00Z,1996-01-01T00:00:00Z
http://www.wikidata.org/entity/Q207399,http://www.wikidata.org/entity/Q421940,FC Smederevo,31.0,2003-01-01T00:00:00Z,2004-01-01T00:00:00Z
http://www.wikidata.org/entity/Q207399,http://www.wikidata.org/entity/Q19628,Olympiakós,38.0,2010-01-01T00:00:00Z,2013-01-01T00:00:00Z
http://www.wikidata.org/entity/Q207399,http://www.wikidata.org/entity/Q309456,FC Lausanne-Sport,21.0,1998-01-01T00:00:00Z,1999-01-01T00:00:00Z
http://www.wikidata.org/entity/Q207399,http://www.wikidata.org/entity/Q483020,Paris Saint-Germain FC,,1997-01-01T00:00:00Z,1999-01-01T00:00:00Z
http://www.wikidata.org/entity/Q207644,http://www.wikidata.org/entity/Q745246,Club Santos Laguna,4.0,2008-01-01T00:00:00Z,2008-01-01T00:00:00Z
http://www.wikidata.org/entity/Q207644,http://www.wikidata.org/entity/Q308683,Fire de Chicago,95.0,2007-01-01T00:00:00Z,2009-01-01T00:00:00Z
http://www.wikidata.org/entity/Q207644,http://www.wikidata.org/entity/Q10319,Real Valladolid,23.0,2000-01-01T00:00:00Z,2002-01-01T00:00:00Z
http://www.wikidata.org/entity/Q207644,http://www.wikidata.org/entity/Q1280895,Club Necaxa,28.0,1997-01-01T00:00:00Z,1998-01-01T00:00:00Z
http://www.wikidata.org/entity/Q207644,http://www.wikidata.org/entity/Q646596,CF Puebla,19.0,2014-01-01T00:00:00Z,2015-01-01T00:00:00Z
http://www.wikidata.org/entity/Q207644,http://www.wikidata.org/entity/Q164089,équipe du Mexique de football,120.0,1995-01-01T00:00:00Z,2014-01-01T00:00:00Z
http://www.wikidata.org/entity/Q207644,http://www.wikidata.org/entity/Q1023235,Tiburones Rojos Veracruz,14.0,2010-01-01T00:00:00Z,2010-01-01T00:00:00Z
http://www.wikidata.org/entity/Q207644,http://www.wikidata.org/entity/Q459090,Club América,333.0,1992-01-01T00:00:00Z,2007-01-01T00:00:00Z
http://www.wikidata.org/entity/Q207644,http://www.wikidata.org/entity/Q459090,Club América,1.0,2016-01-01T00:00:00Z,2016-01-01T00:00:00Z
http://www.wikidata.org/entity/Q207644,http://www.wikidata.org/entity/Q1023235,Tiburones Rojos Veracruz,13.0,2004-01-01T00:00:00Z,2004-01-01T00:00:00Z
http://www.wikidata.org/entity/Q207644,http://www.wikidata.org/entity/Q1243720,Dorados de Sinaloa,40.0,2012-01-01T00:00:00Z,2013-01-01T00:00:00Z
http://www.wikidata.org/entity/Q207644,http://www.wikidata.org/entity/Q1570132,Lobos de la BUAP,22.0,2013-01-01T00:00:00Z,2014-01-01T00:00:00Z
http://www.wikidata.org/entity/Q198064,http://www.wikidata.org/entity/Q18736,Stoke City FC,35.0,2016-01-01T00:00:00Z,2017-01-01T00:00:00Z
http://www.wikidata.org/entity/Q198064,http://www.wikidata.org/entity/Q191264,AZ Alkmaar,27.0,2020-01-01T00:00:00Z,2021-01-01T00:00:00Z
http://www.wikidata.org/entity/Q198064,http://www.wikidata.org/entity/Q191264,AZ Alkmaar,59.0,2021-01-01T00:00:00Z,2025-01-01T00:00:00Z
http://www.wikidata.org/entity/Q198064,http://www.wikidata.org/entity/Q18736,Stoke City FC,89.0,2017-01-01T00:00:00Z,2021-01-01T00:00:00Z
http://www.wikidata.org/entity/Q198064,http://www.wikidata.org/entity/Q209895,Sparta Rotterdam,11.0,2025-01-01T00:00:00Z,
http://www.wikidata.org/entity/Q165336,http://www.wikidata.org/entity/Q5187078,équipe de Croatie de football des moins de 20 ans,1.0,2004-01-01T00:00:00Z,2004-01-01T00:00:00Z
http://www.wikidata.org/entity/Q165336,http://www.wikidata.org/entity/Q130673,NK Varaždin,,2001-01-01T00:00:00Z,2002-01-01T00:00:00Z
http://www.wikidata.org/entity/Q165336,http://www.wikidata.org/entity/Q368909,NK Slaven Belupo,149.0,2004-01-01T00:00:00Z,2010-01-01T00:00:00Z
http://www.wikidata.org/entity/Q165336,http://www.wikidata.org/entity/Q368909,NK Slaven Belupo,2.0,2011-01-01T00:00:00Z,2012-01-01T00:00:00Z
http://www.wikidata.org/entity/Q165336,http://www.wikidata.org/entity/Q154293,MSV Duisbourg,8.0,2008-01-01T00:00:00Z,2008-01-01T00:00:00Z
http://www.wikidata.org/entity/Q165336,http://www.wikidata.org/entity/Q1129387,Klubit Futbollistik Shkëndija,55.0,2014-01-01T00:00:00Z,2016-01-01T00:00:00Z
http://www.wikidata.org/entity/Q165455,http://www.wikidata.org/entity/Q797530,Istres FC,2.0,2004-01-01T00:00:00Z,2004-01-01T00:00:00Z
http://www.wikidata.org/entity/Q165455,http://www.wikidata.org/entity/Q19451,Bolton Wanderers FC,0.0,2002-01-01T00:00:00Z,2004-01-01T00:00:00Z
http://www.wikidata.org/entity/Q165455,http://www.wikidata.org/entity/Q797530,Istres FC,2.0,2004-01-01T00:00:00Z,2005-01-01T00:00:00Z
http://www.wikidata.org/entity/Q165455,http://www.wikidata.org/entity/Q19585,Royal Charleroi SC,14.0,2005-01-01T00:00:00Z,2006-01-01T00:00:00Z
http://www.wikidata.org/entity/Q165455,http://www.wikidata.org/entity/Q291937,AFC Tubize,16.0,2008-01-01T00:00:00Z,2009-01-01T00:00:00Z
http://www.wikidata.org/entity/Q165455,http://www.wikidata.org/entity/Q298267,AS Cannes,17.0,1998-01-01T00:00:00Z,2002-01-01T00:00:00Z
http://www.wikidata.org/entity/Q165455,http://www.wikidata.org/entity/Q746046,Assyriska FF,18.0,2007-01-01T00:00:00Z,2007-01-01T00:00:00Z
http://www.wikidata.org/entity/Q165455,http://www.wikidata.org/entity/Q50826396,Neuchâtel Xamax,24.0,2003-01-01T00:00:00Z,2004-01-01T00:00:00Z
http://www.wikidata.org/entity/Q165455,http://www.wikidata.org/entity/Q50826396,Neuchâtel Xamax,11.0,2005-01-01T00:00:00Z,2005-01-01T00:00:00Z
http://www.wikidata.org/entity/Q165455,http://www.wikidata.org/entity/Q746046,Assyriska FF,18.0,2007-01-01T00:00:00Z,2008-01-01T00:00:00Z
http://www.wikidata.org/entity/Q166658,http://www.wikidata.org/entity/Q16344,AC Pérouse Calcio,0.0,2001-01-01T00:00:00Z,2002-01-01T00:00:00Z
http://www.wikidata.org/entity/Q166658,http://www.wikidata.org/entity/Q866869,W Connection FC,,2001-01-01T00:00:00Z,2001-01-01T00:00:00Z
http://www.wikidata.org/entity/Q166658,http://www.wikidata.org/entity/Q1062259,Yokohama Football Club,20.0,2005-01-01T00:00:00Z,2005-01-01T00:00:00Z
http://www.wikidata.org/entity/Q166658,http://www.wikidata.org/entity/Q1785447,Società Sportiva Sambenedettese Calcio,3.0,2002-01-01T00:00:00Z,2002-01-01T00:00:00Z
http://www.wikidata.org/entity/Q166658,http://www.wikidata.org/entity/Q192149,équipe de Trinité-et-Tobago de football,41.0,2002-01-01T00:00:00Z,2009-01-01T00:00:00Z
http://www.wikidata.org/entity/Q166658,http://www.wikidata.org/entity/Q172803,Dinamo Zagreb,0.0,2004-01-01T00:00:00Z,2005-01-01T00:00:00Z
http://www.wikidata.org/entity/Q166658,http://www.wikidata.org/entity/Q866869,W Connection FC,,2006-01-01T00:00:00Z,2007-01-01T00:00:00Z
http://www.wikidata.org/entity/Q166658,http://www.wikidata.org/entity/Q18529,Wrexham FC,50.0,2007-01-01T00:00:00Z,2010-01-01T00:00:00Z
http://www.wikidata.org/entity/Q166658,http://www.wikidata.org/entity/Q866869,W Connection FC,,2002-01-01T00:00:00Z,2004-01-01T00:00:00Z
http://www.wikidata.org/entity/Q166658,http://www.wikidata.org/entity/Q866869,W Connection FC,,2010-01-01T00:00:00Z,
http://www.wikidata.org/entity/Q166703,http://www.wikidata.org/entity/Q214374,Lillestrøm SK,0.0,1988-01-01T00:00:00Z,1988-01-01T00:00:00Z
http://www.wikidata.org/entity/Q166703,http://www.wikidata.org/entity/Q216131,Fredrikstad FK,38.0,2002-01-01T00:00:00Z,2003-01-01T00:00:00Z
http://www.wikidata.org/entity/Q166703,http://www.wikidata.org/entity/Q201567,IFK Göteborg,60.0,1990-01-01T00:00:00Z,1992-01-01T00:00:00Z
http://www.wikidata.org/entity/Q166703,http://www.wikidata.org/entity/Q19601,Oldham Athletic AFC,13.0,1993-01-01T00:00:00Z,1994-01-01T00:00:00Z
http://www.wikidata.org/entity/Q166703,http://www.wikidata.org/entity/Q3954713,Selbak TIF,,1987-01-01T00:00:00Z,1987-01-01T00:00:00Z
http://www.wikidata.org/entity/Q166703,http://www.wikidata.org/entity/Q205685,SK Brann,1.0,1994-01-01T00:00:00Z,1994-01-01T00:00:00Z
http://www.wikidata.org/entity/Q166703,http://www.wikidata.org/entity/Q19482,Wimbledon Football Club,6.0,1999-01-01T00:00:00Z,2001-01-01T00:00:00Z
http://www.wikidata.org/entity/Q166703,http://www.wikidata.org/entity/Q205685,SK Brann,12.0,1995-01-01T00:00:00Z,1995-01-01T00:00:00Z
http://www.wikidata.org/entity/Q166703,http://www.wikidata.org/entity/Q38245,Eintracht Francfort,20.0,1998-01-01T00:00:00Z,1999-01-01T00:00:00Z
http://www.wikidata.org/entity/Q166703,http://www.wikidata.org/entity/Q630279,Sanfrecce Hiroshima,14.0,1994-01-01T00:00:00Z,1995-01-01T00:00:00Z
http://www.wikidata.org/entity/Q166703,http://www.wikidata.org/entity/Q216131,Fredrikstad FK,22.0,1989-01-01T00:00:00Z,1989-01-01T00:00:00Z
http://www.wikidata.org/entity/Q166703,http://www.wikidata.org/entity/Q3954713,Selbak TIF,,2004-01-01T00:00:00Z,2005-01-01T00:00:00Z
http://www.wikidata.org/entity/Q166703,http://www.wikidata.org/entity/Q184387,équipe de Norvège de football,45.0,1990-01-01T00:00:00Z,1999-01-01T00:00:00Z
http://www.wikidata.org/entity/Q166703,http://www.wikidata.org/entity/Q205685,SK Brann,22.0,1993-01-01T00:00:00Z,1993-01-01T00:00:00Z
http://www.wikidata.org/entity/Q166703,http://www.wikidata.org/entity/Q19446,Blackburn Rovers FC,5.0,1997-01-01T00:00:00Z,1998-01-01T00:00:00Z
http://www.wikidata.org/entity/Q166703,http://www.wikidata.org/entity/Q6463,FC Sankt Pauli,37.0,1995-01-01T00:00:00Z,1997-01-01T00:00:00Z
http://www.wikidata.org/entity/Q168541,http://www.wikidata.org/entity/Q18721,Norwich City FC,212.0,1998-01-01T00:00:00Z,2004-01-01T00:00:00Z
http://www.wikidata.org/entity/Q168541,http://www.wikidata.org/entity/Q852753,Queen's Park FC,70.0,1990-01-01T00:00:00Z,1993-01-01T00:00:00Z
http://www.wikidata.org/entity/Q168541,http://www.wikidata.org/entity/Q2714,Watford Football Club,52.0,2005-01-01T00:00:00Z,2008-01-01T00:00:00Z
http://www.wikidata.org/entity/Q168541,http://www.wikidata.org/entity/Q18721,Norwich City FC,1.0,1998-01-01T00:00:00Z,1998-01-01T00:00:00Z
http://www.wikidata.org/entity/Q168541,http://www.wikidata.org/entity/Q19593,Celtic FC,34.0,1993-01-01T00:00:00Z,1998-01-01T00:00:00Z
http://www.wikidata.org/entity/Q168541,http://www.wikidata.org/entity/Q18747,West Ham United FC,18.0,2004-01-01T00:00:00Z,2005-01-01T00:00:00Z
http://www.wikidata.org/entity/Q168541,http://www.wikidata.org/entity/Q34044,équipe d'Écosse de football,5.0,2004-01-01T00:00:00Z,2004-01-01T00:00:00Z
http://www.wikidata.org/entity/Q168944,http://www.wikidata.org/entity/Q105844,DSC Arminia Bielefeld,36.0,1995-01-01T00:00:00Z,2002-01-01T00:00:00Z
http://www.wikidata.org/entity/Q168944,http://www.wikidata.org/entity/Q15755,FC Augsbourg,116.0,2002-01-01T00:00:00Z,2007-01-01T00:00:00Z
http://www.wikidata.org/entity/Q168944,http://www.wikidata.org/entity/Q316865,SC Preußen Münster,,1991-01-01T00:00:00Z,1993-01-01T00:00:00Z
http://www.wikidata.org/entity/Q168944,http://www.wikidata.org/entity/Q210530,NK Maribor,,1990-01-01T00:00:00Z,1991-01-01T00:00:00Z
http://www.wikidata.org/entity/Q168944,http://www.wikidata.org/entity/Q666010,SC Verl,23.0,1993-01-01T00:00:00Z,1995-01-01T00:00:00Z
http://www.wikidata.org/entity/Q169158,http://www.wikidata.org/entity/Q2628838,FK Radnički Jugopetrol Belgrade,86.0,1992-01-01T00:00:00Z,1995-01-01T00:00:00Z
http://www.wikidata.org/entity/Q169158,http://www.wikidata.org/entity/Q757098,FK Rad Belgrade,5.0,1990-01-01T00:00:00Z,1990-01-01T00:00:00Z
http://www.wikidata.org/entity/Q169158,http://www.wikidata.org/entity/Q431139,Sutjeska Nikšić,63.0,1989-01-01T00:00:00Z,1992-01-01T00:00:00Z
http://www.wikidata.org/entity/Q169158,http://www.wikidata.org/entity/Q757098,FK Rad Belgrade,86.0,1992-01-01T00:00:00Z,1995-01-01T00:00:00Z
http://www.wikidata.org/entity/Q169158,http://www.wikidata.org/entity/Q207501,FK Vojvodina Novi Sad,33.0,2002-01-01T00:00:00Z,2004-01-01T00:00:00Z
http://www.wikidata.org/entity/Q169158,http://www.wikidata.org/entity/Q10286,Club Atlético Osasuna,6.0,1996-01-01T00:00:00Z,1996-01-01T00:00:00Z
http://www.wikidata.org/entity/Q169158,http://www.wikidata.org/entity/Q207501,FK Vojvodina Novi Sad,12.0,1995-01-01T00:00:00Z,1996-01-01T00:00:00Z
http://www.wikidata.org/entity/Q169158,http://www.wikidata.org/entity/Q207501,FK Vojvodina Novi Sad,34.0,1996-01-01T00:00:00Z,1998-01-01T00:00:00Z
http://www.wikidata.org/entity/Q169158,http://www.wikidata.org/entity/Q50826396,Neuchâtel Xamax,1.0,1995-01-01T00:00:00Z,1995-01-01T00:00:00Z
http://www.wikidata.org/entity/Q169158,http://www.wikidata.org/entity/Q1277456,Panachaïkí,7.0,2004-01-01T00:00:00Z,2005-01-01T00:00:00Z
http://www.wikidata.org/entity/Q169158,http://www.wikidata.org/entity/Q170134,SV Waldhof Mannheim,4.0,2001-01-01T00:00:00Z,2002-01-01T00:00:00Z
http://www.wikidata.org/entity/Q169158,http://www.wikidata.org/entity/Q105861,VfL Bochum,37.0,1998-01-01T00:00:00Z,2001-01-01T00:00:00Z
http://www.wikidata.org/entity/Q173824,http://www.wikidata.org/entity/Q19470,Derby County FC,41.0,1998-01-01T00:00:00Z,2000-01-01T00:00:00Z
http://www.wikidata.org/entity/Q173824,http://www.wikidata.org/entity/Q1128631,Leeds United,171.0,1991-01-01T00:00:00Z,1997-01-01T00:00:00Z
http://www.wikidata.org/entity/Q173824,http://www.wikidata.org/entity/Q204238,équipe d'Angleterre espoirs de football,11.0,1986-01-01T00:00:00Z,1988-01-01T00:00:00Z
http://www.wikidata.org/entity/Q173824,http://www.wikidata.org/entity/Q9616,Chelsea FC,146.0,1987-01-01T00:00:00Z,1991-01-01T00:00:00Z
http://www.wikidata.org/entity/Q173824,http://www.wikidata.org/entity/Q18736,Stoke City FC,36.0,2000-01-01T00:00:00Z,2001-01-01T00:00:00Z
http://www.wikidata.org/entity/Q173824,http://www.wikidata.org/entity/Q2768,Torino Football Club,30.0,1997-01-01T00:00:00Z,1998-01-01T00:00:00Z
http://www.wikidata.org/entity/Q173824,http://www.wikidata.org/entity/Q18711,Aston Villa FC,111.0,1983-01-01T00:00:00Z,1987-01-01T00:00:00Z
http://www.wikidata.org/entity/Q173824,http://www.wikidata.org/entity/Q47762,équipe d'Angleterre de football,15.0,1989-01-01T00:00:00Z,1993-01-01T00:00:00Z
http://www.wikidata.org/entity/Q173824,http://www.wikidata.org/entity/Q1110944,équipe d'Angleterre de football B,7.0,1989-01-01T00:00:00Z,1992-01-01T00:00:00Z
http://www.wikidata.org/entity/Q174333,http://www.wikidata.org/entity/Q18662,Cardiff City F.C.,29.0,2010-01-01T00:00:00Z,2012-01-01T00:00:00Z
http://www.wikidata.org/entity/Q174333,http://www.wikidata.org/entity/Q204238,équipe d'Angleterre espoirs de football,3.0,2000-01-01T00:00:00Z,2001-01-01T00:00:00Z
http://www.wikidata.org/entity/Q174333,http://www.wikidata.org/entity/Q19470,Derby County FC,4.0,2014-01-01T00:00:00Z,2015-01-01T00:00:00Z
http://www.wikidata.org/entity/Q174333,http://www.wikidata.org/entity/Q48843,Accrington Stanley Football Club,13.0,2013-01-01T00:00:00Z,2014-01-01T00:00:00Z
http://www.wikidata.org/entity/Q174333,http://www.wikidata.org/entity/Q19593,Celtic FC,100.0,2006-01-01T00:00:00Z,2010-01-01T00:00:00Z
http://www.wikidata.org/entity/Q174333,http://www.wikidata.org/entity/Q19500,Wolverhampton Wanderers F.C.,293.0,1997-01-01T00:00:00Z,2006-01-01T00:00:00Z
http://www.wikidata.org/entity/Q174375,http://www.wikidata.org/entity/Q107818,FC Energie Cottbus,65.0,2001-01-01T00:00:00Z,2004-01-01T00:00:00Z
http://www.wikidata.org/entity/Q174375,http://www.wikidata.org/entity/Q181190,équipe de Bosnie-Herzégovine de football,12.0,1999-01-01T00:00:00Z,2002-01-01T00:00:00Z
http://www.wikidata.org/entity/Q174375,http://www.wikidata.org/entity/Q700029,VFC Plauen,52.0,2006-01-01T00:00:00Z,2008-01-01T00:00:00Z
http://www.wikidata.org/entity/Q174375,http://www.wikidata.org/entity/Q162220,1. FC Eschborn,5.0,2006-01-01T00:00:00Z,2006-01-01T00:00:00Z
http://www.wikidata.org/entity/Q174375,http://www.wikidata.org/entity/Q31533,NK Celje,43.0,1996-01-01T00:00:00Z,1998-01-01T00:00:00Z
http://www.wikidata.org/entity/Q174375,http://www.wikidata.org/entity/Q155186,FC Carl Zeiss Iéna,50.0,2004-01-01T00:00:00Z,2005-01-01T00:00:00Z
http://www.wikidata.org/entity/Q174375,http://www.wikidata.org/entity/Q457460,SV Ried,85.0,1998-01-01T00:00:00Z,2000-01-01T00:00:00Z
http://www.wikidata.org/entity/Q174375,http://www.wikidata.org/entity/Q316741,VfB Pößneck,31.0,2008-01-01T00:00:00Z,2010-01-01T00:00:00Z
http://www.wikidata.org/entity/Q174375,http://www.wikidata.org/entity/Q209619,OFK Belgrade,1.0,1993-01-01T00:00:00Z,1994-01-01T00:00:00Z
http://www.wikidata.org/entity/Q174661,http://www.wikidata.org/entity/Q33748,Hanovre 96,144.0,2004-01-01T00:00:00Z,2010-01-01T00:00:00Z
http://www.wikidata.org/entity/Q174661,http://www.wikidata.org/entity/Q162427,1. FC Wunstorf,23.0,2011-01-01T00:00:00Z,2011-01-01T00:00:00Z
http://www.wikidata.org/entity/Q174661,http://www.wikidata.org/entity/Q571553,SV Babelsberg 03,22.0,2010-01-01T00:00:00Z,2011-01-01T00:00:00Z
http://www.wikidata.org/entity/Q174674,http://www.wikidata.org/entity/Q19458,Burnley FC,1.0,2008-01-01T00:00:00Z,2011-01-01T00:00:00Z
http://www.wikidata.org/entity/Q174674,http://www.wikidata.org/entity/Q514714,équipe des Pays-Bas de football des moins de 19 ans,4.0,1997-01-01T00:00:00Z,1998-01-01T00:00:00Z
http://www.wikidata.org/entity/Q174674,http://www.wikidata.org/entity/Q854167,Fortuna Sittard,4.0,2000-01-01T00:00:00Z,2000-01-01T00:00:00Z
http://www.wikidata.org/entity/Q174674,http://www.wikidata.org/entity/Q1811026,équipe des Pays-Bas espoirs de football,9.0,1999-01-01T00:00:00Z,2001-01-01T00:00:00Z
http://www.wikidata.org/entity/Q174674,http://www.wikidata.org/entity/Q219233,Vitesse Arnhem,70.0,2005-01-01T00:00:00Z,2008-01-01T00:00:00Z
http://www.wikidata.org/entity/Q174674,http://www.wikidata.org/entity/Q219233,Vitesse Arnhem,82.0,1997-01-01T00:00:00Z,2002-01-01T00:00:00Z
http://www.wikidata.org/entity/Q135136,http://www.wikidata.org/entity/Q2713491,équipe d'Espagne de football des moins de 19 ans,8.0,2013-01-01T00:00:00Z,2013-01-01T00:00:00Z
http://www.wikidata.org/entity/Q135136,http://www.wikidata.org/entity/Q5202721,Córdoba CF B,15.0,2011-01-01T00:00:00Z,2013-01-01T00:00:00Z
http://www.wikidata.org/entity/Q135136,http://www.wikidata.org/entity/Q10499,Córdoba CF,20.0,2014-01-01T00:00:00Z,2015-01-01T00:00:00Z
http://www.wikidata.org/entity/Q135136,http://www.wikidata.org/entity/Q2356290,équipe d'Espagne de football des moins de 20 ans,6.0,2012-01-01T00:00:00Z,2013-01-01T00:00:00Z
http://www.wikidata.org/entity/Q135136,http://www.wikidata.org/entity/Q10499,Córdoba CF,60.0,2011-01-01T00:00:00Z,2013-01-01T00:00:00Z
http://www.wikidata.org/entity/Q135136,http://www.wikidata.org/entity/Q187528,RSC Anderlecht,,2015-01-01T00:00:00Z,2016-01-01T00:00:00Z
http://www.wikidata.org/entity/Q135136,http://www.wikidata.org/entity/Q576285,Albacete Balompié,2.0,2016-01-01T00:00:00Z,2016-01-01T00:00:00Z
http://www.wikidata.org/entity/Q135136,http://www.wikidata.org/entity/Q370206,KV Ostende,10.0,2014-01-01T00:00:00Z,2014-01-01T00:00:00Z
http://www.wikidata.org/entity/Q135136,http://www.wikidata.org/entity/Q2713491,équipe d'Espagne de football des moins de 19 ans,8.0,2012-01-01T00:00:00Z,2012-01-01T00:00:00Z
http://www.wikidata.org/entity/Q135136,http://www.wikidata.org/entity/Q187528,RSC Anderlecht,,2013-01-01T00:00:00Z,2014-01-01T00:00:00Z
http://www.wikidata.org/entity/Q135136,http://www.wikidata.org/entity/Q3589784,équipe d'Espagne de football des moins de 18 ans,2.0,2012-01-01T00:00:00Z,2012-01-01T00:00:00Z
http://www.wikidata.org/entity/Q135136,http://www.wikidata.org/entity/Q2310295,équipe d'Espagne de football des moins de 17 ans,6.0,2010-01-01T00:00:00Z,2011-01-01T00:00:00Z
http://www.wikidata.org/entity/Q135267,http://www.wikidata.org/entity/Q4512,VfB Stuttgart,14.0,1994-01-01T00:00:00Z,1995-01-01T00:00:00Z
http://www.wikidata.org/entity/Q135267,http://www.wikidata.org/entity/Q6463,FC Sankt Pauli,88.0,2004-01-01T00:00:00Z,2007-01-01T00:00:00Z
http://www.wikidata.org/entity/Q135267,http://www.wikidata.org/entity/Q6463,FC Sankt Pauli,31.0,1995-01-01T00:00:00Z,1996-01-01T00:00:00Z
http://www.wikidata.org/entity/Q135267,http://www.wikidata.org/entity/Q212819,Vålerenga Fotball,10.0,2001-01-01T00:00:00Z,2002-01-01T00:00:00Z
http://www.wikidata.org/entity/Q135267,http://www.wikidata.org/entity/Q33748,Hanovre 96,13.0,2000-01-01T00:00:00Z,2002-01-01T00:00:00Z
http://www.wikidata.org/entity/Q135267,http://www.wikidata.org/entity/Q157828,SV Holstein Kiel,10.0,2007-01-01T00:00:00Z,2008-01-01T00:00:00Z
http://www.wikidata.org/entity/Q135267,http://www.wikidata.org/entity/Q212819,Vålerenga Fotball,10.0,2001-01-01T00:00:00Z,2001-01-01T00:00:00Z
http://www.wikidata.org/entity/Q135267,http://www.wikidata.org/entity/Q102720,Hertha BSC,60.0,1996-01-01T00:00:00Z,1998-01-01T00:00:00Z
http://www.wikidata.org/entity/Q135267,http://www.wikidata.org/entity/Q566176,Lichterfelder FC Berlin,68.0,1992-01-01T00:00:00Z,1994-01-01T00:00:00Z
http://www.wikidata.org/entity/Q135267,http://www.wikidata.org/entity/Q154053,Eintracht Brunswick,66.0,2002-01-01T00:00:00Z,2004-01-01T00:00:00Z
http://www.wikidata.org/entity/Q135267,http://www.wikidata.org/entity/Q270080,équipe de république démocratique du Congo de football,33.0,1996-01-01T00:00:00Z,2004-01-01T00:00:00Z
http://www.wikidata.org/entity/Q135267,http://www.wikidata.org/entity/Q131603,TSV Munich 1860,15.0,1998-01-01T00:00:00Z,2000-01-01T00:00:00Z
http://www.wikidata.org/entity/Q135438,http://www.wikidata.org/entity/Q189671,FC Bâle,112.0,2002-01-01T00:00:00Z,2005-01-01T00:00:00Z
http://www.wikidata.org/entity/Q135438,http://www.wikidata.org/entity/Q50826396,Neuchâtel Xamax,51.0,2007-01-01T00:00:00Z,2010-01-01T00:00:00Z
http://www.wikidata.org/entity/Q135438,http://www.wikidata.org/entity/Q791164,Avispa Fukuoka,11.0,1997-01-01T00:00:00Z,1997-01-01T00:00:00Z
http://www.wikidata.org/entity/Q135438,http://www.wikidata.org/entity/Q192071,Football Club de Nantes,36.0,2006-01-01T00:00:00Z,2007-01-01T00:00:00Z
http://www.wikidata.org/entity/Q135438,http://www.wikidata.org/entity/Q633521,FC Lugano,108.0,1998-01-01T00:00:00Z,2002-01-01T00:00:00Z
http://www.wikidata.org/entity/Q135438,http://www.wikidata.org/entity/Q15799,Club Atlético River Plate,11.0,1995-01-01T00:00:00Z,1998-01-01T00:00:00Z
http://www.wikidata.org/entity/Q135438,http://www.wikidata.org/entity/Q335195,Neuchâtel Xamax FCS,,2010-01-01T00:00:00Z,2010-01-01T00:00:00Z
http://www.wikidata.org/entity/Q137794,http://www.wikidata.org/entity/Q75684,Sporting Clube de Braga,64.0,2010-01-01T00:00:00Z,2014-01-01T00:00:00Z
http://www.wikidata.org/entity/Q137794,http://www.wikidata.org/entity/Q201584,AEK Athènes FC,,2014-01-01T00:00:00Z,
http://www.wikidata.org/entity/Q137794,http://www.wikidata.org/entity/Q5423714,FC Porto B,,2005-01-01T00:00:00Z,2006-01-01T00:00:00Z
http://www.wikidata.org/entity/Q137794,http://www.wikidata.org/entity/Q243235,Académica de Coimbra,23.0,2006-01-01T00:00:00Z,2008-01-01T00:00:00Z
http://www.wikidata.org/entity/Q137794,http://www.wikidata.org/entity/Q1023233,Clube Desportivo Trofense,28.0,2008-01-01T00:00:00Z,2009-01-01T00:00:00Z
http://www.wikidata.org/entity/Q137794,http://www.wikidata.org/entity/Q10407,UD Almería,28.0,2013-01-01T00:00:00Z,2014-01-01T00:00:00Z
http://www.wikidata.org/entity/Q137794,http://www.wikidata.org/entity/Q267245,équipe du Portugal de football,2.0,2012-01-01T00:00:00Z,2012-01-01T00:00:00Z
http://www.wikidata.org/entity/Q137794,http://www.wikidata.org/entity/Q128446,Futebol Clube do Porto,5.0,2006-01-01T00:00:00Z,2010-01-01T00:00:00Z
http://www.wikidata.org/entity/Q137794,http://www.wikidata.org/entity/Q208585,Vitória Futebol Clube,26.0,2009-01-01T00:00:00Z,2010-01-01T00:00:00Z
http://www.wikidata.org/entity/Q137794,http://www.wikidata.org/entity/Q3873524,équipe du Portugal de football des moins de 19 ans,17.0,2005-01-01T00:00:00Z,2006-01-01T00:00:00Z
http://www.wikidata.org/entity/Q137794,http://www.wikidata.org/entity/Q1630430,équipe du Portugal espoirs de football,13.0,2006-01-01T00:00:00Z,2008-01-01T00:00:00Z
http://www.wikidata.org/entity/Q137794,http://www.wikidata.org/entity/Q1772776,équipe du Portugal de football des moins de 20 ans,1.0,2006-01-01T00:00:00Z,2006-01-01T00:00:00Z
http://www.wikidata.org/entity/Q137794,http://www.wikidata.org/entity/Q2819143,AEK Athènes,,2014-01-01T00:00:00Z,
http://www.wikidata.org/entity/Q140159,http://www.wikidata.org/entity/Q1624749,équipe de Turquie espoirs de football,12.0,2007-01-01T00:00:00Z,2009-01-01T00:00:00Z
http://www.wikidata.org/entity/Q140159,http://www.wikidata.org/entity/Q192641,Trabzonspor,0.0,2009-01-01T00:00:00Z,2011-01-01T00:00:00Z
http://www.wikidata.org/entity/Q140159,http://www.wikidata.org/entity/Q692704,Berliner AK 07,,2015-01-01T00:00:00Z,
http://www.wikidata.org/entity/Q140159,http://www.wikidata.org/entity/Q142005,FC Hansa Rostock,30.0,2005-01-01T00:00:00Z,2009-01-01T00:00:00Z
http://www.wikidata.org/entity/Q140159,http://www.wikidata.org/entity/Q157352,FSV Francfort,67.0,2011-01-01T00:00:00Z,2015-01-01T00:00:00Z
http://www.wikidata.org/entity/Q143879,http://www.wikidata.org/entity/Q12912941,équipe du Luxembourg de football des moins de 19 ans,3.0,2011-01-01T00:00:00Z,2011-01-01T00:00:00Z
http://www.wikidata.org/entity/Q143879,http://www.wikidata.org/entity/Q316865,SC Preußen Münster,14.0,2015-01-01T00:00:00Z,2016-01-01T00:00:00Z
http://www.wikidata.org/entity/Q143879,http://www.wikidata.org/entity/Q519786,équipe du Luxembourg espoirs de football,3.0,2011-01-01T00:00:00Z,2012-01-01T00:00:00Z
http://www.wikidata.org/entity/Q143879,http://www.wikidata.org/entity/Q184266,équipe du Luxembourg de football,38.0,2012-01-01T00:00:00Z,
http://www.wikidata.org/entity/Q143879,http://www.wikidata.org/entity/Q221525,FC Metz,30.0,2012-01-01T00:00:00Z,
http://www.wikidata.org/entity/Q143879,http://www.wikidata.org/entity/Q1668203,Lommel SK,,2020-01-03T00:00:00Z,2020-06-30T00:00:00Z
http://www.wikidata.org/entity/Q143879,http://www.wikidata.org/entity/Q193749,Legia Varsovie,,2018-02-02T00:00:00Z,2020-01-02T00:00:00Z
http://www.wikidata.org/entity/Q143879,http://www.wikidata.org/entity/Q3590700,équipe du Luxembourg de football des moins de 17 ans,12.0,2008-01-01T00:00:00Z,2010-01-01T00:00:00Z
http://www.wikidata.org/entity/Q143879,http://www.wikidata.org/entity/Q316865,SC Preußen Münster,25.0,2015-01-01T00:00:00Z,2016-01-01T00:00:00Z
http://www.wikidata.org/entity/Q144161,http://www.wikidata.org/entity/Q18750,Wigan Athletic FC,20.0,2007-01-01T00:00:00Z,2008-01-01T00:00:00Z
http://www.wikidata.org/entity/Q144161,http://www.wikidata.org/entity/Q816763,Bendel Insurance Football Club,,1998-01-01T00:00:00Z,1999-01-01T00:00:00Z
http://www.wikidata.org/entity/Q144161,http://www.wikidata.org/entity/Q172969,Chakhtar Donetsk,10.0,2009-01-01T00:00:00Z,2012-01-01T00:00:00Z
http://www.wikidata.org/entity/Q144161,http://www.wikidata.org/entity/Q608122,Kayserispor,29.0,2008-01-01T00:00:00Z,2009-01-01T00:00:00Z
http://www.wikidata.org/entity/Q144161,http://www.wikidata.org/entity/Q177373,PFC Sébastopol,10.0,2010-01-01T00:00:00Z,2011-01-01T00:00:00Z
http://www.wikidata.org/entity/Q144161,http://www.wikidata.org/entity/Q3720221,équipe du Nigeria de football des moins de 20 ans,,1999-01-01T00:00:00Z,1999-01-01T00:00:00Z
http://www.wikidata.org/entity/Q144161,http://www.wikidata.org/entity/Q172969,Chakhtar Donetsk,89.0,2000-01-01T00:00:00Z,2007-01-01T00:00:00Z
http://www.wikidata.org/entity/Q144161,http://www.wikidata.org/entity/Q181930,équipe du Nigéria de football,32.0,2000-01-01T00:00:00Z,2007-01-01T00:00:00Z
http://www.wikidata.org/entity/Q144161,http://www.wikidata.org/entity/Q44897,Espérance sportive de Tunis,,1999-01-01T00:00:00Z,2000-01-01T00:00:00Z
http://www.wikidata.org/entity/Q145431,http://www.wikidata.org/entity/Q3351693,Olympique Noisy-le-Sec banlieue 93,19.0,2009-01-01T00:00:00Z,2009-01-01T00:00:00Z
http://www.wikidata.org/entity/Q145431,http://www.wikidata.org/entity/Q19523,AS Nancy-Lorraine,59.0,2009-01-01T00:00:00Z,2011-01-01T00:00:00Z
http://www.wikidata.org/entity/Q145431,http://www.wikidata.org/entity/Q372599,Sivasspor,,2012-01-01T00:00:00Z,
http://www.wikidata.org/entity/Q145431,http://www.wikidata.org/entity/Q265105,Entente SSG,6.0,2008-01-01T00:00:00Z,2009-01-01T00:00:00Z
http://www.wikidata.org/entity/Q145431,http://www.wikidata.org/entity/Q207337,équipe du Maroc de football,,2014-01-01T00:00:00Z,
http://www.wikidata.org/entity/Q145431,http://www.wikidata.org/entity/Q982889,Racing Club de France,5.0,2005-01-01T00:00:00Z,2006-01-01T00:00:00Z
http://www.wikidata.org/entity/Q145431,http://www.wikidata.org/entity/Q608988,CS Sedan Ardennes,5.0,2007-01-01T00:00:00Z,2008-01-01T00:00:00Z
http://www.wikidata.org/entity/Q145431,http://www.wikidata.org/entity/Q201197,Chernomorets Bourgas,15.0,2012-01-01T00:00:00Z,2012-01-01T00:00:00Z
http://www.wikidata.org/entity/Q145523,http://www.wikidata.org/entity/Q240438,Alania Vladikavkaz,22.0,2005-01-01T00:00:00Z,2005-01-01T00:00:00Z
http://www.wikidata.org/entity/Q145523,http://www.wikidata.org/entity/Q1463828,Heartland Football Club,26.0,1995-01-01T00:00:00Z,1995-01-01T00:00:00Z
http://www.wikidata.org/entity/Q145523,http://www.wikidata.org/entity/Q1294346,Julius Berger Football Club,25.0,1996-01-01T00:00:00Z,1997-01-01T00:00:00Z
http://www.wikidata.org/entity/Q145523,http://www.wikidata.org/entity/Q311268,Al-Rayyan SC,,1997-01-01T00:00:00Z,1998-01-01T00:00:00Z
http://www.wikidata.org/entity/Q145523,http://www.wikidata.org/entity/Q182930,FK Rostov,62.0,2010-01-01T00:00:00Z,2013-01-01T00:00:00Z
http://www.wikidata.org/entity/Q145523,http://www.wikidata.org/entity/Q19500,Wolverhampton Wanderers F.C.,7.0,2003-01-01T00:00:00Z,2004-01-01T00:00:00Z
http://www.wikidata.org/entity/Q145523,http://www.wikidata.org/entity/Q210768,Fotbal Club Sheriff Tiraspol,41.0,1998-01-01T00:00:00Z,2000-01-01T00:00:00Z
http://www.wikidata.org/entity/Q145523,http://www.wikidata.org/entity/Q392115,FK Moscou,64.0,2006-01-01T00:00:00Z,2009-01-01T00:00:00Z
http://www.wikidata.org/entity/Q145523,http://www.wikidata.org/entity/Q181930,équipe du Nigéria de football,26.0,2001-01-01T00:00:00Z,2008-01-01T00:00:00Z
http://www.wikidata.org/entity/Q145523,http://www.wikidata.org/entity/Q172969,Chakhtar Donetsk,53.0,2000-01-01T00:00:00Z,2003-01-01T00:00:00Z
http://www.wikidata.org/entity/Q145523,http://www.wikidata.org/entity/Q1051147,Enyimba International FC,13.0,1994-01-01T00:00:00Z,1994-01-01T00:00:00Z
http://www.wikidata.org/entity/Q145523,http://www.wikidata.org/entity/Q1463828,Heartland Football Club,25.0,1998-01-01T00:00:00Z,1998-01-01T00:00:00Z
http://www.wikidata.org/entity/Q145531,http://www.wikidata.org/entity/Q204888,PAOK Salonique,0.0,2007-01-01T00:00:00Z,2008-01-01T00:00:00Z
http://www.wikidata.org/entity/Q145531,http://www.wikidata.org/entity/Q296050,AO Kavala,59.0,1997-01-01T00:00:00Z,2000-01-01T00:00:00Z
http://www.wikidata.org/entity/Q145531,http://www.wikidata.org/entity/Q201584,AEK Athènes FC,3.0,2006-01-01T00:00:00Z,2007-01-01T00:00:00Z
http://www.wikidata.org/entity/Q145531,http://www.wikidata.org/entity/Q181930,équipe du Nigéria de football,35.0,2000-01-01T00:00:00Z,2005-01-01T00:00:00Z
http://www.wikidata.org/entity/Q145531,http://www.wikidata.org/entity/Q816763,Bendel Insurance Football Club,,1997-01-01T00:00:00Z,1997-01-01T00:00:00Z
http://www.wikidata.org/entity/Q145531,http://www.wikidata.org/entity/Q204888,PAOK Salonique,70.0,2003-01-01T00:00:00Z,2006-01-01T00:00:00Z
http://www.wikidata.org/entity/Q145531,http://www.wikidata.org/entity/Q18744,West Bromwich Albion,10.0,2003-01-01T00:00:00Z,2003-01-01T00:00:00Z
http://www.wikidata.org/entity/Q145531,http://www.wikidata.org/entity/Q204888,PAOK Salonique,33.0,2000-01-01T00:00:00Z,2002-01-01T00:00:00Z
http://www.wikidata.org/entity/Q153436,http://www.wikidata.org/entity/Q18744,West Bromwich Albion,2.0,2014-01-01T00:00:00Z,2015-01-01T00:00:00Z
http://www.wikidata.org/entity/Q153436,http://www.wikidata.org/entity/Q1891367,Sporting Clube da Covilhã,,2010-01-01T00:00:00Z,2011-01-01T00:00:00Z
http://www.wikidata.org/entity/Q153436,http://www.wikidata.org/entity/Q19473,Huddersfield Town Football Club,,2015-01-01T00:00:00Z,
http://www.wikidata.org/entity/Q153436,http://www.wikidata.org/entity/Q268208,équipe d'Australie de football,,2012-01-01T00:00:00Z,
http://www.wikidata.org/entity/Q153436,http://www.wikidata.org/entity/Q1891367,Sporting Clube da Covilhã,14.0,2011-01-01T00:00:00Z,2012-01-01T00:00:00Z
http://www.wikidata.org/entity/Q153436,http://www.wikidata.org/entity/Q11961,Heracles Almelo,51.0,2012-01-01T00:00:00Z,2014-01-01T00:00:00Z
http://www.wikidata.org/entity/Q153436,http://www.wikidata.org/entity/Q371136,Futebol Clube Paços de Ferreira,5.0,2009-01-01T00:00:00Z,2011-01-01T00:00:00Z
http://www.wikidata.org/entity/Q153436,http://www.wikidata.org/entity/Q3873546,équipe d'Australie de football des moins de 20 ans,6.0,2009-01-01T00:00:00Z,2011-01-01T00:00:00Z
http://www.wikidata.org/entity/Q153436,http://www.wikidata.org/entity/Q5940588,Hume City FC,16.0,2009-01-01T00:00:00Z,2009-01-01T00:00:00Z
http://www.wikidata.org/entity/Q155911,http://www.wikidata.org/entity/Q41420,BV 09 Borussia Dortmund,18.0,1998-01-01T00:00:00Z,1999-01-01T00:00:00Z
http://www.wikidata.org/entity/Q155911,http://www.wikidata.org/entity/Q105853,Karlsruher SC,118.0,1994-01-01T00:00:00Z,1998-01-01T00:00:00Z
http://www.wikidata.org/entity/Q155911,http://www.wikidata.org/entity/Q2739,AS Rome,88.0,1991-01-01T00:00:00Z,1994-01-01T00:00:00Z
http://www.wikidata.org/entity/Q155911,http://www.wikidata.org/entity/Q314851,équipe d'Allemagne espoirs de football,1.0,1988-01-01T00:00:00Z,1988-01-01T00:00:00Z
http://www.wikidata.org/entity/Q155911,http://www.wikidata.org/entity/Q1202757,équipe d'Allemagne olympique de football,12.0,1987-01-01T00:00:00Z,1988-01-01T00:00:00Z
http://www.wikidata.org/entity/Q155911,http://www.wikidata.org/entity/Q1202757,équipe d'Allemagne olympique de football,11.0,1987-01-01T00:00:00Z,1988-01-01T00:00:00Z
http://www.wikidata.org/entity/Q155911,http://www.wikidata.org/entity/Q1422,Juventus FC,32.0,1990-01-01T00:00:00Z,1991-01-01T00:00:00Z
http://www.wikidata.org/entity/Q155911,http://www.wikidata.org/entity/Q314851,équipe d'Allemagne espoirs de football,1.0,1986-01-01T00:00:00Z,1986-01-01T00:00:00Z
http://www.wikidata.org/entity/Q155911,http://www.wikidata.org/entity/Q994811,Red Bull Salzbourg,19.0,2003-01-01T00:00:00Z,2004-01-01T00:00:00Z
http://www.wikidata.org/entity/Q155911,http://www.wikidata.org/entity/Q43310,équipe d'Allemagne de football,101.0,1988-01-01T00:00:00Z,2000-01-01T00:00:00Z
http://www.wikidata.org/entity/Q155911,http://www.wikidata.org/entity/Q131603,TSV Munich 1860,115.0,1999-01-01T00:00:00Z,2003-01-01T00:00:00Z
http://www.wikidata.org/entity/Q155911,http://www.wikidata.org/entity/Q104770,1. FC Cologne,149.0,1984-01-01T00:00:00Z,1990-01-01T00:00:00Z
http://www.wikidata.org/entity/Q158723,http://www.wikidata.org/entity/Q47762,équipe d'Angleterre de football,1.0,2011-01-01T00:00:00Z,2011-01-01T00:00:00Z
http://www.wikidata.org/entity/Q158723,http://www.wikidata.org/entity/Q19500,Wolverhampton Wanderers F.C.,164.0,2007-01-01T00:00:00Z,2012-01-01T00:00:00Z
http://www.wikidata.org/entity/Q158723,http://www.wikidata.org/entity/Q19644,Walsall Football Club,9.0,2019-01-01T00:00:00Z,2019-01-01T00:00:00Z
http://www.wikidata.org/entity/Q158723,http://www.wikidata.org/entity/Q18721,Norwich City FC,14.0,2016-01-01T00:00:00Z,2019-01-01T00:00:00Z
http://www.wikidata.org/entity/Q158723,http://www.wikidata.org/entity/Q18721,Norwich City FC,5.0,2015-01-01T00:00:00Z,2016-01-01T00:00:00Z
http://www.wikidata.org/entity/Q158723,http://www.wikidata.org/entity/Q48943,Gillingham Football Club,110.0,2003-01-01T00:00:00Z,2007-01-01T00:00:00Z
http://www.wikidata.org/entity/Q158723,http://www.wikidata.org/entity/Q18747,West Ham United FC,78.0,2012-01-01T00:00:00Z,2016-01-01T00:00:00Z
http://www.wikidata.org/entity/Q158723,http://www.wikidata.org/entity/Q18528,Woking Football Club,23.0,2020-01-01T00:00:00Z,2021-01-01T00:00:00Z
http://www.wikidata.org/entity/Q158945,http://www.wikidata.org/entity/Q1110944,équipe d'Angleterre de football B,1.0,2007-01-01T00:00:00Z,2007-01-01T00:00:00Z
http://www.wikidata.org/entity/Q158945,http://www.wikidata.org/entity/Q204238,équipe d'Angleterre espoirs de football,3.0,2002-01-01T00:00:00Z,2003-01-01T00:00:00Z
http://www.wikidata.org/entity/Q158945,http://www.wikidata.org/entity/Q19604,Portsmouth FC,178.0,2002-01-01T00:00:00Z,2008-01-01T00:00:00Z
http://www.wikidata.org/entity/Q158945,http://www.wikidata.org/entity/Q19458,Burnley FC,37.0,2014-01-01T00:00:00Z,2016-01-01T00:00:00Z
http://www.wikidata.org/entity/Q158945,http://www.wikidata.org/entity/Q18747,West Ham United FC,76.0,2011-01-01T00:00:00Z,2014-01-01T00:00:00Z
http://www.wikidata.org/entity/Q158945,http://www.wikidata.org/entity/Q48945,Northampton Town FC,44.0,2016-01-01T00:00:00Z,2017-01-01T00:00:00Z
http://www.wikidata.org/entity/Q158945,http://www.wikidata.org/entity/Q18520,Luton Town Football Club,129.0,1999-01-01T00:00:00Z,2002-01-01T00:00:00Z
http://www.wikidata.org/entity/Q158945,http://www.wikidata.org/entity/Q19451,Bolton Wanderers FC,123.0,2008-01-01T00:00:00Z,2011-01-01T00:00:00Z
http://www.wikidata.org/entity/Q158945,http://www.wikidata.org/entity/Q19634,Swindon Town Football Club,71.0,2017-01-01T00:00:00Z,2019-01-01T00:00:00Z
http://www.wikidata.org/entity/Q158995,http://www.wikidata.org/entity/Q19451,Bolton Wanderers FC,50.0,2004-01-01T00:00:00Z,2011-01-01T00:00:00Z
http://www.wikidata.org/entity/Q158995,http://www.wikidata.org/entity/Q18747,West Ham United FC,91.0,2011-07-01T00:00:00Z,2016-01-01T00:00:00Z
http://www.wikidata.org/entity/Q158995,http://www.wikidata.org/entity/Q1672798,équipe d'Irlande espoirs de football,6.0,2005-01-01T00:00:00Z,2006-01-01T00:00:00Z
http://www.wikidata.org/entity/Q158995,http://www.wikidata.org/entity/Q163547,équipe de république d'Irlande de football,5.0,2006-01-01T00:00:00Z,2007-01-01T00:00:00Z
http://www.wikidata.org/entity/Q158995,http://www.wikidata.org/entity/Q19498,Sheffield Wednesday FC,15.0,2004-01-01T00:00:00Z,2005-01-01T00:00:00Z
http://www.wikidata.org/entity/Q158995,http://www.wikidata.org/entity/Q19498,Sheffield Wednesday FC,4.0,2010-01-01T00:00:00Z,2011-01-01T00:00:00Z
http://www.wikidata.org/entity/Q159622,http://www.wikidata.org/entity/Q184602,équipe d'Iran de football,149.0,1993-01-01T00:00:00Z,2006-01-01T00:00:00Z
http://www.wikidata.org/entity/Q159622,http://www.wikidata.org/entity/Q4855990,Bank Tejarat F.C.,,1990-01-01T00:00:00Z,1994-01-01T00:00:00Z
http://www.wikidata.org/entity/Q159622,http://www.wikidata.org/entity/Q782983,Saipa Karaj,26.0,2006-01-01T00:00:00Z,2007-01-01T00:00:00Z
http://www.wikidata.org/entity/Q159622,http://www.wikidata.org/entity/Q15789,Bayern Munich,23.0,1998-01-01T00:00:00Z,1999-01-01T00:00:00Z
http://www.wikidata.org/entity/Q159622,http://www.wikidata.org/entity/Q283545,Al-Sadd SC,16.0,1996-01-01T00:00:00Z,1997-01-01T00:00:00Z
http://www.wikidata.org/entity/Q159622,http://www.wikidata.org/entity/Q513493,Al Shabab Al Arabi Club,25.0,2002-01-01T00:00:00Z,2003-01-01T00:00:00Z
http://www.wikidata.org/entity/Q159622,http://www.wikidata.org/entity/Q242260,Persépolis Football Club,38.0,1994-01-01T00:00:00Z,1996-01-01T00:00:00Z
http://www.wikidata.org/entity/Q159622,http://www.wikidata.org/entity/Q242260,Persépolis Football Club,28.0,2003-01-01T00:00:00Z,2004-01-01T00:00:00Z
http://www.wikidata.org/entity/Q159622,http://www.wikidata.org/entity/Q613931,Saba Qom Football Club,51.0,2004-01-01T00:00:00Z,2006-01-01T00:00:00Z
http://www.wikidata.org/entity/Q159622,http://www.wikidata.org/entity/Q3277524,équipe d'Iran de football des moins de 23 ans,3.0,2002-01-01T00:00:00Z,2002-01-01T00:00:00Z
http://www.wikidata.org/entity/Q159622,http://www.wikidata.org/entity/Q105844,DSC Arminia Bielefeld,25.0,1997-01-01T00:00:00Z,1998-01-01T00:00:00Z
http://www.wikidata.org/entity/Q159622,http://www.wikidata.org/entity/Q102720,Hertha BSC,59.0,1999-01-01T00:00:00Z,2002-01-01T00:00:00Z
http://www.wikidata.org/entity/Q161039,http://www.wikidata.org/entity/Q899189,équipe du Brésil olympique de football,1.0,1999-01-01T00:00:00Z,1999-01-01T00:00:00Z
http://www.wikidata.org/entity/Q161039,http://www.wikidata.org/entity/Q101859,VfL Wolfsburg,140.0,2007-01-01T00:00:00Z,2013-01-01T00:00:00Z
http://www.wikidata.org/entity/Q161039,http://www.wikidata.org/entity/Q270995,Atlético Mineiro,62.0,2013-01-01T00:00:00Z,2015-01-01T00:00:00Z
http://www.wikidata.org/entity/Q161039,http://www.wikidata.org/entity/Q816779,Goiás Esporte Clube,190.0,1997-01-01T00:00:00Z,2004-01-01T00:00:00Z
http://www.wikidata.org/entity/Q161039,http://www.wikidata.org/entity/Q38568,São Paulo FC,61.0,2005-01-01T00:00:00Z,2007-01-01T00:00:00Z
http://www.wikidata.org/entity/Q161039,http://www.wikidata.org/entity/Q2308235,équipe du Brésil de football des moins de 20 ans,1.0,1999-01-01T00:00:00Z,1999-01-01T00:00:00Z
http://www.wikidata.org/entity/Q161039,http://www.wikidata.org/entity/Q83459,équipe du Brésil de football,28.0,2007-01-01T00:00:00Z,2010-01-01T00:00:00Z
http://www.wikidata.org/entity/Q161082,http://www.wikidata.org/entity/Q608122,Kayserispor,27.0,2011-01-01T00:00:00Z,2012-01-01T00:00:00Z
http://www.wikidata.org/entity/Q161082,http://www.wikidata.org/entity/Q102720,Hertha BSC,212.0,2012-01-01T00:00:00Z,2024-01-01T00:00:00Z
http://www.wikidata.org/entity/Q161082,http://www.wikidata.org/entity/Q174512,équipe de Slovaquie de football,137.0,2006-01-01T00:00:00Z,
http://www.wikidata.org/entity/Q161082,http://www.wikidata.org/entity/Q101859,VfL Wolfsburg,55.0,2009-01-01T00:00:00Z,2012-01-01T00:00:00Z
http://www.wikidata.org/entity/Q161082,http://www.wikidata.org/entity/Q1356582,MFK Dubnica,27.0,2004-01-01T00:00:00Z,2005-01-01T00:00:00Z
http://www.wikidata.org/entity/Q161082,http://www.wikidata.org/entity/Q209640,MŠK Žilina,111.0,2004-01-01T00:00:00Z,2009-01-01T00:00:00Z
http://www.wikidata.org/entity/Q164431,http://www.wikidata.org/entity/Q105853,Karlsruher SC,,2012-01-01T00:00:00Z,
http://www.wikidata.org/entity/Q164431,http://www.wikidata.org/entity/Q822990,équipe d'Allemagne de football B,1.0,2005-01-01T00:00:00Z,2005-01-01T00:00:00Z
http://www.wikidata.org/entity/Q164431,http://www.wikidata.org/entity/Q603271,FC Aarau,31.0,2009-01-01T00:00:00Z,2010-01-01T00:00:00Z
http://www.wikidata.org/entity/Q164431,http://www.wikidata.org/entity/Q142005,FC Hansa Rostock,13.0,2010-01-01T00:00:00Z,2011-01-01T00:00:00Z
http://www.wikidata.org/entity/Q164431,http://www.wikidata.org/entity/Q141931,SG Dynamo Dresde,11.0,2011-01-01T00:00:00Z,2012-01-01T00:00:00Z
http://www.wikidata.org/entity/Q164431,http://www.wikidata.org/entity/Q316497,équipe d'Allemagne de football des moins de 20 ans,3.0,2002-01-01T00:00:00Z,2004-01-01T00:00:00Z
http://www.wikidata.org/entity/Q164431,http://www.wikidata.org/entity/Q17354166,Team 2006,1.0,2005-01-01T00:00:00Z,2005-01-01T00:00:00Z
http://www.wikidata.org/entity/Q164431,http://www.wikidata.org/entity/Q105853,Karlsruher SC,111.0,2003-01-01T00:00:00Z,2008-01-01T00:00:00Z
http://www.wikidata.org/entity/Q164431,http://www.wikidata.org/entity/Q18704184,Karlsruher SC II,44.0,2002-01-01T00:00:00Z,2008-01-01T00:00:00Z
http://www.wikidata.org/entity/Q165327,http://www.wikidata.org/entity/Q208228,Stade de Reims,24.0,2005-01-01T00:00:00Z,2006-01-01T00:00:00Z
http://www.wikidata.org/entity/Q165327,http://www.wikidata.org/entity/Q747693,Louhans-Cuiseaux FC,24.0,2010-01-01T00:00:00Z,2012-01-01T00:00:00Z
http://www.wikidata.org/entity/Q165327,http://www.wikidata.org/entity/Q309400,US Boulogne CO,17.0,2007-01-01T00:00:00Z,2008-01-01T00:00:00Z
http://www.wikidata.org/entity/Q165327,http://www.wikidata.org/entity/Q175145,équipe de Côte d'Ivoire de football,2.0,2003-01-01T00:00:00Z,2007-01-01T00:00:00Z
http://www.wikidata.org/entity/Q165327,http://www.wikidata.org/entity/Q750322,SC Astra Ploiești,1.0,2009-01-01T00:00:00Z,2009-01-01T00:00:00Z
http://www.wikidata.org/entity/Q165327,http://www.wikidata.org/entity/Q747693,Louhans-Cuiseaux FC,1.0,1999-01-01T00:00:00Z,2000-01-01T00:00:00Z
http://www.wikidata.org/entity/Q165327,http://www.wikidata.org/entity/Q750322,SC Astra Ploiești,1.0,2009-01-01T00:00:00Z,2010-01-01T00:00:00Z
http://www.wikidata.org/entity/Q165327,http://www.wikidata.org/entity/Q296228,APOP Kinyras Peyias Football Club,2.0,2008-01-01T00:00:00Z,2009-01-01T00:00:00Z
http://www.wikidata.org/entity/Q165327,http://www.wikidata.org/entity/Q492159,US Créteil-Lusitanos,22.0,2006-01-01T00:00:00Z,2007-01-01T00:00:00Z
http://www.wikidata.org/entity/Q165327,http://www.wikidata.org/entity/Q2868132,Andrézieux-Bouthéon FC,,2012-01-01T00:00:00Z,2013-01-01T00:00:00Z
http://www.wikidata.org/entity/Q165327,http://www.wikidata.org/entity/Q459148,En avant Guingamp,37.0,2000-01-01T00:00:00Z,2005-01-01T00:00:00Z
http://www.wikidata.org/entity/Q165336,http://www.wikidata.org/entity/Q1417287,Panserraikos Football Club,13.0,2010-01-01T00:00:00Z,2011-01-01T00:00:00Z
http://www.wikidata.org/entity/Q165336,http://www.wikidata.org/entity/Q2331381,équipe de Croatie espoirs de football,5.0,2006-01-01T00:00:00Z,2007-01-01T00:00:00Z
http://www.wikidata.org/entity/Q165336,http://www.wikidata.org/entity/Q134479,équipe de Croatie de football,,2007-01-01T00:00:00Z,
http://www.wikidata.org/entity/Q165336,http://www.wikidata.org/entity/Q674428,Kaposvári Rákóczi FC,30.0,2012-01-01T00:00:00Z,2013-01-01T00:00:00Z
http://www.wikidata.org/entity/Q165336,http://www.wikidata.org/entity/Q2331381,équipe de Croatie espoirs de football,5.0,2006-01-01T00:00:00Z,2006-01-01T00:00:00Z
http://www.wikidata.org/entity/Q165336,http://www.wikidata.org/entity/Q206585,Hapoël Tel-Aviv,10.0,2010-01-01T00:00:00Z,2010-01-01T00:00:00Z
http://www.wikidata.org/entity/Q165336,http://www.wikidata.org/entity/Q2334684,AO Trikala,,2016-01-01T00:00:00Z,
http://www.wikidata.org/entity/Q165336,http://www.wikidata.org/entity/Q2331381,équipe de Croatie espoirs de football,12.0,2003-01-01T00:00:00Z,2005-01-01T00:00:00Z
http://www.wikidata.org/entity/Q158995,http://www.wikidata.org/entity/Q203976,Shamrock Rovers FC,63.0,2018-01-01T00:00:00Z,2021-01-01T00:00:00Z
http://www.wikidata.org/entity/Q161082,http://www.wikidata.org/entity/Q209640,MŠK Žilina,7.0,2024-01-01T00:00:00Z,2024-01-01T00:00:00Z
http://www.wikidata.org/entity/Q161082,http://www.wikidata.org/entity/Q839313,SK Dynamo České Budějovice,9.0,2025-01-01T00:00:00Z,2025-01-01T00:00:00Z
http://www.wikidata.org/entity/Q161082,http://www.wikidata.org/entity/Q920263,Hertha Berliner Sport-Club II,15.0,2025-01-01T00:00:00Z,
http://www.wikidata.org/entity/Q174674,http://www.wikidata.org/entity/Q211906,Brøndby IF,10.0,2009-01-01T00:00:00Z,2009-01-01T00:00:00Z
http://www.wikidata.org/entity/Q174674,http://www.wikidata.org/entity/Q211906,Brøndby IF,44.0,2009-01-01T00:00:00Z,2011-01-01T00:00:00Z
http://www.wikidata.org/entity/Q174674,http://www.wikidata.org/entity/Q11938,PSV Eindhoven,39.0,2002-01-01T00:00:00Z,2005-01-01T00:00:00Z
http://www.wikidata.org/entity/Q174674,http://www.wikidata.org/entity/Q729560,Randers Football Club,24.0,2011-01-01T00:00:00Z,2013-01-01T00:00:00Z
http://www.wikidata.org/entity/Q175266,http://www.wikidata.org/entity/Q909189,Darlington Football Club 1883,4.0,2009-01-01T00:00:00Z,2009-01-01T00:00:00Z
http://www.wikidata.org/entity/Q175266,http://www.wikidata.org/entity/Q805429,Ballymena United Football Club,,2011-01-01T00:00:00Z,
http://www.wikidata.org/entity/Q175266,http://www.wikidata.org/entity/Q18526,Stockport County FC,4.0,2006-01-01T00:00:00Z,2006-01-01T00:00:00Z
http://www.wikidata.org/entity/Q175266,http://www.wikidata.org/entity/Q19575,Carlisle United Football Club,9.0,2009-01-01T00:00:00Z,2009-01-01T00:00:00Z
http://www.wikidata.org/entity/Q175266,http://www.wikidata.org/entity/Q364698,Cercle Bruges KSV,11.0,2007-01-01T00:00:00Z,2007-01-01T00:00:00Z
http://www.wikidata.org/entity/Q175266,http://www.wikidata.org/entity/Q1672798,équipe d'Irlande espoirs de football,5.0,2006-01-01T00:00:00Z,2007-01-01T00:00:00Z
http://www.wikidata.org/entity/Q175266,http://www.wikidata.org/entity/Q19446,Blackburn Rovers FC,0.0,2004-01-01T00:00:00Z,2009-01-01T00:00:00Z
http://www.wikidata.org/entity/Q175266,http://www.wikidata.org/entity/Q779835,Cliftonville Football Club,8.0,2011-01-01T00:00:00Z,2011-01-01T00:00:00Z
http://www.wikidata.org/entity/Q175266,http://www.wikidata.org/entity/Q19575,Carlisle United Football Club,5.0,2009-01-01T00:00:00Z,2011-01-01T00:00:00Z
http://www.wikidata.org/entity/Q175266,http://www.wikidata.org/entity/Q1998181,équipe d'Irlande du Nord espoirs de football,5.0,2007-01-01T00:00:00Z,2008-01-01T00:00:00Z
http://www.wikidata.org/entity/Q175266,http://www.wikidata.org/entity/Q18526,Stockport County FC,3.0,2008-01-01T00:00:00Z,2008-01-01T00:00:00Z
http://www.wikidata.org/entity/Q177434,http://www.wikidata.org/entity/Q8466,1. FC Kaiserslautern,67.0,1999-01-01T00:00:00Z,2002-01-01T00:00:00Z
http://www.wikidata.org/entity/Q177434,http://www.wikidata.org/entity/Q188430,FC Copenhague,32.0,2002-01-01T00:00:00Z,2004-01-01T00:00:00Z
http://www.wikidata.org/entity/Q177434,http://www.wikidata.org/entity/Q101959,Borussia Mönchengladbach,144.0,1995-01-01T00:00:00Z,1999-01-01T00:00:00Z
http://www.wikidata.org/entity/Q177434,http://www.wikidata.org/entity/Q160826,équipe de Suède de football,27.0,1995-01-01T00:00:00Z,2003-01-01T00:00:00Z
http://www.wikidata.org/entity/Q177434,http://www.wikidata.org/entity/Q204881,Malmö FF,60.0,1991-01-01T00:00:00Z,1995-01-01T00:00:00Z
http://www.wikidata.org/entity/Q177434,http://www.wikidata.org/entity/Q863273,Landskrona BoIS,91.0,2004-01-01T00:00:00Z,2008-01-01T00:00:00Z
http://www.wikidata.org/entity/Q178448,http://www.wikidata.org/entity/Q17521353,Arminia Bielefeld II,64.0,2008-01-01T00:00:00Z,2011-01-01T00:00:00Z
http://www.wikidata.org/entity/Q178448,http://www.wikidata.org/entity/Q105844,DSC Arminia Bielefeld,64.0,2008-01-01T00:00:00Z,2011-01-01T00:00:00Z
http://www.wikidata.org/entity/Q178448,http://www.wikidata.org/entity/Q836852,TSG Sprockhövel,19.0,2007-01-01T00:00:00Z,2008-01-01T00:00:00Z
http://www.wikidata.org/entity/Q178448,http://www.wikidata.org/entity/Q318348,NEC Nimègue,,2014-01-01T00:00:00Z,
http://www.wikidata.org/entity/Q178627,http://www.wikidata.org/entity/Q3589896,équipe de Belgique de football des moins de 19 ans,3.0,2006-02-16T00:00:00Z,2006-07-23T00:00:00Z
http://www.wikidata.org/entity/Q178627,http://www.wikidata.org/entity/Q772725,Dinamo Brest,4.0,2018-04-13T00:00:00Z,2018-06-06T00:00:00Z
http://www.wikidata.org/entity/Q178627,http://www.wikidata.org/entity/Q216032,KRC Genk,112.0,2004-07-01T00:00:00Z,2011-12-01T00:00:00Z
http://www.wikidata.org/entity/Q178627,http://www.wikidata.org/entity/Q4352413,Ratchaburi Mitr Phol F.C.,7.0,2016-07-01T00:00:00Z,2016-11-30T00:00:00Z
http://www.wikidata.org/entity/Q178627,http://www.wikidata.org/entity/Q113000,FC Malines,,2003-01-01T00:00:00Z,2004-01-01T00:00:00Z
http://www.wikidata.org/entity/Q178627,http://www.wikidata.org/entity/Q73996,KF Skënderbeu Korçë,5.0,2017-01-31T00:00:00Z,2017-06-15T00:00:00Z
http://www.wikidata.org/entity/Q178627,http://www.wikidata.org/entity/Q3455793,Suwon FC,,2016-02-01T00:00:00Z,2017-01-31T00:00:00Z
http://www.wikidata.org/entity/Q178627,http://www.wikidata.org/entity/Q2313985,KFC Oosterzonen Oosterwijk,18.0,2018-12-06T00:00:00Z,2019-08-29T00:00:00Z
http://www.wikidata.org/entity/Q178627,http://www.wikidata.org/entity/Q8835,RCD Majorque,8.0,2011-08-01T00:00:00Z,2014-07-01T00:00:00Z
http://www.wikidata.org/entity/Q178627,http://www.wikidata.org/entity/Q1053450,RBC Roosendaal,,1999-01-01T00:00:00Z,2001-01-01T00:00:00Z
http://www.wikidata.org/entity/Q178627,http://www.wikidata.org/entity/Q10751860,Sài Gòn FC,,2018-07-01T00:00:00Z,2018-11-01T00:00:00Z
http://www.wikidata.org/entity/Q178627,http://www.wikidata.org/entity/Q7482049,Strømsgodset IF,23.0,2014-07-01T00:00:00Z,2016-02-01T00:00:00Z
http://www.wikidata.org/entity/Q178627,http://www.wikidata.org/entity/Q24699,RKC Waalwijk,27.0,2007-07-01T00:00:00Z,2008-06-30T00:00:00Z
http://www.wikidata.org/entity/Q178627,http://www.wikidata.org/entity/Q2496380,SK Rapid Leest,,1997-01-01T00:00:00Z,1999-01-01T00:00:00Z
http://www.wikidata.org/entity/Q178627,http://www.wikidata.org/entity/Q166776,équipe de Belgique de football,7.0,2010-10-08T00:00:00Z,2011-10-11T00:00:00Z
http://www.wikidata.org/entity/Q178627,http://www.wikidata.org/entity/Q598083,KRC Malines,,2001-01-01T00:00:00Z,2003-01-01T00:00:00Z
http://www.wikidata.org/entity/Q178627,http://www.wikidata.org/entity/Q931971,Okjetpes Kökşetaw,7.0,2017-06-15T00:00:00Z,2017-08-12T00:00:00Z
http://www.wikidata.org/entity/Q178627,http://www.wikidata.org/entity/Q646079,K Beerschot AC,10.0,2013-01-04T00:00:00Z,2013-06-30T00:00:00Z
http://www.wikidata.org/entity/Q178627,http://www.wikidata.org/entity/Q15224541,équipe de Belgique de football des moins de 18 ans,2.0,2004-09-14T00:00:00Z,http://www.wikidata.org/.well-known/genid/c4d98f8ea435f98dc4f1972e79dec050
http://www.wikidata.org/entity/Q178627,http://www.wikidata.org/entity/Q2308515,Patro Eisden Maasmechelen,14.0,2019-08-29T00:00:00Z,2020-07-01T00:00:00Z
http://www.wikidata.org/entity/Q178627,http://www.wikidata.org/entity/Q916199,Oud-Heverlee Louvain,18.0,2013-07-14T00:00:00Z,2014-01-29T00:00:00Z
http://www.wikidata.org/entity/Q178627,http://www.wikidata.org/entity/Q190561,Standard de Liège,7.0,2012-07-01T00:00:00Z,2012-12-31T00:00:00Z
http://www.wikidata.org/entity/Q178627,http://www.wikidata.org/entity/Q876568,MVV Maastricht,14.0,2017-08-12T00:00:00Z,2018-03-27T00:00:00Z
http://www.wikidata.org/entity/Q181098,http://www.wikidata.org/entity/Q38568,São Paulo FC,7.0,1994-01-01T00:00:00Z,1994-01-01T00:00:00Z
http://www.wikidata.org/entity/Q181098,http://www.wikidata.org/entity/Q10308,Real Saragosse,107.0,1998-01-01T00:00:00Z,2002-01-01T00:00:00Z
http://www.wikidata.org/entity/Q181098,http://www.wikidata.org/entity/Q823384,Shimizu S-Pulse,3.0,2004-01-01T00:00:00Z,2004-01-01T00:00:00Z
http://www.wikidata.org/entity/Q181098,http://www.wikidata.org/entity/Q35933,Corinthians Paulista,19.0,2003-01-01T00:00:00Z,2003-01-01T00:00:00Z
http://www.wikidata.org/entity/Q181098,http://www.wikidata.org/entity/Q38568,São Paulo FC,7.0,1993-01-01T00:00:00Z,1994-01-01T00:00:00Z
http://www.wikidata.org/entity/Q181098,http://www.wikidata.org/entity/Q270995,Atlético Mineiro,26.0,2006-01-01T00:00:00Z,2006-01-01T00:00:00Z
http://www.wikidata.org/entity/Q181098,http://www.wikidata.org/entity/Q10407,UD Almería,26.0,2004-01-01T00:00:00Z,2005-01-01T00:00:00Z
http://www.wikidata.org/entity/Q181098,http://www.wikidata.org/entity/Q844931,Kashiwa Reysol,28.0,1997-01-01T00:00:00Z,1997-01-01T00:00:00Z
http://www.wikidata.org/entity/Q181098,http://www.wikidata.org/entity/Q80955,Santos FC,41.0,1995-01-01T00:00:00Z,1996-01-01T00:00:00Z
http://www.wikidata.org/entity/Q181098,http://www.wikidata.org/entity/Q83459,équipe du Brésil de football,5.0,1996-01-01T00:00:00Z,1996-01-01T00:00:00Z
http://www.wikidata.org/entity/Q181098,http://www.wikidata.org/entity/Q133520,Grêmio Barueri Futebol Ltda,26.0,2007-01-01T00:00:00Z,2007-01-01T00:00:00Z
http://www.wikidata.org/entity/Q181098,http://www.wikidata.org/entity/Q35933,Corinthians Paulista,26.0,2005-01-01T00:00:00Z,2005-01-01T00:00:00Z
http://www.wikidata.org/entity/Q182549,http://www.wikidata.org/entity/Q170327,équipe d'Afrique du Sud de football,107.0,1999-01-01T00:00:00Z,2010-01-01T00:00:00Z
http://www.wikidata.org/entity/Q182549,http://www.wikidata.org/entity/Q646079,K Beerschot AC,29.0,2002-01-01T00:00:00Z,2002-01-01T00:00:00Z
http://www.wikidata.org/entity/Q182549,http://www.wikidata.org/entity/Q19446,Blackburn Rovers FC,101.0,2005-01-01T00:00:00Z,2009-01-01T00:00:00Z
http://www.wikidata.org/entity/Q182549,http://www.wikidata.org/entity/Q19604,Portsmouth FC,77.0,2009-01-01T00:00:00Z,2012-01-01T00:00:00Z
http://www.wikidata.org/entity/Q182549,http://www.wikidata.org/entity/Q1520442,Jomo Cosmos Football Club,12.0,1997-01-01T00:00:00Z,1998-01-01T00:00:00Z
http://www.wikidata.org/entity/Q182549,http://www.wikidata.org/entity/Q81888,Ajax Amsterdam,7.0,1999-01-01T00:00:00Z,2003-01-01T00:00:00Z
http://www.wikidata.org/entity/Q182549,http://www.wikidata.org/entity/Q104761,Bayer Leverkusen,0.0,1998-01-01T00:00:00Z,1999-01-01T00:00:00Z
http://www.wikidata.org/entity/Q182549,http://www.wikidata.org/entity/Q216032,KRC Genk,32.0,2003-01-01T00:00:00Z,2005-01-01T00:00:00Z
http://www.wikidata.org/entity/Q182549,http://www.wikidata.org/entity/Q857048,Wits University Football Club,14.0,2012-01-01T00:00:00Z,2013-01-01T00:00:00Z
http://www.wikidata.org/entity/Q182549,http://www.wikidata.org/entity/Q646079,K Beerschot AC,12.0,2001-01-01T00:00:00Z,2001-01-01T00:00:00Z
http://www.wikidata.org/entity/Q182769,http://www.wikidata.org/entity/Q105844,DSC Arminia Bielefeld,167.0,1994-01-01T00:00:00Z,2000-01-01T00:00:00Z
http://www.wikidata.org/entity/Q182769,http://www.wikidata.org/entity/Q157463,1. FC Sarrebruck,10.0,1992-01-01T00:00:00Z,1994-01-01T00:00:00Z
http://www.wikidata.org/entity/Q182769,http://www.wikidata.org/entity/Q105844,DSC Arminia Bielefeld,79.0,1988-01-01T00:00:00Z,1990-01-01T00:00:00Z
http://www.wikidata.org/entity/Q182769,http://www.wikidata.org/entity/Q157463,1. FC Sarrebruck,19.0,2001-01-01T00:00:00Z,2002-01-01T00:00:00Z
http://www.wikidata.org/entity/Q182769,http://www.wikidata.org/entity/Q51974,Hambourg SV,43.0,1990-01-01T00:00:00Z,1992-01-01T00:00:00Z
http://www.wikidata.org/entity/Q195000,http://www.wikidata.org/entity/Q7924284,VfL Bochum II,76.0,2006-01-01T00:00:00Z,2014-01-01T00:00:00Z
http://www.wikidata.org/entity/Q195000,http://www.wikidata.org/entity/Q15755,FC Augsbourg,,2016-01-01T00:00:00Z,
http://www.wikidata.org/entity/Q195000,http://www.wikidata.org/entity/Q105861,VfL Bochum,157.0,2009-01-01T00:00:00Z,2016-01-01T00:00:00Z
http://www.wikidata.org/entity/Q197633,http://www.wikidata.org/entity/Q208399,SC Bastia,100.0,1994-01-01T00:00:00Z,1997-01-01T00:00:00Z
http://www.wikidata.org/entity/Q197633,http://www.wikidata.org/entity/Q738423,Gamba Osaka,31.0,1998-01-01T00:00:00Z,1999-01-01T00:00:00Z
http://www.wikidata.org/entity/Q197633,http://www.wikidata.org/entity/Q19512,Football Club Sochaux-Montbéliard,33.0,2000-01-01T00:00:00Z,2002-01-01T00:00:00Z
http://www.wikidata.org/entity/Q197633,http://www.wikidata.org/entity/Q1131732,équipe de Serbie-et-Monténégro de football,7.0,1996-01-01T00:00:00Z,1998-01-01T00:00:00Z
http://www.wikidata.org/entity/Q197633,http://www.wikidata.org/entity/Q219264,Budućnost Podgorica,48.0,1990-01-01T00:00:00Z,1992-01-01T00:00:00Z
http://www.wikidata.org/entity/Q197633,http://www.wikidata.org/entity/Q191843,RC Lens,32.0,1997-01-01T00:00:00Z,1998-01-01T00:00:00Z
http://www.wikidata.org/entity/Q197633,http://www.wikidata.org/entity/Q1164490,FK Jedinstvo Bijelo Polje,70.0,1986-01-01T00:00:00Z,1990-01-01T00:00:00Z
http://www.wikidata.org/entity/Q197633,http://www.wikidata.org/entity/Q173009,Étoile rouge Belgrade,64.0,1992-01-01T00:00:00Z,1994-01-01T00:00:00Z
http://www.wikidata.org/entity/Q197633,http://www.wikidata.org/entity/Q1132418,FC Martigues,26.0,2002-01-01T00:00:00Z,2002-01-01T00:00:00Z
http://www.wikidata.org/entity/Q197665,http://www.wikidata.org/entity/Q130582,équipe de Chine de football,76.0,2002-01-01T00:00:00Z,
http://www.wikidata.org/entity/Q197665,http://www.wikidata.org/entity/Q19593,Celtic FC,16.0,2009-01-01T00:00:00Z,2010-01-01T00:00:00Z
http://www.wikidata.org/entity/Q197665,http://www.wikidata.org/entity/Q19462,Charlton Athletic FC,12.0,2007-01-01T00:00:00Z,2007-01-01T00:00:00Z
http://www.wikidata.org/entity/Q197665,http://www.wikidata.org/entity/Q1046367,Shandong Taishan Football Club,45.0,2005-01-01T00:00:00Z,2007-01-01T00:00:00Z
http://www.wikidata.org/entity/Q197665,http://www.wikidata.org/entity/Q1139956,Shenzhen FC,77.0,2001-01-01T00:00:00Z,2004-01-01T00:00:00Z
http://www.wikidata.org/entity/Q197665,http://www.wikidata.org/entity/Q130521,Guangzhou Football Club,126.0,2010-01-01T00:00:00Z,
http://www.wikidata.org/entity/Q198064,http://www.wikidata.org/entity/Q134241,Feyenoord Rotterdam,102.0,2010-01-01T00:00:00Z,2014-01-01T00:00:00Z
http://www.wikidata.org/entity/Q207644,http://www.wikidata.org/entity/Q1023193,Club Deportivo Irapuato,49.0,2010-01-01T00:00:00Z,2011-01-01T00:00:00Z
http://www.wikidata.org/entity/Q207665,http://www.wikidata.org/entity/Q24699,RKC Waalwijk,0.0,2013-01-01T00:00:00Z,2014-01-01T00:00:00Z
http://www.wikidata.org/entity/Q207665,http://www.wikidata.org/entity/Q19628,Olympiakós,22.0,2010-01-01T00:00:00Z,2011-01-01T00:00:00Z
http://www.wikidata.org/entity/Q207665,http://www.wikidata.org/entity/Q11938,PSV Eindhoven,161.0,1997-01-01T00:00:00Z,2004-01-01T00:00:00Z
http://www.wikidata.org/entity/Q207665,http://www.wikidata.org/entity/Q24699,RKC Waalwijk,34.0,1997-01-01T00:00:00Z,1998-01-01T00:00:00Z
http://www.wikidata.org/entity/Q207665,http://www.wikidata.org/entity/Q3873525,équipe du Danemark de football des moins de 19 ans,4.0,1996-01-01T00:00:00Z,1997-01-01T00:00:00Z
http://www.wikidata.org/entity/Q207665,http://www.wikidata.org/entity/Q131785,équipe du Danemark de football,126.0,2000-01-01T00:00:00Z,2013-01-01T00:00:00Z
http://www.wikidata.org/entity/Q207665,http://www.wikidata.org/entity/Q635654,Lyngby BK,26.0,1995-01-01T00:00:00Z,1997-01-01T00:00:00Z
http://www.wikidata.org/entity/Q207665,http://www.wikidata.org/entity/Q318348,NEC Nimègue,14.0,2008-01-01T00:00:00Z,2009-01-01T00:00:00Z
http://www.wikidata.org/entity/Q207665,http://www.wikidata.org/entity/Q19462,Charlton Athletic FC,75.0,2004-01-01T00:00:00Z,2007-01-01T00:00:00Z
http://www.wikidata.org/entity/Q207665,http://www.wikidata.org/entity/Q1270152,équipe du Danemark espoirs de football,15.0,1996-01-01T00:00:00Z,1999-01-01T00:00:00Z
http://www.wikidata.org/entity/Q207665,http://www.wikidata.org/entity/Q211906,Brøndby IF,48.0,2011-01-01T00:00:00Z,2013-01-01T00:00:00Z
http://www.wikidata.org/entity/Q207665,http://www.wikidata.org/entity/Q81888,Ajax Amsterdam,61.0,2007-01-01T00:00:00Z,2010-01-01T00:00:00Z
http://www.wikidata.org/entity/Q208020,http://www.wikidata.org/entity/Q11938,PSV Eindhoven,25.0,2009-01-01T00:00:00Z,2010-01-01T00:00:00Z
http://www.wikidata.org/entity/Q208020,http://www.wikidata.org/entity/Q81888,Ajax Amsterdam,22.0,2010-01-01T00:00:00Z,2012-01-01T00:00:00Z
http://www.wikidata.org/entity/Q208020,http://www.wikidata.org/entity/Q47050,équipe des Pays-Bas de football,55.0,1998-01-01T00:00:00Z,2010-01-01T00:00:00Z
http://www.wikidata.org/entity/Q208020,http://www.wikidata.org/entity/Q738060,FC Volendam,32.0,1994-01-01T00:00:00Z,1995-01-01T00:00:00Z
http://www.wikidata.org/entity/Q208020,http://www.wikidata.org/entity/Q24719,Roda JC,75.0,1995-01-01T00:00:00Z,1997-01-01T00:00:00Z
http://www.wikidata.org/entity/Q208020,http://www.wikidata.org/entity/Q11938,PSV Eindhoven,192.0,1997-01-01T00:00:00Z,2006-01-01T00:00:00Z
http://www.wikidata.org/entity/Q208020,http://www.wikidata.org/entity/Q19446,Blackburn Rovers FC,79.0,2006-01-01T00:00:00Z,2009-01-01T00:00:00Z
http://www.wikidata.org/entity/Q208518,http://www.wikidata.org/entity/Q18659,Swansea City AFC,89.0,2011-01-01T00:00:00Z,2014-01-01T00:00:00Z
http://www.wikidata.org/entity/Q208518,http://www.wikidata.org/entity/Q47050,équipe des Pays-Bas de football,,2008-01-01T00:00:00Z,
http://www.wikidata.org/entity/Q208518,http://www.wikidata.org/entity/Q1811026,équipe des Pays-Bas espoirs de football,,2005-01-01T00:00:00Z,2006-01-01T00:00:00Z
http://www.wikidata.org/entity/Q208518,http://www.wikidata.org/entity/Q18741,Tottenham Hotspur,,2014-01-01T00:00:00Z,
http://www.wikidata.org/entity/Q208518,http://www.wikidata.org/entity/Q24680,FC Utrecht,136.0,2005-01-01T00:00:00Z,2011-01-01T00:00:00Z
http://www.wikidata.org/entity/Q208518,http://www.wikidata.org/entity/Q875169,FC Den Bosch,35.0,2005-01-01T00:00:00Z,2006-01-01T00:00:00Z
http://www.wikidata.org/entity/Q211581,http://www.wikidata.org/entity/Q6418070,Poole Town F.C.,42.0,2008-01-01T00:00:00Z,2009-01-01T00:00:00Z
http://www.wikidata.org/entity/Q211581,http://www.wikidata.org/entity/Q19458,Burnley FC,82.0,2011-01-28T00:00:00Z,2013-08-01T00:00:00Z
http://www.wikidata.org/entity/Q211581,http://www.wikidata.org/entity/Q18723,QP Rangers,82.0,2013-08-01T00:00:00Z,2016-01-16T00:00:00Z
http://www.wikidata.org/entity/Q211581,http://www.wikidata.org/entity/Q5943367,Hungerford Town F.C.,30.0,2007-01-01T00:00:00Z,2008-01-01T00:00:00Z
http://www.wikidata.org/entity/Q211581,http://www.wikidata.org/entity/Q18732,Southampton FC,,2016-01-16T00:00:00Z,2019-08-08T00:00:00Z
http://www.wikidata.org/entity/Q211581,http://www.wikidata.org/entity/Q7711338,Thatcham Town F.C.,0.0,2008-01-01T00:00:00Z,2008-01-01T00:00:00Z
http://www.wikidata.org/entity/Q211581,http://www.wikidata.org/entity/Q6414342,Kintbury Rangers F.C.,27.0,2006-01-01T00:00:00Z,2007-01-01T00:00:00Z
http://www.wikidata.org/entity/Q211581,http://www.wikidata.org/entity/Q19634,Swindon Town Football Club,54.0,2009-10-01T00:00:00Z,2011-01-28T00:00:00Z
http://www.wikidata.org/entity/Q211581,http://www.wikidata.org/entity/Q18744,West Bromwich Albion,,2019-08-08T00:00:00Z,
http://www.wikidata.org/entity/Q212544,http://www.wikidata.org/entity/Q24699,RKC Waalwijk,55.0,1996-01-01T00:00:00Z,1998-01-01T00:00:00Z
http://www.wikidata.org/entity/Q212544,http://www.wikidata.org/entity/Q131209,FK Austria Vienne,12.0,2005-01-01T00:00:00Z,2007-01-01T00:00:00Z
http://www.wikidata.org/entity/Q212544,http://www.wikidata.org/entity/Q332664,Willem II Tilburg,90.0,1998-01-01T00:00:00Z,2001-01-01T00:00:00Z
http://www.wikidata.org/entity/Q212544,http://www.wikidata.org/entity/Q284281,Al-Wakrah Sports Club,,2008-01-01T00:00:00Z,2009-01-01T00:00:00Z
http://www.wikidata.org/entity/Q212544,http://www.wikidata.org/entity/Q332664,Willem II Tilburg,35.0,2007-01-01T00:00:00Z,2008-01-01T00:00:00Z
http://www.wikidata.org/entity/Q212544,http://www.wikidata.org/entity/Q142005,FC Hansa Rostock,96.0,2001-01-01T00:00:00Z,2005-01-01T00:00:00Z
http://www.wikidata.org/entity/Q212544,http://www.wikidata.org/entity/Q875169,FC Den Bosch,27.0,1995-01-01T00:00:00Z,1996-01-01T00:00:00Z
http://www.wikidata.org/entity/Q212544,http://www.wikidata.org/entity/Q1769381,Haaglandia,,2009-01-01T00:00:00Z,
http://www.wikidata.org/entity/Q212631,http://www.wikidata.org/entity/Q3589775,équipe d'Australie de football des moins de 23 ans,8.0,1999-01-01T00:00:00Z,2000-01-01T00:00:00Z
http://www.wikidata.org/entity/Q212631,http://www.wikidata.org/entity/Q19571,Brentford FC,7.0,1998-01-01T00:00:00Z,1998-01-01T00:00:00Z
http://www.wikidata.org/entity/Q212631,http://www.wikidata.org/entity/Q48951,Southend United FC,1.0,1999-01-01T00:00:00Z,1999-01-01T00:00:00Z
http://www.wikidata.org/entity/Q212631,http://www.wikidata.org/entity/Q3900570,Perth SC,15.0,1995-01-01T00:00:00Z,1995-01-01T00:00:00Z
http://www.wikidata.org/entity/Q212631,http://www.wikidata.org/entity/Q852033,Perth Glory FC,32.0,2009-01-01T00:00:00Z,2012-01-01T00:00:00Z
http://www.wikidata.org/entity/Q212631,http://www.wikidata.org/entity/Q18747,West Ham United FC,1.0,1996-01-01T00:00:00Z,2000-01-01T00:00:00Z
http://www.wikidata.org/entity/Q212631,http://www.wikidata.org/entity/Q430307,Liaoning Yuandong,20.0,2010-01-01T00:00:00Z,2010-01-01T00:00:00Z
http://www.wikidata.org/entity/Q212631,http://www.wikidata.org/entity/Q3589754,équipe d'Australie de football des moins de 17 ans,7.0,1995-01-01T00:00:00Z,1995-01-01T00:00:00Z
http://www.wikidata.org/entity/Q212631,http://www.wikidata.org/entity/Q3900570,Perth SC,15.0,1995-01-01T00:00:00Z,1996-01-01T00:00:00Z
http://www.wikidata.org/entity/Q212631,http://www.wikidata.org/entity/Q19578,Colchester United FC,32.0,2008-01-01T00:00:00Z,2009-01-01T00:00:00Z
http://www.wikidata.org/entity/Q212631,http://www.wikidata.org/entity/Q268208,équipe d'Australie de football,7.0,2008-01-01T00:00:00Z,2009-01-01T00:00:00Z
http://www.wikidata.org/entity/Q212631,http://www.wikidata.org/entity/Q335483,Dundee FC,20.0,2000-01-01T00:00:00Z,2001-01-01T00:00:00Z
http://www.wikidata.org/entity/Q212631,http://www.wikidata.org/entity/Q18520,Luton Town Football Club,221.0,2001-01-01T00:00:00Z,2008-01-01T00:00:00Z
http://www.wikidata.org/entity/Q213041,http://www.wikidata.org/entity/Q3873528,équipe de Norvège de football des moins de 19 ans,2.0,2000-01-01T00:00:00Z,2000-01-01T00:00:00Z
http://www.wikidata.org/entity/Q213041,http://www.wikidata.org/entity/Q186785,Rosenborg Ballklub,37.0,2014-01-01T00:00:00Z,2016-01-01T00:00:00Z
http://www.wikidata.org/entity/Q213041,http://www.wikidata.org/entity/Q184387,équipe de Norvège de football,83.0,2004-01-01T00:00:00Z,2014-01-01T00:00:00Z
http://www.wikidata.org/entity/Q213041,http://www.wikidata.org/entity/Q212490,Tromsø IL,103.0,2000-01-01T00:00:00Z,2004-01-01T00:00:00Z
http://www.wikidata.org/entity/Q213041,http://www.wikidata.org/entity/Q2446294,équipe de Norvège espoirs de football,18.0,2001-01-01T00:00:00Z,2004-01-01T00:00:00Z
http://www.wikidata.org/entity/Q213041,http://www.wikidata.org/entity/Q212490,Tromsø IL,96.0,2016-01-01T00:00:00Z,2019-01-01T00:00:00Z
http://www.wikidata.org/entity/Q213041,http://www.wikidata.org/entity/Q19446,Blackburn Rovers FC,288.0,2004-01-01T00:00:00Z,2013-01-01T00:00:00Z
http://www.wikidata.org/entity/Q213041,http://www.wikidata.org/entity/Q3873512,équipe de Norvège de football des moins de 18 ans,4.0,1999-01-01T00:00:00Z,1999-01-01T00:00:00Z
http://www.wikidata.org/entity/Q213041,http://www.wikidata.org/entity/Q301332,Kardemir Karabükspor,10.0,2013-01-01T00:00:00Z,2014-01-01T00:00:00Z
http://www.wikidata.org/entity/Q215040,http://www.wikidata.org/entity/Q899189,équipe du Brésil olympique de football,6.0,2004-01-01T00:00:00Z,2004-01-01T00:00:00Z
http://www.wikidata.org/entity/Q215040,http://www.wikidata.org/entity/Q188277,Cruzeiro EC,27.0,2000-01-01T00:00:00Z,2001-01-01T00:00:00Z
http://www.wikidata.org/entity/Q215040,http://www.wikidata.org/entity/Q81888,Ajax Amsterdam,114.0,2001-01-01T00:00:00Z,2006-01-01T00:00:00Z
http://www.wikidata.org/entity/Q215040,http://www.wikidata.org/entity/Q483020,Paris Saint-Germain FC,,2012-01-01T00:00:00Z,2017-01-01T00:00:00Z
http://www.wikidata.org/entity/Q215040,http://www.wikidata.org/entity/Q83459,équipe du Brésil de football,10.0,2013-01-01T00:00:00Z,2014-01-01T00:00:00Z
http://www.wikidata.org/entity/Q215040,http://www.wikidata.org/entity/Q6703,Empoli Football Club,0.0,2006-01-01T00:00:00Z,2006-01-01T00:00:00Z
http://www.wikidata.org/entity/Q217095,http://www.wikidata.org/entity/Q207373,Colo-Colo,87.0,2013-07-01T00:00:00Z,2017-01-01T00:00:00Z
http://www.wikidata.org/entity/Q217095,http://www.wikidata.org/entity/Q605055,Club Sol de América,103.0,1996-01-01T00:00:00Z,2000-01-01T00:00:00Z
http://www.wikidata.org/entity/Q217095,http://www.wikidata.org/entity/Q10319,Real Valladolid,44.0,2008-01-01T00:00:00Z,2011-01-01T00:00:00Z
http://www.wikidata.org/entity/Q217095,http://www.wikidata.org/entity/Q172020,équipe du Paraguay de football,120.0,1999-01-01T00:00:00Z,2018-01-01T00:00:00Z
http://www.wikidata.org/entity/Q217095,http://www.wikidata.org/entity/Q603101,Club Nacional,13.0,2013-01-01T00:00:00Z,2013-06-01T00:00:00Z
http://www.wikidata.org/entity/Q217095,http://www.wikidata.org/entity/Q221882,Newell's Old Boys,135.0,2004-01-01T00:00:00Z,2008-01-01T00:00:00Z
http://www.wikidata.org/entity/Q217095,http://www.wikidata.org/entity/Q3590749,équipe du Paraguay olympique de football,4.0,2000-01-01T00:00:00Z,2000-01-01T00:00:00Z
http://www.wikidata.org/entity/Q217095,http://www.wikidata.org/entity/Q214940,Estudiantes de La Plata,18.0,2011-01-01T00:00:00Z,2012-01-01T00:00:00Z
http://www.wikidata.org/entity/Q217095,http://www.wikidata.org/entity/Q848642,Club Libertad,109.0,2001-01-01T00:00:00Z,2004-01-01T00:00:00Z
http://www.wikidata.org/entity/Q217095,http://www.wikidata.org/entity/Q3328932,équipe du Paraguay de football des moins de 20 ans,5.0,1997-01-01T00:00:00Z,1997-01-01T00:00:00Z
http://www.wikidata.org/entity/Q217097,http://www.wikidata.org/entity/Q1253472,Doxa Katokopias,10.0,2013-01-01T00:00:00Z,2013-01-01T00:00:00Z
http://www.wikidata.org/entity/Q217097,http://www.wikidata.org/entity/Q1369461,Sakaryaspor,21.0,1998-01-01T00:00:00Z,1999-01-01T00:00:00Z
http://www.wikidata.org/entity/Q217097,http://www.wikidata.org/entity/Q495299,Galatasaray SK,27.0,1996-01-01T00:00:00Z,2005-01-01T00:00:00Z
http://www.wikidata.org/entity/Q217097,http://www.wikidata.org/entity/Q805909,Balıkesirspor,13.0,2014-01-01T00:00:00Z,2014-01-01T00:00:00Z
http://www.wikidata.org/entity/Q217097,http://www.wikidata.org/entity/Q43710,Antalyaspor,15.0,2001-01-01T00:00:00Z,2002-01-01T00:00:00Z
http://www.wikidata.org/entity/Q217097,http://www.wikidata.org/entity/Q1423118,Göztepe SK,19.0,1999-01-01T00:00:00Z,2001-01-01T00:00:00Z
http://www.wikidata.org/entity/Q217097,http://www.wikidata.org/entity/Q1127498,Elazığspor Kulübü,20.0,2002-01-01T00:00:00Z,2003-01-01T00:00:00Z
http://www.wikidata.org/entity/Q217097,http://www.wikidata.org/entity/Q172014,équipe du Ghana de football,93.0,1996-01-01T00:00:00Z,2012-01-01T00:00:00Z
http://www.wikidata.org/entity/Q217097,http://www.wikidata.org/entity/Q19444,Birmingham City FC,1.0,2007-07-01T00:00:00Z,2008-01-01T00:00:00Z
http://www.wikidata.org/entity/Q217097,http://www.wikidata.org/entity/Q18750,Wigan Athletic FC,4.0,2008-01-01T00:00:00Z,2010-01-01T00:00:00Z
http://www.wikidata.org/entity/Q217097,http://www.wikidata.org/entity/Q19449,Blackpool FC,20.0,2010-01-01T00:00:00Z,2011-01-01T00:00:00Z
http://www.wikidata.org/entity/Q217097,http://www.wikidata.org/entity/Q556570,Ankaraspor,4.0,2005-01-01T00:00:00Z,2007-01-01T00:00:00Z
http://www.wikidata.org/entity/Q217097,http://www.wikidata.org/entity/Q1988767,Great Olympics,0.0,1995-01-01T00:00:00Z,1996-01-01T00:00:00Z
http://www.wikidata.org/entity/Q217097,http://www.wikidata.org/entity/Q1988767,Great Olympics,0.0,2015-01-01T00:00:00Z,2015-01-01T00:00:00Z
http://www.wikidata.org/entity/Q217097,http://www.wikidata.org/entity/Q460724,Hammarby IF,11.0,2007-04-01T00:00:00Z,2007-06-01T00:00:00Z
http://www.wikidata.org/entity/Q213041,http://www.wikidata.org/entity/Q375978,Alta IF,41.0,2020-01-01T00:00:00Z,2022-01-01T00:00:00Z
http://www.wikidata.org/entity/Q213041,http://www.wikidata.org/entity/Q217607,Åsane Fotball,18.0,2022-01-01T00:00:00Z,2022-01-01T00:00:00Z
http://www.wikidata.org/entity/Q213041,http://www.wikidata.org/entity/Q1112784,Ranheim Fotball,22.0,2023-01-01T00:00:00Z,2024-01-01T00:00:00Z
http://www.wikidata.org/entity/Q217095,http://www.wikidata.org/entity/Q603101,Club Nacional,0.0,2017-01-01T00:00:00Z,2018-01-01T00:00:00Z
http://www.wikidata.org/entity/Q217482,http://www.wikidata.org/entity/Q126334,RC Strasbourg Alsace,35.0,1989-01-01T00:00:00Z,1990-01-01T00:00:00Z
http://www.wikidata.org/entity/Q217482,http://www.wikidata.org/entity/Q1277549,équipe de France espoirs de football,2.0,1993-01-01T00:00:00Z,1993-01-01T00:00:00Z
http://www.wikidata.org/entity/Q217482,http://www.wikidata.org/entity/Q3590024,équipe de France de football A',2.0,1993-01-01T00:00:00Z,1993-01-01T00:00:00Z
http://www.wikidata.org/entity/Q217482,http://www.wikidata.org/entity/Q19446,Blackburn Rovers FC,3.0,2004-01-01T00:00:00Z,2005-01-01T00:00:00Z
http://www.wikidata.org/entity/Q217482,http://www.wikidata.org/entity/Q47774,équipe de France de football,82.0,1993-01-01T00:00:00Z,2002-01-01T00:00:00Z
http://www.wikidata.org/entity/Q217482,http://www.wikidata.org/entity/Q180305,AS Monaco FC,155.0,1990-01-01T00:00:00Z,1995-01-01T00:00:00Z
http://www.wikidata.org/entity/Q217482,http://www.wikidata.org/entity/Q209509,Grenoble Foot 38,,1985-01-01T00:00:00Z,1989-01-01T00:00:00Z
http://www.wikidata.org/entity/Q217482,http://www.wikidata.org/entity/Q19451,Bolton Wanderers FC,75.0,2002-01-01T00:00:00Z,2004-01-01T00:00:00Z
http://www.wikidata.org/entity/Q217482,http://www.wikidata.org/entity/Q483020,Paris Saint-Germain FC,35.0,1995-01-01T00:00:00Z,1996-01-01T00:00:00Z
http://www.wikidata.org/entity/Q217482,http://www.wikidata.org/entity/Q204220,Red Bulls de New York,45.0,2005-01-01T00:00:00Z,2006-01-01T00:00:00Z
http://www.wikidata.org/entity/Q217482,http://www.wikidata.org/entity/Q8466,1. FC Kaiserslautern,55.0,1999-01-01T00:00:00Z,2002-01-01T00:00:00Z
http://www.wikidata.org/entity/Q217482,http://www.wikidata.org/entity/Q631,FC Internazionale Milano,87.0,1996-01-01T00:00:00Z,1999-01-01T00:00:00Z
http://www.wikidata.org/entity/Q218098,http://www.wikidata.org/entity/Q17479,Clube de Regatas do Flamengo,26.0,1989-01-01T00:00:00Z,1990-01-01T00:00:00Z
http://www.wikidata.org/entity/Q218098,http://www.wikidata.org/entity/Q190561,Standard de Liège,10.0,1999-01-01T00:00:00Z,1999-01-01T00:00:00Z
http://www.wikidata.org/entity/Q218098,http://www.wikidata.org/entity/Q816779,Goiás Esporte Clube,2.0,2004-01-01T00:00:00Z,2004-01-01T00:00:00Z
http://www.wikidata.org/entity/Q218098,http://www.wikidata.org/entity/Q2308235,équipe du Brésil de football des moins de 20 ans,4.0,1987-01-01T00:00:00Z,1987-01-01T00:00:00Z
http://www.wikidata.org/entity/Q218098,http://www.wikidata.org/entity/Q816779,Goiás Esporte Clube,16.0,2002-01-01T00:00:00Z,2003-01-01T00:00:00Z
http://www.wikidata.org/entity/Q218098,http://www.wikidata.org/entity/Q80845,SC Internacional,10.0,2003-01-01T00:00:00Z,2004-01-01T00:00:00Z
http://www.wikidata.org/entity/Q218098,http://www.wikidata.org/entity/Q219120,Associação Atlética Ponte Preta,14.0,1986-01-01T00:00:00Z,1989-01-01T00:00:00Z
http://www.wikidata.org/entity/Q218098,http://www.wikidata.org/entity/Q2768,Torino Football Club,13.0,1999-01-01T00:00:00Z,1999-01-01T00:00:00Z
http://www.wikidata.org/entity/Q218098,http://www.wikidata.org/entity/Q190561,Standard de Liège,107.0,1990-01-01T00:00:00Z,1994-01-01T00:00:00Z
http://www.wikidata.org/entity/Q218098,http://www.wikidata.org/entity/Q1543,AC Milan,13.0,1997-01-01T00:00:00Z,1999-01-01T00:00:00Z
http://www.wikidata.org/entity/Q218098,http://www.wikidata.org/entity/Q2641,Società Sportiva Calcio Napoli,83.0,1994-01-01T00:00:00Z,1997-01-01T00:00:00Z
http://www.wikidata.org/entity/Q218098,http://www.wikidata.org/entity/Q83459,équipe du Brésil de football,31.0,1988-01-01T00:00:00Z,1998-01-01T00:00:00Z
http://www.wikidata.org/entity/Q218098,http://www.wikidata.org/entity/Q2402747,équipe du Brésil de football des moins de 17 ans,6.0,1985-01-01T00:00:00Z,1985-01-01T00:00:00Z
http://www.wikidata.org/entity/Q218098,http://www.wikidata.org/entity/Q75729,Sporting Clube de Portugal,78.0,1999-01-01T00:00:00Z,2002-01-01T00:00:00Z
http://www.wikidata.org/entity/Q218561,http://www.wikidata.org/entity/Q215163,CA Vélez Sarsfield,45.0,2010-01-01T00:00:00Z,2013-01-01T00:00:00Z
http://www.wikidata.org/entity/Q218561,http://www.wikidata.org/entity/Q79800,équipe d'Argentine de football,,2012-01-01T00:00:00Z,
http://www.wikidata.org/entity/Q218561,http://www.wikidata.org/entity/Q2018,Catania Football Club,21.0,2013-01-01T00:00:00Z,2015-01-01T00:00:00Z
http://www.wikidata.org/entity/Q218561,http://www.wikidata.org/entity/Q170703,Boca Juniors,,2015-01-01T00:00:00Z,
http://www.wikidata.org/entity/Q218561,http://www.wikidata.org/entity/Q2079294,Grecia,,2023-01-01T00:00:00Z,
http://www.wikidata.org/entity/Q218934,http://www.wikidata.org/entity/Q841378,FK DAC 1904 Dunajská Streda,24.0,2010-01-01T00:00:00Z,2012-01-01T00:00:00Z
http://www.wikidata.org/entity/Q218934,http://www.wikidata.org/entity/Q1969085,équipe de Slovaquie espoirs de football,12.0,2007-01-01T00:00:00Z,2008-01-01T00:00:00Z
http://www.wikidata.org/entity/Q218934,http://www.wikidata.org/entity/Q1636295,Football Club Senec,11.0,2006-01-01T00:00:00Z,2006-01-01T00:00:00Z
http://www.wikidata.org/entity/Q218934,http://www.wikidata.org/entity/Q1391701,Spartak Myjava,20.0,2012-01-01T00:00:00Z,2013-01-01T00:00:00Z
http://www.wikidata.org/entity/Q218934,http://www.wikidata.org/entity/Q1176524,Mezőkövesd-Zsóry SE,22.0,2013-01-01T00:00:00Z,2016-01-01T00:00:00Z
http://www.wikidata.org/entity/Q218934,http://www.wikidata.org/entity/Q1473386,Paykan Qazvin Football Club,7.0,2010-01-01T00:00:00Z,2011-01-01T00:00:00Z
http://www.wikidata.org/entity/Q218934,http://www.wikidata.org/entity/Q1241654,Puskás Akadémia FC,18.0,2014-01-01T00:00:00Z,2015-01-01T00:00:00Z
http://www.wikidata.org/entity/Q218934,http://www.wikidata.org/entity/Q19451,Bolton Wanderers FC,0.0,2007-01-01T00:00:00Z,2010-01-01T00:00:00Z
http://www.wikidata.org/entity/Q218934,http://www.wikidata.org/entity/Q1051340,Nyíregyháza Spartacus Football Club,,2016-01-01T00:00:00Z,
http://www.wikidata.org/entity/Q218934,http://www.wikidata.org/entity/Q934780,Pécsi Mecsek FC,3.0,2012-01-01T00:00:00Z,2013-01-01T00:00:00Z
http://www.wikidata.org/entity/Q219020,http://www.wikidata.org/entity/Q3550595,Union sportive ouvrière normande de Mondeville,,2004-01-01T00:00:00Z,2006-01-01T00:00:00Z
http://www.wikidata.org/entity/Q219020,http://www.wikidata.org/entity/Q477067,équipe de Mauritanie de football,,2013-01-01T00:00:00Z,
http://www.wikidata.org/entity/Q219020,http://www.wikidata.org/entity/Q870173,Vannes Olympique Club,19.0,2008-01-01T00:00:00Z,2009-01-01T00:00:00Z
http://www.wikidata.org/entity/Q219020,http://www.wikidata.org/entity/Q140626308,UJA Alfortville,14.0,2010-01-01T00:00:00Z,2011-01-01T00:00:00Z
http://www.wikidata.org/entity/Q219020,http://www.wikidata.org/entity/Q870173,Vannes Olympique Club,41.0,2011-01-01T00:00:00Z,2013-01-01T00:00:00Z
http://www.wikidata.org/entity/Q219020,http://www.wikidata.org/entity/Q193377,Stade Malherbe Caen,5.0,2006-01-01T00:00:00Z,2010-01-01T00:00:00Z
http://www.wikidata.org/entity/Q219020,http://www.wikidata.org/entity/Q3076604,Football Club mantois 78,,2013-01-01T00:00:00Z,
http://www.wikidata.org/entity/Q219024,http://www.wikidata.org/entity/Q931704,OFI Crète,,2011-01-01T00:00:00Z,2012-01-01T00:00:00Z
http://www.wikidata.org/entity/Q219024,http://www.wikidata.org/entity/Q3176205,Jeanne d'Arc de Drancy,,2011-01-01T00:00:00Z,
http://www.wikidata.org/entity/Q219024,http://www.wikidata.org/entity/Q208399,SC Bastia,90.0,2006-01-01T00:00:00Z,2009-01-01T00:00:00Z
http://www.wikidata.org/entity/Q219024,http://www.wikidata.org/entity/Q207441,équipe du Sénégal de football,,2003-01-01T00:00:00Z,
http://www.wikidata.org/entity/Q219024,http://www.wikidata.org/entity/Q760736,Stade lavallois,29.0,2010-01-01T00:00:00Z,2011-01-01T00:00:00Z
http://www.wikidata.org/entity/Q219024,http://www.wikidata.org/entity/Q3176205,Jeanne d'Arc de Drancy,,2012-01-01T00:00:00Z,2013-01-01T00:00:00Z
http://www.wikidata.org/entity/Q219024,http://www.wikidata.org/entity/Q19521,AS Saint-Étienne,125.0,2001-01-01T00:00:00Z,2006-01-01T00:00:00Z
http://www.wikidata.org/entity/Q219024,http://www.wikidata.org/entity/Q296050,AO Kavala,9.0,2009-01-01T00:00:00Z,2010-01-01T00:00:00Z
http://www.wikidata.org/entity/Q219034,http://www.wikidata.org/entity/Q876568,MVV Maastricht,104.0,2006-01-01T00:00:00Z,2010-01-01T00:00:00Z
http://www.wikidata.org/entity/Q219034,http://www.wikidata.org/entity/Q221525,FC Metz,40.0,1997-01-01T00:00:00Z,2001-01-01T00:00:00Z
http://www.wikidata.org/entity/Q219034,http://www.wikidata.org/entity/Q433541,AS La Jeunesse d'Esch,24.0,2011-01-01T00:00:00Z,2012-01-01T00:00:00Z
http://www.wikidata.org/entity/Q219034,http://www.wikidata.org/entity/Q221752,F91 Dudelange,,2012-01-01T00:00:00Z,
http://www.wikidata.org/entity/Q219034,http://www.wikidata.org/entity/Q221525,FC Metz,4.0,2006-01-01T00:00:00Z,2006-01-01T00:00:00Z
http://www.wikidata.org/entity/Q219034,http://www.wikidata.org/entity/Q1253472,Doxa Katokopias,17.0,2010-01-01T00:00:00Z,2011-01-01T00:00:00Z
http://www.wikidata.org/entity/Q219034,http://www.wikidata.org/entity/Q650917,Royal Excelsior Virton,63.0,2001-01-01T00:00:00Z,2003-01-01T00:00:00Z
http://www.wikidata.org/entity/Q219034,http://www.wikidata.org/entity/Q153535,Alemannia Aix-la-Chapelle,41.0,2003-01-01T00:00:00Z,2005-01-01T00:00:00Z
http://www.wikidata.org/entity/Q219034,http://www.wikidata.org/entity/Q107818,FC Energie Cottbus,17.0,2005-01-01T00:00:00Z,2006-01-01T00:00:00Z
http://www.wikidata.org/entity/Q219360,http://www.wikidata.org/entity/Q1423718,KAS Eupen,32.0,2005-01-01T00:00:00Z,2006-01-01T00:00:00Z
http://www.wikidata.org/entity/Q219360,http://www.wikidata.org/entity/Q208399,SC Bastia,38.0,2014-01-01T00:00:00Z,2015-01-01T00:00:00Z
http://www.wikidata.org/entity/Q219360,http://www.wikidata.org/entity/Q815515,équipe de Belgique espoirs de football,2.0,2006-01-01T00:00:00Z,2007-01-01T00:00:00Z
http://www.wikidata.org/entity/Q219360,http://www.wikidata.org/entity/Q192071,Football Club de Nantes,,2016-01-01T00:00:00Z,
http://www.wikidata.org/entity/Q219360,http://www.wikidata.org/entity/Q1347229,Royal Football Club de Liège,32.0,2002-01-01T00:00:00Z,2004-01-01T00:00:00Z
http://www.wikidata.org/entity/Q219360,http://www.wikidata.org/entity/Q815515,équipe de Belgique espoirs de football,2.0,2006-01-01T00:00:00Z,2006-01-01T00:00:00Z
http://www.wikidata.org/entity/Q219360,http://www.wikidata.org/entity/Q166776,équipe de Belgique de football,,2007-01-01T00:00:00Z,
http://www.wikidata.org/entity/Q219360,http://www.wikidata.org/entity/Q187528,RSC Anderlecht,248.0,2008-01-01T00:00:00Z,2016-01-01T00:00:00Z
http://www.wikidata.org/entity/Q219360,http://www.wikidata.org/entity/Q19585,Royal Charleroi SC,,2020-07-01T00:00:00Z,
http://www.wikidata.org/entity/Q219360,http://www.wikidata.org/entity/Q18232,La Gantoise,45.0,2006-01-01T00:00:00Z,2008-01-01T00:00:00Z
http://www.wikidata.org/entity/Q219360,http://www.wikidata.org/entity/Q2124104,Royal Cercle Sportif Visé,33.0,2004-01-01T00:00:00Z,2005-01-01T00:00:00Z
http://www.wikidata.org/entity/Q221142,http://www.wikidata.org/entity/Q4122219,Panathinaïkós,199.0,1995-01-01T00:00:00Z,2006-01-01T00:00:00Z
http://www.wikidata.org/entity/Q221142,http://www.wikidata.org/entity/Q222837,Athlétic Club arlésien,4.0,2010-01-01T00:00:00Z,2010-01-01T00:00:00Z
http://www.wikidata.org/entity/Q221142,http://www.wikidata.org/entity/Q222837,Athlétic Club arlésien,4.0,2010-01-01T00:00:00Z,2011-01-01T00:00:00Z
http://www.wikidata.org/entity/Q221142,http://www.wikidata.org/entity/Q8835,RCD Majorque,75.0,2006-01-01T00:00:00Z,2008-01-01T00:00:00Z
http://www.wikidata.org/entity/Q221142,http://www.wikidata.org/entity/Q19604,Portsmouth FC,15.0,2009-01-01T00:00:00Z,2010-01-01T00:00:00Z
http://www.wikidata.org/entity/Q221142,http://www.wikidata.org/entity/Q134925,équipe de Grèce de football,100.0,1999-01-01T00:00:00Z,2009-01-01T00:00:00Z
http://www.wikidata.org/entity/Q221142,http://www.wikidata.org/entity/Q201584,AEK Athènes FC,14.0,2008-01-01T00:00:00Z,2009-01-01T00:00:00Z
http://www.wikidata.org/entity/Q221824,http://www.wikidata.org/entity/Q3873546,équipe d'Australie de football des moins de 20 ans,11.0,1993-01-01T00:00:00Z,1995-01-01T00:00:00Z
http://www.wikidata.org/entity/Q221824,http://www.wikidata.org/entity/Q216032,KRC Genk,100.0,1999-01-01T00:00:00Z,2003-01-01T00:00:00Z
http://www.wikidata.org/entity/Q221824,http://www.wikidata.org/entity/Q7055473,North Geelong Warriors,32.0,1994-01-01T00:00:00Z,1995-01-01T00:00:00Z
http://www.wikidata.org/entity/Q221824,http://www.wikidata.org/entity/Q181216,HNK Hajduk Split,64.0,2008-01-01T00:00:00Z,2010-01-01T00:00:00Z
http://www.wikidata.org/entity/Q221824,http://www.wikidata.org/entity/Q18736,Stoke City FC,9.0,2006-01-01T00:00:00Z,2006-01-01T00:00:00Z
http://www.wikidata.org/entity/Q221824,http://www.wikidata.org/entity/Q748725,Melbourne City FC,22.0,2010-01-01T00:00:00Z,2011-01-01T00:00:00Z
http://www.wikidata.org/entity/Q221824,http://www.wikidata.org/entity/Q181216,HNK Hajduk Split,97.0,1995-01-01T00:00:00Z,1999-01-01T00:00:00Z
http://www.wikidata.org/entity/Q221824,http://www.wikidata.org/entity/Q3589775,équipe d'Australie de football des moins de 23 ans,3.0,2000-01-01T00:00:00Z,2000-01-01T00:00:00Z
http://www.wikidata.org/entity/Q221824,http://www.wikidata.org/entity/Q268208,équipe d'Australie de football,51.0,1997-01-01T00:00:00Z,2007-01-01T00:00:00Z
http://www.wikidata.org/entity/Q221824,http://www.wikidata.org/entity/Q641373,Gençlerbirliği SK,58.0,2003-01-01T00:00:00Z,2005-01-01T00:00:00Z
http://www.wikidata.org/entity/Q221824,http://www.wikidata.org/entity/Q18750,Wigan Athletic FC,45.0,2005-01-01T00:00:00Z,2008-01-01T00:00:00Z
http://www.wikidata.org/entity/Q221871,http://www.wikidata.org/entity/Q935956,Metalurg Zaporijjye,1.0,2006-01-01T00:00:00Z,2006-01-01T00:00:00Z
http://www.wikidata.org/entity/Q221871,http://www.wikidata.org/entity/Q391353,Real Salt Lake,22.0,2008-01-01T00:00:00Z,2008-01-01T00:00:00Z
http://www.wikidata.org/entity/Q221871,http://www.wikidata.org/entity/Q238593,D.C. United,82.0,2003-01-01T00:00:00Z,2005-01-01T00:00:00Z
http://www.wikidata.org/entity/Q221871,http://www.wikidata.org/entity/Q204357,Galaxy de Los Angeles,23.0,2009-01-01T00:00:00Z,2010-01-01T00:00:00Z
http://www.wikidata.org/entity/Q221871,http://www.wikidata.org/entity/Q946483,Génération Adidas,16.0,1999-01-01T00:00:00Z,1999-01-01T00:00:00Z
http://www.wikidata.org/entity/Q221871,http://www.wikidata.org/entity/Q308683,Fire de Chicago,108.0,1999-01-01T00:00:00Z,2002-01-01T00:00:00Z
http://www.wikidata.org/entity/Q221871,http://www.wikidata.org/entity/Q6463,FC Sankt Pauli,5.0,2002-01-01T00:00:00Z,2002-01-01T00:00:00Z
http://www.wikidata.org/entity/Q221871,http://www.wikidata.org/entity/Q6463,FC Sankt Pauli,5.0,2001-01-01T00:00:00Z,2002-01-01T00:00:00Z
http://www.wikidata.org/entity/Q221871,http://www.wikidata.org/entity/Q204220,Red Bulls de New York,35.0,2006-01-01T00:00:00Z,2008-01-01T00:00:00Z
http://www.wikidata.org/entity/Q225254,http://www.wikidata.org/entity/Q608988,CS Sedan Ardennes,46.0,2011-01-01T00:00:00Z,2013-01-01T00:00:00Z
http://www.wikidata.org/entity/Q225254,http://www.wikidata.org/entity/Q47774,équipe de France de football,12.0,1999-01-01T00:00:00Z,2003-01-01T00:00:00Z
http://www.wikidata.org/entity/Q225254,http://www.wikidata.org/entity/Q845137,Angers SCO,,1992-01-01T00:00:00Z,1997-01-01T00:00:00Z
http://www.wikidata.org/entity/Q225254,http://www.wikidata.org/entity/Q172476,Girondins de Bordeaux,402.0,1997-01-01T00:00:00Z,2011-01-01T00:00:00Z
http://www.wikidata.org/entity/Q225825,http://www.wikidata.org/entity/Q101859,VfL Wolfsburg,65.0,2009-01-01T00:00:00Z,2011-01-01T00:00:00Z
http://www.wikidata.org/entity/Q225825,http://www.wikidata.org/entity/Q105844,DSC Arminia Bielefeld,,2011-01-01T00:00:00Z,
http://www.wikidata.org/entity/Q225825,http://www.wikidata.org/entity/Q1881958,MTV Gifhorn,58.0,2007-01-01T00:00:00Z,2009-01-01T00:00:00Z
http://www.wikidata.org/entity/Q226040,http://www.wikidata.org/entity/Q657156,PAE Ergotelis Héraklion,25.0,2008-01-01T00:00:00Z,2009-01-01T00:00:00Z
http://www.wikidata.org/entity/Q226040,http://www.wikidata.org/entity/Q131209,FK Austria Vienne,64.0,1998-01-01T00:00:00Z,2001-01-01T00:00:00Z
http://www.wikidata.org/entity/Q226040,http://www.wikidata.org/entity/Q170134,SV Waldhof Mannheim,26.0,2002-01-01T00:00:00Z,2003-01-01T00:00:00Z
http://www.wikidata.org/entity/Q226040,http://www.wikidata.org/entity/Q659780,Grazer AK,59.0,2004-01-01T00:00:00Z,2006-01-01T00:00:00Z
http://www.wikidata.org/entity/Q226040,http://www.wikidata.org/entity/Q749113,SK Austria Kärnten,18.0,2007-01-01T00:00:00Z,2008-01-01T00:00:00Z
http://www.wikidata.org/entity/Q226040,http://www.wikidata.org/entity/Q157463,1. FC Sarrebruck,16.0,2001-01-01T00:00:00Z,2001-01-01T00:00:00Z
http://www.wikidata.org/entity/Q226040,http://www.wikidata.org/entity/Q22866,SV Austria Salzbourg,40.0,1995-01-01T00:00:00Z,1998-01-01T00:00:00Z
http://www.wikidata.org/entity/Q226040,http://www.wikidata.org/entity/Q163534,équipe d'Autriche de football,1.0,2006-01-01T00:00:00Z,2006-01-01T00:00:00Z
http://www.wikidata.org/entity/Q226040,http://www.wikidata.org/entity/Q131215,Rapid Vienne,11.0,2006-01-01T00:00:00Z,2007-01-01T00:00:00Z
http://www.wikidata.org/entity/Q226040,http://www.wikidata.org/entity/Q142005,FC Hansa Rostock,20.0,2003-01-01T00:00:00Z,2004-01-01T00:00:00Z
http://www.wikidata.org/entity/Q226040,http://www.wikidata.org/entity/Q101859,VfL Wolfsburg,5.0,2001-01-01T00:00:00Z,2002-01-01T00:00:00Z
http://www.wikidata.org/entity/Q226040,http://www.wikidata.org/entity/Q698702,Admira Wacker,118.0,2009-01-01T00:00:00Z,2013-01-01T00:00:00Z
http://www.wikidata.org/entity/Q231482,http://www.wikidata.org/entity/Q188656,Partizan Belgrade,2.0,2006-01-01T00:00:00Z,2006-01-01T00:00:00Z
http://www.wikidata.org/entity/Q231482,http://www.wikidata.org/entity/Q656433,équipe de Yougoslavie espoirs de football,2.0,1998-01-01T00:00:00Z,1999-01-01T00:00:00Z
http://www.wikidata.org/entity/Q231482,http://www.wikidata.org/entity/Q172969,Chakhtar Donetsk,17.0,2006-01-01T00:00:00Z,2008-01-01T00:00:00Z
http://www.wikidata.org/entity/Q231482,http://www.wikidata.org/entity/Q188656,Partizan Belgrade,34.0,2011-01-01T00:00:00Z,2013-01-01T00:00:00Z
http://www.wikidata.org/entity/Q231482,http://www.wikidata.org/entity/Q1348189,Veria F.C.,3.0,2014-01-01T00:00:00Z,2015-01-01T00:00:00Z
http://www.wikidata.org/entity/Q231482,http://www.wikidata.org/entity/Q1131732,équipe de Serbie-et-Monténégro de football,26.0,2003-01-01T00:00:00Z,2006-01-01T00:00:00Z
http://www.wikidata.org/entity/Q231482,http://www.wikidata.org/entity/Q172969,Chakhtar Donetsk,54.0,2003-01-01T00:00:00Z,2005-01-01T00:00:00Z
http://www.wikidata.org/entity/Q231482,http://www.wikidata.org/entity/Q19604,Portsmouth FC,9.0,2005-01-01T00:00:00Z,2006-01-01T00:00:00Z
http://www.wikidata.org/entity/Q231482,http://www.wikidata.org/entity/Q780539,Atlético Madrid B,31.0,1998-01-01T00:00:00Z,1999-01-01T00:00:00Z
http://www.wikidata.org/entity/Q231482,http://www.wikidata.org/entity/Q204888,PAOK Salonique,35.0,2013-01-01T00:00:00Z,2014-01-01T00:00:00Z
http://www.wikidata.org/entity/Q231482,http://www.wikidata.org/entity/Q2561958,Proleter Zrenjanin,36.0,1996-01-01T00:00:00Z,1998-01-01T00:00:00Z
http://www.wikidata.org/entity/Q231482,http://www.wikidata.org/entity/Q392115,FK Moscou,27.0,2008-01-01T00:00:00Z,2010-01-01T00:00:00Z
http://www.wikidata.org/entity/Q231482,http://www.wikidata.org/entity/Q188656,Partizan Belgrade,86.0,1999-01-01T00:00:00Z,2003-01-01T00:00:00Z
http://www.wikidata.org/entity/Q238857,http://www.wikidata.org/entity/Q102720,Hertha BSC,50.0,1997-07-01T00:00:00Z,2001-01-01T00:00:00Z
http://www.wikidata.org/entity/Q238857,http://www.wikidata.org/entity/Q139399,Calcio Foggia 1920,50.0,1993-01-01T00:00:00Z,1994-07-01T00:00:00Z
http://www.wikidata.org/entity/Q238857,http://www.wikidata.org/entity/Q81888,Ajax Amsterdam,126.0,1988-01-01T00:00:00Z,1992-01-01T00:00:00Z
http://www.wikidata.org/entity/Q238857,http://www.wikidata.org/entity/Q19490,Nottingham Forest FC,85.0,1994-07-01T00:00:00Z,1997-07-01T00:00:00Z
http://www.wikidata.org/entity/Q238857,http://www.wikidata.org/entity/Q47050,équipe des Pays-Bas de football,32.0,1989-01-01T00:00:00Z,1995-01-01T00:00:00Z
http://www.wikidata.org/entity/Q238857,http://www.wikidata.org/entity/Q332642,NAC Breda,14.0,2001-01-01T00:00:00Z,2001-07-01T00:00:00Z
http://www.wikidata.org/entity/Q239971,http://www.wikidata.org/entity/Q179658,FCSB,73.0,1996-01-01T00:00:00Z,2000-01-01T00:00:00Z
http://www.wikidata.org/entity/Q239971,http://www.wikidata.org/entity/Q270420,PFC Litex Lovetch,14.0,1998-01-01T00:00:00Z,1999-01-01T00:00:00Z
http://www.wikidata.org/entity/Q239971,http://www.wikidata.org/entity/Q427491,SKNV St. Pölten,1.0,1993-07-01T00:00:00Z,1994-01-01T00:00:00Z
http://www.wikidata.org/entity/Q239971,http://www.wikidata.org/entity/Q107818,FC Energie Cottbus,135.0,2000-01-01T00:00:00Z,2004-01-01T00:00:00Z
http://www.wikidata.org/entity/Q239971,http://www.wikidata.org/entity/Q168397,équipe de Roumanie de football,1.0,2003-01-01T00:00:00Z,2003-01-01T00:00:00Z
http://www.wikidata.org/entity/Q239971,http://www.wikidata.org/entity/Q8466,1. FC Kaiserslautern,2.0,2008-01-01T00:00:00Z,2009-01-01T00:00:00Z
http://www.wikidata.org/entity/Q239971,http://www.wikidata.org/entity/Q153535,Alemannia Aix-la-Chapelle,90.0,2005-01-01T00:00:00Z,2008-01-01T00:00:00Z
http://www.wikidata.org/entity/Q239971,http://www.wikidata.org/entity/Q1386794,FCM Târgoviște,49.0,1993-01-01T00:00:00Z,1996-01-01T00:00:00Z
http://www.wikidata.org/entity/Q241932,http://www.wikidata.org/entity/Q839313,SK Dynamo České Budějovice,0.0,1996-01-01T00:00:00Z,1996-01-01T00:00:00Z
http://www.wikidata.org/entity/Q241932,http://www.wikidata.org/entity/Q194393,SK Slavia Prague,3.0,1994-01-01T00:00:00Z,1995-01-01T00:00:00Z
http://www.wikidata.org/entity/Q241932,http://www.wikidata.org/entity/Q483868,équipe de Tchéquie de football,37.0,2002-01-01T00:00:00Z,2012-01-01T00:00:00Z
http://www.wikidata.org/entity/Q241932,http://www.wikidata.org/entity/Q194393,SK Slavia Prague,3.0,1995-01-01T00:00:00Z,1996-01-01T00:00:00Z
http://www.wikidata.org/entity/Q241932,http://www.wikidata.org/entity/Q1387417,FC Oberlausitz Neugersdorf,,2015-01-01T00:00:00Z,2015-01-01T00:00:00Z
http://www.wikidata.org/entity/Q241932,http://www.wikidata.org/entity/Q1809162,SK Benešov,1.0,1996-01-01T00:00:00Z,1996-01-01T00:00:00Z
http://www.wikidata.org/entity/Q241932,http://www.wikidata.org/entity/Q1387417,FC Oberlausitz Neugersdorf,13.0,2014-01-01T00:00:00Z,2015-01-01T00:00:00Z
http://www.wikidata.org/entity/Q241932,http://www.wikidata.org/entity/Q612172,FK Baník Most,59.0,1998-01-01T00:00:00Z,1999-01-01T00:00:00Z
http://www.wikidata.org/entity/Q241932,http://www.wikidata.org/entity/Q328332,FK Mladá Boleslav,23.0,2013-01-01T00:00:00Z,2014-01-01T00:00:00Z
http://www.wikidata.org/entity/Q241932,http://www.wikidata.org/entity/Q1809162,SK Benešov,1.0,1995-01-01T00:00:00Z,1995-01-01T00:00:00Z
http://www.wikidata.org/entity/Q241932,http://www.wikidata.org/entity/Q18378602,Slavia Louňovice,23.0,1996-01-01T00:00:00Z,1997-01-01T00:00:00Z
http://www.wikidata.org/entity/Q241932,http://www.wikidata.org/entity/Q221671,FC Slovan Liberec,80.0,2010-01-01T00:00:00Z,2013-01-01T00:00:00Z
http://www.wikidata.org/entity/Q241932,http://www.wikidata.org/entity/Q33748,Hanovre 96,218.0,2002-01-01T00:00:00Z,2010-01-01T00:00:00Z
http://www.wikidata.org/entity/Q241932,http://www.wikidata.org/entity/Q221671,FC Slovan Liberec,63.0,2000-01-01T00:00:00Z,2002-01-01T00:00:00Z
http://www.wikidata.org/entity/Q241932,http://www.wikidata.org/entity/Q193481,AC Sparta Prague,14.0,2004-01-01T00:00:00Z,2004-01-01T00:00:00Z
http://www.wikidata.org/entity/Q245969,http://www.wikidata.org/entity/Q191595,équipe du Togo de football,,1998-01-01T00:00:00Z,
http://www.wikidata.org/entity/Q245969,http://www.wikidata.org/entity/Q208228,Stade de Reims,29.0,2007-01-01T00:00:00Z,2009-01-01T00:00:00Z
http://www.wikidata.org/entity/Q245969,http://www.wikidata.org/entity/Q11963,Hércules Alicante,,2006-01-01T00:00:00Z,2008-01-01T00:00:00Z
http://www.wikidata.org/entity/Q245969,http://www.wikidata.org/entity/Q221525,FC Metz,31.0,2002-01-01T00:00:00Z,2006-01-01T00:00:00Z
http://www.wikidata.org/entity/Q245969,http://www.wikidata.org/entity/Q208228,Stade de Reims,,2008-01-01T00:00:00Z,
http://www.wikidata.org/entity/Q245969,http://www.wikidata.org/entity/Q290476,Étoile filante de Lomé,,1997-01-01T00:00:00Z,2001-01-01T00:00:00Z
http://www.wikidata.org/entity/Q245969,http://www.wikidata.org/entity/Q797530,Istres FC,19.0,2009-01-01T00:00:00Z,2010-01-01T00:00:00Z
http://www.wikidata.org/entity/Q245969,http://www.wikidata.org/entity/Q383943,Africa Sports National,,2001-01-01T00:00:00Z,2002-01-01T00:00:00Z
http://www.wikidata.org/entity/Q246848,http://www.wikidata.org/entity/Q48932,Cheltenham Town Football Club,7.0,2010-01-01T00:00:00Z,2011-01-01T00:00:00Z
http://www.wikidata.org/entity/Q246848,http://www.wikidata.org/entity/Q129565,IL Hødd,23.0,2014-01-01T00:00:00Z,2015-01-01T00:00:00Z
http://www.wikidata.org/entity/Q246848,http://www.wikidata.org/entity/Q19644,Walsall Football Club,5.0,2009-01-01T00:00:00Z,2009-01-01T00:00:00Z
http://www.wikidata.org/entity/Q246848,http://www.wikidata.org/entity/Q2511419,Staines Town Football Club,0.0,2005-01-01T00:00:00Z,2006-01-01T00:00:00Z
http://www.wikidata.org/entity/Q246848,http://www.wikidata.org/entity/Q48851,Association Football Club Wimbledon,19.0,2006-01-01T00:00:00Z,2008-01-01T00:00:00Z
http://www.wikidata.org/entity/Q246848,http://www.wikidata.org/entity/Q1998181,équipe d'Irlande du Nord espoirs de football,4.0,2008-01-01T00:00:00Z,2009-01-01T00:00:00Z
http://www.wikidata.org/entity/Q246848,http://www.wikidata.org/entity/Q129565,IL Hødd,,2015-01-01T00:00:00Z,
http://www.wikidata.org/entity/Q246848,http://www.wikidata.org/entity/Q48929,Burton Albion Football Club,7.0,2009-01-01T00:00:00Z,2009-01-01T00:00:00Z
http://www.wikidata.org/entity/Q246848,http://www.wikidata.org/entity/Q9426,Stevenage FC,63.0,2011-01-01T00:00:00Z,2014-01-01T00:00:00Z
http://www.wikidata.org/entity/Q246848,http://www.wikidata.org/entity/Q19444,Birmingham City FC,0.0,2009-01-01T00:00:00Z,2011-01-01T00:00:00Z
http://www.wikidata.org/entity/Q246848,http://www.wikidata.org/entity/Q6138819,Harrow Borough F.C.,10.0,2007-01-01T00:00:00Z,2008-01-01T00:00:00Z
http://www.wikidata.org/entity/Q246848,http://www.wikidata.org/entity/Q571158,Sogndal Fotball,11.0,2015-01-01T00:00:00Z,2015-01-01T00:00:00Z
http://www.wikidata.org/entity/Q246848,http://www.wikidata.org/entity/Q6138819,Harrow Borough F.C.,12.0,2008-01-01T00:00:00Z,2009-01-01T00:00:00Z
http://www.wikidata.org/entity/Q247608,http://www.wikidata.org/entity/Q48941,Fleetwood Town Football Club,22.0,2012-01-01T00:00:00Z,2013-01-01T00:00:00Z
http://www.wikidata.org/entity/Q247608,http://www.wikidata.org/entity/Q19490,Nottingham Forest FC,6.0,1998-01-01T00:00:00Z,1998-01-01T00:00:00Z
http://www.wikidata.org/entity/Q247608,http://www.wikidata.org/entity/Q19444,Birmingham City FC,193.0,2002-01-01T00:00:00Z,2010-01-01T00:00:00Z
http://www.wikidata.org/entity/Q247608,http://www.wikidata.org/entity/Q190978,équipe d'Irlande du Nord de football,56.0,1999-01-01T00:00:00Z,2010-01-01T00:00:00Z
http://www.wikidata.org/entity/Q247608,http://www.wikidata.org/entity/Q19446,Blackburn Rovers FC,59.0,1997-01-01T00:00:00Z,2002-01-01T00:00:00Z
http://www.wikidata.org/entity/Q247608,http://www.wikidata.org/entity/Q19473,Huddersfield Town Football Club,16.0,2010-01-01T00:00:00Z,2011-01-01T00:00:00Z
http://www.wikidata.org/entity/Q247608,http://www.wikidata.org/entity/Q1998181,équipe d'Irlande du Nord espoirs de football,11.0,1998-01-01T00:00:00Z,1999-01-01T00:00:00Z
http://www.wikidata.org/entity/Q247608,http://www.wikidata.org/entity/Q19473,Huddersfield Town Football Club,18.0,2011-01-01T00:00:00Z,2012-01-01T00:00:00Z
http://www.wikidata.org/entity/Q247608,http://www.wikidata.org/entity/Q48947,Plymouth Argyle FC,20.0,2010-01-01T00:00:00Z,2012-01-01T00:00:00Z
http://www.wikidata.org/entity/Q248007,http://www.wikidata.org/entity/Q18661,Middlesbrough FC,,2016-01-01T00:00:00Z,
http://www.wikidata.org/entity/Q248007,http://www.wikidata.org/entity/Q18661,Middlesbrough FC,126.0,2007-01-01T00:00:00Z,2016-01-01T00:00:00Z
http://www.wikidata.org/entity/Q248007,http://www.wikidata.org/entity/Q852033,Perth Glory FC,,2016-01-01T00:00:00Z,
http://www.wikidata.org/entity/Q248007,http://www.wikidata.org/entity/Q946297,équipe du pays de Galles espoirs de football,10.0,2007-01-01T00:00:00Z,2009-01-01T00:00:00Z
http://www.wikidata.org/entity/Q248007,http://www.wikidata.org/entity/Q268208,équipe d'Australie de football,,2009-01-01T00:00:00Z,
http://www.wikidata.org/entity/Q248007,http://www.wikidata.org/entity/Q19462,Charlton Athletic FC,3.0,2016-01-01T00:00:00Z,2016-01-01T00:00:00Z
http://www.wikidata.org/entity/Q248007,http://www.wikidata.org/entity/Q19458,Burnley FC,16.0,2009-01-01T00:00:00Z,2009-01-01T00:00:00Z
http://www.wikidata.org/entity/Q249209,http://www.wikidata.org/entity/Q221671,FC Slovan Liberec,32.0,2000-01-01T00:00:00Z,2001-01-01T00:00:00Z
http://www.wikidata.org/entity/Q249209,http://www.wikidata.org/entity/Q19444,Birmingham City FC,10.0,2010-01-01T00:00:00Z,2011-01-01T00:00:00Z
http://www.wikidata.org/entity/Q249209,http://www.wikidata.org/entity/Q329510,Tom Tomsk,74.0,2013-01-01T00:00:00Z,2016-01-01T00:00:00Z
http://www.wikidata.org/entity/Q249209,http://www.wikidata.org/entity/Q849221,Bohemians 1905,55.0,1997-01-01T00:00:00Z,1999-01-01T00:00:00Z
http://www.wikidata.org/entity/Q249209,http://www.wikidata.org/entity/Q7389387,SC Radotín,32.0,2018-01-01T00:00:00Z,2020-01-01T00:00:00Z
http://www.wikidata.org/entity/Q249209,http://www.wikidata.org/entity/Q1464421,équipe de Tchéquie espoirs de football,20.0,2000-01-01T00:00:00Z,2002-01-01T00:00:00Z
http://www.wikidata.org/entity/Q249209,http://www.wikidata.org/entity/Q240444,Akhmat Grozny,47.0,2011-01-01T00:00:00Z,2013-01-01T00:00:00Z
http://www.wikidata.org/entity/Q249209,http://www.wikidata.org/entity/Q169212,SK Tatran Poštorná,11.0,1999-01-01T00:00:00Z,1999-01-01T00:00:00Z
http://www.wikidata.org/entity/Q249209,http://www.wikidata.org/entity/Q162472,1. FK Příbram,21.0,2016-01-01T00:00:00Z,2017-01-01T00:00:00Z
http://www.wikidata.org/entity/Q249209,http://www.wikidata.org/entity/Q8476,Reggina 1914,100.0,2001-01-01T00:00:00Z,2004-01-01T00:00:00Z
http://www.wikidata.org/entity/Q249209,http://www.wikidata.org/entity/Q483868,équipe de Tchéquie de football,31.0,2002-01-01T00:00:00Z,2007-01-01T00:00:00Z
http://www.wikidata.org/entity/Q249209,http://www.wikidata.org/entity/Q29112,Spartak Moscou,136.0,2004-01-01T00:00:00Z,2010-01-01T00:00:00Z
http://www.wikidata.org/entity/Q249209,http://www.wikidata.org/entity/Q2757426,FK Dukla Prague,27.0,2017-01-01T00:00:00Z,2018-01-01T00:00:00Z
http://www.wikidata.org/entity/Q250494,http://www.wikidata.org/entity/Q19442,Barnsley Football Club,5.0,2012-01-01T00:00:00Z,2012-01-01T00:00:00Z
http://www.wikidata.org/entity/Q250494,http://www.wikidata.org/entity/Q48947,Plymouth Argyle FC,15.0,2005-01-01T00:00:00Z,2005-01-01T00:00:00Z
http://www.wikidata.org/entity/Q250494,http://www.wikidata.org/entity/Q19604,Portsmouth FC,6.0,2012-01-01T00:00:00Z,2013-01-01T00:00:00Z
http://www.wikidata.org/entity/Q250494,http://www.wikidata.org/entity/Q18723,QP Rangers,102.0,2008-01-01T00:00:00Z,2012-01-01T00:00:00Z
http://www.wikidata.org/entity/Q250494,http://www.wikidata.org/entity/Q48947,Plymouth Argyle FC,81.0,2005-01-01T00:00:00Z,2008-01-01T00:00:00Z
http://www.wikidata.org/entity/Q250494,http://www.wikidata.org/entity/Q208406,MTK Budapest FC,53.0,1999-01-01T00:00:00Z,2002-01-01T00:00:00Z
http://www.wikidata.org/entity/Q250494,http://www.wikidata.org/entity/Q170561,équipe de Hongrie de football,20.0,2005-01-01T00:00:00Z,2012-01-01T00:00:00Z
http://www.wikidata.org/entity/Q250494,http://www.wikidata.org/entity/Q208396,Ferencvárosi TC,4.0,2013-01-01T00:00:00Z,2015-01-01T00:00:00Z
http://www.wikidata.org/entity/Q250494,http://www.wikidata.org/entity/Q642801,BKV Előre SC,10.0,1999-01-01T00:00:00Z,2002-01-01T00:00:00Z
http://www.wikidata.org/entity/Q250494,http://www.wikidata.org/entity/Q243235,Académica de Coimbra,11.0,2003-01-01T00:00:00Z,2004-01-01T00:00:00Z
http://www.wikidata.org/entity/Q250494,http://www.wikidata.org/entity/Q128446,Futebol Clube do Porto,3.0,2002-01-01T00:00:00Z,2005-01-01T00:00:00Z
http://www.wikidata.org/entity/Q250494,http://www.wikidata.org/entity/Q19442,Barnsley Football Club,5.0,2013-01-01T00:00:00Z,2013-01-01T00:00:00Z
http://www.wikidata.org/entity/Q250494,http://www.wikidata.org/entity/Q18723,QP Rangers,12.0,2007-01-01T00:00:00Z,2007-01-01T00:00:00Z
http://www.wikidata.org/entity/Q254823,http://www.wikidata.org/entity/Q2087976,AS Carpenedolo Calcio,14.0,2005-01-01T00:00:00Z,2005-01-01T00:00:00Z
http://www.wikidata.org/entity/Q254823,http://www.wikidata.org/entity/Q8408,Modène Football Club,5.0,2004-01-01T00:00:00Z,2004-01-01T00:00:00Z
http://www.wikidata.org/entity/Q254823,http://www.wikidata.org/entity/Q208585,Vitória Futebol Clube,11.0,2014-01-01T00:00:00Z,2014-01-01T00:00:00Z
http://www.wikidata.org/entity/Q254823,http://www.wikidata.org/entity/Q814738,Beijing Guoan,7.0,2012-01-01T00:00:00Z,2012-01-01T00:00:00Z
http://www.wikidata.org/entity/Q254823,http://www.wikidata.org/entity/Q193749,Legia Varsovie,33.0,2010-01-01T00:00:00Z,2011-01-01T00:00:00Z
http://www.wikidata.org/entity/Q254823,http://www.wikidata.org/entity/Q216503,Club Sport Marítimo,52.0,2008-01-01T00:00:00Z,2010-01-01T00:00:00Z
http://www.wikidata.org/entity/Q254823,http://www.wikidata.org/entity/Q131499,SL Benfica,12.0,2004-01-01T00:00:00Z,2008-01-01T00:00:00Z
http://www.wikidata.org/entity/Q254823,http://www.wikidata.org/entity/Q201584,AEK Athènes FC,13.0,2007-01-01T00:00:00Z,2008-01-01T00:00:00Z
http://www.wikidata.org/entity/Q254823,http://www.wikidata.org/entity/Q838134,Clube de Futebol Estrela da Amadora,31.0,2005-01-01T00:00:00Z,2006-01-01T00:00:00Z
http://www.wikidata.org/entity/Q254823,http://www.wikidata.org/entity/Q1386850,FC Alverca,42.0,2001-01-01T00:00:00Z,2004-01-01T00:00:00Z
http://www.wikidata.org/entity/Q254823,http://www.wikidata.org/entity/Q378890,Ermís Aradíppou,10.0,2014-01-01T00:00:00Z,2014-01-01T00:00:00Z
http://www.wikidata.org/entity/Q254823,http://www.wikidata.org/entity/Q378890,Ermís Aradíppou,15.0,2015-01-01T00:00:00Z,2015-01-01T00:00:00Z
http://www.wikidata.org/entity/Q255446,http://www.wikidata.org/entity/Q93585,Górnik Konin,,1996-01-01T00:00:00Z,1996-01-01T00:00:00Z
http://www.wikidata.org/entity/Q255446,http://www.wikidata.org/entity/Q105844,DSC Arminia Bielefeld,111.0,2006-01-01T00:00:00Z,2009-01-01T00:00:00Z
http://www.wikidata.org/entity/Q255446,http://www.wikidata.org/entity/Q244981,Widzew Łódź,57.0,1997-01-01T00:00:00Z,1999-01-01T00:00:00Z
http://www.wikidata.org/entity/Q255446,http://www.wikidata.org/entity/Q105844,DSC Arminia Bielefeld,101.0,1999-01-01T00:00:00Z,2003-01-01T00:00:00Z
http://www.wikidata.org/entity/Q255446,http://www.wikidata.org/entity/Q52942,Lech Poznań,65.0,1992-01-01T00:00:00Z,1997-01-01T00:00:00Z
http://www.wikidata.org/entity/Q255446,http://www.wikidata.org/entity/Q166196,équipe de Pologne de football,17.0,1999-01-01T00:00:00Z,2008-01-01T00:00:00Z
http://www.wikidata.org/entity/Q255446,http://www.wikidata.org/entity/Q170117,FC Ingolstadt 04,,2011-01-01T00:00:00Z,2011-01-01T00:00:00Z
http://www.wikidata.org/entity/Q255446,http://www.wikidata.org/entity/Q102720,Hertha BSC,19.0,2009-01-01T00:00:00Z,2010-01-01T00:00:00Z
http://www.wikidata.org/entity/Q255446,http://www.wikidata.org/entity/Q52942,Lech Poznań,7.0,2010-01-01T00:00:00Z,2010-01-01T00:00:00Z
http://www.wikidata.org/entity/Q255446,http://www.wikidata.org/entity/Q102720,Hertha BSC,44.0,2003-01-01T00:00:00Z,2006-01-01T00:00:00Z
http://www.wikidata.org/entity/Q255940,http://www.wikidata.org/entity/Q309059,Inverness Caledonian Thistle Football Club,1.0,2009-01-01T00:00:00Z,2009-01-01T00:00:00Z
http://www.wikidata.org/entity/Q255940,http://www.wikidata.org/entity/Q4430266,Persiram Raja Ampat,0.0,2015-01-01T00:00:00Z,2015-01-01T00:00:00Z
http://www.wikidata.org/entity/Q255940,http://www.wikidata.org/entity/Q940001,Football Club de Sète,30.0,2006-01-01T00:00:00Z,2007-01-01T00:00:00Z
http://www.wikidata.org/entity/Q255940,http://www.wikidata.org/entity/Q1152000,Sriwijaya Football Club,4.0,2016-01-01T00:00:00Z,2016-01-01T00:00:00Z
http://www.wikidata.org/entity/Q255940,http://www.wikidata.org/entity/Q252008,Arema Malang,55.0,2013-01-01T00:00:00Z,2014-01-01T00:00:00Z
http://www.wikidata.org/entity/Q255940,http://www.wikidata.org/entity/Q19513,Montpellier Hérault SC,83.0,2001-01-01T00:00:00Z,2005-01-01T00:00:00Z
http://www.wikidata.org/entity/Q255940,http://www.wikidata.org/entity/Q192597,Hibernian F.C.,38.0,2007-01-01T00:00:00Z,2009-01-01T00:00:00Z
http://www.wikidata.org/entity/Q255940,http://www.wikidata.org/entity/Q1152000,Sriwijaya Football Club,52.0,2010-01-01T00:00:00Z,2012-01-01T00:00:00Z
http://www.wikidata.org/entity/Q255940,http://www.wikidata.org/entity/Q175309,équipe du Cameroun de football,1.0,2004-01-01T00:00:00Z,2004-01-01T00:00:00Z
http://www.wikidata.org/entity/Q255940,http://www.wikidata.org/entity/Q298267,AS Cannes,27.0,2005-01-01T00:00:00Z,2006-01-01T00:00:00Z
http://www.wikidata.org/entity/Q255940,http://www.wikidata.org/entity/Q1046939,Raith Rovers FC,13.0,2009-01-01T00:00:00Z,2010-01-01T00:00:00Z
http://www.wikidata.org/entity/Q257025,http://www.wikidata.org/entity/Q43310,équipe d'Allemagne de football,8.0,2008-01-01T00:00:00Z,2010-01-01T00:00:00Z
http://www.wikidata.org/entity/Q257025,http://www.wikidata.org/entity/Q101859,VfL Wolfsburg,,2007-01-01T00:00:00Z,
http://www.wikidata.org/entity/Q257025,http://www.wikidata.org/entity/Q822990,équipe d'Allemagne de football B,1.0,2005-01-01T00:00:00Z,2008-01-01T00:00:00Z
http://www.wikidata.org/entity/Q257025,http://www.wikidata.org/entity/Q131603,TSV Munich 1860,91.0,2003-01-01T00:00:00Z,2007-01-01T00:00:00Z
http://www.wikidata.org/entity/Q258029,http://www.wikidata.org/entity/Q161554,Chemnitzer FC,,2014-01-01T00:00:00Z,
http://www.wikidata.org/entity/Q258029,http://www.wikidata.org/entity/Q105844,DSC Arminia Bielefeld,61.0,2004-01-01T00:00:00Z,2007-01-01T00:00:00Z
http://www.wikidata.org/entity/Q258029,http://www.wikidata.org/entity/Q639525,SV Sandhausen,82.0,2010-01-01T00:00:00Z,2013-01-01T00:00:00Z
http://www.wikidata.org/entity/Q258029,http://www.wikidata.org/entity/Q154053,Eintracht Brunswick,96.0,2007-01-01T00:00:00Z,2010-01-01T00:00:00Z
http://www.wikidata.org/entity/Q258029,http://www.wikidata.org/entity/Q17521353,Arminia Bielefeld II,61.0,2004-01-01T00:00:00Z,2007-01-01T00:00:00Z
http://www.wikidata.org/entity/Q258029,http://www.wikidata.org/entity/Q157828,SV Holstein Kiel,40.0,2013-01-01T00:00:00Z,2014-01-01T00:00:00Z
http://www.wikidata.org/entity/Q258495,http://www.wikidata.org/entity/Q244595,Újpest Football Club,0.0,1998-01-01T00:00:00Z,1998-01-01T00:00:00Z
http://www.wikidata.org/entity/Q258495,http://www.wikidata.org/entity/Q276346,Győri ETO FC,15.0,2003-01-01T00:00:00Z,2004-01-01T00:00:00Z
http://www.wikidata.org/entity/Q258495,http://www.wikidata.org/entity/Q204237,FC Dinamo Bucarest,15.0,1991-01-01T00:00:00Z,1992-01-01T00:00:00Z
http://www.wikidata.org/entity/Q258495,http://www.wikidata.org/entity/Q958783,SV Stegersbach,,2004-01-01T00:00:00Z,2010-01-01T00:00:00Z
http://www.wikidata.org/entity/Q258495,http://www.wikidata.org/entity/Q276346,Győri ETO FC,43.0,1992-01-01T00:00:00Z,1993-01-01T00:00:00Z
http://www.wikidata.org/entity/Q258495,http://www.wikidata.org/entity/Q326811,Videoton Football Club,14.0,1996-01-01T00:00:00Z,1996-01-01T00:00:00Z
http://www.wikidata.org/entity/Q258495,http://www.wikidata.org/entity/Q276346,Győri ETO FC,39.0,1994-01-01T00:00:00Z,1995-01-01T00:00:00Z
http://www.wikidata.org/entity/Q258495,http://www.wikidata.org/entity/Q107818,FC Energie Cottbus,121.0,1998-01-01T00:00:00Z,2002-01-01T00:00:00Z
http://www.wikidata.org/entity/Q258495,http://www.wikidata.org/entity/Q889469,Bourges 18,27.0,1993-01-01T00:00:00Z,1994-01-01T00:00:00Z
http://www.wikidata.org/entity/Q258495,http://www.wikidata.org/entity/Q154293,MSV Duisbourg,12.0,2002-01-01T00:00:00Z,2003-01-01T00:00:00Z
http://www.wikidata.org/entity/Q258495,http://www.wikidata.org/entity/Q208396,Ferencvárosi TC,54.0,1996-01-01T00:00:00Z,1998-01-01T00:00:00Z
http://www.wikidata.org/entity/Q258495,http://www.wikidata.org/entity/Q377621,Gloria Bistrița,14.0,1991-01-01T00:00:00Z,1991-01-01T00:00:00Z
http://www.wikidata.org/entity/Q258495,http://www.wikidata.org/entity/Q994685,FC Baia Mare,,1988-01-01T00:00:00Z,1990-01-01T00:00:00Z
http://www.wikidata.org/entity/Q258495,http://www.wikidata.org/entity/Q170561,équipe de Hongrie de football,9.0,2000-01-01T00:00:00Z,2003-01-01T00:00:00Z
http://www.wikidata.org/entity/Q258495,http://www.wikidata.org/entity/Q275612,Budapest Honvéd,0.0,2004-01-01T00:00:00Z,2004-01-01T00:00:00Z
http://www.wikidata.org/entity/Q258730,http://www.wikidata.org/entity/Q1811026,équipe des Pays-Bas espoirs de football,19.0,2007-01-01T00:00:00Z,2010-01-01T00:00:00Z
http://www.wikidata.org/entity/Q258730,http://www.wikidata.org/entity/Q601723,équipe des Pays-Bas de football des moins de 17 ans,5.0,2004-01-01T00:00:00Z,2006-01-01T00:00:00Z
http://www.wikidata.org/entity/Q258730,http://www.wikidata.org/entity/Q47050,équipe des Pays-Bas de football,18.0,2010-01-01T00:00:00Z,2014-01-01T00:00:00Z
http://www.wikidata.org/entity/Q258730,http://www.wikidata.org/entity/Q24680,FC Utrecht,51.0,2006-01-01T00:00:00Z,2008-01-01T00:00:00Z
http://www.wikidata.org/entity/Q258730,http://www.wikidata.org/entity/Q11938,PSV Eindhoven,93.0,2008-01-01T00:00:00Z,2013-01-01T00:00:00Z
http://www.wikidata.org/entity/Q258730,http://www.wikidata.org/entity/Q514714,équipe des Pays-Bas de football des moins de 19 ans,3.0,2006-01-01T00:00:00Z,2007-01-01T00:00:00Z
http://www.wikidata.org/entity/Q258730,http://www.wikidata.org/entity/Q18736,Stoke City FC,190.0,2013-01-01T00:00:00Z,2019-01-01T00:00:00Z
http://www.wikidata.org/entity/Q258730,http://www.wikidata.org/entity/Q866884,Amiens SC,15.0,2019-01-31T00:00:00Z,2019-06-01T00:00:00Z
http://www.wikidata.org/entity/Q261255,http://www.wikidata.org/entity/Q2005970,Adelaide Raiders,5.0,2014-01-01T00:00:00Z,2014-01-01T00:00:00Z
http://www.wikidata.org/entity/Q261255,http://www.wikidata.org/entity/Q48935,Chesterfield Football Club,,2004-01-01T00:00:00Z,2005-01-01T00:00:00Z
http://www.wikidata.org/entity/Q261255,http://www.wikidata.org/entity/Q19451,Bolton Wanderers FC,1.0,2006-01-01T00:00:00Z,2008-01-01T00:00:00Z
http://www.wikidata.org/entity/Q261255,http://www.wikidata.org/entity/Q287804,équipe des États-Unis de soccer des moins de 20 ans,5.0,2006-01-01T00:00:00Z,2007-01-01T00:00:00Z
http://www.wikidata.org/entity/Q261255,http://www.wikidata.org/entity/Q5193973,Cumberland United,8.0,2014-01-01T00:00:00Z,2014-01-01T00:00:00Z
http://www.wikidata.org/entity/Q261255,http://www.wikidata.org/entity/Q18526,Stockport County FC,2.0,2008-01-01T00:00:00Z,2008-01-01T00:00:00Z
http://www.wikidata.org/entity/Q261255,http://www.wikidata.org/entity/Q382324,Kuopion Palloseura,4.0,2012-01-01T00:00:00Z,2012-01-01T00:00:00Z
http://www.wikidata.org/entity/Q261255,http://www.wikidata.org/entity/Q644157,Kalmar FF,2.0,2010-01-01T00:00:00Z,2010-01-01T00:00:00Z
http://www.wikidata.org/entity/Q261255,http://www.wikidata.org/entity/Q164134,équipe des États-Unis de football,5.0,2006-01-01T00:00:00Z,2007-01-01T00:00:00Z
http://www.wikidata.org/entity/Q261255,http://www.wikidata.org/entity/Q19575,Carlisle United Football Club,14.0,2007-01-01T00:00:00Z,2007-01-01T00:00:00Z
http://www.wikidata.org/entity/Q261255,http://www.wikidata.org/entity/Q1207755,FC Edmonton,,2015-01-01T00:00:00Z,
http://www.wikidata.org/entity/Q261255,http://www.wikidata.org/entity/Q909189,Darlington Football Club 1883,3.0,2007-01-01T00:00:00Z,2007-01-01T00:00:00Z
http://www.wikidata.org/entity/Q261255,http://www.wikidata.org/entity/Q327238,Toronto FC,14.0,2008-01-01T00:00:00Z,2009-01-01T00:00:00Z
http://www.wikidata.org/entity/Q261255,http://www.wikidata.org/entity/Q318969,HNK Rijeka,5.0,2009-01-01T00:00:00Z,2010-01-01T00:00:00Z
http://www.wikidata.org/entity/Q262436,http://www.wikidata.org/entity/Q162317,1. FC Lokomotive Leipzig,6.0,1994-01-01T00:00:00Z,1994-01-01T00:00:00Z
http://www.wikidata.org/entity/Q262436,http://www.wikidata.org/entity/Q141931,SG Dynamo Dresde,15.0,2004-01-01T00:00:00Z,2005-01-01T00:00:00Z
http://www.wikidata.org/entity/Q262436,http://www.wikidata.org/entity/Q316896,FSV Zwickau,71.0,1994-01-01T00:00:00Z,1998-01-01T00:00:00Z
http://www.wikidata.org/entity/Q262436,http://www.wikidata.org/entity/Q106394,SC Fribourg,1.0,1993-01-01T00:00:00Z,1994-01-01T00:00:00Z
http://www.wikidata.org/entity/Q262436,http://www.wikidata.org/entity/Q158121,SpVgg Unterhaching,172.0,1998-01-01T00:00:00Z,2004-01-01T00:00:00Z
http://www.wikidata.org/entity/Q262436,http://www.wikidata.org/entity/Q896736,VfB Leipzig,6.0,1994-01-01T00:00:00Z,1995-01-01T00:00:00Z
http://www.wikidata.org/entity/Q262436,http://www.wikidata.org/entity/Q796961,BSC Freiberg,,1987-01-01T00:00:00Z,1987-01-01T00:00:00Z
http://www.wikidata.org/entity/Q262436,http://www.wikidata.org/entity/Q1389647,FSV Krumhermersdorf,,1987-01-01T00:00:00Z,1989-01-01T00:00:00Z
http://www.wikidata.org/entity/Q262436,http://www.wikidata.org/entity/Q161554,Chemnitzer FC,74.0,1989-01-01T00:00:00Z,1993-01-01T00:00:00Z
http://www.wikidata.org/entity/Q266029,http://www.wikidata.org/entity/Q1439504,Fotbal Fulnek,,2006-01-01T00:00:00Z,2007-01-01T00:00:00Z
http://www.wikidata.org/entity/Q266029,http://www.wikidata.org/entity/Q385518,SK Sigma Olomouc,55.0,2004-01-01T00:00:00Z,2006-01-01T00:00:00Z
http://www.wikidata.org/entity/Q266029,http://www.wikidata.org/entity/Q1439504,Fotbal Fulnek,10.0,2007-01-01T00:00:00Z,2009-01-01T00:00:00Z
http://www.wikidata.org/entity/Q266029,http://www.wikidata.org/entity/Q1464421,équipe de Tchéquie espoirs de football,4.0,1994-01-01T00:00:00Z,1995-01-01T00:00:00Z
http://www.wikidata.org/entity/Q266029,http://www.wikidata.org/entity/Q2442210,FC Hlučín,0.0,2007-01-01T00:00:00Z,2007-01-01T00:00:00Z
http://www.wikidata.org/entity/Q266029,http://www.wikidata.org/entity/Q142005,FC Hansa Rostock,23.0,2002-01-01T00:00:00Z,2004-01-01T00:00:00Z
http://www.wikidata.org/entity/Q266029,http://www.wikidata.org/entity/Q162589,1. HFK Olomouc,,2010-01-01T00:00:00Z,
http://www.wikidata.org/entity/Q266029,http://www.wikidata.org/entity/Q162589,1. HFK Olomouc,,2009-01-01T00:00:00Z,
http://www.wikidata.org/entity/Q266029,http://www.wikidata.org/entity/Q819367,SSV Reutlingen 05,28.0,2001-01-01T00:00:00Z,2002-01-01T00:00:00Z
http://www.wikidata.org/entity/Q266029,http://www.wikidata.org/entity/Q385518,SK Sigma Olomouc,289.0,1991-01-01T00:00:00Z,2001-01-01T00:00:00Z
http://www.wikidata.org/entity/Q266045,http://www.wikidata.org/entity/Q29112,Spartak Moscou,84.0,2010-01-01T00:00:00Z,2014-01-01T00:00:00Z
http://www.wikidata.org/entity/Q266045,http://www.wikidata.org/entity/Q1464421,équipe de Tchéquie espoirs de football,15.0,2007-01-01T00:00:00Z,2010-01-01T00:00:00Z
http://www.wikidata.org/entity/Q266045,http://www.wikidata.org/entity/Q328332,FK Mladá Boleslav,,2021-07-01T00:00:00Z,
http://www.wikidata.org/entity/Q266045,http://www.wikidata.org/entity/Q194393,SK Slavia Prague,110.0,2005-01-01T00:00:00Z,2010-01-01T00:00:00Z
http://www.wikidata.org/entity/Q266045,http://www.wikidata.org/entity/Q3873527,équipe de Tchéquie des moins de 19 ans de football,10.0,2006-01-01T00:00:00Z,2007-01-01T00:00:00Z
http://www.wikidata.org/entity/Q266045,http://www.wikidata.org/entity/Q15755,FC Augsbourg,12.0,2019-07-01T00:00:00Z,2021-06-01T00:00:00Z
http://www.wikidata.org/entity/Q266045,http://www.wikidata.org/entity/Q483868,équipe de Tchéquie de football,44.0,2010-01-01T00:00:00Z,2019-01-01T00:00:00Z
http://www.wikidata.org/entity/Q266045,http://www.wikidata.org/entity/Q189671,FC Bâle,16.0,2014-01-01T00:00:00Z,2014-01-01T00:00:00Z
http://www.wikidata.org/entity/Q266045,http://www.wikidata.org/entity/Q3873547,équipe de Tchéquie des moins de 20 ans de football,10.0,2006-01-01T00:00:00Z,2007-01-01T00:00:00Z
http://www.wikidata.org/entity/Q266045,http://www.wikidata.org/entity/Q189671,FC Bâle,147.0,2014-01-01T00:00:00Z,2019-07-01T00:00:00Z
http://www.wikidata.org/entity/Q266436,http://www.wikidata.org/entity/Q181930,équipe du Nigéria de football,,2010-01-01T00:00:00Z,
http://www.wikidata.org/entity/Q266436,http://www.wikidata.org/entity/Q2069554,équipe du Nigeria de football des moins de 23 ans,,2007-01-01T00:00:00Z,2008-01-01T00:00:00Z
http://www.wikidata.org/entity/Q266436,http://www.wikidata.org/entity/Q335195,Neuchâtel Xamax FCS,,2007-01-01T00:00:00Z,2010-01-01T00:00:00Z
http://www.wikidata.org/entity/Q266436,http://www.wikidata.org/entity/Q19512,Football Club Sochaux-Montbéliard,52.0,2010-01-01T00:00:00Z,2011-01-01T00:00:00Z
http://www.wikidata.org/entity/Q266436,http://www.wikidata.org/entity/Q1306551,Ocean Boys Football Club,13.0,2006-01-01T00:00:00Z,2007-01-01T00:00:00Z
http://www.wikidata.org/entity/Q266436,http://www.wikidata.org/entity/Q812127,Bayelsa United Football Club,,2003-01-01T00:00:00Z,2006-01-01T00:00:00Z
http://www.wikidata.org/entity/Q266436,http://www.wikidata.org/entity/Q3720221,équipe du Nigeria de football des moins de 20 ans,5.0,2007-01-01T00:00:00Z,2007-01-01T00:00:00Z
http://www.wikidata.org/entity/Q266436,http://www.wikidata.org/entity/Q179075,Dynamo Kiev,74.0,2011-01-01T00:00:00Z,2014-01-01T00:00:00Z
http://www.wikidata.org/entity/Q266436,http://www.wikidata.org/entity/Q812127,Bayelsa United Football Club,19.0,2006-01-01T00:00:00Z,2006-01-01T00:00:00Z
http://www.wikidata.org/entity/Q266436,http://www.wikidata.org/entity/Q19628,Olympiakós,,2015-01-01T00:00:00Z,
http://www.wikidata.org/entity/Q266436,http://www.wikidata.org/entity/Q18744,West Bromwich Albion,24.0,2014-01-01T00:00:00Z,2015-01-01T00:00:00Z
http://www.wikidata.org/entity/Q266436,http://www.wikidata.org/entity/Q537552,Tianjin TEDA,,2017-01-01T00:00:00Z,
http://www.wikidata.org/entity/Q267147,http://www.wikidata.org/entity/Q19521,AS Saint-Étienne,38.0,2001-01-01T00:00:00Z,2003-01-01T00:00:00Z
http://www.wikidata.org/entity/Q267147,http://www.wikidata.org/entity/Q19644,Walsall Football Club,,1999-01-01T00:00:00Z,1999-01-01T00:00:00Z
http://www.wikidata.org/entity/Q267147,http://www.wikidata.org/entity/Q192597,Hibernian F.C.,,2000-01-01T00:00:00Z,2001-01-01T00:00:00Z
http://www.wikidata.org/entity/Q267147,http://www.wikidata.org/entity/Q19512,Football Club Sochaux-Montbéliard,27.0,2001-01-01T00:00:00Z,2001-01-01T00:00:00Z
http://www.wikidata.org/entity/Q267147,http://www.wikidata.org/entity/Q522283,Red Star FC,17.0,1996-01-01T00:00:00Z,1997-01-01T00:00:00Z
http://www.wikidata.org/entity/Q267147,http://www.wikidata.org/entity/Q7924284,VfL Bochum II,,1990-01-01T00:00:00Z,1993-01-01T00:00:00Z
http://www.wikidata.org/entity/Q267147,http://www.wikidata.org/entity/Q702337,Fribourg FC,64.0,1988-01-01T00:00:00Z,1990-01-01T00:00:00Z
http://www.wikidata.org/entity/Q267147,http://www.wikidata.org/entity/Q867320,FC Rouen,4.0,2004-01-01T00:00:00Z,2005-01-01T00:00:00Z
http://www.wikidata.org/entity/Q267147,http://www.wikidata.org/entity/Q19521,AS Saint-Étienne,61.0,1997-01-01T00:00:00Z,2000-01-01T00:00:00Z
http://www.wikidata.org/entity/Q267147,http://www.wikidata.org/entity/Q19509,Stade rennais FC,30.0,1993-01-01T00:00:00Z,1994-01-01T00:00:00Z
http://www.wikidata.org/entity/Q267147,http://www.wikidata.org/entity/Q19512,Football Club Sochaux-Montbéliard,27.0,2000-01-01T00:00:00Z,2001-01-01T00:00:00Z
http://www.wikidata.org/entity/Q267147,http://www.wikidata.org/entity/Q192597,Hibernian F.C.,,2000-01-01T00:00:00Z,2000-01-01T00:00:00Z
http://www.wikidata.org/entity/Q267147,http://www.wikidata.org/entity/Q105861,VfL Bochum,9.0,1990-01-01T00:00:00Z,1993-01-01T00:00:00Z
http://www.wikidata.org/entity/Q267147,http://www.wikidata.org/entity/Q845067,LB Châteauroux,61.0,1994-01-01T00:00:00Z,1996-01-01T00:00:00Z
http://www.wikidata.org/entity/Q269404,http://www.wikidata.org/entity/Q8723,Betis Balompié,30.0,1996-01-01T00:00:00Z,1998-01-01T00:00:00Z
http://www.wikidata.org/entity/Q269404,http://www.wikidata.org/entity/Q698702,Admira Wacker,52.0,2004-01-01T00:00:00Z,2006-01-01T00:00:00Z
http://www.wikidata.org/entity/Q269404,http://www.wikidata.org/entity/Q738876,NK Osijek,30.0,1999-01-01T00:00:00Z,2001-01-01T00:00:00Z
http://www.wikidata.org/entity/Q269404,http://www.wikidata.org/entity/Q11979,Unión Deportiva Las Palmas,24.0,1998-01-01T00:00:00Z,1999-01-01T00:00:00Z
http://www.wikidata.org/entity/Q269404,http://www.wikidata.org/entity/Q738876,NK Osijek,28.0,1991-01-01T00:00:00Z,1993-01-01T00:00:00Z
http://www.wikidata.org/entity/Q269404,http://www.wikidata.org/entity/Q2331381,équipe de Croatie espoirs de football,1.0,1993-01-01T00:00:00Z,1993-01-01T00:00:00Z
http://www.wikidata.org/entity/Q269404,http://www.wikidata.org/entity/Q134479,équipe de Croatie de football,9.0,2001-01-01T00:00:00Z,2004-01-01T00:00:00Z
http://www.wikidata.org/entity/Q269404,http://www.wikidata.org/entity/Q576285,Albacete Balompié,79.0,1993-01-01T00:00:00Z,1996-01-01T00:00:00Z
http://www.wikidata.org/entity/Q269404,http://www.wikidata.org/entity/Q749113,SK Austria Kärnten,37.0,2006-01-01T00:00:00Z,2008-01-01T00:00:00Z
http://www.wikidata.org/entity/Q269404,http://www.wikidata.org/entity/Q383196,FC Kärnten,58.0,2006-01-01T00:00:00Z,2008-01-01T00:00:00Z
http://www.wikidata.org/entity/Q269404,http://www.wikidata.org/entity/Q8466,1. FC Kaiserslautern,65.0,2001-01-01T00:00:00Z,2004-01-01T00:00:00Z
http://www.wikidata.org/entity/Q270760,http://www.wikidata.org/entity/Q7918272,Mynavi Sendai Ladies,6.0,2014-01-01T00:00:00Z,2015-01-01T00:00:00Z
http://www.wikidata.org/entity/Q270760,http://www.wikidata.org/entity/Q2274229,TEPCO Mareeze,98.0,2006-01-01T00:00:00Z,2011-01-01T00:00:00Z
http://www.wikidata.org/entity/Q270760,http://www.wikidata.org/entity/Q3085161,Montpellier FC,18.0,2011-01-01T00:00:00Z,2012-01-01T00:00:00Z
http://www.wikidata.org/entity/Q270760,http://www.wikidata.org/entity/Q2783054,INAC Kobe Leonessa,,2015-01-01T00:00:00Z,
http://www.wikidata.org/entity/Q270760,http://www.wikidata.org/entity/Q388232,équipe du Japon féminine de football,62.0,2008-01-01T00:00:00Z,2008-01-01T00:00:00Z
http://www.wikidata.org/entity/Q270760,http://www.wikidata.org/entity/Q19513,Montpellier Hérault SC,18.0,2011-01-01T00:00:00Z,2012-01-01T00:00:00Z
http://www.wikidata.org/entity/Q270760,http://www.wikidata.org/entity/Q419974,Boston Breakers,5.0,2011-01-01T00:00:00Z,2011-01-01T00:00:00Z
http://www.wikidata.org/entity/Q270760,http://www.wikidata.org/entity/Q15303416,Dash de Houston,0.0,2014-01-01T00:00:00Z,2014-01-01T00:00:00Z
http://www.wikidata.org/entity/Q270760,http://www.wikidata.org/entity/Q7918272,Mynavi Sendai Ladies,15.0,2012-01-01T00:00:00Z,2014-01-01T00:00:00Z
http://www.wikidata.org/entity/Q272727,http://www.wikidata.org/entity/Q192641,Trabzonspor,40.0,2006-01-01T00:00:00Z,2008-01-01T00:00:00Z
http://www.wikidata.org/entity/Q272727,http://www.wikidata.org/entity/Q643107,Denizlispor,31.0,2003-01-01T00:00:00Z,2004-01-01T00:00:00Z
http://www.wikidata.org/entity/Q272727,http://www.wikidata.org/entity/Q824850,Gaziantep Büyükşehir Belediyespor,13.0,2014-01-01T00:00:00Z,2015-01-01T00:00:00Z
http://www.wikidata.org/entity/Q272727,http://www.wikidata.org/entity/Q189671,FC Bâle,44.0,2009-01-01T00:00:00Z,2011-01-01T00:00:00Z
http://www.wikidata.org/entity/Q272727,http://www.wikidata.org/entity/Q434929,Altay Spor Kulübü,30.0,2001-01-01T00:00:00Z,2003-01-01T00:00:00Z
http://www.wikidata.org/entity/Q272727,http://www.wikidata.org/entity/Q929360,Mersin İdman Yurdu,20.0,2011-01-01T00:00:00Z,2012-01-01T00:00:00Z
http://www.wikidata.org/entity/Q272727,http://www.wikidata.org/entity/Q172567,Beşiktaş JK,40.0,2004-01-01T00:00:00Z,2006-01-01T00:00:00Z
http://www.wikidata.org/entity/Q258730,http://www.wikidata.org/entity/Q19458,Burnley FC,56.0,2019-07-08T00:00:00Z,2022-06-01T00:00:00Z
http://www.wikidata.org/entity/Q258730,http://www.wikidata.org/entity/Q18744,West Bromwich Albion,58.0,2022-01-01T00:00:00Z,2024-01-01T00:00:00Z
http://www.wikidata.org/entity/Q258730,http://www.wikidata.org/entity/Q18520,Luton Town Football Club,0.0,2024-01-01T00:00:00Z,2025-01-19T00:00:00Z
http://www.wikidata.org/entity/Q258730,http://www.wikidata.org/entity/Q19470,Derby County FC,1.0,2025-03-28T00:00:00Z,2025-06-01T00:00:00Z
http://www.wikidata.org/entity/Q272727,http://www.wikidata.org/entity/Q2705172,Marmaris Belediye GSK,28.0,2000-01-01T00:00:00Z,2001-01-01T00:00:00Z
http://www.wikidata.org/entity/Q272727,http://www.wikidata.org/entity/Q417685,Akhisar Belediyespor,57.0,2012-01-01T00:00:00Z,2014-01-01T00:00:00Z
http://www.wikidata.org/entity/Q272727,http://www.wikidata.org/entity/Q7855039,équipe de Turquie de football A2,3.0,2003-01-01T00:00:00Z,2004-01-01T00:00:00Z
http://www.wikidata.org/entity/Q272727,http://www.wikidata.org/entity/Q128148,Manisaspor,12.0,2015-01-01T00:00:00Z,2015-01-01T00:00:00Z
http://www.wikidata.org/entity/Q272727,http://www.wikidata.org/entity/Q107818,FC Energie Cottbus,28.0,2008-01-01T00:00:00Z,2009-01-01T00:00:00Z
http://www.wikidata.org/entity/Q272727,http://www.wikidata.org/entity/Q483856,équipe de Turquie de football,2.0,2004-01-01T00:00:00Z,2004-01-01T00:00:00Z
http://www.wikidata.org/entity/Q275634,http://www.wikidata.org/entity/Q204238,équipe d'Angleterre espoirs de football,4.0,1990-01-01T00:00:00Z,1990-01-01T00:00:00Z
http://www.wikidata.org/entity/Q275634,http://www.wikidata.org/entity/Q47762,équipe d'Angleterre de football,3.0,1991-01-01T00:00:00Z,1993-01-01T00:00:00Z
http://www.wikidata.org/entity/Q275634,http://www.wikidata.org/entity/Q1070732,Chester City Football Club,12.0,1986-01-01T00:00:00Z,1986-01-01T00:00:00Z
http://www.wikidata.org/entity/Q275634,http://www.wikidata.org/entity/Q5794,Everton FC,74.0,1995-01-01T00:00:00Z,1998-01-01T00:00:00Z
http://www.wikidata.org/entity/Q275634,http://www.wikidata.org/entity/Q50602,Manchester City FC,3.0,1985-01-01T00:00:00Z,1987-01-01T00:00:00Z
http://www.wikidata.org/entity/Q275634,http://www.wikidata.org/entity/Q19601,Oldham Athletic AFC,183.0,1987-01-01T00:00:00Z,1992-01-01T00:00:00Z
http://www.wikidata.org/entity/Q275634,http://www.wikidata.org/entity/Q18711,Aston Villa FC,116.0,1992-01-01T00:00:00Z,1995-01-01T00:00:00Z
http://www.wikidata.org/entity/Q275634,http://www.wikidata.org/entity/Q19607,Sheffield United FC,5.0,1998-01-01T00:00:00Z,1998-01-01T00:00:00Z
http://www.wikidata.org/entity/Q275634,http://www.wikidata.org/entity/Q19498,Sheffield Wednesday FC,15.0,1998-01-01T00:00:00Z,2000-01-01T00:00:00Z
http://www.wikidata.org/entity/Q275634,http://www.wikidata.org/entity/Q1110944,équipe d'Angleterre de football B,4.0,1991-01-01T00:00:00Z,1992-01-01T00:00:00Z
http://www.wikidata.org/entity/Q275691,http://www.wikidata.org/entity/Q134925,équipe de Grèce de football,32.0,2001-01-01T00:00:00Z,2012-01-01T00:00:00Z
http://www.wikidata.org/entity/Q275691,http://www.wikidata.org/entity/Q219926,Aris Salonique FC,51.0,2006-01-01T00:00:00Z,2008-01-01T00:00:00Z
http://www.wikidata.org/entity/Q275691,http://www.wikidata.org/entity/Q4122219,Panathinaïkós,0.0,1995-01-01T00:00:00Z,1996-01-01T00:00:00Z
http://www.wikidata.org/entity/Q275691,http://www.wikidata.org/entity/Q204888,PAOK Salonique,85.0,2008-01-01T00:00:00Z,2012-01-01T00:00:00Z
http://www.wikidata.org/entity/Q275691,http://www.wikidata.org/entity/Q2001271,Apollon Smyrnis,16.0,1999-01-01T00:00:00Z,1999-01-01T00:00:00Z
http://www.wikidata.org/entity/Q275691,http://www.wikidata.org/entity/Q592241,Iraklis Thessalonique,52.0,2001-01-01T00:00:00Z,2003-01-01T00:00:00Z
http://www.wikidata.org/entity/Q275691,http://www.wikidata.org/entity/Q4122219,Panathinaïkós,21.0,2003-01-01T00:00:00Z,2005-01-01T00:00:00Z
http://www.wikidata.org/entity/Q275691,http://www.wikidata.org/entity/Q2001271,Apollon Smyrnis,59.0,1996-01-01T00:00:00Z,1998-01-01T00:00:00Z
http://www.wikidata.org/entity/Q275691,http://www.wikidata.org/entity/Q19604,Portsmouth FC,5.0,2005-01-01T00:00:00Z,2006-01-01T00:00:00Z
http://www.wikidata.org/entity/Q275691,http://www.wikidata.org/entity/Q12230,Real Murcie,2.0,2006-01-01T00:00:00Z,2006-01-01T00:00:00Z
http://www.wikidata.org/entity/Q275691,http://www.wikidata.org/entity/Q4122219,Panathinaïkós,10.0,1998-01-01T00:00:00Z,2001-01-01T00:00:00Z
http://www.wikidata.org/entity/Q275691,http://www.wikidata.org/entity/Q13416768,GS Iraklis Thessalonique,50.0,2001-01-01T00:00:00Z,2003-01-01T00:00:00Z
http://www.wikidata.org/entity/Q276877,http://www.wikidata.org/entity/Q151747,Fortuna Düsseldorf,,2012-01-01T00:00:00Z,
http://www.wikidata.org/entity/Q276877,http://www.wikidata.org/entity/Q151747,Fortuna Düsseldorf,88.0,2001-01-01T00:00:00Z,2005-01-01T00:00:00Z
http://www.wikidata.org/entity/Q276877,http://www.wikidata.org/entity/Q8466,1. FC Kaiserslautern,96.0,2005-01-01T00:00:00Z,2009-01-01T00:00:00Z
http://www.wikidata.org/entity/Q276877,http://www.wikidata.org/entity/Q16525407,1. FC Kaiserslautern II,1.0,2009-01-01T00:00:00Z,2009-01-01T00:00:00Z
http://www.wikidata.org/entity/Q276877,http://www.wikidata.org/entity/Q15755,FC Augsbourg,74.0,2009-01-01T00:00:00Z,2012-01-01T00:00:00Z
http://www.wikidata.org/entity/Q276978,http://www.wikidata.org/entity/Q216523,Motherwell Football Club,10.0,2015-01-01T00:00:00Z,2016-01-01T00:00:00Z
http://www.wikidata.org/entity/Q276978,http://www.wikidata.org/entity/Q19470,Derby County FC,67.0,2011-01-01T00:00:00Z,2013-01-01T00:00:00Z
http://www.wikidata.org/entity/Q276978,http://www.wikidata.org/entity/Q48951,Southend United FC,21.0,2009-01-01T00:00:00Z,2009-01-01T00:00:00Z
http://www.wikidata.org/entity/Q276978,http://www.wikidata.org/entity/Q19473,Huddersfield Town Football Club,45.0,2009-01-01T00:00:00Z,2011-01-01T00:00:00Z
http://www.wikidata.org/entity/Q276978,http://www.wikidata.org/entity/Q19470,Derby County FC,13.0,2011-01-01T00:00:00Z,2011-01-01T00:00:00Z
http://www.wikidata.org/entity/Q276978,http://www.wikidata.org/entity/Q235399,équipe de Jamaïque de football,7.0,2013-01-01T00:00:00Z,2013-01-01T00:00:00Z
http://www.wikidata.org/entity/Q276978,http://www.wikidata.org/entity/Q19473,Huddersfield Town Football Club,6.0,2013-01-01T00:00:00Z,2013-01-01T00:00:00Z
http://www.wikidata.org/entity/Q276978,http://www.wikidata.org/entity/Q19487,Millwall FC,4.0,2011-01-01T00:00:00Z,2011-01-01T00:00:00Z
http://www.wikidata.org/entity/Q276978,http://www.wikidata.org/entity/Q18516,Hereford United Football Club,43.0,2007-01-01T00:00:00Z,2008-01-01T00:00:00Z
http://www.wikidata.org/entity/Q276978,http://www.wikidata.org/entity/Q9437,Wealdstone Football Club,,2007-01-01T00:00:00Z,2007-01-01T00:00:00Z
http://www.wikidata.org/entity/Q276978,http://www.wikidata.org/entity/Q19487,Millwall FC,7.0,2010-01-01T00:00:00Z,2010-01-01T00:00:00Z
http://www.wikidata.org/entity/Q276978,http://www.wikidata.org/entity/Q48948,Port Vale FC,,2016-01-01T00:00:00Z,
http://www.wikidata.org/entity/Q276978,http://www.wikidata.org/entity/Q19615,Scunthorpe United FC,8.0,2015-01-01T00:00:00Z,2015-01-01T00:00:00Z
http://www.wikidata.org/entity/Q276978,http://www.wikidata.org/entity/Q48948,Port Vale FC,,2016-01-01T00:00:00Z,
http://www.wikidata.org/entity/Q276978,http://www.wikidata.org/entity/Q19589,Doncaster Rovers Football Club,63.0,2013-01-01T00:00:00Z,2015-01-01T00:00:00Z
http://www.wikidata.org/entity/Q276978,http://www.wikidata.org/entity/Q2714,Watford Football Club,2.0,2006-01-01T00:00:00Z,2009-01-01T00:00:00Z
http://www.wikidata.org/entity/Q278796,http://www.wikidata.org/entity/Q212490,Tromsø IL,27.0,2013-01-01T00:00:00Z,2014-01-01T00:00:00Z
http://www.wikidata.org/entity/Q278796,http://www.wikidata.org/entity/Q18520,Luton Town Football Club,16.0,2007-01-01T00:00:00Z,2007-01-01T00:00:00Z
http://www.wikidata.org/entity/Q278796,http://www.wikidata.org/entity/Q192873,Dundee United FC,36.0,2014-01-01T00:00:00Z,2015-01-01T00:00:00Z
http://www.wikidata.org/entity/Q278796,http://www.wikidata.org/entity/Q3873552,équipe de Pologne de football des moins de 20 ans,3.0,2007-01-01T00:00:00Z,2007-01-01T00:00:00Z
http://www.wikidata.org/entity/Q278796,http://www.wikidata.org/entity/Q328655,Śląsk Wrocław,58.0,2009-01-01T00:00:00Z,2012-01-01T00:00:00Z
http://www.wikidata.org/entity/Q278796,http://www.wikidata.org/entity/Q18526,Stockport County FC,3.0,2008-01-01T00:00:00Z,2008-01-01T00:00:00Z
http://www.wikidata.org/entity/Q278796,http://www.wikidata.org/entity/Q19451,Bolton Wanderers FC,1.0,2004-01-01T00:00:00Z,2009-01-01T00:00:00Z
http://www.wikidata.org/entity/Q278796,http://www.wikidata.org/entity/Q3073431,équipe de Pologne olympique de football,1.0,2010-01-01T00:00:00Z,2010-01-01T00:00:00Z
http://www.wikidata.org/entity/Q278796,http://www.wikidata.org/entity/Q836991,Pogoń Szczecin,,2015-01-01T00:00:00Z,
http://www.wikidata.org/entity/Q278796,http://www.wikidata.org/entity/Q2670674,équipe de Pologne de football des moins de 19 ans,3.0,2006-01-01T00:00:00Z,2006-01-01T00:00:00Z
http://www.wikidata.org/entity/Q278796,http://www.wikidata.org/entity/Q18520,Luton Town Football Club,16.0,2007-01-01T00:00:00Z,2008-01-01T00:00:00Z
http://www.wikidata.org/entity/Q279238,http://www.wikidata.org/entity/Q1162277,équipe de Hongrie de football des moins de 17 ans,3.0,2008-01-01T00:00:00Z,2009-01-01T00:00:00Z
http://www.wikidata.org/entity/Q279238,http://www.wikidata.org/entity/Q910588,Egri FC,24.0,2011-01-01T00:00:00Z,2012-01-01T00:00:00Z
http://www.wikidata.org/entity/Q279238,http://www.wikidata.org/entity/Q8476,Reggina 1914,9.0,2007-01-01T00:00:00Z,2012-01-01T00:00:00Z
http://www.wikidata.org/entity/Q279238,http://www.wikidata.org/entity/Q727135,Kecskeméti TE,3.0,2011-01-01T00:00:00Z,2011-01-01T00:00:00Z
http://www.wikidata.org/entity/Q279238,http://www.wikidata.org/entity/Q255296,Vasas FC,,2014-01-01T00:00:00Z,
http://www.wikidata.org/entity/Q279238,http://www.wikidata.org/entity/Q738917,équipe de Hongrie de football des moins de 19 ans,10.0,2009-01-01T00:00:00Z,2010-01-01T00:00:00Z
http://www.wikidata.org/entity/Q279238,http://www.wikidata.org/entity/Q385222,équipe de Hongrie espoirs de football,,2010-01-01T00:00:00Z,
http://www.wikidata.org/entity/Q279238,http://www.wikidata.org/entity/Q144952,Zalaegerszeg TE FC,13.0,2013-01-01T00:00:00Z,2014-01-01T00:00:00Z
http://www.wikidata.org/entity/Q279238,http://www.wikidata.org/entity/Q910588,Egri FC,17.0,2012-01-01T00:00:00Z,2013-01-01T00:00:00Z
http://www.wikidata.org/entity/Q279327,http://www.wikidata.org/entity/Q19603,FC Twente,58.0,2000-01-01T00:00:00Z,2003-01-01T00:00:00Z
http://www.wikidata.org/entity/Q279327,http://www.wikidata.org/entity/Q24904,ADO La Haye,80.0,2003-01-01T00:00:00Z,2006-01-01T00:00:00Z
http://www.wikidata.org/entity/Q279327,http://www.wikidata.org/entity/Q11938,PSV Eindhoven,2.0,2007-01-01T00:00:00Z,2008-01-01T00:00:00Z
http://www.wikidata.org/entity/Q279327,http://www.wikidata.org/entity/Q24699,RKC Waalwijk,68.0,1997-01-01T00:00:00Z,2000-01-01T00:00:00Z
http://www.wikidata.org/entity/Q279327,http://www.wikidata.org/entity/Q101859,VfL Wolfsburg,45.0,2006-01-01T00:00:00Z,2007-01-01T00:00:00Z
http://www.wikidata.org/entity/Q279327,http://www.wikidata.org/entity/Q24699,RKC Waalwijk,12.0,1997-01-01T00:00:00Z,1997-01-01T00:00:00Z
http://www.wikidata.org/entity/Q279327,http://www.wikidata.org/entity/Q332642,NAC Breda,28.0,2008-01-01T00:00:00Z,2010-01-01T00:00:00Z
http://www.wikidata.org/entity/Q279327,http://www.wikidata.org/entity/Q11938,PSV Eindhoven,30.0,1994-01-01T00:00:00Z,1997-01-01T00:00:00Z
http://www.wikidata.org/entity/Q279327,http://www.wikidata.org/entity/Q24699,RKC Waalwijk,11.0,2003-01-01T00:00:00Z,2003-01-01T00:00:00Z
http://www.wikidata.org/entity/Q280287,http://www.wikidata.org/entity/Q101859,VfL Wolfsburg,76.0,2004-01-01T00:00:00Z,2007-01-01T00:00:00Z
http://www.wikidata.org/entity/Q280287,http://www.wikidata.org/entity/Q291447,AEK Larnaca,25.0,2010-01-01T00:00:00Z,2011-01-01T00:00:00Z
http://www.wikidata.org/entity/Q280287,http://www.wikidata.org/entity/Q47050,équipe des Pays-Bas de football,7.0,2000-01-01T00:00:00Z,2006-01-01T00:00:00Z
http://www.wikidata.org/entity/Q280287,http://www.wikidata.org/entity/Q134241,Feyenoord Rotterdam,55.0,2007-01-01T00:00:00Z,2011-01-01T00:00:00Z
http://www.wikidata.org/entity/Q280287,http://www.wikidata.org/entity/Q291447,AEK Larnaca,10.0,2011-01-01T00:00:00Z,2012-01-01T00:00:00Z
http://www.wikidata.org/entity/Q280287,http://www.wikidata.org/entity/Q11938,PSV Eindhoven,78.0,2000-01-01T00:00:00Z,2004-01-01T00:00:00Z
http://www.wikidata.org/entity/Q280287,http://www.wikidata.org/entity/Q854167,Fortuna Sittard,59.0,1997-01-01T00:00:00Z,2000-01-01T00:00:00Z
http://www.wikidata.org/entity/Q283067,http://www.wikidata.org/entity/Q11979,Unión Deportiva Las Palmas,0.0,2010-01-01T00:00:00Z,2010-01-01T00:00:00Z
http://www.wikidata.org/entity/Q283067,http://www.wikidata.org/entity/Q1641573,équipe de Colombie de football des moins de 20 ans,7.0,2001-01-01T00:00:00Z,2003-01-01T00:00:00Z
http://www.wikidata.org/entity/Q283067,http://www.wikidata.org/entity/Q221695,Gremio Foot-Ball Porto Alegrense,40.0,2008-01-01T00:00:00Z,2010-01-01T00:00:00Z
http://www.wikidata.org/entity/Q283067,http://www.wikidata.org/entity/Q391987,América de Cali,,2016-01-01T00:00:00Z,
http://www.wikidata.org/entity/Q283067,http://www.wikidata.org/entity/Q275612,Budapest Honvéd,,2013-01-01T00:00:00Z,2014-01-01T00:00:00Z
http://www.wikidata.org/entity/Q283067,http://www.wikidata.org/entity/Q845859,CD Cruz Azul,22.0,2011-01-01T00:00:00Z,2012-01-01T00:00:00Z
http://www.wikidata.org/entity/Q283067,http://www.wikidata.org/entity/Q332858,Deportivo Pasto,9.0,2002-01-01T00:00:00Z,2002-01-01T00:00:00Z
http://www.wikidata.org/entity/Q283067,http://www.wikidata.org/entity/Q332661,club Deportivo Atlético Huila,24.0,2001-01-01T00:00:00Z,2001-01-01T00:00:00Z
http://www.wikidata.org/entity/Q283067,http://www.wikidata.org/entity/Q332537,Corporación Deportes Quindío,18.0,2002-01-01T00:00:00Z,2002-01-01T00:00:00Z
http://www.wikidata.org/entity/Q283067,http://www.wikidata.org/entity/Q332858,Deportivo Pasto,9.0,2002-01-01T00:00:00Z,2003-01-01T00:00:00Z
http://www.wikidata.org/entity/Q283067,http://www.wikidata.org/entity/Q663400,Deportivo Cali,23.0,2013-01-01T00:00:00Z,2013-01-01T00:00:00Z
http://www.wikidata.org/entity/Q283067,http://www.wikidata.org/entity/Q172476,Girondins de Bordeaux,38.0,2005-01-01T00:00:00Z,2007-01-01T00:00:00Z
http://www.wikidata.org/entity/Q283067,http://www.wikidata.org/entity/Q332661,club Deportivo Atlético Huila,24.0,2001-01-01T00:00:00Z,2002-01-01T00:00:00Z
http://www.wikidata.org/entity/Q283067,http://www.wikidata.org/entity/Q332605,Atletico Nacional,86.0,2003-01-01T00:00:00Z,2005-01-01T00:00:00Z
http://www.wikidata.org/entity/Q283067,http://www.wikidata.org/entity/Q11979,Unión Deportiva Las Palmas,10.0,2010-01-01T00:00:00Z,2011-01-01T00:00:00Z
http://www.wikidata.org/entity/Q310199,http://www.wikidata.org/entity/Q101859,VfL Wolfsburg,4.0,2011-01-01T00:00:00Z,2012-01-01T00:00:00Z
http://www.wikidata.org/entity/Q310199,http://www.wikidata.org/entity/Q18736,Stoke City FC,44.0,2009-01-01T00:00:00Z,2011-01-01T00:00:00Z
http://www.wikidata.org/entity/Q310226,http://www.wikidata.org/entity/Q1143000,Club Universidad Nacional,73.0,2005-01-01T00:00:00Z,2010-01-01T00:00:00Z
http://www.wikidata.org/entity/Q310226,http://www.wikidata.org/entity/Q164334,équipe du Mexique de football des moins de 20 ans,5.0,2007-01-01T00:00:00Z,2007-01-01T00:00:00Z
http://www.wikidata.org/entity/Q310226,http://www.wikidata.org/entity/Q164089,équipe du Mexique de football,57.0,2007-01-01T00:00:00Z,2013-01-01T00:00:00Z
http://www.wikidata.org/entity/Q310226,http://www.wikidata.org/entity/Q845859,CD Cruz Azul,50.0,2012-01-01T00:00:00Z,2014-01-01T00:00:00Z
http://www.wikidata.org/entity/Q310226,http://www.wikidata.org/entity/Q10308,Real Saragosse,20.0,2011-01-01T00:00:00Z,2012-01-01T00:00:00Z
http://www.wikidata.org/entity/Q310226,http://www.wikidata.org/entity/Q18747,West Ham United FC,15.0,2010-01-01T00:00:00Z,2012-01-01T00:00:00Z
http://www.wikidata.org/entity/Q310226,http://www.wikidata.org/entity/Q768253,CF Monterrey,38.0,2015-01-01T00:00:00Z,2016-01-01T00:00:00Z
http://www.wikidata.org/entity/Q310602,http://www.wikidata.org/entity/Q2018,Catania Football Club,14.0,2012-01-01T00:00:00Z,2013-01-01T00:00:00Z
http://www.wikidata.org/entity/Q310602,http://www.wikidata.org/entity/Q874016,Kawasaki Frontale,,2016-01-01T00:00:00Z,2017-01-01T00:00:00Z
http://www.wikidata.org/entity/Q310602,http://www.wikidata.org/entity/Q170566,équipe du Japon de football,10.0,2009-01-01T00:00:00Z,2012-01-01T00:00:00Z
http://www.wikidata.org/entity/Q310602,http://www.wikidata.org/entity/Q646204,JEF United Ichihara Chiba,73.0,2013-01-01T00:00:00Z,2015-01-01T00:00:00Z
http://www.wikidata.org/entity/Q310602,http://www.wikidata.org/entity/Q8416,Novara Calcio,21.0,2011-01-01T00:00:00Z,2012-01-01T00:00:00Z
http://www.wikidata.org/entity/Q310602,http://www.wikidata.org/entity/Q1683280,équipe du Japon de football des moins de 23 ans,5.0,2008-01-01T00:00:00Z,2008-01-01T00:00:00Z
http://www.wikidata.org/entity/Q310602,http://www.wikidata.org/entity/Q620499,Tokyo Verdy,46.0,2004-01-01T00:00:00Z,2006-01-01T00:00:00Z
http://www.wikidata.org/entity/Q310602,http://www.wikidata.org/entity/Q2018,Catania Football Club,83.0,2006-01-01T00:00:00Z,2011-01-01T00:00:00Z
http://www.wikidata.org/entity/Q310602,http://www.wikidata.org/entity/Q812723,Al-Nasr Dubaï,13.0,2013-01-01T00:00:00Z,2013-01-01T00:00:00Z
http://www.wikidata.org/entity/Q310602,http://www.wikidata.org/entity/Q3658577,équipe du Japon de football des moins de 20 ans,7.0,2004-01-01T00:00:00Z,2005-01-01T00:00:00Z
http://www.wikidata.org/entity/Q310658,http://www.wikidata.org/entity/Q19481,Leicester City FC,61.0,2013-09-17T00:00:00Z,2017-07-01T00:00:00Z
http://www.wikidata.org/entity/Q310658,http://www.wikidata.org/entity/Q187528,RSC Anderlecht,143.0,2007-01-01T00:00:00Z,2013-01-01T00:00:00Z
http://www.wikidata.org/entity/Q310658,http://www.wikidata.org/entity/Q1056679,KS Hutnik Cracovie,54.0,1999-01-01T00:00:00Z,2000-01-01T00:00:00Z
http://www.wikidata.org/entity/Q310658,http://www.wikidata.org/entity/Q52942,Lech Poznań,14.0,2006-01-01T00:00:00Z,2006-01-01T00:00:00Z
http://www.wikidata.org/entity/Q310658,http://www.wikidata.org/entity/Q328655,Śląsk Wrocław,51.0,2000-01-01T00:00:00Z,2002-01-01T00:00:00Z
http://www.wikidata.org/entity/Q310658,http://www.wikidata.org/entity/Q470796,Amica Wronki,24.0,2005-01-01T00:00:00Z,2006-01-01T00:00:00Z
http://www.wikidata.org/entity/Q310658,http://www.wikidata.org/entity/Q1780231,équipe de Pologne espoirs de football,13.0,2000-01-01T00:00:00Z,2001-01-01T00:00:00Z
http://www.wikidata.org/entity/Q310658,http://www.wikidata.org/entity/Q166196,équipe de Pologne de football,60.0,2002-01-01T00:00:00Z,2013-01-01T00:00:00Z
http://www.wikidata.org/entity/Q310658,http://www.wikidata.org/entity/Q1475269,Wisła Płock,60.0,2002-01-01T00:00:00Z,2005-01-01T00:00:00Z
http://www.wikidata.org/entity/Q310658,http://www.wikidata.org/entity/Q190943,Wisła Cracovie,60.0,2017-11-18T00:00:00Z,2020-06-01T00:00:00Z
http://www.wikidata.org/entity/Q310928,http://www.wikidata.org/entity/Q164134,équipe des États-Unis de football,87.0,1999-01-01T00:00:00Z,2012-01-01T00:00:00Z
http://www.wikidata.org/entity/Q310928,http://www.wikidata.org/entity/Q33748,Hanovre 96,370.0,1999-01-01T00:00:00Z,2014-01-01T00:00:00Z
http://www.wikidata.org/entity/Q310928,http://www.wikidata.org/entity/Q7892564,équipe des États-Unis de soccer des moins de 18 ans,4.0,1997-01-01T00:00:00Z,1997-01-01T00:00:00Z
http://www.wikidata.org/entity/Q310928,http://www.wikidata.org/entity/Q3590572,équipe des États-Unis de football des moins de 23 ans,1.0,1998-01-01T00:00:00Z,1998-01-01T00:00:00Z
http://www.wikidata.org/entity/Q310928,http://www.wikidata.org/entity/Q287804,équipe des États-Unis de soccer des moins de 20 ans,25.0,1998-01-01T00:00:00Z,1999-01-01T00:00:00Z
http://www.wikidata.org/entity/Q311171,http://www.wikidata.org/entity/Q18656,Manchester United FC,206.0,1989-01-01T00:00:00Z,1995-01-01T00:00:00Z
http://www.wikidata.org/entity/Q311171,http://www.wikidata.org/entity/Q1110944,équipe d'Angleterre de football B,1.0,1992-01-01T00:00:00Z,1992-01-01T00:00:00Z
http://www.wikidata.org/entity/Q311171,http://www.wikidata.org/entity/Q47762,équipe d'Angleterre de football,53.0,1992-01-01T00:00:00Z,2000-01-01T00:00:00Z
http://www.wikidata.org/entity/Q311171,http://www.wikidata.org/entity/Q19500,Wolverhampton Wanderers F.C.,115.0,2002-01-01T00:00:00Z,2006-01-01T00:00:00Z
http://www.wikidata.org/entity/Q311171,http://www.wikidata.org/entity/Q19634,Swindon Town Football Club,3.0,2006-01-01T00:00:00Z,2006-01-01T00:00:00Z
http://www.wikidata.org/entity/Q311171,http://www.wikidata.org/entity/Q1130849,Liverpool FC,65.0,1997-01-01T00:00:00Z,1999-01-01T00:00:00Z
http://www.wikidata.org/entity/Q311171,http://www.wikidata.org/entity/Q631,FC Internazionale Milano,54.0,1995-01-01T00:00:00Z,1997-01-01T00:00:00Z
http://www.wikidata.org/entity/Q311171,http://www.wikidata.org/entity/Q18661,Middlesbrough FC,93.0,1999-01-01T00:00:00Z,2002-01-01T00:00:00Z
http://www.wikidata.org/entity/Q311171,http://www.wikidata.org/entity/Q18747,West Ham United FC,72.0,1986-01-01T00:00:00Z,1989-01-01T00:00:00Z
http://www.wikidata.org/entity/Q311171,http://www.wikidata.org/entity/Q18521,Macclesfield Town Football Club,1.0,2007-01-01T00:00:00Z,2007-01-01T00:00:00Z
http://www.wikidata.org/entity/Q311171,http://www.wikidata.org/entity/Q204238,équipe d'Angleterre espoirs de football,2.0,1989-01-01T00:00:00Z,1989-01-01T00:00:00Z
http://www.wikidata.org/entity/Q311200,http://www.wikidata.org/entity/Q42267,équipe d'Espagne de football,62.0,1991-01-01T00:00:00Z,2002-01-01T00:00:00Z
http://www.wikidata.org/entity/Q311200,http://www.wikidata.org/entity/Q8835,RCD Majorque,149.0,1999-01-01T00:00:00Z,2005-01-01T00:00:00Z
http://www.wikidata.org/entity/Q311200,http://www.wikidata.org/entity/Q914169,RCD Majorque B,,1986-01-01T00:00:00Z,1987-01-01T00:00:00Z
http://www.wikidata.org/entity/Q311200,http://www.wikidata.org/entity/Q2638194,CD Manacor,,1980-01-01T00:00:00Z,1983-01-01T00:00:00Z
http://www.wikidata.org/entity/Q311200,http://www.wikidata.org/entity/Q8835,RCD Majorque,130.0,1987-01-01T00:00:00Z,1991-01-01T00:00:00Z
http://www.wikidata.org/entity/Q311200,http://www.wikidata.org/entity/Q2638194,CD Manacor,,1983-01-01T00:00:00Z,1986-01-01T00:00:00Z
http://www.wikidata.org/entity/Q311200,http://www.wikidata.org/entity/Q7156,FC Barcelone,208.0,1991-01-01T00:00:00Z,1999-01-01T00:00:00Z
http://www.wikidata.org/entity/Q311209,http://www.wikidata.org/entity/Q170566,équipe du Japon de football,60.0,2003-01-01T00:00:00Z,2014-01-01T00:00:00Z
http://www.wikidata.org/entity/Q311209,http://www.wikidata.org/entity/Q8835,RCD Majorque,39.0,2005-01-01T00:00:00Z,2006-01-01T00:00:00Z
http://www.wikidata.org/entity/Q311209,http://www.wikidata.org/entity/Q101859,VfL Wolfsburg,9.0,2009-01-01T00:00:00Z,2009-01-01T00:00:00Z
http://www.wikidata.org/entity/Q311209,http://www.wikidata.org/entity/Q1683280,équipe du Japon de football des moins de 23 ans,3.0,2004-01-01T00:00:00Z,2004-01-01T00:00:00Z
http://www.wikidata.org/entity/Q311209,http://www.wikidata.org/entity/Q874016,Kawasaki Frontale,130.0,2013-01-01T00:00:00Z,2016-01-01T00:00:00Z
http://www.wikidata.org/entity/Q311209,http://www.wikidata.org/entity/Q844271,Vissel Kobe,62.0,2007-01-01T00:00:00Z,2008-01-01T00:00:00Z
http://www.wikidata.org/entity/Q311209,http://www.wikidata.org/entity/Q855809,Cerezo Osaka,116.0,2001-01-01T00:00:00Z,2006-01-01T00:00:00Z
http://www.wikidata.org/entity/Q311209,http://www.wikidata.org/entity/Q856619,Football Club Tokyo,28.0,2017-01-01T00:00:00Z,2017-01-01T00:00:00Z
http://www.wikidata.org/entity/Q311209,http://www.wikidata.org/entity/Q855401,Júbilo Iwata,,2018-01-01T00:00:00Z,2019-01-01T00:00:00Z
http://www.wikidata.org/entity/Q311209,http://www.wikidata.org/entity/Q844271,Vissel Kobe,98.0,2009-01-01T00:00:00Z,2012-01-01T00:00:00Z
http://www.wikidata.org/entity/Q311209,http://www.wikidata.org/entity/Q874016,Kawasaki Frontale,12.0,2018-01-01T00:00:00Z,2018-01-01T00:00:00Z
http://www.wikidata.org/entity/Q311340,http://www.wikidata.org/entity/Q19446,Blackburn Rovers FC,23.0,1998-01-01T00:00:00Z,1999-01-01T00:00:00Z
http://www.wikidata.org/entity/Q311340,http://www.wikidata.org/entity/Q18732,Southampton FC,25.0,1997-01-01T00:00:00Z,1998-01-01T00:00:00Z
http://www.wikidata.org/entity/Q311340,http://www.wikidata.org/entity/Q1049171,équipe d'Angleterre de football des moins de 18 ans,8.0,1994-01-01T00:00:00Z,1995-01-01T00:00:00Z
http://www.wikidata.org/entity/Q311340,http://www.wikidata.org/entity/Q47762,équipe d'Angleterre de football,1.0,2010-01-01T00:00:00Z,2010-01-01T00:00:00Z
http://www.wikidata.org/entity/Q311340,http://www.wikidata.org/entity/Q19487,Millwall FC,9.0,2002-01-01T00:00:00Z,2002-01-01T00:00:00Z
http://www.wikidata.org/entity/Q311340,http://www.wikidata.org/entity/Q19612,Preston North End FC,70.0,2013-01-01T00:00:00Z,2015-01-01T00:00:00Z
http://www.wikidata.org/entity/Q311340,http://www.wikidata.org/entity/Q48935,Chesterfield Football Club,129.0,1993-01-01T00:00:00Z,1997-01-01T00:00:00Z
http://www.wikidata.org/entity/Q311340,http://www.wikidata.org/entity/Q19451,Bolton Wanderers FC,351.0,2003-01-01T00:00:00Z,2013-01-01T00:00:00Z
http://www.wikidata.org/entity/Q311340,http://www.wikidata.org/entity/Q204238,équipe d'Angleterre espoirs de football,3.0,1997-01-01T00:00:00Z,2000-01-01T00:00:00Z
http://www.wikidata.org/entity/Q311340,http://www.wikidata.org/entity/Q18732,Southampton FC,82.0,1999-01-01T00:00:00Z,2003-01-01T00:00:00Z
http://www.wikidata.org/entity/Q311898,http://www.wikidata.org/entity/Q2768,Torino Football Club,23.0,1993-01-01T00:00:00Z,1994-01-01T00:00:00Z
http://www.wikidata.org/entity/Q311898,http://www.wikidata.org/entity/Q134890,équipe de Croatie de futsal,2.0,2003-01-01T00:00:00Z,2003-01-01T00:00:00Z
http://www.wikidata.org/entity/Q311898,http://www.wikidata.org/entity/Q1422,Juventus FC,15.0,1994-01-01T00:00:00Z,1995-01-01T00:00:00Z
http://www.wikidata.org/entity/Q311898,http://www.wikidata.org/entity/Q19580,Coventry City FC,0.0,1998-01-01T00:00:00Z,1998-01-01T00:00:00Z
http://www.wikidata.org/entity/Q311898,http://www.wikidata.org/entity/Q181216,HNK Hajduk Split,128.0,1986-01-01T00:00:00Z,1991-01-01T00:00:00Z
http://www.wikidata.org/entity/Q311898,http://www.wikidata.org/entity/Q11979,Unión Deportiva Las Palmas,43.0,1999-01-01T00:00:00Z,2002-01-01T00:00:00Z
http://www.wikidata.org/entity/Q311898,http://www.wikidata.org/entity/Q8723,Betis Balompié,98.0,1995-01-01T00:00:00Z,1998-01-01T00:00:00Z
http://www.wikidata.org/entity/Q311898,http://www.wikidata.org/entity/Q8682,Real Madrid CF,27.0,1998-01-01T00:00:00Z,1999-01-01T00:00:00Z
http://www.wikidata.org/entity/Q311898,http://www.wikidata.org/entity/Q188363,équipe de Yougoslavie de football,7.0,1990-01-01T00:00:00Z,1991-01-01T00:00:00Z
http://www.wikidata.org/entity/Q311898,http://www.wikidata.org/entity/Q6641,SSC Bari,52.0,1991-01-01T00:00:00Z,1993-01-01T00:00:00Z
http://www.wikidata.org/entity/Q311898,http://www.wikidata.org/entity/Q4122219,Panathinaïkós,5.0,2002-01-01T00:00:00Z,2002-01-01T00:00:00Z
http://www.wikidata.org/entity/Q311898,http://www.wikidata.org/entity/Q134479,équipe de Croatie de football,81.0,1990-01-01T00:00:00Z,2002-01-01T00:00:00Z
http://www.wikidata.org/entity/Q312042,http://www.wikidata.org/entity/Q204238,équipe d'Angleterre espoirs de football,20.0,1998-01-01T00:00:00Z,2002-01-01T00:00:00Z
http://www.wikidata.org/entity/Q312042,http://www.wikidata.org/entity/Q19601,Oldham Athletic AFC,8.0,2015-01-01T00:00:00Z,2016-01-01T00:00:00Z
http://www.wikidata.org/entity/Q312042,http://www.wikidata.org/entity/Q19446,Blackburn Rovers FC,135.0,1998-01-01T00:00:00Z,2003-01-01T00:00:00Z
http://www.wikidata.org/entity/Q312042,http://www.wikidata.org/entity/Q19444,Birmingham City FC,58.0,2003-01-01T00:00:00Z,2007-01-01T00:00:00Z
http://www.wikidata.org/entity/Q312042,http://www.wikidata.org/entity/Q1049171,équipe d'Angleterre de football des moins de 18 ans,3.0,1998-01-01T00:00:00Z,1998-01-01T00:00:00Z
http://www.wikidata.org/entity/Q312042,http://www.wikidata.org/entity/Q19446,Blackburn Rovers FC,180.0,2007-01-01T00:00:00Z,2015-01-01T00:00:00Z
http://www.wikidata.org/entity/Q312042,http://www.wikidata.org/entity/Q47762,équipe d'Angleterre de football,1.0,2002-01-01T00:00:00Z,2002-01-01T00:00:00Z
http://www.wikidata.org/entity/Q312379,http://www.wikidata.org/entity/Q863273,Landskrona BoIS,56.0,2003-01-01T00:00:00Z,2005-01-01T00:00:00Z
http://www.wikidata.org/entity/Q310226,http://www.wikidata.org/entity/Q1143000,Club Universidad Nacional,113.0,2016-01-01T00:00:00Z,2020-01-01T00:00:00Z
http://www.wikidata.org/entity/Q310226,http://www.wikidata.org/entity/Q13408349,Atlético San Luis,29.0,2020-01-01T00:00:00Z,2021-01-01T00:00:00Z
http://www.wikidata.org/entity/Q310226,http://www.wikidata.org/entity/Q606210,Querétaro FC,130.0,2021-01-01T00:00:00Z,
http://www.wikidata.org/entity/Q311209,http://www.wikidata.org/entity/Q620499,Tokyo Verdy,,2020-01-01T00:00:00Z,2020-01-01T00:00:00Z
http://www.wikidata.org/entity/Q311209,http://www.wikidata.org/entity/Q855809,Cerezo Osaka,,2021-01-01T00:00:00Z,2021-01-01T00:00:00Z
http://www.wikidata.org/entity/Q298470,http://www.wikidata.org/entity/Q191264,AZ Alkmaar,42.0,2014-01-01T00:00:00Z,2015-01-01T00:00:00Z
http://www.wikidata.org/entity/Q298470,http://www.wikidata.org/entity/Q1270152,équipe du Danemark espoirs de football,11.0,2005-01-01T00:00:00Z,2006-01-01T00:00:00Z
http://www.wikidata.org/entity/Q298470,http://www.wikidata.org/entity/Q3511548,SønderjyskE,71.0,2002-01-01T00:00:00Z,2005-01-01T00:00:00Z
http://www.wikidata.org/entity/Q298470,http://www.wikidata.org/entity/Q618520,FC Midtjylland,63.0,2005-01-01T00:00:00Z,2007-01-01T00:00:00Z
http://www.wikidata.org/entity/Q298470,http://www.wikidata.org/entity/Q131785,équipe du Danemark de football,,2007-01-01T00:00:00Z,
http://www.wikidata.org/entity/Q298470,http://www.wikidata.org/entity/Q3873544,équipe du Danemark de football des moins de 20 ans,7.0,2003-01-01T00:00:00Z,2004-01-01T00:00:00Z
http://www.wikidata.org/entity/Q298470,http://www.wikidata.org/entity/Q3873525,équipe du Danemark de football des moins de 19 ans,7.0,2002-01-01T00:00:00Z,2003-01-01T00:00:00Z
http://www.wikidata.org/entity/Q299521,http://www.wikidata.org/entity/Q3873547,équipe de Tchéquie des moins de 20 ans de football,5.0,2001-01-01T00:00:00Z,2001-01-01T00:00:00Z
http://www.wikidata.org/entity/Q299521,http://www.wikidata.org/entity/Q15786,1. FC Nuremberg,39.0,2014-01-01T00:00:00Z,2016-01-01T00:00:00Z
http://www.wikidata.org/entity/Q299521,http://www.wikidata.org/entity/Q101859,VfL Wolfsburg,73.0,2011-01-01T00:00:00Z,2014-01-01T00:00:00Z
http://www.wikidata.org/entity/Q299521,http://www.wikidata.org/entity/Q483868,équipe de Tchéquie de football,57.0,1999-01-01T00:00:00Z,2011-01-01T00:00:00Z
http://www.wikidata.org/entity/Q299521,http://www.wikidata.org/entity/Q221671,FC Slovan Liberec,65.0,2003-01-01T00:00:00Z,2005-01-01T00:00:00Z
http://www.wikidata.org/entity/Q299521,http://www.wikidata.org/entity/Q1464421,équipe de Tchéquie espoirs de football,46.0,1999-01-01T00:00:00Z,2003-01-01T00:00:00Z
http://www.wikidata.org/entity/Q299521,http://www.wikidata.org/entity/Q187528,RSC Anderlecht,79.0,2007-01-01T00:00:00Z,2011-01-01T00:00:00Z
http://www.wikidata.org/entity/Q299521,http://www.wikidata.org/entity/Q724832,FC Zbrojovka Brno,124.0,1998-01-01T00:00:00Z,2002-01-01T00:00:00Z
http://www.wikidata.org/entity/Q299521,http://www.wikidata.org/entity/Q15786,1. FC Nuremberg,62.0,2005-01-01T00:00:00Z,2007-01-01T00:00:00Z
http://www.wikidata.org/entity/Q299604,http://www.wikidata.org/entity/Q193481,AC Sparta Prague,46.0,2003-01-01T00:00:00Z,2005-01-01T00:00:00Z
http://www.wikidata.org/entity/Q299604,http://www.wikidata.org/entity/Q193481,AC Sparta Prague,17.0,2014-01-01T00:00:00Z,2016-01-01T00:00:00Z
http://www.wikidata.org/entity/Q299604,http://www.wikidata.org/entity/Q18747,West Ham United FC,44.0,2009-08-01T00:00:00Z,2011-01-01T00:00:00Z
http://www.wikidata.org/entity/Q299604,http://www.wikidata.org/entity/Q29112,Spartak Moscou,101.0,2005-01-01T00:00:00Z,2009-01-01T00:00:00Z
http://www.wikidata.org/entity/Q299604,http://www.wikidata.org/entity/Q189671,FC Bâle,19.0,2011-01-01T00:00:00Z,2012-01-01T00:00:00Z
http://www.wikidata.org/entity/Q299604,http://www.wikidata.org/entity/Q18747,West Ham United FC,9.0,2009-01-01T00:00:00Z,2009-06-01T00:00:00Z
http://www.wikidata.org/entity/Q299604,http://www.wikidata.org/entity/Q1464421,équipe de Tchéquie espoirs de football,15.0,1999-01-01T00:00:00Z,2002-01-01T00:00:00Z
http://www.wikidata.org/entity/Q299604,http://www.wikidata.org/entity/Q221671,FC Slovan Liberec,37.0,2013-01-01T00:00:00Z,2014-01-01T00:00:00Z
http://www.wikidata.org/entity/Q299604,http://www.wikidata.org/entity/Q385518,SK Sigma Olomouc,127.0,1997-01-01T00:00:00Z,2003-01-01T00:00:00Z
http://www.wikidata.org/entity/Q299604,http://www.wikidata.org/entity/Q483868,équipe de Tchéquie de football,30.0,2004-01-01T00:00:00Z,2009-01-01T00:00:00Z
http://www.wikidata.org/entity/Q301931,http://www.wikidata.org/entity/Q4201740,équipe d'Angleterre de football des moins de 16 ans,5.0,2003-01-01T00:00:00Z,2003-01-01T00:00:00Z
http://www.wikidata.org/entity/Q301931,http://www.wikidata.org/entity/Q19500,Wolverhampton Wanderers F.C.,27.0,2005-01-01T00:00:00Z,2009-01-01T00:00:00Z
http://www.wikidata.org/entity/Q301931,http://www.wikidata.org/entity/Q2752922,Équipe d'Angleterre des moins de 17 ans de football,12.0,2004-01-01T00:00:00Z,2005-01-01T00:00:00Z
http://www.wikidata.org/entity/Q301931,http://www.wikidata.org/entity/Q2358861,équipe d'Angleterre de football des moins de 19 ans,6.0,2005-01-01T00:00:00Z,2007-01-01T00:00:00Z
http://www.wikidata.org/entity/Q301931,http://www.wikidata.org/entity/Q19451,Bolton Wanderers FC,184.0,2009-01-01T00:00:00Z,2017-01-01T00:00:00Z
http://www.wikidata.org/entity/Q301931,http://www.wikidata.org/entity/Q19481,Leicester City FC,7.0,2008-01-01T00:00:00Z,2009-01-01T00:00:00Z
http://www.wikidata.org/entity/Q302393,http://www.wikidata.org/entity/Q190526,Berner Sport Club Young Boys,27.0,2001-01-01T00:00:00Z,2003-01-01T00:00:00Z
http://www.wikidata.org/entity/Q302393,http://www.wikidata.org/entity/Q201360,Grasshopper Zurich,5.0,2013-01-01T00:00:00Z,2014-01-01T00:00:00Z
http://www.wikidata.org/entity/Q302393,http://www.wikidata.org/entity/Q219235,Servette FC,33.0,2014-01-01T00:00:00Z,2016-01-01T00:00:00Z
http://www.wikidata.org/entity/Q302393,http://www.wikidata.org/entity/Q583599,FC Wohlen,0.0,2013-01-01T00:00:00Z,2013-01-01T00:00:00Z
http://www.wikidata.org/entity/Q302393,http://www.wikidata.org/entity/Q332642,NAC Breda,38.0,2005-01-01T00:00:00Z,2006-01-01T00:00:00Z
http://www.wikidata.org/entity/Q302393,http://www.wikidata.org/entity/Q6651,Brescia Calcio,9.0,2005-01-01T00:00:00Z,2005-01-01T00:00:00Z
http://www.wikidata.org/entity/Q302393,http://www.wikidata.org/entity/Q678582,équipe de Suisse espoirs de football,8.0,2004-01-01T00:00:00Z,2004-01-01T00:00:00Z
http://www.wikidata.org/entity/Q302393,http://www.wikidata.org/entity/Q650273,équipe de Suisse des moins de 17 ans de football,7.0,2001-01-01T00:00:00Z,2001-01-01T00:00:00Z
http://www.wikidata.org/entity/Q302393,http://www.wikidata.org/entity/Q206692,FC Zurich,36.0,2009-01-01T00:00:00Z,2010-01-01T00:00:00Z
http://www.wikidata.org/entity/Q302393,http://www.wikidata.org/entity/Q187091,FC Wil,,2016-01-01T00:00:00Z,
http://www.wikidata.org/entity/Q302393,http://www.wikidata.org/entity/Q3873550,équipe de Suisse de football des moins de 20 ans,3.0,2005-01-01T00:00:00Z,2005-01-01T00:00:00Z
http://www.wikidata.org/entity/Q302393,http://www.wikidata.org/entity/Q583599,FC Wohlen,0.0,2012-01-01T00:00:00Z,2012-01-01T00:00:00Z
http://www.wikidata.org/entity/Q302393,http://www.wikidata.org/entity/Q994811,Red Bull Salzbourg,85.0,2006-01-01T00:00:00Z,2011-01-01T00:00:00Z
http://www.wikidata.org/entity/Q302393,http://www.wikidata.org/entity/Q11938,PSV Eindhoven,29.0,2003-01-01T00:00:00Z,2006-01-01T00:00:00Z
http://www.wikidata.org/entity/Q302393,http://www.wikidata.org/entity/Q332833,Rionegro FC,6.0,2011-01-01T00:00:00Z,2012-01-01T00:00:00Z
http://www.wikidata.org/entity/Q302393,http://www.wikidata.org/entity/Q165141,équipe de Suisse de football,40.0,2004-01-01T00:00:00Z,2009-01-01T00:00:00Z
http://www.wikidata.org/entity/Q302393,http://www.wikidata.org/entity/Q172247,FC Schaffhouse,9.0,2014-01-01T00:00:00Z,2014-01-01T00:00:00Z
http://www.wikidata.org/entity/Q304677,http://www.wikidata.org/entity/Q1128631,Leeds United,,2014-01-01T00:00:00Z,2014-01-01T00:00:00Z
http://www.wikidata.org/entity/Q304677,http://www.wikidata.org/entity/Q6748,Società Sportiva Juve Stabia,21.0,2013-01-01T00:00:00Z,2014-01-01T00:00:00Z
http://www.wikidata.org/entity/Q304677,http://www.wikidata.org/entity/Q2018,Catania Football Club,13.0,2012-01-01T00:00:00Z,2014-01-01T00:00:00Z
http://www.wikidata.org/entity/Q304677,http://www.wikidata.org/entity/Q2255709,Rovigo Calcio,75.0,2008-01-01T00:00:00Z,2011-01-01T00:00:00Z
http://www.wikidata.org/entity/Q304677,http://www.wikidata.org/entity/Q1856552,Unione Sportiva Vibonese Calcio,37.0,2011-01-01T00:00:00Z,2012-01-01T00:00:00Z
http://www.wikidata.org/entity/Q307940,http://www.wikidata.org/entity/Q3589664,équipe d'Algérie de football des moins de 23 ans,,1988-01-01T00:00:00Z,1988-01-01T00:00:00Z
http://www.wikidata.org/entity/Q307940,http://www.wikidata.org/entity/Q19521,AS Saint-Étienne,56.0,1998-01-01T00:00:00Z,2000-01-01T00:00:00Z
http://www.wikidata.org/entity/Q307940,http://www.wikidata.org/entity/Q522283,Red Star FC,9.0,2000-01-01T00:00:00Z,2001-01-01T00:00:00Z
http://www.wikidata.org/entity/Q307940,http://www.wikidata.org/entity/Q19513,Montpellier Hérault SC,51.0,1996-01-01T00:00:00Z,1998-01-01T00:00:00Z
http://www.wikidata.org/entity/Q307940,http://www.wikidata.org/entity/Q181903,équipe d'Algérie de football,11.0,1988-01-01T00:00:00Z,1994-01-01T00:00:00Z
http://www.wikidata.org/entity/Q307940,http://www.wikidata.org/entity/Q298267,AS Cannes,94.0,1993-01-01T00:00:00Z,1996-01-01T00:00:00Z
http://www.wikidata.org/entity/Q307940,http://www.wikidata.org/entity/Q19513,Montpellier Hérault SC,198.0,1985-01-01T00:00:00Z,1993-01-01T00:00:00Z
http://www.wikidata.org/entity/Q308080,http://www.wikidata.org/entity/Q723489,Silkeborg IF,0.0,2010-01-01T00:00:00Z,2010-01-01T00:00:00Z
http://www.wikidata.org/entity/Q308080,http://www.wikidata.org/entity/Q207337,équipe du Maroc de football,9.0,2007-01-01T00:00:00Z,2009-01-01T00:00:00Z
http://www.wikidata.org/entity/Q308080,http://www.wikidata.org/entity/Q1140767,Degerfors IF,7.0,2006-01-01T00:00:00Z,2006-01-01T00:00:00Z
http://www.wikidata.org/entity/Q308080,http://www.wikidata.org/entity/Q136433,PFC CSKA Sofia,21.0,2007-01-01T00:00:00Z,2008-01-01T00:00:00Z
http://www.wikidata.org/entity/Q308080,http://www.wikidata.org/entity/Q1950256,MC Oujda,,2015-01-01T00:00:00Z,
http://www.wikidata.org/entity/Q308080,http://www.wikidata.org/entity/Q19512,Football Club Sochaux-Montbéliard,8.0,2003-01-01T00:00:00Z,2004-01-01T00:00:00Z
http://www.wikidata.org/entity/Q308080,http://www.wikidata.org/entity/Q1139095,Wydad Athletic Club,9.0,2011-01-01T00:00:00Z,2012-01-01T00:00:00Z
http://www.wikidata.org/entity/Q308080,http://www.wikidata.org/entity/Q4165738,Khaitan Sporting Club,,2013-01-01T00:00:00Z,2015-01-01T00:00:00Z
http://www.wikidata.org/entity/Q308080,http://www.wikidata.org/entity/Q1254436,Ittihad Khémisset,19.0,2004-01-01T00:00:00Z,2005-01-01T00:00:00Z
http://www.wikidata.org/entity/Q308080,http://www.wikidata.org/entity/Q329607,IFK Norrköping,23.0,2005-01-01T00:00:00Z,2005-01-01T00:00:00Z
http://www.wikidata.org/entity/Q308080,http://www.wikidata.org/entity/Q191843,RC Lens,,1996-01-01T00:00:00Z,2002-01-01T00:00:00Z
http://www.wikidata.org/entity/Q308080,http://www.wikidata.org/entity/Q799185,Luzenac Ariège Pyrénées,16.0,2012-01-01T00:00:00Z,2013-01-01T00:00:00Z
http://www.wikidata.org/entity/Q308080,http://www.wikidata.org/entity/Q12230,Real Murcie,12.0,2008-01-01T00:00:00Z,2009-01-01T00:00:00Z
http://www.wikidata.org/entity/Q308355,http://www.wikidata.org/entity/Q3590216,équipe de Gambie de football des moins de 17 ans,11.0,2007-01-01T00:00:00Z,2008-01-01T00:00:00Z
http://www.wikidata.org/entity/Q308355,http://www.wikidata.org/entity/Q335195,Neuchâtel Xamax FCS,42.0,2009-01-01T00:00:00Z,2012-01-01T00:00:00Z
http://www.wikidata.org/entity/Q308355,http://www.wikidata.org/entity/Q270181,équipe de Gambie de football,1.0,2011-01-01T00:00:00Z,2011-01-01T00:00:00Z
http://www.wikidata.org/entity/Q308355,http://www.wikidata.org/entity/Q866884,Amiens SC,,2014-01-01T00:00:00Z,
http://www.wikidata.org/entity/Q308355,http://www.wikidata.org/entity/Q1426377,Union sportive raonnaise,,2015-01-01T00:00:00Z,
http://www.wikidata.org/entity/Q308355,http://www.wikidata.org/entity/Q19523,AS Nancy-Lorraine,3.0,2012-01-01T00:00:00Z,2014-01-01T00:00:00Z
http://www.wikidata.org/entity/Q308355,http://www.wikidata.org/entity/Q1492962,Gambia Ports Authority Football Club,21.0,2007-01-01T00:00:00Z,2008-01-01T00:00:00Z
http://www.wikidata.org/entity/Q308355,http://www.wikidata.org/entity/Q17424522,équipe de Gambie des moins de 20 ans de football,,2008-01-01T00:00:00Z,
http://www.wikidata.org/entity/Q308355,http://www.wikidata.org/entity/Q3089127,Mouloudia Club de Saïda,18.0,2008-01-01T00:00:00Z,2009-01-01T00:00:00Z
http://www.wikidata.org/entity/Q308371,http://www.wikidata.org/entity/Q1023233,Clube Desportivo Trofense,8.0,2010-01-01T00:00:00Z,2011-01-01T00:00:00Z
http://www.wikidata.org/entity/Q308371,http://www.wikidata.org/entity/Q1192574,Qingdao Jonoon,27.0,2009-01-01T00:00:00Z,2009-01-01T00:00:00Z
http://www.wikidata.org/entity/Q308371,http://www.wikidata.org/entity/Q172476,Girondins de Bordeaux,48.0,2002-01-01T00:00:00Z,2005-01-01T00:00:00Z
http://www.wikidata.org/entity/Q308371,http://www.wikidata.org/entity/Q44270,équipe du Burkina Faso de football,12.0,2001-01-01T00:00:00Z,2009-01-01T00:00:00Z
http://www.wikidata.org/entity/Q308371,http://www.wikidata.org/entity/Q626917,Chamois niortais,20.0,2005-01-01T00:00:00Z,2008-01-01T00:00:00Z
http://www.wikidata.org/entity/Q310199,http://www.wikidata.org/entity/Q23925713,équipe de Turquie de football des moins de 18 ans,11.0,2000-01-01T00:00:00Z,2000-01-01T00:00:00Z
http://www.wikidata.org/entity/Q310199,http://www.wikidata.org/entity/Q6601875,Fenerbahçe Istanbul,154.0,2002-01-01T00:00:00Z,2007-01-01T00:00:00Z
http://www.wikidata.org/entity/Q310199,http://www.wikidata.org/entity/Q1369461,Sakaryaspor,66.0,2000-01-01T00:00:00Z,2002-01-01T00:00:00Z
http://www.wikidata.org/entity/Q310199,http://www.wikidata.org/entity/Q3590479,équipe de Turquie des moins de 17 ans de football,2.0,2000-01-01T00:00:00Z,2000-01-01T00:00:00Z
http://www.wikidata.org/entity/Q310199,http://www.wikidata.org/entity/Q16967914,FC Pune City,10.0,2015-01-01T00:00:00Z,2015-01-01T00:00:00Z
http://www.wikidata.org/entity/Q310199,http://www.wikidata.org/entity/Q19451,Bolton Wanderers FC,16.0,2011-01-01T00:00:00Z,2012-01-01T00:00:00Z
http://www.wikidata.org/entity/Q310199,http://www.wikidata.org/entity/Q7855168,équipe de Turquie de football des moins de 20 ans,6.0,2001-01-01T00:00:00Z,2001-01-01T00:00:00Z
http://www.wikidata.org/entity/Q310199,http://www.wikidata.org/entity/Q483856,équipe de Turquie de football,80.0,2002-01-01T00:00:00Z,2010-01-01T00:00:00Z
http://www.wikidata.org/entity/Q310199,http://www.wikidata.org/entity/Q1624749,équipe de Turquie espoirs de football,14.0,2002-01-01T00:00:00Z,2003-01-01T00:00:00Z
http://www.wikidata.org/entity/Q310199,http://www.wikidata.org/entity/Q203573,Bursaspor,39.0,2012-01-01T00:00:00Z,2014-01-01T00:00:00Z
http://www.wikidata.org/entity/Q310199,http://www.wikidata.org/entity/Q18661,Middlesbrough FC,70.0,2007-01-01T00:00:00Z,2009-01-01T00:00:00Z
http://www.wikidata.org/entity/Q310199,http://www.wikidata.org/entity/Q958008,Umm Salal SC,26.0,2014-01-01T00:00:00Z,2015-01-01T00:00:00Z
http://www.wikidata.org/entity/Q312379,http://www.wikidata.org/entity/Q18744,West Bromwich Albion,244.0,2008-01-01T00:00:00Z,2017-01-01T00:00:00Z
http://www.wikidata.org/entity/Q312379,http://www.wikidata.org/entity/Q622430,Djurgårdens IF,41.0,2017-01-01T00:00:00Z,2018-01-01T00:00:00Z
http://www.wikidata.org/entity/Q312379,http://www.wikidata.org/entity/Q318348,NEC Nimègue,93.0,2005-01-01T00:00:00Z,2008-01-01T00:00:00Z
http://www.wikidata.org/entity/Q312379,http://www.wikidata.org/entity/Q2255267,équipe de Suède espoirs de football,19.0,2003-01-01T00:00:00Z,2005-01-01T00:00:00Z
http://www.wikidata.org/entity/Q312379,http://www.wikidata.org/entity/Q160826,équipe de Suède de football,25.0,2010-01-01T00:00:00Z,2015-01-01T00:00:00Z
http://www.wikidata.org/entity/Q312382,http://www.wikidata.org/entity/Q19444,Birmingham City FC,72.0,2009-01-01T00:00:00Z,2011-01-01T00:00:00Z
http://www.wikidata.org/entity/Q312382,http://www.wikidata.org/entity/Q19449,Blackpool FC,80.0,2011-01-01T00:00:00Z,2014-01-01T00:00:00Z
http://www.wikidata.org/entity/Q312382,http://www.wikidata.org/entity/Q19597,Rangers FC,151.0,1996-01-01T00:00:00Z,2003-01-01T00:00:00Z
http://www.wikidata.org/entity/Q312382,http://www.wikidata.org/entity/Q1812121,équipe d'Écosse espoirs de football,12.0,1997-01-01T00:00:00Z,1998-01-01T00:00:00Z
http://www.wikidata.org/entity/Q312382,http://www.wikidata.org/entity/Q34044,équipe d'Écosse de football,45.0,1998-01-01T00:00:00Z,2009-01-01T00:00:00Z
http://www.wikidata.org/entity/Q312382,http://www.wikidata.org/entity/Q1059415,Clyde Football Club,1.0,2014-01-01T00:00:00Z,2015-01-01T00:00:00Z
http://www.wikidata.org/entity/Q312382,http://www.wikidata.org/entity/Q19597,Rangers FC,137.0,2005-01-01T00:00:00Z,2009-01-01T00:00:00Z
http://www.wikidata.org/entity/Q312382,http://www.wikidata.org/entity/Q19446,Blackburn Rovers FC,36.0,2003-01-01T00:00:00Z,2005-01-01T00:00:00Z
http://www.wikidata.org/entity/Q312382,http://www.wikidata.org/entity/Q48941,Fleetwood Town Football Club,6.0,2012-01-01T00:00:00Z,2012-01-01T00:00:00Z
http://www.wikidata.org/entity/Q312923,http://www.wikidata.org/entity/Q134925,équipe de Grèce de football,3.0,2011-01-01T00:00:00Z,2012-01-01T00:00:00Z
http://www.wikidata.org/entity/Q312923,http://www.wikidata.org/entity/Q204888,PAOK Salonique,,2015-01-01T00:00:00Z,
http://www.wikidata.org/entity/Q312923,http://www.wikidata.org/entity/Q1460053,Panetolikós FC,25.0,2014-01-01T00:00:00Z,2015-01-01T00:00:00Z
http://www.wikidata.org/entity/Q312923,http://www.wikidata.org/entity/Q204888,PAOK Salonique,158.0,2003-01-01T00:00:00Z,2012-01-01T00:00:00Z
http://www.wikidata.org/entity/Q312923,http://www.wikidata.org/entity/Q151747,Fortuna Düsseldorf,33.0,2012-01-01T00:00:00Z,2014-01-01T00:00:00Z
http://www.wikidata.org/entity/Q312923,http://www.wikidata.org/entity/Q16328632,P.A.S.A. Irodotos F.C.,30.0,2004-01-01T00:00:00Z,2005-01-01T00:00:00Z
http://www.wikidata.org/entity/Q312935,http://www.wikidata.org/entity/Q160826,équipe de Suède de football,56.0,2010-01-01T00:00:00Z,2023-01-01T00:00:00Z
http://www.wikidata.org/entity/Q312935,http://www.wikidata.org/entity/Q2255212,équipe de Suède des moins de 19 ans de football,13.0,2006-01-01T00:00:00Z,2007-01-01T00:00:00Z
http://www.wikidata.org/entity/Q312935,http://www.wikidata.org/entity/Q18721,Norwich City FC,119.0,2013-01-01T00:00:00Z,2017-01-01T00:00:00Z
http://www.wikidata.org/entity/Q312935,http://www.wikidata.org/entity/Q2255267,équipe de Suède espoirs de football,23.0,2007-01-01T00:00:00Z,2010-01-01T00:00:00Z
http://www.wikidata.org/entity/Q312935,http://www.wikidata.org/entity/Q19446,Blackburn Rovers FC,117.0,2007-01-01T00:00:00Z,2013-01-01T00:00:00Z
http://www.wikidata.org/entity/Q313147,http://www.wikidata.org/entity/Q1023182,Club Deportivo Espoli,12.0,1991-01-01T00:00:00Z,1992-01-01T00:00:00Z
http://www.wikidata.org/entity/Q313147,http://www.wikidata.org/entity/Q249633,Club Deportivo El Nacional,30.0,1995-01-01T00:00:00Z,1996-01-01T00:00:00Z
http://www.wikidata.org/entity/Q313147,http://www.wikidata.org/entity/Q2476133,SD Aucas,13.0,2004-01-01T00:00:00Z,2004-01-01T00:00:00Z
http://www.wikidata.org/entity/Q313147,http://www.wikidata.org/entity/Q248782,Barcelona Sporting Club,38.0,2005-01-01T00:00:00Z,2005-01-01T00:00:00Z
http://www.wikidata.org/entity/Q313147,http://www.wikidata.org/entity/Q248782,Barcelona Sporting Club,34.0,1997-01-01T00:00:00Z,1998-01-01T00:00:00Z
http://www.wikidata.org/entity/Q313147,http://www.wikidata.org/entity/Q249643,Liga de Quito,69.0,2006-01-01T00:00:00Z,2008-01-01T00:00:00Z
http://www.wikidata.org/entity/Q313147,http://www.wikidata.org/entity/Q18732,Southampton FC,11.0,2001-01-01T00:00:00Z,2004-01-01T00:00:00Z
http://www.wikidata.org/entity/Q313147,http://www.wikidata.org/entity/Q332527,Independiente Medellín,,1997-01-01T00:00:00Z,1997-01-01T00:00:00Z
http://www.wikidata.org/entity/Q313147,http://www.wikidata.org/entity/Q249612,Club Sport Emelec,8.0,2009-01-01T00:00:00Z,2009-01-01T00:00:00Z
http://www.wikidata.org/entity/Q313147,http://www.wikidata.org/entity/Q845859,CD Cruz Azul,8.0,1998-01-01T00:00:00Z,1998-01-01T00:00:00Z
http://www.wikidata.org/entity/Q313147,http://www.wikidata.org/entity/Q5136226,Club Deportivo Valle del Chota,7.0,2010-01-01T00:00:00Z,2010-01-01T00:00:00Z
http://www.wikidata.org/entity/Q313147,http://www.wikidata.org/entity/Q1143000,Club Universidad Nacional,11.0,2004-01-01T00:00:00Z,2004-01-01T00:00:00Z
http://www.wikidata.org/entity/Q313147,http://www.wikidata.org/entity/Q248782,Barcelona Sporting Club,11.0,1993-01-01T00:00:00Z,1994-01-01T00:00:00Z
http://www.wikidata.org/entity/Q313147,http://www.wikidata.org/entity/Q1280895,Club Necaxa,83.0,1999-01-01T00:00:00Z,2001-01-01T00:00:00Z
http://www.wikidata.org/entity/Q313147,http://www.wikidata.org/entity/Q987584,équipe d'Équateur de football,71.0,1994-01-01T00:00:00Z,2006-01-01T00:00:00Z
http://www.wikidata.org/entity/Q313178,http://www.wikidata.org/entity/Q849221,Bohemians 1905,117.0,1994-01-01T00:00:00Z,2000-01-01T00:00:00Z
http://www.wikidata.org/entity/Q313178,http://www.wikidata.org/entity/Q193481,AC Sparta Prague,74.0,2008-01-01T00:00:00Z,2012-01-01T00:00:00Z
http://www.wikidata.org/entity/Q313178,http://www.wikidata.org/entity/Q162472,1. FK Příbram,22.0,2001-01-01T00:00:00Z,2002-01-01T00:00:00Z
http://www.wikidata.org/entity/Q313178,http://www.wikidata.org/entity/Q194393,SK Slavia Prague,7.0,1995-01-01T00:00:00Z,1996-01-01T00:00:00Z
http://www.wikidata.org/entity/Q313178,http://www.wikidata.org/entity/Q1199255,Vysočina Jihlava,51.0,2012-01-01T00:00:00Z,
http://www.wikidata.org/entity/Q313178,http://www.wikidata.org/entity/Q1199255,Vysočina Jihlava,62.0,2011-01-01T00:00:00Z,2015-01-01T00:00:00Z
http://www.wikidata.org/entity/Q313178,http://www.wikidata.org/entity/Q15786,1. FC Nuremberg,25.0,2007-01-01T00:00:00Z,2008-01-01T00:00:00Z
http://www.wikidata.org/entity/Q313178,http://www.wikidata.org/entity/Q839313,SK Dynamo České Budějovice,29.0,1992-01-01T00:00:00Z,1993-01-01T00:00:00Z
http://www.wikidata.org/entity/Q313178,http://www.wikidata.org/entity/Q1464421,équipe de Tchéquie espoirs de football,3.0,1993-01-01T00:00:00Z,1993-01-01T00:00:00Z
http://www.wikidata.org/entity/Q313178,http://www.wikidata.org/entity/Q193481,AC Sparta Prague,167.0,2000-01-01T00:00:00Z,2007-01-01T00:00:00Z
http://www.wikidata.org/entity/Q313178,http://www.wikidata.org/entity/Q512476,FK Viktoria Žižkov,24.0,1993-01-01T00:00:00Z,1994-01-01T00:00:00Z
http://www.wikidata.org/entity/Q313178,http://www.wikidata.org/entity/Q483868,équipe de Tchéquie de football,14.0,2000-01-01T00:00:00Z,2008-01-01T00:00:00Z
http://www.wikidata.org/entity/Q313178,http://www.wikidata.org/entity/Q194393,SK Slavia Prague,9.0,1990-01-01T00:00:00Z,1992-01-01T00:00:00Z
http://www.wikidata.org/entity/Q313206,http://www.wikidata.org/entity/Q19603,FC Twente,50.0,2010-01-01T00:00:00Z,2013-01-01T00:00:00Z
http://www.wikidata.org/entity/Q313206,http://www.wikidata.org/entity/Q191264,AZ Alkmaar,79.0,2003-01-01T00:00:00Z,2006-01-01T00:00:00Z
http://www.wikidata.org/entity/Q313206,http://www.wikidata.org/entity/Q332664,Willem II Tilburg,139.0,1999-01-01T00:00:00Z,2003-01-01T00:00:00Z
http://www.wikidata.org/entity/Q313206,http://www.wikidata.org/entity/Q876568,MVV Maastricht,102.0,1996-01-01T00:00:00Z,1999-01-01T00:00:00Z
http://www.wikidata.org/entity/Q313206,http://www.wikidata.org/entity/Q332664,Willem II Tilburg,9.0,2014-01-01T00:00:00Z,2014-01-01T00:00:00Z
http://www.wikidata.org/entity/Q313206,http://www.wikidata.org/entity/Q81888,Ajax Amsterdam,1.0,1995-01-01T00:00:00Z,1996-01-01T00:00:00Z
http://www.wikidata.org/entity/Q313206,http://www.wikidata.org/entity/Q134241,Feyenoord Rotterdam,38.0,2008-01-01T00:00:00Z,2010-01-01T00:00:00Z
http://www.wikidata.org/entity/Q313206,http://www.wikidata.org/entity/Q47050,équipe des Pays-Bas de football,38.0,2001-01-01T00:00:00Z,2008-01-01T00:00:00Z
http://www.wikidata.org/entity/Q313206,http://www.wikidata.org/entity/Q18750,Wigan Athletic FC,52.0,2006-01-01T00:00:00Z,2008-01-01T00:00:00Z
http://www.wikidata.org/entity/Q312935,http://www.wikidata.org/entity/Q18659,Swansea City AFC,68.0,2017-01-01T00:00:00Z,2019-01-01T00:00:00Z
http://www.wikidata.org/entity/Q312935,http://www.wikidata.org/entity/Q207503,Helsingborgs IF,25.0,2020-01-01T00:00:00Z,2020-01-01T00:00:00Z
http://www.wikidata.org/entity/Q312935,http://www.wikidata.org/entity/Q639723,BK Häcken,10.0,2021-01-01T00:00:00Z,2021-01-01T00:00:00Z
http://www.wikidata.org/entity/Q312935,http://www.wikidata.org/entity/Q204881,Malmö FF,70.0,2021-01-01T00:00:00Z,
http://www.wikidata.org/entity/Q312379,http://www.wikidata.org/entity/Q18750,Wigan Athletic FC,6.0,2019-01-01T00:00:00Z,2019-01-01T00:00:00Z
http://www.wikidata.org/entity/Q283067,http://www.wikidata.org/entity/Q275612,Budapest Honvéd,6.0,2013-01-01T00:00:00Z,2014-01-01T00:00:00Z
http://www.wikidata.org/entity/Q283067,http://www.wikidata.org/entity/Q212564,équipe de Colombie de football,26.0,2004-01-01T00:00:00Z,2008-01-01T00:00:00Z
http://www.wikidata.org/entity/Q283067,http://www.wikidata.org/entity/Q472752,Changchun Yatai,12.0,2012-01-01T00:00:00Z,2013-01-01T00:00:00Z
http://www.wikidata.org/entity/Q283480,http://www.wikidata.org/entity/Q7924284,VfL Bochum II,1.0,2013-01-01T00:00:00Z,2014-01-01T00:00:00Z
http://www.wikidata.org/entity/Q283480,http://www.wikidata.org/entity/Q200321,SC Heerenveen,1.0,2005-01-01T00:00:00Z,2008-01-01T00:00:00Z
http://www.wikidata.org/entity/Q283480,http://www.wikidata.org/entity/Q1192340,Guangzhou City Football Club,10.0,2014-01-01T00:00:00Z,2014-01-01T00:00:00Z
http://www.wikidata.org/entity/Q283480,http://www.wikidata.org/entity/Q1140598,Lion City Sailors FC,,2015-01-01T00:00:00Z,
http://www.wikidata.org/entity/Q283480,http://www.wikidata.org/entity/Q105861,VfL Bochum,16.0,2013-01-01T00:00:00Z,2014-01-01T00:00:00Z
http://www.wikidata.org/entity/Q283480,http://www.wikidata.org/entity/Q3873525,équipe du Danemark de football des moins de 19 ans,3.0,2005-01-01T00:00:00Z,2005-01-01T00:00:00Z
http://www.wikidata.org/entity/Q283480,http://www.wikidata.org/entity/Q151747,Fortuna Düsseldorf,16.0,2010-01-01T00:00:00Z,2011-01-01T00:00:00Z
http://www.wikidata.org/entity/Q283480,http://www.wikidata.org/entity/Q3873525,équipe du Danemark de football des moins de 19 ans,1.0,2006-01-01T00:00:00Z,2006-01-01T00:00:00Z
http://www.wikidata.org/entity/Q283480,http://www.wikidata.org/entity/Q3511548,SønderjyskE,32.0,2008-01-01T00:00:00Z,2009-01-01T00:00:00Z
http://www.wikidata.org/entity/Q283480,http://www.wikidata.org/entity/Q269151,PEC Zwolle,0.0,2006-01-01T00:00:00Z,2007-01-01T00:00:00Z
http://www.wikidata.org/entity/Q283480,http://www.wikidata.org/entity/Q1270152,équipe du Danemark espoirs de football,2.0,2008-01-01T00:00:00Z,2008-01-01T00:00:00Z
http://www.wikidata.org/entity/Q283480,http://www.wikidata.org/entity/Q151747,Fortuna Düsseldorf,55.0,2011-01-01T00:00:00Z,2013-01-01T00:00:00Z
http://www.wikidata.org/entity/Q283480,http://www.wikidata.org/entity/Q618520,FC Midtjylland,39.0,2009-01-01T00:00:00Z,2011-01-01T00:00:00Z
http://www.wikidata.org/entity/Q284090,http://www.wikidata.org/entity/Q3791923,Idrettslaget Varegg,,1993-01-01T00:00:00Z,1994-01-01T00:00:00Z
http://www.wikidata.org/entity/Q284090,http://www.wikidata.org/entity/Q205685,SK Brann,11.0,2003-01-01T00:00:00Z,2006-01-01T00:00:00Z
http://www.wikidata.org/entity/Q284090,http://www.wikidata.org/entity/Q571158,Sogndal Fotball,67.0,2000-01-01T00:00:00Z,2003-01-01T00:00:00Z
http://www.wikidata.org/entity/Q284090,http://www.wikidata.org/entity/Q205685,SK Brann,1.0,1995-01-01T00:00:00Z,1997-01-01T00:00:00Z
http://www.wikidata.org/entity/Q284090,http://www.wikidata.org/entity/Q205685,SK Brann,33.0,2010-01-01T00:00:00Z,2012-01-01T00:00:00Z
http://www.wikidata.org/entity/Q284090,http://www.wikidata.org/entity/Q217607,Åsane Fotball,45.0,1998-01-01T00:00:00Z,2000-01-01T00:00:00Z
http://www.wikidata.org/entity/Q284090,http://www.wikidata.org/entity/Q192873,Dundee United FC,48.0,2006-01-01T00:00:00Z,2008-01-01T00:00:00Z
http://www.wikidata.org/entity/Q284090,http://www.wikidata.org/entity/Q19458,Burnley FC,27.0,2008-01-01T00:00:00Z,2010-01-01T00:00:00Z
http://www.wikidata.org/entity/Q284590,http://www.wikidata.org/entity/Q191406,équipe d'Israël de football,21.0,2007-01-01T00:00:00Z,2011-01-01T00:00:00Z
http://www.wikidata.org/entity/Q284590,http://www.wikidata.org/entity/Q19451,Bolton Wanderers FC,49.0,2008-01-01T00:00:00Z,2011-01-01T00:00:00Z
http://www.wikidata.org/entity/Q284590,http://www.wikidata.org/entity/Q2277185,équipe d'Israël espoirs de football,12.0,2003-01-01T00:00:00Z,2006-01-01T00:00:00Z
http://www.wikidata.org/entity/Q284590,http://www.wikidata.org/entity/Q2347701,Hapoël Raanana,21.0,2013-01-01T00:00:00Z,2014-01-01T00:00:00Z
http://www.wikidata.org/entity/Q284590,http://www.wikidata.org/entity/Q223728,Maccabi Tel-Aviv FC,81.0,2002-01-01T00:00:00Z,2007-01-01T00:00:00Z
http://www.wikidata.org/entity/Q284590,http://www.wikidata.org/entity/Q2129100,Maccabi Haïfa FC,17.0,2011-01-01T00:00:00Z,2013-01-01T00:00:00Z
http://www.wikidata.org/entity/Q284590,http://www.wikidata.org/entity/Q2902792,équipe d'Israël de football des moins de 19 ans,14.0,2001-01-01T00:00:00Z,2002-01-01T00:00:00Z
http://www.wikidata.org/entity/Q284590,http://www.wikidata.org/entity/Q426513,Maccabi Netanya,27.0,2007-01-01T00:00:00Z,2008-01-01T00:00:00Z
http://www.wikidata.org/entity/Q293267,http://www.wikidata.org/entity/Q332605,Atletico Nacional,4.0,1988-01-01T00:00:00Z,1988-01-01T00:00:00Z
http://www.wikidata.org/entity/Q293267,http://www.wikidata.org/entity/Q47533,CD Once Caldas,39.0,1993-01-01T00:00:00Z,1993-01-01T00:00:00Z
http://www.wikidata.org/entity/Q293267,http://www.wikidata.org/entity/Q170703,Boca Juniors,118.0,1997-01-01T00:00:00Z,2001-01-01T00:00:00Z
http://www.wikidata.org/entity/Q293267,http://www.wikidata.org/entity/Q663400,Deportivo Cali,14.0,2007-01-01T00:00:00Z,2008-01-01T00:00:00Z
http://www.wikidata.org/entity/Q293267,http://www.wikidata.org/entity/Q332537,Corporación Deportes Quindío,33.0,1990-01-01T00:00:00Z,1990-01-01T00:00:00Z
http://www.wikidata.org/entity/Q293267,http://www.wikidata.org/entity/Q43710,Antalyaspor,32.0,2006-01-01T00:00:00Z,2007-01-01T00:00:00Z
http://www.wikidata.org/entity/Q293267,http://www.wikidata.org/entity/Q391987,América de Cali,110.0,1993-01-01T00:00:00Z,1997-01-01T00:00:00Z
http://www.wikidata.org/entity/Q293267,http://www.wikidata.org/entity/Q172567,Beşiktaş JK,137.0,2002-01-01T00:00:00Z,2006-01-01T00:00:00Z
http://www.wikidata.org/entity/Q293267,http://www.wikidata.org/entity/Q212564,équipe de Colombie de football,73.0,1993-01-01T00:00:00Z,2009-01-01T00:00:00Z
http://www.wikidata.org/entity/Q293267,http://www.wikidata.org/entity/Q663400,Deportivo Cali,0.0,1989-01-01T00:00:00Z,1990-01-01T00:00:00Z
http://www.wikidata.org/entity/Q293267,http://www.wikidata.org/entity/Q16344,AC Pérouse Calcio,15.0,2002-01-01T00:00:00Z,2002-01-01T00:00:00Z
http://www.wikidata.org/entity/Q293267,http://www.wikidata.org/entity/Q391984,Club Deportivo Los Millonarios,61.0,1991-01-01T00:00:00Z,1992-01-01T00:00:00Z
http://www.wikidata.org/entity/Q293267,http://www.wikidata.org/entity/Q391984,Club Deportivo Los Millonarios,37.0,2008-01-01T00:00:00Z,2009-01-01T00:00:00Z
http://www.wikidata.org/entity/Q293379,http://www.wikidata.org/entity/Q10308,Real Saragosse,129.0,2004-01-01T00:00:00Z,2008-01-01T00:00:00Z
http://www.wikidata.org/entity/Q293379,http://www.wikidata.org/entity/Q7301102,Real Valladolid B,2.0,2001-01-01T00:00:00Z,2001-01-01T00:00:00Z
http://www.wikidata.org/entity/Q293379,http://www.wikidata.org/entity/Q3589784,équipe d'Espagne de football des moins de 18 ans,5.0,2001-01-01T00:00:00Z,2001-01-01T00:00:00Z
http://www.wikidata.org/entity/Q293379,http://www.wikidata.org/entity/Q10319,Real Valladolid,81.0,2001-01-01T00:00:00Z,2004-01-01T00:00:00Z
http://www.wikidata.org/entity/Q293379,http://www.wikidata.org/entity/Q10319,Real Valladolid,,2010-01-01T00:00:00Z,
http://www.wikidata.org/entity/Q293379,http://www.wikidata.org/entity/Q19628,Olympiakós,45.0,2008-01-01T00:00:00Z,2010-01-01T00:00:00Z
http://www.wikidata.org/entity/Q293476,http://www.wikidata.org/entity/Q780539,Atlético Madrid B,71.0,1999-01-01T00:00:00Z,2001-01-01T00:00:00Z
http://www.wikidata.org/entity/Q293476,http://www.wikidata.org/entity/Q837183,Real Jaén,0.0,2001-01-01T00:00:00Z,2001-01-01T00:00:00Z
http://www.wikidata.org/entity/Q293476,http://www.wikidata.org/entity/Q2975407,Atlético Madrid C,,1997-01-01T00:00:00Z,1999-01-01T00:00:00Z
http://www.wikidata.org/entity/Q293476,http://www.wikidata.org/entity/Q10319,Real Valladolid,140.0,2002-01-01T00:00:00Z,2009-01-01T00:00:00Z
http://www.wikidata.org/entity/Q293476,http://www.wikidata.org/entity/Q12230,Real Murcie,127.0,2009-01-01T00:00:00Z,2014-01-01T00:00:00Z
http://www.wikidata.org/entity/Q293476,http://www.wikidata.org/entity/Q853043,Club Deportivo Badajoz,34.0,2001-01-01T00:00:00Z,2002-01-01T00:00:00Z
http://www.wikidata.org/entity/Q294419,http://www.wikidata.org/entity/Q330143,Sydney FC,57.0,2011-01-01T00:00:00Z,2014-01-01T00:00:00Z
http://www.wikidata.org/entity/Q294419,http://www.wikidata.org/entity/Q3589775,équipe d'Australie de football des moins de 23 ans,25.0,1997-01-01T00:00:00Z,2000-01-01T00:00:00Z
http://www.wikidata.org/entity/Q294419,http://www.wikidata.org/entity/Q782658,Sydney Olympic FC,94.0,1996-01-01T00:00:00Z,2000-01-01T00:00:00Z
http://www.wikidata.org/entity/Q294419,http://www.wikidata.org/entity/Q268208,équipe d'Australie de football,95.0,1998-01-01T00:00:00Z,2012-01-01T00:00:00Z
http://www.wikidata.org/entity/Q294419,http://www.wikidata.org/entity/Q19446,Blackburn Rovers FC,247.0,2003-01-01T00:00:00Z,2011-01-01T00:00:00Z
http://www.wikidata.org/entity/Q294419,http://www.wikidata.org/entity/Q134241,Feyenoord Rotterdam,92.0,2000-01-01T00:00:00Z,2003-01-01T00:00:00Z
http://www.wikidata.org/entity/Q294419,http://www.wikidata.org/entity/Q3589754,équipe d'Australie de football des moins de 17 ans,11.0,1994-01-01T00:00:00Z,1995-01-01T00:00:00Z
http://www.wikidata.org/entity/Q294419,http://www.wikidata.org/entity/Q3873546,équipe d'Australie de football des moins de 20 ans,16.0,1996-01-01T00:00:00Z,1999-01-01T00:00:00Z
http://www.wikidata.org/entity/Q296219,http://www.wikidata.org/entity/Q2255267,équipe de Suède espoirs de football,16.0,1996-01-01T00:00:00Z,1998-01-01T00:00:00Z
http://www.wikidata.org/entity/Q296219,http://www.wikidata.org/entity/Q211753,IF Elfsborg,155.0,1994-01-01T00:00:00Z,2001-01-01T00:00:00Z
http://www.wikidata.org/entity/Q296219,http://www.wikidata.org/entity/Q160826,équipe de Suède de football,148.0,1999-01-01T00:00:00Z,2013-01-01T00:00:00Z
http://www.wikidata.org/entity/Q296219,http://www.wikidata.org/entity/Q211753,IF Elfsborg,266.0,2005-01-01T00:00:00Z,2015-01-01T00:00:00Z
http://www.wikidata.org/entity/Q296219,http://www.wikidata.org/entity/Q18732,Southampton FC,140.0,2001-01-01T00:00:00Z,2005-01-01T00:00:00Z
http://www.wikidata.org/entity/Q296375,http://www.wikidata.org/entity/Q19451,Bolton Wanderers FC,474.0,1997-01-01T00:00:00Z,2012-01-01T00:00:00Z
http://www.wikidata.org/entity/Q296375,http://www.wikidata.org/entity/Q186532,équipe de Finlande de football,56.0,1998-01-01T00:00:00Z,2010-01-01T00:00:00Z
http://www.wikidata.org/entity/Q296375,http://www.wikidata.org/entity/Q18747,West Ham United FC,57.0,2012-01-01T00:00:00Z,2015-01-01T00:00:00Z
http://www.wikidata.org/entity/Q296375,http://www.wikidata.org/entity/Q18750,Wigan Athletic FC,44.0,2015-01-01T00:00:00Z,2017-01-01T00:00:00Z
http://www.wikidata.org/entity/Q296375,http://www.wikidata.org/entity/Q16836329,ATK Football Club,1.0,2017-01-01T00:00:00Z,2018-01-01T00:00:00Z
http://www.wikidata.org/entity/Q296375,http://www.wikidata.org/entity/Q726266,Vaasan Palloseura,54.0,1996-01-01T00:00:00Z,1997-01-01T00:00:00Z
http://www.wikidata.org/entity/Q296375,http://www.wikidata.org/entity/Q1369677,Mikkelin Palloilijat,64.0,1992-01-01T00:00:00Z,1995-01-01T00:00:00Z
http://www.wikidata.org/entity/Q297499,http://www.wikidata.org/entity/Q9617,Arsenal FC,0.0,1998-01-01T00:00:00Z,1999-01-01T00:00:00Z
http://www.wikidata.org/entity/Q297499,http://www.wikidata.org/entity/Q18509,Cambridge United FC,12.0,2001-01-01T00:00:00Z,2001-01-01T00:00:00Z
http://www.wikidata.org/entity/Q297499,http://www.wikidata.org/entity/Q9408,Barnet FC,5.0,2000-01-01T00:00:00Z,2000-01-01T00:00:00Z
http://www.wikidata.org/entity/Q297499,http://www.wikidata.org/entity/Q7855039,équipe de Turquie de football A2,1.0,2005-01-01T00:00:00Z,2005-01-01T00:00:00Z
http://www.wikidata.org/entity/Q297499,http://www.wikidata.org/entity/Q5212694,Harlow Town F.C.,0.0,2015-01-01T00:00:00Z,2015-01-01T00:00:00Z
http://www.wikidata.org/entity/Q297499,http://www.wikidata.org/entity/Q48862,Aldershot Town Football Club,1.0,2010-01-01T00:00:00Z,2010-01-01T00:00:00Z
http://www.wikidata.org/entity/Q297499,http://www.wikidata.org/entity/Q24904,ADO La Haye,11.0,1999-01-01T00:00:00Z,1999-01-01T00:00:00Z
http://www.wikidata.org/entity/Q297499,http://www.wikidata.org/entity/Q5093235,Cheshunt F.C.,19.0,2013-01-01T00:00:00Z,2014-01-01T00:00:00Z
http://www.wikidata.org/entity/Q297499,http://www.wikidata.org/entity/Q18509,Cambridge United FC,46.0,2002-01-01T00:00:00Z,2003-01-01T00:00:00Z
http://www.wikidata.org/entity/Q297499,http://www.wikidata.org/entity/Q2305609,Chelmsford City Football Club,13.0,2013-01-01T00:00:00Z,2013-01-01T00:00:00Z
http://www.wikidata.org/entity/Q297499,http://www.wikidata.org/entity/Q192641,Trabzonspor,35.0,2006-01-01T00:00:00Z,2008-01-01T00:00:00Z
http://www.wikidata.org/entity/Q297499,http://www.wikidata.org/entity/Q9408,Barnet FC,5.0,2000-01-01T00:00:00Z,2001-01-01T00:00:00Z
http://www.wikidata.org/entity/Q297499,http://www.wikidata.org/entity/Q4094837,Boreham Wood F.C.,19.0,2012-01-01T00:00:00Z,2013-01-01T00:00:00Z
http://www.wikidata.org/entity/Q297499,http://www.wikidata.org/entity/Q18747,West Ham United FC,0.0,1999-01-01T00:00:00Z,2002-01-01T00:00:00Z
http://www.wikidata.org/entity/Q297499,http://www.wikidata.org/entity/Q1387175,Histon Football Club,55.0,2010-01-01T00:00:00Z,2012-01-01T00:00:00Z
http://www.wikidata.org/entity/Q297499,http://www.wikidata.org/entity/Q643107,Denizlispor,60.0,2003-01-01T00:00:00Z,2006-01-01T00:00:00Z
http://www.wikidata.org/entity/Q297499,http://www.wikidata.org/entity/Q19626,Shrewsbury Town Football Club,13.0,2009-01-01T00:00:00Z,2010-01-01T00:00:00Z
http://www.wikidata.org/entity/Q298470,http://www.wikidata.org/entity/Q1457,UC Sampdoria,7.0,2012-01-01T00:00:00Z,2014-01-01T00:00:00Z
http://www.wikidata.org/entity/Q298470,http://www.wikidata.org/entity/Q11938,PSV Eindhoven,,2015-01-01T00:00:00Z,
http://www.wikidata.org/entity/Q298470,http://www.wikidata.org/entity/Q191264,AZ Alkmaar,93.0,2008-01-01T00:00:00Z,2012-01-01T00:00:00Z
