player,club,clubLabel,apps,start,end
http://www.wikidata.org/entity/Q1404677,http://www.wikidata.org/entity/Q6651,Brescia Calcio,32.0,2014-01-01T00:00:00Z,2015-01-01T00:00:00Z
http://www.wikidata.org/entity/Q1404677,http://www.wikidata.org/entity/Q922698,équipe d'Italie espoirs de football,1.0,2006-01-01T00:00:00Z,2006-01-01T00:00:00Z
http://www.wikidata.org/entity/Q1404677,http://www.wikidata.org/entity/Q1457,UC Sampdoria,15.0,2011-01-01T00:00:00Z,2012-01-01T00:00:00Z
http://www.wikidata.org/entity/Q1404677,http://www.wikidata.org/entity/Q2037,Associazione Calcio ChievoVerona,96.0,2006-01-01T00:00:00Z,2015-01-01T00:00:00Z
http://www.wikidata.org/entity/Q1404986,http://www.wikidata.org/entity/Q3590703,équipe du Mali de football des moins de 20 ans,11.0,2003-01-01T00:00:00Z,2003-01-01T00:00:00Z
http://www.wikidata.org/entity/Q1404986,http://www.wikidata.org/entity/Q221525,FC Metz,,2007-01-01T00:00:00Z,2008-01-01T00:00:00Z
http://www.wikidata.org/entity/Q1404986,http://www.wikidata.org/entity/Q284452,Al-Ahli Sports Club,3.0,2010-01-01T00:00:00Z,2011-01-01T00:00:00Z
http://www.wikidata.org/entity/Q1404986,http://www.wikidata.org/entity/Q208585,Vitória Futebol Clube,1.0,2005-01-01T00:00:00Z,2006-01-01T00:00:00Z
http://www.wikidata.org/entity/Q1404986,http://www.wikidata.org/entity/Q482540,Seongnam Football Club,30.0,2007-01-01T00:00:00Z,2008-01-01T00:00:00Z
http://www.wikidata.org/entity/Q1404986,http://www.wikidata.org/entity/Q221525,FC Metz,11.0,2003-01-01T00:00:00Z,2005-01-01T00:00:00Z
http://www.wikidata.org/entity/Q1404986,http://www.wikidata.org/entity/Q1120838,Côme 1907,,2015-01-01T00:00:00Z,
http://www.wikidata.org/entity/Q1404986,http://www.wikidata.org/entity/Q275612,Budapest Honvéd,1.0,2012-01-01T00:00:00Z,2013-01-01T00:00:00Z
http://www.wikidata.org/entity/Q1404986,http://www.wikidata.org/entity/Q814738,Beijing Guoan,13.0,2008-01-01T00:00:00Z,2009-01-01T00:00:00Z
http://www.wikidata.org/entity/Q1404986,http://www.wikidata.org/entity/Q4984057,Budapest Honvéd FC II,5.0,2012-01-01T00:00:00Z,2013-01-01T00:00:00Z
http://www.wikidata.org/entity/Q1404986,http://www.wikidata.org/entity/Q211733,équipe du Mali de football,1.0,2009-01-01T00:00:00Z,2009-01-01T00:00:00Z
http://www.wikidata.org/entity/Q1404986,http://www.wikidata.org/entity/Q845859,CD Cruz Azul,22.0,2005-01-01T00:00:00Z,2006-01-01T00:00:00Z
http://www.wikidata.org/entity/Q1404986,http://www.wikidata.org/entity/Q6690,Football Club Crotone,,2013-01-01T00:00:00Z,2014-01-01T00:00:00Z
http://www.wikidata.org/entity/Q1404986,http://www.wikidata.org/entity/Q482540,Seongnam Football Club,28.0,2011-01-01T00:00:00Z,2012-01-01T00:00:00Z
http://www.wikidata.org/entity/Q1404986,http://www.wikidata.org/entity/Q284452,Al-Ahli Sports Club,13.0,2009-01-01T00:00:00Z,2009-01-01T00:00:00Z
http://www.wikidata.org/entity/Q1404986,http://www.wikidata.org/entity/Q865735,Royal Excelsior Mouscron,,2008-01-01T00:00:00Z,2009-01-01T00:00:00Z
http://www.wikidata.org/entity/Q1404996,http://www.wikidata.org/entity/Q1417287,Panserraikos Football Club,,2009-01-01T00:00:00Z,2010-01-01T00:00:00Z
http://www.wikidata.org/entity/Q1404996,http://www.wikidata.org/entity/Q1023233,Clube Desportivo Trofense,,2008-01-01T00:00:00Z,2008-01-01T00:00:00Z
http://www.wikidata.org/entity/Q1404996,http://www.wikidata.org/entity/Q135411787,Thionville FC,,2011-01-01T00:00:00Z,2012-01-01T00:00:00Z
http://www.wikidata.org/entity/Q1404996,http://www.wikidata.org/entity/Q1256652,Gondomar Sport Clube,,2008-01-01T00:00:00Z,2009-01-01T00:00:00Z
http://www.wikidata.org/entity/Q1404996,http://www.wikidata.org/entity/Q207441,équipe du Sénégal de football,5.0,2004-01-01T00:00:00Z,2006-01-01T00:00:00Z
http://www.wikidata.org/entity/Q1404996,http://www.wikidata.org/entity/Q137499,FC Hombourg,3.0,2010-01-01T00:00:00Z,2010-01-01T00:00:00Z
http://www.wikidata.org/entity/Q1404996,http://www.wikidata.org/entity/Q221525,FC Metz,56.0,2003-01-01T00:00:00Z,2009-01-01T00:00:00Z
http://www.wikidata.org/entity/Q1405228,http://www.wikidata.org/entity/Q288031,Negeri Sembilan FA,8.0,2014-01-01T00:00:00Z,2014-01-01T00:00:00Z
http://www.wikidata.org/entity/Q1405228,http://www.wikidata.org/entity/Q288031,Negeri Sembilan FA,29.0,2012-01-01T00:00:00Z,2012-01-01T00:00:00Z
http://www.wikidata.org/entity/Q1405228,http://www.wikidata.org/entity/Q492826,MKE Ankaragücü,13.0,2004-01-01T00:00:00Z,2005-01-01T00:00:00Z
http://www.wikidata.org/entity/Q1405228,http://www.wikidata.org/entity/Q2756902,Hatta Club,18.0,2010-01-01T00:00:00Z,2011-01-01T00:00:00Z
http://www.wikidata.org/entity/Q1405228,http://www.wikidata.org/entity/Q492159,US Créteil-Lusitanos,19.0,2006-01-01T00:00:00Z,2007-01-01T00:00:00Z
http://www.wikidata.org/entity/Q1405228,http://www.wikidata.org/entity/Q812719,Al-Sailiya Sports Club,,2008-01-01T00:00:00Z,2011-01-01T00:00:00Z
http://www.wikidata.org/entity/Q1405228,http://www.wikidata.org/entity/Q845067,LB Châteauroux,20.0,2006-01-01T00:00:00Z,2006-01-01T00:00:00Z
http://www.wikidata.org/entity/Q1405228,http://www.wikidata.org/entity/Q1127498,Elazığspor Kulübü,21.0,2003-01-01T00:00:00Z,2004-01-01T00:00:00Z
http://www.wikidata.org/entity/Q1405228,http://www.wikidata.org/entity/Q221525,FC Metz,5.0,2007-01-01T00:00:00Z,2008-01-01T00:00:00Z
http://www.wikidata.org/entity/Q1405228,http://www.wikidata.org/entity/Q1368064,Malatyaspor,,2006-01-01T00:00:00Z,2007-01-01T00:00:00Z
http://www.wikidata.org/entity/Q1405228,http://www.wikidata.org/entity/Q434929,Altay Spor Kulübü,20.0,2002-01-01T00:00:00Z,2003-01-01T00:00:00Z
http://www.wikidata.org/entity/Q1405228,http://www.wikidata.org/entity/Q1368064,Malatyaspor,12.0,2005-01-01T00:00:00Z,2006-01-01T00:00:00Z
http://www.wikidata.org/entity/Q1405228,http://www.wikidata.org/entity/Q1395647,Terengganu FA,32.0,2013-01-01T00:00:00Z,2013-01-01T00:00:00Z
http://www.wikidata.org/entity/Q1405228,http://www.wikidata.org/entity/Q175309,équipe du Cameroun de football,,2005-01-01T00:00:00Z,2005-01-01T00:00:00Z
http://www.wikidata.org/entity/Q1405228,http://www.wikidata.org/entity/Q175309,équipe du Cameroun de football,,2006-01-01T00:00:00Z,
http://www.wikidata.org/entity/Q1406063,http://www.wikidata.org/entity/Q19513,Montpellier Hérault SC,30.0,2002-01-01T00:00:00Z,2004-01-01T00:00:00Z
http://www.wikidata.org/entity/Q1406063,http://www.wikidata.org/entity/Q19513,Montpellier Hérault SC,11.0,2004-01-01T00:00:00Z,2005-01-01T00:00:00Z
http://www.wikidata.org/entity/Q1406063,http://www.wikidata.org/entity/Q132885,Olympique de Marseille,,1997-01-01T00:00:00Z,1998-01-01T00:00:00Z
http://www.wikidata.org/entity/Q1406063,http://www.wikidata.org/entity/Q3590024,équipe de France de football A',,1994-01-01T00:00:00Z,1996-01-01T00:00:00Z
http://www.wikidata.org/entity/Q1406063,http://www.wikidata.org/entity/Q704,Olympique lyonnais,,1999-01-01T00:00:00Z,2001-01-01T00:00:00Z
http://www.wikidata.org/entity/Q1406063,http://www.wikidata.org/entity/Q704,Olympique lyonnais,,1998-01-01T00:00:00Z,1999-01-01T00:00:00Z
http://www.wikidata.org/entity/Q1406063,http://www.wikidata.org/entity/Q19513,Montpellier Hérault SC,136.0,1991-01-01T00:00:00Z,1997-01-01T00:00:00Z
http://www.wikidata.org/entity/Q1406063,http://www.wikidata.org/entity/Q1277549,équipe de France espoirs de football,,1992-01-01T00:00:00Z,1994-01-01T00:00:00Z
http://www.wikidata.org/entity/Q1406063,http://www.wikidata.org/entity/Q19513,Montpellier Hérault SC,15.0,2001-01-01T00:00:00Z,2002-01-01T00:00:00Z
http://www.wikidata.org/entity/Q1406314,http://www.wikidata.org/entity/Q910444,Ferro Carril Oeste,,2003-01-01T00:00:00Z,2003-01-01T00:00:00Z
http://www.wikidata.org/entity/Q1406314,http://www.wikidata.org/entity/Q910444,Ferro Carril Oeste,,2004-01-01T00:00:00Z,2004-01-01T00:00:00Z
http://www.wikidata.org/entity/Q1406314,http://www.wikidata.org/entity/Q1023191,Club Deportivo Huachipato,13.0,2011-01-01T00:00:00Z,2012-01-01T00:00:00Z
http://www.wikidata.org/entity/Q1406314,http://www.wikidata.org/entity/Q719344,CA Cerro,30.0,2015-01-01T00:00:00Z,2015-01-01T00:00:00Z
http://www.wikidata.org/entity/Q1406314,http://www.wikidata.org/entity/Q844238,Defensor Sporting Club,23.0,2009-01-01T00:00:00Z,2010-01-01T00:00:00Z
http://www.wikidata.org/entity/Q1406314,http://www.wikidata.org/entity/Q719344,CA Cerro,30.0,2015-01-01T00:00:00Z,2016-01-01T00:00:00Z
http://www.wikidata.org/entity/Q1406314,http://www.wikidata.org/entity/Q719719,Club Deportivo Palestino,,2012-01-01T00:00:00Z,2012-01-01T00:00:00Z
http://www.wikidata.org/entity/Q1406314,http://www.wikidata.org/entity/Q2442864,équipe d'Uruguay de football des moins de 20 ans,,2001-01-01T00:00:00Z,2001-01-01T00:00:00Z
http://www.wikidata.org/entity/Q1406314,http://www.wikidata.org/entity/Q134916,équipe d'Uruguay de football,1.0,2003-01-01T00:00:00Z,2003-01-01T00:00:00Z
http://www.wikidata.org/entity/Q1406314,http://www.wikidata.org/entity/Q18744,West Bromwich Albion,2.0,2006-01-01T00:00:00Z,2006-01-01T00:00:00Z
http://www.wikidata.org/entity/Q1406314,http://www.wikidata.org/entity/Q853053,CA Chacarita Juniors,32.0,2010-01-01T00:00:00Z,2011-01-01T00:00:00Z
http://www.wikidata.org/entity/Q1406314,http://www.wikidata.org/entity/Q212269,Valenciennes FC,7.0,2008-01-01T00:00:00Z,2009-01-01T00:00:00Z
http://www.wikidata.org/entity/Q1406314,http://www.wikidata.org/entity/Q719719,Club Deportivo Palestino,26.0,2012-01-01T00:00:00Z,2013-01-01T00:00:00Z
http://www.wikidata.org/entity/Q1406314,http://www.wikidata.org/entity/Q914086,Cerro Porteño,0.0,2013-01-01T00:00:00Z,2014-01-01T00:00:00Z
http://www.wikidata.org/entity/Q1406314,http://www.wikidata.org/entity/Q844238,Defensor Sporting Club,93.0,2001-01-01T00:00:00Z,2007-01-01T00:00:00Z
http://www.wikidata.org/entity/Q1406314,http://www.wikidata.org/entity/Q178378,Deportivo Táchira FC,,2016-01-01T00:00:00Z,
http://www.wikidata.org/entity/Q1406314,http://www.wikidata.org/entity/Q980573,Club Atlético River Plate,,2014-01-01T00:00:00Z,2014-01-01T00:00:00Z
http://www.wikidata.org/entity/Q1406314,http://www.wikidata.org/entity/Q980573,Club Atlético River Plate,25.0,2014-01-01T00:00:00Z,2015-01-01T00:00:00Z
http://www.wikidata.org/entity/Q1406314,http://www.wikidata.org/entity/Q208228,Stade de Reims,17.0,2008-01-01T00:00:00Z,2009-01-01T00:00:00Z
http://www.wikidata.org/entity/Q1406500,http://www.wikidata.org/entity/Q1209882,Osotsapa Saraburi Football Club,29.0,2011-01-01T00:00:00Z,2011-01-01T00:00:00Z
http://www.wikidata.org/entity/Q1406500,http://www.wikidata.org/entity/Q212269,Valenciennes FC,64.0,2004-01-01T00:00:00Z,2008-01-01T00:00:00Z
http://www.wikidata.org/entity/Q1406500,http://www.wikidata.org/entity/Q1065328,FCV Dender EH,8.0,2008-01-01T00:00:00Z,2009-01-01T00:00:00Z
http://www.wikidata.org/entity/Q1406500,http://www.wikidata.org/entity/Q1209882,Osotsapa Saraburi Football Club,,2011-01-01T00:00:00Z,2011-01-01T00:00:00Z
http://www.wikidata.org/entity/Q1406500,http://www.wikidata.org/entity/Q181903,équipe d'Algérie de football,1.0,2006-01-01T00:00:00Z,2006-01-01T00:00:00Z
http://www.wikidata.org/entity/Q1406500,http://www.wikidata.org/entity/Q602827,Police Tero Football Club,28.0,2012-01-01T00:00:00Z,2012-01-01T00:00:00Z
http://www.wikidata.org/entity/Q1406500,http://www.wikidata.org/entity/Q1045883,Étoile Football Club,16.0,2010-01-01T00:00:00Z,2010-01-01T00:00:00Z
http://www.wikidata.org/entity/Q1406500,http://www.wikidata.org/entity/Q274465,Esporte Clube Vitória,29.0,2003-01-01T00:00:00Z,2004-01-01T00:00:00Z
http://www.wikidata.org/entity/Q1406500,http://www.wikidata.org/entity/Q788363,Bangu Atlético Clube,7.0,2002-01-01T00:00:00Z,2003-01-01T00:00:00Z
http://www.wikidata.org/entity/Q1406500,http://www.wikidata.org/entity/Q574298,Mouloudia Club Oranais,0.0,2014-01-01T00:00:00Z,2014-01-01T00:00:00Z
http://www.wikidata.org/entity/Q1406881,http://www.wikidata.org/entity/Q1515369,Racing Besançon,,2012-01-01T00:00:00Z,2014-01-01T00:00:00Z
http://www.wikidata.org/entity/Q1406881,http://www.wikidata.org/entity/Q503317,Dijon FCO,50.0,2009-01-01T00:00:00Z,2011-01-01T00:00:00Z
http://www.wikidata.org/entity/Q1406881,http://www.wikidata.org/entity/Q19512,Football Club Sochaux-Montbéliard,306.0,1997-01-01T00:00:00Z,2009-01-01T00:00:00Z
http://www.wikidata.org/entity/Q1406881,http://www.wikidata.org/entity/Q1515369,Racing Besançon,108.0,1993-01-01T00:00:00Z,1997-01-01T00:00:00Z
http://www.wikidata.org/entity/Q1406881,http://www.wikidata.org/entity/Q1515369,Racing Besançon,31.0,1999-01-01T00:00:00Z,2000-01-01T00:00:00Z
http://www.wikidata.org/entity/Q1414753,http://www.wikidata.org/entity/Q321061,FC Sion,1.0,1992-01-01T00:00:00Z,1993-01-01T00:00:00Z
http://www.wikidata.org/entity/Q1414753,http://www.wikidata.org/entity/Q208396,Ferencvárosi TC,18.0,2007-01-01T00:00:00Z,2008-01-01T00:00:00Z
http://www.wikidata.org/entity/Q1414753,http://www.wikidata.org/entity/Q276346,Győri ETO FC,58.0,2004-01-01T00:00:00Z,2007-01-01T00:00:00Z
http://www.wikidata.org/entity/Q1414753,http://www.wikidata.org/entity/Q321061,FC Sion,9.0,1996-01-01T00:00:00Z,1996-01-01T00:00:00Z
http://www.wikidata.org/entity/Q1414753,http://www.wikidata.org/entity/Q10467,FC Barcelone B,2.0,1997-01-01T00:00:00Z,1997-01-01T00:00:00Z
http://www.wikidata.org/entity/Q1414753,http://www.wikidata.org/entity/Q255296,Vasas FC,37.0,1993-01-01T00:00:00Z,1995-01-01T00:00:00Z
http://www.wikidata.org/entity/Q1414753,http://www.wikidata.org/entity/Q107818,FC Energie Cottbus,9.0,2001-01-01T00:00:00Z,2002-01-01T00:00:00Z
http://www.wikidata.org/entity/Q1414753,http://www.wikidata.org/entity/Q170561,équipe de Hongrie de football,11.0,1998-01-01T00:00:00Z,2005-01-01T00:00:00Z
http://www.wikidata.org/entity/Q1414753,http://www.wikidata.org/entity/Q208396,Ferencvárosi TC,17.0,1995-01-01T00:00:00Z,1996-01-01T00:00:00Z
http://www.wikidata.org/entity/Q1414753,http://www.wikidata.org/entity/Q208396,Ferencvárosi TC,60.0,1997-01-01T00:00:00Z,1999-01-01T00:00:00Z
http://www.wikidata.org/entity/Q1414753,http://www.wikidata.org/entity/Q170134,SV Waldhof Mannheim,47.0,1999-01-01T00:00:00Z,2001-01-01T00:00:00Z
http://www.wikidata.org/entity/Q1414753,http://www.wikidata.org/entity/Q144952,Zalaegerszeg TE FC,45.0,2002-01-01T00:00:00Z,2004-01-01T00:00:00Z
http://www.wikidata.org/entity/Q1417622,http://www.wikidata.org/entity/Q16559523,Eintracht Braunschweig II,12.0,2005-01-01T00:00:00Z,2007-01-01T00:00:00Z
http://www.wikidata.org/entity/Q1445754,http://www.wikidata.org/entity/Q170105,SV Stuttgarter Kickers,40.0,1991-01-01T00:00:00Z,1993-01-01T00:00:00Z
http://www.wikidata.org/entity/Q1445754,http://www.wikidata.org/entity/Q153539,SpVgg Greuther Fürth,,1993-01-01T00:00:00Z,1997-01-01T00:00:00Z
http://www.wikidata.org/entity/Q1445754,http://www.wikidata.org/entity/Q884386,TSV Vestenbergsgreuth,33.0,1995-01-01T00:00:00Z,1996-01-01T00:00:00Z
http://www.wikidata.org/entity/Q1445754,http://www.wikidata.org/entity/Q819367,SSV Reutlingen 05,64.0,1993-01-01T00:00:00Z,1995-01-01T00:00:00Z
http://www.wikidata.org/entity/Q1445754,http://www.wikidata.org/entity/Q2205380,SC 04 Schwabach,,2003-01-01T00:00:00Z,2005-01-01T00:00:00Z
http://www.wikidata.org/entity/Q1445754,http://www.wikidata.org/entity/Q153539,SpVgg Greuther Fürth,,2001-01-01T00:00:00Z,2001-01-01T00:00:00Z
http://www.wikidata.org/entity/Q1446283,http://www.wikidata.org/entity/Q16348,FC Alessandria,0.0,2004-01-01T00:00:00Z,2005-01-01T00:00:00Z
http://www.wikidata.org/entity/Q1446283,http://www.wikidata.org/entity/Q655036,Unione Sportiva Viterbese 1908,0.0,2003-01-01T00:00:00Z,2004-01-01T00:00:00Z
http://www.wikidata.org/entity/Q1446283,http://www.wikidata.org/entity/Q3678801,A.S.D. Civitavecchia 1920,,2009-01-01T00:00:00Z,
http://www.wikidata.org/entity/Q1446283,http://www.wikidata.org/entity/Q2456343,Association Sportiva Dilettantistica Calcio Ivrée,3.0,2007-01-01T00:00:00Z,2008-01-01T00:00:00Z
http://www.wikidata.org/entity/Q1446283,http://www.wikidata.org/entity/Q1853088,Football Club Canavese,1.0,2008-01-01T00:00:00Z,2008-01-01T00:00:00Z
http://www.wikidata.org/entity/Q1446283,http://www.wikidata.org/entity/Q6630,Ascoli Calcio 1898 FC,3.0,2005-01-01T00:00:00Z,2007-01-01T00:00:00Z
http://www.wikidata.org/entity/Q1450301,http://www.wikidata.org/entity/Q18232,La Gantoise,117.0,2000-01-01T00:00:00Z,2004-01-01T00:00:00Z
http://www.wikidata.org/entity/Q1450301,http://www.wikidata.org/entity/Q1668203,Lommel SK,,1988-01-01T00:00:00Z,1994-01-01T00:00:00Z
http://www.wikidata.org/entity/Q1450301,http://www.wikidata.org/entity/Q166776,équipe de Belgique de football,17.0,1999-01-01T00:00:00Z,2002-01-01T00:00:00Z
http://www.wikidata.org/entity/Q1450301,http://www.wikidata.org/entity/Q216032,KRC Genk,129.0,1994-01-01T00:00:00Z,1998-01-01T00:00:00Z
http://www.wikidata.org/entity/Q1450301,http://www.wikidata.org/entity/Q105844,DSC Arminia Bielefeld,57.0,1998-01-01T00:00:00Z,2000-01-01T00:00:00Z
http://www.wikidata.org/entity/Q1450301,http://www.wikidata.org/entity/Q587509,K Beringen Heusden-Zolder SK,47.0,2004-01-01T00:00:00Z,2006-01-01T00:00:00Z
http://www.wikidata.org/entity/Q1450301,http://www.wikidata.org/entity/Q2308515,Patro Eisden Maasmechelen,,2006-01-01T00:00:00Z,2008-01-01T00:00:00Z
http://www.wikidata.org/entity/Q1466909,http://www.wikidata.org/entity/Q920263,Hertha Berliner Sport-Club II,13.0,2011-01-01T00:00:00Z,2011-01-01T00:00:00Z
http://www.wikidata.org/entity/Q1466909,http://www.wikidata.org/entity/Q702865,BFC Viktoria 1889,,2014-01-01T00:00:00Z,
http://www.wikidata.org/entity/Q1466909,http://www.wikidata.org/entity/Q176168,TSG Neustrelitz,56.0,2012-01-01T00:00:00Z,2014-01-01T00:00:00Z
http://www.wikidata.org/entity/Q1466909,http://www.wikidata.org/entity/Q102720,Hertha BSC,54.0,2006-01-01T00:00:00Z,2006-01-01T00:00:00Z
http://www.wikidata.org/entity/Q1466909,http://www.wikidata.org/entity/Q13426883,FC Viktoria 1889 Berlin,28.0,2014-01-01T00:00:00Z,2015-01-01T00:00:00Z
http://www.wikidata.org/entity/Q1466909,http://www.wikidata.org/entity/Q571553,SV Babelsberg 03,26.0,2011-01-01T00:00:00Z,2012-01-01T00:00:00Z
http://www.wikidata.org/entity/Q1466909,http://www.wikidata.org/entity/Q155452,TuS Coblence,6.0,2009-01-01T00:00:00Z,2010-01-01T00:00:00Z
http://www.wikidata.org/entity/Q1466909,http://www.wikidata.org/entity/Q920263,Hertha Berliner Sport-Club II,54.0,2006-01-01T00:00:00Z,2009-01-01T00:00:00Z
http://www.wikidata.org/entity/Q1472338,http://www.wikidata.org/entity/Q656960,Reinickendorfer Füchse,103.0,1994-01-01T00:00:00Z,1999-01-01T00:00:00Z
http://www.wikidata.org/entity/Q1472338,http://www.wikidata.org/entity/Q920263,Hertha Berliner Sport-Club II,,1988-01-01T00:00:00Z,1991-01-01T00:00:00Z
http://www.wikidata.org/entity/Q1472338,http://www.wikidata.org/entity/Q102720,Hertha BSC,88.0,1988-01-01T00:00:00Z,1992-01-01T00:00:00Z
http://www.wikidata.org/entity/Q1472338,http://www.wikidata.org/entity/Q920263,Hertha Berliner Sport-Club II,1.0,2007-01-01T00:00:00Z,2007-01-01T00:00:00Z
http://www.wikidata.org/entity/Q1472338,http://www.wikidata.org/entity/Q920263,Hertha Berliner Sport-Club II,165.0,1999-01-01T00:00:00Z,2005-01-01T00:00:00Z
http://www.wikidata.org/entity/Q1472338,http://www.wikidata.org/entity/Q102720,Hertha BSC,165.0,1999-01-01T00:00:00Z,2005-01-01T00:00:00Z
http://www.wikidata.org/entity/Q1472338,http://www.wikidata.org/entity/Q154053,Eintracht Brunswick,30.0,1992-01-01T00:00:00Z,1993-01-01T00:00:00Z
http://www.wikidata.org/entity/Q1472338,http://www.wikidata.org/entity/Q639574,Spandauer SV,35.0,1993-01-01T00:00:00Z,1994-01-01T00:00:00Z
http://www.wikidata.org/entity/Q1476030,http://www.wikidata.org/entity/Q2207938,SSV Vorsfelde,6.0,2008-01-01T00:00:00Z,2009-01-01T00:00:00Z
http://www.wikidata.org/entity/Q1476030,http://www.wikidata.org/entity/Q51974,Hambourg SV,41.0,1989-01-01T00:00:00Z,1992-01-01T00:00:00Z
http://www.wikidata.org/entity/Q1476030,http://www.wikidata.org/entity/Q33748,Hanovre 96,3.0,2000-01-01T00:00:00Z,2001-01-01T00:00:00Z
http://www.wikidata.org/entity/Q1476030,http://www.wikidata.org/entity/Q101859,VfL Wolfsburg,199.0,1992-01-01T00:00:00Z,2000-01-01T00:00:00Z
http://www.wikidata.org/entity/Q1485577,http://www.wikidata.org/entity/Q7671747,TSV 1860 München II,40.0,2005-01-01T00:00:00Z,2007-01-01T00:00:00Z
http://www.wikidata.org/entity/Q1485577,http://www.wikidata.org/entity/Q155186,FC Carl Zeiss Iéna,13.0,2012-01-01T00:00:00Z,2012-01-01T00:00:00Z
http://www.wikidata.org/entity/Q1485577,http://www.wikidata.org/entity/Q107818,FC Energie Cottbus,18.0,2007-01-01T00:00:00Z,2008-01-01T00:00:00Z
http://www.wikidata.org/entity/Q1485577,http://www.wikidata.org/entity/Q535785,FC Würzburger Kickers,13.0,2013-01-01T00:00:00Z,2013-01-01T00:00:00Z
http://www.wikidata.org/entity/Q1485577,http://www.wikidata.org/entity/Q141882,FC Erzgebirge Aue,48.0,2009-01-01T00:00:00Z,2012-01-01T00:00:00Z
http://www.wikidata.org/entity/Q1485577,http://www.wikidata.org/entity/Q131603,TSV Munich 1860,40.0,2005-01-01T00:00:00Z,2007-01-01T00:00:00Z
http://www.wikidata.org/entity/Q1485577,http://www.wikidata.org/entity/Q566187,Würzburger FV,33.0,2004-01-01T00:00:00Z,2005-01-01T00:00:00Z
http://www.wikidata.org/entity/Q1485577,http://www.wikidata.org/entity/Q319167,BSV Kickers 1946 Emden,37.0,2008-01-01T00:00:00Z,2009-01-01T00:00:00Z
http://www.wikidata.org/entity/Q1485577,http://www.wikidata.org/entity/Q137499,FC Hombourg,19.0,2013-01-01T00:00:00Z,2014-01-01T00:00:00Z
http://www.wikidata.org/entity/Q1485941,http://www.wikidata.org/entity/Q3873502,équipe d'Italie de football des moins de 16 ans,8.0,2007-01-01T00:00:00Z,2007-01-01T00:00:00Z
http://www.wikidata.org/entity/Q1485941,http://www.wikidata.org/entity/Q2331232,équipe d'Italie de football des moins de 17 ans,10.0,2007-01-01T00:00:00Z,2008-01-01T00:00:00Z
http://www.wikidata.org/entity/Q1485941,http://www.wikidata.org/entity/Q2710,Delfino Pescara,22.0,2011-01-01T00:00:00Z,2013-01-01T00:00:00Z
http://www.wikidata.org/entity/Q1485941,http://www.wikidata.org/entity/Q3873548,équipe d'Italie de football des moins de 20 ans,1.0,2011-01-01T00:00:00Z,
http://www.wikidata.org/entity/Q1485941,http://www.wikidata.org/entity/Q3632340,équipe d'Italie de football de Serie B,4.0,2011-01-01T00:00:00Z,2013-01-01T00:00:00Z
http://www.wikidata.org/entity/Q1485941,http://www.wikidata.org/entity/Q2266580,équipe d'Italie de football des moins de 19 ans,8.0,2009-01-01T00:00:00Z,2010-01-01T00:00:00Z
http://www.wikidata.org/entity/Q1485941,http://www.wikidata.org/entity/Q8623,Ternana Unicusano Calcio,22.0,2012-01-01T00:00:00Z,2013-01-01T00:00:00Z
http://www.wikidata.org/entity/Q1485941,http://www.wikidata.org/entity/Q13381,Unione Sportiva Triestina Calcio 1918,30.0,2009-01-01T00:00:00Z,2011-01-01T00:00:00Z
http://www.wikidata.org/entity/Q1485941,http://www.wikidata.org/entity/Q2118510,Latina Calcio 1932,,2013-01-01T00:00:00Z,
http://www.wikidata.org/entity/Q1485941,http://www.wikidata.org/entity/Q3873513,équipe d'Italie de football des moins de 18 ans,1.0,2009-01-01T00:00:00Z,2009-01-01T00:00:00Z
http://www.wikidata.org/entity/Q1485941,http://www.wikidata.org/entity/Q922698,équipe d'Italie espoirs de football,1.0,2010-01-01T00:00:00Z,2010-01-01T00:00:00Z
http://www.wikidata.org/entity/Q1489105,http://www.wikidata.org/entity/Q8633,Varèse Calcio,37.0,2009-01-01T00:00:00Z,2011-01-01T00:00:00Z
http://www.wikidata.org/entity/Q1489105,http://www.wikidata.org/entity/Q6703,Empoli Football Club,4.0,2005-01-01T00:00:00Z,2007-01-01T00:00:00Z
http://www.wikidata.org/entity/Q1489105,http://www.wikidata.org/entity/Q6703,Empoli Football Club,0.0,2001-01-01T00:00:00Z,2002-01-01T00:00:00Z
http://www.wikidata.org/entity/Q1489105,http://www.wikidata.org/entity/Q6721,US Grosseto FC,9.0,2002-01-01T00:00:00Z,2003-01-01T00:00:00Z
http://www.wikidata.org/entity/Q1489105,http://www.wikidata.org/entity/Q1968424,US Massese 1919,55.0,2003-01-01T00:00:00Z,2005-01-01T00:00:00Z
http://www.wikidata.org/entity/Q1489105,http://www.wikidata.org/entity/Q8615,Spezia Calcio,38.0,2011-01-01T00:00:00Z,2012-01-01T00:00:00Z
http://www.wikidata.org/entity/Q1489105,http://www.wikidata.org/entity/Q289613,Pisa SC,15.0,2007-01-01T00:00:00Z,2009-01-01T00:00:00Z
http://www.wikidata.org/entity/Q1489105,http://www.wikidata.org/entity/Q994918,Gallipoli Calcio,10.0,2009-01-01T00:00:00Z,2009-01-01T00:00:00Z
http://www.wikidata.org/entity/Q1489105,http://www.wikidata.org/entity/Q8416,Novara Calcio,,2012-01-01T00:00:00Z,
http://www.wikidata.org/entity/Q1489457,http://www.wikidata.org/entity/Q105853,Karlsruher SC,56.0,2001-01-01T00:00:00Z,2003-01-01T00:00:00Z
http://www.wikidata.org/entity/Q1489457,http://www.wikidata.org/entity/Q130521,Guangzhou Football Club,18.0,2010-01-01T00:00:00Z,2010-01-01T00:00:00Z
http://www.wikidata.org/entity/Q1489457,http://www.wikidata.org/entity/Q609926,Sportfreunde Siegen,27.0,2005-01-01T00:00:00Z,2006-01-01T00:00:00Z
http://www.wikidata.org/entity/Q1489457,http://www.wikidata.org/entity/Q472752,Changchun Yatai,44.0,2008-01-01T00:00:00Z,2009-01-01T00:00:00Z
http://www.wikidata.org/entity/Q1489457,http://www.wikidata.org/entity/Q3720221,équipe du Nigeria de football des moins de 20 ans,,1999-01-01T00:00:00Z,1999-01-01T00:00:00Z
http://www.wikidata.org/entity/Q1489457,http://www.wikidata.org/entity/Q1133377,Xiamen Lanshi,38.0,2006-01-01T00:00:00Z,2007-01-01T00:00:00Z
http://www.wikidata.org/entity/Q1489457,http://www.wikidata.org/entity/Q1192574,Qingdao Jonoon,80.0,2011-01-01T00:00:00Z,2013-01-01T00:00:00Z
http://www.wikidata.org/entity/Q1489457,http://www.wikidata.org/entity/Q3090612,Kwara United Football Club,,1996-01-01T00:00:00Z,1998-01-01T00:00:00Z
http://www.wikidata.org/entity/Q1489457,http://www.wikidata.org/entity/Q524378,SG Wattenscheid 09,85.0,1998-01-01T00:00:00Z,2001-01-01T00:00:00Z
http://www.wikidata.org/entity/Q1489457,http://www.wikidata.org/entity/Q142005,FC Hansa Rostock,19.0,2003-01-01T00:00:00Z,2005-01-01T00:00:00Z
http://www.wikidata.org/entity/Q1489511,http://www.wikidata.org/entity/Q1435421,Foligno Calcio,30.0,2007-01-01T00:00:00Z,2008-01-01T00:00:00Z
http://www.wikidata.org/entity/Q1489511,http://www.wikidata.org/entity/Q3873513,équipe d'Italie de football des moins de 18 ans,2.0,2004-01-01T00:00:00Z,2004-01-01T00:00:00Z
http://www.wikidata.org/entity/Q1489511,http://www.wikidata.org/entity/Q13381,Unione Sportiva Triestina Calcio 1918,36.0,2008-01-01T00:00:00Z,2009-01-01T00:00:00Z
http://www.wikidata.org/entity/Q1489511,http://www.wikidata.org/entity/Q289707,AC Reggiana,22.0,2006-01-01T00:00:00Z,2007-01-01T00:00:00Z
http://www.wikidata.org/entity/Q1489511,http://www.wikidata.org/entity/Q2756,Sienne FC,6.0,2011-01-01T00:00:00Z,2011-01-01T00:00:00Z
http://www.wikidata.org/entity/Q1489511,http://www.wikidata.org/entity/Q2415539,Olbia 1905,32.0,2005-01-01T00:00:00Z,2006-01-01T00:00:00Z
http://www.wikidata.org/entity/Q1489511,http://www.wikidata.org/entity/Q2037,Associazione Calcio ChievoVerona,,2015-01-01T00:00:00Z,
http://www.wikidata.org/entity/Q1489511,http://www.wikidata.org/entity/Q1457,UC Sampdoria,15.0,2005-01-01T00:00:00Z,2012-01-01T00:00:00Z
http://www.wikidata.org/entity/Q1489511,http://www.wikidata.org/entity/Q8639,Hellas Vérone Football Club,70.0,2012-01-01T00:00:00Z,2014-01-01T00:00:00Z
http://www.wikidata.org/entity/Q1390209,http://www.wikidata.org/entity/Q153539,SpVgg Greuther Fürth,1.0,2011-01-01T00:00:00Z,2013-01-01T00:00:00Z
http://www.wikidata.org/entity/Q1390209,http://www.wikidata.org/entity/Q7572134,SpVgg Greuther Fürth II,95.0,2008-01-01T00:00:00Z,2013-01-01T00:00:00Z
http://www.wikidata.org/entity/Q1390209,http://www.wikidata.org/entity/Q153535,Alemannia Aix-la-Chapelle,20.0,2012-01-01T00:00:00Z,2013-01-01T00:00:00Z
http://www.wikidata.org/entity/Q1390209,http://www.wikidata.org/entity/Q170105,SV Stuttgarter Kickers,,2013-01-01T00:00:00Z,
http://www.wikidata.org/entity/Q1390255,http://www.wikidata.org/entity/Q920263,Hertha Berliner Sport-Club II,85.0,2008-01-01T00:00:00Z,2015-01-01T00:00:00Z
http://www.wikidata.org/entity/Q1390255,http://www.wikidata.org/entity/Q479351,SV Darmstadt 98,,2015-01-01T00:00:00Z,
http://www.wikidata.org/entity/Q1390255,http://www.wikidata.org/entity/Q479351,SV Darmstadt 98,26.0,2014-01-01T00:00:00Z,2015-01-01T00:00:00Z
http://www.wikidata.org/entity/Q1390255,http://www.wikidata.org/entity/Q316497,équipe d'Allemagne de football des moins de 20 ans,1.0,2010-01-01T00:00:00Z,2010-01-01T00:00:00Z
http://www.wikidata.org/entity/Q1390255,http://www.wikidata.org/entity/Q102720,Hertha BSC,23.0,2012-01-01T00:00:00Z,2015-01-01T00:00:00Z
http://www.wikidata.org/entity/Q1390287,http://www.wikidata.org/entity/Q155452,TuS Coblence,,2014-01-01T00:00:00Z,
http://www.wikidata.org/entity/Q1390287,http://www.wikidata.org/entity/Q666067,Sportfreunde Lotte,25.0,2013-01-01T00:00:00Z,2014-01-01T00:00:00Z
http://www.wikidata.org/entity/Q1390287,http://www.wikidata.org/entity/Q310608,SC Fortuna Cologne,95.0,2010-01-01T00:00:00Z,2013-01-01T00:00:00Z
http://www.wikidata.org/entity/Q1390287,http://www.wikidata.org/entity/Q33748,Hanovre 96,6.0,2003-01-01T00:00:00Z,2008-01-01T00:00:00Z
http://www.wikidata.org/entity/Q1390287,http://www.wikidata.org/entity/Q170107,FC Rot-Weiss Erfurt,4.0,2008-01-01T00:00:00Z,2010-01-01T00:00:00Z
http://www.wikidata.org/entity/Q1392512,http://www.wikidata.org/entity/Q1780231,équipe de Pologne espoirs de football,4.0,2013-01-01T00:00:00Z,2013-01-01T00:00:00Z
http://www.wikidata.org/entity/Q1392512,http://www.wikidata.org/entity/Q3873507,équipe de Pologne de football des moins de 16 ans,10.0,2011-01-01T00:00:00Z,2011-01-01T00:00:00Z
http://www.wikidata.org/entity/Q1392512,http://www.wikidata.org/entity/Q301726,Ruch Chorzów,,2015-01-01T00:00:00Z,
http://www.wikidata.org/entity/Q1392512,http://www.wikidata.org/entity/Q15786,1. FC Nuremberg,0.0,2013-01-01T00:00:00Z,2015-01-01T00:00:00Z
http://www.wikidata.org/entity/Q1392512,http://www.wikidata.org/entity/Q3873552,équipe de Pologne de football des moins de 20 ans,,2012-01-01T00:00:00Z,
http://www.wikidata.org/entity/Q1392512,http://www.wikidata.org/entity/Q190943,Wisła Cracovie,25.0,2014-01-01T00:00:00Z,2015-01-01T00:00:00Z
http://www.wikidata.org/entity/Q1392512,http://www.wikidata.org/entity/Q166196,équipe de Pologne de football,2.0,2013-01-01T00:00:00Z,2013-01-01T00:00:00Z
http://www.wikidata.org/entity/Q1392512,http://www.wikidata.org/entity/Q2736263,équipe de Pologne de football des moins de 17 ans,15.0,2011-01-01T00:00:00Z,2012-01-01T00:00:00Z
http://www.wikidata.org/entity/Q1392512,http://www.wikidata.org/entity/Q2670674,équipe de Pologne de football des moins de 19 ans,,2012-01-01T00:00:00Z,
http://www.wikidata.org/entity/Q1392512,http://www.wikidata.org/entity/Q244981,Widzew Łódź,33.0,2011-01-01T00:00:00Z,2013-01-01T00:00:00Z
http://www.wikidata.org/entity/Q1393834,http://www.wikidata.org/entity/Q11979,Unión Deportiva Las Palmas,125.0,2009-01-01T00:00:00Z,2013-01-01T00:00:00Z
http://www.wikidata.org/entity/Q1393834,http://www.wikidata.org/entity/Q849271,Pontevedra CF,29.0,1998-01-01T00:00:00Z,1999-01-01T00:00:00Z
http://www.wikidata.org/entity/Q1393834,http://www.wikidata.org/entity/Q10407,UD Almería,29.0,2003-01-01T00:00:00Z,2004-01-01T00:00:00Z
http://www.wikidata.org/entity/Q1393834,http://www.wikidata.org/entity/Q12230,Real Murcie,88.0,2005-01-01T00:00:00Z,2008-01-01T00:00:00Z
http://www.wikidata.org/entity/Q1393834,http://www.wikidata.org/entity/Q929753,SD Compostela,101.0,1996-01-01T00:00:00Z,2003-01-01T00:00:00Z
http://www.wikidata.org/entity/Q1393834,http://www.wikidata.org/entity/Q12158,Club Deportivo Numancia,33.0,2004-01-01T00:00:00Z,2005-01-01T00:00:00Z
http://www.wikidata.org/entity/Q1393834,http://www.wikidata.org/entity/Q10308,Real Saragosse,26.0,2008-01-01T00:00:00Z,2009-01-01T00:00:00Z
http://www.wikidata.org/entity/Q1394027,http://www.wikidata.org/entity/Q7572137,SpVgg Unterhaching II,1.0,2009-01-01T00:00:00Z,2009-01-01T00:00:00Z
http://www.wikidata.org/entity/Q1394027,http://www.wikidata.org/entity/Q885009,FC Kempten,18.0,2005-01-01T00:00:00Z,2005-01-01T00:00:00Z
http://www.wikidata.org/entity/Q1394027,http://www.wikidata.org/entity/Q159936,Kickers Offenbach,78.0,2010-01-01T00:00:00Z,2013-01-01T00:00:00Z
http://www.wikidata.org/entity/Q1394027,http://www.wikidata.org/entity/Q157463,1. FC Sarrebruck,21.0,2013-01-01T00:00:00Z,2014-01-01T00:00:00Z
http://www.wikidata.org/entity/Q1394027,http://www.wikidata.org/entity/Q105861,VfL Bochum,7.0,2006-01-01T00:00:00Z,2007-01-01T00:00:00Z
http://www.wikidata.org/entity/Q1394027,http://www.wikidata.org/entity/Q3736767,FC Schalke 04 II,,2015-01-01T00:00:00Z,
http://www.wikidata.org/entity/Q1394027,http://www.wikidata.org/entity/Q7924284,VfL Bochum II,9.0,2006-01-01T00:00:00Z,2007-01-01T00:00:00Z
http://www.wikidata.org/entity/Q1394027,http://www.wikidata.org/entity/Q158121,SpVgg Unterhaching,94.0,2007-01-01T00:00:00Z,2010-01-01T00:00:00Z
http://www.wikidata.org/entity/Q1395096,http://www.wikidata.org/entity/Q138749,équipe du Danemark de football des moins de 16 ans,7.0,1998-01-01T00:00:00Z,1999-01-01T00:00:00Z
http://www.wikidata.org/entity/Q1395096,http://www.wikidata.org/entity/Q837956,Viborg FF,,2015-01-01T00:00:00Z,
http://www.wikidata.org/entity/Q1395096,http://www.wikidata.org/entity/Q3873525,équipe du Danemark de football des moins de 19 ans,22.0,2000-01-01T00:00:00Z,2002-01-01T00:00:00Z
http://www.wikidata.org/entity/Q1395096,http://www.wikidata.org/entity/Q729560,Randers Football Club,122.0,2010-01-01T00:00:00Z,2015-01-01T00:00:00Z
http://www.wikidata.org/entity/Q1395096,http://www.wikidata.org/entity/Q211906,Brøndby IF,101.0,2002-01-01T00:00:00Z,2006-01-01T00:00:00Z
http://www.wikidata.org/entity/Q1395096,http://www.wikidata.org/entity/Q1270152,équipe du Danemark espoirs de football,39.0,2002-01-01T00:00:00Z,2006-01-01T00:00:00Z
http://www.wikidata.org/entity/Q1395096,http://www.wikidata.org/entity/Q105844,DSC Arminia Bielefeld,86.0,2006-01-01T00:00:00Z,2010-01-01T00:00:00Z
http://www.wikidata.org/entity/Q1395096,http://www.wikidata.org/entity/Q3873544,équipe du Danemark de football des moins de 20 ans,7.0,2002-01-01T00:00:00Z,2002-01-01T00:00:00Z
http://www.wikidata.org/entity/Q1395096,http://www.wikidata.org/entity/Q131785,équipe du Danemark de football,1.0,2006-01-01T00:00:00Z,2006-01-01T00:00:00Z
http://www.wikidata.org/entity/Q1395096,http://www.wikidata.org/entity/Q1270133,équipe du Danemark de football des moins de 17 ans,18.0,1999-01-01T00:00:00Z,2000-01-01T00:00:00Z
http://www.wikidata.org/entity/Q1395522,http://www.wikidata.org/entity/Q298267,AS Cannes,16.0,2008-01-01T00:00:00Z,2008-01-01T00:00:00Z
http://www.wikidata.org/entity/Q1395522,http://www.wikidata.org/entity/Q309400,US Boulogne CO,8.0,2008-01-01T00:00:00Z,2009-01-01T00:00:00Z
http://www.wikidata.org/entity/Q1395522,http://www.wikidata.org/entity/Q298267,AS Cannes,,2007-01-01T00:00:00Z,2008-01-01T00:00:00Z
http://www.wikidata.org/entity/Q1395522,http://www.wikidata.org/entity/Q866884,Amiens SC,27.0,2009-01-01T00:00:00Z,2010-01-01T00:00:00Z
http://www.wikidata.org/entity/Q1395522,http://www.wikidata.org/entity/Q477304,équipe de Madagascar de football,,2006-01-01T00:00:00Z,
http://www.wikidata.org/entity/Q1395522,http://www.wikidata.org/entity/Q298235,AS Beauvais Oise,53.0,2010-01-01T00:00:00Z,2012-01-01T00:00:00Z
http://www.wikidata.org/entity/Q1395522,http://www.wikidata.org/entity/Q492159,US Créteil-Lusitanos,,2012-01-01T00:00:00Z,
http://www.wikidata.org/entity/Q1395522,http://www.wikidata.org/entity/Q192071,Football Club de Nantes,5.0,2001-01-01T00:00:00Z,2007-01-01T00:00:00Z
http://www.wikidata.org/entity/Q1395522,http://www.wikidata.org/entity/Q493144,USC Antananarivo,60.0,2004-01-01T00:00:00Z,2007-01-01T00:00:00Z
http://www.wikidata.org/entity/Q1395522,http://www.wikidata.org/entity/Q192071,Football Club de Nantes,5.0,2007-01-01T00:00:00Z,2009-01-01T00:00:00Z
http://www.wikidata.org/entity/Q1396846,http://www.wikidata.org/entity/Q483856,équipe de Turquie de football,2.0,2006-01-01T00:00:00Z,2008-01-01T00:00:00Z
http://www.wikidata.org/entity/Q1396846,http://www.wikidata.org/entity/Q2705172,Marmaris Belediye GSK,29.0,2000-01-01T00:00:00Z,2001-01-01T00:00:00Z
http://www.wikidata.org/entity/Q1396846,http://www.wikidata.org/entity/Q1127498,Elazığspor Kulübü,21.0,2012-01-01T00:00:00Z,2013-01-01T00:00:00Z
http://www.wikidata.org/entity/Q1396846,http://www.wikidata.org/entity/Q520207,Diyarbakırspor,33.0,2004-01-01T00:00:00Z,2005-01-01T00:00:00Z
http://www.wikidata.org/entity/Q1396846,http://www.wikidata.org/entity/Q929360,Mersin İdman Yurdu,34.0,2014-01-01T00:00:00Z,2015-01-01T00:00:00Z
http://www.wikidata.org/entity/Q1396846,http://www.wikidata.org/entity/Q105861,VfL Bochum,18.0,2008-01-01T00:00:00Z,2009-01-01T00:00:00Z
http://www.wikidata.org/entity/Q1396846,http://www.wikidata.org/entity/Q219233,Vitesse Arnhem,8.0,2009-01-01T00:00:00Z,2011-01-01T00:00:00Z
http://www.wikidata.org/entity/Q1396846,http://www.wikidata.org/entity/Q891679,Boluspor,0.0,1999-01-01T00:00:00Z,2000-01-01T00:00:00Z
http://www.wikidata.org/entity/Q1396846,http://www.wikidata.org/entity/Q1423118,Göztepe SK,,1999-01-01T00:00:00Z,2000-01-01T00:00:00Z
http://www.wikidata.org/entity/Q1396846,http://www.wikidata.org/entity/Q291297,Kayseri Erciyesspor,7.0,2013-01-01T00:00:00Z,2013-01-01T00:00:00Z
http://www.wikidata.org/entity/Q1396846,http://www.wikidata.org/entity/Q301332,Kardemir Karabükspor,5.0,2011-01-01T00:00:00Z,2012-01-01T00:00:00Z
http://www.wikidata.org/entity/Q1396846,http://www.wikidata.org/entity/Q172567,Beşiktaş JK,22.0,2003-01-01T00:00:00Z,2006-01-01T00:00:00Z
http://www.wikidata.org/entity/Q1396846,http://www.wikidata.org/entity/Q203573,Bursaspor,35.0,2006-01-01T00:00:00Z,2008-01-01T00:00:00Z
http://www.wikidata.org/entity/Q1396846,http://www.wikidata.org/entity/Q434929,Altay Spor Kulübü,63.0,2000-01-01T00:00:00Z,2003-01-01T00:00:00Z
http://www.wikidata.org/entity/Q1396846,http://www.wikidata.org/entity/Q128148,Manisaspor,25.0,2005-01-01T00:00:00Z,2006-01-01T00:00:00Z
http://www.wikidata.org/entity/Q1396846,http://www.wikidata.org/entity/Q1624749,équipe de Turquie espoirs de football,15.0,2002-01-01T00:00:00Z,2003-01-01T00:00:00Z
http://www.wikidata.org/entity/Q1396846,http://www.wikidata.org/entity/Q43710,Antalyaspor,4.0,2012-01-01T00:00:00Z,2012-01-01T00:00:00Z
http://www.wikidata.org/entity/Q1398117,http://www.wikidata.org/entity/Q141882,FC Erzgebirge Aue,4.0,2008-01-01T00:00:00Z,2008-01-01T00:00:00Z
http://www.wikidata.org/entity/Q1398117,http://www.wikidata.org/entity/Q639560,Tennis Borussia Berlin,23.0,2009-01-01T00:00:00Z,2010-01-01T00:00:00Z
http://www.wikidata.org/entity/Q1398117,http://www.wikidata.org/entity/Q33748,Hanovre 96,1.0,2008-01-01T00:00:00Z,2008-01-01T00:00:00Z
http://www.wikidata.org/entity/Q1398117,http://www.wikidata.org/entity/Q479310,SV Yeşilyurt,20.0,2006-01-01T00:00:00Z,2007-01-01T00:00:00Z
http://www.wikidata.org/entity/Q1398117,http://www.wikidata.org/entity/Q702865,BFC Viktoria 1889,9.0,2014-01-01T00:00:00Z,2015-01-01T00:00:00Z
http://www.wikidata.org/entity/Q1398117,http://www.wikidata.org/entity/Q325223,SpVgg EGC Wirges,4.0,2005-01-01T00:00:00Z,2006-01-01T00:00:00Z
http://www.wikidata.org/entity/Q1398117,http://www.wikidata.org/entity/Q588319,Türkiyemspor Berlin,27.0,2007-01-01T00:00:00Z,2008-01-01T00:00:00Z
http://www.wikidata.org/entity/Q1398117,http://www.wikidata.org/entity/Q692704,Berliner AK 07,6.0,2013-01-01T00:00:00Z,2014-01-01T00:00:00Z
http://www.wikidata.org/entity/Q1398117,http://www.wikidata.org/entity/Q1351014,Bugsaş Spor,5.0,2011-01-01T00:00:00Z,2012-01-01T00:00:00Z
http://www.wikidata.org/entity/Q1398117,http://www.wikidata.org/entity/Q33748,Hanovre 96,15.0,2008-01-01T00:00:00Z,2009-01-01T00:00:00Z
http://www.wikidata.org/entity/Q1398117,http://www.wikidata.org/entity/Q430107,Samsunspor,0.0,2010-01-01T00:00:00Z,2010-01-01T00:00:00Z
http://www.wikidata.org/entity/Q1398658,http://www.wikidata.org/entity/Q19615,Scunthorpe United FC,,2015-01-01T00:00:00Z,
http://www.wikidata.org/entity/Q1398658,http://www.wikidata.org/entity/Q216523,Motherwell Football Club,2.0,2008-01-01T00:00:00Z,2008-01-01T00:00:00Z
http://www.wikidata.org/entity/Q1398658,http://www.wikidata.org/entity/Q19626,Shrewsbury Town Football Club,38.0,2008-01-01T00:00:00Z,2009-01-01T00:00:00Z
http://www.wikidata.org/entity/Q1398658,http://www.wikidata.org/entity/Q18744,West Bromwich Albion,1.0,2004-01-01T00:00:00Z,2015-01-01T00:00:00Z
http://www.wikidata.org/entity/Q1398658,http://www.wikidata.org/entity/Q19637,Tranmere Rovers FC,37.0,2009-01-01T00:00:00Z,2010-01-01T00:00:00Z
http://www.wikidata.org/entity/Q1398658,http://www.wikidata.org/entity/Q2358861,équipe d'Angleterre de football des moins de 19 ans,2.0,2006-01-01T00:00:00Z,2007-01-01T00:00:00Z
http://www.wikidata.org/entity/Q1398658,http://www.wikidata.org/entity/Q19462,Charlton Athletic FC,0.0,2010-01-01T00:00:00Z,2010-01-01T00:00:00Z
http://www.wikidata.org/entity/Q1398658,http://www.wikidata.org/entity/Q48925,Bristol Rovers FC,9.0,2011-01-01T00:00:00Z,2011-01-01T00:00:00Z
http://www.wikidata.org/entity/Q1398658,http://www.wikidata.org/entity/Q48951,Southend United FC,9.0,2011-01-01T00:00:00Z,2012-01-01T00:00:00Z
http://www.wikidata.org/entity/Q1398658,http://www.wikidata.org/entity/Q48949,Rochdale AFC,1.0,2010-01-01T00:00:00Z,2010-01-01T00:00:00Z
http://www.wikidata.org/entity/Q1398845,http://www.wikidata.org/entity/Q995313,Bryne FK,24.0,2002-01-01T00:00:00Z,2003-01-01T00:00:00Z
http://www.wikidata.org/entity/Q1398845,http://www.wikidata.org/entity/Q2446294,équipe de Norvège espoirs de football,19.0,1989-01-01T00:00:00Z,1992-01-01T00:00:00Z
http://www.wikidata.org/entity/Q1398845,http://www.wikidata.org/entity/Q19607,Sheffield United FC,166.0,1993-01-01T00:00:00Z,1999-01-01T00:00:00Z
http://www.wikidata.org/entity/Q1398845,http://www.wikidata.org/entity/Q18741,Tottenham Hotspur,3.0,1999-01-01T00:00:00Z,1999-01-01T00:00:00Z
http://www.wikidata.org/entity/Q1398845,http://www.wikidata.org/entity/Q1779916,Stavanger IF,,2003-01-01T00:00:00Z,2004-01-01T00:00:00Z
http://www.wikidata.org/entity/Q1398845,http://www.wikidata.org/entity/Q208552,Molde FK,20.0,2000-01-01T00:00:00Z,2001-01-01T00:00:00Z
http://www.wikidata.org/entity/Q1398845,http://www.wikidata.org/entity/Q212490,Tromsø IL,3.0,1987-01-01T00:00:00Z,1988-01-01T00:00:00Z
http://www.wikidata.org/entity/Q1398845,http://www.wikidata.org/entity/Q211177,Viking FK,90.0,1989-01-01T00:00:00Z,1993-01-01T00:00:00Z
http://www.wikidata.org/entity/Q1398845,http://www.wikidata.org/entity/Q659780,Grazer AK,13.0,1999-01-01T00:00:00Z,2000-01-01T00:00:00Z
http://www.wikidata.org/entity/Q1398845,http://www.wikidata.org/entity/Q184387,équipe de Norvège de football,32.0,1990-01-01T00:00:00Z,2000-01-01T00:00:00Z
http://www.wikidata.org/entity/Q1398845,http://www.wikidata.org/entity/Q104770,1. FC Cologne,10.0,1993-01-01T00:00:00Z,1993-01-01T00:00:00Z
http://www.wikidata.org/entity/Q1399563,http://www.wikidata.org/entity/Q2902792,équipe d'Israël de football des moins de 19 ans,8.0,2002-01-01T00:00:00Z,2003-01-01T00:00:00Z
http://www.wikidata.org/entity/Q1399563,http://www.wikidata.org/entity/Q761583,Hapoël Kfar Sabah,15.0,2008-01-01T00:00:00Z,2008-01-01T00:00:00Z
http://www.wikidata.org/entity/Q1399563,http://www.wikidata.org/entity/Q191406,équipe d'Israël de football,,2010-01-01T00:00:00Z,
http://www.wikidata.org/entity/Q1399563,http://www.wikidata.org/entity/Q986529,Hapoël Beer-Sheva,,2014-01-01T00:00:00Z,
http://www.wikidata.org/entity/Q1399563,http://www.wikidata.org/entity/Q2919982,Maccabi Yavne F.C.,,2001-01-01T00:00:00Z,2002-01-01T00:00:00Z
http://www.wikidata.org/entity/Q1399563,http://www.wikidata.org/entity/Q2277185,équipe d'Israël espoirs de football,15.0,2003-01-01T00:00:00Z,2007-01-01T00:00:00Z
http://www.wikidata.org/entity/Q1399563,http://www.wikidata.org/entity/Q2129100,Maccabi Haïfa FC,24.0,2006-01-01T00:00:00Z,2008-01-01T00:00:00Z
http://www.wikidata.org/entity/Q1399563,http://www.wikidata.org/entity/Q190943,Wisła Cracovie,46.0,2011-01-01T00:00:00Z,2013-01-01T00:00:00Z
http://www.wikidata.org/entity/Q1399563,http://www.wikidata.org/entity/Q223727,Betar Jérusalem,111.0,2002-01-01T00:00:00Z,2006-01-01T00:00:00Z
http://www.wikidata.org/entity/Q1399563,http://www.wikidata.org/entity/Q212269,Valenciennes FC,52.0,2013-01-01T00:00:00Z,2014-01-01T00:00:00Z
http://www.wikidata.org/entity/Q1399563,http://www.wikidata.org/entity/Q986529,Hapoël Beer-Sheva,77.0,2008-01-01T00:00:00Z,2011-01-01T00:00:00Z
http://www.wikidata.org/entity/Q1399910,http://www.wikidata.org/entity/Q155186,FC Carl Zeiss Iéna,6.0,2011-01-01T00:00:00Z,2012-01-01T00:00:00Z
http://www.wikidata.org/entity/Q1399910,http://www.wikidata.org/entity/Q6463,FC Sankt Pauli,62.0,2008-01-01T00:00:00Z,2011-01-01T00:00:00Z
http://www.wikidata.org/entity/Q1399910,http://www.wikidata.org/entity/Q157828,SV Holstein Kiel,,2012-01-01T00:00:00Z,
http://www.wikidata.org/entity/Q1401421,http://www.wikidata.org/entity/Q19456,Bristol City Football Club,,2014-01-01T00:00:00Z,
http://www.wikidata.org/entity/Q1401421,http://www.wikidata.org/entity/Q19495,Peterborough United FC,148.0,2010-01-01T00:00:00Z,2014-01-01T00:00:00Z
http://www.wikidata.org/entity/Q1401421,http://www.wikidata.org/entity/Q19495,Peterborough United FC,9.0,2010-01-01T00:00:00Z,2010-01-01T00:00:00Z
http://www.wikidata.org/entity/Q1401421,http://www.wikidata.org/entity/Q19500,Wolverhampton Wanderers F.C.,,2006-01-01T00:00:00Z,
http://www.wikidata.org/entity/Q1401421,http://www.wikidata.org/entity/Q2358861,équipe d'Angleterre de football des moins de 19 ans,6.0,2006-01-01T00:00:00Z,2007-01-01T00:00:00Z
http://www.wikidata.org/entity/Q1401421,http://www.wikidata.org/entity/Q48935,Chesterfield Football Club,12.0,2009-01-01T00:00:00Z,2010-01-01T00:00:00Z
http://www.wikidata.org/entity/Q1401421,http://www.wikidata.org/entity/Q19500,Wolverhampton Wanderers F.C.,27.0,2005-01-01T00:00:00Z,2010-01-01T00:00:00Z
http://www.wikidata.org/entity/Q1401421,http://www.wikidata.org/entity/Q48945,Northampton Town FC,17.0,2008-01-01T00:00:00Z,2008-01-01T00:00:00Z
http://www.wikidata.org/entity/Q1401825,http://www.wikidata.org/entity/Q738917,équipe de Hongrie de football des moins de 19 ans,5.0,2009-01-01T00:00:00Z,2009-01-01T00:00:00Z
http://www.wikidata.org/entity/Q1401825,http://www.wikidata.org/entity/Q738917,équipe de Hongrie de football des moins de 19 ans,3.0,2008-01-01T00:00:00Z,2009-01-01T00:00:00Z
http://www.wikidata.org/entity/Q1401825,http://www.wikidata.org/entity/Q139399,Calcio Foggia 1920,20.0,2010-01-01T00:00:00Z,2011-01-01T00:00:00Z
http://www.wikidata.org/entity/Q1401825,http://www.wikidata.org/entity/Q6651,Brescia Calcio,2.0,2008-01-01T00:00:00Z,2012-01-01T00:00:00Z
http://www.wikidata.org/entity/Q1401825,http://www.wikidata.org/entity/Q385222,équipe de Hongrie espoirs de football,4.0,2009-01-01T00:00:00Z,2012-01-01T00:00:00Z
http://www.wikidata.org/entity/Q1401825,http://www.wikidata.org/entity/Q20429561,Sepsi OSK Sfântu Gheorghe,42.0,2022-09-01T00:00:00Z,2024-09-01T00:00:00Z
http://www.wikidata.org/entity/Q1401825,http://www.wikidata.org/entity/Q1198808,Bruk-Bet Nieciecza,4.0,2022-03-01T00:00:00Z,2022-09-01T00:00:00Z
http://www.wikidata.org/entity/Q1401825,http://www.wikidata.org/entity/Q3804552,Kalba SCC,9.0,2021-07-01T00:00:00Z,2022-03-01T00:00:00Z
http://www.wikidata.org/entity/Q1401825,http://www.wikidata.org/entity/Q244595,Újpest Football Club,12.0,2010-01-01T00:00:00Z,2010-01-01T00:00:00Z
http://www.wikidata.org/entity/Q1401825,http://www.wikidata.org/entity/Q170561,équipe de Hongrie de football,,2014-01-01T00:00:00Z,
http://www.wikidata.org/entity/Q1401825,http://www.wikidata.org/entity/Q208406,MTK Budapest FC,17.0,2021-01-01T00:00:00Z,2021-07-01T00:00:00Z
http://www.wikidata.org/entity/Q1401825,http://www.wikidata.org/entity/Q208396,Ferencvárosi TC,143.0,2015-01-01T00:00:00Z,2021-01-01T00:00:00Z
http://www.wikidata.org/entity/Q1401825,http://www.wikidata.org/entity/Q276346,Győri ETO FC,75.0,2012-01-01T00:00:00Z,2015-01-01T00:00:00Z
http://www.wikidata.org/entity/Q1401825,http://www.wikidata.org/entity/Q915352,Paksi SE,,2024-09-01T00:00:00Z,
http://www.wikidata.org/entity/Q1402153,http://www.wikidata.org/entity/Q318928,équipe du Liban de football,,2012-01-01T00:00:00Z,
http://www.wikidata.org/entity/Q1402153,http://www.wikidata.org/entity/Q100260236,Al Ijtimaii SC,9.0,2015-01-01T00:00:00Z,2016-01-01T00:00:00Z
http://www.wikidata.org/entity/Q1402153,http://www.wikidata.org/entity/Q585958,CS Pandurii Lignitul Târgu Jiu,19.0,2013-01-01T00:00:00Z,2015-01-01T00:00:00Z
http://www.wikidata.org/entity/Q1402153,http://www.wikidata.org/entity/Q33748,Hanovre 96,6.0,2011-01-01T00:00:00Z,2012-01-01T00:00:00Z
http://www.wikidata.org/entity/Q1402153,http://www.wikidata.org/entity/Q100260236,Al Ijtimaii SC,20.0,2012-01-01T00:00:00Z,2013-01-01T00:00:00Z
http://www.wikidata.org/entity/Q1402404,http://www.wikidata.org/entity/Q154293,MSV Duisbourg,49.0,1997-01-01T00:00:00Z,2001-01-01T00:00:00Z
http://www.wikidata.org/entity/Q1402404,http://www.wikidata.org/entity/Q101959,Borussia Mönchengladbach,257.0,1987-01-01T00:00:00Z,1997-01-01T00:00:00Z
http://www.wikidata.org/entity/Q1402404,http://www.wikidata.org/entity/Q159936,Kickers Offenbach,35.0,1984-01-01T00:00:00Z,1985-01-01T00:00:00Z
http://www.wikidata.org/entity/Q1402404,http://www.wikidata.org/entity/Q310608,SC Fortuna Cologne,18.0,1985-01-01T00:00:00Z,1986-01-01T00:00:00Z
http://www.wikidata.org/entity/Q1402404,http://www.wikidata.org/entity/Q314851,équipe d'Allemagne espoirs de football,13.0,1985-01-01T00:00:00Z,1987-01-01T00:00:00Z
http://www.wikidata.org/entity/Q1402404,http://www.wikidata.org/entity/Q170134,SV Waldhof Mannheim,48.0,1986-01-01T00:00:00Z,1987-01-01T00:00:00Z
http://www.wikidata.org/entity/Q1402404,http://www.wikidata.org/entity/Q15786,1. FC Nuremberg,6.0,1985-01-01T00:00:00Z,1985-01-01T00:00:00Z
http://www.wikidata.org/entity/Q1403053,http://www.wikidata.org/entity/Q324854,équipe d'Allemagne de football des moins de 19 ans,4.0,2010-01-01T00:00:00Z,2010-01-01T00:00:00Z
http://www.wikidata.org/entity/Q1403053,http://www.wikidata.org/entity/Q274778,Krylia Sovetov Samara,15.0,2013-01-01T00:00:00Z,2014-01-01T00:00:00Z
http://www.wikidata.org/entity/Q1403053,http://www.wikidata.org/entity/Q182930,FK Rostov,0.0,2015-01-01T00:00:00Z,2015-01-01T00:00:00Z
http://www.wikidata.org/entity/Q1403053,http://www.wikidata.org/entity/Q155186,FC Carl Zeiss Iéna,15.0,2011-01-01T00:00:00Z,2011-01-01T00:00:00Z
http://www.wikidata.org/entity/Q1403053,http://www.wikidata.org/entity/Q2137561,FK Oufa,9.0,2014-01-01T00:00:00Z,2015-01-01T00:00:00Z
http://www.wikidata.org/entity/Q1403053,http://www.wikidata.org/entity/Q4545849,FC Nuremberg II,14.0,2010-01-01T00:00:00Z,2013-01-01T00:00:00Z
http://www.wikidata.org/entity/Q1403053,http://www.wikidata.org/entity/Q15786,1. FC Nuremberg,0.0,2010-01-01T00:00:00Z,2013-01-01T00:00:00Z
http://www.wikidata.org/entity/Q1403053,http://www.wikidata.org/entity/Q157020,SC Rot-Weiss Oberhausen,34.0,2011-01-01T00:00:00Z,2012-01-01T00:00:00Z
http://www.wikidata.org/entity/Q1403053,http://www.wikidata.org/entity/Q2817362,Arsenal Toula,,2016-01-01T00:00:00Z,
http://www.wikidata.org/entity/Q1403053,http://www.wikidata.org/entity/Q316497,équipe d'Allemagne de football des moins de 20 ans,1.0,2011-01-01T00:00:00Z,2011-01-01T00:00:00Z
http://www.wikidata.org/entity/Q1403053,http://www.wikidata.org/entity/Q157352,FSV Francfort,0.0,2013-01-01T00:00:00Z,2013-01-01T00:00:00Z
http://www.wikidata.org/entity/Q1403053,http://www.wikidata.org/entity/Q194387,équipe du Costa Rica de football,,2014-01-01T00:00:00Z,
http://www.wikidata.org/entity/Q1403385,http://www.wikidata.org/entity/Q17521353,Arminia Bielefeld II,1.0,2012-01-01T00:00:00Z,2012-01-01T00:00:00Z
http://www.wikidata.org/entity/Q1403385,http://www.wikidata.org/entity/Q33748,Hanovre 96,50.0,2009-01-01T00:00:00Z,2011-01-01T00:00:00Z
http://www.wikidata.org/entity/Q1403385,http://www.wikidata.org/entity/Q105844,DSC Arminia Bielefeld,,2013-01-01T00:00:00Z,
http://www.wikidata.org/entity/Q1403385,http://www.wikidata.org/entity/Q105844,DSC Arminia Bielefeld,,2011-01-01T00:00:00Z,
http://www.wikidata.org/entity/Q1403552,http://www.wikidata.org/entity/Q297430,S.S. Arezzo,34.0,1988-01-01T00:00:00Z,1989-01-01T00:00:00Z
http://www.wikidata.org/entity/Q1403552,http://www.wikidata.org/entity/Q1900,Cagliari Calcio,167.0,1991-01-01T00:00:00Z,1997-01-01T00:00:00Z
http://www.wikidata.org/entity/Q1403552,http://www.wikidata.org/entity/Q16344,AC Pérouse Calcio,32.0,1999-01-01T00:00:00Z,2000-01-01T00:00:00Z
http://www.wikidata.org/entity/Q1403552,http://www.wikidata.org/entity/Q1279917,Pistoiese Football Club,66.0,1984-01-01T00:00:00Z,1987-01-01T00:00:00Z
http://www.wikidata.org/entity/Q1403552,http://www.wikidata.org/entity/Q6651,Brescia Calcio,32.0,2000-01-01T00:00:00Z,2001-01-01T00:00:00Z
http://www.wikidata.org/entity/Q1403552,http://www.wikidata.org/entity/Q1279917,Pistoiese Football Club,28.0,2001-01-01T00:00:00Z,2002-01-01T00:00:00Z
http://www.wikidata.org/entity/Q1403552,http://www.wikidata.org/entity/Q1380971,Football Club Esperia Viareggio,67.0,1989-01-01T00:00:00Z,1991-01-01T00:00:00Z
http://www.wikidata.org/entity/Q1403552,http://www.wikidata.org/entity/Q6703,Empoli Football Club,41.0,1997-01-01T00:00:00Z,1999-01-01T00:00:00Z
http://www.wikidata.org/entity/Q1403552,http://www.wikidata.org/entity/Q16348,FC Alessandria,33.0,1987-01-01T00:00:00Z,1988-01-01T00:00:00Z
http://www.wikidata.org/entity/Q1404677,http://www.wikidata.org/entity/Q8408,Modène Football Club,34.0,2006-01-01T00:00:00Z,2007-01-01T00:00:00Z
http://www.wikidata.org/entity/Q1404677,http://www.wikidata.org/entity/Q3873548,équipe d'Italie de football des moins de 20 ans,13.0,2004-01-01T00:00:00Z,2005-01-01T00:00:00Z
http://www.wikidata.org/entity/Q1404677,http://www.wikidata.org/entity/Q8408,Modène Football Club,,2015-01-01T00:00:00Z,
http://www.wikidata.org/entity/Q1404677,http://www.wikidata.org/entity/Q2331232,équipe d'Italie de football des moins de 17 ans,1.0,2001-01-01T00:00:00Z,2001-01-01T00:00:00Z
http://www.wikidata.org/entity/Q1404677,http://www.wikidata.org/entity/Q8428,Calcio Padova,19.0,2012-01-01T00:00:00Z,2012-01-01T00:00:00Z
http://www.wikidata.org/entity/Q1404677,http://www.wikidata.org/entity/Q430993,Mantova 1911,16.0,2005-01-01T00:00:00Z,2006-01-01T00:00:00Z
http://www.wikidata.org/entity/Q1404677,http://www.wikidata.org/entity/Q6641,SSC Bari,16.0,2011-01-01T00:00:00Z,2011-01-01T00:00:00Z
http://www.wikidata.org/entity/Q1404677,http://www.wikidata.org/entity/Q3873513,équipe d'Italie de football des moins de 18 ans,2.0,2003-01-01T00:00:00Z,2003-01-01T00:00:00Z
http://www.wikidata.org/entity/Q1404677,http://www.wikidata.org/entity/Q2266580,équipe d'Italie de football des moins de 19 ans,12.0,2003-01-01T00:00:00Z,2004-01-01T00:00:00Z
http://www.wikidata.org/entity/Q1404677,http://www.wikidata.org/entity/Q14753120,équipe d'Italie de football des moins de 15 ans,12.0,2000-01-01T00:00:00Z,2001-01-01T00:00:00Z
http://www.wikidata.org/entity/Q1417622,http://www.wikidata.org/entity/Q105844,DSC Arminia Bielefeld,72.0,2002-01-01T00:00:00Z,2005-01-01T00:00:00Z
http://www.wikidata.org/entity/Q1417622,http://www.wikidata.org/entity/Q17521353,Arminia Bielefeld II,72.0,2002-01-01T00:00:00Z,2005-01-01T00:00:00Z
http://www.wikidata.org/entity/Q1417622,http://www.wikidata.org/entity/Q154053,Eintracht Brunswick,29.0,2005-01-01T00:00:00Z,2007-01-01T00:00:00Z
http://www.wikidata.org/entity/Q1417622,http://www.wikidata.org/entity/Q4107588,SV Werder Bremen II,43.0,2007-01-01T00:00:00Z,2009-01-01T00:00:00Z
http://www.wikidata.org/entity/Q1417622,http://www.wikidata.org/entity/Q155218,Rot-Weiss Essen,5.0,2009-01-01T00:00:00Z,2010-01-01T00:00:00Z
http://www.wikidata.org/entity/Q1419624,http://www.wikidata.org/entity/Q160530,VfL Osnabrück,11.0,2008-01-01T00:00:00Z,2009-01-01T00:00:00Z
http://www.wikidata.org/entity/Q1419624,http://www.wikidata.org/entity/Q155186,FC Carl Zeiss Iéna,12.0,2009-01-01T00:00:00Z,2009-01-01T00:00:00Z
http://www.wikidata.org/entity/Q1419624,http://www.wikidata.org/entity/Q16559523,Eintracht Braunschweig II,37.0,2002-01-01T00:00:00Z,2008-01-01T00:00:00Z
http://www.wikidata.org/entity/Q1419624,http://www.wikidata.org/entity/Q33748,Hanovre 96,88.0,2010-01-01T00:00:00Z,2013-01-01T00:00:00Z
http://www.wikidata.org/entity/Q1419624,http://www.wikidata.org/entity/Q154053,Eintracht Brunswick,126.0,2002-01-01T00:00:00Z,2008-01-01T00:00:00Z
http://www.wikidata.org/entity/Q1419624,http://www.wikidata.org/entity/Q155730,1. FC Magdebourg,28.0,2009-01-01T00:00:00Z,2010-01-01T00:00:00Z
http://www.wikidata.org/entity/Q1419624,http://www.wikidata.org/entity/Q155730,1. FC Magdebourg,,2013-01-01T00:00:00Z,
http://www.wikidata.org/entity/Q1419624,http://www.wikidata.org/entity/Q160530,VfL Osnabrück,10.0,2008-01-01T00:00:00Z,2008-01-01T00:00:00Z
http://www.wikidata.org/entity/Q1419961,http://www.wikidata.org/entity/Q760736,Stade lavallois,17.0,2004-01-01T00:00:00Z,2005-01-01T00:00:00Z
http://www.wikidata.org/entity/Q1419961,http://www.wikidata.org/entity/Q920263,Hertha Berliner Sport-Club II,64.0,2001-01-01T00:00:00Z,2004-01-01T00:00:00Z
http://www.wikidata.org/entity/Q1419961,http://www.wikidata.org/entity/Q7646985,Suruhanjaya Perkhidmatan Awam FC,17.0,2013-01-01T00:00:00Z,2022-01-01T00:00:00Z
http://www.wikidata.org/entity/Q1419961,http://www.wikidata.org/entity/Q910588,Egri FC,13.0,2011-01-01T00:00:00Z,2012-01-01T00:00:00Z
http://www.wikidata.org/entity/Q1419961,http://www.wikidata.org/entity/Q102720,Hertha BSC,1.0,2001-01-01T00:00:00Z,2004-01-01T00:00:00Z
http://www.wikidata.org/entity/Q1419961,http://www.wikidata.org/entity/Q620811,S.C. Damash,14.0,2007-01-01T00:00:00Z,2008-01-01T00:00:00Z
http://www.wikidata.org/entity/Q1419961,http://www.wikidata.org/entity/Q560102,Hanoi F.C.,,2011-01-01T00:00:00Z,
http://www.wikidata.org/entity/Q1419961,http://www.wikidata.org/entity/Q286801,Sharjah SC,19.0,2010-01-01T00:00:00Z,2010-01-01T00:00:00Z
http://www.wikidata.org/entity/Q1419961,http://www.wikidata.org/entity/Q6443342,Pegah F.C.,16.0,2007-01-01T00:00:00Z,2008-01-01T00:00:00Z
http://www.wikidata.org/entity/Q1419961,http://www.wikidata.org/entity/Q289286,AC Horsens,36.0,2005-01-01T00:00:00Z,2007-01-01T00:00:00Z
http://www.wikidata.org/entity/Q1419961,http://www.wikidata.org/entity/Q841378,FK DAC 1904 Dunajská Streda,18.0,2012-01-01T00:00:00Z,2012-01-01T00:00:00Z
http://www.wikidata.org/entity/Q1419961,http://www.wikidata.org/entity/Q126301,Al-Salmiya SC,28.0,2010-01-01T00:00:00Z,2011-01-01T00:00:00Z
http://www.wikidata.org/entity/Q1419961,http://www.wikidata.org/entity/Q680770,Fotbal Club UTA Arad,14.0,2009-01-01T00:00:00Z,2010-01-01T00:00:00Z
http://www.wikidata.org/entity/Q1419961,http://www.wikidata.org/entity/Q169327,Al Ansar Football Club,25.0,2008-01-01T00:00:00Z,2010-01-01T00:00:00Z
http://www.wikidata.org/entity/Q1422678,http://www.wikidata.org/entity/Q154293,MSV Duisbourg,,2013-01-01T00:00:00Z,
http://www.wikidata.org/entity/Q1422678,http://www.wikidata.org/entity/Q154053,Eintracht Brunswick,58.0,2008-01-01T00:00:00Z,2010-01-01T00:00:00Z
http://www.wikidata.org/entity/Q1422678,http://www.wikidata.org/entity/Q7572134,SpVgg Greuther Fürth II,18.0,2011-01-01T00:00:00Z,2013-01-01T00:00:00Z
http://www.wikidata.org/entity/Q1422678,http://www.wikidata.org/entity/Q639525,SV Sandhausen,13.0,2012-01-01T00:00:00Z,2012-01-01T00:00:00Z
http://www.wikidata.org/entity/Q1422678,http://www.wikidata.org/entity/Q566172,SC 07 Idar-Oberstein,26.0,2007-01-01T00:00:00Z,2008-01-01T00:00:00Z
http://www.wikidata.org/entity/Q1422678,http://www.wikidata.org/entity/Q153539,SpVgg Greuther Fürth,21.0,2010-01-01T00:00:00Z,2013-01-01T00:00:00Z
http://www.wikidata.org/entity/Q1423384,http://www.wikidata.org/entity/Q946297,équipe du pays de Galles espoirs de football,7.0,2003-01-01T00:00:00Z,2005-01-01T00:00:00Z
http://www.wikidata.org/entity/Q1423384,http://www.wikidata.org/entity/Q3590809,équipe du pays de Galles de football des moins de 17 ans,2.0,2001-01-01T00:00:00Z,2001-01-01T00:00:00Z
http://www.wikidata.org/entity/Q1423384,http://www.wikidata.org/entity/Q5060586,Central Coast Mariners Academy,27.0,2013-01-01T00:00:00Z,2014-01-01T00:00:00Z
http://www.wikidata.org/entity/Q1423384,http://www.wikidata.org/entity/Q18529,Wrexham FC,93.0,2003-01-01T00:00:00Z,2008-01-01T00:00:00Z
http://www.wikidata.org/entity/Q1423384,http://www.wikidata.org/entity/Q239241,Port Talbot Town Football Club,4.0,2011-01-01T00:00:00Z,2011-01-01T00:00:00Z
http://www.wikidata.org/entity/Q1423384,http://www.wikidata.org/entity/Q762294,Central Coast Mariners FC,13.0,2009-01-01T00:00:00Z,2010-01-01T00:00:00Z
http://www.wikidata.org/entity/Q1423384,http://www.wikidata.org/entity/Q18660,Altrincham Football Club,5.0,2009-01-01T00:00:00Z,2009-01-01T00:00:00Z
http://www.wikidata.org/entity/Q1423384,http://www.wikidata.org/entity/Q3590810,équipe du pays de Galles de football des moins de 19 ans,3.0,2002-01-01T00:00:00Z,2002-01-01T00:00:00Z
http://www.wikidata.org/entity/Q1423384,http://www.wikidata.org/entity/Q2978308,Farnborough F.C.,2.0,2010-01-01T00:00:00Z,2010-01-01T00:00:00Z
http://www.wikidata.org/entity/Q1423384,http://www.wikidata.org/entity/Q18660,Altrincham Football Club,9.0,2010-01-01T00:00:00Z,2010-01-01T00:00:00Z
http://www.wikidata.org/entity/Q1423384,http://www.wikidata.org/entity/Q856137,Club Deportivo Ourense,20.0,2011-01-01T00:00:00Z,2012-01-01T00:00:00Z
http://www.wikidata.org/entity/Q1423384,http://www.wikidata.org/entity/Q18486,Northwich Victoria Football Club,56.0,2008-01-01T00:00:00Z,2009-01-01T00:00:00Z
http://www.wikidata.org/entity/Q1423384,http://www.wikidata.org/entity/Q18732,Southampton FC,0.0,2002-01-01T00:00:00Z,2003-01-01T00:00:00Z
http://www.wikidata.org/entity/Q1423384,http://www.wikidata.org/entity/Q239241,Port Talbot Town Football Club,24.0,2012-01-01T00:00:00Z,2013-01-01T00:00:00Z
http://www.wikidata.org/entity/Q1423384,http://www.wikidata.org/entity/Q5060583,Central Coast United,,2015-01-01T00:00:00Z,
http://www.wikidata.org/entity/Q1425590,http://www.wikidata.org/entity/Q24347593,UD Llanera,,2019-01-01T00:00:00Z,
http://www.wikidata.org/entity/Q1425590,http://www.wikidata.org/entity/Q12230,Real Murcie,64.0,2011-01-01T00:00:00Z,2013-01-01T00:00:00Z
http://www.wikidata.org/entity/Q1425590,http://www.wikidata.org/entity/Q12278,Sporting Gijón,116.0,2005-01-01T00:00:00Z,2011-01-01T00:00:00Z
http://www.wikidata.org/entity/Q1425590,http://www.wikidata.org/entity/Q2504228,Unió Esportiva Llagostera,,2014-01-01T00:00:00Z,
http://www.wikidata.org/entity/Q1425590,http://www.wikidata.org/entity/Q257984,Gimnàstic,34.0,2009-01-01T00:00:00Z,2010-01-01T00:00:00Z
http://www.wikidata.org/entity/Q1425590,http://www.wikidata.org/entity/Q11984,Club Deportivo Lugo,11.0,2013-01-01T00:00:00Z,2014-01-01T00:00:00Z
http://www.wikidata.org/entity/Q1430147,http://www.wikidata.org/entity/Q5014453,FC Academica Clinceni,34.0,2020-08-01T00:00:00Z,2021-12-01T00:00:00Z
http://www.wikidata.org/entity/Q1430147,http://www.wikidata.org/entity/Q7362519,équipe de Roumanie des moins de 19 ans,1.0,2008-01-01T00:00:00Z,2008-01-01T00:00:00Z
http://www.wikidata.org/entity/Q1430147,http://www.wikidata.org/entity/Q179658,FCSB,81.0,2010-01-01T00:00:00Z,2014-01-01T00:00:00Z
http://www.wikidata.org/entity/Q1430147,http://www.wikidata.org/entity/Q18732,Southampton FC,11.0,2014-01-01T00:00:00Z,2018-01-01T00:00:00Z
http://www.wikidata.org/entity/Q1430147,http://www.wikidata.org/entity/Q2175909,équipe de Roumanie espoirs de football,9.0,2009-01-01T00:00:00Z,2011-01-01T00:00:00Z
http://www.wikidata.org/entity/Q1430147,http://www.wikidata.org/entity/Q168397,équipe de Roumanie de football,14.0,2011-01-01T00:00:00Z,2022-01-01T00:00:00Z
http://www.wikidata.org/entity/Q1430147,http://www.wikidata.org/entity/Q1024463,CS Concordia Chiajna,51.0,2006-01-01T00:00:00Z,2010-01-01T00:00:00Z
http://www.wikidata.org/entity/Q1430147,http://www.wikidata.org/entity/Q1024390,CSM Politehnica Iași,14.0,2019-01-10T00:00:00Z,2019-06-01T00:00:00Z
http://www.wikidata.org/entity/Q1430147,http://www.wikidata.org/entity/Q629277,CF Olimpia Satu Mare,,2006-01-01T00:00:00Z,2008-01-01T00:00:00Z
http://www.wikidata.org/entity/Q1430147,http://www.wikidata.org/entity/Q16838020,CS Universitatea Craiova,4.0,2018-07-01T00:00:00Z,2020-08-01T00:00:00Z
http://www.wikidata.org/entity/Q1430147,http://www.wikidata.org/entity/Q16838020,CS Universitatea Craiova,3.0,2018-02-19T00:00:00Z,2018-07-01T00:00:00Z
http://www.wikidata.org/entity/Q1433655,http://www.wikidata.org/entity/Q753580,GKS Bełchatów,6.0,2012-01-01T00:00:00Z,2013-01-01T00:00:00Z
http://www.wikidata.org/entity/Q1433655,http://www.wikidata.org/entity/Q819419,VfR Wormatia Worms,,2014-01-01T00:00:00Z,
http://www.wikidata.org/entity/Q1433655,http://www.wikidata.org/entity/Q8466,1. FC Kaiserslautern,92.0,2009-01-01T00:00:00Z,2012-01-01T00:00:00Z
http://www.wikidata.org/entity/Q1436053,http://www.wikidata.org/entity/Q4545849,FC Nuremberg II,48.0,2002-01-01T00:00:00Z,2005-01-01T00:00:00Z
http://www.wikidata.org/entity/Q1436053,http://www.wikidata.org/entity/Q15786,1. FC Nuremberg,48.0,2002-01-01T00:00:00Z,2005-01-01T00:00:00Z
http://www.wikidata.org/entity/Q1436053,http://www.wikidata.org/entity/Q170117,FC Ingolstadt 04,67.0,2005-01-01T00:00:00Z,2008-01-01T00:00:00Z
http://www.wikidata.org/entity/Q1436053,http://www.wikidata.org/entity/Q265570,SSV Jahn Ratisbonne,113.0,2008-01-01T00:00:00Z,2012-01-01T00:00:00Z
http://www.wikidata.org/entity/Q1441231,http://www.wikidata.org/entity/Q762294,Central Coast Mariners FC,8.0,2016-01-01T00:00:00Z,2016-01-01T00:00:00Z
http://www.wikidata.org/entity/Q1441231,http://www.wikidata.org/entity/Q1387648,Esan United FC,4.0,2015-01-01T00:00:00Z,2015-01-01T00:00:00Z
http://www.wikidata.org/entity/Q1441231,http://www.wikidata.org/entity/Q19597,Rangers FC,,2012-01-01T00:00:00Z,2013-01-01T00:00:00Z
http://www.wikidata.org/entity/Q1441231,http://www.wikidata.org/entity/Q3550633,Unione Sportiva Borgo a Buggiano 1920,21.0,2011-01-01T00:00:00Z,2012-01-01T00:00:00Z
http://www.wikidata.org/entity/Q1441231,http://www.wikidata.org/entity/Q2756,Sienne FC,0.0,2009-01-01T00:00:00Z,2012-01-01T00:00:00Z
http://www.wikidata.org/entity/Q1441231,http://www.wikidata.org/entity/Q1510813,South Melbourne FC,19.0,2008-01-01T00:00:00Z,2009-01-01T00:00:00Z
http://www.wikidata.org/entity/Q1441231,http://www.wikidata.org/entity/Q17514257,Avondale Heights SC,10.0,2015-01-01T00:00:00Z,2015-01-01T00:00:00Z
http://www.wikidata.org/entity/Q1443325,http://www.wikidata.org/entity/Q15786,1. FC Nuremberg,5.0,1987-01-01T00:00:00Z,1988-01-01T00:00:00Z
http://www.wikidata.org/entity/Q1443325,http://www.wikidata.org/entity/Q1881958,MTV Gifhorn,4.0,2006-01-01T00:00:00Z,2007-01-01T00:00:00Z
http://www.wikidata.org/entity/Q1443325,http://www.wikidata.org/entity/Q824266,DVV Coburg,,1985-01-01T00:00:00Z,1987-01-01T00:00:00Z
http://www.wikidata.org/entity/Q1443325,http://www.wikidata.org/entity/Q101859,VfL Wolfsburg,127.0,1997-01-01T00:00:00Z,2003-01-01T00:00:00Z
http://www.wikidata.org/entity/Q1443325,http://www.wikidata.org/entity/Q104770,1. FC Cologne,176.0,1988-01-01T00:00:00Z,1995-01-01T00:00:00Z
http://www.wikidata.org/entity/Q1443325,http://www.wikidata.org/entity/Q8466,1. FC Kaiserslautern,50.0,1995-01-01T00:00:00Z,1997-01-01T00:00:00Z
http://www.wikidata.org/entity/Q1445171,http://www.wikidata.org/entity/Q896736,VfB Leipzig,105.0,1992-01-01T00:00:00Z,1998-01-01T00:00:00Z
http://www.wikidata.org/entity/Q1445171,http://www.wikidata.org/entity/Q80987,Fluminense FC,2.0,1991-01-01T00:00:00Z,1991-01-01T00:00:00Z
http://www.wikidata.org/entity/Q1445171,http://www.wikidata.org/entity/Q107818,FC Energie Cottbus,84.0,1998-01-01T00:00:00Z,2003-01-01T00:00:00Z
http://www.wikidata.org/entity/Q1445171,http://www.wikidata.org/entity/Q162317,1. FC Lokomotive Leipzig,105.0,1992-01-01T00:00:00Z,1998-01-01T00:00:00Z
http://www.wikidata.org/entity/Q1445754,http://www.wikidata.org/entity/Q464406,TSV Crailsheim,,2003-01-01T00:00:00Z,2003-01-01T00:00:00Z
http://www.wikidata.org/entity/Q1445754,http://www.wikidata.org/entity/Q155730,1. FC Magdebourg,,1999-01-01T00:00:00Z,2000-01-01T00:00:00Z
http://www.wikidata.org/entity/Q1445754,http://www.wikidata.org/entity/Q5424977,FC Ingolstadt 04 II,,2005-01-01T00:00:00Z,2007-01-01T00:00:00Z
http://www.wikidata.org/entity/Q1445754,http://www.wikidata.org/entity/Q15755,FC Augsbourg,6.0,2001-01-01T00:00:00Z,2002-01-01T00:00:00Z
http://www.wikidata.org/entity/Q1445754,http://www.wikidata.org/entity/Q131603,TSV Munich 1860,5.0,1999-01-01T00:00:00Z,1999-01-01T00:00:00Z
http://www.wikidata.org/entity/Q1445754,http://www.wikidata.org/entity/Q170117,FC Ingolstadt 04,,2005-01-01T00:00:00Z,2007-01-01T00:00:00Z
http://www.wikidata.org/entity/Q1445754,http://www.wikidata.org/entity/Q15786,1. FC Nuremberg,43.0,1997-01-01T00:00:00Z,1998-01-01T00:00:00Z
http://www.wikidata.org/entity/Q1445754,http://www.wikidata.org/entity/Q568276,Bonner SC,,2002-01-01T00:00:00Z,2002-01-01T00:00:00Z
http://www.wikidata.org/entity/Q1578878,http://www.wikidata.org/entity/Q48946,Oxford United Football Club,0.0,2002-01-01T00:00:00Z,2002-01-01T00:00:00Z
http://www.wikidata.org/entity/Q1578878,http://www.wikidata.org/entity/Q4922838,Blackfield & Langley F.C.,,2012-01-01T00:00:00Z,
http://www.wikidata.org/entity/Q1578878,http://www.wikidata.org/entity/Q6416556,Sholing F.C.,158.0,2004-01-01T00:00:00Z,2012-01-01T00:00:00Z
http://www.wikidata.org/entity/Q1578878,http://www.wikidata.org/entity/Q18732,Southampton FC,9.0,1998-01-01T00:00:00Z,2002-01-01T00:00:00Z
http://www.wikidata.org/entity/Q1578878,http://www.wikidata.org/entity/Q18526,Stockport County FC,2.0,1999-01-01T00:00:00Z,1999-01-01T00:00:00Z
http://www.wikidata.org/entity/Q1579742,http://www.wikidata.org/entity/Q2277185,équipe d'Israël espoirs de football,17.0,2007-01-01T00:00:00Z,2010-01-01T00:00:00Z
http://www.wikidata.org/entity/Q1579742,http://www.wikidata.org/entity/Q206585,Hapoël Tel-Aviv,12.0,2013-01-01T00:00:00Z,2013-01-01T00:00:00Z
http://www.wikidata.org/entity/Q1579742,http://www.wikidata.org/entity/Q15786,1. FC Nuremberg,58.0,2010-01-01T00:00:00Z,2013-01-01T00:00:00Z
http://www.wikidata.org/entity/Q1579742,http://www.wikidata.org/entity/Q170117,FC Ingolstadt 04,,2013-01-01T00:00:00Z,
http://www.wikidata.org/entity/Q1579742,http://www.wikidata.org/entity/Q426513,Maccabi Netanya,89.0,2007-01-01T00:00:00Z,2010-01-01T00:00:00Z
http://www.wikidata.org/entity/Q1579742,http://www.wikidata.org/entity/Q191406,équipe d'Israël de football,13.0,2010-01-01T00:00:00Z,2012-01-01T00:00:00Z
http://www.wikidata.org/entity/Q1583330,http://www.wikidata.org/entity/Q157464,KFC Uerdingen 05,21.0,1999-01-01T00:00:00Z,1999-01-01T00:00:00Z
http://www.wikidata.org/entity/Q1583330,http://www.wikidata.org/entity/Q699686,SC Schwarz-Weiß Bregenz,9.0,2001-01-01T00:00:00Z,2001-01-01T00:00:00Z
http://www.wikidata.org/entity/Q1583330,http://www.wikidata.org/entity/Q292618,AGOVV Apeldoorn,18.0,2009-01-01T00:00:00Z,2010-01-01T00:00:00Z
http://www.wikidata.org/entity/Q1583330,http://www.wikidata.org/entity/Q24904,ADO La Haye,33.0,2007-01-01T00:00:00Z,2009-01-01T00:00:00Z
http://www.wikidata.org/entity/Q1583330,http://www.wikidata.org/entity/Q2426009,SV Spakenburg,,2010-01-01T00:00:00Z,2012-01-01T00:00:00Z
http://www.wikidata.org/entity/Q1583330,http://www.wikidata.org/entity/Q292618,AGOVV Apeldoorn,20.0,2008-01-01T00:00:00Z,2009-01-01T00:00:00Z
http://www.wikidata.org/entity/Q1583330,http://www.wikidata.org/entity/Q1053518,Dayton Dutch Lions,11.0,2010-01-01T00:00:00Z,2010-01-01T00:00:00Z
http://www.wikidata.org/entity/Q1583330,http://www.wikidata.org/entity/Q24680,FC Utrecht,56.0,2003-01-01T00:00:00Z,2005-01-01T00:00:00Z
http://www.wikidata.org/entity/Q1583330,http://www.wikidata.org/entity/Q24699,RKC Waalwijk,49.0,2005-01-01T00:00:00Z,2007-01-01T00:00:00Z
http://www.wikidata.org/entity/Q1583330,http://www.wikidata.org/entity/Q701290,SSV Ulm 1846,33.0,1999-01-01T00:00:00Z,2001-01-01T00:00:00Z
http://www.wikidata.org/entity/Q1583330,http://www.wikidata.org/entity/Q221927,De Graafschap Doetinchem,46.0,1996-01-01T00:00:00Z,1998-01-01T00:00:00Z
http://www.wikidata.org/entity/Q1583330,http://www.wikidata.org/entity/Q14551982,SSV Ulm 1846 Fußball,33.0,1999-01-01T00:00:00Z,2001-01-01T00:00:00Z
http://www.wikidata.org/entity/Q1583330,http://www.wikidata.org/entity/Q157464,KFC Uerdingen 05,21.0,1998-01-01T00:00:00Z,1999-01-01T00:00:00Z
http://www.wikidata.org/entity/Q1583330,http://www.wikidata.org/entity/Q854141,HFC Haarlem,48.0,1994-01-01T00:00:00Z,1996-01-01T00:00:00Z
http://www.wikidata.org/entity/Q1583330,http://www.wikidata.org/entity/Q874665,Schwarz-Weiß Bregenz,9.0,2001-01-01T00:00:00Z,2001-01-01T00:00:00Z
http://www.wikidata.org/entity/Q1583330,http://www.wikidata.org/entity/Q221927,De Graafschap Doetinchem,44.0,2002-01-01T00:00:00Z,2003-01-01T00:00:00Z
http://www.wikidata.org/entity/Q1585721,http://www.wikidata.org/entity/Q7924284,VfL Bochum II,15.0,2007-01-01T00:00:00Z,2009-01-01T00:00:00Z
http://www.wikidata.org/entity/Q1585721,http://www.wikidata.org/entity/Q741382,Kapfenberger SV,12.0,2011-01-01T00:00:00Z,2012-01-01T00:00:00Z
http://www.wikidata.org/entity/Q1585721,http://www.wikidata.org/entity/Q105861,VfL Bochum,0.0,2007-01-01T00:00:00Z,2009-01-01T00:00:00Z
http://www.wikidata.org/entity/Q1585721,http://www.wikidata.org/entity/Q749113,SK Austria Kärnten,20.0,2009-01-01T00:00:00Z,2010-01-01T00:00:00Z
http://www.wikidata.org/entity/Q1585721,http://www.wikidata.org/entity/Q16536906,Bayer 04 Leverkusen II,16.0,2011-01-01T00:00:00Z,2011-01-01T00:00:00Z
http://www.wikidata.org/entity/Q1585721,http://www.wikidata.org/entity/Q1387445,FC Juniors OÖ,14.0,2010-01-01T00:00:00Z,2010-01-01T00:00:00Z
http://www.wikidata.org/entity/Q1585721,http://www.wikidata.org/entity/Q131209,FK Austria Vienne,17.0,2008-01-01T00:00:00Z,2008-01-01T00:00:00Z
http://www.wikidata.org/entity/Q1585721,http://www.wikidata.org/entity/Q141931,SG Dynamo Dresde,13.0,2010-01-01T00:00:00Z,2011-01-01T00:00:00Z
http://www.wikidata.org/entity/Q1585721,http://www.wikidata.org/entity/Q749113,SK Austria Kärnten,20.0,2009-01-01T00:00:00Z,2009-01-01T00:00:00Z
http://www.wikidata.org/entity/Q1585721,http://www.wikidata.org/entity/Q699184,SK Austria Klagenfurt,10.0,2012-01-01T00:00:00Z,2012-01-01T00:00:00Z
http://www.wikidata.org/entity/Q1585721,http://www.wikidata.org/entity/Q303033,équipe d'Autriche espoirs de football,5.0,2009-01-01T00:00:00Z,2009-01-01T00:00:00Z
http://www.wikidata.org/entity/Q1585721,http://www.wikidata.org/entity/Q303033,équipe d'Autriche espoirs de football,5.0,2008-01-01T00:00:00Z,2009-01-01T00:00:00Z
http://www.wikidata.org/entity/Q1585721,http://www.wikidata.org/entity/Q383196,FC Kärnten,37.0,2005-01-01T00:00:00Z,2007-01-01T00:00:00Z
http://www.wikidata.org/entity/Q1585721,http://www.wikidata.org/entity/Q302977,équipe d'Autriche de football des moins de 19 ans,12.0,2006-01-01T00:00:00Z,2007-01-01T00:00:00Z
http://www.wikidata.org/entity/Q1585721,http://www.wikidata.org/entity/Q131209,FK Austria Vienne,17.0,2008-01-01T00:00:00Z,2009-01-01T00:00:00Z
http://www.wikidata.org/entity/Q1588980,http://www.wikidata.org/entity/Q427491,SKNV St. Pölten,61.0,2007-01-01T00:00:00Z,2009-01-01T00:00:00Z
http://www.wikidata.org/entity/Q1588980,http://www.wikidata.org/entity/Q690272,Kremser SC,12.0,2006-01-01T00:00:00Z,2006-01-01T00:00:00Z
http://www.wikidata.org/entity/Q1588980,http://www.wikidata.org/entity/Q769512,équipe de Bosnie-Herzégovine espoirs de football,1.0,2004-01-01T00:00:00Z,2004-01-01T00:00:00Z
http://www.wikidata.org/entity/Q1588980,http://www.wikidata.org/entity/Q131209,FK Austria Vienne,0.0,2000-01-01T00:00:00Z,2002-01-01T00:00:00Z
http://www.wikidata.org/entity/Q1588980,http://www.wikidata.org/entity/Q134073,1. Wiener Neustädter SC,44.0,2009-01-01T00:00:00Z,2011-01-01T00:00:00Z
http://www.wikidata.org/entity/Q1588980,http://www.wikidata.org/entity/Q239663,FK Sarajevo,4.0,2004-01-01T00:00:00Z,2005-01-01T00:00:00Z
http://www.wikidata.org/entity/Q1588980,http://www.wikidata.org/entity/Q698702,Admira Wacker,13.0,2006-01-01T00:00:00Z,2007-01-01T00:00:00Z
http://www.wikidata.org/entity/Q1588980,http://www.wikidata.org/entity/Q105844,DSC Arminia Bielefeld,2.0,2002-01-01T00:00:00Z,2004-01-01T00:00:00Z
http://www.wikidata.org/entity/Q1588980,http://www.wikidata.org/entity/Q670438,SC Rheindorf Altach,10.0,2011-01-01T00:00:00Z,2012-01-01T00:00:00Z
http://www.wikidata.org/entity/Q1588980,http://www.wikidata.org/entity/Q239663,FK Sarajevo,4.0,2004-01-01T00:00:00Z,2004-01-01T00:00:00Z
http://www.wikidata.org/entity/Q1588980,http://www.wikidata.org/entity/Q696474,Floridsdorfer AC,,2014-01-01T00:00:00Z,
http://www.wikidata.org/entity/Q1588980,http://www.wikidata.org/entity/Q696507,SC Austria Lustenau,4.0,2005-01-01T00:00:00Z,2006-01-01T00:00:00Z
http://www.wikidata.org/entity/Q1588980,http://www.wikidata.org/entity/Q427491,SKNV St. Pölten,68.0,2012-01-01T00:00:00Z,2014-01-01T00:00:00Z
http://www.wikidata.org/entity/Q1588980,http://www.wikidata.org/entity/Q696507,SC Austria Lustenau,1.0,2005-01-01T00:00:00Z,2005-01-01T00:00:00Z
http://www.wikidata.org/entity/Q1588980,http://www.wikidata.org/entity/Q692186,FC Lustenau 07,,2005-01-01T00:00:00Z,2006-01-01T00:00:00Z
http://www.wikidata.org/entity/Q1588980,http://www.wikidata.org/entity/Q698702,Admira Wacker,13.0,2006-01-01T00:00:00Z,2006-01-01T00:00:00Z
http://www.wikidata.org/entity/Q1589287,http://www.wikidata.org/entity/Q836832,USC Paloma Hamburg,,2014-01-01T00:00:00Z,
http://www.wikidata.org/entity/Q1589287,http://www.wikidata.org/entity/Q6463,FC Sankt Pauli,49.0,2001-01-01T00:00:00Z,2001-01-01T00:00:00Z
http://www.wikidata.org/entity/Q1589287,http://www.wikidata.org/entity/Q157828,SV Holstein Kiel,31.0,2007-01-01T00:00:00Z,2007-01-01T00:00:00Z
http://www.wikidata.org/entity/Q1589287,http://www.wikidata.org/entity/Q874696,VfL 93 Hambourg,,2013-01-01T00:00:00Z,2014-01-01T00:00:00Z
http://www.wikidata.org/entity/Q1591921,http://www.wikidata.org/entity/Q142005,FC Hansa Rostock,,2016-01-01T00:00:00Z,
http://www.wikidata.org/entity/Q1591921,http://www.wikidata.org/entity/Q131603,TSV Munich 1860,57.0,2011-01-01T00:00:00Z,2014-01-01T00:00:00Z
http://www.wikidata.org/entity/Q1591921,http://www.wikidata.org/entity/Q170117,FC Ingolstadt 04,6.0,2014-01-01T00:00:00Z,2016-01-01T00:00:00Z
http://www.wikidata.org/entity/Q1591921,http://www.wikidata.org/entity/Q5424977,FC Ingolstadt 04 II,12.0,2015-01-01T00:00:00Z,2016-01-01T00:00:00Z
http://www.wikidata.org/entity/Q1594719,http://www.wikidata.org/entity/Q571553,SV Babelsberg 03,26.0,2013-01-01T00:00:00Z,2014-01-01T00:00:00Z
http://www.wikidata.org/entity/Q1594719,http://www.wikidata.org/entity/Q107818,FC Energie Cottbus,50.0,2007-01-01T00:00:00Z,2011-01-01T00:00:00Z
http://www.wikidata.org/entity/Q1594719,http://www.wikidata.org/entity/Q161034,SV Wacker Burghausen,32.0,2011-01-01T00:00:00Z,2013-01-01T00:00:00Z
http://www.wikidata.org/entity/Q1601777,http://www.wikidata.org/entity/Q9213751,ACS Poli Timișoara,22.0,2010-01-01T00:00:00Z,2011-01-01T00:00:00Z
http://www.wikidata.org/entity/Q1601777,http://www.wikidata.org/entity/Q80845,SC Internacional,0.0,2013-01-01T00:00:00Z,2013-01-01T00:00:00Z
http://www.wikidata.org/entity/Q1601777,http://www.wikidata.org/entity/Q910453,Esporte Clube Juventude,,2008-01-01T00:00:00Z,2008-01-01T00:00:00Z
http://www.wikidata.org/entity/Q1601777,http://www.wikidata.org/entity/Q204237,FC Dinamo Bucarest,2.0,2010-01-01T00:00:00Z,2010-01-01T00:00:00Z
http://www.wikidata.org/entity/Q1601777,http://www.wikidata.org/entity/Q80845,SC Internacional,,2007-01-01T00:00:00Z,2007-01-01T00:00:00Z
http://www.wikidata.org/entity/Q1601777,http://www.wikidata.org/entity/Q910453,Esporte Clube Juventude,,2007-01-01T00:00:00Z,2008-01-01T00:00:00Z
http://www.wikidata.org/entity/Q1601777,http://www.wikidata.org/entity/Q723542,FC Politehnica Timișoara,22.0,2010-01-01T00:00:00Z,2011-01-01T00:00:00Z
http://www.wikidata.org/entity/Q1601777,http://www.wikidata.org/entity/Q73971,Clube Náutico Capibaribe,1.0,2014-01-01T00:00:00Z,2014-01-01T00:00:00Z
http://www.wikidata.org/entity/Q1601777,http://www.wikidata.org/entity/Q1052219,Ceará Sporting Club,7.0,2013-01-01T00:00:00Z,2013-01-01T00:00:00Z
http://www.wikidata.org/entity/Q1601777,http://www.wikidata.org/entity/Q245162,Rapid Bucarest,28.0,2009-01-01T00:00:00Z,2010-01-01T00:00:00Z
http://www.wikidata.org/entity/Q1601777,http://www.wikidata.org/entity/Q910453,Esporte Clube Juventude,,2015-01-01T00:00:00Z,
http://www.wikidata.org/entity/Q1601777,http://www.wikidata.org/entity/Q19523,AS Nancy-Lorraine,26.0,2008-01-01T00:00:00Z,2013-01-01T00:00:00Z
http://www.wikidata.org/entity/Q1605140,http://www.wikidata.org/entity/Q2661174,Paniliakos FC,27.0,1999-01-01T00:00:00Z,2000-01-01T00:00:00Z
http://www.wikidata.org/entity/Q1605140,http://www.wikidata.org/entity/Q134925,équipe de Grèce de football,2.0,1997-01-01T00:00:00Z,1998-01-01T00:00:00Z
http://www.wikidata.org/entity/Q1605140,http://www.wikidata.org/entity/Q592241,Iraklis Thessalonique,33.0,1996-01-01T00:00:00Z,1998-01-01T00:00:00Z
http://www.wikidata.org/entity/Q1605140,http://www.wikidata.org/entity/Q6690,Football Club Crotone,0.0,2005-01-01T00:00:00Z,2005-01-01T00:00:00Z
http://www.wikidata.org/entity/Q1605140,http://www.wikidata.org/entity/Q19628,Olympiakós,57.0,1992-01-01T00:00:00Z,1996-01-01T00:00:00Z
http://www.wikidata.org/entity/Q1605140,http://www.wikidata.org/entity/Q19628,Olympiakós,16.0,2003-01-01T00:00:00Z,2004-01-01T00:00:00Z
http://www.wikidata.org/entity/Q1605140,http://www.wikidata.org/entity/Q29390,ACR Messine,3.0,2004-01-01T00:00:00Z,2005-01-01T00:00:00Z
http://www.wikidata.org/entity/Q1605140,http://www.wikidata.org/entity/Q460494,Paniónios GSS,42.0,2000-01-01T00:00:00Z,2002-01-01T00:00:00Z
http://www.wikidata.org/entity/Q1605140,http://www.wikidata.org/entity/Q12278,Sporting Gijón,10.0,1998-01-01T00:00:00Z,1999-01-01T00:00:00Z
http://www.wikidata.org/entity/Q1605140,http://www.wikidata.org/entity/Q592241,Iraklis Thessalonique,29.0,2002-01-01T00:00:00Z,2003-01-01T00:00:00Z
http://www.wikidata.org/entity/Q1605140,http://www.wikidata.org/entity/Q824450,APO Levadiakos,64.0,1988-01-01T00:00:00Z,1992-01-01T00:00:00Z
http://www.wikidata.org/entity/Q1605526,http://www.wikidata.org/entity/Q19498,Sheffield Wednesday FC,136.0,2007-01-01T00:00:00Z,2010-01-01T00:00:00Z
http://www.wikidata.org/entity/Q1605526,http://www.wikidata.org/entity/Q19458,Burnley FC,114.0,2010-01-01T00:00:00Z,2013-01-01T00:00:00Z
http://www.wikidata.org/entity/Q1605526,http://www.wikidata.org/entity/Q19458,Burnley FC,1.0,2005-01-01T00:00:00Z,2006-01-01T00:00:00Z
http://www.wikidata.org/entity/Q1605526,http://www.wikidata.org/entity/Q204238,équipe d'Angleterre espoirs de football,4.0,2003-01-01T00:00:00Z,2004-01-01T00:00:00Z
http://www.wikidata.org/entity/Q1605526,http://www.wikidata.org/entity/Q2358861,équipe d'Angleterre de football des moins de 19 ans,9.0,2001-01-01T00:00:00Z,2002-01-01T00:00:00Z
http://www.wikidata.org/entity/Q1489511,http://www.wikidata.org/entity/Q8633,Varèse Calcio,37.0,2011-01-01T00:00:00Z,2012-01-01T00:00:00Z
http://www.wikidata.org/entity/Q1489511,http://www.wikidata.org/entity/Q1457,UC Sampdoria,11.0,2014-01-01T00:00:00Z,2015-01-01T00:00:00Z
http://www.wikidata.org/entity/Q1491047,http://www.wikidata.org/entity/Q6630,Ascoli Calcio 1898 FC,18.0,2010-01-01T00:00:00Z,2011-01-01T00:00:00Z
http://www.wikidata.org/entity/Q1491047,http://www.wikidata.org/entity/Q6721,US Grosseto FC,,2011-01-01T00:00:00Z,2011-01-01T00:00:00Z
http://www.wikidata.org/entity/Q1491047,http://www.wikidata.org/entity/Q6641,SSC Bari,69.0,2013-01-01T00:00:00Z,2015-01-01T00:00:00Z
http://www.wikidata.org/entity/Q1491047,http://www.wikidata.org/entity/Q3873513,équipe d'Italie de football des moins de 18 ans,3.0,2006-01-01T00:00:00Z,2007-01-01T00:00:00Z
http://www.wikidata.org/entity/Q1491047,http://www.wikidata.org/entity/Q2037,Associazione Calcio ChievoVerona,,2013-01-01T00:00:00Z,2013-01-01T00:00:00Z
http://www.wikidata.org/entity/Q1491047,http://www.wikidata.org/entity/Q2037,Associazione Calcio ChievoVerona,,2015-01-01T00:00:00Z,
http://www.wikidata.org/entity/Q1491047,http://www.wikidata.org/entity/Q6721,US Grosseto FC,43.0,2012-01-01T00:00:00Z,2013-01-01T00:00:00Z
http://www.wikidata.org/entity/Q1491047,http://www.wikidata.org/entity/Q3873548,équipe d'Italie de football des moins de 20 ans,13.0,2009-01-01T00:00:00Z,2012-01-01T00:00:00Z
http://www.wikidata.org/entity/Q1491047,http://www.wikidata.org/entity/Q459794,Plaisance Calcio 1919,68.0,2008-01-01T00:00:00Z,2012-01-01T00:00:00Z
http://www.wikidata.org/entity/Q1491047,http://www.wikidata.org/entity/Q2674,Palermo F.C.,1.0,2009-01-01T00:00:00Z,2010-01-01T00:00:00Z
http://www.wikidata.org/entity/Q1491047,http://www.wikidata.org/entity/Q2118510,Latina Calcio 1932,,2015-01-01T00:00:00Z,
http://www.wikidata.org/entity/Q1494519,http://www.wikidata.org/entity/Q18520,Luton Town Football Club,42.0,1983-01-01T00:00:00Z,1986-01-01T00:00:00Z
http://www.wikidata.org/entity/Q1494519,http://www.wikidata.org/entity/Q204238,équipe d'Angleterre espoirs de football,6.0,1986-01-01T00:00:00Z,1988-01-01T00:00:00Z
http://www.wikidata.org/entity/Q1494519,http://www.wikidata.org/entity/Q1110944,équipe d'Angleterre de football B,1.0,1989-01-01T00:00:00Z,1989-01-01T00:00:00Z
http://www.wikidata.org/entity/Q1494519,http://www.wikidata.org/entity/Q19481,Leicester City FC,114.0,1995-01-01T00:00:00Z,2001-01-01T00:00:00Z
http://www.wikidata.org/entity/Q1494519,http://www.wikidata.org/entity/Q19490,Nottingham Forest FC,103.0,1988-01-01T00:00:00Z,1991-01-01T00:00:00Z
http://www.wikidata.org/entity/Q1494519,http://www.wikidata.org/entity/Q18711,Aston Villa FC,93.0,1991-01-01T00:00:00Z,1995-01-01T00:00:00Z
http://www.wikidata.org/entity/Q1494519,http://www.wikidata.org/entity/Q19477,Hull City AFC,84.0,1986-01-01T00:00:00Z,1988-01-01T00:00:00Z
http://www.wikidata.org/entity/Q1496713,http://www.wikidata.org/entity/Q1450557,équipe de France de football des moins de 18 ans,3.0,2009-01-01T00:00:00Z,2009-01-01T00:00:00Z
http://www.wikidata.org/entity/Q1496713,http://www.wikidata.org/entity/Q1573797,SAS Épinal,,2011-01-01T00:00:00Z,2012-01-01T00:00:00Z
http://www.wikidata.org/entity/Q1496713,http://www.wikidata.org/entity/Q1344163,équipe de France de football des moins de 20 ans,3.0,2010-01-01T00:00:00Z,2011-01-01T00:00:00Z
http://www.wikidata.org/entity/Q1496713,http://www.wikidata.org/entity/Q1573797,SAS Épinal,18.0,2012-01-01T00:00:00Z,2012-01-01T00:00:00Z
http://www.wikidata.org/entity/Q1496713,http://www.wikidata.org/entity/Q1450557,équipe de France de football des moins de 18 ans,,2008-01-01T00:00:00Z,2009-01-01T00:00:00Z
http://www.wikidata.org/entity/Q1496713,http://www.wikidata.org/entity/Q2701714,équipe de France de football des moins de 19 ans,9.0,2009-01-01T00:00:00Z,2010-01-01T00:00:00Z
http://www.wikidata.org/entity/Q1496713,http://www.wikidata.org/entity/Q1344163,équipe de France de football des moins de 20 ans,3.0,2011-01-01T00:00:00Z,2011-01-01T00:00:00Z
http://www.wikidata.org/entity/Q1496713,http://www.wikidata.org/entity/Q221525,FC Metz,22.0,2010-01-01T00:00:00Z,2015-01-01T00:00:00Z
http://www.wikidata.org/entity/Q1496713,http://www.wikidata.org/entity/Q105254,1. FSV Mayence 05,,2015-01-01T00:00:00Z,
http://www.wikidata.org/entity/Q1504054,http://www.wikidata.org/entity/Q1881958,MTV Gifhorn,,1991-01-01T00:00:00Z,1991-01-01T00:00:00Z
http://www.wikidata.org/entity/Q1504054,http://www.wikidata.org/entity/Q101859,VfL Wolfsburg,142.0,1991-01-01T00:00:00Z,2000-01-01T00:00:00Z
http://www.wikidata.org/entity/Q1514817,http://www.wikidata.org/entity/Q154293,MSV Duisbourg,15.0,2014-01-01T00:00:00Z,2014-01-01T00:00:00Z
http://www.wikidata.org/entity/Q1514817,http://www.wikidata.org/entity/Q324854,équipe d'Allemagne de football des moins de 19 ans,2.0,2011-01-01T00:00:00Z,2012-01-01T00:00:00Z
http://www.wikidata.org/entity/Q1514817,http://www.wikidata.org/entity/Q151747,Fortuna Düsseldorf,28.0,2012-01-01T00:00:00Z,2014-01-01T00:00:00Z
http://www.wikidata.org/entity/Q1514817,http://www.wikidata.org/entity/Q994701,FC Bayern München II,34.0,2014-01-01T00:00:00Z,2015-01-01T00:00:00Z
http://www.wikidata.org/entity/Q1514817,http://www.wikidata.org/entity/Q160530,VfL Osnabrück,21.0,2011-01-01T00:00:00Z,2012-01-01T00:00:00Z
http://www.wikidata.org/entity/Q1514817,http://www.wikidata.org/entity/Q324854,équipe d'Allemagne de football des moins de 19 ans,3.0,2011-01-01T00:00:00Z,2011-01-01T00:00:00Z
http://www.wikidata.org/entity/Q1514817,http://www.wikidata.org/entity/Q692586,VfR Aalen,,2015-01-01T00:00:00Z,
http://www.wikidata.org/entity/Q1522493,http://www.wikidata.org/entity/Q170134,SV Waldhof Mannheim,,2016-01-01T00:00:00Z,
http://www.wikidata.org/entity/Q1522493,http://www.wikidata.org/entity/Q239880,TuS Mechtersheim,61.0,2009-01-01T00:00:00Z,2011-01-01T00:00:00Z
http://www.wikidata.org/entity/Q1522493,http://www.wikidata.org/entity/Q16559523,Eintracht Braunschweig II,30.0,2011-01-01T00:00:00Z,2014-01-01T00:00:00Z
http://www.wikidata.org/entity/Q1522493,http://www.wikidata.org/entity/Q154053,Eintracht Brunswick,17.0,2011-01-01T00:00:00Z,2015-01-01T00:00:00Z
http://www.wikidata.org/entity/Q1522493,http://www.wikidata.org/entity/Q692586,VfR Aalen,3.0,2015-01-01T00:00:00Z,2015-01-01T00:00:00Z
http://www.wikidata.org/entity/Q1522536,http://www.wikidata.org/entity/Q1137993,FK Radnički Niš,102.0,1992-01-01T00:00:00Z,1996-01-01T00:00:00Z
http://www.wikidata.org/entity/Q1522536,http://www.wikidata.org/entity/Q173009,Étoile rouge Belgrade,121.0,2001-01-01T00:00:00Z,2009-01-01T00:00:00Z
http://www.wikidata.org/entity/Q1522536,http://www.wikidata.org/entity/Q4293435,FK Milicionar,32.0,1999-01-01T00:00:00Z,1999-01-01T00:00:00Z
http://www.wikidata.org/entity/Q1522536,http://www.wikidata.org/entity/Q2031986,FK Zvezdara,63.0,1996-01-01T00:00:00Z,1998-01-01T00:00:00Z
http://www.wikidata.org/entity/Q1522536,http://www.wikidata.org/entity/Q4293435,FK Milicionar,5.0,2000-01-01T00:00:00Z,2001-01-01T00:00:00Z
http://www.wikidata.org/entity/Q1522536,http://www.wikidata.org/entity/Q11979,Unión Deportiva Las Palmas,1.0,1996-01-01T00:00:00Z,2001-01-01T00:00:00Z
http://www.wikidata.org/entity/Q1524342,http://www.wikidata.org/entity/Q479292,SSV Markranstädt,14.0,2013-01-01T00:00:00Z,2015-01-01T00:00:00Z
http://www.wikidata.org/entity/Q1524342,http://www.wikidata.org/entity/Q162317,1. FC Lokomotive Leipzig,,2015-01-01T00:00:00Z,
http://www.wikidata.org/entity/Q1524342,http://www.wikidata.org/entity/Q155186,FC Carl Zeiss Iéna,7.0,2011-01-01T00:00:00Z,2013-01-01T00:00:00Z
http://www.wikidata.org/entity/Q1524342,http://www.wikidata.org/entity/Q107818,FC Energie Cottbus,54.0,2008-01-01T00:00:00Z,2011-01-01T00:00:00Z
http://www.wikidata.org/entity/Q1524928,http://www.wikidata.org/entity/Q18747,West Ham United FC,26.0,2015-01-01T00:00:00Z,2016-01-01T00:00:00Z
http://www.wikidata.org/entity/Q1524928,http://www.wikidata.org/entity/Q15799,Club Atlético River Plate,,2023-01-01T00:00:00Z,
http://www.wikidata.org/entity/Q1524928,http://www.wikidata.org/entity/Q80987,Fluminense FC,28.0,2011-01-01T00:00:00Z,2012-01-01T00:00:00Z
http://www.wikidata.org/entity/Q1524928,http://www.wikidata.org/entity/Q15799,Club Atlético River Plate,84.0,2010-01-01T00:00:00Z,2014-01-01T00:00:00Z
http://www.wikidata.org/entity/Q1524928,http://www.wikidata.org/entity/Q429630,Al-Jazira Club,24.0,2014-01-01T00:00:00Z,2015-01-01T00:00:00Z
http://www.wikidata.org/entity/Q1524928,http://www.wikidata.org/entity/Q1187790,équipe d'Argentine des moins de 20 ans de football,4.0,2013-01-01T00:00:00Z,2013-01-01T00:00:00Z
http://www.wikidata.org/entity/Q1524928,http://www.wikidata.org/entity/Q79800,équipe d'Argentine de football,5.0,2017-01-01T00:00:00Z,2019-01-01T00:00:00Z
http://www.wikidata.org/entity/Q1524928,http://www.wikidata.org/entity/Q18747,West Ham United FC,153.0,2016-01-01T00:00:00Z,2023-01-01T00:00:00Z
http://www.wikidata.org/entity/Q1526376,http://www.wikidata.org/entity/Q19512,Football Club Sochaux-Montbéliard,13.0,2013-01-01T00:00:00Z,2013-01-01T00:00:00Z
http://www.wikidata.org/entity/Q1526376,http://www.wikidata.org/entity/Q1450557,équipe de France de football des moins de 18 ans,15.0,2006-01-01T00:00:00Z,2007-01-01T00:00:00Z
http://www.wikidata.org/entity/Q1526376,http://www.wikidata.org/entity/Q101859,VfL Wolfsburg,10.0,2012-01-01T00:00:00Z,2013-01-01T00:00:00Z
http://www.wikidata.org/entity/Q1526376,http://www.wikidata.org/entity/Q1067750,Real Sociedad B,37.0,2007-01-01T00:00:00Z,2009-01-01T00:00:00Z
http://www.wikidata.org/entity/Q1526376,http://www.wikidata.org/entity/Q3590033,équipe de France de football des moins de 16 ans,14.0,2002-01-01T00:00:00Z,2003-01-01T00:00:00Z
http://www.wikidata.org/entity/Q1526376,http://www.wikidata.org/entity/Q321061,FC Sion,,2009-01-01T00:00:00Z,2012-01-01T00:00:00Z
http://www.wikidata.org/entity/Q1526376,http://www.wikidata.org/entity/Q10315,Real Sociedad,,2007-01-01T00:00:00Z,2009-01-01T00:00:00Z
http://www.wikidata.org/entity/Q1526376,http://www.wikidata.org/entity/Q15755,FC Augsbourg,6.0,2012-01-01T00:00:00Z,2013-01-01T00:00:00Z
http://www.wikidata.org/entity/Q1526376,http://www.wikidata.org/entity/Q189671,FC Bâle,30.0,2013-01-01T00:00:00Z,2015-01-01T00:00:00Z
http://www.wikidata.org/entity/Q1526376,http://www.wikidata.org/entity/Q175145,équipe de Côte d'Ivoire de football,14.0,2013-01-01T00:00:00Z,2014-01-01T00:00:00Z
http://www.wikidata.org/entity/Q1526376,http://www.wikidata.org/entity/Q19509,Stade rennais FC,,2015-01-01T00:00:00Z,
http://www.wikidata.org/entity/Q1526376,http://www.wikidata.org/entity/Q208399,SC Bastia,13.0,2015-01-01T00:00:00Z,2015-01-01T00:00:00Z
http://www.wikidata.org/entity/Q1526376,http://www.wikidata.org/entity/Q1450568,équipe de France de football des moins de 17 ans,9.0,2004-01-01T00:00:00Z,2005-01-01T00:00:00Z
http://www.wikidata.org/entity/Q1526600,http://www.wikidata.org/entity/Q182876,AJ Auxerre,,2007-01-01T00:00:00Z,2010-01-01T00:00:00Z
http://www.wikidata.org/entity/Q1526600,http://www.wikidata.org/entity/Q926438,Gil Vicente FC,62.0,2003-01-01T00:00:00Z,2006-01-01T00:00:00Z
http://www.wikidata.org/entity/Q1526600,http://www.wikidata.org/entity/Q15786,1. FC Nuremberg,1.0,2012-01-01T00:00:00Z,2014-01-01T00:00:00Z
http://www.wikidata.org/entity/Q1526600,http://www.wikidata.org/entity/Q72521,Johor Darul Ta'zim F.C.,,2014-01-01T00:00:00Z,
http://www.wikidata.org/entity/Q1526600,http://www.wikidata.org/entity/Q216510,CF Os Belenenses,14.0,2010-01-01T00:00:00Z,2010-01-01T00:00:00Z
http://www.wikidata.org/entity/Q1526600,http://www.wikidata.org/entity/Q128446,Futebol Clube do Porto,,2002-01-01T00:00:00Z,2003-01-01T00:00:00Z
http://www.wikidata.org/entity/Q1526600,http://www.wikidata.org/entity/Q243235,Académica de Coimbra,12.0,2003-01-01T00:00:00Z,2003-01-01T00:00:00Z
http://www.wikidata.org/entity/Q1526600,http://www.wikidata.org/entity/Q245162,Rapid Bucarest,62.0,2010-01-01T00:00:00Z,2012-01-01T00:00:00Z
http://www.wikidata.org/entity/Q1526600,http://www.wikidata.org/entity/Q211401,União Desportiva de Leiria,29.0,2006-01-01T00:00:00Z,2007-01-01T00:00:00Z
http://www.wikidata.org/entity/Q1526600,http://www.wikidata.org/entity/Q204888,PAOK Salonique,12.0,2008-01-01T00:00:00Z,2009-01-01T00:00:00Z
http://www.wikidata.org/entity/Q1529293,http://www.wikidata.org/entity/Q33748,Hanovre 96,144.0,2003-01-01T00:00:00Z,2010-01-01T00:00:00Z
http://www.wikidata.org/entity/Q1529293,http://www.wikidata.org/entity/Q1675351,Ituano Futebol Clube,24.0,2000-01-01T00:00:00Z,2000-01-01T00:00:00Z
http://www.wikidata.org/entity/Q1529293,http://www.wikidata.org/entity/Q290940,Associação Desportiva São Caetano,2.0,2001-01-01T00:00:00Z,2001-01-01T00:00:00Z
http://www.wikidata.org/entity/Q1529293,http://www.wikidata.org/entity/Q375697,Sociedade Esportiva do Gama,19.0,2002-01-01T00:00:00Z,2002-01-01T00:00:00Z
http://www.wikidata.org/entity/Q1529293,http://www.wikidata.org/entity/Q33748,Hanovre 96,17.0,2002-01-01T00:00:00Z,2003-01-01T00:00:00Z
http://www.wikidata.org/entity/Q1529293,http://www.wikidata.org/entity/Q2590133,Americana Futebol,2.0,2011-01-01T00:00:00Z,2011-01-01T00:00:00Z
http://www.wikidata.org/entity/Q1532932,http://www.wikidata.org/entity/Q865720,Borussia Dortmund II,45.0,2013-01-01T00:00:00Z,2015-01-01T00:00:00Z
http://www.wikidata.org/entity/Q1532932,http://www.wikidata.org/entity/Q16525419,1. FSV Mainz 05 II,,2015-01-01T00:00:00Z,
http://www.wikidata.org/entity/Q1532932,http://www.wikidata.org/entity/Q316497,équipe d'Allemagne de football des moins de 20 ans,5.0,2012-01-01T00:00:00Z,2013-01-01T00:00:00Z
http://www.wikidata.org/entity/Q1532932,http://www.wikidata.org/entity/Q16525407,1. FC Kaiserslautern II,8.0,2011-01-01T00:00:00Z,2013-01-01T00:00:00Z
http://www.wikidata.org/entity/Q1532932,http://www.wikidata.org/entity/Q8466,1. FC Kaiserslautern,19.0,2011-01-01T00:00:00Z,2013-01-01T00:00:00Z
http://www.wikidata.org/entity/Q1536942,http://www.wikidata.org/entity/Q3873548,équipe d'Italie de football des moins de 20 ans,5.0,1999-01-01T00:00:00Z,2000-01-01T00:00:00Z
http://www.wikidata.org/entity/Q1536942,http://www.wikidata.org/entity/Q8408,Modène Football Club,127.0,2002-01-01T00:00:00Z,2007-01-01T00:00:00Z
http://www.wikidata.org/entity/Q1536942,http://www.wikidata.org/entity/Q6664,AC Cesena,34.0,1997-01-01T00:00:00Z,2000-01-01T00:00:00Z
http://www.wikidata.org/entity/Q1536942,http://www.wikidata.org/entity/Q847587,U.S. Salernitana 1919,67.0,2000-01-01T00:00:00Z,2002-01-01T00:00:00Z
http://www.wikidata.org/entity/Q1536942,http://www.wikidata.org/entity/Q2933677,Calcio Castel San Pietro Terme,32.0,1998-01-01T00:00:00Z,1998-01-01T00:00:00Z
http://www.wikidata.org/entity/Q1536942,http://www.wikidata.org/entity/Q6664,AC Cesena,16.0,2007-01-01T00:00:00Z,2009-01-01T00:00:00Z
http://www.wikidata.org/entity/Q1536942,http://www.wikidata.org/entity/Q922698,équipe d'Italie espoirs de football,8.0,2000-01-01T00:00:00Z,2001-01-01T00:00:00Z
http://www.wikidata.org/entity/Q1537103,http://www.wikidata.org/entity/Q16344,AC Pérouse Calcio,23.0,1998-01-01T00:00:00Z,2000-01-01T00:00:00Z
http://www.wikidata.org/entity/Q1537103,http://www.wikidata.org/entity/Q339596,Giulianova Calcio,16.0,1997-01-01T00:00:00Z,1997-01-01T00:00:00Z
http://www.wikidata.org/entity/Q1537103,http://www.wikidata.org/entity/Q501372,Unione Sportiva Catanzaro,5.0,2004-01-01T00:00:00Z,2005-01-01T00:00:00Z
http://www.wikidata.org/entity/Q1537103,http://www.wikidata.org/entity/Q29390,ACR Messine,79.0,2001-01-01T00:00:00Z,2004-01-01T00:00:00Z
http://www.wikidata.org/entity/Q1537103,http://www.wikidata.org/entity/Q1279917,Pistoiese Football Club,48.0,1995-01-01T00:00:00Z,1997-01-01T00:00:00Z
http://www.wikidata.org/entity/Q1537103,http://www.wikidata.org/entity/Q2052,ACF Fiorentina,20.0,1993-01-01T00:00:00Z,1995-01-01T00:00:00Z
http://www.wikidata.org/entity/Q1537103,http://www.wikidata.org/entity/Q289029,Società Sportiva Calcio Ancona,12.0,1998-01-01T00:00:00Z,1998-01-01T00:00:00Z
http://www.wikidata.org/entity/Q1537103,http://www.wikidata.org/entity/Q2018,Catania Football Club,7.0,2000-01-01T00:00:00Z,2001-01-01T00:00:00Z
http://www.wikidata.org/entity/Q1537103,http://www.wikidata.org/entity/Q8476,Reggina 1914,32.0,1990-01-01T00:00:00Z,1993-01-01T00:00:00Z
http://www.wikidata.org/entity/Q1537846,http://www.wikidata.org/entity/Q1131732,équipe de Serbie-et-Monténégro de football,4.0,2000-01-01T00:00:00Z,2001-01-01T00:00:00Z
http://www.wikidata.org/entity/Q1537846,http://www.wikidata.org/entity/Q173009,Étoile rouge Belgrade,65.0,1995-01-01T00:00:00Z,2001-01-01T00:00:00Z
http://www.wikidata.org/entity/Q1537846,http://www.wikidata.org/entity/Q3572544,Club Deportivo Sariñena,13.0,2011-01-01T00:00:00Z,2013-01-01T00:00:00Z
http://www.wikidata.org/entity/Q1537846,http://www.wikidata.org/entity/Q931704,OFI Crète,41.0,2006-01-01T00:00:00Z,2008-01-01T00:00:00Z
http://www.wikidata.org/entity/Q1537846,http://www.wikidata.org/entity/Q10308,Real Saragosse,39.0,2001-01-01T00:00:00Z,2005-01-01T00:00:00Z
http://www.wikidata.org/entity/Q1537846,http://www.wikidata.org/entity/Q221940,KSC Lokeren,13.0,2005-01-01T00:00:00Z,2005-01-01T00:00:00Z
http://www.wikidata.org/entity/Q1537846,http://www.wikidata.org/entity/Q2253360,Andorra CF,43.0,2010-01-01T00:00:00Z,2011-01-01T00:00:00Z
http://www.wikidata.org/entity/Q1537846,http://www.wikidata.org/entity/Q296050,AO Kavala,10.0,2008-01-01T00:00:00Z,2009-01-01T00:00:00Z
http://www.wikidata.org/entity/Q1537846,http://www.wikidata.org/entity/Q10467,FC Barcelone B,14.0,1997-01-01T00:00:00Z,1997-01-01T00:00:00Z
http://www.wikidata.org/entity/Q1537846,http://www.wikidata.org/entity/Q2638313,CD La Muela,29.0,2009-01-01T00:00:00Z,2010-01-01T00:00:00Z
http://www.wikidata.org/entity/Q1537861,http://www.wikidata.org/entity/Q162317,1. FC Lokomotive Leipzig,5.0,1999-01-01T00:00:00Z,1999-01-01T00:00:00Z
http://www.wikidata.org/entity/Q1537861,http://www.wikidata.org/entity/Q1555252,VfL Herzlake,65.0,1993-01-01T00:00:00Z,1995-01-01T00:00:00Z
http://www.wikidata.org/entity/Q1537861,http://www.wikidata.org/entity/Q2407113,FK Bečej,35.0,1991-01-01T00:00:00Z,1993-01-01T00:00:00Z
http://www.wikidata.org/entity/Q1537861,http://www.wikidata.org/entity/Q15786,1. FC Nuremberg,60.0,1995-01-01T00:00:00Z,1997-01-01T00:00:00Z
http://www.wikidata.org/entity/Q1537861,http://www.wikidata.org/entity/Q207501,FK Vojvodina Novi Sad,14.0,1989-01-01T00:00:00Z,1991-01-01T00:00:00Z
http://www.wikidata.org/entity/Q1537861,http://www.wikidata.org/entity/Q377494,Mogren Budva,17.0,1990-01-01T00:00:00Z,1991-01-01T00:00:00Z
http://www.wikidata.org/entity/Q1537861,http://www.wikidata.org/entity/Q819367,SSV Reutlingen 05,80.0,2001-01-01T00:00:00Z,2003-01-01T00:00:00Z
http://www.wikidata.org/entity/Q1537861,http://www.wikidata.org/entity/Q2505780,FK Proleter Novi Sad,0.0,2010-01-01T00:00:00Z,2010-01-01T00:00:00Z
http://www.wikidata.org/entity/Q1537861,http://www.wikidata.org/entity/Q105844,DSC Arminia Bielefeld,9.0,2000-01-01T00:00:00Z,2000-01-01T00:00:00Z
http://www.wikidata.org/entity/Q1537861,http://www.wikidata.org/entity/Q3063296,FK ČSK Pivara Čelarevo,64.0,2003-01-01T00:00:00Z,2007-01-01T00:00:00Z
http://www.wikidata.org/entity/Q1537861,http://www.wikidata.org/entity/Q2505780,FK Proleter Novi Sad,,2014-01-01T00:00:00Z,
http://www.wikidata.org/entity/Q1537861,http://www.wikidata.org/entity/Q159936,Kickers Offenbach,27.0,2000-01-01T00:00:00Z,2000-01-01T00:00:00Z
http://www.wikidata.org/entity/Q1537861,http://www.wikidata.org/entity/Q639560,Tennis Borussia Berlin,67.0,1997-01-01T00:00:00Z,1999-01-01T00:00:00Z
http://www.wikidata.org/entity/Q1537861,http://www.wikidata.org/entity/Q5426110,FK Crvena Zvezda Novi Sad,,2007-01-01T00:00:00Z,2009-01-01T00:00:00Z
http://www.wikidata.org/entity/Q1538897,http://www.wikidata.org/entity/Q459794,Plaisance Calcio 1919,28.0,1995-01-01T00:00:00Z,1996-01-01T00:00:00Z
http://www.wikidata.org/entity/Q1538897,http://www.wikidata.org/entity/Q1886,Atalanta Bergame,0.0,1992-01-01T00:00:00Z,1992-01-01T00:00:00Z
http://www.wikidata.org/entity/Q1538897,http://www.wikidata.org/entity/Q139399,Calcio Foggia 1920,49.0,1993-01-01T00:00:00Z,1995-01-01T00:00:00Z
http://www.wikidata.org/entity/Q1538897,http://www.wikidata.org/entity/Q289482,AC Monza,5.0,1989-01-01T00:00:00Z,1989-01-01T00:00:00Z
http://www.wikidata.org/entity/Q1538897,http://www.wikidata.org/entity/Q459794,Plaisance Calcio 1919,74.0,1990-01-01T00:00:00Z,1992-01-01T00:00:00Z
http://www.wikidata.org/entity/Q1538897,http://www.wikidata.org/entity/Q6703,Empoli Football Club,231.0,1996-01-01T00:00:00Z,2005-01-01T00:00:00Z
http://www.wikidata.org/entity/Q1538897,http://www.wikidata.org/entity/Q3873502,équipe d'Italie de football des moins de 16 ans,5.0,1988-01-01T00:00:00Z,1988-01-01T00:00:00Z
http://www.wikidata.org/entity/Q1538897,http://www.wikidata.org/entity/Q1120838,Côme 1907,15.0,1992-01-01T00:00:00Z,1993-01-01T00:00:00Z
http://www.wikidata.org/entity/Q1538897,http://www.wikidata.org/entity/Q1543,AC Milan,5.0,1987-01-01T00:00:00Z,1992-01-01T00:00:00Z
http://www.wikidata.org/entity/Q1539223,http://www.wikidata.org/entity/Q29400,AS Tarente Calcio,9.0,2003-01-01T00:00:00Z,2003-01-01T00:00:00Z
http://www.wikidata.org/entity/Q1539223,http://www.wikidata.org/entity/Q1886,Atalanta Bergame,11.0,1998-01-01T00:00:00Z,1998-01-01T00:00:00Z
http://www.wikidata.org/entity/Q1539223,http://www.wikidata.org/entity/Q676899,équipe d'Italie de football,1.0,1994-01-01T00:00:00Z,1994-01-01T00:00:00Z
http://www.wikidata.org/entity/Q1539223,http://www.wikidata.org/entity/Q2798,Udinese Calcio,24.0,1996-01-01T00:00:00Z,1998-01-01T00:00:00Z
http://www.wikidata.org/entity/Q1539223,http://www.wikidata.org/entity/Q16344,AC Pérouse Calcio,13.0,1999-01-01T00:00:00Z,2000-01-01T00:00:00Z
http://www.wikidata.org/entity/Q1539223,http://www.wikidata.org/entity/Q1900,Cagliari Calcio,144.0,1988-01-01T00:00:00Z,1993-01-01T00:00:00Z
http://www.wikidata.org/entity/Q1539223,http://www.wikidata.org/entity/Q2674,Palermo F.C.,57.0,2000-01-01T00:00:00Z,2002-01-01T00:00:00Z
http://www.wikidata.org/entity/Q1539223,http://www.wikidata.org/entity/Q2739,AS Rome,90.0,1993-01-01T00:00:00Z,1996-01-01T00:00:00Z
http://www.wikidata.org/entity/Q1539223,http://www.wikidata.org/entity/Q1893,Bologne FC 1909,22.0,1998-01-01T00:00:00Z,1999-01-01T00:00:00Z
http://www.wikidata.org/entity/Q1539223,http://www.wikidata.org/entity/Q2739,AS Rome,,1987-01-01T00:00:00Z,1988-01-01T00:00:00Z
http://www.wikidata.org/entity/Q1539978,http://www.wikidata.org/entity/Q6630,Ascoli Calcio 1898 FC,11.0,2000-01-01T00:00:00Z,2000-01-01T00:00:00Z
http://www.wikidata.org/entity/Q1539978,http://www.wikidata.org/entity/Q433529,Atletico Roma FC,13.0,2010-01-01T00:00:00Z,2010-01-01T00:00:00Z
http://www.wikidata.org/entity/Q1539978,http://www.wikidata.org/entity/Q6651,Brescia Calcio,7.0,1997-01-01T00:00:00Z,2000-01-01T00:00:00Z
http://www.wikidata.org/entity/Q1539978,http://www.wikidata.org/entity/Q6651,Brescia Calcio,1.0,2002-01-01T00:00:00Z,2002-01-01T00:00:00Z
http://www.wikidata.org/entity/Q1539978,http://www.wikidata.org/entity/Q847587,U.S. Salernitana 1919,30.0,2011-01-01T00:00:00Z,2012-01-01T00:00:00Z
http://www.wikidata.org/entity/Q1539978,http://www.wikidata.org/entity/Q501372,Unione Sportiva Catanzaro,43.0,2008-01-01T00:00:00Z,2009-01-01T00:00:00Z
http://www.wikidata.org/entity/Q1539978,http://www.wikidata.org/entity/Q6651,Brescia Calcio,1.0,2003-01-01T00:00:00Z,2003-01-01T00:00:00Z
http://www.wikidata.org/entity/Q1539978,http://www.wikidata.org/entity/Q3627183,Associazione Sportiva Sora,26.0,2004-01-01T00:00:00Z,2005-01-01T00:00:00Z
http://www.wikidata.org/entity/Q1539978,http://www.wikidata.org/entity/Q3627183,Associazione Sportiva Sora,12.0,2003-01-01T00:00:00Z,2003-01-01T00:00:00Z
http://www.wikidata.org/entity/Q1539978,http://www.wikidata.org/entity/Q3627183,Associazione Sportiva Sora,12.0,2002-01-01T00:00:00Z,2002-01-01T00:00:00Z
http://www.wikidata.org/entity/Q1539978,http://www.wikidata.org/entity/Q1082290,Football Club Matera,23.0,2012-01-01T00:00:00Z,2013-01-01T00:00:00Z
http://www.wikidata.org/entity/Q1539978,http://www.wikidata.org/entity/Q867921,Livingston Football Club,21.0,2001-01-01T00:00:00Z,2002-01-01T00:00:00Z
http://www.wikidata.org/entity/Q1539978,http://www.wikidata.org/entity/Q1387710,FC Südtirol,21.0,2005-01-01T00:00:00Z,2006-01-01T00:00:00Z
http://www.wikidata.org/entity/Q1539978,http://www.wikidata.org/entity/Q752483,Unione Calcio Albinoleffe,12.0,2001-01-01T00:00:00Z,2001-01-01T00:00:00Z
http://www.wikidata.org/entity/Q1539978,http://www.wikidata.org/entity/Q433529,Atletico Roma FC,25.0,2010-01-01T00:00:00Z,2011-01-01T00:00:00Z
http://www.wikidata.org/entity/Q1539978,http://www.wikidata.org/entity/Q1435421,Foligno Calcio,,2013-01-01T00:00:00Z,2014-01-01T00:00:00Z
http://www.wikidata.org/entity/Q1539978,http://www.wikidata.org/entity/Q6748,Società Sportiva Juve Stabia,57.0,2006-01-01T00:00:00Z,2008-01-01T00:00:00Z
http://www.wikidata.org/entity/Q1539978,http://www.wikidata.org/entity/Q847587,U.S. Salernitana 1919,13.0,2003-01-01T00:00:00Z,2004-01-01T00:00:00Z
http://www.wikidata.org/entity/Q1540591,http://www.wikidata.org/entity/Q8476,Reggina 1914,0.0,2003-01-01T00:00:00Z,2003-01-01T00:00:00Z
http://www.wikidata.org/entity/Q1540591,http://www.wikidata.org/entity/Q3873548,équipe d'Italie de football des moins de 20 ans,19.0,2000-01-01T00:00:00Z,2002-01-01T00:00:00Z
http://www.wikidata.org/entity/Q1540591,http://www.wikidata.org/entity/Q582310,Società Calcistica Gela,32.0,2010-01-01T00:00:00Z,2011-01-01T00:00:00Z
http://www.wikidata.org/entity/Q1540591,http://www.wikidata.org/entity/Q8615,Spezia Calcio,15.0,2005-01-01T00:00:00Z,2005-01-01T00:00:00Z
http://www.wikidata.org/entity/Q1540591,http://www.wikidata.org/entity/Q847587,U.S. Salernitana 1919,71.0,2006-01-01T00:00:00Z,2009-01-01T00:00:00Z
http://www.wikidata.org/entity/Q1540591,http://www.wikidata.org/entity/Q2314607,AC Martina,30.0,2005-01-01T00:00:00Z,2006-01-01T00:00:00Z
http://www.wikidata.org/entity/Q1540591,http://www.wikidata.org/entity/Q16344,AC Pérouse Calcio,1.0,2004-01-01T00:00:00Z,2005-01-01T00:00:00Z
http://www.wikidata.org/entity/Q1540591,http://www.wikidata.org/entity/Q2031462,U.S. Pro Melfi,28.0,2013-01-01T00:00:00Z,2014-01-01T00:00:00Z
http://www.wikidata.org/entity/Q1540591,http://www.wikidata.org/entity/Q2874234,Aversa Normanna,14.0,2014-01-01T00:00:00Z,
http://www.wikidata.org/entity/Q1540591,http://www.wikidata.org/entity/Q847587,U.S. Salernitana 1919,64.0,1998-01-01T00:00:00Z,2003-01-01T00:00:00Z
http://www.wikidata.org/entity/Q1540591,http://www.wikidata.org/entity/Q922698,équipe d'Italie espoirs de football,3.0,2002-01-01T00:00:00Z,2002-01-01T00:00:00Z
http://www.wikidata.org/entity/Q1540591,http://www.wikidata.org/entity/Q298217,US Avellino,32.0,2011-01-01T00:00:00Z,2013-01-01T00:00:00Z
http://www.wikidata.org/entity/Q1540591,http://www.wikidata.org/entity/Q2457991,Potenza Calcio,17.0,2009-01-01T00:00:00Z,2010-01-01T00:00:00Z
http://www.wikidata.org/entity/Q1551563,http://www.wikidata.org/entity/Q190561,Standard de Liège,22.0,2007-01-01T00:00:00Z,2010-01-01T00:00:00Z
http://www.wikidata.org/entity/Q1551563,http://www.wikidata.org/entity/Q138248,K Saint-Trond VV,74.0,2011-01-01T00:00:00Z,2014-01-01T00:00:00Z
http://www.wikidata.org/entity/Q1551563,http://www.wikidata.org/entity/Q193377,Stade Malherbe Caen,21.0,2004-01-01T00:00:00Z,2005-01-01T00:00:00Z
http://www.wikidata.org/entity/Q1551563,http://www.wikidata.org/entity/Q291937,AFC Tubize,26.0,2008-01-01T00:00:00Z,2009-01-01T00:00:00Z
http://www.wikidata.org/entity/Q1551563,http://www.wikidata.org/entity/Q190916,Club Bruges KV,21.0,2005-01-01T00:00:00Z,2007-01-01T00:00:00Z
http://www.wikidata.org/entity/Q1551563,http://www.wikidata.org/entity/Q732002,Royal Antwerp FC,,2015-01-01T00:00:00Z,
http://www.wikidata.org/entity/Q1551563,http://www.wikidata.org/entity/Q166776,équipe de Belgique de football,4.0,2004-01-01T00:00:00Z,2004-01-01T00:00:00Z
http://www.wikidata.org/entity/Q1551563,http://www.wikidata.org/entity/Q221940,KSC Lokeren,12.0,2007-01-01T00:00:00Z,2007-01-01T00:00:00Z
http://www.wikidata.org/entity/Q1551563,http://www.wikidata.org/entity/Q925973,RFC Seraing,31.0,2014-01-01T00:00:00Z,2015-01-01T00:00:00Z
http://www.wikidata.org/entity/Q1551563,http://www.wikidata.org/entity/Q815515,équipe de Belgique espoirs de football,19.0,2000-01-01T00:00:00Z,2003-01-01T00:00:00Z
http://www.wikidata.org/entity/Q1551563,http://www.wikidata.org/entity/Q19585,Royal Charleroi SC,138.0,1999-01-01T00:00:00Z,2004-01-01T00:00:00Z
http://www.wikidata.org/entity/Q1553595,http://www.wikidata.org/entity/Q158121,SpVgg Unterhaching,4.0,2000-01-01T00:00:00Z,2002-01-01T00:00:00Z
http://www.wikidata.org/entity/Q1605526,http://www.wikidata.org/entity/Q2752922,Équipe d'Angleterre des moins de 17 ans de football,2.0,2000-01-01T00:00:00Z,2001-01-01T00:00:00Z
http://www.wikidata.org/entity/Q1605526,http://www.wikidata.org/entity/Q19470,Derby County FC,74.0,2000-01-01T00:00:00Z,2007-01-01T00:00:00Z
http://www.wikidata.org/entity/Q1605526,http://www.wikidata.org/entity/Q1049171,équipe d'Angleterre de football des moins de 18 ans,1.0,2002-01-01T00:00:00Z,2002-01-01T00:00:00Z
http://www.wikidata.org/entity/Q1605526,http://www.wikidata.org/entity/Q4201740,équipe d'Angleterre de football des moins de 16 ans,6.0,2000-01-01T00:00:00Z,2000-01-01T00:00:00Z
http://www.wikidata.org/entity/Q1605526,http://www.wikidata.org/entity/Q19470,Derby County FC,,2013-01-01T00:00:00Z,
http://www.wikidata.org/entity/Q1605526,http://www.wikidata.org/entity/Q19601,Oldham Athletic AFC,16.0,2006-01-01T00:00:00Z,2006-01-01T00:00:00Z
http://www.wikidata.org/entity/Q1605843,http://www.wikidata.org/entity/Q314851,équipe d'Allemagne espoirs de football,4.0,1991-01-01T00:00:00Z,1991-01-01T00:00:00Z
http://www.wikidata.org/entity/Q1605843,http://www.wikidata.org/entity/Q1202757,équipe d'Allemagne olympique de football,2.0,1992-01-01T00:00:00Z,1992-01-01T00:00:00Z
http://www.wikidata.org/entity/Q1605843,http://www.wikidata.org/entity/Q141931,SG Dynamo Dresde,33.0,1994-01-01T00:00:00Z,1995-01-01T00:00:00Z
http://www.wikidata.org/entity/Q1605843,http://www.wikidata.org/entity/Q170107,FC Rot-Weiss Erfurt,55.0,2001-01-01T00:00:00Z,2004-01-01T00:00:00Z
http://www.wikidata.org/entity/Q1605843,http://www.wikidata.org/entity/Q142005,FC Hansa Rostock,60.0,1986-01-01T00:00:00Z,1991-01-01T00:00:00Z
http://www.wikidata.org/entity/Q1605843,http://www.wikidata.org/entity/Q176168,TSG Neustrelitz,10.0,2005-01-01T00:00:00Z,2005-01-01T00:00:00Z
http://www.wikidata.org/entity/Q1605843,http://www.wikidata.org/entity/Q104770,1. FC Cologne,62.0,1991-01-01T00:00:00Z,1994-01-01T00:00:00Z
http://www.wikidata.org/entity/Q1605843,http://www.wikidata.org/entity/Q142005,FC Hansa Rostock,23.0,1998-01-01T00:00:00Z,2001-01-01T00:00:00Z
http://www.wikidata.org/entity/Q1605843,http://www.wikidata.org/entity/Q896736,VfB Leipzig,58.0,1996-01-01T00:00:00Z,1998-01-01T00:00:00Z
http://www.wikidata.org/entity/Q1605843,http://www.wikidata.org/entity/Q176168,TSG Neustrelitz,10.0,2004-01-01T00:00:00Z,2005-01-01T00:00:00Z
http://www.wikidata.org/entity/Q1605843,http://www.wikidata.org/entity/Q162317,1. FC Lokomotive Leipzig,58.0,1996-01-01T00:00:00Z,1998-01-01T00:00:00Z
http://www.wikidata.org/entity/Q1605843,http://www.wikidata.org/entity/Q161554,Chemnitzer FC,18.0,1995-01-01T00:00:00Z,1996-01-01T00:00:00Z
http://www.wikidata.org/entity/Q1607487,http://www.wikidata.org/entity/Q1051013,Paris FC,,2011-01-01T00:00:00Z,2013-01-01T00:00:00Z
http://www.wikidata.org/entity/Q1607487,http://www.wikidata.org/entity/Q608988,CS Sedan Ardennes,47.0,2006-01-01T00:00:00Z,2009-01-01T00:00:00Z
http://www.wikidata.org/entity/Q1607487,http://www.wikidata.org/entity/Q483020,Paris Saint-Germain FC,,2000-01-01T00:00:00Z,2006-01-01T00:00:00Z
http://www.wikidata.org/entity/Q1608915,http://www.wikidata.org/entity/Q105844,DSC Arminia Bielefeld,98.0,2011-01-01T00:00:00Z,2015-01-01T00:00:00Z
http://www.wikidata.org/entity/Q1608915,http://www.wikidata.org/entity/Q105861,VfL Bochum,2.0,2006-01-01T00:00:00Z,2007-01-01T00:00:00Z
http://www.wikidata.org/entity/Q1608915,http://www.wikidata.org/entity/Q694464,FC Gütersloh 2000,18.0,2003-01-01T00:00:00Z,2004-01-01T00:00:00Z
http://www.wikidata.org/entity/Q1608915,http://www.wikidata.org/entity/Q865720,Borussia Dortmund II,93.0,2007-01-01T00:00:00Z,2010-01-01T00:00:00Z
http://www.wikidata.org/entity/Q1608915,http://www.wikidata.org/entity/Q1651952,Hövelhofer SV,,2002-01-01T00:00:00Z,2003-01-01T00:00:00Z
http://www.wikidata.org/entity/Q1608915,http://www.wikidata.org/entity/Q694464,FC Gütersloh 2000,58.0,2000-01-01T00:00:00Z,2002-01-01T00:00:00Z
http://www.wikidata.org/entity/Q1608915,http://www.wikidata.org/entity/Q170125,Rot Weiss Ahlen,33.0,2010-01-01T00:00:00Z,2011-01-01T00:00:00Z
http://www.wikidata.org/entity/Q1608915,http://www.wikidata.org/entity/Q7924284,VfL Bochum II,63.0,2004-01-01T00:00:00Z,2006-01-01T00:00:00Z
http://www.wikidata.org/entity/Q1609430,http://www.wikidata.org/entity/Q320541,SC Herford,,2010-01-01T00:00:00Z,2011-01-01T00:00:00Z
http://www.wikidata.org/entity/Q1609430,http://www.wikidata.org/entity/Q161034,SV Wacker Burghausen,6.0,2013-01-01T00:00:00Z,2013-01-01T00:00:00Z
http://www.wikidata.org/entity/Q1609430,http://www.wikidata.org/entity/Q151747,Fortuna Düsseldorf,16.0,2009-01-01T00:00:00Z,2010-01-01T00:00:00Z
http://www.wikidata.org/entity/Q1609430,http://www.wikidata.org/entity/Q18411460,Manisa FK,,2016-01-01T00:00:00Z,
http://www.wikidata.org/entity/Q1609430,http://www.wikidata.org/entity/Q105844,DSC Arminia Bielefeld,2.0,2011-01-01T00:00:00Z,2013-01-01T00:00:00Z
http://www.wikidata.org/entity/Q1609430,http://www.wikidata.org/entity/Q352270,Adanaspor,12.0,2014-01-01T00:00:00Z,2016-01-01T00:00:00Z
http://www.wikidata.org/entity/Q1609430,http://www.wikidata.org/entity/Q479269,SC Wiedenbrück,,2008-01-01T00:00:00Z,2009-01-01T00:00:00Z
http://www.wikidata.org/entity/Q1609430,http://www.wikidata.org/entity/Q325014,SV Lippstadt 08,16.0,2014-01-01T00:00:00Z,2014-01-01T00:00:00Z
http://www.wikidata.org/entity/Q1609430,http://www.wikidata.org/entity/Q105844,DSC Arminia Bielefeld,12.0,2007-01-01T00:00:00Z,2008-01-01T00:00:00Z
http://www.wikidata.org/entity/Q1612225,http://www.wikidata.org/entity/Q650365,Carrarese Calcio,58.0,2013-01-01T00:00:00Z,2015-01-01T00:00:00Z
http://www.wikidata.org/entity/Q1612225,http://www.wikidata.org/entity/Q8408,Modène Football Club,13.0,2012-01-01T00:00:00Z,2012-01-01T00:00:00Z
http://www.wikidata.org/entity/Q1612225,http://www.wikidata.org/entity/Q752483,Unione Calcio Albinoleffe,128.0,2006-01-01T00:00:00Z,2010-01-01T00:00:00Z
http://www.wikidata.org/entity/Q1612225,http://www.wikidata.org/entity/Q737832,Montevarchi Calcio Aquila 1902,54.0,2002-01-01T00:00:00Z,2004-01-01T00:00:00Z
http://www.wikidata.org/entity/Q1612225,http://www.wikidata.org/entity/Q139399,Calcio Foggia 1920,33.0,2004-01-01T00:00:00Z,2005-01-01T00:00:00Z
http://www.wikidata.org/entity/Q1612225,http://www.wikidata.org/entity/Q16344,AC Pérouse Calcio,32.0,2005-01-01T00:00:00Z,2006-01-01T00:00:00Z
http://www.wikidata.org/entity/Q1612225,http://www.wikidata.org/entity/Q13381,Unione Sportiva Triestina Calcio 1918,0.0,2005-01-01T00:00:00Z,2006-01-01T00:00:00Z
http://www.wikidata.org/entity/Q1612225,http://www.wikidata.org/entity/Q289656,Associazione Calcio Prato,52.0,1998-01-01T00:00:00Z,2002-01-01T00:00:00Z
http://www.wikidata.org/entity/Q1612225,http://www.wikidata.org/entity/Q13385,SPAL Ferrara,24.0,2015-01-01T00:00:00Z,
http://www.wikidata.org/entity/Q1612225,http://www.wikidata.org/entity/Q8633,Varèse Calcio,38.0,2010-01-01T00:00:00Z,2012-01-01T00:00:00Z
http://www.wikidata.org/entity/Q1612225,http://www.wikidata.org/entity/Q6748,Società Sportiva Juve Stabia,27.0,2012-01-01T00:00:00Z,2013-01-01T00:00:00Z
http://www.wikidata.org/entity/Q1612225,http://www.wikidata.org/entity/Q3625977,Associazione Calcio Fucecchio,26.0,1999-01-01T00:00:00Z,2000-01-01T00:00:00Z
http://www.wikidata.org/entity/Q1612225,http://www.wikidata.org/entity/Q8643,Vicenza Calcio,14.0,2011-01-01T00:00:00Z,2011-01-01T00:00:00Z
http://www.wikidata.org/entity/Q1612729,http://www.wikidata.org/entity/Q8416,Novara Calcio,68.0,2008-01-01T00:00:00Z,2012-01-01T00:00:00Z
http://www.wikidata.org/entity/Q1612729,http://www.wikidata.org/entity/Q13391,Unione Sportiva Lecce,32.0,1995-01-01T00:00:00Z,1997-01-01T00:00:00Z
http://www.wikidata.org/entity/Q1612729,http://www.wikidata.org/entity/Q1349814,Ravenne Calcio,4.0,2007-01-01T00:00:00Z,2008-01-01T00:00:00Z
http://www.wikidata.org/entity/Q1612729,http://www.wikidata.org/entity/Q501245,Venise Football Club,6.0,1993-01-01T00:00:00Z,1995-01-01T00:00:00Z
http://www.wikidata.org/entity/Q1612729,http://www.wikidata.org/entity/Q611222,Trévise F.B.C. 1993,148.0,1999-01-01T00:00:00Z,2004-01-01T00:00:00Z
http://www.wikidata.org/entity/Q1612729,http://www.wikidata.org/entity/Q8408,Modène Football Club,88.0,2004-01-01T00:00:00Z,2007-01-01T00:00:00Z
http://www.wikidata.org/entity/Q1612729,http://www.wikidata.org/entity/Q1900,Cagliari Calcio,22.0,1997-01-01T00:00:00Z,1999-01-01T00:00:00Z
http://www.wikidata.org/entity/Q1612729,http://www.wikidata.org/entity/Q3626922,Associazione Sportiva Dilettantistica Unione Sportiva Corsico 1908,32.0,1993-01-01T00:00:00Z,1994-01-01T00:00:00Z
http://www.wikidata.org/entity/Q1613807,http://www.wikidata.org/entity/Q2037,Associazione Calcio ChievoVerona,22.0,1997-01-01T00:00:00Z,2003-01-01T00:00:00Z
http://www.wikidata.org/entity/Q1613807,http://www.wikidata.org/entity/Q3747804,F.C. Vittoria,19.0,2004-01-01T00:00:00Z,2005-01-01T00:00:00Z
http://www.wikidata.org/entity/Q1613807,http://www.wikidata.org/entity/Q777337,Aurora Pro Patria 1919,22.0,2009-01-01T00:00:00Z,2010-01-01T00:00:00Z
http://www.wikidata.org/entity/Q1613807,http://www.wikidata.org/entity/Q13385,SPAL Ferrara,26.0,1999-01-01T00:00:00Z,2000-01-01T00:00:00Z
http://www.wikidata.org/entity/Q1613807,http://www.wikidata.org/entity/Q8408,Modène Football Club,18.0,2005-01-01T00:00:00Z,2006-01-01T00:00:00Z
http://www.wikidata.org/entity/Q1613807,http://www.wikidata.org/entity/Q298333,Lucchese 1905,6.0,2000-01-01T00:00:00Z,2001-01-01T00:00:00Z
http://www.wikidata.org/entity/Q1613807,http://www.wikidata.org/entity/Q8633,Varèse Calcio,10.0,2003-01-01T00:00:00Z,2003-01-01T00:00:00Z
http://www.wikidata.org/entity/Q1613807,http://www.wikidata.org/entity/Q1122596,Unione Sportiva Brescello,33.0,1998-01-01T00:00:00Z,1999-01-01T00:00:00Z
http://www.wikidata.org/entity/Q1613807,http://www.wikidata.org/entity/Q289339,Associazione Calcio Lumezzane,16.0,2008-01-01T00:00:00Z,2009-01-01T00:00:00Z
http://www.wikidata.org/entity/Q1613807,http://www.wikidata.org/entity/Q944876,Calcio Lecco,29.0,2010-01-01T00:00:00Z,2011-01-01T00:00:00Z
http://www.wikidata.org/entity/Q1613807,http://www.wikidata.org/entity/Q2037,Associazione Calcio ChievoVerona,6.0,2007-01-01T00:00:00Z,2008-01-01T00:00:00Z
http://www.wikidata.org/entity/Q1613807,http://www.wikidata.org/entity/Q139399,Calcio Foggia 1920,32.0,2003-01-01T00:00:00Z,2004-01-01T00:00:00Z
http://www.wikidata.org/entity/Q1613807,http://www.wikidata.org/entity/Q2331232,équipe d'Italie de football des moins de 17 ans,1.0,1995-01-01T00:00:00Z,1995-01-01T00:00:00Z
http://www.wikidata.org/entity/Q1613807,http://www.wikidata.org/entity/Q3660082,A.C. M.M. Sarego A.S.D.,,2011-01-01T00:00:00Z,
http://www.wikidata.org/entity/Q1613807,http://www.wikidata.org/entity/Q289339,Associazione Calcio Lumezzane,26.0,2001-01-01T00:00:00Z,2002-01-01T00:00:00Z
http://www.wikidata.org/entity/Q1617454,http://www.wikidata.org/entity/Q8643,Vicenza Calcio,,2011-01-01T00:00:00Z,2014-01-01T00:00:00Z
http://www.wikidata.org/entity/Q1617454,http://www.wikidata.org/entity/Q922698,équipe d'Italie espoirs de football,8.0,2009-01-01T00:00:00Z,2010-01-01T00:00:00Z
http://www.wikidata.org/entity/Q1617454,http://www.wikidata.org/entity/Q1457,UC Sampdoria,5.0,2009-01-01T00:00:00Z,2011-01-01T00:00:00Z
http://www.wikidata.org/entity/Q1617454,http://www.wikidata.org/entity/Q2331232,équipe d'Italie de football des moins de 17 ans,3.0,2006-01-01T00:00:00Z,2006-01-01T00:00:00Z
http://www.wikidata.org/entity/Q1617454,http://www.wikidata.org/entity/Q8643,Vicenza Calcio,14.0,2011-01-01T00:00:00Z,2011-01-01T00:00:00Z
http://www.wikidata.org/entity/Q1617454,http://www.wikidata.org/entity/Q3873548,équipe d'Italie de football des moins de 20 ans,10.0,2009-01-01T00:00:00Z,2009-01-01T00:00:00Z
http://www.wikidata.org/entity/Q1617454,http://www.wikidata.org/entity/Q289029,Società Sportiva Calcio Ancona,24.0,2009-01-01T00:00:00Z,2010-01-01T00:00:00Z
http://www.wikidata.org/entity/Q1617454,http://www.wikidata.org/entity/Q8455,FC Pro Verceil 1892,34.0,2015-01-01T00:00:00Z,
http://www.wikidata.org/entity/Q1617454,http://www.wikidata.org/entity/Q8633,Varèse Calcio,7.0,2010-01-01T00:00:00Z,2011-01-01T00:00:00Z
http://www.wikidata.org/entity/Q1617454,http://www.wikidata.org/entity/Q6630,Ascoli Calcio 1898 FC,33.0,2014-01-01T00:00:00Z,2015-01-01T00:00:00Z
http://www.wikidata.org/entity/Q1617837,http://www.wikidata.org/entity/Q160530,VfL Osnabrück,10.0,2009-01-01T00:00:00Z,2010-01-01T00:00:00Z
http://www.wikidata.org/entity/Q1617837,http://www.wikidata.org/entity/Q33748,Hanovre 96,44.0,2007-01-01T00:00:00Z,2009-01-01T00:00:00Z
http://www.wikidata.org/entity/Q1617837,http://www.wikidata.org/entity/Q33748,Hanovre 96,3.0,2009-01-01T00:00:00Z,2009-01-01T00:00:00Z
http://www.wikidata.org/entity/Q1617837,http://www.wikidata.org/entity/Q157828,SV Holstein Kiel,,2011-01-01T00:00:00Z,
http://www.wikidata.org/entity/Q1618308,http://www.wikidata.org/entity/Q101859,VfL Wolfsburg,7.0,1995-01-01T00:00:00Z,1998-01-01T00:00:00Z
http://www.wikidata.org/entity/Q1618308,http://www.wikidata.org/entity/Q665920,VfB Lübeck,103.0,1998-01-01T00:00:00Z,2001-01-01T00:00:00Z
http://www.wikidata.org/entity/Q1618308,http://www.wikidata.org/entity/Q8466,1. FC Kaiserslautern,5.0,2001-01-01T00:00:00Z,2002-01-01T00:00:00Z
http://www.wikidata.org/entity/Q1618308,http://www.wikidata.org/entity/Q665920,VfB Lübeck,169.0,2002-01-01T00:00:00Z,2007-01-01T00:00:00Z
http://www.wikidata.org/entity/Q1618308,http://www.wikidata.org/entity/Q101859,VfL Wolfsburg,24.0,2007-01-01T00:00:00Z,2008-01-01T00:00:00Z
http://www.wikidata.org/entity/Q1619533,http://www.wikidata.org/entity/Q287695,Fidelis Andria 2018,,2015-01-01T00:00:00Z,
http://www.wikidata.org/entity/Q1648068,http://www.wikidata.org/entity/Q153539,SpVgg Greuther Fürth,16.0,2009-01-01T00:00:00Z,2010-01-01T00:00:00Z
http://www.wikidata.org/entity/Q1648068,http://www.wikidata.org/entity/Q310621,SV Wehen Wiesbaden,34.0,2010-01-01T00:00:00Z,2011-01-01T00:00:00Z
http://www.wikidata.org/entity/Q1648068,http://www.wikidata.org/entity/Q479351,SV Darmstadt 98,74.0,2013-01-01T00:00:00Z,2016-01-01T00:00:00Z
http://www.wikidata.org/entity/Q1648068,http://www.wikidata.org/entity/Q405690,VfR Heilbronn,26.0,2003-01-01T00:00:00Z,2004-01-01T00:00:00Z
http://www.wikidata.org/entity/Q1648068,http://www.wikidata.org/entity/Q162251,1. FC Heidenheim 1846,34.0,2012-01-01T00:00:00Z,2013-01-01T00:00:00Z
http://www.wikidata.org/entity/Q1648234,http://www.wikidata.org/entity/Q936187,Hibernians Football Club,,2014-01-01T00:00:00Z,
http://www.wikidata.org/entity/Q1648234,http://www.wikidata.org/entity/Q775439,équipe de Malte espoirs de football,37.0,2005-01-01T00:00:00Z,2008-01-01T00:00:00Z
http://www.wikidata.org/entity/Q1648234,http://www.wikidata.org/entity/Q1323373,FK Zemun,0.0,2004-01-01T00:00:00Z,2004-01-01T00:00:00Z
http://www.wikidata.org/entity/Q1648234,http://www.wikidata.org/entity/Q2118510,Latina Calcio 1932,35.0,2011-01-01T00:00:00Z,2013-01-01T00:00:00Z
http://www.wikidata.org/entity/Q1648234,http://www.wikidata.org/entity/Q4005112,Atletico Catania,26.0,2004-01-01T00:00:00Z,2005-01-01T00:00:00Z
http://www.wikidata.org/entity/Q1648234,http://www.wikidata.org/entity/Q29390,ACR Messine,28.0,2005-01-01T00:00:00Z,2007-01-01T00:00:00Z
http://www.wikidata.org/entity/Q1648234,http://www.wikidata.org/entity/Q2314607,AC Martina,15.0,2006-01-01T00:00:00Z,2007-01-01T00:00:00Z
http://www.wikidata.org/entity/Q1648234,http://www.wikidata.org/entity/Q2031462,U.S. Pro Melfi,37.0,2010-01-01T00:00:00Z,2011-01-01T00:00:00Z
http://www.wikidata.org/entity/Q1648234,http://www.wikidata.org/entity/Q188782,équipe de Malte de football,,2006-01-01T00:00:00Z,
http://www.wikidata.org/entity/Q1648234,http://www.wikidata.org/entity/Q611018,F.C. Aprilia Racing Club,14.0,2014-01-01T00:00:00Z,2014-01-01T00:00:00Z
http://www.wikidata.org/entity/Q1648234,http://www.wikidata.org/entity/Q1289495,Sliema Wanderers Football Club,2.0,2003-01-01T00:00:00Z,2003-01-01T00:00:00Z
http://www.wikidata.org/entity/Q1648234,http://www.wikidata.org/entity/Q2084931,Igea Virtus Barcellona,68.0,2007-01-01T00:00:00Z,2009-01-01T00:00:00Z
http://www.wikidata.org/entity/Q1648234,http://www.wikidata.org/entity/Q847587,U.S. Salernitana 1919,,2009-01-01T00:00:00Z,2009-01-01T00:00:00Z
http://www.wikidata.org/entity/Q1648234,http://www.wikidata.org/entity/Q803976,Birkirkara Football Club,12.0,2011-01-01T00:00:00Z,2011-01-01T00:00:00Z
http://www.wikidata.org/entity/Q1648234,http://www.wikidata.org/entity/Q963110,SEF Torres Calcio 1903,16.0,2013-01-01T00:00:00Z,2014-01-01T00:00:00Z
http://www.wikidata.org/entity/Q1648234,http://www.wikidata.org/entity/Q2271138,Cassino 1924,10.0,2009-01-01T00:00:00Z,2010-01-01T00:00:00Z
http://www.wikidata.org/entity/Q1651703,http://www.wikidata.org/entity/Q922698,équipe d'Italie espoirs de football,1.0,2010-01-01T00:00:00Z,2010-01-01T00:00:00Z
http://www.wikidata.org/entity/Q1651703,http://www.wikidata.org/entity/Q6703,Empoli Football Club,159.0,2010-01-01T00:00:00Z,2016-01-01T00:00:00Z
http://www.wikidata.org/entity/Q1651703,http://www.wikidata.org/entity/Q2641,Società Sportiva Calcio Napoli,,2016-01-01T00:00:00Z,
http://www.wikidata.org/entity/Q1651703,http://www.wikidata.org/entity/Q3873502,équipe d'Italie de football des moins de 16 ans,3.0,2006-01-01T00:00:00Z,2006-01-01T00:00:00Z
http://www.wikidata.org/entity/Q1651783,http://www.wikidata.org/entity/Q19521,AS Saint-Étienne,99.0,1992-01-01T00:00:00Z,1996-01-01T00:00:00Z
http://www.wikidata.org/entity/Q1651783,http://www.wikidata.org/entity/Q845067,LB Châteauroux,11.0,2005-01-01T00:00:00Z,2006-01-01T00:00:00Z
http://www.wikidata.org/entity/Q1651783,http://www.wikidata.org/entity/Q982889,Racing Club de France,,1990-01-01T00:00:00Z,1992-01-01T00:00:00Z
http://www.wikidata.org/entity/Q1651783,http://www.wikidata.org/entity/Q208399,SC Bastia,101.0,1996-01-01T00:00:00Z,2002-01-01T00:00:00Z
http://www.wikidata.org/entity/Q1651783,http://www.wikidata.org/entity/Q1277549,équipe de France espoirs de football,,1996-01-01T00:00:00Z,1996-01-01T00:00:00Z
http://www.wikidata.org/entity/Q1651783,http://www.wikidata.org/entity/Q221525,FC Metz,21.0,2001-01-01T00:00:00Z,2002-01-01T00:00:00Z
http://www.wikidata.org/entity/Q1651783,http://www.wikidata.org/entity/Q19523,AS Nancy-Lorraine,67.0,2002-01-01T00:00:00Z,2005-01-01T00:00:00Z
http://www.wikidata.org/entity/Q1652256,http://www.wikidata.org/entity/Q865735,Royal Excelsior Mouscron,80.0,2005-01-01T00:00:00Z,2008-01-01T00:00:00Z
http://www.wikidata.org/entity/Q1652256,http://www.wikidata.org/entity/Q221525,FC Metz,155.0,1997-01-01T00:00:00Z,2003-01-01T00:00:00Z
http://www.wikidata.org/entity/Q1652256,http://www.wikidata.org/entity/Q172476,Girondins de Bordeaux,62.0,1994-01-01T00:00:00Z,1997-01-01T00:00:00Z
http://www.wikidata.org/entity/Q1652256,http://www.wikidata.org/entity/Q1753193,RAA louviéroise,31.0,2004-01-01T00:00:00Z,2005-01-01T00:00:00Z
http://www.wikidata.org/entity/Q1652256,http://www.wikidata.org/entity/Q1050331,Football Club Molenbeek Brussels Strombeek,22.0,2008-01-01T00:00:00Z,2010-01-01T00:00:00Z
http://www.wikidata.org/entity/Q1652256,http://www.wikidata.org/entity/Q19523,AS Nancy-Lorraine,9.0,2003-01-01T00:00:00Z,2004-01-01T00:00:00Z
http://www.wikidata.org/entity/Q1655508,http://www.wikidata.org/entity/Q309095,Revolution de la Nouvelle-Angleterre,26.0,1998-01-01T00:00:00Z,1998-01-01T00:00:00Z
http://www.wikidata.org/entity/Q1655508,http://www.wikidata.org/entity/Q19495,Peterborough United FC,16.0,1995-01-01T00:00:00Z,1995-01-01T00:00:00Z
http://www.wikidata.org/entity/Q1655508,http://www.wikidata.org/entity/Q19482,Wimbledon Football Club,4.0,2000-01-01T00:00:00Z,2002-01-01T00:00:00Z
http://www.wikidata.org/entity/Q1655508,http://www.wikidata.org/entity/Q18520,Luton Town Football Club,14.0,1995-01-01T00:00:00Z,1995-01-01T00:00:00Z
http://www.wikidata.org/entity/Q1655508,http://www.wikidata.org/entity/Q19637,Tranmere Rovers FC,2.0,2002-01-01T00:00:00Z,2002-01-01T00:00:00Z
http://www.wikidata.org/entity/Q1655508,http://www.wikidata.org/entity/Q18662,Cardiff City F.C.,0.0,2000-01-01T00:00:00Z,2000-01-01T00:00:00Z
http://www.wikidata.org/entity/Q1655508,http://www.wikidata.org/entity/Q18747,West Ham United FC,0.0,1994-01-01T00:00:00Z,1996-01-01T00:00:00Z
http://www.wikidata.org/entity/Q1655508,http://www.wikidata.org/entity/Q18747,West Ham United FC,3.0,2000-01-01T00:00:00Z,2000-01-01T00:00:00Z
http://www.wikidata.org/entity/Q1655508,http://www.wikidata.org/entity/Q2312558,Racing White Daring Molenbeek,19.0,1991-01-01T00:00:00Z,1993-01-01T00:00:00Z
http://www.wikidata.org/entity/Q1655508,http://www.wikidata.org/entity/Q2841062,Los Angeles Salsa,17.0,1993-01-01T00:00:00Z,1993-01-01T00:00:00Z
http://www.wikidata.org/entity/Q1655508,http://www.wikidata.org/entity/Q164134,équipe des États-Unis de football,19.0,1992-01-01T00:00:00Z,1992-01-01T00:00:00Z
http://www.wikidata.org/entity/Q1655508,http://www.wikidata.org/entity/Q190916,Club Bruges KV,0.0,1988-01-01T00:00:00Z,1993-01-01T00:00:00Z
http://www.wikidata.org/entity/Q1655508,http://www.wikidata.org/entity/Q248188,Milton Keynes Dons Football Club,4.0,2000-01-01T00:00:00Z,2002-01-01T00:00:00Z
http://www.wikidata.org/entity/Q1655508,http://www.wikidata.org/entity/Q1138515,Rushden & Diamonds Football Club,0.0,1999-01-01T00:00:00Z,1999-01-01T00:00:00Z
http://www.wikidata.org/entity/Q1655508,http://www.wikidata.org/entity/Q19500,Wolverhampton Wanderers F.C.,0.0,2002-01-01T00:00:00Z,2002-01-01T00:00:00Z
http://www.wikidata.org/entity/Q1655508,http://www.wikidata.org/entity/Q19470,Derby County FC,2.0,2001-01-01T00:00:00Z,2001-01-01T00:00:00Z
http://www.wikidata.org/entity/Q1655508,http://www.wikidata.org/entity/Q18520,Luton Town Football Club,83.0,1995-01-01T00:00:00Z,1998-01-01T00:00:00Z
http://www.wikidata.org/entity/Q1655508,http://www.wikidata.org/entity/Q1050331,Football Club Molenbeek Brussels Strombeek,19.0,1991-01-01T00:00:00Z,1993-01-01T00:00:00Z
http://www.wikidata.org/entity/Q1655508,http://www.wikidata.org/entity/Q642408,Rapids du Colorado,19.0,2000-01-01T00:00:00Z,2002-01-01T00:00:00Z
http://www.wikidata.org/entity/Q1657193,http://www.wikidata.org/entity/Q151747,Fortuna Düsseldorf,21.0,2012-01-01T00:00:00Z,2014-01-01T00:00:00Z
http://www.wikidata.org/entity/Q1657193,http://www.wikidata.org/entity/Q2331381,équipe de Croatie espoirs de football,4.0,2011-01-01T00:00:00Z,2012-01-01T00:00:00Z
http://www.wikidata.org/entity/Q1657193,http://www.wikidata.org/entity/Q19473,Huddersfield Town Football Club,,2016-01-01T00:00:00Z,
http://www.wikidata.org/entity/Q1657193,http://www.wikidata.org/entity/Q865720,Borussia Dortmund II,,2010-01-01T00:00:00Z,2012-01-01T00:00:00Z
http://www.wikidata.org/entity/Q1657193,http://www.wikidata.org/entity/Q2137561,FK Oufa,57.0,2014-01-01T00:00:00Z,2016-01-01T00:00:00Z
http://www.wikidata.org/entity/Q1657193,http://www.wikidata.org/entity/Q639525,SV Sandhausen,,2019-07-02T00:00:00Z,
http://www.wikidata.org/entity/Q1657193,http://www.wikidata.org/entity/Q3446766,équipe de Croatie des moins de 19 ans,,2009-01-01T00:00:00Z,2009-01-01T00:00:00Z
http://www.wikidata.org/entity/Q1657391,http://www.wikidata.org/entity/Q161554,Chemnitzer FC,104.0,2009-01-01T00:00:00Z,2012-01-01T00:00:00Z
http://www.wikidata.org/entity/Q1657391,http://www.wikidata.org/entity/Q107818,FC Energie Cottbus,18.0,2015-01-01T00:00:00Z,2016-01-01T00:00:00Z
http://www.wikidata.org/entity/Q1657391,http://www.wikidata.org/entity/Q142005,FC Hansa Rostock,4.0,2016-01-01T00:00:00Z,
http://www.wikidata.org/entity/Q1657391,http://www.wikidata.org/entity/Q161074,FC Sachsen Leipzig,101.0,2004-01-01T00:00:00Z,2009-01-01T00:00:00Z
http://www.wikidata.org/entity/Q1657391,http://www.wikidata.org/entity/Q161554,Chemnitzer FC,35.0,2013-01-01T00:00:00Z,2015-01-01T00:00:00Z
http://www.wikidata.org/entity/Q1657391,http://www.wikidata.org/entity/Q151747,Fortuna Düsseldorf,7.0,2012-01-01T00:00:00Z,2013-01-01T00:00:00Z
http://www.wikidata.org/entity/Q1657832,http://www.wikidata.org/entity/Q270995,Atlético Mineiro,72.0,2003-01-01T00:00:00Z,2005-01-01T00:00:00Z
http://www.wikidata.org/entity/Q1657832,http://www.wikidata.org/entity/Q98921,Ipatinga Futebol Clube,,2001-01-01T00:00:00Z,2001-01-01T00:00:00Z
http://www.wikidata.org/entity/Q1657832,http://www.wikidata.org/entity/Q1029041,Tupi Football Club,,2002-01-01T00:00:00Z,2002-01-01T00:00:00Z
http://www.wikidata.org/entity/Q1657832,http://www.wikidata.org/entity/Q19523,AS Nancy-Lorraine,199.0,2005-01-01T00:00:00Z,2013-01-01T00:00:00Z
http://www.wikidata.org/entity/Q1657832,http://www.wikidata.org/entity/Q80964,SE Palmeiras,21.0,2013-01-01T00:00:00Z,2013-01-01T00:00:00Z
http://www.wikidata.org/entity/Q1657832,http://www.wikidata.org/entity/Q188277,Cruzeiro EC,,2000-01-01T00:00:00Z,2000-01-01T00:00:00Z
http://www.wikidata.org/entity/Q1657999,http://www.wikidata.org/entity/Q819367,SSV Reutlingen 05,53.0,2001-01-01T00:00:00Z,2003-01-01T00:00:00Z
http://www.wikidata.org/entity/Q1657999,http://www.wikidata.org/entity/Q1389608,FSV 08 Bietigheim-Bissingen,53.0,2003-01-01T00:00:00Z,2008-01-01T00:00:00Z
http://www.wikidata.org/entity/Q1657999,http://www.wikidata.org/entity/Q158121,SpVgg Unterhaching,157.0,1992-01-01T00:00:00Z,2001-01-01T00:00:00Z
http://www.wikidata.org/entity/Q1657999,http://www.wikidata.org/entity/Q885184,SGV Freiberg,,1989-01-01T00:00:00Z,1991-01-01T00:00:00Z
http://www.wikidata.org/entity/Q1658508,http://www.wikidata.org/entity/Q161554,Chemnitzer FC,78.0,1994-01-01T00:00:00Z,1997-01-01T00:00:00Z
http://www.wikidata.org/entity/Q1658508,http://www.wikidata.org/entity/Q639560,Tennis Borussia Berlin,49.0,1997-01-01T00:00:00Z,1998-01-01T00:00:00Z
http://www.wikidata.org/entity/Q1658508,http://www.wikidata.org/entity/Q105844,DSC Arminia Bielefeld,36.0,2000-07-01T00:00:00Z,2003-07-01T00:00:00Z
http://www.wikidata.org/entity/Q1658508,http://www.wikidata.org/entity/Q318969,HNK Rijeka,19.0,1993-01-01T00:00:00Z,1994-01-01T00:00:00Z
http://www.wikidata.org/entity/Q1658508,http://www.wikidata.org/entity/Q102720,Hertha BSC,25.0,1999-01-01T00:00:00Z,2000-07-01T00:00:00Z
http://www.wikidata.org/entity/Q1658530,http://www.wikidata.org/entity/Q157352,FSV Francfort,15.0,2012-01-01T00:00:00Z,2012-01-01T00:00:00Z
http://www.wikidata.org/entity/Q1658530,http://www.wikidata.org/entity/Q144190,PFK Levski Sofia,,2016-01-01T00:00:00Z,2017-01-01T00:00:00Z
http://www.wikidata.org/entity/Q1658530,http://www.wikidata.org/entity/Q2096853,Pirin Blagoevgrad (1922),37.0,2003-01-01T00:00:00Z,2005-01-01T00:00:00Z
http://www.wikidata.org/entity/Q1658530,http://www.wikidata.org/entity/Q105853,Karlsruher SC,49.0,2013-01-01T00:00:00Z,2015-01-01T00:00:00Z
http://www.wikidata.org/entity/Q1658530,http://www.wikidata.org/entity/Q730219,Korona Kielce,5.0,2007-01-01T00:00:00Z,2007-01-01T00:00:00Z
http://www.wikidata.org/entity/Q1658530,http://www.wikidata.org/entity/Q170117,FC Ingolstadt 04,7.0,2013-01-01T00:00:00Z,2013-01-01T00:00:00Z
http://www.wikidata.org/entity/Q1658530,http://www.wikidata.org/entity/Q482449,Suwon Samsung Bluewings Football Club,3.0,2015-01-01T00:00:00Z,
http://www.wikidata.org/entity/Q1658530,http://www.wikidata.org/entity/Q140497,Zagłębie Lubin,59.0,2009-01-01T00:00:00Z,2010-01-01T00:00:00Z
http://www.wikidata.org/entity/Q1658530,http://www.wikidata.org/entity/Q8466,1. FC Kaiserslautern,10.0,2011-01-01T00:00:00Z,2012-01-01T00:00:00Z
http://www.wikidata.org/entity/Q1658530,http://www.wikidata.org/entity/Q180845,équipe de Bulgarie de football,,2010-01-01T00:00:00Z,
http://www.wikidata.org/entity/Q1658530,http://www.wikidata.org/entity/Q746902,Odra Wodzisław Śląski,13.0,2008-01-01T00:00:00Z,2008-01-01T00:00:00Z
http://www.wikidata.org/entity/Q1658530,http://www.wikidata.org/entity/Q52942,Lech Poznań,10.0,2006-01-01T00:00:00Z,2007-01-01T00:00:00Z
http://www.wikidata.org/entity/Q1658530,http://www.wikidata.org/entity/Q730219,Korona Kielce,5.0,2006-01-01T00:00:00Z,2006-01-01T00:00:00Z
http://www.wikidata.org/entity/Q1689345,http://www.wikidata.org/entity/Q131603,TSV Munich 1860,248.0,1997-01-01T00:00:00Z,2007-01-01T00:00:00Z
http://www.wikidata.org/entity/Q1689345,http://www.wikidata.org/entity/Q3873546,équipe d'Australie de football des moins de 20 ans,6.0,1993-01-01T00:00:00Z,1993-01-01T00:00:00Z
http://www.wikidata.org/entity/Q1689941,http://www.wikidata.org/entity/Q2281096,Royal Knokke Football Club,,2012-01-01T00:00:00Z,
http://www.wikidata.org/entity/Q1689941,http://www.wikidata.org/entity/Q190916,Club Bruges KV,40.0,2010-01-01T00:00:00Z,2011-01-01T00:00:00Z
http://www.wikidata.org/entity/Q1689941,http://www.wikidata.org/entity/Q1293144,SC Eendracht Alost,57.0,1998-01-01T00:00:00Z,2000-01-01T00:00:00Z
http://www.wikidata.org/entity/Q1689941,http://www.wikidata.org/entity/Q646079,K Beerschot AC,33.0,2011-01-01T00:00:00Z,2012-01-01T00:00:00Z
http://www.wikidata.org/entity/Q1689941,http://www.wikidata.org/entity/Q166776,équipe de Belgique de football,21.0,2001-01-01T00:00:00Z,2007-01-01T00:00:00Z
http://www.wikidata.org/entity/Q1689941,http://www.wikidata.org/entity/Q2539148,KFC Denderleeuw EH,63.0,1994-01-01T00:00:00Z,1998-01-01T00:00:00Z
http://www.wikidata.org/entity/Q1689941,http://www.wikidata.org/entity/Q190916,Club Bruges KV,150.0,2000-01-01T00:00:00Z,2005-01-01T00:00:00Z
http://www.wikidata.org/entity/Q1689941,http://www.wikidata.org/entity/Q1065328,FCV Dender EH,63.0,1994-01-01T00:00:00Z,1998-01-01T00:00:00Z
http://www.wikidata.org/entity/Q1689941,http://www.wikidata.org/entity/Q105254,1. FSV Mayence 05,,2008-01-01T00:00:00Z,2009-01-01T00:00:00Z
http://www.wikidata.org/entity/Q1689941,http://www.wikidata.org/entity/Q101859,VfL Wolfsburg,43.0,2005-01-01T00:00:00Z,2008-01-01T00:00:00Z
http://www.wikidata.org/entity/Q1697413,http://www.wikidata.org/entity/Q33748,Hanovre 96,19.0,2004-01-01T00:00:00Z,2007-01-01T00:00:00Z
http://www.wikidata.org/entity/Q1700677,http://www.wikidata.org/entity/Q3567549,Weston Workers Bears FC,,1989-01-01T00:00:00Z,1989-01-01T00:00:00Z
http://www.wikidata.org/entity/Q1700677,http://www.wikidata.org/entity/Q19578,Colchester United FC,0.0,2003-01-01T00:00:00Z,2004-01-01T00:00:00Z
http://www.wikidata.org/entity/Q1700677,http://www.wikidata.org/entity/Q48945,Northampton Town FC,6.0,2003-01-01T00:00:00Z,2003-01-01T00:00:00Z
http://www.wikidata.org/entity/Q1700677,http://www.wikidata.org/entity/Q2714,Watford Football Club,242.0,1991-01-01T00:00:00Z,2003-01-01T00:00:00Z
http://www.wikidata.org/entity/Q1700677,http://www.wikidata.org/entity/Q268208,équipe d'Australie de football,1.0,1999-01-01T00:00:00Z,2000-01-01T00:00:00Z
http://www.wikidata.org/entity/Q1700677,http://www.wikidata.org/entity/Q18736,Stoke City FC,7.0,2004-01-01T00:00:00Z,2004-01-01T00:00:00Z
http://www.wikidata.org/entity/Q1700677,http://www.wikidata.org/entity/Q248188,Milton Keynes Dons Football Club,2.0,2005-01-01T00:00:00Z,2005-01-01T00:00:00Z
http://www.wikidata.org/entity/Q1700677,http://www.wikidata.org/entity/Q18723,QP Rangers,18.0,2004-01-01T00:00:00Z,2005-01-01T00:00:00Z
http://www.wikidata.org/entity/Q1700677,http://www.wikidata.org/entity/Q815890,Wellington Phoenix Football Club,21.0,2007-01-01T00:00:00Z,2009-01-01T00:00:00Z
http://www.wikidata.org/entity/Q1700677,http://www.wikidata.org/entity/Q248188,Milton Keynes Dons Football Club,2.0,2004-01-01T00:00:00Z,2004-01-01T00:00:00Z
http://www.wikidata.org/entity/Q1700677,http://www.wikidata.org/entity/Q748011,New Zealand Knights FC,15.0,2006-01-01T00:00:00Z,2007-01-01T00:00:00Z
http://www.wikidata.org/entity/Q1700677,http://www.wikidata.org/entity/Q732929,Newcastle United Jets Football Club,20.0,2005-01-01T00:00:00Z,2006-01-01T00:00:00Z
http://www.wikidata.org/entity/Q1702817,http://www.wikidata.org/entity/Q19451,Bolton Wanderers FC,6.0,1998-01-01T00:00:00Z,1998-01-01T00:00:00Z
http://www.wikidata.org/entity/Q1702817,http://www.wikidata.org/entity/Q19498,Sheffield Wednesday FC,7.0,1989-01-01T00:00:00Z,1991-01-01T00:00:00Z
http://www.wikidata.org/entity/Q1702817,http://www.wikidata.org/entity/Q19498,Sheffield Wednesday FC,54.0,1996-01-01T00:00:00Z,2000-01-01T00:00:00Z
http://www.wikidata.org/entity/Q1702817,http://www.wikidata.org/entity/Q1128631,Leeds United,76.0,1991-01-01T00:00:00Z,1994-01-01T00:00:00Z
http://www.wikidata.org/entity/Q1702817,http://www.wikidata.org/entity/Q19451,Bolton Wanderers FC,6.0,1998-01-01T00:00:00Z,1999-01-01T00:00:00Z
http://www.wikidata.org/entity/Q1702817,http://www.wikidata.org/entity/Q18721,Norwich City FC,62.0,1994-01-01T00:00:00Z,1996-01-01T00:00:00Z
http://www.wikidata.org/entity/Q1702940,http://www.wikidata.org/entity/Q16559523,Eintracht Braunschweig II,23.0,2012-01-01T00:00:00Z,2014-01-01T00:00:00Z
http://www.wikidata.org/entity/Q1702940,http://www.wikidata.org/entity/Q3736767,FC Schalke 04 II,44.0,2010-01-01T00:00:00Z,2012-01-01T00:00:00Z
http://www.wikidata.org/entity/Q1702940,http://www.wikidata.org/entity/Q826212,VfB Oldenburg,12.0,2015-01-01T00:00:00Z,2015-01-01T00:00:00Z
http://www.wikidata.org/entity/Q1702940,http://www.wikidata.org/entity/Q265570,SSV Jahn Ratisbonne,12.0,2014-01-01T00:00:00Z,2015-01-01T00:00:00Z
http://www.wikidata.org/entity/Q1702940,http://www.wikidata.org/entity/Q666010,SC Verl,27.0,2015-01-01T00:00:00Z,2016-01-01T00:00:00Z
http://www.wikidata.org/entity/Q1702940,http://www.wikidata.org/entity/Q154053,Eintracht Brunswick,6.0,2012-01-01T00:00:00Z,2014-01-01T00:00:00Z
http://www.wikidata.org/entity/Q1703104,http://www.wikidata.org/entity/Q218282,CA San Lorenzo,235.0,2002-01-01T00:00:00Z,2012-01-01T00:00:00Z
http://www.wikidata.org/entity/Q1703104,http://www.wikidata.org/entity/Q1187790,équipe d'Argentine des moins de 20 ans de football,4.0,2003-01-01T00:00:00Z,2003-01-01T00:00:00Z
http://www.wikidata.org/entity/Q1703104,http://www.wikidata.org/entity/Q15799,Club Atlético River Plate,33.0,2012-01-01T00:00:00Z,2014-01-01T00:00:00Z
http://www.wikidata.org/entity/Q1703104,http://www.wikidata.org/entity/Q1457,UC Sampdoria,8.0,2008-01-01T00:00:00Z,2008-01-01T00:00:00Z
http://www.wikidata.org/entity/Q1703104,http://www.wikidata.org/entity/Q633223,FC León,20.0,2014-01-01T00:00:00Z,2015-01-01T00:00:00Z
http://www.wikidata.org/entity/Q1703104,http://www.wikidata.org/entity/Q79800,équipe d'Argentine de football,1.0,2007-01-01T00:00:00Z,2007-01-01T00:00:00Z
http://www.wikidata.org/entity/Q1703104,http://www.wikidata.org/entity/Q352251,Adana Demirspor,0.0,2015-01-01T00:00:00Z,2016-01-01T00:00:00Z
http://www.wikidata.org/entity/Q1703104,http://www.wikidata.org/entity/Q427446,CD Universidad Católica,13.0,2014-01-01T00:00:00Z,2014-01-01T00:00:00Z
http://www.wikidata.org/entity/Q1703104,http://www.wikidata.org/entity/Q476836,Arsenal Fútbol Club,,2016-01-01T00:00:00Z,
http://www.wikidata.org/entity/Q1703466,http://www.wikidata.org/entity/Q1680249,Västerås SK FK,7.0,1994-01-01T00:00:00Z,1994-01-01T00:00:00Z
http://www.wikidata.org/entity/Q1703466,http://www.wikidata.org/entity/Q2255267,équipe de Suède espoirs de football,31.0,1990-01-01T00:00:00Z,1993-01-01T00:00:00Z
http://www.wikidata.org/entity/Q1703466,http://www.wikidata.org/entity/Q1134557,Skiljebo SK,,2004-01-01T00:00:00Z,2007-01-01T00:00:00Z
http://www.wikidata.org/entity/Q1703466,http://www.wikidata.org/entity/Q107818,FC Energie Cottbus,21.0,1999-01-01T00:00:00Z,2001-01-01T00:00:00Z
http://www.wikidata.org/entity/Q1703466,http://www.wikidata.org/entity/Q75684,Sporting Clube de Braga,14.0,1995-01-01T00:00:00Z,1997-01-01T00:00:00Z
http://www.wikidata.org/entity/Q1703466,http://www.wikidata.org/entity/Q1680249,Västerås SK FK,34.0,1997-01-01T00:00:00Z,1999-01-01T00:00:00Z
http://www.wikidata.org/entity/Q1703466,http://www.wikidata.org/entity/Q16851257,équipe de Suède de football des moins de 23 ans,4.0,1992-01-01T00:00:00Z,1992-01-01T00:00:00Z
http://www.wikidata.org/entity/Q1703466,http://www.wikidata.org/entity/Q160826,équipe de Suède de football,2.0,1990-01-01T00:00:00Z,1992-01-01T00:00:00Z
http://www.wikidata.org/entity/Q1703466,http://www.wikidata.org/entity/Q1140767,Degerfors IF,16.0,1995-01-01T00:00:00Z,1995-01-01T00:00:00Z
http://www.wikidata.org/entity/Q1703466,http://www.wikidata.org/entity/Q814738,Beijing Guoan,18.0,2001-01-01T00:00:00Z,2001-01-01T00:00:00Z
http://www.wikidata.org/entity/Q1703466,http://www.wikidata.org/entity/Q1807439,Enköpings SK FK,57.0,2002-01-01T00:00:00Z,2004-01-01T00:00:00Z
http://www.wikidata.org/entity/Q1703466,http://www.wikidata.org/entity/Q639723,BK Häcken,14.0,1994-01-01T00:00:00Z,1994-01-01T00:00:00Z
http://www.wikidata.org/entity/Q1703466,http://www.wikidata.org/entity/Q108001798,IFK Norrköping FK,107.0,1989-01-01T00:00:00Z,1993-01-01T00:00:00Z
http://www.wikidata.org/entity/Q1703522,http://www.wikidata.org/entity/Q1980760,Desna Tchernihiv,33.0,2020-01-01T00:00:00Z,2021-07-01T00:00:00Z
http://www.wikidata.org/entity/Q1703522,http://www.wikidata.org/entity/Q179658,FCSB,35.0,2022-07-01T00:00:00Z,2023-07-01T00:00:00Z
http://www.wikidata.org/entity/Q1703522,http://www.wikidata.org/entity/Q1653582,IF Sylvia,4.0,2011-01-01T00:00:00Z,2011-01-01T00:00:00Z
http://www.wikidata.org/entity/Q1703522,http://www.wikidata.org/entity/Q597250,Botev Plovdiv,,2023-07-01T00:00:00Z,2025-01-01T00:00:00Z
http://www.wikidata.org/entity/Q1703522,http://www.wikidata.org/entity/Q222861,FC Flora Tallinn,63.0,2015-07-01T00:00:00Z,2020-01-01T00:00:00Z
http://www.wikidata.org/entity/Q1703522,http://www.wikidata.org/entity/Q669543,JK Tulevik Viljandi,15.0,2008-01-01T00:00:00Z,2008-01-01T00:00:00Z
http://www.wikidata.org/entity/Q1703522,http://www.wikidata.org/entity/Q5424928,FC Flora II Tallinn,6.0,2009-01-01T00:00:00Z,2010-01-01T00:00:00Z
http://www.wikidata.org/entity/Q1703522,http://www.wikidata.org/entity/Q214374,Lillestrøm SK,15.0,2019-08-01T00:00:00Z,2019-12-01T00:00:00Z
http://www.wikidata.org/entity/Q1703522,http://www.wikidata.org/entity/Q1370310,équipe d'Estonie espoirs de football,2.0,2011-01-01T00:00:00Z,2011-01-01T00:00:00Z
http://www.wikidata.org/entity/Q1703522,http://www.wikidata.org/entity/Q222861,FC Flora Tallinn,19.0,2009-01-01T00:00:00Z,2010-01-01T00:00:00Z
http://www.wikidata.org/entity/Q1703522,http://www.wikidata.org/entity/Q1457,UC Sampdoria,0.0,2009-01-01T00:00:00Z,2009-01-01T00:00:00Z
http://www.wikidata.org/entity/Q1703522,http://www.wikidata.org/entity/Q12361479,équipe d'Estonie de football des moins de 19 ans,22.0,2009-01-01T00:00:00Z,2011-01-01T00:00:00Z
http://www.wikidata.org/entity/Q1703522,http://www.wikidata.org/entity/Q818624,Trelleborgs FF,23.0,2013-01-01T00:00:00Z,2015-02-01T00:00:00Z
http://www.wikidata.org/entity/Q1703522,http://www.wikidata.org/entity/Q108001798,IFK Norrköping FK,5.0,2011-01-01T00:00:00Z,2013-01-01T00:00:00Z
http://www.wikidata.org/entity/Q1703522,http://www.wikidata.org/entity/Q1653582,IF Sylvia,8.0,2013-01-01T00:00:00Z,2013-01-01T00:00:00Z
http://www.wikidata.org/entity/Q1703522,http://www.wikidata.org/entity/Q730219,Korona Kielce,6.0,2019-02-01T00:00:00Z,2019-06-01T00:00:00Z
http://www.wikidata.org/entity/Q1703522,http://www.wikidata.org/entity/Q186914,équipe d'Estonie de football,49.0,2011-01-01T00:00:00Z,
http://www.wikidata.org/entity/Q1703522,http://www.wikidata.org/entity/Q23930635,équipe d'Estonie de football des moins de 17 ans,6.0,2008-01-01T00:00:00Z,2008-01-01T00:00:00Z
http://www.wikidata.org/entity/Q1703522,http://www.wikidata.org/entity/Q222861,FC Flora Tallinn,13.0,2022-03-01T00:00:00Z,2022-06-01T00:00:00Z
http://www.wikidata.org/entity/Q1703522,http://www.wikidata.org/entity/Q274762,Vorskla Poltava,15.0,2021-07-01T00:00:00Z,2022-07-01T00:00:00Z
http://www.wikidata.org/entity/Q1703522,http://www.wikidata.org/entity/Q1151909,Sarpsborg 08 FF,25.0,2018-01-01T00:00:00Z,2018-12-01T00:00:00Z
http://www.wikidata.org/entity/Q1703522,http://www.wikidata.org/entity/Q669543,JK Tulevik Viljandi,15.0,2015-02-01T00:00:00Z,2015-07-01T00:00:00Z
http://www.wikidata.org/entity/Q1703658,http://www.wikidata.org/entity/Q19446,Blackburn Rovers FC,1.0,2011-01-01T00:00:00Z,2015-01-01T00:00:00Z
http://www.wikidata.org/entity/Q1703658,http://www.wikidata.org/entity/Q19601,Oldham Athletic AFC,3.0,2012-01-01T00:00:00Z,2012-01-01T00:00:00Z
http://www.wikidata.org/entity/Q1703658,http://www.wikidata.org/entity/Q48935,Chesterfield Football Club,,2016-01-01T00:00:00Z,
http://www.wikidata.org/entity/Q1703658,http://www.wikidata.org/entity/Q19607,Sheffield United FC,11.0,2010-01-01T00:00:00Z,2011-01-01T00:00:00Z
http://www.wikidata.org/entity/Q1703658,http://www.wikidata.org/entity/Q180420,Ross County FC,20.0,2014-01-01T00:00:00Z,2014-01-01T00:00:00Z
http://www.wikidata.org/entity/Q1703658,http://www.wikidata.org/entity/Q2358861,équipe d'Angleterre de football des moins de 19 ans,2.0,2011-01-01T00:00:00Z,2011-01-01T00:00:00Z
http://www.wikidata.org/entity/Q1703658,http://www.wikidata.org/entity/Q9426,Stevenage FC,9.0,2012-01-01T00:00:00Z,2012-01-01T00:00:00Z
http://www.wikidata.org/entity/Q1703658,http://www.wikidata.org/entity/Q48948,Port Vale FC,9.0,2014-01-01T00:00:00Z,2014-01-01T00:00:00Z
http://www.wikidata.org/entity/Q1703658,http://www.wikidata.org/entity/Q18509,Cambridge United FC,23.0,2015-01-01T00:00:00Z,2016-01-01T00:00:00Z
http://www.wikidata.org/entity/Q1703658,http://www.wikidata.org/entity/Q48950,Rotherham United FC,7.0,2013-01-01T00:00:00Z,2013-01-01T00:00:00Z
http://www.wikidata.org/entity/Q1703938,http://www.wikidata.org/entity/Q2129100,Maccabi Haïfa FC,27.0,2009-01-01T00:00:00Z,2010-01-01T00:00:00Z
http://www.wikidata.org/entity/Q1703938,http://www.wikidata.org/entity/Q1046440,Casa Pia Atlético Clube,30.0,2005-01-01T00:00:00Z,2006-01-01T00:00:00Z
http://www.wikidata.org/entity/Q1703938,http://www.wikidata.org/entity/Q176099,Centro Desportivo de Fátima,18.0,2007-01-01T00:00:00Z,2008-01-01T00:00:00Z
http://www.wikidata.org/entity/Q1703938,http://www.wikidata.org/entity/Q19462,Charlton Athletic FC,,2016-01-01T00:00:00Z,
http://www.wikidata.org/entity/Q1703938,http://www.wikidata.org/entity/Q2756,Sienne FC,9.0,2013-01-01T00:00:00Z,2013-01-01T00:00:00Z
http://www.wikidata.org/entity/Q1703522,http://www.wikidata.org/entity/Q20429561,Sepsi OSK Sfântu Gheorghe,,2025-01-01T00:00:00Z,
http://www.wikidata.org/entity/Q1619533,http://www.wikidata.org/entity/Q2037,Associazione Calcio ChievoVerona,2.0,2011-01-01T00:00:00Z,2012-01-01T00:00:00Z
http://www.wikidata.org/entity/Q1619533,http://www.wikidata.org/entity/Q1681805,Savone 1907 Foot-Ball Club,14.0,2013-01-01T00:00:00Z,2014-01-01T00:00:00Z
http://www.wikidata.org/entity/Q1619533,http://www.wikidata.org/entity/Q6641,SSC Bari,9.0,2011-01-01T00:00:00Z,2014-01-01T00:00:00Z
http://www.wikidata.org/entity/Q1619533,http://www.wikidata.org/entity/Q16837921,S.S.D. Correggese Calcio 1948,37.0,2014-01-01T00:00:00Z,2015-01-01T00:00:00Z
http://www.wikidata.org/entity/Q1619533,http://www.wikidata.org/entity/Q2273813,Tritium Calcio 1908,13.0,2013-01-01T00:00:00Z,2013-01-01T00:00:00Z
http://www.wikidata.org/entity/Q1624049,http://www.wikidata.org/entity/Q153535,Alemannia Aix-la-Chapelle,2.0,2004-01-01T00:00:00Z,2007-01-01T00:00:00Z
http://www.wikidata.org/entity/Q1624049,http://www.wikidata.org/entity/Q141931,SG Dynamo Dresde,16.0,2007-01-01T00:00:00Z,2009-01-01T00:00:00Z
http://www.wikidata.org/entity/Q1624049,http://www.wikidata.org/entity/Q820313,Heidenauer SV,32.0,2010-01-01T00:00:00Z,2011-01-01T00:00:00Z
http://www.wikidata.org/entity/Q1624049,http://www.wikidata.org/entity/Q541011,TSV Stahl Riesa,,2014-01-01T00:00:00Z,
http://www.wikidata.org/entity/Q1624049,http://www.wikidata.org/entity/Q541011,TSV Stahl Riesa,18.0,2011-01-01T00:00:00Z,2012-01-01T00:00:00Z
http://www.wikidata.org/entity/Q1624049,http://www.wikidata.org/entity/Q639506,VfR Neumünster,37.0,2012-01-01T00:00:00Z,2014-01-01T00:00:00Z
http://www.wikidata.org/entity/Q1624049,http://www.wikidata.org/entity/Q479287,SC Borea Dresden,3.0,2011-01-01T00:00:00Z,2011-01-01T00:00:00Z
http://www.wikidata.org/entity/Q1624512,http://www.wikidata.org/entity/Q240783,Omonia Nicosie,16.0,2002-01-01T00:00:00Z,2003-01-01T00:00:00Z
http://www.wikidata.org/entity/Q1624512,http://www.wikidata.org/entity/Q157463,1. FC Sarrebruck,3.0,2003-01-01T00:00:00Z,2004-01-01T00:00:00Z
http://www.wikidata.org/entity/Q1624512,http://www.wikidata.org/entity/Q105254,1. FSV Mayence 05,92.0,1991-01-01T00:00:00Z,1995-01-01T00:00:00Z
http://www.wikidata.org/entity/Q1624512,http://www.wikidata.org/entity/Q1201992,équipe d'Allemagne de football A2,1.0,2000-01-01T00:00:00Z,2000-01-01T00:00:00Z
http://www.wikidata.org/entity/Q1624512,http://www.wikidata.org/entity/Q131603,TSV Munich 1860,114.0,1995-01-01T00:00:00Z,2002-01-01T00:00:00Z
http://www.wikidata.org/entity/Q1624528,http://www.wikidata.org/entity/Q101859,VfL Wolfsburg,6.0,1997-01-01T00:00:00Z,2001-01-01T00:00:00Z
http://www.wikidata.org/entity/Q1624528,http://www.wikidata.org/entity/Q161554,Chemnitzer FC,135.0,1986-01-01T00:00:00Z,1995-01-01T00:00:00Z
http://www.wikidata.org/entity/Q1624528,http://www.wikidata.org/entity/Q161554,Chemnitzer FC,64.0,2001-01-01T00:00:00Z,2004-01-01T00:00:00Z
http://www.wikidata.org/entity/Q1624528,http://www.wikidata.org/entity/Q51974,Hambourg SV,5.0,1995-01-01T00:00:00Z,1997-01-01T00:00:00Z
http://www.wikidata.org/entity/Q1625463,http://www.wikidata.org/entity/Q298235,AS Beauvais Oise,1.0,2009-01-01T00:00:00Z,2009-01-01T00:00:00Z
http://www.wikidata.org/entity/Q1625463,http://www.wikidata.org/entity/Q298235,AS Beauvais Oise,1.0,2009-01-01T00:00:00Z,2010-01-01T00:00:00Z
http://www.wikidata.org/entity/Q1625463,http://www.wikidata.org/entity/Q172476,Girondins de Bordeaux,0.0,2008-01-01T00:00:00Z,2009-01-01T00:00:00Z
http://www.wikidata.org/entity/Q1625463,http://www.wikidata.org/entity/Q204237,FC Dinamo Bucarest,12.0,2019-02-01T00:00:00Z,2019-06-01T00:00:00Z
http://www.wikidata.org/entity/Q1625463,http://www.wikidata.org/entity/Q19585,Royal Charleroi SC,98.0,2011-01-01T00:00:00Z,
http://www.wikidata.org/entity/Q1625463,http://www.wikidata.org/entity/Q270080,équipe de république démocratique du Congo de football,6.0,2008-01-01T00:00:00Z,
http://www.wikidata.org/entity/Q1625463,http://www.wikidata.org/entity/Q434929,Altay Spor Kulübü,12.0,2010-01-01T00:00:00Z,2011-01-01T00:00:00Z
http://www.wikidata.org/entity/Q1625463,http://www.wikidata.org/entity/Q1277549,équipe de France espoirs de football,1.0,2007-01-01T00:00:00Z,2007-01-01T00:00:00Z
http://www.wikidata.org/entity/Q1629978,http://www.wikidata.org/entity/Q154293,MSV Duisbourg,76.0,1996-01-01T00:00:00Z,2003-01-01T00:00:00Z
http://www.wikidata.org/entity/Q1629978,http://www.wikidata.org/entity/Q101959,Borussia Mönchengladbach,20.0,1991-01-01T00:00:00Z,1993-01-01T00:00:00Z
http://www.wikidata.org/entity/Q1629978,http://www.wikidata.org/entity/Q314851,équipe d'Allemagne espoirs de football,10.0,1988-01-01T00:00:00Z,1990-01-01T00:00:00Z
http://www.wikidata.org/entity/Q1629978,http://www.wikidata.org/entity/Q157464,KFC Uerdingen 05,90.0,1988-01-01T00:00:00Z,1991-01-01T00:00:00Z
http://www.wikidata.org/entity/Q1629978,http://www.wikidata.org/entity/Q157464,KFC Uerdingen 05,96.0,1993-01-01T00:00:00Z,1996-01-01T00:00:00Z
http://www.wikidata.org/entity/Q1631560,http://www.wikidata.org/entity/Q19601,Oldham Athletic AFC,170.0,1988-01-01T00:00:00Z,1993-01-01T00:00:00Z
http://www.wikidata.org/entity/Q1631560,http://www.wikidata.org/entity/Q9653,Ipswich Town FC,84.0,1993-01-01T00:00:00Z,1996-01-01T00:00:00Z
http://www.wikidata.org/entity/Q1631560,http://www.wikidata.org/entity/Q5794,Everton FC,15.0,1984-01-01T00:00:00Z,1988-01-01T00:00:00Z
http://www.wikidata.org/entity/Q1631560,http://www.wikidata.org/entity/Q19451,Bolton Wanderers FC,38.0,2000-01-01T00:00:00Z,2002-01-01T00:00:00Z
http://www.wikidata.org/entity/Q1631560,http://www.wikidata.org/entity/Q19449,Blackpool FC,11.0,2002-01-01T00:00:00Z,2002-01-01T00:00:00Z
http://www.wikidata.org/entity/Q1631560,http://www.wikidata.org/entity/Q19481,Leicester City FC,83.0,1996-01-01T00:00:00Z,2000-01-01T00:00:00Z
http://www.wikidata.org/entity/Q1631560,http://www.wikidata.org/entity/Q19449,Blackpool FC,10.0,2001-01-01T00:00:00Z,2002-01-01T00:00:00Z
http://www.wikidata.org/entity/Q1644485,http://www.wikidata.org/entity/Q157464,KFC Uerdingen 05,73.0,2002-01-01T00:00:00Z,2005-01-01T00:00:00Z
http://www.wikidata.org/entity/Q1644485,http://www.wikidata.org/entity/Q479273,SV Straelen,24.0,2006-01-01T00:00:00Z,2008-01-01T00:00:00Z
http://www.wikidata.org/entity/Q1644485,http://www.wikidata.org/entity/Q314851,équipe d'Allemagne espoirs de football,11.0,1997-01-01T00:00:00Z,1999-01-01T00:00:00Z
http://www.wikidata.org/entity/Q1644485,http://www.wikidata.org/entity/Q1202757,équipe d'Allemagne olympique de football,2.0,1998-01-01T00:00:00Z,1998-01-01T00:00:00Z
http://www.wikidata.org/entity/Q1644485,http://www.wikidata.org/entity/Q107818,FC Energie Cottbus,45.0,2000-01-01T00:00:00Z,2002-01-01T00:00:00Z
http://www.wikidata.org/entity/Q1644485,http://www.wikidata.org/entity/Q157020,SC Rot-Weiss Oberhausen,22.0,2005-01-01T00:00:00Z,2006-01-01T00:00:00Z
http://www.wikidata.org/entity/Q1644485,http://www.wikidata.org/entity/Q157464,KFC Uerdingen 05,54.0,1996-01-01T00:00:00Z,1999-01-01T00:00:00Z
http://www.wikidata.org/entity/Q1644485,http://www.wikidata.org/entity/Q7671747,TSV 1860 München II,2.0,1999-01-01T00:00:00Z,1999-01-01T00:00:00Z
http://www.wikidata.org/entity/Q1644800,http://www.wikidata.org/entity/Q845067,LB Châteauroux,14.0,2003-01-01T00:00:00Z,2004-01-01T00:00:00Z
http://www.wikidata.org/entity/Q1644800,http://www.wikidata.org/entity/Q298362,AS Moulins,,2012-01-01T00:00:00Z,2015-01-01T00:00:00Z
http://www.wikidata.org/entity/Q1644800,http://www.wikidata.org/entity/Q870182,Clermont Foot 63,17.0,2003-01-01T00:00:00Z,2003-01-01T00:00:00Z
http://www.wikidata.org/entity/Q1644800,http://www.wikidata.org/entity/Q289289,A.C. Legnano,82.0,2005-01-01T00:00:00Z,2008-01-01T00:00:00Z
http://www.wikidata.org/entity/Q1644800,http://www.wikidata.org/entity/Q870182,Clermont Foot 63,10.0,2004-01-01T00:00:00Z,2004-01-01T00:00:00Z
http://www.wikidata.org/entity/Q1644800,http://www.wikidata.org/entity/Q24711,FC Groningue,1.0,2002-01-01T00:00:00Z,2002-01-01T00:00:00Z
http://www.wikidata.org/entity/Q1644800,http://www.wikidata.org/entity/Q6641,SSC Bari,60.0,2008-01-01T00:00:00Z,2010-01-01T00:00:00Z
http://www.wikidata.org/entity/Q1644800,http://www.wikidata.org/entity/Q845067,LB Châteauroux,13.0,2003-01-01T00:00:00Z,2003-01-01T00:00:00Z
http://www.wikidata.org/entity/Q1644800,http://www.wikidata.org/entity/Q1344163,équipe de France de football des moins de 20 ans,1.0,2001-01-01T00:00:00Z,2001-01-01T00:00:00Z
http://www.wikidata.org/entity/Q1644800,http://www.wikidata.org/entity/Q298518,Moulins Yzeure Foot 03 Auvergne,23.0,2011-01-01T00:00:00Z,2012-01-01T00:00:00Z
http://www.wikidata.org/entity/Q1644800,http://www.wikidata.org/entity/Q845067,LB Châteauroux,30.0,2004-01-01T00:00:00Z,2005-01-01T00:00:00Z
http://www.wikidata.org/entity/Q1644800,http://www.wikidata.org/entity/Q270080,équipe de république démocratique du Congo de football,1.0,2010-01-01T00:00:00Z,2010-01-01T00:00:00Z
http://www.wikidata.org/entity/Q1644800,http://www.wikidata.org/entity/Q2756,Sienne FC,15.0,2010-01-01T00:00:00Z,2011-01-01T00:00:00Z
http://www.wikidata.org/entity/Q1644800,http://www.wikidata.org/entity/Q24711,FC Groningue,1.0,2002-01-01T00:00:00Z,2003-01-01T00:00:00Z
http://www.wikidata.org/entity/Q1644800,http://www.wikidata.org/entity/Q182876,AJ Auxerre,,2001-01-01T00:00:00Z,2002-01-01T00:00:00Z
http://www.wikidata.org/entity/Q1644920,http://www.wikidata.org/entity/Q192071,Football Club de Nantes,0.0,2006-01-01T00:00:00Z,2006-01-01T00:00:00Z
http://www.wikidata.org/entity/Q1644920,http://www.wikidata.org/entity/Q490586,Royal Albert Élisabeth Club de Mons,39.0,2007-01-01T00:00:00Z,2008-01-01T00:00:00Z
http://www.wikidata.org/entity/Q1644920,http://www.wikidata.org/entity/Q1513287,Vila Nova Futebol Clube,,2012-01-01T00:00:00Z,2012-01-01T00:00:00Z
http://www.wikidata.org/entity/Q1644920,http://www.wikidata.org/entity/Q1029041,Tupi Football Club,10.0,2013-01-01T00:00:00Z,2013-01-01T00:00:00Z
http://www.wikidata.org/entity/Q1644920,http://www.wikidata.org/entity/Q3022181,Democrata Futebol Clube,,2012-01-01T00:00:00Z,2012-01-01T00:00:00Z
http://www.wikidata.org/entity/Q1644920,http://www.wikidata.org/entity/Q338285,América Futebol Clube,,2000-01-01T00:00:00Z,2003-01-01T00:00:00Z
http://www.wikidata.org/entity/Q1644920,http://www.wikidata.org/entity/Q270995,Atlético Mineiro,,2004-01-01T00:00:00Z,2005-01-01T00:00:00Z
http://www.wikidata.org/entity/Q1644920,http://www.wikidata.org/entity/Q910453,Esporte Clube Juventude,0.0,2006-01-01T00:00:00Z,2006-01-01T00:00:00Z
http://www.wikidata.org/entity/Q1644920,http://www.wikidata.org/entity/Q4810213,Associação Atlética Santa Rita,4.0,2014-01-01T00:00:00Z,2014-01-01T00:00:00Z
http://www.wikidata.org/entity/Q1644920,http://www.wikidata.org/entity/Q1969520,Rio Branco Esporte Clube,,2016-01-01T00:00:00Z,
http://www.wikidata.org/entity/Q1644920,http://www.wikidata.org/entity/Q506832,Clube Atlético Paranaense,6.0,2005-01-01T00:00:00Z,2005-01-01T00:00:00Z
http://www.wikidata.org/entity/Q1644920,http://www.wikidata.org/entity/Q18232,La Gantoise,26.0,2008-01-01T00:00:00Z,2011-01-01T00:00:00Z
http://www.wikidata.org/entity/Q1645001,http://www.wikidata.org/entity/Q218334,Figueirense Futebol Clube,,2001-01-01T00:00:00Z,2001-01-01T00:00:00Z
http://www.wikidata.org/entity/Q1645001,http://www.wikidata.org/entity/Q221695,Gremio Foot-Ball Porto Alegrense,28.0,2006-01-01T00:00:00Z,2006-01-01T00:00:00Z
http://www.wikidata.org/entity/Q1645001,http://www.wikidata.org/entity/Q2844832,América Futebol Clube,,2000-01-01T00:00:00Z,2000-01-01T00:00:00Z
http://www.wikidata.org/entity/Q1645001,http://www.wikidata.org/entity/Q218334,Figueirense Futebol Clube,16.0,2009-01-01T00:00:00Z,2010-01-01T00:00:00Z
http://www.wikidata.org/entity/Q1645001,http://www.wikidata.org/entity/Q212269,Valenciennes FC,38.0,2007-01-01T00:00:00Z,2009-01-01T00:00:00Z
http://www.wikidata.org/entity/Q1645001,http://www.wikidata.org/entity/Q2844832,América Futebol Clube,,2001-01-01T00:00:00Z,2001-01-01T00:00:00Z
http://www.wikidata.org/entity/Q1645001,http://www.wikidata.org/entity/Q221695,Gremio Foot-Ball Porto Alegrense,,2005-01-01T00:00:00Z,2006-01-01T00:00:00Z
http://www.wikidata.org/entity/Q1645001,http://www.wikidata.org/entity/Q508440,Santa Cruz Futebol Clube,12.0,2011-01-01T00:00:00Z,2012-01-01T00:00:00Z
http://www.wikidata.org/entity/Q1645001,http://www.wikidata.org/entity/Q218334,Figueirense Futebol Clube,,2001-01-01T00:00:00Z,2004-01-01T00:00:00Z
http://www.wikidata.org/entity/Q1645001,http://www.wikidata.org/entity/Q80964,SE Palmeiras,3.0,2002-01-01T00:00:00Z,2002-01-01T00:00:00Z
http://www.wikidata.org/entity/Q1645001,http://www.wikidata.org/entity/Q198034,Atlético Clube Goianiense,,1998-01-01T00:00:00Z,2000-01-01T00:00:00Z
http://www.wikidata.org/entity/Q1645001,http://www.wikidata.org/entity/Q2590133,Americana Futebol,,2012-01-01T00:00:00Z,2012-01-01T00:00:00Z
http://www.wikidata.org/entity/Q1646132,http://www.wikidata.org/entity/Q2205472,SC Langenhagen,12.0,2009-01-01T00:00:00Z,2009-01-01T00:00:00Z
http://www.wikidata.org/entity/Q1646132,http://www.wikidata.org/entity/Q4107588,SV Werder Bremen II,16.0,2005-01-01T00:00:00Z,2005-01-01T00:00:00Z
http://www.wikidata.org/entity/Q1646132,http://www.wikidata.org/entity/Q2205472,SC Langenhagen,23.0,2011-01-01T00:00:00Z,2012-01-01T00:00:00Z
http://www.wikidata.org/entity/Q1646132,http://www.wikidata.org/entity/Q2385304,TSV Stelingen,,2013-01-01T00:00:00Z,
http://www.wikidata.org/entity/Q1646132,http://www.wikidata.org/entity/Q155730,1. FC Magdebourg,65.0,2006-01-01T00:00:00Z,2008-01-01T00:00:00Z
http://www.wikidata.org/entity/Q1646132,http://www.wikidata.org/entity/Q472214,OSV Hanovre,,2012-01-01T00:00:00Z,2013-01-01T00:00:00Z
http://www.wikidata.org/entity/Q1646132,http://www.wikidata.org/entity/Q101859,VfL Wolfsburg,4.0,2001-01-01T00:00:00Z,2004-01-01T00:00:00Z
http://www.wikidata.org/entity/Q1646132,http://www.wikidata.org/entity/Q537301,TSV Havelse,48.0,2009-01-01T00:00:00Z,2011-01-01T00:00:00Z
http://www.wikidata.org/entity/Q1646132,http://www.wikidata.org/entity/Q537301,TSV Havelse,,2004-01-01T00:00:00Z,2004-01-01T00:00:00Z
http://www.wikidata.org/entity/Q1648068,http://www.wikidata.org/entity/Q692586,VfR Aalen,132.0,2004-01-01T00:00:00Z,2009-01-01T00:00:00Z
http://www.wikidata.org/entity/Q1715711,http://www.wikidata.org/entity/Q383196,FC Kärnten,12.0,2003-01-01T00:00:00Z,2003-01-01T00:00:00Z
http://www.wikidata.org/entity/Q1715711,http://www.wikidata.org/entity/Q1293144,SC Eendracht Alost,35.0,1995-01-01T00:00:00Z,1997-01-01T00:00:00Z
http://www.wikidata.org/entity/Q1715711,http://www.wikidata.org/entity/Q161034,SV Wacker Burghausen,2.0,2004-01-01T00:00:00Z,2005-01-01T00:00:00Z
http://www.wikidata.org/entity/Q1715711,http://www.wikidata.org/entity/Q16952065,SV Wacker Burghausen II,,2005-01-01T00:00:00Z,2006-01-01T00:00:00Z
http://www.wikidata.org/entity/Q1717843,http://www.wikidata.org/entity/Q447934,MTV Ingolstadt,,1984-01-01T00:00:00Z,1989-01-01T00:00:00Z
http://www.wikidata.org/entity/Q1717843,http://www.wikidata.org/entity/Q7671747,TSV 1860 München II,,2001-01-01T00:00:00Z,2003-01-01T00:00:00Z
http://www.wikidata.org/entity/Q1717843,http://www.wikidata.org/entity/Q158121,SpVgg Unterhaching,141.0,1994-01-01T00:00:00Z,2001-01-01T00:00:00Z
http://www.wikidata.org/entity/Q1717843,http://www.wikidata.org/entity/Q15755,FC Augsbourg,,1992-01-01T00:00:00Z,1993-01-01T00:00:00Z
http://www.wikidata.org/entity/Q1717843,http://www.wikidata.org/entity/Q151747,Fortuna Düsseldorf,10.0,1989-01-01T00:00:00Z,1992-01-01T00:00:00Z
http://www.wikidata.org/entity/Q1717843,http://www.wikidata.org/entity/Q170117,FC Ingolstadt 04,,1993-01-01T00:00:00Z,1994-01-01T00:00:00Z
http://www.wikidata.org/entity/Q1719926,http://www.wikidata.org/entity/Q32494,FC Schalke 04,0.0,1994-01-01T00:00:00Z,1995-01-01T00:00:00Z
http://www.wikidata.org/entity/Q1719926,http://www.wikidata.org/entity/Q158121,SpVgg Unterhaching,24.0,1995-01-01T00:00:00Z,2000-01-01T00:00:00Z
http://www.wikidata.org/entity/Q1719926,http://www.wikidata.org/entity/Q524378,SG Wattenscheid 09,78.0,1989-01-01T00:00:00Z,1994-01-01T00:00:00Z
http://www.wikidata.org/entity/Q1721144,http://www.wikidata.org/entity/Q19470,Derby County FC,0.0,2005-01-01T00:00:00Z,2008-01-01T00:00:00Z
http://www.wikidata.org/entity/Q1721144,http://www.wikidata.org/entity/Q2205537,SC Ritzing,51.0,2010-01-01T00:00:00Z,2012-01-01T00:00:00Z
http://www.wikidata.org/entity/Q1721144,http://www.wikidata.org/entity/Q263320,SV Mattersburg,6.0,2008-01-01T00:00:00Z,2010-01-01T00:00:00Z
http://www.wikidata.org/entity/Q1722877,http://www.wikidata.org/entity/Q50602,Manchester City FC,0.0,1987-01-01T00:00:00Z,1988-01-01T00:00:00Z
http://www.wikidata.org/entity/Q1722877,http://www.wikidata.org/entity/Q19451,Bolton Wanderers FC,91.0,1998-01-01T00:00:00Z,2003-01-01T00:00:00Z
http://www.wikidata.org/entity/Q1722877,http://www.wikidata.org/entity/Q204238,équipe d'Angleterre espoirs de football,8.0,1990-01-01T00:00:00Z,1991-01-01T00:00:00Z
http://www.wikidata.org/entity/Q1722877,http://www.wikidata.org/entity/Q19575,Carlisle United Football Club,1.0,2004-01-01T00:00:00Z,2004-01-01T00:00:00Z
http://www.wikidata.org/entity/Q1722877,http://www.wikidata.org/entity/Q19442,Barnsley Football Club,4.0,2003-01-01T00:00:00Z,2003-01-01T00:00:00Z
http://www.wikidata.org/entity/Q1722877,http://www.wikidata.org/entity/Q19467,Crystal Palace FC,27.0,1997-01-01T00:00:00Z,1998-01-01T00:00:00Z
http://www.wikidata.org/entity/Q1722877,http://www.wikidata.org/entity/Q9408,Barnet FC,28.0,2006-01-01T00:00:00Z,2007-01-01T00:00:00Z
http://www.wikidata.org/entity/Q1722877,http://www.wikidata.org/entity/Q19446,Blackburn Rovers FC,57.0,1993-01-01T00:00:00Z,1997-01-01T00:00:00Z
http://www.wikidata.org/entity/Q1722877,http://www.wikidata.org/entity/Q18486,Northwich Victoria Football Club,2.0,2007-01-01T00:00:00Z,2007-01-01T00:00:00Z
http://www.wikidata.org/entity/Q1722877,http://www.wikidata.org/entity/Q19498,Sheffield Wednesday FC,88.0,1991-01-01T00:00:00Z,1993-01-01T00:00:00Z
http://www.wikidata.org/entity/Q1722877,http://www.wikidata.org/entity/Q19601,Oldham Athletic AFC,67.0,1988-01-01T00:00:00Z,1991-01-01T00:00:00Z
http://www.wikidata.org/entity/Q1722877,http://www.wikidata.org/entity/Q18515,Grimsby Town Football Club,7.0,2004-01-01T00:00:00Z,2004-01-01T00:00:00Z
http://www.wikidata.org/entity/Q1722877,http://www.wikidata.org/entity/Q19449,Blackpool FC,4.0,2004-01-01T00:00:00Z,2004-01-01T00:00:00Z
http://www.wikidata.org/entity/Q1722877,http://www.wikidata.org/entity/Q50602,Manchester City FC,0.0,1988-01-01T00:00:00Z,1988-01-01T00:00:00Z
http://www.wikidata.org/entity/Q1722877,http://www.wikidata.org/entity/Q18529,Wrexham FC,11.0,2005-01-01T00:00:00Z,2005-01-01T00:00:00Z
http://www.wikidata.org/entity/Q1722877,http://www.wikidata.org/entity/Q18736,Stoke City FC,5.0,2003-01-01T00:00:00Z,2003-01-01T00:00:00Z
http://www.wikidata.org/entity/Q1722877,http://www.wikidata.org/entity/Q18512,Forest Green Rovers Football Club,6.0,2005-01-01T00:00:00Z,2005-01-01T00:00:00Z
http://www.wikidata.org/entity/Q1722877,http://www.wikidata.org/entity/Q48935,Chesterfield Football Club,4.0,2003-01-01T00:00:00Z,2003-01-01T00:00:00Z
http://www.wikidata.org/entity/Q1722877,http://www.wikidata.org/entity/Q19451,Bolton Wanderers FC,6.0,1998-01-01T00:00:00Z,1998-01-01T00:00:00Z
http://www.wikidata.org/entity/Q1723721,http://www.wikidata.org/entity/Q270080,équipe de république démocratique du Congo de football,2.0,2004-01-01T00:00:00Z,2004-01-01T00:00:00Z
http://www.wikidata.org/entity/Q1723721,http://www.wikidata.org/entity/Q48949,Rochdale AFC,1.0,2004-01-01T00:00:00Z,2004-01-01T00:00:00Z
http://www.wikidata.org/entity/Q1723721,http://www.wikidata.org/entity/Q2255212,équipe de Suède des moins de 19 ans de football,,2001-01-01T00:00:00Z,2004-01-01T00:00:00Z
http://www.wikidata.org/entity/Q1723721,http://www.wikidata.org/entity/Q622430,Djurgårdens IF,0.0,2003-01-01T00:00:00Z,2003-01-01T00:00:00Z
http://www.wikidata.org/entity/Q1723721,http://www.wikidata.org/entity/Q18293,Hednesford Town FC,0.0,2008-01-01T00:00:00Z,2008-01-01T00:00:00Z
http://www.wikidata.org/entity/Q1723721,http://www.wikidata.org/entity/Q691752,NK Drava,0.0,2005-01-01T00:00:00Z,2006-01-01T00:00:00Z
http://www.wikidata.org/entity/Q1723721,http://www.wikidata.org/entity/Q7944378,Värtans IK,16.0,2002-01-01T00:00:00Z,2002-01-01T00:00:00Z
http://www.wikidata.org/entity/Q1723721,http://www.wikidata.org/entity/Q19451,Bolton Wanderers FC,0.0,2003-01-01T00:00:00Z,2004-01-01T00:00:00Z
http://www.wikidata.org/entity/Q1723721,http://www.wikidata.org/entity/Q691752,NK Drava,0.0,2006-01-01T00:00:00Z,2006-01-01T00:00:00Z
http://www.wikidata.org/entity/Q1723721,http://www.wikidata.org/entity/Q473136,Montrose Football Club,1.0,2007-01-01T00:00:00Z,2007-01-01T00:00:00Z
http://www.wikidata.org/entity/Q1723721,http://www.wikidata.org/entity/Q1849964,Stalybridge Celtic F.C.,1.0,2004-01-01T00:00:00Z,2005-01-01T00:00:00Z
http://www.wikidata.org/entity/Q1723721,http://www.wikidata.org/entity/Q3590410,équipe de Suède des moins de 17 ans de football,,2000-01-01T00:00:00Z,2001-01-01T00:00:00Z
http://www.wikidata.org/entity/Q1723721,http://www.wikidata.org/entity/Q473136,Montrose Football Club,1.0,2006-01-01T00:00:00Z,2006-01-01T00:00:00Z
http://www.wikidata.org/entity/Q1723721,http://www.wikidata.org/entity/Q9437,Wealdstone Football Club,3.0,2007-01-01T00:00:00Z,2007-01-01T00:00:00Z
http://www.wikidata.org/entity/Q1723721,http://www.wikidata.org/entity/Q18552,A.F.C. Liverpool,1.0,2008-01-01T00:00:00Z,2009-01-01T00:00:00Z
http://www.wikidata.org/entity/Q1723721,http://www.wikidata.org/entity/Q18330,Radcliffe Borough F.C.,0.0,2008-01-01T00:00:00Z,2008-01-01T00:00:00Z
http://www.wikidata.org/entity/Q1723721,http://www.wikidata.org/entity/Q2676506,Worthing F.C.,1.0,2006-01-01T00:00:00Z,2006-01-01T00:00:00Z
http://www.wikidata.org/entity/Q1723721,http://www.wikidata.org/entity/Q19601,Oldham Athletic AFC,4.0,2003-01-01T00:00:00Z,2003-01-01T00:00:00Z
http://www.wikidata.org/entity/Q1723721,http://www.wikidata.org/entity/Q3590410,équipe de Suède des moins de 17 ans de football,,2001-01-01T00:00:00Z,
http://www.wikidata.org/entity/Q1727900,http://www.wikidata.org/entity/Q142005,FC Hansa Rostock,7.0,1999-01-01T00:00:00Z,2000-01-01T00:00:00Z
http://www.wikidata.org/entity/Q1727900,http://www.wikidata.org/entity/Q161074,FC Sachsen Leipzig,36.0,2004-01-01T00:00:00Z,2004-01-01T00:00:00Z
http://www.wikidata.org/entity/Q1727900,http://www.wikidata.org/entity/Q155186,FC Carl Zeiss Iéna,63.0,2005-01-01T00:00:00Z,2007-01-01T00:00:00Z
http://www.wikidata.org/entity/Q1727900,http://www.wikidata.org/entity/Q107818,FC Energie Cottbus,33.0,2000-01-01T00:00:00Z,2003-01-01T00:00:00Z
http://www.wikidata.org/entity/Q1727900,http://www.wikidata.org/entity/Q107818,FC Energie Cottbus,56.0,2007-01-01T00:00:00Z,2010-01-01T00:00:00Z
http://www.wikidata.org/entity/Q1727900,http://www.wikidata.org/entity/Q141882,FC Erzgebirge Aue,120.0,1992-01-01T00:00:00Z,1999-01-01T00:00:00Z
http://www.wikidata.org/entity/Q1728973,http://www.wikidata.org/entity/Q209619,OFK Belgrade,16.0,2008-01-01T00:00:00Z,2010-01-01T00:00:00Z
http://www.wikidata.org/entity/Q1728973,http://www.wikidata.org/entity/Q19593,Celtic FC,19.0,2014-01-01T00:00:00Z,2015-01-01T00:00:00Z
http://www.wikidata.org/entity/Q1728973,http://www.wikidata.org/entity/Q12278,Sporting Gijón,39.0,2013-01-01T00:00:00Z,2014-01-01T00:00:00Z
http://www.wikidata.org/entity/Q1728973,http://www.wikidata.org/entity/Q8806,Getafe CF,,2015-01-01T00:00:00Z,
http://www.wikidata.org/entity/Q1728973,http://www.wikidata.org/entity/Q1513003,Hapoël Acre,31.0,2011-01-01T00:00:00Z,2012-01-01T00:00:00Z
http://www.wikidata.org/entity/Q1728973,http://www.wikidata.org/entity/Q618620,KV Courtrai,8.0,2011-01-01T00:00:00Z,2011-01-01T00:00:00Z
http://www.wikidata.org/entity/Q1728973,http://www.wikidata.org/entity/Q190916,Club Bruges KV,4.0,2010-01-01T00:00:00Z,2011-01-01T00:00:00Z
http://www.wikidata.org/entity/Q1728973,http://www.wikidata.org/entity/Q1366905,Machida Zelvia,,2020-01-01T00:00:00Z,2021-01-01T00:00:00Z
http://www.wikidata.org/entity/Q1728973,http://www.wikidata.org/entity/Q2272209,équipe de Serbie espoirs de football,12.0,2009-01-01T00:00:00Z,2011-01-01T00:00:00Z
http://www.wikidata.org/entity/Q1728973,http://www.wikidata.org/entity/Q182740,équipe de Serbie de football,,2012-01-01T00:00:00Z,
http://www.wikidata.org/entity/Q1728973,http://www.wikidata.org/entity/Q681220,FK Mladi Radnik,2.0,2008-01-01T00:00:00Z,2008-01-01T00:00:00Z
http://www.wikidata.org/entity/Q1728973,http://www.wikidata.org/entity/Q1138191,MS Ashdod,13.0,2013-01-01T00:00:00Z,2013-01-01T00:00:00Z
http://www.wikidata.org/entity/Q1728973,http://www.wikidata.org/entity/Q1457,UC Sampdoria,2.0,2010-01-01T00:00:00Z,2010-01-01T00:00:00Z
http://www.wikidata.org/entity/Q1728973,http://www.wikidata.org/entity/Q188656,Partizan Belgrade,14.0,2012-01-01T00:00:00Z,2013-01-01T00:00:00Z
http://www.wikidata.org/entity/Q1729005,http://www.wikidata.org/entity/Q18509,Cambridge United FC,299.0,1986-01-01T00:00:00Z,1993-01-01T00:00:00Z
http://www.wikidata.org/entity/Q1729005,http://www.wikidata.org/entity/Q48939,Exeter City FC,1.0,1985-01-01T00:00:00Z,1985-01-01T00:00:00Z
http://www.wikidata.org/entity/Q1729005,http://www.wikidata.org/entity/Q48938,Dagenham & Redbridge FC,22.0,2003-01-01T00:00:00Z,2004-01-01T00:00:00Z
http://www.wikidata.org/entity/Q1729005,http://www.wikidata.org/entity/Q19482,Wimbledon Football Club,215.0,1993-01-01T00:00:00Z,2002-01-01T00:00:00Z
http://www.wikidata.org/entity/Q1729005,http://www.wikidata.org/entity/Q18520,Luton Town Football Club,12.0,2002-01-01T00:00:00Z,2003-01-01T00:00:00Z
http://www.wikidata.org/entity/Q1729005,http://www.wikidata.org/entity/Q4118930,Heybridge Swifts F.C.,22.0,2004-01-01T00:00:00Z,2005-01-01T00:00:00Z
http://www.wikidata.org/entity/Q1729005,http://www.wikidata.org/entity/Q19462,Charlton Athletic FC,6.0,1984-01-01T00:00:00Z,1986-01-01T00:00:00Z
http://www.wikidata.org/entity/Q1729005,http://www.wikidata.org/entity/Q19495,Peterborough United FC,3.0,2002-01-01T00:00:00Z,2002-01-01T00:00:00Z
http://www.wikidata.org/entity/Q1737891,http://www.wikidata.org/entity/Q575370,Earthquakes de San José,12.0,2008-01-01T00:00:00Z,2008-01-01T00:00:00Z
http://www.wikidata.org/entity/Q1737891,http://www.wikidata.org/entity/Q309095,Revolution de la Nouvelle-Angleterre,52.0,2016-01-01T00:00:00Z,2017-01-01T00:00:00Z
http://www.wikidata.org/entity/Q1737891,http://www.wikidata.org/entity/Q457163,Crew de Columbus,41.0,2015-01-01T00:00:00Z,2016-01-01T00:00:00Z
http://www.wikidata.org/entity/Q1737891,http://www.wikidata.org/entity/Q18661,Middlesbrough FC,25.0,2013-01-01T00:00:00Z,2014-01-01T00:00:00Z
http://www.wikidata.org/entity/Q1737891,http://www.wikidata.org/entity/Q457163,Crew de Columbus,36.0,2006-01-01T00:00:00Z,2007-01-01T00:00:00Z
http://www.wikidata.org/entity/Q1737891,http://www.wikidata.org/entity/Q330148,équipe de Sierra Leone de football,29.0,2008-01-01T00:00:00Z,2019-01-01T00:00:00Z
http://www.wikidata.org/entity/Q1737891,http://www.wikidata.org/entity/Q329812,Sporting de Kansas City,113.0,2009-01-01T00:00:00Z,2013-01-01T00:00:00Z
http://www.wikidata.org/entity/Q1737891,http://www.wikidata.org/entity/Q19828435,Minnesota United FC,,2020-01-01T00:00:00Z,
http://www.wikidata.org/entity/Q1737891,http://www.wikidata.org/entity/Q916068,Orange County Blue Star,19.0,2004-01-01T00:00:00Z,2005-01-01T00:00:00Z
http://www.wikidata.org/entity/Q1737891,http://www.wikidata.org/entity/Q18721,Norwich City FC,11.0,2013-01-01T00:00:00Z,2013-01-01T00:00:00Z
http://www.wikidata.org/entity/Q1737891,http://www.wikidata.org/entity/Q328313,Dynamo de Houston,32.0,2008-01-01T00:00:00Z,2009-01-01T00:00:00Z
http://www.wikidata.org/entity/Q1737891,http://www.wikidata.org/entity/Q642408,Rapids du Colorado,38.0,2019-01-01T00:00:00Z,2020-01-01T00:00:00Z
http://www.wikidata.org/entity/Q1737891,http://www.wikidata.org/entity/Q196107,Whitecaps de Vancouver,28.0,2018-01-01T00:00:00Z,2018-01-01T00:00:00Z
http://www.wikidata.org/entity/Q1553595,http://www.wikidata.org/entity/Q310621,SV Wehen Wiesbaden,76.0,2002-01-01T00:00:00Z,2005-01-01T00:00:00Z
http://www.wikidata.org/entity/Q1553595,http://www.wikidata.org/entity/Q101859,VfL Wolfsburg,0.0,1998-01-01T00:00:00Z,2000-01-01T00:00:00Z
http://www.wikidata.org/entity/Q1553595,http://www.wikidata.org/entity/Q720513,VfL Rhede,91.0,2008-01-01T00:00:00Z,2010-01-01T00:00:00Z
http://www.wikidata.org/entity/Q1553595,http://www.wikidata.org/entity/Q162213,1. FC Bocholt,91.0,2005-01-01T00:00:00Z,2008-01-01T00:00:00Z
http://www.wikidata.org/entity/Q1554422,http://www.wikidata.org/entity/Q19604,Portsmouth FC,,2011-01-01T00:00:00Z,2012-01-01T00:00:00Z
http://www.wikidata.org/entity/Q1554422,http://www.wikidata.org/entity/Q309480,Ittihad FC,,2010-01-01T00:00:00Z,2013-01-01T00:00:00Z
http://www.wikidata.org/entity/Q1554422,http://www.wikidata.org/entity/Q2307965,Hampton & Richmond Borough F.C.,0.0,2010-01-01T00:00:00Z,2010-01-01T00:00:00Z
http://www.wikidata.org/entity/Q1554422,http://www.wikidata.org/entity/Q7232459,Portsmouth F.C. Reserves and Academy,0.0,2011-01-01T00:00:00Z,2012-01-01T00:00:00Z
http://www.wikidata.org/entity/Q1554422,http://www.wikidata.org/entity/Q151747,Fortuna Düsseldorf,0.0,2012-01-01T00:00:00Z,2012-01-01T00:00:00Z
http://www.wikidata.org/entity/Q1554422,http://www.wikidata.org/entity/Q2511419,Staines Town Football Club,0.0,2010-01-01T00:00:00Z,2010-01-01T00:00:00Z
http://www.wikidata.org/entity/Q1554422,http://www.wikidata.org/entity/Q916199,Oud-Heverlee Louvain,2.0,2013-01-01T00:00:00Z,2013-01-01T00:00:00Z
http://www.wikidata.org/entity/Q1554717,http://www.wikidata.org/entity/Q107818,FC Energie Cottbus,18.0,2000-01-01T00:00:00Z,2006-01-01T00:00:00Z
http://www.wikidata.org/entity/Q1557470,http://www.wikidata.org/entity/Q1639148,Husumer SV,25.0,2006-01-01T00:00:00Z,2008-01-01T00:00:00Z
http://www.wikidata.org/entity/Q1557470,http://www.wikidata.org/entity/Q1428037,Flensburg 08,11.0,2005-01-01T00:00:00Z,2006-01-01T00:00:00Z
http://www.wikidata.org/entity/Q1557470,http://www.wikidata.org/entity/Q155186,FC Carl Zeiss Iéna,25.0,2014-01-01T00:00:00Z,2015-01-01T00:00:00Z
http://www.wikidata.org/entity/Q1557470,http://www.wikidata.org/entity/Q444031,Altonaer FC 1893,34.0,2008-01-01T00:00:00Z,2009-01-01T00:00:00Z
http://www.wikidata.org/entity/Q1557470,http://www.wikidata.org/entity/Q316855,Hallescher FC,24.0,2012-01-01T00:00:00Z,2014-01-01T00:00:00Z
http://www.wikidata.org/entity/Q1557470,http://www.wikidata.org/entity/Q155186,FC Carl Zeiss Iéna,16.0,2012-01-01T00:00:00Z,2012-01-01T00:00:00Z
http://www.wikidata.org/entity/Q1557470,http://www.wikidata.org/entity/Q319900,FSV Wacker 90 Nordhausen,,2015-01-01T00:00:00Z,
http://www.wikidata.org/entity/Q1557470,http://www.wikidata.org/entity/Q6463,FC Sankt Pauli,61.0,2010-01-01T00:00:00Z,2012-01-01T00:00:00Z
http://www.wikidata.org/entity/Q1559264,http://www.wikidata.org/entity/Q1051164,Coton Sport Football Club de Garoua,,1997-01-01T00:00:00Z,1999-01-01T00:00:00Z
http://www.wikidata.org/entity/Q1559264,http://www.wikidata.org/entity/Q175309,équipe du Cameroun de football,15.0,2003-01-01T00:00:00Z,2008-01-01T00:00:00Z
http://www.wikidata.org/entity/Q1559264,http://www.wikidata.org/entity/Q1368064,Malatyaspor,13.0,2005-01-01T00:00:00Z,2005-01-01T00:00:00Z
http://www.wikidata.org/entity/Q1559264,http://www.wikidata.org/entity/Q192071,Football Club de Nantes,31.0,2006-01-01T00:00:00Z,2007-01-01T00:00:00Z
http://www.wikidata.org/entity/Q1559264,http://www.wikidata.org/entity/Q495299,Galatasaray SK,29.0,2004-01-01T00:00:00Z,2006-01-01T00:00:00Z
http://www.wikidata.org/entity/Q1559264,http://www.wikidata.org/entity/Q344328,İstanbulspor,159.0,1999-01-01T00:00:00Z,2004-01-01T00:00:00Z
http://www.wikidata.org/entity/Q1559264,http://www.wikidata.org/entity/Q608122,Kayserispor,79.0,2007-01-01T00:00:00Z,2010-01-01T00:00:00Z
http://www.wikidata.org/entity/Q1559264,http://www.wikidata.org/entity/Q372599,Sivasspor,0.0,2010-01-01T00:00:00Z,2011-01-01T00:00:00Z
http://www.wikidata.org/entity/Q1560247,http://www.wikidata.org/entity/Q161554,Chemnitzer FC,97.0,2001-01-01T00:00:00Z,2004-01-01T00:00:00Z
http://www.wikidata.org/entity/Q1560247,http://www.wikidata.org/entity/Q101859,VfL Wolfsburg,114.0,1994-01-01T00:00:00Z,1998-01-01T00:00:00Z
http://www.wikidata.org/entity/Q1560247,http://www.wikidata.org/entity/Q314851,équipe d'Allemagne espoirs de football,2.0,1994-01-01T00:00:00Z,1995-01-01T00:00:00Z
http://www.wikidata.org/entity/Q1560247,http://www.wikidata.org/entity/Q170105,SV Stuttgarter Kickers,18.0,2000-01-01T00:00:00Z,2001-01-01T00:00:00Z
http://www.wikidata.org/entity/Q1560247,http://www.wikidata.org/entity/Q154053,Eintracht Brunswick,46.0,1990-01-01T00:00:00Z,1994-01-01T00:00:00Z
http://www.wikidata.org/entity/Q1560247,http://www.wikidata.org/entity/Q105853,Karlsruher SC,57.0,1998-01-01T00:00:00Z,2000-01-01T00:00:00Z
http://www.wikidata.org/entity/Q1560247,http://www.wikidata.org/entity/Q101859,VfL Wolfsburg,17.0,2005-01-01T00:00:00Z,2006-01-01T00:00:00Z
http://www.wikidata.org/entity/Q1561681,http://www.wikidata.org/entity/Q155186,FC Carl Zeiss Iéna,14.0,2012-01-01T00:00:00Z,2013-01-01T00:00:00Z
http://www.wikidata.org/entity/Q1561681,http://www.wikidata.org/entity/Q639560,Tennis Borussia Berlin,,2015-01-01T00:00:00Z,
http://www.wikidata.org/entity/Q1561681,http://www.wikidata.org/entity/Q13426883,FC Viktoria 1889 Berlin,24.0,2014-01-01T00:00:00Z,2015-01-01T00:00:00Z
http://www.wikidata.org/entity/Q1561681,http://www.wikidata.org/entity/Q920263,Hertha Berliner Sport-Club II,42.0,2007-01-01T00:00:00Z,2009-01-01T00:00:00Z
http://www.wikidata.org/entity/Q1561681,http://www.wikidata.org/entity/Q319699,équipe d'Allemagne des moins de 17 ans de football,3.0,2006-01-01T00:00:00Z,2006-01-01T00:00:00Z
http://www.wikidata.org/entity/Q1561681,http://www.wikidata.org/entity/Q609926,Sportfreunde Siegen,43.0,2010-01-01T00:00:00Z,2011-01-01T00:00:00Z
http://www.wikidata.org/entity/Q1561681,http://www.wikidata.org/entity/Q324854,équipe d'Allemagne de football des moins de 19 ans,2.0,2007-01-01T00:00:00Z,2007-01-01T00:00:00Z
http://www.wikidata.org/entity/Q1561681,http://www.wikidata.org/entity/Q316497,équipe d'Allemagne de football des moins de 20 ans,2.0,2008-01-01T00:00:00Z,2008-01-01T00:00:00Z
http://www.wikidata.org/entity/Q1561681,http://www.wikidata.org/entity/Q566165,FSV Optik Rathenow,30.0,2013-01-01T00:00:00Z,2014-01-01T00:00:00Z
http://www.wikidata.org/entity/Q1561681,http://www.wikidata.org/entity/Q102720,Hertha BSC,42.0,2007-01-01T00:00:00Z,2009-01-01T00:00:00Z
http://www.wikidata.org/entity/Q1561681,http://www.wikidata.org/entity/Q101859,VfL Wolfsburg,7.0,2011-01-01T00:00:00Z,2012-01-01T00:00:00Z
http://www.wikidata.org/entity/Q1561681,http://www.wikidata.org/entity/Q479292,SSV Markranstädt,13.0,2013-01-01T00:00:00Z,2013-01-01T00:00:00Z
http://www.wikidata.org/entity/Q1561681,http://www.wikidata.org/entity/Q1501893,SV Wilhelmshaven,8.0,2009-01-01T00:00:00Z,2009-01-01T00:00:00Z
http://www.wikidata.org/entity/Q1568284,http://www.wikidata.org/entity/Q261813,FC Wacker Innsbruck,6.0,2008-01-01T00:00:00Z,2009-01-01T00:00:00Z
http://www.wikidata.org/entity/Q1568284,http://www.wikidata.org/entity/Q151747,Fortuna Düsseldorf,37.0,1995-01-01T00:00:00Z,1997-01-01T00:00:00Z
http://www.wikidata.org/entity/Q1568284,http://www.wikidata.org/entity/Q151747,Fortuna Düsseldorf,43.0,2006-01-01T00:00:00Z,2008-01-01T00:00:00Z
http://www.wikidata.org/entity/Q1568284,http://www.wikidata.org/entity/Q104761,Bayer Leverkusen,0.0,1994-01-01T00:00:00Z,1995-01-01T00:00:00Z
http://www.wikidata.org/entity/Q1568284,http://www.wikidata.org/entity/Q154293,MSV Duisbourg,33.0,2004-01-01T00:00:00Z,2006-01-01T00:00:00Z
http://www.wikidata.org/entity/Q1568284,http://www.wikidata.org/entity/Q32494,FC Schalke 04,3.0,1997-01-01T00:00:00Z,1998-01-01T00:00:00Z
http://www.wikidata.org/entity/Q1568284,http://www.wikidata.org/entity/Q107818,FC Energie Cottbus,8.0,2004-01-01T00:00:00Z,2004-01-01T00:00:00Z
http://www.wikidata.org/entity/Q1568284,http://www.wikidata.org/entity/Q8466,1. FC Kaiserslautern,17.0,2002-01-01T00:00:00Z,2004-01-01T00:00:00Z
http://www.wikidata.org/entity/Q1568284,http://www.wikidata.org/entity/Q2291116,FC Wacker Innsbruck,6.0,2008-01-01T00:00:00Z,2008-01-01T00:00:00Z
http://www.wikidata.org/entity/Q1568284,http://www.wikidata.org/entity/Q647893,SV Eintracht Trèves 1905,23.0,2009-01-01T00:00:00Z,2010-01-01T00:00:00Z
http://www.wikidata.org/entity/Q1568284,http://www.wikidata.org/entity/Q2387559,FC Tirol Innsbruck,107.0,1998-01-01T00:00:00Z,2002-01-01T00:00:00Z
http://www.wikidata.org/entity/Q1571071,http://www.wikidata.org/entity/Q2580083,Operário Ferroviário Esporte Clube,,2012-01-01T00:00:00Z,2012-01-01T00:00:00Z
http://www.wikidata.org/entity/Q1571071,http://www.wikidata.org/entity/Q105861,VfL Bochum,16.0,2005-01-01T00:00:00Z,2005-01-01T00:00:00Z
http://www.wikidata.org/entity/Q1571071,http://www.wikidata.org/entity/Q1508285,Paysandu Sport Club,,2005-01-01T00:00:00Z,2006-01-01T00:00:00Z
http://www.wikidata.org/entity/Q1571071,http://www.wikidata.org/entity/Q1581586,Madureira EC,,2007-01-01T00:00:00Z,2008-01-01T00:00:00Z
http://www.wikidata.org/entity/Q1571071,http://www.wikidata.org/entity/Q788363,Bangu Atlético Clube,,2010-01-01T00:00:00Z,2011-01-01T00:00:00Z
http://www.wikidata.org/entity/Q1571071,http://www.wikidata.org/entity/Q374069,Avaí Futebol Clube,,2006-01-01T00:00:00Z,2007-01-01T00:00:00Z
http://www.wikidata.org/entity/Q1571071,http://www.wikidata.org/entity/Q788363,Bangu Atlético Clube,,2003-01-01T00:00:00Z,2004-01-01T00:00:00Z
http://www.wikidata.org/entity/Q1571071,http://www.wikidata.org/entity/Q371136,Futebol Clube Paços de Ferreira,13.0,2008-01-01T00:00:00Z,2009-01-01T00:00:00Z
http://www.wikidata.org/entity/Q1571071,http://www.wikidata.org/entity/Q788363,Bangu Atlético Clube,,2000-01-01T00:00:00Z,2001-01-01T00:00:00Z
http://www.wikidata.org/entity/Q1571071,http://www.wikidata.org/entity/Q287129,ABC Futebol Clube,,2011-01-01T00:00:00Z,2011-01-01T00:00:00Z
http://www.wikidata.org/entity/Q1571071,http://www.wikidata.org/entity/Q463147,America FC,,2002-01-01T00:00:00Z,2003-01-01T00:00:00Z
http://www.wikidata.org/entity/Q1571071,http://www.wikidata.org/entity/Q17479,Clube de Regatas do Flamengo,32.0,2004-01-01T00:00:00Z,2005-01-01T00:00:00Z
http://www.wikidata.org/entity/Q1571071,http://www.wikidata.org/entity/Q80964,SE Palmeiras,,2001-01-01T00:00:00Z,2002-01-01T00:00:00Z
http://www.wikidata.org/entity/Q1571071,http://www.wikidata.org/entity/Q8250768,Bonsucesso Futebol Clube,,2013-01-01T00:00:00Z,
http://www.wikidata.org/entity/Q1571071,http://www.wikidata.org/entity/Q788363,Bangu Atlético Clube,,2003-01-01T00:00:00Z,2003-01-01T00:00:00Z
http://www.wikidata.org/entity/Q1571071,http://www.wikidata.org/entity/Q478317,Coritiba FC,,2006-01-01T00:00:00Z,2006-01-01T00:00:00Z
http://www.wikidata.org/entity/Q1571071,http://www.wikidata.org/entity/Q2553450,Volta Redonda Futebol Clube,,2009-01-01T00:00:00Z,2010-01-01T00:00:00Z
http://www.wikidata.org/entity/Q1571071,http://www.wikidata.org/entity/Q2553450,Volta Redonda Futebol Clube,,2003-01-01T00:00:00Z,2003-01-01T00:00:00Z
http://www.wikidata.org/entity/Q1572632,http://www.wikidata.org/entity/Q172476,Girondins de Bordeaux,4.0,2010-01-01T00:00:00Z,2012-01-01T00:00:00Z
http://www.wikidata.org/entity/Q1572632,http://www.wikidata.org/entity/Q33748,Hanovre 96,13.0,2013-01-01T00:00:00Z,2014-01-01T00:00:00Z
http://www.wikidata.org/entity/Q1572632,http://www.wikidata.org/entity/Q19523,AS Nancy-Lorraine,34.0,2012-01-01T00:00:00Z,2013-01-01T00:00:00Z
http://www.wikidata.org/entity/Q1572632,http://www.wikidata.org/entity/Q19523,AS Nancy-Lorraine,32.0,2011-01-01T00:00:00Z,2012-01-01T00:00:00Z
http://www.wikidata.org/entity/Q1572632,http://www.wikidata.org/entity/Q207441,équipe du Sénégal de football,,2013-01-01T00:00:00Z,
http://www.wikidata.org/entity/Q1573398,http://www.wikidata.org/entity/Q1906329,Racing de Casablanca,,2005-01-01T00:00:00Z,2007-01-01T00:00:00Z
http://www.wikidata.org/entity/Q1573398,http://www.wikidata.org/entity/Q1972015,Olympique de Safi,,2007-01-01T00:00:00Z,2008-01-01T00:00:00Z
http://www.wikidata.org/entity/Q1573398,http://www.wikidata.org/entity/Q1318240,Safa Sporting Club,,2008-01-01T00:00:00Z,2012-01-01T00:00:00Z
http://www.wikidata.org/entity/Q1573398,http://www.wikidata.org/entity/Q107818,FC Energie Cottbus,3.0,2001-01-01T00:00:00Z,2003-01-01T00:00:00Z
http://www.wikidata.org/entity/Q1573398,http://www.wikidata.org/entity/Q1139095,Wydad Athletic Club,,1999-01-01T00:00:00Z,2000-01-01T00:00:00Z
http://www.wikidata.org/entity/Q1573398,http://www.wikidata.org/entity/Q1139095,Wydad Athletic Club,,2003-01-01T00:00:00Z,2005-01-01T00:00:00Z
http://www.wikidata.org/entity/Q1573570,http://www.wikidata.org/entity/Q8687,Athletic Bilbao,130.0,1989-01-01T00:00:00Z,1994-01-01T00:00:00Z
http://www.wikidata.org/entity/Q1573570,http://www.wikidata.org/entity/Q1129595,équipe d'Espagne espoirs de football,6.0,1990-01-01T00:00:00Z,1991-01-01T00:00:00Z
http://www.wikidata.org/entity/Q1573570,http://www.wikidata.org/entity/Q794970,Athletic Bilbao B,54.0,1988-01-01T00:00:00Z,1991-01-01T00:00:00Z
http://www.wikidata.org/entity/Q1573570,http://www.wikidata.org/entity/Q8835,RCD Majorque,30.0,1997-01-01T00:00:00Z,1998-01-01T00:00:00Z
http://www.wikidata.org/entity/Q1573570,http://www.wikidata.org/entity/Q271574,Real Oviedo,56.0,1998-01-01T00:00:00Z,2000-01-01T00:00:00Z
http://www.wikidata.org/entity/Q1573570,http://www.wikidata.org/entity/Q2637337,équipe d'Espagne de football des moins de 23 ans,7.0,1991-01-01T00:00:00Z,1992-01-01T00:00:00Z
http://www.wikidata.org/entity/Q1573570,http://www.wikidata.org/entity/Q2356290,équipe d'Espagne de football des moins de 20 ans,3.0,1989-01-01T00:00:00Z,1990-01-01T00:00:00Z
http://www.wikidata.org/entity/Q1573570,http://www.wikidata.org/entity/Q7156,FC Barcelone,19.0,1994-01-01T00:00:00Z,1995-01-01T00:00:00Z
http://www.wikidata.org/entity/Q1573570,http://www.wikidata.org/entity/Q738846,équipe du Pays basque de football,5.0,1994-01-01T00:00:00Z,1999-01-01T00:00:00Z
http://www.wikidata.org/entity/Q1573570,http://www.wikidata.org/entity/Q10333,Valence CF,59.0,1995-01-01T00:00:00Z,1997-01-01T00:00:00Z
http://www.wikidata.org/entity/Q1740164,http://www.wikidata.org/entity/Q142005,FC Hansa Rostock,93.0,1999-01-01T00:00:00Z,2002-01-01T00:00:00Z
http://www.wikidata.org/entity/Q1740164,http://www.wikidata.org/entity/Q142005,FC Hansa Rostock,27.0,2002-01-01T00:00:00Z,2007-01-01T00:00:00Z
http://www.wikidata.org/entity/Q1740164,http://www.wikidata.org/entity/Q141882,FC Erzgebirge Aue,0.0,2007-01-01T00:00:00Z,2007-01-01T00:00:00Z
http://www.wikidata.org/entity/Q1740164,http://www.wikidata.org/entity/Q141882,FC Erzgebirge Aue,0.0,2007-01-01T00:00:00Z,2008-01-01T00:00:00Z
http://www.wikidata.org/entity/Q1740246,http://www.wikidata.org/entity/Q7924284,VfL Bochum II,9.0,2012-01-01T00:00:00Z,2013-01-01T00:00:00Z
http://www.wikidata.org/entity/Q1740246,http://www.wikidata.org/entity/Q324854,équipe d'Allemagne de football des moins de 19 ans,5.0,2010-01-01T00:00:00Z,2011-01-01T00:00:00Z
http://www.wikidata.org/entity/Q1740246,http://www.wikidata.org/entity/Q18024471,MSV Duisburg II,1.0,2014-01-01T00:00:00Z,2014-01-01T00:00:00Z
http://www.wikidata.org/entity/Q1740246,http://www.wikidata.org/entity/Q319699,équipe d'Allemagne des moins de 17 ans de football,10.0,2009-01-01T00:00:00Z,2009-01-01T00:00:00Z
http://www.wikidata.org/entity/Q1740246,http://www.wikidata.org/entity/Q316497,équipe d'Allemagne de football des moins de 20 ans,0.0,2011-01-01T00:00:00Z,2011-01-01T00:00:00Z
http://www.wikidata.org/entity/Q1740246,http://www.wikidata.org/entity/Q2016992,équipe d'Allemagne de football des moins de 18 ans,8.0,2009-01-01T00:00:00Z,2010-01-01T00:00:00Z
http://www.wikidata.org/entity/Q1740246,http://www.wikidata.org/entity/Q105861,VfL Bochum,19.0,2012-01-01T00:00:00Z,2013-01-01T00:00:00Z
http://www.wikidata.org/entity/Q1740246,http://www.wikidata.org/entity/Q154293,MSV Duisbourg,,2014-01-01T00:00:00Z,
http://www.wikidata.org/entity/Q1740246,http://www.wikidata.org/entity/Q101859,VfL Wolfsburg,61.0,2010-01-01T00:00:00Z,2012-01-01T00:00:00Z
http://www.wikidata.org/entity/Q1740283,http://www.wikidata.org/entity/Q154293,MSV Duisbourg,,2011-01-01T00:00:00Z,
http://www.wikidata.org/entity/Q1740283,http://www.wikidata.org/entity/Q101859,VfL Wolfsburg,71.0,2008-01-01T00:00:00Z,2011-01-01T00:00:00Z
http://www.wikidata.org/entity/Q1740791,http://www.wikidata.org/entity/Q16525407,1. FC Kaiserslautern II,29.0,2001-01-01T00:00:00Z,2002-01-01T00:00:00Z
http://www.wikidata.org/entity/Q1740791,http://www.wikidata.org/entity/Q8466,1. FC Kaiserslautern,3.0,2000-01-01T00:00:00Z,2001-01-01T00:00:00Z
http://www.wikidata.org/entity/Q1740791,http://www.wikidata.org/entity/Q155452,TuS Coblence,106.0,2004-01-01T00:00:00Z,2009-01-01T00:00:00Z
http://www.wikidata.org/entity/Q1740791,http://www.wikidata.org/entity/Q310621,SV Wehen Wiesbaden,45.0,2002-01-01T00:00:00Z,2004-01-01T00:00:00Z
http://www.wikidata.org/entity/Q1741618,http://www.wikidata.org/entity/Q154053,Eintracht Brunswick,87.0,1995-01-01T00:00:00Z,1999-01-01T00:00:00Z
http://www.wikidata.org/entity/Q1741618,http://www.wikidata.org/entity/Q154053,Eintracht Brunswick,49.0,1999-01-01T00:00:00Z,2001-01-01T00:00:00Z
http://www.wikidata.org/entity/Q1741618,http://www.wikidata.org/entity/Q714581,Nea Salamina Famagouste,6.0,2007-01-01T00:00:00Z,2007-01-01T00:00:00Z
http://www.wikidata.org/entity/Q1741618,http://www.wikidata.org/entity/Q1131732,équipe de Serbie-et-Monténégro de football,3.0,2004-01-01T00:00:00Z,2004-01-01T00:00:00Z
http://www.wikidata.org/entity/Q1741618,http://www.wikidata.org/entity/Q1389125,FK Voždovac Belgrade,24.0,2006-01-01T00:00:00Z,2007-01-01T00:00:00Z
http://www.wikidata.org/entity/Q1741618,http://www.wikidata.org/entity/Q209619,OFK Belgrade,85.0,2001-01-01T00:00:00Z,2005-01-01T00:00:00Z
http://www.wikidata.org/entity/Q1741618,http://www.wikidata.org/entity/Q1389125,FK Voždovac Belgrade,56.0,1993-01-01T00:00:00Z,1995-01-01T00:00:00Z
http://www.wikidata.org/entity/Q1741618,http://www.wikidata.org/entity/Q953621,Bezanija Novi Belgrade,14.0,2008-01-01T00:00:00Z,2008-01-01T00:00:00Z
http://www.wikidata.org/entity/Q1741618,http://www.wikidata.org/entity/Q105844,DSC Arminia Bielefeld,8.0,1999-01-01T00:00:00Z,1999-01-01T00:00:00Z
http://www.wikidata.org/entity/Q1741618,http://www.wikidata.org/entity/Q205732,Debrecen VSC,5.0,2005-01-01T00:00:00Z,2005-01-01T00:00:00Z
http://www.wikidata.org/entity/Q1741618,http://www.wikidata.org/entity/Q1137993,FK Radnički Niš,11.0,2005-01-01T00:00:00Z,2006-01-01T00:00:00Z
http://www.wikidata.org/entity/Q1741618,http://www.wikidata.org/entity/Q3063273,FK Grafičar Beograd,2.0,2008-01-01T00:00:00Z,2009-01-01T00:00:00Z
http://www.wikidata.org/entity/Q1741618,http://www.wikidata.org/entity/Q105844,DSC Arminia Bielefeld,8.0,1998-01-01T00:00:00Z,1998-01-01T00:00:00Z
http://www.wikidata.org/entity/Q1747722,http://www.wikidata.org/entity/Q427446,CD Universidad Católica,67.0,2004-01-01T00:00:00Z,2006-01-01T00:00:00Z
http://www.wikidata.org/entity/Q1747722,http://www.wikidata.org/entity/Q220621,Argentinos Juniors,11.0,2006-01-01T00:00:00Z,2006-01-01T00:00:00Z
http://www.wikidata.org/entity/Q1747722,http://www.wikidata.org/entity/Q218282,CA San Lorenzo,24.0,2000-01-01T00:00:00Z,2001-01-01T00:00:00Z
http://www.wikidata.org/entity/Q1747722,http://www.wikidata.org/entity/Q8835,RCD Majorque,10.0,1999-01-01T00:00:00Z,2000-01-01T00:00:00Z
http://www.wikidata.org/entity/Q1747722,http://www.wikidata.org/entity/Q220621,Argentinos Juniors,15.0,1998-01-01T00:00:00Z,1999-01-01T00:00:00Z
http://www.wikidata.org/entity/Q1747722,http://www.wikidata.org/entity/Q220621,Argentinos Juniors,39.0,1993-01-01T00:00:00Z,1997-01-01T00:00:00Z
http://www.wikidata.org/entity/Q1747722,http://www.wikidata.org/entity/Q1022939,Club Atlético Talleres,24.0,2002-01-01T00:00:00Z,2003-01-01T00:00:00Z
http://www.wikidata.org/entity/Q1747722,http://www.wikidata.org/entity/Q8428,Calcio Padova,6.0,1997-01-01T00:00:00Z,1998-01-01T00:00:00Z
http://www.wikidata.org/entity/Q1747722,http://www.wikidata.org/entity/Q220621,Argentinos Juniors,26.0,2003-01-01T00:00:00Z,2004-01-01T00:00:00Z
http://www.wikidata.org/entity/Q1747722,http://www.wikidata.org/entity/Q853053,CA Chacarita Juniors,29.0,2001-01-01T00:00:00Z,2002-01-01T00:00:00Z
http://www.wikidata.org/entity/Q1747776,http://www.wikidata.org/entity/Q621259,SC Olhanense,24.0,2013-01-01T00:00:00Z,2014-01-01T00:00:00Z
http://www.wikidata.org/entity/Q1747776,http://www.wikidata.org/entity/Q6767,US Livourne 1915,111.0,2010-01-01T00:00:00Z,2014-01-01T00:00:00Z
http://www.wikidata.org/entity/Q1747776,http://www.wikidata.org/entity/Q1091208,Pol. Monterotondo Lupa,42.0,2003-01-01T00:00:00Z,2006-01-01T00:00:00Z
http://www.wikidata.org/entity/Q1747776,http://www.wikidata.org/entity/Q847587,U.S. Salernitana 1919,18.0,2009-01-01T00:00:00Z,2010-01-01T00:00:00Z
http://www.wikidata.org/entity/Q1747776,http://www.wikidata.org/entity/Q29390,ACR Messine,,2004-01-01T00:00:00Z,2005-01-01T00:00:00Z
http://www.wikidata.org/entity/Q1747776,http://www.wikidata.org/entity/Q1083334,Celano FC Olimpia,74.0,2007-01-01T00:00:00Z,2009-01-01T00:00:00Z
http://www.wikidata.org/entity/Q1747776,http://www.wikidata.org/entity/Q845043,Frosinone Calcio,,2014-01-01T00:00:00Z,
http://www.wikidata.org/entity/Q1747776,http://www.wikidata.org/entity/Q433529,Atletico Roma FC,10.0,2006-01-01T00:00:00Z,2007-01-01T00:00:00Z
http://www.wikidata.org/entity/Q1748315,http://www.wikidata.org/entity/Q743240,Real Murcia Imperial,34.0,2008-01-01T00:00:00Z,2009-01-01T00:00:00Z
http://www.wikidata.org/entity/Q1748315,http://www.wikidata.org/entity/Q770740,SD Eibar,160.0,2016-01-01T00:00:00Z,2021-01-01T00:00:00Z
http://www.wikidata.org/entity/Q1748315,http://www.wikidata.org/entity/Q2356290,équipe d'Espagne de football des moins de 20 ans,7.0,2009-01-01T00:00:00Z,2009-01-01T00:00:00Z
http://www.wikidata.org/entity/Q1748315,http://www.wikidata.org/entity/Q12230,Real Murcie,144.0,2009-01-01T00:00:00Z,2014-01-01T00:00:00Z
http://www.wikidata.org/entity/Q1748315,http://www.wikidata.org/entity/Q18661,Middlesbrough FC,53.0,2014-01-01T00:00:00Z,2016-01-01T00:00:00Z
http://www.wikidata.org/entity/Q1748315,http://www.wikidata.org/entity/Q10286,Club Atlético Osasuna,,2021-01-01T00:00:00Z,2023-01-01T00:00:00Z
http://www.wikidata.org/entity/Q1748326,http://www.wikidata.org/entity/Q318969,HNK Rijeka,20.0,2012-01-01T00:00:00Z,2013-01-01T00:00:00Z
http://www.wikidata.org/entity/Q1748326,http://www.wikidata.org/entity/Q364698,Cercle Bruges KSV,8.0,2011-01-01T00:00:00Z,2012-01-01T00:00:00Z
http://www.wikidata.org/entity/Q1748326,http://www.wikidata.org/entity/Q376635,SV Zulte Waregem,,2008-01-01T00:00:00Z,2009-01-01T00:00:00Z
http://www.wikidata.org/entity/Q1748326,http://www.wikidata.org/entity/Q138248,K Saint-Trond VV,28.0,2010-01-01T00:00:00Z,2011-01-01T00:00:00Z
http://www.wikidata.org/entity/Q1748326,http://www.wikidata.org/entity/Q190561,Standard de Liège,2.0,2009-01-01T00:00:00Z,2011-01-01T00:00:00Z
http://www.wikidata.org/entity/Q1748326,http://www.wikidata.org/entity/Q309059,Inverness Caledonian Thistle Football Club,,2015-01-01T00:00:00Z,
http://www.wikidata.org/entity/Q1748326,http://www.wikidata.org/entity/Q3589896,équipe de Belgique de football des moins de 19 ans,3.0,2007-01-01T00:00:00Z,2007-01-01T00:00:00Z
http://www.wikidata.org/entity/Q1748326,http://www.wikidata.org/entity/Q376635,SV Zulte Waregem,14.0,2008-01-01T00:00:00Z,2008-01-01T00:00:00Z
http://www.wikidata.org/entity/Q1748326,http://www.wikidata.org/entity/Q3589896,équipe de Belgique de football des moins de 19 ans,,2008-01-01T00:00:00Z,2009-01-01T00:00:00Z
http://www.wikidata.org/entity/Q1748326,http://www.wikidata.org/entity/Q725916,NK Istra 1961,5.0,2014-01-01T00:00:00Z,2015-01-01T00:00:00Z
http://www.wikidata.org/entity/Q1748326,http://www.wikidata.org/entity/Q290481,ÉFC Fréjus Saint-Raphaël,15.0,2015-01-01T00:00:00Z,2015-01-01T00:00:00Z
http://www.wikidata.org/entity/Q1748326,http://www.wikidata.org/entity/Q270080,équipe de république démocratique du Congo de football,,2011-01-01T00:00:00Z,
http://www.wikidata.org/entity/Q1748326,http://www.wikidata.org/entity/Q19604,Portsmouth FC,0.0,2008-01-01T00:00:00Z,2009-01-01T00:00:00Z
http://www.wikidata.org/entity/Q1748757,http://www.wikidata.org/entity/Q2392398,équipe d'Ukraine de football des moins de 19 ans,1.0,2008-01-01T00:00:00Z,2008-01-01T00:00:00Z
http://www.wikidata.org/entity/Q1748757,http://www.wikidata.org/entity/Q19353,Anji Makhatchkala,1.0,2010-01-01T00:00:00Z,2012-01-01T00:00:00Z
http://www.wikidata.org/entity/Q1748757,http://www.wikidata.org/entity/Q2582887,équipe d'Ukraine de football des moins de 17 ans,2.0,2007-01-01T00:00:00Z,2007-01-01T00:00:00Z
http://www.wikidata.org/entity/Q1748757,http://www.wikidata.org/entity/Q692704,Berliner AK 07,,2016-01-01T00:00:00Z,
http://www.wikidata.org/entity/Q1748757,http://www.wikidata.org/entity/Q388972,Metalurg Donetsk,5.0,2011-01-01T00:00:00Z,2011-01-01T00:00:00Z
http://www.wikidata.org/entity/Q1748757,http://www.wikidata.org/entity/Q7878404,équipe d'Ukraine de football des moins de 16 ans,4.0,2006-01-01T00:00:00Z,2006-01-01T00:00:00Z
http://www.wikidata.org/entity/Q1748757,http://www.wikidata.org/entity/Q172476,Girondins de Bordeaux,0.0,2008-01-01T00:00:00Z,2010-01-01T00:00:00Z
http://www.wikidata.org/entity/Q1748757,http://www.wikidata.org/entity/Q690272,Kremser SC,39.0,2014-01-01T00:00:00Z,2016-01-01T00:00:00Z
http://www.wikidata.org/entity/Q1748757,http://www.wikidata.org/entity/Q9307285,équipe d'Ukraine de football des moins de 18 ans,5.0,2007-01-01T00:00:00Z,2007-01-01T00:00:00Z
http://www.wikidata.org/entity/Q1748757,http://www.wikidata.org/entity/Q686826,First Vienna FC 1894,20.0,2012-01-01T00:00:00Z,2013-01-01T00:00:00Z
http://www.wikidata.org/entity/Q1749247,http://www.wikidata.org/entity/Q161554,Chemnitzer FC,112.0,2010-01-01T00:00:00Z,2014-01-01T00:00:00Z
http://www.wikidata.org/entity/Q1749247,http://www.wikidata.org/entity/Q155730,1. FC Magdebourg,36.0,2014-01-01T00:00:00Z,2016-01-01T00:00:00Z
http://www.wikidata.org/entity/Q1749247,http://www.wikidata.org/entity/Q155730,1. FC Magdebourg,54.0,2008-01-01T00:00:00Z,2010-01-01T00:00:00Z
http://www.wikidata.org/entity/Q1749247,http://www.wikidata.org/entity/Q107818,FC Energie Cottbus,143.0,2004-01-01T00:00:00Z,2008-01-01T00:00:00Z
http://www.wikidata.org/entity/Q1751585,http://www.wikidata.org/entity/Q1835695,Selangor FA,1.0,2012-01-01T00:00:00Z,2012-01-01T00:00:00Z
http://www.wikidata.org/entity/Q1751585,http://www.wikidata.org/entity/Q1515369,Racing Besançon,12.0,2001-01-01T00:00:00Z,2003-01-01T00:00:00Z
http://www.wikidata.org/entity/Q1751585,http://www.wikidata.org/entity/Q640726,FC Mulhouse,17.0,2012-01-01T00:00:00Z,2013-01-01T00:00:00Z
http://www.wikidata.org/entity/Q1751585,http://www.wikidata.org/entity/Q497334,équipe de Guadeloupe de football,,2006-01-01T00:00:00Z,
http://www.wikidata.org/entity/Q1751585,http://www.wikidata.org/entity/Q749589,Go Ahead Eagles,51.0,2005-01-01T00:00:00Z,2007-01-01T00:00:00Z
http://www.wikidata.org/entity/Q1751585,http://www.wikidata.org/entity/Q497334,équipe de Guadeloupe de football,,2007-01-01T00:00:00Z,
http://www.wikidata.org/entity/Q1751585,http://www.wikidata.org/entity/Q212269,Valenciennes FC,8.0,2002-01-01T00:00:00Z,2002-01-01T00:00:00Z
http://www.wikidata.org/entity/Q1751585,http://www.wikidata.org/entity/Q212269,Valenciennes FC,,2002-01-01T00:00:00Z,2003-01-01T00:00:00Z
http://www.wikidata.org/entity/Q1751585,http://www.wikidata.org/entity/Q369349,Union sportive Orléans,,2013-01-01T00:00:00Z,2015-01-01T00:00:00Z
http://www.wikidata.org/entity/Q1751585,http://www.wikidata.org/entity/Q221927,De Graafschap Doetinchem,44.0,2003-01-01T00:00:00Z,2005-01-01T00:00:00Z
http://www.wikidata.org/entity/Q1748315,http://www.wikidata.org/entity/Q223620,Deportivo Alavés,,2023-01-01T00:00:00Z,2025-01-01T00:00:00Z
http://www.wikidata.org/entity/Q1748315,http://www.wikidata.org/entity/Q8780,RCD Espanyol,,2025-01-01T00:00:00Z,
http://www.wikidata.org/entity/Q1703938,http://www.wikidata.org/entity/Q206692,FC Zurich,92.0,2010-01-01T00:00:00Z,2014-01-01T00:00:00Z
http://www.wikidata.org/entity/Q1703938,http://www.wikidata.org/entity/Q291559,AE Paphos,12.0,2009-01-01T00:00:00Z,2009-01-01T00:00:00Z
http://www.wikidata.org/entity/Q1703938,http://www.wikidata.org/entity/Q3349296,Odivelas Futebol Clube,23.0,2006-01-01T00:00:00Z,2007-01-01T00:00:00Z
http://www.wikidata.org/entity/Q1703938,http://www.wikidata.org/entity/Q540144,Atromitos Yeroskipou,17.0,2008-01-01T00:00:00Z,2008-01-01T00:00:00Z
http://www.wikidata.org/entity/Q1703938,http://www.wikidata.org/entity/Q190561,Standard de Liège,35.0,2014-01-01T00:00:00Z,2016-01-01T00:00:00Z
http://www.wikidata.org/entity/Q1704151,http://www.wikidata.org/entity/Q80958,Botafogo FR,5.0,2006-01-01T00:00:00Z,2006-01-01T00:00:00Z
http://www.wikidata.org/entity/Q1704151,http://www.wikidata.org/entity/Q221695,Gremio Foot-Ball Porto Alegrense,21.0,2015-01-01T00:00:00Z,2015-01-01T00:00:00Z
http://www.wikidata.org/entity/Q1704151,http://www.wikidata.org/entity/Q218334,Figueirense Futebol Clube,29.0,2011-01-01T00:00:00Z,2011-01-01T00:00:00Z
http://www.wikidata.org/entity/Q1704151,http://www.wikidata.org/entity/Q788363,Bangu Atlético Clube,0.0,2005-01-01T00:00:00Z,2005-01-01T00:00:00Z
http://www.wikidata.org/entity/Q1704151,http://www.wikidata.org/entity/Q154293,MSV Duisbourg,27.0,2007-01-01T00:00:00Z,2010-01-01T00:00:00Z
http://www.wikidata.org/entity/Q1704151,http://www.wikidata.org/entity/Q221695,Gremio Foot-Ball Porto Alegrense,,2016-01-01T00:00:00Z,
http://www.wikidata.org/entity/Q1704151,http://www.wikidata.org/entity/Q80987,Fluminense FC,25.0,2004-01-01T00:00:00Z,2005-01-01T00:00:00Z
http://www.wikidata.org/entity/Q1704151,http://www.wikidata.org/entity/Q1581586,Madureira EC,0.0,2006-01-01T00:00:00Z,2006-01-01T00:00:00Z
http://www.wikidata.org/entity/Q1704151,http://www.wikidata.org/entity/Q218334,Figueirense Futebol Clube,44.0,2009-01-01T00:00:00Z,2010-01-01T00:00:00Z
http://www.wikidata.org/entity/Q1704151,http://www.wikidata.org/entity/Q38568,São Paulo FC,77.0,2012-01-01T00:00:00Z,2015-01-01T00:00:00Z
http://www.wikidata.org/entity/Q1704151,http://www.wikidata.org/entity/Q788363,Bangu Atlético Clube,,2006-01-01T00:00:00Z,2006-01-01T00:00:00Z
http://www.wikidata.org/entity/Q1704254,http://www.wikidata.org/entity/Q8780,RCD Espanyol,118.0,1994-01-01T00:00:00Z,1999-01-01T00:00:00Z
http://www.wikidata.org/entity/Q1704254,http://www.wikidata.org/entity/Q12158,Club Deportivo Numancia,,1989-01-01T00:00:00Z,1990-01-01T00:00:00Z
http://www.wikidata.org/entity/Q1704254,http://www.wikidata.org/entity/Q12158,Club Deportivo Numancia,121.0,1999-01-01T00:00:00Z,2004-01-01T00:00:00Z
http://www.wikidata.org/entity/Q1704254,http://www.wikidata.org/entity/Q543446,Real Burgos,0.0,1990-01-01T00:00:00Z,1991-01-01T00:00:00Z
http://www.wikidata.org/entity/Q1704254,http://www.wikidata.org/entity/Q613222,Club Atlético Marbella,67.0,1991-01-01T00:00:00Z,1993-01-01T00:00:00Z
http://www.wikidata.org/entity/Q1704254,http://www.wikidata.org/entity/Q7279686,Racing Lermeño,,1987-01-01T00:00:00Z,1989-01-01T00:00:00Z
http://www.wikidata.org/entity/Q1704254,http://www.wikidata.org/entity/Q856416,Club Polideportivo Mérida,24.0,1993-01-01T00:00:00Z,1994-01-01T00:00:00Z
http://www.wikidata.org/entity/Q1708985,http://www.wikidata.org/entity/Q3590346,équipe de Tchéquie des moins de 17 ans de football,15.0,2003-01-01T00:00:00Z,2004-01-01T00:00:00Z
http://www.wikidata.org/entity/Q1708985,http://www.wikidata.org/entity/Q105844,DSC Arminia Bielefeld,1.0,2006-01-01T00:00:00Z,2007-01-01T00:00:00Z
http://www.wikidata.org/entity/Q1708985,http://www.wikidata.org/entity/Q483868,équipe de Tchéquie de football,,2011-01-01T00:00:00Z,
http://www.wikidata.org/entity/Q1708985,http://www.wikidata.org/entity/Q385518,SK Sigma Olomouc,9.0,2005-01-01T00:00:00Z,2007-01-01T00:00:00Z
http://www.wikidata.org/entity/Q1708985,http://www.wikidata.org/entity/Q328332,FK Mladá Boleslav,13.0,2014-01-01T00:00:00Z,2015-01-01T00:00:00Z
http://www.wikidata.org/entity/Q1708985,http://www.wikidata.org/entity/Q1464421,équipe de Tchéquie espoirs de football,2.0,2008-01-01T00:00:00Z,2008-01-01T00:00:00Z
http://www.wikidata.org/entity/Q1708985,http://www.wikidata.org/entity/Q3873547,équipe de Tchéquie des moins de 20 ans de football,1.0,2007-01-01T00:00:00Z,2008-01-01T00:00:00Z
http://www.wikidata.org/entity/Q1708985,http://www.wikidata.org/entity/Q328332,FK Mladá Boleslav,13.0,2015-01-01T00:00:00Z,2015-01-01T00:00:00Z
http://www.wikidata.org/entity/Q1708985,http://www.wikidata.org/entity/Q385518,SK Sigma Olomouc,9.0,2005-01-01T00:00:00Z,2005-01-01T00:00:00Z
http://www.wikidata.org/entity/Q1708985,http://www.wikidata.org/entity/Q668112,Piast Gliwice,,2015-01-01T00:00:00Z,
http://www.wikidata.org/entity/Q1708985,http://www.wikidata.org/entity/Q3873527,équipe de Tchéquie des moins de 19 ans de football,12.0,2005-01-01T00:00:00Z,2006-01-01T00:00:00Z
http://www.wikidata.org/entity/Q1708985,http://www.wikidata.org/entity/Q193481,AC Sparta Prague,30.0,2013-01-01T00:00:00Z,2015-01-01T00:00:00Z
http://www.wikidata.org/entity/Q1708985,http://www.wikidata.org/entity/Q2037,Associazione Calcio ChievoVerona,31.0,2011-01-01T00:00:00Z,2013-01-01T00:00:00Z
http://www.wikidata.org/entity/Q1708985,http://www.wikidata.org/entity/Q193481,AC Sparta Prague,83.0,2007-01-01T00:00:00Z,2011-01-01T00:00:00Z
http://www.wikidata.org/entity/Q1709000,http://www.wikidata.org/entity/Q368104,SSC Farul Constanța,12.0,2009-01-01T00:00:00Z,2010-01-01T00:00:00Z
http://www.wikidata.org/entity/Q1709000,http://www.wikidata.org/entity/Q179658,FCSB,10.0,2014-01-01T00:00:00Z,2014-01-01T00:00:00Z
http://www.wikidata.org/entity/Q1709000,http://www.wikidata.org/entity/Q301332,Kardemir Karabükspor,26.0,2017-01-01T00:00:00Z,2018-01-01T00:00:00Z
http://www.wikidata.org/entity/Q1709000,http://www.wikidata.org/entity/Q750322,SC Astra Ploiești,11.0,2014-01-01T00:00:00Z,2014-01-01T00:00:00Z
http://www.wikidata.org/entity/Q1709000,http://www.wikidata.org/entity/Q1262822,FC Botoșani,14.0,2008-01-01T00:00:00Z,2008-01-01T00:00:00Z
http://www.wikidata.org/entity/Q1709000,http://www.wikidata.org/entity/Q16838020,CS Universitatea Craiova,57.0,2020-08-01T00:00:00Z,2023-02-01T00:00:00Z
http://www.wikidata.org/entity/Q1709000,http://www.wikidata.org/entity/Q2175909,équipe de Roumanie espoirs de football,9.0,2009-01-01T00:00:00Z,2010-01-01T00:00:00Z
http://www.wikidata.org/entity/Q1709000,http://www.wikidata.org/entity/Q2037,Associazione Calcio ChievoVerona,14.0,2012-01-01T00:00:00Z,2014-01-01T00:00:00Z
http://www.wikidata.org/entity/Q1709000,http://www.wikidata.org/entity/Q179658,FCSB,27.0,2015-01-01T00:00:00Z,2016-06-01T00:00:00Z
http://www.wikidata.org/entity/Q1709000,http://www.wikidata.org/entity/Q1262822,FC Botoșani,14.0,2008-01-01T00:00:00Z,2009-01-01T00:00:00Z
http://www.wikidata.org/entity/Q1709000,http://www.wikidata.org/entity/Q453925,FC Vaslui,74.0,2009-01-01T00:00:00Z,2012-01-01T00:00:00Z
http://www.wikidata.org/entity/Q1709000,http://www.wikidata.org/entity/Q168397,équipe de Roumanie de football,18.0,2011-01-01T00:00:00Z,
http://www.wikidata.org/entity/Q1709000,http://www.wikidata.org/entity/Q1322550,FC Petrolul Ploiești,,2023-02-01T00:00:00Z,
http://www.wikidata.org/entity/Q1709000,http://www.wikidata.org/entity/Q187091,FC Wil,16.0,2016-01-01T00:00:00Z,2017-01-01T00:00:00Z
http://www.wikidata.org/entity/Q1709000,http://www.wikidata.org/entity/Q966392,FC Unirea Dej,38.0,2006-01-01T00:00:00Z,2008-01-01T00:00:00Z
http://www.wikidata.org/entity/Q1709000,http://www.wikidata.org/entity/Q372599,Sivasspor,22.0,2018-01-01T00:00:00Z,2020-08-01T00:00:00Z
http://www.wikidata.org/entity/Q1709000,http://www.wikidata.org/entity/Q368104,SSC Farul Constanța,10.0,2009-01-01T00:00:00Z,2009-01-01T00:00:00Z
http://www.wikidata.org/entity/Q1709000,http://www.wikidata.org/entity/Q7362519,équipe de Roumanie des moins de 19 ans,1.0,2007-01-01T00:00:00Z,2007-01-01T00:00:00Z
http://www.wikidata.org/entity/Q1710261,http://www.wikidata.org/entity/Q866884,Amiens SC,120.0,2004-01-01T00:00:00Z,2008-01-01T00:00:00Z
http://www.wikidata.org/entity/Q1710261,http://www.wikidata.org/entity/Q270080,équipe de république démocratique du Congo de football,,2008-01-01T00:00:00Z,2012-01-01T00:00:00Z
http://www.wikidata.org/entity/Q1710261,http://www.wikidata.org/entity/Q19523,AS Nancy-Lorraine,179.0,2008-01-01T00:00:00Z,2015-01-01T00:00:00Z
http://www.wikidata.org/entity/Q1710261,http://www.wikidata.org/entity/Q2155470,ASOA Valence,4.0,2003-01-01T00:00:00Z,2004-01-01T00:00:00Z
http://www.wikidata.org/entity/Q1710261,http://www.wikidata.org/entity/Q376635,SV Zulte Waregem,,2015-01-01T00:00:00Z,
http://www.wikidata.org/entity/Q1713558,http://www.wikidata.org/entity/Q102720,Hertha BSC,46.0,2009-01-01T00:00:00Z,2011-01-01T00:00:00Z
http://www.wikidata.org/entity/Q1713558,http://www.wikidata.org/entity/Q220863,SC Oțelul Galați,,2014-01-01T00:00:00Z,
http://www.wikidata.org/entity/Q1713558,http://www.wikidata.org/entity/Q136089,ZFC Meuselwitz,18.0,2014-01-01T00:00:00Z,2015-01-01T00:00:00Z
http://www.wikidata.org/entity/Q1713558,http://www.wikidata.org/entity/Q176168,TSG Neustrelitz,19.0,2012-01-01T00:00:00Z,2013-01-01T00:00:00Z
http://www.wikidata.org/entity/Q1713558,http://www.wikidata.org/entity/Q920263,Hertha Berliner Sport-Club II,46.0,2008-01-01T00:00:00Z,2011-01-01T00:00:00Z
http://www.wikidata.org/entity/Q1713558,http://www.wikidata.org/entity/Q854167,Fortuna Sittard,,2016-07-20T00:00:00Z,
http://www.wikidata.org/entity/Q1713558,http://www.wikidata.org/entity/Q157020,SC Rot-Weiss Oberhausen,20.0,2011-01-01T00:00:00Z,2012-01-01T00:00:00Z
http://www.wikidata.org/entity/Q1713558,http://www.wikidata.org/entity/Q155186,FC Carl Zeiss Iéna,13.0,2013-01-01T00:00:00Z,2014-01-01T00:00:00Z
http://www.wikidata.org/entity/Q1713558,http://www.wikidata.org/entity/Q3063069,FC Amberg,,2015-01-01T00:00:00Z,
http://www.wikidata.org/entity/Q1713691,http://www.wikidata.org/entity/Q48950,Rotherham United FC,7.0,2014-01-01T00:00:00Z,2014-01-01T00:00:00Z
http://www.wikidata.org/entity/Q1713691,http://www.wikidata.org/entity/Q18723,QP Rangers,1.0,2012-01-01T00:00:00Z,2014-01-01T00:00:00Z
http://www.wikidata.org/entity/Q1713691,http://www.wikidata.org/entity/Q9426,Stevenage FC,10.0,2015-01-01T00:00:00Z,2015-01-01T00:00:00Z
http://www.wikidata.org/entity/Q1713691,http://www.wikidata.org/entity/Q48947,Plymouth Argyle FC,8.0,2011-01-01T00:00:00Z,2011-01-01T00:00:00Z
http://www.wikidata.org/entity/Q1713691,http://www.wikidata.org/entity/Q48941,Fleetwood Town Football Club,6.0,2014-01-01T00:00:00Z,2015-01-01T00:00:00Z
http://www.wikidata.org/entity/Q1713691,http://www.wikidata.org/entity/Q19587,Crewe Alexandra FC,,2016-01-01T00:00:00Z,
http://www.wikidata.org/entity/Q1713691,http://www.wikidata.org/entity/Q19446,Blackburn Rovers FC,0.0,2011-01-01T00:00:00Z,2012-01-01T00:00:00Z
http://www.wikidata.org/entity/Q1713691,http://www.wikidata.org/entity/Q19587,Crewe Alexandra FC,6.0,2013-01-01T00:00:00Z,2014-01-01T00:00:00Z
http://www.wikidata.org/entity/Q1713691,http://www.wikidata.org/entity/Q248188,Milton Keynes Dons Football Club,,2014-01-01T00:00:00Z,
http://www.wikidata.org/entity/Q1713691,http://www.wikidata.org/entity/Q48925,Bristol Rovers FC,17.0,2012-01-01T00:00:00Z,2012-01-01T00:00:00Z
http://www.wikidata.org/entity/Q1715515,http://www.wikidata.org/entity/Q15789,Bayern Munich,0.0,1996-01-01T00:00:00Z,1996-01-01T00:00:00Z
http://www.wikidata.org/entity/Q1715515,http://www.wikidata.org/entity/Q153539,SpVgg Greuther Fürth,2.0,2001-01-01T00:00:00Z,2001-01-01T00:00:00Z
http://www.wikidata.org/entity/Q1715515,http://www.wikidata.org/entity/Q151747,Fortuna Düsseldorf,13.0,1997-01-01T00:00:00Z,1997-01-01T00:00:00Z
http://www.wikidata.org/entity/Q1715515,http://www.wikidata.org/entity/Q158121,SpVgg Unterhaching,58.0,1994-01-01T00:00:00Z,1996-01-01T00:00:00Z
http://www.wikidata.org/entity/Q1715515,http://www.wikidata.org/entity/Q383196,FC Kärnten,45.0,2001-01-01T00:00:00Z,2003-01-01T00:00:00Z
http://www.wikidata.org/entity/Q1715515,http://www.wikidata.org/entity/Q15789,Bayern Munich,0.0,1996-01-01T00:00:00Z,1997-01-01T00:00:00Z
http://www.wikidata.org/entity/Q1715515,http://www.wikidata.org/entity/Q158121,SpVgg Unterhaching,111.0,1997-01-01T00:00:00Z,2001-01-01T00:00:00Z
http://www.wikidata.org/entity/Q1715663,http://www.wikidata.org/entity/Q159930,BFC Dynamo,29.0,2012-01-01T00:00:00Z,2014-01-01T00:00:00Z
http://www.wikidata.org/entity/Q1715663,http://www.wikidata.org/entity/Q101859,VfL Wolfsburg,57.0,2005-01-01T00:00:00Z,2008-01-01T00:00:00Z
http://www.wikidata.org/entity/Q1715663,http://www.wikidata.org/entity/Q2253369,SV Schwarz-Rot Neustadt,,2014-01-01T00:00:00Z,
http://www.wikidata.org/entity/Q1715663,http://www.wikidata.org/entity/Q819400,SV Meppen,6.0,2004-01-01T00:00:00Z,2005-01-01T00:00:00Z
http://www.wikidata.org/entity/Q1715663,http://www.wikidata.org/entity/Q1111763,SpVg Aurich,,2003-01-01T00:00:00Z,2004-01-01T00:00:00Z
http://www.wikidata.org/entity/Q1715663,http://www.wikidata.org/entity/Q692704,Berliner AK 07,15.0,2011-01-01T00:00:00Z,2012-01-01T00:00:00Z
http://www.wikidata.org/entity/Q1715663,http://www.wikidata.org/entity/Q782387,FC Oberneuland,10.0,2008-01-01T00:00:00Z,2009-01-01T00:00:00Z
http://www.wikidata.org/entity/Q1715663,http://www.wikidata.org/entity/Q141882,FC Erzgebirge Aue,12.0,2009-01-01T00:00:00Z,2011-01-01T00:00:00Z
http://www.wikidata.org/entity/Q1715711,http://www.wikidata.org/entity/Q15786,1. FC Nuremberg,41.0,2000-01-01T00:00:00Z,2003-01-01T00:00:00Z
http://www.wikidata.org/entity/Q1715711,http://www.wikidata.org/entity/Q8466,1. FC Kaiserslautern,8.0,1998-01-01T00:00:00Z,2000-01-01T00:00:00Z
http://www.wikidata.org/entity/Q1863120,http://www.wikidata.org/entity/Q283545,Al-Sadd SC,,2001-01-01T00:00:00Z,2003-01-01T00:00:00Z
http://www.wikidata.org/entity/Q1863120,http://www.wikidata.org/entity/Q1051514,Raja CA,,2006-01-01T00:00:00Z,2006-01-01T00:00:00Z
http://www.wikidata.org/entity/Q1863120,http://www.wikidata.org/entity/Q3424751,Renaissance sportive de Berkane,,2012-01-01T00:00:00Z,
http://www.wikidata.org/entity/Q1863120,http://www.wikidata.org/entity/Q1051514,Raja CA,,1999-01-01T00:00:00Z,2001-01-01T00:00:00Z
http://www.wikidata.org/entity/Q1863120,http://www.wikidata.org/entity/Q207337,équipe du Maroc de football,27.0,2000-01-01T00:00:00Z,2008-01-01T00:00:00Z
http://www.wikidata.org/entity/Q1863120,http://www.wikidata.org/entity/Q1051514,Raja CA,53.0,2010-01-01T00:00:00Z,2012-01-01T00:00:00Z
http://www.wikidata.org/entity/Q1863120,http://www.wikidata.org/entity/Q1509380,Rachad Bernoussi,,1998-01-01T00:00:00Z,1999-01-01T00:00:00Z
http://www.wikidata.org/entity/Q1863120,http://www.wikidata.org/entity/Q44441,Al-Ahli SC,,2002-01-01T00:00:00Z,2003-01-01T00:00:00Z
http://www.wikidata.org/entity/Q1863120,http://www.wikidata.org/entity/Q284281,Al-Wakrah Sports Club,11.0,2004-01-01T00:00:00Z,2005-01-01T00:00:00Z
http://www.wikidata.org/entity/Q1875129,http://www.wikidata.org/entity/Q212269,Valenciennes FC,,2015-01-01T00:00:00Z,
http://www.wikidata.org/entity/Q1875129,http://www.wikidata.org/entity/Q1344163,équipe de France de football des moins de 20 ans,,2010-01-01T00:00:00Z,2010-01-01T00:00:00Z
http://www.wikidata.org/entity/Q1875129,http://www.wikidata.org/entity/Q19512,Football Club Sochaux-Montbéliard,115.0,2008-01-01T00:00:00Z,2015-01-01T00:00:00Z
http://www.wikidata.org/entity/Q1875564,http://www.wikidata.org/entity/Q759482,US Cremonese,7.0,2012-01-01T00:00:00Z,2012-01-01T00:00:00Z
http://www.wikidata.org/entity/Q1875564,http://www.wikidata.org/entity/Q6703,Empoli Football Club,3.0,2002-01-01T00:00:00Z,2007-01-01T00:00:00Z
http://www.wikidata.org/entity/Q1875564,http://www.wikidata.org/entity/Q3626071,A.C. Meda 1913,31.0,2003-01-01T00:00:00Z,2004-01-01T00:00:00Z
http://www.wikidata.org/entity/Q1875564,http://www.wikidata.org/entity/Q6673,Associazione Sportiva Cittadella,,2013-01-01T00:00:00Z,
http://www.wikidata.org/entity/Q1875564,http://www.wikidata.org/entity/Q3304997,S.S.D. Tivoli Calcio 1919,16.0,2002-01-01T00:00:00Z,2003-01-01T00:00:00Z
http://www.wikidata.org/entity/Q1875564,http://www.wikidata.org/entity/Q6673,Associazione Sportiva Cittadella,29.0,2007-01-01T00:00:00Z,2008-01-01T00:00:00Z
http://www.wikidata.org/entity/Q1875564,http://www.wikidata.org/entity/Q2755428,AS Pizzighettone,67.0,2004-01-01T00:00:00Z,2006-01-01T00:00:00Z
http://www.wikidata.org/entity/Q1875564,http://www.wikidata.org/entity/Q6703,Empoli Football Club,88.0,2008-01-01T00:00:00Z,2013-01-01T00:00:00Z
http://www.wikidata.org/entity/Q1875564,http://www.wikidata.org/entity/Q298333,Lucchese 1905,17.0,2006-01-01T00:00:00Z,2006-01-01T00:00:00Z
http://www.wikidata.org/entity/Q1875597,http://www.wikidata.org/entity/Q2868213,Football Club Atletico Montichiari,10.0,2012-01-01T00:00:00Z,2012-01-01T00:00:00Z
http://www.wikidata.org/entity/Q1875597,http://www.wikidata.org/entity/Q759482,US Cremonese,8.0,2005-01-01T00:00:00Z,2005-01-01T00:00:00Z
http://www.wikidata.org/entity/Q1875597,http://www.wikidata.org/entity/Q298217,US Avellino,25.0,2007-01-01T00:00:00Z,2009-01-01T00:00:00Z
http://www.wikidata.org/entity/Q1875597,http://www.wikidata.org/entity/Q13385,SPAL Ferrara,14.0,2004-01-01T00:00:00Z,2004-01-01T00:00:00Z
http://www.wikidata.org/entity/Q1875597,http://www.wikidata.org/entity/Q289707,AC Reggiana,1.0,2002-01-01T00:00:00Z,2003-01-01T00:00:00Z
http://www.wikidata.org/entity/Q1875597,http://www.wikidata.org/entity/Q8455,FC Pro Verceil 1892,30.0,2009-01-01T00:00:00Z,2010-01-01T00:00:00Z
http://www.wikidata.org/entity/Q1875597,http://www.wikidata.org/entity/Q8633,Varèse Calcio,1.0,1998-01-01T00:00:00Z,1998-01-01T00:00:00Z
http://www.wikidata.org/entity/Q1875597,http://www.wikidata.org/entity/Q2768,Torino Football Club,0.0,1997-01-01T00:00:00Z,1998-01-01T00:00:00Z
http://www.wikidata.org/entity/Q1875597,http://www.wikidata.org/entity/Q847587,U.S. Salernitana 1919,0.0,2001-01-01T00:00:00Z,2002-01-01T00:00:00Z
http://www.wikidata.org/entity/Q1875597,http://www.wikidata.org/entity/Q6630,Ascoli Calcio 1898 FC,14.0,2005-01-01T00:00:00Z,2007-01-01T00:00:00Z
http://www.wikidata.org/entity/Q1875597,http://www.wikidata.org/entity/Q29390,ACR Messine,0.0,2003-01-01T00:00:00Z,2003-01-01T00:00:00Z
http://www.wikidata.org/entity/Q1875597,http://www.wikidata.org/entity/Q6630,Ascoli Calcio 1898 FC,20.0,2003-01-01T00:00:00Z,2005-01-01T00:00:00Z
http://www.wikidata.org/entity/Q1875597,http://www.wikidata.org/entity/Q298217,US Avellino,34.0,2000-01-01T00:00:00Z,2002-01-01T00:00:00Z
http://www.wikidata.org/entity/Q1875597,http://www.wikidata.org/entity/Q13385,SPAL Ferrara,14.0,2003-01-01T00:00:00Z,2003-01-01T00:00:00Z
http://www.wikidata.org/entity/Q1875597,http://www.wikidata.org/entity/Q655036,Unione Sportiva Viterbese 1908,2.0,2011-01-01T00:00:00Z,2012-01-01T00:00:00Z
http://www.wikidata.org/entity/Q1875597,http://www.wikidata.org/entity/Q289707,AC Reggiana,15.0,1999-01-01T00:00:00Z,2000-01-01T00:00:00Z
http://www.wikidata.org/entity/Q1875597,http://www.wikidata.org/entity/Q377621,Gloria Bistrița,11.0,2011-01-01T00:00:00Z,2011-01-01T00:00:00Z
http://www.wikidata.org/entity/Q1875597,http://www.wikidata.org/entity/Q2609,Società Sportiva Lazio,0.0,1998-01-01T00:00:00Z,1999-01-01T00:00:00Z
http://www.wikidata.org/entity/Q1875597,http://www.wikidata.org/entity/Q2456343,Association Sportiva Dilettantistica Calcio Ivrée,,2013-01-01T00:00:00Z,2014-01-01T00:00:00Z
http://www.wikidata.org/entity/Q1876596,http://www.wikidata.org/entity/Q29400,AS Tarente Calcio,33.0,2009-01-01T00:00:00Z,2011-01-01T00:00:00Z
http://www.wikidata.org/entity/Q1876596,http://www.wikidata.org/entity/Q1058649,Giugliano 1928 Calcio,25.0,2001-01-01T00:00:00Z,2002-01-01T00:00:00Z
http://www.wikidata.org/entity/Q1876596,http://www.wikidata.org/entity/Q4005112,Atletico Catania,18.0,2015-01-01T00:00:00Z,2016-01-01T00:00:00Z
http://www.wikidata.org/entity/Q1876596,http://www.wikidata.org/entity/Q6748,Società Sportiva Juve Stabia,31.0,2010-01-01T00:00:00Z,2011-01-01T00:00:00Z
http://www.wikidata.org/entity/Q1876596,http://www.wikidata.org/entity/Q3487463,Società Sportiva Milazzo,33.0,1997-01-01T00:00:00Z,1998-01-01T00:00:00Z
http://www.wikidata.org/entity/Q1876596,http://www.wikidata.org/entity/Q2247329,Città di Brindisi,31.0,2002-01-01T00:00:00Z,2003-01-01T00:00:00Z
http://www.wikidata.org/entity/Q1876596,http://www.wikidata.org/entity/Q430993,Mantova 1911,66.0,2007-01-01T00:00:00Z,2009-01-01T00:00:00Z
http://www.wikidata.org/entity/Q1876596,http://www.wikidata.org/entity/Q3394275,Campobasso Football Club,32.0,2000-01-01T00:00:00Z,2001-01-01T00:00:00Z
http://www.wikidata.org/entity/Q1876596,http://www.wikidata.org/entity/Q29390,ACR Messine,27.0,1998-01-01T00:00:00Z,2002-01-01T00:00:00Z
http://www.wikidata.org/entity/Q1876596,http://www.wikidata.org/entity/Q501372,Unione Sportiva Catanzaro,109.0,2003-01-01T00:00:00Z,2006-01-01T00:00:00Z
http://www.wikidata.org/entity/Q1876596,http://www.wikidata.org/entity/Q3626846,Associazione Sportiva Dilettantistica Atletico Tricase,33.0,1999-01-01T00:00:00Z,2000-01-01T00:00:00Z
http://www.wikidata.org/entity/Q1876596,http://www.wikidata.org/entity/Q29390,ACR Messine,126.0,2011-01-01T00:00:00Z,2015-01-01T00:00:00Z
http://www.wikidata.org/entity/Q1876596,http://www.wikidata.org/entity/Q2018,Catania Football Club,31.0,2006-01-01T00:00:00Z,2007-01-01T00:00:00Z
http://www.wikidata.org/entity/Q1876848,http://www.wikidata.org/entity/Q101859,VfL Wolfsburg,57.0,2012-01-01T00:00:00Z,2014-01-01T00:00:00Z
http://www.wikidata.org/entity/Q1876848,http://www.wikidata.org/entity/Q335483,Dundee FC,27.0,2014-01-01T00:00:00Z,2015-01-01T00:00:00Z
http://www.wikidata.org/entity/Q1876848,http://www.wikidata.org/entity/Q666067,Sportfreunde Lotte,,2016-01-01T00:00:00Z,
http://www.wikidata.org/entity/Q1876848,http://www.wikidata.org/entity/Q16525419,1. FSV Mainz 05 II,26.0,2011-01-01T00:00:00Z,2012-01-01T00:00:00Z
http://www.wikidata.org/entity/Q1876848,http://www.wikidata.org/entity/Q170125,Rot Weiss Ahlen,23.0,2009-01-01T00:00:00Z,2011-01-01T00:00:00Z
http://www.wikidata.org/entity/Q1876848,http://www.wikidata.org/entity/Q151747,Fortuna Düsseldorf,13.0,2011-01-01T00:00:00Z,2011-01-01T00:00:00Z
http://www.wikidata.org/entity/Q1877189,http://www.wikidata.org/entity/Q6664,AC Cesena,24.0,2007-01-01T00:00:00Z,2008-01-01T00:00:00Z
http://www.wikidata.org/entity/Q1877189,http://www.wikidata.org/entity/Q31821,Feralpisalò,65.0,2011-01-01T00:00:00Z,2013-01-01T00:00:00Z
http://www.wikidata.org/entity/Q1877189,http://www.wikidata.org/entity/Q6651,Brescia Calcio,52.0,2005-01-01T00:00:00Z,2007-01-01T00:00:00Z
http://www.wikidata.org/entity/Q1877189,http://www.wikidata.org/entity/Q611222,Trévise F.B.C. 1993,11.0,2004-01-01T00:00:00Z,2005-01-01T00:00:00Z
http://www.wikidata.org/entity/Q1877189,http://www.wikidata.org/entity/Q287695,Fidelis Andria 2018,31.0,2015-01-01T00:00:00Z,2016-01-01T00:00:00Z
http://www.wikidata.org/entity/Q1877189,http://www.wikidata.org/entity/Q6651,Brescia Calcio,0.0,2001-01-01T00:00:00Z,2002-01-01T00:00:00Z
http://www.wikidata.org/entity/Q1877189,http://www.wikidata.org/entity/Q963110,SEF Torres Calcio 1903,18.0,2013-01-01T00:00:00Z,2014-01-01T00:00:00Z
http://www.wikidata.org/entity/Q1877189,http://www.wikidata.org/entity/Q13385,SPAL Ferrara,11.0,2009-01-01T00:00:00Z,2009-01-01T00:00:00Z
http://www.wikidata.org/entity/Q1877189,http://www.wikidata.org/entity/Q2095185,Associazione Sportiva Dilettantistica Barletta 1922,34.0,2014-01-01T00:00:00Z,2015-01-01T00:00:00Z
http://www.wikidata.org/entity/Q1877189,http://www.wikidata.org/entity/Q8408,Modène Football Club,27.0,2009-01-01T00:00:00Z,2011-01-01T00:00:00Z
http://www.wikidata.org/entity/Q1877189,http://www.wikidata.org/entity/Q289339,Associazione Calcio Lumezzane,47.0,2002-01-01T00:00:00Z,2004-01-01T00:00:00Z
http://www.wikidata.org/entity/Q1877229,http://www.wikidata.org/entity/Q19513,Montpellier Hérault SC,38.0,2002-01-01T00:00:00Z,2005-01-01T00:00:00Z
http://www.wikidata.org/entity/Q1877229,http://www.wikidata.org/entity/Q209509,Grenoble Foot 38,56.0,2009-01-01T00:00:00Z,2011-01-01T00:00:00Z
http://www.wikidata.org/entity/Q1877229,http://www.wikidata.org/entity/Q309400,US Boulogne CO,,2014-01-01T00:00:00Z,2015-01-01T00:00:00Z
http://www.wikidata.org/entity/Q1877229,http://www.wikidata.org/entity/Q19521,AS Saint-Étienne,32.0,2005-01-01T00:00:00Z,2009-01-01T00:00:00Z
http://www.wikidata.org/entity/Q1877229,http://www.wikidata.org/entity/Q750437,Xanthi F.C.,32.0,2011-01-01T00:00:00Z,2013-01-01T00:00:00Z
http://www.wikidata.org/entity/Q1877229,http://www.wikidata.org/entity/Q784311,Royal White Star Bruxelles,,2013-01-01T00:00:00Z,2014-01-01T00:00:00Z
http://www.wikidata.org/entity/Q1877229,http://www.wikidata.org/entity/Q1056987,SC Toulon,,2015-01-01T00:00:00Z,
http://www.wikidata.org/entity/Q1878438,http://www.wikidata.org/entity/Q19513,Montpellier Hérault SC,2.0,2013-01-01T00:00:00Z,2015-01-01T00:00:00Z
http://www.wikidata.org/entity/Q1878438,http://www.wikidata.org/entity/Q3590437,équipe de Tunisie de football des moins de 20 ans,,2006-01-01T00:00:00Z,2006-01-01T00:00:00Z
http://www.wikidata.org/entity/Q1878438,http://www.wikidata.org/entity/Q27971,équipe de Tunisie de football,,2008-01-01T00:00:00Z,
http://www.wikidata.org/entity/Q1878438,http://www.wikidata.org/entity/Q19513,Montpellier Hérault SC,,2007-01-01T00:00:00Z,
http://www.wikidata.org/entity/Q1887310,http://www.wikidata.org/entity/Q207441,équipe du Sénégal de football,,2014-01-01T00:00:00Z,
http://www.wikidata.org/entity/Q1887310,http://www.wikidata.org/entity/Q212490,Tromsø IL,71.0,2010-01-01T00:00:00Z,2013-01-01T00:00:00Z
http://www.wikidata.org/entity/Q1887310,http://www.wikidata.org/entity/Q207441,équipe du Sénégal de football,,2012-01-01T00:00:00Z,
http://www.wikidata.org/entity/Q1887310,http://www.wikidata.org/entity/Q212269,Valenciennes FC,2.0,2013-01-01T00:00:00Z,2014-01-01T00:00:00Z
http://www.wikidata.org/entity/Q1887310,http://www.wikidata.org/entity/Q3132749,équipe du Sénégal de football des moins de 23 ans,7.0,2011-01-01T00:00:00Z,2012-01-01T00:00:00Z
http://www.wikidata.org/entity/Q1891582,http://www.wikidata.org/entity/Q153535,Alemannia Aix-la-Chapelle,71.0,2009-01-01T00:00:00Z,2012-01-01T00:00:00Z
http://www.wikidata.org/entity/Q1891582,http://www.wikidata.org/entity/Q153535,Alemannia Aix-la-Chapelle,54.0,2006-01-01T00:00:00Z,2009-01-01T00:00:00Z
http://www.wikidata.org/entity/Q1891582,http://www.wikidata.org/entity/Q105844,DSC Arminia Bielefeld,,2015-01-01T00:00:00Z,
http://www.wikidata.org/entity/Q1891582,http://www.wikidata.org/entity/Q692586,VfR Aalen,71.0,2012-01-01T00:00:00Z,2015-01-01T00:00:00Z
http://www.wikidata.org/entity/Q1893141,http://www.wikidata.org/entity/Q1324370,Tonnerre Yaoundé,,1991-01-01T00:00:00Z,1994-01-01T00:00:00Z
http://www.wikidata.org/entity/Q1893141,http://www.wikidata.org/entity/Q498473,Hamilton Academical FC,12.0,2004-01-01T00:00:00Z,2005-01-01T00:00:00Z
http://www.wikidata.org/entity/Q1893141,http://www.wikidata.org/entity/Q157463,1. FC Sarrebruck,,2005-01-01T00:00:00Z,2006-01-01T00:00:00Z
http://www.wikidata.org/entity/Q1893141,http://www.wikidata.org/entity/Q870182,Clermont Foot 63,25.0,2002-01-01T00:00:00Z,2003-01-01T00:00:00Z
http://www.wikidata.org/entity/Q1893141,http://www.wikidata.org/entity/Q3042012,Dynamo Douala,,1995-01-01T00:00:00Z,1995-01-01T00:00:00Z
http://www.wikidata.org/entity/Q1893141,http://www.wikidata.org/entity/Q4430615,Bali United Pusam F.C.,42.0,1995-01-01T00:00:00Z,1997-01-01T00:00:00Z
http://www.wikidata.org/entity/Q1893141,http://www.wikidata.org/entity/Q222877,FC Inter Turku,26.0,2004-01-01T00:00:00Z,2004-01-01T00:00:00Z
http://www.wikidata.org/entity/Q2014963,http://www.wikidata.org/entity/Q80886,Club Atlético Tigre,11.0,2015-01-01T00:00:00Z,2016-01-01T00:00:00Z
http://www.wikidata.org/entity/Q2015351,http://www.wikidata.org/entity/Q274465,Esporte Clube Vitória,29.0,1997-01-01T00:00:00Z,1999-01-01T00:00:00Z
http://www.wikidata.org/entity/Q2015351,http://www.wikidata.org/entity/Q1131732,équipe de Serbie-et-Monténégro de football,6.0,1995-01-01T00:00:00Z,1998-01-01T00:00:00Z
http://www.wikidata.org/entity/Q2015351,http://www.wikidata.org/entity/Q501245,Venise Football Club,13.0,1999-01-01T00:00:00Z,1999-01-01T00:00:00Z
http://www.wikidata.org/entity/Q2015351,http://www.wikidata.org/entity/Q5014111,CR Vasco da Gama,36.0,2004-01-01T00:00:00Z,2004-01-01T00:00:00Z
http://www.wikidata.org/entity/Q2015351,http://www.wikidata.org/entity/Q1137993,FK Radnički Niš,70.0,1988-01-01T00:00:00Z,1992-01-01T00:00:00Z
http://www.wikidata.org/entity/Q2015351,http://www.wikidata.org/entity/Q80987,Fluminense FC,39.0,2005-01-01T00:00:00Z,2006-01-01T00:00:00Z
http://www.wikidata.org/entity/Q2015351,http://www.wikidata.org/entity/Q17479,Clube de Regatas do Flamengo,44.0,2000-01-01T00:00:00Z,2001-01-01T00:00:00Z
http://www.wikidata.org/entity/Q2015351,http://www.wikidata.org/entity/Q10329,Sevilla Fútbol Club,8.0,1996-01-01T00:00:00Z,1996-01-01T00:00:00Z
http://www.wikidata.org/entity/Q2015351,http://www.wikidata.org/entity/Q12236,Racing de Santander,8.0,1997-01-01T00:00:00Z,1997-01-01T00:00:00Z
http://www.wikidata.org/entity/Q2015351,http://www.wikidata.org/entity/Q5014111,CR Vasco da Gama,19.0,2002-01-01T00:00:00Z,2003-01-01T00:00:00Z
http://www.wikidata.org/entity/Q2015351,http://www.wikidata.org/entity/Q270995,Atlético Mineiro,27.0,2008-01-01T00:00:00Z,2008-01-01T00:00:00Z
http://www.wikidata.org/entity/Q2015351,http://www.wikidata.org/entity/Q816779,Goiás Esporte Clube,2.0,2007-01-01T00:00:00Z,2007-01-01T00:00:00Z
http://www.wikidata.org/entity/Q2015351,http://www.wikidata.org/entity/Q173009,Étoile rouge Belgrade,109.0,1992-01-01T00:00:00Z,1995-01-01T00:00:00Z
http://www.wikidata.org/entity/Q2015351,http://www.wikidata.org/entity/Q309480,Ittihad FC,0.0,2004-01-01T00:00:00Z,2005-01-01T00:00:00Z
http://www.wikidata.org/entity/Q2015351,http://www.wikidata.org/entity/Q8682,Real Madrid CF,5.0,1995-01-01T00:00:00Z,1997-01-01T00:00:00Z
http://www.wikidata.org/entity/Q2015351,http://www.wikidata.org/entity/Q80955,Santos FC,21.0,2007-01-01T00:00:00Z,2007-01-01T00:00:00Z
http://www.wikidata.org/entity/Q2015351,http://www.wikidata.org/entity/Q17479,Clube de Regatas do Flamengo,53.0,2009-01-01T00:00:00Z,2011-01-01T00:00:00Z
http://www.wikidata.org/entity/Q2015351,http://www.wikidata.org/entity/Q725367,Shanghai Shenhua FC,22.0,2003-01-01T00:00:00Z,2003-01-01T00:00:00Z
http://www.wikidata.org/entity/Q2015372,http://www.wikidata.org/entity/Q218334,Figueirense Futebol Clube,16.0,2005-01-01T00:00:00Z,2005-01-01T00:00:00Z
http://www.wikidata.org/entity/Q2015372,http://www.wikidata.org/entity/Q80964,SE Palmeiras,15.0,2005-01-01T00:00:00Z,2005-01-01T00:00:00Z
http://www.wikidata.org/entity/Q2015372,http://www.wikidata.org/entity/Q1422177,Paulista Futebol Clube,19.0,2008-01-01T00:00:00Z,2008-01-01T00:00:00Z
http://www.wikidata.org/entity/Q2015372,http://www.wikidata.org/entity/Q1906646,Marília Atlético Clube,10.0,2002-01-01T00:00:00Z,2008-01-01T00:00:00Z
http://www.wikidata.org/entity/Q2015372,http://www.wikidata.org/entity/Q1906646,Marília Atlético Clube,12.0,2008-01-01T00:00:00Z,2009-01-01T00:00:00Z
http://www.wikidata.org/entity/Q2015372,http://www.wikidata.org/entity/Q5136479,Clube Atlético Linense,0.0,2013-01-01T00:00:00Z,2013-01-01T00:00:00Z
http://www.wikidata.org/entity/Q2015372,http://www.wikidata.org/entity/Q133520,Grêmio Barueri Futebol Ltda,67.0,2009-01-01T00:00:00Z,2011-01-01T00:00:00Z
http://www.wikidata.org/entity/Q2015372,http://www.wikidata.org/entity/Q19446,Blackburn Rovers FC,5.0,2011-01-01T00:00:00Z,2014-01-01T00:00:00Z
http://www.wikidata.org/entity/Q2015372,http://www.wikidata.org/entity/Q133520,Grêmio Barueri Futebol Ltda,9.0,2008-01-01T00:00:00Z,2009-01-01T00:00:00Z
http://www.wikidata.org/entity/Q2015372,http://www.wikidata.org/entity/Q5136479,Clube Atlético Linense,0.0,2014-01-01T00:00:00Z,2014-01-01T00:00:00Z
http://www.wikidata.org/entity/Q2015372,http://www.wikidata.org/entity/Q188841,Fortaleza Esporte Clube,5.0,2008-01-01T00:00:00Z,2008-01-01T00:00:00Z
http://www.wikidata.org/entity/Q2016907,http://www.wikidata.org/entity/Q1062259,Yokohama Football Club,13.0,2015-01-01T00:00:00Z,2016-01-01T00:00:00Z
http://www.wikidata.org/entity/Q2016907,http://www.wikidata.org/entity/Q12654422,FK Utenis Utena,,2017-01-01T00:00:00Z,
http://www.wikidata.org/entity/Q2016907,http://www.wikidata.org/entity/Q279818,KS Cracovia,55.0,2011-01-01T00:00:00Z,2014-01-01T00:00:00Z
http://www.wikidata.org/entity/Q2016907,http://www.wikidata.org/entity/Q2246447,Football Club Rieti 1936,11.0,2005-01-01T00:00:00Z,2005-01-01T00:00:00Z
http://www.wikidata.org/entity/Q2016907,http://www.wikidata.org/entity/Q244981,Widzew Łódź,9.0,2015-01-01T00:00:00Z,2015-01-01T00:00:00Z
http://www.wikidata.org/entity/Q2016907,http://www.wikidata.org/entity/Q6651,Brescia Calcio,2.0,2006-01-01T00:00:00Z,2006-01-01T00:00:00Z
http://www.wikidata.org/entity/Q2016907,http://www.wikidata.org/entity/Q657156,PAE Ergotelis Héraklion,1.0,2014-01-01T00:00:00Z,2015-01-01T00:00:00Z
http://www.wikidata.org/entity/Q2016907,http://www.wikidata.org/entity/Q31533,NK Celje,86.0,2008-01-01T00:00:00Z,2011-01-01T00:00:00Z
http://www.wikidata.org/entity/Q2016907,http://www.wikidata.org/entity/Q847587,U.S. Salernitana 1919,0.0,2007-01-01T00:00:00Z,2007-01-01T00:00:00Z
http://www.wikidata.org/entity/Q2016907,http://www.wikidata.org/entity/Q29390,ACR Messine,0.0,2004-01-01T00:00:00Z,2008-01-01T00:00:00Z
http://www.wikidata.org/entity/Q2017999,http://www.wikidata.org/entity/Q757320,PAE Astéras Trípolis,,2016-01-01T00:00:00Z,2018-01-01T00:00:00Z
http://www.wikidata.org/entity/Q2017999,http://www.wikidata.org/entity/Q19512,Football Club Sochaux-Montbéliard,65.0,2011-01-01T00:00:00Z,2016-01-01T00:00:00Z
http://www.wikidata.org/entity/Q2017999,http://www.wikidata.org/entity/Q3025731,Dhofar Club,,2019-01-01T00:00:00Z,2020-01-01T00:00:00Z
http://www.wikidata.org/entity/Q2017999,http://www.wikidata.org/entity/Q663631,Vevey-Sports,,2021-01-01T00:00:00Z,
http://www.wikidata.org/entity/Q2017999,http://www.wikidata.org/entity/Q2701714,équipe de France de football des moins de 19 ans,1.0,2012-01-01T00:00:00Z,2012-01-01T00:00:00Z
http://www.wikidata.org/entity/Q2017999,http://www.wikidata.org/entity/Q74030,Football Bourg-en-Bresse Péronnas 01,,2018-01-01T00:00:00Z,2019-01-01T00:00:00Z
http://www.wikidata.org/entity/Q2018084,http://www.wikidata.org/entity/Q105861,VfL Bochum,78.0,1996-01-01T00:00:00Z,2001-01-01T00:00:00Z
http://www.wikidata.org/entity/Q2018084,http://www.wikidata.org/entity/Q155186,FC Carl Zeiss Iéna,103.0,1991-01-01T00:00:00Z,1994-01-01T00:00:00Z
http://www.wikidata.org/entity/Q2018084,http://www.wikidata.org/entity/Q3589672,équipe d'Allemagne de l'Est de football des moins de 20 ans,6.0,1988-01-01T00:00:00Z,1989-01-01T00:00:00Z
http://www.wikidata.org/entity/Q2018084,http://www.wikidata.org/entity/Q316896,FSV Zwickau,54.0,1994-01-01T00:00:00Z,1996-01-01T00:00:00Z
http://www.wikidata.org/entity/Q2018084,http://www.wikidata.org/entity/Q1202757,équipe d'Allemagne olympique de football,1.0,1992-01-01T00:00:00Z,1992-01-01T00:00:00Z
http://www.wikidata.org/entity/Q2018084,http://www.wikidata.org/entity/Q316896,FSV Zwickau,76.0,1987-01-01T00:00:00Z,1991-01-01T00:00:00Z
http://www.wikidata.org/entity/Q2020614,http://www.wikidata.org/entity/Q15786,1. FC Nuremberg,57.0,1993-01-01T00:00:00Z,1996-01-01T00:00:00Z
http://www.wikidata.org/entity/Q2020614,http://www.wikidata.org/entity/Q157464,KFC Uerdingen 05,49.0,1996-01-01T00:00:00Z,1998-01-01T00:00:00Z
http://www.wikidata.org/entity/Q2020614,http://www.wikidata.org/entity/Q298153,ASV Neumarkt,20.0,2006-01-01T00:00:00Z,2006-01-01T00:00:00Z
http://www.wikidata.org/entity/Q2020614,http://www.wikidata.org/entity/Q158121,SpVgg Unterhaching,91.0,1999-01-01T00:00:00Z,2003-01-01T00:00:00Z
http://www.wikidata.org/entity/Q2020614,http://www.wikidata.org/entity/Q316620,TSF Ditzingen,,1990-01-01T00:00:00Z,1993-01-01T00:00:00Z
http://www.wikidata.org/entity/Q2020614,http://www.wikidata.org/entity/Q265570,SSV Jahn Ratisbonne,17.0,2003-01-01T00:00:00Z,2004-01-01T00:00:00Z
http://www.wikidata.org/entity/Q2020614,http://www.wikidata.org/entity/Q51974,Hambourg SV,6.0,1998-01-01T00:00:00Z,1999-01-01T00:00:00Z
http://www.wikidata.org/entity/Q2020614,http://www.wikidata.org/entity/Q155452,TuS Coblence,20.0,2004-01-01T00:00:00Z,2005-01-01T00:00:00Z
http://www.wikidata.org/entity/Q2022061,http://www.wikidata.org/entity/Q3747742,Isernia F.C.,26.0,2002-01-01T00:00:00Z,2003-01-01T00:00:00Z
http://www.wikidata.org/entity/Q2022061,http://www.wikidata.org/entity/Q2037,Associazione Calcio ChievoVerona,0.0,2005-01-01T00:00:00Z,2005-01-01T00:00:00Z
http://www.wikidata.org/entity/Q2022061,http://www.wikidata.org/entity/Q139399,Calcio Foggia 1920,4.0,2006-01-01T00:00:00Z,2006-01-01T00:00:00Z
http://www.wikidata.org/entity/Q2022061,http://www.wikidata.org/entity/Q501372,Unione Sportiva Catanzaro,26.0,2006-01-01T00:00:00Z,2007-01-01T00:00:00Z
http://www.wikidata.org/entity/Q2022061,http://www.wikidata.org/entity/Q913041,Calcio Portogruaro-Summaga,60.0,2007-01-01T00:00:00Z,2009-01-01T00:00:00Z
http://www.wikidata.org/entity/Q2022061,http://www.wikidata.org/entity/Q8428,Calcio Padova,149.0,2009-01-01T00:00:00Z,2014-01-01T00:00:00Z
http://www.wikidata.org/entity/Q2022061,http://www.wikidata.org/entity/Q582310,Società Calcistica Gela,29.0,2004-01-01T00:00:00Z,2005-01-01T00:00:00Z
http://www.wikidata.org/entity/Q2022061,http://www.wikidata.org/entity/Q289696,AC Sangiovannese 1927,6.0,2003-01-01T00:00:00Z,2004-01-01T00:00:00Z
http://www.wikidata.org/entity/Q2022061,http://www.wikidata.org/entity/Q1421829,Instituto Córdoba,0.0,2000-01-01T00:00:00Z,2001-01-01T00:00:00Z
http://www.wikidata.org/entity/Q2022061,http://www.wikidata.org/entity/Q1082290,Football Club Matera,4.0,2014-01-01T00:00:00Z,2015-01-01T00:00:00Z
http://www.wikidata.org/entity/Q2022061,http://www.wikidata.org/entity/Q3304997,S.S.D. Tivoli Calcio 1919,12.0,2004-01-01T00:00:00Z,2004-01-01T00:00:00Z
http://www.wikidata.org/entity/Q2022061,http://www.wikidata.org/entity/Q655036,Unione Sportiva Viterbese 1908,24.0,2015-01-01T00:00:00Z,
http://www.wikidata.org/entity/Q2022061,http://www.wikidata.org/entity/Q1648612,Monselice Calcio 1926,22.0,2001-01-01T00:00:00Z,2002-01-01T00:00:00Z
http://www.wikidata.org/entity/Q2022061,http://www.wikidata.org/entity/Q6748,Società Sportiva Juve Stabia,0.0,2006-01-01T00:00:00Z,2006-01-01T00:00:00Z
http://www.wikidata.org/entity/Q2022061,http://www.wikidata.org/entity/Q289613,Pisa SC,11.0,2005-01-01T00:00:00Z,2006-01-01T00:00:00Z
http://www.wikidata.org/entity/Q2022061,http://www.wikidata.org/entity/Q742685,San Marino Calcio,15.0,2015-01-01T00:00:00Z,2015-01-01T00:00:00Z
http://www.wikidata.org/entity/Q2022108,http://www.wikidata.org/entity/Q1515369,Racing Besançon,34.0,2004-01-01T00:00:00Z,2005-01-01T00:00:00Z
http://www.wikidata.org/entity/Q2022108,http://www.wikidata.org/entity/Q757754,Atromitos Football Club,17.0,2014-01-01T00:00:00Z,2015-01-01T00:00:00Z
http://www.wikidata.org/entity/Q2022108,http://www.wikidata.org/entity/Q309400,US Boulogne CO,52.0,2009-01-01T00:00:00Z,2011-01-01T00:00:00Z
http://www.wikidata.org/entity/Q2022108,http://www.wikidata.org/entity/Q221525,FC Metz,97.0,2004-01-01T00:00:00Z,2009-01-01T00:00:00Z
http://www.wikidata.org/entity/Q2022108,http://www.wikidata.org/entity/Q181903,équipe d'Algérie de football,2.0,2013-01-01T00:00:00Z,2013-01-01T00:00:00Z
http://www.wikidata.org/entity/Q2022108,http://www.wikidata.org/entity/Q193377,Stade Malherbe Caen,47.0,2012-01-01T00:00:00Z,2014-01-01T00:00:00Z
http://www.wikidata.org/entity/Q2022108,http://www.wikidata.org/entity/Q822021,Tours FC,,2015-01-01T00:00:00Z,
http://www.wikidata.org/entity/Q2022108,http://www.wikidata.org/entity/Q797530,Istres FC,28.0,2011-01-01T00:00:00Z,2012-01-01T00:00:00Z
http://www.wikidata.org/entity/Q2045290,http://www.wikidata.org/entity/Q8476,Reggina 1914,21.0,2007-01-01T00:00:00Z,2011-01-01T00:00:00Z
http://www.wikidata.org/entity/Q2045290,http://www.wikidata.org/entity/Q499616,Club Nacional,12.0,2005-01-01T00:00:00Z,2007-01-01T00:00:00Z
http://www.wikidata.org/entity/Q2045290,http://www.wikidata.org/entity/Q427446,CD Universidad Católica,11.0,2015-01-01T00:00:00Z,2015-01-01T00:00:00Z
http://www.wikidata.org/entity/Q2045290,http://www.wikidata.org/entity/Q1417287,Panserraikos Football Club,16.0,2010-01-01T00:00:00Z,2011-01-01T00:00:00Z
http://www.wikidata.org/entity/Q2045290,http://www.wikidata.org/entity/Q499616,Club Nacional,50.0,2012-01-01T00:00:00Z,2014-01-01T00:00:00Z
http://www.wikidata.org/entity/Q2045290,http://www.wikidata.org/entity/Q134916,équipe d'Uruguay de football,1.0,2007-01-01T00:00:00Z,2007-01-01T00:00:00Z
http://www.wikidata.org/entity/Q2045290,http://www.wikidata.org/entity/Q190943,Wisła Cracovie,26.0,2009-01-01T00:00:00Z,2010-01-01T00:00:00Z
http://www.wikidata.org/entity/Q2045290,http://www.wikidata.org/entity/Q499616,Club Nacional,12.0,2007-01-01T00:00:00Z,2007-01-01T00:00:00Z
http://www.wikidata.org/entity/Q2053511,http://www.wikidata.org/entity/Q208228,Stade de Reims,39.0,2013-01-01T00:00:00Z,2015-01-01T00:00:00Z
http://www.wikidata.org/entity/Q2053511,http://www.wikidata.org/entity/Q131785,équipe du Danemark de football,3.0,2012-01-01T00:00:00Z,2013-01-01T00:00:00Z
http://www.wikidata.org/entity/Q2053511,http://www.wikidata.org/entity/Q3873525,équipe du Danemark de football des moins de 19 ans,13.0,2007-01-01T00:00:00Z,2009-01-01T00:00:00Z
http://www.wikidata.org/entity/Q2053511,http://www.wikidata.org/entity/Q138749,équipe du Danemark de football des moins de 16 ans,2.0,2006-01-01T00:00:00Z,2006-01-01T00:00:00Z
http://www.wikidata.org/entity/Q2053511,http://www.wikidata.org/entity/Q1270129,équipe du Danemark de football des moins de 18 ans,3.0,2007-01-01T00:00:00Z,2008-01-01T00:00:00Z
http://www.wikidata.org/entity/Q1658530,http://www.wikidata.org/entity/Q1515410,PFC Pirin Blagoevgrad,37.0,2003-01-01T00:00:00Z,2005-01-01T00:00:00Z
http://www.wikidata.org/entity/Q1658530,http://www.wikidata.org/entity/Q470796,Amica Wronki,17.0,2005-01-01T00:00:00Z,2006-01-01T00:00:00Z
http://www.wikidata.org/entity/Q1670006,http://www.wikidata.org/entity/Q160530,VfL Osnabrück,60.0,2005-01-01T00:00:00Z,2007-01-01T00:00:00Z
http://www.wikidata.org/entity/Q1670006,http://www.wikidata.org/entity/Q142005,FC Hansa Rostock,45.0,2007-01-01T00:00:00Z,2009-01-01T00:00:00Z
http://www.wikidata.org/entity/Q1670006,http://www.wikidata.org/entity/Q160530,VfL Osnabrück,,2015-01-01T00:00:00Z,
http://www.wikidata.org/entity/Q1670006,http://www.wikidata.org/entity/Q639525,SV Sandhausen,46.0,2012-01-01T00:00:00Z,2015-01-01T00:00:00Z
http://www.wikidata.org/entity/Q1670006,http://www.wikidata.org/entity/Q161554,Chemnitzer FC,54.0,2011-01-01T00:00:00Z,2012-01-01T00:00:00Z
http://www.wikidata.org/entity/Q1670006,http://www.wikidata.org/entity/Q155730,1. FC Magdebourg,32.0,2009-01-01T00:00:00Z,2010-01-01T00:00:00Z
http://www.wikidata.org/entity/Q1670298,http://www.wikidata.org/entity/Q618520,FC Midtjylland,127.0,2008-01-01T00:00:00Z,2014-01-01T00:00:00Z
http://www.wikidata.org/entity/Q1670298,http://www.wikidata.org/entity/Q1270152,équipe du Danemark espoirs de football,15.0,2009-01-01T00:00:00Z,2011-01-01T00:00:00Z
http://www.wikidata.org/entity/Q1670298,http://www.wikidata.org/entity/Q19473,Huddersfield Town Football Club,,2018-07-01T00:00:00Z,2019-07-01T00:00:00Z
http://www.wikidata.org/entity/Q1670298,http://www.wikidata.org/entity/Q3873525,équipe du Danemark de football des moins de 19 ans,2.0,2007-01-01T00:00:00Z,2008-01-01T00:00:00Z
http://www.wikidata.org/entity/Q1670298,http://www.wikidata.org/entity/Q1270129,équipe du Danemark de football des moins de 18 ans,1.0,2006-01-01T00:00:00Z,2006-01-01T00:00:00Z
http://www.wikidata.org/entity/Q1670298,http://www.wikidata.org/entity/Q5794,Everton FC,,2019-07-01T00:00:00Z,
http://www.wikidata.org/entity/Q1670298,http://www.wikidata.org/entity/Q459148,En avant Guingamp,67.0,2014-01-01T00:00:00Z,2016-01-01T00:00:00Z
http://www.wikidata.org/entity/Q1670298,http://www.wikidata.org/entity/Q19473,Huddersfield Town Football Club,,2017-07-01T00:00:00Z,2018-07-01T00:00:00Z
http://www.wikidata.org/entity/Q1670298,http://www.wikidata.org/entity/Q3873544,équipe du Danemark de football des moins de 20 ans,1.0,2008-01-01T00:00:00Z,2008-01-01T00:00:00Z
http://www.wikidata.org/entity/Q1670298,http://www.wikidata.org/entity/Q1270133,équipe du Danemark de football des moins de 17 ans,3.0,2005-01-01T00:00:00Z,2005-01-01T00:00:00Z
http://www.wikidata.org/entity/Q1670298,http://www.wikidata.org/entity/Q105254,1. FSV Mayence 05,,2016-07-01T00:00:00Z,2017-07-01T00:00:00Z
http://www.wikidata.org/entity/Q1670298,http://www.wikidata.org/entity/Q131785,équipe du Danemark de football,,2016-01-01T00:00:00Z,
http://www.wikidata.org/entity/Q1670438,http://www.wikidata.org/entity/Q16525407,1. FC Kaiserslautern II,74.0,2001-01-01T00:00:00Z,2004-01-01T00:00:00Z
http://www.wikidata.org/entity/Q1670438,http://www.wikidata.org/entity/Q7395129,SV Wehen Wiesbaden II,2.0,2006-01-01T00:00:00Z,2009-01-01T00:00:00Z
http://www.wikidata.org/entity/Q1670438,http://www.wikidata.org/entity/Q8466,1. FC Kaiserslautern,2.0,2003-01-01T00:00:00Z,2004-01-01T00:00:00Z
http://www.wikidata.org/entity/Q1670438,http://www.wikidata.org/entity/Q265570,SSV Jahn Ratisbonne,54.0,2004-01-01T00:00:00Z,2006-01-01T00:00:00Z
http://www.wikidata.org/entity/Q1670438,http://www.wikidata.org/entity/Q639525,SV Sandhausen,52.0,2010-01-01T00:00:00Z,2013-01-01T00:00:00Z
http://www.wikidata.org/entity/Q1670438,http://www.wikidata.org/entity/Q310621,SV Wehen Wiesbaden,75.0,2006-01-01T00:00:00Z,2009-01-01T00:00:00Z
http://www.wikidata.org/entity/Q1676277,http://www.wikidata.org/entity/Q316786,SpVgg 07 Ludwigsburg,19.0,1994-01-01T00:00:00Z,1995-01-01T00:00:00Z
http://www.wikidata.org/entity/Q1676277,http://www.wikidata.org/entity/Q105844,DSC Arminia Bielefeld,1.0,2002-01-01T00:00:00Z,2003-01-01T00:00:00Z
http://www.wikidata.org/entity/Q1676277,http://www.wikidata.org/entity/Q170105,SV Stuttgarter Kickers,6.0,2008-01-01T00:00:00Z,2009-01-01T00:00:00Z
http://www.wikidata.org/entity/Q1676277,http://www.wikidata.org/entity/Q819367,SSV Reutlingen 05,58.0,2006-01-01T00:00:00Z,2008-01-01T00:00:00Z
http://www.wikidata.org/entity/Q1676277,http://www.wikidata.org/entity/Q4512,VfB Stuttgart,11.0,1993-01-01T00:00:00Z,1994-01-01T00:00:00Z
http://www.wikidata.org/entity/Q1676277,http://www.wikidata.org/entity/Q158121,SpVgg Unterhaching,7.0,2003-01-01T00:00:00Z,2003-01-01T00:00:00Z
http://www.wikidata.org/entity/Q1676277,http://www.wikidata.org/entity/Q819367,SSV Reutlingen 05,178.0,1996-01-01T00:00:00Z,2002-01-01T00:00:00Z
http://www.wikidata.org/entity/Q1676277,http://www.wikidata.org/entity/Q15755,FC Augsbourg,18.0,2004-01-01T00:00:00Z,2006-01-01T00:00:00Z
http://www.wikidata.org/entity/Q1676277,http://www.wikidata.org/entity/Q170105,SV Stuttgarter Kickers,17.0,1995-01-01T00:00:00Z,1996-01-01T00:00:00Z
http://www.wikidata.org/entity/Q1680462,http://www.wikidata.org/entity/Q324854,équipe d'Allemagne de football des moins de 19 ans,9.0,2001-01-01T00:00:00Z,2002-01-01T00:00:00Z
http://www.wikidata.org/entity/Q1680462,http://www.wikidata.org/entity/Q157828,SV Holstein Kiel,64.0,2012-01-01T00:00:00Z,2014-01-01T00:00:00Z
http://www.wikidata.org/entity/Q1680462,http://www.wikidata.org/entity/Q154053,Eintracht Brunswick,31.0,2008-01-01T00:00:00Z,2009-01-01T00:00:00Z
http://www.wikidata.org/entity/Q1680462,http://www.wikidata.org/entity/Q160530,VfL Osnabrück,33.0,2003-01-01T00:00:00Z,2004-01-01T00:00:00Z
http://www.wikidata.org/entity/Q1680462,http://www.wikidata.org/entity/Q316497,équipe d'Allemagne de football des moins de 20 ans,4.0,2002-01-01T00:00:00Z,2004-01-01T00:00:00Z
http://www.wikidata.org/entity/Q1680462,http://www.wikidata.org/entity/Q142005,FC Hansa Rostock,57.0,2005-01-01T00:00:00Z,2007-01-01T00:00:00Z
http://www.wikidata.org/entity/Q1680462,http://www.wikidata.org/entity/Q155186,FC Carl Zeiss Iéna,17.0,2008-01-01T00:00:00Z,2008-01-01T00:00:00Z
http://www.wikidata.org/entity/Q1680462,http://www.wikidata.org/entity/Q158121,SpVgg Unterhaching,34.0,2004-01-01T00:00:00Z,2005-01-01T00:00:00Z
http://www.wikidata.org/entity/Q1680462,http://www.wikidata.org/entity/Q142005,FC Hansa Rostock,38.0,2001-01-01T00:00:00Z,2003-01-01T00:00:00Z
http://www.wikidata.org/entity/Q1680462,http://www.wikidata.org/entity/Q314851,équipe d'Allemagne espoirs de football,7.0,2004-01-01T00:00:00Z,2004-01-01T00:00:00Z
http://www.wikidata.org/entity/Q1680462,http://www.wikidata.org/entity/Q142005,FC Hansa Rostock,75.0,2009-01-01T00:00:00Z,2012-01-01T00:00:00Z
http://www.wikidata.org/entity/Q1680462,http://www.wikidata.org/entity/Q176168,TSG Neustrelitz,,2014-01-01T00:00:00Z,
http://www.wikidata.org/entity/Q1680503,http://www.wikidata.org/entity/Q107818,FC Energie Cottbus,67.0,2006-01-01T00:00:00Z,2009-01-01T00:00:00Z
http://www.wikidata.org/entity/Q1680503,http://www.wikidata.org/entity/Q107818,FC Energie Cottbus,3.0,2010-01-01T00:00:00Z,2010-01-01T00:00:00Z
http://www.wikidata.org/entity/Q1680503,http://www.wikidata.org/entity/Q159936,Kickers Offenbach,3.0,2015-01-01T00:00:00Z,2015-01-01T00:00:00Z
http://www.wikidata.org/entity/Q1680503,http://www.wikidata.org/entity/Q141931,SG Dynamo Dresde,10.0,2010-01-01T00:00:00Z,2011-01-01T00:00:00Z
http://www.wikidata.org/entity/Q1680503,http://www.wikidata.org/entity/Q176168,TSG Neustrelitz,110.0,2011-01-01T00:00:00Z,2015-01-01T00:00:00Z
http://www.wikidata.org/entity/Q1682190,http://www.wikidata.org/entity/Q665920,VfB Lübeck,28.0,2003-01-01T00:00:00Z,2004-01-01T00:00:00Z
http://www.wikidata.org/entity/Q1682190,http://www.wikidata.org/entity/Q101859,VfL Wolfsburg,2.0,1997-01-01T00:00:00Z,2000-01-01T00:00:00Z
http://www.wikidata.org/entity/Q1682190,http://www.wikidata.org/entity/Q154053,Eintracht Brunswick,55.0,2001-01-01T00:00:00Z,2003-01-01T00:00:00Z
http://www.wikidata.org/entity/Q1682190,http://www.wikidata.org/entity/Q160530,VfL Osnabrück,105.0,2004-01-01T00:00:00Z,2008-01-01T00:00:00Z
http://www.wikidata.org/entity/Q1682190,http://www.wikidata.org/entity/Q154053,Eintracht Brunswick,52.0,2008-01-01T00:00:00Z,2010-01-01T00:00:00Z
http://www.wikidata.org/entity/Q1682190,http://www.wikidata.org/entity/Q2521444,VfB Fallersleben,52.0,2010-01-01T00:00:00Z,2012-01-01T00:00:00Z
http://www.wikidata.org/entity/Q1682190,http://www.wikidata.org/entity/Q310608,SC Fortuna Cologne,36.0,2000-01-01T00:00:00Z,2001-01-01T00:00:00Z
http://www.wikidata.org/entity/Q1682343,http://www.wikidata.org/entity/Q159936,Kickers Offenbach,14.0,2013-01-01T00:00:00Z,2013-01-01T00:00:00Z
http://www.wikidata.org/entity/Q1682343,http://www.wikidata.org/entity/Q154053,Eintracht Brunswick,72.0,2007-01-01T00:00:00Z,2015-01-01T00:00:00Z
http://www.wikidata.org/entity/Q1682343,http://www.wikidata.org/entity/Q16559523,Eintracht Braunschweig II,46.0,2007-01-01T00:00:00Z,2015-01-01T00:00:00Z
http://www.wikidata.org/entity/Q1682343,http://www.wikidata.org/entity/Q692691,SV Elversberg,,2015-01-01T00:00:00Z,
http://www.wikidata.org/entity/Q1683472,http://www.wikidata.org/entity/Q18512,Forest Green Rovers Football Club,164.0,2009-01-01T00:00:00Z,2014-01-01T00:00:00Z
http://www.wikidata.org/entity/Q1683472,http://www.wikidata.org/entity/Q18482,Market Drayton Town F.C.,,2009-01-01T00:00:00Z,2009-01-01T00:00:00Z
http://www.wikidata.org/entity/Q1683472,http://www.wikidata.org/entity/Q187326,Aberdeen FC,7.0,2008-01-01T00:00:00Z,2009-01-01T00:00:00Z
http://www.wikidata.org/entity/Q1683472,http://www.wikidata.org/entity/Q18744,West Bromwich Albion,9.0,2005-01-01T00:00:00Z,2009-01-01T00:00:00Z
http://www.wikidata.org/entity/Q1683472,http://www.wikidata.org/entity/Q48945,Northampton Town FC,5.0,2009-01-01T00:00:00Z,2009-01-01T00:00:00Z
http://www.wikidata.org/entity/Q1683472,http://www.wikidata.org/entity/Q18518,Kidderminster Harriers Football Club,,2014-01-01T00:00:00Z,
http://www.wikidata.org/entity/Q1688441,http://www.wikidata.org/entity/Q2504228,Unió Esportiva Llagostera,,2015-01-01T00:00:00Z,
http://www.wikidata.org/entity/Q1688441,http://www.wikidata.org/entity/Q10308,Real Saragosse,47.0,2005-01-01T00:00:00Z,2009-01-01T00:00:00Z
http://www.wikidata.org/entity/Q1688441,http://www.wikidata.org/entity/Q741695,Deportivo Aragón,57.0,2004-01-01T00:00:00Z,2006-01-01T00:00:00Z
http://www.wikidata.org/entity/Q1688441,http://www.wikidata.org/entity/Q611653,Fútbol Club Cartagena,77.0,2009-01-01T00:00:00Z,2012-01-01T00:00:00Z
http://www.wikidata.org/entity/Q1688441,http://www.wikidata.org/entity/Q11945,Girona FC,44.0,2012-01-01T00:00:00Z,2014-01-01T00:00:00Z
http://www.wikidata.org/entity/Q1688441,http://www.wikidata.org/entity/Q10319,Real Valladolid,18.0,2014-01-01T00:00:00Z,2015-01-01T00:00:00Z
http://www.wikidata.org/entity/Q1688441,http://www.wikidata.org/entity/Q7389527,SD Tarazona,,2020-01-01T00:00:00Z,
http://www.wikidata.org/entity/Q1689197,http://www.wikidata.org/entity/Q368909,NK Slaven Belupo,22.0,2013-01-01T00:00:00Z,2015-01-01T00:00:00Z
http://www.wikidata.org/entity/Q1689197,http://www.wikidata.org/entity/Q6463,FC Sankt Pauli,1.0,2008-01-01T00:00:00Z,2012-01-01T00:00:00Z
http://www.wikidata.org/entity/Q1689197,http://www.wikidata.org/entity/Q726271,HNK Cibalia,20.0,2012-01-01T00:00:00Z,2013-01-01T00:00:00Z
http://www.wikidata.org/entity/Q1689197,http://www.wikidata.org/entity/Q457460,SV Ried,,2015-01-01T00:00:00Z,
http://www.wikidata.org/entity/Q1689206,http://www.wikidata.org/entity/Q223262,FC Lucerne,,2003-01-01T00:00:00Z,2004-01-01T00:00:00Z
http://www.wikidata.org/entity/Q1689206,http://www.wikidata.org/entity/Q479351,SV Darmstadt 98,61.0,2004-01-01T00:00:00Z,2006-01-01T00:00:00Z
http://www.wikidata.org/entity/Q1689206,http://www.wikidata.org/entity/Q479351,SV Darmstadt 98,13.0,2010-01-01T00:00:00Z,2011-01-01T00:00:00Z
http://www.wikidata.org/entity/Q1689206,http://www.wikidata.org/entity/Q639525,SV Sandhausen,12.0,2010-01-01T00:00:00Z,2010-01-01T00:00:00Z
http://www.wikidata.org/entity/Q1689206,http://www.wikidata.org/entity/Q310621,SV Wehen Wiesbaden,31.0,2006-01-01T00:00:00Z,2007-01-01T00:00:00Z
http://www.wikidata.org/entity/Q1689206,http://www.wikidata.org/entity/Q6463,FC Sankt Pauli,15.0,2001-01-01T00:00:00Z,2002-01-01T00:00:00Z
http://www.wikidata.org/entity/Q1689206,http://www.wikidata.org/entity/Q479351,SV Darmstadt 98,13.0,2010-01-01T00:00:00Z,2010-01-01T00:00:00Z
http://www.wikidata.org/entity/Q1689206,http://www.wikidata.org/entity/Q157352,FSV Francfort,82.0,2007-01-01T00:00:00Z,2009-01-01T00:00:00Z
http://www.wikidata.org/entity/Q1689206,http://www.wikidata.org/entity/Q775966,Quilmes AC,54.0,1994-01-01T00:00:00Z,2000-01-01T00:00:00Z
http://www.wikidata.org/entity/Q1689345,http://www.wikidata.org/entity/Q7404817,Salisbury United,1.0,1990-01-01T00:00:00Z,1990-01-01T00:00:00Z
http://www.wikidata.org/entity/Q1689345,http://www.wikidata.org/entity/Q190526,Berner Sport Club Young Boys,26.0,1992-01-01T00:00:00Z,1994-01-01T00:00:00Z
http://www.wikidata.org/entity/Q1689345,http://www.wikidata.org/entity/Q2185176,West Adelaide Soccer Club,14.0,1991-01-01T00:00:00Z,1991-01-01T00:00:00Z
http://www.wikidata.org/entity/Q1689345,http://www.wikidata.org/entity/Q19456,Bristol City Football Club,71.0,1995-01-01T00:00:00Z,1997-01-01T00:00:00Z
http://www.wikidata.org/entity/Q1689345,http://www.wikidata.org/entity/Q354059,Adelaide United Football Club,20.0,2007-01-01T00:00:00Z,2009-01-01T00:00:00Z
http://www.wikidata.org/entity/Q1689345,http://www.wikidata.org/entity/Q3589754,équipe d'Australie de football des moins de 17 ans,4.0,1991-01-01T00:00:00Z,1991-01-01T00:00:00Z
http://www.wikidata.org/entity/Q1689345,http://www.wikidata.org/entity/Q3589775,équipe d'Australie de football des moins de 23 ans,3.0,1996-01-01T00:00:00Z,1996-01-01T00:00:00Z
http://www.wikidata.org/entity/Q1689345,http://www.wikidata.org/entity/Q669130,Yverdon-Sport FC,15.0,1994-01-01T00:00:00Z,1995-01-01T00:00:00Z
http://www.wikidata.org/entity/Q1689345,http://www.wikidata.org/entity/Q268208,équipe d'Australie de football,18.0,1996-01-01T00:00:00Z,2005-01-01T00:00:00Z
http://www.wikidata.org/entity/Q1938276,http://www.wikidata.org/entity/Q699686,SC Schwarz-Weiß Bregenz,52.0,2003-01-01T00:00:00Z,2005-01-01T00:00:00Z
http://www.wikidata.org/entity/Q1938276,http://www.wikidata.org/entity/Q819354,KSV Hessen Kassel,30.0,1992-01-01T00:00:00Z,1993-01-01T00:00:00Z
http://www.wikidata.org/entity/Q1938276,http://www.wikidata.org/entity/Q874665,Schwarz-Weiß Bregenz,52.0,2003-01-01T00:00:00Z,2005-01-01T00:00:00Z
http://www.wikidata.org/entity/Q1938276,http://www.wikidata.org/entity/Q464839,KSV Baunatal,,1989-01-01T00:00:00Z,1992-01-01T00:00:00Z
http://www.wikidata.org/entity/Q1938276,http://www.wikidata.org/entity/Q15822356,KSV Baunatal,65.0,1989-01-01T00:00:00Z,1992-01-01T00:00:00Z
http://www.wikidata.org/entity/Q1938276,http://www.wikidata.org/entity/Q7924284,VfL Bochum II,1.0,2002-01-01T00:00:00Z,2002-01-01T00:00:00Z
http://www.wikidata.org/entity/Q1938276,http://www.wikidata.org/entity/Q105861,VfL Bochum,111.0,1997-01-01T00:00:00Z,2002-01-01T00:00:00Z
http://www.wikidata.org/entity/Q1938276,http://www.wikidata.org/entity/Q38245,Eintracht Francfort,120.0,1993-01-01T00:00:00Z,1997-01-01T00:00:00Z
http://www.wikidata.org/entity/Q1945365,http://www.wikidata.org/entity/Q18736,Stoke City FC,1.0,2001-01-01T00:00:00Z,2003-01-01T00:00:00Z
http://www.wikidata.org/entity/Q1945365,http://www.wikidata.org/entity/Q216032,KRC Genk,84.0,1996-01-01T00:00:00Z,1999-01-01T00:00:00Z
http://www.wikidata.org/entity/Q1945365,http://www.wikidata.org/entity/Q235411,équipe de Guinée de football,,1992-01-01T00:00:00Z,2004-01-01T00:00:00Z
http://www.wikidata.org/entity/Q1945365,http://www.wikidata.org/entity/Q849139,KSK Beveren,28.0,1992-01-01T00:00:00Z,1994-01-01T00:00:00Z
http://www.wikidata.org/entity/Q1945365,http://www.wikidata.org/entity/Q2124104,Royal Cercle Sportif Visé,,2004-01-01T00:00:00Z,2006-01-01T00:00:00Z
http://www.wikidata.org/entity/Q1945365,http://www.wikidata.org/entity/Q961309,KSV Waregem,14.0,1994-01-01T00:00:00Z,1996-01-01T00:00:00Z
http://www.wikidata.org/entity/Q1945365,http://www.wikidata.org/entity/Q587509,K Beringen Heusden-Zolder SK,13.0,2004-01-01T00:00:00Z,2004-01-01T00:00:00Z
http://www.wikidata.org/entity/Q1945365,http://www.wikidata.org/entity/Q6601875,Fenerbahçe Istanbul,11.0,1999-01-01T00:00:00Z,2000-01-01T00:00:00Z
http://www.wikidata.org/entity/Q1945365,http://www.wikidata.org/entity/Q221940,KSC Lokeren,,1991-01-01T00:00:00Z,1992-01-01T00:00:00Z
http://www.wikidata.org/entity/Q1945365,http://www.wikidata.org/entity/Q11979,Unión Deportiva Las Palmas,17.0,2000-01-01T00:00:00Z,2001-01-01T00:00:00Z
http://www.wikidata.org/entity/Q1947111,http://www.wikidata.org/entity/Q309400,US Boulogne CO,71.0,2005-01-01T00:00:00Z,2012-01-01T00:00:00Z
http://www.wikidata.org/entity/Q1947111,http://www.wikidata.org/entity/Q2980231,Club olympique de Châlons-en-Champagne,34.0,2004-01-01T00:00:00Z,2005-01-01T00:00:00Z
http://www.wikidata.org/entity/Q1950930,http://www.wikidata.org/entity/Q782387,FC Oberneuland,,2006-01-01T00:00:00Z,2007-01-01T00:00:00Z
http://www.wikidata.org/entity/Q1950930,http://www.wikidata.org/entity/Q640726,FC Mulhouse,,1991-01-01T00:00:00Z,1992-01-01T00:00:00Z
http://www.wikidata.org/entity/Q1950930,http://www.wikidata.org/entity/Q6463,FC Sankt Pauli,61.0,2002-01-01T00:00:00Z,2005-01-01T00:00:00Z
http://www.wikidata.org/entity/Q1950930,http://www.wikidata.org/entity/Q1514131,Germania Walsrode,,2007-01-01T00:00:00Z,2007-01-01T00:00:00Z
http://www.wikidata.org/entity/Q1950930,http://www.wikidata.org/entity/Q1514131,Germania Walsrode,,2009-01-01T00:00:00Z,2009-01-01T00:00:00Z
http://www.wikidata.org/entity/Q1950930,http://www.wikidata.org/entity/Q2208620,SV Ramlingen/Ehlershausen,24.0,2006-01-01T00:00:00Z,2007-01-01T00:00:00Z
http://www.wikidata.org/entity/Q1950930,http://www.wikidata.org/entity/Q639472,Goslarer SC 08,,2007-01-01T00:00:00Z,2007-01-01T00:00:00Z
http://www.wikidata.org/entity/Q1950930,http://www.wikidata.org/entity/Q189671,FC Bâle,0.0,1992-01-01T00:00:00Z,1994-01-01T00:00:00Z
http://www.wikidata.org/entity/Q1950930,http://www.wikidata.org/entity/Q1881988,MTV Soltau von 1864,,2008-01-01T00:00:00Z,2008-01-01T00:00:00Z
http://www.wikidata.org/entity/Q1950930,http://www.wikidata.org/entity/Q324940,TuS Celle FC,58.0,1995-01-01T00:00:00Z,1997-01-01T00:00:00Z
http://www.wikidata.org/entity/Q1950930,http://www.wikidata.org/entity/Q207337,équipe du Maroc de football,1.0,1998-01-01T00:00:00Z,1998-01-01T00:00:00Z
http://www.wikidata.org/entity/Q1950930,http://www.wikidata.org/entity/Q1796509,TV Jahn Schneverdingen,10.0,2012-01-01T00:00:00Z,2013-01-01T00:00:00Z
http://www.wikidata.org/entity/Q1950930,http://www.wikidata.org/entity/Q2458738,TuS Hoisdorf,24.0,1994-01-01T00:00:00Z,1995-01-01T00:00:00Z
http://www.wikidata.org/entity/Q1950930,http://www.wikidata.org/entity/Q2168313,Rotenburger SV,,2008-01-01T00:00:00Z,2008-01-01T00:00:00Z
http://www.wikidata.org/entity/Q1950930,http://www.wikidata.org/entity/Q15710211,Brinkumer SV,,2005-01-01T00:00:00Z,2006-01-01T00:00:00Z
http://www.wikidata.org/entity/Q1950930,http://www.wikidata.org/entity/Q38245,Eintracht Francfort,7.0,1999-01-01T00:00:00Z,1999-01-01T00:00:00Z
http://www.wikidata.org/entity/Q1950930,http://www.wikidata.org/entity/Q782387,FC Oberneuland,61.0,2003-01-01T00:00:00Z,2005-01-01T00:00:00Z
http://www.wikidata.org/entity/Q1950930,http://www.wikidata.org/entity/Q639472,Goslarer SC 08,5.0,2005-01-01T00:00:00Z,2006-01-01T00:00:00Z
http://www.wikidata.org/entity/Q1950930,http://www.wikidata.org/entity/Q38245,Eintracht Francfort,7.0,1998-01-01T00:00:00Z,1999-01-01T00:00:00Z
http://www.wikidata.org/entity/Q1950930,http://www.wikidata.org/entity/Q33748,Hanovre 96,64.0,1999-01-01T00:00:00Z,2002-01-01T00:00:00Z
http://www.wikidata.org/entity/Q1950930,http://www.wikidata.org/entity/Q2168313,Rotenburger SV,9.0,2011-01-01T00:00:00Z,2012-01-01T00:00:00Z
http://www.wikidata.org/entity/Q1950930,http://www.wikidata.org/entity/Q170105,SV Stuttgarter Kickers,41.0,1997-01-01T00:00:00Z,1998-01-01T00:00:00Z
http://www.wikidata.org/entity/Q1952433,http://www.wikidata.org/entity/Q1132418,FC Martigues,26.0,2002-01-01T00:00:00Z,2003-01-01T00:00:00Z
http://www.wikidata.org/entity/Q1952433,http://www.wikidata.org/entity/Q48947,Plymouth Argyle FC,31.0,2007-01-01T00:00:00Z,2008-01-01T00:00:00Z
http://www.wikidata.org/entity/Q1952433,http://www.wikidata.org/entity/Q19487,Millwall FC,290.0,2008-01-01T00:00:00Z,
http://www.wikidata.org/entity/Q1952433,http://www.wikidata.org/entity/Q497637,équipe des Comores de football,16.0,2010-01-01T00:00:00Z,
http://www.wikidata.org/entity/Q1952433,http://www.wikidata.org/entity/Q48851,Association Football Club Wimbledon,2.0,2017-01-01T00:00:00Z,
http://www.wikidata.org/entity/Q1952433,http://www.wikidata.org/entity/Q608988,CS Sedan Ardennes,80.0,2003-01-01T00:00:00Z,2007-01-01T00:00:00Z
http://www.wikidata.org/entity/Q1974101,http://www.wikidata.org/entity/Q105844,DSC Arminia Bielefeld,120.0,2005-01-01T00:00:00Z,2010-01-01T00:00:00Z
http://www.wikidata.org/entity/Q1974101,http://www.wikidata.org/entity/Q385518,SK Sigma Olomouc,192.0,1998-01-01T00:00:00Z,2005-01-01T00:00:00Z
http://www.wikidata.org/entity/Q1974101,http://www.wikidata.org/entity/Q2093314,SFC Opava,85.0,1995-01-01T00:00:00Z,1998-01-01T00:00:00Z
http://www.wikidata.org/entity/Q1974101,http://www.wikidata.org/entity/Q385518,SK Sigma Olomouc,45.0,2010-01-01T00:00:00Z,2012-01-01T00:00:00Z
http://www.wikidata.org/entity/Q1974101,http://www.wikidata.org/entity/Q1439495,MFK Frýdek-Místek,,1993-01-01T00:00:00Z,1995-01-01T00:00:00Z
http://www.wikidata.org/entity/Q1983077,http://www.wikidata.org/entity/Q737714,Bnei Yehoudah Tel-Aviv Football Club,112.0,2004-01-01T00:00:00Z,2010-01-01T00:00:00Z
http://www.wikidata.org/entity/Q1983077,http://www.wikidata.org/entity/Q2129100,Maccabi Haïfa FC,,2015-01-01T00:00:00Z,
http://www.wikidata.org/entity/Q1983077,http://www.wikidata.org/entity/Q191406,équipe d'Israël de football,,2012-01-01T00:00:00Z,
http://www.wikidata.org/entity/Q1983077,http://www.wikidata.org/entity/Q2902792,équipe d'Israël de football des moins de 19 ans,8.0,2005-01-01T00:00:00Z,2006-01-01T00:00:00Z
http://www.wikidata.org/entity/Q1983077,http://www.wikidata.org/entity/Q208228,Stade de Reims,23.0,2013-01-01T00:00:00Z,2015-01-01T00:00:00Z
http://www.wikidata.org/entity/Q1983077,http://www.wikidata.org/entity/Q223728,Maccabi Tel-Aviv FC,95.0,2010-01-01T00:00:00Z,2013-01-01T00:00:00Z
http://www.wikidata.org/entity/Q1983316,http://www.wikidata.org/entity/Q18505,Association Football Club Telford United,,2015-01-01T00:00:00Z,
http://www.wikidata.org/entity/Q1983316,http://www.wikidata.org/entity/Q18525,Southport Football Club,5.0,2014-01-01T00:00:00Z,2014-01-01T00:00:00Z
http://www.wikidata.org/entity/Q1983316,http://www.wikidata.org/entity/Q1998181,équipe d'Irlande du Nord espoirs de football,8.0,2011-01-01T00:00:00Z,2013-01-01T00:00:00Z
http://www.wikidata.org/entity/Q1983316,http://www.wikidata.org/entity/Q19500,Wolverhampton Wanderers F.C.,1.0,2011-01-01T00:00:00Z,2013-01-01T00:00:00Z
http://www.wikidata.org/entity/Q1983316,http://www.wikidata.org/entity/Q18507,Barrow Association Football Club,21.0,2014-01-01T00:00:00Z,2015-01-01T00:00:00Z
http://www.wikidata.org/entity/Q1983316,http://www.wikidata.org/entity/Q19595,Leyton Orient FC,2.0,2013-01-01T00:00:00Z,2014-01-01T00:00:00Z
http://www.wikidata.org/entity/Q1983316,http://www.wikidata.org/entity/Q190978,équipe d'Irlande du Nord de football,,2010-01-01T00:00:00Z,
http://www.wikidata.org/entity/Q1983316,http://www.wikidata.org/entity/Q18509,Cambridge United FC,2.0,2013-01-01T00:00:00Z,2013-01-01T00:00:00Z
http://www.wikidata.org/entity/Q1983316,http://www.wikidata.org/entity/Q48947,Plymouth Argyle FC,2.0,2012-01-01T00:00:00Z,2012-01-01T00:00:00Z
http://www.wikidata.org/entity/Q1983316,http://www.wikidata.org/entity/Q18521,Macclesfield Town Football Club,1.0,2013-01-01T00:00:00Z,2013-01-01T00:00:00Z
http://www.wikidata.org/entity/Q1984073,http://www.wikidata.org/entity/Q513237,Kocaelispor,,2001-01-01T00:00:00Z,2003-01-01T00:00:00Z
http://www.wikidata.org/entity/Q1984073,http://www.wikidata.org/entity/Q170134,SV Waldhof Mannheim,,2000-01-01T00:00:00Z,2000-01-01T00:00:00Z
http://www.wikidata.org/entity/Q1984073,http://www.wikidata.org/entity/Q2739,AS Rome,0.0,1999-01-01T00:00:00Z,1999-01-01T00:00:00Z
http://www.wikidata.org/entity/Q1984073,http://www.wikidata.org/entity/Q609926,Sportfreunde Siegen,,2000-01-01T00:00:00Z,2000-01-01T00:00:00Z
http://www.wikidata.org/entity/Q1984073,http://www.wikidata.org/entity/Q666036,SC Westfalia Herne,,2001-01-01T00:00:00Z,2001-01-01T00:00:00Z
http://www.wikidata.org/entity/Q1984073,http://www.wikidata.org/entity/Q105861,VfL Bochum,37.0,1996-01-01T00:00:00Z,1999-01-01T00:00:00Z
http://www.wikidata.org/entity/Q1984073,http://www.wikidata.org/entity/Q831254,BBV Hagen,,2005-01-01T00:00:00Z,2005-01-01T00:00:00Z
http://www.wikidata.org/entity/Q1985860,http://www.wikidata.org/entity/Q19587,Crewe Alexandra FC,59.0,2005-01-01T00:00:00Z,2008-01-01T00:00:00Z
http://www.wikidata.org/entity/Q1985860,http://www.wikidata.org/entity/Q18750,Wigan Athletic FC,16.0,2014-01-01T00:00:00Z,2014-01-01T00:00:00Z
http://www.wikidata.org/entity/Q1985860,http://www.wikidata.org/entity/Q18662,Cardiff City F.C.,22.0,2012-01-01T00:00:00Z,2015-01-01T00:00:00Z
http://www.wikidata.org/entity/Q1985860,http://www.wikidata.org/entity/Q19456,Bristol City Football Club,124.0,2008-01-01T00:00:00Z,2012-01-01T00:00:00Z
http://www.wikidata.org/entity/Q1985860,http://www.wikidata.org/entity/Q248188,Milton Keynes Dons Football Club,35.0,2015-01-01T00:00:00Z,2016-01-01T00:00:00Z
http://www.wikidata.org/entity/Q1985860,http://www.wikidata.org/entity/Q18747,West Ham United FC,14.0,2012-01-01T00:00:00Z,2012-01-01T00:00:00Z
http://www.wikidata.org/entity/Q1985860,http://www.wikidata.org/entity/Q18307,Witton Albion F.C.,,2006-01-01T00:00:00Z,2006-01-01T00:00:00Z
http://www.wikidata.org/entity/Q1985918,http://www.wikidata.org/entity/Q571553,SV Babelsberg 03,10.0,2002-01-01T00:00:00Z,2002-01-01T00:00:00Z
http://www.wikidata.org/entity/Q1985918,http://www.wikidata.org/entity/Q141931,SG Dynamo Dresde,1.0,1990-01-01T00:00:00Z,1991-01-01T00:00:00Z
http://www.wikidata.org/entity/Q1985918,http://www.wikidata.org/entity/Q101859,VfL Wolfsburg,19.0,1998-01-01T00:00:00Z,2000-01-01T00:00:00Z
http://www.wikidata.org/entity/Q1985918,http://www.wikidata.org/entity/Q896736,VfB Leipzig,188.0,1991-01-01T00:00:00Z,1998-01-01T00:00:00Z
http://www.wikidata.org/entity/Q1985918,http://www.wikidata.org/entity/Q141931,SG Dynamo Dresde,21.0,2002-01-01T00:00:00Z,2004-01-01T00:00:00Z
http://www.wikidata.org/entity/Q1985918,http://www.wikidata.org/entity/Q314851,équipe d'Allemagne espoirs de football,1.0,1993-01-01T00:00:00Z,1993-01-01T00:00:00Z
http://www.wikidata.org/entity/Q1985918,http://www.wikidata.org/entity/Q162317,1. FC Lokomotive Leipzig,188.0,1991-01-01T00:00:00Z,1998-01-01T00:00:00Z
http://www.wikidata.org/entity/Q1985918,http://www.wikidata.org/entity/Q33748,Hanovre 96,20.0,2000-01-01T00:00:00Z,2002-01-01T00:00:00Z
http://www.wikidata.org/entity/Q1986138,http://www.wikidata.org/entity/Q289696,AC Sangiovannese 1927,0.0,2005-01-01T00:00:00Z,2005-01-01T00:00:00Z
http://www.wikidata.org/entity/Q1893141,http://www.wikidata.org/entity/Q19513,Montpellier Hérault SC,82.0,1997-01-01T00:00:00Z,2002-01-01T00:00:00Z
http://www.wikidata.org/entity/Q1893141,http://www.wikidata.org/entity/Q222877,FC Inter Turku,26.0,2003-01-01T00:00:00Z,2004-01-01T00:00:00Z
http://www.wikidata.org/entity/Q1893141,http://www.wikidata.org/entity/Q929522,Persita Tangerang,18.0,2008-01-01T00:00:00Z,2009-01-01T00:00:00Z
http://www.wikidata.org/entity/Q1893141,http://www.wikidata.org/entity/Q929522,Persita Tangerang,8.0,2007-01-01T00:00:00Z,2008-01-01T00:00:00Z
http://www.wikidata.org/entity/Q1893141,http://www.wikidata.org/entity/Q175309,équipe du Cameroun de football,18.0,1995-01-01T00:00:00Z,2000-01-01T00:00:00Z
http://www.wikidata.org/entity/Q1893249,http://www.wikidata.org/entity/Q159930,BFC Dynamo,48.0,1993-01-01T00:00:00Z,1995-01-01T00:00:00Z
http://www.wikidata.org/entity/Q1893249,http://www.wikidata.org/entity/Q105844,DSC Arminia Bielefeld,1.0,1998-01-01T00:00:00Z,2001-01-01T00:00:00Z
http://www.wikidata.org/entity/Q1893249,http://www.wikidata.org/entity/Q104770,1. FC Cologne,4.0,1995-01-01T00:00:00Z,1998-01-01T00:00:00Z
http://www.wikidata.org/entity/Q1893249,http://www.wikidata.org/entity/Q571553,SV Babelsberg 03,14.0,2001-01-01T00:00:00Z,2005-01-01T00:00:00Z
http://www.wikidata.org/entity/Q1893249,http://www.wikidata.org/entity/Q314851,équipe d'Allemagne espoirs de football,3.0,1998-01-01T00:00:00Z,1998-01-01T00:00:00Z
http://www.wikidata.org/entity/Q1893599,http://www.wikidata.org/entity/Q669130,Yverdon-Sport FC,,1997-01-01T00:00:00Z,1998-01-01T00:00:00Z
http://www.wikidata.org/entity/Q1893599,http://www.wikidata.org/entity/Q105844,DSC Arminia Bielefeld,140.0,1999-01-01T00:00:00Z,2007-01-01T00:00:00Z
http://www.wikidata.org/entity/Q1893599,http://www.wikidata.org/entity/Q170134,SV Waldhof Mannheim,,1998-01-01T00:00:00Z,1999-01-01T00:00:00Z
http://www.wikidata.org/entity/Q1893803,http://www.wikidata.org/entity/Q16525407,1. FC Kaiserslautern II,73.0,2009-01-01T00:00:00Z,2012-01-01T00:00:00Z
http://www.wikidata.org/entity/Q1893803,http://www.wikidata.org/entity/Q639525,SV Sandhausen,,2013-01-01T00:00:00Z,
http://www.wikidata.org/entity/Q1893803,http://www.wikidata.org/entity/Q694484,Wolfsberger AC,0.0,2012-01-01T00:00:00Z,2013-01-01T00:00:00Z
http://www.wikidata.org/entity/Q1893803,http://www.wikidata.org/entity/Q692186,FC Lustenau 07,5.0,2007-01-01T00:00:00Z,2008-01-01T00:00:00Z
http://www.wikidata.org/entity/Q1893803,http://www.wikidata.org/entity/Q8466,1. FC Kaiserslautern,0.0,2009-01-01T00:00:00Z,2012-01-01T00:00:00Z
http://www.wikidata.org/entity/Q1893803,http://www.wikidata.org/entity/Q698702,Admira Wacker,33.0,2005-01-01T00:00:00Z,2007-01-01T00:00:00Z
http://www.wikidata.org/entity/Q1893966,http://www.wikidata.org/entity/Q15755,FC Augsbourg,9.0,2007-01-01T00:00:00Z,2009-01-01T00:00:00Z
http://www.wikidata.org/entity/Q1893966,http://www.wikidata.org/entity/Q142005,FC Hansa Rostock,85.0,1999-01-01T00:00:00Z,2005-01-01T00:00:00Z
http://www.wikidata.org/entity/Q1893966,http://www.wikidata.org/entity/Q325265,TSV 1860 Rosenheim,10.0,2010-01-01T00:00:00Z,2011-01-01T00:00:00Z
http://www.wikidata.org/entity/Q1893966,http://www.wikidata.org/entity/Q314851,équipe d'Allemagne espoirs de football,3.0,2002-01-01T00:00:00Z,2003-01-01T00:00:00Z
http://www.wikidata.org/entity/Q1893966,http://www.wikidata.org/entity/Q141931,SG Dynamo Dresde,55.0,2005-01-01T00:00:00Z,2007-01-01T00:00:00Z
http://www.wikidata.org/entity/Q1893984,http://www.wikidata.org/entity/Q176168,TSG Neustrelitz,37.0,2003-01-01T00:00:00Z,2006-01-01T00:00:00Z
http://www.wikidata.org/entity/Q1893984,http://www.wikidata.org/entity/Q162342,1. FC Neubrandenburg 04,,1992-01-01T00:00:00Z,1992-01-01T00:00:00Z
http://www.wikidata.org/entity/Q1893984,http://www.wikidata.org/entity/Q665920,VfB Lübeck,28.0,2001-01-01T00:00:00Z,2003-01-01T00:00:00Z
http://www.wikidata.org/entity/Q1893984,http://www.wikidata.org/entity/Q142005,FC Hansa Rostock,201.0,1992-01-01T00:00:00Z,2001-01-01T00:00:00Z
http://www.wikidata.org/entity/Q1894253,http://www.wikidata.org/entity/Q142005,FC Hansa Rostock,164.0,1999-01-01T00:00:00Z,2005-01-01T00:00:00Z
http://www.wikidata.org/entity/Q1894253,http://www.wikidata.org/entity/Q1165148,Ifö/Bromölla IF,10.0,1993-01-01T00:00:00Z,1993-01-01T00:00:00Z
http://www.wikidata.org/entity/Q1894253,http://www.wikidata.org/entity/Q207503,Helsingborgs IF,92.0,1994-01-01T00:00:00Z,1999-01-01T00:00:00Z
http://www.wikidata.org/entity/Q1894253,http://www.wikidata.org/entity/Q160826,équipe de Suède de football,6.0,1998-01-01T00:00:00Z,2010-01-01T00:00:00Z
http://www.wikidata.org/entity/Q1894253,http://www.wikidata.org/entity/Q211906,Brøndby IF,57.0,2005-01-01T00:00:00Z,2007-01-01T00:00:00Z
http://www.wikidata.org/entity/Q1894253,http://www.wikidata.org/entity/Q207503,Helsingborgs IF,75.0,2007-01-01T00:00:00Z,2010-01-01T00:00:00Z
http://www.wikidata.org/entity/Q1894253,http://www.wikidata.org/entity/Q863273,Landskrona BoIS,43.0,2011-01-01T00:00:00Z,2012-01-01T00:00:00Z
http://www.wikidata.org/entity/Q1894253,http://www.wikidata.org/entity/Q2768,Torino Football Club,3.0,1999-01-01T00:00:00Z,1999-01-01T00:00:00Z
http://www.wikidata.org/entity/Q1894338,http://www.wikidata.org/entity/Q160530,VfL Osnabrück,5.0,2013-01-01T00:00:00Z,2013-01-01T00:00:00Z
http://www.wikidata.org/entity/Q1894338,http://www.wikidata.org/entity/Q1501893,SV Wilhelmshaven,17.0,2011-01-01T00:00:00Z,2011-01-01T00:00:00Z
http://www.wikidata.org/entity/Q1894338,http://www.wikidata.org/entity/Q170107,FC Rot-Weiss Erfurt,24.0,2011-01-01T00:00:00Z,2013-01-01T00:00:00Z
http://www.wikidata.org/entity/Q1894338,http://www.wikidata.org/entity/Q142005,FC Hansa Rostock,13.0,2003-01-01T00:00:00Z,2006-01-01T00:00:00Z
http://www.wikidata.org/entity/Q1894338,http://www.wikidata.org/entity/Q702865,BFC Viktoria 1889,,2013-01-01T00:00:00Z,
http://www.wikidata.org/entity/Q1894338,http://www.wikidata.org/entity/Q445897,VSG Altglienicke,,2015-01-01T00:00:00Z,
http://www.wikidata.org/entity/Q1894338,http://www.wikidata.org/entity/Q155452,TuS Coblence,5.0,2008-01-01T00:00:00Z,2010-01-01T00:00:00Z
http://www.wikidata.org/entity/Q1894338,http://www.wikidata.org/entity/Q666067,Sportfreunde Lotte,0.0,2010-01-01T00:00:00Z,2011-01-01T00:00:00Z
http://www.wikidata.org/entity/Q1894338,http://www.wikidata.org/entity/Q2016992,équipe d'Allemagne de football des moins de 18 ans,1.0,2001-01-01T00:00:00Z,2001-01-01T00:00:00Z
http://www.wikidata.org/entity/Q1894338,http://www.wikidata.org/entity/Q13426883,FC Viktoria 1889 Berlin,30.0,2013-01-01T00:00:00Z,2015-01-01T00:00:00Z
http://www.wikidata.org/entity/Q1894338,http://www.wikidata.org/entity/Q319167,BSV Kickers 1946 Emden,36.0,2006-01-01T00:00:00Z,2008-01-01T00:00:00Z
http://www.wikidata.org/entity/Q1894412,http://www.wikidata.org/entity/Q154293,MSV Duisbourg,64.0,1998-01-01T00:00:00Z,2001-01-01T00:00:00Z
http://www.wikidata.org/entity/Q1894412,http://www.wikidata.org/entity/Q170125,Rot Weiss Ahlen,8.0,2001-01-01T00:00:00Z,2002-01-01T00:00:00Z
http://www.wikidata.org/entity/Q1894412,http://www.wikidata.org/entity/Q155218,Rot-Weiss Essen,73.0,2002-01-01T00:00:00Z,2005-01-01T00:00:00Z
http://www.wikidata.org/entity/Q1894412,http://www.wikidata.org/entity/Q314851,équipe d'Allemagne espoirs de football,12.0,1995-01-01T00:00:00Z,1998-01-01T00:00:00Z
http://www.wikidata.org/entity/Q1894412,http://www.wikidata.org/entity/Q160530,VfL Osnabrück,24.0,2005-01-01T00:00:00Z,2006-01-01T00:00:00Z
http://www.wikidata.org/entity/Q1894412,http://www.wikidata.org/entity/Q157464,KFC Uerdingen 05,100.0,1993-01-01T00:00:00Z,1998-01-01T00:00:00Z
http://www.wikidata.org/entity/Q1894412,http://www.wikidata.org/entity/Q157464,KFC Uerdingen 05,11.0,2007-01-01T00:00:00Z,2008-01-01T00:00:00Z
http://www.wikidata.org/entity/Q1894412,http://www.wikidata.org/entity/Q839997,Brisbane Roar Football Club,10.0,2006-01-01T00:00:00Z,2007-01-01T00:00:00Z
http://www.wikidata.org/entity/Q1900528,http://www.wikidata.org/entity/Q161074,FC Sachsen Leipzig,23.0,2003-01-01T00:00:00Z,2004-01-01T00:00:00Z
http://www.wikidata.org/entity/Q1900528,http://www.wikidata.org/entity/Q158121,SpVgg Unterhaching,20.0,1998-01-01T00:00:00Z,2000-01-01T00:00:00Z
http://www.wikidata.org/entity/Q1900528,http://www.wikidata.org/entity/Q170105,SV Stuttgarter Kickers,29.0,2000-01-01T00:00:00Z,2001-01-01T00:00:00Z
http://www.wikidata.org/entity/Q1900528,http://www.wikidata.org/entity/Q155186,FC Carl Zeiss Iéna,59.0,2004-01-01T00:00:00Z,2008-01-01T00:00:00Z
http://www.wikidata.org/entity/Q1900528,http://www.wikidata.org/entity/Q155186,FC Carl Zeiss Iéna,118.0,1992-01-01T00:00:00Z,1998-01-01T00:00:00Z
http://www.wikidata.org/entity/Q1900528,http://www.wikidata.org/entity/Q153535,Alemannia Aix-la-Chapelle,32.0,2001-01-01T00:00:00Z,2003-01-01T00:00:00Z
http://www.wikidata.org/entity/Q1901472,http://www.wikidata.org/entity/Q104761,Bayer Leverkusen,77.0,1995-01-01T00:00:00Z,1998-01-01T00:00:00Z
http://www.wikidata.org/entity/Q1901472,http://www.wikidata.org/entity/Q157464,KFC Uerdingen 05,,2002-01-01T00:00:00Z,
http://www.wikidata.org/entity/Q1901472,http://www.wikidata.org/entity/Q566141,SSVg Velbert 02,,2008-01-01T00:00:00Z,2008-01-01T00:00:00Z
http://www.wikidata.org/entity/Q1901472,http://www.wikidata.org/entity/Q160530,VfL Osnabrück,55.0,2004-01-01T00:00:00Z,2008-01-01T00:00:00Z
http://www.wikidata.org/entity/Q1901472,http://www.wikidata.org/entity/Q101959,Borussia Mönchengladbach,18.0,1998-01-01T00:00:00Z,1999-01-01T00:00:00Z
http://www.wikidata.org/entity/Q1901472,http://www.wikidata.org/entity/Q157464,KFC Uerdingen 05,72.0,1992-01-01T00:00:00Z,1995-01-01T00:00:00Z
http://www.wikidata.org/entity/Q1901472,http://www.wikidata.org/entity/Q157464,KFC Uerdingen 05,35.0,2003-01-01T00:00:00Z,2004-01-01T00:00:00Z
http://www.wikidata.org/entity/Q1901472,http://www.wikidata.org/entity/Q107818,FC Energie Cottbus,5.0,2002-01-01T00:00:00Z,2002-01-01T00:00:00Z
http://www.wikidata.org/entity/Q1901472,http://www.wikidata.org/entity/Q314851,équipe d'Allemagne espoirs de football,13.0,1994-01-01T00:00:00Z,1996-01-01T00:00:00Z
http://www.wikidata.org/entity/Q1901472,http://www.wikidata.org/entity/Q101859,VfL Wolfsburg,20.0,1999-01-01T00:00:00Z,2001-01-01T00:00:00Z
http://www.wikidata.org/entity/Q1903652,http://www.wikidata.org/entity/Q15786,1. FC Nuremberg,112.0,1997-01-01T00:00:00Z,2004-01-01T00:00:00Z
http://www.wikidata.org/entity/Q1903652,http://www.wikidata.org/entity/Q162242,1. FC Hersbruck,10.0,2008-01-01T00:00:00Z,2009-01-01T00:00:00Z
http://www.wikidata.org/entity/Q1903652,http://www.wikidata.org/entity/Q160532,SC Paderborn 07,36.0,1987-01-01T00:00:00Z,1989-01-01T00:00:00Z
http://www.wikidata.org/entity/Q1903652,http://www.wikidata.org/entity/Q41420,BV 09 Borussia Dortmund,41.0,1989-01-01T00:00:00Z,1991-01-01T00:00:00Z
http://www.wikidata.org/entity/Q1903652,http://www.wikidata.org/entity/Q6463,FC Sankt Pauli,49.0,1991-01-01T00:00:00Z,1997-01-01T00:00:00Z
http://www.wikidata.org/entity/Q1903652,http://www.wikidata.org/entity/Q526949,SpVgg Bayreuth,18.0,2005-01-01T00:00:00Z,2005-01-01T00:00:00Z
http://www.wikidata.org/entity/Q1903652,http://www.wikidata.org/entity/Q170117,FC Ingolstadt 04,10.0,2006-01-01T00:00:00Z,2006-01-01T00:00:00Z
http://www.wikidata.org/entity/Q1904444,http://www.wikidata.org/entity/Q460494,Paniónios GSS,45.0,2009-01-01T00:00:00Z,2011-01-01T00:00:00Z
http://www.wikidata.org/entity/Q1904444,http://www.wikidata.org/entity/Q19444,Birmingham City FC,6.0,2006-01-01T00:00:00Z,2006-01-01T00:00:00Z
http://www.wikidata.org/entity/Q1904444,http://www.wikidata.org/entity/Q151747,Fortuna Düsseldorf,30.0,2013-01-01T00:00:00Z,2014-01-01T00:00:00Z
http://www.wikidata.org/entity/Q1904444,http://www.wikidata.org/entity/Q839313,SK Dynamo České Budějovice,2.0,2002-01-01T00:00:00Z,2003-01-01T00:00:00Z
http://www.wikidata.org/entity/Q1904444,http://www.wikidata.org/entity/Q194393,SK Slavia Prague,102.0,2003-01-01T00:00:00Z,2008-01-01T00:00:00Z
http://www.wikidata.org/entity/Q1904444,http://www.wikidata.org/entity/Q1464421,équipe de Tchéquie espoirs de football,25.0,2004-01-01T00:00:00Z,2007-01-01T00:00:00Z
http://www.wikidata.org/entity/Q1904444,http://www.wikidata.org/entity/Q194393,SK Slavia Prague,,2014-01-01T00:00:00Z,
http://www.wikidata.org/entity/Q1904444,http://www.wikidata.org/entity/Q483868,équipe de Tchéquie de football,,2012-01-01T00:00:00Z,
http://www.wikidata.org/entity/Q1904444,http://www.wikidata.org/entity/Q194393,SK Slavia Prague,33.0,2011-01-01T00:00:00Z,2013-01-01T00:00:00Z
http://www.wikidata.org/entity/Q1907596,http://www.wikidata.org/entity/Q620499,Tokyo Verdy,79.0,2004-01-01T00:00:00Z,2008-01-01T00:00:00Z
http://www.wikidata.org/entity/Q1907596,http://www.wikidata.org/entity/Q1784644,Kickers de Richmond,39.0,2011-01-01T00:00:00Z,2012-01-01T00:00:00Z
http://www.wikidata.org/entity/Q1907596,http://www.wikidata.org/entity/Q75684,Sporting Clube de Braga,8.0,2002-01-01T00:00:00Z,2003-01-01T00:00:00Z
http://www.wikidata.org/entity/Q1907596,http://www.wikidata.org/entity/Q855809,Cerezo Osaka,15.0,2005-01-01T00:00:00Z,2005-01-01T00:00:00Z
http://www.wikidata.org/entity/Q1907596,http://www.wikidata.org/entity/Q170566,équipe du Japon de football,2.0,2001-01-01T00:00:00Z,2001-01-01T00:00:00Z
http://www.wikidata.org/entity/Q1907596,http://www.wikidata.org/entity/Q3658577,équipe du Japon de football des moins de 20 ans,4.0,1997-01-01T00:00:00Z,1997-01-01T00:00:00Z
http://www.wikidata.org/entity/Q1907596,http://www.wikidata.org/entity/Q914086,Cerro Porteño,29.0,2001-01-01T00:00:00Z,2001-01-01T00:00:00Z
http://www.wikidata.org/entity/Q1907596,http://www.wikidata.org/entity/Q19513,Montpellier Hérault SC,7.0,2003-01-01T00:00:00Z,2004-01-01T00:00:00Z
http://www.wikidata.org/entity/Q1907596,http://www.wikidata.org/entity/Q1069071,Thespa Kusatsu,73.0,2009-01-01T00:00:00Z,2010-01-01T00:00:00Z
http://www.wikidata.org/entity/Q1907596,http://www.wikidata.org/entity/Q219098,Sport Club do Recife,0.0,2002-01-01T00:00:00Z,2002-01-01T00:00:00Z
http://www.wikidata.org/entity/Q1907596,http://www.wikidata.org/entity/Q646204,JEF United Ichihara Chiba,120.0,1996-01-01T00:00:00Z,2000-01-01T00:00:00Z
http://www.wikidata.org/entity/Q1751585,http://www.wikidata.org/entity/Q19512,Football Club Sochaux-Montbéliard,0.0,2000-01-01T00:00:00Z,2002-01-01T00:00:00Z
http://www.wikidata.org/entity/Q1751585,http://www.wikidata.org/entity/Q870173,Vannes Olympique Club,42.0,2010-01-01T00:00:00Z,2012-01-01T00:00:00Z
http://www.wikidata.org/entity/Q1751585,http://www.wikidata.org/entity/Q24680,FC Utrecht,82.0,2007-01-01T00:00:00Z,2010-01-01T00:00:00Z
http://www.wikidata.org/entity/Q1751585,http://www.wikidata.org/entity/Q364698,Cercle Bruges KSV,2.0,2003-01-01T00:00:00Z,2003-01-01T00:00:00Z
http://www.wikidata.org/entity/Q1753120,http://www.wikidata.org/entity/Q1277549,équipe de France espoirs de football,1.0,2013-01-01T00:00:00Z,2013-01-01T00:00:00Z
http://www.wikidata.org/entity/Q1753120,http://www.wikidata.org/entity/Q19446,Blackburn Rovers FC,0.0,2014-01-01T00:00:00Z,2014-01-01T00:00:00Z
http://www.wikidata.org/entity/Q1753120,http://www.wikidata.org/entity/Q19513,Montpellier Hérault SC,21.0,2012-01-01T00:00:00Z,2014-01-01T00:00:00Z
http://www.wikidata.org/entity/Q1753120,http://www.wikidata.org/entity/Q3590033,équipe de France de football des moins de 16 ans,,2008-01-01T00:00:00Z,2008-01-01T00:00:00Z
http://www.wikidata.org/entity/Q1753120,http://www.wikidata.org/entity/Q19513,Montpellier Hérault SC,,2010-01-01T00:00:00Z,
http://www.wikidata.org/entity/Q1754991,http://www.wikidata.org/entity/Q2442864,équipe d'Uruguay de football des moins de 20 ans,11.0,2009-01-01T00:00:00Z,2009-01-01T00:00:00Z
http://www.wikidata.org/entity/Q1754991,http://www.wikidata.org/entity/Q584316,Danubio Fútbol Club,19.0,2009-01-01T00:00:00Z,2010-01-01T00:00:00Z
http://www.wikidata.org/entity/Q1754991,http://www.wikidata.org/entity/Q11979,Unión Deportiva Las Palmas,23.0,2014-01-01T00:00:00Z,2015-01-01T00:00:00Z
http://www.wikidata.org/entity/Q1754991,http://www.wikidata.org/entity/Q16320,Club Atlético Peñarol,11.0,2012-01-01T00:00:00Z,2012-01-01T00:00:00Z
http://www.wikidata.org/entity/Q1754991,http://www.wikidata.org/entity/Q10407,UD Almería,45.0,2010-01-01T00:00:00Z,2014-01-01T00:00:00Z
http://www.wikidata.org/entity/Q1754991,http://www.wikidata.org/entity/Q10319,Real Valladolid,,2015-01-01T00:00:00Z,
http://www.wikidata.org/entity/Q1755852,http://www.wikidata.org/entity/Q270051,Athletic club ajaccien,18.0,2003-01-01T00:00:00Z,2007-01-01T00:00:00Z
http://www.wikidata.org/entity/Q1755852,http://www.wikidata.org/entity/Q591230,CS Constantine,3.0,2012-01-01T00:00:00Z,2012-01-01T00:00:00Z
http://www.wikidata.org/entity/Q1755852,http://www.wikidata.org/entity/Q508322,FC Gueugnon,30.0,2005-01-01T00:00:00Z,2006-01-01T00:00:00Z
http://www.wikidata.org/entity/Q1755852,http://www.wikidata.org/entity/Q660003,NA Hussein Dey,,1997-01-01T00:00:00Z,2003-01-01T00:00:00Z
http://www.wikidata.org/entity/Q1755852,http://www.wikidata.org/entity/Q2186767,Mouloudia olympique de Constantine,3.0,2012-01-01T00:00:00Z,2012-01-01T00:00:00Z
http://www.wikidata.org/entity/Q1755852,http://www.wikidata.org/entity/Q862218,JS Kabylie,22.0,2011-01-01T00:00:00Z,2012-01-01T00:00:00Z
http://www.wikidata.org/entity/Q1755852,http://www.wikidata.org/entity/Q574298,Mouloudia Club Oranais,2.0,2013-01-01T00:00:00Z,2013-01-01T00:00:00Z
http://www.wikidata.org/entity/Q1755852,http://www.wikidata.org/entity/Q508322,FC Gueugnon,23.0,2007-01-01T00:00:00Z,2008-01-01T00:00:00Z
http://www.wikidata.org/entity/Q1755852,http://www.wikidata.org/entity/Q192597,Hibernian F.C.,7.0,2008-01-01T00:00:00Z,2008-01-01T00:00:00Z
http://www.wikidata.org/entity/Q1755852,http://www.wikidata.org/entity/Q660003,NA Hussein Dey,21.0,1997-01-01T00:00:00Z,2003-01-01T00:00:00Z
http://www.wikidata.org/entity/Q1755852,http://www.wikidata.org/entity/Q11886212,PK-35 Vantaa,,2013-01-01T00:00:00Z,
http://www.wikidata.org/entity/Q1755852,http://www.wikidata.org/entity/Q181903,équipe d'Algérie de football,22.0,2003-01-01T00:00:00Z,2009-01-01T00:00:00Z
http://www.wikidata.org/entity/Q1755852,http://www.wikidata.org/entity/Q508322,FC Gueugnon,,2007-01-01T00:00:00Z,2007-01-01T00:00:00Z
http://www.wikidata.org/entity/Q1755852,http://www.wikidata.org/entity/Q730809,Nîmes Olympique,86.0,2008-01-01T00:00:00Z,2011-01-01T00:00:00Z
http://www.wikidata.org/entity/Q1756634,http://www.wikidata.org/entity/Q141882,FC Erzgebirge Aue,12.0,1993-01-01T00:00:00Z,1997-01-01T00:00:00Z
http://www.wikidata.org/entity/Q1756634,http://www.wikidata.org/entity/Q105853,Karlsruher SC,24.0,1999-01-01T00:00:00Z,2000-01-01T00:00:00Z
http://www.wikidata.org/entity/Q1756634,http://www.wikidata.org/entity/Q6463,FC Sankt Pauli,22.0,2001-01-01T00:00:00Z,2003-01-01T00:00:00Z
http://www.wikidata.org/entity/Q1756634,http://www.wikidata.org/entity/Q33748,Hanovre 96,22.0,2000-01-01T00:00:00Z,2001-01-01T00:00:00Z
http://www.wikidata.org/entity/Q1756634,http://www.wikidata.org/entity/Q3437570,Rochefort Football Club,,1992-01-01T00:00:00Z,1993-01-01T00:00:00Z
http://www.wikidata.org/entity/Q1756634,http://www.wikidata.org/entity/Q107818,FC Energie Cottbus,59.0,1997-01-01T00:00:00Z,1999-01-01T00:00:00Z
http://www.wikidata.org/entity/Q1756634,http://www.wikidata.org/entity/Q239535,équipe du Bénin de football,14.0,1996-01-01T00:00:00Z,2003-01-01T00:00:00Z
http://www.wikidata.org/entity/Q1756634,http://www.wikidata.org/entity/Q2742382,AS Dragons FC de l'Ouémé,,1990-01-01T00:00:00Z,1992-01-01T00:00:00Z
http://www.wikidata.org/entity/Q1757821,http://www.wikidata.org/entity/Q5452339,First Bank F.C.,24.0,2007-01-01T00:00:00Z,2008-01-01T00:00:00Z
http://www.wikidata.org/entity/Q1757821,http://www.wikidata.org/entity/Q557612,FK Akzhayik Oural,42.0,2016-07-01T00:00:00Z,2018-08-01T00:00:00Z
http://www.wikidata.org/entity/Q1757821,http://www.wikidata.org/entity/Q733451,FK Atyraou,47.0,2014-01-01T00:00:00Z,2015-01-01T00:00:00Z
http://www.wikidata.org/entity/Q1757821,http://www.wikidata.org/entity/Q1387710,FC Südtirol,11.0,2011-01-01T00:00:00Z,2011-01-01T00:00:00Z
http://www.wikidata.org/entity/Q1757821,http://www.wikidata.org/entity/Q196160,Royale Union Saint-Gilloise,11.0,2008-01-01T00:00:00Z,2010-01-01T00:00:00Z
http://www.wikidata.org/entity/Q1757821,http://www.wikidata.org/entity/Q44295,Arsenal Kiev,26.0,2011-01-01T00:00:00Z,2013-01-01T00:00:00Z
http://www.wikidata.org/entity/Q1757821,http://www.wikidata.org/entity/Q1024463,CS Concordia Chiajna,14.0,2016-01-01T00:00:00Z,2016-07-01T00:00:00Z
http://www.wikidata.org/entity/Q1757821,http://www.wikidata.org/entity/Q175687,FK Dnipro,9.0,2012-01-01T00:00:00Z,2012-01-01T00:00:00Z
http://www.wikidata.org/entity/Q1757821,http://www.wikidata.org/entity/Q2756,Sienne FC,5.0,2010-01-01T00:00:00Z,2011-01-01T00:00:00Z
http://www.wikidata.org/entity/Q1757821,http://www.wikidata.org/entity/Q2304796,Mağusa Türk Gücü S.K.,,2018-08-01T00:00:00Z,
http://www.wikidata.org/entity/Q1757821,http://www.wikidata.org/entity/Q181930,équipe du Nigéria de football,,2011-01-01T00:00:00Z,
http://www.wikidata.org/entity/Q1757821,http://www.wikidata.org/entity/Q2756,Sienne FC,4.0,2009-01-01T00:00:00Z,2010-01-01T00:00:00Z
http://www.wikidata.org/entity/Q1761058,http://www.wikidata.org/entity/Q464336,SV Eintracht Nordhorn,21.0,2004-01-01T00:00:00Z,2005-01-01T00:00:00Z
http://www.wikidata.org/entity/Q1761058,http://www.wikidata.org/entity/Q479269,SC Wiedenbrück,30.0,2014-01-01T00:00:00Z,2016-01-01T00:00:00Z
http://www.wikidata.org/entity/Q1761058,http://www.wikidata.org/entity/Q33748,Hanovre 96,91.0,2000-01-01T00:00:00Z,2004-01-01T00:00:00Z
http://www.wikidata.org/entity/Q1761058,http://www.wikidata.org/entity/Q666067,Sportfreunde Lotte,69.0,2012-01-01T00:00:00Z,2014-01-01T00:00:00Z
http://www.wikidata.org/entity/Q1761058,http://www.wikidata.org/entity/Q537325,BV Cloppenburg,,2016-01-01T00:00:00Z,
http://www.wikidata.org/entity/Q1761058,http://www.wikidata.org/entity/Q160530,VfL Osnabrück,48.0,2009-01-01T00:00:00Z,2012-01-01T00:00:00Z
http://www.wikidata.org/entity/Q1761058,http://www.wikidata.org/entity/Q153539,SpVgg Greuther Fürth,48.0,2007-01-01T00:00:00Z,2009-01-01T00:00:00Z
http://www.wikidata.org/entity/Q1761058,http://www.wikidata.org/entity/Q155730,1. FC Magdebourg,38.0,2005-01-01T00:00:00Z,2007-01-01T00:00:00Z
http://www.wikidata.org/entity/Q1770340,http://www.wikidata.org/entity/Q8416,Novara Calcio,64.0,2009-01-01T00:00:00Z,2011-01-01T00:00:00Z
http://www.wikidata.org/entity/Q1770340,http://www.wikidata.org/entity/Q276533,Racing Club de Avellaneda,4.0,2005-01-01T00:00:00Z,2008-01-01T00:00:00Z
http://www.wikidata.org/entity/Q1770340,http://www.wikidata.org/entity/Q2756,Sienne FC,16.0,2011-01-01T00:00:00Z,2012-01-01T00:00:00Z
http://www.wikidata.org/entity/Q1770340,http://www.wikidata.org/entity/Q2674,Palermo F.C.,0.0,2011-01-01T00:00:00Z,2012-01-01T00:00:00Z
http://www.wikidata.org/entity/Q1770340,http://www.wikidata.org/entity/Q5612261,Grupo Universitario de Tandil,28.0,2008-01-01T00:00:00Z,2009-01-01T00:00:00Z
http://www.wikidata.org/entity/Q1770340,http://www.wikidata.org/entity/Q8416,Novara Calcio,,2012-01-01T00:00:00Z,
http://www.wikidata.org/entity/Q1770340,http://www.wikidata.org/entity/Q368675,FC Locarno,14.0,2007-01-01T00:00:00Z,2008-01-01T00:00:00Z
http://www.wikidata.org/entity/Q1773598,http://www.wikidata.org/entity/Q8408,Modène Football Club,32.0,2012-01-01T00:00:00Z,2013-01-01T00:00:00Z
http://www.wikidata.org/entity/Q1773598,http://www.wikidata.org/entity/Q2674,Palermo F.C.,7.0,2011-01-01T00:00:00Z,2011-01-01T00:00:00Z
http://www.wikidata.org/entity/Q1773598,http://www.wikidata.org/entity/Q210530,NK Maribor,30.0,2010-01-01T00:00:00Z,2010-01-01T00:00:00Z
http://www.wikidata.org/entity/Q1773598,http://www.wikidata.org/entity/Q691752,NK Drava,54.0,2008-01-01T00:00:00Z,2009-01-01T00:00:00Z
http://www.wikidata.org/entity/Q1773598,http://www.wikidata.org/entity/Q172221,équipe de Slovénie de football,,2011-01-01T00:00:00Z,
http://www.wikidata.org/entity/Q1773598,http://www.wikidata.org/entity/Q6630,Ascoli Calcio 1898 FC,22.0,2011-01-01T00:00:00Z,2012-01-01T00:00:00Z
http://www.wikidata.org/entity/Q1773598,http://www.wikidata.org/entity/Q44308,NK Triglav Kranj,69.0,2004-01-01T00:00:00Z,2008-01-01T00:00:00Z
http://www.wikidata.org/entity/Q1773764,http://www.wikidata.org/entity/Q48951,Southend United FC,45.0,2006-01-01T00:00:00Z,2007-01-01T00:00:00Z
http://www.wikidata.org/entity/Q1773764,http://www.wikidata.org/entity/Q19578,Colchester United FC,4.0,2006-01-01T00:00:00Z,2006-01-01T00:00:00Z
http://www.wikidata.org/entity/Q1773764,http://www.wikidata.org/entity/Q235399,équipe de Jamaïque de football,22.0,2003-01-01T00:00:00Z,2009-01-01T00:00:00Z
http://www.wikidata.org/entity/Q1773764,http://www.wikidata.org/entity/Q19456,Bristol City Football Club,62.0,2010-01-01T00:00:00Z,2012-01-01T00:00:00Z
http://www.wikidata.org/entity/Q1773764,http://www.wikidata.org/entity/Q19598,Notts County FC,73.0,2012-01-01T00:00:00Z,2014-01-01T00:00:00Z
http://www.wikidata.org/entity/Q1773764,http://www.wikidata.org/entity/Q48950,Rotherham United FC,31.0,2004-01-01T00:00:00Z,2006-01-01T00:00:00Z
http://www.wikidata.org/entity/Q1773764,http://www.wikidata.org/entity/Q48935,Chesterfield Football Club,14.0,2004-01-01T00:00:00Z,2004-01-01T00:00:00Z
http://www.wikidata.org/entity/Q1773764,http://www.wikidata.org/entity/Q48951,Southend United FC,13.0,2005-01-01T00:00:00Z,2006-01-01T00:00:00Z
http://www.wikidata.org/entity/Q1773764,http://www.wikidata.org/entity/Q48935,Chesterfield Football Club,,2016-01-01T00:00:00Z,
http://www.wikidata.org/entity/Q1773764,http://www.wikidata.org/entity/Q19607,Sheffield United FC,,2014-01-01T00:00:00Z,
http://www.wikidata.org/entity/Q1773764,http://www.wikidata.org/entity/Q19482,Wimbledon Football Club,4.0,2004-01-01T00:00:00Z,2004-01-01T00:00:00Z
http://www.wikidata.org/entity/Q1773764,http://www.wikidata.org/entity/Q19462,Charlton Athletic FC,3.0,2001-01-01T00:00:00Z,2004-01-01T00:00:00Z
http://www.wikidata.org/entity/Q1773764,http://www.wikidata.org/entity/Q19598,Notts County FC,4.0,2015-01-01T00:00:00Z,2015-01-01T00:00:00Z
http://www.wikidata.org/entity/Q1773764,http://www.wikidata.org/entity/Q19595,Leyton Orient FC,17.0,2002-01-01T00:00:00Z,2002-01-01T00:00:00Z
http://www.wikidata.org/entity/Q1773764,http://www.wikidata.org/entity/Q19442,Barnsley Football Club,90.0,2007-01-01T00:00:00Z,2010-01-01T00:00:00Z
http://www.wikidata.org/entity/Q1773764,http://www.wikidata.org/entity/Q19595,Leyton Orient FC,8.0,2012-01-01T00:00:00Z,2012-01-01T00:00:00Z
http://www.wikidata.org/entity/Q1776080,http://www.wikidata.org/entity/Q270181,équipe de Gambie de football,4.0,2008-01-01T00:00:00Z,2008-01-01T00:00:00Z
http://www.wikidata.org/entity/Q1776080,http://www.wikidata.org/entity/Q18721,Norwich City FC,5.0,2008-01-01T00:00:00Z,2009-01-01T00:00:00Z
http://www.wikidata.org/entity/Q1776080,http://www.wikidata.org/entity/Q19604,Portsmouth FC,0.0,2008-01-01T00:00:00Z,2010-01-01T00:00:00Z
http://www.wikidata.org/entity/Q1776080,http://www.wikidata.org/entity/Q5313546,Dulwich Hamlet F.C.,7.0,2014-01-01T00:00:00Z,2015-01-01T00:00:00Z
http://www.wikidata.org/entity/Q1776080,http://www.wikidata.org/entity/Q1560160,Hawks Football Club,,2007-01-01T00:00:00Z,2008-01-01T00:00:00Z
http://www.wikidata.org/entity/Q1776080,http://www.wikidata.org/entity/Q335750,Þróttur Reykjavik,18.0,2015-01-01T00:00:00Z,2016-01-01T00:00:00Z
http://www.wikidata.org/entity/Q1776080,http://www.wikidata.org/entity/Q18512,Forest Green Rovers Football Club,23.0,2012-01-01T00:00:00Z,2014-01-01T00:00:00Z
http://www.wikidata.org/entity/Q1776080,http://www.wikidata.org/entity/Q630939,Kyzyljar Petropavl,,2016-01-01T00:00:00Z,
http://www.wikidata.org/entity/Q1776347,http://www.wikidata.org/entity/Q818698,FK Velež Mostar,0.0,2007-01-01T00:00:00Z,2008-01-01T00:00:00Z
http://www.wikidata.org/entity/Q1776347,http://www.wikidata.org/entity/Q18232,La Gantoise,34.0,2013-01-01T00:00:00Z,2015-01-01T00:00:00Z
http://www.wikidata.org/entity/Q1776347,http://www.wikidata.org/entity/Q696507,SC Austria Lustenau,20.0,2006-01-01T00:00:00Z,2007-01-01T00:00:00Z
http://www.wikidata.org/entity/Q1776347,http://www.wikidata.org/entity/Q2739,AS Rome,,2016-01-01T00:00:00Z,
http://www.wikidata.org/entity/Q1776347,http://www.wikidata.org/entity/Q181190,équipe de Bosnie-Herzégovine de football,,2012-01-01T00:00:00Z,
http://www.wikidata.org/entity/Q1776347,http://www.wikidata.org/entity/Q1423718,KAS Eupen,36.0,2010-01-01T00:00:00Z,2011-01-01T00:00:00Z
http://www.wikidata.org/entity/Q1776347,http://www.wikidata.org/entity/Q1065328,FCV Dender EH,53.0,2009-01-01T00:00:00Z,2010-01-01T00:00:00Z
http://www.wikidata.org/entity/Q1776347,http://www.wikidata.org/entity/Q618620,KV Courtrai,56.0,2011-01-01T00:00:00Z,2013-01-01T00:00:00Z
http://www.wikidata.org/entity/Q1776347,http://www.wikidata.org/entity/Q2037,Associazione Calcio ChievoVerona,29.0,2014-01-01T00:00:00Z,2015-01-01T00:00:00Z
http://www.wikidata.org/entity/Q1776347,http://www.wikidata.org/entity/Q1457,UC Sampdoria,16.0,2015-01-01T00:00:00Z,2016-01-01T00:00:00Z
http://www.wikidata.org/entity/Q1776347,http://www.wikidata.org/entity/Q219929,FK Željezničar Sarajevo,7.0,2005-01-01T00:00:00Z,2006-01-01T00:00:00Z
http://www.wikidata.org/entity/Q1776347,http://www.wikidata.org/entity/Q157464,KFC Uerdingen 05,9.0,2008-01-01T00:00:00Z,2008-01-01T00:00:00Z
http://www.wikidata.org/entity/Q1779180,http://www.wikidata.org/entity/Q324854,équipe d'Allemagne de football des moins de 19 ans,6.0,2006-01-01T00:00:00Z,2006-01-01T00:00:00Z
http://www.wikidata.org/entity/Q1779180,http://www.wikidata.org/entity/Q154053,Eintracht Brunswick,169.0,2009-01-01T00:00:00Z,2015-01-01T00:00:00Z
http://www.wikidata.org/entity/Q1779180,http://www.wikidata.org/entity/Q14118284,Eintracht Frankfurt II,43.0,2007-01-01T00:00:00Z,2009-01-01T00:00:00Z
http://www.wikidata.org/entity/Q1779180,http://www.wikidata.org/entity/Q4107588,SV Werder Bremen II,52.0,2006-01-01T00:00:00Z,2008-01-01T00:00:00Z
http://www.wikidata.org/entity/Q1779180,http://www.wikidata.org/entity/Q162251,1. FC Heidenheim 1846,,2015-01-01T00:00:00Z,
http://www.wikidata.org/entity/Q1779180,http://www.wikidata.org/entity/Q16559523,Eintracht Braunschweig II,1.0,2010-01-01T00:00:00Z,2010-01-01T00:00:00Z
http://www.wikidata.org/entity/Q1780489,http://www.wikidata.org/entity/Q19607,Sheffield United FC,33.0,2003-01-01T00:00:00Z,2005-01-01T00:00:00Z
http://www.wikidata.org/entity/Q1780489,http://www.wikidata.org/entity/Q18721,Norwich City FC,53.0,1994-01-01T00:00:00Z,1996-01-01T00:00:00Z
http://www.wikidata.org/entity/Q1780489,http://www.wikidata.org/entity/Q48879,Bradford City Association Football Club,84.0,2000-01-01T00:00:00Z,2003-01-01T00:00:00Z
http://www.wikidata.org/entity/Q1780489,http://www.wikidata.org/entity/Q19470,Derby County FC,40.0,1996-01-01T00:00:00Z,1997-01-01T00:00:00Z
http://www.wikidata.org/entity/Q1780489,http://www.wikidata.org/entity/Q19446,Blackburn Rovers FC,54.0,1998-01-01T00:00:00Z,2000-01-01T00:00:00Z
http://www.wikidata.org/entity/Q1780489,http://www.wikidata.org/entity/Q19481,Leicester City FC,10.0,1991-01-01T00:00:00Z,1992-01-01T00:00:00Z
http://www.wikidata.org/entity/Q1780489,http://www.wikidata.org/entity/Q19587,Crewe Alexandra FC,61.0,1992-01-01T00:00:00Z,1994-01-01T00:00:00Z
http://www.wikidata.org/entity/Q1780489,http://www.wikidata.org/entity/Q50602,Manchester City FC,1.0,1989-01-01T00:00:00Z,1991-01-01T00:00:00Z
http://www.wikidata.org/entity/Q1780489,http://www.wikidata.org/entity/Q19442,Barnsley Football Club,46.0,1997-01-01T00:00:00Z,1998-01-01T00:00:00Z
http://www.wikidata.org/entity/Q1780489,http://www.wikidata.org/entity/Q18529,Wrexham FC,4.0,1991-01-01T00:00:00Z,1991-01-01T00:00:00Z
http://www.wikidata.org/entity/Q1780489,http://www.wikidata.org/entity/Q19449,Blackpool FC,2.0,1992-01-01T00:00:00Z,1992-01-01T00:00:00Z
http://www.wikidata.org/entity/Q1782830,http://www.wikidata.org/entity/Q188656,Partizan Belgrade,15.0,2013-01-01T00:00:00Z,2015-01-01T00:00:00Z
http://www.wikidata.org/entity/Q1782830,http://www.wikidata.org/entity/Q188656,Partizan Belgrade,,2016-01-01T00:00:00Z,
http://www.wikidata.org/entity/Q1782830,http://www.wikidata.org/entity/Q1192574,Qingdao Jonoon,25.0,2015-01-01T00:00:00Z,2015-01-01T00:00:00Z
http://www.wikidata.org/entity/Q1782830,http://www.wikidata.org/entity/Q218033,Zob Ahan Football Club,14.0,2012-01-01T00:00:00Z,2013-01-01T00:00:00Z
http://www.wikidata.org/entity/Q1782830,http://www.wikidata.org/entity/Q3076534,Football Club Saint-Lô Manche,,2009-01-01T00:00:00Z,2010-01-01T00:00:00Z
http://www.wikidata.org/entity/Q1782830,http://www.wikidata.org/entity/Q852266,ASEC Mimosas,,2005-01-01T00:00:00Z,2006-01-01T00:00:00Z
http://www.wikidata.org/entity/Q1782830,http://www.wikidata.org/entity/Q298279,AS Cherbourg Football,1.0,2008-01-01T00:00:00Z,2009-01-01T00:00:00Z
http://www.wikidata.org/entity/Q1782830,http://www.wikidata.org/entity/Q666827,Shirak FC,31.0,2012-01-01T00:00:00Z,2013-01-01T00:00:00Z
http://www.wikidata.org/entity/Q1782830,http://www.wikidata.org/entity/Q3141789,Séwé Sport de San-Pédro,,2010-01-01T00:00:00Z,2011-01-01T00:00:00Z
http://www.wikidata.org/entity/Q1782830,http://www.wikidata.org/entity/Q216131,Fredrikstad FK,24.0,2007-01-01T00:00:00Z,2008-01-01T00:00:00Z
http://www.wikidata.org/entity/Q1782830,http://www.wikidata.org/entity/Q19462,Charlton Athletic FC,0.0,2006-01-01T00:00:00Z,2010-01-01T00:00:00Z
http://www.wikidata.org/entity/Q1784486,http://www.wikidata.org/entity/Q815890,Wellington Phoenix Football Club,43.0,2007-01-01T00:00:00Z,2010-01-01T00:00:00Z
http://www.wikidata.org/entity/Q1784486,http://www.wikidata.org/entity/Q5438751,Fawkner Blues,8.0,2004-01-01T00:00:00Z,2004-01-01T00:00:00Z
http://www.wikidata.org/entity/Q1784486,http://www.wikidata.org/entity/Q7330983,Richmond SC,45.0,2010-01-01T00:00:00Z,2012-01-01T00:00:00Z
http://www.wikidata.org/entity/Q1784486,http://www.wikidata.org/entity/Q7141843,Pascoe Vale SC,,2012-01-01T00:00:00Z,
http://www.wikidata.org/entity/Q1784486,http://www.wikidata.org/entity/Q652516,Bénévent Calcio,9.0,2002-01-01T00:00:00Z,2004-01-01T00:00:00Z
http://www.wikidata.org/entity/Q1784486,http://www.wikidata.org/entity/Q3589754,équipe d'Australie de football des moins de 17 ans,3.0,1997-01-01T00:00:00Z,1997-01-01T00:00:00Z
http://www.wikidata.org/entity/Q1784486,http://www.wikidata.org/entity/Q18747,West Ham United FC,0.0,1998-01-01T00:00:00Z,2001-01-01T00:00:00Z
http://www.wikidata.org/entity/Q1784486,http://www.wikidata.org/entity/Q316789,Melbourne Victory Football Club,26.0,2005-01-01T00:00:00Z,2007-01-01T00:00:00Z
http://www.wikidata.org/entity/Q1784486,http://www.wikidata.org/entity/Q3873546,équipe d'Australie de football des moins de 20 ans,10.0,1999-01-01T00:00:00Z,2001-01-01T00:00:00Z
http://www.wikidata.org/entity/Q1789150,http://www.wikidata.org/entity/Q16320,Club Atlético Peñarol,,1988-01-01T00:00:00Z,1990-01-01T00:00:00Z
http://www.wikidata.org/entity/Q1789150,http://www.wikidata.org/entity/Q844238,Defensor Sporting Club,,1991-01-01T00:00:00Z,1993-01-01T00:00:00Z
http://www.wikidata.org/entity/Q1789150,http://www.wikidata.org/entity/Q872702,Montevideo Wanderers,8.0,1994-01-01T00:00:00Z,1995-01-01T00:00:00Z
http://www.wikidata.org/entity/Q1789150,http://www.wikidata.org/entity/Q19523,AS Nancy-Lorraine,119.0,1995-01-01T00:00:00Z,2000-01-01T00:00:00Z
http://www.wikidata.org/entity/Q1789150,http://www.wikidata.org/entity/Q218282,CA San Lorenzo,3.0,1993-01-01T00:00:00Z,1994-01-01T00:00:00Z
http://www.wikidata.org/entity/Q1789150,http://www.wikidata.org/entity/Q499616,Club Nacional,,1983-01-01T00:00:00Z,1986-01-01T00:00:00Z
http://www.wikidata.org/entity/Q1789150,http://www.wikidata.org/entity/Q1022933,Club Atlético Rentistas,,1990-01-01T00:00:00Z,1991-01-01T00:00:00Z
http://www.wikidata.org/entity/Q1789150,http://www.wikidata.org/entity/Q1022933,Club Atlético Rentistas,,1986-01-01T00:00:00Z,1988-01-01T00:00:00Z
http://www.wikidata.org/entity/Q1790131,http://www.wikidata.org/entity/Q19498,Sheffield Wednesday FC,6.0,2001-01-01T00:00:00Z,2001-01-01T00:00:00Z
http://www.wikidata.org/entity/Q1790131,http://www.wikidata.org/entity/Q19451,Bolton Wanderers FC,5.0,1996-01-01T00:00:00Z,1996-01-01T00:00:00Z
http://www.wikidata.org/entity/Q1790131,http://www.wikidata.org/entity/Q19451,Bolton Wanderers FC,5.0,1986-01-01T00:00:00Z,1986-01-01T00:00:00Z
http://www.wikidata.org/entity/Q1790131,http://www.wikidata.org/entity/Q19442,Barnsley Football Club,10.0,2000-01-01T00:00:00Z,2001-01-01T00:00:00Z
http://www.wikidata.org/entity/Q1790131,http://www.wikidata.org/entity/Q18661,Middlesbrough FC,249.0,1985-01-01T00:00:00Z,1992-01-01T00:00:00Z
http://www.wikidata.org/entity/Q1790131,http://www.wikidata.org/entity/Q19446,Blackburn Rovers FC,188.0,1992-01-01T00:00:00Z,1998-01-01T00:00:00Z
http://www.wikidata.org/entity/Q1790131,http://www.wikidata.org/entity/Q47762,équipe d'Angleterre de football,2.0,1993-01-01T00:00:00Z,1997-01-01T00:00:00Z
http://www.wikidata.org/entity/Q1790131,http://www.wikidata.org/entity/Q204238,équipe d'Angleterre espoirs de football,8.0,1988-01-01T00:00:00Z,1989-01-01T00:00:00Z
http://www.wikidata.org/entity/Q1790131,http://www.wikidata.org/entity/Q18732,Southampton FC,53.0,1998-01-01T00:00:00Z,2002-01-01T00:00:00Z
http://www.wikidata.org/entity/Q1792177,http://www.wikidata.org/entity/Q50602,Manchester City FC,12.0,1989-01-01T00:00:00Z,1990-01-01T00:00:00Z
http://www.wikidata.org/entity/Q1792177,http://www.wikidata.org/entity/Q19442,Barnsley Football Club,212.0,1990-01-01T00:00:00Z,1995-01-01T00:00:00Z
http://www.wikidata.org/entity/Q1792177,http://www.wikidata.org/entity/Q18736,Stoke City FC,47.0,2004-01-01T00:00:00Z,2006-01-01T00:00:00Z
http://www.wikidata.org/entity/Q1792177,http://www.wikidata.org/entity/Q19451,Bolton Wanderers FC,69.0,1995-01-01T00:00:00Z,1998-01-01T00:00:00Z
http://www.wikidata.org/entity/Q1792177,http://www.wikidata.org/entity/Q190978,équipe d'Irlande du Nord de football,51.0,1990-01-01T00:00:00Z,2002-01-01T00:00:00Z
http://www.wikidata.org/entity/Q1792177,http://www.wikidata.org/entity/Q18527,Tamworth Football Club,2.0,2007-01-01T00:00:00Z,2007-01-01T00:00:00Z
http://www.wikidata.org/entity/Q1792177,http://www.wikidata.org/entity/Q18736,Stoke City FC,8.0,2003-01-01T00:00:00Z,2004-01-01T00:00:00Z
http://www.wikidata.org/entity/Q1792177,http://www.wikidata.org/entity/Q19481,Leicester City FC,117.0,1998-01-01T00:00:00Z,2004-01-01T00:00:00Z
http://www.wikidata.org/entity/Q1796351,http://www.wikidata.org/entity/Q303033,équipe d'Autriche espoirs de football,8.0,2012-01-01T00:00:00Z,2014-01-01T00:00:00Z
http://www.wikidata.org/entity/Q1796351,http://www.wikidata.org/entity/Q994811,Red Bull Salzbourg,,2015-01-01T00:00:00Z,2015-01-01T00:00:00Z
http://www.wikidata.org/entity/Q1796351,http://www.wikidata.org/entity/Q265570,SSV Jahn Ratisbonne,16.0,2012-01-01T00:00:00Z,2013-01-01T00:00:00Z
http://www.wikidata.org/entity/Q1796351,http://www.wikidata.org/entity/Q302954,équipe d'Autriche de football des moins de 18 ans,1.0,2009-01-01T00:00:00Z,2009-01-01T00:00:00Z
http://www.wikidata.org/entity/Q1796351,http://www.wikidata.org/entity/Q265570,SSV Jahn Ratisbonne,1.0,2012-01-01T00:00:00Z,2012-01-01T00:00:00Z
http://www.wikidata.org/entity/Q1796351,http://www.wikidata.org/entity/Q4825450,équipe d'Autriche de football des moins de 17 ans,5.0,2008-01-01T00:00:00Z,2008-01-01T00:00:00Z
http://www.wikidata.org/entity/Q1796351,http://www.wikidata.org/entity/Q4825450,équipe d'Autriche de football des moins de 17 ans,5.0,2008-01-01T00:00:00Z,2009-01-01T00:00:00Z
http://www.wikidata.org/entity/Q1796351,http://www.wikidata.org/entity/Q102720,Hertha BSC,11.0,2010-01-01T00:00:00Z,2013-01-01T00:00:00Z
http://www.wikidata.org/entity/Q1796351,http://www.wikidata.org/entity/Q920263,Hertha Berliner Sport-Club II,23.0,2010-01-01T00:00:00Z,2012-01-01T00:00:00Z
http://www.wikidata.org/entity/Q1796351,http://www.wikidata.org/entity/Q124007617,SK Sturm Graz,36.0,2013-01-01T00:00:00Z,2014-01-01T00:00:00Z
http://www.wikidata.org/entity/Q1796351,http://www.wikidata.org/entity/Q163534,équipe d'Autriche de football,,2015-01-01T00:00:00Z,
http://www.wikidata.org/entity/Q1796351,http://www.wikidata.org/entity/Q302977,équipe d'Autriche de football des moins de 19 ans,12.0,2009-01-01T00:00:00Z,2010-01-01T00:00:00Z
http://www.wikidata.org/entity/Q1796351,http://www.wikidata.org/entity/Q19571,Brentford FC,,2015-01-01T00:00:00Z,
http://www.wikidata.org/entity/Q1801372,http://www.wikidata.org/entity/Q219098,Sport Club do Recife,,1997-01-01T00:00:00Z,1998-01-01T00:00:00Z
http://www.wikidata.org/entity/Q1801372,http://www.wikidata.org/entity/Q35933,Corinthians Paulista,4.0,2000-01-01T00:00:00Z,2000-01-01T00:00:00Z
http://www.wikidata.org/entity/Q1801372,http://www.wikidata.org/entity/Q75729,Sporting Clube de Portugal,1.0,2005-01-01T00:00:00Z,2006-01-01T00:00:00Z
http://www.wikidata.org/entity/Q1801372,http://www.wikidata.org/entity/Q730219,Korona Kielce,,2009-01-01T00:00:00Z,2009-01-01T00:00:00Z
http://www.wikidata.org/entity/Q1801372,http://www.wikidata.org/entity/Q3458836,River Atlético Clube,,1997-01-01T00:00:00Z,1997-01-01T00:00:00Z
http://www.wikidata.org/entity/Q1908411,http://www.wikidata.org/entity/Q289707,AC Reggiana,,2008-01-01T00:00:00Z,2008-01-01T00:00:00Z
http://www.wikidata.org/entity/Q1908411,http://www.wikidata.org/entity/Q297680,Associazione Sportiva Giovanile Nocerina,12.0,2009-01-01T00:00:00Z,2010-01-01T00:00:00Z
http://www.wikidata.org/entity/Q1908411,http://www.wikidata.org/entity/Q29390,ACR Messine,2.0,2005-01-01T00:00:00Z,2007-01-01T00:00:00Z
http://www.wikidata.org/entity/Q1908411,http://www.wikidata.org/entity/Q501372,Unione Sportiva Catanzaro,12.0,2005-01-01T00:00:00Z,2006-01-01T00:00:00Z
http://www.wikidata.org/entity/Q1908411,http://www.wikidata.org/entity/Q6748,Società Sportiva Juve Stabia,13.0,2007-01-01T00:00:00Z,2008-01-01T00:00:00Z
http://www.wikidata.org/entity/Q1908411,http://www.wikidata.org/entity/Q3626875,G.S. Bagnolese,17.0,2001-01-01T00:00:00Z,2002-01-01T00:00:00Z
http://www.wikidata.org/entity/Q1908411,http://www.wikidata.org/entity/Q289707,AC Reggiana,30.0,2004-01-01T00:00:00Z,2005-01-01T00:00:00Z
http://www.wikidata.org/entity/Q1908411,http://www.wikidata.org/entity/Q944876,Calcio Lecco,0.0,2008-01-01T00:00:00Z,2008-01-01T00:00:00Z
http://www.wikidata.org/entity/Q1908411,http://www.wikidata.org/entity/Q3626875,G.S. Bagnolese,14.0,2010-01-01T00:00:00Z,2011-01-01T00:00:00Z
http://www.wikidata.org/entity/Q1908411,http://www.wikidata.org/entity/Q638882,Trento Calcio 1921,33.0,2002-01-01T00:00:00Z,2003-01-01T00:00:00Z
http://www.wikidata.org/entity/Q1908411,http://www.wikidata.org/entity/Q297680,Associazione Sportiva Giovanile Nocerina,32.0,2003-01-01T00:00:00Z,2004-01-01T00:00:00Z
http://www.wikidata.org/entity/Q1908411,http://www.wikidata.org/entity/Q2255709,Rovigo Calcio,15.0,2008-01-01T00:00:00Z,2009-01-01T00:00:00Z
http://www.wikidata.org/entity/Q1908466,http://www.wikidata.org/entity/Q316497,équipe d'Allemagne de football des moins de 20 ans,1.0,2008-01-01T00:00:00Z,2008-01-01T00:00:00Z
http://www.wikidata.org/entity/Q1908466,http://www.wikidata.org/entity/Q7671747,TSV 1860 München II,46.0,2009-01-01T00:00:00Z,2010-01-01T00:00:00Z
http://www.wikidata.org/entity/Q1908466,http://www.wikidata.org/entity/Q141931,SG Dynamo Dresde,15.0,2014-01-01T00:00:00Z,2015-01-01T00:00:00Z
http://www.wikidata.org/entity/Q1908466,http://www.wikidata.org/entity/Q141931,SG Dynamo Dresde,6.0,2015-01-01T00:00:00Z,2015-01-01T00:00:00Z
http://www.wikidata.org/entity/Q1908466,http://www.wikidata.org/entity/Q131603,TSV Munich 1860,2.0,2009-01-01T00:00:00Z,2009-01-01T00:00:00Z
http://www.wikidata.org/entity/Q1908466,http://www.wikidata.org/entity/Q5424829,FC Augsburg II,3.0,2013-01-01T00:00:00Z,2015-01-01T00:00:00Z
http://www.wikidata.org/entity/Q1908466,http://www.wikidata.org/entity/Q107818,FC Energie Cottbus,12.0,2014-01-01T00:00:00Z,2014-01-01T00:00:00Z
http://www.wikidata.org/entity/Q1908466,http://www.wikidata.org/entity/Q159936,Kickers Offenbach,36.0,2012-01-01T00:00:00Z,2013-01-01T00:00:00Z
http://www.wikidata.org/entity/Q1908466,http://www.wikidata.org/entity/Q324854,équipe d'Allemagne de football des moins de 19 ans,4.0,2006-01-01T00:00:00Z,2007-01-01T00:00:00Z
http://www.wikidata.org/entity/Q1908466,http://www.wikidata.org/entity/Q105853,Karlsruher SC,42.0,2007-01-01T00:00:00Z,2008-01-01T00:00:00Z
http://www.wikidata.org/entity/Q1908466,http://www.wikidata.org/entity/Q157828,SV Holstein Kiel,,2016-01-01T00:00:00Z,
http://www.wikidata.org/entity/Q1908466,http://www.wikidata.org/entity/Q15755,FC Augsbourg,1.0,2013-01-01T00:00:00Z,2015-01-01T00:00:00Z
http://www.wikidata.org/entity/Q1908466,http://www.wikidata.org/entity/Q316497,équipe d'Allemagne de football des moins de 20 ans,1.0,2007-01-01T00:00:00Z,2008-01-01T00:00:00Z
http://www.wikidata.org/entity/Q1908466,http://www.wikidata.org/entity/Q16559523,Eintracht Braunschweig II,2.0,2011-01-01T00:00:00Z,2012-01-01T00:00:00Z
http://www.wikidata.org/entity/Q1908466,http://www.wikidata.org/entity/Q131603,TSV Munich 1860,2.0,2009-01-01T00:00:00Z,2010-01-01T00:00:00Z
http://www.wikidata.org/entity/Q1908466,http://www.wikidata.org/entity/Q141931,SG Dynamo Dresde,,2015-01-01T00:00:00Z,2016-01-01T00:00:00Z
http://www.wikidata.org/entity/Q1908466,http://www.wikidata.org/entity/Q154053,Eintracht Brunswick,45.0,2010-01-01T00:00:00Z,2012-01-01T00:00:00Z
http://www.wikidata.org/entity/Q1909761,http://www.wikidata.org/entity/Q159930,BFC Dynamo,2.0,1988-01-01T00:00:00Z,1989-01-01T00:00:00Z
http://www.wikidata.org/entity/Q1909761,http://www.wikidata.org/entity/Q877997,SG Bergmann-Borsig,69.0,1989-01-01T00:00:00Z,1991-01-01T00:00:00Z
http://www.wikidata.org/entity/Q1909761,http://www.wikidata.org/entity/Q142005,FC Hansa Rostock,48.0,1994-01-01T00:00:00Z,1996-01-01T00:00:00Z
http://www.wikidata.org/entity/Q1909761,http://www.wikidata.org/entity/Q162317,1. FC Lokomotive Leipzig,17.0,2002-01-01T00:00:00Z,2003-01-01T00:00:00Z
http://www.wikidata.org/entity/Q1909761,http://www.wikidata.org/entity/Q896736,VfB Leipzig,17.0,2002-01-01T00:00:00Z,2003-01-01T00:00:00Z
http://www.wikidata.org/entity/Q1909761,http://www.wikidata.org/entity/Q105844,DSC Arminia Bielefeld,43.0,1996-01-01T00:00:00Z,1998-01-01T00:00:00Z
http://www.wikidata.org/entity/Q1909761,http://www.wikidata.org/entity/Q142005,FC Hansa Rostock,54.0,1998-01-01T00:00:00Z,2001-01-01T00:00:00Z
http://www.wikidata.org/entity/Q1909761,http://www.wikidata.org/entity/Q15755,FC Augsbourg,8.0,2003-01-01T00:00:00Z,2003-01-01T00:00:00Z
http://www.wikidata.org/entity/Q1909761,http://www.wikidata.org/entity/Q18711,Aston Villa FC,21.0,1991-01-01T00:00:00Z,1994-01-01T00:00:00Z
http://www.wikidata.org/entity/Q1909761,http://www.wikidata.org/entity/Q157463,1. FC Sarrebruck,4.0,2001-01-01T00:00:00Z,2002-01-01T00:00:00Z
http://www.wikidata.org/entity/Q1909970,http://www.wikidata.org/entity/Q154053,Eintracht Brunswick,109.0,2007-01-01T00:00:00Z,2015-01-01T00:00:00Z
http://www.wikidata.org/entity/Q1909970,http://www.wikidata.org/entity/Q16559523,Eintracht Braunschweig II,20.0,2007-01-01T00:00:00Z,2015-01-01T00:00:00Z
http://www.wikidata.org/entity/Q1909970,http://www.wikidata.org/entity/Q142005,FC Hansa Rostock,,2015-01-01T00:00:00Z,
http://www.wikidata.org/entity/Q1909970,http://www.wikidata.org/entity/Q8466,1. FC Kaiserslautern,2.0,2004-01-01T00:00:00Z,2007-01-01T00:00:00Z
http://www.wikidata.org/entity/Q1909970,http://www.wikidata.org/entity/Q16525407,1. FC Kaiserslautern II,36.0,2004-01-01T00:00:00Z,2007-01-01T00:00:00Z
http://www.wikidata.org/entity/Q1910422,http://www.wikidata.org/entity/Q994701,FC Bayern München II,21.0,2005-01-01T00:00:00Z,2006-01-01T00:00:00Z
http://www.wikidata.org/entity/Q1910422,http://www.wikidata.org/entity/Q994701,FC Bayern München II,58.0,1994-01-01T00:00:00Z,1996-01-01T00:00:00Z
http://www.wikidata.org/entity/Q1910422,http://www.wikidata.org/entity/Q15789,Bayern Munich,58.0,1994-01-01T00:00:00Z,1996-01-01T00:00:00Z
http://www.wikidata.org/entity/Q1910422,http://www.wikidata.org/entity/Q158121,SpVgg Unterhaching,240.0,1996-01-01T00:00:00Z,2005-01-01T00:00:00Z
http://www.wikidata.org/entity/Q1910422,http://www.wikidata.org/entity/Q161034,SV Wacker Burghausen,,1992-01-01T00:00:00Z,1994-01-01T00:00:00Z
http://www.wikidata.org/entity/Q1910910,http://www.wikidata.org/entity/Q170703,Boca Juniors,,2007-01-01T00:00:00Z,2007-01-01T00:00:00Z
http://www.wikidata.org/entity/Q1910910,http://www.wikidata.org/entity/Q499616,Club Nacional,42.0,2008-01-01T00:00:00Z,2009-01-01T00:00:00Z
http://www.wikidata.org/entity/Q1910910,http://www.wikidata.org/entity/Q392310,LASK,1.0,2007-01-01T00:00:00Z,2007-01-01T00:00:00Z
http://www.wikidata.org/entity/Q1910910,http://www.wikidata.org/entity/Q1457,UC Sampdoria,3.0,2013-01-01T00:00:00Z,2015-01-01T00:00:00Z
http://www.wikidata.org/entity/Q1910910,http://www.wikidata.org/entity/Q737753,CF Universidad de Chili,97.0,2010-01-01T00:00:00Z,2013-01-01T00:00:00Z
http://www.wikidata.org/entity/Q1910910,http://www.wikidata.org/entity/Q221695,Gremio Foot-Ball Porto Alegrense,10.0,2014-01-01T00:00:00Z,2015-01-01T00:00:00Z
http://www.wikidata.org/entity/Q1910910,http://www.wikidata.org/entity/Q392310,LASK,,2008-01-01T00:00:00Z,2008-01-01T00:00:00Z
http://www.wikidata.org/entity/Q1910910,http://www.wikidata.org/entity/Q248782,Barcelona Sporting Club,,2006-01-01T00:00:00Z,2006-01-01T00:00:00Z
http://www.wikidata.org/entity/Q1910910,http://www.wikidata.org/entity/Q170703,Boca Juniors,,2006-01-01T00:00:00Z,2006-01-01T00:00:00Z
http://www.wikidata.org/entity/Q1910910,http://www.wikidata.org/entity/Q737753,CF Universidad de Chili,,2015-01-01T00:00:00Z,
http://www.wikidata.org/entity/Q1910910,http://www.wikidata.org/entity/Q170703,Boca Juniors,,2007-01-01T00:00:00Z,2007-01-01T00:00:00Z
http://www.wikidata.org/entity/Q1910910,http://www.wikidata.org/entity/Q2476133,SD Aucas,11.0,2006-01-01T00:00:00Z,2006-01-01T00:00:00Z
http://www.wikidata.org/entity/Q1913594,http://www.wikidata.org/entity/Q4107588,SV Werder Bremen II,84.0,2011-01-01T00:00:00Z,2015-01-01T00:00:00Z
http://www.wikidata.org/entity/Q1913594,http://www.wikidata.org/entity/Q141882,FC Erzgebirge Aue,,2015-01-01T00:00:00Z,
http://www.wikidata.org/entity/Q1913594,http://www.wikidata.org/entity/Q1501893,SV Wilhelmshaven,48.0,2009-01-01T00:00:00Z,2011-01-01T00:00:00Z
http://www.wikidata.org/entity/Q1913594,http://www.wikidata.org/entity/Q33748,Hanovre 96,4.0,2008-01-01T00:00:00Z,2009-01-01T00:00:00Z
http://www.wikidata.org/entity/Q1930550,http://www.wikidata.org/entity/Q262569,Polonia Varsovie,,2000-01-01T00:00:00Z,2001-01-01T00:00:00Z
http://www.wikidata.org/entity/Q1930550,http://www.wikidata.org/entity/Q1466362,Stal Stalowa Wola,3.0,2007-01-01T00:00:00Z,2007-01-01T00:00:00Z
http://www.wikidata.org/entity/Q1930550,http://www.wikidata.org/entity/Q694464,FC Gütersloh 2000,,2007-01-01T00:00:00Z,2007-01-01T00:00:00Z
http://www.wikidata.org/entity/Q1930550,http://www.wikidata.org/entity/Q101859,VfL Wolfsburg,74.0,2001-01-01T00:00:00Z,2005-01-01T00:00:00Z
http://www.wikidata.org/entity/Q1930550,http://www.wikidata.org/entity/Q16559523,Eintracht Braunschweig II,21.0,2005-01-01T00:00:00Z,2006-01-01T00:00:00Z
http://www.wikidata.org/entity/Q1930550,http://www.wikidata.org/entity/Q154053,Eintracht Brunswick,4.0,2005-01-01T00:00:00Z,2006-01-01T00:00:00Z
http://www.wikidata.org/entity/Q1930550,http://www.wikidata.org/entity/Q140487,Zagłębie Sosnowiec,,2006-01-01T00:00:00Z,2006-01-01T00:00:00Z
http://www.wikidata.org/entity/Q1930550,http://www.wikidata.org/entity/Q1056679,KS Hutnik Cracovie,6.0,2008-01-01T00:00:00Z,2008-01-01T00:00:00Z
http://www.wikidata.org/entity/Q1932648,http://www.wikidata.org/entity/Q3873511,équipe du Portugal de football des moins de 18 ans,2.0,2001-01-01T00:00:00Z,2001-01-01T00:00:00Z
http://www.wikidata.org/entity/Q1932648,http://www.wikidata.org/entity/Q3873524,équipe du Portugal de football des moins de 19 ans,12.0,2001-01-01T00:00:00Z,2002-01-01T00:00:00Z
http://www.wikidata.org/entity/Q1932648,http://www.wikidata.org/entity/Q1630430,équipe du Portugal espoirs de football,12.0,2004-01-01T00:00:00Z,2004-01-01T00:00:00Z
http://www.wikidata.org/entity/Q1932648,http://www.wikidata.org/entity/Q3494112,Sporting Clube de Portugal B,37.0,2002-01-01T00:00:00Z,2003-01-01T00:00:00Z
http://www.wikidata.org/entity/Q1932648,http://www.wikidata.org/entity/Q75684,Sporting Clube de Braga,22.0,2010-01-01T00:00:00Z,2011-01-01T00:00:00Z
http://www.wikidata.org/entity/Q1932648,http://www.wikidata.org/entity/Q16840338,NorthEast United,13.0,2014-09-01T00:00:00Z,2015-01-01T00:00:00Z
http://www.wikidata.org/entity/Q1932648,http://www.wikidata.org/entity/Q8835,RCD Majorque,10.0,2013-01-01T00:00:00Z,2014-01-01T00:00:00Z
http://www.wikidata.org/entity/Q1932648,http://www.wikidata.org/entity/Q178180,Orduspor,56.0,2011-01-01T00:00:00Z,2013-01-01T00:00:00Z
http://www.wikidata.org/entity/Q1932648,http://www.wikidata.org/entity/Q16840338,NorthEast United,1.0,2015-06-01T00:00:00Z,2015-10-01T00:00:00Z
http://www.wikidata.org/entity/Q1932648,http://www.wikidata.org/entity/Q1772776,équipe du Portugal de football des moins de 20 ans,7.0,2002-01-01T00:00:00Z,2003-01-01T00:00:00Z
http://www.wikidata.org/entity/Q1932648,http://www.wikidata.org/entity/Q7232532,équipe du Portugal de football B,1.0,2004-01-01T00:00:00Z,2004-01-01T00:00:00Z
http://www.wikidata.org/entity/Q1932648,http://www.wikidata.org/entity/Q1435496,Sporting Clube do Goa,17.0,2015-01-01T00:00:00Z,2015-06-01T00:00:00Z
http://www.wikidata.org/entity/Q1932648,http://www.wikidata.org/entity/Q621259,SC Olhanense,11.0,2009-01-01T00:00:00Z,2009-01-01T00:00:00Z
http://www.wikidata.org/entity/Q1932648,http://www.wikidata.org/entity/Q75729,Sporting Clube de Portugal,61.0,2003-01-01T00:00:00Z,2007-01-01T00:00:00Z
http://www.wikidata.org/entity/Q1932648,http://www.wikidata.org/entity/Q8476,Reggina 1914,0.0,2007-01-01T00:00:00Z,2008-01-01T00:00:00Z
http://www.wikidata.org/entity/Q1935698,http://www.wikidata.org/entity/Q209619,OFK Belgrade,7.0,2004-01-01T00:00:00Z,2005-01-01T00:00:00Z
http://www.wikidata.org/entity/Q1935698,http://www.wikidata.org/entity/Q105853,Karlsruher SC,16.0,2003-01-01T00:00:00Z,2004-01-01T00:00:00Z
http://www.wikidata.org/entity/Q1935698,http://www.wikidata.org/entity/Q209619,OFK Belgrade,73.0,1998-01-01T00:00:00Z,2002-01-01T00:00:00Z
http://www.wikidata.org/entity/Q1935698,http://www.wikidata.org/entity/Q15786,1. FC Nuremberg,23.0,2002-01-01T00:00:00Z,2003-01-01T00:00:00Z
http://www.wikidata.org/entity/Q1938263,http://www.wikidata.org/entity/Q18024471,MSV Duisburg II,74.0,2006-01-01T00:00:00Z,2009-01-01T00:00:00Z
http://www.wikidata.org/entity/Q1938263,http://www.wikidata.org/entity/Q154293,MSV Duisbourg,0.0,2008-01-01T00:00:00Z,2008-01-01T00:00:00Z
http://www.wikidata.org/entity/Q1938263,http://www.wikidata.org/entity/Q154053,Eintracht Brunswick,,2009-01-01T00:00:00Z,
http://www.wikidata.org/entity/Q1938263,http://www.wikidata.org/entity/Q154293,MSV Duisbourg,0.0,2008-01-01T00:00:00Z,2009-01-01T00:00:00Z
http://www.wikidata.org/entity/Q1938276,http://www.wikidata.org/entity/Q819354,KSV Hessen Kassel,30.0,2005-01-01T00:00:00Z,2008-01-01T00:00:00Z
http://www.wikidata.org/entity/Q1986138,http://www.wikidata.org/entity/Q4831359,Aylesbury F.C.,,2011-01-01T00:00:00Z,
http://www.wikidata.org/entity/Q1986138,http://www.wikidata.org/entity/Q6767,US Livourne 1915,0.0,2006-01-01T00:00:00Z,2006-01-01T00:00:00Z
http://www.wikidata.org/entity/Q1986138,http://www.wikidata.org/entity/Q6767,US Livourne 1915,0.0,2006-01-01T00:00:00Z,2007-01-01T00:00:00Z
http://www.wikidata.org/entity/Q1986138,http://www.wikidata.org/entity/Q8416,Novara Calcio,1.0,2006-01-01T00:00:00Z,2006-01-01T00:00:00Z
http://www.wikidata.org/entity/Q1986138,http://www.wikidata.org/entity/Q3907389,Rosetana Calcio,23.0,2004-01-01T00:00:00Z,2005-01-01T00:00:00Z
http://www.wikidata.org/entity/Q1986138,http://www.wikidata.org/entity/Q6767,US Livourne 1915,4.0,2002-01-01T00:00:00Z,2004-01-01T00:00:00Z
http://www.wikidata.org/entity/Q1986138,http://www.wikidata.org/entity/Q652516,Bénévent Calcio,,2001-01-01T00:00:00Z,2002-01-01T00:00:00Z
http://www.wikidata.org/entity/Q1986138,http://www.wikidata.org/entity/Q289696,AC Sangiovannese 1927,0.0,2005-01-01T00:00:00Z,2006-01-01T00:00:00Z
http://www.wikidata.org/entity/Q1986220,http://www.wikidata.org/entity/Q745246,Club Santos Laguna,12.0,1995-01-01T00:00:00Z,1995-01-01T00:00:00Z
http://www.wikidata.org/entity/Q1986220,http://www.wikidata.org/entity/Q604581,Club Sporting Cristal,18.0,2000-01-01T00:00:00Z,2000-01-01T00:00:00Z
http://www.wikidata.org/entity/Q1986220,http://www.wikidata.org/entity/Q324589,CA Lanús,8.0,1995-01-01T00:00:00Z,1995-01-01T00:00:00Z
http://www.wikidata.org/entity/Q1986220,http://www.wikidata.org/entity/Q872702,Montevideo Wanderers,,1994-01-01T00:00:00Z,1994-01-01T00:00:00Z
http://www.wikidata.org/entity/Q1986220,http://www.wikidata.org/entity/Q12230,Real Murcie,5.0,2004-01-01T00:00:00Z,2004-01-01T00:00:00Z
http://www.wikidata.org/entity/Q1986220,http://www.wikidata.org/entity/Q324589,CA Lanús,0.0,1993-01-01T00:00:00Z,1994-01-01T00:00:00Z
http://www.wikidata.org/entity/Q1986220,http://www.wikidata.org/entity/Q987584,équipe d'Équateur de football,4.0,2000-01-01T00:00:00Z,2000-01-01T00:00:00Z
http://www.wikidata.org/entity/Q1986220,http://www.wikidata.org/entity/Q499616,Club Nacional,7.0,2003-01-01T00:00:00Z,2003-01-01T00:00:00Z
http://www.wikidata.org/entity/Q1986220,http://www.wikidata.org/entity/Q324589,CA Lanús,8.0,1996-01-01T00:00:00Z,1996-01-01T00:00:00Z
http://www.wikidata.org/entity/Q1986220,http://www.wikidata.org/entity/Q249612,Club Sport Emelec,82.0,2000-01-01T00:00:00Z,2003-01-01T00:00:00Z
http://www.wikidata.org/entity/Q1986220,http://www.wikidata.org/entity/Q249612,Club Sport Emelec,133.0,1996-01-01T00:00:00Z,1999-01-01T00:00:00Z
http://www.wikidata.org/entity/Q1986220,http://www.wikidata.org/entity/Q249612,Club Sport Emelec,22.0,2007-01-01T00:00:00Z,2008-01-01T00:00:00Z
http://www.wikidata.org/entity/Q1986220,http://www.wikidata.org/entity/Q248789,Sociedad Deportivo Quito,30.0,2005-01-01T00:00:00Z,2005-01-01T00:00:00Z
http://www.wikidata.org/entity/Q1986220,http://www.wikidata.org/entity/Q249643,Liga de Quito,6.0,2004-01-01T00:00:00Z,2004-01-01T00:00:00Z
http://www.wikidata.org/entity/Q1986220,http://www.wikidata.org/entity/Q499616,Club Nacional,28.0,2006-01-01T00:00:00Z,2007-01-01T00:00:00Z
http://www.wikidata.org/entity/Q1989382,http://www.wikidata.org/entity/Q459148,En avant Guingamp,27.0,2002-01-01T00:00:00Z,2006-01-01T00:00:00Z
http://www.wikidata.org/entity/Q1989382,http://www.wikidata.org/entity/Q643434,PFC Slavia Sofia,18.0,2009-01-01T00:00:00Z,2010-01-01T00:00:00Z
http://www.wikidata.org/entity/Q1989382,http://www.wikidata.org/entity/Q433529,Atletico Roma FC,38.0,2006-01-01T00:00:00Z,2008-01-01T00:00:00Z
http://www.wikidata.org/entity/Q1989382,http://www.wikidata.org/entity/Q274778,Krylia Sovetov Samara,28.0,2011-01-01T00:00:00Z,2013-01-01T00:00:00Z
http://www.wikidata.org/entity/Q1989382,http://www.wikidata.org/entity/Q725506,Sibir Novossibirsk,13.0,2010-01-01T00:00:00Z,2010-01-01T00:00:00Z
http://www.wikidata.org/entity/Q1989382,http://www.wikidata.org/entity/Q750322,SC Astra Ploiești,1.0,2008-01-01T00:00:00Z,2009-01-01T00:00:00Z
http://www.wikidata.org/entity/Q1990394,http://www.wikidata.org/entity/Q819354,KSV Hessen Kassel,,2015-01-01T00:00:00Z,
http://www.wikidata.org/entity/Q1990394,http://www.wikidata.org/entity/Q157020,SC Rot-Weiss Oberhausen,18.0,2011-01-01T00:00:00Z,2014-01-01T00:00:00Z
http://www.wikidata.org/entity/Q1990394,http://www.wikidata.org/entity/Q105844,DSC Arminia Bielefeld,45.0,2008-01-01T00:00:00Z,2011-01-01T00:00:00Z
http://www.wikidata.org/entity/Q1990394,http://www.wikidata.org/entity/Q464839,KSV Baunatal,27.0,2014-01-01T00:00:00Z,2015-01-01T00:00:00Z
http://www.wikidata.org/entity/Q1990434,http://www.wikidata.org/entity/Q18024471,MSV Duisburg II,63.0,2006-01-01T00:00:00Z,2009-01-01T00:00:00Z
http://www.wikidata.org/entity/Q1990434,http://www.wikidata.org/entity/Q154293,MSV Duisbourg,1.0,2005-01-01T00:00:00Z,2005-01-01T00:00:00Z
http://www.wikidata.org/entity/Q1990685,http://www.wikidata.org/entity/Q153539,SpVgg Greuther Fürth,30.0,2013-01-01T00:00:00Z,2014-01-01T00:00:00Z
http://www.wikidata.org/entity/Q1990685,http://www.wikidata.org/entity/Q204881,Malmö FF,12.0,2015-01-01T00:00:00Z,2015-01-01T00:00:00Z
http://www.wikidata.org/entity/Q1990685,http://www.wikidata.org/entity/Q1389125,FK Voždovac Belgrade,63.0,2006-01-01T00:00:00Z,2008-01-01T00:00:00Z
http://www.wikidata.org/entity/Q1990685,http://www.wikidata.org/entity/Q750097,FK Haugesund,96.0,2009-01-01T00:00:00Z,2012-01-01T00:00:00Z
http://www.wikidata.org/entity/Q1990685,http://www.wikidata.org/entity/Q151747,Fortuna Düsseldorf,,2016-01-01T00:00:00Z,
http://www.wikidata.org/entity/Q1990685,http://www.wikidata.org/entity/Q3063283,FK Radnički Pirot,,2004-01-01T00:00:00Z,2006-01-01T00:00:00Z
http://www.wikidata.org/entity/Q1990685,http://www.wikidata.org/entity/Q182740,équipe de Serbie de football,1.0,2013-01-01T00:00:00Z,2013-01-01T00:00:00Z
http://www.wikidata.org/entity/Q1990685,http://www.wikidata.org/entity/Q207503,Helsingborgs IF,11.0,2012-01-01T00:00:00Z,2012-01-01T00:00:00Z
http://www.wikidata.org/entity/Q1990685,http://www.wikidata.org/entity/Q15755,FC Augsbourg,16.0,2014-01-01T00:00:00Z,2015-01-01T00:00:00Z
http://www.wikidata.org/entity/Q1990685,http://www.wikidata.org/entity/Q2272209,équipe de Serbie espoirs de football,5.0,2007-01-01T00:00:00Z,2007-01-01T00:00:00Z
http://www.wikidata.org/entity/Q1992032,http://www.wikidata.org/entity/Q3555496,Panionios,,2013-01-01T00:00:00Z,
http://www.wikidata.org/entity/Q1992032,http://www.wikidata.org/entity/Q19628,Olympiakós,0.0,2010-01-01T00:00:00Z,2012-01-01T00:00:00Z
http://www.wikidata.org/entity/Q1992032,http://www.wikidata.org/entity/Q151747,Fortuna Düsseldorf,10.0,2012-01-01T00:00:00Z,2013-01-01T00:00:00Z
http://www.wikidata.org/entity/Q1992032,http://www.wikidata.org/entity/Q460494,Paniónios GSS,,2013-01-01T00:00:00Z,
http://www.wikidata.org/entity/Q1992156,http://www.wikidata.org/entity/Q2756,Sienne FC,0.0,2012-01-01T00:00:00Z,2013-01-01T00:00:00Z
http://www.wikidata.org/entity/Q1992156,http://www.wikidata.org/entity/Q604581,Club Sporting Cristal,24.0,2015-01-01T00:00:00Z,2015-01-01T00:00:00Z
http://www.wikidata.org/entity/Q1992156,http://www.wikidata.org/entity/Q276533,Racing Club de Avellaneda,113.0,2007-01-01T00:00:00Z,2013-01-01T00:00:00Z
http://www.wikidata.org/entity/Q1992156,http://www.wikidata.org/entity/Q220621,Argentinos Juniors,13.0,2013-01-01T00:00:00Z,2013-01-01T00:00:00Z
http://www.wikidata.org/entity/Q1992156,http://www.wikidata.org/entity/Q324589,CA Lanús,12.0,2013-01-01T00:00:00Z,2014-01-01T00:00:00Z
http://www.wikidata.org/entity/Q1992232,http://www.wikidata.org/entity/Q310621,SV Wehen Wiesbaden,,2011-01-01T00:00:00Z,
http://www.wikidata.org/entity/Q1992232,http://www.wikidata.org/entity/Q18024471,MSV Duisburg II,4.0,2007-01-01T00:00:00Z,2008-01-01T00:00:00Z
http://www.wikidata.org/entity/Q1992232,http://www.wikidata.org/entity/Q170125,Rot Weiss Ahlen,31.0,2004-01-01T00:00:00Z,2006-01-01T00:00:00Z
http://www.wikidata.org/entity/Q1992232,http://www.wikidata.org/entity/Q170125,Rot Weiss Ahlen,87.0,2008-01-01T00:00:00Z,2011-01-01T00:00:00Z
http://www.wikidata.org/entity/Q1992232,http://www.wikidata.org/entity/Q154293,MSV Duisbourg,14.0,2006-01-01T00:00:00Z,2008-01-01T00:00:00Z
http://www.wikidata.org/entity/Q1992320,http://www.wikidata.org/entity/Q137499,FC Hombourg,,2014-01-01T00:00:00Z,
http://www.wikidata.org/entity/Q1992320,http://www.wikidata.org/entity/Q105844,DSC Arminia Bielefeld,6.0,2005-01-01T00:00:00Z,2006-01-01T00:00:00Z
http://www.wikidata.org/entity/Q1992320,http://www.wikidata.org/entity/Q105844,DSC Arminia Bielefeld,35.0,2006-01-01T00:00:00Z,2011-01-01T00:00:00Z
http://www.wikidata.org/entity/Q1992320,http://www.wikidata.org/entity/Q157463,1. FC Sarrebruck,27.0,2013-01-01T00:00:00Z,2014-01-01T00:00:00Z
http://www.wikidata.org/entity/Q1992320,http://www.wikidata.org/entity/Q170157,Wuppertaler SV Borussia,13.0,2009-01-01T00:00:00Z,2009-01-01T00:00:00Z
http://www.wikidata.org/entity/Q1992320,http://www.wikidata.org/entity/Q160530,VfL Osnabrück,68.0,2011-01-01T00:00:00Z,2013-01-01T00:00:00Z
http://www.wikidata.org/entity/Q1992426,http://www.wikidata.org/entity/Q639472,Goslarer SC 08,28.0,2013-01-01T00:00:00Z,2014-01-01T00:00:00Z
http://www.wikidata.org/entity/Q1992426,http://www.wikidata.org/entity/Q6463,FC Sankt Pauli,47.0,2009-01-01T00:00:00Z,2011-01-01T00:00:00Z
http://www.wikidata.org/entity/Q1992426,http://www.wikidata.org/entity/Q319900,FSV Wacker 90 Nordhausen,,2014-01-01T00:00:00Z,
http://www.wikidata.org/entity/Q1992426,http://www.wikidata.org/entity/Q2208381,SV Curslack-Neuengamme,31.0,2008-01-01T00:00:00Z,2009-01-01T00:00:00Z
http://www.wikidata.org/entity/Q1992426,http://www.wikidata.org/entity/Q316855,Hallescher FC,19.0,2012-01-01T00:00:00Z,2013-01-01T00:00:00Z
http://www.wikidata.org/entity/Q1992426,http://www.wikidata.org/entity/Q155186,FC Carl Zeiss Iéna,39.0,2011-01-01T00:00:00Z,2012-01-01T00:00:00Z
http://www.wikidata.org/entity/Q1992771,http://www.wikidata.org/entity/Q275138,Football Club Haka Valkeakoski,1.0,2012-01-01T00:00:00Z,2012-01-01T00:00:00Z
http://www.wikidata.org/entity/Q1992771,http://www.wikidata.org/entity/Q2679510,équipe de Finlande de football des moins de 17 ans,13.0,2009-01-01T00:00:00Z,2010-01-01T00:00:00Z
http://www.wikidata.org/entity/Q1992771,http://www.wikidata.org/entity/Q29400,AS Tarente Calcio,,2010-01-01T00:00:00Z,2011-01-01T00:00:00Z
http://www.wikidata.org/entity/Q1992771,http://www.wikidata.org/entity/Q6664,AC Cesena,0.0,2011-01-01T00:00:00Z,2011-01-01T00:00:00Z
http://www.wikidata.org/entity/Q1992771,http://www.wikidata.org/entity/Q223610,Tampere United,20.0,2009-01-01T00:00:00Z,2010-01-01T00:00:00Z
http://www.wikidata.org/entity/Q1994632,http://www.wikidata.org/entity/Q15786,1. FC Nuremberg,3.0,2012-01-01T00:00:00Z,2014-01-01T00:00:00Z
http://www.wikidata.org/entity/Q1994632,http://www.wikidata.org/entity/Q319699,équipe d'Allemagne des moins de 17 ans de football,5.0,2011-01-01T00:00:00Z,2011-01-01T00:00:00Z
http://www.wikidata.org/entity/Q1994632,http://www.wikidata.org/entity/Q1202759,équipe d'Allemagne de football des moins de 16 ans,7.0,2009-01-01T00:00:00Z,2010-01-01T00:00:00Z
http://www.wikidata.org/entity/Q1994632,http://www.wikidata.org/entity/Q4545849,FC Nuremberg II,33.0,2012-01-01T00:00:00Z,2014-01-01T00:00:00Z
http://www.wikidata.org/entity/Q1994632,http://www.wikidata.org/entity/Q101859,VfL Wolfsburg,,2014-01-01T00:00:00Z,
http://www.wikidata.org/entity/Q1994632,http://www.wikidata.org/entity/Q324854,équipe d'Allemagne de football des moins de 19 ans,3.0,2012-01-01T00:00:00Z,2013-01-01T00:00:00Z
http://www.wikidata.org/entity/Q1994632,http://www.wikidata.org/entity/Q113136,équipe d'Allemagne de football des moins de 15 ans,2.0,2009-01-01T00:00:00Z,2009-01-01T00:00:00Z
http://www.wikidata.org/entity/Q1996474,http://www.wikidata.org/entity/Q79800,équipe d'Argentine de football,3.0,2011-01-01T00:00:00Z,2011-01-01T00:00:00Z
http://www.wikidata.org/entity/Q1996474,http://www.wikidata.org/entity/Q2674,Palermo F.C.,0.0,2013-01-01T00:00:00Z,2013-01-01T00:00:00Z
http://www.wikidata.org/entity/Q1996474,http://www.wikidata.org/entity/Q221882,Newell's Old Boys,138.0,2006-01-01T00:00:00Z,2013-01-01T00:00:00Z
http://www.wikidata.org/entity/Q1996474,http://www.wikidata.org/entity/Q914086,Cerro Porteño,19.0,2014-01-01T00:00:00Z,2015-01-01T00:00:00Z
http://www.wikidata.org/entity/Q1996474,http://www.wikidata.org/entity/Q80897,Club Atlético Colón,,2015-01-01T00:00:00Z,
http://www.wikidata.org/entity/Q1996474,http://www.wikidata.org/entity/Q476836,Arsenal Fútbol Club,37.0,2013-01-01T00:00:00Z,2014-01-01T00:00:00Z
http://www.wikidata.org/entity/Q1998381,http://www.wikidata.org/entity/Q1103153,San Luis FC,19.0,2003-01-01T00:00:00Z,2004-01-01T00:00:00Z
http://www.wikidata.org/entity/Q1998381,http://www.wikidata.org/entity/Q758689,Audax Italiano,26.0,2004-01-01T00:00:00Z,2004-01-01T00:00:00Z
http://www.wikidata.org/entity/Q1998381,http://www.wikidata.org/entity/Q719338,Club de Deportes Santiago Wanderers,62.0,1994-01-01T00:00:00Z,1996-01-01T00:00:00Z
http://www.wikidata.org/entity/Q1998381,http://www.wikidata.org/entity/Q172025,équipe du Chili de football,7.0,1997-01-01T00:00:00Z,2003-01-01T00:00:00Z
http://www.wikidata.org/entity/Q1998381,http://www.wikidata.org/entity/Q207373,Colo-Colo,133.0,1997-01-01T00:00:00Z,2002-01-01T00:00:00Z
http://www.wikidata.org/entity/Q1998381,http://www.wikidata.org/entity/Q2879549,Deportes Santa Cruz,12.0,1993-01-01T00:00:00Z,1993-01-01T00:00:00Z
http://www.wikidata.org/entity/Q1998381,http://www.wikidata.org/entity/Q12158,Club Deportivo Numancia,5.0,1999-01-01T00:00:00Z,2000-01-01T00:00:00Z
http://www.wikidata.org/entity/Q1998381,http://www.wikidata.org/entity/Q274778,Krylia Sovetov Samara,0.0,2003-01-01T00:00:00Z,2003-01-01T00:00:00Z
http://www.wikidata.org/entity/Q2001161,http://www.wikidata.org/entity/Q472752,Changchun Yatai,,2016-01-01T00:00:00Z,
http://www.wikidata.org/entity/Q2001161,http://www.wikidata.org/entity/Q113000,FC Malines,94.0,2008-01-01T00:00:00Z,2012-01-01T00:00:00Z
http://www.wikidata.org/entity/Q2001161,http://www.wikidata.org/entity/Q221525,FC Metz,3.0,2003-01-01T00:00:00Z,2005-01-01T00:00:00Z
http://www.wikidata.org/entity/Q2001161,http://www.wikidata.org/entity/Q216032,KRC Genk,107.0,2012-01-01T00:00:00Z,2016-01-01T00:00:00Z
http://www.wikidata.org/entity/Q2001161,http://www.wikidata.org/entity/Q1050331,Football Club Molenbeek Brussels Strombeek,92.0,2005-01-01T00:00:00Z,2008-01-01T00:00:00Z
http://www.wikidata.org/entity/Q2002140,http://www.wikidata.org/entity/Q235416,équipe du Gabon de football,18.0,2000-01-01T00:00:00Z,2008-01-01T00:00:00Z
http://www.wikidata.org/entity/Q2002140,http://www.wikidata.org/entity/Q508322,FC Gueugnon,18.0,2004-01-01T00:00:00Z,2005-01-01T00:00:00Z
http://www.wikidata.org/entity/Q2002140,http://www.wikidata.org/entity/Q208228,Stade de Reims,64.0,2005-01-01T00:00:00Z,2010-01-01T00:00:00Z
http://www.wikidata.org/entity/Q2002140,http://www.wikidata.org/entity/Q3496200,Saint-Nazaire Atlantique Football,,2014-01-01T00:00:00Z,
http://www.wikidata.org/entity/Q2002140,http://www.wikidata.org/entity/Q1539341,Union Royale Namur,,2011-01-01T00:00:00Z,2011-01-01T00:00:00Z
http://www.wikidata.org/entity/Q2002140,http://www.wikidata.org/entity/Q659906,Missile Football Club,,2011-01-01T00:00:00Z,2013-01-01T00:00:00Z
http://www.wikidata.org/entity/Q2002140,http://www.wikidata.org/entity/Q192071,Football Club de Nantes,33.0,2001-01-01T00:00:00Z,2005-01-01T00:00:00Z
http://www.wikidata.org/entity/Q2002140,http://www.wikidata.org/entity/Q3555456,Vendée Fontenay Foot,22.0,2013-01-01T00:00:00Z,2014-01-01T00:00:00Z
http://www.wikidata.org/entity/Q2002140,http://www.wikidata.org/entity/Q508322,FC Gueugnon,18.0,2005-01-01T00:00:00Z,2005-01-01T00:00:00Z
http://www.wikidata.org/entity/Q2002140,http://www.wikidata.org/entity/Q650917,Royal Excelsior Virton,5.0,2011-01-01T00:00:00Z,2011-01-01T00:00:00Z
http://www.wikidata.org/entity/Q2002396,http://www.wikidata.org/entity/Q79800,équipe d'Argentine de football,2.0,2005-01-01T00:00:00Z,2010-01-01T00:00:00Z
http://www.wikidata.org/entity/Q2002396,http://www.wikidata.org/entity/Q215163,CA Vélez Sarsfield,140.0,2007-01-01T00:00:00Z,2012-01-01T00:00:00Z
http://www.wikidata.org/entity/Q2002396,http://www.wikidata.org/entity/Q853053,CA Chacarita Juniors,32.0,2014-01-01T00:00:00Z,2015-01-01T00:00:00Z
http://www.wikidata.org/entity/Q2002396,http://www.wikidata.org/entity/Q220621,Argentinos Juniors,15.0,1998-01-01T00:00:00Z,1999-01-01T00:00:00Z
http://www.wikidata.org/entity/Q2002396,http://www.wikidata.org/entity/Q10319,Real Valladolid,25.0,2003-01-01T00:00:00Z,2004-01-01T00:00:00Z
http://www.wikidata.org/entity/Q2002396,http://www.wikidata.org/entity/Q214978,CA Independiente,12.0,2012-01-01T00:00:00Z,2013-01-01T00:00:00Z
http://www.wikidata.org/entity/Q2002396,http://www.wikidata.org/entity/Q15799,Club Atlético River Plate,192.0,1999-01-01T00:00:00Z,2007-01-01T00:00:00Z
http://www.wikidata.org/entity/Q2002396,http://www.wikidata.org/entity/Q80899,Club Atlético Unión,16.0,2013-01-01T00:00:00Z,2014-01-01T00:00:00Z
http://www.wikidata.org/entity/Q2006498,http://www.wikidata.org/entity/Q1047535,Kyoto Sanga Football Club,7.0,2011-01-01T00:00:00Z,2011-01-01T00:00:00Z
http://www.wikidata.org/entity/Q2006498,http://www.wikidata.org/entity/Q1059329,Ehime Football Club,32.0,2012-01-01T00:00:00Z,2013-01-01T00:00:00Z
http://www.wikidata.org/entity/Q2006498,http://www.wikidata.org/entity/Q823384,Shimizu S-Pulse,0.0,2001-01-01T00:00:00Z,2002-01-01T00:00:00Z
http://www.wikidata.org/entity/Q2006498,http://www.wikidata.org/entity/Q1059329,Ehime Football Club,49.0,2009-01-01T00:00:00Z,2010-01-01T00:00:00Z
http://www.wikidata.org/entity/Q2006498,http://www.wikidata.org/entity/Q19444,Birmingham City FC,0.0,2008-01-01T00:00:00Z,2008-01-01T00:00:00Z
http://www.wikidata.org/entity/Q2006498,http://www.wikidata.org/entity/Q3028798,Veranópolis Esporte Clube Recreativo e Cultural,10.0,2007-01-01T00:00:00Z,2007-01-01T00:00:00Z
http://www.wikidata.org/entity/Q2006498,http://www.wikidata.org/entity/Q1061696,Ventforet Kōfu,129.0,2002-01-01T00:00:00Z,2006-01-01T00:00:00Z
http://www.wikidata.org/entity/Q2006498,http://www.wikidata.org/entity/Q2536715,Chapecoense,14.0,2008-01-01T00:00:00Z,2008-01-01T00:00:00Z
http://www.wikidata.org/entity/Q2006783,http://www.wikidata.org/entity/Q492159,US Créteil-Lusitanos,13.0,2014-01-01T00:00:00Z,2015-01-01T00:00:00Z
http://www.wikidata.org/entity/Q2006783,http://www.wikidata.org/entity/Q222837,Athlétic Club arlésien,13.0,2014-01-01T00:00:00Z,2014-01-01T00:00:00Z
http://www.wikidata.org/entity/Q2006783,http://www.wikidata.org/entity/Q1772776,équipe du Portugal de football des moins de 20 ans,2.0,2010-01-01T00:00:00Z,2011-01-01T00:00:00Z
http://www.wikidata.org/entity/Q2006783,http://www.wikidata.org/entity/Q3590033,équipe de France de football des moins de 16 ans,,2006-01-01T00:00:00Z,2007-01-01T00:00:00Z
http://www.wikidata.org/entity/Q2006783,http://www.wikidata.org/entity/Q3590033,équipe de France de football des moins de 16 ans,2.0,2007-01-01T00:00:00Z,2007-01-01T00:00:00Z
http://www.wikidata.org/entity/Q2006783,http://www.wikidata.org/entity/Q19512,Football Club Sochaux-Montbéliard,29.0,2010-01-01T00:00:00Z,2014-01-01T00:00:00Z
http://www.wikidata.org/entity/Q2006783,http://www.wikidata.org/entity/Q23653916,équipe de France de football des moins de 15 ans,4.0,2005-01-01T00:00:00Z,2006-01-01T00:00:00Z
http://www.wikidata.org/entity/Q2006955,http://www.wikidata.org/entity/Q740637,Clube Desportivo Santa Clara,33.0,2005-01-01T00:00:00Z,2006-01-01T00:00:00Z
http://www.wikidata.org/entity/Q2006955,http://www.wikidata.org/entity/Q208585,Vitória Futebol Clube,27.0,2003-01-01T00:00:00Z,2004-01-01T00:00:00Z
http://www.wikidata.org/entity/Q2006955,http://www.wikidata.org/entity/Q769204,Al-Shoalah,8.0,2015-01-01T00:00:00Z,2015-01-01T00:00:00Z
http://www.wikidata.org/entity/Q2006955,http://www.wikidata.org/entity/Q1387336,Futebol Clube da Maia,33.0,2004-01-01T00:00:00Z,2005-01-01T00:00:00Z
http://www.wikidata.org/entity/Q2006955,http://www.wikidata.org/entity/Q620811,S.C. Damash,26.0,2011-01-01T00:00:00Z,2012-01-01T00:00:00Z
http://www.wikidata.org/entity/Q2006955,http://www.wikidata.org/entity/Q4703218,Al-Shahaniya Sports Club,2.0,2014-01-01T00:00:00Z,2015-01-01T00:00:00Z
http://www.wikidata.org/entity/Q2006955,http://www.wikidata.org/entity/Q142005,FC Hansa Rostock,73.0,2007-01-01T00:00:00Z,2010-01-01T00:00:00Z
http://www.wikidata.org/entity/Q2006955,http://www.wikidata.org/entity/Q1348189,Veria F.C.,38.0,2012-01-01T00:00:00Z,2014-01-01T00:00:00Z
http://www.wikidata.org/entity/Q2006955,http://www.wikidata.org/entity/Q80955,Santos FC,6.0,2001-01-01T00:00:00Z,2002-01-01T00:00:00Z
http://www.wikidata.org/entity/Q2006955,http://www.wikidata.org/entity/Q283760,Al-Arabi SC,9.0,2014-01-01T00:00:00Z,2014-01-01T00:00:00Z
http://www.wikidata.org/entity/Q2006955,http://www.wikidata.org/entity/Q846008,Associação Naval 1º de Maio,29.0,2006-01-01T00:00:00Z,2007-01-01T00:00:00Z
http://www.wikidata.org/entity/Q2006955,http://www.wikidata.org/entity/Q216510,CF Os Belenenses,26.0,2002-01-01T00:00:00Z,2003-01-01T00:00:00Z
http://www.wikidata.org/entity/Q2006955,http://www.wikidata.org/entity/Q846008,Associação Naval 1º de Maio,14.0,2010-01-01T00:00:00Z,2011-01-01T00:00:00Z
http://www.wikidata.org/entity/Q2007501,http://www.wikidata.org/entity/Q2195773,Royal Excel Mouscron,23.0,2012-01-01T00:00:00Z,2013-01-01T00:00:00Z
http://www.wikidata.org/entity/Q2007501,http://www.wikidata.org/entity/Q1450557,équipe de France de football des moins de 18 ans,,2006-01-01T00:00:00Z,2006-01-01T00:00:00Z
http://www.wikidata.org/entity/Q2007501,http://www.wikidata.org/entity/Q19521,AS Saint-Étienne,24.0,2008-01-01T00:00:00Z,2012-01-01T00:00:00Z
http://www.wikidata.org/entity/Q2007501,http://www.wikidata.org/entity/Q2701714,équipe de France de football des moins de 19 ans,,2007-01-01T00:00:00Z,2007-01-01T00:00:00Z
http://www.wikidata.org/entity/Q2007501,http://www.wikidata.org/entity/Q845137,Angers SCO,,2015-01-01T00:00:00Z,
http://www.wikidata.org/entity/Q2007501,http://www.wikidata.org/entity/Q627334,Gazélec FC Ajaccio,62.0,2013-01-01T00:00:00Z,2015-01-01T00:00:00Z
http://www.wikidata.org/entity/Q2007530,http://www.wikidata.org/entity/Q1277549,équipe de France espoirs de football,,2008-01-01T00:00:00Z,2009-01-01T00:00:00Z
http://www.wikidata.org/entity/Q2007530,http://www.wikidata.org/entity/Q522283,Red Star FC,,2012-01-01T00:00:00Z,2014-01-01T00:00:00Z
http://www.wikidata.org/entity/Q2007530,http://www.wikidata.org/entity/Q19512,Football Club Sochaux-Montbéliard,32.0,2008-01-01T00:00:00Z,2011-01-01T00:00:00Z
http://www.wikidata.org/entity/Q2007888,http://www.wikidata.org/entity/Q283760,Al-Arabi SC,,2014-01-01T00:00:00Z,
http://www.wikidata.org/entity/Q2007888,http://www.wikidata.org/entity/Q1508747,Sorrente Calcio,62.0,2009-01-01T00:00:00Z,2011-01-01T00:00:00Z
http://www.wikidata.org/entity/Q2007888,http://www.wikidata.org/entity/Q2308235,équipe du Brésil de football des moins de 20 ans,20.0,2004-01-01T00:00:00Z,2005-01-01T00:00:00Z
http://www.wikidata.org/entity/Q2007888,http://www.wikidata.org/entity/Q910453,Esporte Clube Juventude,9.0,2004-01-01T00:00:00Z,2005-01-01T00:00:00Z
http://www.wikidata.org/entity/Q2007888,http://www.wikidata.org/entity/Q6721,US Grosseto FC,31.0,2007-01-01T00:00:00Z,2008-01-01T00:00:00Z
http://www.wikidata.org/entity/Q2007888,http://www.wikidata.org/entity/Q6767,US Livourne 1915,163.0,2005-01-01T00:00:00Z,2014-01-01T00:00:00Z
http://www.wikidata.org/entity/Q2010100,http://www.wikidata.org/entity/Q1039641,Logroñés CF,73.0,2006-01-01T00:00:00Z,2008-01-01T00:00:00Z
http://www.wikidata.org/entity/Q2010100,http://www.wikidata.org/entity/Q10407,UD Almería,51.0,2004-01-01T00:00:00Z,2006-01-01T00:00:00Z
http://www.wikidata.org/entity/Q2010100,http://www.wikidata.org/entity/Q8806,Getafe CF,38.0,1991-01-01T00:00:00Z,1993-01-01T00:00:00Z
http://www.wikidata.org/entity/Q2010100,http://www.wikidata.org/entity/Q697353,UD Salamanca,219.0,1993-01-01T00:00:00Z,1999-01-01T00:00:00Z
http://www.wikidata.org/entity/Q2010100,http://www.wikidata.org/entity/Q10308,Real Saragosse,135.0,1999-01-01T00:00:00Z,2004-01-01T00:00:00Z
http://www.wikidata.org/entity/Q2013884,http://www.wikidata.org/entity/Q637427,Orihuela CF,29.0,2011-01-01T00:00:00Z,2012-01-01T00:00:00Z
http://www.wikidata.org/entity/Q2013884,http://www.wikidata.org/entity/Q2654963,Arroyo CP,39.0,2012-01-01T00:00:00Z,2014-01-01T00:00:00Z
http://www.wikidata.org/entity/Q2013884,http://www.wikidata.org/entity/Q10308,Real Saragosse,28.0,2002-01-01T00:00:00Z,2005-01-01T00:00:00Z
http://www.wikidata.org/entity/Q2013884,http://www.wikidata.org/entity/Q582342,Cultural y Deportiva Leonesa,39.0,2000-01-01T00:00:00Z,2001-01-01T00:00:00Z
http://www.wikidata.org/entity/Q2013884,http://www.wikidata.org/entity/Q794970,Athletic Bilbao B,59.0,1995-01-01T00:00:00Z,1998-01-01T00:00:00Z
http://www.wikidata.org/entity/Q2013884,http://www.wikidata.org/entity/Q10407,UD Almería,38.0,2004-01-01T00:00:00Z,2005-01-01T00:00:00Z
http://www.wikidata.org/entity/Q2013884,http://www.wikidata.org/entity/Q2310295,équipe d'Espagne de football des moins de 17 ans,3.0,1995-01-01T00:00:00Z,1995-01-01T00:00:00Z
http://www.wikidata.org/entity/Q2013884,http://www.wikidata.org/entity/Q12249,Recreativo de Huelva,7.0,2000-01-01T00:00:00Z,2001-01-01T00:00:00Z
http://www.wikidata.org/entity/Q2013884,http://www.wikidata.org/entity/Q611653,Fútbol Club Cartagena,49.0,1999-01-01T00:00:00Z,2000-01-01T00:00:00Z
http://www.wikidata.org/entity/Q2013884,http://www.wikidata.org/entity/Q8687,Athletic Bilbao,1.0,1996-01-01T00:00:00Z,1997-01-01T00:00:00Z
http://www.wikidata.org/entity/Q2013884,http://www.wikidata.org/entity/Q3589784,équipe d'Espagne de football des moins de 18 ans,8.0,1996-01-01T00:00:00Z,1997-01-01T00:00:00Z
http://www.wikidata.org/entity/Q2013884,http://www.wikidata.org/entity/Q741695,Deportivo Aragón,39.0,2002-01-01T00:00:00Z,2003-01-01T00:00:00Z
http://www.wikidata.org/entity/Q2013884,http://www.wikidata.org/entity/Q849271,Pontevedra CF,67.0,2009-01-01T00:00:00Z,2011-01-01T00:00:00Z
http://www.wikidata.org/entity/Q2013884,http://www.wikidata.org/entity/Q637427,Orihuela CF,73.0,2006-01-01T00:00:00Z,2009-01-01T00:00:00Z
http://www.wikidata.org/entity/Q2013884,http://www.wikidata.org/entity/Q3873503,équipe d'Espagne de football des moins de 16 ans,7.0,1994-01-01T00:00:00Z,1995-01-01T00:00:00Z
http://www.wikidata.org/entity/Q2013884,http://www.wikidata.org/entity/Q8687,Athletic Bilbao,,1994-01-01T00:00:00Z,1996-01-01T00:00:00Z
http://www.wikidata.org/entity/Q2013884,http://www.wikidata.org/entity/Q1195376,CF Atlético Ciudad,20.0,2005-01-01T00:00:00Z,2006-01-01T00:00:00Z
http://www.wikidata.org/entity/Q2013884,http://www.wikidata.org/entity/Q460448,Cádiz CF,16.0,2003-01-01T00:00:00Z,2004-01-01T00:00:00Z
http://www.wikidata.org/entity/Q2014963,http://www.wikidata.org/entity/Q10308,Real Saragosse,25.0,2013-01-01T00:00:00Z,2014-01-01T00:00:00Z
http://www.wikidata.org/entity/Q2014963,http://www.wikidata.org/entity/Q2018,Catania Football Club,6.0,2011-01-01T00:00:00Z,2013-01-01T00:00:00Z
http://www.wikidata.org/entity/Q2014963,http://www.wikidata.org/entity/Q11963,Hércules Alicante,18.0,2013-01-01T00:00:00Z,2013-01-01T00:00:00Z
http://www.wikidata.org/entity/Q2014963,http://www.wikidata.org/entity/Q1074980,Club Olimpo,,2016-01-01T00:00:00Z,
http://www.wikidata.org/entity/Q2014963,http://www.wikidata.org/entity/Q12168,SD Ponferradina,16.0,2014-01-01T00:00:00Z,2015-01-01T00:00:00Z
http://www.wikidata.org/entity/Q2014963,http://www.wikidata.org/entity/Q318307,CA Rosario Central,74.0,2006-01-01T00:00:00Z,2011-01-01T00:00:00Z
http://www.wikidata.org/entity/Q2053511,http://www.wikidata.org/entity/Q1270152,équipe du Danemark espoirs de football,27.0,2009-01-01T00:00:00Z,2012-01-01T00:00:00Z
http://www.wikidata.org/entity/Q2053511,http://www.wikidata.org/entity/Q3873544,équipe du Danemark de football des moins de 20 ans,1.0,2011-01-01T00:00:00Z,2011-01-01T00:00:00Z
http://www.wikidata.org/entity/Q2053511,http://www.wikidata.org/entity/Q618520,FC Midtjylland,120.0,2008-01-01T00:00:00Z,2013-01-01T00:00:00Z
http://www.wikidata.org/entity/Q2053511,http://www.wikidata.org/entity/Q1270133,équipe du Danemark de football des moins de 17 ans,10.0,2006-01-01T00:00:00Z,2007-01-01T00:00:00Z
http://www.wikidata.org/entity/Q2053511,http://www.wikidata.org/entity/Q201567,IFK Göteborg,,2015-01-01T00:00:00Z,
http://www.wikidata.org/entity/Q2053535,http://www.wikidata.org/entity/Q1672798,équipe d'Irlande espoirs de football,,1996-01-01T00:00:00Z,1996-01-01T00:00:00Z
http://www.wikidata.org/entity/Q2053535,http://www.wikidata.org/entity/Q1552212,Limerick FC,15.0,2012-01-01T00:00:00Z,2012-01-01T00:00:00Z
http://www.wikidata.org/entity/Q2053535,http://www.wikidata.org/entity/Q2714,Watford Football Club,33.0,1999-01-01T00:00:00Z,2003-01-01T00:00:00Z
http://www.wikidata.org/entity/Q2053535,http://www.wikidata.org/entity/Q163547,équipe de république d'Irlande de football,6.0,2000-01-01T00:00:00Z,2000-01-01T00:00:00Z
http://www.wikidata.org/entity/Q2053535,http://www.wikidata.org/entity/Q1371345,Ethnikós Le Pirée,7.0,1998-01-01T00:00:00Z,1999-01-01T00:00:00Z
http://www.wikidata.org/entity/Q2053535,http://www.wikidata.org/entity/Q212708,Bohemian Football Club,30.0,2004-01-01T00:00:00Z,2005-01-01T00:00:00Z
http://www.wikidata.org/entity/Q2053535,http://www.wikidata.org/entity/Q19598,Notts County FC,2.0,1998-01-01T00:00:00Z,1998-01-01T00:00:00Z
http://www.wikidata.org/entity/Q2053535,http://www.wikidata.org/entity/Q19500,Wolverhampton Wanderers F.C.,21.0,1995-01-01T00:00:00Z,1999-01-01T00:00:00Z
http://www.wikidata.org/entity/Q2053535,http://www.wikidata.org/entity/Q48951,Southend United FC,5.0,2003-01-01T00:00:00Z,2003-01-01T00:00:00Z
http://www.wikidata.org/entity/Q2053535,http://www.wikidata.org/entity/Q18723,QP Rangers,1.0,2001-01-01T00:00:00Z,2001-01-01T00:00:00Z
http://www.wikidata.org/entity/Q2053535,http://www.wikidata.org/entity/Q18232,La Gantoise,103.0,2005-01-01T00:00:00Z,2009-01-01T00:00:00Z
http://www.wikidata.org/entity/Q2053535,http://www.wikidata.org/entity/Q2714,Watford Football Club,8.0,1998-01-01T00:00:00Z,1998-01-01T00:00:00Z
http://www.wikidata.org/entity/Q2053535,http://www.wikidata.org/entity/Q364698,Cercle Bruges KSV,70.0,2009-01-01T00:00:00Z,2012-01-01T00:00:00Z
http://www.wikidata.org/entity/Q2053535,http://www.wikidata.org/entity/Q18723,QP Rangers,4.0,2002-01-01T00:00:00Z,2002-01-01T00:00:00Z
http://www.wikidata.org/entity/Q2053535,http://www.wikidata.org/entity/Q48946,Oxford United Football Club,6.0,2003-01-01T00:00:00Z,2003-01-01T00:00:00Z
http://www.wikidata.org/entity/Q2053535,http://www.wikidata.org/entity/Q75684,Sporting Clube de Braga,12.0,2003-01-01T00:00:00Z,2004-01-01T00:00:00Z
http://www.wikidata.org/entity/Q2053535,http://www.wikidata.org/entity/Q19634,Swindon Town Football Club,7.0,2002-01-01T00:00:00Z,2002-01-01T00:00:00Z
http://www.wikidata.org/entity/Q2053535,http://www.wikidata.org/entity/Q1987862,Saint James's Gate Football Club,,1994-01-01T00:00:00Z,1995-01-01T00:00:00Z
http://www.wikidata.org/entity/Q1801372,http://www.wikidata.org/entity/Q193749,Legia Varsovie,55.0,2005-12-01T00:00:00Z,2008-12-01T00:00:00Z
http://www.wikidata.org/entity/Q1801372,http://www.wikidata.org/entity/Q730219,Korona Kielce,11.0,2009-01-01T00:00:00Z,2010-01-01T00:00:00Z
http://www.wikidata.org/entity/Q1801372,http://www.wikidata.org/entity/Q219098,Sport Club do Recife,,1999-01-01T00:00:00Z,1999-01-01T00:00:00Z
http://www.wikidata.org/entity/Q1801372,http://www.wikidata.org/entity/Q508440,Santa Cruz Futebol Clube,,2010-01-01T00:00:00Z,2010-01-01T00:00:00Z
http://www.wikidata.org/entity/Q1801372,http://www.wikidata.org/entity/Q219098,Sport Club do Recife,24.0,1998-01-01T00:00:00Z,1999-01-01T00:00:00Z
http://www.wikidata.org/entity/Q1801372,http://www.wikidata.org/entity/Q35933,Corinthians Paulista,7.0,2001-01-01T00:00:00Z,2002-01-01T00:00:00Z
http://www.wikidata.org/entity/Q1801372,http://www.wikidata.org/entity/Q132885,Olympique de Marseille,8.0,1999-01-01T00:00:00Z,1999-01-01T00:00:00Z
http://www.wikidata.org/entity/Q1801372,http://www.wikidata.org/entity/Q73971,Clube Náutico Capibaribe,1.0,2009-01-01T00:00:00Z,2009-01-01T00:00:00Z
http://www.wikidata.org/entity/Q1801372,http://www.wikidata.org/entity/Q5062852,Centro Limoeirense,,2010-01-01T00:00:00Z,2010-01-01T00:00:00Z
http://www.wikidata.org/entity/Q1801372,http://www.wikidata.org/entity/Q270995,Atlético Mineiro,0.0,2001-01-01T00:00:00Z,2001-01-01T00:00:00Z
http://www.wikidata.org/entity/Q1801372,http://www.wikidata.org/entity/Q211401,União Desportiva de Leiria,78.0,2002-01-01T00:00:00Z,2005-01-01T00:00:00Z
http://www.wikidata.org/entity/Q1801372,http://www.wikidata.org/entity/Q75729,Sporting Clube de Portugal,,2005-01-01T00:00:00Z,2005-01-01T00:00:00Z
http://www.wikidata.org/entity/Q1808122,http://www.wikidata.org/entity/Q270051,Athletic club ajaccien,13.0,2004-01-01T00:00:00Z,2005-01-01T00:00:00Z
http://www.wikidata.org/entity/Q1808122,http://www.wikidata.org/entity/Q2701714,équipe de France de football des moins de 19 ans,,2002-01-01T00:00:00Z,2003-01-01T00:00:00Z
http://www.wikidata.org/entity/Q1808122,http://www.wikidata.org/entity/Q642433,Club Deportivo Chivas USA,22.0,2007-01-01T00:00:00Z,2007-01-01T00:00:00Z
http://www.wikidata.org/entity/Q1808122,http://www.wikidata.org/entity/Q845067,LB Châteauroux,3.0,2006-01-01T00:00:00Z,2006-01-01T00:00:00Z
http://www.wikidata.org/entity/Q1808122,http://www.wikidata.org/entity/Q1450557,équipe de France de football des moins de 18 ans,,2002-01-01T00:00:00Z,2002-01-01T00:00:00Z
http://www.wikidata.org/entity/Q1808122,http://www.wikidata.org/entity/Q132885,Olympique de Marseille,,2013-01-01T00:00:00Z,2014-01-01T00:00:00Z
http://www.wikidata.org/entity/Q1808122,http://www.wikidata.org/entity/Q2118510,Latina Calcio 1932,10.0,2011-01-01T00:00:00Z,2012-01-01T00:00:00Z
http://www.wikidata.org/entity/Q1808122,http://www.wikidata.org/entity/Q394452,St. Patrick's Athletic FC,,2008-01-01T00:00:00Z,2008-01-01T00:00:00Z
http://www.wikidata.org/entity/Q1808122,http://www.wikidata.org/entity/Q270051,Athletic club ajaccien,,2005-01-01T00:00:00Z,2006-01-01T00:00:00Z
http://www.wikidata.org/entity/Q1808122,http://www.wikidata.org/entity/Q1811436,stade olympique Cassis Carnoux,,2009-01-01T00:00:00Z,2010-01-01T00:00:00Z
http://www.wikidata.org/entity/Q1808122,http://www.wikidata.org/entity/Q1344163,équipe de France de football des moins de 20 ans,,2003-01-01T00:00:00Z,2004-01-01T00:00:00Z
http://www.wikidata.org/entity/Q1808122,http://www.wikidata.org/entity/Q132885,Olympique de Marseille,,2002-01-01T00:00:00Z,2005-01-01T00:00:00Z
http://www.wikidata.org/entity/Q1813627,http://www.wikidata.org/entity/Q19451,Bolton Wanderers FC,3.0,2002-01-01T00:00:00Z,2002-01-01T00:00:00Z
http://www.wikidata.org/entity/Q1813627,http://www.wikidata.org/entity/Q1757023,Sologne Football Romorantin 41,16.0,2009-01-01T00:00:00Z,2009-01-01T00:00:00Z
http://www.wikidata.org/entity/Q1813627,http://www.wikidata.org/entity/Q747693,Louhans-Cuiseaux FC,52.0,1997-01-01T00:00:00Z,2000-01-01T00:00:00Z
http://www.wikidata.org/entity/Q1813627,http://www.wikidata.org/entity/Q1753193,RAA louviéroise,31.0,2004-01-01T00:00:00Z,2005-01-01T00:00:00Z
http://www.wikidata.org/entity/Q1813627,http://www.wikidata.org/entity/Q221525,FC Metz,35.0,2000-01-01T00:00:00Z,2004-01-01T00:00:00Z
http://www.wikidata.org/entity/Q1813627,http://www.wikidata.org/entity/Q1050331,Football Club Molenbeek Brussels Strombeek,20.0,2005-01-01T00:00:00Z,2006-01-01T00:00:00Z
http://www.wikidata.org/entity/Q1836452,http://www.wikidata.org/entity/Q11971,SD Huesca,20.0,2012-01-01T00:00:00Z,2012-01-01T00:00:00Z
http://www.wikidata.org/entity/Q1836452,http://www.wikidata.org/entity/Q11971,SD Huesca,0.0,2012-01-01T00:00:00Z,2014-01-01T00:00:00Z
http://www.wikidata.org/entity/Q1836452,http://www.wikidata.org/entity/Q856119,Club Deportivo Leganés,,2015-01-01T00:00:00Z,
http://www.wikidata.org/entity/Q1836452,http://www.wikidata.org/entity/Q10319,Real Valladolid,34.0,2012-01-01T00:00:00Z,2013-01-01T00:00:00Z
http://www.wikidata.org/entity/Q1836452,http://www.wikidata.org/entity/Q5010143,CD Tenerife B,65.0,2006-01-01T00:00:00Z,2009-01-01T00:00:00Z
http://www.wikidata.org/entity/Q1836452,http://www.wikidata.org/entity/Q1129595,équipe d'Espagne espoirs de football,1.0,2009-01-01T00:00:00Z,2009-01-01T00:00:00Z
http://www.wikidata.org/entity/Q1836452,http://www.wikidata.org/entity/Q837218,UE Lleida,7.0,2007-01-01T00:00:00Z,2007-01-01T00:00:00Z
http://www.wikidata.org/entity/Q1836452,http://www.wikidata.org/entity/Q10407,UD Almería,8.0,2011-01-01T00:00:00Z,2012-01-01T00:00:00Z
http://www.wikidata.org/entity/Q1836452,http://www.wikidata.org/entity/Q216661,Club Deportivo Tenerife,63.0,2006-01-01T00:00:00Z,2012-01-01T00:00:00Z
http://www.wikidata.org/entity/Q1836452,http://www.wikidata.org/entity/Q10319,Real Valladolid,57.0,2013-01-01T00:00:00Z,2015-01-01T00:00:00Z
http://www.wikidata.org/entity/Q1841421,http://www.wikidata.org/entity/Q2367921,Candás CF,,2011-01-01T00:00:00Z,2011-01-01T00:00:00Z
http://www.wikidata.org/entity/Q1841421,http://www.wikidata.org/entity/Q12278,Sporting Gijón,16.0,2006-01-01T00:00:00Z,2010-01-01T00:00:00Z
http://www.wikidata.org/entity/Q1850683,http://www.wikidata.org/entity/Q19482,Wimbledon Football Club,21.0,1999-01-01T00:00:00Z,2000-01-01T00:00:00Z
http://www.wikidata.org/entity/Q1850683,http://www.wikidata.org/entity/Q1130537,Hapoël Petah-Tikvah,153.0,1992-01-01T00:00:00Z,1999-01-01T00:00:00Z
http://www.wikidata.org/entity/Q1850683,http://www.wikidata.org/entity/Q206585,Hapoël Tel-Aviv,237.0,2005-01-01T00:00:00Z,2013-01-01T00:00:00Z
http://www.wikidata.org/entity/Q1850683,http://www.wikidata.org/entity/Q2129100,Maccabi Haïfa FC,141.0,2000-01-01T00:00:00Z,2005-01-01T00:00:00Z
http://www.wikidata.org/entity/Q1850683,http://www.wikidata.org/entity/Q248188,Milton Keynes Dons Football Club,141.0,1999-01-01T00:00:00Z,2000-01-01T00:00:00Z
http://www.wikidata.org/entity/Q1850683,http://www.wikidata.org/entity/Q191406,équipe d'Israël de football,74.0,1997-01-01T00:00:00Z,2007-01-01T00:00:00Z
http://www.wikidata.org/entity/Q1855275,http://www.wikidata.org/entity/Q1811026,équipe des Pays-Bas espoirs de football,1.0,2003-01-01T00:00:00Z,2003-01-01T00:00:00Z
http://www.wikidata.org/entity/Q1855275,http://www.wikidata.org/entity/Q24904,ADO La Haye,159.0,2000-01-01T00:00:00Z,2007-01-01T00:00:00Z
http://www.wikidata.org/entity/Q1855275,http://www.wikidata.org/entity/Q18659,Swansea City AFC,54.0,2007-01-01T00:00:00Z,2012-01-01T00:00:00Z
http://www.wikidata.org/entity/Q1857376,http://www.wikidata.org/entity/Q1277549,équipe de France espoirs de football,1.0,2007-01-01T00:00:00Z,2007-01-01T00:00:00Z
http://www.wikidata.org/entity/Q1857376,http://www.wikidata.org/entity/Q1344163,équipe de France de football des moins de 20 ans,,2004-01-01T00:00:00Z,2006-01-01T00:00:00Z
http://www.wikidata.org/entity/Q1857376,http://www.wikidata.org/entity/Q646079,K Beerschot AC,,2007-01-01T00:00:00Z,2008-01-01T00:00:00Z
http://www.wikidata.org/entity/Q1857376,http://www.wikidata.org/entity/Q181903,équipe d'Algérie de football,,2012-01-01T00:00:00Z,
http://www.wikidata.org/entity/Q1857376,http://www.wikidata.org/entity/Q219241,Falkirk Football Club,3.0,2009-01-01T00:00:00Z,2010-01-01T00:00:00Z
http://www.wikidata.org/entity/Q1857376,http://www.wikidata.org/entity/Q426874,Al-Dhafra,,2010-01-01T00:00:00Z,2010-01-01T00:00:00Z
http://www.wikidata.org/entity/Q1857376,http://www.wikidata.org/entity/Q1059484,Entente sportive sétifienne,,2013-01-01T00:00:00Z,
http://www.wikidata.org/entity/Q1857376,http://www.wikidata.org/entity/Q426874,Al-Dhafra,,2008-01-01T00:00:00Z,2009-01-01T00:00:00Z
http://www.wikidata.org/entity/Q1857376,http://www.wikidata.org/entity/Q646079,K Beerschot AC,8.0,2007-01-01T00:00:00Z,2007-01-01T00:00:00Z
http://www.wikidata.org/entity/Q1857376,http://www.wikidata.org/entity/Q426874,Al-Dhafra,,2009-01-01T00:00:00Z,2010-01-01T00:00:00Z
http://www.wikidata.org/entity/Q1857376,http://www.wikidata.org/entity/Q19512,Football Club Sochaux-Montbéliard,0.0,2006-01-01T00:00:00Z,2007-01-01T00:00:00Z
http://www.wikidata.org/entity/Q1857376,http://www.wikidata.org/entity/Q1753870,Stadium Racing Colmar,36.0,2010-01-01T00:00:00Z,2011-01-01T00:00:00Z
http://www.wikidata.org/entity/Q1857376,http://www.wikidata.org/entity/Q3589644,équipe d'Algérie de football A',,2013-01-01T00:00:00Z,
http://www.wikidata.org/entity/Q1857376,http://www.wikidata.org/entity/Q1840844,Jeunesse sportive medinat Béjaïa,41.0,2012-01-01T00:00:00Z,2013-01-01T00:00:00Z
http://www.wikidata.org/entity/Q1859244,http://www.wikidata.org/entity/Q3873544,équipe du Danemark de football des moins de 20 ans,4.0,2007-01-01T00:00:00Z,2008-01-01T00:00:00Z
http://www.wikidata.org/entity/Q1859244,http://www.wikidata.org/entity/Q211912,Odense Boldklub,2.0,2015-01-01T00:00:00Z,2016-01-01T00:00:00Z
http://www.wikidata.org/entity/Q1859244,http://www.wikidata.org/entity/Q1270152,équipe du Danemark espoirs de football,15.0,2009-01-01T00:00:00Z,2011-01-01T00:00:00Z
http://www.wikidata.org/entity/Q1859244,http://www.wikidata.org/entity/Q2710,Delfino Pescara,61.0,2012-01-01T00:00:00Z,2015-01-01T00:00:00Z
http://www.wikidata.org/entity/Q1859244,http://www.wikidata.org/entity/Q635654,Lyngby BK,24.0,2008-01-01T00:00:00Z,2009-01-01T00:00:00Z
http://www.wikidata.org/entity/Q1859244,http://www.wikidata.org/entity/Q3873525,équipe du Danemark de football des moins de 19 ans,8.0,2006-01-01T00:00:00Z,2007-01-01T00:00:00Z
http://www.wikidata.org/entity/Q1859244,http://www.wikidata.org/entity/Q16344,AC Pérouse Calcio,12.0,2015-01-01T00:00:00Z,2015-01-01T00:00:00Z
http://www.wikidata.org/entity/Q1859244,http://www.wikidata.org/entity/Q8639,Hellas Vérone Football Club,12.0,2013-01-01T00:00:00Z,2013-01-01T00:00:00Z
http://www.wikidata.org/entity/Q1859244,http://www.wikidata.org/entity/Q1270133,équipe du Danemark de football des moins de 17 ans,15.0,2004-01-01T00:00:00Z,2005-01-01T00:00:00Z
http://www.wikidata.org/entity/Q1859244,http://www.wikidata.org/entity/Q210025,Football Club Nordsjælland,49.0,2010-01-01T00:00:00Z,2012-01-01T00:00:00Z
http://www.wikidata.org/entity/Q1859244,http://www.wikidata.org/entity/Q1151909,Sarpsborg 08 FF,,2016-01-01T00:00:00Z,
http://www.wikidata.org/entity/Q1859244,http://www.wikidata.org/entity/Q1270129,équipe du Danemark de football des moins de 18 ans,4.0,2005-01-01T00:00:00Z,2006-01-01T00:00:00Z
http://www.wikidata.org/entity/Q1859244,http://www.wikidata.org/entity/Q211912,Odense Boldklub,12.0,2007-01-01T00:00:00Z,2010-01-01T00:00:00Z
http://www.wikidata.org/entity/Q1860443,http://www.wikidata.org/entity/Q290481,ÉFC Fréjus Saint-Raphaël,13.0,2011-01-01T00:00:00Z,2013-01-01T00:00:00Z
http://www.wikidata.org/entity/Q1860443,http://www.wikidata.org/entity/Q298267,AS Cannes,92.0,1999-01-01T00:00:00Z,2002-01-01T00:00:00Z
http://www.wikidata.org/entity/Q1860443,http://www.wikidata.org/entity/Q849139,KSK Beveren,34.0,2006-01-01T00:00:00Z,2007-01-01T00:00:00Z
http://www.wikidata.org/entity/Q1860443,http://www.wikidata.org/entity/Q209509,Grenoble Foot 38,27.0,2007-01-01T00:00:00Z,2009-01-01T00:00:00Z
http://www.wikidata.org/entity/Q1860443,http://www.wikidata.org/entity/Q870173,Vannes Olympique Club,41.0,2010-01-01T00:00:00Z,2011-01-01T00:00:00Z
http://www.wikidata.org/entity/Q1860443,http://www.wikidata.org/entity/Q420755,Akratitos Liosion,25.0,2005-01-01T00:00:00Z,2006-01-01T00:00:00Z
http://www.wikidata.org/entity/Q1860443,http://www.wikidata.org/entity/Q19585,Royal Charleroi SC,73.0,2002-01-01T00:00:00Z,2005-01-01T00:00:00Z
http://www.wikidata.org/entity/Q1863120,http://www.wikidata.org/entity/Q929697,Moghreb de Tétouan,,2009-01-01T00:00:00Z,2010-01-01T00:00:00Z
http://www.wikidata.org/entity/Q1863120,http://www.wikidata.org/entity/Q520066,Al Wasl Dubaï,,2004-01-01T00:00:00Z,2004-01-01T00:00:00Z
http://www.wikidata.org/entity/Q1863120,http://www.wikidata.org/entity/Q284452,Al-Ahli Sports Club,,2003-01-01T00:00:00Z,2003-01-01T00:00:00Z
http://www.wikidata.org/entity/Q1863120,http://www.wikidata.org/entity/Q223566,Al Ahly SC,,2003-01-01T00:00:00Z,2003-01-01T00:00:00Z
http://www.wikidata.org/entity/Q1863120,http://www.wikidata.org/entity/Q311268,Al-Rayyan SC,,2003-01-01T00:00:00Z,2004-01-01T00:00:00Z
http://www.wikidata.org/entity/Q1863120,http://www.wikidata.org/entity/Q1051514,Raja CA,11.0,2005-01-01T00:00:00Z,2005-01-01T00:00:00Z
http://www.wikidata.org/entity/Q1863120,http://www.wikidata.org/entity/Q311268,Al-Rayyan SC,35.0,2005-01-01T00:00:00Z,2007-01-01T00:00:00Z
http://www.wikidata.org/entity/Q1863120,http://www.wikidata.org/entity/Q520066,Al Wasl Dubaï,,2004-01-01T00:00:00Z,2005-01-01T00:00:00Z
http://www.wikidata.org/entity/Q1863120,http://www.wikidata.org/entity/Q209509,Grenoble Foot 38,35.0,2007-01-01T00:00:00Z,2009-01-01T00:00:00Z
http://www.wikidata.org/entity/Q1863120,http://www.wikidata.org/entity/Q284281,Al-Wakrah Sports Club,11.0,2005-01-01T00:00:00Z,2005-01-01T00:00:00Z
http://www.wikidata.org/entity/Q1863120,http://www.wikidata.org/entity/Q283760,Al-Arabi SC,,2007-01-01T00:00:00Z,2007-01-01T00:00:00Z
