player,club,clubLabel,apps,start,end
http://www.wikidata.org/entity/Q941874,http://www.wikidata.org/entity/Q3375671,Persebaya Surabaya,12.0,2012-01-01T00:00:00Z,2013-01-01T00:00:00Z
http://www.wikidata.org/entity/Q941874,http://www.wikidata.org/entity/Q642408,Rapids du Colorado,33.0,2005-01-01T00:00:00Z,2007-01-01T00:00:00Z
http://www.wikidata.org/entity/Q941874,http://www.wikidata.org/entity/Q499616,Club Nacional,10.0,2004-01-01T00:00:00Z,2004-01-01T00:00:00Z
http://www.wikidata.org/entity/Q941874,http://www.wikidata.org/entity/Q11979,Unión Deportiva Las Palmas,11.0,2002-01-01T00:00:00Z,2002-01-01T00:00:00Z
http://www.wikidata.org/entity/Q941874,http://www.wikidata.org/entity/Q1024343,Club Social y Deportivo Villa Española,28.0,2002-01-01T00:00:00Z,2002-01-01T00:00:00Z
http://www.wikidata.org/entity/Q941874,http://www.wikidata.org/entity/Q371136,Futebol Clube Paços de Ferreira,,2003-01-01T00:00:00Z,2004-01-01T00:00:00Z
http://www.wikidata.org/entity/Q942509,http://www.wikidata.org/entity/Q101859,VfL Wolfsburg,8.0,2012-01-01T00:00:00Z,2013-01-01T00:00:00Z
http://www.wikidata.org/entity/Q942509,http://www.wikidata.org/entity/Q2660379,équipe de Macédoine espoirs de football,13.0,2010-01-01T00:00:00Z,2012-01-01T00:00:00Z
http://www.wikidata.org/entity/Q942509,http://www.wikidata.org/entity/Q6723101,équipe de Macédoine de football des moins de 17 ans,,2006-01-01T00:00:00Z,2006-01-01T00:00:00Z
http://www.wikidata.org/entity/Q942509,http://www.wikidata.org/entity/Q1129387,Klubit Futbollistik Shkëndija,,2015-01-01T00:00:00Z,
http://www.wikidata.org/entity/Q942509,http://www.wikidata.org/entity/Q211906,Brøndby IF,37.0,2013-01-01T00:00:00Z,2015-01-01T00:00:00Z
http://www.wikidata.org/entity/Q942509,http://www.wikidata.org/entity/Q188568,équipe de Macédoine du Nord de football,,2010-01-01T00:00:00Z,
http://www.wikidata.org/entity/Q942509,http://www.wikidata.org/entity/Q1129387,Klubit Futbollistik Shkëndija,44.0,2008-01-01T00:00:00Z,2012-01-01T00:00:00Z
http://www.wikidata.org/entity/Q944366,http://www.wikidata.org/entity/Q19442,Barnsley Football Club,23.0,2010-01-01T00:00:00Z,2011-01-01T00:00:00Z
http://www.wikidata.org/entity/Q944366,http://www.wikidata.org/entity/Q19500,Wolverhampton Wanderers F.C.,15.0,2008-01-01T00:00:00Z,2010-01-01T00:00:00Z
http://www.wikidata.org/entity/Q944366,http://www.wikidata.org/entity/Q19449,Blackpool FC,4.0,2011-01-01T00:00:00Z,2012-01-01T00:00:00Z
http://www.wikidata.org/entity/Q944366,http://www.wikidata.org/entity/Q19612,Preston North End FC,105.0,2005-01-01T00:00:00Z,2008-01-01T00:00:00Z
http://www.wikidata.org/entity/Q944366,http://www.wikidata.org/entity/Q19456,Bristol City Football Club,203.0,1998-01-01T00:00:00Z,2005-01-01T00:00:00Z
http://www.wikidata.org/entity/Q944366,http://www.wikidata.org/entity/Q18723,QP Rangers,16.0,2010-01-01T00:00:00Z,2010-01-01T00:00:00Z
http://www.wikidata.org/entity/Q944366,http://www.wikidata.org/entity/Q19607,Sheffield United FC,12.0,2012-01-01T00:00:00Z,2012-01-01T00:00:00Z
http://www.wikidata.org/entity/Q944366,http://www.wikidata.org/entity/Q19637,Tranmere Rovers FC,,2014-01-01T00:00:00Z,
http://www.wikidata.org/entity/Q944366,http://www.wikidata.org/entity/Q19607,Sheffield United FC,66.0,2012-01-01T00:00:00Z,2014-01-01T00:00:00Z
http://www.wikidata.org/entity/Q944580,http://www.wikidata.org/entity/Q513237,Kocaelispor,8.0,2008-01-01T00:00:00Z,2008-01-01T00:00:00Z
http://www.wikidata.org/entity/Q944580,http://www.wikidata.org/entity/Q209619,OFK Belgrade,34.0,1994-01-01T00:00:00Z,1997-01-01T00:00:00Z
http://www.wikidata.org/entity/Q944580,http://www.wikidata.org/entity/Q865735,Royal Excelsior Mouscron,25.0,2000-01-01T00:00:00Z,2001-01-01T00:00:00Z
http://www.wikidata.org/entity/Q944580,http://www.wikidata.org/entity/Q221525,FC Metz,44.0,1998-01-01T00:00:00Z,2000-01-01T00:00:00Z
http://www.wikidata.org/entity/Q944580,http://www.wikidata.org/entity/Q208399,SC Bastia,19.0,1997-01-01T00:00:00Z,1998-01-01T00:00:00Z
http://www.wikidata.org/entity/Q944580,http://www.wikidata.org/entity/Q1131732,équipe de Serbie-et-Monténégro de football,12.0,2003-01-01T00:00:00Z,2005-01-01T00:00:00Z
http://www.wikidata.org/entity/Q944580,http://www.wikidata.org/entity/Q221525,FC Metz,9.0,2009-01-01T00:00:00Z,2009-01-01T00:00:00Z
http://www.wikidata.org/entity/Q944580,http://www.wikidata.org/entity/Q812723,Al-Nasr Dubaï,28.0,2007-01-01T00:00:00Z,2007-01-01T00:00:00Z
http://www.wikidata.org/entity/Q944580,http://www.wikidata.org/entity/Q2280491,FK Radnički Obrenovac,44.0,1992-01-01T00:00:00Z,1994-01-01T00:00:00Z
http://www.wikidata.org/entity/Q944580,http://www.wikidata.org/entity/Q173009,Étoile rouge Belgrade,22.0,2007-01-01T00:00:00Z,2008-01-01T00:00:00Z
http://www.wikidata.org/entity/Q944580,http://www.wikidata.org/entity/Q187528,RSC Anderlecht,80.0,2001-01-01T00:00:00Z,2005-01-01T00:00:00Z
http://www.wikidata.org/entity/Q944580,http://www.wikidata.org/entity/Q812720,Al-Aïn Football Club,23.0,2006-01-01T00:00:00Z,2007-01-01T00:00:00Z
http://www.wikidata.org/entity/Q945726,http://www.wikidata.org/entity/Q459794,Plaisance Calcio 1919,60.0,2001-01-01T00:00:00Z,2003-01-01T00:00:00Z
http://www.wikidata.org/entity/Q945726,http://www.wikidata.org/entity/Q289029,Società Sportiva Calcio Ancona,9.0,2003-01-01T00:00:00Z,2003-01-01T00:00:00Z
http://www.wikidata.org/entity/Q945726,http://www.wikidata.org/entity/Q1052316,Alma Juventus Fano,88.0,1989-01-01T00:00:00Z,1992-01-01T00:00:00Z
http://www.wikidata.org/entity/Q945726,http://www.wikidata.org/entity/Q6664,AC Cesena,166.0,1992-01-01T00:00:00Z,1997-01-01T00:00:00Z
http://www.wikidata.org/entity/Q945726,http://www.wikidata.org/entity/Q6651,Brescia Calcio,129.0,1997-01-01T00:00:00Z,2001-01-01T00:00:00Z
http://www.wikidata.org/entity/Q945726,http://www.wikidata.org/entity/Q16344,AC Pérouse Calcio,13.0,2003-01-01T00:00:00Z,2004-01-01T00:00:00Z
http://www.wikidata.org/entity/Q945726,http://www.wikidata.org/entity/Q3625823,Associazione Calcio Chiari 1912,7.0,2005-01-01T00:00:00Z,2005-01-01T00:00:00Z
http://www.wikidata.org/entity/Q945726,http://www.wikidata.org/entity/Q1968070,Unione Sportiva Pergolettese 1932,30.0,1988-01-01T00:00:00Z,1989-01-01T00:00:00Z
http://www.wikidata.org/entity/Q945726,http://www.wikidata.org/entity/Q3904889,Pievigina Calcio,25.0,1987-01-01T00:00:00Z,1988-01-01T00:00:00Z
http://www.wikidata.org/entity/Q945726,http://www.wikidata.org/entity/Q430993,Mantova 1911,23.0,2004-01-01T00:00:00Z,2005-01-01T00:00:00Z
http://www.wikidata.org/entity/Q945726,http://www.wikidata.org/entity/Q16344,AC Pérouse Calcio,13.0,2004-01-01T00:00:00Z,2004-01-01T00:00:00Z
http://www.wikidata.org/entity/Q945726,http://www.wikidata.org/entity/Q581713,Associazione Calcio Rodengo Saiano,18.0,2005-01-01T00:00:00Z,2006-01-01T00:00:00Z
http://www.wikidata.org/entity/Q946440,http://www.wikidata.org/entity/Q204237,FC Dinamo Bucarest,20.0,2013-01-01T00:00:00Z,2014-01-01T00:00:00Z
http://www.wikidata.org/entity/Q946440,http://www.wikidata.org/entity/Q216510,CF Os Belenenses,,2015-01-01T00:00:00Z,2015-01-01T00:00:00Z
http://www.wikidata.org/entity/Q946440,http://www.wikidata.org/entity/Q608988,CS Sedan Ardennes,3.0,2006-01-01T00:00:00Z,2007-01-01T00:00:00Z
http://www.wikidata.org/entity/Q946440,http://www.wikidata.org/entity/Q1023227,Clube Desportivo de Tondela,,2016-01-01T00:00:00Z,
http://www.wikidata.org/entity/Q946440,http://www.wikidata.org/entity/Q192071,Football Club de Nantes,,2004-01-01T00:00:00Z,2008-01-01T00:00:00Z
http://www.wikidata.org/entity/Q946440,http://www.wikidata.org/entity/Q846008,Associação Naval 1º de Maio,42.0,2012-01-01T00:00:00Z,2013-01-01T00:00:00Z
http://www.wikidata.org/entity/Q946440,http://www.wikidata.org/entity/Q192597,Hibernian F.C.,37.0,2008-01-01T00:00:00Z,2011-01-01T00:00:00Z
http://www.wikidata.org/entity/Q946477,http://www.wikidata.org/entity/Q19521,AS Saint-Étienne,74.0,2004-01-01T00:00:00Z,2006-01-01T00:00:00Z
http://www.wikidata.org/entity/Q946477,http://www.wikidata.org/entity/Q270420,PFC Litex Lovetch,72.0,2008-01-01T00:00:00Z,2011-01-01T00:00:00Z
http://www.wikidata.org/entity/Q946477,http://www.wikidata.org/entity/Q201360,Grasshopper Zurich,,2015-01-01T00:00:00Z,
http://www.wikidata.org/entity/Q946477,http://www.wikidata.org/entity/Q1339086,PFC Ludogorets 1945,73.0,2011-01-01T00:00:00Z,2015-01-01T00:00:00Z
http://www.wikidata.org/entity/Q946477,http://www.wikidata.org/entity/Q292231,Rodez Aveyron Football,70.0,2006-01-01T00:00:00Z,2008-01-01T00:00:00Z
http://www.wikidata.org/entity/Q947236,http://www.wikidata.org/entity/Q1512147,IFK Hässleholm,78.0,1995-01-01T00:00:00Z,1997-01-01T00:00:00Z
http://www.wikidata.org/entity/Q947236,http://www.wikidata.org/entity/Q160826,équipe de Suède de football,2.0,2000-01-01T00:00:00Z,2000-01-01T00:00:00Z
http://www.wikidata.org/entity/Q947236,http://www.wikidata.org/entity/Q818624,Trelleborgs FF,36.0,1998-01-01T00:00:00Z,1999-01-01T00:00:00Z
http://www.wikidata.org/entity/Q947236,http://www.wikidata.org/entity/Q142005,FC Hansa Rostock,181.0,1999-01-01T00:00:00Z,2006-01-01T00:00:00Z
http://www.wikidata.org/entity/Q947236,http://www.wikidata.org/entity/Q584858,Halmstads BK,58.0,2006-01-01T00:00:00Z,2008-01-01T00:00:00Z
http://www.wikidata.org/entity/Q947236,http://www.wikidata.org/entity/Q207503,Helsingborgs IF,0.0,2009-01-01T00:00:00Z,2009-01-01T00:00:00Z
http://www.wikidata.org/entity/Q947236,http://www.wikidata.org/entity/Q207503,Helsingborgs IF,16.0,1992-01-01T00:00:00Z,1994-01-01T00:00:00Z
http://www.wikidata.org/entity/Q947554,http://www.wikidata.org/entity/Q785203,FC Tatabánya,9.0,2008-01-01T00:00:00Z,2008-01-01T00:00:00Z
http://www.wikidata.org/entity/Q947554,http://www.wikidata.org/entity/Q208396,Ferencvárosi TC,0.0,2013-01-01T00:00:00Z,2015-01-01T00:00:00Z
http://www.wikidata.org/entity/Q947554,http://www.wikidata.org/entity/Q787320,BFC Siófok,25.0,2012-08-01T00:00:00Z,2013-01-01T00:00:00Z
http://www.wikidata.org/entity/Q947554,http://www.wikidata.org/entity/Q18747,West Ham United FC,1.0,2009-07-01T00:00:00Z,2012-01-01T00:00:00Z
http://www.wikidata.org/entity/Q947554,http://www.wikidata.org/entity/Q1290413,Soroksár SC,0.0,2014-01-01T00:00:00Z,2015-01-01T00:00:00Z
http://www.wikidata.org/entity/Q947554,http://www.wikidata.org/entity/Q385222,équipe de Hongrie espoirs de football,11.0,2007-01-01T00:00:00Z,2010-01-01T00:00:00Z
http://www.wikidata.org/entity/Q947554,http://www.wikidata.org/entity/Q18747,West Ham United FC,0.0,2009-02-01T00:00:00Z,2009-06-01T00:00:00Z
http://www.wikidata.org/entity/Q947554,http://www.wikidata.org/entity/Q244595,Újpest Football Club,0.0,2008-01-01T00:00:00Z,2009-01-01T00:00:00Z
http://www.wikidata.org/entity/Q947554,http://www.wikidata.org/entity/Q48949,Rochdale AFC,11.0,2012-01-01T00:00:00Z,2012-05-01T00:00:00Z
http://www.wikidata.org/entity/Q947752,http://www.wikidata.org/entity/Q298333,Lucchese 1905,26.0,1995-01-01T00:00:00Z,1996-01-01T00:00:00Z
http://www.wikidata.org/entity/Q947752,http://www.wikidata.org/entity/Q1854811,Unione Sportiva Poggibonsi,27.0,2008-01-01T00:00:00Z,2009-01-01T00:00:00Z
http://www.wikidata.org/entity/Q947752,http://www.wikidata.org/entity/Q922698,équipe d'Italie espoirs de football,6.0,1992-01-01T00:00:00Z,1993-01-01T00:00:00Z
http://www.wikidata.org/entity/Q947752,http://www.wikidata.org/entity/Q1457,UC Sampdoria,1.0,1990-01-01T00:00:00Z,1991-01-01T00:00:00Z
http://www.wikidata.org/entity/Q947752,http://www.wikidata.org/entity/Q289482,AC Monza,16.0,1993-01-01T00:00:00Z,1994-01-01T00:00:00Z
http://www.wikidata.org/entity/Q947752,http://www.wikidata.org/entity/Q1279917,Pistoiese Football Club,31.0,1994-01-01T00:00:00Z,1995-01-01T00:00:00Z
http://www.wikidata.org/entity/Q947752,http://www.wikidata.org/entity/Q13385,SPAL Ferrara,42.0,1991-01-01T00:00:00Z,1993-01-01T00:00:00Z
http://www.wikidata.org/entity/Q947752,http://www.wikidata.org/entity/Q297431,Castel di Sangro Calcio,12.0,1998-01-01T00:00:00Z,1998-01-01T00:00:00Z
http://www.wikidata.org/entity/Q947752,http://www.wikidata.org/entity/Q2756,Sienne FC,240.0,1996-01-01T00:00:00Z,2005-01-01T00:00:00Z
http://www.wikidata.org/entity/Q947752,http://www.wikidata.org/entity/Q13381,Unione Sportiva Triestina Calcio 1918,35.0,2006-01-01T00:00:00Z,2007-01-01T00:00:00Z
http://www.wikidata.org/entity/Q947752,http://www.wikidata.org/entity/Q297431,Castel di Sangro Calcio,12.0,1997-01-01T00:00:00Z,1997-01-01T00:00:00Z
http://www.wikidata.org/entity/Q947752,http://www.wikidata.org/entity/Q6721,US Grosseto FC,29.0,2007-01-01T00:00:00Z,2008-01-01T00:00:00Z
http://www.wikidata.org/entity/Q948402,http://www.wikidata.org/entity/Q478317,Coritiba FC,,2007-01-01T00:00:00Z,2008-01-01T00:00:00Z
http://www.wikidata.org/entity/Q948402,http://www.wikidata.org/entity/Q151747,Fortuna Düsseldorf,43.0,2012-01-01T00:00:00Z,2015-01-01T00:00:00Z
http://www.wikidata.org/entity/Q948402,http://www.wikidata.org/entity/Q154293,MSV Duisbourg,68.0,2009-01-01T00:00:00Z,2012-01-01T00:00:00Z
http://www.wikidata.org/entity/Q948402,http://www.wikidata.org/entity/Q838534,Paraná Clube,,2008-01-01T00:00:00Z,2009-01-01T00:00:00Z
http://www.wikidata.org/entity/Q948402,http://www.wikidata.org/entity/Q420594,Kaïrat Almaty,,2015-01-01T00:00:00Z,
http://www.wikidata.org/entity/Q948402,http://www.wikidata.org/entity/Q856179,Club Deportivo Toledo,,2008-01-01T00:00:00Z,2008-01-01T00:00:00Z
http://www.wikidata.org/entity/Q939454,http://www.wikidata.org/entity/Q2641,Società Sportiva Calcio Napoli,27.0,1997-01-01T00:00:00Z,1998-01-01T00:00:00Z
http://www.wikidata.org/entity/Q939454,http://www.wikidata.org/entity/Q1153687,Football Club AlzanoCene 1909,31.0,1988-01-01T00:00:00Z,1989-01-01T00:00:00Z
http://www.wikidata.org/entity/Q939454,http://www.wikidata.org/entity/Q6641,SSC Bari,112.0,1992-01-01T00:00:00Z,1996-01-01T00:00:00Z
http://www.wikidata.org/entity/Q939454,http://www.wikidata.org/entity/Q3664706,Centro Giovanile Virescit Boccaleone,31.0,1988-01-01T00:00:00Z,1989-01-01T00:00:00Z
http://www.wikidata.org/entity/Q939454,http://www.wikidata.org/entity/Q2609,Società Sportiva Lazio,27.0,1996-01-01T00:00:00Z,1997-01-01T00:00:00Z
http://www.wikidata.org/entity/Q939454,http://www.wikidata.org/entity/Q289707,AC Reggiana,24.0,1998-01-01T00:00:00Z,1999-01-01T00:00:00Z
http://www.wikidata.org/entity/Q939454,http://www.wikidata.org/entity/Q6767,US Livourne 1915,203.0,1999-01-01T00:00:00Z,2005-01-01T00:00:00Z
http://www.wikidata.org/entity/Q939454,http://www.wikidata.org/entity/Q2609,Società Sportiva Lazio,2.0,1998-01-01T00:00:00Z,1998-01-01T00:00:00Z
http://www.wikidata.org/entity/Q939455,http://www.wikidata.org/entity/Q24680,FC Utrecht,21.0,1997-01-01T00:00:00Z,1998-01-01T00:00:00Z
http://www.wikidata.org/entity/Q939455,http://www.wikidata.org/entity/Q24680,FC Utrecht,130.0,1999-01-01T00:00:00Z,2003-01-01T00:00:00Z
http://www.wikidata.org/entity/Q939455,http://www.wikidata.org/entity/Q19604,Portsmouth FC,5.0,2003-01-01T00:00:00Z,2005-01-01T00:00:00Z
http://www.wikidata.org/entity/Q939455,http://www.wikidata.org/entity/Q1053450,RBC Roosendaal,4.0,1993-01-01T00:00:00Z,1994-01-01T00:00:00Z
http://www.wikidata.org/entity/Q939455,http://www.wikidata.org/entity/Q209895,Sparta Rotterdam,15.0,2007-01-01T00:00:00Z,2009-01-01T00:00:00Z
http://www.wikidata.org/entity/Q939455,http://www.wikidata.org/entity/Q636315,Helmond Sport,81.0,1994-01-01T00:00:00Z,1997-01-01T00:00:00Z
http://www.wikidata.org/entity/Q939455,http://www.wikidata.org/entity/Q219233,Vitesse Arnhem,69.0,2005-01-01T00:00:00Z,2007-01-01T00:00:00Z
http://www.wikidata.org/entity/Q939455,http://www.wikidata.org/entity/Q134241,Feyenoord Rotterdam,0.0,1990-01-01T00:00:00Z,1993-01-01T00:00:00Z
http://www.wikidata.org/entity/Q939455,http://www.wikidata.org/entity/Q2798,Udinese Calcio,2.0,1998-01-01T00:00:00Z,1999-01-01T00:00:00Z
http://www.wikidata.org/entity/Q939455,http://www.wikidata.org/entity/Q209895,Sparta Rotterdam,14.0,2007-01-01T00:00:00Z,2007-01-01T00:00:00Z
http://www.wikidata.org/entity/Q939662,http://www.wikidata.org/entity/Q3589828,équipe d'Islande de football des moins de 17 ans,12.0,2006-01-01T00:00:00Z,2007-01-01T00:00:00Z
http://www.wikidata.org/entity/Q939662,http://www.wikidata.org/entity/Q2533263,équipe d'Islande espoirs de football,27.0,2007-01-01T00:00:00Z,2012-01-01T00:00:00Z
http://www.wikidata.org/entity/Q939662,http://www.wikidata.org/entity/Q186785,Rosenborg Ballklub,,2014-08-10T00:00:00Z,2017-01-01T00:00:00Z
http://www.wikidata.org/entity/Q939662,http://www.wikidata.org/entity/Q18747,West Ham United FC,0.0,2008-01-01T00:00:00Z,2011-01-01T00:00:00Z
http://www.wikidata.org/entity/Q939662,http://www.wikidata.org/entity/Q189198,équipe d'Islande de football,4.0,2012-01-01T00:00:00Z,
http://www.wikidata.org/entity/Q939662,http://www.wikidata.org/entity/Q105861,VfL Bochum,45.0,2011-07-01T00:00:00Z,2014-08-10T00:00:00Z
http://www.wikidata.org/entity/Q939662,http://www.wikidata.org/entity/Q186785,Rosenborg Ballklub,,2020-09-19T00:00:00Z,
http://www.wikidata.org/entity/Q939662,http://www.wikidata.org/entity/Q1053917,KSV Roulers,9.0,2010-01-01T00:00:00Z,2010-01-01T00:00:00Z
http://www.wikidata.org/entity/Q939662,http://www.wikidata.org/entity/Q139504898,HK Kópavogur,19.0,2007-01-01T00:00:00Z,2008-01-01T00:00:00Z
http://www.wikidata.org/entity/Q939662,http://www.wikidata.org/entity/Q48932,Cheltenham Town Football Club,4.0,2009-10-01T00:00:00Z,2009-11-01T00:00:00Z
http://www.wikidata.org/entity/Q939662,http://www.wikidata.org/entity/Q7924284,VfL Bochum II,9.0,2011-01-01T00:00:00Z,2013-01-01T00:00:00Z
http://www.wikidata.org/entity/Q939662,http://www.wikidata.org/entity/Q144190,PFK Levski Sofia,,2017-01-01T00:00:00Z,2020-01-01T00:00:00Z
http://www.wikidata.org/entity/Q940395,http://www.wikidata.org/entity/Q7301102,Real Valladolid B,0.0,2007-01-01T00:00:00Z,2008-01-01T00:00:00Z
http://www.wikidata.org/entity/Q940395,http://www.wikidata.org/entity/Q604589,Club Olimpia,23.0,2010-01-01T00:00:00Z,2010-01-01T00:00:00Z
http://www.wikidata.org/entity/Q940395,http://www.wikidata.org/entity/Q604589,Club Olimpia,12.0,2001-01-01T00:00:00Z,2003-01-01T00:00:00Z
http://www.wikidata.org/entity/Q940395,http://www.wikidata.org/entity/Q602515,Sportivo Luqueño,6.0,2012-01-01T00:00:00Z,2012-01-01T00:00:00Z
http://www.wikidata.org/entity/Q940395,http://www.wikidata.org/entity/Q10319,Real Valladolid,36.0,2003-01-01T00:00:00Z,2008-01-01T00:00:00Z
http://www.wikidata.org/entity/Q940395,http://www.wikidata.org/entity/Q172020,équipe du Paraguay de football,4.0,2004-01-01T00:00:00Z,2004-01-01T00:00:00Z
http://www.wikidata.org/entity/Q940395,http://www.wikidata.org/entity/Q603085,Club Rubio Ñu,,2014-01-01T00:00:00Z,
http://www.wikidata.org/entity/Q940395,http://www.wikidata.org/entity/Q914086,Cerro Porteño,11.0,2008-01-01T00:00:00Z,2008-01-01T00:00:00Z
http://www.wikidata.org/entity/Q940395,http://www.wikidata.org/entity/Q605044,Club Guaraní,8.0,2012-01-01T00:00:00Z,2012-01-01T00:00:00Z
http://www.wikidata.org/entity/Q940395,http://www.wikidata.org/entity/Q1103684,Corporacion Deportiva Everton de Viña del Mar,4.0,2009-01-01T00:00:00Z,2009-01-01T00:00:00Z
http://www.wikidata.org/entity/Q940395,http://www.wikidata.org/entity/Q219703,Boavista FC,7.0,2005-01-01T00:00:00Z,2006-01-01T00:00:00Z
http://www.wikidata.org/entity/Q940395,http://www.wikidata.org/entity/Q602815,Independiente Campo Grande,18.0,2011-01-01T00:00:00Z,2011-01-01T00:00:00Z
http://www.wikidata.org/entity/Q940395,http://www.wikidata.org/entity/Q3590749,équipe du Paraguay olympique de football,,2004-01-01T00:00:00Z,2004-01-01T00:00:00Z
http://www.wikidata.org/entity/Q940395,http://www.wikidata.org/entity/Q80882,CD Godoy Cruz,8.0,2006-01-01T00:00:00Z,2007-01-01T00:00:00Z
http://www.wikidata.org/entity/Q940740,http://www.wikidata.org/entity/Q289112,AC Bellinzone,9.0,2009-01-01T00:00:00Z,2011-01-01T00:00:00Z
http://www.wikidata.org/entity/Q940740,http://www.wikidata.org/entity/Q668573,FC Chiasso,22.0,2011-01-01T00:00:00Z,2012-01-01T00:00:00Z
http://www.wikidata.org/entity/Q940740,http://www.wikidata.org/entity/Q216773,FC Vaduz,121.0,2005-01-01T00:00:00Z,2009-01-01T00:00:00Z
http://www.wikidata.org/entity/Q940740,http://www.wikidata.org/entity/Q309456,FC Lausanne-Sport,6.0,2010-01-01T00:00:00Z,2010-01-01T00:00:00Z
http://www.wikidata.org/entity/Q940740,http://www.wikidata.org/entity/Q583599,FC Wohlen,,2012-01-01T00:00:00Z,
http://www.wikidata.org/entity/Q940740,http://www.wikidata.org/entity/Q4545849,FC Nuremberg II,,2002-01-01T00:00:00Z,2003-01-01T00:00:00Z
http://www.wikidata.org/entity/Q940740,http://www.wikidata.org/entity/Q15786,1. FC Nuremberg,17.0,2002-01-01T00:00:00Z,2003-01-01T00:00:00Z
http://www.wikidata.org/entity/Q940740,http://www.wikidata.org/entity/Q633521,FC Lugano,15.0,2004-01-01T00:00:00Z,2005-01-01T00:00:00Z
http://www.wikidata.org/entity/Q940740,http://www.wikidata.org/entity/Q668573,FC Chiasso,9.0,2011-01-01T00:00:00Z,2011-01-01T00:00:00Z
http://www.wikidata.org/entity/Q940740,http://www.wikidata.org/entity/Q367145,FC Malcantone Agno,29.0,2003-01-01T00:00:00Z,2004-01-01T00:00:00Z
http://www.wikidata.org/entity/Q940803,http://www.wikidata.org/entity/Q270051,Athletic club ajaccien,3.0,2002-01-01T00:00:00Z,2003-01-01T00:00:00Z
http://www.wikidata.org/entity/Q940803,http://www.wikidata.org/entity/Q571158,Sogndal Fotball,,2003-01-01T00:00:00Z,2006-01-01T00:00:00Z
http://www.wikidata.org/entity/Q940803,http://www.wikidata.org/entity/Q737947,IK Start,,1999-01-01T00:00:00Z,2002-01-01T00:00:00Z
http://www.wikidata.org/entity/Q940803,http://www.wikidata.org/entity/Q1415807,Mjøndalen IF Fotball,136.0,1992-01-01T00:00:00Z,1993-01-01T00:00:00Z
http://www.wikidata.org/entity/Q940803,http://www.wikidata.org/entity/Q638288,Strømsgodset IF,,2007-01-01T00:00:00Z,2009-01-01T00:00:00Z
http://www.wikidata.org/entity/Q940803,http://www.wikidata.org/entity/Q2446294,équipe de Norvège espoirs de football,,1995-01-01T00:00:00Z,1996-01-01T00:00:00Z
http://www.wikidata.org/entity/Q940803,http://www.wikidata.org/entity/Q3590274,équipe de Norvège de football des moins de 17 ans,5.0,1993-01-01T00:00:00Z,1993-01-01T00:00:00Z
http://www.wikidata.org/entity/Q940803,http://www.wikidata.org/entity/Q638288,Strømsgodset IF,136.0,1994-01-01T00:00:00Z,1999-01-01T00:00:00Z
http://www.wikidata.org/entity/Q940803,http://www.wikidata.org/entity/Q638288,Strømsgodset IF,136.0,1994-01-01T00:00:00Z,1994-01-01T00:00:00Z
http://www.wikidata.org/entity/Q940803,http://www.wikidata.org/entity/Q2251522,SBK Drafn,,1991-01-01T00:00:00Z,1991-01-01T00:00:00Z
http://www.wikidata.org/entity/Q940803,http://www.wikidata.org/entity/Q1415807,Mjøndalen IF Fotball,,1993-01-01T00:00:00Z,1993-01-01T00:00:00Z
http://www.wikidata.org/entity/Q940803,http://www.wikidata.org/entity/Q3873512,équipe de Norvège de football des moins de 18 ans,2.0,1994-01-01T00:00:00Z,1994-01-01T00:00:00Z
http://www.wikidata.org/entity/Q940803,http://www.wikidata.org/entity/Q2251522,SBK Drafn,,1991-01-01T00:00:00Z,1991-01-01T00:00:00Z
http://www.wikidata.org/entity/Q941007,http://www.wikidata.org/entity/Q136433,PFC CSKA Sofia,29.0,1998-01-01T00:00:00Z,2001-01-01T00:00:00Z
http://www.wikidata.org/entity/Q941007,http://www.wikidata.org/entity/Q179658,FCSB,3.0,2010-01-01T00:00:00Z,2010-01-01T00:00:00Z
http://www.wikidata.org/entity/Q941007,http://www.wikidata.org/entity/Q144190,PFK Levski Sofia,,2001-01-01T00:00:00Z,2007-01-01T00:00:00Z
http://www.wikidata.org/entity/Q941007,http://www.wikidata.org/entity/Q107818,FC Energie Cottbus,88.0,2007-01-01T00:00:00Z,2010-01-01T00:00:00Z
http://www.wikidata.org/entity/Q941007,http://www.wikidata.org/entity/Q144190,PFK Levski Sofia,127.0,2001-01-01T00:00:00Z,2007-01-01T00:00:00Z
http://www.wikidata.org/entity/Q941007,http://www.wikidata.org/entity/Q141688,Anorthosis Famagouste FC,34.0,2011-01-01T00:00:00Z,2012-01-01T00:00:00Z
http://www.wikidata.org/entity/Q941007,http://www.wikidata.org/entity/Q144190,PFK Levski Sofia,49.0,2012-01-01T00:00:00Z,2014-01-01T00:00:00Z
http://www.wikidata.org/entity/Q941007,http://www.wikidata.org/entity/Q180845,équipe de Bulgarie de football,39.0,2006-01-01T00:00:00Z,2011-01-01T00:00:00Z
http://www.wikidata.org/entity/Q941577,http://www.wikidata.org/entity/Q332642,NAC Breda,122.0,2002-01-01T00:00:00Z,2008-01-01T00:00:00Z
http://www.wikidata.org/entity/Q941577,http://www.wikidata.org/entity/Q18750,Wigan Athletic FC,62.0,2010-01-01T00:00:00Z,2013-01-01T00:00:00Z
http://www.wikidata.org/entity/Q941577,http://www.wikidata.org/entity/Q19603,FC Twente,57.0,2008-01-01T00:00:00Z,2010-01-01T00:00:00Z
http://www.wikidata.org/entity/Q941577,http://www.wikidata.org/entity/Q332642,NAC Breda,29.0,2015-01-01T00:00:00Z,2016-01-01T00:00:00Z
http://www.wikidata.org/entity/Q941577,http://www.wikidata.org/entity/Q190561,Standard de Liège,23.0,2013-01-01T00:00:00Z,2015-01-01T00:00:00Z
http://www.wikidata.org/entity/Q941874,http://www.wikidata.org/entity/Q633223,FC León,1.0,2008-01-01T00:00:00Z,2008-01-01T00:00:00Z
http://www.wikidata.org/entity/Q941874,http://www.wikidata.org/entity/Q849949,CF Atlante,22.0,2007-01-01T00:00:00Z,2007-01-01T00:00:00Z
http://www.wikidata.org/entity/Q941874,http://www.wikidata.org/entity/Q371136,Futebol Clube Paços de Ferreira,0.0,2003-01-01T00:00:00Z,2003-01-01T00:00:00Z
http://www.wikidata.org/entity/Q941874,http://www.wikidata.org/entity/Q849949,CF Atlante,22.0,2007-01-01T00:00:00Z,2008-01-01T00:00:00Z
http://www.wikidata.org/entity/Q941874,http://www.wikidata.org/entity/Q11979,Unión Deportiva Las Palmas,11.0,2002-01-01T00:00:00Z,2003-01-01T00:00:00Z
http://www.wikidata.org/entity/Q941874,http://www.wikidata.org/entity/Q1661426,Indios de Ciudad Juárez,30.0,2009-01-01T00:00:00Z,2010-01-01T00:00:00Z
http://www.wikidata.org/entity/Q941874,http://www.wikidata.org/entity/Q7170100,Persepam Madura United,,2013-01-01T00:00:00Z,
http://www.wikidata.org/entity/Q941874,http://www.wikidata.org/entity/Q499616,Club Nacional,,2004-01-01T00:00:00Z,2005-01-01T00:00:00Z
http://www.wikidata.org/entity/Q941874,http://www.wikidata.org/entity/Q527947,Canon Yaoundé,63.0,1998-01-01T00:00:00Z,2000-01-01T00:00:00Z
http://www.wikidata.org/entity/Q941874,http://www.wikidata.org/entity/Q278521,Atjeh United F.C.,17.0,2010-01-01T00:00:00Z,2011-01-01T00:00:00Z
http://www.wikidata.org/entity/Q941874,http://www.wikidata.org/entity/Q175309,équipe du Cameroun de football,,2001-01-01T00:00:00Z,
http://www.wikidata.org/entity/Q941874,http://www.wikidata.org/entity/Q527947,Canon Yaoundé,,2001-01-01T00:00:00Z,2002-01-01T00:00:00Z
http://www.wikidata.org/entity/Q941874,http://www.wikidata.org/entity/Q1031307,Sport Clube Freamunde,14.0,2000-01-01T00:00:00Z,2000-01-01T00:00:00Z
http://www.wikidata.org/entity/Q941874,http://www.wikidata.org/entity/Q1661426,Indios de Ciudad Juárez,,2009-01-01T00:00:00Z,2010-01-01T00:00:00Z
http://www.wikidata.org/entity/Q941874,http://www.wikidata.org/entity/Q1024343,Club Social y Deportivo Villa Española,28.0,2001-01-01T00:00:00Z,2002-01-01T00:00:00Z
http://www.wikidata.org/entity/Q941874,http://www.wikidata.org/entity/Q309400,US Boulogne CO,19.0,2008-01-01T00:00:00Z,2009-01-01T00:00:00Z
http://www.wikidata.org/entity/Q941874,http://www.wikidata.org/entity/Q1031307,Sport Clube Freamunde,14.0,2000-01-01T00:00:00Z,2001-01-01T00:00:00Z
http://www.wikidata.org/entity/Q941874,http://www.wikidata.org/entity/Q252008,Arema Malang,11.0,2011-01-01T00:00:00Z,2012-01-01T00:00:00Z
http://www.wikidata.org/entity/Q941874,http://www.wikidata.org/entity/Q175309,équipe du Cameroun de football,7.0,2008-01-01T00:00:00Z,2008-01-01T00:00:00Z
http://www.wikidata.org/entity/Q934005,http://www.wikidata.org/entity/Q80886,Club Atlético Tigre,27.0,2005-01-01T00:00:00Z,2006-01-01T00:00:00Z
http://www.wikidata.org/entity/Q934005,http://www.wikidata.org/entity/Q2979822,Club Atlético San Telmo,93.0,2000-01-01T00:00:00Z,2004-01-01T00:00:00Z
http://www.wikidata.org/entity/Q934005,http://www.wikidata.org/entity/Q1102935,Club Almagro,6.0,2004-01-01T00:00:00Z,2005-01-01T00:00:00Z
http://www.wikidata.org/entity/Q934005,http://www.wikidata.org/entity/Q2018,Catania Football Club,218.0,2006-01-01T00:00:00Z,2014-01-01T00:00:00Z
http://www.wikidata.org/entity/Q934005,http://www.wikidata.org/entity/Q2037,Associazione Calcio ChievoVerona,,2014-01-01T00:00:00Z,
http://www.wikidata.org/entity/Q934766,http://www.wikidata.org/entity/Q18729,Reading FC,32.0,2017-01-01T00:00:00Z,2019-01-01T00:00:00Z
http://www.wikidata.org/entity/Q934766,http://www.wikidata.org/entity/Q18520,Luton Town Football Club,19.0,2007-01-01T00:00:00Z,2008-01-01T00:00:00Z
http://www.wikidata.org/entity/Q934766,http://www.wikidata.org/entity/Q180857,équipe du pays de Galles de football,43.0,2007-01-01T00:00:00Z,2017-01-01T00:00:00Z
http://www.wikidata.org/entity/Q934766,http://www.wikidata.org/entity/Q946297,équipe du pays de Galles espoirs de football,9.0,2006-01-01T00:00:00Z,2008-01-01T00:00:00Z
http://www.wikidata.org/entity/Q934766,http://www.wikidata.org/entity/Q19500,Wolverhampton Wanderers F.C.,284.0,2008-01-01T00:00:00Z,2017-01-01T00:00:00Z
http://www.wikidata.org/entity/Q934766,http://www.wikidata.org/entity/Q19626,Shrewsbury Town Football Club,120.0,2003-01-01T00:00:00Z,2007-01-01T00:00:00Z
http://www.wikidata.org/entity/Q935097,http://www.wikidata.org/entity/Q44270,équipe du Burkina Faso de football,57.0,2002-01-01T00:00:00Z,2013-01-01T00:00:00Z
http://www.wikidata.org/entity/Q935097,http://www.wikidata.org/entity/Q5101632,Chippa United FC,5.0,2013-01-01T00:00:00Z,2014-01-01T00:00:00Z
http://www.wikidata.org/entity/Q935097,http://www.wikidata.org/entity/Q331589,Valletta Football Club,13.0,2012-01-01T00:00:00Z,2012-01-01T00:00:00Z
http://www.wikidata.org/entity/Q935097,http://www.wikidata.org/entity/Q310621,SV Wehen Wiesbaden,27.0,2008-01-01T00:00:00Z,2009-01-01T00:00:00Z
http://www.wikidata.org/entity/Q935097,http://www.wikidata.org/entity/Q172476,Girondins de Bordeaux,41.0,2001-01-01T00:00:00Z,2004-01-01T00:00:00Z
http://www.wikidata.org/entity/Q935097,http://www.wikidata.org/entity/Q1477311,Santos Football Club,,1994-01-01T00:00:00Z,1999-01-01T00:00:00Z
http://www.wikidata.org/entity/Q935097,http://www.wikidata.org/entity/Q732002,Royal Antwerp FC,21.0,2012-01-01T00:00:00Z,2013-01-01T00:00:00Z
http://www.wikidata.org/entity/Q935097,http://www.wikidata.org/entity/Q211401,União Desportiva de Leiria,26.0,2009-01-01T00:00:00Z,2011-01-01T00:00:00Z
http://www.wikidata.org/entity/Q935097,http://www.wikidata.org/entity/Q2274220,Haras El-Hedood Club,3.0,2011-01-01T00:00:00Z,2011-01-01T00:00:00Z
http://www.wikidata.org/entity/Q935097,http://www.wikidata.org/entity/Q221940,KSC Lokeren,92.0,2004-01-01T00:00:00Z,2008-01-01T00:00:00Z
http://www.wikidata.org/entity/Q935097,http://www.wikidata.org/entity/Q286863,Association sportive du Faso-Yennenga,,2000-01-01T00:00:00Z,2001-01-01T00:00:00Z
http://www.wikidata.org/entity/Q935097,http://www.wikidata.org/entity/Q16967914,FC Pune City,7.0,2014-01-01T00:00:00Z,2014-01-01T00:00:00Z
http://www.wikidata.org/entity/Q936583,http://www.wikidata.org/entity/Q2310295,équipe d'Espagne de football des moins de 17 ans,10.0,1997-01-01T00:00:00Z,1998-01-01T00:00:00Z
http://www.wikidata.org/entity/Q936583,http://www.wikidata.org/entity/Q518166,Polideportivo Ejido,31.0,2004-01-01T00:00:00Z,2005-01-01T00:00:00Z
http://www.wikidata.org/entity/Q936583,http://www.wikidata.org/entity/Q12217,Real Madrid Castilla,30.0,2000-01-01T00:00:00Z,2001-01-01T00:00:00Z
http://www.wikidata.org/entity/Q936583,http://www.wikidata.org/entity/Q10308,Real Saragosse,62.0,2001-01-01T00:00:00Z,2007-01-01T00:00:00Z
http://www.wikidata.org/entity/Q936583,http://www.wikidata.org/entity/Q10407,UD Almería,249.0,2007-01-01T00:00:00Z,2015-01-01T00:00:00Z
http://www.wikidata.org/entity/Q936583,http://www.wikidata.org/entity/Q839997,Brisbane Roar Football Club,,2015-01-01T00:00:00Z,
http://www.wikidata.org/entity/Q936583,http://www.wikidata.org/entity/Q10407,UD Almería,40.0,2006-01-01T00:00:00Z,2007-01-01T00:00:00Z
http://www.wikidata.org/entity/Q936583,http://www.wikidata.org/entity/Q1246437,Real Madrid C,,1999-01-01T00:00:00Z,2000-01-01T00:00:00Z
http://www.wikidata.org/entity/Q936583,http://www.wikidata.org/entity/Q1129595,équipe d'Espagne espoirs de football,15.0,2000-01-01T00:00:00Z,2003-01-01T00:00:00Z
http://www.wikidata.org/entity/Q936583,http://www.wikidata.org/entity/Q3873503,équipe d'Espagne de football des moins de 16 ans,17.0,1997-01-01T00:00:00Z,1998-01-01T00:00:00Z
http://www.wikidata.org/entity/Q936583,http://www.wikidata.org/entity/Q576285,Albacete Balompié,13.0,2006-01-01T00:00:00Z,2006-01-01T00:00:00Z
http://www.wikidata.org/entity/Q936583,http://www.wikidata.org/entity/Q2356290,équipe d'Espagne de football des moins de 20 ans,1.0,2001-01-01T00:00:00Z,2001-01-01T00:00:00Z
http://www.wikidata.org/entity/Q936583,http://www.wikidata.org/entity/Q3589784,équipe d'Espagne de football des moins de 18 ans,12.0,1998-01-01T00:00:00Z,2000-01-01T00:00:00Z
http://www.wikidata.org/entity/Q937015,http://www.wikidata.org/entity/Q508322,FC Gueugnon,,2003-01-01T00:00:00Z,2003-01-01T00:00:00Z
http://www.wikidata.org/entity/Q937015,http://www.wikidata.org/entity/Q19509,Stade rennais FC,,1998-01-01T00:00:00Z,1999-01-01T00:00:00Z
http://www.wikidata.org/entity/Q937015,http://www.wikidata.org/entity/Q292231,Rodez Aveyron Football,,2004-01-01T00:00:00Z,2011-01-01T00:00:00Z
http://www.wikidata.org/entity/Q937015,http://www.wikidata.org/entity/Q508322,FC Gueugnon,,2004-01-01T00:00:00Z,2004-01-01T00:00:00Z
http://www.wikidata.org/entity/Q937015,http://www.wikidata.org/entity/Q292231,Rodez Aveyron Football,,1993-01-01T00:00:00Z,1995-01-01T00:00:00Z
http://www.wikidata.org/entity/Q937015,http://www.wikidata.org/entity/Q270051,Athletic club ajaccien,80.0,1999-01-01T00:00:00Z,2004-01-01T00:00:00Z
http://www.wikidata.org/entity/Q937015,http://www.wikidata.org/entity/Q172476,Girondins de Bordeaux,,1995-01-01T00:00:00Z,1998-01-01T00:00:00Z
http://www.wikidata.org/entity/Q937015,http://www.wikidata.org/entity/Q508322,FC Gueugnon,17.0,2002-01-01T00:00:00Z,2003-01-01T00:00:00Z
http://www.wikidata.org/entity/Q937120,http://www.wikidata.org/entity/Q6767,US Livourne 1915,21.0,2009-01-01T00:00:00Z,2010-01-01T00:00:00Z
http://www.wikidata.org/entity/Q937120,http://www.wikidata.org/entity/Q17479,Clube de Regatas do Flamengo,11.0,1999-01-01T00:00:00Z,2000-01-01T00:00:00Z
http://www.wikidata.org/entity/Q937120,http://www.wikidata.org/entity/Q478317,Coritiba FC,18.0,1999-01-01T00:00:00Z,2000-01-01T00:00:00Z
http://www.wikidata.org/entity/Q937120,http://www.wikidata.org/entity/Q172476,Girondins de Bordeaux,,1998-01-01T00:00:00Z,1998-01-01T00:00:00Z
http://www.wikidata.org/entity/Q937120,http://www.wikidata.org/entity/Q17479,Clube de Regatas do Flamengo,11.0,2000-01-01T00:00:00Z,2000-01-01T00:00:00Z
http://www.wikidata.org/entity/Q937120,http://www.wikidata.org/entity/Q8476,Reggina 1914,137.0,2000-01-01T00:00:00Z,2005-01-01T00:00:00Z
http://www.wikidata.org/entity/Q937120,http://www.wikidata.org/entity/Q478317,Coritiba FC,18.0,1999-01-01T00:00:00Z,1999-01-01T00:00:00Z
http://www.wikidata.org/entity/Q937120,http://www.wikidata.org/entity/Q29112,Spartak Moscou,68.0,2005-01-01T00:00:00Z,2009-01-01T00:00:00Z
http://www.wikidata.org/entity/Q937120,http://www.wikidata.org/entity/Q899189,équipe du Brésil olympique de football,15.0,1999-01-01T00:00:00Z,2000-01-01T00:00:00Z
http://www.wikidata.org/entity/Q937120,http://www.wikidata.org/entity/Q80964,SE Palmeiras,6.0,2009-01-01T00:00:00Z,2009-01-01T00:00:00Z
http://www.wikidata.org/entity/Q937179,http://www.wikidata.org/entity/Q10407,UD Almería,297.0,2000-01-01T00:00:00Z,2012-01-01T00:00:00Z
http://www.wikidata.org/entity/Q937179,http://www.wikidata.org/entity/Q10407,UD Almería,20.0,1997-01-01T00:00:00Z,1999-01-01T00:00:00Z
http://www.wikidata.org/entity/Q937179,http://www.wikidata.org/entity/Q2213874,CD Roquetas,,1996-01-01T00:00:00Z,1997-01-01T00:00:00Z
http://www.wikidata.org/entity/Q937179,http://www.wikidata.org/entity/Q1349814,Ravenne Calcio,11.0,1999-01-01T00:00:00Z,2000-01-01T00:00:00Z
http://www.wikidata.org/entity/Q937218,http://www.wikidata.org/entity/Q5014111,CR Vasco da Gama,24.0,2007-01-01T00:00:00Z,2007-01-01T00:00:00Z
http://www.wikidata.org/entity/Q937218,http://www.wikidata.org/entity/Q198032,EC Bahia,25.0,2014-01-01T00:00:00Z,2014-01-01T00:00:00Z
http://www.wikidata.org/entity/Q937218,http://www.wikidata.org/entity/Q80987,Fluminense FC,0.0,2015-01-01T00:00:00Z,2015-01-01T00:00:00Z
http://www.wikidata.org/entity/Q937218,http://www.wikidata.org/entity/Q374069,Avaí Futebol Clube,,2015-01-01T00:00:00Z,2015-01-01T00:00:00Z
http://www.wikidata.org/entity/Q937218,http://www.wikidata.org/entity/Q198034,Atlético Clube Goianiense,11.0,2013-01-01T00:00:00Z,2013-01-01T00:00:00Z
http://www.wikidata.org/entity/Q937218,http://www.wikidata.org/entity/Q218334,Figueirense Futebol Clube,15.0,2012-01-01T00:00:00Z,2012-01-01T00:00:00Z
http://www.wikidata.org/entity/Q937218,http://www.wikidata.org/entity/Q598834,Criciúma Esporte Clube,,2015-01-01T00:00:00Z,
http://www.wikidata.org/entity/Q937218,http://www.wikidata.org/entity/Q80955,Santos FC,0.0,2013-01-01T00:00:00Z,2013-01-01T00:00:00Z
http://www.wikidata.org/entity/Q937218,http://www.wikidata.org/entity/Q10407,UD Almería,24.0,2008-01-01T00:00:00Z,2011-01-01T00:00:00Z
http://www.wikidata.org/entity/Q937218,http://www.wikidata.org/entity/Q10319,Real Valladolid,15.0,2010-01-01T00:00:00Z,2010-01-01T00:00:00Z
http://www.wikidata.org/entity/Q937218,http://www.wikidata.org/entity/Q10319,Real Valladolid,15.0,2010-01-01T00:00:00Z,2011-01-01T00:00:00Z
http://www.wikidata.org/entity/Q937218,http://www.wikidata.org/entity/Q270995,Atlético Mineiro,7.0,2011-01-01T00:00:00Z,2013-01-01T00:00:00Z
http://www.wikidata.org/entity/Q937260,http://www.wikidata.org/entity/Q208228,Stade de Reims,19.0,2010-01-01T00:00:00Z,2011-01-01T00:00:00Z
http://www.wikidata.org/entity/Q937260,http://www.wikidata.org/entity/Q221525,FC Metz,18.0,2009-01-01T00:00:00Z,2010-01-01T00:00:00Z
http://www.wikidata.org/entity/Q937260,http://www.wikidata.org/entity/Q19523,AS Nancy-Lorraine,175.0,2002-01-01T00:00:00Z,2009-01-01T00:00:00Z
http://www.wikidata.org/entity/Q937260,http://www.wikidata.org/entity/Q19644,Walsall Football Club,18.0,2001-01-01T00:00:00Z,2002-01-01T00:00:00Z
http://www.wikidata.org/entity/Q937260,http://www.wikidata.org/entity/Q19523,AS Nancy-Lorraine,,1993-01-01T00:00:00Z,2001-01-01T00:00:00Z
http://www.wikidata.org/entity/Q939047,http://www.wikidata.org/entity/Q47175799,Atlanta United 2,10.0,2018-01-01T00:00:00Z,2019-01-01T00:00:00Z
http://www.wikidata.org/entity/Q939047,http://www.wikidata.org/entity/Q16536906,Bayer 04 Leverkusen II,89.0,2006-01-01T00:00:00Z,2009-01-01T00:00:00Z
http://www.wikidata.org/entity/Q939047,http://www.wikidata.org/entity/Q639525,SV Sandhausen,22.0,2014-01-01T00:00:00Z,2016-01-01T00:00:00Z
http://www.wikidata.org/entity/Q939047,http://www.wikidata.org/entity/Q689874,Union de Philadelphie,0.0,2016-01-01T00:00:00Z,2016-01-01T00:00:00Z
http://www.wikidata.org/entity/Q939047,http://www.wikidata.org/entity/Q153535,Alemannia Aix-la-Chapelle,68.0,2009-01-01T00:00:00Z,2012-01-01T00:00:00Z
http://www.wikidata.org/entity/Q939047,http://www.wikidata.org/entity/Q154053,Eintracht Brunswick,32.0,2012-01-01T00:00:00Z,2014-01-01T00:00:00Z
http://www.wikidata.org/entity/Q939047,http://www.wikidata.org/entity/Q16836317,Atlanta United FC,48.0,2017-01-01T00:00:00Z,2019-01-01T00:00:00Z
http://www.wikidata.org/entity/Q939383,http://www.wikidata.org/entity/Q18721,Norwich City FC,14.0,2009-01-01T00:00:00Z,2009-01-01T00:00:00Z
http://www.wikidata.org/entity/Q939383,http://www.wikidata.org/entity/Q19458,Burnley FC,128.0,2012-01-01T00:00:00Z,2015-01-01T00:00:00Z
http://www.wikidata.org/entity/Q939383,http://www.wikidata.org/entity/Q19589,Doncaster Rovers Football Club,21.0,2009-01-01T00:00:00Z,2010-01-01T00:00:00Z
http://www.wikidata.org/entity/Q939383,http://www.wikidata.org/entity/Q19470,Derby County FC,46.0,2011-01-01T00:00:00Z,2012-01-01T00:00:00Z
http://www.wikidata.org/entity/Q939383,http://www.wikidata.org/entity/Q18721,Norwich City FC,119.0,2003-01-01T00:00:00Z,2008-01-01T00:00:00Z
http://www.wikidata.org/entity/Q939383,http://www.wikidata.org/entity/Q19470,Derby County FC,,2015-01-01T00:00:00Z,
http://www.wikidata.org/entity/Q939383,http://www.wikidata.org/entity/Q19500,Wolverhampton Wanderers F.C.,12.0,2008-01-01T00:00:00Z,2010-01-01T00:00:00Z
http://www.wikidata.org/entity/Q939383,http://www.wikidata.org/entity/Q19442,Barnsley Football Club,44.0,2010-01-01T00:00:00Z,2011-01-01T00:00:00Z
http://www.wikidata.org/entity/Q939454,http://www.wikidata.org/entity/Q289713,Rimini Football Club,7.0,1983-01-01T00:00:00Z,1985-01-01T00:00:00Z
http://www.wikidata.org/entity/Q939454,http://www.wikidata.org/entity/Q29390,ACR Messine,105.0,1989-01-01T00:00:00Z,1992-01-01T00:00:00Z
http://www.wikidata.org/entity/Q939454,http://www.wikidata.org/entity/Q6767,US Livourne 1915,75.0,1985-01-01T00:00:00Z,1988-01-01T00:00:00Z
http://www.wikidata.org/entity/Q934766,http://www.wikidata.org/entity/Q19626,Shrewsbury Town Football Club,66.0,2019-01-01T00:00:00Z,2021-01-01T00:00:00Z
http://www.wikidata.org/entity/Q934766,http://www.wikidata.org/entity/Q280727,Bala Town Football Club,52.0,2021-01-01T00:00:00Z,2023-01-01T00:00:00Z
http://www.wikidata.org/entity/Q955239,http://www.wikidata.org/entity/Q10308,Real Saragosse,16.0,2010-01-01T00:00:00Z,2011-01-01T00:00:00Z
http://www.wikidata.org/entity/Q955239,http://www.wikidata.org/entity/Q18640,Gimnasia La Plata,25.0,2009-01-01T00:00:00Z,2010-01-01T00:00:00Z
http://www.wikidata.org/entity/Q955239,http://www.wikidata.org/entity/Q719722,Club Deportivo O'Higgins,13.0,2012-01-01T00:00:00Z,2012-01-01T00:00:00Z
http://www.wikidata.org/entity/Q955239,http://www.wikidata.org/entity/Q332863,Boyacá Chicó Fútbol Club,41.0,2006-01-01T00:00:00Z,2012-01-01T00:00:00Z
http://www.wikidata.org/entity/Q955239,http://www.wikidata.org/entity/Q59962,CA Belgrano,16.0,2012-01-01T00:00:00Z,2012-01-01T00:00:00Z
http://www.wikidata.org/entity/Q955239,http://www.wikidata.org/entity/Q332532,Club Deportes Tolima,,2014-01-01T00:00:00Z,
http://www.wikidata.org/entity/Q955239,http://www.wikidata.org/entity/Q214978,CA Independiente,12.0,2011-01-01T00:00:00Z,2012-01-01T00:00:00Z
http://www.wikidata.org/entity/Q955239,http://www.wikidata.org/entity/Q1641573,équipe de Colombie de football des moins de 20 ans,14.0,2006-01-01T00:00:00Z,2009-01-01T00:00:00Z
http://www.wikidata.org/entity/Q955239,http://www.wikidata.org/entity/Q332527,Independiente Medellín,35.0,2013-01-01T00:00:00Z,2014-01-01T00:00:00Z
http://www.wikidata.org/entity/Q955490,http://www.wikidata.org/entity/Q201584,AEK Athènes FC,2.0,2011-01-01T00:00:00Z,2011-01-01T00:00:00Z
http://www.wikidata.org/entity/Q955490,http://www.wikidata.org/entity/Q2819143,AEK Athènes,2.0,2011-01-01T00:00:00Z,2011-01-01T00:00:00Z
http://www.wikidata.org/entity/Q955490,http://www.wikidata.org/entity/Q2719759,Duli Pengiran Muda Mahkota Football Club,3.0,2013-01-01T00:00:00Z,2013-01-01T00:00:00Z
http://www.wikidata.org/entity/Q955490,http://www.wikidata.org/entity/Q134479,équipe de Croatie de football,1.0,2007-01-01T00:00:00Z,2007-01-01T00:00:00Z
http://www.wikidata.org/entity/Q955490,http://www.wikidata.org/entity/Q2331381,équipe de Croatie espoirs de football,8.0,2002-01-01T00:00:00Z,2004-01-01T00:00:00Z
http://www.wikidata.org/entity/Q955490,http://www.wikidata.org/entity/Q105853,Karlsruher SC,16.0,2009-01-01T00:00:00Z,2009-01-01T00:00:00Z
http://www.wikidata.org/entity/Q955490,http://www.wikidata.org/entity/Q318969,HNK Rijeka,7.0,2012-01-01T00:00:00Z,2012-01-01T00:00:00Z
http://www.wikidata.org/entity/Q955490,http://www.wikidata.org/entity/Q837558,Volyn Loutsk,3.0,2011-01-01T00:00:00Z,2011-01-01T00:00:00Z
http://www.wikidata.org/entity/Q955490,http://www.wikidata.org/entity/Q172803,Dinamo Zagreb,185.0,2000-01-01T00:00:00Z,2009-01-01T00:00:00Z
http://www.wikidata.org/entity/Q955490,http://www.wikidata.org/entity/Q105853,Karlsruher SC,17.0,2009-01-01T00:00:00Z,2010-01-01T00:00:00Z
http://www.wikidata.org/entity/Q955490,http://www.wikidata.org/entity/Q5187078,équipe de Croatie de football des moins de 20 ans,1.0,2001-01-01T00:00:00Z,2001-01-01T00:00:00Z
http://www.wikidata.org/entity/Q956195,http://www.wikidata.org/entity/Q1473386,Paykan Qazvin Football Club,,2009-01-01T00:00:00Z,2010-01-01T00:00:00Z
http://www.wikidata.org/entity/Q956195,http://www.wikidata.org/entity/Q1253467,Dóxa Dráma,,2011-01-01T00:00:00Z,2011-01-01T00:00:00Z
http://www.wikidata.org/entity/Q956195,http://www.wikidata.org/entity/Q459090,Club América,23.0,1999-01-01T00:00:00Z,2000-01-01T00:00:00Z
http://www.wikidata.org/entity/Q956195,http://www.wikidata.org/entity/Q987939,Ionikos Le Pirée,,2010-01-01T00:00:00Z,2011-01-01T00:00:00Z
http://www.wikidata.org/entity/Q956195,http://www.wikidata.org/entity/Q204675,AD Portuguesa,,2008-01-01T00:00:00Z,2008-01-01T00:00:00Z
http://www.wikidata.org/entity/Q956195,http://www.wikidata.org/entity/Q5014111,CR Vasco da Gama,,2007-01-01T00:00:00Z,2007-01-01T00:00:00Z
http://www.wikidata.org/entity/Q956195,http://www.wikidata.org/entity/Q768225,Clube Atlético do Porto,,2004-01-01T00:00:00Z,2004-01-01T00:00:00Z
http://www.wikidata.org/entity/Q956195,http://www.wikidata.org/entity/Q270051,Athletic club ajaccien,62.0,2004-01-01T00:00:00Z,2006-01-01T00:00:00Z
http://www.wikidata.org/entity/Q956195,http://www.wikidata.org/entity/Q1023193,Club Deportivo Irapuato,32.0,2000-01-01T00:00:00Z,2001-01-01T00:00:00Z
http://www.wikidata.org/entity/Q956195,http://www.wikidata.org/entity/Q2844832,América Futebol Clube,,2012-01-01T00:00:00Z,
http://www.wikidata.org/entity/Q956195,http://www.wikidata.org/entity/Q1103153,San Luis FC,69.0,2001-01-01T00:00:00Z,2004-01-01T00:00:00Z
http://www.wikidata.org/entity/Q956697,http://www.wikidata.org/entity/Q723644,NK Inter Zaprešić,15.0,2004-01-01T00:00:00Z,2005-01-01T00:00:00Z
http://www.wikidata.org/entity/Q956697,http://www.wikidata.org/entity/Q5187078,équipe de Croatie de football des moins de 20 ans,4.0,2003-01-01T00:00:00Z,2004-01-01T00:00:00Z
http://www.wikidata.org/entity/Q956697,http://www.wikidata.org/entity/Q31932,NK Olimpija Ljubljana,,2015-01-01T00:00:00Z,
http://www.wikidata.org/entity/Q956697,http://www.wikidata.org/entity/Q172803,Dinamo Zagreb,81.0,2003-01-01T00:00:00Z,2008-01-01T00:00:00Z
http://www.wikidata.org/entity/Q956697,http://www.wikidata.org/entity/Q3589940,équipe de Croatie de football des moins de 17 ans,15.0,2001-01-01T00:00:00Z,2002-01-01T00:00:00Z
http://www.wikidata.org/entity/Q956697,http://www.wikidata.org/entity/Q192641,Trabzonspor,79.0,2008-01-01T00:00:00Z,2011-01-01T00:00:00Z
http://www.wikidata.org/entity/Q956697,http://www.wikidata.org/entity/Q134479,équipe de Croatie de football,5.0,2009-01-01T00:00:00Z,2010-01-01T00:00:00Z
http://www.wikidata.org/entity/Q956697,http://www.wikidata.org/entity/Q2331381,équipe de Croatie espoirs de football,,2000-01-01T00:00:00Z,2006-01-01T00:00:00Z
http://www.wikidata.org/entity/Q956697,http://www.wikidata.org/entity/Q3446766,équipe de Croatie des moins de 19 ans,14.0,2002-01-01T00:00:00Z,2004-01-01T00:00:00Z
http://www.wikidata.org/entity/Q956697,http://www.wikidata.org/entity/Q509170,Sportkring Beveren,,2013-01-01T00:00:00Z,2015-01-01T00:00:00Z
http://www.wikidata.org/entity/Q956697,http://www.wikidata.org/entity/Q9306674,équipe de Croatie de football des moins de 18 ans,,2002-01-01T00:00:00Z,2003-01-01T00:00:00Z
http://www.wikidata.org/entity/Q956697,http://www.wikidata.org/entity/Q101859,VfL Wolfsburg,1.0,2011-01-01T00:00:00Z,2013-01-01T00:00:00Z
http://www.wikidata.org/entity/Q956770,http://www.wikidata.org/entity/Q3138572,Renaissance Football Club,43.0,2003-01-01T00:00:00Z,2004-01-01T00:00:00Z
http://www.wikidata.org/entity/Q956770,http://www.wikidata.org/entity/Q275675,équipe du Tchad de football,,2003-01-01T00:00:00Z,
http://www.wikidata.org/entity/Q956770,http://www.wikidata.org/entity/Q944892,Jura Sud Foot,27.0,2014-01-01T00:00:00Z,2015-01-01T00:00:00Z
http://www.wikidata.org/entity/Q956770,http://www.wikidata.org/entity/Q275675,équipe du Tchad de football,,2006-01-01T00:00:00Z,
http://www.wikidata.org/entity/Q956770,http://www.wikidata.org/entity/Q209509,Grenoble Foot 38,47.0,2012-01-01T00:00:00Z,2014-01-01T00:00:00Z
http://www.wikidata.org/entity/Q956770,http://www.wikidata.org/entity/Q2868152,ASM Belfort,,2015-01-01T00:00:00Z,
http://www.wikidata.org/entity/Q956770,http://www.wikidata.org/entity/Q209509,Grenoble Foot 38,0.0,2004-01-01T00:00:00Z,2009-01-01T00:00:00Z
http://www.wikidata.org/entity/Q956770,http://www.wikidata.org/entity/Q116332,Gap Foot 05,67.0,2009-01-01T00:00:00Z,2011-01-01T00:00:00Z
http://www.wikidata.org/entity/Q956770,http://www.wikidata.org/entity/Q369349,Union sportive Orléans,18.0,2011-01-01T00:00:00Z,2012-01-01T00:00:00Z
http://www.wikidata.org/entity/Q956770,http://www.wikidata.org/entity/Q747693,Louhans-Cuiseaux FC,9.0,2007-01-01T00:00:00Z,2008-01-01T00:00:00Z
http://www.wikidata.org/entity/Q957465,http://www.wikidata.org/entity/Q193377,Stade Malherbe Caen,0.0,2007-01-01T00:00:00Z,2008-01-01T00:00:00Z
http://www.wikidata.org/entity/Q957465,http://www.wikidata.org/entity/Q212269,Valenciennes FC,11.0,2010-01-01T00:00:00Z,2012-01-01T00:00:00Z
http://www.wikidata.org/entity/Q957465,http://www.wikidata.org/entity/Q192071,Football Club de Nantes,,2017-01-01T00:00:00Z,
http://www.wikidata.org/entity/Q957465,http://www.wikidata.org/entity/Q1465560,Union sportive Quevilly-Rouen Métropole,53.0,2008-01-01T00:00:00Z,2010-01-01T00:00:00Z
http://www.wikidata.org/entity/Q957465,http://www.wikidata.org/entity/Q626917,Chamois niortais,71.0,2012-01-01T00:00:00Z,2014-01-01T00:00:00Z
http://www.wikidata.org/entity/Q957465,http://www.wikidata.org/entity/Q760736,Stade lavallois,21.0,2011-01-01T00:00:00Z,2012-01-01T00:00:00Z
http://www.wikidata.org/entity/Q957465,http://www.wikidata.org/entity/Q172476,Girondins de Bordeaux,101.0,2014-01-01T00:00:00Z,2017-01-01T00:00:00Z
http://www.wikidata.org/entity/Q957871,http://www.wikidata.org/entity/Q102720,Hertha BSC,81.0,2000-01-01T00:00:00Z,2003-07-01T00:00:00Z
http://www.wikidata.org/entity/Q957871,http://www.wikidata.org/entity/Q3551886,União Esporte Clube,,2010-01-01T00:00:00Z,2010-01-01T00:00:00Z
http://www.wikidata.org/entity/Q957871,http://www.wikidata.org/entity/Q188841,Fortaleza Esporte Clube,,2008-01-01T00:00:00Z,2008-01-01T00:00:00Z
http://www.wikidata.org/entity/Q957871,http://www.wikidata.org/entity/Q198032,EC Bahia,23.0,1993-01-01T00:00:00Z,1993-01-01T00:00:00Z
http://www.wikidata.org/entity/Q957871,http://www.wikidata.org/entity/Q80964,SE Palmeiras,20.0,1994-01-01T00:00:00Z,1995-01-01T00:00:00Z
http://www.wikidata.org/entity/Q957871,http://www.wikidata.org/entity/Q2656570,Boavista Sport Club,,2008-01-01T00:00:00Z,2008-01-01T00:00:00Z
http://www.wikidata.org/entity/Q957871,http://www.wikidata.org/entity/Q5014111,CR Vasco da Gama,11.0,2004-01-01T00:00:00Z,2004-01-01T00:00:00Z
http://www.wikidata.org/entity/Q957871,http://www.wikidata.org/entity/Q910453,Esporte Clube Juventude,,1996-01-01T00:00:00Z,1996-01-01T00:00:00Z
http://www.wikidata.org/entity/Q957871,http://www.wikidata.org/entity/Q274465,Esporte Clube Vitória,,2005-01-01T00:00:00Z,2006-01-01T00:00:00Z
http://www.wikidata.org/entity/Q957871,http://www.wikidata.org/entity/Q270995,Atlético Mineiro,25.0,2003-01-01T00:00:00Z,2003-01-01T00:00:00Z
http://www.wikidata.org/entity/Q957871,http://www.wikidata.org/entity/Q204675,AD Portuguesa,,1997-01-01T00:00:00Z,1997-01-01T00:00:00Z
http://www.wikidata.org/entity/Q957871,http://www.wikidata.org/entity/Q274465,Esporte Clube Vitória,23.0,1993-01-01T00:00:00Z,1994-01-01T00:00:00Z
http://www.wikidata.org/entity/Q957871,http://www.wikidata.org/entity/Q2656570,Boavista Sport Club,,2007-01-01T00:00:00Z,2007-01-01T00:00:00Z
http://www.wikidata.org/entity/Q957871,http://www.wikidata.org/entity/Q204675,AD Portuguesa,43.0,1996-01-01T00:00:00Z,1997-01-01T00:00:00Z
http://www.wikidata.org/entity/Q957871,http://www.wikidata.org/entity/Q188277,Cruzeiro EC,41.0,1998-01-01T00:00:00Z,1999-01-01T00:00:00Z
http://www.wikidata.org/entity/Q957871,http://www.wikidata.org/entity/Q296050,AO Kavala,3.0,2008-08-01T00:00:00Z,2009-07-01T00:00:00Z
http://www.wikidata.org/entity/Q957871,http://www.wikidata.org/entity/Q338285,América Futebol Clube,27.0,2003-01-01T00:00:00Z,2003-01-01T00:00:00Z
http://www.wikidata.org/entity/Q957871,http://www.wikidata.org/entity/Q1192340,Guangzhou City Football Club,4.0,2006-01-01T00:00:00Z,2006-01-01T00:00:00Z
http://www.wikidata.org/entity/Q958698,http://www.wikidata.org/entity/Q105861,VfL Bochum,13.0,1999-01-01T00:00:00Z,2001-01-01T00:00:00Z
http://www.wikidata.org/entity/Q958698,http://www.wikidata.org/entity/Q154293,MSV Duisbourg,13.0,2005-01-01T00:00:00Z,2005-01-01T00:00:00Z
http://www.wikidata.org/entity/Q958698,http://www.wikidata.org/entity/Q141971,1. FC Union Berlin,29.0,1993-01-01T00:00:00Z,1994-01-01T00:00:00Z
http://www.wikidata.org/entity/Q958698,http://www.wikidata.org/entity/Q154293,MSV Duisbourg,13.0,2005-01-01T00:00:00Z,2006-01-01T00:00:00Z
http://www.wikidata.org/entity/Q958698,http://www.wikidata.org/entity/Q314851,équipe d'Allemagne espoirs de football,1.0,1994-01-01T00:00:00Z,1994-01-01T00:00:00Z
http://www.wikidata.org/entity/Q958698,http://www.wikidata.org/entity/Q170157,Wuppertaler SV Borussia,69.0,2006-01-01T00:00:00Z,2009-01-01T00:00:00Z
http://www.wikidata.org/entity/Q958698,http://www.wikidata.org/entity/Q106394,SC Fribourg,13.0,1998-01-01T00:00:00Z,1999-01-01T00:00:00Z
http://www.wikidata.org/entity/Q958698,http://www.wikidata.org/entity/Q157828,SV Holstein Kiel,10.0,2006-01-01T00:00:00Z,2006-01-01T00:00:00Z
http://www.wikidata.org/entity/Q958698,http://www.wikidata.org/entity/Q2132756,Ratingen 04/19,1.0,2011-01-01T00:00:00Z,2011-01-01T00:00:00Z
http://www.wikidata.org/entity/Q958698,http://www.wikidata.org/entity/Q157828,SV Holstein Kiel,10.0,2005-01-01T00:00:00Z,2006-01-01T00:00:00Z
http://www.wikidata.org/entity/Q958698,http://www.wikidata.org/entity/Q568276,Bonner SC,12.0,2010-01-01T00:00:00Z,2010-01-01T00:00:00Z
http://www.wikidata.org/entity/Q958698,http://www.wikidata.org/entity/Q104761,Bayer Leverkusen,22.0,1994-01-01T00:00:00Z,1997-01-01T00:00:00Z
http://www.wikidata.org/entity/Q958698,http://www.wikidata.org/entity/Q151747,Fortuna Düsseldorf,28.0,1997-01-01T00:00:00Z,1998-01-01T00:00:00Z
http://www.wikidata.org/entity/Q958698,http://www.wikidata.org/entity/Q157020,SC Rot-Weiss Oberhausen,113.0,2001-01-01T00:00:00Z,2005-01-01T00:00:00Z
http://www.wikidata.org/entity/Q961799,http://www.wikidata.org/entity/Q157352,FSV Francfort,25.0,2010-01-01T00:00:00Z,2012-01-01T00:00:00Z
http://www.wikidata.org/entity/Q961799,http://www.wikidata.org/entity/Q170125,Rot Weiss Ahlen,6.0,2010-01-01T00:00:00Z,2010-01-01T00:00:00Z
http://www.wikidata.org/entity/Q961799,http://www.wikidata.org/entity/Q207441,équipe du Sénégal de football,1.0,2005-01-01T00:00:00Z,2005-01-01T00:00:00Z
http://www.wikidata.org/entity/Q961799,http://www.wikidata.org/entity/Q433541,AS La Jeunesse d'Esch,,2015-01-01T00:00:00Z,
http://www.wikidata.org/entity/Q961799,http://www.wikidata.org/entity/Q573637,Beijing Baxy FC,,2012-01-01T00:00:00Z,2015-01-01T00:00:00Z
http://www.wikidata.org/entity/Q961799,http://www.wikidata.org/entity/Q573637,Beijing Baxy FC,14.0,2012-01-01T00:00:00Z,2012-01-01T00:00:00Z
http://www.wikidata.org/entity/Q961799,http://www.wikidata.org/entity/Q845067,LB Châteauroux,15.0,2008-01-01T00:00:00Z,2009-01-01T00:00:00Z
http://www.wikidata.org/entity/Q948533,http://www.wikidata.org/entity/Q6641,SSC Bari,55.0,2007-01-01T00:00:00Z,2010-01-01T00:00:00Z
http://www.wikidata.org/entity/Q948533,http://www.wikidata.org/entity/Q744555,Club Atlético Nueva Chicago,75.0,2003-01-01T00:00:00Z,2007-01-01T00:00:00Z
http://www.wikidata.org/entity/Q948533,http://www.wikidata.org/entity/Q520066,Al Wasl Dubaï,,2011-01-01T00:00:00Z,
http://www.wikidata.org/entity/Q948533,http://www.wikidata.org/entity/Q80882,CD Godoy Cruz,22.0,2010-01-01T00:00:00Z,2011-01-01T00:00:00Z
http://www.wikidata.org/entity/Q949537,http://www.wikidata.org/entity/Q940001,Football Club de Sète,34.0,2008-01-01T00:00:00Z,2009-01-01T00:00:00Z
http://www.wikidata.org/entity/Q949537,http://www.wikidata.org/entity/Q235411,équipe de Guinée de football,,2007-01-01T00:00:00Z,
http://www.wikidata.org/entity/Q949537,http://www.wikidata.org/entity/Q222837,Athlétic Club arlésien,136.0,2009-01-01T00:00:00Z,2015-01-01T00:00:00Z
http://www.wikidata.org/entity/Q949537,http://www.wikidata.org/entity/Q3592483,Étoile de Guinée,22.0,2000-01-01T00:00:00Z,2001-01-01T00:00:00Z
http://www.wikidata.org/entity/Q949537,http://www.wikidata.org/entity/Q536651,RAAL La Louvière,35.0,2006-01-01T00:00:00Z,2008-01-01T00:00:00Z
http://www.wikidata.org/entity/Q949537,http://www.wikidata.org/entity/Q732002,Royal Antwerp FC,3.0,2002-01-01T00:00:00Z,2006-01-01T00:00:00Z
http://www.wikidata.org/entity/Q949537,http://www.wikidata.org/entity/Q2869515,Atlético de Coléah,14.0,2002-01-01T00:00:00Z,2002-01-01T00:00:00Z
http://www.wikidata.org/entity/Q949537,http://www.wikidata.org/entity/Q3592483,Étoile de Guinée,,2006-01-01T00:00:00Z,2007-01-01T00:00:00Z
http://www.wikidata.org/entity/Q950343,http://www.wikidata.org/entity/Q18747,West Ham United FC,0.0,2012-01-01T00:00:00Z,2012-01-01T00:00:00Z
http://www.wikidata.org/entity/Q950343,http://www.wikidata.org/entity/Q642291,FC Dallas,119.0,2009-01-01T00:00:00Z,2014-01-01T00:00:00Z
http://www.wikidata.org/entity/Q950682,http://www.wikidata.org/entity/Q8466,1. FC Kaiserslautern,130.0,1998-01-01T00:00:00Z,2005-01-01T00:00:00Z
http://www.wikidata.org/entity/Q950682,http://www.wikidata.org/entity/Q28089,équipe d'Égypte de football,124.0,1988-01-01T00:00:00Z,2003-01-01T00:00:00Z
http://www.wikidata.org/entity/Q950682,http://www.wikidata.org/entity/Q335195,Neuchâtel Xamax FCS,85.0,1990-01-01T00:00:00Z,1994-01-01T00:00:00Z
http://www.wikidata.org/entity/Q950682,http://www.wikidata.org/entity/Q223566,Al Ahly SC,,1987-01-01T00:00:00Z,1990-01-01T00:00:00Z
http://www.wikidata.org/entity/Q950682,http://www.wikidata.org/entity/Q51976,Werder Brême,96.0,1994-01-01T00:00:00Z,1998-01-01T00:00:00Z
http://www.wikidata.org/entity/Q950682,http://www.wikidata.org/entity/Q157463,1. FC Sarrebruck,4.0,2005-01-01T00:00:00Z,2006-01-01T00:00:00Z
http://www.wikidata.org/entity/Q952050,http://www.wikidata.org/entity/Q2756,Sienne FC,3.0,2008-01-01T00:00:00Z,2011-01-01T00:00:00Z
http://www.wikidata.org/entity/Q952050,http://www.wikidata.org/entity/Q6748,Società Sportiva Juve Stabia,55.0,2011-01-01T00:00:00Z,2013-01-01T00:00:00Z
http://www.wikidata.org/entity/Q952050,http://www.wikidata.org/entity/Q29400,AS Tarente Calcio,46.0,2006-01-01T00:00:00Z,2008-01-01T00:00:00Z
http://www.wikidata.org/entity/Q952050,http://www.wikidata.org/entity/Q847587,U.S. Salernitana 1919,,2016-01-01T00:00:00Z,
http://www.wikidata.org/entity/Q952050,http://www.wikidata.org/entity/Q1508747,Sorrente Calcio,52.0,2003-01-01T00:00:00Z,2006-01-01T00:00:00Z
http://www.wikidata.org/entity/Q952050,http://www.wikidata.org/entity/Q6690,Football Club Crotone,17.0,2009-01-01T00:00:00Z,2010-01-01T00:00:00Z
http://www.wikidata.org/entity/Q952050,http://www.wikidata.org/entity/Q652516,Bénévent Calcio,27.0,2010-01-01T00:00:00Z,2011-01-01T00:00:00Z
http://www.wikidata.org/entity/Q952050,http://www.wikidata.org/entity/Q8623,Ternana Unicusano Calcio,26.0,2013-01-01T00:00:00Z,2014-01-01T00:00:00Z
http://www.wikidata.org/entity/Q952050,http://www.wikidata.org/entity/Q298217,US Avellino,45.0,2014-01-01T00:00:00Z,2016-01-01T00:00:00Z
http://www.wikidata.org/entity/Q952250,http://www.wikidata.org/entity/Q7924284,VfL Bochum II,30.0,2014-01-01T00:00:00Z,2015-01-01T00:00:00Z
http://www.wikidata.org/entity/Q952250,http://www.wikidata.org/entity/Q524378,SG Wattenscheid 09,96.0,2011-01-01T00:00:00Z,2014-01-01T00:00:00Z
http://www.wikidata.org/entity/Q952250,http://www.wikidata.org/entity/Q7924284,VfL Bochum II,211.0,2002-01-01T00:00:00Z,2009-01-01T00:00:00Z
http://www.wikidata.org/entity/Q952250,http://www.wikidata.org/entity/Q1387871,FC Wegberg-Beeck,23.0,2010-01-01T00:00:00Z,2011-01-01T00:00:00Z
http://www.wikidata.org/entity/Q952250,http://www.wikidata.org/entity/Q566141,SSVg Velbert 02,14.0,2009-01-01T00:00:00Z,2010-01-01T00:00:00Z
http://www.wikidata.org/entity/Q952250,http://www.wikidata.org/entity/Q105861,VfL Bochum,1.0,2002-01-01T00:00:00Z,2009-01-01T00:00:00Z
http://www.wikidata.org/entity/Q952586,http://www.wikidata.org/entity/Q3590033,équipe de France de football des moins de 16 ans,13.0,2004-01-01T00:00:00Z,2005-01-01T00:00:00Z
http://www.wikidata.org/entity/Q952586,http://www.wikidata.org/entity/Q216131,Fredrikstad FK,20.0,2015-01-01T00:00:00Z,2015-01-01T00:00:00Z
http://www.wikidata.org/entity/Q952586,http://www.wikidata.org/entity/Q304060,Hønefoss BK,12.0,2014-01-01T00:00:00Z,2015-01-01T00:00:00Z
http://www.wikidata.org/entity/Q952586,http://www.wikidata.org/entity/Q1450568,équipe de France de football des moins de 17 ans,7.0,2005-01-01T00:00:00Z,2006-01-01T00:00:00Z
http://www.wikidata.org/entity/Q952586,http://www.wikidata.org/entity/Q304060,Hønefoss BK,12.0,2014-01-01T00:00:00Z,2014-01-01T00:00:00Z
http://www.wikidata.org/entity/Q952586,http://www.wikidata.org/entity/Q222837,Athlétic Club arlésien,12.0,2010-01-01T00:00:00Z,2011-01-01T00:00:00Z
http://www.wikidata.org/entity/Q952586,http://www.wikidata.org/entity/Q919762,Lyon-La Duchère,18.0,2013-01-01T00:00:00Z,2014-01-01T00:00:00Z
http://www.wikidata.org/entity/Q952586,http://www.wikidata.org/entity/Q1344163,équipe de France de football des moins de 20 ans,2.0,2009-01-01T00:00:00Z,2009-01-01T00:00:00Z
http://www.wikidata.org/entity/Q952586,http://www.wikidata.org/entity/Q2701714,équipe de France de football des moins de 19 ans,5.0,2007-01-01T00:00:00Z,2008-01-01T00:00:00Z
http://www.wikidata.org/entity/Q952586,http://www.wikidata.org/entity/Q704,Olympique lyonnais,,2009-01-01T00:00:00Z,2013-01-01T00:00:00Z
http://www.wikidata.org/entity/Q952586,http://www.wikidata.org/entity/Q1450557,équipe de France de football des moins de 18 ans,5.0,2006-01-01T00:00:00Z,2007-01-01T00:00:00Z
http://www.wikidata.org/entity/Q952586,http://www.wikidata.org/entity/Q870173,Vannes Olympique Club,17.0,2011-01-01T00:00:00Z,2012-01-01T00:00:00Z
http://www.wikidata.org/entity/Q953394,http://www.wikidata.org/entity/Q619215,Apollon Kalamarias,64.0,1998-01-01T00:00:00Z,2002-01-01T00:00:00Z
http://www.wikidata.org/entity/Q953394,http://www.wikidata.org/entity/Q291471,AEL Limassol,10.0,2008-01-01T00:00:00Z,2010-01-01T00:00:00Z
http://www.wikidata.org/entity/Q953394,http://www.wikidata.org/entity/Q757754,Atromitos Football Club,,2002-01-01T00:00:00Z,2004-01-01T00:00:00Z
http://www.wikidata.org/entity/Q953394,http://www.wikidata.org/entity/Q750322,SC Astra Ploiești,6.0,2010-01-01T00:00:00Z,2011-01-01T00:00:00Z
http://www.wikidata.org/entity/Q953394,http://www.wikidata.org/entity/Q221525,FC Metz,1.0,2007-01-01T00:00:00Z,2008-01-01T00:00:00Z
http://www.wikidata.org/entity/Q953394,http://www.wikidata.org/entity/Q1324370,Tonnerre Yaoundé,0.0,1997-01-01T00:00:00Z,1998-01-01T00:00:00Z
http://www.wikidata.org/entity/Q953394,http://www.wikidata.org/entity/Q175309,équipe du Cameroun de football,1.0,2006-01-01T00:00:00Z,2006-01-01T00:00:00Z
http://www.wikidata.org/entity/Q953394,http://www.wikidata.org/entity/Q1325357,Football Club Sports Réunis Haguenau,,2012-01-01T00:00:00Z,2015-01-01T00:00:00Z
http://www.wikidata.org/entity/Q953394,http://www.wikidata.org/entity/Q4122219,Panathinaïkós,,2004-01-01T00:00:00Z,2007-01-01T00:00:00Z
http://www.wikidata.org/entity/Q953877,http://www.wikidata.org/entity/Q611653,Fútbol Club Cartagena,10.0,2012-01-01T00:00:00Z,2012-01-01T00:00:00Z
http://www.wikidata.org/entity/Q953877,http://www.wikidata.org/entity/Q2575756,Sunshine Stars Football Club,2.0,2015-01-01T00:00:00Z,2015-01-01T00:00:00Z
http://www.wikidata.org/entity/Q953877,http://www.wikidata.org/entity/Q3590737,équipe du Nigeria de football des moins de 17 ans,,2007-01-01T00:00:00Z,2007-01-01T00:00:00Z
http://www.wikidata.org/entity/Q953877,http://www.wikidata.org/entity/Q697353,UD Salamanca,15.0,2009-01-01T00:00:00Z,2010-01-01T00:00:00Z
http://www.wikidata.org/entity/Q953877,http://www.wikidata.org/entity/Q460448,Cádiz CF,37.0,2011-01-01T00:00:00Z,2012-01-01T00:00:00Z
http://www.wikidata.org/entity/Q953877,http://www.wikidata.org/entity/Q1024390,CSM Politehnica Iași,2.0,2014-01-01T00:00:00Z,2014-01-01T00:00:00Z
http://www.wikidata.org/entity/Q953877,http://www.wikidata.org/entity/Q290540,Étoile sportive du Sahel,1.0,2009-01-01T00:00:00Z,2009-01-01T00:00:00Z
http://www.wikidata.org/entity/Q953877,http://www.wikidata.org/entity/Q8812,Grenade CF,0.0,2011-01-01T00:00:00Z,2013-01-01T00:00:00Z
http://www.wikidata.org/entity/Q953877,http://www.wikidata.org/entity/Q1253472,Doxa Katokopias,8.0,2013-01-01T00:00:00Z,2013-01-01T00:00:00Z
http://www.wikidata.org/entity/Q953877,http://www.wikidata.org/entity/Q544120,Zamora CF,32.0,2010-01-01T00:00:00Z,2011-01-01T00:00:00Z
http://www.wikidata.org/entity/Q953877,http://www.wikidata.org/entity/Q856225,CE L'Hospitalet,28.0,2013-01-01T00:00:00Z,2014-01-01T00:00:00Z
http://www.wikidata.org/entity/Q954148,http://www.wikidata.org/entity/Q3063069,FC Amberg,,1991-01-01T00:00:00Z,1994-01-01T00:00:00Z
http://www.wikidata.org/entity/Q954148,http://www.wikidata.org/entity/Q867921,Livingston Football Club,31.0,2001-01-01T00:00:00Z,2005-01-01T00:00:00Z
http://www.wikidata.org/entity/Q954148,http://www.wikidata.org/entity/Q812723,Al-Nasr Dubaï,,2000-01-01T00:00:00Z,2000-01-01T00:00:00Z
http://www.wikidata.org/entity/Q954148,http://www.wikidata.org/entity/Q1044640,Mouloudia Club d'Alger,,2007-01-01T00:00:00Z,
http://www.wikidata.org/entity/Q954148,http://www.wikidata.org/entity/Q221525,FC Metz,10.0,2005-01-01T00:00:00Z,2006-01-01T00:00:00Z
http://www.wikidata.org/entity/Q954148,http://www.wikidata.org/entity/Q191595,équipe du Togo de football,36.0,1998-01-01T00:00:00Z,2009-01-01T00:00:00Z
http://www.wikidata.org/entity/Q954148,http://www.wikidata.org/entity/Q2829395,Al-Orouba SC,18.0,2009-01-01T00:00:00Z,2009-01-01T00:00:00Z
http://www.wikidata.org/entity/Q954148,http://www.wikidata.org/entity/Q33748,Hanovre 96,3.0,2001-01-01T00:00:00Z,2001-01-01T00:00:00Z
http://www.wikidata.org/entity/Q954148,http://www.wikidata.org/entity/Q38245,Eintracht Francfort,5.0,1994-01-01T00:00:00Z,1996-01-01T00:00:00Z
http://www.wikidata.org/entity/Q954148,http://www.wikidata.org/entity/Q38245,Eintracht Francfort,,1996-01-01T00:00:00Z,1998-01-01T00:00:00Z
http://www.wikidata.org/entity/Q954148,http://www.wikidata.org/entity/Q15786,1. FC Nuremberg,4.0,1996-01-01T00:00:00Z,1998-01-01T00:00:00Z
http://www.wikidata.org/entity/Q954148,http://www.wikidata.org/entity/Q132885,Olympique de Marseille,,1998-01-01T00:00:00Z,1999-01-01T00:00:00Z
http://www.wikidata.org/entity/Q954148,http://www.wikidata.org/entity/Q429630,Al-Jazira Club,,1999-01-01T00:00:00Z,2000-01-01T00:00:00Z
http://www.wikidata.org/entity/Q954148,http://www.wikidata.org/entity/Q429630,Al-Jazira Club,16.0,2007-01-01T00:00:00Z,2008-01-01T00:00:00Z
http://www.wikidata.org/entity/Q954148,http://www.wikidata.org/entity/Q245162,Rapid Bucarest,0.0,2006-01-01T00:00:00Z,2007-01-01T00:00:00Z
http://www.wikidata.org/entity/Q954148,http://www.wikidata.org/entity/Q812723,Al-Nasr Dubaï,,2000-01-01T00:00:00Z,2001-01-01T00:00:00Z
http://www.wikidata.org/entity/Q954148,http://www.wikidata.org/entity/Q290476,Étoile filante de Lomé,,1996-01-01T00:00:00Z,1998-01-01T00:00:00Z
http://www.wikidata.org/entity/Q954148,http://www.wikidata.org/entity/Q1044640,Mouloudia Club d'Alger,7.0,2008-01-01T00:00:00Z,2011-01-01T00:00:00Z
http://www.wikidata.org/entity/Q954339,http://www.wikidata.org/entity/Q207503,Helsingborgs IF,148.0,1998-01-01T00:00:00Z,2003-01-01T00:00:00Z
http://www.wikidata.org/entity/Q954339,http://www.wikidata.org/entity/Q584858,Halmstads BK,27.0,2015-01-01T00:00:00Z,2015-01-01T00:00:00Z
http://www.wikidata.org/entity/Q954339,http://www.wikidata.org/entity/Q33748,Hanovre 96,7.0,2006-01-01T00:00:00Z,2006-01-01T00:00:00Z
http://www.wikidata.org/entity/Q954339,http://www.wikidata.org/entity/Q207503,Helsingborgs IF,171.0,2007-01-01T00:00:00Z,2014-01-01T00:00:00Z
http://www.wikidata.org/entity/Q954339,http://www.wikidata.org/entity/Q214374,Lillestrøm SK,63.0,2004-01-01T00:00:00Z,2006-01-01T00:00:00Z
http://www.wikidata.org/entity/Q954339,http://www.wikidata.org/entity/Q160826,équipe de Suède de football,24.0,2000-01-01T00:00:00Z,2006-01-01T00:00:00Z
http://www.wikidata.org/entity/Q954339,http://www.wikidata.org/entity/Q2255267,équipe de Suède espoirs de football,14.0,1998-01-01T00:00:00Z,2000-01-01T00:00:00Z
http://www.wikidata.org/entity/Q954339,http://www.wikidata.org/entity/Q207503,Helsingborgs IF,0.0,2016-01-01T00:00:00Z,2016-01-01T00:00:00Z
http://www.wikidata.org/entity/Q954339,http://www.wikidata.org/entity/Q33748,Hanovre 96,7.0,2006-01-01T00:00:00Z,2007-01-01T00:00:00Z
http://www.wikidata.org/entity/Q954972,http://www.wikidata.org/entity/Q5029522,équipe du Canada de soccer des moins de 20 ans,5.0,2009-01-01T00:00:00Z,2009-01-01T00:00:00Z
http://www.wikidata.org/entity/Q954972,http://www.wikidata.org/entity/Q1207755,FC Edmonton,6.0,2011-01-01T00:00:00Z,2011-01-01T00:00:00Z
http://www.wikidata.org/entity/Q954972,http://www.wikidata.org/entity/Q208635,équipe du Canada de soccer,3.0,2009-01-01T00:00:00Z,2010-01-01T00:00:00Z
http://www.wikidata.org/entity/Q954972,http://www.wikidata.org/entity/Q107818,FC Energie Cottbus,56.0,2008-01-01T00:00:00Z,2010-01-01T00:00:00Z
http://www.wikidata.org/entity/Q975917,http://www.wikidata.org/entity/Q946297,équipe du pays de Galles espoirs de football,10.0,2006-01-01T00:00:00Z,2010-01-01T00:00:00Z
http://www.wikidata.org/entity/Q977806,http://www.wikidata.org/entity/Q2288370,équipe de Corse de football,,2010-01-01T00:00:00Z,
http://www.wikidata.org/entity/Q977806,http://www.wikidata.org/entity/Q608988,CS Sedan Ardennes,106.0,2007-01-01T00:00:00Z,2011-01-01T00:00:00Z
http://www.wikidata.org/entity/Q977806,http://www.wikidata.org/entity/Q209509,Grenoble Foot 38,,2015-01-01T00:00:00Z,
http://www.wikidata.org/entity/Q977806,http://www.wikidata.org/entity/Q760736,Stade lavallois,12.0,2013-01-01T00:00:00Z,2014-01-01T00:00:00Z
http://www.wikidata.org/entity/Q977806,http://www.wikidata.org/entity/Q270051,Athletic club ajaccien,33.0,2011-01-01T00:00:00Z,2013-01-01T00:00:00Z
http://www.wikidata.org/entity/Q977806,http://www.wikidata.org/entity/Q290481,ÉFC Fréjus Saint-Raphaël,,2003-01-01T00:00:00Z,2006-01-01T00:00:00Z
http://www.wikidata.org/entity/Q977806,http://www.wikidata.org/entity/Q670795,Cercle athlétique bastiais,,2014-01-01T00:00:00Z,2015-01-01T00:00:00Z
http://www.wikidata.org/entity/Q978525,http://www.wikidata.org/entity/Q33748,Hanovre 96,3.0,2011-01-01T00:00:00Z,2013-01-01T00:00:00Z
http://www.wikidata.org/entity/Q978525,http://www.wikidata.org/entity/Q3873528,équipe de Norvège de football des moins de 19 ans,12.0,2003-01-01T00:00:00Z,2003-01-01T00:00:00Z
http://www.wikidata.org/entity/Q978525,http://www.wikidata.org/entity/Q3590274,équipe de Norvège de football des moins de 17 ans,,2001-01-01T00:00:00Z,
http://www.wikidata.org/entity/Q978525,http://www.wikidata.org/entity/Q214374,Lillestrøm SK,9.0,2012-01-01T00:00:00Z,2012-01-01T00:00:00Z
http://www.wikidata.org/entity/Q978525,http://www.wikidata.org/entity/Q184387,équipe de Norvège de football,,2006-01-01T00:00:00Z,
http://www.wikidata.org/entity/Q978525,http://www.wikidata.org/entity/Q211753,IF Elfsborg,,2013-01-01T00:00:00Z,
http://www.wikidata.org/entity/Q978525,http://www.wikidata.org/entity/Q3873500,équipe de Norvège de football des moins de 16 ans,6.0,2001-01-01T00:00:00Z,2001-01-01T00:00:00Z
http://www.wikidata.org/entity/Q978525,http://www.wikidata.org/entity/Q3873512,équipe de Norvège de football des moins de 18 ans,5.0,2003-01-01T00:00:00Z,2003-01-01T00:00:00Z
http://www.wikidata.org/entity/Q978525,http://www.wikidata.org/entity/Q217233,Stabæk Fotball,184.0,2003-01-01T00:00:00Z,2011-01-01T00:00:00Z
http://www.wikidata.org/entity/Q978525,http://www.wikidata.org/entity/Q3590274,équipe de Norvège de football des moins de 17 ans,8.0,2002-01-01T00:00:00Z,2002-01-01T00:00:00Z
http://www.wikidata.org/entity/Q978525,http://www.wikidata.org/entity/Q2446294,équipe de Norvège espoirs de football,14.0,2005-01-01T00:00:00Z,2005-01-01T00:00:00Z
http://www.wikidata.org/entity/Q979290,http://www.wikidata.org/entity/Q812760,Al Shamal,24.0,2014-01-01T00:00:00Z,2015-01-01T00:00:00Z
http://www.wikidata.org/entity/Q979290,http://www.wikidata.org/entity/Q284281,Al-Wakrah Sports Club,18.0,2011-01-01T00:00:00Z,2012-01-01T00:00:00Z
http://www.wikidata.org/entity/Q979290,http://www.wikidata.org/entity/Q318348,NEC Nimègue,73.0,2004-01-01T00:00:00Z,2007-01-01T00:00:00Z
http://www.wikidata.org/entity/Q979290,http://www.wikidata.org/entity/Q24699,RKC Waalwijk,33.0,2003-01-01T00:00:00Z,2004-01-01T00:00:00Z
http://www.wikidata.org/entity/Q979290,http://www.wikidata.org/entity/Q958008,Umm Salal SC,17.0,2012-01-01T00:00:00Z,2013-01-01T00:00:00Z
http://www.wikidata.org/entity/Q979290,http://www.wikidata.org/entity/Q134241,Feyenoord Rotterdam,2.0,2001-01-01T00:00:00Z,2002-01-01T00:00:00Z
http://www.wikidata.org/entity/Q979290,http://www.wikidata.org/entity/Q284281,Al-Wakrah Sports Club,13.0,2013-01-01T00:00:00Z,2014-01-01T00:00:00Z
http://www.wikidata.org/entity/Q979290,http://www.wikidata.org/entity/Q332664,Willem II Tilburg,104.0,2007-01-01T00:00:00Z,2010-01-01T00:00:00Z
http://www.wikidata.org/entity/Q979290,http://www.wikidata.org/entity/Q370712,Excelsior Rotterdam,30.0,2002-01-01T00:00:00Z,2003-01-01T00:00:00Z
http://www.wikidata.org/entity/Q979290,http://www.wikidata.org/entity/Q10308,Real Saragosse,20.0,2010-01-01T00:00:00Z,2011-01-01T00:00:00Z
http://www.wikidata.org/entity/Q979850,http://www.wikidata.org/entity/Q5985726,équipe d'Islande de football des moins de 19 ans,7.0,1998-01-01T00:00:00Z,1998-01-01T00:00:00Z
http://www.wikidata.org/entity/Q979850,http://www.wikidata.org/entity/Q2533263,équipe d'Islande espoirs de football,,2001-01-01T00:00:00Z,2001-01-01T00:00:00Z
http://www.wikidata.org/entity/Q979850,http://www.wikidata.org/entity/Q221702,KR Reykjavik,30.0,2002-01-01T00:00:00Z,2003-01-01T00:00:00Z
http://www.wikidata.org/entity/Q979850,http://www.wikidata.org/entity/Q2533263,équipe d'Islande espoirs de football,11.0,2000-01-01T00:00:00Z,2001-01-01T00:00:00Z
http://www.wikidata.org/entity/Q979850,http://www.wikidata.org/entity/Q638288,Strømsgodset IF,15.0,2001-01-01T00:00:00Z,2001-01-01T00:00:00Z
http://www.wikidata.org/entity/Q979850,http://www.wikidata.org/entity/Q189198,équipe d'Islande de football,34.0,2001-01-01T00:00:00Z,2011-01-01T00:00:00Z
http://www.wikidata.org/entity/Q979850,http://www.wikidata.org/entity/Q217233,Stabæk Fotball,120.0,2004-01-01T00:00:00Z,2008-01-01T00:00:00Z
http://www.wikidata.org/entity/Q979850,http://www.wikidata.org/entity/Q279886,Ungmennafélagið Stjarnan,,2013-01-01T00:00:00Z,
http://www.wikidata.org/entity/Q979850,http://www.wikidata.org/entity/Q221702,KR Reykjavik,,2002-01-01T00:00:00Z,2003-01-01T00:00:00Z
http://www.wikidata.org/entity/Q979850,http://www.wikidata.org/entity/Q279886,Ungmennafélagið Stjarnan,59.0,1996-01-01T00:00:00Z,2000-01-01T00:00:00Z
http://www.wikidata.org/entity/Q979850,http://www.wikidata.org/entity/Q217233,Stabæk Fotball,,2010-01-01T00:00:00Z,2011-01-01T00:00:00Z
http://www.wikidata.org/entity/Q979850,http://www.wikidata.org/entity/Q212819,Vålerenga Fotball,20.0,2011-01-01T00:00:00Z,2012-01-01T00:00:00Z
http://www.wikidata.org/entity/Q979850,http://www.wikidata.org/entity/Q19523,AS Nancy-Lorraine,5.0,2009-01-01T00:00:00Z,2009-01-01T00:00:00Z
http://www.wikidata.org/entity/Q979850,http://www.wikidata.org/entity/Q217233,Stabæk Fotball,10.0,2012-01-01T00:00:00Z,2012-01-01T00:00:00Z
http://www.wikidata.org/entity/Q980591,http://www.wikidata.org/entity/Q571553,SV Babelsberg 03,18.0,2011-01-01T00:00:00Z,2012-01-01T00:00:00Z
http://www.wikidata.org/entity/Q980591,http://www.wikidata.org/entity/Q19513,Montpellier Hérault SC,1.0,2008-01-01T00:00:00Z,2011-01-01T00:00:00Z
http://www.wikidata.org/entity/Q980591,http://www.wikidata.org/entity/Q940001,Football Club de Sète,,2012-01-01T00:00:00Z,
http://www.wikidata.org/entity/Q980591,http://www.wikidata.org/entity/Q2701714,équipe de France de football des moins de 19 ans,10.0,2008-01-01T00:00:00Z,2009-01-01T00:00:00Z
http://www.wikidata.org/entity/Q981046,http://www.wikidata.org/entity/Q222837,Athlétic Club arlésien,1.0,2013-01-01T00:00:00Z,2013-01-01T00:00:00Z
http://www.wikidata.org/entity/Q981046,http://www.wikidata.org/entity/Q182740,équipe de Serbie de football,1.0,2008-01-01T00:00:00Z,2008-01-01T00:00:00Z
http://www.wikidata.org/entity/Q981046,http://www.wikidata.org/entity/Q953632,équipe de Serbie de football des moins de 19 ans,13.0,2008-01-01T00:00:00Z,2010-01-01T00:00:00Z
http://www.wikidata.org/entity/Q981046,http://www.wikidata.org/entity/Q659212,FC Saint-Gall,,2015-01-01T00:00:00Z,
http://www.wikidata.org/entity/Q981046,http://www.wikidata.org/entity/Q19521,AS Saint-Étienne,3.0,2012-01-01T00:00:00Z,2014-01-01T00:00:00Z
http://www.wikidata.org/entity/Q981046,http://www.wikidata.org/entity/Q222837,Athlétic Club arlésien,1.0,2013-01-01T00:00:00Z,2014-01-01T00:00:00Z
http://www.wikidata.org/entity/Q981046,http://www.wikidata.org/entity/Q153539,SpVgg Greuther Fürth,16.0,2010-01-01T00:00:00Z,2011-01-01T00:00:00Z
http://www.wikidata.org/entity/Q981046,http://www.wikidata.org/entity/Q2272209,équipe de Serbie espoirs de football,8.0,2008-01-01T00:00:00Z,2008-01-01T00:00:00Z
http://www.wikidata.org/entity/Q981046,http://www.wikidata.org/entity/Q734785,Lechia Gdańsk,3.0,2014-01-01T00:00:00Z,2014-01-01T00:00:00Z
http://www.wikidata.org/entity/Q981046,http://www.wikidata.org/entity/Q296050,AO Kavala,2.0,2011-01-01T00:00:00Z,2012-01-01T00:00:00Z
http://www.wikidata.org/entity/Q981046,http://www.wikidata.org/entity/Q2074,Genoa CFC,,2010-01-01T00:00:00Z,2012-01-01T00:00:00Z
http://www.wikidata.org/entity/Q981046,http://www.wikidata.org/entity/Q2272209,équipe de Serbie espoirs de football,8.0,2008-01-01T00:00:00Z,2011-01-01T00:00:00Z
http://www.wikidata.org/entity/Q981046,http://www.wikidata.org/entity/Q3590360,équipe de Serbie de football des moins de 17 ans,12.0,2006-01-01T00:00:00Z,2008-01-01T00:00:00Z
http://www.wikidata.org/entity/Q981046,http://www.wikidata.org/entity/Q734785,Lechia Gdańsk,3.0,2014-01-01T00:00:00Z,2015-01-01T00:00:00Z
http://www.wikidata.org/entity/Q981046,http://www.wikidata.org/entity/Q207501,FK Vojvodina Novi Sad,48.0,2007-01-01T00:00:00Z,2009-01-01T00:00:00Z
http://www.wikidata.org/entity/Q981215,http://www.wikidata.org/entity/Q922698,équipe d'Italie espoirs de football,1.0,2004-01-01T00:00:00Z,2004-01-01T00:00:00Z
http://www.wikidata.org/entity/Q981215,http://www.wikidata.org/entity/Q459794,Plaisance Calcio 1919,129.0,2006-01-01T00:00:00Z,2011-01-01T00:00:00Z
http://www.wikidata.org/entity/Q981215,http://www.wikidata.org/entity/Q8648,Lanciano Calcio 1920,52.0,2001-01-01T00:00:00Z,2003-01-01T00:00:00Z
http://www.wikidata.org/entity/Q981215,http://www.wikidata.org/entity/Q6641,SSC Bari,71.0,2000-01-01T00:00:00Z,2006-01-01T00:00:00Z
http://www.wikidata.org/entity/Q981215,http://www.wikidata.org/entity/Q652516,Bénévent Calcio,39.0,2011-01-01T00:00:00Z,2014-01-01T00:00:00Z
http://www.wikidata.org/entity/Q981215,http://www.wikidata.org/entity/Q3626796,A.S. Bisceglie Calcio 1913,34.0,2014-01-01T00:00:00Z,2015-01-01T00:00:00Z
http://www.wikidata.org/entity/Q981215,http://www.wikidata.org/entity/Q8643,Vicenza Calcio,2.0,2014-01-01T00:00:00Z,2014-01-01T00:00:00Z
http://www.wikidata.org/entity/Q982113,http://www.wikidata.org/entity/Q621120,Portimonense Sporting Clube,48.0,2013-01-01T00:00:00Z,2016-01-01T00:00:00Z
http://www.wikidata.org/entity/Q982113,http://www.wikidata.org/entity/Q15786,1. FC Nuremberg,4.0,2013-01-01T00:00:00Z,2013-01-01T00:00:00Z
http://www.wikidata.org/entity/Q982113,http://www.wikidata.org/entity/Q3658577,équipe du Japon de football des moins de 20 ans,4.0,2007-01-01T00:00:00Z,2007-01-01T00:00:00Z
http://www.wikidata.org/entity/Q982113,http://www.wikidata.org/entity/Q249662,Nagoya Grampus,13.0,2021-01-01T00:00:00Z,2022-08-01T00:00:00Z
http://www.wikidata.org/entity/Q982113,http://www.wikidata.org/entity/Q59645,FC Ryūkyū,,2023-02-01T00:00:00Z,2023-12-01T00:00:00Z
http://www.wikidata.org/entity/Q982113,http://www.wikidata.org/entity/Q16932,Kashima Antlers,78.0,2016-01-01T00:00:00Z,2018-01-01T00:00:00Z
http://www.wikidata.org/entity/Q982113,http://www.wikidata.org/entity/Q170566,équipe du Japon de football,5.0,2009-01-01T00:00:00Z,2010-01-01T00:00:00Z
http://www.wikidata.org/entity/Q982113,http://www.wikidata.org/entity/Q249662,Nagoya Grampus,69.0,2010-01-01T00:00:00Z,2012-01-01T00:00:00Z
http://www.wikidata.org/entity/Q982113,http://www.wikidata.org/entity/Q249662,Nagoya Grampus,25.0,2020-03-01T00:00:00Z,2020-12-01T00:00:00Z
http://www.wikidata.org/entity/Q982113,http://www.wikidata.org/entity/Q16932,Kashima Antlers,27.0,2015-01-01T00:00:00Z,2015-01-01T00:00:00Z
http://www.wikidata.org/entity/Q982113,http://www.wikidata.org/entity/Q385074,Oita Trinita,74.0,2007-01-01T00:00:00Z,2009-01-01T00:00:00Z
http://www.wikidata.org/entity/Q982113,http://www.wikidata.org/entity/Q385074,Oita Trinita,13.0,2022-08-01T00:00:00Z,2022-12-01T00:00:00Z
http://www.wikidata.org/entity/Q982113,http://www.wikidata.org/entity/Q1051238,Sagan Tosu,46.0,2018-01-01T00:00:00Z,2020-12-01T00:00:00Z
http://www.wikidata.org/entity/Q982447,http://www.wikidata.org/entity/Q391789,GAIS,23.0,2020-01-01T00:00:00Z,2020-01-01T00:00:00Z
http://www.wikidata.org/entity/Q982447,http://www.wikidata.org/entity/Q391789,GAIS,71.0,2022-01-01T00:00:00Z,2024-01-01T00:00:00Z
http://www.wikidata.org/entity/Q982447,http://www.wikidata.org/entity/Q2255267,équipe de Suède espoirs de football,14.0,2011-01-01T00:00:00Z,2012-01-01T00:00:00Z
http://www.wikidata.org/entity/Q982447,http://www.wikidata.org/entity/Q639723,BK Häcken,33.0,2017-01-01T00:00:00Z,2019-01-01T00:00:00Z
http://www.wikidata.org/entity/Q982447,http://www.wikidata.org/entity/Q2255212,équipe de Suède des moins de 19 ans de football,6.0,2008-01-01T00:00:00Z,2009-01-01T00:00:00Z
http://www.wikidata.org/entity/Q982447,http://www.wikidata.org/entity/Q391789,GAIS,14.0,2012-03-01T00:00:00Z,2012-07-01T00:00:00Z
http://www.wikidata.org/entity/Q982447,http://www.wikidata.org/entity/Q19597,Rangers FC,5.0,2012-01-01T00:00:00Z,2012-03-01T00:00:00Z
http://www.wikidata.org/entity/Q982447,http://www.wikidata.org/entity/Q391789,GAIS,70.0,2008-01-01T00:00:00Z,2011-01-01T00:00:00Z
http://www.wikidata.org/entity/Q982447,http://www.wikidata.org/entity/Q641373,Gençlerbirliği SK,42.0,2013-01-01T00:00:00Z,2015-01-01T00:00:00Z
http://www.wikidata.org/entity/Q982447,http://www.wikidata.org/entity/Q2710,Delfino Pescara,23.0,2012-07-01T00:00:00Z,2013-01-01T00:00:00Z
http://www.wikidata.org/entity/Q982447,http://www.wikidata.org/entity/Q417685,Akhisar Belediyespor,,2015-01-01T00:00:00Z,2017-01-01T00:00:00Z
http://www.wikidata.org/entity/Q975917,http://www.wikidata.org/entity/Q48945,Northampton Town FC,10.0,2017-01-01T00:00:00Z,2017-01-01T00:00:00Z
http://www.wikidata.org/entity/Q975917,http://www.wikidata.org/entity/Q192597,Hibernian F.C.,2.0,2016-01-01T00:00:00Z,2017-01-01T00:00:00Z
http://www.wikidata.org/entity/Q975917,http://www.wikidata.org/entity/Q18519,Lincoln City Football Club,122.0,2017-01-01T00:00:00Z,2020-01-01T00:00:00Z
http://www.wikidata.org/entity/Q975917,http://www.wikidata.org/entity/Q48929,Burton Albion Football Club,10.0,2020-01-01T00:00:00Z,2021-01-01T00:00:00Z
http://www.wikidata.org/entity/Q975917,http://www.wikidata.org/entity/Q18507,Barrow Association Football Club,19.0,2021-01-01T00:00:00Z,2021-01-01T00:00:00Z
http://www.wikidata.org/entity/Q975917,http://www.wikidata.org/entity/Q1526049,Gap Connah's Quay Football Club,19.0,2021-01-01T00:00:00Z,2022-01-01T00:00:00Z
http://www.wikidata.org/entity/Q961799,http://www.wikidata.org/entity/Q221525,FC Metz,69.0,2004-01-01T00:00:00Z,2010-01-01T00:00:00Z
http://www.wikidata.org/entity/Q961799,http://www.wikidata.org/entity/Q747693,Louhans-Cuiseaux FC,9.0,2013-01-01T00:00:00Z,2015-01-01T00:00:00Z
http://www.wikidata.org/entity/Q961799,http://www.wikidata.org/entity/Q2874234,Aversa Normanna,9.0,2014-01-01T00:00:00Z,2014-01-01T00:00:00Z
http://www.wikidata.org/entity/Q963817,http://www.wikidata.org/entity/Q134255,Górnik Zabrze,22.0,2013-01-01T00:00:00Z,2015-01-01T00:00:00Z
http://www.wikidata.org/entity/Q963817,http://www.wikidata.org/entity/Q202093,Heart of Midlothian Football Club,,2015-01-01T00:00:00Z,
http://www.wikidata.org/entity/Q963817,http://www.wikidata.org/entity/Q193749,Legia Varsovie,4.0,2007-01-01T00:00:00Z,2009-01-01T00:00:00Z
http://www.wikidata.org/entity/Q963817,http://www.wikidata.org/entity/Q8643,Vicenza Calcio,26.0,2011-01-01T00:00:00Z,2012-01-01T00:00:00Z
http://www.wikidata.org/entity/Q963817,http://www.wikidata.org/entity/Q19451,Bolton Wanderers FC,0.0,2006-01-01T00:00:00Z,2007-01-01T00:00:00Z
http://www.wikidata.org/entity/Q963817,http://www.wikidata.org/entity/Q289713,Rimini Football Club,6.0,2008-01-01T00:00:00Z,2009-01-01T00:00:00Z
http://www.wikidata.org/entity/Q963817,http://www.wikidata.org/entity/Q2018,Catania Football Club,17.0,2009-01-01T00:00:00Z,2013-01-01T00:00:00Z
http://www.wikidata.org/entity/Q963817,http://www.wikidata.org/entity/Q1780231,équipe de Pologne espoirs de football,3.0,2009-01-01T00:00:00Z,2010-01-01T00:00:00Z
http://www.wikidata.org/entity/Q963817,http://www.wikidata.org/entity/Q1812607,Legia Varsovie CWKS,4.0,2007-01-01T00:00:00Z,2008-01-01T00:00:00Z
http://www.wikidata.org/entity/Q964030,http://www.wikidata.org/entity/Q10308,Real Saragosse,100.0,2009-01-01T00:00:00Z,2012-01-01T00:00:00Z
http://www.wikidata.org/entity/Q964030,http://www.wikidata.org/entity/Q15799,Club Atlético River Plate,,2012-01-01T00:00:00Z,
http://www.wikidata.org/entity/Q964030,http://www.wikidata.org/entity/Q170703,Boca Juniors,55.0,2008-01-01T00:00:00Z,2009-01-01T00:00:00Z
http://www.wikidata.org/entity/Q964030,http://www.wikidata.org/entity/Q79800,équipe d'Argentine de football,8.0,2003-01-01T00:00:00Z,2013-01-01T00:00:00Z
http://www.wikidata.org/entity/Q964030,http://www.wikidata.org/entity/Q221882,Newell's Old Boys,90.0,2000-01-01T00:00:00Z,2003-01-01T00:00:00Z
http://www.wikidata.org/entity/Q964030,http://www.wikidata.org/entity/Q1187790,équipe d'Argentine des moins de 20 ans de football,7.0,2001-01-01T00:00:00Z,2001-01-01T00:00:00Z
http://www.wikidata.org/entity/Q965609,http://www.wikidata.org/entity/Q1262841,HNK Segesta Sisak,115.0,1993-01-01T00:00:00Z,1997-01-01T00:00:00Z
http://www.wikidata.org/entity/Q965609,http://www.wikidata.org/entity/Q1807380,NK Istra,15.0,1991-01-01T00:00:00Z,1992-01-01T00:00:00Z
http://www.wikidata.org/entity/Q965609,http://www.wikidata.org/entity/Q1545688,NK Samobor,14.0,1997-01-01T00:00:00Z,1998-01-01T00:00:00Z
http://www.wikidata.org/entity/Q965609,http://www.wikidata.org/entity/Q462411,NK Zagreb,,1989-01-01T00:00:00Z,1991-01-01T00:00:00Z
http://www.wikidata.org/entity/Q965609,http://www.wikidata.org/entity/Q107818,FC Energie Cottbus,248.0,1998-01-01T00:00:00Z,2009-01-01T00:00:00Z
http://www.wikidata.org/entity/Q965609,http://www.wikidata.org/entity/Q725916,NK Istra 1961,15.0,1991-01-01T00:00:00Z,1992-01-01T00:00:00Z
http://www.wikidata.org/entity/Q965609,http://www.wikidata.org/entity/Q8060426,équipe de Yougoslavie de football des moins de 20 ans,0.0,1987-01-01T00:00:00Z,1987-01-01T00:00:00Z
http://www.wikidata.org/entity/Q965609,http://www.wikidata.org/entity/Q181190,équipe de Bosnie-Herzégovine de football,9.0,2001-01-01T00:00:00Z,2002-01-01T00:00:00Z
http://www.wikidata.org/entity/Q965609,http://www.wikidata.org/entity/Q479344,FC Eilenburg,10.0,2013-01-01T00:00:00Z,2014-01-01T00:00:00Z
http://www.wikidata.org/entity/Q965725,http://www.wikidata.org/entity/Q181216,HNK Hajduk Split,49.0,1999-01-01T00:00:00Z,2003-01-01T00:00:00Z
http://www.wikidata.org/entity/Q965725,http://www.wikidata.org/entity/Q43710,Antalyaspor,36.0,2010-01-01T00:00:00Z,2012-01-01T00:00:00Z
http://www.wikidata.org/entity/Q965725,http://www.wikidata.org/entity/Q368909,NK Slaven Belupo,55.0,2006-01-01T00:00:00Z,2008-01-01T00:00:00Z
http://www.wikidata.org/entity/Q965725,http://www.wikidata.org/entity/Q738427,NK Zadar,,1999-01-01T00:00:00Z,1999-01-01T00:00:00Z
http://www.wikidata.org/entity/Q965725,http://www.wikidata.org/entity/Q181190,équipe de Bosnie-Herzégovine de football,10.0,2007-01-01T00:00:00Z,2009-01-01T00:00:00Z
http://www.wikidata.org/entity/Q965725,http://www.wikidata.org/entity/Q833050,HNK Šibenik,23.0,2001-01-01T00:00:00Z,2002-01-01T00:00:00Z
http://www.wikidata.org/entity/Q965725,http://www.wikidata.org/entity/Q107818,FC Energie Cottbus,42.0,2008-01-01T00:00:00Z,2009-01-01T00:00:00Z
http://www.wikidata.org/entity/Q965725,http://www.wikidata.org/entity/Q1255000,RNK Split,,2012-01-01T00:00:00Z,2015-01-01T00:00:00Z
http://www.wikidata.org/entity/Q965725,http://www.wikidata.org/entity/Q855809,Cerezo Osaka,15.0,2004-01-01T00:00:00Z,2004-01-01T00:00:00Z
http://www.wikidata.org/entity/Q965725,http://www.wikidata.org/entity/Q723644,NK Inter Zaprešić,16.0,2003-01-01T00:00:00Z,2004-01-01T00:00:00Z
http://www.wikidata.org/entity/Q965725,http://www.wikidata.org/entity/Q723644,NK Inter Zaprešić,,2004-01-01T00:00:00Z,2005-01-01T00:00:00Z
http://www.wikidata.org/entity/Q965725,http://www.wikidata.org/entity/Q5187078,équipe de Croatie de football des moins de 20 ans,,1999-01-01T00:00:00Z,2000-01-01T00:00:00Z
http://www.wikidata.org/entity/Q965725,http://www.wikidata.org/entity/Q641373,Gençlerbirliği SK,22.0,2009-01-01T00:00:00Z,2010-01-01T00:00:00Z
http://www.wikidata.org/entity/Q965725,http://www.wikidata.org/entity/Q1961093,NK Imotski,,1999-01-01T00:00:00Z,2000-01-01T00:00:00Z
http://www.wikidata.org/entity/Q965846,http://www.wikidata.org/entity/Q2018,Catania Football Club,106.0,2010-01-01T00:00:00Z,2013-01-01T00:00:00Z
http://www.wikidata.org/entity/Q965846,http://www.wikidata.org/entity/Q1886,Atalanta Bergame,,2014-01-01T00:00:00Z,2021-01-01T00:00:00Z
http://www.wikidata.org/entity/Q965846,http://www.wikidata.org/entity/Q476836,Arsenal Fútbol Club,77.0,2005-01-01T00:00:00Z,2009-01-01T00:00:00Z
http://www.wikidata.org/entity/Q965846,http://www.wikidata.org/entity/Q207462,Metalist Kharkiv,23.0,2013-01-01T00:00:00Z,2014-01-01T00:00:00Z
http://www.wikidata.org/entity/Q965846,http://www.wikidata.org/entity/Q1187790,équipe d'Argentine des moins de 20 ans de football,11.0,2007-01-01T00:00:00Z,2007-01-01T00:00:00Z
http://www.wikidata.org/entity/Q965846,http://www.wikidata.org/entity/Q218282,CA San Lorenzo,48.0,2009-01-01T00:00:00Z,2010-01-01T00:00:00Z
http://www.wikidata.org/entity/Q967247,http://www.wikidata.org/entity/Q136433,PFC CSKA Sofia,3.0,2010-01-01T00:00:00Z,2010-01-01T00:00:00Z
http://www.wikidata.org/entity/Q967247,http://www.wikidata.org/entity/Q913041,Calcio Portogruaro-Summaga,13.0,2011-01-01T00:00:00Z,2011-01-01T00:00:00Z
http://www.wikidata.org/entity/Q967247,http://www.wikidata.org/entity/Q289613,Pisa SC,2.0,2011-01-01T00:00:00Z,2012-01-01T00:00:00Z
http://www.wikidata.org/entity/Q967247,http://www.wikidata.org/entity/Q3626071,A.C. Meda 1913,59.0,1998-01-01T00:00:00Z,2000-01-01T00:00:00Z
http://www.wikidata.org/entity/Q967247,http://www.wikidata.org/entity/Q1543,AC Milan,0.0,1996-01-01T00:00:00Z,1997-01-01T00:00:00Z
http://www.wikidata.org/entity/Q967247,http://www.wikidata.org/entity/Q13381,Unione Sportiva Triestina Calcio 1918,8.0,2005-01-01T00:00:00Z,2005-01-01T00:00:00Z
http://www.wikidata.org/entity/Q967247,http://www.wikidata.org/entity/Q6641,SSC Bari,103.0,2005-01-01T00:00:00Z,2009-01-01T00:00:00Z
http://www.wikidata.org/entity/Q967247,http://www.wikidata.org/entity/Q6673,Associazione Sportiva Cittadella,85.0,2000-01-01T00:00:00Z,2003-01-01T00:00:00Z
http://www.wikidata.org/entity/Q967247,http://www.wikidata.org/entity/Q430993,Mantova 1911,7.0,2009-01-01T00:00:00Z,2010-01-01T00:00:00Z
http://www.wikidata.org/entity/Q967247,http://www.wikidata.org/entity/Q289029,Società Sportiva Calcio Ancona,12.0,2003-01-01T00:00:00Z,2004-01-01T00:00:00Z
http://www.wikidata.org/entity/Q967247,http://www.wikidata.org/entity/Q289482,AC Monza,0.0,1997-01-01T00:00:00Z,1998-01-01T00:00:00Z
http://www.wikidata.org/entity/Q967247,http://www.wikidata.org/entity/Q2037,Associazione Calcio ChievoVerona,0.0,2004-01-01T00:00:00Z,2005-01-01T00:00:00Z
http://www.wikidata.org/entity/Q968761,http://www.wikidata.org/entity/Q995313,Bryne FK,36.0,2002-01-01T00:00:00Z,2003-01-01T00:00:00Z
http://www.wikidata.org/entity/Q968761,http://www.wikidata.org/entity/Q3873512,équipe de Norvège de football des moins de 18 ans,5.0,1997-01-01T00:00:00Z,1997-01-01T00:00:00Z
http://www.wikidata.org/entity/Q968761,http://www.wikidata.org/entity/Q211177,Viking FK,88.0,2006-01-01T00:00:00Z,2009-01-01T00:00:00Z
http://www.wikidata.org/entity/Q968761,http://www.wikidata.org/entity/Q995313,Bryne FK,99.0,1997-01-01T00:00:00Z,2000-01-01T00:00:00Z
http://www.wikidata.org/entity/Q968761,http://www.wikidata.org/entity/Q635654,Lyngby BK,8.0,2013-01-01T00:00:00Z,2013-01-01T00:00:00Z
http://www.wikidata.org/entity/Q968761,http://www.wikidata.org/entity/Q2446294,équipe de Norvège espoirs de football,22.0,1998-01-01T00:00:00Z,2001-01-01T00:00:00Z
http://www.wikidata.org/entity/Q968761,http://www.wikidata.org/entity/Q3873545,équipe de Norvège de football des moins de 20 ans,1.0,1996-01-01T00:00:00Z,1996-01-01T00:00:00Z
http://www.wikidata.org/entity/Q968761,http://www.wikidata.org/entity/Q18747,West Ham United FC,7.0,2001-01-01T00:00:00Z,2002-01-01T00:00:00Z
http://www.wikidata.org/entity/Q968761,http://www.wikidata.org/entity/Q184387,équipe de Norvège de football,5.0,2004-01-01T00:00:00Z,2005-01-01T00:00:00Z
http://www.wikidata.org/entity/Q968761,http://www.wikidata.org/entity/Q205685,SK Brann,52.0,2004-01-01T00:00:00Z,2005-01-01T00:00:00Z
http://www.wikidata.org/entity/Q968761,http://www.wikidata.org/entity/Q131215,Rapid Vienne,65.0,2009-01-01T00:00:00Z,2012-01-01T00:00:00Z
http://www.wikidata.org/entity/Q968761,http://www.wikidata.org/entity/Q3873545,équipe de Norvège de football des moins de 20 ans,1.0,1998-01-01T00:00:00Z,1998-01-01T00:00:00Z
http://www.wikidata.org/entity/Q968761,http://www.wikidata.org/entity/Q210025,Football Club Nordsjælland,1.0,2012-01-01T00:00:00Z,2013-01-01T00:00:00Z
http://www.wikidata.org/entity/Q968761,http://www.wikidata.org/entity/Q3590274,équipe de Norvège de football des moins de 17 ans,13.0,1996-01-01T00:00:00Z,1997-01-01T00:00:00Z
http://www.wikidata.org/entity/Q970194,http://www.wikidata.org/entity/Q80882,CD Godoy Cruz,5.0,2009-01-01T00:00:00Z,2009-01-01T00:00:00Z
http://www.wikidata.org/entity/Q970194,http://www.wikidata.org/entity/Q719722,Club Deportivo O'Higgins,13.0,2015-01-01T00:00:00Z,2015-01-01T00:00:00Z
http://www.wikidata.org/entity/Q970194,http://www.wikidata.org/entity/Q80955,Santos FC,0.0,2008-01-01T00:00:00Z,2008-01-01T00:00:00Z
http://www.wikidata.org/entity/Q970194,http://www.wikidata.org/entity/Q391984,Club Deportivo Los Millonarios,4.0,2014-01-01T00:00:00Z,2014-01-01T00:00:00Z
http://www.wikidata.org/entity/Q970194,http://www.wikidata.org/entity/Q758689,Audax Italiano,27.0,2009-01-01T00:00:00Z,2010-01-01T00:00:00Z
http://www.wikidata.org/entity/Q970194,http://www.wikidata.org/entity/Q737753,CF Universidad de Chili,34.0,2005-01-01T00:00:00Z,2007-01-01T00:00:00Z
http://www.wikidata.org/entity/Q970194,http://www.wikidata.org/entity/Q172025,équipe du Chili de football,5.0,2011-01-01T00:00:00Z,2013-01-01T00:00:00Z
http://www.wikidata.org/entity/Q970194,http://www.wikidata.org/entity/Q8633,Varèse Calcio,3.0,2011-01-01T00:00:00Z,2011-01-01T00:00:00Z
http://www.wikidata.org/entity/Q970194,http://www.wikidata.org/entity/Q748445,Eskişehirspor,13.0,2015-01-01T00:00:00Z,2016-01-01T00:00:00Z
http://www.wikidata.org/entity/Q970194,http://www.wikidata.org/entity/Q203573,Bursaspor,48.0,2012-01-01T00:00:00Z,2014-01-01T00:00:00Z
http://www.wikidata.org/entity/Q970194,http://www.wikidata.org/entity/Q19523,AS Nancy-Lorraine,0.0,2008-01-01T00:00:00Z,2008-01-01T00:00:00Z
http://www.wikidata.org/entity/Q970194,http://www.wikidata.org/entity/Q719722,Club Deportivo O'Higgins,14.0,2011-01-01T00:00:00Z,2011-01-01T00:00:00Z
http://www.wikidata.org/entity/Q970194,http://www.wikidata.org/entity/Q643338,Club de Deportes Cobreloa,20.0,2006-01-01T00:00:00Z,2006-01-01T00:00:00Z
http://www.wikidata.org/entity/Q970858,http://www.wikidata.org/entity/Q1344163,équipe de France de football des moins de 20 ans,2.0,2011-01-01T00:00:00Z,2012-01-01T00:00:00Z
http://www.wikidata.org/entity/Q970858,http://www.wikidata.org/entity/Q19523,AS Nancy-Lorraine,46.0,2010-01-01T00:00:00Z,2013-01-01T00:00:00Z
http://www.wikidata.org/entity/Q970858,http://www.wikidata.org/entity/Q18716,Newcastle United FC,,2013-01-01T00:00:00Z,
http://www.wikidata.org/entity/Q970858,http://www.wikidata.org/entity/Q1277549,équipe de France espoirs de football,2.0,2012-01-01T00:00:00Z,2012-01-01T00:00:00Z
http://www.wikidata.org/entity/Q970858,http://www.wikidata.org/entity/Q2701714,équipe de France de football des moins de 19 ans,4.0,2011-01-01T00:00:00Z,2011-01-01T00:00:00Z
http://www.wikidata.org/entity/Q971539,http://www.wikidata.org/entity/Q19442,Barnsley Football Club,11.0,2012-01-01T00:00:00Z,2012-01-01T00:00:00Z
http://www.wikidata.org/entity/Q1008587,http://www.wikidata.org/entity/Q48950,Rotherham United FC,21.0,2010-01-01T00:00:00Z,2010-05-01T00:00:00Z
http://www.wikidata.org/entity/Q1008587,http://www.wikidata.org/entity/Q19573,Bury FC,2.0,2010-11-01T00:00:00Z,2010-12-01T00:00:00Z
http://www.wikidata.org/entity/Q1008587,http://www.wikidata.org/entity/Q192873,Dundee United FC,83.0,2011-08-01T00:00:00Z,2014-01-01T00:00:00Z
http://www.wikidata.org/entity/Q1008587,http://www.wikidata.org/entity/Q19601,Oldham Athletic AFC,0.0,2015-08-06T00:00:00Z,2015-08-28T00:00:00Z
http://www.wikidata.org/entity/Q1008587,http://www.wikidata.org/entity/Q48948,Port Vale FC,19.0,2017-07-28T00:00:00Z,2018-01-04T00:00:00Z
http://www.wikidata.org/entity/Q1008587,http://www.wikidata.org/entity/Q19637,Tranmere Rovers FC,6.0,2009-01-01T00:00:00Z,2009-01-01T00:00:00Z
http://www.wikidata.org/entity/Q1008587,http://www.wikidata.org/entity/Q19444,Birmingham City FC,0.0,2014-01-01T00:00:00Z,2015-01-01T00:00:00Z
http://www.wikidata.org/entity/Q1008587,http://www.wikidata.org/entity/Q192873,Dundee United FC,19.0,2015-11-01T00:00:00Z,2016-01-01T00:00:00Z
http://www.wikidata.org/entity/Q1008587,http://www.wikidata.org/entity/Q18512,Forest Green Rovers Football Club,63.0,2018-01-04T00:00:00Z,2019-07-01T00:00:00Z
http://www.wikidata.org/entity/Q1008587,http://www.wikidata.org/entity/Q18515,Grimsby Town Football Club,14.0,2017-01-05T00:00:00Z,2017-07-28T00:00:00Z
http://www.wikidata.org/entity/Q1008587,http://www.wikidata.org/entity/Q216523,Motherwell Football Club,14.0,2011-01-01T00:00:00Z,2011-05-01T00:00:00Z
http://www.wikidata.org/entity/Q1008587,http://www.wikidata.org/entity/Q1672798,équipe d'Irlande espoirs de football,7.0,2009-01-01T00:00:00Z,2012-01-01T00:00:00Z
http://www.wikidata.org/entity/Q1008587,http://www.wikidata.org/entity/Q19446,Blackburn Rovers FC,0.0,2008-01-01T00:00:00Z,2011-01-01T00:00:00Z
http://www.wikidata.org/entity/Q982625,http://www.wikidata.org/entity/Q19462,Charlton Athletic FC,11.0,2011-07-01T00:00:00Z,2012-01-01T00:00:00Z
http://www.wikidata.org/entity/Q982625,http://www.wikidata.org/entity/Q18661,Middlesbrough FC,17.0,2006-01-01T00:00:00Z,2007-01-01T00:00:00Z
http://www.wikidata.org/entity/Q982625,http://www.wikidata.org/entity/Q48851,Association Football Club Wimbledon,9.0,2012-01-01T00:00:00Z,2012-01-01T00:00:00Z
http://www.wikidata.org/entity/Q982625,http://www.wikidata.org/entity/Q235399,équipe de Jamaïque de football,3.0,2004-01-01T00:00:00Z,2006-01-01T00:00:00Z
http://www.wikidata.org/entity/Q982625,http://www.wikidata.org/entity/Q19589,Doncaster Rovers Football Club,12.0,2011-02-01T00:00:00Z,2011-06-01T00:00:00Z
http://www.wikidata.org/entity/Q982625,http://www.wikidata.org/entity/Q204238,équipe d'Angleterre espoirs de football,4.0,1996-01-01T00:00:00Z,1998-01-01T00:00:00Z
http://www.wikidata.org/entity/Q982625,http://www.wikidata.org/entity/Q19462,Charlton Athletic FC,139.0,2001-01-01T00:00:00Z,2006-01-01T00:00:00Z
http://www.wikidata.org/entity/Q982625,http://www.wikidata.org/entity/Q19449,Blackpool FC,36.0,2009-01-01T00:00:00Z,2011-01-01T00:00:00Z
http://www.wikidata.org/entity/Q982625,http://www.wikidata.org/entity/Q19482,Wimbledon Football Club,141.0,1995-01-01T00:00:00Z,2001-01-01T00:00:00Z
http://www.wikidata.org/entity/Q982625,http://www.wikidata.org/entity/Q18732,Southampton FC,62.0,2007-01-01T00:00:00Z,2009-01-01T00:00:00Z
http://www.wikidata.org/entity/Q983674,http://www.wikidata.org/entity/Q725018,Lierse SK,32.0,2011-01-01T00:00:00Z,2012-01-01T00:00:00Z
http://www.wikidata.org/entity/Q983674,http://www.wikidata.org/entity/Q509170,Sportkring Beveren,,2013-01-01T00:00:00Z,
http://www.wikidata.org/entity/Q983674,http://www.wikidata.org/entity/Q221940,KSC Lokeren,34.0,2012-01-01T00:00:00Z,2013-01-01T00:00:00Z
http://www.wikidata.org/entity/Q983674,http://www.wikidata.org/entity/Q105861,VfL Bochum,21.0,2010-01-01T00:00:00Z,2010-01-01T00:00:00Z
http://www.wikidata.org/entity/Q983674,http://www.wikidata.org/entity/Q995113,FK Sloboda Užice,7.0,1999-01-01T00:00:00Z,2000-01-01T00:00:00Z
http://www.wikidata.org/entity/Q983674,http://www.wikidata.org/entity/Q18232,La Gantoise,77.0,2007-01-01T00:00:00Z,2009-01-01T00:00:00Z
http://www.wikidata.org/entity/Q983674,http://www.wikidata.org/entity/Q5426374,FK Remont Čačak,24.0,2000-01-01T00:00:00Z,2001-01-01T00:00:00Z
http://www.wikidata.org/entity/Q983674,http://www.wikidata.org/entity/Q382418,FK Zeta Golubovci,63.0,2002-01-01T00:00:00Z,2004-01-01T00:00:00Z
http://www.wikidata.org/entity/Q983674,http://www.wikidata.org/entity/Q19628,Olympiakós,58.0,2004-01-01T00:00:00Z,2007-01-01T00:00:00Z
http://www.wikidata.org/entity/Q983674,http://www.wikidata.org/entity/Q1131732,équipe de Serbie-et-Monténégro de football,7.0,2004-01-01T00:00:00Z,2005-01-01T00:00:00Z
http://www.wikidata.org/entity/Q983865,http://www.wikidata.org/entity/Q2529309,Vital’O FC,,2003-01-01T00:00:00Z,2005-01-01T00:00:00Z
http://www.wikidata.org/entity/Q983865,http://www.wikidata.org/entity/Q417685,Akhisar Belediyespor,13.0,2014-01-01T00:00:00Z,2015-01-01T00:00:00Z
http://www.wikidata.org/entity/Q983865,http://www.wikidata.org/entity/Q459110,équipe du Burundi de football,,2010-01-01T00:00:00Z,
http://www.wikidata.org/entity/Q983865,http://www.wikidata.org/entity/Q318348,NEC Nimègue,,2005-01-01T00:00:00Z,2010-01-01T00:00:00Z
http://www.wikidata.org/entity/Q983865,http://www.wikidata.org/entity/Q279818,KS Cracovia,85.0,2010-01-01T00:00:00Z,2014-01-01T00:00:00Z
http://www.wikidata.org/entity/Q983865,http://www.wikidata.org/entity/Q193377,Stade Malherbe Caen,3.0,2015-01-01T00:00:00Z,2015-01-01T00:00:00Z
http://www.wikidata.org/entity/Q983872,http://www.wikidata.org/entity/Q216661,Club Deportivo Tenerife,70.0,1997-01-01T00:00:00Z,2002-01-01T00:00:00Z
http://www.wikidata.org/entity/Q983872,http://www.wikidata.org/entity/Q192253,ŠK Slovan Bratislava,62.0,1994-01-01T00:00:00Z,1997-01-01T00:00:00Z
http://www.wikidata.org/entity/Q983872,http://www.wikidata.org/entity/Q737727,FC Nitra,,1994-01-01T00:00:00Z,1994-01-01T00:00:00Z
http://www.wikidata.org/entity/Q983872,http://www.wikidata.org/entity/Q192253,ŠK Slovan Bratislava,18.0,2000-01-01T00:00:00Z,2001-01-01T00:00:00Z
http://www.wikidata.org/entity/Q983872,http://www.wikidata.org/entity/Q174512,équipe de Slovaquie de football,20.0,1996-01-01T00:00:00Z,2007-01-01T00:00:00Z
http://www.wikidata.org/entity/Q983872,http://www.wikidata.org/entity/Q1969085,équipe de Slovaquie espoirs de football,11.0,1994-01-01T00:00:00Z,1996-01-01T00:00:00Z
http://www.wikidata.org/entity/Q983872,http://www.wikidata.org/entity/Q15786,1. FC Nuremberg,31.0,2004-01-01T00:00:00Z,2005-01-01T00:00:00Z
http://www.wikidata.org/entity/Q983872,http://www.wikidata.org/entity/Q221671,FC Slovan Liberec,6.0,2002-01-01T00:00:00Z,2003-01-01T00:00:00Z
http://www.wikidata.org/entity/Q983872,http://www.wikidata.org/entity/Q192253,ŠK Slovan Bratislava,89.0,2005-01-01T00:00:00Z,2010-01-01T00:00:00Z
http://www.wikidata.org/entity/Q983897,http://www.wikidata.org/entity/Q180305,AS Monaco FC,27.0,1997-01-01T00:00:00Z,1999-01-01T00:00:00Z
http://www.wikidata.org/entity/Q983897,http://www.wikidata.org/entity/Q738876,NK Osijek,53.0,1988-01-01T00:00:00Z,1992-01-01T00:00:00Z
http://www.wikidata.org/entity/Q983897,http://www.wikidata.org/entity/Q75729,Sporting Clube de Portugal,11.0,2000-01-01T00:00:00Z,2001-01-01T00:00:00Z
http://www.wikidata.org/entity/Q983897,http://www.wikidata.org/entity/Q738876,NK Osijek,27.0,2002-01-01T00:00:00Z,2004-01-01T00:00:00Z
http://www.wikidata.org/entity/Q983897,http://www.wikidata.org/entity/Q495299,Galatasaray SK,1.0,2001-01-01T00:00:00Z,2002-01-01T00:00:00Z
http://www.wikidata.org/entity/Q983897,http://www.wikidata.org/entity/Q495299,Galatasaray SK,,2001-01-01T00:00:00Z,2001-01-01T00:00:00Z
http://www.wikidata.org/entity/Q983897,http://www.wikidata.org/entity/Q8639,Hellas Vérone Football Club,3.0,1999-01-01T00:00:00Z,2000-01-01T00:00:00Z
http://www.wikidata.org/entity/Q983897,http://www.wikidata.org/entity/Q190561,Standard de Liège,20.0,2002-01-01T00:00:00Z,2002-01-01T00:00:00Z
http://www.wikidata.org/entity/Q983897,http://www.wikidata.org/entity/Q462411,NK Zagreb,46.0,1992-01-01T00:00:00Z,1994-01-01T00:00:00Z
http://www.wikidata.org/entity/Q983897,http://www.wikidata.org/entity/Q190916,Club Bruges KV,50.0,1995-01-01T00:00:00Z,1997-01-01T00:00:00Z
http://www.wikidata.org/entity/Q983897,http://www.wikidata.org/entity/Q134479,équipe de Croatie de football,8.0,1992-01-01T00:00:00Z,1996-01-01T00:00:00Z
http://www.wikidata.org/entity/Q983897,http://www.wikidata.org/entity/Q240783,Omonia Nicosie,7.0,2004-01-01T00:00:00Z,2005-01-01T00:00:00Z
http://www.wikidata.org/entity/Q983897,http://www.wikidata.org/entity/Q738876,NK Osijek,26.0,1994-01-01T00:00:00Z,1995-01-01T00:00:00Z
http://www.wikidata.org/entity/Q986600,http://www.wikidata.org/entity/Q2273813,Tritium Calcio 1908,17.0,2012-01-01T00:00:00Z,2013-01-01T00:00:00Z
http://www.wikidata.org/entity/Q986600,http://www.wikidata.org/entity/Q6664,AC Cesena,13.0,2011-01-01T00:00:00Z,2012-01-01T00:00:00Z
http://www.wikidata.org/entity/Q986600,http://www.wikidata.org/entity/Q969912,Santarcangelo Calcio,,2015-01-01T00:00:00Z,
http://www.wikidata.org/entity/Q986600,http://www.wikidata.org/entity/Q6664,AC Cesena,6.0,2013-01-01T00:00:00Z,2014-01-01T00:00:00Z
http://www.wikidata.org/entity/Q986600,http://www.wikidata.org/entity/Q1120838,Côme 1907,,2020-01-01T00:00:00Z,
http://www.wikidata.org/entity/Q986600,http://www.wikidata.org/entity/Q13385,SPAL Ferrara,12.0,2014-01-01T00:00:00Z,2014-01-01T00:00:00Z
http://www.wikidata.org/entity/Q986600,http://www.wikidata.org/entity/Q3077308,Forlì Football Club,24.0,2014-01-01T00:00:00Z,2015-01-01T00:00:00Z
http://www.wikidata.org/entity/Q986739,http://www.wikidata.org/entity/Q8476,Reggina 1914,24.0,1996-01-01T00:00:00Z,1997-01-01T00:00:00Z
http://www.wikidata.org/entity/Q986739,http://www.wikidata.org/entity/Q1349814,Ravenne Calcio,110.0,1997-01-01T00:00:00Z,2001-01-01T00:00:00Z
http://www.wikidata.org/entity/Q986739,http://www.wikidata.org/entity/Q2674,Palermo F.C.,17.0,2003-01-01T00:00:00Z,2004-01-01T00:00:00Z
http://www.wikidata.org/entity/Q986739,http://www.wikidata.org/entity/Q6703,Empoli Football Club,35.0,2001-01-01T00:00:00Z,2003-01-01T00:00:00Z
http://www.wikidata.org/entity/Q986739,http://www.wikidata.org/entity/Q2768,Torino Football Club,0.0,1990-01-01T00:00:00Z,1991-01-01T00:00:00Z
http://www.wikidata.org/entity/Q986739,http://www.wikidata.org/entity/Q3626885,AS Lodigiani,21.0,1988-01-01T00:00:00Z,1990-01-01T00:00:00Z
http://www.wikidata.org/entity/Q986739,http://www.wikidata.org/entity/Q8623,Ternana Unicusano Calcio,50.0,1991-01-01T00:00:00Z,1993-01-01T00:00:00Z
http://www.wikidata.org/entity/Q986739,http://www.wikidata.org/entity/Q16344,AC Pérouse Calcio,63.0,1993-01-01T00:00:00Z,1996-01-01T00:00:00Z
http://www.wikidata.org/entity/Q986739,http://www.wikidata.org/entity/Q433529,Atletico Roma FC,21.0,1988-01-01T00:00:00Z,1990-01-01T00:00:00Z
http://www.wikidata.org/entity/Q988782,http://www.wikidata.org/entity/Q298333,Lucchese 1905,26.0,2010-01-01T00:00:00Z,2011-01-01T00:00:00Z
http://www.wikidata.org/entity/Q988782,http://www.wikidata.org/entity/Q6703,Empoli Football Club,2.0,2005-01-01T00:00:00Z,2007-01-01T00:00:00Z
http://www.wikidata.org/entity/Q988782,http://www.wikidata.org/entity/Q1968424,US Massese 1919,23.0,2005-01-01T00:00:00Z,2006-01-01T00:00:00Z
http://www.wikidata.org/entity/Q988782,http://www.wikidata.org/entity/Q289029,Società Sportiva Calcio Ancona,10.0,2008-01-01T00:00:00Z,2008-01-01T00:00:00Z
http://www.wikidata.org/entity/Q988782,http://www.wikidata.org/entity/Q6748,Società Sportiva Juve Stabia,70.0,2011-01-01T00:00:00Z,2013-01-01T00:00:00Z
http://www.wikidata.org/entity/Q988782,http://www.wikidata.org/entity/Q298217,US Avellino,1.0,2007-01-01T00:00:00Z,2008-01-01T00:00:00Z
http://www.wikidata.org/entity/Q988782,http://www.wikidata.org/entity/Q8615,Spezia Calcio,27.0,2013-01-01T00:00:00Z,2015-01-01T00:00:00Z
http://www.wikidata.org/entity/Q988782,http://www.wikidata.org/entity/Q2118510,Latina Calcio 1932,,2015-01-01T00:00:00Z,
http://www.wikidata.org/entity/Q988782,http://www.wikidata.org/entity/Q2276413,Virtus Entella,3.0,2014-01-01T00:00:00Z,2015-01-01T00:00:00Z
http://www.wikidata.org/entity/Q988782,http://www.wikidata.org/entity/Q1435421,Foligno Calcio,16.0,2008-01-01T00:00:00Z,2009-01-01T00:00:00Z
http://www.wikidata.org/entity/Q993740,http://www.wikidata.org/entity/Q747693,Louhans-Cuiseaux FC,0.0,1991-01-01T00:00:00Z,1993-01-01T00:00:00Z
http://www.wikidata.org/entity/Q993740,http://www.wikidata.org/entity/Q1811436,stade olympique Cassis Carnoux,70.0,2007-01-01T00:00:00Z,2010-01-01T00:00:00Z
http://www.wikidata.org/entity/Q993740,http://www.wikidata.org/entity/Q797530,Istres FC,260.0,1993-01-01T00:00:00Z,2006-01-01T00:00:00Z
http://www.wikidata.org/entity/Q993740,http://www.wikidata.org/entity/Q1056987,SC Toulon,28.0,2006-01-01T00:00:00Z,2007-01-01T00:00:00Z
http://www.wikidata.org/entity/Q993740,http://www.wikidata.org/entity/Q1424158,AD Municipal Liberia,4.0,2007-01-01T00:00:00Z,2007-01-01T00:00:00Z
http://www.wikidata.org/entity/Q1008587,http://www.wikidata.org/entity/Q867876,Greenock Morton Football Club,10.0,2016-01-01T00:00:00Z,2017-01-01T00:00:00Z
http://www.wikidata.org/entity/Q1008587,http://www.wikidata.org/entity/Q4086727,Billericay Town FC,7.0,2019-07-01T00:00:00Z,2019-09-01T00:00:00Z
http://www.wikidata.org/entity/Q982447,http://www.wikidata.org/entity/Q1398111,Fatih Karagümrük SK,10.0,2019-01-01T00:00:00Z,2019-01-01T00:00:00Z
http://www.wikidata.org/entity/Q982447,http://www.wikidata.org/entity/Q1231804,Amed SK,25.0,2021-01-01T00:00:00Z,2022-01-01T00:00:00Z
http://www.wikidata.org/entity/Q1027413,http://www.wikidata.org/entity/Q80964,SE Palmeiras,,2003-01-01T00:00:00Z,2005-01-01T00:00:00Z
http://www.wikidata.org/entity/Q1027413,http://www.wikidata.org/entity/Q1703589,Caxias do Sul,,2002-01-01T00:00:00Z,2002-01-01T00:00:00Z
http://www.wikidata.org/entity/Q1027413,http://www.wikidata.org/entity/Q2552872,Clube do Remo,,2005-01-01T00:00:00Z,2005-01-01T00:00:00Z
http://www.wikidata.org/entity/Q1027413,http://www.wikidata.org/entity/Q2622531,Atlético Clube Juventus,,2005-01-01T00:00:00Z,2005-01-01T00:00:00Z
http://www.wikidata.org/entity/Q1027413,http://www.wikidata.org/entity/Q692856,Shonan Bellmare,20.0,2010-01-01T00:00:00Z,2010-01-01T00:00:00Z
http://www.wikidata.org/entity/Q1027413,http://www.wikidata.org/entity/Q2627402,Esporte Clube Noroeste,,2013-01-01T00:00:00Z,2013-01-01T00:00:00Z
http://www.wikidata.org/entity/Q1027413,http://www.wikidata.org/entity/Q2035444,Joinville Esporte Clube,,2010-01-01T00:00:00Z,2010-01-01T00:00:00Z
http://www.wikidata.org/entity/Q1027413,http://www.wikidata.org/entity/Q541744,RB Bragantino,8.0,2009-01-01T00:00:00Z,2009-01-01T00:00:00Z
http://www.wikidata.org/entity/Q1027413,http://www.wikidata.org/entity/Q856619,Football Club Tokyo,20.0,2008-01-01T00:00:00Z,2008-01-01T00:00:00Z
http://www.wikidata.org/entity/Q1027413,http://www.wikidata.org/entity/Q80964,SE Palmeiras,,1999-01-01T00:00:00Z,2001-01-01T00:00:00Z
http://www.wikidata.org/entity/Q1027413,http://www.wikidata.org/entity/Q2508289,Rio Branco Atlético Clube,,2003-01-01T00:00:00Z,2003-01-01T00:00:00Z
http://www.wikidata.org/entity/Q1027413,http://www.wikidata.org/entity/Q1422177,Paulista Futebol Clube,,2010-01-01T00:00:00Z,2010-01-01T00:00:00Z
http://www.wikidata.org/entity/Q1027413,http://www.wikidata.org/entity/Q2332493,Botafogo Futebol Clube,,2012-01-01T00:00:00Z,2012-01-01T00:00:00Z
http://www.wikidata.org/entity/Q1027413,http://www.wikidata.org/entity/Q219120,Associação Atlética Ponte Preta,22.0,2006-01-01T00:00:00Z,2006-01-01T00:00:00Z
http://www.wikidata.org/entity/Q1027413,http://www.wikidata.org/entity/Q2986008,Esporte Clube São Bento,,2006-01-01T00:00:00Z,2006-01-01T00:00:00Z
http://www.wikidata.org/entity/Q1027413,http://www.wikidata.org/entity/Q2419887,Mogi Mirim Esporte Clube,,2011-01-01T00:00:00Z,2011-01-01T00:00:00Z
http://www.wikidata.org/entity/Q1027413,http://www.wikidata.org/entity/Q12230,Real Murcie,5.0,2007-01-01T00:00:00Z,2007-01-01T00:00:00Z
http://www.wikidata.org/entity/Q1027413,http://www.wikidata.org/entity/Q592241,Iraklis Thessalonique,14.0,2007-01-01T00:00:00Z,2007-01-01T00:00:00Z
http://www.wikidata.org/entity/Q1027448,http://www.wikidata.org/entity/Q204238,équipe d'Angleterre espoirs de football,7.0,1988-01-01T00:00:00Z,1989-01-01T00:00:00Z
http://www.wikidata.org/entity/Q1027448,http://www.wikidata.org/entity/Q1110944,équipe d'Angleterre de football B,3.0,1991-01-01T00:00:00Z,1992-01-01T00:00:00Z
http://www.wikidata.org/entity/Q1027448,http://www.wikidata.org/entity/Q19442,Barnsley Football Club,28.0,1985-01-01T00:00:00Z,1986-01-01T00:00:00Z
http://www.wikidata.org/entity/Q1027448,http://www.wikidata.org/entity/Q47762,équipe d'Angleterre de football,3.0,1991-01-01T00:00:00Z,1992-01-01T00:00:00Z
http://www.wikidata.org/entity/Q1027448,http://www.wikidata.org/entity/Q18732,Southampton FC,30.0,1997-01-01T00:00:00Z,2000-01-01T00:00:00Z
http://www.wikidata.org/entity/Q1027448,http://www.wikidata.org/entity/Q19498,Sheffield Wednesday FC,294.0,1986-01-01T00:00:00Z,1997-01-01T00:00:00Z
http://www.wikidata.org/entity/Q1027483,http://www.wikidata.org/entity/Q208399,SC Bastia,0.0,2014-01-01T00:00:00Z,2014-01-01T00:00:00Z
http://www.wikidata.org/entity/Q1027483,http://www.wikidata.org/entity/Q188277,Cruzeiro EC,1.0,2008-01-01T00:00:00Z,2012-01-01T00:00:00Z
http://www.wikidata.org/entity/Q1027483,http://www.wikidata.org/entity/Q1052219,Ceará Sporting Club,27.0,2012-01-01T00:00:00Z,2012-01-01T00:00:00Z
http://www.wikidata.org/entity/Q1027483,http://www.wikidata.org/entity/Q290940,Associação Desportiva São Caetano,0.0,2008-01-01T00:00:00Z,2008-01-01T00:00:00Z
http://www.wikidata.org/entity/Q1027483,http://www.wikidata.org/entity/Q274465,Esporte Clube Vitória,62.0,2005-01-01T00:00:00Z,2007-01-01T00:00:00Z
http://www.wikidata.org/entity/Q1027483,http://www.wikidata.org/entity/Q2536715,Chapecoense,26.0,2015-01-01T00:00:00Z,2015-01-01T00:00:00Z
http://www.wikidata.org/entity/Q1027483,http://www.wikidata.org/entity/Q80955,Santos FC,12.0,2008-01-01T00:00:00Z,2008-01-01T00:00:00Z
http://www.wikidata.org/entity/Q1027483,http://www.wikidata.org/entity/Q13576846,Delfines F.C.,12.0,2014-01-01T00:00:00Z,2014-01-01T00:00:00Z
http://www.wikidata.org/entity/Q1027483,http://www.wikidata.org/entity/Q29103,Kouban Krasnodar,,2016-01-01T00:00:00Z,
http://www.wikidata.org/entity/Q1027483,http://www.wikidata.org/entity/Q1133475,Guarani Futebol Clube,20.0,2010-01-01T00:00:00Z,2010-01-01T00:00:00Z
http://www.wikidata.org/entity/Q1027483,http://www.wikidata.org/entity/Q274465,Esporte Clube Vitória,27.0,2009-01-01T00:00:00Z,2009-01-01T00:00:00Z
http://www.wikidata.org/entity/Q1027483,http://www.wikidata.org/entity/Q198032,EC Bahia,4.0,2009-01-01T00:00:00Z,2009-01-01T00:00:00Z
http://www.wikidata.org/entity/Q1027483,http://www.wikidata.org/entity/Q606210,Querétaro FC,29.0,2013-01-01T00:00:00Z,2014-01-01T00:00:00Z
http://www.wikidata.org/entity/Q1027483,http://www.wikidata.org/entity/Q198032,EC Bahia,4.0,2010-01-01T00:00:00Z,2010-01-01T00:00:00Z
http://www.wikidata.org/entity/Q1027483,http://www.wikidata.org/entity/Q620499,Tokyo Verdy,12.0,2011-01-01T00:00:00Z,2011-01-01T00:00:00Z
http://www.wikidata.org/entity/Q1027542,http://www.wikidata.org/entity/Q19470,Derby County FC,109.0,2010-01-01T00:00:00Z,2013-01-01T00:00:00Z
http://www.wikidata.org/entity/Q1027542,http://www.wikidata.org/entity/Q19607,Sheffield United FC,,2015-01-01T00:00:00Z,
http://www.wikidata.org/entity/Q1027542,http://www.wikidata.org/entity/Q48929,Burton Albion Football Club,77.0,2006-01-01T00:00:00Z,2008-01-01T00:00:00Z
http://www.wikidata.org/entity/Q1027542,http://www.wikidata.org/entity/Q4202306,équipe d'Angleterre de football C,7.0,2007-01-01T00:00:00Z,2008-01-01T00:00:00Z
http://www.wikidata.org/entity/Q1027542,http://www.wikidata.org/entity/Q19607,Sheffield United FC,15.0,2014-01-01T00:00:00Z,2014-01-01T00:00:00Z
http://www.wikidata.org/entity/Q1027542,http://www.wikidata.org/entity/Q19587,Crewe Alexandra FC,81.0,2008-01-01T00:00:00Z,2010-01-01T00:00:00Z
http://www.wikidata.org/entity/Q1027542,http://www.wikidata.org/entity/Q18662,Cardiff City F.C.,26.0,2013-01-01T00:00:00Z,2015-01-01T00:00:00Z
http://www.wikidata.org/entity/Q1027549,http://www.wikidata.org/entity/Q289656,Associazione Calcio Prato,21.0,2014-01-01T00:00:00Z,2015-01-01T00:00:00Z
http://www.wikidata.org/entity/Q1027549,http://www.wikidata.org/entity/Q631,FC Internazionale Milano,,2014-01-01T00:00:00Z,
http://www.wikidata.org/entity/Q1027549,http://www.wikidata.org/entity/Q1681805,Savone 1907 Foot-Ball Club,,2015-01-01T00:00:00Z,
http://www.wikidata.org/entity/Q1027549,http://www.wikidata.org/entity/Q3873513,équipe d'Italie de football des moins de 18 ans,1.0,2011-01-01T00:00:00Z,2011-01-01T00:00:00Z
http://www.wikidata.org/entity/Q1027549,http://www.wikidata.org/entity/Q2331232,équipe d'Italie de football des moins de 17 ans,12.0,2010-01-01T00:00:00Z,2011-01-01T00:00:00Z
http://www.wikidata.org/entity/Q1027549,http://www.wikidata.org/entity/Q3873502,équipe d'Italie de football des moins de 16 ans,2.0,2010-01-01T00:00:00Z,2010-01-01T00:00:00Z
http://www.wikidata.org/entity/Q1027549,http://www.wikidata.org/entity/Q6651,Brescia Calcio,1.0,2010-01-01T00:00:00Z,2011-01-01T00:00:00Z
http://www.wikidata.org/entity/Q1032003,http://www.wikidata.org/entity/Q9408,Barnet FC,41.0,2009-01-01T00:00:00Z,2010-01-01T00:00:00Z
http://www.wikidata.org/entity/Q1032003,http://www.wikidata.org/entity/Q4827991,Aveley F.C.,,2011-01-01T00:00:00Z,2011-01-01T00:00:00Z
http://www.wikidata.org/entity/Q1032003,http://www.wikidata.org/entity/Q5411025,Euran Pallo,10.0,1995-01-01T00:00:00Z,1995-01-01T00:00:00Z
http://www.wikidata.org/entity/Q1032003,http://www.wikidata.org/entity/Q6138755,Ware F.C.,,2016-01-01T00:00:00Z,
http://www.wikidata.org/entity/Q1032003,http://www.wikidata.org/entity/Q18509,Cambridge United FC,106.0,1993-01-01T00:00:00Z,1997-01-01T00:00:00Z
http://www.wikidata.org/entity/Q1032003,http://www.wikidata.org/entity/Q19495,Peterborough United FC,64.0,2007-01-01T00:00:00Z,2008-01-01T00:00:00Z
http://www.wikidata.org/entity/Q1032003,http://www.wikidata.org/entity/Q18528,Woking Football Club,4.0,2009-01-01T00:00:00Z,2009-01-01T00:00:00Z
http://www.wikidata.org/entity/Q1032003,http://www.wikidata.org/entity/Q2585894,St. Albans City Football Club,32.0,2011-01-01T00:00:00Z,2012-01-01T00:00:00Z
http://www.wikidata.org/entity/Q1032003,http://www.wikidata.org/entity/Q19458,Burnley FC,102.0,2004-01-01T00:00:00Z,2007-01-01T00:00:00Z
http://www.wikidata.org/entity/Q1032003,http://www.wikidata.org/entity/Q2714,Watford Football Club,252.0,1997-01-01T00:00:00Z,2004-01-01T00:00:00Z
http://www.wikidata.org/entity/Q1032003,http://www.wikidata.org/entity/Q4086727,Billericay Town FC,,2010-01-01T00:00:00Z,2011-01-01T00:00:00Z
http://www.wikidata.org/entity/Q1032003,http://www.wikidata.org/entity/Q235399,équipe de Jamaïque de football,17.0,2001-01-01T00:00:00Z,2004-01-01T00:00:00Z
http://www.wikidata.org/entity/Q1032609,http://www.wikidata.org/entity/Q19495,Peterborough United FC,7.0,2012-01-01T00:00:00Z,2012-01-01T00:00:00Z
http://www.wikidata.org/entity/Q1032609,http://www.wikidata.org/entity/Q2714,Watford Football Club,8.0,2013-01-01T00:00:00Z,2014-01-01T00:00:00Z
http://www.wikidata.org/entity/Q1032609,http://www.wikidata.org/entity/Q19604,Portsmouth FC,14.0,2011-01-01T00:00:00Z,2012-01-01T00:00:00Z
http://www.wikidata.org/entity/Q1032609,http://www.wikidata.org/entity/Q4201740,équipe d'Angleterre de football des moins de 16 ans,2.0,2009-01-01T00:00:00Z,2009-01-01T00:00:00Z
http://www.wikidata.org/entity/Q1032609,http://www.wikidata.org/entity/Q19604,Portsmouth FC,4.0,2011-01-01T00:00:00Z,2011-01-01T00:00:00Z
http://www.wikidata.org/entity/Q1032609,http://www.wikidata.org/entity/Q19604,Portsmouth FC,10.0,2012-01-01T00:00:00Z,2012-01-01T00:00:00Z
http://www.wikidata.org/entity/Q1032609,http://www.wikidata.org/entity/Q2358861,équipe d'Angleterre de football des moins de 19 ans,20.0,2010-01-01T00:00:00Z,2012-01-01T00:00:00Z
http://www.wikidata.org/entity/Q1032609,http://www.wikidata.org/entity/Q18744,West Bromwich Albion,10.0,2009-01-01T00:00:00Z,2014-01-01T00:00:00Z
http://www.wikidata.org/entity/Q1032609,http://www.wikidata.org/entity/Q2752922,Équipe d'Angleterre des moins de 17 ans de football,13.0,2009-01-01T00:00:00Z,2010-01-01T00:00:00Z
http://www.wikidata.org/entity/Q1032609,http://www.wikidata.org/entity/Q1049171,équipe d'Angleterre de football des moins de 18 ans,1.0,2011-01-01T00:00:00Z,2011-01-01T00:00:00Z
http://www.wikidata.org/entity/Q1032609,http://www.wikidata.org/entity/Q19470,Derby County FC,9.0,2014-01-01T00:00:00Z,2014-01-01T00:00:00Z
http://www.wikidata.org/entity/Q1042582,http://www.wikidata.org/entity/Q8623,Ternana Unicusano Calcio,63.0,1999-01-01T00:00:00Z,2001-01-01T00:00:00Z
http://www.wikidata.org/entity/Q1042582,http://www.wikidata.org/entity/Q6703,Empoli Football Club,2.0,1985-01-01T00:00:00Z,1988-01-01T00:00:00Z
http://www.wikidata.org/entity/Q1042582,http://www.wikidata.org/entity/Q1279917,Pistoiese Football Club,37.0,2001-01-01T00:00:00Z,2002-01-01T00:00:00Z
http://www.wikidata.org/entity/Q1042582,http://www.wikidata.org/entity/Q847587,U.S. Salernitana 1919,62.0,1997-01-01T00:00:00Z,1999-01-01T00:00:00Z
http://www.wikidata.org/entity/Q1042582,http://www.wikidata.org/entity/Q638882,Trento Calcio 1921,5.0,1988-01-01T00:00:00Z,1989-01-01T00:00:00Z
http://www.wikidata.org/entity/Q1042582,http://www.wikidata.org/entity/Q6703,Empoli Football Club,117.0,2003-01-01T00:00:00Z,2008-01-01T00:00:00Z
http://www.wikidata.org/entity/Q1042582,http://www.wikidata.org/entity/Q297680,Associazione Sportiva Giovanile Nocerina,14.0,2003-01-01T00:00:00Z,2003-01-01T00:00:00Z
http://www.wikidata.org/entity/Q1042582,http://www.wikidata.org/entity/Q3625977,Associazione Calcio Fucecchio,27.0,2010-01-01T00:00:00Z,2011-01-01T00:00:00Z
http://www.wikidata.org/entity/Q1042582,http://www.wikidata.org/entity/Q3930980,Real Cerretese,31.0,2009-01-01T00:00:00Z,2010-01-01T00:00:00Z
http://www.wikidata.org/entity/Q1042582,http://www.wikidata.org/entity/Q6703,Empoli Football Club,90.0,1991-01-01T00:00:00Z,1997-01-01T00:00:00Z
http://www.wikidata.org/entity/Q1042582,http://www.wikidata.org/entity/Q289613,Pisa SC,0.0,2008-01-01T00:00:00Z,2009-01-01T00:00:00Z
http://www.wikidata.org/entity/Q1042582,http://www.wikidata.org/entity/Q289613,Pisa SC,0.0,2009-01-01T00:00:00Z,2009-01-01T00:00:00Z
http://www.wikidata.org/entity/Q1042582,http://www.wikidata.org/entity/Q3487457,Società Educazione Fisica Tempio Pausania,11.0,1990-01-01T00:00:00Z,1991-01-01T00:00:00Z
http://www.wikidata.org/entity/Q1042582,http://www.wikidata.org/entity/Q3625977,Associazione Calcio Fucecchio,15.0,2012-01-01T00:00:00Z,2012-01-01T00:00:00Z
http://www.wikidata.org/entity/Q1044458,http://www.wikidata.org/entity/Q433529,Atletico Roma FC,25.0,2010-01-01T00:00:00Z,2011-01-01T00:00:00Z
http://www.wikidata.org/entity/Q1044458,http://www.wikidata.org/entity/Q433529,Atletico Roma FC,4.0,2008-01-01T00:00:00Z,2008-01-01T00:00:00Z
http://www.wikidata.org/entity/Q1044458,http://www.wikidata.org/entity/Q6641,SSC Bari,1.0,2004-01-01T00:00:00Z,2006-01-01T00:00:00Z
http://www.wikidata.org/entity/Q1044458,http://www.wikidata.org/entity/Q433529,Atletico Roma FC,0.0,2006-01-01T00:00:00Z,2006-01-01T00:00:00Z
http://www.wikidata.org/entity/Q1044458,http://www.wikidata.org/entity/Q2246447,Football Club Rieti 1936,13.0,2006-01-01T00:00:00Z,2007-01-01T00:00:00Z
http://www.wikidata.org/entity/Q1044458,http://www.wikidata.org/entity/Q433529,Atletico Roma FC,90.0,2008-01-01T00:00:00Z,2010-01-01T00:00:00Z
http://www.wikidata.org/entity/Q1044458,http://www.wikidata.org/entity/Q1900,Cagliari Calcio,,2014-01-01T00:00:00Z,
http://www.wikidata.org/entity/Q1008587,http://www.wikidata.org/entity/Q2975959,Solihull Moors F.C.,15.0,2019-09-01T00:00:00Z,2020-01-01T00:00:00Z
http://www.wikidata.org/entity/Q1008587,http://www.wikidata.org/entity/Q4140000,Gloucester City A.F.C.,11.0,2020-01-01T00:00:00Z,2021-01-01T00:00:00Z
http://www.wikidata.org/entity/Q1008587,http://www.wikidata.org/entity/Q48935,Chesterfield Football Club,38.0,2021-01-01T00:00:00Z,2022-01-01T00:00:00Z
http://www.wikidata.org/entity/Q971539,http://www.wikidata.org/entity/Q19456,Bristol City Football Club,62.0,2004-01-01T00:00:00Z,2006-01-01T00:00:00Z
http://www.wikidata.org/entity/Q971539,http://www.wikidata.org/entity/Q18750,Wigan Athletic FC,18.0,2006-01-01T00:00:00Z,2008-01-01T00:00:00Z
http://www.wikidata.org/entity/Q971539,http://www.wikidata.org/entity/Q19444,Birmingham City FC,,2014-01-01T00:00:00Z,
http://www.wikidata.org/entity/Q971539,http://www.wikidata.org/entity/Q18659,Swansea City AFC,4.0,2009-01-01T00:00:00Z,2010-01-01T00:00:00Z
http://www.wikidata.org/entity/Q971539,http://www.wikidata.org/entity/Q946297,équipe du pays de Galles espoirs de football,9.0,2005-01-01T00:00:00Z,2007-01-01T00:00:00Z
http://www.wikidata.org/entity/Q971539,http://www.wikidata.org/entity/Q19604,Portsmouth FC,15.0,2011-01-01T00:00:00Z,2011-01-01T00:00:00Z
http://www.wikidata.org/entity/Q971539,http://www.wikidata.org/entity/Q18659,Swansea City AFC,31.0,2010-01-01T00:00:00Z,2012-01-01T00:00:00Z
http://www.wikidata.org/entity/Q971539,http://www.wikidata.org/entity/Q3590810,équipe du pays de Galles de football des moins de 19 ans,3.0,2004-01-01T00:00:00Z,2005-01-01T00:00:00Z
http://www.wikidata.org/entity/Q971539,http://www.wikidata.org/entity/Q19607,Sheffield United FC,38.0,2008-01-01T00:00:00Z,2010-01-01T00:00:00Z
http://www.wikidata.org/entity/Q971539,http://www.wikidata.org/entity/Q180857,équipe du pays de Galles de football,,2005-01-01T00:00:00Z,
http://www.wikidata.org/entity/Q971539,http://www.wikidata.org/entity/Q19589,Doncaster Rovers Football Club,84.0,2012-01-01T00:00:00Z,2014-01-01T00:00:00Z
http://www.wikidata.org/entity/Q971539,http://www.wikidata.org/entity/Q19607,Sheffield United FC,16.0,2008-01-01T00:00:00Z,2008-01-01T00:00:00Z
http://www.wikidata.org/entity/Q971605,http://www.wikidata.org/entity/Q47182,FK Daugava Riga,11.0,2006-01-01T00:00:00Z,2007-01-01T00:00:00Z
http://www.wikidata.org/entity/Q971605,http://www.wikidata.org/entity/Q18732,Southampton FC,2.0,1999-01-01T00:00:00Z,2002-01-01T00:00:00Z
http://www.wikidata.org/entity/Q971605,http://www.wikidata.org/entity/Q837956,Viborg FF,55.0,2002-01-01T00:00:00Z,2005-01-01T00:00:00Z
http://www.wikidata.org/entity/Q971605,http://www.wikidata.org/entity/Q659780,Grazer AK,28.0,2005-01-01T00:00:00Z,2006-01-01T00:00:00Z
http://www.wikidata.org/entity/Q971605,http://www.wikidata.org/entity/Q223823,Skonto Riga,1.0,1992-01-01T00:00:00Z,1993-01-01T00:00:00Z
http://www.wikidata.org/entity/Q971605,http://www.wikidata.org/entity/Q189322,équipe de Lettonie de football,106.0,1995-01-01T00:00:00Z,2007-01-01T00:00:00Z
http://www.wikidata.org/entity/Q971605,http://www.wikidata.org/entity/Q304146,FK Liepājas Metalurgs,22.0,2007-01-01T00:00:00Z,2008-01-01T00:00:00Z
http://www.wikidata.org/entity/Q971605,http://www.wikidata.org/entity/Q2617678,Skonto FC-2,11.0,1994-01-01T00:00:00Z,1994-01-01T00:00:00Z
http://www.wikidata.org/entity/Q971605,http://www.wikidata.org/entity/Q223823,Skonto Riga,128.0,1994-01-01T00:00:00Z,1999-01-01T00:00:00Z
http://www.wikidata.org/entity/Q971981,http://www.wikidata.org/entity/Q18526,Stockport County FC,13.0,2001-01-01T00:00:00Z,2001-01-01T00:00:00Z
http://www.wikidata.org/entity/Q971981,http://www.wikidata.org/entity/Q19449,Blackpool FC,126.0,2002-01-01T00:00:00Z,2006-01-01T00:00:00Z
http://www.wikidata.org/entity/Q971981,http://www.wikidata.org/entity/Q48879,Bradford City Association Football Club,7.0,2002-01-01T00:00:00Z,2002-01-01T00:00:00Z
http://www.wikidata.org/entity/Q971981,http://www.wikidata.org/entity/Q19481,Leicester City FC,188.0,1992-01-01T00:00:00Z,1997-01-01T00:00:00Z
http://www.wikidata.org/entity/Q971981,http://www.wikidata.org/entity/Q19498,Sheffield Wednesday FC,5.0,2000-01-01T00:00:00Z,2000-01-01T00:00:00Z
http://www.wikidata.org/entity/Q971981,http://www.wikidata.org/entity/Q18711,Aston Villa FC,49.0,1997-01-01T00:00:00Z,1999-01-01T00:00:00Z
http://www.wikidata.org/entity/Q971981,http://www.wikidata.org/entity/Q19446,Blackburn Rovers FC,35.0,1999-01-01T00:00:00Z,2002-01-01T00:00:00Z
http://www.wikidata.org/entity/Q971981,http://www.wikidata.org/entity/Q19598,Notts County FC,10.0,2001-01-01T00:00:00Z,2001-01-01T00:00:00Z
http://www.wikidata.org/entity/Q971981,http://www.wikidata.org/entity/Q1128631,Leeds United,2.0,1988-01-01T00:00:00Z,1992-01-01T00:00:00Z
http://www.wikidata.org/entity/Q972356,http://www.wikidata.org/entity/Q10308,Real Saragosse,130.0,1999-01-01T00:00:00Z,2004-01-01T00:00:00Z
http://www.wikidata.org/entity/Q972356,http://www.wikidata.org/entity/Q42267,équipe d'Espagne de football,5.0,1994-01-01T00:00:00Z,1994-01-01T00:00:00Z
http://www.wikidata.org/entity/Q972356,http://www.wikidata.org/entity/Q597838,équipe des Asturies de football,2.0,2000-01-01T00:00:00Z,2001-01-01T00:00:00Z
http://www.wikidata.org/entity/Q972356,http://www.wikidata.org/entity/Q576521,Terrassa FC,16.0,2004-01-01T00:00:00Z,2005-01-01T00:00:00Z
http://www.wikidata.org/entity/Q972356,http://www.wikidata.org/entity/Q720872,Real Avilés Club de Fútbol,2.0,2005-01-01T00:00:00Z,2006-01-01T00:00:00Z
http://www.wikidata.org/entity/Q972356,http://www.wikidata.org/entity/Q18127565,CD Roces,11.0,2007-01-01T00:00:00Z,2008-01-01T00:00:00Z
http://www.wikidata.org/entity/Q972356,http://www.wikidata.org/entity/Q216661,Club Deportivo Tenerife,151.0,1994-01-01T00:00:00Z,1999-01-01T00:00:00Z
http://www.wikidata.org/entity/Q972356,http://www.wikidata.org/entity/Q12278,Sporting Gijón,91.0,1991-01-01T00:00:00Z,1994-01-01T00:00:00Z
http://www.wikidata.org/entity/Q972356,http://www.wikidata.org/entity/Q2982210,Sporting Gijón B,,1989-01-01T00:00:00Z,1991-01-01T00:00:00Z
http://www.wikidata.org/entity/Q972356,http://www.wikidata.org/entity/Q2637337,équipe d'Espagne de football des moins de 23 ans,2.0,1992-01-01T00:00:00Z,1992-01-01T00:00:00Z
http://www.wikidata.org/entity/Q972933,http://www.wikidata.org/entity/Q2310295,équipe d'Espagne de football des moins de 17 ans,3.0,2008-01-01T00:00:00Z,2008-01-01T00:00:00Z
http://www.wikidata.org/entity/Q972933,http://www.wikidata.org/entity/Q221525,FC Metz,51.0,2015-01-01T00:00:00Z,
http://www.wikidata.org/entity/Q972933,http://www.wikidata.org/entity/Q10467,FC Barcelone B,53.0,2010-01-01T00:00:00Z,2013-01-01T00:00:00Z
http://www.wikidata.org/entity/Q972933,http://www.wikidata.org/entity/Q3873503,équipe d'Espagne de football des moins de 16 ans,3.0,2008-01-01T00:00:00Z,2008-01-01T00:00:00Z
http://www.wikidata.org/entity/Q972933,http://www.wikidata.org/entity/Q1386869,Futebol Clube de Arouca,58.0,2013-01-01T00:00:00Z,2015-01-01T00:00:00Z
http://www.wikidata.org/entity/Q973230,http://www.wikidata.org/entity/Q3349296,Odivelas Futebol Clube,17.0,2006-01-01T00:00:00Z,2006-01-01T00:00:00Z
http://www.wikidata.org/entity/Q973230,http://www.wikidata.org/entity/Q634829,Grupo Desportivo Estoril Praia,1.0,2004-01-01T00:00:00Z,2004-01-01T00:00:00Z
http://www.wikidata.org/entity/Q973230,http://www.wikidata.org/entity/Q2749186,Clube Oriental de Lisboa,41.0,2004-01-01T00:00:00Z,2005-01-01T00:00:00Z
http://www.wikidata.org/entity/Q973230,http://www.wikidata.org/entity/Q1630430,équipe du Portugal espoirs de football,2.0,2007-01-01T00:00:00Z,2008-01-01T00:00:00Z
http://www.wikidata.org/entity/Q973230,http://www.wikidata.org/entity/Q131378,APOEL Nicosie,36.0,2013-01-01T00:00:00Z,2015-01-01T00:00:00Z
http://www.wikidata.org/entity/Q973230,http://www.wikidata.org/entity/Q838134,Clube de Futebol Estrela da Amadora,49.0,2006-01-01T00:00:00Z,2009-01-01T00:00:00Z
http://www.wikidata.org/entity/Q973230,http://www.wikidata.org/entity/Q714581,Nea Salamina Famagouste,,2016-01-01T00:00:00Z,
http://www.wikidata.org/entity/Q973230,http://www.wikidata.org/entity/Q19449,Blackpool FC,25.0,2012-01-01T00:00:00Z,2013-01-01T00:00:00Z
http://www.wikidata.org/entity/Q973230,http://www.wikidata.org/entity/Q11963,Hércules Alicante,97.0,2009-01-01T00:00:00Z,2012-01-01T00:00:00Z
http://www.wikidata.org/entity/Q973230,http://www.wikidata.org/entity/Q179658,FCSB,24.0,2008-01-01T00:00:00Z,2009-01-01T00:00:00Z
http://www.wikidata.org/entity/Q973723,http://www.wikidata.org/entity/Q822021,Tours FC,26.0,2008-01-01T00:00:00Z,2009-01-01T00:00:00Z
http://www.wikidata.org/entity/Q973723,http://www.wikidata.org/entity/Q298267,AS Cannes,20.0,2011-01-01T00:00:00Z,
http://www.wikidata.org/entity/Q973723,http://www.wikidata.org/entity/Q19521,AS Saint-Étienne,4.0,2009-01-01T00:00:00Z,2010-01-01T00:00:00Z
http://www.wikidata.org/entity/Q973723,http://www.wikidata.org/entity/Q762264,Chambéry Savoie Football,,2010-01-01T00:00:00Z,
http://www.wikidata.org/entity/Q973723,http://www.wikidata.org/entity/Q19521,AS Saint-Étienne,,2005-01-01T00:00:00Z,2008-01-01T00:00:00Z
http://www.wikidata.org/entity/Q973733,http://www.wikidata.org/entity/Q235399,équipe de Jamaïque de football,,2004-01-01T00:00:00Z,
http://www.wikidata.org/entity/Q973733,http://www.wikidata.org/entity/Q2209984,Waterhouse Football Club,52.0,2003-01-01T00:00:00Z,2007-01-01T00:00:00Z
http://www.wikidata.org/entity/Q973733,http://www.wikidata.org/entity/Q214992,Aalesunds FK,120.0,2009-01-01T00:00:00Z,2014-01-01T00:00:00Z
http://www.wikidata.org/entity/Q973733,http://www.wikidata.org/entity/Q18736,Stoke City FC,2.0,2007-01-01T00:00:00Z,2009-01-01T00:00:00Z
http://www.wikidata.org/entity/Q973733,http://www.wikidata.org/entity/Q391353,Real Salt Lake,,2015-01-01T00:00:00Z,
http://www.wikidata.org/entity/Q973975,http://www.wikidata.org/entity/Q13381,Unione Sportiva Triestina Calcio 1918,62.0,2007-01-01T00:00:00Z,2009-01-01T00:00:00Z
http://www.wikidata.org/entity/Q973975,http://www.wikidata.org/entity/Q8428,Calcio Padova,19.0,2012-01-01T00:00:00Z,2013-01-01T00:00:00Z
http://www.wikidata.org/entity/Q973975,http://www.wikidata.org/entity/Q8416,Novara Calcio,11.0,2011-01-01T00:00:00Z,2012-01-01T00:00:00Z
http://www.wikidata.org/entity/Q973975,http://www.wikidata.org/entity/Q8416,Novara Calcio,11.0,2010-01-01T00:00:00Z,2011-01-01T00:00:00Z
http://www.wikidata.org/entity/Q973975,http://www.wikidata.org/entity/Q670186,Deportivo Toluca Fútbol Club,13.0,2005-01-01T00:00:00Z,2006-01-01T00:00:00Z
http://www.wikidata.org/entity/Q973975,http://www.wikidata.org/entity/Q1024474,Club Sportivo Miramar Misiones,56.0,2002-01-01T00:00:00Z,2005-01-01T00:00:00Z
http://www.wikidata.org/entity/Q973975,http://www.wikidata.org/entity/Q751503,Tacuarembó Fútbol Club,1.0,2001-01-01T00:00:00Z,2001-01-01T00:00:00Z
http://www.wikidata.org/entity/Q973975,http://www.wikidata.org/entity/Q751503,Tacuarembó Fútbol Club,1.0,2000-01-01T00:00:00Z,2000-01-01T00:00:00Z
http://www.wikidata.org/entity/Q973975,http://www.wikidata.org/entity/Q8408,Modène Football Club,,2014-01-01T00:00:00Z,
http://www.wikidata.org/entity/Q973975,http://www.wikidata.org/entity/Q8633,Varèse Calcio,16.0,2011-01-01T00:00:00Z,2012-01-01T00:00:00Z
http://www.wikidata.org/entity/Q973975,http://www.wikidata.org/entity/Q8408,Modène Football Club,,2014-01-01T00:00:00Z,
http://www.wikidata.org/entity/Q973975,http://www.wikidata.org/entity/Q6664,AC Cesena,28.0,2013-01-01T00:00:00Z,2014-01-01T00:00:00Z
http://www.wikidata.org/entity/Q973975,http://www.wikidata.org/entity/Q5489105,Tiburones Rojos de Coatzacoalcos,27.0,2006-01-01T00:00:00Z,2007-01-01T00:00:00Z
http://www.wikidata.org/entity/Q973975,http://www.wikidata.org/entity/Q134916,équipe d'Uruguay de football,1.0,2005-01-01T00:00:00Z,2005-01-01T00:00:00Z
http://www.wikidata.org/entity/Q973975,http://www.wikidata.org/entity/Q2037,Associazione Calcio ChievoVerona,47.0,2009-01-01T00:00:00Z,2014-01-01T00:00:00Z
http://www.wikidata.org/entity/Q973975,http://www.wikidata.org/entity/Q980573,Club Atlético River Plate,10.0,2001-01-01T00:00:00Z,2002-01-01T00:00:00Z
http://www.wikidata.org/entity/Q973975,http://www.wikidata.org/entity/Q1023235,Tiburones Rojos Veracruz,15.0,2006-01-01T00:00:00Z,2006-01-01T00:00:00Z
http://www.wikidata.org/entity/Q973975,http://www.wikidata.org/entity/Q8633,Varèse Calcio,16.0,2012-01-01T00:00:00Z,2012-01-01T00:00:00Z
http://www.wikidata.org/entity/Q974082,http://www.wikidata.org/entity/Q1277549,équipe de France espoirs de football,1.0,2009-01-01T00:00:00Z,2009-01-01T00:00:00Z
http://www.wikidata.org/entity/Q974082,http://www.wikidata.org/entity/Q689874,Union de Philadelphie,,2014-01-01T00:00:00Z,
http://www.wikidata.org/entity/Q974082,http://www.wikidata.org/entity/Q19512,Football Club Sochaux-Montbéliard,114.0,2007-01-01T00:00:00Z,2014-01-01T00:00:00Z
http://www.wikidata.org/entity/Q975790,http://www.wikidata.org/entity/Q18736,Stoke City FC,,1981-01-01T00:00:00Z,1982-01-01T00:00:00Z
http://www.wikidata.org/entity/Q975790,http://www.wikidata.org/entity/Q19482,Wimbledon Football Club,284.0,1991-01-01T00:00:00Z,2000-01-01T00:00:00Z
http://www.wikidata.org/entity/Q975790,http://www.wikidata.org/entity/Q235399,équipe de Jamaïque de football,33.0,1997-01-01T00:00:00Z,2000-01-01T00:00:00Z
http://www.wikidata.org/entity/Q975790,http://www.wikidata.org/entity/Q48948,Port Vale FC,294.0,1982-01-01T00:00:00Z,1991-01-01T00:00:00Z
http://www.wikidata.org/entity/Q975917,http://www.wikidata.org/entity/Q3590809,équipe du pays de Galles de football des moins de 17 ans,3.0,2003-01-01T00:00:00Z,2004-01-01T00:00:00Z
http://www.wikidata.org/entity/Q975917,http://www.wikidata.org/entity/Q180857,équipe du pays de Galles de football,16.0,2007-01-01T00:00:00Z,2011-01-01T00:00:00Z
http://www.wikidata.org/entity/Q975917,http://www.wikidata.org/entity/Q19595,Leyton Orient FC,1.0,2015-01-01T00:00:00Z,2015-01-01T00:00:00Z
http://www.wikidata.org/entity/Q975917,http://www.wikidata.org/entity/Q3590810,équipe du pays de Galles de football des moins de 19 ans,1.0,2005-01-01T00:00:00Z,2005-01-01T00:00:00Z
http://www.wikidata.org/entity/Q975917,http://www.wikidata.org/entity/Q19444,Birmingham City FC,14.0,2013-01-01T00:00:00Z,2016-01-01T00:00:00Z
http://www.wikidata.org/entity/Q975917,http://www.wikidata.org/entity/Q19449,Blackpool FC,104.0,2009-01-01T00:00:00Z,2013-01-01T00:00:00Z
http://www.wikidata.org/entity/Q975917,http://www.wikidata.org/entity/Q19601,Oldham Athletic AFC,113.0,2006-01-01T00:00:00Z,2009-01-01T00:00:00Z
http://www.wikidata.org/entity/Q1044458,http://www.wikidata.org/entity/Q2710,Delfino Pescara,98.0,2011-01-01T00:00:00Z,2014-01-01T00:00:00Z
http://www.wikidata.org/entity/Q1050055,http://www.wikidata.org/entity/Q48947,Plymouth Argyle FC,40.0,2008-01-01T00:00:00Z,2009-01-01T00:00:00Z
http://www.wikidata.org/entity/Q1050055,http://www.wikidata.org/entity/Q18736,Stoke City FC,7.0,2008-01-01T00:00:00Z,2008-01-01T00:00:00Z
http://www.wikidata.org/entity/Q1050055,http://www.wikidata.org/entity/Q19446,Blackburn Rovers FC,61.0,2002-01-01T00:00:00Z,2009-01-01T00:00:00Z
http://www.wikidata.org/entity/Q1050055,http://www.wikidata.org/entity/Q19607,Sheffield United FC,6.0,2012-01-01T00:00:00Z,2012-01-01T00:00:00Z
http://www.wikidata.org/entity/Q1050055,http://www.wikidata.org/entity/Q34044,équipe d'Écosse de football,1.0,2004-01-01T00:00:00Z,2004-01-01T00:00:00Z
http://www.wikidata.org/entity/Q1050055,http://www.wikidata.org/entity/Q18736,Stoke City FC,37.0,2005-01-01T00:00:00Z,2006-01-01T00:00:00Z
http://www.wikidata.org/entity/Q1050055,http://www.wikidata.org/entity/Q19612,Preston North End FC,19.0,2007-01-01T00:00:00Z,2008-01-01T00:00:00Z
http://www.wikidata.org/entity/Q1050055,http://www.wikidata.org/entity/Q19612,Preston North End FC,,2015-01-01T00:00:00Z,
http://www.wikidata.org/entity/Q1050055,http://www.wikidata.org/entity/Q19612,Preston North End FC,46.0,2014-01-01T00:00:00Z,2015-01-01T00:00:00Z
http://www.wikidata.org/entity/Q1050055,http://www.wikidata.org/entity/Q19612,Preston North End FC,28.0,2013-01-01T00:00:00Z,2014-01-01T00:00:00Z
http://www.wikidata.org/entity/Q1050055,http://www.wikidata.org/entity/Q19481,Leicester City FC,118.0,2009-01-01T00:00:00Z,2015-01-01T00:00:00Z
http://www.wikidata.org/entity/Q1061071,http://www.wikidata.org/entity/Q190978,équipe d'Irlande du Nord de football,,2007-01-01T00:00:00Z,
http://www.wikidata.org/entity/Q1061071,http://www.wikidata.org/entity/Q18736,Stoke City FC,15.0,2005-01-01T00:00:00Z,2007-01-01T00:00:00Z
http://www.wikidata.org/entity/Q1061071,http://www.wikidata.org/entity/Q19458,Burnley FC,130.0,2008-01-01T00:00:00Z,2013-01-01T00:00:00Z
http://www.wikidata.org/entity/Q1061071,http://www.wikidata.org/entity/Q48941,Fleetwood Town Football Club,3.0,2014-01-01T00:00:00Z,2014-01-01T00:00:00Z
http://www.wikidata.org/entity/Q1061071,http://www.wikidata.org/entity/Q15214308,Orlando City Soccer Club,4.0,2015-01-01T00:00:00Z,2015-01-01T00:00:00Z
http://www.wikidata.org/entity/Q1061071,http://www.wikidata.org/entity/Q19449,Blackpool FC,,2015-01-01T00:00:00Z,
http://www.wikidata.org/entity/Q1061071,http://www.wikidata.org/entity/Q19615,Scunthorpe United FC,40.0,2007-01-01T00:00:00Z,2008-01-01T00:00:00Z
http://www.wikidata.org/entity/Q1061071,http://www.wikidata.org/entity/Q19456,Bristol City Football Club,8.0,2014-01-01T00:00:00Z,2014-01-01T00:00:00Z
http://www.wikidata.org/entity/Q1061071,http://www.wikidata.org/entity/Q19473,Huddersfield Town Football Club,25.0,2013-01-01T00:00:00Z,2015-01-01T00:00:00Z
http://www.wikidata.org/entity/Q1061071,http://www.wikidata.org/entity/Q18515,Grimsby Town Football Club,15.0,2006-01-01T00:00:00Z,2007-01-01T00:00:00Z
http://www.wikidata.org/entity/Q1061071,http://www.wikidata.org/entity/Q1998181,équipe d'Irlande du Nord espoirs de football,2.0,2007-01-01T00:00:00Z,2007-01-01T00:00:00Z
http://www.wikidata.org/entity/Q1061264,http://www.wikidata.org/entity/Q319136,St Mirren Football Club,,2011-01-01T00:00:00Z,
http://www.wikidata.org/entity/Q1061264,http://www.wikidata.org/entity/Q18662,Cardiff City F.C.,97.0,2006-01-01T00:00:00Z,2008-01-01T00:00:00Z
http://www.wikidata.org/entity/Q1061264,http://www.wikidata.org/entity/Q19458,Burnley FC,83.0,2008-01-01T00:00:00Z,2011-01-01T00:00:00Z
http://www.wikidata.org/entity/Q1061264,http://www.wikidata.org/entity/Q192873,Dundee United FC,133.0,1996-01-01T00:00:00Z,2003-01-01T00:00:00Z
http://www.wikidata.org/entity/Q1061264,http://www.wikidata.org/entity/Q1812121,équipe d'Écosse espoirs de football,12.0,1997-01-01T00:00:00Z,1999-01-01T00:00:00Z
http://www.wikidata.org/entity/Q1061264,http://www.wikidata.org/entity/Q19597,Rangers FC,62.0,2003-01-01T00:00:00Z,2006-01-01T00:00:00Z
http://www.wikidata.org/entity/Q1061264,http://www.wikidata.org/entity/Q34044,équipe d'Écosse de football,16.0,2002-01-01T00:00:00Z,2004-01-01T00:00:00Z
http://www.wikidata.org/entity/Q1066958,http://www.wikidata.org/entity/Q868579,Gold Coast United Football Club,12.0,2009-01-01T00:00:00Z,2010-01-01T00:00:00Z
http://www.wikidata.org/entity/Q1066958,http://www.wikidata.org/entity/Q19481,Leicester City FC,4.0,1998-01-01T00:00:00Z,1998-01-01T00:00:00Z
http://www.wikidata.org/entity/Q1066958,http://www.wikidata.org/entity/Q192873,Dundee United FC,118.0,2000-01-01T00:00:00Z,2003-01-01T00:00:00Z
http://www.wikidata.org/entity/Q1066958,http://www.wikidata.org/entity/Q725018,Lierse SK,33.0,2007-01-01T00:00:00Z,2008-01-01T00:00:00Z
http://www.wikidata.org/entity/Q1066958,http://www.wikidata.org/entity/Q19597,Rangers FC,83.0,1993-01-01T00:00:00Z,1999-01-01T00:00:00Z
http://www.wikidata.org/entity/Q1066958,http://www.wikidata.org/entity/Q34044,équipe d'Écosse de football,1.0,2001-01-01T00:00:00Z,2001-01-01T00:00:00Z
http://www.wikidata.org/entity/Q1066958,http://www.wikidata.org/entity/Q839997,Brisbane Roar Football Club,30.0,2008-01-01T00:00:00Z,2009-01-01T00:00:00Z
http://www.wikidata.org/entity/Q1066958,http://www.wikidata.org/entity/Q2714,Watford Football Club,14.0,1999-01-01T00:00:00Z,2000-01-01T00:00:00Z
http://www.wikidata.org/entity/Q1066958,http://www.wikidata.org/entity/Q1059415,Clyde Football Club,5.0,2011-01-01T00:00:00Z,2011-01-01T00:00:00Z
http://www.wikidata.org/entity/Q1066958,http://www.wikidata.org/entity/Q2714,Watford Football Club,14.0,1999-01-01T00:00:00Z,1999-01-01T00:00:00Z
http://www.wikidata.org/entity/Q1066958,http://www.wikidata.org/entity/Q205685,SK Brann,52.0,2004-01-01T00:00:00Z,2006-01-01T00:00:00Z
http://www.wikidata.org/entity/Q1070294,http://www.wikidata.org/entity/Q1389111,FK Tønsberg,11.0,2012-01-01T00:00:00Z,2012-01-01T00:00:00Z
http://www.wikidata.org/entity/Q1070294,http://www.wikidata.org/entity/Q780509,Atlético Malagueño,18.0,2005-01-01T00:00:00Z,2006-01-01T00:00:00Z
http://www.wikidata.org/entity/Q1070294,http://www.wikidata.org/entity/Q4201740,équipe d'Angleterre de football des moins de 16 ans,13.0,2000-01-01T00:00:00Z,2001-01-01T00:00:00Z
http://www.wikidata.org/entity/Q1070294,http://www.wikidata.org/entity/Q460448,Cádiz CF,0.0,2004-01-01T00:00:00Z,2006-01-01T00:00:00Z
http://www.wikidata.org/entity/Q1070294,http://www.wikidata.org/entity/Q48947,Plymouth Argyle FC,13.0,2006-01-01T00:00:00Z,2008-01-01T00:00:00Z
http://www.wikidata.org/entity/Q1070294,http://www.wikidata.org/entity/Q1049176,équipe d'Angleterre de football des moins de 20 ans,1.0,2005-01-01T00:00:00Z,2005-01-01T00:00:00Z
http://www.wikidata.org/entity/Q1070294,http://www.wikidata.org/entity/Q2358861,équipe d'Angleterre de football des moins de 19 ans,3.0,2003-01-01T00:00:00Z,2003-01-01T00:00:00Z
http://www.wikidata.org/entity/Q1070294,http://www.wikidata.org/entity/Q1049171,équipe d'Angleterre de football des moins de 18 ans,4.0,2002-01-01T00:00:00Z,2003-01-01T00:00:00Z
http://www.wikidata.org/entity/Q1070294,http://www.wikidata.org/entity/Q1460053,Panetolikós FC,0.0,2010-01-01T00:00:00Z,2010-01-01T00:00:00Z
http://www.wikidata.org/entity/Q1070294,http://www.wikidata.org/entity/Q2752922,Équipe d'Angleterre des moins de 17 ans de football,1.0,2002-01-01T00:00:00Z,2002-01-01T00:00:00Z
http://www.wikidata.org/entity/Q1070294,http://www.wikidata.org/entity/Q275138,Football Club Haka Valkeakoski,7.0,2008-01-01T00:00:00Z,2009-01-01T00:00:00Z
http://www.wikidata.org/entity/Q1070294,http://www.wikidata.org/entity/Q270181,équipe de Gambie de football,4.0,2008-01-01T00:00:00Z,2010-01-01T00:00:00Z
http://www.wikidata.org/entity/Q1070294,http://www.wikidata.org/entity/Q18529,Wrexham FC,3.0,2007-01-01T00:00:00Z,2007-01-01T00:00:00Z
http://www.wikidata.org/entity/Q1070294,http://www.wikidata.org/entity/Q19487,Millwall FC,0.0,2002-01-01T00:00:00Z,2004-01-01T00:00:00Z
http://www.wikidata.org/entity/Q1077578,http://www.wikidata.org/entity/Q19607,Sheffield United FC,247.0,2003-01-01T00:00:00Z,2012-01-01T00:00:00Z
http://www.wikidata.org/entity/Q1077578,http://www.wikidata.org/entity/Q19442,Barnsley Football Club,185.0,1996-01-01T00:00:00Z,2003-01-01T00:00:00Z
http://www.wikidata.org/entity/Q1077616,http://www.wikidata.org/entity/Q922698,équipe d'Italie espoirs de football,1.0,2005-01-01T00:00:00Z,2006-01-01T00:00:00Z
http://www.wikidata.org/entity/Q1077616,http://www.wikidata.org/entity/Q2331232,équipe d'Italie de football des moins de 17 ans,1.0,2001-01-01T00:00:00Z,2001-01-01T00:00:00Z
http://www.wikidata.org/entity/Q1077616,http://www.wikidata.org/entity/Q3873548,équipe d'Italie de football des moins de 20 ans,3.0,2004-01-01T00:00:00Z,2005-01-01T00:00:00Z
http://www.wikidata.org/entity/Q1077616,http://www.wikidata.org/entity/Q3873513,équipe d'Italie de football des moins de 18 ans,1.0,2003-01-01T00:00:00Z,2003-01-01T00:00:00Z
http://www.wikidata.org/entity/Q1077616,http://www.wikidata.org/entity/Q922698,équipe d'Italie espoirs de football,1.0,2004-01-01T00:00:00Z,2004-01-01T00:00:00Z
http://www.wikidata.org/entity/Q1077616,http://www.wikidata.org/entity/Q6703,Empoli Football Club,,2015-01-01T00:00:00Z,
http://www.wikidata.org/entity/Q1077616,http://www.wikidata.org/entity/Q6651,Brescia Calcio,285.0,2004-01-01T00:00:00Z,2015-01-01T00:00:00Z
http://www.wikidata.org/entity/Q1077715,http://www.wikidata.org/entity/Q18661,Middlesbrough FC,104.0,2003-01-01T00:00:00Z,2010-01-01T00:00:00Z
http://www.wikidata.org/entity/Q1077715,http://www.wikidata.org/entity/Q204238,équipe d'Angleterre espoirs de football,9.0,2000-01-01T00:00:00Z,2001-01-01T00:00:00Z
http://www.wikidata.org/entity/Q1077715,http://www.wikidata.org/entity/Q19470,Derby County FC,91.0,1999-01-01T00:00:00Z,2003-01-01T00:00:00Z
http://www.wikidata.org/entity/Q1077715,http://www.wikidata.org/entity/Q18736,Stoke City FC,9.0,2008-01-01T00:00:00Z,2008-01-01T00:00:00Z
http://www.wikidata.org/entity/Q1077715,http://www.wikidata.org/entity/Q18662,Cardiff City F.C.,2.0,2010-01-01T00:00:00Z,2011-01-01T00:00:00Z
http://www.wikidata.org/entity/Q1077715,http://www.wikidata.org/entity/Q19470,Derby County FC,0.0,2011-01-01T00:00:00Z,2012-01-01T00:00:00Z
http://www.wikidata.org/entity/Q1077715,http://www.wikidata.org/entity/Q48929,Burton Albion Football Club,0.0,2012-01-01T00:00:00Z,2012-01-01T00:00:00Z
http://www.wikidata.org/entity/Q1078927,http://www.wikidata.org/entity/Q142005,FC Hansa Rostock,26.0,1995-01-01T00:00:00Z,1996-01-01T00:00:00Z
http://www.wikidata.org/entity/Q1078927,http://www.wikidata.org/entity/Q876699,FC Eindhoven,,1990-01-01T00:00:00Z,
http://www.wikidata.org/entity/Q1078927,http://www.wikidata.org/entity/Q877997,SG Bergmann-Borsig,27.0,1992-01-01T00:00:00Z,1993-01-01T00:00:00Z
http://www.wikidata.org/entity/Q1078927,http://www.wikidata.org/entity/Q151747,Fortuna Düsseldorf,34.0,1997-01-01T00:00:00Z,1999-01-01T00:00:00Z
http://www.wikidata.org/entity/Q1078927,http://www.wikidata.org/entity/Q819480,FC Stahl Brandenburg,23.0,1990-01-01T00:00:00Z,1992-01-01T00:00:00Z
http://www.wikidata.org/entity/Q1078927,http://www.wikidata.org/entity/Q107818,FC Energie Cottbus,107.0,1999-01-01T00:00:00Z,2005-01-01T00:00:00Z
http://www.wikidata.org/entity/Q1078927,http://www.wikidata.org/entity/Q141971,1. FC Union Berlin,36.0,1993-01-01T00:00:00Z,1995-01-01T00:00:00Z
http://www.wikidata.org/entity/Q1079038,http://www.wikidata.org/entity/Q51976,Werder Brême,59.0,1996-01-01T00:00:00Z,1999-01-01T00:00:00Z
http://www.wikidata.org/entity/Q1079038,http://www.wikidata.org/entity/Q160530,VfL Osnabrück,14.0,1993-01-01T00:00:00Z,1994-01-01T00:00:00Z
http://www.wikidata.org/entity/Q1079038,http://www.wikidata.org/entity/Q479332,FC Bremerhaven,20.0,1994-01-01T00:00:00Z,1995-01-01T00:00:00Z
http://www.wikidata.org/entity/Q1079038,http://www.wikidata.org/entity/Q142005,FC Hansa Rostock,48.0,1999-01-01T00:00:00Z,2002-01-01T00:00:00Z
http://www.wikidata.org/entity/Q1079038,http://www.wikidata.org/entity/Q4107588,SV Werder Bremen II,8.0,1995-01-01T00:00:00Z,1996-01-01T00:00:00Z
http://www.wikidata.org/entity/Q1079038,http://www.wikidata.org/entity/Q671950,Sport Club Kriens,46.0,2004-01-01T00:00:00Z,2006-01-01T00:00:00Z
http://www.wikidata.org/entity/Q1079038,http://www.wikidata.org/entity/Q101859,VfL Wolfsburg,1.0,1999-01-01T00:00:00Z,1999-01-01T00:00:00Z
http://www.wikidata.org/entity/Q1079038,http://www.wikidata.org/entity/Q1555252,VfL Herzlake,23.0,1990-01-01T00:00:00Z,1991-01-01T00:00:00Z
http://www.wikidata.org/entity/Q1079038,http://www.wikidata.org/entity/Q826212,VfB Oldenburg,35.0,1991-01-01T00:00:00Z,1993-01-01T00:00:00Z
http://www.wikidata.org/entity/Q1079038,http://www.wikidata.org/entity/Q223262,FC Lucerne,46.0,2002-01-01T00:00:00Z,2004-01-01T00:00:00Z
http://www.wikidata.org/entity/Q1079038,http://www.wikidata.org/entity/Q51976,Werder Brême,8.0,1995-01-01T00:00:00Z,1996-01-01T00:00:00Z
http://www.wikidata.org/entity/Q1079676,http://www.wikidata.org/entity/Q318348,NEC Nimègue,,2013-01-01T00:00:00Z,
http://www.wikidata.org/entity/Q1079676,http://www.wikidata.org/entity/Q24689,VVV Venlo,35.0,2012-01-01T00:00:00Z,2013-01-01T00:00:00Z
http://www.wikidata.org/entity/Q1079676,http://www.wikidata.org/entity/Q141688,Anorthosis Famagouste FC,100.0,2008-01-01T00:00:00Z,2012-01-01T00:00:00Z
http://www.wikidata.org/entity/Q1079676,http://www.wikidata.org/entity/Q153535,Alemannia Aix-la-Chapelle,60.0,2006-01-01T00:00:00Z,2008-01-01T00:00:00Z
http://www.wikidata.org/entity/Q1079676,http://www.wikidata.org/entity/Q318348,NEC Nimègue,150.0,1998-01-01T00:00:00Z,2006-01-01T00:00:00Z
http://www.wikidata.org/entity/Q1079757,http://www.wikidata.org/entity/Q155186,FC Carl Zeiss Iéna,34.0,2006-01-01T00:00:00Z,2008-01-01T00:00:00Z
http://www.wikidata.org/entity/Q1079757,http://www.wikidata.org/entity/Q159936,Kickers Offenbach,50.0,2008-01-01T00:00:00Z,2010-01-01T00:00:00Z
http://www.wikidata.org/entity/Q1079757,http://www.wikidata.org/entity/Q1202757,équipe d'Allemagne olympique de football,4.0,1998-01-01T00:00:00Z,1998-01-01T00:00:00Z
http://www.wikidata.org/entity/Q1079757,http://www.wikidata.org/entity/Q141931,SG Dynamo Dresde,85.0,2003-01-01T00:00:00Z,2006-01-01T00:00:00Z
http://www.wikidata.org/entity/Q1079757,http://www.wikidata.org/entity/Q141931,SG Dynamo Dresde,25.0,1995-01-01T00:00:00Z,1996-01-01T00:00:00Z
http://www.wikidata.org/entity/Q1079757,http://www.wikidata.org/entity/Q161554,Chemnitzer FC,30.0,2010-01-01T00:00:00Z,2011-01-01T00:00:00Z
http://www.wikidata.org/entity/Q1079757,http://www.wikidata.org/entity/Q7671747,TSV 1860 München II,106.0,1996-01-01T00:00:00Z,2001-01-01T00:00:00Z
http://www.wikidata.org/entity/Q1079757,http://www.wikidata.org/entity/Q820313,Heidenauer SV,55.0,2011-01-01T00:00:00Z,2014-01-01T00:00:00Z
http://www.wikidata.org/entity/Q1079757,http://www.wikidata.org/entity/Q131603,TSV Munich 1860,0.0,1999-01-01T00:00:00Z,2001-01-01T00:00:00Z
http://www.wikidata.org/entity/Q1079757,http://www.wikidata.org/entity/Q161554,Chemnitzer FC,35.0,2001-01-01T00:00:00Z,2002-01-01T00:00:00Z
http://www.wikidata.org/entity/Q1079757,http://www.wikidata.org/entity/Q6463,FC Sankt Pauli,16.0,2002-01-01T00:00:00Z,2003-01-01T00:00:00Z
http://www.wikidata.org/entity/Q1081669,http://www.wikidata.org/entity/Q102720,Hertha BSC,1.0,1999-01-01T00:00:00Z,1999-01-01T00:00:00Z
http://www.wikidata.org/entity/Q1081669,http://www.wikidata.org/entity/Q102720,Hertha BSC,1.0,1999-01-01T00:00:00Z,1999-06-30T00:00:00Z
http://www.wikidata.org/entity/Q1081669,http://www.wikidata.org/entity/Q15789,Bayern Munich,0.0,1997-01-01T00:00:00Z,1998-01-01T00:00:00Z
http://www.wikidata.org/entity/Q1081669,http://www.wikidata.org/entity/Q105844,DSC Arminia Bielefeld,0.0,1999-01-01T00:00:00Z,2000-01-01T00:00:00Z
http://www.wikidata.org/entity/Q1081669,http://www.wikidata.org/entity/Q339560,Hearts of Oak Sporting Club,,1994-01-01T00:00:00Z,1995-01-01T00:00:00Z
http://www.wikidata.org/entity/Q1081669,http://www.wikidata.org/entity/Q994701,FC Bayern München II,285.0,1996-01-01T00:00:00Z,2011-01-01T00:00:00Z
http://www.wikidata.org/entity/Q1081669,http://www.wikidata.org/entity/Q172014,équipe du Ghana de football,4.0,1996-01-01T00:00:00Z,1997-01-01T00:00:00Z
http://www.wikidata.org/entity/Q1081669,http://www.wikidata.org/entity/Q681889,FC Wacker Munich,,2014-01-01T00:00:00Z,
http://www.wikidata.org/entity/Q1081669,http://www.wikidata.org/entity/Q1800619,SC München von 1906,16.0,2012-01-01T00:00:00Z,2014-01-01T00:00:00Z
http://www.wikidata.org/entity/Q1081669,http://www.wikidata.org/entity/Q3590667,équipe du Ghana de football des moins de 23 ans,,1996-01-01T00:00:00Z,1996-01-01T00:00:00Z
http://www.wikidata.org/entity/Q1081935,http://www.wikidata.org/entity/Q2979814,Club Atlético Brown,5.0,2015-01-01T00:00:00Z,2015-01-01T00:00:00Z
http://www.wikidata.org/entity/Q1081935,http://www.wikidata.org/entity/Q296050,AO Kavala,10.0,2011-01-01T00:00:00Z,2011-01-01T00:00:00Z
http://www.wikidata.org/entity/Q1081935,http://www.wikidata.org/entity/Q10407,UD Almería,10.0,2004-01-01T00:00:00Z,2004-01-01T00:00:00Z
http://www.wikidata.org/entity/Q1081935,http://www.wikidata.org/entity/Q214978,CA Independiente,85.0,2001-01-01T00:00:00Z,2004-01-01T00:00:00Z
http://www.wikidata.org/entity/Q1081935,http://www.wikidata.org/entity/Q2979814,Club Atlético Brown,16.0,2013-01-01T00:00:00Z,2014-01-01T00:00:00Z
http://www.wikidata.org/entity/Q1081935,http://www.wikidata.org/entity/Q2074,Genoa CFC,,2006-01-01T00:00:00Z,2006-01-01T00:00:00Z
http://www.wikidata.org/entity/Q1081935,http://www.wikidata.org/entity/Q296050,AO Kavala,10.0,2010-01-01T00:00:00Z,2010-01-01T00:00:00Z
http://www.wikidata.org/entity/Q1081935,http://www.wikidata.org/entity/Q215163,CA Vélez Sarsfield,28.0,2007-01-01T00:00:00Z,2008-01-01T00:00:00Z
http://www.wikidata.org/entity/Q1081935,http://www.wikidata.org/entity/Q318307,CA Rosario Central,17.0,2007-01-01T00:00:00Z,2007-01-01T00:00:00Z
http://www.wikidata.org/entity/Q1081935,http://www.wikidata.org/entity/Q214978,CA Independiente,26.0,2008-01-01T00:00:00Z,2009-01-01T00:00:00Z
http://www.wikidata.org/entity/Q1081935,http://www.wikidata.org/entity/Q757320,PAE Astéras Trípolis,17.0,2009-01-01T00:00:00Z,2011-01-01T00:00:00Z
http://www.wikidata.org/entity/Q1081935,http://www.wikidata.org/entity/Q476836,Arsenal Fútbol Club,23.0,2005-01-01T00:00:00Z,2006-01-01T00:00:00Z
http://www.wikidata.org/entity/Q1081935,http://www.wikidata.org/entity/Q1074980,Club Olimpo,9.0,2011-01-01T00:00:00Z,2012-01-01T00:00:00Z
http://www.wikidata.org/entity/Q1081935,http://www.wikidata.org/entity/Q80882,CD Godoy Cruz,7.0,2012-01-01T00:00:00Z,2013-01-01T00:00:00Z
http://www.wikidata.org/entity/Q1081935,http://www.wikidata.org/entity/Q8476,Reggina 1914,6.0,2006-01-01T00:00:00Z,2006-01-01T00:00:00Z
http://www.wikidata.org/entity/Q1081935,http://www.wikidata.org/entity/Q332863,Boyacá Chicó Fútbol Club,14.0,2014-01-01T00:00:00Z,2015-01-01T00:00:00Z
http://www.wikidata.org/entity/Q1081961,http://www.wikidata.org/entity/Q8615,Spezia Calcio,24.0,2007-01-01T00:00:00Z,2008-01-01T00:00:00Z
http://www.wikidata.org/entity/Q1081961,http://www.wikidata.org/entity/Q2674,Palermo F.C.,22.0,2002-01-01T00:00:00Z,2005-01-01T00:00:00Z
http://www.wikidata.org/entity/Q1081961,http://www.wikidata.org/entity/Q1026324,Società Sportiva Chieti Calcio,34.0,2000-01-01T00:00:00Z,2001-01-01T00:00:00Z
http://www.wikidata.org/entity/Q1081961,http://www.wikidata.org/entity/Q6664,AC Cesena,32.0,1998-01-01T00:00:00Z,2002-01-01T00:00:00Z
http://www.wikidata.org/entity/Q1081961,http://www.wikidata.org/entity/Q8615,Spezia Calcio,40.0,2006-01-01T00:00:00Z,2007-01-01T00:00:00Z
http://www.wikidata.org/entity/Q1081961,http://www.wikidata.org/entity/Q6641,SSC Bari,2.0,2008-01-01T00:00:00Z,2009-01-01T00:00:00Z
http://www.wikidata.org/entity/Q1081961,http://www.wikidata.org/entity/Q6651,Brescia Calcio,4.0,2006-01-01T00:00:00Z,2007-01-01T00:00:00Z
http://www.wikidata.org/entity/Q1082092,http://www.wikidata.org/entity/Q2524107,Teramo Calcio,21.0,2001-01-01T00:00:00Z,2002-01-01T00:00:00Z
http://www.wikidata.org/entity/Q1082092,http://www.wikidata.org/entity/Q4005456,A.S.D. Termoli Calcio 1920,8.0,2001-01-01T00:00:00Z,2001-01-01T00:00:00Z
http://www.wikidata.org/entity/Q1082092,http://www.wikidata.org/entity/Q2114224,F.C. Trapani 1905,,2013-01-01T00:00:00Z,
http://www.wikidata.org/entity/Q1082092,http://www.wikidata.org/entity/Q2674,Palermo F.C.,48.0,2003-01-01T00:00:00Z,2006-01-01T00:00:00Z
http://www.wikidata.org/entity/Q1082092,http://www.wikidata.org/entity/Q2018,Catania Football Club,73.0,2007-01-01T00:00:00Z,2011-01-01T00:00:00Z
http://www.wikidata.org/entity/Q1082092,http://www.wikidata.org/entity/Q3954712,A.S.D. Selargius Calcio,9.0,2000-01-01T00:00:00Z,2001-01-01T00:00:00Z
http://www.wikidata.org/entity/Q1082092,http://www.wikidata.org/entity/Q433529,Atletico Roma FC,3.0,1996-01-01T00:00:00Z,1998-01-01T00:00:00Z
http://www.wikidata.org/entity/Q1082092,http://www.wikidata.org/entity/Q2710,Delfino Pescara,11.0,2012-01-01T00:00:00Z,2013-01-01T00:00:00Z
http://www.wikidata.org/entity/Q1082092,http://www.wikidata.org/entity/Q6664,AC Cesena,28.0,2002-01-01T00:00:00Z,2003-01-01T00:00:00Z
http://www.wikidata.org/entity/Q1082092,http://www.wikidata.org/entity/Q676899,équipe d'Italie de football,1.0,2006-01-01T00:00:00Z,2006-01-01T00:00:00Z
http://www.wikidata.org/entity/Q1082092,http://www.wikidata.org/entity/Q1457,UC Sampdoria,4.0,2006-01-01T00:00:00Z,2007-01-01T00:00:00Z
http://www.wikidata.org/entity/Q1082092,http://www.wikidata.org/entity/Q3304997,S.S.D. Tivoli Calcio 1919,24.0,1998-01-01T00:00:00Z,1999-01-01T00:00:00Z
http://www.wikidata.org/entity/Q1082092,http://www.wikidata.org/entity/Q8633,Varèse Calcio,33.0,2011-01-01T00:00:00Z,2012-01-01T00:00:00Z
http://www.wikidata.org/entity/Q1082092,http://www.wikidata.org/entity/Q3626885,AS Lodigiani,3.0,1996-01-01T00:00:00Z,1998-01-01T00:00:00Z
http://www.wikidata.org/entity/Q1082092,http://www.wikidata.org/entity/Q2756,Sienne FC,9.0,2013-01-01T00:00:00Z,2013-01-01T00:00:00Z
http://www.wikidata.org/entity/Q1082298,http://www.wikidata.org/entity/Q17521353,Arminia Bielefeld II,45.0,2004-01-01T00:00:00Z,2006-01-01T00:00:00Z
http://www.wikidata.org/entity/Q1082298,http://www.wikidata.org/entity/Q216773,FC Vaduz,48.0,2006-01-01T00:00:00Z,2008-01-01T00:00:00Z
http://www.wikidata.org/entity/Q1082298,http://www.wikidata.org/entity/Q105844,DSC Arminia Bielefeld,26.0,2004-01-01T00:00:00Z,2006-01-01T00:00:00Z
http://www.wikidata.org/entity/Q1085752,http://www.wikidata.org/entity/Q4545849,FC Nuremberg II,28.0,2010-01-01T00:00:00Z,2011-01-01T00:00:00Z
http://www.wikidata.org/entity/Q1085752,http://www.wikidata.org/entity/Q155218,Rot-Weiss Essen,9.0,2013-01-01T00:00:00Z,2014-01-01T00:00:00Z
http://www.wikidata.org/entity/Q1085752,http://www.wikidata.org/entity/Q15786,1. FC Nuremberg,0.0,2010-01-01T00:00:00Z,2012-01-01T00:00:00Z
http://www.wikidata.org/entity/Q1085752,http://www.wikidata.org/entity/Q16525419,1. FSV Mainz 05 II,4.0,2009-01-01T00:00:00Z,2010-01-01T00:00:00Z
http://www.wikidata.org/entity/Q1085752,http://www.wikidata.org/entity/Q324854,équipe d'Allemagne de football des moins de 19 ans,8.0,2009-01-01T00:00:00Z,2010-01-01T00:00:00Z
http://www.wikidata.org/entity/Q1085752,http://www.wikidata.org/entity/Q819419,VfR Wormatia Worms,7.0,2013-01-01T00:00:00Z,2013-01-01T00:00:00Z
http://www.wikidata.org/entity/Q1085752,http://www.wikidata.org/entity/Q692586,VfR Aalen,27.0,2011-01-01T00:00:00Z,2012-01-01T00:00:00Z
http://www.wikidata.org/entity/Q1085752,http://www.wikidata.org/entity/Q105853,Karlsruher SC,2.0,2012-01-01T00:00:00Z,2013-01-01T00:00:00Z
http://www.wikidata.org/entity/Q1085752,http://www.wikidata.org/entity/Q481377,Arminia Ludwigshafen,,2014-01-01T00:00:00Z,
http://www.wikidata.org/entity/Q1085752,http://www.wikidata.org/entity/Q324854,équipe d'Allemagne de football des moins de 19 ans,8.0,2010-01-01T00:00:00Z,2010-01-01T00:00:00Z
http://www.wikidata.org/entity/Q1086492,http://www.wikidata.org/entity/Q33748,Hanovre 96,42.0,2008-01-01T00:00:00Z,2014-01-01T00:00:00Z
http://www.wikidata.org/entity/Q1086492,http://www.wikidata.org/entity/Q316497,équipe d'Allemagne de football des moins de 20 ans,,2011-01-01T00:00:00Z,
http://www.wikidata.org/entity/Q1086492,http://www.wikidata.org/entity/Q151747,Fortuna Düsseldorf,20.0,2014-01-01T00:00:00Z,2016-01-01T00:00:00Z
http://www.wikidata.org/entity/Q1086492,http://www.wikidata.org/entity/Q6463,FC Sankt Pauli,,2016-01-01T00:00:00Z,
http://www.wikidata.org/entity/Q1086492,http://www.wikidata.org/entity/Q324854,équipe d'Allemagne de football des moins de 19 ans,,2010-01-01T00:00:00Z,
http://www.wikidata.org/entity/Q1086492,http://www.wikidata.org/entity/Q151747,Fortuna Düsseldorf,1.0,2014-01-01T00:00:00Z,2014-01-01T00:00:00Z
http://www.wikidata.org/entity/Q1086492,http://www.wikidata.org/entity/Q6463,FC Sankt Pauli,28.0,2012-01-01T00:00:00Z,2013-01-01T00:00:00Z
http://www.wikidata.org/entity/Q1086492,http://www.wikidata.org/entity/Q2016992,équipe d'Allemagne de football des moins de 18 ans,3.0,2009-01-01T00:00:00Z,2010-01-01T00:00:00Z
http://www.wikidata.org/entity/Q1086810,http://www.wikidata.org/entity/Q157828,SV Holstein Kiel,32.0,2009-01-01T00:00:00Z,2010-01-01T00:00:00Z
http://www.wikidata.org/entity/Q1086810,http://www.wikidata.org/entity/Q8466,1. FC Kaiserslautern,12.0,2008-01-01T00:00:00Z,2009-01-01T00:00:00Z
http://www.wikidata.org/entity/Q1086810,http://www.wikidata.org/entity/Q101859,VfL Wolfsburg,43.0,2004-01-01T00:00:00Z,2008-01-01T00:00:00Z
http://www.wikidata.org/entity/Q1086810,http://www.wikidata.org/entity/Q159936,Kickers Offenbach,46.0,2010-01-01T00:00:00Z,2013-01-01T00:00:00Z
http://www.wikidata.org/entity/Q1088942,http://www.wikidata.org/entity/Q2018,Catania Football Club,12.0,2009-01-01T00:00:00Z,2011-01-01T00:00:00Z
http://www.wikidata.org/entity/Q1088942,http://www.wikidata.org/entity/Q963110,SEF Torres Calcio 1903,30.0,2005-01-01T00:00:00Z,2006-01-01T00:00:00Z
http://www.wikidata.org/entity/Q1088942,http://www.wikidata.org/entity/Q6630,Ascoli Calcio 1898 FC,20.0,2010-01-01T00:00:00Z,2010-01-01T00:00:00Z
http://www.wikidata.org/entity/Q1088942,http://www.wikidata.org/entity/Q8416,Novara Calcio,127.0,2011-01-01T00:00:00Z,2016-01-01T00:00:00Z
http://www.wikidata.org/entity/Q1088942,http://www.wikidata.org/entity/Q6630,Ascoli Calcio 1898 FC,98.0,2006-01-01T00:00:00Z,2009-01-01T00:00:00Z
http://www.wikidata.org/entity/Q1088942,http://www.wikidata.org/entity/Q2118510,Latina Calcio 1932,127.0,1999-01-01T00:00:00Z,2005-01-01T00:00:00Z
http://www.wikidata.org/entity/Q1088942,http://www.wikidata.org/entity/Q759482,US Cremonese,,2016-01-01T00:00:00Z,
http://www.wikidata.org/entity/Q1090591,http://www.wikidata.org/entity/Q6767,US Livourne 1915,186.0,1998-01-01T00:00:00Z,2004-01-01T00:00:00Z
http://www.wikidata.org/entity/Q1090591,http://www.wikidata.org/entity/Q13391,Unione Sportiva Lecce,23.0,1996-01-01T00:00:00Z,1997-01-01T00:00:00Z
http://www.wikidata.org/entity/Q1090591,http://www.wikidata.org/entity/Q297431,Castel di Sangro Calcio,23.0,1997-01-01T00:00:00Z,1998-01-01T00:00:00Z
http://www.wikidata.org/entity/Q1090591,http://www.wikidata.org/entity/Q8633,Varèse Calcio,61.0,1991-01-01T00:00:00Z,1993-01-01T00:00:00Z
http://www.wikidata.org/entity/Q1090591,http://www.wikidata.org/entity/Q1136016,Cosenza Calcio,87.0,1993-01-01T00:00:00Z,1996-01-01T00:00:00Z
http://www.wikidata.org/entity/Q1090591,http://www.wikidata.org/entity/Q6703,Empoli Football Club,64.0,2004-01-01T00:00:00Z,2008-01-01T00:00:00Z
http://www.wikidata.org/entity/Q1090591,http://www.wikidata.org/entity/Q289029,Società Sportiva Calcio Ancona,26.0,2008-01-01T00:00:00Z,2009-01-01T00:00:00Z
http://www.wikidata.org/entity/Q1090591,http://www.wikidata.org/entity/Q5775768,Cosenza Calcio 1914,87.0,1993-01-01T00:00:00Z,1996-01-01T00:00:00Z
http://www.wikidata.org/entity/Q1090591,http://www.wikidata.org/entity/Q3077308,Forlì Football Club,43.0,2009-01-01T00:00:00Z,2012-01-01T00:00:00Z
http://www.wikidata.org/entity/Q1100297,http://www.wikidata.org/entity/Q815515,équipe de Belgique espoirs de football,6.0,2004-01-01T00:00:00Z,2008-01-01T00:00:00Z
http://www.wikidata.org/entity/Q1100297,http://www.wikidata.org/entity/Q618620,KV Courtrai,34.0,2009-01-01T00:00:00Z,2010-01-01T00:00:00Z
http://www.wikidata.org/entity/Q1100297,http://www.wikidata.org/entity/Q167615,CF Montréal,85.0,2015-01-01T00:00:00Z,2017-01-01T00:00:00Z
http://www.wikidata.org/entity/Q1100531,http://www.wikidata.org/entity/Q867921,Livingston Football Club,16.0,2005-01-01T00:00:00Z,2006-01-01T00:00:00Z
http://www.wikidata.org/entity/Q1100531,http://www.wikidata.org/entity/Q18509,Cambridge United FC,58.0,2020-07-01T00:00:00Z,2022-06-01T00:00:00Z
http://www.wikidata.org/entity/Q1100531,http://www.wikidata.org/entity/Q163547,équipe de république d'Irlande de football,43.0,2008-01-01T00:00:00Z,2017-01-01T00:00:00Z
http://www.wikidata.org/entity/Q1100531,http://www.wikidata.org/entity/Q19449,Blackpool FC,42.0,2006-01-01T00:00:00Z,2007-01-01T00:00:00Z
http://www.wikidata.org/entity/Q1100531,http://www.wikidata.org/entity/Q18721,Norwich City FC,323.0,2008-01-01T00:00:00Z,2018-01-01T00:00:00Z
http://www.wikidata.org/entity/Q1100531,http://www.wikidata.org/entity/Q732929,Newcastle United Jets Football Club,5.0,2019-08-01T00:00:00Z,2020-07-01T00:00:00Z
http://www.wikidata.org/entity/Q1100531,http://www.wikidata.org/entity/Q19449,Blackpool FC,45.0,2007-01-01T00:00:00Z,2008-01-01T00:00:00Z
http://www.wikidata.org/entity/Q1100531,http://www.wikidata.org/entity/Q18744,West Bromwich Albion,6.0,2018-09-01T00:00:00Z,2019-06-01T00:00:00Z
http://www.wikidata.org/entity/Q1100531,http://www.wikidata.org/entity/Q4127955,équipe de république d'Irlande de football B,1.0,2007-01-01T00:00:00Z,2007-01-01T00:00:00Z
http://www.wikidata.org/entity/Q1100531,http://www.wikidata.org/entity/Q394474,Shelbourne FC,133.0,2001-01-01T00:00:00Z,2005-01-01T00:00:00Z
http://www.wikidata.org/entity/Q1100531,http://www.wikidata.org/entity/Q1672798,équipe d'Irlande espoirs de football,9.0,2002-01-01T00:00:00Z,2003-01-01T00:00:00Z
http://www.wikidata.org/entity/Q1101451,http://www.wikidata.org/entity/Q219241,Falkirk Football Club,71.0,2012-01-01T00:00:00Z,2014-01-01T00:00:00Z
http://www.wikidata.org/entity/Q1101451,http://www.wikidata.org/entity/Q19446,Blackburn Rovers FC,0.0,2008-01-01T00:00:00Z,2010-01-01T00:00:00Z
http://www.wikidata.org/entity/Q1101451,http://www.wikidata.org/entity/Q1998181,équipe d'Irlande du Nord espoirs de football,10.0,2008-01-01T00:00:00Z,2010-01-01T00:00:00Z
http://www.wikidata.org/entity/Q1101451,http://www.wikidata.org/entity/Q48843,Accrington Stanley Football Club,8.0,2009-01-01T00:00:00Z,2009-01-01T00:00:00Z
http://www.wikidata.org/entity/Q1101451,http://www.wikidata.org/entity/Q779835,Cliftonville Football Club,,2014-01-01T00:00:00Z,
http://www.wikidata.org/entity/Q1101451,http://www.wikidata.org/entity/Q1070732,Chester City Football Club,4.0,2009-01-01T00:00:00Z,2009-01-01T00:00:00Z
http://www.wikidata.org/entity/Q1101451,http://www.wikidata.org/entity/Q180420,Ross County FC,37.0,2010-01-01T00:00:00Z,2012-01-01T00:00:00Z
http://www.wikidata.org/entity/Q1101451,http://www.wikidata.org/entity/Q805429,Ballymena United Football Club,15.0,2007-01-01T00:00:00Z,2008-01-01T00:00:00Z
http://www.wikidata.org/entity/Q1101589,http://www.wikidata.org/entity/Q18528,Woking Football Club,2.0,2005-01-01T00:00:00Z,2006-01-01T00:00:00Z
http://www.wikidata.org/entity/Q1101589,http://www.wikidata.org/entity/Q1571078,Halifax Town AFC,8.0,2003-01-01T00:00:00Z,2004-01-01T00:00:00Z
http://www.wikidata.org/entity/Q1101589,http://www.wikidata.org/entity/Q1571078,Halifax Town AFC,8.0,2003-01-01T00:00:00Z,2003-01-01T00:00:00Z
http://www.wikidata.org/entity/Q1101589,http://www.wikidata.org/entity/Q19456,Bristol City Football Club,0.0,2004-01-01T00:00:00Z,2005-01-01T00:00:00Z
http://www.wikidata.org/entity/Q1101589,http://www.wikidata.org/entity/Q18524,Nuneaton Town F.C.,4.0,2003-01-01T00:00:00Z,2003-01-01T00:00:00Z
http://www.wikidata.org/entity/Q1101589,http://www.wikidata.org/entity/Q18527,Tamworth Football Club,,2003-01-01T00:00:00Z,2003-01-01T00:00:00Z
http://www.wikidata.org/entity/Q1101589,http://www.wikidata.org/entity/Q48879,Bradford City Association Football Club,2.0,2003-01-01T00:00:00Z,2005-01-01T00:00:00Z
http://www.wikidata.org/entity/Q1101589,http://www.wikidata.org/entity/Q18528,Woking Football Club,2.0,2003-01-01T00:00:00Z,2003-01-01T00:00:00Z
http://www.wikidata.org/entity/Q1101589,http://www.wikidata.org/entity/Q19444,Birmingham City FC,0.0,2002-01-01T00:00:00Z,2003-01-01T00:00:00Z
http://www.wikidata.org/entity/Q1101616,http://www.wikidata.org/entity/Q48932,Cheltenham Town Football Club,11.0,2008-01-01T00:00:00Z,2008-01-01T00:00:00Z
http://www.wikidata.org/entity/Q1101616,http://www.wikidata.org/entity/Q48953,Wycombe Wanderers FC,3.0,2010-01-01T00:00:00Z,2010-01-01T00:00:00Z
http://www.wikidata.org/entity/Q1101616,http://www.wikidata.org/entity/Q19589,Doncaster Rovers Football Club,0.0,2010-01-01T00:00:00Z,2010-01-01T00:00:00Z
http://www.wikidata.org/entity/Q1101616,http://www.wikidata.org/entity/Q18528,Woking Football Club,82.0,2013-01-01T00:00:00Z,2015-01-01T00:00:00Z
http://www.wikidata.org/entity/Q1101616,http://www.wikidata.org/entity/Q2303493,Eastleigh Football Club,,2015-01-01T00:00:00Z,
http://www.wikidata.org/entity/Q1101616,http://www.wikidata.org/entity/Q48862,Aldershot Town Football Club,6.0,2012-01-01T00:00:00Z,2012-01-01T00:00:00Z
http://www.wikidata.org/entity/Q1101616,http://www.wikidata.org/entity/Q48946,Oxford United Football Club,34.0,2010-01-01T00:00:00Z,2012-01-01T00:00:00Z
http://www.wikidata.org/entity/Q1101616,http://www.wikidata.org/entity/Q18747,West Ham United FC,2.0,2008-01-01T00:00:00Z,2010-01-01T00:00:00Z
http://www.wikidata.org/entity/Q1101616,http://www.wikidata.org/entity/Q19578,Colchester United FC,3.0,2009-01-01T00:00:00Z,2009-01-01T00:00:00Z
http://www.wikidata.org/entity/Q1101626,http://www.wikidata.org/entity/Q391353,Real Salt Lake,27.0,2005-01-01T00:00:00Z,2005-01-01T00:00:00Z
http://www.wikidata.org/entity/Q1101626,http://www.wikidata.org/entity/Q33748,Hanovre 96,17.0,2004-01-01T00:00:00Z,2005-01-01T00:00:00Z
http://www.wikidata.org/entity/Q1101626,http://www.wikidata.org/entity/Q204357,Galaxy de Los Angeles,9.0,2010-01-01T00:00:00Z,2010-01-01T00:00:00Z
http://www.wikidata.org/entity/Q1101626,http://www.wikidata.org/entity/Q391353,Real Salt Lake,39.0,2008-01-01T00:00:00Z,2009-01-01T00:00:00Z
http://www.wikidata.org/entity/Q1101626,http://www.wikidata.org/entity/Q657156,PAE Ergotelis Héraklion,8.0,2008-01-01T00:00:00Z,2008-01-01T00:00:00Z
http://www.wikidata.org/entity/Q1101626,http://www.wikidata.org/entity/Q642408,Rapids du Colorado,25.0,2006-01-01T00:00:00Z,2006-01-01T00:00:00Z
http://www.wikidata.org/entity/Q1101626,http://www.wikidata.org/entity/Q204220,Red Bulls de New York,26.0,2007-01-01T00:00:00Z,2007-01-01T00:00:00Z
http://www.wikidata.org/entity/Q1101626,http://www.wikidata.org/entity/Q164134,équipe des États-Unis de football,46.0,1998-01-01T00:00:00Z,2005-01-01T00:00:00Z
http://www.wikidata.org/entity/Q1101626,http://www.wikidata.org/entity/Q204357,Galaxy de Los Angeles,65.0,1998-01-01T00:00:00Z,2000-01-01T00:00:00Z
http://www.wikidata.org/entity/Q1101626,http://www.wikidata.org/entity/Q204220,Red Bulls de New York,67.0,2000-01-01T00:00:00Z,2003-01-01T00:00:00Z
http://www.wikidata.org/entity/Q1105338,http://www.wikidata.org/entity/Q2018,Catania Football Club,12.0,2004-01-01T00:00:00Z,2004-01-01T00:00:00Z
http://www.wikidata.org/entity/Q1105338,http://www.wikidata.org/entity/Q200321,SC Heerenveen,26.0,1995-01-01T00:00:00Z,1997-01-01T00:00:00Z
http://www.wikidata.org/entity/Q1105338,http://www.wikidata.org/entity/Q8643,Vicenza Calcio,4.0,2004-01-01T00:00:00Z,2004-01-01T00:00:00Z
http://www.wikidata.org/entity/Q1105338,http://www.wikidata.org/entity/Q188430,FC Copenhague,0.0,1994-01-01T00:00:00Z,1995-01-01T00:00:00Z
http://www.wikidata.org/entity/Q1105338,http://www.wikidata.org/entity/Q636315,Helmond Sport,7.0,2011-01-01T00:00:00Z,2012-01-01T00:00:00Z
http://www.wikidata.org/entity/Q1105338,http://www.wikidata.org/entity/Q2018,Catania Football Club,12.0,2003-01-01T00:00:00Z,2003-01-01T00:00:00Z
http://www.wikidata.org/entity/Q1105338,http://www.wikidata.org/entity/Q865735,Royal Excelsior Mouscron,8.0,2002-01-01T00:00:00Z,2003-01-01T00:00:00Z
http://www.wikidata.org/entity/Q1105338,http://www.wikidata.org/entity/Q729560,Randers Football Club,57.0,2008-01-01T00:00:00Z,2010-01-01T00:00:00Z
http://www.wikidata.org/entity/Q1105338,http://www.wikidata.org/entity/Q131785,équipe du Danemark de football,7.0,2000-01-01T00:00:00Z,2008-01-01T00:00:00Z
http://www.wikidata.org/entity/Q1105338,http://www.wikidata.org/entity/Q1270152,équipe du Danemark espoirs de football,6.0,1996-01-01T00:00:00Z,1997-01-01T00:00:00Z
http://www.wikidata.org/entity/Q1105338,http://www.wikidata.org/entity/Q24719,Roda JC,86.0,1998-01-01T00:00:00Z,2002-01-01T00:00:00Z
http://www.wikidata.org/entity/Q1105338,http://www.wikidata.org/entity/Q1669847,KFC Lommelse SK,8.0,2002-01-01T00:00:00Z,2003-01-01T00:00:00Z
http://www.wikidata.org/entity/Q1105338,http://www.wikidata.org/entity/Q6651,Brescia Calcio,10.0,2003-01-01T00:00:00Z,2005-01-01T00:00:00Z
http://www.wikidata.org/entity/Q1105338,http://www.wikidata.org/entity/Q18723,QP Rangers,69.0,2005-01-01T00:00:00Z,2008-01-01T00:00:00Z
http://www.wikidata.org/entity/Q1105338,http://www.wikidata.org/entity/Q287851,AB Copenhague,6.0,2013-01-01T00:00:00Z,2014-01-01T00:00:00Z
http://www.wikidata.org/entity/Q1105338,http://www.wikidata.org/entity/Q876568,MVV Maastricht,34.0,1997-01-01T00:00:00Z,1998-01-01T00:00:00Z
http://www.wikidata.org/entity/Q1105338,http://www.wikidata.org/entity/Q158121,SpVgg Unterhaching,23.0,2010-01-01T00:00:00Z,2011-01-01T00:00:00Z
http://www.wikidata.org/entity/Q1106637,http://www.wikidata.org/entity/Q738917,équipe de Hongrie de football des moins de 19 ans,12.0,2003-01-01T00:00:00Z,2005-01-01T00:00:00Z
http://www.wikidata.org/entity/Q1106637,http://www.wikidata.org/entity/Q862791,Ethnikos Achna,19.0,2007-01-01T00:00:00Z,2008-01-01T00:00:00Z
http://www.wikidata.org/entity/Q1106637,http://www.wikidata.org/entity/Q1162277,équipe de Hongrie de football des moins de 17 ans,5.0,2002-01-01T00:00:00Z,2003-01-01T00:00:00Z
http://www.wikidata.org/entity/Q1106637,http://www.wikidata.org/entity/Q208396,Ferencvárosi TC,48.0,2005-01-01T00:00:00Z,2007-01-01T00:00:00Z
http://www.wikidata.org/entity/Q1106637,http://www.wikidata.org/entity/Q275612,Budapest Honvéd,,2010-01-01T00:00:00Z,
http://www.wikidata.org/entity/Q1106637,http://www.wikidata.org/entity/Q378890,Ermís Aradíppou,21.0,2008-01-01T00:00:00Z,2009-01-01T00:00:00Z
http://www.wikidata.org/entity/Q1106637,http://www.wikidata.org/entity/Q385222,équipe de Hongrie espoirs de football,0.0,2006-01-01T00:00:00Z,2007-01-01T00:00:00Z
http://www.wikidata.org/entity/Q1106637,http://www.wikidata.org/entity/Q19462,Charlton Athletic FC,0.0,2004-01-01T00:00:00Z,2005-01-01T00:00:00Z
http://www.wikidata.org/entity/Q1106637,http://www.wikidata.org/entity/Q208406,MTK Budapest FC,0.0,2009-01-01T00:00:00Z,2010-01-01T00:00:00Z
http://www.wikidata.org/entity/Q1108004,http://www.wikidata.org/entity/Q1247436,Hawke's Bay United,9.0,2010-01-01T00:00:00Z,2011-01-01T00:00:00Z
http://www.wikidata.org/entity/Q1108004,http://www.wikidata.org/entity/Q142005,FC Hansa Rostock,0.0,2004-01-01T00:00:00Z,2005-01-01T00:00:00Z
http://www.wikidata.org/entity/Q1108004,http://www.wikidata.org/entity/Q1247436,Hawke's Bay United,48.0,2012-01-01T00:00:00Z,2013-01-01T00:00:00Z
http://www.wikidata.org/entity/Q1108004,http://www.wikidata.org/entity/Q542455,Team Wellington,15.0,2009-01-01T00:00:00Z,2010-01-01T00:00:00Z
http://www.wikidata.org/entity/Q1108004,http://www.wikidata.org/entity/Q1066683,Battery de Charleston,18.0,2011-01-01T00:00:00Z,2011-01-01T00:00:00Z
http://www.wikidata.org/entity/Q1108004,http://www.wikidata.org/entity/Q175315,équipe de Nouvelle-Zélande de football,1.0,2008-01-01T00:00:00Z,2008-01-01T00:00:00Z
http://www.wikidata.org/entity/Q1108004,http://www.wikidata.org/entity/Q510953,équipe de Nouvelle-Zélande olympique de football,8.0,2008-01-01T00:00:00Z,2008-01-01T00:00:00Z
http://www.wikidata.org/entity/Q1108004,http://www.wikidata.org/entity/Q386918,Canterbury United Football Club,9.0,2011-01-01T00:00:00Z,2012-01-01T00:00:00Z
http://www.wikidata.org/entity/Q1108004,http://www.wikidata.org/entity/Q1247436,Hawke's Bay United,45.0,2007-01-01T00:00:00Z,2009-01-01T00:00:00Z
http://www.wikidata.org/entity/Q1108004,http://www.wikidata.org/entity/Q630544,Auckland City Football Club,0.0,2006-01-01T00:00:00Z,2006-01-01T00:00:00Z
http://www.wikidata.org/entity/Q1108004,http://www.wikidata.org/entity/Q3720046,équipe de Nouvelle-Zélande de football des moins de 20 ans,8.0,2007-01-01T00:00:00Z,2007-01-01T00:00:00Z
http://www.wikidata.org/entity/Q1108004,http://www.wikidata.org/entity/Q3720046,équipe de Nouvelle-Zélande de football des moins de 20 ans,12.0,2007-01-01T00:00:00Z,2008-01-01T00:00:00Z
http://www.wikidata.org/entity/Q1108004,http://www.wikidata.org/entity/Q1855082,Waikato Football Club,7.0,2006-01-01T00:00:00Z,2007-01-01T00:00:00Z
http://www.wikidata.org/entity/Q1109020,http://www.wikidata.org/entity/Q297430,S.S. Arezzo,126.0,2005-01-01T00:00:00Z,2009-01-01T00:00:00Z
http://www.wikidata.org/entity/Q1109020,http://www.wikidata.org/entity/Q3625862,S.S.D. Group Città di Castello,,2010-01-01T00:00:00Z,2011-01-01T00:00:00Z
http://www.wikidata.org/entity/Q1109020,http://www.wikidata.org/entity/Q8643,Vicenza Calcio,49.0,1998-01-01T00:00:00Z,2000-01-01T00:00:00Z
http://www.wikidata.org/entity/Q1109020,http://www.wikidata.org/entity/Q373419,USD Colligiana,7.0,2010-01-01T00:00:00Z,2011-01-01T00:00:00Z
http://www.wikidata.org/entity/Q1109020,http://www.wikidata.org/entity/Q459794,Plaisance Calcio 1919,54.0,1995-01-01T00:00:00Z,1997-01-01T00:00:00Z
http://www.wikidata.org/entity/Q1109020,http://www.wikidata.org/entity/Q501245,Venise Football Club,31.0,1993-01-01T00:00:00Z,1994-01-01T00:00:00Z
http://www.wikidata.org/entity/Q1109020,http://www.wikidata.org/entity/Q922698,équipe d'Italie espoirs de football,1.0,1994-01-01T00:00:00Z,1994-01-01T00:00:00Z
http://www.wikidata.org/entity/Q1109020,http://www.wikidata.org/entity/Q1457,UC Sampdoria,116.0,2000-01-01T00:00:00Z,2004-01-01T00:00:00Z
http://www.wikidata.org/entity/Q1109020,http://www.wikidata.org/entity/Q2641,Società Sportiva Calcio Napoli,9.0,1997-01-01T00:00:00Z,1998-01-01T00:00:00Z
http://www.wikidata.org/entity/Q1109020,http://www.wikidata.org/entity/Q29390,ACR Messine,6.0,2004-01-01T00:00:00Z,2004-01-01T00:00:00Z
http://www.wikidata.org/entity/Q1109020,http://www.wikidata.org/entity/Q631,FC Internazionale Milano,20.0,1992-01-01T00:00:00Z,1995-01-01T00:00:00Z
http://www.wikidata.org/entity/Q1120882,http://www.wikidata.org/entity/Q155186,FC Carl Zeiss Iéna,17.0,2013-01-01T00:00:00Z,2014-01-01T00:00:00Z
http://www.wikidata.org/entity/Q1120882,http://www.wikidata.org/entity/Q107818,FC Energie Cottbus,81.0,2008-01-01T00:00:00Z,2011-01-01T00:00:00Z
http://www.wikidata.org/entity/Q1120882,http://www.wikidata.org/entity/Q2016992,équipe d'Allemagne de football des moins de 18 ans,1.0,2008-01-01T00:00:00Z,2008-01-01T00:00:00Z
http://www.wikidata.org/entity/Q1120882,http://www.wikidata.org/entity/Q700029,VFC Plauen,54.0,2011-01-01T00:00:00Z,2013-01-01T00:00:00Z
http://www.wikidata.org/entity/Q1120882,http://www.wikidata.org/entity/Q316896,FSV Zwickau,,2014-01-01T00:00:00Z,
http://www.wikidata.org/entity/Q1121443,http://www.wikidata.org/entity/Q19495,Peterborough United FC,2.0,2009-01-01T00:00:00Z,2010-01-01T00:00:00Z
http://www.wikidata.org/entity/Q1121443,http://www.wikidata.org/entity/Q9408,Barnet FC,17.0,2012-01-01T00:00:00Z,2012-01-01T00:00:00Z
http://www.wikidata.org/entity/Q1121443,http://www.wikidata.org/entity/Q19598,Notts County FC,56.0,2010-01-01T00:00:00Z,2013-01-01T00:00:00Z
http://www.wikidata.org/entity/Q1121443,http://www.wikidata.org/entity/Q19615,Scunthorpe United FC,40.0,2008-01-01T00:00:00Z,2009-01-01T00:00:00Z
http://www.wikidata.org/entity/Q1121443,http://www.wikidata.org/entity/Q19473,Huddersfield Town Football Club,0.0,2010-01-01T00:00:00Z,2010-01-01T00:00:00Z
http://www.wikidata.org/entity/Q1121443,http://www.wikidata.org/entity/Q47965,Torquay United Football Club,67.0,2013-01-01T00:00:00Z,2015-01-01T00:00:00Z
http://www.wikidata.org/entity/Q1121443,http://www.wikidata.org/entity/Q19444,Birmingham City FC,0.0,2007-01-01T00:00:00Z,2010-01-01T00:00:00Z
http://www.wikidata.org/entity/Q1121443,http://www.wikidata.org/entity/Q2358861,équipe d'Angleterre de football des moins de 19 ans,11.0,2007-01-01T00:00:00Z,2008-01-01T00:00:00Z
http://www.wikidata.org/entity/Q1121443,http://www.wikidata.org/entity/Q18522,Mansfield Town FC,,2015-01-01T00:00:00Z,
http://www.wikidata.org/entity/Q1121443,http://www.wikidata.org/entity/Q19598,Notts County FC,8.0,2007-01-01T00:00:00Z,2008-01-01T00:00:00Z
http://www.wikidata.org/entity/Q1121443,http://www.wikidata.org/entity/Q48948,Port Vale FC,12.0,2008-01-01T00:00:00Z,2008-01-01T00:00:00Z
http://www.wikidata.org/entity/Q1121443,http://www.wikidata.org/entity/Q2752922,Équipe d'Angleterre des moins de 17 ans de football,13.0,2006-01-01T00:00:00Z,2007-01-01T00:00:00Z
http://www.wikidata.org/entity/Q1122632,http://www.wikidata.org/entity/Q501245,Venise Football Club,57.0,1996-01-01T00:00:00Z,1998-01-01T00:00:00Z
http://www.wikidata.org/entity/Q1122632,http://www.wikidata.org/entity/Q2074,Genoa CFC,92.0,1987-01-01T00:00:00Z,1990-01-01T00:00:00Z
http://www.wikidata.org/entity/Q1122632,http://www.wikidata.org/entity/Q2739,AS Rome,,1983-01-01T00:00:00Z,1984-01-01T00:00:00Z
http://www.wikidata.org/entity/Q1122632,http://www.wikidata.org/entity/Q6641,SSC Bari,6.0,1999-01-01T00:00:00Z,2001-01-01T00:00:00Z
http://www.wikidata.org/entity/Q1122632,http://www.wikidata.org/entity/Q2798,Udinese Calcio,10.0,1995-01-01T00:00:00Z,1996-01-01T00:00:00Z
http://www.wikidata.org/entity/Q1122632,http://www.wikidata.org/entity/Q289707,AC Reggiana,22.0,1984-01-01T00:00:00Z,1985-01-01T00:00:00Z
http://www.wikidata.org/entity/Q1122632,http://www.wikidata.org/entity/Q8639,Hellas Vérone Football Club,9.0,1996-01-01T00:00:00Z,1996-01-01T00:00:00Z
http://www.wikidata.org/entity/Q1122632,http://www.wikidata.org/entity/Q3626885,AS Lodigiani,21.0,2002-01-01T00:00:00Z,2003-01-01T00:00:00Z
http://www.wikidata.org/entity/Q1122632,http://www.wikidata.org/entity/Q8639,Hellas Vérone Football Club,170.0,1990-01-01T00:00:00Z,1995-01-01T00:00:00Z
http://www.wikidata.org/entity/Q1122632,http://www.wikidata.org/entity/Q2739,AS Rome,,1985-01-01T00:00:00Z,1987-01-01T00:00:00Z
http://www.wikidata.org/entity/Q1122632,http://www.wikidata.org/entity/Q922698,équipe d'Italie espoirs de football,1.0,1987-01-01T00:00:00Z,1987-01-01T00:00:00Z
http://www.wikidata.org/entity/Q1122632,http://www.wikidata.org/entity/Q2756,Sienne FC,7.0,1998-01-01T00:00:00Z,1999-01-01T00:00:00Z
http://www.wikidata.org/entity/Q1122632,http://www.wikidata.org/entity/Q2158769,Savoia 1908 FC,13.0,2000-01-01T00:00:00Z,2001-01-01T00:00:00Z
http://www.wikidata.org/entity/Q1124577,http://www.wikidata.org/entity/Q105844,DSC Arminia Bielefeld,56.0,2006-01-01T00:00:00Z,2008-01-01T00:00:00Z
http://www.wikidata.org/entity/Q1124577,http://www.wikidata.org/entity/Q159936,Kickers Offenbach,44.0,2010-01-01T00:00:00Z,2013-01-01T00:00:00Z
http://www.wikidata.org/entity/Q1124577,http://www.wikidata.org/entity/Q160530,VfL Osnabrück,23.0,2013-01-01T00:00:00Z,2014-01-01T00:00:00Z
http://www.wikidata.org/entity/Q1124577,http://www.wikidata.org/entity/Q17521353,Arminia Bielefeld II,56.0,2006-01-01T00:00:00Z,2008-01-01T00:00:00Z
http://www.wikidata.org/entity/Q1124577,http://www.wikidata.org/entity/Q819354,KSV Hessen Kassel,53.0,2008-01-01T00:00:00Z,2010-01-01T00:00:00Z
http://www.wikidata.org/entity/Q1124577,http://www.wikidata.org/entity/Q2458681,TuS Dassendorf,,2014-01-01T00:00:00Z,
http://www.wikidata.org/entity/Q1125465,http://www.wikidata.org/entity/Q8466,1. FC Kaiserslautern,90.0,2002-01-01T00:00:00Z,2006-01-01T00:00:00Z
http://www.wikidata.org/entity/Q1125465,http://www.wikidata.org/entity/Q270080,équipe de république démocratique du Congo de football,,1994-01-01T00:00:00Z,2005-01-01T00:00:00Z
http://www.wikidata.org/entity/Q1125465,http://www.wikidata.org/entity/Q646079,K Beerschot AC,17.0,2007-01-01T00:00:00Z,2009-01-01T00:00:00Z
http://www.wikidata.org/entity/Q1125465,http://www.wikidata.org/entity/Q388972,Metalurg Donetsk,14.0,2006-01-01T00:00:00Z,2007-01-01T00:00:00Z
http://www.wikidata.org/entity/Q1125465,http://www.wikidata.org/entity/Q298507,Association Sportive Vita Club,,1991-01-01T00:00:00Z,1992-01-01T00:00:00Z
http://www.wikidata.org/entity/Q1125465,http://www.wikidata.org/entity/Q221940,KSC Lokeren,48.0,1992-01-01T00:00:00Z,1995-01-01T00:00:00Z
http://www.wikidata.org/entity/Q1125465,http://www.wikidata.org/entity/Q18352943,Bingu,,1990-01-01T00:00:00Z,1991-01-01T00:00:00Z
http://www.wikidata.org/entity/Q1125465,http://www.wikidata.org/entity/Q190916,Club Bruges KV,134.0,1995-01-01T00:00:00Z,2002-01-01T00:00:00Z
http://www.wikidata.org/entity/Q1135783,http://www.wikidata.org/entity/Q309095,Revolution de la Nouvelle-Angleterre,25.0,2010-01-01T00:00:00Z,2010-01-01T00:00:00Z
http://www.wikidata.org/entity/Q1135783,http://www.wikidata.org/entity/Q308683,Fire de Chicago,29.0,2011-01-01T00:00:00Z,2012-01-01T00:00:00Z
http://www.wikidata.org/entity/Q1135783,http://www.wikidata.org/entity/Q24904,ADO La Haye,5.0,2006-01-01T00:00:00Z,2006-01-01T00:00:00Z
http://www.wikidata.org/entity/Q1135783,http://www.wikidata.org/entity/Q3892709,Palm Beach Pumas,,2000-01-01T00:00:00Z,2000-01-01T00:00:00Z
http://www.wikidata.org/entity/Q1135783,http://www.wikidata.org/entity/Q24904,ADO La Haye,5.0,2005-01-01T00:00:00Z,2006-01-01T00:00:00Z
http://www.wikidata.org/entity/Q1135783,http://www.wikidata.org/entity/Q642291,FC Dallas,21.0,2004-01-01T00:00:00Z,2004-01-01T00:00:00Z
http://www.wikidata.org/entity/Q1135783,http://www.wikidata.org/entity/Q287804,équipe des États-Unis de soccer des moins de 20 ans,1.0,1999-01-01T00:00:00Z,1999-01-01T00:00:00Z
http://www.wikidata.org/entity/Q1135783,http://www.wikidata.org/entity/Q19462,Charlton Athletic FC,0.0,2006-01-01T00:00:00Z,2008-01-01T00:00:00Z
http://www.wikidata.org/entity/Q1135783,http://www.wikidata.org/entity/Q642408,Rapids du Colorado,29.0,2008-01-01T00:00:00Z,2009-01-01T00:00:00Z
http://www.wikidata.org/entity/Q1135783,http://www.wikidata.org/entity/Q6463,FC Sankt Pauli,60.0,2001-01-01T00:00:00Z,2003-01-01T00:00:00Z
http://www.wikidata.org/entity/Q1135783,http://www.wikidata.org/entity/Q134241,Feyenoord Rotterdam,15.0,2004-01-01T00:00:00Z,2006-01-01T00:00:00Z
http://www.wikidata.org/entity/Q1135783,http://www.wikidata.org/entity/Q164134,équipe des États-Unis de football,19.0,2003-01-01T00:00:00Z,2006-01-01T00:00:00Z
http://www.wikidata.org/entity/Q1138537,http://www.wikidata.org/entity/Q48950,Rotherham United FC,17.0,2007-01-01T00:00:00Z,2007-01-01T00:00:00Z
http://www.wikidata.org/entity/Q1138537,http://www.wikidata.org/entity/Q1571078,Halifax Town AFC,57.0,1990-01-01T00:00:00Z,1991-01-01T00:00:00Z
http://www.wikidata.org/entity/Q1138537,http://www.wikidata.org/entity/Q19601,Oldham Athletic AFC,164.0,1991-01-01T00:00:00Z,1997-01-01T00:00:00Z
http://www.wikidata.org/entity/Q1138537,http://www.wikidata.org/entity/Q18721,Norwich City FC,343.0,1997-01-01T00:00:00Z,2007-01-01T00:00:00Z
http://www.wikidata.org/entity/Q1138537,http://www.wikidata.org/entity/Q19500,Wolverhampton Wanderers F.C.,1.0,2007-01-01T00:00:00Z,2007-01-01T00:00:00Z
http://www.wikidata.org/entity/Q1138537,http://www.wikidata.org/entity/Q2494190,King's Lynn F.C.,,2007-01-01T00:00:00Z,2008-01-01T00:00:00Z
http://www.wikidata.org/entity/Q1138541,http://www.wikidata.org/entity/Q208635,équipe du Canada de soccer,56.0,1988-01-01T00:00:00Z,2002-01-01T00:00:00Z
http://www.wikidata.org/entity/Q1138541,http://www.wikidata.org/entity/Q18747,West Ham United FC,30.0,1997-01-01T00:00:00Z,2002-01-01T00:00:00Z
http://www.wikidata.org/entity/Q1138541,http://www.wikidata.org/entity/Q9616,Chelsea FC,3.0,1996-01-01T00:00:00Z,1997-01-01T00:00:00Z
http://www.wikidata.org/entity/Q1138541,http://www.wikidata.org/entity/Q9653,Ipswich Town FC,263.0,1985-01-01T00:00:00Z,1997-01-01T00:00:00Z
http://www.wikidata.org/entity/Q1138541,http://www.wikidata.org/entity/Q19578,Colchester United FC,11.0,1987-01-01T00:00:00Z,1988-01-01T00:00:00Z
http://www.wikidata.org/entity/Q1140306,http://www.wikidata.org/entity/Q1187790,équipe d'Argentine des moins de 20 ans de football,7.0,2006-01-01T00:00:00Z,2006-01-01T00:00:00Z
http://www.wikidata.org/entity/Q1140306,http://www.wikidata.org/entity/Q327172,CA Huracán,14.0,2011-01-01T00:00:00Z,2011-01-01T00:00:00Z
http://www.wikidata.org/entity/Q1140306,http://www.wikidata.org/entity/Q220621,Argentinos Juniors,5.0,2013-01-01T00:00:00Z,2013-01-01T00:00:00Z
http://www.wikidata.org/entity/Q1140306,http://www.wikidata.org/entity/Q692646,CA Banfield,41.0,2006-01-01T00:00:00Z,2007-01-01T00:00:00Z
http://www.wikidata.org/entity/Q1140306,http://www.wikidata.org/entity/Q29112,Spartak Moscou,34.0,2008-01-01T00:00:00Z,2011-01-01T00:00:00Z
http://www.wikidata.org/entity/Q1140306,http://www.wikidata.org/entity/Q12249,Recreativo de Huelva,17.0,2009-01-01T00:00:00Z,2009-01-01T00:00:00Z
http://www.wikidata.org/entity/Q1140306,http://www.wikidata.org/entity/Q328313,Dynamo de Houston,,2015-01-01T00:00:00Z,
http://www.wikidata.org/entity/Q1140306,http://www.wikidata.org/entity/Q689874,Union de Philadelphie,54.0,2014-01-01T00:00:00Z,2015-01-01T00:00:00Z
http://www.wikidata.org/entity/Q1140306,http://www.wikidata.org/entity/Q849949,CF Atlante,25.0,2012-01-01T00:00:00Z,2013-01-01T00:00:00Z
http://www.wikidata.org/entity/Q1140306,http://www.wikidata.org/entity/Q719439,Club Social de Deportes Rangers,31.0,2011-01-01T00:00:00Z,2014-01-01T00:00:00Z
http://www.wikidata.org/entity/Q1140306,http://www.wikidata.org/entity/Q328313,Dynamo de Houston,,2016-01-01T00:00:00Z,
http://www.wikidata.org/entity/Q1146567,http://www.wikidata.org/entity/Q141882,FC Erzgebirge Aue,36.0,2009-01-01T00:00:00Z,2010-01-01T00:00:00Z
http://www.wikidata.org/entity/Q1146567,http://www.wikidata.org/entity/Q314851,équipe d'Allemagne espoirs de football,30.0,1999-01-01T00:00:00Z,2001-01-01T00:00:00Z
http://www.wikidata.org/entity/Q1146567,http://www.wikidata.org/entity/Q639525,SV Sandhausen,40.0,2007-01-01T00:00:00Z,2008-01-01T00:00:00Z
http://www.wikidata.org/entity/Q1146567,http://www.wikidata.org/entity/Q609926,Sportfreunde Siegen,66.0,2004-01-01T00:00:00Z,2007-01-01T00:00:00Z
http://www.wikidata.org/entity/Q1146567,http://www.wikidata.org/entity/Q161034,SV Wacker Burghausen,16.0,2002-01-01T00:00:00Z,2003-01-01T00:00:00Z
http://www.wikidata.org/entity/Q1146567,http://www.wikidata.org/entity/Q8466,1. FC Kaiserslautern,2.0,1995-01-01T00:00:00Z,2001-01-01T00:00:00Z
http://www.wikidata.org/entity/Q1146567,http://www.wikidata.org/entity/Q819419,VfR Wormatia Worms,,2010-01-01T00:00:00Z,
http://www.wikidata.org/entity/Q1146567,http://www.wikidata.org/entity/Q157463,1. FC Sarrebruck,20.0,2001-01-01T00:00:00Z,2002-01-01T00:00:00Z
http://www.wikidata.org/entity/Q1148689,http://www.wikidata.org/entity/Q1132418,FC Martigues,25.0,2000-01-01T00:00:00Z,2002-01-01T00:00:00Z
http://www.wikidata.org/entity/Q1148689,http://www.wikidata.org/entity/Q19513,Montpellier Hérault SC,28.0,1998-01-01T00:00:00Z,2000-01-01T00:00:00Z
http://www.wikidata.org/entity/Q1148689,http://www.wikidata.org/entity/Q221525,FC Metz,,1988-01-01T00:00:00Z,1998-01-01T00:00:00Z
http://www.wikidata.org/entity/Q1148689,http://www.wikidata.org/entity/Q1024402,CSO Amnéville,10.0,2002-01-01T00:00:00Z,2006-01-01T00:00:00Z
http://www.wikidata.org/entity/Q1150754,http://www.wikidata.org/entity/Q782387,FC Oberneuland,14.0,2008-01-01T00:00:00Z,2009-01-01T00:00:00Z
http://www.wikidata.org/entity/Q1150754,http://www.wikidata.org/entity/Q155452,TuS Coblence,7.0,2009-01-01T00:00:00Z,2010-01-01T00:00:00Z
http://www.wikidata.org/entity/Q1150754,http://www.wikidata.org/entity/Q163421,1. SC Göttingen 05,32.0,2000-01-01T00:00:00Z,2001-01-01T00:00:00Z
http://www.wikidata.org/entity/Q1150754,http://www.wikidata.org/entity/Q321061,FC Sion,8.0,1998-01-01T00:00:00Z,1999-01-01T00:00:00Z
http://www.wikidata.org/entity/Q1150754,http://www.wikidata.org/entity/Q7924284,VfL Bochum II,13.0,1999-01-01T00:00:00Z,2000-01-01T00:00:00Z
http://www.wikidata.org/entity/Q1150754,http://www.wikidata.org/entity/Q265570,SSV Jahn Ratisbonne,7.0,2001-01-01T00:00:00Z,2002-01-01T00:00:00Z
http://www.wikidata.org/entity/Q1150754,http://www.wikidata.org/entity/Q632664,RSV Göttingen 05,11.0,2000-01-01T00:00:00Z,2001-01-01T00:00:00Z
http://www.wikidata.org/entity/Q1150754,http://www.wikidata.org/entity/Q479356,SV Henstedt-Ulzburg,,2015-01-01T00:00:00Z,
http://www.wikidata.org/entity/Q1150754,http://www.wikidata.org/entity/Q170134,SV Waldhof Mannheim,20.0,2005-01-01T00:00:00Z,2006-01-01T00:00:00Z
http://www.wikidata.org/entity/Q1150754,http://www.wikidata.org/entity/Q162220,1. FC Eschborn,18.0,2006-01-01T00:00:00Z,2007-01-01T00:00:00Z
http://www.wikidata.org/entity/Q1150754,http://www.wikidata.org/entity/Q125330,Bontang FC,,2011-01-01T00:00:00Z,2013-01-01T00:00:00Z
http://www.wikidata.org/entity/Q1150754,http://www.wikidata.org/entity/Q161554,Chemnitzer FC,20.0,2002-01-01T00:00:00Z,2003-01-01T00:00:00Z
http://www.wikidata.org/entity/Q1150754,http://www.wikidata.org/entity/Q937753,Persitara Jakarta Utara,20.0,2010-01-01T00:00:00Z,2012-01-01T00:00:00Z
http://www.wikidata.org/entity/Q1150754,http://www.wikidata.org/entity/Q2208634,SV Rugenbergen,5.0,2014-01-01T00:00:00Z,2015-01-01T00:00:00Z
http://www.wikidata.org/entity/Q1150754,http://www.wikidata.org/entity/Q692755,SG Sonnenhof Großaspach,8.0,2007-01-01T00:00:00Z,2008-01-01T00:00:00Z
http://www.wikidata.org/entity/Q1150754,http://www.wikidata.org/entity/Q74030,Football Bourg-en-Bresse Péronnas 01,16.0,2003-01-01T00:00:00Z,2004-01-01T00:00:00Z
http://www.wikidata.org/entity/Q1150754,http://www.wikidata.org/entity/Q1251306,Falke Markt Schwaben,,2013-01-01T00:00:00Z,2014-01-01T00:00:00Z
http://www.wikidata.org/entity/Q1150754,http://www.wikidata.org/entity/Q101859,VfL Wolfsburg,18.0,2004-01-01T00:00:00Z,2005-01-01T00:00:00Z
http://www.wikidata.org/entity/Q1150828,http://www.wikidata.org/entity/Q274465,Esporte Clube Vitória,8.0,2004-01-01T00:00:00Z,2005-01-01T00:00:00Z
http://www.wikidata.org/entity/Q1150828,http://www.wikidata.org/entity/Q428211,Al-Gharafa Sports Club,9.0,2015-01-01T00:00:00Z,2015-01-01T00:00:00Z
http://www.wikidata.org/entity/Q1150828,http://www.wikidata.org/entity/Q80955,Santos FC,40.0,2013-01-01T00:00:00Z,2014-01-01T00:00:00Z
http://www.wikidata.org/entity/Q1150828,http://www.wikidata.org/entity/Q218334,Figueirense Futebol Clube,33.0,2006-01-01T00:00:00Z,2006-01-01T00:00:00Z
http://www.wikidata.org/entity/Q1150828,http://www.wikidata.org/entity/Q38568,São Paulo FC,57.0,2011-01-01T00:00:00Z,2012-01-01T00:00:00Z
http://www.wikidata.org/entity/Q1150828,http://www.wikidata.org/entity/Q101859,VfL Wolfsburg,13.0,2010-01-01T00:00:00Z,2011-01-01T00:00:00Z
http://www.wikidata.org/entity/Q1150828,http://www.wikidata.org/entity/Q80987,Fluminense FC,80.0,2007-01-01T00:00:00Z,2008-01-01T00:00:00Z
http://www.wikidata.org/entity/Q1150828,http://www.wikidata.org/entity/Q198032,EC Bahia,7.0,2004-01-01T00:00:00Z,2005-01-01T00:00:00Z
http://www.wikidata.org/entity/Q1150828,http://www.wikidata.org/entity/Q83459,équipe du Brésil de football,0.0,2010-01-01T00:00:00Z,2010-01-01T00:00:00Z
http://www.wikidata.org/entity/Q1150828,http://www.wikidata.org/entity/Q80987,Fluminense FC,20.0,2014-01-01T00:00:00Z,2015-01-01T00:00:00Z
http://www.wikidata.org/entity/Q1150828,http://www.wikidata.org/entity/Q102720,Hertha BSC,63.0,2008-01-01T00:00:00Z,2010-01-01T00:00:00Z
http://www.wikidata.org/entity/Q1150828,http://www.wikidata.org/entity/Q1138634,Tombense Futebol Clube,0.0,2006-01-01T00:00:00Z,2014-01-01T00:00:00Z
http://www.wikidata.org/entity/Q1151158,http://www.wikidata.org/entity/Q647893,SV Eintracht Trèves 1905,65.0,2003-01-01T00:00:00Z,2005-01-01T00:00:00Z
http://www.wikidata.org/entity/Q1151158,http://www.wikidata.org/entity/Q819382,VfB Borussia Neunkirchen,33.0,1994-01-01T00:00:00Z,1998-01-01T00:00:00Z
http://www.wikidata.org/entity/Q1151158,http://www.wikidata.org/entity/Q692691,SV Elversberg,29.0,1998-01-01T00:00:00Z,1999-01-01T00:00:00Z
http://www.wikidata.org/entity/Q1151158,http://www.wikidata.org/entity/Q6463,FC Sankt Pauli,14.0,2001-01-01T00:00:00Z,2003-01-01T00:00:00Z
http://www.wikidata.org/entity/Q1151158,http://www.wikidata.org/entity/Q819382,VfB Borussia Neunkirchen,17.0,2011-01-01T00:00:00Z,2012-01-01T00:00:00Z
http://www.wikidata.org/entity/Q1151158,http://www.wikidata.org/entity/Q155730,1. FC Magdebourg,60.0,2008-01-01T00:00:00Z,2010-01-01T00:00:00Z
http://www.wikidata.org/entity/Q1151158,http://www.wikidata.org/entity/Q170125,Rot Weiss Ahlen,28.0,2005-01-01T00:00:00Z,2006-01-01T00:00:00Z
http://www.wikidata.org/entity/Q1151158,http://www.wikidata.org/entity/Q161074,FC Sachsen Leipzig,40.0,2006-01-01T00:00:00Z,2008-01-01T00:00:00Z
http://www.wikidata.org/entity/Q1151158,http://www.wikidata.org/entity/Q647893,SV Eintracht Trèves 1905,69.0,1999-01-01T00:00:00Z,2001-01-01T00:00:00Z
http://www.wikidata.org/entity/Q1154493,http://www.wikidata.org/entity/Q387224,Football Club Fiorentino,1.0,2012-01-01T00:00:00Z,2012-01-01T00:00:00Z
http://www.wikidata.org/entity/Q1154493,http://www.wikidata.org/entity/Q742685,San Marino Calcio,2.0,2006-01-01T00:00:00Z,2007-01-01T00:00:00Z
http://www.wikidata.org/entity/Q1154493,http://www.wikidata.org/entity/Q185350,équipe de Saint-Marin de football,,2007-01-01T00:00:00Z,
http://www.wikidata.org/entity/Q1154493,http://www.wikidata.org/entity/Q742685,San Marino Calcio,2.0,2005-01-01T00:00:00Z,2006-01-01T00:00:00Z
http://www.wikidata.org/entity/Q1154493,http://www.wikidata.org/entity/Q6703,Empoli Football Club,0.0,2006-01-01T00:00:00Z,2006-01-01T00:00:00Z
http://www.wikidata.org/entity/Q1154493,http://www.wikidata.org/entity/Q7116974,P.D. Castellarano,17.0,2010-01-01T00:00:00Z,2010-01-01T00:00:00Z
http://www.wikidata.org/entity/Q1154493,http://www.wikidata.org/entity/Q3963745,S.S. Real Montecchio,30.0,2008-01-01T00:00:00Z,2009-01-01T00:00:00Z
http://www.wikidata.org/entity/Q1154493,http://www.wikidata.org/entity/Q4647303,A.S.D. Cagliese Calcio,26.0,2007-01-01T00:00:00Z,2008-01-01T00:00:00Z
http://www.wikidata.org/entity/Q1154493,http://www.wikidata.org/entity/Q742685,San Marino Calcio,1.0,2009-01-01T00:00:00Z,2010-01-01T00:00:00Z
http://www.wikidata.org/entity/Q1154493,http://www.wikidata.org/entity/Q742685,San Marino Calcio,18.0,2010-01-01T00:00:00Z,2012-01-01T00:00:00Z
http://www.wikidata.org/entity/Q1155889,http://www.wikidata.org/entity/Q286191,Al-Qadsiah Football Club,29.0,2023-01-01T00:00:00Z,2024-01-01T00:00:00Z
http://www.wikidata.org/entity/Q1155889,http://www.wikidata.org/entity/Q73965,Al-Hilal SFC,129.0,2018-01-01T00:00:00Z,2023-01-01T00:00:00Z
http://www.wikidata.org/entity/Q1155889,http://www.wikidata.org/entity/Q2714,Watford Football Club,28.0,2017-01-01T00:00:00Z,2018-01-01T00:00:00Z
http://www.wikidata.org/entity/Q1155889,http://www.wikidata.org/entity/Q3273941,équipe du Pérou de football des moins de 20 ans,4.0,2011-01-01T00:00:00Z,2011-01-01T00:00:00Z
http://www.wikidata.org/entity/Q1155889,http://www.wikidata.org/entity/Q75729,Sporting Clube de Portugal,110.0,2011-01-01T00:00:00Z,2016-01-01T00:00:00Z
http://www.wikidata.org/entity/Q1155889,http://www.wikidata.org/entity/Q131499,SL Benfica,20.0,2016-01-01T00:00:00Z,2019-01-01T00:00:00Z
http://www.wikidata.org/entity/Q1155889,http://www.wikidata.org/entity/Q212166,équipe du Pérou de football,103.0,2011-01-01T00:00:00Z,
http://www.wikidata.org/entity/Q1155889,http://www.wikidata.org/entity/Q35933,Corinthians Paulista,44.0,2024-01-01T00:00:00Z,
http://www.wikidata.org/entity/Q1155889,http://www.wikidata.org/entity/Q572957,Club Alianza Lima,21.0,2009-01-01T00:00:00Z,2011-01-01T00:00:00Z
http://www.wikidata.org/entity/Q1158330,http://www.wikidata.org/entity/Q639482,SV Arminia Hanovre,14.0,2007-01-01T00:00:00Z,2007-01-01T00:00:00Z
http://www.wikidata.org/entity/Q1158330,http://www.wikidata.org/entity/Q1501893,SV Wilhelmshaven,25.0,1999-01-01T00:00:00Z,2000-01-01T00:00:00Z
http://www.wikidata.org/entity/Q1158330,http://www.wikidata.org/entity/Q33748,Hanovre 96,0.0,2004-01-01T00:00:00Z,2005-01-01T00:00:00Z
http://www.wikidata.org/entity/Q1158330,http://www.wikidata.org/entity/Q157828,SV Holstein Kiel,3.0,2007-01-01T00:00:00Z,2008-01-01T00:00:00Z
http://www.wikidata.org/entity/Q1158330,http://www.wikidata.org/entity/Q33748,Hanovre 96,32.0,2001-01-01T00:00:00Z,2003-01-01T00:00:00Z
http://www.wikidata.org/entity/Q1158330,http://www.wikidata.org/entity/Q265570,SSV Jahn Ratisbonne,,2009-01-01T00:00:00Z,2009-01-01T00:00:00Z
http://www.wikidata.org/entity/Q1158330,http://www.wikidata.org/entity/Q819400,SV Meppen,18.0,2008-01-01T00:00:00Z,2008-01-01T00:00:00Z
http://www.wikidata.org/entity/Q1158330,http://www.wikidata.org/entity/Q310621,SV Wehen Wiesbaden,4.0,2005-01-01T00:00:00Z,2006-01-01T00:00:00Z
http://www.wikidata.org/entity/Q1158330,http://www.wikidata.org/entity/Q479306,VfB Hüls,3.0,2006-01-01T00:00:00Z,2007-01-01T00:00:00Z
http://www.wikidata.org/entity/Q1158330,http://www.wikidata.org/entity/Q885009,FC Kempten,,2009-01-01T00:00:00Z,2011-01-01T00:00:00Z
http://www.wikidata.org/entity/Q1158330,http://www.wikidata.org/entity/Q4107588,SV Werder Bremen II,14.0,2000-01-01T00:00:00Z,2001-01-01T00:00:00Z
http://www.wikidata.org/entity/Q1158330,http://www.wikidata.org/entity/Q160530,VfL Osnabrück,6.0,2004-01-01T00:00:00Z,2004-01-01T00:00:00Z
http://www.wikidata.org/entity/Q1158330,http://www.wikidata.org/entity/Q137499,FC Hombourg,54.0,1996-01-01T00:00:00Z,1999-01-01T00:00:00Z
http://www.wikidata.org/entity/Q1158567,http://www.wikidata.org/entity/Q289707,AC Reggiana,5.0,2002-01-01T00:00:00Z,2002-01-01T00:00:00Z
http://www.wikidata.org/entity/Q1158567,http://www.wikidata.org/entity/Q15799,Club Atlético River Plate,6.0,2002-01-01T00:00:00Z,2002-01-01T00:00:00Z
http://www.wikidata.org/entity/Q1158567,http://www.wikidata.org/entity/Q8476,Reggina 1914,5.0,2001-01-01T00:00:00Z,2001-01-01T00:00:00Z
http://www.wikidata.org/entity/Q1158567,http://www.wikidata.org/entity/Q736937,CF Pachuca,140.0,2006-01-01T00:00:00Z,2010-01-01T00:00:00Z
http://www.wikidata.org/entity/Q1158567,http://www.wikidata.org/entity/Q849823,Tigres de la UANL,,2010-01-01T00:00:00Z,
http://www.wikidata.org/entity/Q1158567,http://www.wikidata.org/entity/Q164089,équipe du Mexique de football,2.0,2012-01-01T00:00:00Z,2013-01-01T00:00:00Z
http://www.wikidata.org/entity/Q1158567,http://www.wikidata.org/entity/Q1480985,Club Atlético Morelia,118.0,2003-01-01T00:00:00Z,2006-01-01T00:00:00Z
http://www.wikidata.org/entity/Q1158567,http://www.wikidata.org/entity/Q15799,Club Atlético River Plate,54.0,1998-01-01T00:00:00Z,2001-01-01T00:00:00Z
http://www.wikidata.org/entity/Q1160825,http://www.wikidata.org/entity/Q192641,Trabzonspor,17.0,2002-01-01T00:00:00Z,2004-01-01T00:00:00Z
http://www.wikidata.org/entity/Q1160825,http://www.wikidata.org/entity/Q483020,Paris Saint-Germain FC,35.0,1994-01-01T00:00:00Z,1996-01-01T00:00:00Z
http://www.wikidata.org/entity/Q1160825,http://www.wikidata.org/entity/Q272712,Çaykur Rizespor,52.0,2000-01-01T00:00:00Z,2002-01-01T00:00:00Z
http://www.wikidata.org/entity/Q1160825,http://www.wikidata.org/entity/Q296050,AO Kavala,,2006-01-01T00:00:00Z,2007-01-01T00:00:00Z
http://www.wikidata.org/entity/Q1160825,http://www.wikidata.org/entity/Q182876,AJ Auxerre,28.0,1998-01-01T00:00:00Z,1999-01-01T00:00:00Z
http://www.wikidata.org/entity/Q1160825,http://www.wikidata.org/entity/Q19516,Lille OSC,21.0,1989-01-01T00:00:00Z,1991-01-01T00:00:00Z
http://www.wikidata.org/entity/Q1160825,http://www.wikidata.org/entity/Q747693,Louhans-Cuiseaux FC,33.0,1991-01-01T00:00:00Z,1992-01-01T00:00:00Z
http://www.wikidata.org/entity/Q1160825,http://www.wikidata.org/entity/Q1457,UC Sampdoria,28.0,1996-01-01T00:00:00Z,1998-01-01T00:00:00Z
http://www.wikidata.org/entity/Q1160825,http://www.wikidata.org/entity/Q420755,Akratitos Liosion,10.0,2005-01-01T00:00:00Z,2006-01-01T00:00:00Z
http://www.wikidata.org/entity/Q1160825,http://www.wikidata.org/entity/Q608988,CS Sedan Ardennes,17.0,1999-01-01T00:00:00Z,2000-01-01T00:00:00Z
http://www.wikidata.org/entity/Q1160825,http://www.wikidata.org/entity/Q297363,Association sportive et culturelle Jeanne d'Arc,,1989-01-01T00:00:00Z,1989-01-01T00:00:00Z
http://www.wikidata.org/entity/Q1160825,http://www.wikidata.org/entity/Q513840,Konyaspor,24.0,2004-01-01T00:00:00Z,2005-01-01T00:00:00Z
http://www.wikidata.org/entity/Q1160825,http://www.wikidata.org/entity/Q19516,Lille OSC,62.0,1992-01-01T00:00:00Z,1994-01-01T00:00:00Z
http://www.wikidata.org/entity/Q1161275,http://www.wikidata.org/entity/Q1772776,équipe du Portugal de football des moins de 20 ans,8.0,2008-01-01T00:00:00Z,2008-01-01T00:00:00Z
http://www.wikidata.org/entity/Q1161275,http://www.wikidata.org/entity/Q371136,Futebol Clube Paços de Ferreira,13.0,2010-01-01T00:00:00Z,2010-01-01T00:00:00Z
http://www.wikidata.org/entity/Q1161275,http://www.wikidata.org/entity/Q131499,SL Benfica,,2014-01-01T00:00:00Z,
http://www.wikidata.org/entity/Q1161275,http://www.wikidata.org/entity/Q1630430,équipe du Portugal espoirs de football,15.0,2008-01-01T00:00:00Z,2010-01-01T00:00:00Z
http://www.wikidata.org/entity/Q1161275,http://www.wikidata.org/entity/Q128446,Futebol Clube do Porto,4.0,2007-01-01T00:00:00Z,2010-01-01T00:00:00Z
http://www.wikidata.org/entity/Q1161275,http://www.wikidata.org/entity/Q221525,FC Metz,,2015-01-01T00:00:00Z,
http://www.wikidata.org/entity/Q1161275,http://www.wikidata.org/entity/Q12249,Recreativo de Huelva,10.0,2009-01-01T00:00:00Z,2010-01-01T00:00:00Z
http://www.wikidata.org/entity/Q1161275,http://www.wikidata.org/entity/Q621120,Portimonense Sporting Clube,28.0,2010-01-01T00:00:00Z,2011-01-01T00:00:00Z
http://www.wikidata.org/entity/Q1161275,http://www.wikidata.org/entity/Q12249,Recreativo de Huelva,10.0,2009-01-01T00:00:00Z,2009-01-01T00:00:00Z
http://www.wikidata.org/entity/Q1161275,http://www.wikidata.org/entity/Q8812,Grenade CF,11.0,2015-01-01T00:00:00Z,2015-01-01T00:00:00Z
http://www.wikidata.org/entity/Q1161275,http://www.wikidata.org/entity/Q15786,1. FC Nuremberg,16.0,2014-01-01T00:00:00Z,2015-01-01T00:00:00Z
http://www.wikidata.org/entity/Q1161275,http://www.wikidata.org/entity/Q216459,Clube Desportivo Nacional,,2011-01-01T00:00:00Z,2014-01-01T00:00:00Z
http://www.wikidata.org/entity/Q1161275,http://www.wikidata.org/entity/Q1429473,Varzim Sport Club,27.0,2007-01-01T00:00:00Z,2008-01-01T00:00:00Z
http://www.wikidata.org/entity/Q1238218,http://www.wikidata.org/entity/Q314851,équipe d'Allemagne espoirs de football,,2014-01-01T00:00:00Z,
http://www.wikidata.org/entity/Q1249534,http://www.wikidata.org/entity/Q661543,Droylsden Football Club,,2012-01-01T00:00:00Z,
http://www.wikidata.org/entity/Q1249534,http://www.wikidata.org/entity/Q19451,Bolton Wanderers FC,0.0,2006-01-01T00:00:00Z,2009-01-01T00:00:00Z
http://www.wikidata.org/entity/Q1250853,http://www.wikidata.org/entity/Q24904,ADO La Haye,69.0,2003-01-01T00:00:00Z,2006-01-01T00:00:00Z
http://www.wikidata.org/entity/Q1250853,http://www.wikidata.org/entity/Q390256,Dunfermline Athletic Football Club,23.0,2006-01-01T00:00:00Z,2007-01-01T00:00:00Z
http://www.wikidata.org/entity/Q1250853,http://www.wikidata.org/entity/Q1071713,SC Telstar,81.0,1999-01-01T00:00:00Z,2003-01-01T00:00:00Z
http://www.wikidata.org/entity/Q1250853,http://www.wikidata.org/entity/Q19490,Nottingham Forest FC,,2013-01-01T00:00:00Z,
http://www.wikidata.org/entity/Q1250853,http://www.wikidata.org/entity/Q19500,Wolverhampton Wanderers F.C.,14.0,2011-01-01T00:00:00Z,2013-01-01T00:00:00Z
http://www.wikidata.org/entity/Q1250853,http://www.wikidata.org/entity/Q18659,Swansea City AFC,181.0,2007-01-01T00:00:00Z,2011-01-01T00:00:00Z
http://www.wikidata.org/entity/Q1253294,http://www.wikidata.org/entity/Q608988,CS Sedan Ardennes,31.0,1999-01-01T00:00:00Z,2000-01-01T00:00:00Z
http://www.wikidata.org/entity/Q1253294,http://www.wikidata.org/entity/Q19521,AS Saint-Étienne,49.0,2000-01-01T00:00:00Z,2002-01-01T00:00:00Z
http://www.wikidata.org/entity/Q1253294,http://www.wikidata.org/entity/Q19509,Stade rennais FC,223.0,1991-01-01T00:00:00Z,1999-01-01T00:00:00Z
http://www.wikidata.org/entity/Q1254629,http://www.wikidata.org/entity/Q14551982,SSV Ulm 1846 Fußball,239.0,1992-01-01T00:00:00Z,2002-01-01T00:00:00Z
http://www.wikidata.org/entity/Q1255357,http://www.wikidata.org/entity/Q1882874,Worcester City FC,10.0,2005-01-01T00:00:00Z,2006-01-01T00:00:00Z
http://www.wikidata.org/entity/Q1255357,http://www.wikidata.org/entity/Q18660,Altrincham Football Club,6.0,2011-01-01T00:00:00Z,2011-01-01T00:00:00Z
http://www.wikidata.org/entity/Q1255357,http://www.wikidata.org/entity/Q19607,Sheffield United FC,0.0,2006-01-01T00:00:00Z,2010-01-01T00:00:00Z
http://www.wikidata.org/entity/Q1255357,http://www.wikidata.org/entity/Q9426,Stevenage FC,13.0,2013-01-01T00:00:00Z,2014-01-01T00:00:00Z
http://www.wikidata.org/entity/Q1255357,http://www.wikidata.org/entity/Q18521,Macclesfield Town Football Club,100.0,2010-01-01T00:00:00Z,2013-01-01T00:00:00Z
http://www.wikidata.org/entity/Q1255357,http://www.wikidata.org/entity/Q18512,Forest Green Rovers Football Club,,2014-01-01T00:00:00Z,
http://www.wikidata.org/entity/Q1255357,http://www.wikidata.org/entity/Q208396,Ferencvárosi TC,17.0,2009-01-01T00:00:00Z,2010-01-01T00:00:00Z
http://www.wikidata.org/entity/Q1255357,http://www.wikidata.org/entity/Q4202306,équipe d'Angleterre de football C,1.0,2013-01-01T00:00:00Z,2013-01-01T00:00:00Z
http://www.wikidata.org/entity/Q1255357,http://www.wikidata.org/entity/Q18522,Mansfield Town FC,1.0,2008-01-01T00:00:00Z,2008-01-01T00:00:00Z
http://www.wikidata.org/entity/Q1255645,http://www.wikidata.org/entity/Q2253360,Andorra CF,,2014-01-01T00:00:00Z,
http://www.wikidata.org/entity/Q1255645,http://www.wikidata.org/entity/Q4654460,AS Korofina,,2009-01-01T00:00:00Z,2010-01-01T00:00:00Z
http://www.wikidata.org/entity/Q1255645,http://www.wikidata.org/entity/Q4076084,Bakú Hellín Deportivo,,2013-01-01T00:00:00Z,2014-01-01T00:00:00Z
http://www.wikidata.org/entity/Q1255645,http://www.wikidata.org/entity/Q1069960,Chengdu Blades,7.0,2006-01-01T00:00:00Z,2006-01-01T00:00:00Z
http://www.wikidata.org/entity/Q1255645,http://www.wikidata.org/entity/Q1069960,Chengdu Blades,1.0,2007-01-01T00:00:00Z,2007-01-01T00:00:00Z
http://www.wikidata.org/entity/Q1255645,http://www.wikidata.org/entity/Q2120298,Deportivo Rayo Cantabria,,2012-01-01T00:00:00Z,2013-01-01T00:00:00Z
http://www.wikidata.org/entity/Q1255645,http://www.wikidata.org/entity/Q19607,Sheffield United FC,3.0,2006-01-01T00:00:00Z,2009-01-01T00:00:00Z
http://www.wikidata.org/entity/Q1255645,http://www.wikidata.org/entity/Q1139956,Shenzhen FC,1.0,2007-01-01T00:00:00Z,2007-01-01T00:00:00Z
http://www.wikidata.org/entity/Q1255645,http://www.wikidata.org/entity/Q208396,Ferencvárosi TC,12.0,2008-01-01T00:00:00Z,2009-01-01T00:00:00Z
http://www.wikidata.org/entity/Q1255645,http://www.wikidata.org/entity/Q843396,Racing de Ferrol,,2010-01-01T00:00:00Z,2012-01-01T00:00:00Z
http://www.wikidata.org/entity/Q1262107,http://www.wikidata.org/entity/Q284281,Al-Wakrah Sports Club,15.0,2007-01-01T00:00:00Z,2008-01-01T00:00:00Z
http://www.wikidata.org/entity/Q1262107,http://www.wikidata.org/entity/Q655036,Unione Sportiva Viterbese 1908,10.0,1999-01-01T00:00:00Z,2000-01-01T00:00:00Z
http://www.wikidata.org/entity/Q1262107,http://www.wikidata.org/entity/Q13381,Unione Sportiva Triestina Calcio 1918,41.0,2002-01-01T00:00:00Z,2004-01-01T00:00:00Z
http://www.wikidata.org/entity/Q1262107,http://www.wikidata.org/entity/Q2703612,Pro Sesto 1913,0.0,1995-01-01T00:00:00Z,1997-01-01T00:00:00Z
http://www.wikidata.org/entity/Q1262107,http://www.wikidata.org/entity/Q276089,équipe de Libye de football,34.0,1999-01-01T00:00:00Z,2006-01-01T00:00:00Z
http://www.wikidata.org/entity/Q1262107,http://www.wikidata.org/entity/Q2018,Catania Football Club,16.0,2000-01-01T00:00:00Z,2001-01-01T00:00:00Z
http://www.wikidata.org/entity/Q1262107,http://www.wikidata.org/entity/Q9617,Arsenal FC,0.0,1997-01-01T00:00:00Z,1998-01-01T00:00:00Z
http://www.wikidata.org/entity/Q1262107,http://www.wikidata.org/entity/Q1570559,L'Aquila Calcio 1927,12.0,2001-01-01T00:00:00Z,2002-01-01T00:00:00Z
http://www.wikidata.org/entity/Q1262107,http://www.wikidata.org/entity/Q16344,AC Pérouse Calcio,15.0,2004-01-01T00:00:00Z,2005-01-01T00:00:00Z
http://www.wikidata.org/entity/Q1262107,http://www.wikidata.org/entity/Q19456,Bristol City Football Club,0.0,1998-01-01T00:00:00Z,1999-01-01T00:00:00Z
http://www.wikidata.org/entity/Q1262107,http://www.wikidata.org/entity/Q6703,Empoli Football Club,0.0,1999-01-01T00:00:00Z,1999-01-01T00:00:00Z
http://www.wikidata.org/entity/Q1262107,http://www.wikidata.org/entity/Q429501,Al-Ittihad Tripoli,,2008-01-01T00:00:00Z,2011-01-01T00:00:00Z
http://www.wikidata.org/entity/Q1262107,http://www.wikidata.org/entity/Q611222,Trévise F.B.C. 1993,13.0,2005-01-01T00:00:00Z,2007-01-01T00:00:00Z
http://www.wikidata.org/entity/Q1263511,http://www.wikidata.org/entity/Q388487,Şanlıurfaspor,5.0,2013-01-01T00:00:00Z,2013-01-01T00:00:00Z
http://www.wikidata.org/entity/Q1263511,http://www.wikidata.org/entity/Q33748,Hanovre 96,27.0,2010-01-01T00:00:00Z,2011-01-01T00:00:00Z
http://www.wikidata.org/entity/Q1263511,http://www.wikidata.org/entity/Q1398111,Fatih Karagümrük SK,,2014-01-01T00:00:00Z,2016-01-01T00:00:00Z
http://www.wikidata.org/entity/Q1263511,http://www.wikidata.org/entity/Q643107,Denizlispor,16.0,2013-01-01T00:00:00Z,2014-01-01T00:00:00Z
http://www.wikidata.org/entity/Q1263511,http://www.wikidata.org/entity/Q748445,Eskişehirspor,1.0,2011-01-01T00:00:00Z,2014-01-01T00:00:00Z
http://www.wikidata.org/entity/Q1273569,http://www.wikidata.org/entity/Q155218,Rot-Weiss Essen,23.0,2004-01-01T00:00:00Z,2005-01-01T00:00:00Z
http://www.wikidata.org/entity/Q1273569,http://www.wikidata.org/entity/Q159936,Kickers Offenbach,11.0,2007-01-01T00:00:00Z,2008-01-01T00:00:00Z
http://www.wikidata.org/entity/Q1273569,http://www.wikidata.org/entity/Q160530,VfL Osnabrück,71.0,2001-01-01T00:00:00Z,2004-01-01T00:00:00Z
http://www.wikidata.org/entity/Q1273569,http://www.wikidata.org/entity/Q107818,FC Energie Cottbus,29.0,2005-01-01T00:00:00Z,2007-01-01T00:00:00Z
http://www.wikidata.org/entity/Q1273569,http://www.wikidata.org/entity/Q666067,Sportfreunde Lotte,16.0,2009-01-01T00:00:00Z,2011-01-01T00:00:00Z
http://www.wikidata.org/entity/Q1273569,http://www.wikidata.org/entity/Q1052219,Ceará Sporting Club,,1998-01-01T00:00:00Z,2001-01-01T00:00:00Z
http://www.wikidata.org/entity/Q1279869,http://www.wikidata.org/entity/Q2018,Catania Football Club,89.0,2012-01-01T00:00:00Z,2015-01-01T00:00:00Z
http://www.wikidata.org/entity/Q1279869,http://www.wikidata.org/entity/Q18640,Gimnasia La Plata,68.0,2008-01-01T00:00:00Z,2011-01-01T00:00:00Z
http://www.wikidata.org/entity/Q1279869,http://www.wikidata.org/entity/Q327172,CA Huracán,,2023-01-01T00:00:00Z,
http://www.wikidata.org/entity/Q1279869,http://www.wikidata.org/entity/Q2037,Associazione Calcio ChievoVerona,,2015-01-01T00:00:00Z,
http://www.wikidata.org/entity/Q1279869,http://www.wikidata.org/entity/Q276533,Racing Club de Avellaneda,26.0,2011-01-01T00:00:00Z,2012-01-01T00:00:00Z
http://www.wikidata.org/entity/Q1279879,http://www.wikidata.org/entity/Q1279917,Pistoiese Football Club,,2001-01-01T00:00:00Z,2001-01-01T00:00:00Z
http://www.wikidata.org/entity/Q1279879,http://www.wikidata.org/entity/Q289713,Rimini Football Club,39.0,2014-01-01T00:00:00Z,2016-01-01T00:00:00Z
http://www.wikidata.org/entity/Q1279879,http://www.wikidata.org/entity/Q2276413,Virtus Entella,10.0,2013-01-01T00:00:00Z,2014-01-01T00:00:00Z
http://www.wikidata.org/entity/Q1279879,http://www.wikidata.org/entity/Q297430,S.S. Arezzo,47.0,2000-01-01T00:00:00Z,2002-01-01T00:00:00Z
http://www.wikidata.org/entity/Q1279879,http://www.wikidata.org/entity/Q6767,US Livourne 1915,12.0,2000-01-01T00:00:00Z,2000-01-01T00:00:00Z
http://www.wikidata.org/entity/Q1279879,http://www.wikidata.org/entity/Q2074,Genoa CFC,10.0,1996-01-01T00:00:00Z,1998-01-01T00:00:00Z
http://www.wikidata.org/entity/Q1279879,http://www.wikidata.org/entity/Q7863009,U.S.D. Calcio Delta Porto Tolle,5.0,2016-01-01T00:00:00Z,
http://www.wikidata.org/entity/Q1279879,http://www.wikidata.org/entity/Q2018,Catania Football Club,86.0,2009-01-01T00:00:00Z,2013-01-01T00:00:00Z
http://www.wikidata.org/entity/Q1279879,http://www.wikidata.org/entity/Q289713,Rimini Football Club,278.0,2002-01-01T00:00:00Z,2009-01-01T00:00:00Z
http://www.wikidata.org/entity/Q1279879,http://www.wikidata.org/entity/Q8623,Ternana Unicusano Calcio,24.0,1994-01-01T00:00:00Z,1996-01-01T00:00:00Z
http://www.wikidata.org/entity/Q1279879,http://www.wikidata.org/entity/Q918146,SP La Fiorita,,2015-01-01T00:00:00Z,2015-01-01T00:00:00Z
http://www.wikidata.org/entity/Q1279879,http://www.wikidata.org/entity/Q610621,Carpi Football Club 1909,18.0,1998-01-01T00:00:00Z,1998-01-01T00:00:00Z
http://www.wikidata.org/entity/Q1279879,http://www.wikidata.org/entity/Q1279917,Pistoiese Football Club,42.0,1998-01-01T00:00:00Z,2000-01-01T00:00:00Z
http://www.wikidata.org/entity/Q1283329,http://www.wikidata.org/entity/Q10319,Real Valladolid,69.0,2006-01-01T00:00:00Z,2009-01-01T00:00:00Z
http://www.wikidata.org/entity/Q1283329,http://www.wikidata.org/entity/Q261813,FC Wacker Innsbruck,68.0,2010-01-01T00:00:00Z,2012-01-01T00:00:00Z
http://www.wikidata.org/entity/Q1283329,http://www.wikidata.org/entity/Q1195376,CF Atlético Ciudad,16.0,2003-01-01T00:00:00Z,2003-01-01T00:00:00Z
http://www.wikidata.org/entity/Q1283329,http://www.wikidata.org/entity/Q239049,Lorca Deportiva CF,111.0,2003-01-01T00:00:00Z,2006-01-01T00:00:00Z
http://www.wikidata.org/entity/Q1283329,http://www.wikidata.org/entity/Q697509,Amurrio CF,93.0,2000-01-01T00:00:00Z,2003-01-01T00:00:00Z
http://www.wikidata.org/entity/Q1283329,http://www.wikidata.org/entity/Q17127237,SV Kickers Pforzheim,3.0,2012-01-01T00:00:00Z,2012-01-01T00:00:00Z
http://www.wikidata.org/entity/Q1283329,http://www.wikidata.org/entity/Q515516,SD Amorebieta,,1998-01-01T00:00:00Z,2000-01-01T00:00:00Z
http://www.wikidata.org/entity/Q1283329,http://www.wikidata.org/entity/Q12230,Real Murcie,28.0,2009-01-01T00:00:00Z,2010-01-01T00:00:00Z
http://www.wikidata.org/entity/Q1283329,http://www.wikidata.org/entity/Q513225,CD Laudio,,1996-01-01T00:00:00Z,1998-01-01T00:00:00Z
http://www.wikidata.org/entity/Q1283918,http://www.wikidata.org/entity/Q319699,équipe d'Allemagne des moins de 17 ans de football,15.0,2006-01-01T00:00:00Z,2007-01-01T00:00:00Z
http://www.wikidata.org/entity/Q1283918,http://www.wikidata.org/entity/Q319699,équipe d'Allemagne des moins de 17 ans de football,15.0,2007-01-01T00:00:00Z,2007-01-01T00:00:00Z
http://www.wikidata.org/entity/Q1283918,http://www.wikidata.org/entity/Q920263,Hertha Berliner Sport-Club II,80.0,2008-01-01T00:00:00Z,2013-01-01T00:00:00Z
http://www.wikidata.org/entity/Q1283918,http://www.wikidata.org/entity/Q316497,équipe d'Allemagne de football des moins de 20 ans,5.0,2010-01-01T00:00:00Z,2011-01-01T00:00:00Z
http://www.wikidata.org/entity/Q1283918,http://www.wikidata.org/entity/Q102720,Hertha BSC,8.0,2010-01-01T00:00:00Z,2013-01-01T00:00:00Z
http://www.wikidata.org/entity/Q1283918,http://www.wikidata.org/entity/Q1202759,équipe d'Allemagne de football des moins de 16 ans,6.0,2006-01-01T00:00:00Z,2006-01-01T00:00:00Z
http://www.wikidata.org/entity/Q1283918,http://www.wikidata.org/entity/Q639525,SV Sandhausen,10.0,2013-01-01T00:00:00Z,2015-01-01T00:00:00Z
http://www.wikidata.org/entity/Q1283918,http://www.wikidata.org/entity/Q141931,SG Dynamo Dresde,11.0,2011-01-01T00:00:00Z,2012-01-01T00:00:00Z
http://www.wikidata.org/entity/Q1283918,http://www.wikidata.org/entity/Q265570,SSV Jahn Ratisbonne,,2015-01-01T00:00:00Z,
http://www.wikidata.org/entity/Q1295132,http://www.wikidata.org/entity/Q8476,Reggina 1914,1.0,2007-01-01T00:00:00Z,2012-01-01T00:00:00Z
http://www.wikidata.org/entity/Q1295132,http://www.wikidata.org/entity/Q915352,Paksi SE,23.0,2011-01-01T00:00:00Z,2012-01-01T00:00:00Z
http://www.wikidata.org/entity/Q1295132,http://www.wikidata.org/entity/Q385222,équipe de Hongrie espoirs de football,6.0,2007-01-01T00:00:00Z,2010-01-01T00:00:00Z
http://www.wikidata.org/entity/Q1295132,http://www.wikidata.org/entity/Q934780,Pécsi Mecsek FC,76.0,2012-01-01T00:00:00Z,2015-01-01T00:00:00Z
http://www.wikidata.org/entity/Q1295132,http://www.wikidata.org/entity/Q934780,Pécsi Mecsek FC,23.0,2005-01-01T00:00:00Z,2007-01-01T00:00:00Z
http://www.wikidata.org/entity/Q1295132,http://www.wikidata.org/entity/Q208406,MTK Budapest FC,,2015-01-01T00:00:00Z,
http://www.wikidata.org/entity/Q1187845,http://www.wikidata.org/entity/Q782387,FC Oberneuland,15.0,2011-01-01T00:00:00Z,2011-01-01T00:00:00Z
http://www.wikidata.org/entity/Q1187845,http://www.wikidata.org/entity/Q665920,VfB Lübeck,28.0,2007-01-01T00:00:00Z,2008-01-01T00:00:00Z
http://www.wikidata.org/entity/Q1187845,http://www.wikidata.org/entity/Q33748,Hanovre 96,5.0,2013-01-01T00:00:00Z,2014-01-01T00:00:00Z
http://www.wikidata.org/entity/Q1187845,http://www.wikidata.org/entity/Q151747,Fortuna Düsseldorf,25.0,2008-01-01T00:00:00Z,2010-01-01T00:00:00Z
http://www.wikidata.org/entity/Q1187845,http://www.wikidata.org/entity/Q665920,VfB Lübeck,23.0,2011-01-01T00:00:00Z,2012-01-01T00:00:00Z
http://www.wikidata.org/entity/Q1187845,http://www.wikidata.org/entity/Q272712,Çaykur Rizespor,,2014-01-01T00:00:00Z,
http://www.wikidata.org/entity/Q1187845,http://www.wikidata.org/entity/Q33748,Hanovre 96,31.0,2012-01-01T00:00:00Z,2013-01-01T00:00:00Z
http://www.wikidata.org/entity/Q1189151,http://www.wikidata.org/entity/Q104770,1. FC Cologne,31.0,1997-01-01T00:00:00Z,1999-01-01T00:00:00Z
http://www.wikidata.org/entity/Q1189151,http://www.wikidata.org/entity/Q5427259,FT09 Starnberg,,1992-01-01T00:00:00Z,1993-01-01T00:00:00Z
http://www.wikidata.org/entity/Q1189151,http://www.wikidata.org/entity/Q1387676,FC Starnberg,32.0,1992-01-01T00:00:00Z,1993-01-01T00:00:00Z
http://www.wikidata.org/entity/Q1189151,http://www.wikidata.org/entity/Q15789,Bayern Munich,0.0,1997-01-01T00:00:00Z,1997-01-01T00:00:00Z
http://www.wikidata.org/entity/Q1189151,http://www.wikidata.org/entity/Q1387676,FC Starnberg,,1991-01-01T00:00:00Z,1992-01-01T00:00:00Z
http://www.wikidata.org/entity/Q1189151,http://www.wikidata.org/entity/Q158121,SpVgg Unterhaching,110.0,1999-01-01T00:00:00Z,2004-01-01T00:00:00Z
http://www.wikidata.org/entity/Q1189151,http://www.wikidata.org/entity/Q479351,SV Darmstadt 98,47.0,2004-01-01T00:00:00Z,2006-01-01T00:00:00Z
http://www.wikidata.org/entity/Q1189151,http://www.wikidata.org/entity/Q131603,TSV Munich 1860,1.0,1990-01-01T00:00:00Z,1991-01-01T00:00:00Z
http://www.wikidata.org/entity/Q1189151,http://www.wikidata.org/entity/Q265570,SSV Jahn Ratisbonne,69.0,2006-01-01T00:00:00Z,2009-01-01T00:00:00Z
http://www.wikidata.org/entity/Q1189151,http://www.wikidata.org/entity/Q5427259,FT09 Starnberg,,1991-01-01T00:00:00Z,1992-01-01T00:00:00Z
http://www.wikidata.org/entity/Q1189151,http://www.wikidata.org/entity/Q158121,SpVgg Unterhaching,51.0,1993-01-01T00:00:00Z,1997-01-01T00:00:00Z
http://www.wikidata.org/entity/Q1189254,http://www.wikidata.org/entity/Q105853,Karlsruher SC,,2011-01-01T00:00:00Z,
http://www.wikidata.org/entity/Q1189254,http://www.wikidata.org/entity/Q324854,équipe d'Allemagne de football des moins de 19 ans,4.0,2005-01-01T00:00:00Z,2005-01-01T00:00:00Z
http://www.wikidata.org/entity/Q1189254,http://www.wikidata.org/entity/Q162270,1. FC Kleve,28.0,2008-01-01T00:00:00Z,2009-01-01T00:00:00Z
http://www.wikidata.org/entity/Q1189254,http://www.wikidata.org/entity/Q1202759,équipe d'Allemagne de football des moins de 16 ans,1.0,2001-01-01T00:00:00Z,2001-01-01T00:00:00Z
http://www.wikidata.org/entity/Q1189254,http://www.wikidata.org/entity/Q216773,FC Vaduz,12.0,2009-01-01T00:00:00Z,2010-01-01T00:00:00Z
http://www.wikidata.org/entity/Q1189254,http://www.wikidata.org/entity/Q692586,VfR Aalen,28.0,2010-01-01T00:00:00Z,2011-01-01T00:00:00Z
http://www.wikidata.org/entity/Q1189254,http://www.wikidata.org/entity/Q101859,VfL Wolfsburg,11.0,2007-01-01T00:00:00Z,2008-01-01T00:00:00Z
http://www.wikidata.org/entity/Q1189254,http://www.wikidata.org/entity/Q13397712,Borussia Mönchengladbach II,7.0,2006-01-01T00:00:00Z,2007-01-01T00:00:00Z
http://www.wikidata.org/entity/Q1189301,http://www.wikidata.org/entity/Q16559523,Eintracht Braunschweig II,15.0,2010-01-01T00:00:00Z,2011-01-01T00:00:00Z
http://www.wikidata.org/entity/Q1189301,http://www.wikidata.org/entity/Q571553,SV Babelsberg 03,20.0,2011-01-01T00:00:00Z,2013-01-01T00:00:00Z
http://www.wikidata.org/entity/Q1189301,http://www.wikidata.org/entity/Q24699,RKC Waalwijk,0.0,2013-01-01T00:00:00Z,2014-01-01T00:00:00Z
http://www.wikidata.org/entity/Q1189301,http://www.wikidata.org/entity/Q920263,Hertha Berliner Sport-Club II,28.0,2008-01-01T00:00:00Z,2010-01-01T00:00:00Z
http://www.wikidata.org/entity/Q1189301,http://www.wikidata.org/entity/Q102720,Hertha BSC,27.0,2008-01-01T00:00:00Z,2010-01-01T00:00:00Z
http://www.wikidata.org/entity/Q1189301,http://www.wikidata.org/entity/Q155186,FC Carl Zeiss Iéna,0.0,2011-01-01T00:00:00Z,2011-01-01T00:00:00Z
http://www.wikidata.org/entity/Q1189301,http://www.wikidata.org/entity/Q571553,SV Babelsberg 03,15.0,2014-01-01T00:00:00Z,2014-01-01T00:00:00Z
http://www.wikidata.org/entity/Q1189301,http://www.wikidata.org/entity/Q154053,Eintracht Brunswick,1.0,2010-01-01T00:00:00Z,2011-01-01T00:00:00Z
http://www.wikidata.org/entity/Q1189301,http://www.wikidata.org/entity/Q819354,KSV Hessen Kassel,,2014-01-01T00:00:00Z,
http://www.wikidata.org/entity/Q1189458,http://www.wikidata.org/entity/Q155452,TuS Coblence,33.0,2010-01-01T00:00:00Z,2011-01-01T00:00:00Z
http://www.wikidata.org/entity/Q1189458,http://www.wikidata.org/entity/Q101859,VfL Wolfsburg,78.0,2007-01-01T00:00:00Z,2011-01-01T00:00:00Z
http://www.wikidata.org/entity/Q1189458,http://www.wikidata.org/entity/Q105844,DSC Arminia Bielefeld,29.0,2011-01-01T00:00:00Z,2014-01-01T00:00:00Z
http://www.wikidata.org/entity/Q1191497,http://www.wikidata.org/entity/Q170703,Boca Juniors,10.0,2006-01-01T00:00:00Z,2008-01-01T00:00:00Z
http://www.wikidata.org/entity/Q1191497,http://www.wikidata.org/entity/Q499616,Club Nacional,15.0,2008-01-01T00:00:00Z,2008-01-01T00:00:00Z
http://www.wikidata.org/entity/Q1191497,http://www.wikidata.org/entity/Q15799,Club Atlético River Plate,,2015-01-01T00:00:00Z,
http://www.wikidata.org/entity/Q1191497,http://www.wikidata.org/entity/Q692646,CA Banfield,35.0,2008-01-01T00:00:00Z,2009-01-01T00:00:00Z
http://www.wikidata.org/entity/Q1191497,http://www.wikidata.org/entity/Q2674,Palermo F.C.,56.0,2009-01-01T00:00:00Z,2012-01-01T00:00:00Z
http://www.wikidata.org/entity/Q1191497,http://www.wikidata.org/entity/Q10308,Real Saragosse,36.0,2010-01-01T00:00:00Z,2011-01-01T00:00:00Z
http://www.wikidata.org/entity/Q1191497,http://www.wikidata.org/entity/Q845859,CD Cruz Azul,20.0,2012-01-01T00:00:00Z,2013-01-01T00:00:00Z
http://www.wikidata.org/entity/Q1191497,http://www.wikidata.org/entity/Q692646,CA Banfield,64.0,2013-01-01T00:00:00Z,2015-01-01T00:00:00Z
http://www.wikidata.org/entity/Q1191497,http://www.wikidata.org/entity/Q79800,équipe d'Argentine de football,2.0,2011-01-01T00:00:00Z,2011-01-01T00:00:00Z
http://www.wikidata.org/entity/Q1191798,http://www.wikidata.org/entity/Q2018,Catania Football Club,99.0,2009-01-01T00:00:00Z,2014-01-01T00:00:00Z
http://www.wikidata.org/entity/Q1191798,http://www.wikidata.org/entity/Q6630,Ascoli Calcio 1898 FC,35.0,2006-01-01T00:00:00Z,2009-01-01T00:00:00Z
http://www.wikidata.org/entity/Q1191798,http://www.wikidata.org/entity/Q1128631,Leeds United,,2014-01-01T00:00:00Z,
http://www.wikidata.org/entity/Q1191798,http://www.wikidata.org/entity/Q922698,équipe d'Italie espoirs de football,6.0,2009-01-01T00:00:00Z,2010-01-01T00:00:00Z
http://www.wikidata.org/entity/Q1191808,http://www.wikidata.org/entity/Q10308,Real Saragosse,15.0,2012-01-01T00:00:00Z,2012-01-01T00:00:00Z
http://www.wikidata.org/entity/Q1191808,http://www.wikidata.org/entity/Q2018,Catania Football Club,112.0,2008-01-01T00:00:00Z,2014-01-01T00:00:00Z
http://www.wikidata.org/entity/Q1191808,http://www.wikidata.org/entity/Q170703,Boca Juniors,19.0,2003-01-01T00:00:00Z,2005-01-01T00:00:00Z
http://www.wikidata.org/entity/Q1191808,http://www.wikidata.org/entity/Q214940,Estudiantes de La Plata,59.0,2005-01-01T00:00:00Z,2007-01-01T00:00:00Z
http://www.wikidata.org/entity/Q1191808,http://www.wikidata.org/entity/Q318307,CA Rosario Central,29.0,2009-01-01T00:00:00Z,2009-01-01T00:00:00Z
http://www.wikidata.org/entity/Q1191808,http://www.wikidata.org/entity/Q318307,CA Rosario Central,,2015-01-01T00:00:00Z,
http://www.wikidata.org/entity/Q1195303,http://www.wikidata.org/entity/Q1062259,Yokohama Football Club,151.0,2003-01-01T00:00:00Z,2006-01-01T00:00:00Z
http://www.wikidata.org/entity/Q1195303,http://www.wikidata.org/entity/Q10319,Real Valladolid,15.0,2000-01-01T00:00:00Z,2000-01-01T00:00:00Z
http://www.wikidata.org/entity/Q1195303,http://www.wikidata.org/entity/Q170566,équipe du Japon de football,35.0,1995-01-01T00:00:00Z,2001-01-01T00:00:00Z
http://www.wikidata.org/entity/Q1195303,http://www.wikidata.org/entity/Q854932,Yokohama F·Marinos,106.0,1997-01-01T00:00:00Z,2001-01-01T00:00:00Z
http://www.wikidata.org/entity/Q1195303,http://www.wikidata.org/entity/Q646204,JEF United Ichihara Chiba,99.0,1994-01-01T00:00:00Z,1996-01-01T00:00:00Z
http://www.wikidata.org/entity/Q1195303,http://www.wikidata.org/entity/Q844271,Vissel Kobe,25.0,2002-01-01T00:00:00Z,2002-01-01T00:00:00Z
http://www.wikidata.org/entity/Q1201421,http://www.wikidata.org/entity/Q314851,équipe d'Allemagne espoirs de football,8.0,1988-01-01T00:00:00Z,1989-01-01T00:00:00Z
http://www.wikidata.org/entity/Q1201421,http://www.wikidata.org/entity/Q101859,VfL Wolfsburg,223.0,1992-01-01T00:00:00Z,2000-01-01T00:00:00Z
http://www.wikidata.org/entity/Q1201421,http://www.wikidata.org/entity/Q51974,Hambourg SV,51.0,1989-01-01T00:00:00Z,1992-01-01T00:00:00Z
http://www.wikidata.org/entity/Q1201421,http://www.wikidata.org/entity/Q105844,DSC Arminia Bielefeld,168.0,2000-01-01T00:00:00Z,2006-01-01T00:00:00Z
http://www.wikidata.org/entity/Q1201421,http://www.wikidata.org/entity/Q33748,Hanovre 96,78.0,1986-01-01T00:00:00Z,1989-01-01T00:00:00Z
http://www.wikidata.org/entity/Q1212637,http://www.wikidata.org/entity/Q275612,Budapest Honvéd,94.0,1993-01-01T00:00:00Z,1998-01-01T00:00:00Z
http://www.wikidata.org/entity/Q1212637,http://www.wikidata.org/entity/Q698702,Admira Wacker,49.0,2003-01-01T00:00:00Z,2005-01-01T00:00:00Z
http://www.wikidata.org/entity/Q1212637,http://www.wikidata.org/entity/Q107818,FC Energie Cottbus,57.0,2000-01-01T00:00:00Z,2002-01-01T00:00:00Z
http://www.wikidata.org/entity/Q1212637,http://www.wikidata.org/entity/Q208396,Ferencvárosi TC,38.0,1998-01-01T00:00:00Z,2000-01-01T00:00:00Z
http://www.wikidata.org/entity/Q1212637,http://www.wikidata.org/entity/Q170561,équipe de Hongrie de football,34.0,1998-01-01T00:00:00Z,2002-01-01T00:00:00Z
http://www.wikidata.org/entity/Q1212637,http://www.wikidata.org/entity/Q785203,FC Tatabánya,21.0,2009-01-01T00:00:00Z,2010-01-01T00:00:00Z
http://www.wikidata.org/entity/Q1212637,http://www.wikidata.org/entity/Q276346,Győri ETO FC,39.0,2005-01-01T00:00:00Z,2007-01-01T00:00:00Z
http://www.wikidata.org/entity/Q1212637,http://www.wikidata.org/entity/Q192597,Hibernian F.C.,14.0,2002-01-01T00:00:00Z,2003-01-01T00:00:00Z
http://www.wikidata.org/entity/Q1212637,http://www.wikidata.org/entity/Q208396,Ferencvárosi TC,26.0,2007-01-01T00:00:00Z,2008-01-01T00:00:00Z
http://www.wikidata.org/entity/Q1223422,http://www.wikidata.org/entity/Q158121,SpVgg Unterhaching,22.0,2000-01-01T00:00:00Z,2001-01-01T00:00:00Z
http://www.wikidata.org/entity/Q1223422,http://www.wikidata.org/entity/Q154293,MSV Duisbourg,141.0,1995-01-01T00:00:00Z,2000-01-01T00:00:00Z
http://www.wikidata.org/entity/Q1223422,http://www.wikidata.org/entity/Q142005,FC Hansa Rostock,42.0,2001-01-01T00:00:00Z,2003-01-01T00:00:00Z
http://www.wikidata.org/entity/Q1223422,http://www.wikidata.org/entity/Q665920,VfB Lübeck,113.0,2005-01-01T00:00:00Z,2009-01-01T00:00:00Z
http://www.wikidata.org/entity/Q1223422,http://www.wikidata.org/entity/Q154293,MSV Duisbourg,26.0,2003-01-01T00:00:00Z,2005-01-01T00:00:00Z
http://www.wikidata.org/entity/Q1223422,http://www.wikidata.org/entity/Q101959,Borussia Mönchengladbach,21.0,1993-01-01T00:00:00Z,1995-01-01T00:00:00Z
http://www.wikidata.org/entity/Q1226416,http://www.wikidata.org/entity/Q726266,Vaasan Palloseura,6.0,2010-01-01T00:00:00Z,2010-01-01T00:00:00Z
http://www.wikidata.org/entity/Q1226416,http://www.wikidata.org/entity/Q19446,Blackburn Rovers FC,0.0,2007-01-01T00:00:00Z,2010-01-01T00:00:00Z
http://www.wikidata.org/entity/Q1226416,http://www.wikidata.org/entity/Q3174211,K Berchem Sport,,2015-01-01T00:00:00Z,
http://www.wikidata.org/entity/Q1226416,http://www.wikidata.org/entity/Q364698,Cercle Bruges KSV,3.0,2007-01-01T00:00:00Z,2008-01-01T00:00:00Z
http://www.wikidata.org/entity/Q1226416,http://www.wikidata.org/entity/Q916199,Oud-Heverlee Louvain,50.0,2008-01-01T00:00:00Z,2010-01-01T00:00:00Z
http://www.wikidata.org/entity/Q1232300,http://www.wikidata.org/entity/Q1471011,équipe du Mali féminine de football,,2003-01-01T00:00:00Z,
http://www.wikidata.org/entity/Q1232300,http://www.wikidata.org/entity/Q19521,AS Saint-Étienne,18.0,2006-01-01T00:00:00Z,2008-01-01T00:00:00Z
http://www.wikidata.org/entity/Q1238218,http://www.wikidata.org/entity/Q104770,1. FC Cologne,,2015-01-01T00:00:00Z,
http://www.wikidata.org/entity/Q1238218,http://www.wikidata.org/entity/Q16525407,1. FC Kaiserslautern II,13.0,2011-01-01T00:00:00Z,2015-01-01T00:00:00Z
http://www.wikidata.org/entity/Q1238218,http://www.wikidata.org/entity/Q316497,équipe d'Allemagne de football des moins de 20 ans,2.0,2012-01-01T00:00:00Z,2013-01-01T00:00:00Z
http://www.wikidata.org/entity/Q1238218,http://www.wikidata.org/entity/Q324854,équipe d'Allemagne de football des moins de 19 ans,10.0,2011-01-01T00:00:00Z,2012-01-01T00:00:00Z
http://www.wikidata.org/entity/Q1238218,http://www.wikidata.org/entity/Q8466,1. FC Kaiserslautern,64.0,2011-01-01T00:00:00Z,2015-01-01T00:00:00Z
http://www.wikidata.org/entity/Q1238218,http://www.wikidata.org/entity/Q2016992,équipe d'Allemagne de football des moins de 18 ans,6.0,2010-01-01T00:00:00Z,2011-01-01T00:00:00Z
http://www.wikidata.org/entity/Q1091130,http://www.wikidata.org/entity/Q18723,QP Rangers,2.0,2006-01-01T00:00:00Z,2007-01-01T00:00:00Z
http://www.wikidata.org/entity/Q1091130,http://www.wikidata.org/entity/Q1417164,Olympiakos Volos,37.0,2013-01-01T00:00:00Z,2014-01-01T00:00:00Z
http://www.wikidata.org/entity/Q1091130,http://www.wikidata.org/entity/Q747693,Louhans-Cuiseaux FC,8.0,1999-01-01T00:00:00Z,2000-01-01T00:00:00Z
http://www.wikidata.org/entity/Q1091130,http://www.wikidata.org/entity/Q2661174,Paniliakos FC,7.0,2014-01-01T00:00:00Z,2014-01-01T00:00:00Z
http://www.wikidata.org/entity/Q1091130,http://www.wikidata.org/entity/Q619215,Apollon Kalamarias,10.0,2014-01-01T00:00:00Z,2015-01-01T00:00:00Z
http://www.wikidata.org/entity/Q1091130,http://www.wikidata.org/entity/Q19523,AS Nancy-Lorraine,46.0,1998-01-01T00:00:00Z,2003-01-01T00:00:00Z
http://www.wikidata.org/entity/Q1091130,http://www.wikidata.org/entity/Q209509,Grenoble Foot 38,51.0,2003-01-01T00:00:00Z,2005-01-01T00:00:00Z
http://www.wikidata.org/entity/Q1091130,http://www.wikidata.org/entity/Q619215,Apollon Kalamarias,,2014-01-01T00:00:00Z,2014-01-01T00:00:00Z
http://www.wikidata.org/entity/Q1091130,http://www.wikidata.org/entity/Q657156,PAE Ergotelis Héraklion,47.0,2010-01-01T00:00:00Z,2012-01-01T00:00:00Z
http://www.wikidata.org/entity/Q1091130,http://www.wikidata.org/entity/Q433230,Panthrakikos FC,36.0,2008-01-01T00:00:00Z,2012-01-01T00:00:00Z
http://www.wikidata.org/entity/Q1091130,http://www.wikidata.org/entity/Q19513,Montpellier Hérault SC,43.0,2007-01-01T00:00:00Z,2008-01-01T00:00:00Z
http://www.wikidata.org/entity/Q1091130,http://www.wikidata.org/entity/Q1277456,Panachaïkí,13.0,2012-01-01T00:00:00Z,2013-01-01T00:00:00Z
http://www.wikidata.org/entity/Q1091130,http://www.wikidata.org/entity/Q18723,QP Rangers,,2006-01-01T00:00:00Z,2006-01-01T00:00:00Z
http://www.wikidata.org/entity/Q1091130,http://www.wikidata.org/entity/Q1417287,Panserraikos Football Club,,2015-01-01T00:00:00Z,2016-01-01T00:00:00Z
http://www.wikidata.org/entity/Q1091130,http://www.wikidata.org/entity/Q1753193,RAA louviéroise,31.0,2005-01-01T00:00:00Z,2006-01-01T00:00:00Z
http://www.wikidata.org/entity/Q1091130,http://www.wikidata.org/entity/Q298235,AS Beauvais Oise,34.0,2001-01-01T00:00:00Z,2002-01-01T00:00:00Z
http://www.wikidata.org/entity/Q1091933,http://www.wikidata.org/entity/Q1683280,équipe du Japon de football des moins de 23 ans,29.0,2010-01-01T00:00:00Z,2012-01-01T00:00:00Z
http://www.wikidata.org/entity/Q1091933,http://www.wikidata.org/entity/Q844271,Vissel Kobe,,2019-01-01T00:00:00Z,2024-01-01T00:00:00Z
http://www.wikidata.org/entity/Q1091933,http://www.wikidata.org/entity/Q3029309,V-Varen Nagasaki,,2025-01-01T00:00:00Z,
http://www.wikidata.org/entity/Q1091933,http://www.wikidata.org/entity/Q170566,équipe du Japon de football,,2013-01-01T00:00:00Z,
http://www.wikidata.org/entity/Q1091933,http://www.wikidata.org/entity/Q855809,Cerezo Osaka,84.0,2016-01-01T00:00:00Z,2018-01-01T00:00:00Z
http://www.wikidata.org/entity/Q1091933,http://www.wikidata.org/entity/Q855809,Cerezo Osaka,142.0,2009-01-01T00:00:00Z,2015-01-01T00:00:00Z
http://www.wikidata.org/entity/Q1091933,http://www.wikidata.org/entity/Q33748,Hanovre 96,6.0,2016-01-01T00:00:00Z,2016-01-01T00:00:00Z
http://www.wikidata.org/entity/Q1092271,http://www.wikidata.org/entity/Q18721,Norwich City FC,34.0,2011-01-01T00:00:00Z,2013-01-01T00:00:00Z
http://www.wikidata.org/entity/Q1092271,http://www.wikidata.org/entity/Q19578,Colchester United FC,6.0,2008-01-01T00:00:00Z,2009-01-01T00:00:00Z
http://www.wikidata.org/entity/Q1092271,http://www.wikidata.org/entity/Q19626,Shrewsbury Town Football Club,79.0,2007-01-01T00:00:00Z,2009-01-01T00:00:00Z
http://www.wikidata.org/entity/Q1092271,http://www.wikidata.org/entity/Q19451,Bolton Wanderers FC,8.0,2013-01-01T00:00:00Z,2015-01-01T00:00:00Z
http://www.wikidata.org/entity/Q1092271,http://www.wikidata.org/entity/Q19578,Colchester United FC,74.0,2009-01-01T00:00:00Z,2011-01-01T00:00:00Z
http://www.wikidata.org/entity/Q1092271,http://www.wikidata.org/entity/Q19601,Oldham Athletic AFC,37.0,2003-01-01T00:00:00Z,2007-01-01T00:00:00Z
http://www.wikidata.org/entity/Q1092271,http://www.wikidata.org/entity/Q19575,Carlisle United Football Club,10.0,2004-01-01T00:00:00Z,2005-01-01T00:00:00Z
http://www.wikidata.org/entity/Q1093851,http://www.wikidata.org/entity/Q1202759,équipe d'Allemagne de football des moins de 16 ans,2.0,2009-01-01T00:00:00Z,2010-01-01T00:00:00Z
http://www.wikidata.org/entity/Q1093851,http://www.wikidata.org/entity/Q324854,équipe d'Allemagne de football des moins de 19 ans,2.0,2012-01-01T00:00:00Z,2012-01-01T00:00:00Z
http://www.wikidata.org/entity/Q1093851,http://www.wikidata.org/entity/Q101859,VfL Wolfsburg,384.0,2011-01-01T00:00:00Z,
http://www.wikidata.org/entity/Q1093851,http://www.wikidata.org/entity/Q316497,équipe d'Allemagne de football des moins de 20 ans,6.0,2013-01-01T00:00:00Z,2013-01-01T00:00:00Z
http://www.wikidata.org/entity/Q1093851,http://www.wikidata.org/entity/Q314851,équipe d'Allemagne espoirs de football,23.0,2013-01-01T00:00:00Z,2017-01-01T00:00:00Z
http://www.wikidata.org/entity/Q1093851,http://www.wikidata.org/entity/Q2016992,équipe d'Allemagne de football des moins de 18 ans,8.0,2011-01-01T00:00:00Z,2012-01-01T00:00:00Z
http://www.wikidata.org/entity/Q1093851,http://www.wikidata.org/entity/Q319699,équipe d'Allemagne des moins de 17 ans de football,10.0,2010-01-01T00:00:00Z,2011-01-01T00:00:00Z
http://www.wikidata.org/entity/Q1093851,http://www.wikidata.org/entity/Q43310,équipe d'Allemagne de football,3.0,2014-01-01T00:00:00Z,2021-01-01T00:00:00Z
http://www.wikidata.org/entity/Q1094096,http://www.wikidata.org/entity/Q101859,VfL Wolfsburg,113.0,2008-01-01T00:00:00Z,2013-01-01T00:00:00Z
http://www.wikidata.org/entity/Q1094096,http://www.wikidata.org/entity/Q107818,FC Energie Cottbus,14.0,2013-01-01T00:00:00Z,2013-01-01T00:00:00Z
http://www.wikidata.org/entity/Q1094096,http://www.wikidata.org/entity/Q8466,1. FC Kaiserslautern,,2014-01-01T00:00:00Z,
http://www.wikidata.org/entity/Q1094096,http://www.wikidata.org/entity/Q107818,FC Energie Cottbus,21.0,2013-01-01T00:00:00Z,2014-01-01T00:00:00Z
http://www.wikidata.org/entity/Q1094286,http://www.wikidata.org/entity/Q1780231,équipe de Pologne espoirs de football,9.0,2010-01-01T00:00:00Z,2011-01-01T00:00:00Z
http://www.wikidata.org/entity/Q1094286,http://www.wikidata.org/entity/Q16525407,1. FC Kaiserslautern II,,2015-01-01T00:00:00Z,
http://www.wikidata.org/entity/Q1094286,http://www.wikidata.org/entity/Q101859,VfL Wolfsburg,0.0,2014-01-01T00:00:00Z,2014-01-01T00:00:00Z
http://www.wikidata.org/entity/Q1094286,http://www.wikidata.org/entity/Q166196,équipe de Pologne de football,,2011-01-01T00:00:00Z,
http://www.wikidata.org/entity/Q1094286,http://www.wikidata.org/entity/Q269151,PEC Zwolle,30.0,2013-01-01T00:00:00Z,2014-01-01T00:00:00Z
http://www.wikidata.org/entity/Q1094286,http://www.wikidata.org/entity/Q8466,1. FC Kaiserslautern,,2015-01-01T00:00:00Z,
http://www.wikidata.org/entity/Q1094286,http://www.wikidata.org/entity/Q101859,VfL Wolfsburg,0.0,2011-01-01T00:00:00Z,2013-01-01T00:00:00Z
http://www.wikidata.org/entity/Q1094286,http://www.wikidata.org/entity/Q269151,PEC Zwolle,13.0,2013-01-01T00:00:00Z,2013-01-01T00:00:00Z
http://www.wikidata.org/entity/Q1094286,http://www.wikidata.org/entity/Q279818,KS Cracovia,56.0,2008-01-01T00:00:00Z,2011-01-01T00:00:00Z
http://www.wikidata.org/entity/Q1094286,http://www.wikidata.org/entity/Q3873519,équipe de Pologne de football des moins de 18 ans,5.0,2008-01-01T00:00:00Z,2008-01-01T00:00:00Z
http://www.wikidata.org/entity/Q1094286,http://www.wikidata.org/entity/Q3873552,équipe de Pologne de football des moins de 20 ans,2.0,2010-01-01T00:00:00Z,2010-01-01T00:00:00Z
http://www.wikidata.org/entity/Q1094286,http://www.wikidata.org/entity/Q2670674,équipe de Pologne de football des moins de 19 ans,2.0,2008-01-01T00:00:00Z,2008-01-01T00:00:00Z
http://www.wikidata.org/entity/Q1094286,http://www.wikidata.org/entity/Q3873552,équipe de Pologne de football des moins de 20 ans,2.0,2010-01-01T00:00:00Z,2011-01-01T00:00:00Z
http://www.wikidata.org/entity/Q1094297,http://www.wikidata.org/entity/Q3590360,équipe de Serbie de football des moins de 17 ans,5.0,2006-01-01T00:00:00Z,2007-01-01T00:00:00Z
http://www.wikidata.org/entity/Q1094297,http://www.wikidata.org/entity/Q953632,équipe de Serbie de football des moins de 19 ans,10.0,2008-01-01T00:00:00Z,2009-01-01T00:00:00Z
http://www.wikidata.org/entity/Q1094297,http://www.wikidata.org/entity/Q207501,FK Vojvodina Novi Sad,70.0,2007-01-01T00:00:00Z,2011-01-01T00:00:00Z
http://www.wikidata.org/entity/Q1094297,http://www.wikidata.org/entity/Q101859,VfL Wolfsburg,28.0,2012-01-01T00:00:00Z,2014-01-01T00:00:00Z
http://www.wikidata.org/entity/Q1094297,http://www.wikidata.org/entity/Q2272209,équipe de Serbie espoirs de football,18.0,2009-01-01T00:00:00Z,2012-01-01T00:00:00Z
http://www.wikidata.org/entity/Q1094297,http://www.wikidata.org/entity/Q38245,Eintracht Francfort,,2014-01-01T00:00:00Z,
http://www.wikidata.org/entity/Q1094309,http://www.wikidata.org/entity/Q2255267,équipe de Suède espoirs de football,23.0,2009-01-01T00:00:00Z,2012-01-01T00:00:00Z
http://www.wikidata.org/entity/Q1094309,http://www.wikidata.org/entity/Q3590410,équipe de Suède des moins de 17 ans de football,3.0,2007-01-01T00:00:00Z,2007-01-01T00:00:00Z
http://www.wikidata.org/entity/Q1094309,http://www.wikidata.org/entity/Q11492669,Aalborg BK,,2014-01-01T00:00:00Z,
http://www.wikidata.org/entity/Q1094309,http://www.wikidata.org/entity/Q11492669,Aalborg BK,19.0,2013-01-01T00:00:00Z,2014-01-01T00:00:00Z
http://www.wikidata.org/entity/Q1094309,http://www.wikidata.org/entity/Q2255212,équipe de Suède des moins de 19 ans de football,15.0,2008-01-01T00:00:00Z,2009-01-01T00:00:00Z
http://www.wikidata.org/entity/Q1094309,http://www.wikidata.org/entity/Q160826,équipe de Suède de football,2.0,2011-01-01T00:00:00Z,2011-01-01T00:00:00Z
http://www.wikidata.org/entity/Q1094309,http://www.wikidata.org/entity/Q267574,AaB Ålborg,19.0,2013-01-01T00:00:00Z,
http://www.wikidata.org/entity/Q1094309,http://www.wikidata.org/entity/Q101859,VfL Wolfsburg,17.0,2011-01-01T00:00:00Z,2014-01-01T00:00:00Z
http://www.wikidata.org/entity/Q1094309,http://www.wikidata.org/entity/Q157352,FSV Francfort,6.0,2013-01-01T00:00:00Z,2013-01-01T00:00:00Z
http://www.wikidata.org/entity/Q1094309,http://www.wikidata.org/entity/Q207503,Helsingborgs IF,97.0,2007-01-01T00:00:00Z,2011-01-01T00:00:00Z
http://www.wikidata.org/entity/Q1096945,http://www.wikidata.org/entity/Q910598,équipe de Bretagne de football,1.0,1998-01-01T00:00:00Z,1998-01-01T00:00:00Z
http://www.wikidata.org/entity/Q1096945,http://www.wikidata.org/entity/Q459148,En avant Guingamp,385.0,1992-01-01T00:00:00Z,2005-01-01T00:00:00Z
http://www.wikidata.org/entity/Q1098697,http://www.wikidata.org/entity/Q18732,Southampton FC,357.0,1996-01-01T00:00:00Z,2008-01-01T00:00:00Z
http://www.wikidata.org/entity/Q1098697,http://www.wikidata.org/entity/Q2446294,équipe de Norvège espoirs de football,16.0,1993-01-01T00:00:00Z,1994-01-01T00:00:00Z
http://www.wikidata.org/entity/Q1098697,http://www.wikidata.org/entity/Q184387,équipe de Norvège de football,40.0,1995-01-01T00:00:00Z,2005-01-01T00:00:00Z
http://www.wikidata.org/entity/Q1098697,http://www.wikidata.org/entity/Q205685,SK Brann,53.0,1993-01-01T00:00:00Z,1996-01-01T00:00:00Z
http://www.wikidata.org/entity/Q1098851,http://www.wikidata.org/entity/Q287851,AB Copenhague,20.0,1998-01-01T00:00:00Z,1998-01-01T00:00:00Z
http://www.wikidata.org/entity/Q1098851,http://www.wikidata.org/entity/Q131785,équipe du Danemark de football,20.0,1995-01-01T00:00:00Z,1999-01-01T00:00:00Z
http://www.wikidata.org/entity/Q1098851,http://www.wikidata.org/entity/Q5794,Everton FC,24.0,1997-01-01T00:00:00Z,1998-01-01T00:00:00Z
http://www.wikidata.org/entity/Q1098851,http://www.wikidata.org/entity/Q101859,VfL Wolfsburg,54.0,1998-01-01T00:00:00Z,2002-01-01T00:00:00Z
http://www.wikidata.org/entity/Q1098851,http://www.wikidata.org/entity/Q1270152,équipe du Danemark espoirs de football,18.0,1989-01-01T00:00:00Z,1992-01-01T00:00:00Z
http://www.wikidata.org/entity/Q1098851,http://www.wikidata.org/entity/Q3873525,équipe du Danemark de football des moins de 19 ans,19.0,1986-01-01T00:00:00Z,1988-01-01T00:00:00Z
http://www.wikidata.org/entity/Q1098851,http://www.wikidata.org/entity/Q5794,Everton FC,24.0,1997-01-01T00:00:00Z,1997-01-01T00:00:00Z
http://www.wikidata.org/entity/Q1098851,http://www.wikidata.org/entity/Q301431,AGF Aarhus,142.0,1989-01-01T00:00:00Z,1994-01-01T00:00:00Z
http://www.wikidata.org/entity/Q1098851,http://www.wikidata.org/entity/Q9653,Ipswich Town FC,81.0,1994-01-01T00:00:00Z,1997-01-01T00:00:00Z
http://www.wikidata.org/entity/Q1099986,http://www.wikidata.org/entity/Q5418208,Evesham United F.C.,,2012-01-01T00:00:00Z,
http://www.wikidata.org/entity/Q1099986,http://www.wikidata.org/entity/Q5121875,Cirencester Town F.C.,13.0,2011-01-01T00:00:00Z,2012-01-01T00:00:00Z
http://www.wikidata.org/entity/Q1099986,http://www.wikidata.org/entity/Q1882874,Worcester City FC,0.0,2011-01-01T00:00:00Z,2011-01-01T00:00:00Z
http://www.wikidata.org/entity/Q1099986,http://www.wikidata.org/entity/Q48935,Chesterfield Football Club,16.0,2009-01-01T00:00:00Z,2009-01-01T00:00:00Z
http://www.wikidata.org/entity/Q1099986,http://www.wikidata.org/entity/Q19444,Birmingham City FC,1.0,2008-01-01T00:00:00Z,2010-01-01T00:00:00Z
http://www.wikidata.org/entity/Q1100297,http://www.wikidata.org/entity/Q503317,Dijon FCO,9.0,2018-08-01T00:00:00Z,2018-12-01T00:00:00Z
http://www.wikidata.org/entity/Q1100297,http://www.wikidata.org/entity/Q190916,Club Bruges KV,16.0,2008-01-01T00:00:00Z,2010-01-01T00:00:00Z
http://www.wikidata.org/entity/Q1100297,http://www.wikidata.org/entity/Q327238,Toronto FC,29.0,2019-01-01T00:00:00Z,2020-12-01T00:00:00Z
http://www.wikidata.org/entity/Q1100297,http://www.wikidata.org/entity/Q190561,Standard de Liège,152.0,2010-01-01T00:00:00Z,2015-01-01T00:00:00Z
http://www.wikidata.org/entity/Q1100297,http://www.wikidata.org/entity/Q19585,Royal Charleroi SC,85.0,2004-01-01T00:00:00Z,2008-01-01T00:00:00Z
http://www.wikidata.org/entity/Q1100297,http://www.wikidata.org/entity/Q166776,équipe de Belgique de football,20.0,2010-01-01T00:00:00Z,2018-01-01T00:00:00Z
http://www.wikidata.org/entity/Q1100297,http://www.wikidata.org/entity/Q18380286,Los Angeles Football Club,22.0,2018-01-01T00:00:00Z,2018-08-01T00:00:00Z
http://www.wikidata.org/entity/Q1161275,http://www.wikidata.org/entity/Q622432,Rio Ave FC,5.0,2009-01-01T00:00:00Z,2009-01-01T00:00:00Z
http://www.wikidata.org/entity/Q1162476,http://www.wikidata.org/entity/Q170134,SV Waldhof Mannheim,7.0,1998-01-01T00:00:00Z,1999-01-01T00:00:00Z
http://www.wikidata.org/entity/Q1162476,http://www.wikidata.org/entity/Q874696,VfL 93 Hambourg,7.0,2006-01-01T00:00:00Z,2007-01-01T00:00:00Z
http://www.wikidata.org/entity/Q1162476,http://www.wikidata.org/entity/Q170105,SV Stuttgarter Kickers,23.0,2004-01-01T00:00:00Z,2006-01-01T00:00:00Z
http://www.wikidata.org/entity/Q1162476,http://www.wikidata.org/entity/Q6463,FC Sankt Pauli,29.0,1999-01-01T00:00:00Z,2004-01-01T00:00:00Z
http://www.wikidata.org/entity/Q1164600,http://www.wikidata.org/entity/Q170105,SV Stuttgarter Kickers,14.0,2009-01-01T00:00:00Z,2009-01-01T00:00:00Z
http://www.wikidata.org/entity/Q1164600,http://www.wikidata.org/entity/Q14118284,Eintracht Frankfurt II,30.0,2007-01-01T00:00:00Z,2008-01-01T00:00:00Z
http://www.wikidata.org/entity/Q1164600,http://www.wikidata.org/entity/Q16525407,1. FC Kaiserslautern II,12.0,2009-01-01T00:00:00Z,2010-01-01T00:00:00Z
http://www.wikidata.org/entity/Q1164600,http://www.wikidata.org/entity/Q2306227,SpVgg Neckarelz,,2011-01-01T00:00:00Z,
http://www.wikidata.org/entity/Q1164600,http://www.wikidata.org/entity/Q107421,VfB Stuttgart II,52.0,2005-01-01T00:00:00Z,2007-01-01T00:00:00Z
http://www.wikidata.org/entity/Q1164600,http://www.wikidata.org/entity/Q107818,FC Energie Cottbus,16.0,2008-01-01T00:00:00Z,2009-01-01T00:00:00Z
http://www.wikidata.org/entity/Q1166076,http://www.wikidata.org/entity/Q166196,équipe de Pologne de football,1.0,2005-01-01T00:00:00Z,2005-01-01T00:00:00Z
http://www.wikidata.org/entity/Q1166076,http://www.wikidata.org/entity/Q1198879,Okocimski KS Brzesko,42.0,1996-01-01T00:00:00Z,1997-01-01T00:00:00Z
http://www.wikidata.org/entity/Q1166076,http://www.wikidata.org/entity/Q33748,Hanovre 96,146.0,2001-01-01T00:00:00Z,2008-01-01T00:00:00Z
http://www.wikidata.org/entity/Q1166076,http://www.wikidata.org/entity/Q140497,Zagłębie Lubin,100.0,1997-01-01T00:00:00Z,2001-01-01T00:00:00Z
http://www.wikidata.org/entity/Q1166076,http://www.wikidata.org/entity/Q666969,Arka Gdynia,30.0,2008-01-01T00:00:00Z,2009-01-01T00:00:00Z
http://www.wikidata.org/entity/Q1173070,http://www.wikidata.org/entity/Q19651,Yeovil Town FC,14.0,2012-01-01T00:00:00Z,2012-01-01T00:00:00Z
http://www.wikidata.org/entity/Q1173070,http://www.wikidata.org/entity/Q18721,Norwich City FC,11.0,2009-01-01T00:00:00Z,2009-01-01T00:00:00Z
http://www.wikidata.org/entity/Q1173070,http://www.wikidata.org/entity/Q19444,Birmingham City FC,,2014-01-01T00:00:00Z,
http://www.wikidata.org/entity/Q1173070,http://www.wikidata.org/entity/Q18661,Middlesbrough FC,33.0,2007-01-01T00:00:00Z,2012-01-01T00:00:00Z
http://www.wikidata.org/entity/Q1173070,http://www.wikidata.org/entity/Q19601,Oldham Athletic AFC,89.0,2012-01-01T00:00:00Z,2014-01-01T00:00:00Z
http://www.wikidata.org/entity/Q1173070,http://www.wikidata.org/entity/Q192597,Hibernian F.C.,13.0,2010-01-01T00:00:00Z,2011-01-01T00:00:00Z
http://www.wikidata.org/entity/Q1173070,http://www.wikidata.org/entity/Q48935,Chesterfield Football Club,13.0,2011-01-01T00:00:00Z,2011-01-01T00:00:00Z
http://www.wikidata.org/entity/Q1173070,http://www.wikidata.org/entity/Q18721,Norwich City FC,5.0,2008-01-01T00:00:00Z,2008-01-01T00:00:00Z
http://www.wikidata.org/entity/Q1173076,http://www.wikidata.org/entity/Q18661,Middlesbrough FC,4.0,2005-01-01T00:00:00Z,2009-01-01T00:00:00Z
http://www.wikidata.org/entity/Q1173076,http://www.wikidata.org/entity/Q4132020,Guiseley Association Football Club,,2015-01-01T00:00:00Z,
http://www.wikidata.org/entity/Q1173076,http://www.wikidata.org/entity/Q48946,Oxford United Football Club,80.0,2010-01-01T00:00:00Z,2013-01-01T00:00:00Z
http://www.wikidata.org/entity/Q1173076,http://www.wikidata.org/entity/Q18520,Luton Town Football Club,70.0,2009-01-01T00:00:00Z,2010-01-01T00:00:00Z
http://www.wikidata.org/entity/Q1173076,http://www.wikidata.org/entity/Q19604,Portsmouth FC,9.0,2013-01-01T00:00:00Z,2015-01-01T00:00:00Z
http://www.wikidata.org/entity/Q1173076,http://www.wikidata.org/entity/Q18529,Wrexham FC,1.0,2006-01-01T00:00:00Z,2006-01-01T00:00:00Z
http://www.wikidata.org/entity/Q1173076,http://www.wikidata.org/entity/Q19592,Hartlepool United FC,4.0,2008-01-01T00:00:00Z,2008-01-01T00:00:00Z
http://www.wikidata.org/entity/Q1173076,http://www.wikidata.org/entity/Q18520,Luton Town Football Club,4.0,2008-01-01T00:00:00Z,2009-01-01T00:00:00Z
http://www.wikidata.org/entity/Q1177262,http://www.wikidata.org/entity/Q48843,Accrington Stanley Football Club,4.0,2008-01-01T00:00:00Z,2008-01-01T00:00:00Z
http://www.wikidata.org/entity/Q1177262,http://www.wikidata.org/entity/Q19573,Bury FC,19.0,2009-01-01T00:00:00Z,2009-01-01T00:00:00Z
http://www.wikidata.org/entity/Q1177262,http://www.wikidata.org/entity/Q48950,Rotherham United FC,3.0,2013-01-01T00:00:00Z,2014-01-01T00:00:00Z
http://www.wikidata.org/entity/Q1177262,http://www.wikidata.org/entity/Q19573,Bury FC,0.0,2006-01-01T00:00:00Z,2007-01-01T00:00:00Z
http://www.wikidata.org/entity/Q1177262,http://www.wikidata.org/entity/Q48951,Southend United FC,,2014-01-01T00:00:00Z,
http://www.wikidata.org/entity/Q1177262,http://www.wikidata.org/entity/Q19626,Shrewsbury Town Football Club,12.0,2009-01-01T00:00:00Z,2009-01-01T00:00:00Z
http://www.wikidata.org/entity/Q1177262,http://www.wikidata.org/entity/Q18744,West Bromwich Albion,0.0,2007-01-01T00:00:00Z,2010-01-01T00:00:00Z
http://www.wikidata.org/entity/Q1177262,http://www.wikidata.org/entity/Q19573,Bury FC,19.0,2009-01-01T00:00:00Z,2010-01-01T00:00:00Z
http://www.wikidata.org/entity/Q1177262,http://www.wikidata.org/entity/Q19601,Oldham Athletic AFC,18.0,2014-01-01T00:00:00Z,2014-01-01T00:00:00Z
http://www.wikidata.org/entity/Q1177262,http://www.wikidata.org/entity/Q19573,Bury FC,143.0,2010-01-01T00:00:00Z,2013-01-01T00:00:00Z
http://www.wikidata.org/entity/Q1177311,http://www.wikidata.org/entity/Q4823718,équipe d'Australie de football de plage,,2013-01-01T00:00:00Z,
http://www.wikidata.org/entity/Q1177311,http://www.wikidata.org/entity/Q3077214,Saint-George Saints Football Club,20.0,1993-01-01T00:00:00Z,1993-01-01T00:00:00Z
http://www.wikidata.org/entity/Q1177311,http://www.wikidata.org/entity/Q582423,Sydney United Football Club,114.0,1993-01-01T00:00:00Z,1997-01-01T00:00:00Z
http://www.wikidata.org/entity/Q1177311,http://www.wikidata.org/entity/Q268208,équipe d'Australie de football,31.0,1997-01-01T00:00:00Z,2005-01-01T00:00:00Z
http://www.wikidata.org/entity/Q1177311,http://www.wikidata.org/entity/Q701290,SSV Ulm 1846,55.0,1998-01-01T00:00:00Z,2000-01-01T00:00:00Z
http://www.wikidata.org/entity/Q1177311,http://www.wikidata.org/entity/Q19644,Walsall Football Club,24.0,2002-01-01T00:00:00Z,2003-01-01T00:00:00Z
http://www.wikidata.org/entity/Q1177311,http://www.wikidata.org/entity/Q647893,SV Eintracht Trèves 1905,11.0,2004-01-01T00:00:00Z,2004-01-01T00:00:00Z
http://www.wikidata.org/entity/Q1177311,http://www.wikidata.org/entity/Q14551982,SSV Ulm 1846 Fußball,55.0,1999-01-01T00:00:00Z,2000-01-01T00:00:00Z
http://www.wikidata.org/entity/Q1177311,http://www.wikidata.org/entity/Q187326,Aberdeen FC,31.0,2003-01-01T00:00:00Z,2004-01-01T00:00:00Z
http://www.wikidata.org/entity/Q1177311,http://www.wikidata.org/entity/Q330143,Sydney FC,59.0,2005-01-01T00:00:00Z,2008-01-01T00:00:00Z
http://www.wikidata.org/entity/Q1177311,http://www.wikidata.org/entity/Q158121,SpVgg Unterhaching,23.0,2000-01-01T00:00:00Z,2002-01-01T00:00:00Z
http://www.wikidata.org/entity/Q1177311,http://www.wikidata.org/entity/Q582423,Sydney United Football Club,33.0,2009-01-01T00:00:00Z,2010-01-01T00:00:00Z
http://www.wikidata.org/entity/Q1177311,http://www.wikidata.org/entity/Q603271,FC Aarau,25.0,1997-01-01T00:00:00Z,1998-01-01T00:00:00Z
http://www.wikidata.org/entity/Q1178484,http://www.wikidata.org/entity/Q382324,Kuopion Palloseura,24.0,2013-01-01T00:00:00Z,2013-01-01T00:00:00Z
http://www.wikidata.org/entity/Q1178484,http://www.wikidata.org/entity/Q382324,Kuopion Palloseura,8.0,2011-01-01T00:00:00Z,2012-01-01T00:00:00Z
http://www.wikidata.org/entity/Q1178484,http://www.wikidata.org/entity/Q270181,équipe de Gambie de football,,2000-01-01T00:00:00Z,
http://www.wikidata.org/entity/Q1178484,http://www.wikidata.org/entity/Q1560160,Hawks Football Club,,2002-01-01T00:00:00Z,2005-01-01T00:00:00Z
http://www.wikidata.org/entity/Q1178484,http://www.wikidata.org/entity/Q318698,Myllykosken Pallo-47,27.0,2014-01-01T00:00:00Z,2014-01-01T00:00:00Z
http://www.wikidata.org/entity/Q1178484,http://www.wikidata.org/entity/Q15755,FC Augsbourg,1.0,2011-01-01T00:00:00Z,2013-01-01T00:00:00Z
http://www.wikidata.org/entity/Q1178484,http://www.wikidata.org/entity/Q574997,Kokkolan Palloveikot,49.0,2005-01-01T00:00:00Z,2006-01-01T00:00:00Z
http://www.wikidata.org/entity/Q1178484,http://www.wikidata.org/entity/Q208584,HJK Helsinki,101.0,2007-01-01T00:00:00Z,2011-01-01T00:00:00Z
http://www.wikidata.org/entity/Q1178484,http://www.wikidata.org/entity/Q574997,Kokkolan Palloveikot,,2015-01-01T00:00:00Z,
http://www.wikidata.org/entity/Q1179039,http://www.wikidata.org/entity/Q204238,équipe d'Angleterre espoirs de football,2.0,1993-01-01T00:00:00Z,1993-01-01T00:00:00Z
http://www.wikidata.org/entity/Q1179039,http://www.wikidata.org/entity/Q1130849,Liverpool FC,185.0,1991-01-01T00:00:00Z,1999-01-01T00:00:00Z
http://www.wikidata.org/entity/Q1179039,http://www.wikidata.org/entity/Q18747,West Ham United FC,0.0,1999-01-01T00:00:00Z,1999-01-01T00:00:00Z
http://www.wikidata.org/entity/Q1179039,http://www.wikidata.org/entity/Q47762,équipe d'Angleterre de football,8.0,1992-01-01T00:00:00Z,1995-01-01T00:00:00Z
http://www.wikidata.org/entity/Q1179039,http://www.wikidata.org/entity/Q19587,Crewe Alexandra FC,75.0,1987-01-01T00:00:00Z,1991-01-01T00:00:00Z
http://www.wikidata.org/entity/Q1181083,http://www.wikidata.org/entity/Q15786,1. FC Nuremberg,0.0,2006-01-01T00:00:00Z,2007-01-01T00:00:00Z
http://www.wikidata.org/entity/Q1181083,http://www.wikidata.org/entity/Q16838184,Dapto Dandaloo Fury FC,,2013-01-01T00:00:00Z,2013-01-01T00:00:00Z
http://www.wikidata.org/entity/Q1181083,http://www.wikidata.org/entity/Q430307,Liaoning Yuandong,24.0,2011-01-01T00:00:00Z,2011-01-01T00:00:00Z
http://www.wikidata.org/entity/Q1181083,http://www.wikidata.org/entity/Q7649993,Sutherland Sharks FC,12.0,2004-01-01T00:00:00Z,2005-01-01T00:00:00Z
http://www.wikidata.org/entity/Q1181083,http://www.wikidata.org/entity/Q19473,Huddersfield Town Football Club,15.0,2010-01-01T00:00:00Z,2010-01-01T00:00:00Z
http://www.wikidata.org/entity/Q1181083,http://www.wikidata.org/entity/Q4856783,Bankstown City Lions FC,18.0,2015-01-01T00:00:00Z,2016-01-01T00:00:00Z
http://www.wikidata.org/entity/Q1181083,http://www.wikidata.org/entity/Q19871723,Bulli FC,11.0,2014-01-01T00:00:00Z,2014-01-01T00:00:00Z
http://www.wikidata.org/entity/Q1181083,http://www.wikidata.org/entity/Q1635767,Wollongong Wolves Football Club,20.0,2002-01-01T00:00:00Z,2003-01-01T00:00:00Z
http://www.wikidata.org/entity/Q1181083,http://www.wikidata.org/entity/Q268208,équipe d'Australie de football,2.0,2009-01-01T00:00:00Z,2010-01-01T00:00:00Z
http://www.wikidata.org/entity/Q1181083,http://www.wikidata.org/entity/Q582423,Sydney United Football Club,18.0,2003-01-01T00:00:00Z,2004-01-01T00:00:00Z
http://www.wikidata.org/entity/Q1181137,http://www.wikidata.org/entity/Q47965,Torquay United Football Club,10.0,1994-01-01T00:00:00Z,1994-01-01T00:00:00Z
http://www.wikidata.org/entity/Q1181137,http://www.wikidata.org/entity/Q19500,Wolverhampton Wanderers F.C.,7.0,2001-01-01T00:00:00Z,2001-01-01T00:00:00Z
http://www.wikidata.org/entity/Q1181137,http://www.wikidata.org/entity/Q19481,Leicester City FC,22.0,2001-01-01T00:00:00Z,2001-01-01T00:00:00Z
http://www.wikidata.org/entity/Q1181137,http://www.wikidata.org/entity/Q19470,Derby County FC,190.0,1991-01-01T00:00:00Z,2001-01-01T00:00:00Z
http://www.wikidata.org/entity/Q1181137,http://www.wikidata.org/entity/Q19607,Sheffield United FC,4.0,2003-01-01T00:00:00Z,2004-01-01T00:00:00Z
http://www.wikidata.org/entity/Q1181137,http://www.wikidata.org/entity/Q18723,QP Rangers,11.0,2005-01-01T00:00:00Z,2006-01-01T00:00:00Z
http://www.wikidata.org/entity/Q1181137,http://www.wikidata.org/entity/Q18518,Kidderminster Harriers Football Club,6.0,2006-01-01T00:00:00Z,2007-01-01T00:00:00Z
http://www.wikidata.org/entity/Q1187510,http://www.wikidata.org/entity/Q8466,1. FC Kaiserslautern,8.0,2012-01-01T00:00:00Z,2012-01-01T00:00:00Z
http://www.wikidata.org/entity/Q1187510,http://www.wikidata.org/entity/Q16525407,1. FC Kaiserslautern II,88.0,2010-01-01T00:00:00Z,2013-01-01T00:00:00Z
http://www.wikidata.org/entity/Q1187510,http://www.wikidata.org/entity/Q8466,1. FC Kaiserslautern,8.0,2012-01-01T00:00:00Z,2013-01-01T00:00:00Z
http://www.wikidata.org/entity/Q1187510,http://www.wikidata.org/entity/Q639525,SV Sandhausen,,2013-01-01T00:00:00Z,
http://www.wikidata.org/entity/Q1187845,http://www.wikidata.org/entity/Q836857,TuS Heeslingen,23.0,2006-01-01T00:00:00Z,2007-01-01T00:00:00Z
http://www.wikidata.org/entity/Q1187845,http://www.wikidata.org/entity/Q2168313,Rotenburger SV,26.0,2005-01-01T00:00:00Z,2006-01-01T00:00:00Z
http://www.wikidata.org/entity/Q1295132,http://www.wikidata.org/entity/Q1865284,AC Monopoli,11.0,2009-01-01T00:00:00Z,2009-01-01T00:00:00Z
http://www.wikidata.org/entity/Q1295132,http://www.wikidata.org/entity/Q847587,U.S. Salernitana 1919,24.0,2010-01-01T00:00:00Z,2011-01-01T00:00:00Z
http://www.wikidata.org/entity/Q1295132,http://www.wikidata.org/entity/Q208406,MTK Budapest FC,25.0,2009-01-01T00:00:00Z,2010-01-01T00:00:00Z
http://www.wikidata.org/entity/Q1295132,http://www.wikidata.org/entity/Q298217,US Avellino,3.0,2008-01-01T00:00:00Z,2008-01-01T00:00:00Z
http://www.wikidata.org/entity/Q1298682,http://www.wikidata.org/entity/Q18307,Witton Albion F.C.,,1987-01-01T00:00:00Z,1988-01-01T00:00:00Z
http://www.wikidata.org/entity/Q1298682,http://www.wikidata.org/entity/Q19598,Notts County FC,24.0,2004-01-01T00:00:00Z,2007-01-01T00:00:00Z
http://www.wikidata.org/entity/Q1298682,http://www.wikidata.org/entity/Q1128631,Leeds United,77.0,1988-01-01T00:00:00Z,1992-01-01T00:00:00Z
http://www.wikidata.org/entity/Q1298682,http://www.wikidata.org/entity/Q19607,Sheffield United FC,17.0,2003-01-01T00:00:00Z,2004-01-01T00:00:00Z
http://www.wikidata.org/entity/Q1298682,http://www.wikidata.org/entity/Q19451,Bolton Wanderers FC,132.0,1997-01-01T00:00:00Z,2003-01-01T00:00:00Z
http://www.wikidata.org/entity/Q1298682,http://www.wikidata.org/entity/Q19481,Leicester City FC,147.0,1992-01-01T00:00:00Z,1997-01-01T00:00:00Z
http://www.wikidata.org/entity/Q1299125,http://www.wikidata.org/entity/Q19449,Blackpool FC,6.0,2011-01-01T00:00:00Z,2011-01-01T00:00:00Z
http://www.wikidata.org/entity/Q1299125,http://www.wikidata.org/entity/Q170040,Rubin Kazan,8.0,2010-01-01T00:00:00Z,2010-01-01T00:00:00Z
http://www.wikidata.org/entity/Q1299125,http://www.wikidata.org/entity/Q846362,FK Vitebsk,4.0,2000-01-01T00:00:00Z,2000-01-01T00:00:00Z
http://www.wikidata.org/entity/Q1299125,http://www.wikidata.org/entity/Q29108,Zénith Saint-Pétersbourg,11.0,2009-01-01T00:00:00Z,2011-01-01T00:00:00Z
http://www.wikidata.org/entity/Q1299125,http://www.wikidata.org/entity/Q329510,Tom Tomsk,15.0,2010-01-01T00:00:00Z,2010-01-01T00:00:00Z
http://www.wikidata.org/entity/Q1299125,http://www.wikidata.org/entity/Q4534647,Belarus national under-19 football team,1.0,2001-01-01T00:00:00Z,2001-01-01T00:00:00Z
http://www.wikidata.org/entity/Q1299125,http://www.wikidata.org/entity/Q179075,Dynamo Kiev,12.0,2004-01-01T00:00:00Z,2004-01-01T00:00:00Z
http://www.wikidata.org/entity/Q1299125,http://www.wikidata.org/entity/Q274778,Krylia Sovetov Samara,190.0,2011-01-01T00:00:00Z,2019-07-01T00:00:00Z
http://www.wikidata.org/entity/Q1299125,http://www.wikidata.org/entity/Q175687,FK Dnipro,88.0,2005-01-01T00:00:00Z,2008-01-01T00:00:00Z
http://www.wikidata.org/entity/Q1299125,http://www.wikidata.org/entity/Q186252,équipe de Biélorussie de football,78.0,2004-01-01T00:00:00Z,2016-01-01T00:00:00Z
http://www.wikidata.org/entity/Q1299125,http://www.wikidata.org/entity/Q329510,Tom Tomsk,13.0,2008-01-01T00:00:00Z,2009-01-01T00:00:00Z
http://www.wikidata.org/entity/Q1299125,http://www.wikidata.org/entity/Q211477,Dinamo Minsk,46.0,2001-01-01T00:00:00Z,2003-01-01T00:00:00Z
http://www.wikidata.org/entity/Q1299125,http://www.wikidata.org/entity/Q1830925,équipe de Biélorussie olympique de football,4.0,2012-01-01T00:00:00Z,2012-01-01T00:00:00Z
http://www.wikidata.org/entity/Q1299125,http://www.wikidata.org/entity/Q2073145,équipe de Biélorussie espoirs de football,13.0,2003-01-01T00:00:00Z,2005-01-01T00:00:00Z
http://www.wikidata.org/entity/Q1305057,http://www.wikidata.org/entity/Q609926,Sportfreunde Siegen,16.0,2004-01-01T00:00:00Z,2006-01-01T00:00:00Z
http://www.wikidata.org/entity/Q1305057,http://www.wikidata.org/entity/Q319701,Harburger TB 1865,,1998-01-01T00:00:00Z,2000-01-01T00:00:00Z
http://www.wikidata.org/entity/Q1305057,http://www.wikidata.org/entity/Q6463,FC Sankt Pauli,28.0,2000-01-01T00:00:00Z,2004-01-01T00:00:00Z
http://www.wikidata.org/entity/Q1305057,http://www.wikidata.org/entity/Q379096,SpVgg Weiden 2010,57.0,2006-01-01T00:00:00Z,2010-01-01T00:00:00Z
http://www.wikidata.org/entity/Q1312570,http://www.wikidata.org/entity/Q154293,MSV Duisbourg,120.0,1995-01-01T00:00:00Z,2004-01-01T00:00:00Z
http://www.wikidata.org/entity/Q1312895,http://www.wikidata.org/entity/Q385317,Thouars Foot 79,,2008-01-01T00:00:00Z,2010-01-01T00:00:00Z
http://www.wikidata.org/entity/Q1312895,http://www.wikidata.org/entity/Q1582255,Vendée Poiré Football,,2005-01-01T00:00:00Z,2006-01-01T00:00:00Z
http://www.wikidata.org/entity/Q1312895,http://www.wikidata.org/entity/Q298518,Moulins Yzeure Foot 03 Auvergne,,2012-01-01T00:00:00Z,2015-01-01T00:00:00Z
http://www.wikidata.org/entity/Q1312895,http://www.wikidata.org/entity/Q298279,AS Cherbourg Football,,2006-01-01T00:00:00Z,2008-01-01T00:00:00Z
http://www.wikidata.org/entity/Q1312895,http://www.wikidata.org/entity/Q3555461,Luçon FC,,2003-01-01T00:00:00Z,2005-01-01T00:00:00Z
http://www.wikidata.org/entity/Q1312895,http://www.wikidata.org/entity/Q191595,équipe du Togo de football,17.0,2001-01-01T00:00:00Z,2009-01-01T00:00:00Z
http://www.wikidata.org/entity/Q1312895,http://www.wikidata.org/entity/Q221525,FC Metz,23.0,1998-01-01T00:00:00Z,2001-01-01T00:00:00Z
http://www.wikidata.org/entity/Q1312895,http://www.wikidata.org/entity/Q747693,Louhans-Cuiseaux FC,6.0,2001-01-01T00:00:00Z,2002-01-01T00:00:00Z
http://www.wikidata.org/entity/Q1316071,http://www.wikidata.org/entity/Q18520,Luton Town Football Club,82.0,1991-01-01T00:00:00Z,1995-01-01T00:00:00Z
http://www.wikidata.org/entity/Q1316071,http://www.wikidata.org/entity/Q309095,Revolution de la Nouvelle-Angleterre,33.0,2000-01-01T00:00:00Z,2002-01-01T00:00:00Z
http://www.wikidata.org/entity/Q1316071,http://www.wikidata.org/entity/Q1513377,Kettering Town Football Club,10.0,1992-01-01T00:00:00Z,1992-01-01T00:00:00Z
http://www.wikidata.org/entity/Q1316071,http://www.wikidata.org/entity/Q19453,Brighton & Hove,1.0,1991-01-01T00:00:00Z,1992-01-01T00:00:00Z
http://www.wikidata.org/entity/Q1316071,http://www.wikidata.org/entity/Q18723,QP Rangers,66.0,1995-01-01T00:00:00Z,1998-01-01T00:00:00Z
http://www.wikidata.org/entity/Q1316071,http://www.wikidata.org/entity/Q164134,équipe des États-Unis de football,10.0,1994-01-01T00:00:00Z,1998-01-01T00:00:00Z
http://www.wikidata.org/entity/Q1316071,http://www.wikidata.org/entity/Q19451,Bolton Wanderers FC,0.0,2001-01-01T00:00:00Z,2001-01-01T00:00:00Z
http://www.wikidata.org/entity/Q1316071,http://www.wikidata.org/entity/Q1513377,Kettering Town Football Club,10.0,1991-01-01T00:00:00Z,1992-01-01T00:00:00Z
http://www.wikidata.org/entity/Q1316071,http://www.wikidata.org/entity/Q457163,Crew de Columbus,21.0,1998-01-01T00:00:00Z,1999-01-01T00:00:00Z
http://www.wikidata.org/entity/Q1316071,http://www.wikidata.org/entity/Q47965,Torquay United Football Club,10.0,1992-01-01T00:00:00Z,1993-01-01T00:00:00Z
http://www.wikidata.org/entity/Q1316071,http://www.wikidata.org/entity/Q5161645,Connecticut Wolves,1.0,2000-01-01T00:00:00Z,2000-01-01T00:00:00Z
http://www.wikidata.org/entity/Q1317612,http://www.wikidata.org/entity/Q6664,AC Cesena,34.0,1999-01-01T00:00:00Z,2000-01-01T00:00:00Z
http://www.wikidata.org/entity/Q1317612,http://www.wikidata.org/entity/Q13391,Unione Sportiva Lecce,9.0,1993-01-01T00:00:00Z,1994-01-01T00:00:00Z
http://www.wikidata.org/entity/Q1317612,http://www.wikidata.org/entity/Q8623,Ternana Unicusano Calcio,21.0,1992-01-01T00:00:00Z,1993-01-01T00:00:00Z
http://www.wikidata.org/entity/Q1317612,http://www.wikidata.org/entity/Q6651,Brescia Calcio,65.0,1996-01-01T00:00:00Z,1999-01-01T00:00:00Z
http://www.wikidata.org/entity/Q1317612,http://www.wikidata.org/entity/Q631,FC Internazionale Milano,1.0,1994-01-01T00:00:00Z,1995-01-01T00:00:00Z
http://www.wikidata.org/entity/Q1317612,http://www.wikidata.org/entity/Q13391,Unione Sportiva Lecce,14.0,1991-01-01T00:00:00Z,1992-01-01T00:00:00Z
http://www.wikidata.org/entity/Q1317612,http://www.wikidata.org/entity/Q501245,Venise Football Club,31.0,1994-01-01T00:00:00Z,1995-01-01T00:00:00Z
http://www.wikidata.org/entity/Q1317612,http://www.wikidata.org/entity/Q631,FC Internazionale Milano,0.0,1989-01-01T00:00:00Z,1992-01-01T00:00:00Z
http://www.wikidata.org/entity/Q1317612,http://www.wikidata.org/entity/Q6703,Empoli Football Club,43.0,2000-01-01T00:00:00Z,2003-01-01T00:00:00Z
http://www.wikidata.org/entity/Q1319693,http://www.wikidata.org/entity/Q8639,Hellas Vérone Football Club,33.0,2008-01-01T00:00:00Z,2009-01-01T00:00:00Z
http://www.wikidata.org/entity/Q1319693,http://www.wikidata.org/entity/Q339596,Giulianova Calcio,31.0,1997-01-01T00:00:00Z,1998-01-01T00:00:00Z
http://www.wikidata.org/entity/Q1319693,http://www.wikidata.org/entity/Q3873502,équipe d'Italie de football des moins de 16 ans,1.0,1993-01-01T00:00:00Z,1994-01-01T00:00:00Z
http://www.wikidata.org/entity/Q1319693,http://www.wikidata.org/entity/Q2331232,équipe d'Italie de football des moins de 17 ans,1.0,1995-01-01T00:00:00Z,1995-01-01T00:00:00Z
http://www.wikidata.org/entity/Q1319693,http://www.wikidata.org/entity/Q611222,Trévise F.B.C. 1993,24.0,1998-01-01T00:00:00Z,1999-01-01T00:00:00Z
http://www.wikidata.org/entity/Q1319693,http://www.wikidata.org/entity/Q3873513,équipe d'Italie de football des moins de 18 ans,8.0,1995-01-01T00:00:00Z,1995-01-01T00:00:00Z
http://www.wikidata.org/entity/Q1319693,http://www.wikidata.org/entity/Q1279917,Pistoiese Football Club,6.0,1996-01-01T00:00:00Z,1996-01-01T00:00:00Z
http://www.wikidata.org/entity/Q1319693,http://www.wikidata.org/entity/Q6641,SSC Bari,0.0,1995-01-01T00:00:00Z,1996-01-01T00:00:00Z
http://www.wikidata.org/entity/Q1319693,http://www.wikidata.org/entity/Q287695,Fidelis Andria 2018,6.0,2009-01-01T00:00:00Z,2009-01-01T00:00:00Z
http://www.wikidata.org/entity/Q1319693,http://www.wikidata.org/entity/Q6641,SSC Bari,249.0,2000-01-01T00:00:00Z,2008-01-01T00:00:00Z
http://www.wikidata.org/entity/Q1320504,http://www.wikidata.org/entity/Q18723,QP Rangers,,2015-01-01T00:00:00Z,2016-01-01T00:00:00Z
http://www.wikidata.org/entity/Q1320504,http://www.wikidata.org/entity/Q19523,AS Nancy-Lorraine,41.0,2010-01-01T00:00:00Z,2012-01-01T00:00:00Z
http://www.wikidata.org/entity/Q1320504,http://www.wikidata.org/entity/Q18723,QP Rangers,9.0,2012-01-01T00:00:00Z,2012-01-01T00:00:00Z
http://www.wikidata.org/entity/Q1320504,http://www.wikidata.org/entity/Q309480,Ittihad FC,7.0,2014-01-01T00:00:00Z,2015-01-01T00:00:00Z
http://www.wikidata.org/entity/Q1320504,http://www.wikidata.org/entity/Q211733,équipe du Mali de football,,2012-01-01T00:00:00Z,
http://www.wikidata.org/entity/Q1320504,http://www.wikidata.org/entity/Q2714,Watford Football Club,6.0,2014-01-01T00:00:00Z,2014-01-01T00:00:00Z
http://www.wikidata.org/entity/Q1324468,http://www.wikidata.org/entity/Q18723,QP Rangers,27.0,2005-01-01T00:00:00Z,2007-01-01T00:00:00Z
http://www.wikidata.org/entity/Q1324468,http://www.wikidata.org/entity/Q19449,Blackpool FC,25.0,2006-01-01T00:00:00Z,2007-01-01T00:00:00Z
http://www.wikidata.org/entity/Q1324468,http://www.wikidata.org/entity/Q19470,Derby County FC,34.0,1999-01-01T00:00:00Z,2003-01-01T00:00:00Z
http://www.wikidata.org/entity/Q1324468,http://www.wikidata.org/entity/Q19449,Blackpool FC,204.0,2007-01-01T00:00:00Z,2013-01-01T00:00:00Z
http://www.wikidata.org/entity/Q1324468,http://www.wikidata.org/entity/Q48935,Chesterfield Football Club,84.0,2003-01-01T00:00:00Z,2005-01-01T00:00:00Z
http://www.wikidata.org/entity/Q1324468,http://www.wikidata.org/entity/Q48935,Chesterfield Football Club,148.0,2013-01-01T00:00:00Z,2018-01-01T00:00:00Z
http://www.wikidata.org/entity/Q1324468,http://www.wikidata.org/entity/Q48945,Northampton Town FC,11.0,2001-01-01T00:00:00Z,2001-01-01T00:00:00Z
http://www.wikidata.org/entity/Q1332687,http://www.wikidata.org/entity/Q204888,PAOK Salonique,9.0,2002-01-01T00:00:00Z,2003-01-01T00:00:00Z
http://www.wikidata.org/entity/Q1332687,http://www.wikidata.org/entity/Q289029,Società Sportiva Calcio Ancona,5.0,2002-01-01T00:00:00Z,2002-01-01T00:00:00Z
http://www.wikidata.org/entity/Q1332687,http://www.wikidata.org/entity/Q1056679,KS Hutnik Cracovie,95.0,1989-01-01T00:00:00Z,1992-01-01T00:00:00Z
http://www.wikidata.org/entity/Q1332687,http://www.wikidata.org/entity/Q2798,Udinese Calcio,97.0,1992-01-01T00:00:00Z,1997-01-01T00:00:00Z
http://www.wikidata.org/entity/Q1332687,http://www.wikidata.org/entity/Q134255,Górnik Zabrze,11.0,2003-01-01T00:00:00Z,2003-01-01T00:00:00Z
http://www.wikidata.org/entity/Q1332687,http://www.wikidata.org/entity/Q134255,Górnik Zabrze,11.0,2003-01-01T00:00:00Z,2004-01-01T00:00:00Z
http://www.wikidata.org/entity/Q1332687,http://www.wikidata.org/entity/Q204888,PAOK Salonique,9.0,2002-01-01T00:00:00Z,2002-01-01T00:00:00Z
http://www.wikidata.org/entity/Q1332687,http://www.wikidata.org/entity/Q6651,Brescia Calcio,110.0,1997-01-01T00:00:00Z,2001-01-01T00:00:00Z
http://www.wikidata.org/entity/Q1332687,http://www.wikidata.org/entity/Q166196,équipe de Pologne de football,45.0,1992-01-01T00:00:00Z,2002-01-01T00:00:00Z
http://www.wikidata.org/entity/Q1334976,http://www.wikidata.org/entity/Q18711,Aston Villa FC,28.0,1981-01-01T00:00:00Z,1987-01-01T00:00:00Z
http://www.wikidata.org/entity/Q1334976,http://www.wikidata.org/entity/Q19444,Birmingham City FC,57.0,1997-01-01T00:00:00Z,2001-01-01T00:00:00Z
http://www.wikidata.org/entity/Q1334976,http://www.wikidata.org/entity/Q48929,Burton Albion Football Club,123.0,2006-01-01T00:00:00Z,2014-01-01T00:00:00Z
http://www.wikidata.org/entity/Q1334976,http://www.wikidata.org/entity/Q19451,Bolton Wanderers FC,5.0,2001-01-01T00:00:00Z,2005-01-01T00:00:00Z
http://www.wikidata.org/entity/Q1334976,http://www.wikidata.org/entity/Q48945,Northampton Town FC,3.0,1984-01-01T00:00:00Z,1984-01-01T00:00:00Z
http://www.wikidata.org/entity/Q1334976,http://www.wikidata.org/entity/Q19470,Derby County FC,6.0,2005-01-01T00:00:00Z,2006-01-01T00:00:00Z
http://www.wikidata.org/entity/Q1334976,http://www.wikidata.org/entity/Q19592,Hartlepool United FC,12.0,1991-01-01T00:00:00Z,1991-01-01T00:00:00Z
http://www.wikidata.org/entity/Q1334976,http://www.wikidata.org/entity/Q19481,Leicester City FC,163.0,1991-01-01T00:00:00Z,1997-01-01T00:00:00Z
http://www.wikidata.org/entity/Q1334976,http://www.wikidata.org/entity/Q18661,Middlesbrough FC,34.0,1987-01-01T00:00:00Z,1991-01-01T00:00:00Z
http://www.wikidata.org/entity/Q1335738,http://www.wikidata.org/entity/Q695340,Tout Puissant Mazembe,,2015-01-01T00:00:00Z,
http://www.wikidata.org/entity/Q1340803,http://www.wikidata.org/entity/Q19442,Barnsley Football Club,14.0,2003-01-01T00:00:00Z,2004-01-01T00:00:00Z
http://www.wikidata.org/entity/Q1340803,http://www.wikidata.org/entity/Q19442,Barnsley Football Club,3.0,2004-01-01T00:00:00Z,2004-01-01T00:00:00Z
http://www.wikidata.org/entity/Q1340803,http://www.wikidata.org/entity/Q47965,Torquay United Football Club,6.0,1998-01-01T00:00:00Z,1998-01-01T00:00:00Z
http://www.wikidata.org/entity/Q1340803,http://www.wikidata.org/entity/Q18659,Swansea City AFC,226.0,2004-01-01T00:00:00Z,2014-01-01T00:00:00Z
http://www.wikidata.org/entity/Q1340803,http://www.wikidata.org/entity/Q48946,Oxford United Football Club,5.0,2001-01-01T00:00:00Z,2001-01-01T00:00:00Z
http://www.wikidata.org/entity/Q1340803,http://www.wikidata.org/entity/Q47965,Torquay United Football Club,5.0,1995-01-01T00:00:00Z,1996-01-01T00:00:00Z
http://www.wikidata.org/entity/Q1340803,http://www.wikidata.org/entity/Q18732,Southampton FC,11.0,1996-01-01T00:00:00Z,2004-01-01T00:00:00Z
http://www.wikidata.org/entity/Q1340803,http://www.wikidata.org/entity/Q18526,Stockport County FC,2.0,1999-01-01T00:00:00Z,1999-01-01T00:00:00Z
http://www.wikidata.org/entity/Q1341792,http://www.wikidata.org/entity/Q382324,Kuopion Palloseura,13.0,2008-01-01T00:00:00Z,2009-01-01T00:00:00Z
http://www.wikidata.org/entity/Q1341792,http://www.wikidata.org/entity/Q5450492,équipe de Finlande de football des moins de 19 ans,5.0,2010-01-01T00:00:00Z,2010-01-01T00:00:00Z
http://www.wikidata.org/entity/Q1341792,http://www.wikidata.org/entity/Q382324,Kuopion Palloseura,,2013-01-01T00:00:00Z,
http://www.wikidata.org/entity/Q1341792,http://www.wikidata.org/entity/Q19603,FC Twente,0.0,2009-01-01T00:00:00Z,2012-01-01T00:00:00Z
http://www.wikidata.org/entity/Q1341792,http://www.wikidata.org/entity/Q186532,équipe de Finlande de football,2.0,2012-01-01T00:00:00Z,2013-01-01T00:00:00Z
http://www.wikidata.org/entity/Q1341792,http://www.wikidata.org/entity/Q153539,SpVgg Greuther Fürth,31.0,2012-01-01T00:00:00Z,2013-01-01T00:00:00Z
http://www.wikidata.org/entity/Q1341792,http://www.wikidata.org/entity/Q614987,équipe de Finlande espoirs de football,3.0,2011-01-01T00:00:00Z,2011-01-01T00:00:00Z
http://www.wikidata.org/entity/Q1342632,http://www.wikidata.org/entity/Q1369461,Sakaryaspor,26.0,2006-01-01T00:00:00Z,2007-01-01T00:00:00Z
http://www.wikidata.org/entity/Q1342632,http://www.wikidata.org/entity/Q2529734,Stade gabésien,,2007-01-01T00:00:00Z,2007-01-01T00:00:00Z
http://www.wikidata.org/entity/Q1342632,http://www.wikidata.org/entity/Q283545,Al-Sadd SC,22.0,2005-01-01T00:00:00Z,2006-01-01T00:00:00Z
http://www.wikidata.org/entity/Q1342632,http://www.wikidata.org/entity/Q44897,Espérance sportive de Tunis,119.0,2001-01-01T00:00:00Z,2005-01-01T00:00:00Z
http://www.wikidata.org/entity/Q1342632,http://www.wikidata.org/entity/Q1369461,Sakaryaspor,42.0,2006-01-01T00:00:00Z,2006-01-01T00:00:00Z
http://www.wikidata.org/entity/Q1342632,http://www.wikidata.org/entity/Q290540,Étoile sportive du Sahel,86.0,1995-01-01T00:00:00Z,1998-01-01T00:00:00Z
http://www.wikidata.org/entity/Q1342632,http://www.wikidata.org/entity/Q1851954,Stade tunisien,12.0,2001-01-01T00:00:00Z,2001-01-01T00:00:00Z
http://www.wikidata.org/entity/Q1342632,http://www.wikidata.org/entity/Q208399,SC Bastia,43.0,1998-01-01T00:00:00Z,2001-01-01T00:00:00Z
http://www.wikidata.org/entity/Q1342632,http://www.wikidata.org/entity/Q2529734,Stade gabésien,,2007-01-01T00:00:00Z,2008-01-01T00:00:00Z
http://www.wikidata.org/entity/Q1342632,http://www.wikidata.org/entity/Q2663087,Moto Club de São Luís,,1992-01-01T00:00:00Z,1994-01-01T00:00:00Z
http://www.wikidata.org/entity/Q1342632,http://www.wikidata.org/entity/Q27971,équipe de Tunisie de football,39.0,1998-01-01T00:00:00Z,2006-01-01T00:00:00Z
http://www.wikidata.org/entity/Q1342923,http://www.wikidata.org/entity/Q459148,En avant Guingamp,7.0,2009-01-01T00:00:00Z,2010-01-01T00:00:00Z
http://www.wikidata.org/entity/Q1342923,http://www.wikidata.org/entity/Q1023214,Clube Desportivo Primeiro de Agosto,,2003-01-01T00:00:00Z,2005-01-01T00:00:00Z
http://www.wikidata.org/entity/Q1342923,http://www.wikidata.org/entity/Q757462,Atlético Petróleos de Luanda,,2005-01-01T00:00:00Z,2006-01-01T00:00:00Z
http://www.wikidata.org/entity/Q1342923,http://www.wikidata.org/entity/Q221525,FC Metz,35.0,2006-01-01T00:00:00Z,2009-01-01T00:00:00Z
http://www.wikidata.org/entity/Q1342923,http://www.wikidata.org/entity/Q192828,équipe d'Angola de football,20.0,1998-01-01T00:00:00Z,2008-01-01T00:00:00Z
http://www.wikidata.org/entity/Q1342923,http://www.wikidata.org/entity/Q757462,Atlético Petróleos de Luanda,,2001-01-01T00:00:00Z,2003-01-01T00:00:00Z
http://www.wikidata.org/entity/Q1342989,http://www.wikidata.org/entity/Q3873519,équipe de Pologne de football des moins de 18 ans,,2009-01-01T00:00:00Z,2010-01-01T00:00:00Z
http://www.wikidata.org/entity/Q1342989,http://www.wikidata.org/entity/Q8639,Hellas Vérone Football Club,,2015-01-01T00:00:00Z,
http://www.wikidata.org/entity/Q1342989,http://www.wikidata.org/entity/Q1457,UC Sampdoria,27.0,2013-01-01T00:00:00Z,2015-01-01T00:00:00Z
http://www.wikidata.org/entity/Q1342989,http://www.wikidata.org/entity/Q166196,équipe de Pologne de football,,2012-01-01T00:00:00Z,
http://www.wikidata.org/entity/Q1342989,http://www.wikidata.org/entity/Q3873552,équipe de Pologne de football des moins de 20 ans,4.0,2011-01-01T00:00:00Z,2012-01-01T00:00:00Z
http://www.wikidata.org/entity/Q1342989,http://www.wikidata.org/entity/Q262569,Polonia Varsovie,60.0,2010-01-01T00:00:00Z,2013-01-01T00:00:00Z
http://www.wikidata.org/entity/Q1342989,http://www.wikidata.org/entity/Q1780231,équipe de Pologne espoirs de football,10.0,2011-01-01T00:00:00Z,2013-01-01T00:00:00Z
http://www.wikidata.org/entity/Q1342989,http://www.wikidata.org/entity/Q2670674,équipe de Pologne de football des moins de 19 ans,9.0,2010-01-01T00:00:00Z,2011-01-01T00:00:00Z
http://www.wikidata.org/entity/Q1343369,http://www.wikidata.org/entity/Q750437,Xanthi F.C.,32.0,2013-01-01T00:00:00Z,2014-01-01T00:00:00Z
http://www.wikidata.org/entity/Q1343369,http://www.wikidata.org/entity/Q254231,équipe du Mozambique de football,,2002-01-01T00:00:00Z,2012-01-01T00:00:00Z
http://www.wikidata.org/entity/Q1343369,http://www.wikidata.org/entity/Q453925,FC Vaslui,13.0,2012-01-01T00:00:00Z,2012-01-01T00:00:00Z
http://www.wikidata.org/entity/Q1343369,http://www.wikidata.org/entity/Q321061,FC Sion,77.0,2007-01-01T00:00:00Z,2010-01-01T00:00:00Z
http://www.wikidata.org/entity/Q1343369,http://www.wikidata.org/entity/Q3494112,Sporting Clube de Portugal B,52.0,2001-01-01T00:00:00Z,2003-01-01T00:00:00Z
http://www.wikidata.org/entity/Q1343369,http://www.wikidata.org/entity/Q8835,RCD Majorque,0.0,2006-01-01T00:00:00Z,2007-01-01T00:00:00Z
http://www.wikidata.org/entity/Q1343369,http://www.wikidata.org/entity/Q75684,Sporting Clube de Braga,4.0,2006-01-01T00:00:00Z,2007-01-01T00:00:00Z
http://www.wikidata.org/entity/Q1343369,http://www.wikidata.org/entity/Q223450,Vitória Sport Clube,16.0,2006-01-01T00:00:00Z,2006-01-01T00:00:00Z
http://www.wikidata.org/entity/Q1343369,http://www.wikidata.org/entity/Q75729,Sporting Clube de Portugal,24.0,2003-01-01T00:00:00Z,2006-01-01T00:00:00Z
http://www.wikidata.org/entity/Q1343369,http://www.wikidata.org/entity/Q335195,Neuchâtel Xamax FCS,41.0,2010-01-01T00:00:00Z,2012-01-01T00:00:00Z
http://www.wikidata.org/entity/Q1343788,http://www.wikidata.org/entity/Q775976,Skeid Fotball,61.0,1995-01-01T00:00:00Z,1997-01-01T00:00:00Z
http://www.wikidata.org/entity/Q1343788,http://www.wikidata.org/entity/Q184387,équipe de Norvège de football,1.0,2001-01-01T00:00:00Z,2001-01-01T00:00:00Z
http://www.wikidata.org/entity/Q1343788,http://www.wikidata.org/entity/Q2446294,équipe de Norvège espoirs de football,5.0,1997-01-01T00:00:00Z,1997-01-01T00:00:00Z
http://www.wikidata.org/entity/Q1343788,http://www.wikidata.org/entity/Q212819,Vålerenga Fotball,298.0,2003-01-01T00:00:00Z,2015-01-01T00:00:00Z
http://www.wikidata.org/entity/Q1343788,http://www.wikidata.org/entity/Q211177,Viking FK,63.0,1999-01-01T00:00:00Z,2001-01-01T00:00:00Z
http://www.wikidata.org/entity/Q1343788,http://www.wikidata.org/entity/Q750097,FK Haugesund,25.0,1998-01-01T00:00:00Z,1998-01-01T00:00:00Z
http://www.wikidata.org/entity/Q1343788,http://www.wikidata.org/entity/Q6463,FC Sankt Pauli,10.0,2001-01-01T00:00:00Z,2002-01-01T00:00:00Z
http://www.wikidata.org/entity/Q1343788,http://www.wikidata.org/entity/Q211177,Viking FK,24.0,2002-01-01T00:00:00Z,2002-01-01T00:00:00Z
http://www.wikidata.org/entity/Q1343966,http://www.wikidata.org/entity/Q107818,FC Energie Cottbus,8.0,2012-01-01T00:00:00Z,2013-01-01T00:00:00Z
http://www.wikidata.org/entity/Q1343966,http://www.wikidata.org/entity/Q192071,Football Club de Nantes,0.0,2004-01-01T00:00:00Z,2005-01-01T00:00:00Z
http://www.wikidata.org/entity/Q1343966,http://www.wikidata.org/entity/Q1277549,équipe de France espoirs de football,2.0,2005-01-01T00:00:00Z,2005-01-01T00:00:00Z
http://www.wikidata.org/entity/Q1343966,http://www.wikidata.org/entity/Q333838,Thonon Évian Grand Genève Football Club,45.0,2009-01-01T00:00:00Z,2012-01-01T00:00:00Z
http://www.wikidata.org/entity/Q1343966,http://www.wikidata.org/entity/Q760736,Stade lavallois,32.0,2013-01-01T00:00:00Z,2014-01-01T00:00:00Z
http://www.wikidata.org/entity/Q1343966,http://www.wikidata.org/entity/Q221525,FC Metz,17.0,2008-01-01T00:00:00Z,2009-01-01T00:00:00Z
http://www.wikidata.org/entity/Q1343966,http://www.wikidata.org/entity/Q296050,AO Kavala,0.0,2009-01-01T00:00:00Z,2009-01-01T00:00:00Z
http://www.wikidata.org/entity/Q1343966,http://www.wikidata.org/entity/Q212269,Valenciennes FC,,2006-01-01T00:00:00Z,2008-01-01T00:00:00Z
http://www.wikidata.org/entity/Q1343966,http://www.wikidata.org/entity/Q309456,FC Lausanne-Sport,14.0,2014-01-01T00:00:00Z,2015-01-01T00:00:00Z
http://www.wikidata.org/entity/Q1343966,http://www.wikidata.org/entity/Q212269,Valenciennes FC,,2005-01-01T00:00:00Z,2006-01-01T00:00:00Z
http://www.wikidata.org/entity/Q1343966,http://www.wikidata.org/entity/Q1322550,FC Petrolul Ploiești,6.0,2015-01-01T00:00:00Z,2015-01-01T00:00:00Z
http://www.wikidata.org/entity/Q1344790,http://www.wikidata.org/entity/Q3873512,équipe de Norvège de football des moins de 18 ans,2.0,2001-01-01T00:00:00Z,2001-01-01T00:00:00Z
http://www.wikidata.org/entity/Q1344790,http://www.wikidata.org/entity/Q212819,Vålerenga Fotball,147.0,2008-01-01T00:00:00Z,2014-01-01T00:00:00Z
http://www.wikidata.org/entity/Q1344790,http://www.wikidata.org/entity/Q2446294,équipe de Norvège espoirs de football,9.0,2002-01-01T00:00:00Z,2005-01-01T00:00:00Z
http://www.wikidata.org/entity/Q1344790,http://www.wikidata.org/entity/Q3873500,équipe de Norvège de football des moins de 16 ans,4.0,1999-01-01T00:00:00Z,1999-01-01T00:00:00Z
http://www.wikidata.org/entity/Q1344790,http://www.wikidata.org/entity/Q3590274,équipe de Norvège de football des moins de 17 ans,6.0,2001-01-01T00:00:00Z,2002-01-01T00:00:00Z
http://www.wikidata.org/entity/Q1344790,http://www.wikidata.org/entity/Q3873545,équipe de Norvège de football des moins de 20 ans,2.0,2003-01-01T00:00:00Z,2003-01-01T00:00:00Z
http://www.wikidata.org/entity/Q1344790,http://www.wikidata.org/entity/Q3873528,équipe de Norvège de football des moins de 19 ans,5.0,2002-01-01T00:00:00Z,2002-01-01T00:00:00Z
http://www.wikidata.org/entity/Q1344790,http://www.wikidata.org/entity/Q184387,équipe de Norvège de football,27.0,2005-01-01T00:00:00Z,2014-01-01T00:00:00Z
http://www.wikidata.org/entity/Q1344790,http://www.wikidata.org/entity/Q18750,Wigan Athletic FC,2.0,2007-01-01T00:00:00Z,2007-01-01T00:00:00Z
http://www.wikidata.org/entity/Q1344790,http://www.wikidata.org/entity/Q737947,IK Start,156.0,2001-01-01T00:00:00Z,2007-01-01T00:00:00Z
http://www.wikidata.org/entity/Q1344790,http://www.wikidata.org/entity/Q3590274,équipe de Norvège de football des moins de 17 ans,6.0,2000-01-01T00:00:00Z,2000-01-01T00:00:00Z
http://www.wikidata.org/entity/Q1345030,http://www.wikidata.org/entity/Q742329,FC Vestsjælland,56.0,2013-01-01T00:00:00Z,2015-01-01T00:00:00Z
http://www.wikidata.org/entity/Q1345030,http://www.wikidata.org/entity/Q389879,Esbjerg fB,178.0,1999-01-01T00:00:00Z,2006-01-01T00:00:00Z
http://www.wikidata.org/entity/Q1345030,http://www.wikidata.org/entity/Q1270152,équipe du Danemark espoirs de football,17.0,2002-01-01T00:00:00Z,2003-01-01T00:00:00Z
http://www.wikidata.org/entity/Q1345030,http://www.wikidata.org/entity/Q211906,Brøndby IF,160.0,2008-01-01T00:00:00Z,2013-01-01T00:00:00Z
http://www.wikidata.org/entity/Q1345030,http://www.wikidata.org/entity/Q15786,1. FC Nuremberg,47.0,2006-01-01T00:00:00Z,2008-01-01T00:00:00Z
http://www.wikidata.org/entity/Q1345030,http://www.wikidata.org/entity/Q737633,FC Roskilde,,2015-01-01T00:00:00Z,
http://www.wikidata.org/entity/Q1345030,http://www.wikidata.org/entity/Q3873525,équipe du Danemark de football des moins de 19 ans,3.0,2000-01-01T00:00:00Z,2001-01-01T00:00:00Z
http://www.wikidata.org/entity/Q1345030,http://www.wikidata.org/entity/Q3873544,équipe du Danemark de football des moins de 20 ans,4.0,2002-01-01T00:00:00Z,2002-01-01T00:00:00Z
http://www.wikidata.org/entity/Q1345030,http://www.wikidata.org/entity/Q131785,équipe du Danemark de football,11.0,2003-01-01T00:00:00Z,2007-01-01T00:00:00Z
http://www.wikidata.org/entity/Q1348710,http://www.wikidata.org/entity/Q3590479,équipe de Turquie des moins de 17 ans de football,2.0,2010-01-01T00:00:00Z,2010-01-01T00:00:00Z
http://www.wikidata.org/entity/Q1348710,http://www.wikidata.org/entity/Q7855168,équipe de Turquie de football des moins de 20 ans,2.0,2013-01-01T00:00:00Z,2013-01-01T00:00:00Z
http://www.wikidata.org/entity/Q1348710,http://www.wikidata.org/entity/Q33748,Hanovre 96,22.0,2011-01-01T00:00:00Z,2012-01-01T00:00:00Z
http://www.wikidata.org/entity/Q1348710,http://www.wikidata.org/entity/Q5644342,Hambourg SV II,1.0,2015-01-01T00:00:00Z,2015-01-01T00:00:00Z
http://www.wikidata.org/entity/Q1348710,http://www.wikidata.org/entity/Q608122,Kayserispor,5.0,2012-01-01T00:00:00Z,2014-01-01T00:00:00Z
http://www.wikidata.org/entity/Q1348710,http://www.wikidata.org/entity/Q571553,SV Babelsberg 03,,2015-01-01T00:00:00Z,
http://www.wikidata.org/entity/Q1348710,http://www.wikidata.org/entity/Q7855167,équipe de Turquie de football des moins de 19 ans,5.0,2012-01-01T00:00:00Z,2012-01-01T00:00:00Z
http://www.wikidata.org/entity/Q1374538,http://www.wikidata.org/entity/Q19521,AS Saint-Étienne,,2012-01-01T00:00:00Z,
http://www.wikidata.org/entity/Q1374538,http://www.wikidata.org/entity/Q19523,AS Nancy-Lorraine,241.0,2002-01-01T00:00:00Z,2012-01-01T00:00:00Z
http://www.wikidata.org/entity/Q1377348,http://www.wikidata.org/entity/Q7579610,Club Sportivo Belgrano,145.0,2008-01-01T00:00:00Z,2015-01-01T00:00:00Z
http://www.wikidata.org/entity/Q1377348,http://www.wikidata.org/entity/Q7579610,Club Sportivo Belgrano,6.0,2000-01-01T00:00:00Z,2002-01-01T00:00:00Z
http://www.wikidata.org/entity/Q1377348,http://www.wikidata.org/entity/Q1022939,Club Atlético Talleres,,2015-01-01T00:00:00Z,
http://www.wikidata.org/entity/Q1377348,http://www.wikidata.org/entity/Q172476,Girondins de Bordeaux,82.0,2001-01-01T00:00:00Z,2008-01-01T00:00:00Z
http://www.wikidata.org/entity/Q1378770,http://www.wikidata.org/entity/Q301332,Kardemir Karabükspor,26.0,1993-01-01T00:00:00Z,1994-01-01T00:00:00Z
http://www.wikidata.org/entity/Q1378770,http://www.wikidata.org/entity/Q1624749,équipe de Turquie espoirs de football,12.0,1994-01-01T00:00:00Z,1995-01-01T00:00:00Z
http://www.wikidata.org/entity/Q1378770,http://www.wikidata.org/entity/Q495299,Galatasaray SK,166.0,1994-01-01T00:00:00Z,2002-01-01T00:00:00Z
http://www.wikidata.org/entity/Q1378770,http://www.wikidata.org/entity/Q272712,Çaykur Rizespor,4.0,2005-01-01T00:00:00Z,2005-01-01T00:00:00Z
http://www.wikidata.org/entity/Q1378770,http://www.wikidata.org/entity/Q19446,Blackburn Rovers FC,8.0,2002-01-01T00:00:00Z,2002-01-01T00:00:00Z
http://www.wikidata.org/entity/Q1378770,http://www.wikidata.org/entity/Q483856,équipe de Turquie de football,33.0,1996-01-01T00:00:00Z,2004-01-01T00:00:00Z
http://www.wikidata.org/entity/Q1378770,http://www.wikidata.org/entity/Q272712,Çaykur Rizespor,4.0,2005-01-01T00:00:00Z,2006-01-01T00:00:00Z
http://www.wikidata.org/entity/Q1378770,http://www.wikidata.org/entity/Q19446,Blackburn Rovers FC,8.0,2001-01-01T00:00:00Z,2002-01-01T00:00:00Z
http://www.wikidata.org/entity/Q1378770,http://www.wikidata.org/entity/Q495299,Galatasaray SK,53.0,2002-01-01T00:00:00Z,2005-01-01T00:00:00Z
http://www.wikidata.org/entity/Q1379017,http://www.wikidata.org/entity/Q389879,Esbjerg fB,69.0,2000-01-01T00:00:00Z,2002-01-01T00:00:00Z
http://www.wikidata.org/entity/Q1379017,http://www.wikidata.org/entity/Q2255267,équipe de Suède espoirs de football,27.0,1994-01-01T00:00:00Z,1998-01-01T00:00:00Z
http://www.wikidata.org/entity/Q1379017,http://www.wikidata.org/entity/Q217233,Stabæk Fotball,29.0,2005-01-01T00:00:00Z,2006-01-01T00:00:00Z
http://www.wikidata.org/entity/Q1379017,http://www.wikidata.org/entity/Q142005,FC Hansa Rostock,84.0,2002-01-01T00:00:00Z,2005-01-01T00:00:00Z
http://www.wikidata.org/entity/Q1379017,http://www.wikidata.org/entity/Q1886,Atalanta Bergame,12.0,1996-01-01T00:00:00Z,1997-01-01T00:00:00Z
http://www.wikidata.org/entity/Q1379017,http://www.wikidata.org/entity/Q201567,IFK Göteborg,38.0,1998-01-01T00:00:00Z,1999-01-01T00:00:00Z
http://www.wikidata.org/entity/Q1379017,http://www.wikidata.org/entity/Q204881,Malmö FF,54.0,1992-01-01T00:00:00Z,1996-01-01T00:00:00Z
http://www.wikidata.org/entity/Q1379017,http://www.wikidata.org/entity/Q863273,Landskrona BoIS,78.0,2007-01-01T00:00:00Z,2010-01-01T00:00:00Z
http://www.wikidata.org/entity/Q1379017,http://www.wikidata.org/entity/Q160826,équipe de Suède de football,3.0,1997-01-01T00:00:00Z,1997-01-01T00:00:00Z
http://www.wikidata.org/entity/Q1379087,http://www.wikidata.org/entity/Q11963,Hércules Alicante,14.0,2003-01-01T00:00:00Z,2003-01-01T00:00:00Z
http://www.wikidata.org/entity/Q1379087,http://www.wikidata.org/entity/Q12308,Xerez CD,42.0,2010-01-01T00:00:00Z,2012-01-01T00:00:00Z
http://www.wikidata.org/entity/Q1379087,http://www.wikidata.org/entity/Q12217,Real Madrid Castilla,7.0,2001-01-01T00:00:00Z,2002-01-01T00:00:00Z
http://www.wikidata.org/entity/Q1379087,http://www.wikidata.org/entity/Q10319,Real Valladolid,84.0,2005-01-01T00:00:00Z,2008-01-01T00:00:00Z
http://www.wikidata.org/entity/Q1379087,http://www.wikidata.org/entity/Q10383,AD Alcorcón,32.0,2001-01-01T00:00:00Z,2002-01-01T00:00:00Z
http://www.wikidata.org/entity/Q1379087,http://www.wikidata.org/entity/Q128024,Club Bolívar,,2013-01-01T00:00:00Z,
http://www.wikidata.org/entity/Q1379087,http://www.wikidata.org/entity/Q1124892,Huracán Valencia CF,36.0,2012-01-01T00:00:00Z,2013-01-01T00:00:00Z
http://www.wikidata.org/entity/Q1379087,http://www.wikidata.org/entity/Q1246437,Real Madrid C,,2000-01-01T00:00:00Z,2001-01-01T00:00:00Z
http://www.wikidata.org/entity/Q1379087,http://www.wikidata.org/entity/Q849271,Pontevedra CF,69.0,2003-01-01T00:00:00Z,2005-01-01T00:00:00Z
http://www.wikidata.org/entity/Q1379087,http://www.wikidata.org/entity/Q3873503,équipe d'Espagne de football des moins de 16 ans,1.0,1997-01-01T00:00:00Z,1997-01-01T00:00:00Z
http://www.wikidata.org/entity/Q1379087,http://www.wikidata.org/entity/Q12230,Real Murcie,69.0,2008-01-01T00:00:00Z,2010-01-01T00:00:00Z
http://www.wikidata.org/entity/Q1379100,http://www.wikidata.org/entity/Q80845,SC Internacional,38.0,1996-01-01T00:00:00Z,1997-01-01T00:00:00Z
http://www.wikidata.org/entity/Q1379100,http://www.wikidata.org/entity/Q72844,Al-Ettifaq Football Club,,2003-01-01T00:00:00Z,2004-01-01T00:00:00Z
http://www.wikidata.org/entity/Q1379100,http://www.wikidata.org/entity/Q737753,CF Universidad de Chili,23.0,2001-01-01T00:00:00Z,2002-01-01T00:00:00Z
http://www.wikidata.org/entity/Q1379100,http://www.wikidata.org/entity/Q2565662,Clube Atlético Metropolitano,,2009-01-01T00:00:00Z,2009-01-01T00:00:00Z
http://www.wikidata.org/entity/Q1379100,http://www.wikidata.org/entity/Q204675,AD Portuguesa,5.0,2002-01-01T00:00:00Z,2002-01-01T00:00:00Z
http://www.wikidata.org/entity/Q1379100,http://www.wikidata.org/entity/Q10319,Real Valladolid,5.0,1999-01-01T00:00:00Z,2000-01-01T00:00:00Z
http://www.wikidata.org/entity/Q1379100,http://www.wikidata.org/entity/Q80964,SE Palmeiras,14.0,1998-01-01T00:00:00Z,1999-01-01T00:00:00Z
http://www.wikidata.org/entity/Q1379100,http://www.wikidata.org/entity/Q2406792,Clube 15 de Novembro,,2002-01-01T00:00:00Z,2002-01-01T00:00:00Z
http://www.wikidata.org/entity/Q1379100,http://www.wikidata.org/entity/Q221695,Gremio Foot-Ball Porto Alegrense,10.0,2004-01-01T00:00:00Z,2005-01-01T00:00:00Z
http://www.wikidata.org/entity/Q1379100,http://www.wikidata.org/entity/Q5399137,Esporte Clube São Luiz,,2008-01-01T00:00:00Z,2008-01-01T00:00:00Z
http://www.wikidata.org/entity/Q1379100,http://www.wikidata.org/entity/Q8466,1. FC Kaiserslautern,10.0,1995-01-01T00:00:00Z,1996-01-01T00:00:00Z
http://www.wikidata.org/entity/Q1379100,http://www.wikidata.org/entity/Q1424072,Santa Fe Corporación Deportiva,8.0,2003-01-01T00:00:00Z,2004-01-01T00:00:00Z
http://www.wikidata.org/entity/Q1379100,http://www.wikidata.org/entity/Q3148978,Imbituba Futebol Clube,,2007-01-01T00:00:00Z,2007-01-01T00:00:00Z
http://www.wikidata.org/entity/Q1379100,http://www.wikidata.org/entity/Q221695,Gremio Foot-Ball Porto Alegrense,1.0,1999-01-01T00:00:00Z,1999-01-01T00:00:00Z
http://www.wikidata.org/entity/Q1379100,http://www.wikidata.org/entity/Q2453706,Sampaio Corrêa Futebol Clube,,2006-01-01T00:00:00Z,2006-01-01T00:00:00Z
http://www.wikidata.org/entity/Q1379100,http://www.wikidata.org/entity/Q3058496,Esporte Clube 14 de Julho,,2009-01-01T00:00:00Z,2009-01-01T00:00:00Z
http://www.wikidata.org/entity/Q1379100,http://www.wikidata.org/entity/Q2980323,Clube Atlético Tubarão,,2007-01-01T00:00:00Z,2008-01-01T00:00:00Z
http://www.wikidata.org/entity/Q1379100,http://www.wikidata.org/entity/Q338285,América Futebol Clube,,2002-01-01T00:00:00Z,2002-01-01T00:00:00Z
http://www.wikidata.org/entity/Q1379100,http://www.wikidata.org/entity/Q5612798,Grêmio Esportivo Glória,,2007-01-01T00:00:00Z,2007-01-01T00:00:00Z
http://www.wikidata.org/entity/Q1379100,http://www.wikidata.org/entity/Q221695,Gremio Foot-Ball Porto Alegrense,28.0,1993-01-01T00:00:00Z,1995-01-01T00:00:00Z
http://www.wikidata.org/entity/Q1379100,http://www.wikidata.org/entity/Q2419887,Mogi Mirim Esporte Clube,,2005-01-01T00:00:00Z,2006-01-01T00:00:00Z
http://www.wikidata.org/entity/Q1379100,http://www.wikidata.org/entity/Q2739373,Clube Esportivo,,1989-01-01T00:00:00Z,1993-01-01T00:00:00Z
http://www.wikidata.org/entity/Q1379100,http://www.wikidata.org/entity/Q83459,équipe du Brésil de football,7.0,1995-01-01T00:00:00Z,1996-01-01T00:00:00Z
http://www.wikidata.org/entity/Q1379592,http://www.wikidata.org/entity/Q12249,Recreativo de Huelva,14.0,2007-01-01T00:00:00Z,2008-01-01T00:00:00Z
http://www.wikidata.org/entity/Q1379592,http://www.wikidata.org/entity/Q257984,Gimnàstic,19.0,2007-01-01T00:00:00Z,2007-01-01T00:00:00Z
http://www.wikidata.org/entity/Q1379592,http://www.wikidata.org/entity/Q257984,Gimnàstic,19.0,2006-01-01T00:00:00Z,2006-01-01T00:00:00Z
http://www.wikidata.org/entity/Q1379592,http://www.wikidata.org/entity/Q170703,Boca Juniors,167.0,2000-01-01T00:00:00Z,2011-01-01T00:00:00Z
http://www.wikidata.org/entity/Q1380749,http://www.wikidata.org/entity/Q48939,Exeter City FC,,2012-01-01T00:00:00Z,
http://www.wikidata.org/entity/Q1380749,http://www.wikidata.org/entity/Q19470,Derby County FC,56.0,2006-01-01T00:00:00Z,2008-01-01T00:00:00Z
http://www.wikidata.org/entity/Q1380749,http://www.wikidata.org/entity/Q48939,Exeter City FC,7.0,2011-01-01T00:00:00Z,2011-01-01T00:00:00Z
http://www.wikidata.org/entity/Q1380749,http://www.wikidata.org/entity/Q18732,Southampton FC,261.0,1994-01-01T00:00:00Z,2006-01-01T00:00:00Z
http://www.wikidata.org/entity/Q1380749,http://www.wikidata.org/entity/Q19481,Leicester City FC,137.0,2008-01-01T00:00:00Z,2012-01-01T00:00:00Z
http://www.wikidata.org/entity/Q1380749,http://www.wikidata.org/entity/Q204238,équipe d'Angleterre espoirs de football,4.0,1997-01-01T00:00:00Z,1997-01-01T00:00:00Z
http://www.wikidata.org/entity/Q1380792,http://www.wikidata.org/entity/Q249648,Independiente del Valle,10.0,2014-01-01T00:00:00Z,2014-01-01T00:00:00Z
http://www.wikidata.org/entity/Q1380792,http://www.wikidata.org/entity/Q1022933,Club Atlético Rentistas,12.0,2015-01-01T00:00:00Z,2015-01-01T00:00:00Z
http://www.wikidata.org/entity/Q1380792,http://www.wikidata.org/entity/Q980573,Club Atlético River Plate,78.0,2001-01-01T00:00:00Z,2007-01-01T00:00:00Z
http://www.wikidata.org/entity/Q1380792,http://www.wikidata.org/entity/Q19066,Club Universitario de Deportes,,2015-01-01T00:00:00Z,2015-01-01T00:00:00Z
http://www.wikidata.org/entity/Q1380792,http://www.wikidata.org/entity/Q980573,Club Atlético River Plate,20.0,2009-01-01T00:00:00Z,2010-01-01T00:00:00Z
http://www.wikidata.org/entity/Q1380792,http://www.wikidata.org/entity/Q499616,Club Nacional,13.0,2013-01-01T00:00:00Z,2014-01-01T00:00:00Z
http://www.wikidata.org/entity/Q1380792,http://www.wikidata.org/entity/Q1262926,Dubaï Club,21.0,2012-01-01T00:00:00Z,2013-01-01T00:00:00Z
http://www.wikidata.org/entity/Q1380792,http://www.wikidata.org/entity/Q719344,CA Cerro,,2015-01-01T00:00:00Z,
http://www.wikidata.org/entity/Q1380792,http://www.wikidata.org/entity/Q3589754,équipe d'Australie de football des moins de 17 ans,0.0,1999-01-01T00:00:00Z,1999-01-01T00:00:00Z
http://www.wikidata.org/entity/Q1380792,http://www.wikidata.org/entity/Q2442864,équipe d'Uruguay de football des moins de 20 ans,3.0,2003-01-01T00:00:00Z,2003-01-01T00:00:00Z
http://www.wikidata.org/entity/Q1380792,http://www.wikidata.org/entity/Q216510,CF Os Belenenses,11.0,2008-01-01T00:00:00Z,2009-01-01T00:00:00Z
http://www.wikidata.org/entity/Q1380792,http://www.wikidata.org/entity/Q499616,Club Nacional,19.0,2010-01-01T00:00:00Z,2011-01-01T00:00:00Z
http://www.wikidata.org/entity/Q1380792,http://www.wikidata.org/entity/Q520066,Al Wasl Dubaï,8.0,2011-01-01T00:00:00Z,2011-01-01T00:00:00Z
http://www.wikidata.org/entity/Q1380792,http://www.wikidata.org/entity/Q2756,Sienne FC,1.0,2008-01-01T00:00:00Z,2011-01-01T00:00:00Z
http://www.wikidata.org/entity/Q1380792,http://www.wikidata.org/entity/Q499616,Club Nacional,16.0,2011-01-01T00:00:00Z,2012-01-01T00:00:00Z
http://www.wikidata.org/entity/Q1380941,http://www.wikidata.org/entity/Q324589,CA Lanús,32.0,2004-01-01T00:00:00Z,2005-01-01T00:00:00Z
http://www.wikidata.org/entity/Q1380941,http://www.wikidata.org/entity/Q852079,Burgos CF,36.0,2006-01-01T00:00:00Z,2006-01-01T00:00:00Z
http://www.wikidata.org/entity/Q1380941,http://www.wikidata.org/entity/Q80882,CD Godoy Cruz,75.0,2012-01-01T00:00:00Z,2014-01-01T00:00:00Z
http://www.wikidata.org/entity/Q1380941,http://www.wikidata.org/entity/Q1187790,équipe d'Argentine des moins de 20 ans de football,,2001-01-01T00:00:00Z,2001-01-01T00:00:00Z
http://www.wikidata.org/entity/Q1380941,http://www.wikidata.org/entity/Q215163,CA Vélez Sarsfield,50.0,1999-01-01T00:00:00Z,2006-01-01T00:00:00Z
http://www.wikidata.org/entity/Q1380941,http://www.wikidata.org/entity/Q215163,CA Vélez Sarsfield,18.0,2012-01-01T00:00:00Z,2012-01-01T00:00:00Z
http://www.wikidata.org/entity/Q1380941,http://www.wikidata.org/entity/Q476836,Arsenal Fútbol Club,76.0,2010-01-01T00:00:00Z,2011-01-01T00:00:00Z
http://www.wikidata.org/entity/Q1380941,http://www.wikidata.org/entity/Q59962,CA Belgrano,,2015-01-01T00:00:00Z,
http://www.wikidata.org/entity/Q1380941,http://www.wikidata.org/entity/Q852079,Burgos CF,36.0,2005-01-01T00:00:00Z,2006-01-01T00:00:00Z
http://www.wikidata.org/entity/Q1380941,http://www.wikidata.org/entity/Q221602,AIK Solna,74.0,2007-01-01T00:00:00Z,2009-01-01T00:00:00Z
http://www.wikidata.org/entity/Q1380941,http://www.wikidata.org/entity/Q476836,Arsenal Fútbol Club,38.0,2006-01-01T00:00:00Z,2007-01-01T00:00:00Z
http://www.wikidata.org/entity/Q1380941,http://www.wikidata.org/entity/Q427446,CD Universidad Católica,9.0,2014-01-01T00:00:00Z,2014-01-01T00:00:00Z
http://www.wikidata.org/entity/Q1380941,http://www.wikidata.org/entity/Q59962,CA Belgrano,37.0,2001-01-01T00:00:00Z,2002-01-01T00:00:00Z
http://www.wikidata.org/entity/Q1380941,http://www.wikidata.org/entity/Q459794,Plaisance Calcio 1919,7.0,2002-01-01T00:00:00Z,2003-01-01T00:00:00Z
http://www.wikidata.org/entity/Q1381817,http://www.wikidata.org/entity/Q626917,Chamois niortais,91.0,1993-01-01T00:00:00Z,1998-01-01T00:00:00Z
http://www.wikidata.org/entity/Q1381817,http://www.wikidata.org/entity/Q19444,Birmingham City FC,83.0,2002-01-01T00:00:00Z,2008-01-01T00:00:00Z
http://www.wikidata.org/entity/Q1381817,http://www.wikidata.org/entity/Q327238,Toronto FC,4.0,2008-01-01T00:00:00Z,2008-01-01T00:00:00Z
http://www.wikidata.org/entity/Q1381817,http://www.wikidata.org/entity/Q175145,équipe de Côte d'Ivoire de football,18.0,1999-01-01T00:00:00Z,2004-01-01T00:00:00Z
http://www.wikidata.org/entity/Q1381817,http://www.wikidata.org/entity/Q19607,Sheffield United FC,8.0,1999-01-01T00:00:00Z,1999-01-01T00:00:00Z
http://www.wikidata.org/entity/Q1381817,http://www.wikidata.org/entity/Q19593,Celtic FC,38.0,1999-01-01T00:00:00Z,2002-01-01T00:00:00Z
http://www.wikidata.org/entity/Q1381817,http://www.wikidata.org/entity/Q845067,LB Châteauroux,23.0,1998-01-01T00:00:00Z,1999-01-01T00:00:00Z
http://www.wikidata.org/entity/Q1383459,http://www.wikidata.org/entity/Q470796,Amica Wronki,,1993-01-01T00:00:00Z,1994-01-01T00:00:00Z
http://www.wikidata.org/entity/Q1383459,http://www.wikidata.org/entity/Q166196,équipe de Pologne de football,4.0,1998-01-01T00:00:00Z,2000-01-01T00:00:00Z
http://www.wikidata.org/entity/Q1383459,http://www.wikidata.org/entity/Q102720,Hertha BSC,10.0,1999-01-01T00:00:00Z,1999-01-01T00:00:00Z
http://www.wikidata.org/entity/Q1383459,http://www.wikidata.org/entity/Q153539,SpVgg Greuther Fürth,9.0,2001-01-01T00:00:00Z,2002-01-01T00:00:00Z
http://www.wikidata.org/entity/Q1383459,http://www.wikidata.org/entity/Q1198772,Warta Poznań,93.0,2009-01-01T00:00:00Z,2012-01-01T00:00:00Z
http://www.wikidata.org/entity/Q1383459,http://www.wikidata.org/entity/Q102720,Hertha BSC,6.0,2000-01-01T00:00:00Z,2001-01-01T00:00:00Z
http://www.wikidata.org/entity/Q1383459,http://www.wikidata.org/entity/Q153539,SpVgg Greuther Fürth,9.0,2001-01-01T00:00:00Z,2001-01-01T00:00:00Z
http://www.wikidata.org/entity/Q1383459,http://www.wikidata.org/entity/Q52942,Lech Poznań,146.0,1994-01-01T00:00:00Z,1998-01-01T00:00:00Z
http://www.wikidata.org/entity/Q1383459,http://www.wikidata.org/entity/Q52942,Lech Poznań,0.0,1990-01-01T00:00:00Z,1991-01-01T00:00:00Z
http://www.wikidata.org/entity/Q1383459,http://www.wikidata.org/entity/Q154293,MSV Duisbourg,22.0,1999-01-01T00:00:00Z,2000-01-01T00:00:00Z
http://www.wikidata.org/entity/Q1383459,http://www.wikidata.org/entity/Q52942,Lech Poznań,187.0,2002-01-01T00:00:00Z,2009-01-01T00:00:00Z
http://www.wikidata.org/entity/Q1383459,http://www.wikidata.org/entity/Q52942,Lech Poznań,8.0,2012-01-01T00:00:00Z,2013-01-01T00:00:00Z
http://www.wikidata.org/entity/Q1384243,http://www.wikidata.org/entity/Q153539,SpVgg Greuther Fürth,6.0,2004-01-01T00:00:00Z,2004-01-01T00:00:00Z
http://www.wikidata.org/entity/Q1384243,http://www.wikidata.org/entity/Q839313,SK Dynamo České Budějovice,10.0,2013-01-01T00:00:00Z,2013-01-01T00:00:00Z
http://www.wikidata.org/entity/Q1384243,http://www.wikidata.org/entity/Q2756,Sienne FC,64.0,2007-01-01T00:00:00Z,2010-01-01T00:00:00Z
http://www.wikidata.org/entity/Q1384243,http://www.wikidata.org/entity/Q1441523,FK Union Cheb 2001,5.0,1996-01-01T00:00:00Z,1996-01-01T00:00:00Z
http://www.wikidata.org/entity/Q1384243,http://www.wikidata.org/entity/Q839313,SK Dynamo České Budějovice,3.0,1997-01-01T00:00:00Z,1997-01-01T00:00:00Z
http://www.wikidata.org/entity/Q1384243,http://www.wikidata.org/entity/Q162472,1. FK Příbram,132.0,1997-01-01T00:00:00Z,2002-01-01T00:00:00Z
http://www.wikidata.org/entity/Q1384243,http://www.wikidata.org/entity/Q328332,FK Mladá Boleslav,6.0,1998-01-01T00:00:00Z,1998-01-01T00:00:00Z
http://www.wikidata.org/entity/Q1384243,http://www.wikidata.org/entity/Q194393,SK Slavia Prague,20.0,1994-01-01T00:00:00Z,1997-01-01T00:00:00Z
http://www.wikidata.org/entity/Q1384243,http://www.wikidata.org/entity/Q194393,SK Slavia Prague,60.0,2010-01-01T00:00:00Z,2013-01-01T00:00:00Z
http://www.wikidata.org/entity/Q1384243,http://www.wikidata.org/entity/Q608988,CS Sedan Ardennes,25.0,2003-01-01T00:00:00Z,2003-01-01T00:00:00Z
http://www.wikidata.org/entity/Q1384243,http://www.wikidata.org/entity/Q847499,1. FC Slovácko,29.0,2004-01-01T00:00:00Z,2005-01-01T00:00:00Z
http://www.wikidata.org/entity/Q1384243,http://www.wikidata.org/entity/Q194393,SK Slavia Prague,1.0,1997-01-01T00:00:00Z,1997-01-01T00:00:00Z
http://www.wikidata.org/entity/Q1384243,http://www.wikidata.org/entity/Q194393,SK Slavia Prague,57.0,2005-01-01T00:00:00Z,2007-01-01T00:00:00Z
http://www.wikidata.org/entity/Q1384243,http://www.wikidata.org/entity/Q1464421,équipe de Tchéquie espoirs de football,2.0,1996-01-01T00:00:00Z,1996-01-01T00:00:00Z
http://www.wikidata.org/entity/Q1384243,http://www.wikidata.org/entity/Q15079182,équipe de Tchéquie de football des moins de 18 ans,1.0,1994-01-01T00:00:00Z,1994-01-01T00:00:00Z
http://www.wikidata.org/entity/Q1384243,http://www.wikidata.org/entity/Q839313,SK Dynamo České Budějovice,3.0,1996-01-01T00:00:00Z,1997-01-01T00:00:00Z
http://www.wikidata.org/entity/Q1384718,http://www.wikidata.org/entity/Q239018,Hajduk-Rodic MB Kula,137.0,1999-01-01T00:00:00Z,2007-01-01T00:00:00Z
http://www.wikidata.org/entity/Q1384718,http://www.wikidata.org/entity/Q296050,AO Kavala,25.0,2009-01-01T00:00:00Z,2010-01-01T00:00:00Z
http://www.wikidata.org/entity/Q1384718,http://www.wikidata.org/entity/Q173009,Étoile rouge Belgrade,,2014-01-01T00:00:00Z,
http://www.wikidata.org/entity/Q1384718,http://www.wikidata.org/entity/Q828297,FK TSC Bačka Topola,25.0,2000-01-01T00:00:00Z,2001-01-01T00:00:00Z
http://www.wikidata.org/entity/Q1384718,http://www.wikidata.org/entity/Q207501,FK Vojvodina Novi Sad,11.0,2008-01-01T00:00:00Z,2008-01-01T00:00:00Z
http://www.wikidata.org/entity/Q1384718,http://www.wikidata.org/entity/Q189018,équipe du Monténégro de football,,2007-01-01T00:00:00Z,
http://www.wikidata.org/entity/Q1384718,http://www.wikidata.org/entity/Q16246550,FK Njegoš Lovćenac,39.0,1996-01-01T00:00:00Z,1999-01-01T00:00:00Z
http://www.wikidata.org/entity/Q1384718,http://www.wikidata.org/entity/Q141688,Anorthosis Famagouste FC,15.0,2013-01-01T00:00:00Z,2014-01-01T00:00:00Z
http://www.wikidata.org/entity/Q1384718,http://www.wikidata.org/entity/Q206585,Hapoël Tel-Aviv,12.0,2012-01-01T00:00:00Z,2013-01-01T00:00:00Z
http://www.wikidata.org/entity/Q1384718,http://www.wikidata.org/entity/Q240783,Omonia Nicosie,6.0,2012-01-01T00:00:00Z,2012-01-01T00:00:00Z
http://www.wikidata.org/entity/Q1384718,http://www.wikidata.org/entity/Q16246550,FK Njegoš Lovćenac,12.0,2002-01-01T00:00:00Z,2003-01-01T00:00:00Z
http://www.wikidata.org/entity/Q1384718,http://www.wikidata.org/entity/Q107818,FC Energie Cottbus,24.0,2008-01-01T00:00:00Z,2009-01-01T00:00:00Z
http://www.wikidata.org/entity/Q1384718,http://www.wikidata.org/entity/Q223728,Maccabi Tel-Aviv FC,50.0,2010-01-01T00:00:00Z,2012-01-01T00:00:00Z
http://www.wikidata.org/entity/Q1384815,http://www.wikidata.org/entity/Q167615,CF Montréal,23.0,2014-01-01T00:00:00Z,2014-01-01T00:00:00Z
http://www.wikidata.org/entity/Q1384815,http://www.wikidata.org/entity/Q3590570,équipe des États-Unis de football des moins de 17 ans,4.0,2000-01-01T00:00:00Z,2001-01-01T00:00:00Z
http://www.wikidata.org/entity/Q1384815,http://www.wikidata.org/entity/Q142005,FC Hansa Rostock,31.0,2007-01-01T00:00:00Z,2009-01-01T00:00:00Z
http://www.wikidata.org/entity/Q1384815,http://www.wikidata.org/entity/Q204220,Red Bulls de New York,32.0,2012-01-01T00:00:00Z,2013-01-01T00:00:00Z
http://www.wikidata.org/entity/Q1384815,http://www.wikidata.org/entity/Q642291,FC Dallas,34.0,2009-01-01T00:00:00Z,2010-01-01T00:00:00Z
http://www.wikidata.org/entity/Q1384815,http://www.wikidata.org/entity/Q642433,Club Deportivo Chivas USA,40.0,2011-01-01T00:00:00Z,2012-01-01T00:00:00Z
http://www.wikidata.org/entity/Q1384815,http://www.wikidata.org/entity/Q7892564,équipe des États-Unis de soccer des moins de 18 ans,1.0,2003-01-01T00:00:00Z,2003-01-01T00:00:00Z
http://www.wikidata.org/entity/Q1384815,http://www.wikidata.org/entity/Q287804,équipe des États-Unis de soccer des moins de 20 ans,3.0,2003-01-01T00:00:00Z,2003-01-01T00:00:00Z
http://www.wikidata.org/entity/Q1384815,http://www.wikidata.org/entity/Q201567,IFK Göteborg,0.0,2015-01-01T00:00:00Z,2015-01-01T00:00:00Z
http://www.wikidata.org/entity/Q1384815,http://www.wikidata.org/entity/Q164134,équipe des États-Unis de football,35.0,2005-01-01T00:00:00Z,2012-01-01T00:00:00Z
http://www.wikidata.org/entity/Q1384815,http://www.wikidata.org/entity/Q210025,Football Club Nordsjælland,75.0,2005-01-01T00:00:00Z,2007-01-01T00:00:00Z
http://www.wikidata.org/entity/Q1388327,http://www.wikidata.org/entity/Q216510,CF Os Belenenses,84.0,2003-01-01T00:00:00Z,2006-01-01T00:00:00Z
http://www.wikidata.org/entity/Q1388327,http://www.wikidata.org/entity/Q1591915,Hayes & Yeading United Football Club,44.0,2012-01-01T00:00:00Z,2013-01-01T00:00:00Z
http://www.wikidata.org/entity/Q1388327,http://www.wikidata.org/entity/Q219241,Falkirk Football Club,9.0,2009-01-01T00:00:00Z,2010-01-01T00:00:00Z
http://www.wikidata.org/entity/Q1388327,http://www.wikidata.org/entity/Q18293,Hednesford Town FC,30.0,2011-01-01T00:00:00Z,2012-01-01T00:00:00Z
http://www.wikidata.org/entity/Q1388327,http://www.wikidata.org/entity/Q18486,Northwich Victoria Football Club,18.0,2011-01-01T00:00:00Z,2011-01-01T00:00:00Z
http://www.wikidata.org/entity/Q1388327,http://www.wikidata.org/entity/Q18732,Southampton FC,37.0,2006-01-01T00:00:00Z,2007-01-01T00:00:00Z
http://www.wikidata.org/entity/Q1388327,http://www.wikidata.org/entity/Q18744,West Bromwich Albion,24.0,2007-01-01T00:00:00Z,2009-01-01T00:00:00Z
http://www.wikidata.org/entity/Q1388327,http://www.wikidata.org/entity/Q330039,équipe du Cap-Vert de football,11.0,2006-01-01T00:00:00Z,2009-01-01T00:00:00Z
http://www.wikidata.org/entity/Q1388327,http://www.wikidata.org/entity/Q3030204,Imortal DC,126.0,1996-01-01T00:00:00Z,2002-01-01T00:00:00Z
http://www.wikidata.org/entity/Q1388327,http://www.wikidata.org/entity/Q744353,SC Farense,28.0,2002-01-01T00:00:00Z,2003-01-01T00:00:00Z
http://www.wikidata.org/entity/Q1388327,http://www.wikidata.org/entity/Q2028870,Havant & Waterlooville Football Club,,2013-01-01T00:00:00Z,
http://www.wikidata.org/entity/Q1388327,http://www.wikidata.org/entity/Q248188,Milton Keynes Dons Football Club,0.0,2010-01-01T00:00:00Z,2010-01-01T00:00:00Z
http://www.wikidata.org/entity/Q1388415,http://www.wikidata.org/entity/Q19593,Celtic FC,56.0,2004-01-01T00:00:00Z,2007-01-01T00:00:00Z
http://www.wikidata.org/entity/Q1388415,http://www.wikidata.org/entity/Q16842784,Kerala Blasters,17.0,2014-01-01T00:00:00Z,2014-01-01T00:00:00Z
http://www.wikidata.org/entity/Q1388415,http://www.wikidata.org/entity/Q19456,Bristol City Football Club,28.0,2011-01-01T00:00:00Z,2012-01-01T00:00:00Z
http://www.wikidata.org/entity/Q1388415,http://www.wikidata.org/entity/Q18736,Stoke City FC,4.0,2008-01-01T00:00:00Z,2008-01-01T00:00:00Z
http://www.wikidata.org/entity/Q1388415,http://www.wikidata.org/entity/Q19456,Bristol City Football Club,36.0,2012-01-01T00:00:00Z,2014-01-01T00:00:00Z
http://www.wikidata.org/entity/Q1388415,http://www.wikidata.org/entity/Q19470,Derby County FC,115.0,2007-01-01T00:00:00Z,2012-01-01T00:00:00Z
http://www.wikidata.org/entity/Q1388415,http://www.wikidata.org/entity/Q216523,Motherwell Football Club,43.0,2015-01-01T00:00:00Z,2016-01-01T00:00:00Z
http://www.wikidata.org/entity/Q1388415,http://www.wikidata.org/entity/Q216523,Motherwell Football Club,11.0,2017-01-01T00:00:00Z,
http://www.wikidata.org/entity/Q1388415,http://www.wikidata.org/entity/Q4127960,équipe d'Écosse de football B,2.0,2003-01-01T00:00:00Z,2008-01-01T00:00:00Z
http://www.wikidata.org/entity/Q1388415,http://www.wikidata.org/entity/Q34044,équipe d'Écosse de football,10.0,2003-01-01T00:00:00Z,2007-01-01T00:00:00Z
http://www.wikidata.org/entity/Q1388415,http://www.wikidata.org/entity/Q16836329,ATK Football Club,11.0,2016-01-01T00:00:00Z,2016-01-01T00:00:00Z
http://www.wikidata.org/entity/Q1388415,http://www.wikidata.org/entity/Q216523,Motherwell Football Club,80.0,2000-01-01T00:00:00Z,2004-01-01T00:00:00Z
http://www.wikidata.org/entity/Q1388415,http://www.wikidata.org/entity/Q1812121,équipe d'Écosse espoirs de football,8.0,2002-01-01T00:00:00Z,2003-01-01T00:00:00Z
http://www.wikidata.org/entity/Q1389130,http://www.wikidata.org/entity/Q426513,Maccabi Netanya,30.0,2005-01-01T00:00:00Z,2006-01-01T00:00:00Z
http://www.wikidata.org/entity/Q1389130,http://www.wikidata.org/entity/Q309456,FC Lausanne-Sport,14.0,2000-01-01T00:00:00Z,2001-01-01T00:00:00Z
http://www.wikidata.org/entity/Q1389130,http://www.wikidata.org/entity/Q1138191,MS Ashdod,14.0,2007-01-01T00:00:00Z,2008-01-01T00:00:00Z
http://www.wikidata.org/entity/Q1389130,http://www.wikidata.org/entity/Q1061615,Dalian Haichang,12.0,2009-01-01T00:00:00Z,2010-01-01T00:00:00Z
http://www.wikidata.org/entity/Q1389130,http://www.wikidata.org/entity/Q19521,AS Saint-Étienne,8.0,1999-01-01T00:00:00Z,2000-01-01T00:00:00Z
http://www.wikidata.org/entity/Q1389130,http://www.wikidata.org/entity/Q429501,Al-Ittihad Tripoli,24.0,2003-01-01T00:00:00Z,2004-01-01T00:00:00Z
http://www.wikidata.org/entity/Q1389130,http://www.wikidata.org/entity/Q1632362,Maccabi Herzliya,31.0,2010-01-01T00:00:00Z,2011-01-01T00:00:00Z
http://www.wikidata.org/entity/Q1389130,http://www.wikidata.org/entity/Q29115,Lokomotiv Moscou,,2001-01-01T00:00:00Z,2001-01-01T00:00:00Z
http://www.wikidata.org/entity/Q1389130,http://www.wikidata.org/entity/Q1632362,Maccabi Herzliya,30.0,2008-01-01T00:00:00Z,2009-01-01T00:00:00Z
http://www.wikidata.org/entity/Q1389130,http://www.wikidata.org/entity/Q2129100,Maccabi Haïfa FC,24.0,2006-01-01T00:00:00Z,2007-01-01T00:00:00Z
http://www.wikidata.org/entity/Q1389130,http://www.wikidata.org/entity/Q730809,Nîmes Olympique,39.0,1997-01-01T00:00:00Z,1999-01-01T00:00:00Z
http://www.wikidata.org/entity/Q1389130,http://www.wikidata.org/entity/Q309480,Ittihad FC,24.0,2004-01-01T00:00:00Z,2004-01-01T00:00:00Z
http://www.wikidata.org/entity/Q1389130,http://www.wikidata.org/entity/Q124007617,SK Sturm Graz,48.0,2001-01-01T00:00:00Z,2003-01-01T00:00:00Z
http://www.wikidata.org/entity/Q1389130,http://www.wikidata.org/entity/Q1130570,Hapoël Bnei Sakhnin,26.0,2004-01-01T00:00:00Z,2005-01-01T00:00:00Z
http://www.wikidata.org/entity/Q1362397,http://www.wikidata.org/entity/Q2902792,équipe d'Israël de football des moins de 19 ans,14.0,2003-01-01T00:00:00Z,2004-01-01T00:00:00Z
http://www.wikidata.org/entity/Q1362397,http://www.wikidata.org/entity/Q455991,Hapoël Haïfa,31.0,2004-01-01T00:00:00Z,2005-01-01T00:00:00Z
http://www.wikidata.org/entity/Q1362397,http://www.wikidata.org/entity/Q223728,Maccabi Tel-Aviv FC,18.0,2015-01-01T00:00:00Z,2016-01-01T00:00:00Z
http://www.wikidata.org/entity/Q1362397,http://www.wikidata.org/entity/Q206585,Hapoël Tel-Aviv,58.0,2005-01-01T00:00:00Z,2007-01-01T00:00:00Z
http://www.wikidata.org/entity/Q1362605,http://www.wikidata.org/entity/Q1514695,Konkola Blades Football Club,,2005-01-01T00:00:00Z,2007-01-01T00:00:00Z
http://www.wikidata.org/entity/Q1362605,http://www.wikidata.org/entity/Q19516,Lille OSC,,2015-01-01T00:00:00Z,
http://www.wikidata.org/entity/Q1362605,http://www.wikidata.org/entity/Q19512,Football Club Sochaux-Montbéliard,,2014-01-01T00:00:00Z,2014-01-01T00:00:00Z
http://www.wikidata.org/entity/Q1362605,http://www.wikidata.org/entity/Q19512,Football Club Sochaux-Montbéliard,27.0,2014-01-09T00:00:00Z,2014-01-01T00:00:00Z
http://www.wikidata.org/entity/Q1362605,http://www.wikidata.org/entity/Q695340,Tout Puissant Mazembe,30.0,2009-01-01T00:00:00Z,2014-01-09T00:00:00Z
http://www.wikidata.org/entity/Q1362605,http://www.wikidata.org/entity/Q146063,Zanaco Football Club,,2007-01-01T00:00:00Z,2009-01-01T00:00:00Z
http://www.wikidata.org/entity/Q1362605,http://www.wikidata.org/entity/Q725367,Shanghai Shenhua FC,11.0,2015-01-01T00:00:00Z,2015-01-01T00:00:00Z
http://www.wikidata.org/entity/Q1362605,http://www.wikidata.org/entity/Q8065695,équipe de Zambie de football des moins de 20 ans,,2007-01-01T00:00:00Z,2007-01-01T00:00:00Z
http://www.wikidata.org/entity/Q1362605,http://www.wikidata.org/entity/Q845067,LB Châteauroux,0.0,2008-01-01T00:00:00Z,2009-01-01T00:00:00Z
http://www.wikidata.org/entity/Q1362605,http://www.wikidata.org/entity/Q206350,équipe de Zambie de football,,2008-01-01T00:00:00Z,
http://www.wikidata.org/entity/Q1363193,http://www.wikidata.org/entity/Q34044,équipe d'Écosse de football,4.0,2004-01-01T00:00:00Z,2007-01-01T00:00:00Z
http://www.wikidata.org/entity/Q1363193,http://www.wikidata.org/entity/Q18729,Reading FC,306.0,1998-01-01T00:00:00Z,2009-01-01T00:00:00Z
http://www.wikidata.org/entity/Q1363193,http://www.wikidata.org/entity/Q19462,Charlton Athletic FC,8.0,2009-01-01T00:00:00Z,2009-01-01T00:00:00Z
http://www.wikidata.org/entity/Q1363193,http://www.wikidata.org/entity/Q18732,Southampton FC,6.0,2009-01-01T00:00:00Z,2010-01-01T00:00:00Z
http://www.wikidata.org/entity/Q1363193,http://www.wikidata.org/entity/Q48954,York City Football Club,117.0,1993-01-01T00:00:00Z,1998-01-01T00:00:00Z
http://www.wikidata.org/entity/Q1363213,http://www.wikidata.org/entity/Q221695,Gremio Foot-Ball Porto Alegrense,31.0,2009-01-01T00:00:00Z,2009-01-01T00:00:00Z
http://www.wikidata.org/entity/Q1363213,http://www.wikidata.org/entity/Q283767,Al-Wahda Club,0.0,2007-01-01T00:00:00Z,2008-01-01T00:00:00Z
http://www.wikidata.org/entity/Q1363213,http://www.wikidata.org/entity/Q270995,Atlético Mineiro,106.0,2010-01-01T00:00:00Z,2014-01-01T00:00:00Z
http://www.wikidata.org/entity/Q1363213,http://www.wikidata.org/entity/Q80845,SC Internacional,,2015-01-01T00:00:00Z,
http://www.wikidata.org/entity/Q1363213,http://www.wikidata.org/entity/Q101859,VfL Wolfsburg,0.0,2010-01-01T00:00:00Z,2010-01-01T00:00:00Z
http://www.wikidata.org/entity/Q1363213,http://www.wikidata.org/entity/Q1422177,Paulista Futebol Clube,31.0,2004-01-01T00:00:00Z,2009-01-01T00:00:00Z
http://www.wikidata.org/entity/Q1363213,http://www.wikidata.org/entity/Q83459,équipe du Brésil de football,8.0,2010-01-01T00:00:00Z,2013-01-01T00:00:00Z
http://www.wikidata.org/entity/Q1363213,http://www.wikidata.org/entity/Q221695,Gremio Foot-Ball Porto Alegrense,35.0,2008-01-01T00:00:00Z,2008-01-01T00:00:00Z
http://www.wikidata.org/entity/Q1363284,http://www.wikidata.org/entity/Q18750,Wigan Athletic FC,9.0,2013-01-01T00:00:00Z,2013-01-01T00:00:00Z
http://www.wikidata.org/entity/Q1363284,http://www.wikidata.org/entity/Q18736,Stoke City FC,48.0,2007-01-01T00:00:00Z,2015-01-01T00:00:00Z
http://www.wikidata.org/entity/Q1363284,http://www.wikidata.org/entity/Q18660,Altrincham Football Club,34.0,2007-01-01T00:00:00Z,2008-01-01T00:00:00Z
http://www.wikidata.org/entity/Q1363284,http://www.wikidata.org/entity/Q19637,Tranmere Rovers FC,33.0,2008-01-01T00:00:00Z,2009-01-01T00:00:00Z
http://www.wikidata.org/entity/Q1363284,http://www.wikidata.org/entity/Q19442,Barnsley Football Club,30.0,2009-01-01T00:00:00Z,2010-01-01T00:00:00Z
http://www.wikidata.org/entity/Q1363284,http://www.wikidata.org/entity/Q19470,Derby County FC,12.0,2014-01-01T00:00:00Z,2014-01-01T00:00:00Z
http://www.wikidata.org/entity/Q1363284,http://www.wikidata.org/entity/Q19470,Derby County FC,,2015-01-01T00:00:00Z,
http://www.wikidata.org/entity/Q1363284,http://www.wikidata.org/entity/Q19444,Birmingham City FC,9.0,2016-01-01T00:00:00Z,2016-01-01T00:00:00Z
http://www.wikidata.org/entity/Q1363939,http://www.wikidata.org/entity/Q2703612,Pro Sesto 1913,15.0,2002-01-01T00:00:00Z,2003-01-01T00:00:00Z
http://www.wikidata.org/entity/Q1363939,http://www.wikidata.org/entity/Q676899,équipe d'Italie de football,20.0,1990-01-01T00:00:00Z,1997-01-01T00:00:00Z
http://www.wikidata.org/entity/Q1363939,http://www.wikidata.org/entity/Q1543,AC Milan,98.0,1992-01-01T00:00:00Z,1997-01-01T00:00:00Z
http://www.wikidata.org/entity/Q1363939,http://www.wikidata.org/entity/Q2074,Genoa CFC,212.0,1984-01-01T00:00:00Z,1992-01-01T00:00:00Z
http://www.wikidata.org/entity/Q1363939,http://www.wikidata.org/entity/Q19470,Derby County FC,95.0,1997-01-01T00:00:00Z,2001-01-01T00:00:00Z
http://www.wikidata.org/entity/Q1363967,http://www.wikidata.org/entity/Q8466,1. FC Kaiserslautern,12.0,2010-01-01T00:00:00Z,2011-01-01T00:00:00Z
http://www.wikidata.org/entity/Q1363967,http://www.wikidata.org/entity/Q138248,K Saint-Trond VV,6.0,2004-01-01T00:00:00Z,2005-01-01T00:00:00Z
http://www.wikidata.org/entity/Q1363967,http://www.wikidata.org/entity/Q3589940,équipe de Croatie de football des moins de 17 ans,6.0,2001-01-01T00:00:00Z,2002-01-01T00:00:00Z
http://www.wikidata.org/entity/Q1363967,http://www.wikidata.org/entity/Q2331381,équipe de Croatie espoirs de football,7.0,2003-01-01T00:00:00Z,2006-01-01T00:00:00Z
http://www.wikidata.org/entity/Q1363967,http://www.wikidata.org/entity/Q1807380,NK Istra,3.0,2012-01-01T00:00:00Z,2012-01-01T00:00:00Z
http://www.wikidata.org/entity/Q1363967,http://www.wikidata.org/entity/Q3446766,équipe de Croatie des moins de 19 ans,10.0,2002-01-01T00:00:00Z,2003-01-01T00:00:00Z
http://www.wikidata.org/entity/Q1363967,http://www.wikidata.org/entity/Q1807380,NK Istra,30.0,2005-01-01T00:00:00Z,2006-01-01T00:00:00Z
http://www.wikidata.org/entity/Q1363967,http://www.wikidata.org/entity/Q107818,FC Energie Cottbus,40.0,2012-01-01T00:00:00Z,2014-01-01T00:00:00Z
http://www.wikidata.org/entity/Q1363967,http://www.wikidata.org/entity/Q107818,FC Energie Cottbus,73.0,2006-01-01T00:00:00Z,2010-01-01T00:00:00Z
http://www.wikidata.org/entity/Q1363967,http://www.wikidata.org/entity/Q725916,NK Istra 1961,3.0,2012-01-01T00:00:00Z,2012-01-01T00:00:00Z
http://www.wikidata.org/entity/Q1363967,http://www.wikidata.org/entity/Q725916,NK Istra 1961,28.0,2005-01-01T00:00:00Z,2006-01-01T00:00:00Z
http://www.wikidata.org/entity/Q1363995,http://www.wikidata.org/entity/Q848642,Club Libertad,22.0,2011-01-01T00:00:00Z,2011-01-01T00:00:00Z
http://www.wikidata.org/entity/Q1363995,http://www.wikidata.org/entity/Q642098,Club de Deportes La Serena,9.0,2013-01-01T00:00:00Z,2013-01-01T00:00:00Z
http://www.wikidata.org/entity/Q1363995,http://www.wikidata.org/entity/Q221882,Newell's Old Boys,61.0,1998-01-01T00:00:00Z,2002-01-01T00:00:00Z
http://www.wikidata.org/entity/Q1363995,http://www.wikidata.org/entity/Q8466,1. FC Kaiserslautern,6.0,2006-01-01T00:00:00Z,2006-01-01T00:00:00Z
http://www.wikidata.org/entity/Q1363995,http://www.wikidata.org/entity/Q276533,Racing Club de Avellaneda,17.0,2002-01-01T00:00:00Z,2002-01-01T00:00:00Z
http://www.wikidata.org/entity/Q1363995,http://www.wikidata.org/entity/Q220621,Argentinos Juniors,55.0,2008-01-01T00:00:00Z,2010-01-01T00:00:00Z
http://www.wikidata.org/entity/Q1363995,http://www.wikidata.org/entity/Q1074980,Club Olimpo,17.0,2011-01-01T00:00:00Z,2012-01-01T00:00:00Z
http://www.wikidata.org/entity/Q1363995,http://www.wikidata.org/entity/Q1280895,Club Necaxa,11.0,2010-01-01T00:00:00Z,2011-01-01T00:00:00Z
http://www.wikidata.org/entity/Q1363995,http://www.wikidata.org/entity/Q477073,Saturn Ramenskoïe,53.0,2003-01-01T00:00:00Z,2005-01-01T00:00:00Z
http://www.wikidata.org/entity/Q1363995,http://www.wikidata.org/entity/Q945037,Argentino de Rosario,19.0,1999-01-01T00:00:00Z,2000-01-01T00:00:00Z
http://www.wikidata.org/entity/Q1363995,http://www.wikidata.org/entity/Q2602775,CSD Merlo,0.0,2012-01-01T00:00:00Z,2012-01-01T00:00:00Z
http://www.wikidata.org/entity/Q1363995,http://www.wikidata.org/entity/Q692646,CA Banfield,26.0,2007-01-01T00:00:00Z,2008-01-01T00:00:00Z
http://www.wikidata.org/entity/Q1363995,http://www.wikidata.org/entity/Q1480985,Club Atlético Morelia,15.0,2007-01-01T00:00:00Z,2007-01-01T00:00:00Z
http://www.wikidata.org/entity/Q1364947,http://www.wikidata.org/entity/Q174512,équipe de Slovaquie de football,2.0,2004-01-01T00:00:00Z,2004-01-01T00:00:00Z
http://www.wikidata.org/entity/Q1364947,http://www.wikidata.org/entity/Q310621,SV Wehen Wiesbaden,48.0,2012-01-01T00:00:00Z,2013-01-01T00:00:00Z
http://www.wikidata.org/entity/Q1364947,http://www.wikidata.org/entity/Q192253,ŠK Slovan Bratislava,42.0,2009-01-01T00:00:00Z,2011-01-01T00:00:00Z
http://www.wikidata.org/entity/Q1364947,http://www.wikidata.org/entity/Q194393,SK Slavia Prague,34.0,2007-01-01T00:00:00Z,2009-01-01T00:00:00Z
http://www.wikidata.org/entity/Q1364947,http://www.wikidata.org/entity/Q223264,FK AS Trenčín,56.0,1998-01-01T00:00:00Z,2003-01-01T00:00:00Z
http://www.wikidata.org/entity/Q1364947,http://www.wikidata.org/entity/Q479351,SV Darmstadt 98,57.0,2013-01-01T00:00:00Z,2016-01-01T00:00:00Z
http://www.wikidata.org/entity/Q1364947,http://www.wikidata.org/entity/Q847499,1. FC Slovácko,94.0,2004-01-01T00:00:00Z,2007-01-01T00:00:00Z
http://www.wikidata.org/entity/Q1364966,http://www.wikidata.org/entity/Q737727,FC Nitra,59.0,2003-01-01T00:00:00Z,2007-01-01T00:00:00Z
http://www.wikidata.org/entity/Q1364966,http://www.wikidata.org/entity/Q2037,Associazione Calcio ChievoVerona,4.0,2012-01-01T00:00:00Z,2014-01-01T00:00:00Z
http://www.wikidata.org/entity/Q1364966,http://www.wikidata.org/entity/Q39877,FC Petržalka 1898,31.0,2007-01-01T00:00:00Z,2008-01-01T00:00:00Z
http://www.wikidata.org/entity/Q1364966,http://www.wikidata.org/entity/Q453925,FC Vaslui,59.0,2009-01-01T00:00:00Z,2012-01-01T00:00:00Z
http://www.wikidata.org/entity/Q1364966,http://www.wikidata.org/entity/Q174512,équipe de Slovaquie de football,1.0,2006-01-01T00:00:00Z,2006-01-01T00:00:00Z
http://www.wikidata.org/entity/Q1364966,http://www.wikidata.org/entity/Q750437,Xanthi F.C.,,2015-01-01T00:00:00Z,
http://www.wikidata.org/entity/Q1364966,http://www.wikidata.org/entity/Q908477,Qəbələ FK,13.0,2014-01-01T00:00:00Z,2015-01-01T00:00:00Z
http://www.wikidata.org/entity/Q1364966,http://www.wikidata.org/entity/Q8623,Ternana Unicusano Calcio,28.0,2013-01-01T00:00:00Z,2014-01-01T00:00:00Z
http://www.wikidata.org/entity/Q1366485,http://www.wikidata.org/entity/Q249533,Glentoran Football Club,33.0,2009-01-01T00:00:00Z,2010-01-01T00:00:00Z
http://www.wikidata.org/entity/Q1366485,http://www.wikidata.org/entity/Q18750,Wigan Athletic FC,5.0,2000-01-01T00:00:00Z,2001-01-01T00:00:00Z
http://www.wikidata.org/entity/Q1366485,http://www.wikidata.org/entity/Q1478917,Longford Town Football Club,61.0,2011-01-01T00:00:00Z,2013-01-01T00:00:00Z
http://www.wikidata.org/entity/Q1366485,http://www.wikidata.org/entity/Q1998181,équipe d'Irlande du Nord espoirs de football,1.0,1994-01-01T00:00:00Z,1994-01-01T00:00:00Z
http://www.wikidata.org/entity/Q1366485,http://www.wikidata.org/entity/Q190978,équipe d'Irlande du Nord de football,86.0,1994-01-01T00:00:00Z,2008-01-01T00:00:00Z
http://www.wikidata.org/entity/Q1366485,http://www.wikidata.org/entity/Q18656,Manchester United FC,9.0,1993-01-01T00:00:00Z,1995-01-01T00:00:00Z
http://www.wikidata.org/entity/Q1366485,http://www.wikidata.org/entity/Q48879,Bradford City Association Football Club,3.0,2009-01-01T00:00:00Z,2009-01-01T00:00:00Z
http://www.wikidata.org/entity/Q1366485,http://www.wikidata.org/entity/Q19607,Sheffield United FC,97.0,2005-01-01T00:00:00Z,2009-01-01T00:00:00Z
http://www.wikidata.org/entity/Q1366485,http://www.wikidata.org/entity/Q19481,Leicester City FC,42.0,2003-01-01T00:00:00Z,2005-01-01T00:00:00Z
http://www.wikidata.org/entity/Q1366485,http://www.wikidata.org/entity/Q18716,Newcastle United FC,113.0,1995-01-01T00:00:00Z,1998-01-01T00:00:00Z
http://www.wikidata.org/entity/Q1366485,http://www.wikidata.org/entity/Q19446,Blackburn Rovers FC,115.0,1998-01-01T00:00:00Z,2003-01-01T00:00:00Z
http://www.wikidata.org/entity/Q1366485,http://www.wikidata.org/entity/Q18750,Wigan Athletic FC,8.0,1993-01-01T00:00:00Z,1993-01-01T00:00:00Z
http://www.wikidata.org/entity/Q1366485,http://www.wikidata.org/entity/Q19462,Charlton Athletic FC,6.0,2008-01-01T00:00:00Z,2008-01-01T00:00:00Z
http://www.wikidata.org/entity/Q1366485,http://www.wikidata.org/entity/Q909189,Darlington Football Club 1883,3.0,2010-01-01T00:00:00Z,2010-01-01T00:00:00Z
http://www.wikidata.org/entity/Q1367595,http://www.wikidata.org/entity/Q3873500,équipe de Norvège de football des moins de 16 ans,6.0,2000-01-01T00:00:00Z,2000-01-01T00:00:00Z
http://www.wikidata.org/entity/Q1367595,http://www.wikidata.org/entity/Q184387,équipe de Norvège de football,9.0,2006-01-01T00:00:00Z,2011-01-01T00:00:00Z
http://www.wikidata.org/entity/Q1367595,http://www.wikidata.org/entity/Q1130961,Hamarkameratene,96.0,2001-01-01T00:00:00Z,2005-01-01T00:00:00Z
http://www.wikidata.org/entity/Q1367595,http://www.wikidata.org/entity/Q205685,SK Brann,123.0,2006-01-01T00:00:00Z,2010-01-01T00:00:00Z
http://www.wikidata.org/entity/Q1367595,http://www.wikidata.org/entity/Q638288,Strømsgodset IF,6.0,2015-01-01T00:00:00Z,
http://www.wikidata.org/entity/Q1335738,http://www.wikidata.org/entity/Q907321,Hapoël Ironi Kiryat Shmona,,2008-01-01T00:00:00Z,2009-01-01T00:00:00Z
http://www.wikidata.org/entity/Q1335738,http://www.wikidata.org/entity/Q201360,Grasshopper Zurich,7.0,2014-01-01T00:00:00Z,2015-01-01T00:00:00Z
http://www.wikidata.org/entity/Q1335738,http://www.wikidata.org/entity/Q695340,Tout Puissant Mazembe,,2012-01-01T00:00:00Z,2014-01-01T00:00:00Z
http://www.wikidata.org/entity/Q1335738,http://www.wikidata.org/entity/Q907321,Hapoël Ironi Kiryat Shmona,0.0,2009-01-01T00:00:00Z,2009-01-01T00:00:00Z
http://www.wikidata.org/entity/Q1335738,http://www.wikidata.org/entity/Q206350,équipe de Zambie de football,,2011-01-01T00:00:00Z,
http://www.wikidata.org/entity/Q1335738,http://www.wikidata.org/entity/Q201360,Grasshopper Zurich,7.0,2014-01-01T00:00:00Z,2014-01-01T00:00:00Z
http://www.wikidata.org/entity/Q1335738,http://www.wikidata.org/entity/Q19512,Football Club Sochaux-Montbéliard,15.0,2014-01-01T00:00:00Z,2014-01-01T00:00:00Z
http://www.wikidata.org/entity/Q1335738,http://www.wikidata.org/entity/Q146063,Zanaco Football Club,,2007-01-01T00:00:00Z,2008-01-01T00:00:00Z
http://www.wikidata.org/entity/Q1335738,http://www.wikidata.org/entity/Q8065695,équipe de Zambie de football des moins de 20 ans,,2010-01-01T00:00:00Z,2010-01-01T00:00:00Z
http://www.wikidata.org/entity/Q1335738,http://www.wikidata.org/entity/Q5652175,Hapoel Kiryat Shmona F.C.,,2009-01-01T00:00:00Z,2009-01-01T00:00:00Z
http://www.wikidata.org/entity/Q1335738,http://www.wikidata.org/entity/Q1544590,Green Buffaloes Football Club,,2008-01-01T00:00:00Z,2011-01-01T00:00:00Z
http://www.wikidata.org/entity/Q1335773,http://www.wikidata.org/entity/Q865735,Royal Excelsior Mouscron,176.0,1999-01-01T00:00:00Z,2005-01-01T00:00:00Z
http://www.wikidata.org/entity/Q1335773,http://www.wikidata.org/entity/Q131378,APOEL Nicosie,43.0,2008-01-01T00:00:00Z,2010-01-01T00:00:00Z
http://www.wikidata.org/entity/Q1335773,http://www.wikidata.org/entity/Q730219,Korona Kielce,13.0,2012-01-01T00:00:00Z,2013-01-01T00:00:00Z
http://www.wikidata.org/entity/Q1335773,http://www.wikidata.org/entity/Q18232,La Gantoise,18.0,2006-01-01T00:00:00Z,2008-01-01T00:00:00Z
http://www.wikidata.org/entity/Q1335773,http://www.wikidata.org/entity/Q262569,Polonia Varsovie,,1993-01-01T00:00:00Z,1995-01-01T00:00:00Z
http://www.wikidata.org/entity/Q1335773,http://www.wikidata.org/entity/Q865735,Royal Excelsior Mouscron,12.0,2006-01-01T00:00:00Z,2006-01-01T00:00:00Z
http://www.wikidata.org/entity/Q1335773,http://www.wikidata.org/entity/Q849139,KSK Beveren,23.0,1998-01-01T00:00:00Z,1999-01-01T00:00:00Z
http://www.wikidata.org/entity/Q1335773,http://www.wikidata.org/entity/Q221525,FC Metz,13.0,2005-01-01T00:00:00Z,2006-01-01T00:00:00Z
http://www.wikidata.org/entity/Q1335773,http://www.wikidata.org/entity/Q5950862,Hutnik Warszawa,,1995-01-01T00:00:00Z,1996-01-01T00:00:00Z
http://www.wikidata.org/entity/Q1335773,http://www.wikidata.org/entity/Q753580,GKS Bełchatów,51.0,2010-01-01T00:00:00Z,2012-01-01T00:00:00Z
http://www.wikidata.org/entity/Q1335773,http://www.wikidata.org/entity/Q166196,équipe de Pologne de football,25.0,2000-01-01T00:00:00Z,2004-01-01T00:00:00Z
http://www.wikidata.org/entity/Q1335773,http://www.wikidata.org/entity/Q1065328,FCV Dender EH,7.0,2008-01-01T00:00:00Z,2008-01-01T00:00:00Z
http://www.wikidata.org/entity/Q1335773,http://www.wikidata.org/entity/Q262569,Polonia Varsovie,47.0,1996-01-01T00:00:00Z,1998-01-01T00:00:00Z
http://www.wikidata.org/entity/Q1336341,http://www.wikidata.org/entity/Q753462,CF Universitatea Cluj,66.0,1998-01-01T00:00:00Z,2006-01-01T00:00:00Z
http://www.wikidata.org/entity/Q1336341,http://www.wikidata.org/entity/Q753462,CF Universitatea Cluj,5.0,2014-01-01T00:00:00Z,2014-01-01T00:00:00Z
http://www.wikidata.org/entity/Q1336341,http://www.wikidata.org/entity/Q220863,SC Oțelul Galați,65.0,2006-01-01T00:00:00Z,2008-01-01T00:00:00Z
http://www.wikidata.org/entity/Q1336341,http://www.wikidata.org/entity/Q107818,FC Energie Cottbus,91.0,2008-01-01T00:00:00Z,2011-01-01T00:00:00Z
http://www.wikidata.org/entity/Q1336341,http://www.wikidata.org/entity/Q154293,MSV Duisbourg,23.0,2011-01-01T00:00:00Z,2013-01-01T00:00:00Z
http://www.wikidata.org/entity/Q1336341,http://www.wikidata.org/entity/Q141688,Anorthosis Famagouste FC,7.0,2012-01-01T00:00:00Z,2013-01-01T00:00:00Z
http://www.wikidata.org/entity/Q1336341,http://www.wikidata.org/entity/Q1590008,TuS Bersenbrück,,2015-01-01T00:00:00Z,
http://www.wikidata.org/entity/Q1336341,http://www.wikidata.org/entity/Q160530,VfL Osnabrück,8.0,2013-01-01T00:00:00Z,2013-01-01T00:00:00Z
http://www.wikidata.org/entity/Q1336341,http://www.wikidata.org/entity/Q220863,SC Oțelul Galați,9.0,2014-01-01T00:00:00Z,2015-01-01T00:00:00Z
http://www.wikidata.org/entity/Q1336341,http://www.wikidata.org/entity/Q924296,FC Ceahlăul Piatra Neamț,8.0,2013-01-01T00:00:00Z,2014-01-01T00:00:00Z
http://www.wikidata.org/entity/Q1336530,http://www.wikidata.org/entity/Q221602,AIK Solna,24.0,2002-01-01T00:00:00Z,2003-01-01T00:00:00Z
http://www.wikidata.org/entity/Q1336530,http://www.wikidata.org/entity/Q160826,équipe de Suède de football,30.0,1994-01-01T00:00:00Z,2002-01-01T00:00:00Z
http://www.wikidata.org/entity/Q1336530,http://www.wikidata.org/entity/Q10308,Real Saragosse,111.0,1997-01-01T00:00:00Z,2002-01-01T00:00:00Z
http://www.wikidata.org/entity/Q1336530,http://www.wikidata.org/entity/Q221602,AIK Solna,221.0,1988-01-01T00:00:00Z,1997-01-01T00:00:00Z
http://www.wikidata.org/entity/Q1336955,http://www.wikidata.org/entity/Q198032,EC Bahia,,2011-01-01T00:00:00Z,2011-01-01T00:00:00Z
http://www.wikidata.org/entity/Q1336955,http://www.wikidata.org/entity/Q221525,FC Metz,39.0,2000-01-01T00:00:00Z,2004-01-01T00:00:00Z
http://www.wikidata.org/entity/Q1336955,http://www.wikidata.org/entity/Q332527,Independiente Medellín,19.0,2010-01-01T00:00:00Z,2010-01-01T00:00:00Z
http://www.wikidata.org/entity/Q1336955,http://www.wikidata.org/entity/Q332605,Atletico Nacional,34.0,2000-01-01T00:00:00Z,2000-01-01T00:00:00Z
http://www.wikidata.org/entity/Q1336955,http://www.wikidata.org/entity/Q332524,Junior Barranquilla,16.0,2013-01-01T00:00:00Z,2013-01-01T00:00:00Z
http://www.wikidata.org/entity/Q1336955,http://www.wikidata.org/entity/Q1103153,San Luis FC,89.0,2007-01-01T00:00:00Z,2010-01-01T00:00:00Z
http://www.wikidata.org/entity/Q1336955,http://www.wikidata.org/entity/Q5472511,Corporación Deportiva Fortaleza Fútbol Club,10.0,2014-01-01T00:00:00Z,2014-01-01T00:00:00Z
http://www.wikidata.org/entity/Q1336955,http://www.wikidata.org/entity/Q332527,Independiente Medellín,35.0,2002-01-01T00:00:00Z,2003-01-01T00:00:00Z
http://www.wikidata.org/entity/Q1336955,http://www.wikidata.org/entity/Q332661,club Deportivo Atlético Huila,14.0,2013-01-01T00:00:00Z,2013-01-01T00:00:00Z
http://www.wikidata.org/entity/Q1336955,http://www.wikidata.org/entity/Q47533,CD Once Caldas,15.0,2005-01-01T00:00:00Z,2005-01-01T00:00:00Z
http://www.wikidata.org/entity/Q1336955,http://www.wikidata.org/entity/Q332833,Rionegro FC,15.0,2014-01-01T00:00:00Z,2014-01-01T00:00:00Z
http://www.wikidata.org/entity/Q1336955,http://www.wikidata.org/entity/Q719338,Club de Deportes Santiago Wanderers,23.0,2011-01-01T00:00:00Z,2012-01-01T00:00:00Z
http://www.wikidata.org/entity/Q1336955,http://www.wikidata.org/entity/Q572957,Club Alianza Lima,40.0,1999-01-01T00:00:00Z,1999-01-01T00:00:00Z
http://www.wikidata.org/entity/Q1336955,http://www.wikidata.org/entity/Q1052781,Club Celaya,,2015-01-01T00:00:00Z,
http://www.wikidata.org/entity/Q1336955,http://www.wikidata.org/entity/Q719338,Club de Deportes Santiago Wanderers,,2012-01-01T00:00:00Z,
http://www.wikidata.org/entity/Q1336955,http://www.wikidata.org/entity/Q1023235,Tiburones Rojos Veracruz,30.0,2006-01-01T00:00:00Z,2006-01-01T00:00:00Z
http://www.wikidata.org/entity/Q1336955,http://www.wikidata.org/entity/Q1280895,Club Necaxa,29.0,2005-01-01T00:00:00Z,2006-01-01T00:00:00Z
http://www.wikidata.org/entity/Q1336955,http://www.wikidata.org/entity/Q663400,Deportivo Cali,16.0,2004-01-01T00:00:00Z,2004-01-01T00:00:00Z
http://www.wikidata.org/entity/Q1336955,http://www.wikidata.org/entity/Q212564,équipe de Colombie de football,32.0,2000-01-01T00:00:00Z,2008-01-01T00:00:00Z
http://www.wikidata.org/entity/Q1336955,http://www.wikidata.org/entity/Q391987,América de Cali,14.0,2002-01-01T00:00:00Z,2002-01-01T00:00:00Z
http://www.wikidata.org/entity/Q1336955,http://www.wikidata.org/entity/Q575370,Earthquakes de San José,12.0,2012-01-01T00:00:00Z,2012-01-01T00:00:00Z
http://www.wikidata.org/entity/Q1337341,http://www.wikidata.org/entity/Q2674,Palermo F.C.,13.0,2004-01-01T00:00:00Z,2005-01-01T00:00:00Z
http://www.wikidata.org/entity/Q1337341,http://www.wikidata.org/entity/Q79800,équipe d'Argentine de football,1.0,2005-01-01T00:00:00Z,2005-01-01T00:00:00Z
http://www.wikidata.org/entity/Q1337341,http://www.wikidata.org/entity/Q214978,CA Independiente,42.0,2012-01-01T00:00:00Z,2013-01-01T00:00:00Z
http://www.wikidata.org/entity/Q1337341,http://www.wikidata.org/entity/Q584316,Danubio Fútbol Club,7.0,2014-01-01T00:00:00Z,2015-01-01T00:00:00Z
http://www.wikidata.org/entity/Q1337341,http://www.wikidata.org/entity/Q2902690,équipe d'Argentine de football des moins de 17 ans,2.0,1997-01-01T00:00:00Z,1997-01-01T00:00:00Z
http://www.wikidata.org/entity/Q1337341,http://www.wikidata.org/entity/Q128446,Futebol Clube do Porto,54.0,2007-01-01T00:00:00Z,2010-01-01T00:00:00Z
http://www.wikidata.org/entity/Q1337341,http://www.wikidata.org/entity/Q391987,América de Cali,,2015-01-01T00:00:00Z,
http://www.wikidata.org/entity/Q1337341,http://www.wikidata.org/entity/Q2674,Palermo F.C.,13.0,2004-01-01T00:00:00Z,2004-01-01T00:00:00Z
http://www.wikidata.org/entity/Q1337341,http://www.wikidata.org/entity/Q188277,Cruzeiro EC,25.0,2010-01-01T00:00:00Z,2014-01-01T00:00:00Z
http://www.wikidata.org/entity/Q1337341,http://www.wikidata.org/entity/Q15799,Club Atlético River Plate,67.0,2005-01-01T00:00:00Z,2007-01-01T00:00:00Z
http://www.wikidata.org/entity/Q1337341,http://www.wikidata.org/entity/Q214940,Estudiantes de La Plata,206.0,1997-01-01T00:00:00Z,2004-01-01T00:00:00Z
http://www.wikidata.org/entity/Q1337341,http://www.wikidata.org/entity/Q1187790,équipe d'Argentine des moins de 20 ans de football,3.0,1999-01-01T00:00:00Z,1999-01-01T00:00:00Z
http://www.wikidata.org/entity/Q1337508,http://www.wikidata.org/entity/Q635654,Lyngby BK,11.0,2012-01-01T00:00:00Z,2012-01-01T00:00:00Z
http://www.wikidata.org/entity/Q1337508,http://www.wikidata.org/entity/Q1270152,équipe du Danemark espoirs de football,18.0,2004-01-01T00:00:00Z,2006-01-01T00:00:00Z
http://www.wikidata.org/entity/Q1337508,http://www.wikidata.org/entity/Q389879,Esbjerg fB,27.0,2012-01-01T00:00:00Z,2014-01-01T00:00:00Z
http://www.wikidata.org/entity/Q1337508,http://www.wikidata.org/entity/Q1270133,équipe du Danemark de football des moins de 17 ans,14.0,2000-01-01T00:00:00Z,2001-01-01T00:00:00Z
http://www.wikidata.org/entity/Q1337508,http://www.wikidata.org/entity/Q138749,équipe du Danemark de football des moins de 16 ans,3.0,2000-01-01T00:00:00Z,2000-01-01T00:00:00Z
http://www.wikidata.org/entity/Q1337508,http://www.wikidata.org/entity/Q3873525,équipe du Danemark de football des moins de 19 ans,18.0,2001-01-01T00:00:00Z,2003-01-01T00:00:00Z
http://www.wikidata.org/entity/Q1337508,http://www.wikidata.org/entity/Q6767,US Livourne 1915,66.0,2007-01-01T00:00:00Z,2010-01-01T00:00:00Z
http://www.wikidata.org/entity/Q1337508,http://www.wikidata.org/entity/Q3873544,équipe du Danemark de football des moins de 20 ans,4.0,2003-01-01T00:00:00Z,2004-01-01T00:00:00Z
http://www.wikidata.org/entity/Q1337508,http://www.wikidata.org/entity/Q1270129,équipe du Danemark de football des moins de 18 ans,1.0,2002-01-01T00:00:00Z,2002-01-01T00:00:00Z
http://www.wikidata.org/entity/Q1337508,http://www.wikidata.org/entity/Q3873525,équipe du Danemark de football des moins de 19 ans,4.0,2003-01-01T00:00:00Z,2004-01-01T00:00:00Z
http://www.wikidata.org/entity/Q1337508,http://www.wikidata.org/entity/Q188430,FC Copenhague,11.0,2010-01-01T00:00:00Z,2012-01-01T00:00:00Z
http://www.wikidata.org/entity/Q1337508,http://www.wikidata.org/entity/Q188430,FC Copenhague,64.0,2002-01-01T00:00:00Z,2007-01-01T00:00:00Z
http://www.wikidata.org/entity/Q1337508,http://www.wikidata.org/entity/Q1270133,équipe du Danemark de football des moins de 17 ans,3.0,2000-01-01T00:00:00Z,2000-01-01T00:00:00Z
http://www.wikidata.org/entity/Q1337508,http://www.wikidata.org/entity/Q14536517,Vendsyssel FF,,2015-01-01T00:00:00Z,
http://www.wikidata.org/entity/Q1338242,http://www.wikidata.org/entity/Q759482,US Cremonese,13.0,2013-01-01T00:00:00Z,2014-01-01T00:00:00Z
http://www.wikidata.org/entity/Q1338242,http://www.wikidata.org/entity/Q221752,F91 Dudelange,17.0,2009-01-01T00:00:00Z,2010-01-01T00:00:00Z
http://www.wikidata.org/entity/Q1338242,http://www.wikidata.org/entity/Q221525,FC Metz,2.0,2005-01-01T00:00:00Z,2008-01-01T00:00:00Z
http://www.wikidata.org/entity/Q1338242,http://www.wikidata.org/entity/Q1024468,Club sportif Fola Esch,,2014-01-01T00:00:00Z,
http://www.wikidata.org/entity/Q1338242,http://www.wikidata.org/entity/Q2124104,Royal Cercle Sportif Visé,64.0,2010-01-01T00:00:00Z,2013-01-01T00:00:00Z
http://www.wikidata.org/entity/Q1339600,http://www.wikidata.org/entity/Q1351072,Fethiyespor,43.0,2013-01-01T00:00:00Z,2014-01-01T00:00:00Z
http://www.wikidata.org/entity/Q1339600,http://www.wikidata.org/entity/Q1668605,Kahramanmaraşspor,,2015-01-01T00:00:00Z,
http://www.wikidata.org/entity/Q1339600,http://www.wikidata.org/entity/Q1351072,Fethiyespor,14.0,2015-01-01T00:00:00Z,2015-01-01T00:00:00Z
http://www.wikidata.org/entity/Q1339600,http://www.wikidata.org/entity/Q639525,SV Sandhausen,73.0,2008-01-01T00:00:00Z,2011-01-01T00:00:00Z
http://www.wikidata.org/entity/Q1339600,http://www.wikidata.org/entity/Q1423118,Göztepe SK,30.0,2011-01-01T00:00:00Z,2012-01-01T00:00:00Z
http://www.wikidata.org/entity/Q1339600,http://www.wikidata.org/entity/Q303121,Yeni Malatyaspor,10.0,2014-01-01T00:00:00Z,2015-01-01T00:00:00Z
http://www.wikidata.org/entity/Q1339600,http://www.wikidata.org/entity/Q101859,VfL Wolfsburg,19.0,2006-01-01T00:00:00Z,2008-01-01T00:00:00Z
http://www.wikidata.org/entity/Q1340803,http://www.wikidata.org/entity/Q19498,Sheffield Wednesday FC,15.0,2002-01-01T00:00:00Z,2003-01-01T00:00:00Z
http://www.wikidata.org/entity/Q1348710,http://www.wikidata.org/entity/Q23925713,équipe de Turquie de football des moins de 18 ans,6.0,2010-01-01T00:00:00Z,2011-01-01T00:00:00Z
http://www.wikidata.org/entity/Q1348764,http://www.wikidata.org/entity/Q483868,équipe de Tchéquie de football,5.0,1999-01-01T00:00:00Z,2000-01-01T00:00:00Z
http://www.wikidata.org/entity/Q1348764,http://www.wikidata.org/entity/Q1298453,SK Sparta Krč,,1994-01-01T00:00:00Z,1995-01-01T00:00:00Z
http://www.wikidata.org/entity/Q1348764,http://www.wikidata.org/entity/Q849221,Bohemians 1905,94.0,2007-01-01T00:00:00Z,2012-01-01T00:00:00Z
http://www.wikidata.org/entity/Q1348764,http://www.wikidata.org/entity/Q15786,1. FC Nuremberg,228.0,1998-01-01T00:00:00Z,2007-01-01T00:00:00Z
http://www.wikidata.org/entity/Q1348764,http://www.wikidata.org/entity/Q849221,Bohemians 1905,87.0,1995-01-01T00:00:00Z,1998-01-01T00:00:00Z
http://www.wikidata.org/entity/Q1348987,http://www.wikidata.org/entity/Q131785,équipe du Danemark de football,4.0,1996-01-01T00:00:00Z,2003-01-01T00:00:00Z
http://www.wikidata.org/entity/Q1348987,http://www.wikidata.org/entity/Q211906,Brøndby IF,49.0,2005-01-01T00:00:00Z,2008-01-01T00:00:00Z
http://www.wikidata.org/entity/Q1348987,http://www.wikidata.org/entity/Q3873525,équipe du Danemark de football des moins de 19 ans,5.0,1992-01-01T00:00:00Z,1993-01-01T00:00:00Z
http://www.wikidata.org/entity/Q1348987,http://www.wikidata.org/entity/Q101859,VfL Wolfsburg,87.0,2001-01-01T00:00:00Z,2005-01-01T00:00:00Z
http://www.wikidata.org/entity/Q1348987,http://www.wikidata.org/entity/Q188430,FC Copenhague,95.0,1998-01-01T00:00:00Z,2001-01-01T00:00:00Z
http://www.wikidata.org/entity/Q1348987,http://www.wikidata.org/entity/Q635654,Lyngby BK,129.0,1992-01-01T00:00:00Z,1996-01-01T00:00:00Z
http://www.wikidata.org/entity/Q1348987,http://www.wikidata.org/entity/Q1270152,équipe du Danemark espoirs de football,22.0,1993-01-01T00:00:00Z,1996-01-01T00:00:00Z
http://www.wikidata.org/entity/Q1348987,http://www.wikidata.org/entity/Q10329,Sevilla Fútbol Club,34.0,1996-01-01T00:00:00Z,1998-01-01T00:00:00Z
http://www.wikidata.org/entity/Q1349530,http://www.wikidata.org/entity/Q780735,BK Frem,38.0,1991-01-01T00:00:00Z,1993-01-01T00:00:00Z
http://www.wikidata.org/entity/Q1349530,http://www.wikidata.org/entity/Q211906,Brøndby IF,274.0,1993-01-01T00:00:00Z,2000-01-01T00:00:00Z
http://www.wikidata.org/entity/Q1349530,http://www.wikidata.org/entity/Q1270152,équipe du Danemark espoirs de football,2.0,1992-01-01T00:00:00Z,1992-01-01T00:00:00Z
http://www.wikidata.org/entity/Q1349530,http://www.wikidata.org/entity/Q105861,VfL Bochum,149.0,2000-01-01T00:00:00Z,2006-01-01T00:00:00Z
http://www.wikidata.org/entity/Q1349530,http://www.wikidata.org/entity/Q131785,équipe du Danemark de football,27.0,1996-01-01T00:00:00Z,2004-01-01T00:00:00Z
http://www.wikidata.org/entity/Q1350162,http://www.wikidata.org/entity/Q182930,FK Rostov,2.0,2011-01-01T00:00:00Z,2012-01-01T00:00:00Z
http://www.wikidata.org/entity/Q1350162,http://www.wikidata.org/entity/Q1023235,Tiburones Rojos Veracruz,30.0,2010-01-01T00:00:00Z,2011-01-01T00:00:00Z
http://www.wikidata.org/entity/Q1350162,http://www.wikidata.org/entity/Q1187790,équipe d'Argentine des moins de 20 ans de football,3.0,2000-01-01T00:00:00Z,2001-01-01T00:00:00Z
http://www.wikidata.org/entity/Q1350162,http://www.wikidata.org/entity/Q15799,Club Atlético River Plate,13.0,2002-01-01T00:00:00Z,2003-01-01T00:00:00Z
http://www.wikidata.org/entity/Q1350162,http://www.wikidata.org/entity/Q646088,Club Atlético All Boys,36.0,2012-01-01T00:00:00Z,2014-01-01T00:00:00Z
http://www.wikidata.org/entity/Q1350162,http://www.wikidata.org/entity/Q15799,Club Atlético River Plate,103.0,2005-01-01T00:00:00Z,2009-01-01T00:00:00Z
http://www.wikidata.org/entity/Q1350162,http://www.wikidata.org/entity/Q101859,VfL Wolfsburg,4.0,2004-01-01T00:00:00Z,2004-01-01T00:00:00Z
http://www.wikidata.org/entity/Q1350162,http://www.wikidata.org/entity/Q79800,équipe d'Argentine de football,1.0,2012-01-01T00:00:00Z,2012-01-01T00:00:00Z
http://www.wikidata.org/entity/Q1352685,http://www.wikidata.org/entity/Q1165833,Slavia Mazyr,17.0,2017-03-01T00:00:00Z,2017-11-01T00:00:00Z
http://www.wikidata.org/entity/Q1352685,http://www.wikidata.org/entity/Q207462,Metalist Kharkiv,0.0,2009-01-01T00:00:00Z,2009-01-01T00:00:00Z
http://www.wikidata.org/entity/Q1352685,http://www.wikidata.org/entity/Q837558,Volyn Loutsk,39.0,2009-01-01T00:00:00Z,2011-01-01T00:00:00Z
http://www.wikidata.org/entity/Q1352685,http://www.wikidata.org/entity/Q640726,FC Mulhouse,66.0,2018-08-01T00:00:00Z,2022-06-01T00:00:00Z
http://www.wikidata.org/entity/Q1352685,http://www.wikidata.org/entity/Q153539,SpVgg Greuther Fürth,0.0,2012-01-01T00:00:00Z,2013-01-01T00:00:00Z
http://www.wikidata.org/entity/Q1352685,http://www.wikidata.org/entity/Q492159,US Créteil-Lusitanos,10.0,2013-01-01T00:00:00Z,2014-01-01T00:00:00Z
http://www.wikidata.org/entity/Q1352685,http://www.wikidata.org/entity/Q32358,Tractor Sports Club,3.0,2014-01-01T00:00:00Z,2015-01-01T00:00:00Z
http://www.wikidata.org/entity/Q1352685,http://www.wikidata.org/entity/Q297363,Association sportive et culturelle Jeanne d'Arc,,2004-01-01T00:00:00Z,2006-01-01T00:00:00Z
http://www.wikidata.org/entity/Q1352685,http://www.wikidata.org/entity/Q218033,Zob Ahan Football Club,,2006-01-01T00:00:00Z,2009-01-01T00:00:00Z
http://www.wikidata.org/entity/Q1352685,http://www.wikidata.org/entity/Q207441,équipe du Sénégal de football,1.0,2007-01-01T00:00:00Z,2007-01-01T00:00:00Z
http://www.wikidata.org/entity/Q1353506,http://www.wikidata.org/entity/Q80845,SC Internacional,131.0,2007-01-01T00:00:00Z,2012-01-01T00:00:00Z
http://www.wikidata.org/entity/Q1353506,http://www.wikidata.org/entity/Q79800,équipe d'Argentine de football,,2003-01-01T00:00:00Z,2013-01-01T00:00:00Z
http://www.wikidata.org/entity/Q1353506,http://www.wikidata.org/entity/Q848642,Club Libertad,73.0,2004-01-01T00:00:00Z,2007-01-01T00:00:00Z
http://www.wikidata.org/entity/Q1353506,http://www.wikidata.org/entity/Q16344,AC Pérouse Calcio,14.0,2000-01-01T00:00:00Z,2001-01-01T00:00:00Z
http://www.wikidata.org/entity/Q1353506,http://www.wikidata.org/entity/Q477073,Saturn Ramenskoïe,24.0,2004-01-01T00:00:00Z,2004-01-01T00:00:00Z
http://www.wikidata.org/entity/Q1353506,http://www.wikidata.org/entity/Q1022939,Club Atlético Talleres,,2016-01-01T00:00:00Z,
http://www.wikidata.org/entity/Q1353506,http://www.wikidata.org/entity/Q848642,Club Libertad,18.0,2013-01-01T00:00:00Z,2013-01-01T00:00:00Z
http://www.wikidata.org/entity/Q1353506,http://www.wikidata.org/entity/Q221882,Newell's Old Boys,19.0,2003-01-01T00:00:00Z,2003-01-01T00:00:00Z
http://www.wikidata.org/entity/Q1353506,http://www.wikidata.org/entity/Q5014111,CR Vasco da Gama,31.0,2013-01-01T00:00:00Z,2015-01-01T00:00:00Z
http://www.wikidata.org/entity/Q1353506,http://www.wikidata.org/entity/Q221882,Newell's Old Boys,119.0,1996-01-01T00:00:00Z,2000-01-01T00:00:00Z
http://www.wikidata.org/entity/Q1353506,http://www.wikidata.org/entity/Q214978,CA Independiente,55.0,2001-01-01T00:00:00Z,2003-01-01T00:00:00Z
http://www.wikidata.org/entity/Q1353867,http://www.wikidata.org/entity/Q211912,Odense Boldklub,16.0,1997-01-01T00:00:00Z,1998-01-01T00:00:00Z
http://www.wikidata.org/entity/Q1353867,http://www.wikidata.org/entity/Q267574,AaB Ålborg,98.0,1992-01-01T00:00:00Z,1996-01-01T00:00:00Z
http://www.wikidata.org/entity/Q1353867,http://www.wikidata.org/entity/Q267574,AaB Ålborg,11.0,2002-01-01T00:00:00Z,2003-01-01T00:00:00Z
http://www.wikidata.org/entity/Q1353867,http://www.wikidata.org/entity/Q215302,Odds BK,13.0,2000-01-01T00:00:00Z,2001-01-01T00:00:00Z
http://www.wikidata.org/entity/Q1353867,http://www.wikidata.org/entity/Q131785,équipe du Danemark de football,6.0,1995-01-01T00:00:00Z,1996-01-01T00:00:00Z
http://www.wikidata.org/entity/Q1353867,http://www.wikidata.org/entity/Q11492669,Aalborg BK,11.0,2002-01-01T00:00:00Z,2003-01-01T00:00:00Z
http://www.wikidata.org/entity/Q1353867,http://www.wikidata.org/entity/Q19597,Rangers FC,23.0,1996-01-01T00:00:00Z,1997-01-01T00:00:00Z
http://www.wikidata.org/entity/Q1353867,http://www.wikidata.org/entity/Q11492669,Aalborg BK,,1992-01-01T00:00:00Z,1996-01-01T00:00:00Z
http://www.wikidata.org/entity/Q1353867,http://www.wikidata.org/entity/Q737936,Vejle BK,14.0,2000-01-01T00:00:00Z,2000-01-01T00:00:00Z
http://www.wikidata.org/entity/Q1353867,http://www.wikidata.org/entity/Q154293,MSV Duisbourg,25.0,1998-01-01T00:00:00Z,2000-01-01T00:00:00Z
http://www.wikidata.org/entity/Q1353958,http://www.wikidata.org/entity/Q3808232,Jevnaker IF,25.0,2011-01-01T00:00:00Z,2013-01-01T00:00:00Z
http://www.wikidata.org/entity/Q1353958,http://www.wikidata.org/entity/Q304060,Hønefoss BK,20.0,2010-01-01T00:00:00Z,2011-01-01T00:00:00Z
http://www.wikidata.org/entity/Q1353958,http://www.wikidata.org/entity/Q29108,Zénith Saint-Pétersbourg,67.0,2005-01-01T00:00:00Z,2008-01-01T00:00:00Z
http://www.wikidata.org/entity/Q1353958,http://www.wikidata.org/entity/Q184387,équipe de Norvège de football,28.0,2004-01-01T00:00:00Z,2007-01-01T00:00:00Z
http://www.wikidata.org/entity/Q1353958,http://www.wikidata.org/entity/Q304060,Hønefoss BK,24.0,1998-01-01T00:00:00Z,1999-01-01T00:00:00Z
http://www.wikidata.org/entity/Q1353958,http://www.wikidata.org/entity/Q3808232,Jevnaker IF,42.0,1994-01-01T00:00:00Z,1996-01-01T00:00:00Z
http://www.wikidata.org/entity/Q1353958,http://www.wikidata.org/entity/Q212819,Vålerenga Fotball,112.0,2000-01-01T00:00:00Z,2004-01-01T00:00:00Z
http://www.wikidata.org/entity/Q1353958,http://www.wikidata.org/entity/Q638288,Strømsgodset IF,24.0,1998-01-01T00:00:00Z,1999-01-01T00:00:00Z
http://www.wikidata.org/entity/Q1353958,http://www.wikidata.org/entity/Q212819,Vålerenga Fotball,27.0,2008-01-01T00:00:00Z,2010-01-01T00:00:00Z
http://www.wikidata.org/entity/Q1353958,http://www.wikidata.org/entity/Q18750,Wigan Athletic FC,1.0,2008-01-01T00:00:00Z,2008-01-01T00:00:00Z
http://www.wikidata.org/entity/Q1353958,http://www.wikidata.org/entity/Q304060,Hønefoss BK,42.0,1996-01-01T00:00:00Z,1997-01-01T00:00:00Z
http://www.wikidata.org/entity/Q1354591,http://www.wikidata.org/entity/Q19446,Blackburn Rovers FC,20.0,2010-01-01T00:00:00Z,2015-01-01T00:00:00Z
http://www.wikidata.org/entity/Q1354591,http://www.wikidata.org/entity/Q1049176,équipe d'Angleterre de football des moins de 20 ans,3.0,2011-01-01T00:00:00Z,2011-01-01T00:00:00Z
http://www.wikidata.org/entity/Q1354591,http://www.wikidata.org/entity/Q19651,Yeovil Town FC,5.0,2012-01-01T00:00:00Z,2012-01-01T00:00:00Z
http://www.wikidata.org/entity/Q1354591,http://www.wikidata.org/entity/Q48941,Fleetwood Town Football Club,45.0,2014-07-01T00:00:00Z,2015-01-01T00:00:00Z
http://www.wikidata.org/entity/Q1354591,http://www.wikidata.org/entity/Q48941,Fleetwood Town Football Club,14.0,2014-02-01T00:00:00Z,2014-05-01T00:00:00Z
http://www.wikidata.org/entity/Q1354591,http://www.wikidata.org/entity/Q48879,Bradford City Association Football Club,13.0,2015-01-01T00:00:00Z,2016-01-01T00:00:00Z
http://www.wikidata.org/entity/Q1354591,http://www.wikidata.org/entity/Q518259,Berwick Rangers Football Club,1.0,2012-01-01T00:00:00Z,2012-01-01T00:00:00Z
http://www.wikidata.org/entity/Q1354591,http://www.wikidata.org/entity/Q48941,Fleetwood Town Football Club,57.0,2019-01-01T00:00:00Z,2021-01-01T00:00:00Z
http://www.wikidata.org/entity/Q1354591,http://www.wikidata.org/entity/Q19615,Scunthorpe United FC,107.0,2016-01-01T00:00:00Z,2019-01-01T00:00:00Z
http://www.wikidata.org/entity/Q1354591,http://www.wikidata.org/entity/Q19575,Carlisle United Football Club,6.0,2013-01-01T00:00:00Z,2013-01-01T00:00:00Z
http://www.wikidata.org/entity/Q1354591,http://www.wikidata.org/entity/Q48950,Rotherham United FC,5.0,2012-01-01T00:00:00Z,2012-01-01T00:00:00Z
http://www.wikidata.org/entity/Q1354591,http://www.wikidata.org/entity/Q216523,Motherwell Football Club,9.0,2022-01-01T00:00:00Z,2023-01-01T00:00:00Z
http://www.wikidata.org/entity/Q1354591,http://www.wikidata.org/entity/Q18460,Salford City,21.0,2021-01-01T00:00:00Z,2022-01-01T00:00:00Z
http://www.wikidata.org/entity/Q1355313,http://www.wikidata.org/entity/Q470796,Amica Wronki,65.0,1998-01-01T00:00:00Z,2002-01-01T00:00:00Z
http://www.wikidata.org/entity/Q1355313,http://www.wikidata.org/entity/Q750437,Xanthi F.C.,4.0,2009-01-01T00:00:00Z,2010-01-01T00:00:00Z
http://www.wikidata.org/entity/Q1355313,http://www.wikidata.org/entity/Q141931,SG Dynamo Dresde,44.0,2004-01-01T00:00:00Z,2006-01-01T00:00:00Z
http://www.wikidata.org/entity/Q1355313,http://www.wikidata.org/entity/Q166196,équipe de Pologne de football,20.0,1997-01-01T00:00:00Z,2004-01-01T00:00:00Z
http://www.wikidata.org/entity/Q1355313,http://www.wikidata.org/entity/Q479283,TSV Germania Windeck,31.0,2010-01-01T00:00:00Z,2011-01-01T00:00:00Z
http://www.wikidata.org/entity/Q1355313,http://www.wikidata.org/entity/Q753580,GKS Bełchatów,28.0,1996-01-01T00:00:00Z,1997-01-01T00:00:00Z
http://www.wikidata.org/entity/Q1355313,http://www.wikidata.org/entity/Q107818,FC Energie Cottbus,63.0,2006-01-01T00:00:00Z,2009-01-01T00:00:00Z
http://www.wikidata.org/entity/Q1355313,http://www.wikidata.org/entity/Q1215356,KS Siarka Tarnobrzeg,59.0,1990-01-01T00:00:00Z,1996-01-01T00:00:00Z
http://www.wikidata.org/entity/Q1355313,http://www.wikidata.org/entity/Q24719,Roda JC,8.0,1997-01-01T00:00:00Z,1998-01-01T00:00:00Z
http://www.wikidata.org/entity/Q1355313,http://www.wikidata.org/entity/Q15786,1. FC Nuremberg,14.0,2003-01-01T00:00:00Z,2004-01-01T00:00:00Z
http://www.wikidata.org/entity/Q1355313,http://www.wikidata.org/entity/Q695008,FC Viktoria Cologne 1904,62.0,2011-01-01T00:00:00Z,2013-01-01T00:00:00Z
http://www.wikidata.org/entity/Q1355313,http://www.wikidata.org/entity/Q204888,PAOK Salonique,26.0,2002-01-01T00:00:00Z,2003-01-01T00:00:00Z
http://www.wikidata.org/entity/Q1355313,http://www.wikidata.org/entity/Q190943,Wisła Cracovie,17.0,2004-01-01T00:00:00Z,2004-01-01T00:00:00Z
http://www.wikidata.org/entity/Q1357670,http://www.wikidata.org/entity/Q1542713,Thunder du Minnesota,2.0,2007-01-01T00:00:00Z,2007-01-01T00:00:00Z
http://www.wikidata.org/entity/Q1357670,http://www.wikidata.org/entity/Q238593,D.C. United,86.0,1996-01-01T00:00:00Z,1998-01-01T00:00:00Z
http://www.wikidata.org/entity/Q1357670,http://www.wikidata.org/entity/Q1542713,Thunder du Minnesota,24.0,1995-01-01T00:00:00Z,1996-01-01T00:00:00Z
http://www.wikidata.org/entity/Q1357670,http://www.wikidata.org/entity/Q642408,Rapids du Colorado,9.0,2007-01-01T00:00:00Z,2007-01-01T00:00:00Z
http://www.wikidata.org/entity/Q1357670,http://www.wikidata.org/entity/Q1446602,Milwaukee Rampage,18.0,1994-01-01T00:00:00Z,1994-01-01T00:00:00Z
http://www.wikidata.org/entity/Q1367595,http://www.wikidata.org/entity/Q214374,Lillestrøm SK,77.0,2012-01-01T00:00:00Z,2015-01-01T00:00:00Z
http://www.wikidata.org/entity/Q1367595,http://www.wikidata.org/entity/Q2446294,équipe de Norvège espoirs de football,18.0,2004-01-01T00:00:00Z,2006-01-01T00:00:00Z
http://www.wikidata.org/entity/Q1367595,http://www.wikidata.org/entity/Q3590274,équipe de Norvège de football des moins de 17 ans,7.0,2001-01-01T00:00:00Z,2001-01-01T00:00:00Z
http://www.wikidata.org/entity/Q1367595,http://www.wikidata.org/entity/Q3873512,équipe de Norvège de football des moins de 18 ans,7.0,2002-01-01T00:00:00Z,2002-01-01T00:00:00Z
http://www.wikidata.org/entity/Q1367595,http://www.wikidata.org/entity/Q7482049,Strømsgodset IF,,2015-01-01T00:00:00Z,
http://www.wikidata.org/entity/Q1367595,http://www.wikidata.org/entity/Q18723,QP Rangers,7.0,2011-01-01T00:00:00Z,2012-01-01T00:00:00Z
http://www.wikidata.org/entity/Q1367595,http://www.wikidata.org/entity/Q3873528,équipe de Norvège de football des moins de 19 ans,8.0,2003-01-01T00:00:00Z,2003-01-01T00:00:00Z
http://www.wikidata.org/entity/Q1367644,http://www.wikidata.org/entity/Q19637,Tranmere Rovers FC,2.0,2006-01-01T00:00:00Z,2006-01-01T00:00:00Z
http://www.wikidata.org/entity/Q1367644,http://www.wikidata.org/entity/Q19500,Wolverhampton Wanderers F.C.,87.0,1998-01-01T00:00:00Z,2010-01-01T00:00:00Z
http://www.wikidata.org/entity/Q1367644,http://www.wikidata.org/entity/Q204238,équipe d'Angleterre espoirs de football,5.0,2003-01-01T00:00:00Z,2005-01-01T00:00:00Z
http://www.wikidata.org/entity/Q1367644,http://www.wikidata.org/entity/Q18516,Hereford United Football Club,3.0,2008-01-01T00:00:00Z,2008-01-01T00:00:00Z
http://www.wikidata.org/entity/Q1367644,http://www.wikidata.org/entity/Q1988619,Kingstonian F.C.,1.0,2000-01-01T00:00:00Z,2000-01-01T00:00:00Z
http://www.wikidata.org/entity/Q1367644,http://www.wikidata.org/entity/Q2306118,Slough Town FC,2.0,2000-01-01T00:00:00Z,2000-01-01T00:00:00Z
http://www.wikidata.org/entity/Q1368520,http://www.wikidata.org/entity/Q154293,MSV Duisbourg,30.0,2008-01-01T00:00:00Z,2010-01-01T00:00:00Z
http://www.wikidata.org/entity/Q1368520,http://www.wikidata.org/entity/Q1785447,Società Sportiva Sambenedettese Calcio,0.0,2003-01-01T00:00:00Z,2003-01-01T00:00:00Z
http://www.wikidata.org/entity/Q1368520,http://www.wikidata.org/entity/Q80958,Botafogo FR,13.0,2001-01-01T00:00:00Z,2002-01-01T00:00:00Z
http://www.wikidata.org/entity/Q1368520,http://www.wikidata.org/entity/Q953046,Stars du Minnesota,,2014-01-01T00:00:00Z,
http://www.wikidata.org/entity/Q1368520,http://www.wikidata.org/entity/Q151747,Fortuna Düsseldorf,8.0,2010-01-01T00:00:00Z,2011-01-01T00:00:00Z
http://www.wikidata.org/entity/Q1368520,http://www.wikidata.org/entity/Q16344,AC Pérouse Calcio,0.0,2002-01-01T00:00:00Z,2003-01-01T00:00:00Z
http://www.wikidata.org/entity/Q1368520,http://www.wikidata.org/entity/Q732929,Newcastle United Jets Football Club,28.0,2011-01-01T00:00:00Z,2013-01-01T00:00:00Z
http://www.wikidata.org/entity/Q1368520,http://www.wikidata.org/entity/Q10467,FC Barcelone B,27.0,2004-01-01T00:00:00Z,2005-01-01T00:00:00Z
http://www.wikidata.org/entity/Q1368520,http://www.wikidata.org/entity/Q330143,Sydney FC,12.0,2013-01-01T00:00:00Z,2014-01-01T00:00:00Z
http://www.wikidata.org/entity/Q1368520,http://www.wikidata.org/entity/Q190526,Berner Sport Club Young Boys,86.0,2005-01-01T00:00:00Z,2008-01-01T00:00:00Z
http://www.wikidata.org/entity/Q1369162,http://www.wikidata.org/entity/Q2533263,équipe d'Islande espoirs de football,10.0,1992-01-01T00:00:00Z,1995-01-01T00:00:00Z
http://www.wikidata.org/entity/Q1369162,http://www.wikidata.org/entity/Q5985726,équipe d'Islande de football des moins de 19 ans,14.0,1989-01-01T00:00:00Z,1993-01-01T00:00:00Z
http://www.wikidata.org/entity/Q1369162,http://www.wikidata.org/entity/Q11979,Unión Deportiva Las Palmas,8.0,2000-01-01T00:00:00Z,2002-01-01T00:00:00Z
http://www.wikidata.org/entity/Q1369162,http://www.wikidata.org/entity/Q19470,Derby County FC,10.0,2000-01-01T00:00:00Z,2001-01-01T00:00:00Z
http://www.wikidata.org/entity/Q1369162,http://www.wikidata.org/entity/Q291691,ÍA Akranes,53.0,1991-01-01T00:00:00Z,1993-01-01T00:00:00Z
http://www.wikidata.org/entity/Q1369162,http://www.wikidata.org/entity/Q216032,KRC Genk,92.0,1997-01-01T00:00:00Z,2000-01-01T00:00:00Z
http://www.wikidata.org/entity/Q1369162,http://www.wikidata.org/entity/Q291691,ÍA Akranes,24.0,2006-01-01T00:00:00Z,2008-01-01T00:00:00Z
http://www.wikidata.org/entity/Q1369162,http://www.wikidata.org/entity/Q3589828,équipe d'Islande de football des moins de 17 ans,10.0,1989-01-01T00:00:00Z,1989-01-01T00:00:00Z
http://www.wikidata.org/entity/Q1369162,http://www.wikidata.org/entity/Q571264,KA Akureyri,16.0,1990-01-01T00:00:00Z,1990-01-01T00:00:00Z
http://www.wikidata.org/entity/Q1369162,http://www.wikidata.org/entity/Q18736,Stoke City FC,2.0,2005-01-01T00:00:00Z,2006-01-01T00:00:00Z
http://www.wikidata.org/entity/Q1369162,http://www.wikidata.org/entity/Q105861,VfL Bochum,44.0,2002-01-01T00:00:00Z,2005-01-01T00:00:00Z
http://www.wikidata.org/entity/Q1369162,http://www.wikidata.org/entity/Q189198,équipe d'Islande de football,58.0,1993-01-01T00:00:00Z,2004-01-01T00:00:00Z
http://www.wikidata.org/entity/Q1369162,http://www.wikidata.org/entity/Q19612,Preston North End FC,7.0,2001-01-01T00:00:00Z,2002-01-01T00:00:00Z
http://www.wikidata.org/entity/Q1369162,http://www.wikidata.org/entity/Q105861,VfL Bochum,73.0,1993-01-01T00:00:00Z,1997-01-01T00:00:00Z
http://www.wikidata.org/entity/Q1371368,http://www.wikidata.org/entity/Q219926,Aris Salonique FC,18.0,2002-01-01T00:00:00Z,2004-01-01T00:00:00Z
http://www.wikidata.org/entity/Q1371368,http://www.wikidata.org/entity/Q1417164,Olympiakos Volos,19.0,2009-01-01T00:00:00Z,2010-01-01T00:00:00Z
http://www.wikidata.org/entity/Q1371368,http://www.wikidata.org/entity/Q460494,Paniónios GSS,12.0,2005-01-01T00:00:00Z,2006-01-01T00:00:00Z
http://www.wikidata.org/entity/Q1371368,http://www.wikidata.org/entity/Q460494,Paniónios GSS,39.0,2012-01-01T00:00:00Z,2014-01-01T00:00:00Z
http://www.wikidata.org/entity/Q1371368,http://www.wikidata.org/entity/Q219926,Aris Salonique FC,18.0,2002-01-01T00:00:00Z,2004-01-01T00:00:00Z
http://www.wikidata.org/entity/Q1371368,http://www.wikidata.org/entity/Q931704,OFI Crète,35.0,2010-01-01T00:00:00Z,2012-01-01T00:00:00Z
http://www.wikidata.org/entity/Q1371368,http://www.wikidata.org/entity/Q141688,Anorthosis Famagouste FC,9.0,2005-01-01T00:00:00Z,2005-01-01T00:00:00Z
http://www.wikidata.org/entity/Q1371368,http://www.wikidata.org/entity/Q105844,DSC Arminia Bielefeld,8.0,2007-01-01T00:00:00Z,2009-01-01T00:00:00Z
http://www.wikidata.org/entity/Q1371368,http://www.wikidata.org/entity/Q201584,AEK Athènes FC,26.0,2004-01-01T00:00:00Z,2007-01-01T00:00:00Z
http://www.wikidata.org/entity/Q1371533,http://www.wikidata.org/entity/Q210530,NK Maribor,48.0,2011-01-01T00:00:00Z,2012-01-01T00:00:00Z
http://www.wikidata.org/entity/Q1371533,http://www.wikidata.org/entity/Q725018,Lierse SK,,2015-01-01T00:00:00Z,
http://www.wikidata.org/entity/Q1371533,http://www.wikidata.org/entity/Q18662,Cardiff City F.C.,3.0,2012-01-01T00:00:00Z,2014-01-01T00:00:00Z
http://www.wikidata.org/entity/Q1371533,http://www.wikidata.org/entity/Q4409821,équipe de Slovénie de football des moins de 19 ans,3.0,2006-01-01T00:00:00Z,2007-01-01T00:00:00Z
http://www.wikidata.org/entity/Q1371533,http://www.wikidata.org/entity/Q172221,équipe de Slovénie de football,3.0,2009-01-01T00:00:00Z,2012-01-01T00:00:00Z
http://www.wikidata.org/entity/Q1371533,http://www.wikidata.org/entity/Q622432,Rio Ave FC,7.0,2014-01-01T00:00:00Z,2014-01-01T00:00:00Z
http://www.wikidata.org/entity/Q1371533,http://www.wikidata.org/entity/Q637514,ND Gorica,104.0,2006-01-01T00:00:00Z,2010-01-01T00:00:00Z
http://www.wikidata.org/entity/Q1371533,http://www.wikidata.org/entity/Q2661022,équipe de Slovénie espoirs de football,14.0,2007-01-01T00:00:00Z,2010-01-01T00:00:00Z
http://www.wikidata.org/entity/Q1371533,http://www.wikidata.org/entity/Q622432,Rio Ave FC,7.0,2014-01-01T00:00:00Z,2015-01-01T00:00:00Z
http://www.wikidata.org/entity/Q1371951,http://www.wikidata.org/entity/Q107818,FC Energie Cottbus,44.0,2007-01-01T00:00:00Z,2010-01-01T00:00:00Z
http://www.wikidata.org/entity/Q1371951,http://www.wikidata.org/entity/Q141882,FC Erzgebirge Aue,22.0,2010-01-01T00:00:00Z,2011-01-01T00:00:00Z
http://www.wikidata.org/entity/Q1371951,http://www.wikidata.org/entity/Q692691,SV Elversberg,,2014-01-01T00:00:00Z,
http://www.wikidata.org/entity/Q1371951,http://www.wikidata.org/entity/Q161554,Chemnitzer FC,91.0,2011-01-01T00:00:00Z,2014-01-01T00:00:00Z
http://www.wikidata.org/entity/Q1372018,http://www.wikidata.org/entity/Q190526,Berner Sport Club Young Boys,5.0,2009-01-01T00:00:00Z,2009-01-01T00:00:00Z
http://www.wikidata.org/entity/Q1372018,http://www.wikidata.org/entity/Q29115,Lokomotiv Moscou,8.0,2008-01-01T00:00:00Z,2008-01-01T00:00:00Z
http://www.wikidata.org/entity/Q1372018,http://www.wikidata.org/entity/Q12230,Real Murcie,20.0,2009-01-01T00:00:00Z,2010-01-01T00:00:00Z
http://www.wikidata.org/entity/Q1372018,http://www.wikidata.org/entity/Q15799,Club Atlético River Plate,95.0,1998-01-01T00:00:00Z,2003-01-01T00:00:00Z
http://www.wikidata.org/entity/Q1372018,http://www.wikidata.org/entity/Q218282,CA San Lorenzo,27.0,2010-01-01T00:00:00Z,2011-01-01T00:00:00Z
http://www.wikidata.org/entity/Q1372018,http://www.wikidata.org/entity/Q8835,RCD Majorque,121.0,2004-01-01T00:00:00Z,2008-01-01T00:00:00Z
http://www.wikidata.org/entity/Q1372018,http://www.wikidata.org/entity/Q29115,Lokomotiv Moscou,2.0,2008-01-01T00:00:00Z,2009-01-01T00:00:00Z
http://www.wikidata.org/entity/Q1372018,http://www.wikidata.org/entity/Q2602775,CSD Merlo,,2011-01-01T00:00:00Z,2012-01-01T00:00:00Z
http://www.wikidata.org/entity/Q1373108,http://www.wikidata.org/entity/Q14749501,équipe de Slovaquie de football des moins de 19 ans,3.0,2005-01-01T00:00:00Z,2006-01-01T00:00:00Z
http://www.wikidata.org/entity/Q1373108,http://www.wikidata.org/entity/Q174512,équipe de Slovaquie de football,,2013-01-01T00:00:00Z,
http://www.wikidata.org/entity/Q1373108,http://www.wikidata.org/entity/Q8416,Novara Calcio,40.0,2012-01-01T00:00:00Z,2014-01-01T00:00:00Z
http://www.wikidata.org/entity/Q1373108,http://www.wikidata.org/entity/Q2018,Catania Football Club,9.0,2008-01-01T00:00:00Z,2012-01-01T00:00:00Z
http://www.wikidata.org/entity/Q1373108,http://www.wikidata.org/entity/Q677570,FK Inter Bratislava,12.0,2005-01-01T00:00:00Z,2008-01-01T00:00:00Z
http://www.wikidata.org/entity/Q1373108,http://www.wikidata.org/entity/Q757320,PAE Astéras Trípolis,,2014-01-01T00:00:00Z,
http://www.wikidata.org/entity/Q1373108,http://www.wikidata.org/entity/Q1969085,équipe de Slovaquie espoirs de football,,2008-01-01T00:00:00Z,2008-01-01T00:00:00Z
http://www.wikidata.org/entity/Q1373505,http://www.wikidata.org/entity/Q1438785,SC Xaverov,36.0,2001-01-01T00:00:00Z,2003-01-01T00:00:00Z
http://www.wikidata.org/entity/Q1373505,http://www.wikidata.org/entity/Q512476,FK Viktoria Žižkov,10.0,2004-01-01T00:00:00Z,2004-01-01T00:00:00Z
http://www.wikidata.org/entity/Q1373505,http://www.wikidata.org/entity/Q194393,SK Slavia Prague,91.0,2003-01-01T00:00:00Z,2008-01-01T00:00:00Z
http://www.wikidata.org/entity/Q1373505,http://www.wikidata.org/entity/Q839313,SK Dynamo České Budějovice,13.0,2012-01-01T00:00:00Z,2012-01-01T00:00:00Z
http://www.wikidata.org/entity/Q1373505,http://www.wikidata.org/entity/Q425599,FK Baumit Jablonec,10.0,2010-01-01T00:00:00Z,2012-01-01T00:00:00Z
http://www.wikidata.org/entity/Q1373505,http://www.wikidata.org/entity/Q174512,équipe de Slovaquie de football,18.0,2005-01-01T00:00:00Z,2009-01-01T00:00:00Z
http://www.wikidata.org/entity/Q1373505,http://www.wikidata.org/entity/Q194393,SK Slavia Prague,27.0,2009-01-01T00:00:00Z,2010-01-01T00:00:00Z
http://www.wikidata.org/entity/Q1373505,http://www.wikidata.org/entity/Q19384,FK Senica,,1996-01-01T00:00:00Z,1996-01-01T00:00:00Z
http://www.wikidata.org/entity/Q1373505,http://www.wikidata.org/entity/Q8476,Reggina 1914,12.0,2009-01-01T00:00:00Z,2009-01-01T00:00:00Z
http://www.wikidata.org/entity/Q1373505,http://www.wikidata.org/entity/Q19384,FK Senica,24.0,2012-01-01T00:00:00Z,2013-01-01T00:00:00Z
http://www.wikidata.org/entity/Q1373505,http://www.wikidata.org/entity/Q1387864,MFK Vítkovice,44.0,1999-01-01T00:00:00Z,2001-01-01T00:00:00Z
http://www.wikidata.org/entity/Q1373505,http://www.wikidata.org/entity/Q1439495,MFK Frýdek-Místek,33.0,1997-01-01T00:00:00Z,1998-01-01T00:00:00Z
http://www.wikidata.org/entity/Q1373505,http://www.wikidata.org/entity/Q839313,SK Dynamo České Budějovice,11.0,2005-01-01T00:00:00Z,2005-01-01T00:00:00Z
http://www.wikidata.org/entity/Q1373711,http://www.wikidata.org/entity/Q207503,Helsingborgs IF,5.0,2010-01-01T00:00:00Z,2010-01-01T00:00:00Z
http://www.wikidata.org/entity/Q1373711,http://www.wikidata.org/entity/Q207503,Helsingborgs IF,52.0,2010-01-01T00:00:00Z,2013-01-01T00:00:00Z
http://www.wikidata.org/entity/Q1373711,http://www.wikidata.org/entity/Q318348,NEC Nimègue,24.0,2008-01-01T00:00:00Z,2009-01-01T00:00:00Z
http://www.wikidata.org/entity/Q1373711,http://www.wikidata.org/entity/Q18750,Wigan Athletic FC,0.0,2007-01-01T00:00:00Z,2010-01-01T00:00:00Z
http://www.wikidata.org/entity/Q1373711,http://www.wikidata.org/entity/Q209895,Sparta Rotterdam,71.0,2003-01-01T00:00:00Z,2007-01-01T00:00:00Z
http://www.wikidata.org/entity/Q1374216,http://www.wikidata.org/entity/Q19607,Sheffield United FC,24.0,2010-01-01T00:00:00Z,2011-01-01T00:00:00Z
http://www.wikidata.org/entity/Q1374216,http://www.wikidata.org/entity/Q18747,West Ham United FC,0.0,1999-01-01T00:00:00Z,2003-01-01T00:00:00Z
http://www.wikidata.org/entity/Q1374216,http://www.wikidata.org/entity/Q4201740,équipe d'Angleterre de football des moins de 16 ans,2.0,1998-01-01T00:00:00Z,1999-01-01T00:00:00Z
http://www.wikidata.org/entity/Q1374216,http://www.wikidata.org/entity/Q18659,Swansea City AFC,25.0,2002-01-01T00:00:00Z,2003-01-01T00:00:00Z
http://www.wikidata.org/entity/Q1374216,http://www.wikidata.org/entity/Q18659,Swansea City AFC,,2011-01-01T00:00:00Z,
http://www.wikidata.org/entity/Q1374216,http://www.wikidata.org/entity/Q18659,Swansea City AFC,,2003-01-01T00:00:00Z,2010-01-01T00:00:00Z
http://www.wikidata.org/entity/Q1389130,http://www.wikidata.org/entity/Q1118683,Hapoël Nir Ramat Ha-Sharon,32.0,2011-01-01T00:00:00Z,2012-01-01T00:00:00Z
http://www.wikidata.org/entity/Q1389130,http://www.wikidata.org/entity/Q1138191,MS Ashdod,14.0,2007-01-01T00:00:00Z,2007-01-01T00:00:00Z
http://www.wikidata.org/entity/Q1389130,http://www.wikidata.org/entity/Q270080,équipe de république démocratique du Congo de football,12.0,1998-01-01T00:00:00Z,2006-01-01T00:00:00Z
http://www.wikidata.org/entity/Q1389130,http://www.wikidata.org/entity/Q223728,Maccabi Tel-Aviv FC,14.0,2008-01-01T00:00:00Z,2008-01-01T00:00:00Z
http://www.wikidata.org/entity/Q1389130,http://www.wikidata.org/entity/Q1061615,Dalian Haichang,11.0,2009-01-01T00:00:00Z,2009-01-01T00:00:00Z
http://www.wikidata.org/entity/Q1389130,http://www.wikidata.org/entity/Q1580781,Maccabi Ahi Nazareth,103.0,2012-01-01T00:00:00Z,2015-01-01T00:00:00Z
http://www.wikidata.org/entity/Q1389130,http://www.wikidata.org/entity/Q1580781,Maccabi Ahi Nazareth,,2012-01-01T00:00:00Z,2015-01-01T00:00:00Z
http://www.wikidata.org/entity/Q1389130,http://www.wikidata.org/entity/Q208399,SC Bastia,1.0,1997-01-01T00:00:00Z,1997-01-01T00:00:00Z
http://www.wikidata.org/entity/Q1389599,http://www.wikidata.org/entity/Q239663,FK Sarajevo,,2014-01-01T00:00:00Z,
http://www.wikidata.org/entity/Q1389599,http://www.wikidata.org/entity/Q368909,NK Slaven Belupo,27.0,2011-01-01T00:00:00Z,2012-01-01T00:00:00Z
http://www.wikidata.org/entity/Q1389599,http://www.wikidata.org/entity/Q1157920,Dalian Professional FC,9.0,2014-01-01T00:00:00Z,2014-01-01T00:00:00Z
http://www.wikidata.org/entity/Q1389599,http://www.wikidata.org/entity/Q134479,équipe de Croatie de football,4.0,2006-01-01T00:00:00Z,2013-01-01T00:00:00Z
http://www.wikidata.org/entity/Q1389599,http://www.wikidata.org/entity/Q15786,1. FC Nuremberg,10.0,2006-01-01T00:00:00Z,2008-01-01T00:00:00Z
http://www.wikidata.org/entity/Q1389599,http://www.wikidata.org/entity/Q190561,Standard de Liège,15.0,2008-01-01T00:00:00Z,2009-01-01T00:00:00Z
http://www.wikidata.org/entity/Q1389599,http://www.wikidata.org/entity/Q618620,KV Courtrai,32.0,2009-01-01T00:00:00Z,2010-01-01T00:00:00Z
http://www.wikidata.org/entity/Q1389599,http://www.wikidata.org/entity/Q318969,HNK Rijeka,50.0,2012-01-01T00:00:00Z,2014-01-01T00:00:00Z
http://www.wikidata.org/entity/Q1389599,http://www.wikidata.org/entity/Q2829334,Al Faisaly,9.0,2012-01-01T00:00:00Z,2012-01-01T00:00:00Z
http://www.wikidata.org/entity/Q1389599,http://www.wikidata.org/entity/Q5187078,équipe de Croatie de football des moins de 20 ans,2.0,2003-01-01T00:00:00Z,2003-01-01T00:00:00Z
http://www.wikidata.org/entity/Q1389599,http://www.wikidata.org/entity/Q2331381,équipe de Croatie espoirs de football,17.0,2004-01-01T00:00:00Z,2005-01-01T00:00:00Z
http://www.wikidata.org/entity/Q1389599,http://www.wikidata.org/entity/Q130673,NK Varaždin,68.0,2003-01-01T00:00:00Z,2006-01-01T00:00:00Z
http://www.wikidata.org/entity/Q1389978,http://www.wikidata.org/entity/Q861524,Sandefjord Fotball,4.0,2007-01-01T00:00:00Z,2008-01-01T00:00:00Z
http://www.wikidata.org/entity/Q1389978,http://www.wikidata.org/entity/Q389879,Esbjerg fB,159.0,1990-01-01T00:00:00Z,1997-01-01T00:00:00Z
http://www.wikidata.org/entity/Q1389978,http://www.wikidata.org/entity/Q1048007,Køge BK,7.0,2008-01-01T00:00:00Z,2008-01-01T00:00:00Z
http://www.wikidata.org/entity/Q1389978,http://www.wikidata.org/entity/Q618520,FC Midtjylland,166.0,1999-01-01T00:00:00Z,2005-01-01T00:00:00Z
http://www.wikidata.org/entity/Q1389978,http://www.wikidata.org/entity/Q105861,VfL Bochum,29.0,2005-01-01T00:00:00Z,2007-01-01T00:00:00Z
http://www.wikidata.org/entity/Q1389978,http://www.wikidata.org/entity/Q131785,équipe du Danemark de football,4.0,2002-01-01T00:00:00Z,2004-01-01T00:00:00Z
http://www.wikidata.org/entity/Q1389978,http://www.wikidata.org/entity/Q618520,FC Midtjylland,48.0,1997-01-01T00:00:00Z,1999-01-01T00:00:00Z
http://www.wikidata.org/entity/Q1389978,http://www.wikidata.org/entity/Q1270152,équipe du Danemark espoirs de football,3.0,1990-01-01T00:00:00Z,1990-01-01T00:00:00Z
http://www.wikidata.org/entity/Q1357670,http://www.wikidata.org/entity/Q457163,Crew de Columbus,8.0,2004-01-01T00:00:00Z,2004-01-01T00:00:00Z
http://www.wikidata.org/entity/Q1357670,http://www.wikidata.org/entity/Q204357,Galaxy de Los Angeles,13.0,2009-01-01T00:00:00Z,2009-01-01T00:00:00Z
http://www.wikidata.org/entity/Q1357670,http://www.wikidata.org/entity/Q102720,Hertha BSC,31.0,1999-01-01T00:00:00Z,2001-01-01T00:00:00Z
http://www.wikidata.org/entity/Q1357670,http://www.wikidata.org/entity/Q15786,1. FC Nuremberg,52.0,2001-01-01T00:00:00Z,2004-01-01T00:00:00Z
http://www.wikidata.org/entity/Q1357670,http://www.wikidata.org/entity/Q308683,Fire de Chicago,31.0,2005-01-01T00:00:00Z,2006-01-01T00:00:00Z
http://www.wikidata.org/entity/Q1357670,http://www.wikidata.org/entity/Q164134,équipe des États-Unis de football,43.0,1997-01-01T00:00:00Z,2005-01-01T00:00:00Z
http://www.wikidata.org/entity/Q1357670,http://www.wikidata.org/entity/Q5095750,Chicago Power,43.0,1994-01-01T00:00:00Z,1996-01-01T00:00:00Z
http://www.wikidata.org/entity/Q1357670,http://www.wikidata.org/entity/Q3566764,Wave de Milwaukee,16.0,1995-01-01T00:00:00Z,1996-01-01T00:00:00Z
http://www.wikidata.org/entity/Q1358496,http://www.wikidata.org/entity/Q514714,équipe des Pays-Bas de football des moins de 19 ans,7.0,2006-01-01T00:00:00Z,2007-01-01T00:00:00Z
http://www.wikidata.org/entity/Q1358496,http://www.wikidata.org/entity/Q601723,équipe des Pays-Bas de football des moins de 17 ans,14.0,2005-01-01T00:00:00Z,2005-01-01T00:00:00Z
http://www.wikidata.org/entity/Q1358496,http://www.wikidata.org/entity/Q18659,Swansea City AFC,7.0,2014-01-01T00:00:00Z,2014-01-01T00:00:00Z
http://www.wikidata.org/entity/Q1358496,http://www.wikidata.org/entity/Q18661,Middlesbrough FC,141.0,2008-01-01T00:00:00Z,2014-01-01T00:00:00Z
http://www.wikidata.org/entity/Q1358496,http://www.wikidata.org/entity/Q209895,Sparta Rotterdam,55.0,2005-01-01T00:00:00Z,2008-01-01T00:00:00Z
http://www.wikidata.org/entity/Q1358496,http://www.wikidata.org/entity/Q18659,Swansea City AFC,4.0,2010-01-01T00:00:00Z,2010-01-01T00:00:00Z
http://www.wikidata.org/entity/Q1358496,http://www.wikidata.org/entity/Q1811026,équipe des Pays-Bas espoirs de football,3.0,2008-01-01T00:00:00Z,2009-01-01T00:00:00Z
http://www.wikidata.org/entity/Q1358800,http://www.wikidata.org/entity/Q995069,FK Novi Pazar,8.0,2013-01-01T00:00:00Z,2013-01-01T00:00:00Z
http://www.wikidata.org/entity/Q1358800,http://www.wikidata.org/entity/Q181190,équipe de Bosnie-Herzégovine de football,2.0,2006-01-01T00:00:00Z,2006-01-01T00:00:00Z
http://www.wikidata.org/entity/Q1358800,http://www.wikidata.org/entity/Q15786,1. FC Nuremberg,0.0,2006-01-01T00:00:00Z,2007-01-01T00:00:00Z
http://www.wikidata.org/entity/Q1358800,http://www.wikidata.org/entity/Q757098,FK Rad Belgrade,23.0,2014-01-01T00:00:00Z,2015-01-01T00:00:00Z
http://www.wikidata.org/entity/Q1358800,http://www.wikidata.org/entity/Q209619,OFK Belgrade,38.0,2007-01-01T00:00:00Z,2010-01-01T00:00:00Z
http://www.wikidata.org/entity/Q1358800,http://www.wikidata.org/entity/Q643083,Volga Nijni Novgorod,16.0,2010-01-01T00:00:00Z,2012-01-01T00:00:00Z
http://www.wikidata.org/entity/Q1358800,http://www.wikidata.org/entity/Q201006,SK Dinamo Tbilissi,6.0,2011-01-01T00:00:00Z,2011-01-01T00:00:00Z
http://www.wikidata.org/entity/Q1358800,http://www.wikidata.org/entity/Q532767,FK Modriča,79.0,2003-01-01T00:00:00Z,2006-01-01T00:00:00Z
http://www.wikidata.org/entity/Q1358800,http://www.wikidata.org/entity/Q552856,Guangdong Sunray Cave,12.0,2014-01-01T00:00:00Z,2014-01-01T00:00:00Z
http://www.wikidata.org/entity/Q1358800,http://www.wikidata.org/entity/Q769512,équipe de Bosnie-Herzégovine espoirs de football,19.0,2004-01-01T00:00:00Z,2008-01-01T00:00:00Z
http://www.wikidata.org/entity/Q1358800,http://www.wikidata.org/entity/Q155186,FC Carl Zeiss Iéna,1.0,2006-01-01T00:00:00Z,2006-01-01T00:00:00Z
http://www.wikidata.org/entity/Q1360498,http://www.wikidata.org/entity/Q309095,Revolution de la Nouvelle-Angleterre,115.0,2005-01-01T00:00:00Z,2008-01-01T00:00:00Z
http://www.wikidata.org/entity/Q1360498,http://www.wikidata.org/entity/Q210025,Football Club Nordsjælland,106.0,2008-01-01T00:00:00Z,2012-01-01T00:00:00Z
http://www.wikidata.org/entity/Q1360498,http://www.wikidata.org/entity/Q5972010,IMG Academy Bradenton,10.0,2003-01-01T00:00:00Z,2003-01-01T00:00:00Z
http://www.wikidata.org/entity/Q1360498,http://www.wikidata.org/entity/Q15755,FC Augsbourg,2.0,2013-01-01T00:00:00Z,2014-01-01T00:00:00Z
http://www.wikidata.org/entity/Q1360498,http://www.wikidata.org/entity/Q457163,Crew de Columbus,100.0,2014-01-01T00:00:00Z,2016-01-01T00:00:00Z
http://www.wikidata.org/entity/Q1360498,http://www.wikidata.org/entity/Q164134,équipe des États-Unis de football,25.0,2007-01-01T00:00:00Z,2014-01-01T00:00:00Z
http://www.wikidata.org/entity/Q1360498,http://www.wikidata.org/entity/Q16836317,Atlanta United FC,86.0,2017-01-01T00:00:00Z,2019-01-01T00:00:00Z
http://www.wikidata.org/entity/Q1360498,http://www.wikidata.org/entity/Q3590572,équipe des États-Unis de football des moins de 23 ans,5.0,2008-01-01T00:00:00Z,2008-01-01T00:00:00Z
http://www.wikidata.org/entity/Q1360508,http://www.wikidata.org/entity/Q749113,SK Austria Kärnten,69.0,2006-01-01T00:00:00Z,2010-01-01T00:00:00Z
http://www.wikidata.org/entity/Q1360508,http://www.wikidata.org/entity/Q314851,équipe d'Allemagne espoirs de football,1.0,1996-01-01T00:00:00Z,1996-01-01T00:00:00Z
http://www.wikidata.org/entity/Q1360508,http://www.wikidata.org/entity/Q872501,SAK Klagenfurt,6.0,2009-01-01T00:00:00Z,2009-01-01T00:00:00Z
http://www.wikidata.org/entity/Q1360508,http://www.wikidata.org/entity/Q297858,ASKÖ Pasching,14.0,2006-01-01T00:00:00Z,2007-01-01T00:00:00Z
http://www.wikidata.org/entity/Q1360508,http://www.wikidata.org/entity/Q1201992,équipe d'Allemagne de football A2,2.0,1999-01-01T00:00:00Z,1999-01-01T00:00:00Z
http://www.wikidata.org/entity/Q1360508,http://www.wikidata.org/entity/Q700053,FK 03 Pirmasens,23.0,2011-01-01T00:00:00Z,2012-01-01T00:00:00Z
http://www.wikidata.org/entity/Q1360508,http://www.wikidata.org/entity/Q566172,SC 07 Idar-Oberstein,,2011-01-01T00:00:00Z,2011-01-01T00:00:00Z
http://www.wikidata.org/entity/Q1360508,http://www.wikidata.org/entity/Q8466,1. FC Kaiserslautern,70.0,1994-01-01T00:00:00Z,1999-01-01T00:00:00Z
http://www.wikidata.org/entity/Q1360508,http://www.wikidata.org/entity/Q647893,SV Eintracht Trèves 1905,,2010-01-01T00:00:00Z,2011-01-01T00:00:00Z
http://www.wikidata.org/entity/Q1360508,http://www.wikidata.org/entity/Q131603,TSV Munich 1860,35.0,1999-01-01T00:00:00Z,2001-01-01T00:00:00Z
http://www.wikidata.org/entity/Q1360542,http://www.wikidata.org/entity/Q105861,VfL Bochum,21.0,2001-01-01T00:00:00Z,2004-01-01T00:00:00Z
http://www.wikidata.org/entity/Q1360542,http://www.wikidata.org/entity/Q1270152,équipe du Danemark espoirs de football,6.0,1997-01-01T00:00:00Z,1997-01-01T00:00:00Z
http://www.wikidata.org/entity/Q1360542,http://www.wikidata.org/entity/Q301431,AGF Aarhus,147.0,2006-01-01T00:00:00Z,2012-01-01T00:00:00Z
http://www.wikidata.org/entity/Q1360542,http://www.wikidata.org/entity/Q301431,AGF Aarhus,33.0,2003-01-01T00:00:00Z,2003-01-01T00:00:00Z
http://www.wikidata.org/entity/Q1360542,http://www.wikidata.org/entity/Q207503,Helsingborgs IF,45.0,2004-01-01T00:00:00Z,2006-01-01T00:00:00Z
http://www.wikidata.org/entity/Q1360542,http://www.wikidata.org/entity/Q301431,AGF Aarhus,32.0,2003-01-01T00:00:00Z,2004-01-01T00:00:00Z
http://www.wikidata.org/entity/Q1360542,http://www.wikidata.org/entity/Q3873525,équipe du Danemark de football des moins de 19 ans,2.0,1994-01-01T00:00:00Z,1994-01-01T00:00:00Z
http://www.wikidata.org/entity/Q1360542,http://www.wikidata.org/entity/Q211906,Brøndby IF,53.0,1998-01-01T00:00:00Z,2001-01-01T00:00:00Z
http://www.wikidata.org/entity/Q1360542,http://www.wikidata.org/entity/Q737936,Vejle BK,93.0,1995-01-01T00:00:00Z,1998-01-01T00:00:00Z
http://www.wikidata.org/entity/Q1360977,http://www.wikidata.org/entity/Q723489,Silkeborg IF,47.0,2004-01-01T00:00:00Z,2006-01-01T00:00:00Z
http://www.wikidata.org/entity/Q1360977,http://www.wikidata.org/entity/Q138749,équipe du Danemark de football des moins de 16 ans,5.0,2000-01-01T00:00:00Z,2001-01-01T00:00:00Z
http://www.wikidata.org/entity/Q1360977,http://www.wikidata.org/entity/Q3511548,SønderjyskE,3.0,2012-01-01T00:00:00Z,2014-01-01T00:00:00Z
http://www.wikidata.org/entity/Q1360977,http://www.wikidata.org/entity/Q1270133,équipe du Danemark de football des moins de 17 ans,16.0,2001-01-01T00:00:00Z,2002-01-01T00:00:00Z
http://www.wikidata.org/entity/Q1360977,http://www.wikidata.org/entity/Q287851,AB Copenhague,11.0,2014-01-01T00:00:00Z,2014-01-01T00:00:00Z
http://www.wikidata.org/entity/Q1360977,http://www.wikidata.org/entity/Q795173,B 93 Copenhague,35.0,2002-01-01T00:00:00Z,2004-01-01T00:00:00Z
http://www.wikidata.org/entity/Q1360977,http://www.wikidata.org/entity/Q1270152,équipe du Danemark espoirs de football,25.0,2004-01-01T00:00:00Z,2006-01-01T00:00:00Z
http://www.wikidata.org/entity/Q1360977,http://www.wikidata.org/entity/Q33748,Hanovre 96,8.0,2006-01-01T00:00:00Z,2007-01-01T00:00:00Z
http://www.wikidata.org/entity/Q1360977,http://www.wikidata.org/entity/Q513840,Konyaspor,1.0,2010-01-01T00:00:00Z,2010-01-01T00:00:00Z
http://www.wikidata.org/entity/Q1360977,http://www.wikidata.org/entity/Q211912,Odense Boldklub,2.0,2010-01-01T00:00:00Z,2011-01-01T00:00:00Z
http://www.wikidata.org/entity/Q1360977,http://www.wikidata.org/entity/Q211912,Odense Boldklub,67.0,2007-01-01T00:00:00Z,2010-01-01T00:00:00Z
http://www.wikidata.org/entity/Q1360977,http://www.wikidata.org/entity/Q3511548,SønderjyskE,17.0,2011-01-01T00:00:00Z,2011-01-01T00:00:00Z
http://www.wikidata.org/entity/Q1361441,http://www.wikidata.org/entity/Q192597,Hibernian F.C.,,2015-01-01T00:00:00Z,
http://www.wikidata.org/entity/Q1361441,http://www.wikidata.org/entity/Q7435696,équipe d'Écosse de football des moins de 16 ans,5.0,2008-01-01T00:00:00Z,2008-01-01T00:00:00Z
http://www.wikidata.org/entity/Q1361441,http://www.wikidata.org/entity/Q187326,Aberdeen FC,58.0,2009-01-01T00:00:00Z,2012-01-01T00:00:00Z
http://www.wikidata.org/entity/Q1361441,http://www.wikidata.org/entity/Q19626,Shrewsbury Town Football Club,4.0,2014-01-01T00:00:00Z,2014-01-01T00:00:00Z
http://www.wikidata.org/entity/Q1361441,http://www.wikidata.org/entity/Q3589864,équipe d'Écosse de football des moins de 17 ans,14.0,2008-01-01T00:00:00Z,2009-01-01T00:00:00Z
http://www.wikidata.org/entity/Q1361441,http://www.wikidata.org/entity/Q1812121,équipe d'Écosse espoirs de football,8.0,2012-01-01T00:00:00Z,2013-01-01T00:00:00Z
http://www.wikidata.org/entity/Q1361441,http://www.wikidata.org/entity/Q4140015,équipe d'Écosse de football des moins de 19 ans,4.0,2010-01-01T00:00:00Z,2011-01-01T00:00:00Z
http://www.wikidata.org/entity/Q1361441,http://www.wikidata.org/entity/Q19651,Yeovil Town FC,2.0,2013-01-01T00:00:00Z,2013-01-01T00:00:00Z
http://www.wikidata.org/entity/Q1361441,http://www.wikidata.org/entity/Q18750,Wigan Athletic FC,1.0,2012-01-01T00:00:00Z,2015-01-01T00:00:00Z
http://www.wikidata.org/entity/Q1361647,http://www.wikidata.org/entity/Q319699,équipe d'Allemagne des moins de 17 ans de football,7.0,2002-01-01T00:00:00Z,2002-01-01T00:00:00Z
http://www.wikidata.org/entity/Q1361647,http://www.wikidata.org/entity/Q1676156,Izmirspor,5.0,2007-01-01T00:00:00Z,2007-01-01T00:00:00Z
http://www.wikidata.org/entity/Q1361647,http://www.wikidata.org/entity/Q105861,VfL Bochum,0.0,2004-01-01T00:00:00Z,2007-01-01T00:00:00Z
http://www.wikidata.org/entity/Q1361647,http://www.wikidata.org/entity/Q324854,équipe d'Allemagne de football des moins de 19 ans,6.0,2003-01-01T00:00:00Z,2004-01-01T00:00:00Z
http://www.wikidata.org/entity/Q1361647,http://www.wikidata.org/entity/Q157464,KFC Uerdingen 05,95.0,2010-01-01T00:00:00Z,2013-01-01T00:00:00Z
http://www.wikidata.org/entity/Q1361647,http://www.wikidata.org/entity/Q2016992,équipe d'Allemagne de football des moins de 18 ans,5.0,2002-01-01T00:00:00Z,2003-01-01T00:00:00Z
http://www.wikidata.org/entity/Q1361647,http://www.wikidata.org/entity/Q316497,équipe d'Allemagne de football des moins de 20 ans,1.0,2004-01-01T00:00:00Z,2004-01-01T00:00:00Z
http://www.wikidata.org/entity/Q1361647,http://www.wikidata.org/entity/Q43710,Antalyaspor,1.0,2007-01-01T00:00:00Z,2009-01-01T00:00:00Z
http://www.wikidata.org/entity/Q1361959,http://www.wikidata.org/entity/Q19607,Sheffield United FC,214.0,1992-01-01T00:00:00Z,1999-01-01T00:00:00Z
http://www.wikidata.org/entity/Q1361959,http://www.wikidata.org/entity/Q163547,équipe de république d'Irlande de football,34.0,1993-01-01T00:00:00Z,2002-01-01T00:00:00Z
http://www.wikidata.org/entity/Q1361959,http://www.wikidata.org/entity/Q19612,Preston North End FC,142.0,1985-01-01T00:00:00Z,1992-01-01T00:00:00Z
http://www.wikidata.org/entity/Q1361959,http://www.wikidata.org/entity/Q18526,Stockport County FC,2.0,2001-01-01T00:00:00Z,2001-01-01T00:00:00Z
http://www.wikidata.org/entity/Q1361959,http://www.wikidata.org/entity/Q19446,Blackburn Rovers FC,39.0,1999-01-01T00:00:00Z,2004-01-01T00:00:00Z
http://www.wikidata.org/entity/Q1361959,http://www.wikidata.org/entity/Q19444,Birmingham City FC,6.0,2001-01-01T00:00:00Z,2001-01-01T00:00:00Z
http://www.wikidata.org/entity/Q1361959,http://www.wikidata.org/entity/Q7314484,équipe d'Irlande de football des moins de 23 ans,1.0,1990-01-01T00:00:00Z,1990-01-01T00:00:00Z
http://www.wikidata.org/entity/Q1362397,http://www.wikidata.org/entity/Q2129100,Maccabi Haïfa FC,60.0,2016-01-01T00:00:00Z,2018-01-01T00:00:00Z
http://www.wikidata.org/entity/Q1362397,http://www.wikidata.org/entity/Q191406,équipe d'Israël de football,,2009-01-01T00:00:00Z,
http://www.wikidata.org/entity/Q1362397,http://www.wikidata.org/entity/Q221927,De Graafschap Doetinchem,15.0,2012-01-01T00:00:00Z,2012-01-01T00:00:00Z
http://www.wikidata.org/entity/Q1362397,http://www.wikidata.org/entity/Q206585,Hapoël Tel-Aviv,97.0,2008-01-01T00:00:00Z,2011-01-01T00:00:00Z
http://www.wikidata.org/entity/Q1362397,http://www.wikidata.org/entity/Q2277185,équipe d'Israël espoirs de football,12.0,2003-01-01T00:00:00Z,2007-01-01T00:00:00Z
http://www.wikidata.org/entity/Q1362397,http://www.wikidata.org/entity/Q16525407,1. FC Kaiserslautern II,1.0,2011-01-01T00:00:00Z,2011-01-01T00:00:00Z
http://www.wikidata.org/entity/Q1362397,http://www.wikidata.org/entity/Q3589831,équipe d'Israël de football des moins de 17 ans,10.0,2001-01-01T00:00:00Z,2001-01-01T00:00:00Z
http://www.wikidata.org/entity/Q1362397,http://www.wikidata.org/entity/Q18232,La Gantoise,21.0,2007-01-01T00:00:00Z,2008-01-01T00:00:00Z
http://www.wikidata.org/entity/Q1362397,http://www.wikidata.org/entity/Q206585,Hapoël Tel-Aviv,60.0,2012-01-01T00:00:00Z,2015-01-01T00:00:00Z
http://www.wikidata.org/entity/Q1362397,http://www.wikidata.org/entity/Q8466,1. FC Kaiserslautern,4.0,2011-01-01T00:00:00Z,2012-01-01T00:00:00Z
