player,club,clubLabel,apps,start,end
http://www.wikidata.org/entity/Q10445086,http://www.wikidata.org/entity/Q18509,Cambridge United FC,10.0,2008-01-01T00:00:00Z,2008-01-01T00:00:00Z
http://www.wikidata.org/entity/Q10445086,http://www.wikidata.org/entity/Q625130,Grays Athletic Football Club,4.0,2009-01-01T00:00:00Z,2009-01-01T00:00:00Z
http://www.wikidata.org/entity/Q10445086,http://www.wikidata.org/entity/Q2307965,Hampton & Richmond Borough F.C.,6.0,2007-01-01T00:00:00Z,2007-01-01T00:00:00Z
http://www.wikidata.org/entity/Q10445086,http://www.wikidata.org/entity/Q5290893,Sevenoaks Town F.C.,,2011-01-01T00:00:00Z,2011-01-01T00:00:00Z
http://www.wikidata.org/entity/Q10445086,http://www.wikidata.org/entity/Q19595,Leyton Orient FC,1.0,2008-01-01T00:00:00Z,2008-01-01T00:00:00Z
http://www.wikidata.org/entity/Q10445086,http://www.wikidata.org/entity/Q5087699,Chatham Town FC,,2011-01-01T00:00:00Z,2013-01-01T00:00:00Z
http://www.wikidata.org/entity/Q10445086,http://www.wikidata.org/entity/Q5087699,Chatham Town FC,,2015-01-01T00:00:00Z,
http://www.wikidata.org/entity/Q10445086,http://www.wikidata.org/entity/Q5170686,Corinthian F.C.,,2013-01-01T00:00:00Z,2014-01-01T00:00:00Z
http://www.wikidata.org/entity/Q10445086,http://www.wikidata.org/entity/Q1278095,Eastbourne Borough Football Club,13.0,2009-01-01T00:00:00Z,2009-01-01T00:00:00Z
http://www.wikidata.org/entity/Q10445086,http://www.wikidata.org/entity/Q5212954,Maldon & Tiptree football club,,2009-01-01T00:00:00Z,2010-01-01T00:00:00Z
http://www.wikidata.org/entity/Q10445086,http://www.wikidata.org/entity/Q18747,West Ham United FC,0.0,2007-01-01T00:00:00Z,2009-01-01T00:00:00Z
http://www.wikidata.org/entity/Q10478280,http://www.wikidata.org/entity/Q282126,Stirling Albion Football Club,16.0,2010-01-01T00:00:00Z,2010-01-01T00:00:00Z
http://www.wikidata.org/entity/Q10478280,http://www.wikidata.org/entity/Q1059430,East Fife Football Club,17.0,2014-01-01T00:00:00Z,2015-01-01T00:00:00Z
http://www.wikidata.org/entity/Q10478280,http://www.wikidata.org/entity/Q498473,Hamilton Academical FC,11.0,2012-01-01T00:00:00Z,2012-01-01T00:00:00Z
http://www.wikidata.org/entity/Q10478280,http://www.wikidata.org/entity/Q1059430,East Fife Football Club,11.0,2014-01-01T00:00:00Z,2014-01-01T00:00:00Z
http://www.wikidata.org/entity/Q10478280,http://www.wikidata.org/entity/Q390256,Dunfermline Athletic Football Club,16.0,2014-01-01T00:00:00Z,2015-01-01T00:00:00Z
http://www.wikidata.org/entity/Q10478280,http://www.wikidata.org/entity/Q867876,Greenock Morton Football Club,12.0,2013-01-01T00:00:00Z,2014-01-01T00:00:00Z
http://www.wikidata.org/entity/Q10478280,http://www.wikidata.org/entity/Q498473,Hamilton Academical FC,11.0,2013-01-01T00:00:00Z,2013-01-01T00:00:00Z
http://www.wikidata.org/entity/Q10478280,http://www.wikidata.org/entity/Q216523,Motherwell Football Club,14.0,2008-01-01T00:00:00Z,2012-01-01T00:00:00Z
http://www.wikidata.org/entity/Q10478280,http://www.wikidata.org/entity/Q1059430,East Fife Football Club,,2015-01-01T00:00:00Z,
http://www.wikidata.org/entity/Q10478280,http://www.wikidata.org/entity/Q19604,Portsmouth FC,0.0,2006-01-01T00:00:00Z,2008-01-01T00:00:00Z
http://www.wikidata.org/entity/Q10491042,http://www.wikidata.org/entity/Q264878,UE Vilajuïga,14.0,2008-01-01T00:00:00Z,2008-01-01T00:00:00Z
http://www.wikidata.org/entity/Q10491042,http://www.wikidata.org/entity/Q843396,Racing de Ferrol,18.0,2005-01-01T00:00:00Z,2006-01-01T00:00:00Z
http://www.wikidata.org/entity/Q10491042,http://www.wikidata.org/entity/Q2310972,Club Deportivo Guijuelo,,2015-01-01T00:00:00Z,
http://www.wikidata.org/entity/Q10491042,http://www.wikidata.org/entity/Q2310972,Club Deportivo Guijuelo,113.0,2009-01-01T00:00:00Z,2013-01-01T00:00:00Z
http://www.wikidata.org/entity/Q10491042,http://www.wikidata.org/entity/Q837183,Real Jaén,19.0,2006-01-01T00:00:00Z,2007-01-01T00:00:00Z
http://www.wikidata.org/entity/Q10491042,http://www.wikidata.org/entity/Q12249,Recreativo de Huelva,3.0,2005-01-01T00:00:00Z,2009-01-01T00:00:00Z
http://www.wikidata.org/entity/Q10491042,http://www.wikidata.org/entity/Q1387287,La Roda CF,11.0,2013-01-01T00:00:00Z,2013-01-01T00:00:00Z
http://www.wikidata.org/entity/Q10491042,http://www.wikidata.org/entity/Q582342,Cultural y Deportiva Leonesa,3.0,2007-01-01T00:00:00Z,2007-01-01T00:00:00Z
http://www.wikidata.org/entity/Q10491042,http://www.wikidata.org/entity/Q2654963,Arroyo CP,13.0,2014-01-01T00:00:00Z,2014-01-01T00:00:00Z
http://www.wikidata.org/entity/Q10492080,http://www.wikidata.org/entity/Q1124841,PFC Lokomotiv Plovdiv,11.0,2015-01-01T00:00:00Z,2015-01-01T00:00:00Z
http://www.wikidata.org/entity/Q10492080,http://www.wikidata.org/entity/Q144190,PFK Levski Sofia,,2015-01-01T00:00:00Z,2017-01-01T00:00:00Z
http://www.wikidata.org/entity/Q10492080,http://www.wikidata.org/entity/Q209509,Grenoble Foot 38,11.0,2009-01-01T00:00:00Z,2011-01-01T00:00:00Z
http://www.wikidata.org/entity/Q10492080,http://www.wikidata.org/entity/Q144190,PFK Levski Sofia,,2016-01-01T00:00:00Z,
http://www.wikidata.org/entity/Q10492080,http://www.wikidata.org/entity/Q290629,Tcherno More Varna,19.0,2015-01-01T00:00:00Z,2015-01-01T00:00:00Z
http://www.wikidata.org/entity/Q10492886,http://www.wikidata.org/entity/Q870173,Vannes Olympique Club,,2006-01-01T00:00:00Z,2007-01-01T00:00:00Z
http://www.wikidata.org/entity/Q10492886,http://www.wikidata.org/entity/Q459148,En avant Guingamp,3.0,2002-01-01T00:00:00Z,2005-01-01T00:00:00Z
http://www.wikidata.org/entity/Q10492886,http://www.wikidata.org/entity/Q298362,AS Moulins,,2005-01-01T00:00:00Z,2006-01-01T00:00:00Z
http://www.wikidata.org/entity/Q10492886,http://www.wikidata.org/entity/Q1051013,Paris FC,,2009-01-01T00:00:00Z,
http://www.wikidata.org/entity/Q10492886,http://www.wikidata.org/entity/Q369349,Union sportive Orléans,,2007-01-01T00:00:00Z,2008-01-01T00:00:00Z
http://www.wikidata.org/entity/Q10492886,http://www.wikidata.org/entity/Q508322,FC Gueugnon,,2008-01-01T00:00:00Z,2009-01-01T00:00:00Z
http://www.wikidata.org/entity/Q10492937,http://www.wikidata.org/entity/Q19521,AS Saint-Étienne,11.0,1998-01-01T00:00:00Z,2004-01-01T00:00:00Z
http://www.wikidata.org/entity/Q10492937,http://www.wikidata.org/entity/Q2867249,Association Football Club de Compiègne,,2007-01-01T00:00:00Z,2008-01-01T00:00:00Z
http://www.wikidata.org/entity/Q10492937,http://www.wikidata.org/entity/Q605100,Hyères 83 FC,,2008-01-01T00:00:00Z,
http://www.wikidata.org/entity/Q10492937,http://www.wikidata.org/entity/Q298267,AS Cannes,,2006-01-01T00:00:00Z,2006-01-01T00:00:00Z
http://www.wikidata.org/entity/Q10493144,http://www.wikidata.org/entity/Q333838,Thonon Évian Grand Genève Football Club,28.0,2008-01-01T00:00:00Z,2009-01-01T00:00:00Z
http://www.wikidata.org/entity/Q10493144,http://www.wikidata.org/entity/Q1515369,Racing Besançon,111.0,2009-01-01T00:00:00Z,2012-01-01T00:00:00Z
http://www.wikidata.org/entity/Q10493144,http://www.wikidata.org/entity/Q19521,AS Saint-Étienne,1.0,2004-01-01T00:00:00Z,2005-01-01T00:00:00Z
http://www.wikidata.org/entity/Q10493144,http://www.wikidata.org/entity/Q298267,AS Cannes,58.0,2005-01-01T00:00:00Z,2008-01-01T00:00:00Z
http://www.wikidata.org/entity/Q10493144,http://www.wikidata.org/entity/Q126334,RC Strasbourg Alsace,,2012-01-01T00:00:00Z,
http://www.wikidata.org/entity/Q10493144,http://www.wikidata.org/entity/Q704,Olympique lyonnais,,2003-01-01T00:00:00Z,2004-01-01T00:00:00Z
http://www.wikidata.org/entity/Q10494611,http://www.wikidata.org/entity/Q952582,Peterhead Football Club,65.0,2007-01-01T00:00:00Z,2009-01-01T00:00:00Z
http://www.wikidata.org/entity/Q10494611,http://www.wikidata.org/entity/Q18732,Southampton FC,0.0,2003-01-01T00:00:00Z,2004-01-01T00:00:00Z
http://www.wikidata.org/entity/Q10494611,http://www.wikidata.org/entity/Q1278095,Eastbourne Borough Football Club,15.0,2012-01-01T00:00:00Z,2012-01-01T00:00:00Z
http://www.wikidata.org/entity/Q10494611,http://www.wikidata.org/entity/Q2118564,Salisbury City Football Club,58.0,2011-01-01T00:00:00Z,2012-01-01T00:00:00Z
http://www.wikidata.org/entity/Q10494611,http://www.wikidata.org/entity/Q867921,Livingston Football Club,6.0,2007-01-01T00:00:00Z,2007-01-01T00:00:00Z
http://www.wikidata.org/entity/Q10494611,http://www.wikidata.org/entity/Q1046939,Raith Rovers FC,43.0,2012-01-01T00:00:00Z,2013-01-01T00:00:00Z
http://www.wikidata.org/entity/Q10494611,http://www.wikidata.org/entity/Q180420,Ross County FC,31.0,2006-01-01T00:00:00Z,2006-01-01T00:00:00Z
http://www.wikidata.org/entity/Q10494611,http://www.wikidata.org/entity/Q952582,Peterhead Football Club,14.0,2010-01-01T00:00:00Z,2011-01-01T00:00:00Z
http://www.wikidata.org/entity/Q10494611,http://www.wikidata.org/entity/Q904186,Brechin City Football Club,9.0,2013-01-01T00:00:00Z,2014-01-01T00:00:00Z
http://www.wikidata.org/entity/Q10494611,http://www.wikidata.org/entity/Q5470003,Formartine United F.C.,,2014-01-01T00:00:00Z,
http://www.wikidata.org/entity/Q10494611,http://www.wikidata.org/entity/Q2118564,Salisbury City Football Club,34.0,2009-01-01T00:00:00Z,2010-01-01T00:00:00Z
http://www.wikidata.org/entity/Q10494611,http://www.wikidata.org/entity/Q19449,Blackpool FC,11.0,2004-01-01T00:00:00Z,2006-01-01T00:00:00Z
http://www.wikidata.org/entity/Q10498391,http://www.wikidata.org/entity/Q9408,Barnet FC,26.0,2011-01-01T00:00:00Z,2012-01-01T00:00:00Z
http://www.wikidata.org/entity/Q10498391,http://www.wikidata.org/entity/Q18744,West Bromwich Albion,0.0,2009-01-01T00:00:00Z,2012-01-01T00:00:00Z
http://www.wikidata.org/entity/Q10498391,http://www.wikidata.org/entity/Q18516,Hereford United Football Club,6.0,2010-01-01T00:00:00Z,2010-01-01T00:00:00Z
http://www.wikidata.org/entity/Q10498391,http://www.wikidata.org/entity/Q19626,Shrewsbury Town Football Club,0.0,2011-01-01T00:00:00Z,2011-01-01T00:00:00Z
http://www.wikidata.org/entity/Q10498391,http://www.wikidata.org/entity/Q48950,Rotherham United FC,0.0,2010-01-01T00:00:00Z,2011-01-01T00:00:00Z
http://www.wikidata.org/entity/Q10498391,http://www.wikidata.org/entity/Q19644,Walsall Football Club,,2012-01-01T00:00:00Z,
http://www.wikidata.org/entity/Q10505207,http://www.wikidata.org/entity/Q6641,SSC Bari,19.0,2007-01-01T00:00:00Z,2010-01-01T00:00:00Z
http://www.wikidata.org/entity/Q10505207,http://www.wikidata.org/entity/Q2484001,A.S. Noicattaro Calcio,25.0,2009-01-01T00:00:00Z,2010-01-01T00:00:00Z
http://www.wikidata.org/entity/Q10505207,http://www.wikidata.org/entity/Q1416763,US Gavorrano,13.0,2010-01-01T00:00:00Z,2012-01-01T00:00:00Z
http://www.wikidata.org/entity/Q10505207,http://www.wikidata.org/entity/Q2266580,équipe d'Italie de football des moins de 19 ans,1.0,2007-01-01T00:00:00Z,2007-01-01T00:00:00Z
http://www.wikidata.org/entity/Q10505207,http://www.wikidata.org/entity/Q1785447,Società Sportiva Sambenedettese Calcio,4.0,2008-01-01T00:00:00Z,2008-01-01T00:00:00Z
http://www.wikidata.org/entity/Q10505207,http://www.wikidata.org/entity/Q8639,Hellas Vérone Football Club,1.0,2008-01-01T00:00:00Z,2009-01-01T00:00:00Z
http://www.wikidata.org/entity/Q10505439,http://www.wikidata.org/entity/Q1854811,Unione Sportiva Poggibonsi,5.0,2004-01-01T00:00:00Z,2004-01-01T00:00:00Z
http://www.wikidata.org/entity/Q10505439,http://www.wikidata.org/entity/Q521360,Paganese Calcio 1926,2.0,2011-01-01T00:00:00Z,2012-01-01T00:00:00Z
http://www.wikidata.org/entity/Q10505439,http://www.wikidata.org/entity/Q3763940,Giarre FC,20.0,2006-01-01T00:00:00Z,2007-01-01T00:00:00Z
http://www.wikidata.org/entity/Q10505439,http://www.wikidata.org/entity/Q3626893,Nissa F.C. A.S.D.,,2007-01-01T00:00:00Z,2009-01-01T00:00:00Z
http://www.wikidata.org/entity/Q10505439,http://www.wikidata.org/entity/Q139399,Calcio Foggia 1920,9.0,2010-01-01T00:00:00Z,2011-01-01T00:00:00Z
http://www.wikidata.org/entity/Q10505439,http://www.wikidata.org/entity/Q1052365,Città di Acireale 1946,,2011-01-01T00:00:00Z,2012-01-01T00:00:00Z
http://www.wikidata.org/entity/Q10505439,http://www.wikidata.org/entity/Q7208798,Pol. Adrano Calcio,4.0,2005-01-01T00:00:00Z,2005-01-01T00:00:00Z
http://www.wikidata.org/entity/Q10505439,http://www.wikidata.org/entity/Q29400,AS Tarente Calcio,2.0,2010-01-01T00:00:00Z,2010-01-01T00:00:00Z
http://www.wikidata.org/entity/Q10505439,http://www.wikidata.org/entity/Q2037,Associazione Calcio ChievoVerona,0.0,2010-01-01T00:00:00Z,2010-01-01T00:00:00Z
http://www.wikidata.org/entity/Q10505439,http://www.wikidata.org/entity/Q4647316,A.S.D. Fo.Ce. Vara,1.0,2004-01-01T00:00:00Z,2004-01-01T00:00:00Z
http://www.wikidata.org/entity/Q10505439,http://www.wikidata.org/entity/Q2674,Palermo F.C.,1.0,2000-01-01T00:00:00Z,2002-01-01T00:00:00Z
http://www.wikidata.org/entity/Q10505439,http://www.wikidata.org/entity/Q3626870,A.S.D. Fortis Juventus 1909,10.0,2005-01-01T00:00:00Z,2006-01-01T00:00:00Z
http://www.wikidata.org/entity/Q10505439,http://www.wikidata.org/entity/Q2415539,Olbia 1905,0.0,2003-01-01T00:00:00Z,2003-01-01T00:00:00Z
http://www.wikidata.org/entity/Q10505439,http://www.wikidata.org/entity/Q4647292,A.S.D.P. Ribera 1954,,2012-01-01T00:00:00Z,
http://www.wikidata.org/entity/Q10513615,http://www.wikidata.org/entity/Q2087988,AC Sansovino,10.0,2007-01-01T00:00:00Z,2008-01-01T00:00:00Z
http://www.wikidata.org/entity/Q10513615,http://www.wikidata.org/entity/Q2037,Associazione Calcio ChievoVerona,0.0,2006-01-01T00:00:00Z,2007-01-01T00:00:00Z
http://www.wikidata.org/entity/Q10513615,http://www.wikidata.org/entity/Q3470711,Sambonifacese,19.0,2008-01-01T00:00:00Z,2009-01-01T00:00:00Z
http://www.wikidata.org/entity/Q10513615,http://www.wikidata.org/entity/Q18086159,A.C. Castellana Calcio,,2009-01-01T00:00:00Z,
http://www.wikidata.org/entity/Q10513615,http://www.wikidata.org/entity/Q8455,FC Pro Verceil 1892,24.0,2006-01-01T00:00:00Z,2007-01-01T00:00:00Z
http://www.wikidata.org/entity/Q10513776,http://www.wikidata.org/entity/Q19451,Bolton Wanderers FC,0.0,2008-01-01T00:00:00Z,2009-01-01T00:00:00Z
http://www.wikidata.org/entity/Q10513776,http://www.wikidata.org/entity/Q387301,équipe du Liberia de football,,2010-01-01T00:00:00Z,
http://www.wikidata.org/entity/Q10513776,http://www.wikidata.org/entity/Q18310,Burscough F.C.,,2008-01-01T00:00:00Z,2008-01-01T00:00:00Z
http://www.wikidata.org/entity/Q10513776,http://www.wikidata.org/entity/Q2082915,Leigh Genesis F.C.,2.0,2009-01-01T00:00:00Z,2010-01-01T00:00:00Z
http://www.wikidata.org/entity/Q10513999,http://www.wikidata.org/entity/Q18517,Hyde F.C.,38.0,2012-01-01T00:00:00Z,2013-01-01T00:00:00Z
http://www.wikidata.org/entity/Q10513999,http://www.wikidata.org/entity/Q18280,A.F.C. Fylde,,2014-01-01T00:00:00Z,
http://www.wikidata.org/entity/Q10513999,http://www.wikidata.org/entity/Q793241,Ayr United Football Club,19.0,2012-01-01T00:00:00Z,2012-01-01T00:00:00Z
http://www.wikidata.org/entity/Q10513999,http://www.wikidata.org/entity/Q19449,Blackpool FC,0.0,2010-01-01T00:00:00Z,2014-01-01T00:00:00Z
http://www.wikidata.org/entity/Q10513999,http://www.wikidata.org/entity/Q18517,Hyde F.C.,45.0,2013-01-01T00:00:00Z,2014-01-01T00:00:00Z
http://www.wikidata.org/entity/Q10513999,http://www.wikidata.org/entity/Q18660,Altrincham Football Club,5.0,2011-01-01T00:00:00Z,2012-01-01T00:00:00Z
http://www.wikidata.org/entity/Q10514548,http://www.wikidata.org/entity/Q101859,VfL Wolfsburg,0.0,2000-01-01T00:00:00Z,2003-01-01T00:00:00Z
http://www.wikidata.org/entity/Q10514548,http://www.wikidata.org/entity/Q877617,SG Egelsbach,,2003-01-01T00:00:00Z,2003-01-01T00:00:00Z
http://www.wikidata.org/entity/Q10514548,http://www.wikidata.org/entity/Q105861,VfL Bochum,2.0,2001-01-01T00:00:00Z,2002-01-01T00:00:00Z
http://www.wikidata.org/entity/Q10514548,http://www.wikidata.org/entity/Q7924284,VfL Bochum II,4.0,2001-01-01T00:00:00Z,2002-01-01T00:00:00Z
http://www.wikidata.org/entity/Q10514868,http://www.wikidata.org/entity/Q19626,Shrewsbury Town Football Club,8.0,2012-01-01T00:00:00Z,2012-01-01T00:00:00Z
http://www.wikidata.org/entity/Q10514868,http://www.wikidata.org/entity/Q187326,Aberdeen FC,20.0,2013-01-01T00:00:00Z,2014-01-01T00:00:00Z
http://www.wikidata.org/entity/Q10514868,http://www.wikidata.org/entity/Q9408,Barnet FC,27.0,2011-01-01T00:00:00Z,2012-01-01T00:00:00Z
http://www.wikidata.org/entity/Q10514868,http://www.wikidata.org/entity/Q2028870,Havant & Waterlooville Football Club,1.0,2010-01-01T00:00:00Z,2010-01-01T00:00:00Z
http://www.wikidata.org/entity/Q10514868,http://www.wikidata.org/entity/Q4118937,Horsham F.C.,11.0,2010-01-01T00:00:00Z,2011-01-01T00:00:00Z
http://www.wikidata.org/entity/Q10514868,http://www.wikidata.org/entity/Q18729,Reading FC,,2015-01-01T00:00:00Z,
http://www.wikidata.org/entity/Q10514868,http://www.wikidata.org/entity/Q48862,Aldershot Town Football Club,8.0,2012-01-01T00:00:00Z,2013-01-01T00:00:00Z
http://www.wikidata.org/entity/Q10514868,http://www.wikidata.org/entity/Q338557,Dundalk Football Club,11.0,2011-01-01T00:00:00Z,2011-01-01T00:00:00Z
http://www.wikidata.org/entity/Q10514868,http://www.wikidata.org/entity/Q18729,Reading FC,54.0,2009-01-01T00:00:00Z,2015-01-01T00:00:00Z
http://www.wikidata.org/entity/Q10514868,http://www.wikidata.org/entity/Q4953738,Bracknell Town F.C.,3.0,2009-01-01T00:00:00Z,2009-01-01T00:00:00Z
http://www.wikidata.org/entity/Q10514868,http://www.wikidata.org/entity/Q5274092,Didcot Town F.C.,3.0,2009-01-01T00:00:00Z,2009-01-01T00:00:00Z
http://www.wikidata.org/entity/Q10514868,http://www.wikidata.org/entity/Q48932,Cheltenham Town Football Club,18.0,2013-01-01T00:00:00Z,2013-01-01T00:00:00Z
http://www.wikidata.org/entity/Q10514868,http://www.wikidata.org/entity/Q5213276,Oxford City F.C.,6.0,2010-01-01T00:00:00Z,2010-01-01T00:00:00Z
http://www.wikidata.org/entity/Q10514868,http://www.wikidata.org/entity/Q235399,équipe de Jamaïque de football,,2015-01-01T00:00:00Z,
http://www.wikidata.org/entity/Q10514868,http://www.wikidata.org/entity/Q9616,Chelsea FC,,2015-01-01T00:00:00Z,
http://www.wikidata.org/entity/Q10520024,http://www.wikidata.org/entity/Q4140015,équipe d'Écosse de football des moins de 19 ans,1.0,2010-01-01T00:00:00Z,2010-01-01T00:00:00Z
http://www.wikidata.org/entity/Q10520024,http://www.wikidata.org/entity/Q19597,Rangers FC,,2016-01-01T00:00:00Z,
http://www.wikidata.org/entity/Q10520024,http://www.wikidata.org/entity/Q3589864,équipe d'Écosse de football des moins de 17 ans,4.0,2008-01-01T00:00:00Z,2008-01-01T00:00:00Z
http://www.wikidata.org/entity/Q10520024,http://www.wikidata.org/entity/Q4140015,équipe d'Écosse de football des moins de 19 ans,1.0,2012-01-01T00:00:00Z,2012-01-01T00:00:00Z
http://www.wikidata.org/entity/Q10520024,http://www.wikidata.org/entity/Q268776,Saint Johnstone Football Club,72.0,2014-01-01T00:00:00Z,2016-01-01T00:00:00Z
http://www.wikidata.org/entity/Q10520024,http://www.wikidata.org/entity/Q1812121,équipe d'Écosse espoirs de football,2.0,2012-01-01T00:00:00Z,2012-01-01T00:00:00Z
http://www.wikidata.org/entity/Q10520024,http://www.wikidata.org/entity/Q19637,Tranmere Rovers FC,23.0,2012-01-01T00:00:00Z,2013-01-01T00:00:00Z
http://www.wikidata.org/entity/Q10520024,http://www.wikidata.org/entity/Q19607,Sheffield United FC,7.0,2012-01-01T00:00:00Z,2012-01-01T00:00:00Z
http://www.wikidata.org/entity/Q10520024,http://www.wikidata.org/entity/Q19575,Carlisle United Football Club,1.0,2012-01-01T00:00:00Z,2012-01-01T00:00:00Z
http://www.wikidata.org/entity/Q10520024,http://www.wikidata.org/entity/Q19451,Bolton Wanderers FC,0.0,2011-01-01T00:00:00Z,2014-01-01T00:00:00Z
http://www.wikidata.org/entity/Q10521567,http://www.wikidata.org/entity/Q944876,Calcio Lecco,25.0,2009-01-01T00:00:00Z,2010-01-01T00:00:00Z
http://www.wikidata.org/entity/Q10521567,http://www.wikidata.org/entity/Q777337,Aurora Pro Patria 1919,47.0,2012-01-01T00:00:00Z,2014-01-01T00:00:00Z
http://www.wikidata.org/entity/Q10521567,http://www.wikidata.org/entity/Q777337,Aurora Pro Patria 1919,19.0,2010-01-01T00:00:00Z,2011-01-01T00:00:00Z
http://www.wikidata.org/entity/Q10521567,http://www.wikidata.org/entity/Q8643,Vicenza Calcio,0.0,2014-01-01T00:00:00Z,2014-01-01T00:00:00Z
http://www.wikidata.org/entity/Q10521567,http://www.wikidata.org/entity/Q501372,Unione Sportiva Catanzaro,8.0,2005-01-01T00:00:00Z,2006-01-01T00:00:00Z
http://www.wikidata.org/entity/Q10521567,http://www.wikidata.org/entity/Q289707,AC Reggiana,21.0,2011-01-01T00:00:00Z,2012-01-01T00:00:00Z
http://www.wikidata.org/entity/Q10521567,http://www.wikidata.org/entity/Q1349814,Ravenne Calcio,29.0,2006-01-01T00:00:00Z,2007-01-01T00:00:00Z
http://www.wikidata.org/entity/Q10521567,http://www.wikidata.org/entity/Q777337,Aurora Pro Patria 1919,10.0,2015-01-01T00:00:00Z,2015-01-01T00:00:00Z
http://www.wikidata.org/entity/Q10521567,http://www.wikidata.org/entity/Q1457,UC Sampdoria,0.0,2003-01-01T00:00:00Z,2004-01-01T00:00:00Z
http://www.wikidata.org/entity/Q10521567,http://www.wikidata.org/entity/Q289521,Associazione Calcio Pavie 1911,14.0,2006-01-01T00:00:00Z,2006-01-01T00:00:00Z
http://www.wikidata.org/entity/Q10521567,http://www.wikidata.org/entity/Q16344,AC Pérouse Calcio,8.0,2008-01-01T00:00:00Z,2008-01-01T00:00:00Z
http://www.wikidata.org/entity/Q10521567,http://www.wikidata.org/entity/Q4647051,A.C. Castellettese,25.0,2002-01-01T00:00:00Z,2004-01-01T00:00:00Z
http://www.wikidata.org/entity/Q10521567,http://www.wikidata.org/entity/Q2158769,Savoia 1908 FC,8.0,2014-01-01T00:00:00Z,2015-01-01T00:00:00Z
http://www.wikidata.org/entity/Q10521567,http://www.wikidata.org/entity/Q737832,Montevarchi Calcio Aquila 1902,27.0,2004-01-01T00:00:00Z,2005-01-01T00:00:00Z
http://www.wikidata.org/entity/Q10524462,http://www.wikidata.org/entity/Q6664,AC Cesena,,2008-01-01T00:00:00Z,
http://www.wikidata.org/entity/Q10524462,http://www.wikidata.org/entity/Q289521,Associazione Calcio Pavie 1911,29.0,2009-01-01T00:00:00Z,2010-01-01T00:00:00Z
http://www.wikidata.org/entity/Q10524462,http://www.wikidata.org/entity/Q8633,Varèse Calcio,15.0,2013-01-01T00:00:00Z,2014-01-01T00:00:00Z
http://www.wikidata.org/entity/Q10524462,http://www.wikidata.org/entity/Q3873548,équipe d'Italie de football des moins de 20 ans,4.0,2009-01-01T00:00:00Z,2010-01-01T00:00:00Z
http://www.wikidata.org/entity/Q10524462,http://www.wikidata.org/entity/Q6630,Ascoli Calcio 1898 FC,36.0,2012-01-01T00:00:00Z,2013-01-01T00:00:00Z
http://www.wikidata.org/entity/Q10524462,http://www.wikidata.org/entity/Q1968070,Unione Sportiva Pergolettese 1932,33.0,2010-01-01T00:00:00Z,2011-01-01T00:00:00Z
http://www.wikidata.org/entity/Q10524462,http://www.wikidata.org/entity/Q6664,AC Cesena,1.0,2013-01-01T00:00:00Z,2013-01-01T00:00:00Z
http://www.wikidata.org/entity/Q10524462,http://www.wikidata.org/entity/Q1279917,Pistoiese Football Club,12.0,2015-01-01T00:00:00Z,2015-01-01T00:00:00Z
http://www.wikidata.org/entity/Q10524462,http://www.wikidata.org/entity/Q8615,Spezia Calcio,5.0,2012-01-01T00:00:00Z,2012-01-01T00:00:00Z
http://www.wikidata.org/entity/Q10524462,http://www.wikidata.org/entity/Q501372,Unione Sportiva Catanzaro,10.0,2014-01-01T00:00:00Z,2015-01-01T00:00:00Z
http://www.wikidata.org/entity/Q10524462,http://www.wikidata.org/entity/Q6664,AC Cesena,2.0,2011-01-01T00:00:00Z,2012-01-01T00:00:00Z
http://www.wikidata.org/entity/Q10524462,http://www.wikidata.org/entity/Q6664,AC Cesena,9.0,2007-01-01T00:00:00Z,2009-01-01T00:00:00Z
http://www.wikidata.org/entity/Q10524798,http://www.wikidata.org/entity/Q3627186,Associazione Sportiva Terracina,11.0,2014-01-01T00:00:00Z,2014-01-01T00:00:00Z
http://www.wikidata.org/entity/Q10524798,http://www.wikidata.org/entity/Q10407,UD Almería,0.0,2011-01-01T00:00:00Z,2011-01-01T00:00:00Z
http://www.wikidata.org/entity/Q10524798,http://www.wikidata.org/entity/Q2569964,UD Almería B,43.0,2011-01-01T00:00:00Z,2013-01-01T00:00:00Z
http://www.wikidata.org/entity/Q10524798,http://www.wikidata.org/entity/Q9195376,U.S.D. Noto Calcio,,2014-01-01T00:00:00Z,
http://www.wikidata.org/entity/Q10524798,http://www.wikidata.org/entity/Q1023177,CD Dénia,43.0,2009-01-01T00:00:00Z,2011-01-01T00:00:00Z
http://www.wikidata.org/entity/Q10529465,http://www.wikidata.org/entity/Q3626328,A.C.D. Sant'Angelo 1907,,2010-01-01T00:00:00Z,2011-01-01T00:00:00Z
http://www.wikidata.org/entity/Q10529465,http://www.wikidata.org/entity/Q611222,Trévise F.B.C. 1993,0.0,2004-01-01T00:00:00Z,2007-01-01T00:00:00Z
http://www.wikidata.org/entity/Q10529465,http://www.wikidata.org/entity/Q2843679,U.S. Città di Jesolo,17.0,2008-01-01T00:00:00Z,2009-01-01T00:00:00Z
http://www.wikidata.org/entity/Q10529465,http://www.wikidata.org/entity/Q2095117,Fermana Calcio,14.0,2005-01-01T00:00:00Z,2006-01-01T00:00:00Z
http://www.wikidata.org/entity/Q10529465,http://www.wikidata.org/entity/Q8416,Novara Calcio,28.0,2006-01-01T00:00:00Z,2007-01-01T00:00:00Z
http://www.wikidata.org/entity/Q10529465,http://www.wikidata.org/entity/Q31821,Feralpisalò,20.0,2009-01-01T00:00:00Z,2010-01-01T00:00:00Z
http://www.wikidata.org/entity/Q10529465,http://www.wikidata.org/entity/Q2755428,AS Pizzighettone,24.0,2007-01-01T00:00:00Z,2008-01-01T00:00:00Z
http://www.wikidata.org/entity/Q10530495,http://www.wikidata.org/entity/Q8639,Hellas Vérone Football Club,,2014-01-01T00:00:00Z,
http://www.wikidata.org/entity/Q10530495,http://www.wikidata.org/entity/Q2524107,Teramo Calcio,12.0,2015-01-01T00:00:00Z,2015-01-01T00:00:00Z
http://www.wikidata.org/entity/Q10530495,http://www.wikidata.org/entity/Q1279917,Pistoiese Football Club,34.0,2014-01-01T00:00:00Z,2015-01-01T00:00:00Z
http://www.wikidata.org/entity/Q10530495,http://www.wikidata.org/entity/Q8639,Hellas Vérone Football Club,0.0,2012-01-01T00:00:00Z,2014-01-01T00:00:00Z
http://www.wikidata.org/entity/Q10530495,http://www.wikidata.org/entity/Q752483,Unione Calcio Albinoleffe,12.0,2014-01-01T00:00:00Z,2014-01-01T00:00:00Z
http://www.wikidata.org/entity/Q10530495,http://www.wikidata.org/entity/Q3873502,équipe d'Italie de football des moins de 16 ans,6.0,2008-01-01T00:00:00Z,2009-01-01T00:00:00Z
http://www.wikidata.org/entity/Q10530495,http://www.wikidata.org/entity/Q3873513,équipe d'Italie de football des moins de 18 ans,2.0,2010-01-01T00:00:00Z,2011-01-01T00:00:00Z
http://www.wikidata.org/entity/Q10530495,http://www.wikidata.org/entity/Q8648,Lanciano Calcio 1920,0.0,2013-01-01T00:00:00Z,2014-01-01T00:00:00Z
http://www.wikidata.org/entity/Q10530495,http://www.wikidata.org/entity/Q2331232,équipe d'Italie de football des moins de 17 ans,3.0,2009-01-01T00:00:00Z,2010-01-01T00:00:00Z
http://www.wikidata.org/entity/Q10530495,http://www.wikidata.org/entity/Q4647348,AC Tuttocuoio 1957 San Miniato SSD,,2016-01-01T00:00:00Z,
http://www.wikidata.org/entity/Q10530495,http://www.wikidata.org/entity/Q2266580,équipe d'Italie de football des moins de 19 ans,1.0,2011-01-01T00:00:00Z,2012-01-01T00:00:00Z
http://www.wikidata.org/entity/Q10530495,http://www.wikidata.org/entity/Q742685,San Marino Calcio,10.0,2013-01-01T00:00:00Z,2013-01-01T00:00:00Z
http://www.wikidata.org/entity/Q10531459,http://www.wikidata.org/entity/Q3291331,Union sportive royenne,16.0,2012-01-01T00:00:00Z,2013-01-01T00:00:00Z
http://www.wikidata.org/entity/Q10531459,http://www.wikidata.org/entity/Q925973,RFC Seraing,,2013-01-01T00:00:00Z,
http://www.wikidata.org/entity/Q10531459,http://www.wikidata.org/entity/Q212269,Valenciennes FC,1.0,2010-01-01T00:00:00Z,2011-01-01T00:00:00Z
http://www.wikidata.org/entity/Q10535896,http://www.wikidata.org/entity/Q19481,Leicester City FC,1.0,2012-01-01T00:00:00Z,2016-01-01T00:00:00Z
http://www.wikidata.org/entity/Q10535896,http://www.wikidata.org/entity/Q187664,équipe de Saint-Christophe-et-Niévès de football,29.0,2014-01-01T00:00:00Z,
http://www.wikidata.org/entity/Q10535896,http://www.wikidata.org/entity/Q18507,Barrow Association Football Club,32.0,2016-01-01T00:00:00Z,2018-01-01T00:00:00Z
http://www.wikidata.org/entity/Q10535896,http://www.wikidata.org/entity/Q48841182,P.A.O. Aittitos Spata F.C.,2.0,2019-01-01T00:00:00Z,2019-01-01T00:00:00Z
http://www.wikidata.org/entity/Q10535896,http://www.wikidata.org/entity/Q48948,Port Vale FC,0.0,2014-01-01T00:00:00Z,2014-01-01T00:00:00Z
http://www.wikidata.org/entity/Q10535896,http://www.wikidata.org/entity/Q18460,Salford City,,2017-01-01T00:00:00Z,2017-01-01T00:00:00Z
http://www.wikidata.org/entity/Q10535896,http://www.wikidata.org/entity/Q48862,Aldershot Town Football Club,63.0,2019-01-01T00:00:00Z,
http://www.wikidata.org/entity/Q10535896,http://www.wikidata.org/entity/Q1046939,Raith Rovers FC,15.0,2016-01-01T00:00:00Z,2016-01-01T00:00:00Z
http://www.wikidata.org/entity/Q10535896,http://www.wikidata.org/entity/Q18524,Nuneaton Town F.C.,,2018-01-01T00:00:00Z,2019-01-01T00:00:00Z
http://www.wikidata.org/entity/Q10539605,http://www.wikidata.org/entity/Q2674,Palermo F.C.,0.0,2008-01-01T00:00:00Z,2010-01-01T00:00:00Z
http://www.wikidata.org/entity/Q10382139,http://www.wikidata.org/entity/Q48945,Northampton Town FC,8.0,2014-01-01T00:00:00Z,2014-01-01T00:00:00Z
http://www.wikidata.org/entity/Q10382139,http://www.wikidata.org/entity/Q19592,Hartlepool United FC,123.0,2010-01-01T00:00:00Z,2013-01-01T00:00:00Z
http://www.wikidata.org/entity/Q10382139,http://www.wikidata.org/entity/Q19637,Tranmere Rovers FC,18.0,2013-01-01T00:00:00Z,2014-01-01T00:00:00Z
http://www.wikidata.org/entity/Q10382139,http://www.wikidata.org/entity/Q738158,Gretna Football Club,15.0,2007-01-01T00:00:00Z,2008-01-01T00:00:00Z
http://www.wikidata.org/entity/Q10382139,http://www.wikidata.org/entity/Q909189,Darlington Football Club 1883,2.0,2006-01-01T00:00:00Z,2006-01-01T00:00:00Z
http://www.wikidata.org/entity/Q10382139,http://www.wikidata.org/entity/Q48954,York City Football Club,4.0,2005-01-01T00:00:00Z,2006-01-01T00:00:00Z
http://www.wikidata.org/entity/Q10382139,http://www.wikidata.org/entity/Q1070732,Chester City Football Club,1.0,2006-01-01T00:00:00Z,2006-01-01T00:00:00Z
http://www.wikidata.org/entity/Q10382139,http://www.wikidata.org/entity/Q18515,Grimsby Town Football Club,,2016-02-01T00:00:00Z,2016-05-31T00:00:00Z
http://www.wikidata.org/entity/Q10382139,http://www.wikidata.org/entity/Q19575,Carlisle United Football Club,77.0,2008-01-01T00:00:00Z,2010-01-01T00:00:00Z
http://www.wikidata.org/entity/Q10382139,http://www.wikidata.org/entity/Q19607,Sheffield United FC,0.0,2004-01-01T00:00:00Z,2008-01-01T00:00:00Z
http://www.wikidata.org/entity/Q10382139,http://www.wikidata.org/entity/Q18526,Stockport County FC,10.0,2005-01-01T00:00:00Z,2005-01-01T00:00:00Z
http://www.wikidata.org/entity/Q10382139,http://www.wikidata.org/entity/Q909189,Darlington Football Club 1883,18.0,2007-01-01T00:00:00Z,2007-01-01T00:00:00Z
http://www.wikidata.org/entity/Q10382139,http://www.wikidata.org/entity/Q19615,Scunthorpe United FC,0.0,2005-01-01T00:00:00Z,2005-01-01T00:00:00Z
http://www.wikidata.org/entity/Q10393375,http://www.wikidata.org/entity/Q289029,Società Sportiva Calcio Ancona,11.0,2005-01-01T00:00:00Z,2007-01-01T00:00:00Z
http://www.wikidata.org/entity/Q10393375,http://www.wikidata.org/entity/Q845772,KF Partizan Tirana,0.0,2008-01-01T00:00:00Z,2009-01-01T00:00:00Z
http://www.wikidata.org/entity/Q10393375,http://www.wikidata.org/entity/Q2087988,AC Sansovino,13.0,2007-01-01T00:00:00Z,2008-01-01T00:00:00Z
http://www.wikidata.org/entity/Q10393375,http://www.wikidata.org/entity/Q210170,KF Tirana,1.0,2009-01-01T00:00:00Z,2010-01-01T00:00:00Z
http://www.wikidata.org/entity/Q10393375,http://www.wikidata.org/entity/Q1132621,Scafatese,1.0,2008-01-01T00:00:00Z,2008-01-01T00:00:00Z
http://www.wikidata.org/entity/Q10393375,http://www.wikidata.org/entity/Q2037,Associazione Calcio ChievoVerona,1.0,2007-01-01T00:00:00Z,2007-01-01T00:00:00Z
http://www.wikidata.org/entity/Q10396118,http://www.wikidata.org/entity/Q48943,Gillingham Football Club,17.0,1997-01-01T00:00:00Z,1998-01-01T00:00:00Z
http://www.wikidata.org/entity/Q10396118,http://www.wikidata.org/entity/Q5212680,Folkestone Invicta F.C.,,2006-01-01T00:00:00Z,2008-01-01T00:00:00Z
http://www.wikidata.org/entity/Q10396118,http://www.wikidata.org/entity/Q891692,Margate Football Club,1.0,2005-01-01T00:00:00Z,2005-01-01T00:00:00Z
http://www.wikidata.org/entity/Q10396118,http://www.wikidata.org/entity/Q48938,Dagenham & Redbridge FC,,2005-01-01T00:00:00Z,2005-01-01T00:00:00Z
http://www.wikidata.org/entity/Q10396118,http://www.wikidata.org/entity/Q909189,Darlington Football Club 1883,10.0,2003-01-01T00:00:00Z,2003-01-01T00:00:00Z
http://www.wikidata.org/entity/Q10396118,http://www.wikidata.org/entity/Q19446,Blackburn Rovers FC,0.0,1998-01-01T00:00:00Z,2003-01-01T00:00:00Z
http://www.wikidata.org/entity/Q10396118,http://www.wikidata.org/entity/Q5438576,Faversham Town F.C.,,2009-01-01T00:00:00Z,2009-01-01T00:00:00Z
http://www.wikidata.org/entity/Q10396118,http://www.wikidata.org/entity/Q19604,Portsmouth FC,0.0,2000-01-01T00:00:00Z,2000-01-01T00:00:00Z
http://www.wikidata.org/entity/Q10396118,http://www.wikidata.org/entity/Q955872,Welling United Football Club,,2005-01-01T00:00:00Z,2006-01-01T00:00:00Z
http://www.wikidata.org/entity/Q10396118,http://www.wikidata.org/entity/Q48951,Southend United FC,23.0,2003-01-01T00:00:00Z,2005-01-01T00:00:00Z
http://www.wikidata.org/entity/Q10396118,http://www.wikidata.org/entity/Q5742321,Herne Bay F.C.,,2010-01-01T00:00:00Z,2011-01-01T00:00:00Z
http://www.wikidata.org/entity/Q10399189,http://www.wikidata.org/entity/Q19575,Carlisle United Football Club,26.0,1997-01-01T00:00:00Z,1998-01-01T00:00:00Z
http://www.wikidata.org/entity/Q10399189,http://www.wikidata.org/entity/Q19470,Derby County FC,0.0,1994-01-01T00:00:00Z,1997-01-01T00:00:00Z
http://www.wikidata.org/entity/Q10399189,http://www.wikidata.org/entity/Q2714,Watford Football Club,36.0,1998-01-01T00:00:00Z,2003-01-01T00:00:00Z
http://www.wikidata.org/entity/Q10401761,http://www.wikidata.org/entity/Q19487,Millwall FC,1.0,2001-01-01T00:00:00Z,2001-01-01T00:00:00Z
http://www.wikidata.org/entity/Q10401761,http://www.wikidata.org/entity/Q202093,Heart of Midlothian Football Club,65.0,2002-01-01T00:00:00Z,2005-01-01T00:00:00Z
http://www.wikidata.org/entity/Q10401761,http://www.wikidata.org/entity/Q18661,Middlesbrough FC,116.0,1993-01-01T00:00:00Z,2002-01-01T00:00:00Z
http://www.wikidata.org/entity/Q10401761,http://www.wikidata.org/entity/Q909189,Darlington Football Club 1883,8.0,2005-01-01T00:00:00Z,2007-01-01T00:00:00Z
http://www.wikidata.org/entity/Q10401767,http://www.wikidata.org/entity/Q1927145,Lewes Football Club,7.0,2011-01-01T00:00:00Z,2011-01-01T00:00:00Z
http://www.wikidata.org/entity/Q10401767,http://www.wikidata.org/entity/Q5182978,Crawley Down Gatwick F.C.,,2011-01-01T00:00:00Z,
http://www.wikidata.org/entity/Q10401767,http://www.wikidata.org/entity/Q4118937,Horsham F.C.,,2013-01-01T00:00:00Z,
http://www.wikidata.org/entity/Q10401767,http://www.wikidata.org/entity/Q4201740,équipe d'Angleterre de football des moins de 16 ans,9.0,2000-01-01T00:00:00Z,2001-01-01T00:00:00Z
http://www.wikidata.org/entity/Q10401767,http://www.wikidata.org/entity/Q5212948,Hastings United FC,23.0,2010-01-01T00:00:00Z,2010-01-01T00:00:00Z
http://www.wikidata.org/entity/Q10401767,http://www.wikidata.org/entity/Q19578,Colchester United FC,10.0,2003-01-01T00:00:00Z,2005-01-01T00:00:00Z
http://www.wikidata.org/entity/Q10401767,http://www.wikidata.org/entity/Q19584,Crawley Town Football Club,15.0,2005-01-01T00:00:00Z,2006-01-01T00:00:00Z
http://www.wikidata.org/entity/Q10401767,http://www.wikidata.org/entity/Q4118937,Horsham F.C.,22.0,2010-01-01T00:00:00Z,2011-01-01T00:00:00Z
http://www.wikidata.org/entity/Q10401767,http://www.wikidata.org/entity/Q1927145,Lewes Football Club,43.0,2006-01-01T00:00:00Z,2008-01-01T00:00:00Z
http://www.wikidata.org/entity/Q10401767,http://www.wikidata.org/entity/Q2564389,Tonbridge Angels F.C.,5.0,2008-01-01T00:00:00Z,2008-01-01T00:00:00Z
http://www.wikidata.org/entity/Q10401767,http://www.wikidata.org/entity/Q18661,Middlesbrough FC,0.0,2001-01-01T00:00:00Z,2003-01-01T00:00:00Z
http://www.wikidata.org/entity/Q10401767,http://www.wikidata.org/entity/Q2564389,Tonbridge Angels F.C.,37.0,2008-01-01T00:00:00Z,2010-01-01T00:00:00Z
http://www.wikidata.org/entity/Q10401767,http://www.wikidata.org/entity/Q48935,Chesterfield Football Club,9.0,2003-01-01T00:00:00Z,2003-01-01T00:00:00Z
http://www.wikidata.org/entity/Q10410097,http://www.wikidata.org/entity/Q48935,Chesterfield Football Club,0.0,2008-01-01T00:00:00Z,2008-01-01T00:00:00Z
http://www.wikidata.org/entity/Q10410097,http://www.wikidata.org/entity/Q18491,Sheffield Football Club,0.0,2013-01-01T00:00:00Z,2013-01-01T00:00:00Z
http://www.wikidata.org/entity/Q10410097,http://www.wikidata.org/entity/Q19607,Sheffield United FC,0.0,2006-01-01T00:00:00Z,2009-01-01T00:00:00Z
http://www.wikidata.org/entity/Q10410097,http://www.wikidata.org/entity/Q48950,Rotherham United FC,0.0,2007-01-01T00:00:00Z,2007-01-01T00:00:00Z
http://www.wikidata.org/entity/Q10410097,http://www.wikidata.org/entity/Q48950,Rotherham United FC,9.0,2009-01-01T00:00:00Z,2012-01-01T00:00:00Z
http://www.wikidata.org/entity/Q10410097,http://www.wikidata.org/entity/Q48879,Bradford City Association Football Club,0.0,2012-01-01T00:00:00Z,2012-01-01T00:00:00Z
http://www.wikidata.org/entity/Q10410097,http://www.wikidata.org/entity/Q48950,Rotherham United FC,0.0,2008-01-01T00:00:00Z,2008-01-01T00:00:00Z
http://www.wikidata.org/entity/Q10410097,http://www.wikidata.org/entity/Q2358861,équipe d'Angleterre de football des moins de 19 ans,4.0,2007-01-01T00:00:00Z,2008-01-01T00:00:00Z
http://www.wikidata.org/entity/Q10410097,http://www.wikidata.org/entity/Q18522,Mansfield Town FC,1.0,2008-01-01T00:00:00Z,2008-01-01T00:00:00Z
http://www.wikidata.org/entity/Q10413152,http://www.wikidata.org/entity/Q18527,Tamworth Football Club,87.0,2007-01-01T00:00:00Z,2010-01-01T00:00:00Z
http://www.wikidata.org/entity/Q10413152,http://www.wikidata.org/entity/Q48945,Northampton Town FC,4.0,2006-01-01T00:00:00Z,2006-01-01T00:00:00Z
http://www.wikidata.org/entity/Q10413152,http://www.wikidata.org/entity/Q1882874,Worcester City FC,25.0,2014-01-01T00:00:00Z,2015-01-01T00:00:00Z
http://www.wikidata.org/entity/Q10413152,http://www.wikidata.org/entity/Q4232689,Corby Town F.C.,1.0,2015-01-01T00:00:00Z,2015-01-01T00:00:00Z
http://www.wikidata.org/entity/Q10413152,http://www.wikidata.org/entity/Q18519,Lincoln City Football Club,19.0,2013-01-01T00:00:00Z,2014-01-01T00:00:00Z
http://www.wikidata.org/entity/Q10413152,http://www.wikidata.org/entity/Q4140000,Gloucester City A.F.C.,1.0,2015-01-01T00:00:00Z,2015-01-01T00:00:00Z
http://www.wikidata.org/entity/Q10413152,http://www.wikidata.org/entity/Q18527,Tamworth Football Club,1.0,2006-01-01T00:00:00Z,2006-01-01T00:00:00Z
http://www.wikidata.org/entity/Q10413152,http://www.wikidata.org/entity/Q4805012,Ashford United F.C.,10.0,2007-01-01T00:00:00Z,2007-01-01T00:00:00Z
http://www.wikidata.org/entity/Q10413152,http://www.wikidata.org/entity/Q4202306,équipe d'Angleterre de football C,,2008-01-01T00:00:00Z,
http://www.wikidata.org/entity/Q10413152,http://www.wikidata.org/entity/Q4737928,Alvechurch F.C.,,2015-01-01T00:00:00Z,
http://www.wikidata.org/entity/Q10413152,http://www.wikidata.org/entity/Q19444,Birmingham City FC,0.0,2005-01-01T00:00:00Z,2007-01-01T00:00:00Z
http://www.wikidata.org/entity/Q10413152,http://www.wikidata.org/entity/Q18303,Rushall Olympic F.C.,,2015-01-01T00:00:00Z,2015-01-01T00:00:00Z
http://www.wikidata.org/entity/Q10413152,http://www.wikidata.org/entity/Q19456,Bristol City Football Club,4.0,2006-01-01T00:00:00Z,2006-01-01T00:00:00Z
http://www.wikidata.org/entity/Q10413152,http://www.wikidata.org/entity/Q18522,Mansfield Town FC,17.0,2012-01-01T00:00:00Z,2013-01-01T00:00:00Z
http://www.wikidata.org/entity/Q10413152,http://www.wikidata.org/entity/Q1513377,Kettering Town Football Club,,2015-01-01T00:00:00Z,2015-01-01T00:00:00Z
http://www.wikidata.org/entity/Q10413152,http://www.wikidata.org/entity/Q18518,Kidderminster Harriers Football Club,82.0,2010-01-01T00:00:00Z,2012-01-01T00:00:00Z
http://www.wikidata.org/entity/Q10413152,http://www.wikidata.org/entity/Q18474,Halesowen Town F.C.,8.0,2007-01-01T00:00:00Z,2007-01-01T00:00:00Z
http://www.wikidata.org/entity/Q10414193,http://www.wikidata.org/entity/Q18520,Luton Town Football Club,214.0,1988-01-01T00:00:00Z,1994-01-01T00:00:00Z
http://www.wikidata.org/entity/Q10414193,http://www.wikidata.org/entity/Q47965,Torquay United Football Club,5.0,1985-01-01T00:00:00Z,1985-01-01T00:00:00Z
http://www.wikidata.org/entity/Q10414193,http://www.wikidata.org/entity/Q18509,Cambridge United FC,40.0,2000-01-01T00:00:00Z,2001-01-01T00:00:00Z
http://www.wikidata.org/entity/Q10414193,http://www.wikidata.org/entity/Q4647154,Wallingford Town F.C.,,1984-01-01T00:00:00Z,1985-01-01T00:00:00Z
http://www.wikidata.org/entity/Q10414193,http://www.wikidata.org/entity/Q18708,Fulham FC,12.0,1988-01-01T00:00:00Z,1988-01-01T00:00:00Z
http://www.wikidata.org/entity/Q10414193,http://www.wikidata.org/entity/Q48879,Bradford City Association Football Club,80.0,1996-01-01T00:00:00Z,2000-01-01T00:00:00Z
http://www.wikidata.org/entity/Q10414193,http://www.wikidata.org/entity/Q18736,Stoke City FC,49.0,1994-01-01T00:00:00Z,1996-01-01T00:00:00Z
http://www.wikidata.org/entity/Q10414193,http://www.wikidata.org/entity/Q19451,Bolton Wanderers FC,2.0,1995-01-01T00:00:00Z,1995-01-01T00:00:00Z
http://www.wikidata.org/entity/Q10414193,http://www.wikidata.org/entity/Q9426,Stevenage FC,26.0,2001-01-01T00:00:00Z,2003-01-01T00:00:00Z
http://www.wikidata.org/entity/Q10414193,http://www.wikidata.org/entity/Q48946,Oxford United Football Club,60.0,1985-01-01T00:00:00Z,1988-01-01T00:00:00Z
http://www.wikidata.org/entity/Q10421241,http://www.wikidata.org/entity/Q47965,Torquay United Football Club,1.0,2005-01-01T00:00:00Z,2005-01-01T00:00:00Z
http://www.wikidata.org/entity/Q10421241,http://www.wikidata.org/entity/Q394452,St. Patrick's Athletic FC,13.0,2012-01-01T00:00:00Z,2012-01-01T00:00:00Z
http://www.wikidata.org/entity/Q10421241,http://www.wikidata.org/entity/Q1478917,Longford Town Football Club,,2014-01-01T00:00:00Z,
http://www.wikidata.org/entity/Q10421241,http://www.wikidata.org/entity/Q394466,Waterford United Football Club,54.0,2006-01-01T00:00:00Z,2007-01-01T00:00:00Z
http://www.wikidata.org/entity/Q10421241,http://www.wikidata.org/entity/Q394474,Shelbourne FC,29.0,2013-01-01T00:00:00Z,2013-01-01T00:00:00Z
http://www.wikidata.org/entity/Q10421241,http://www.wikidata.org/entity/Q18518,Kidderminster Harriers Football Club,6.0,2005-01-01T00:00:00Z,2006-01-01T00:00:00Z
http://www.wikidata.org/entity/Q10421241,http://www.wikidata.org/entity/Q203976,Shamrock Rovers FC,56.0,2008-01-01T00:00:00Z,2011-01-01T00:00:00Z
http://www.wikidata.org/entity/Q10421241,http://www.wikidata.org/entity/Q19500,Wolverhampton Wanderers F.C.,0.0,2003-01-01T00:00:00Z,2005-01-01T00:00:00Z
http://www.wikidata.org/entity/Q10441917,http://www.wikidata.org/entity/Q48843,Accrington Stanley Football Club,16.0,2008-01-01T00:00:00Z,2008-01-01T00:00:00Z
http://www.wikidata.org/entity/Q10441917,http://www.wikidata.org/entity/Q18519,Lincoln City Football Club,20.0,2009-01-01T00:00:00Z,2010-01-01T00:00:00Z
http://www.wikidata.org/entity/Q10441917,http://www.wikidata.org/entity/Q19446,Blackburn Rovers FC,0.0,2007-01-01T00:00:00Z,2009-01-01T00:00:00Z
http://www.wikidata.org/entity/Q10441917,http://www.wikidata.org/entity/Q48950,Rotherham United FC,11.0,2009-01-01T00:00:00Z,2009-01-01T00:00:00Z
http://www.wikidata.org/entity/Q10539605,http://www.wikidata.org/entity/Q6748,Società Sportiva Juve Stabia,29.0,2010-01-01T00:00:00Z,2012-01-01T00:00:00Z
http://www.wikidata.org/entity/Q10539605,http://www.wikidata.org/entity/Q652516,Bénévent Calcio,25.0,2012-01-01T00:00:00Z,2013-01-01T00:00:00Z
http://www.wikidata.org/entity/Q10539634,http://www.wikidata.org/entity/Q3873548,équipe d'Italie de football des moins de 20 ans,7.0,2009-01-01T00:00:00Z,2011-01-01T00:00:00Z
http://www.wikidata.org/entity/Q10539634,http://www.wikidata.org/entity/Q289521,Associazione Calcio Pavie 1911,24.0,2010-01-01T00:00:00Z,2011-01-01T00:00:00Z
http://www.wikidata.org/entity/Q10539634,http://www.wikidata.org/entity/Q2176062,Associazione Calcio Bellaria Igea Marina,,2012-01-01T00:00:00Z,
http://www.wikidata.org/entity/Q10539634,http://www.wikidata.org/entity/Q1435421,Foligno Calcio,23.0,2011-01-01T00:00:00Z,2012-01-01T00:00:00Z
http://www.wikidata.org/entity/Q10539634,http://www.wikidata.org/entity/Q6664,AC Cesena,4.0,2009-01-01T00:00:00Z,2011-01-01T00:00:00Z
http://www.wikidata.org/entity/Q10539634,http://www.wikidata.org/entity/Q922698,équipe d'Italie espoirs de football,1.0,2010-01-01T00:00:00Z,2010-01-01T00:00:00Z
http://www.wikidata.org/entity/Q10542714,http://www.wikidata.org/entity/Q128897,FK Borac Banja Luka,27.0,2005-01-01T00:00:00Z,2006-01-01T00:00:00Z
http://www.wikidata.org/entity/Q10542714,http://www.wikidata.org/entity/Q749049,OFK Mladenovac,15.0,2011-01-01T00:00:00Z,2012-01-01T00:00:00Z
http://www.wikidata.org/entity/Q10542714,http://www.wikidata.org/entity/Q2272209,équipe de Serbie espoirs de football,4.0,2004-01-01T00:00:00Z,2005-01-01T00:00:00Z
http://www.wikidata.org/entity/Q10542714,http://www.wikidata.org/entity/Q421940,FC Smederevo,30.0,2003-01-01T00:00:00Z,2004-01-01T00:00:00Z
http://www.wikidata.org/entity/Q10542714,http://www.wikidata.org/entity/Q1140595,FK Obilić Belgrade,14.0,2010-01-01T00:00:00Z,2010-01-01T00:00:00Z
http://www.wikidata.org/entity/Q10542714,http://www.wikidata.org/entity/Q393286,Gudja United F.C.,16.0,2012-01-01T00:00:00Z,2013-01-01T00:00:00Z
http://www.wikidata.org/entity/Q10542714,http://www.wikidata.org/entity/Q3063291,FK Vlasina Vlasotince,6.0,2006-01-01T00:00:00Z,2007-01-01T00:00:00Z
http://www.wikidata.org/entity/Q10542714,http://www.wikidata.org/entity/Q386670,Marsaxlokk Football Club,2.0,2012-01-01T00:00:00Z,2012-01-01T00:00:00Z
http://www.wikidata.org/entity/Q10542714,http://www.wikidata.org/entity/Q207501,FK Vojvodina Novi Sad,,2002-01-01T00:00:00Z,2002-01-01T00:00:00Z
http://www.wikidata.org/entity/Q10542714,http://www.wikidata.org/entity/Q953632,équipe de Serbie de football des moins de 19 ans,15.0,2000-01-01T00:00:00Z,2003-01-01T00:00:00Z
http://www.wikidata.org/entity/Q10542714,http://www.wikidata.org/entity/Q58249,Zejtun Corinthians FC,10.0,2013-01-01T00:00:00Z,2013-01-01T00:00:00Z
http://www.wikidata.org/entity/Q10542714,http://www.wikidata.org/entity/Q2335020,FK Sloga Kraljevo,,2015-01-01T00:00:00Z,
http://www.wikidata.org/entity/Q10542714,http://www.wikidata.org/entity/Q222874,FK Pobeda Prilep,9.0,2008-01-01T00:00:00Z,2009-01-01T00:00:00Z
http://www.wikidata.org/entity/Q10542714,http://www.wikidata.org/entity/Q208399,SC Bastia,23.0,2004-01-01T00:00:00Z,2005-01-01T00:00:00Z
http://www.wikidata.org/entity/Q10542714,http://www.wikidata.org/entity/Q5426395,FK Sinđelić Niš,10.0,2010-01-01T00:00:00Z,2011-01-01T00:00:00Z
http://www.wikidata.org/entity/Q10542714,http://www.wikidata.org/entity/Q3916616,Manama Club,20.0,2013-01-01T00:00:00Z,2014-01-01T00:00:00Z
http://www.wikidata.org/entity/Q10542714,http://www.wikidata.org/entity/Q3007199,OFK Kikinda,6.0,2009-01-01T00:00:00Z,2010-01-01T00:00:00Z
http://www.wikidata.org/entity/Q10542714,http://www.wikidata.org/entity/Q1140595,FK Obilić Belgrade,15.0,2006-01-01T00:00:00Z,2007-01-01T00:00:00Z
http://www.wikidata.org/entity/Q10542714,http://www.wikidata.org/entity/Q4132655,Sheikh Russell KC,10.0,2014-01-01T00:00:00Z,2014-01-01T00:00:00Z
http://www.wikidata.org/entity/Q10542722,http://www.wikidata.org/entity/Q1049171,équipe d'Angleterre de football des moins de 18 ans,1.0,2010-01-01T00:00:00Z,2010-01-01T00:00:00Z
http://www.wikidata.org/entity/Q10542722,http://www.wikidata.org/entity/Q18519,Lincoln City Football Club,0.0,2012-01-01T00:00:00Z,2012-01-01T00:00:00Z
http://www.wikidata.org/entity/Q10542722,http://www.wikidata.org/entity/Q5214935,FC Halifax Town,17.0,2013-01-01T00:00:00Z,2013-01-01T00:00:00Z
http://www.wikidata.org/entity/Q10542722,http://www.wikidata.org/entity/Q19446,Blackburn Rovers FC,0.0,2011-01-01T00:00:00Z,2012-01-01T00:00:00Z
http://www.wikidata.org/entity/Q10542722,http://www.wikidata.org/entity/Q48843,Accrington Stanley Football Club,,2015-01-01T00:00:00Z,
http://www.wikidata.org/entity/Q10542722,http://www.wikidata.org/entity/Q5214935,FC Halifax Town,84.0,2013-01-01T00:00:00Z,2015-01-01T00:00:00Z
http://www.wikidata.org/entity/Q10542722,http://www.wikidata.org/entity/Q4202306,équipe d'Angleterre de football C,,2013-01-01T00:00:00Z,
http://www.wikidata.org/entity/Q10542722,http://www.wikidata.org/entity/Q48949,Rochdale AFC,9.0,2012-01-01T00:00:00Z,2013-01-01T00:00:00Z
http://www.wikidata.org/entity/Q10543112,http://www.wikidata.org/entity/Q2028870,Havant & Waterlooville Football Club,18.0,2013-01-01T00:00:00Z,2013-01-01T00:00:00Z
http://www.wikidata.org/entity/Q10543112,http://www.wikidata.org/entity/Q169985,Pohang Steelers,75.0,2021-01-01T00:00:00Z,2023-01-01T00:00:00Z
http://www.wikidata.org/entity/Q10543112,http://www.wikidata.org/entity/Q2303493,Eastleigh Football Club,1.0,2012-01-01T00:00:00Z,2012-01-01T00:00:00Z
http://www.wikidata.org/entity/Q10543112,http://www.wikidata.org/entity/Q852033,Perth Glory FC,86.0,2015-01-01T00:00:00Z,2020-01-01T00:00:00Z
http://www.wikidata.org/entity/Q10543112,http://www.wikidata.org/entity/Q537552,Tianjin TEDA,10.0,2024-01-01T00:00:00Z,2024-01-01T00:00:00Z
http://www.wikidata.org/entity/Q10543112,http://www.wikidata.org/entity/Q330143,Sydney FC,3.0,2025-01-01T00:00:00Z,
http://www.wikidata.org/entity/Q10543112,http://www.wikidata.org/entity/Q18736,Stoke City FC,0.0,2013-01-01T00:00:00Z,2015-01-01T00:00:00Z
http://www.wikidata.org/entity/Q10543112,http://www.wikidata.org/entity/Q19604,Portsmouth FC,0.0,2012-01-01T00:00:00Z,2013-01-01T00:00:00Z
http://www.wikidata.org/entity/Q10543112,http://www.wikidata.org/entity/Q18521,Macclesfield Town Football Club,25.0,2014-01-01T00:00:00Z,2015-01-01T00:00:00Z
http://www.wikidata.org/entity/Q10548094,http://www.wikidata.org/entity/Q270051,Athletic club ajaccien,,2014-01-01T00:00:00Z,
http://www.wikidata.org/entity/Q10548094,http://www.wikidata.org/entity/Q459148,En avant Guingamp,7.0,2012-01-01T00:00:00Z,2014-01-01T00:00:00Z
http://www.wikidata.org/entity/Q10555650,http://www.wikidata.org/entity/Q692646,CA Banfield,69.0,2008-01-01T00:00:00Z,2012-01-01T00:00:00Z
http://www.wikidata.org/entity/Q10555650,http://www.wikidata.org/entity/Q10407,UD Almería,29.0,2014-01-01T00:00:00Z,2015-01-01T00:00:00Z
http://www.wikidata.org/entity/Q10555650,http://www.wikidata.org/entity/Q770740,SD Eibar,,2015-01-01T00:00:00Z,
http://www.wikidata.org/entity/Q10555650,http://www.wikidata.org/entity/Q12230,Real Murcie,68.0,2012-01-01T00:00:00Z,2014-01-01T00:00:00Z
http://www.wikidata.org/entity/Q10555692,http://www.wikidata.org/entity/Q955872,Welling United Football Club,16.0,2015-01-01T00:00:00Z,2015-01-01T00:00:00Z
http://www.wikidata.org/entity/Q10555692,http://www.wikidata.org/entity/Q5213308,Tooting & Mitcham United FC,4.0,2012-01-01T00:00:00Z,2013-01-01T00:00:00Z
http://www.wikidata.org/entity/Q10555692,http://www.wikidata.org/entity/Q19615,Scunthorpe United FC,,2016-01-01T00:00:00Z,
http://www.wikidata.org/entity/Q10555692,http://www.wikidata.org/entity/Q18529,Wrexham FC,28.0,2015-01-01T00:00:00Z,2016-01-01T00:00:00Z
http://www.wikidata.org/entity/Q10555692,http://www.wikidata.org/entity/Q18508,Braintree Town Football Club,5.0,2011-01-01T00:00:00Z,2011-01-01T00:00:00Z
http://www.wikidata.org/entity/Q10555692,http://www.wikidata.org/entity/Q19578,Colchester United FC,34.0,2013-01-01T00:00:00Z,2014-01-01T00:00:00Z
http://www.wikidata.org/entity/Q10555692,http://www.wikidata.org/entity/Q9408,Barnet FC,2.0,2013-01-01T00:00:00Z,2013-01-01T00:00:00Z
http://www.wikidata.org/entity/Q10555692,http://www.wikidata.org/entity/Q18515,Grimsby Town Football Club,,2016-07-01T00:00:00Z,2017-05-31T00:00:00Z
http://www.wikidata.org/entity/Q10555692,http://www.wikidata.org/entity/Q18747,West Ham United FC,0.0,2010-01-01T00:00:00Z,2012-01-01T00:00:00Z
http://www.wikidata.org/entity/Q10555855,http://www.wikidata.org/entity/Q18747,West Ham United FC,0.0,1997-01-01T00:00:00Z,2000-01-01T00:00:00Z
http://www.wikidata.org/entity/Q10555855,http://www.wikidata.org/entity/Q48947,Plymouth Argyle FC,5.0,2000-01-01T00:00:00Z,2000-01-01T00:00:00Z
http://www.wikidata.org/entity/Q10555855,http://www.wikidata.org/entity/Q1571078,Halifax Town AFC,4.0,1999-01-01T00:00:00Z,1999-01-01T00:00:00Z
http://www.wikidata.org/entity/Q10555877,http://www.wikidata.org/entity/Q3589930,équipe de Colombie de football des moins de 17 ans,4.0,2013-01-01T00:00:00Z,2013-01-01T00:00:00Z
http://www.wikidata.org/entity/Q10555877,http://www.wikidata.org/entity/Q332537,Corporación Deportes Quindío,0.0,2013-01-01T00:00:00Z,2013-01-01T00:00:00Z
http://www.wikidata.org/entity/Q10555877,http://www.wikidata.org/entity/Q138248,K Saint-Trond VV,,2015-01-01T00:00:00Z,2015-01-01T00:00:00Z
http://www.wikidata.org/entity/Q10555877,http://www.wikidata.org/entity/Q208585,Vitória Futebol Clube,0.0,2015-01-01T00:00:00Z,2015-01-01T00:00:00Z
http://www.wikidata.org/entity/Q10555877,http://www.wikidata.org/entity/Q9616,Chelsea FC,,2013-01-01T00:00:00Z,
http://www.wikidata.org/entity/Q10555877,http://www.wikidata.org/entity/Q208399,SC Bastia,5.0,2014-01-01T00:00:00Z,2014-01-01T00:00:00Z
http://www.wikidata.org/entity/Q10555877,http://www.wikidata.org/entity/Q332537,Corporación Deportes Quindío,5.0,2012-01-01T00:00:00Z,2013-01-01T00:00:00Z
http://www.wikidata.org/entity/Q10555877,http://www.wikidata.org/entity/Q138248,K Saint-Trond VV,,2015-01-01T00:00:00Z,
http://www.wikidata.org/entity/Q10555877,http://www.wikidata.org/entity/Q1641573,équipe de Colombie de football des moins de 20 ans,9.0,2015-01-01T00:00:00Z,2015-01-01T00:00:00Z
http://www.wikidata.org/entity/Q10555877,http://www.wikidata.org/entity/Q545250,Universidad Autónoma del Caribe Fútbol Club,6.0,2014-01-01T00:00:00Z,2014-01-01T00:00:00Z
http://www.wikidata.org/entity/Q10555877,http://www.wikidata.org/entity/Q1641573,équipe de Colombie de football des moins de 20 ans,,2014-01-01T00:00:00Z,
http://www.wikidata.org/entity/Q10556299,http://www.wikidata.org/entity/Q8835,RCD Majorque,72.0,2022-07-22T00:00:00Z,2024-08-01T00:00:00Z
http://www.wikidata.org/entity/Q10556299,http://www.wikidata.org/entity/Q3590360,équipe de Serbie de football des moins de 17 ans,6.0,2011-01-01T00:00:00Z,2013-01-01T00:00:00Z
http://www.wikidata.org/entity/Q10556299,http://www.wikidata.org/entity/Q5426154,FK Hajduk Veljko,,2002-01-01T00:00:00Z,2009-01-01T00:00:00Z
http://www.wikidata.org/entity/Q10556299,http://www.wikidata.org/entity/Q20155517,équipe de Serbie de football des moins de 20 ans,8.0,2015-03-26T00:00:00Z,2015-06-20T00:00:00Z
http://www.wikidata.org/entity/Q10556299,http://www.wikidata.org/entity/Q746764,FK Jagodina,4.0,2009-01-01T00:00:00Z,2013-08-28T00:00:00Z
http://www.wikidata.org/entity/Q10556299,http://www.wikidata.org/entity/Q953632,équipe de Serbie de football des moins de 19 ans,14.0,2013-01-01T00:00:00Z,2014-01-01T00:00:00Z
http://www.wikidata.org/entity/Q10556299,http://www.wikidata.org/entity/Q223728,Maccabi Tel-Aviv FC,192.0,2015-08-29T00:00:00Z,2019-07-01T00:00:00Z
http://www.wikidata.org/entity/Q10556299,http://www.wikidata.org/entity/Q182740,équipe de Serbie de football,28.0,2013-08-14T00:00:00Z,
http://www.wikidata.org/entity/Q10556299,http://www.wikidata.org/entity/Q208228,Stade de Reims,107.0,2019-07-01T00:00:00Z,2022-07-22T00:00:00Z
http://www.wikidata.org/entity/Q10556299,http://www.wikidata.org/entity/Q2272209,équipe de Serbie espoirs de football,1.0,2013-09-05T00:00:00Z,2014-09-09T00:00:00Z
http://www.wikidata.org/entity/Q10556299,http://www.wikidata.org/entity/Q173009,Étoile rouge Belgrade,37.0,2013-08-28T00:00:00Z,2015-08-29T00:00:00Z
http://www.wikidata.org/entity/Q10556299,http://www.wikidata.org/entity/Q309480,Ittihad FC,0.0,2024-08-01T00:00:00Z,http://www.wikidata.org/.well-known/genid/1a24b21d5bf1c9287ad53c39ca1f0d68
http://www.wikidata.org/entity/Q10557105,http://www.wikidata.org/entity/Q459218,FC Spartak Trnava,0.0,2013-01-01T00:00:00Z,2014-01-01T00:00:00Z
http://www.wikidata.org/entity/Q10557105,http://www.wikidata.org/entity/Q6651,Brescia Calcio,0.0,2010-01-01T00:00:00Z,2012-01-01T00:00:00Z
http://www.wikidata.org/entity/Q10557105,http://www.wikidata.org/entity/Q3678796,Civitanovese Calcio,0.0,2011-01-01T00:00:00Z,2012-01-01T00:00:00Z
http://www.wikidata.org/entity/Q10557105,http://www.wikidata.org/entity/Q390256,Dunfermline Athletic Football Club,8.0,2012-01-01T00:00:00Z,2013-01-01T00:00:00Z
http://www.wikidata.org/entity/Q10557105,http://www.wikidata.org/entity/Q5424966,FC Horses Šúrovce,,2014-01-01T00:00:00Z,2014-01-01T00:00:00Z
http://www.wikidata.org/entity/Q10557230,http://www.wikidata.org/entity/Q2701714,équipe de France de football des moins de 19 ans,7.0,2008-01-01T00:00:00Z,2009-01-01T00:00:00Z
http://www.wikidata.org/entity/Q10557230,http://www.wikidata.org/entity/Q618620,KV Courtrai,7.0,2012-08-06T00:00:00Z,2016-07-28T00:00:00Z
http://www.wikidata.org/entity/Q10557230,http://www.wikidata.org/entity/Q845067,LB Châteauroux,,2016-07-28T00:00:00Z,
http://www.wikidata.org/entity/Q10557230,http://www.wikidata.org/entity/Q1344163,équipe de France de football des moins de 20 ans,2.0,2009-01-01T00:00:00Z,2010-01-01T00:00:00Z
http://www.wikidata.org/entity/Q10557230,http://www.wikidata.org/entity/Q19523,AS Nancy-Lorraine,2.0,2009-07-01T00:00:00Z,2012-08-06T00:00:00Z
http://www.wikidata.org/entity/Q10857014,http://www.wikidata.org/entity/Q1513377,Kettering Town Football Club,9.0,2012-01-01T00:00:00Z,2012-01-01T00:00:00Z
http://www.wikidata.org/entity/Q10857014,http://www.wikidata.org/entity/Q19498,Sheffield Wednesday FC,77.0,2000-01-01T00:00:00Z,2003-01-01T00:00:00Z
http://www.wikidata.org/entity/Q10857014,http://www.wikidata.org/entity/Q48945,Northampton Town FC,17.0,2011-01-01T00:00:00Z,2011-01-01T00:00:00Z
http://www.wikidata.org/entity/Q10857014,http://www.wikidata.org/entity/Q48945,Northampton Town FC,31.0,2003-01-01T00:00:00Z,2006-01-01T00:00:00Z
http://www.wikidata.org/entity/Q10857014,http://www.wikidata.org/entity/Q19587,Crewe Alexandra FC,6.0,2011-01-01T00:00:00Z,2011-01-01T00:00:00Z
http://www.wikidata.org/entity/Q10857014,http://www.wikidata.org/entity/Q19587,Crewe Alexandra FC,96.0,1995-01-01T00:00:00Z,1998-01-01T00:00:00Z
http://www.wikidata.org/entity/Q10857014,http://www.wikidata.org/entity/Q9426,Stevenage FC,20.0,2008-01-01T00:00:00Z,2008-01-01T00:00:00Z
http://www.wikidata.org/entity/Q10857014,http://www.wikidata.org/entity/Q19634,Swindon Town Football Club,9.0,2007-01-01T00:00:00Z,2007-01-01T00:00:00Z
http://www.wikidata.org/entity/Q10857014,http://www.wikidata.org/entity/Q48948,Port Vale FC,12.0,2007-01-01T00:00:00Z,2007-01-01T00:00:00Z
http://www.wikidata.org/entity/Q10857014,http://www.wikidata.org/entity/Q18656,Manchester United FC,0.0,1994-01-01T00:00:00Z,1995-01-01T00:00:00Z
http://www.wikidata.org/entity/Q10857014,http://www.wikidata.org/entity/Q18529,Wrexham FC,61.0,2008-01-01T00:00:00Z,2010-01-01T00:00:00Z
http://www.wikidata.org/entity/Q10857014,http://www.wikidata.org/entity/Q1070732,Chester City Football Club,21.0,2006-01-01T00:00:00Z,2008-01-01T00:00:00Z
http://www.wikidata.org/entity/Q10857014,http://www.wikidata.org/entity/Q19498,Sheffield Wednesday FC,5.0,2000-01-01T00:00:00Z,2000-01-01T00:00:00Z
http://www.wikidata.org/entity/Q10857014,http://www.wikidata.org/entity/Q48879,Bradford City Association Football Club,24.0,1998-01-01T00:00:00Z,2000-01-01T00:00:00Z
http://www.wikidata.org/entity/Q10857014,http://www.wikidata.org/entity/Q18519,Lincoln City Football Club,0.0,2012-01-01T00:00:00Z,2012-01-01T00:00:00Z
http://www.wikidata.org/entity/Q10857014,http://www.wikidata.org/entity/Q19604,Portsmouth FC,0.0,2012-01-01T00:00:00Z,2012-01-01T00:00:00Z
http://www.wikidata.org/entity/Q10857014,http://www.wikidata.org/entity/Q1513377,Kettering Town Football Club,12.0,2010-01-01T00:00:00Z,2011-01-01T00:00:00Z
http://www.wikidata.org/entity/Q10860995,http://www.wikidata.org/entity/Q1683280,équipe du Japon de football des moins de 23 ans,6.0,2014-01-01T00:00:00Z,
http://www.wikidata.org/entity/Q10860995,http://www.wikidata.org/entity/Q730809,Nîmes Olympique,29.0,2021-07-01T00:00:00Z,2022-12-01T00:00:00Z
http://www.wikidata.org/entity/Q10860995,http://www.wikidata.org/entity/Q17189914,J.League U-22 Selection,4.0,2014-01-01T00:00:00Z,2015-01-01T00:00:00Z
http://www.wikidata.org/entity/Q10860995,http://www.wikidata.org/entity/Q364698,Cercle Bruges KSV,48.0,2018-01-01T00:00:00Z,2021-06-01T00:00:00Z
http://www.wikidata.org/entity/Q10860995,http://www.wikidata.org/entity/Q3044339,équipe du Japon de football des moins de 17 ans,5.0,2011-01-01T00:00:00Z,2011-01-01T00:00:00Z
http://www.wikidata.org/entity/Q10860995,http://www.wikidata.org/entity/Q730809,Nîmes Olympique,9.0,2021-01-01T00:00:00Z,2021-06-01T00:00:00Z
http://www.wikidata.org/entity/Q10860995,http://www.wikidata.org/entity/Q170566,équipe du Japon de football,16.0,2017-01-01T00:00:00Z,2021-01-01T00:00:00Z
http://www.wikidata.org/entity/Q10860995,http://www.wikidata.org/entity/Q16932,Kashima Antlers,,2023-01-01T00:00:00Z,
http://www.wikidata.org/entity/Q10860995,http://www.wikidata.org/entity/Q16932,Kashima Antlers,96.0,2013-01-01T00:00:00Z,2018-01-01T00:00:00Z
http://www.wikidata.org/entity/Q11224090,http://www.wikidata.org/entity/Q205685,SK Brann,4.0,2010-01-01T00:00:00Z,2013-01-01T00:00:00Z
http://www.wikidata.org/entity/Q11224090,http://www.wikidata.org/entity/Q205685,SK Brann,14.0,2014-01-01T00:00:00Z,2016-01-01T00:00:00Z
http://www.wikidata.org/entity/Q11224090,http://www.wikidata.org/entity/Q571158,Sogndal Fotball,,2016-01-01T00:00:00Z,
http://www.wikidata.org/entity/Q11224090,http://www.wikidata.org/entity/Q19521,AS Saint-Étienne,0.0,2013-01-01T00:00:00Z,2014-01-01T00:00:00Z
http://www.wikidata.org/entity/Q11355490,http://www.wikidata.org/entity/Q306787,Östers IF,15.0,2014-01-01T00:00:00Z,2014-01-01T00:00:00Z
http://www.wikidata.org/entity/Q11355490,http://www.wikidata.org/entity/Q235411,équipe de Guinée de football,1.0,2016-01-01T00:00:00Z,2017-01-01T00:00:00Z
http://www.wikidata.org/entity/Q11355490,http://www.wikidata.org/entity/Q204881,Malmö FF,56.0,2013-01-01T00:00:00Z,2017-01-01T00:00:00Z
http://www.wikidata.org/entity/Q11355490,http://www.wikidata.org/entity/Q2255267,équipe de Suède espoirs de football,14.0,2013-01-01T00:00:00Z,2017-01-01T00:00:00Z
http://www.wikidata.org/entity/Q11355490,http://www.wikidata.org/entity/Q59313306,FC Cincinnati,5.0,2018-01-01T00:00:00Z,2018-01-01T00:00:00Z
http://www.wikidata.org/entity/Q11355490,http://www.wikidata.org/entity/Q13385,SPAL Ferrara,0.0,2017-01-01T00:00:00Z,
http://www.wikidata.org/entity/Q11355490,http://www.wikidata.org/entity/Q160826,équipe de Suède de football,3.0,2016-01-01T00:00:00Z,2017-01-01T00:00:00Z
http://www.wikidata.org/entity/Q11355490,http://www.wikidata.org/entity/Q16851257,équipe de Suède de football des moins de 23 ans,4.0,2016-01-01T00:00:00Z,2016-01-01T00:00:00Z
http://www.wikidata.org/entity/Q11598914,http://www.wikidata.org/entity/Q192071,Football Club de Nantes,2.0,2012-01-01T00:00:00Z,2014-01-01T00:00:00Z
http://www.wikidata.org/entity/Q11598914,http://www.wikidata.org/entity/Q889469,Bourges 18,5.0,2010-01-01T00:00:00Z,2011-01-01T00:00:00Z
http://www.wikidata.org/entity/Q11681433,http://www.wikidata.org/entity/Q6753426,Manzanares CF,16.0,2014-01-01T00:00:00Z,2014-01-01T00:00:00Z
http://www.wikidata.org/entity/Q11681433,http://www.wikidata.org/entity/Q852079,Burgos CF,25.0,2011-01-01T00:00:00Z,2012-01-01T00:00:00Z
http://www.wikidata.org/entity/Q11681433,http://www.wikidata.org/entity/Q856415,CP Cacereño,,2014-01-01T00:00:00Z,
http://www.wikidata.org/entity/Q11681433,http://www.wikidata.org/entity/Q3589784,équipe d'Espagne de football des moins de 18 ans,8.0,2000-01-01T00:00:00Z,2001-01-01T00:00:00Z
http://www.wikidata.org/entity/Q11681433,http://www.wikidata.org/entity/Q4708966,Albacete Balompié B,28.0,2004-01-01T00:00:00Z,2005-01-01T00:00:00Z
http://www.wikidata.org/entity/Q11681433,http://www.wikidata.org/entity/Q6124177,équipe d'Espagne de football des moins de 15 ans,9.0,1998-01-01T00:00:00Z,1998-01-01T00:00:00Z
http://www.wikidata.org/entity/Q11681433,http://www.wikidata.org/entity/Q239049,Lorca Deportiva CF,29.0,2008-01-01T00:00:00Z,2009-01-01T00:00:00Z
http://www.wikidata.org/entity/Q11681433,http://www.wikidata.org/entity/Q2310295,équipe d'Espagne de football des moins de 17 ans,2.0,1999-01-01T00:00:00Z,1999-01-01T00:00:00Z
http://www.wikidata.org/entity/Q11681433,http://www.wikidata.org/entity/Q12168,SD Ponferradina,36.0,2007-01-01T00:00:00Z,2008-01-01T00:00:00Z
http://www.wikidata.org/entity/Q11681433,http://www.wikidata.org/entity/Q611653,Fútbol Club Cartagena,62.0,2005-01-01T00:00:00Z,2007-01-01T00:00:00Z
http://www.wikidata.org/entity/Q11681433,http://www.wikidata.org/entity/Q6753426,Manzanares CF,17.0,2013-01-01T00:00:00Z,2013-01-01T00:00:00Z
http://www.wikidata.org/entity/Q11681433,http://www.wikidata.org/entity/Q576285,Albacete Balompié,1.0,2004-01-01T00:00:00Z,2005-01-01T00:00:00Z
http://www.wikidata.org/entity/Q11681433,http://www.wikidata.org/entity/Q12158,Club Deportivo Numancia,23.0,2001-01-01T00:00:00Z,2002-01-01T00:00:00Z
http://www.wikidata.org/entity/Q11681433,http://www.wikidata.org/entity/Q914169,RCD Majorque B,29.0,2002-01-01T00:00:00Z,2004-01-01T00:00:00Z
http://www.wikidata.org/entity/Q11681433,http://www.wikidata.org/entity/Q1509669,UB Conquense,69.0,2009-01-01T00:00:00Z,2011-01-01T00:00:00Z
http://www.wikidata.org/entity/Q11681433,http://www.wikidata.org/entity/Q3873503,équipe d'Espagne de football des moins de 16 ans,10.0,1998-01-01T00:00:00Z,1999-01-01T00:00:00Z
http://www.wikidata.org/entity/Q11681433,http://www.wikidata.org/entity/Q5010936,CF Gimnástico Alcázar,18.0,2013-01-01T00:00:00Z,2014-01-01T00:00:00Z
http://www.wikidata.org/entity/Q11681433,http://www.wikidata.org/entity/Q657865,Club Deportivo Logroñés,10.0,2003-01-01T00:00:00Z,2003-01-01T00:00:00Z
http://www.wikidata.org/entity/Q11696563,http://www.wikidata.org/entity/Q2982210,Sporting Gijón B,25.0,2004-01-01T00:00:00Z,2005-01-01T00:00:00Z
http://www.wikidata.org/entity/Q11696563,http://www.wikidata.org/entity/Q743557,Club Deportivo Castellón,16.0,2009-01-01T00:00:00Z,2009-01-01T00:00:00Z
http://www.wikidata.org/entity/Q11696563,http://www.wikidata.org/entity/Q1190065,UP Langreo,,2016-01-01T00:00:00Z,2019-01-01T00:00:00Z
http://www.wikidata.org/entity/Q11696563,http://www.wikidata.org/entity/Q12278,Sporting Gijón,76.0,2004-01-01T00:00:00Z,2009-01-01T00:00:00Z
http://www.wikidata.org/entity/Q11696563,http://www.wikidata.org/entity/Q849271,Pontevedra CF,10.0,2010-01-01T00:00:00Z,2011-01-01T00:00:00Z
http://www.wikidata.org/entity/Q11696563,http://www.wikidata.org/entity/Q544120,Zamora CF,21.0,2005-01-01T00:00:00Z,2006-01-01T00:00:00Z
http://www.wikidata.org/entity/Q11696563,http://www.wikidata.org/entity/Q5010123,CD Praviano,,2023-01-01T00:00:00Z,2024-01-01T00:00:00Z
http://www.wikidata.org/entity/Q11696563,http://www.wikidata.org/entity/Q1124892,Huracán Valencia CF,33.0,2011-01-01T00:00:00Z,2012-01-01T00:00:00Z
http://www.wikidata.org/entity/Q11696563,http://www.wikidata.org/entity/Q1124892,Huracán Valencia CF,19.0,2013-01-01T00:00:00Z,2013-01-01T00:00:00Z
http://www.wikidata.org/entity/Q11696563,http://www.wikidata.org/entity/Q12168,SD Ponferradina,15.0,2010-01-01T00:00:00Z,2010-01-01T00:00:00Z
http://www.wikidata.org/entity/Q11696563,http://www.wikidata.org/entity/Q720872,Real Avilés Club de Fútbol,67.0,2013-01-01T00:00:00Z,2015-01-01T00:00:00Z
http://www.wikidata.org/entity/Q11696563,http://www.wikidata.org/entity/Q2421781,Marino de Luanco,,2015-01-01T00:00:00Z,2016-01-01T00:00:00Z
http://www.wikidata.org/entity/Q11696563,http://www.wikidata.org/entity/Q2128712,CD Teruel,18.0,2011-01-01T00:00:00Z,2011-01-01T00:00:00Z
http://www.wikidata.org/entity/Q11696563,http://www.wikidata.org/entity/Q837238,Club Deportivo Alcoyano,9.0,2012-01-01T00:00:00Z,2013-01-01T00:00:00Z
http://www.wikidata.org/entity/Q11696563,http://www.wikidata.org/entity/Q24347593,UD Llanera,,2019-01-01T00:00:00Z,2023-01-01T00:00:00Z
http://www.wikidata.org/entity/Q11875695,http://www.wikidata.org/entity/Q726266,Vaasan Palloseura,18.0,2012-01-01T00:00:00Z,2012-01-01T00:00:00Z
http://www.wikidata.org/entity/Q11875695,http://www.wikidata.org/entity/Q19615,Scunthorpe United FC,21.0,2014-01-01T00:00:00Z,2015-01-01T00:00:00Z
http://www.wikidata.org/entity/Q11875695,http://www.wikidata.org/entity/Q48935,Chesterfield Football Club,,2015-01-01T00:00:00Z,
http://www.wikidata.org/entity/Q11875695,http://www.wikidata.org/entity/Q18744,West Bromwich Albion,3.0,2012-01-01T00:00:00Z,2015-01-01T00:00:00Z
http://www.wikidata.org/entity/Q11904420,http://www.wikidata.org/entity/Q2310972,Club Deportivo Guijuelo,34.0,2005-01-01T00:00:00Z,2007-01-01T00:00:00Z
http://www.wikidata.org/entity/Q11904420,http://www.wikidata.org/entity/Q7301102,Real Valladolid B,,2001-01-01T00:00:00Z,2004-01-01T00:00:00Z
http://www.wikidata.org/entity/Q11904420,http://www.wikidata.org/entity/Q655749,UD Vecindario,8.0,2004-01-01T00:00:00Z,2005-01-01T00:00:00Z
http://www.wikidata.org/entity/Q11904420,http://www.wikidata.org/entity/Q10319,Real Valladolid,1.0,2003-01-01T00:00:00Z,2003-01-01T00:00:00Z
http://www.wikidata.org/entity/Q11904420,http://www.wikidata.org/entity/Q544120,Zamora CF,138.0,2007-01-01T00:00:00Z,2012-01-01T00:00:00Z
http://www.wikidata.org/entity/Q11904822,http://www.wikidata.org/entity/Q269156,Club Esportiu Constància,,2013-01-01T00:00:00Z,
http://www.wikidata.org/entity/Q11904822,http://www.wikidata.org/entity/Q2092873,Pierikos,4.0,2012-01-01T00:00:00Z,2013-01-01T00:00:00Z
http://www.wikidata.org/entity/Q11904822,http://www.wikidata.org/entity/Q914169,RCD Majorque B,116.0,2007-01-01T00:00:00Z,2012-01-01T00:00:00Z
http://www.wikidata.org/entity/Q11904822,http://www.wikidata.org/entity/Q8835,RCD Majorque,1.0,2008-01-01T00:00:00Z,2012-01-01T00:00:00Z
http://www.wikidata.org/entity/Q11927019,http://www.wikidata.org/entity/Q977542,Unión Estepona CF,,2009-01-01T00:00:00Z,
http://www.wikidata.org/entity/Q11927019,http://www.wikidata.org/entity/Q2752555,UD Fuerteventura,69.0,2007-01-01T00:00:00Z,2009-01-01T00:00:00Z
http://www.wikidata.org/entity/Q11927019,http://www.wikidata.org/entity/Q770740,SD Eibar,17.0,2000-01-01T00:00:00Z,2001-01-01T00:00:00Z
http://www.wikidata.org/entity/Q11927019,http://www.wikidata.org/entity/Q271574,Real Oviedo,1.0,1995-01-01T00:00:00Z,1995-01-01T00:00:00Z
http://www.wikidata.org/entity/Q11927019,http://www.wikidata.org/entity/Q580953,Universidad Las Palmas CF,37.0,2009-01-01T00:00:00Z,2011-01-01T00:00:00Z
http://www.wikidata.org/entity/Q11927019,http://www.wikidata.org/entity/Q12158,Club Deportivo Numancia,9.0,2001-01-01T00:00:00Z,2001-01-01T00:00:00Z
http://www.wikidata.org/entity/Q11927019,http://www.wikidata.org/entity/Q582342,Cultural y Deportiva Leonesa,191.0,2001-01-01T00:00:00Z,2007-01-01T00:00:00Z
http://www.wikidata.org/entity/Q11927407,http://www.wikidata.org/entity/Q8812,Grenade CF,143.0,2005-01-01T00:00:00Z,2010-01-01T00:00:00Z
http://www.wikidata.org/entity/Q11927407,http://www.wikidata.org/entity/Q12249,Recreativo de Huelva,97.0,2001-01-01T00:00:00Z,2005-01-01T00:00:00Z
http://www.wikidata.org/entity/Q11927407,http://www.wikidata.org/entity/Q837218,UE Lleida,58.0,1999-01-01T00:00:00Z,2001-01-01T00:00:00Z
http://www.wikidata.org/entity/Q11927407,http://www.wikidata.org/entity/Q8812,Grenade CF,63.0,1997-01-01T00:00:00Z,1999-01-01T00:00:00Z
http://www.wikidata.org/entity/Q11929074,http://www.wikidata.org/entity/Q4076084,Bakú Hellín Deportivo,,1991-01-01T00:00:00Z,1992-01-01T00:00:00Z
http://www.wikidata.org/entity/Q11929074,http://www.wikidata.org/entity/Q10499,Córdoba CF,44.0,2002-01-01T00:00:00Z,2003-01-01T00:00:00Z
http://www.wikidata.org/entity/Q11929074,http://www.wikidata.org/entity/Q10512,Elche CF,83.0,1996-01-01T00:00:00Z,1999-01-01T00:00:00Z
http://www.wikidata.org/entity/Q11929074,http://www.wikidata.org/entity/Q4076084,Bakú Hellín Deportivo,,2005-01-01T00:00:00Z,2006-01-01T00:00:00Z
http://www.wikidata.org/entity/Q11929074,http://www.wikidata.org/entity/Q856225,CE L'Hospitalet,,1993-01-01T00:00:00Z,1994-01-01T00:00:00Z
http://www.wikidata.org/entity/Q11929074,http://www.wikidata.org/entity/Q11979,Unión Deportiva Las Palmas,111.0,1998-01-01T00:00:00Z,2002-01-01T00:00:00Z
http://www.wikidata.org/entity/Q11929074,http://www.wikidata.org/entity/Q11979,Unión Deportiva Las Palmas,40.0,1995-01-01T00:00:00Z,1996-01-01T00:00:00Z
http://www.wikidata.org/entity/Q11929074,http://www.wikidata.org/entity/Q743557,Club Deportivo Castellón,65.0,2003-01-01T00:00:00Z,2005-01-01T00:00:00Z
http://www.wikidata.org/entity/Q11929074,http://www.wikidata.org/entity/Q8823,Levante UD,,1994-01-01T00:00:00Z,1995-01-01T00:00:00Z
http://www.wikidata.org/entity/Q11929192,http://www.wikidata.org/entity/Q1023220,CD San Roque de Lepe,32.0,2010-01-01T00:00:00Z,2012-01-01T00:00:00Z
http://www.wikidata.org/entity/Q11929192,http://www.wikidata.org/entity/Q12249,Recreativo de Huelva,1.0,2006-01-01T00:00:00Z,2008-01-01T00:00:00Z
http://www.wikidata.org/entity/Q11929192,http://www.wikidata.org/entity/Q947226,Lucena CF,34.0,2013-01-01T00:00:00Z,2014-01-01T00:00:00Z
http://www.wikidata.org/entity/Q11929192,http://www.wikidata.org/entity/Q790195,Barakaldo CF,,2014-01-01T00:00:00Z,
http://www.wikidata.org/entity/Q11929192,http://www.wikidata.org/entity/Q273417,Écija Balompié,33.0,2009-01-01T00:00:00Z,2010-01-01T00:00:00Z
http://www.wikidata.org/entity/Q11929192,http://www.wikidata.org/entity/Q582342,Cultural y Deportiva Leonesa,9.0,2007-01-01T00:00:00Z,2008-01-01T00:00:00Z
http://www.wikidata.org/entity/Q11929192,http://www.wikidata.org/entity/Q2537650,SD Noja,11.0,2013-01-01T00:00:00Z,2013-01-01T00:00:00Z
http://www.wikidata.org/entity/Q11929281,http://www.wikidata.org/entity/Q11979,Unión Deportiva Las Palmas,127.0,1994-01-01T00:00:00Z,1998-01-01T00:00:00Z
http://www.wikidata.org/entity/Q11929281,http://www.wikidata.org/entity/Q770740,SD Eibar,50.0,2000-01-01T00:00:00Z,2002-01-01T00:00:00Z
http://www.wikidata.org/entity/Q11929281,http://www.wikidata.org/entity/Q794970,Athletic Bilbao B,65.0,1987-01-01T00:00:00Z,1992-01-01T00:00:00Z
http://www.wikidata.org/entity/Q11929281,http://www.wikidata.org/entity/Q790195,Barakaldo CF,51.0,2002-01-01T00:00:00Z,2004-01-01T00:00:00Z
http://www.wikidata.org/entity/Q11929281,http://www.wikidata.org/entity/Q12158,Club Deportivo Numancia,42.0,1998-01-01T00:00:00Z,2000-01-01T00:00:00Z
http://www.wikidata.org/entity/Q11929281,http://www.wikidata.org/entity/Q1032444,Sestao Sport Club,75.0,1992-01-01T00:00:00Z,1994-01-01T00:00:00Z
http://www.wikidata.org/entity/Q11929281,http://www.wikidata.org/entity/Q856416,Club Polideportivo Mérida,1.0,1990-01-01T00:00:00Z,1990-01-01T00:00:00Z
http://www.wikidata.org/entity/Q11929281,http://www.wikidata.org/entity/Q770740,SD Eibar,33.0,1989-01-01T00:00:00Z,1990-01-01T00:00:00Z
http://www.wikidata.org/entity/Q11929281,http://www.wikidata.org/entity/Q641649,Arenas Club de Getxo,,2004-01-01T00:00:00Z,2005-01-01T00:00:00Z
http://www.wikidata.org/entity/Q11935555,http://www.wikidata.org/entity/Q856073,Club Deportivo Aurrerá de Vitoria,17.0,1995-01-01T00:00:00Z,1998-01-01T00:00:00Z
http://www.wikidata.org/entity/Q11935555,http://www.wikidata.org/entity/Q5010110,CD Numancia B,,1998-01-01T00:00:00Z,1999-01-01T00:00:00Z
http://www.wikidata.org/entity/Q11935555,http://www.wikidata.org/entity/Q12260,CE Sabadell,7.0,1999-01-01T00:00:00Z,2000-01-01T00:00:00Z
http://www.wikidata.org/entity/Q11935555,http://www.wikidata.org/entity/Q12158,Club Deportivo Numancia,2.0,1998-01-01T00:00:00Z,2002-01-01T00:00:00Z
http://www.wikidata.org/entity/Q11935555,http://www.wikidata.org/entity/Q12308,Xerez CD,1.0,2001-01-01T00:00:00Z,2001-01-01T00:00:00Z
http://www.wikidata.org/entity/Q11936915,http://www.wikidata.org/entity/Q1195376,CF Atlético Ciudad,18.0,2004-01-01T00:00:00Z,2005-01-01T00:00:00Z
http://www.wikidata.org/entity/Q11936915,http://www.wikidata.org/entity/Q8835,RCD Majorque,36.0,2001-01-01T00:00:00Z,2004-01-01T00:00:00Z
http://www.wikidata.org/entity/Q11936915,http://www.wikidata.org/entity/Q914169,RCD Majorque B,90.0,1995-01-01T00:00:00Z,2001-01-01T00:00:00Z
http://www.wikidata.org/entity/Q11936915,http://www.wikidata.org/entity/Q3571594,CD Binéfar,45.0,1998-01-01T00:00:00Z,1999-01-01T00:00:00Z
http://www.wikidata.org/entity/Q11945805,http://www.wikidata.org/entity/Q12158,Club Deportivo Numancia,1.0,1998-01-01T00:00:00Z,2000-01-01T00:00:00Z
http://www.wikidata.org/entity/Q11945805,http://www.wikidata.org/entity/Q6156943,Unión Club Deportivo Burladés,,2006-01-01T00:00:00Z,2006-01-01T00:00:00Z
http://www.wikidata.org/entity/Q11945805,http://www.wikidata.org/entity/Q1834397,CD Calahorra,126.0,2000-01-01T00:00:00Z,2004-01-01T00:00:00Z
http://www.wikidata.org/entity/Q11945805,http://www.wikidata.org/entity/Q2722081,CD Izarra,29.0,1994-01-01T00:00:00Z,1997-01-01T00:00:00Z
http://www.wikidata.org/entity/Q11945805,http://www.wikidata.org/entity/Q5010110,CD Numancia B,,1997-01-01T00:00:00Z,1998-01-01T00:00:00Z
http://www.wikidata.org/entity/Q11955909,http://www.wikidata.org/entity/Q732742,CF Extremadura,231.0,1995-01-01T00:00:00Z,2001-01-01T00:00:00Z
http://www.wikidata.org/entity/Q11955909,http://www.wikidata.org/entity/Q7389515,SD Ibiza,36.0,1992-01-01T00:00:00Z,1993-01-01T00:00:00Z
http://www.wikidata.org/entity/Q11955909,http://www.wikidata.org/entity/Q6747212,Manchego CF,,2005-01-01T00:00:00Z,2006-01-01T00:00:00Z
http://www.wikidata.org/entity/Q11955909,http://www.wikidata.org/entity/Q8835,RCD Majorque,32.0,1993-01-01T00:00:00Z,1995-01-01T00:00:00Z
http://www.wikidata.org/entity/Q11955909,http://www.wikidata.org/entity/Q576285,Albacete Balompié,138.0,2001-01-01T00:00:00Z,2005-01-01T00:00:00Z
http://www.wikidata.org/entity/Q12260515,http://www.wikidata.org/entity/Q8615,Spezia Calcio,47.0,2015-01-01T00:00:00Z,2017-01-01T00:00:00Z
http://www.wikidata.org/entity/Q12260515,http://www.wikidata.org/entity/Q1067737,UD Logroñés,39.0,2019-01-01T00:00:00Z,2021-01-01T00:00:00Z
http://www.wikidata.org/entity/Q12260515,http://www.wikidata.org/entity/Q10383,AD Alcorcón,31.0,2017-01-01T00:00:00Z,2018-01-01T00:00:00Z
http://www.wikidata.org/entity/Q12260515,http://www.wikidata.org/entity/Q913112,CD Zarautz,21.0,2008-01-01T00:00:00Z,2008-01-01T00:00:00Z
http://www.wikidata.org/entity/Q12260515,http://www.wikidata.org/entity/Q1067750,Real Sociedad B,125.0,2007-01-01T00:00:00Z,2012-01-01T00:00:00Z
http://www.wikidata.org/entity/Q12260515,http://www.wikidata.org/entity/Q770740,SD Eibar,107.0,2012-01-01T00:00:00Z,2015-01-01T00:00:00Z
http://www.wikidata.org/entity/Q12260515,http://www.wikidata.org/entity/Q2090343,Elana Toruń,7.0,2019-01-01T00:00:00Z,2019-01-01T00:00:00Z
http://www.wikidata.org/entity/Q12388922,http://www.wikidata.org/entity/Q11963,Hércules Alicante,29.0,2014-01-01T00:00:00Z,2015-01-01T00:00:00Z
http://www.wikidata.org/entity/Q12388922,http://www.wikidata.org/entity/Q947226,Lucena CF,13.0,2011-01-01T00:00:00Z,2012-01-01T00:00:00Z
http://www.wikidata.org/entity/Q12388922,http://www.wikidata.org/entity/Q378890,Ermís Aradíppou,,2015-01-01T00:00:00Z,
http://www.wikidata.org/entity/Q12388922,http://www.wikidata.org/entity/Q5202721,Córdoba CF B,34.0,2013-01-01T00:00:00Z,2014-01-01T00:00:00Z
http://www.wikidata.org/entity/Q12388922,http://www.wikidata.org/entity/Q977542,Unión Estepona CF,0.0,2009-01-01T00:00:00Z,2010-01-01T00:00:00Z
http://www.wikidata.org/entity/Q12388922,http://www.wikidata.org/entity/Q947226,Lucena CF,16.0,2010-01-01T00:00:00Z,2010-01-01T00:00:00Z
http://www.wikidata.org/entity/Q12388922,http://www.wikidata.org/entity/Q2569964,UD Almería B,10.0,2008-01-01T00:00:00Z,2009-01-01T00:00:00Z
http://www.wikidata.org/entity/Q12388922,http://www.wikidata.org/entity/Q10308,Real Saragosse,0.0,2013-01-01T00:00:00Z,2013-01-01T00:00:00Z
http://www.wikidata.org/entity/Q12597820,http://www.wikidata.org/entity/Q11945,Girona FC,2.0,2019-01-01T00:00:00Z,2019-01-01T00:00:00Z
http://www.wikidata.org/entity/Q12597820,http://www.wikidata.org/entity/Q483152,Jeonbuk Hyundai Motors,,2021-01-01T00:00:00Z,
http://www.wikidata.org/entity/Q12597820,http://www.wikidata.org/entity/Q5010944,CF Peralada,54.0,2017-01-01T00:00:00Z,2019-01-01T00:00:00Z
http://www.wikidata.org/entity/Q12597820,http://www.wikidata.org/entity/Q543842,équipe de Corée du Sud de football,3.0,2019-01-01T00:00:00Z,
http://www.wikidata.org/entity/Q12597820,http://www.wikidata.org/entity/Q479351,SV Darmstadt 98,41.0,2019-01-01T00:00:00Z,2021-01-01T00:00:00Z
http://www.wikidata.org/entity/Q12597820,http://www.wikidata.org/entity/Q10467,FC Barcelone B,2.0,2016-01-01T00:00:00Z,2017-01-01T00:00:00Z
http://www.wikidata.org/entity/Q12597820,http://www.wikidata.org/entity/Q495929,équipe de Corée du Sud des moins de 20 ans de football,20.0,2014-01-01T00:00:00Z,2017-01-01T00:00:00Z
http://www.wikidata.org/entity/Q12751732,http://www.wikidata.org/entity/Q460494,Paniónios GSS,19.0,2018-06-01T00:00:00Z,2020-06-01T00:00:00Z
http://www.wikidata.org/entity/Q12751732,http://www.wikidata.org/entity/Q1053917,KSV Roulers,32.0,2015-01-01T00:00:00Z,2016-01-01T00:00:00Z
http://www.wikidata.org/entity/Q12751732,http://www.wikidata.org/entity/Q772725,Dinamo Brest,21.0,2017-01-01T00:00:00Z,2017-11-01T00:00:00Z
http://www.wikidata.org/entity/Q12751732,http://www.wikidata.org/entity/Q19523,AS Nancy-Lorraine,,2008-01-01T00:00:00Z,2010-01-01T00:00:00Z
http://www.wikidata.org/entity/Q12751732,http://www.wikidata.org/entity/Q209509,Grenoble Foot 38,1.0,2010-01-01T00:00:00Z,2011-01-01T00:00:00Z
http://www.wikidata.org/entity/Q12751732,http://www.wikidata.org/entity/Q335483,Dundee FC,0.0,2018-01-01T00:00:00Z,2018-05-01T00:00:00Z
http://www.wikidata.org/entity/Q12751732,http://www.wikidata.org/entity/Q208228,Stade de Reims,0.0,2012-01-01T00:00:00Z,2015-01-01T00:00:00Z
http://www.wikidata.org/entity/Q12751732,http://www.wikidata.org/entity/Q116332,Gap Foot 05,11.0,2011-01-01T00:00:00Z,2012-01-01T00:00:00Z
http://www.wikidata.org/entity/Q13409790,http://www.wikidata.org/entity/Q9616,Chelsea FC,,2013-07-27T00:00:00Z,
http://www.wikidata.org/entity/Q13409790,http://www.wikidata.org/entity/Q1128631,Leeds United,,2018-08-30T00:00:00Z,2019-05-31T00:00:00Z
http://www.wikidata.org/entity/Q13409790,http://www.wikidata.org/entity/Q219233,Vitesse Arnhem,,2015-07-10T00:00:00Z,2016-06-30T00:00:00Z
http://www.wikidata.org/entity/Q13409790,http://www.wikidata.org/entity/Q18744,West Bromwich Albion,1.0,2013-01-01T00:00:00Z,2013-01-01T00:00:00Z
http://www.wikidata.org/entity/Q13409790,http://www.wikidata.org/entity/Q2752922,Équipe d'Angleterre des moins de 17 ans de football,16.0,2012-01-01T00:00:00Z,2014-01-01T00:00:00Z
http://www.wikidata.org/entity/Q13409790,http://www.wikidata.org/entity/Q2358861,équipe d'Angleterre de football des moins de 19 ans,,2014-01-01T00:00:00Z,
http://www.wikidata.org/entity/Q13409790,http://www.wikidata.org/entity/Q4201740,équipe d'Angleterre de football des moins de 16 ans,2.0,2012-01-01T00:00:00Z,2013-01-01T00:00:00Z
http://www.wikidata.org/entity/Q13414941,http://www.wikidata.org/entity/Q19634,Swindon Town Football Club,12.0,2011-01-01T00:00:00Z,2011-01-01T00:00:00Z
http://www.wikidata.org/entity/Q13414941,http://www.wikidata.org/entity/Q19612,Preston North End FC,5.0,2012-01-01T00:00:00Z,2012-01-01T00:00:00Z
http://www.wikidata.org/entity/Q13414941,http://www.wikidata.org/entity/Q19598,Notts County FC,10.0,2010-01-01T00:00:00Z,2011-01-01T00:00:00Z
http://www.wikidata.org/entity/Q13414941,http://www.wikidata.org/entity/Q19604,Portsmouth FC,3.0,2012-01-01T00:00:00Z,2012-01-01T00:00:00Z
http://www.wikidata.org/entity/Q13414941,http://www.wikidata.org/entity/Q18516,Hereford United Football Club,4.0,2011-01-01T00:00:00Z,2011-01-01T00:00:00Z
http://www.wikidata.org/entity/Q13414941,http://www.wikidata.org/entity/Q1127498,Elazığspor Kulübü,4.0,2013-01-01T00:00:00Z,2013-01-01T00:00:00Z
http://www.wikidata.org/entity/Q13414941,http://www.wikidata.org/entity/Q18516,Hereford United Football Club,7.0,2010-01-01T00:00:00Z,2010-01-01T00:00:00Z
http://www.wikidata.org/entity/Q13414941,http://www.wikidata.org/entity/Q48947,Plymouth Argyle FC,,2015-01-01T00:00:00Z,
http://www.wikidata.org/entity/Q13414941,http://www.wikidata.org/entity/Q19604,Portsmouth FC,15.0,2014-01-01T00:00:00Z,2014-01-01T00:00:00Z
http://www.wikidata.org/entity/Q13414941,http://www.wikidata.org/entity/Q19444,Birmingham City FC,2.0,2010-01-01T00:00:00Z,2013-01-01T00:00:00Z
http://www.wikidata.org/entity/Q13414941,http://www.wikidata.org/entity/Q19575,Carlisle United Football Club,5.0,2012-01-01T00:00:00Z,2012-01-01T00:00:00Z
http://www.wikidata.org/entity/Q13414941,http://www.wikidata.org/entity/Q180420,Ross County FC,27.0,2014-01-01T00:00:00Z,2015-01-01T00:00:00Z
http://www.wikidata.org/entity/Q13414941,http://www.wikidata.org/entity/Q19637,Tranmere Rovers FC,4.0,2012-01-01T00:00:00Z,2012-01-01T00:00:00Z
http://www.wikidata.org/entity/Q12597820,http://www.wikidata.org/entity/Q19444,Birmingham City FC,,2023-01-30T00:00:00Z,
http://www.wikidata.org/entity/Q13527938,http://www.wikidata.org/entity/Q2095185,Associazione Sportiva Dilettantistica Barletta 1922,27.0,2012-01-01T00:00:00Z,2013-01-01T00:00:00Z
http://www.wikidata.org/entity/Q13527938,http://www.wikidata.org/entity/Q2018,Catania Football Club,1.0,2011-01-01T00:00:00Z,2012-01-01T00:00:00Z
http://www.wikidata.org/entity/Q13527938,http://www.wikidata.org/entity/Q8408,Modène Football Club,,2013-01-01T00:00:00Z,
http://www.wikidata.org/entity/Q13548473,http://www.wikidata.org/entity/Q7301099,Real Vicenza,14.0,2015-01-01T00:00:00Z,2015-01-01T00:00:00Z
http://www.wikidata.org/entity/Q13548473,http://www.wikidata.org/entity/Q8603,Unione Sportiva Sassuolo Calcio,,2013-01-01T00:00:00Z,2014-01-01T00:00:00Z
http://www.wikidata.org/entity/Q13548473,http://www.wikidata.org/entity/Q3659841,Società Sportiva Ischia Isolaverde,5.0,2016-01-01T00:00:00Z,2016-01-01T00:00:00Z
http://www.wikidata.org/entity/Q13548473,http://www.wikidata.org/entity/Q1630430,équipe du Portugal espoirs de football,1.0,2013-01-01T00:00:00Z,2013-01-01T00:00:00Z
http://www.wikidata.org/entity/Q13548473,http://www.wikidata.org/entity/Q8455,FC Pro Verceil 1892,1.0,2014-01-01T00:00:00Z,2015-01-01T00:00:00Z
http://www.wikidata.org/entity/Q13548473,http://www.wikidata.org/entity/Q7863009,U.S.D. Calcio Delta Porto Tolle,10.0,2014-01-01T00:00:00Z,2014-01-01T00:00:00Z
http://www.wikidata.org/entity/Q13548473,http://www.wikidata.org/entity/Q2037,Associazione Calcio ChievoVerona,0.0,2012-01-01T00:00:00Z,2013-01-01T00:00:00Z
http://www.wikidata.org/entity/Q13548473,http://www.wikidata.org/entity/Q611018,F.C. Aprilia Racing Club,22.0,2012-01-01T00:00:00Z,2013-01-01T00:00:00Z
http://www.wikidata.org/entity/Q13548473,http://www.wikidata.org/entity/Q1772776,équipe du Portugal de football des moins de 20 ans,18.0,2012-01-01T00:00:00Z,2013-01-01T00:00:00Z
http://www.wikidata.org/entity/Q13548473,http://www.wikidata.org/entity/Q289656,Associazione Calcio Prato,15.0,2015-01-01T00:00:00Z,2016-01-01T00:00:00Z
http://www.wikidata.org/entity/Q13882431,http://www.wikidata.org/entity/Q483020,Paris Saint-Germain FC,,2013-01-01T00:00:00Z,2013-01-01T00:00:00Z
http://www.wikidata.org/entity/Q13882431,http://www.wikidata.org/entity/Q2945336,centre de formation du Paris Saint-Germain,46.0,2011-01-01T00:00:00Z,2013-01-01T00:00:00Z
http://www.wikidata.org/entity/Q13882431,http://www.wikidata.org/entity/Q192071,Football Club de Nantes,,2015-01-01T00:00:00Z,
http://www.wikidata.org/entity/Q13882431,http://www.wikidata.org/entity/Q2701714,équipe de France de football des moins de 19 ans,2.0,2011-01-01T00:00:00Z,2011-01-01T00:00:00Z
http://www.wikidata.org/entity/Q13882431,http://www.wikidata.org/entity/Q1344163,équipe de France de football des moins de 20 ans,7.0,2012-01-01T00:00:00Z,2013-01-01T00:00:00Z
http://www.wikidata.org/entity/Q13882431,http://www.wikidata.org/entity/Q1450557,équipe de France de football des moins de 18 ans,7.0,2010-01-01T00:00:00Z,2011-01-01T00:00:00Z
http://www.wikidata.org/entity/Q13882431,http://www.wikidata.org/entity/Q333838,Thonon Évian Grand Genève Football Club,65.0,2013-01-01T00:00:00Z,2015-01-01T00:00:00Z
http://www.wikidata.org/entity/Q13882431,http://www.wikidata.org/entity/Q1450568,équipe de France de football des moins de 17 ans,11.0,2009-01-01T00:00:00Z,2010-01-01T00:00:00Z
http://www.wikidata.org/entity/Q13919702,http://www.wikidata.org/entity/Q19521,AS Saint-Étienne,44.0,2011-01-01T00:00:00Z,2015-01-01T00:00:00Z
http://www.wikidata.org/entity/Q13919702,http://www.wikidata.org/entity/Q1344163,équipe de France de football des moins de 20 ans,2.0,2013-01-01T00:00:00Z,2013-01-01T00:00:00Z
http://www.wikidata.org/entity/Q13919702,http://www.wikidata.org/entity/Q845067,LB Châteauroux,3.0,2014-01-01T00:00:00Z,2014-01-01T00:00:00Z
http://www.wikidata.org/entity/Q13919702,http://www.wikidata.org/entity/Q760736,Stade lavallois,9.0,2014-01-01T00:00:00Z,2015-01-01T00:00:00Z
http://www.wikidata.org/entity/Q13919702,http://www.wikidata.org/entity/Q19521,AS Saint-Étienne,,2013-01-01T00:00:00Z,
http://www.wikidata.org/entity/Q13919702,http://www.wikidata.org/entity/Q19521,AS Saint-Étienne,3.0,2012-01-01T00:00:00Z,2014-01-01T00:00:00Z
http://www.wikidata.org/entity/Q14192725,http://www.wikidata.org/entity/Q637427,Orihuela CF,19.0,2010-01-01T00:00:00Z,2011-01-01T00:00:00Z
http://www.wikidata.org/entity/Q14192725,http://www.wikidata.org/entity/Q201006,SK Dinamo Tbilissi,2.0,2016-01-01T00:00:00Z,2016-01-01T00:00:00Z
http://www.wikidata.org/entity/Q14192725,http://www.wikidata.org/entity/Q508322,FC Gueugnon,9.0,2008-01-01T00:00:00Z,2009-01-01T00:00:00Z
http://www.wikidata.org/entity/Q14192725,http://www.wikidata.org/entity/Q21070782,Golden Lion Football Club,18.0,2013-01-01T00:00:00Z,2013-01-01T00:00:00Z
http://www.wikidata.org/entity/Q14192725,http://www.wikidata.org/entity/Q482540,Seongnam Football Club,,2019-01-01T00:00:00Z,
http://www.wikidata.org/entity/Q14192725,http://www.wikidata.org/entity/Q290629,Tcherno More Varna,55.0,2014-01-01T00:00:00Z,2016-01-01T00:00:00Z
http://www.wikidata.org/entity/Q14192725,http://www.wikidata.org/entity/Q739684,équipe de Martinique de football,,2013-01-01T00:00:00Z,
http://www.wikidata.org/entity/Q14192725,http://www.wikidata.org/entity/Q192071,Football Club de Nantes,16.0,2008-01-01T00:00:00Z,2010-01-01T00:00:00Z
http://www.wikidata.org/entity/Q14192725,http://www.wikidata.org/entity/Q2591893,FC Lokomotiv Gorna Oryahovitsa,11.0,2016-01-01T00:00:00Z,2016-01-01T00:00:00Z
http://www.wikidata.org/entity/Q14192725,http://www.wikidata.org/entity/Q298235,AS Beauvais Oise,21.0,2007-01-01T00:00:00Z,2008-01-01T00:00:00Z
http://www.wikidata.org/entity/Q14192725,http://www.wikidata.org/entity/Q855199,Club Deportivo Atlético Baleares,45.0,2011-01-01T00:00:00Z,2012-01-01T00:00:00Z
http://www.wikidata.org/entity/Q14192725,http://www.wikidata.org/entity/Q740568,Kaysar Kyzylorda,59.0,2017-01-01T00:00:00Z,2018-01-01T00:00:00Z
http://www.wikidata.org/entity/Q14192725,http://www.wikidata.org/entity/Q1124892,Huracán Valencia CF,20.0,2013-01-01T00:00:00Z,2014-01-01T00:00:00Z
http://www.wikidata.org/entity/Q14250014,http://www.wikidata.org/entity/Q154293,MSV Duisbourg,21.0,2013-01-01T00:00:00Z,2015-01-01T00:00:00Z
http://www.wikidata.org/entity/Q14250014,http://www.wikidata.org/entity/Q162427,1. FC Wunstorf,,2015-01-01T00:00:00Z,
http://www.wikidata.org/entity/Q14250014,http://www.wikidata.org/entity/Q33748,Hanovre 96,91.0,2009-01-01T00:00:00Z,2013-01-01T00:00:00Z
http://www.wikidata.org/entity/Q14250014,http://www.wikidata.org/entity/Q18024471,MSV Duisburg II,17.0,2013-01-01T00:00:00Z,2015-01-01T00:00:00Z
http://www.wikidata.org/entity/Q14253008,http://www.wikidata.org/entity/Q212269,Valenciennes FC,,2013-01-01T00:00:00Z,
http://www.wikidata.org/entity/Q14253008,http://www.wikidata.org/entity/Q1344163,équipe de France de football des moins de 20 ans,1.0,2013-01-01T00:00:00Z,2013-01-01T00:00:00Z
http://www.wikidata.org/entity/Q14253008,http://www.wikidata.org/entity/Q1450557,équipe de France de football des moins de 18 ans,1.0,2011-01-01T00:00:00Z,2011-01-01T00:00:00Z
http://www.wikidata.org/entity/Q14253008,http://www.wikidata.org/entity/Q212269,Valenciennes FC,61.0,2011-01-01T00:00:00Z,2015-01-01T00:00:00Z
http://www.wikidata.org/entity/Q14253008,http://www.wikidata.org/entity/Q2701714,équipe de France de football des moins de 19 ans,1.0,2011-01-01T00:00:00Z,2011-01-01T00:00:00Z
http://www.wikidata.org/entity/Q14371091,http://www.wikidata.org/entity/Q665920,VfB Lübeck,67.0,2009-01-01T00:00:00Z,2011-01-01T00:00:00Z
http://www.wikidata.org/entity/Q14371091,http://www.wikidata.org/entity/Q160530,VfL Osnabrück,,2013-01-01T00:00:00Z,
http://www.wikidata.org/entity/Q14371091,http://www.wikidata.org/entity/Q105844,DSC Arminia Bielefeld,38.0,2007-01-01T00:00:00Z,2009-01-01T00:00:00Z
http://www.wikidata.org/entity/Q14371091,http://www.wikidata.org/entity/Q666067,Sportfreunde Lotte,67.0,2011-01-01T00:00:00Z,2013-01-01T00:00:00Z
http://www.wikidata.org/entity/Q14560947,http://www.wikidata.org/entity/Q639525,SV Sandhausen,,2013-01-01T00:00:00Z,
http://www.wikidata.org/entity/Q14560947,http://www.wikidata.org/entity/Q15755,FC Augsbourg,0.0,2011-01-01T00:00:00Z,2013-01-01T00:00:00Z
http://www.wikidata.org/entity/Q14560947,http://www.wikidata.org/entity/Q15755,FC Augsbourg,0.0,2011-01-01T00:00:00Z,2011-01-01T00:00:00Z
http://www.wikidata.org/entity/Q14560947,http://www.wikidata.org/entity/Q5424829,FC Augsburg II,37.0,2011-01-01T00:00:00Z,2013-01-01T00:00:00Z
http://www.wikidata.org/entity/Q14609886,http://www.wikidata.org/entity/Q3873503,équipe d'Espagne de football des moins de 16 ans,2.0,2009-01-01T00:00:00Z,2009-01-01T00:00:00Z
http://www.wikidata.org/entity/Q14609886,http://www.wikidata.org/entity/Q10499,Córdoba CF,31.0,2013-01-01T00:00:00Z,2015-01-01T00:00:00Z
http://www.wikidata.org/entity/Q14609886,http://www.wikidata.org/entity/Q5202721,Córdoba CF B,5.0,2013-01-01T00:00:00Z,2013-01-01T00:00:00Z
http://www.wikidata.org/entity/Q14609886,http://www.wikidata.org/entity/Q3589784,équipe d'Espagne de football des moins de 18 ans,2.0,2011-01-01T00:00:00Z,2011-01-01T00:00:00Z
http://www.wikidata.org/entity/Q14609886,http://www.wikidata.org/entity/Q2310295,équipe d'Espagne de football des moins de 17 ans,13.0,2009-01-01T00:00:00Z,2010-01-01T00:00:00Z
http://www.wikidata.org/entity/Q14609886,http://www.wikidata.org/entity/Q8835,RCD Majorque,,2015-01-01T00:00:00Z,2017-01-01T00:00:00Z
http://www.wikidata.org/entity/Q14609886,http://www.wikidata.org/entity/Q18750,Wigan Athletic FC,1.0,2013-01-01T00:00:00Z,2013-01-01T00:00:00Z
http://www.wikidata.org/entity/Q14609886,http://www.wikidata.org/entity/Q11984,Club Deportivo Lugo,,2017-01-01T00:00:00Z,
http://www.wikidata.org/entity/Q14623334,http://www.wikidata.org/entity/Q603333,Gefle IF,,2016-01-01T00:00:00Z,
http://www.wikidata.org/entity/Q14623334,http://www.wikidata.org/entity/Q291471,AEL Limassol,9.0,2014-01-01T00:00:00Z,2015-01-01T00:00:00Z
http://www.wikidata.org/entity/Q14623334,http://www.wikidata.org/entity/Q270051,Athletic club ajaccien,83.0,2011-01-01T00:00:00Z,2014-01-01T00:00:00Z
http://www.wikidata.org/entity/Q14634147,http://www.wikidata.org/entity/Q837183,Real Jaén,31.0,2005-01-01T00:00:00Z,2006-01-01T00:00:00Z
http://www.wikidata.org/entity/Q14634147,http://www.wikidata.org/entity/Q11997,Club Deportivo Mirandés,31.0,2014-01-01T00:00:00Z,2015-01-01T00:00:00Z
http://www.wikidata.org/entity/Q14634147,http://www.wikidata.org/entity/Q10383,AD Alcorcón,30.0,2003-01-01T00:00:00Z,2004-01-01T00:00:00Z
http://www.wikidata.org/entity/Q14634147,http://www.wikidata.org/entity/Q1784474,UD Lanzarote,36.0,2006-01-01T00:00:00Z,2007-01-01T00:00:00Z
http://www.wikidata.org/entity/Q14634147,http://www.wikidata.org/entity/Q2979871,Club Deportivo Díter Zafra,34.0,2004-01-01T00:00:00Z,2005-01-01T00:00:00Z
http://www.wikidata.org/entity/Q14634147,http://www.wikidata.org/entity/Q652255,Club de Fútbol Villanovense,,2015-01-01T00:00:00Z,
http://www.wikidata.org/entity/Q14634147,http://www.wikidata.org/entity/Q1509669,UB Conquense,29.0,2008-01-01T00:00:00Z,2009-01-01T00:00:00Z
http://www.wikidata.org/entity/Q14634147,http://www.wikidata.org/entity/Q11955,Club Deportivo Guadalajara (Espagne),37.0,2010-01-01T00:00:00Z,2011-01-01T00:00:00Z
http://www.wikidata.org/entity/Q14634147,http://www.wikidata.org/entity/Q2350736,Mazarrón CF,33.0,2007-01-01T00:00:00Z,2008-01-01T00:00:00Z
http://www.wikidata.org/entity/Q14634147,http://www.wikidata.org/entity/Q460448,Cádiz CF,29.0,2011-01-01T00:00:00Z,2012-01-01T00:00:00Z
http://www.wikidata.org/entity/Q14634147,http://www.wikidata.org/entity/Q780539,Atlético Madrid B,40.0,2001-01-01T00:00:00Z,2003-01-01T00:00:00Z
http://www.wikidata.org/entity/Q14634147,http://www.wikidata.org/entity/Q11955,Club Deportivo Guadalajara (Espagne),16.0,2013-01-01T00:00:00Z,2013-01-01T00:00:00Z
http://www.wikidata.org/entity/Q14634147,http://www.wikidata.org/entity/Q1067737,UD Logroñés,13.0,2012-01-01T00:00:00Z,2013-01-01T00:00:00Z
http://www.wikidata.org/entity/Q14634147,http://www.wikidata.org/entity/Q11984,Club Deportivo Lugo,16.0,2013-01-01T00:00:00Z,2014-01-01T00:00:00Z
http://www.wikidata.org/entity/Q14634147,http://www.wikidata.org/entity/Q652255,Club de Fútbol Villanovense,36.0,2009-01-01T00:00:00Z,2010-01-01T00:00:00Z
http://www.wikidata.org/entity/Q14634147,http://www.wikidata.org/entity/Q8812,Grenade CF,0.0,2011-01-01T00:00:00Z,2013-01-01T00:00:00Z
http://www.wikidata.org/entity/Q14634147,http://www.wikidata.org/entity/Q917025,Mérida UD,36.0,2000-01-01T00:00:00Z,2001-01-01T00:00:00Z
http://www.wikidata.org/entity/Q14648459,http://www.wikidata.org/entity/Q1668203,Lommel SK,,2015-01-01T00:00:00Z,
http://www.wikidata.org/entity/Q14648459,http://www.wikidata.org/entity/Q849544,KVC Westerlo,8.0,2014-01-01T00:00:00Z,2014-01-01T00:00:00Z
http://www.wikidata.org/entity/Q14648459,http://www.wikidata.org/entity/Q270051,Athletic club ajaccien,3.0,2012-01-01T00:00:00Z,2015-01-01T00:00:00Z
http://www.wikidata.org/entity/Q14760019,http://www.wikidata.org/entity/Q699286,Arras Football Association,6.0,2014-01-01T00:00:00Z,2015-01-01T00:00:00Z
http://www.wikidata.org/entity/Q14760019,http://www.wikidata.org/entity/Q19512,Football Club Sochaux-Montbéliard,10.0,2013-01-01T00:00:00Z,2014-01-01T00:00:00Z
http://www.wikidata.org/entity/Q14760019,http://www.wikidata.org/entity/Q866884,Amiens SC,,2015-01-01T00:00:00Z,2017-01-01T00:00:00Z
http://www.wikidata.org/entity/Q14760019,http://www.wikidata.org/entity/Q3555460,Vendée les Herbiers Football,,2017-01-01T00:00:00Z,2018-01-01T00:00:00Z
http://www.wikidata.org/entity/Q14760019,http://www.wikidata.org/entity/Q74030,Football Bourg-en-Bresse Péronnas 01,,2021-01-01T00:00:00Z,2023-01-01T00:00:00Z
http://www.wikidata.org/entity/Q14760019,http://www.wikidata.org/entity/Q522283,Red Star FC,,2023-01-01T00:00:00Z,
http://www.wikidata.org/entity/Q14760019,http://www.wikidata.org/entity/Q3076567,Football Club de Chambly Oise,,2018-01-01T00:00:00Z,2021-01-01T00:00:00Z
http://www.wikidata.org/entity/Q14776392,http://www.wikidata.org/entity/Q151747,Fortuna Düsseldorf,66.0,2011-01-01T00:00:00Z,2013-01-01T00:00:00Z
http://www.wikidata.org/entity/Q14776392,http://www.wikidata.org/entity/Q310621,SV Wehen Wiesbaden,30.0,2013-01-01T00:00:00Z,2015-01-01T00:00:00Z
http://www.wikidata.org/entity/Q16233378,http://www.wikidata.org/entity/Q9171502,NK Krško,,2010-01-01T00:00:00Z,2010-01-01T00:00:00Z
http://www.wikidata.org/entity/Q16233378,http://www.wikidata.org/entity/Q6954532,NK Krka,,2007-01-01T00:00:00Z,2008-01-01T00:00:00Z
http://www.wikidata.org/entity/Q16233435,http://www.wikidata.org/entity/Q5010110,CD Numancia B,101.0,2008-01-01T00:00:00Z,2011-01-01T00:00:00Z
http://www.wikidata.org/entity/Q16233435,http://www.wikidata.org/entity/Q633564,CD Tudelano,,2012-01-01T00:00:00Z,
http://www.wikidata.org/entity/Q16233435,http://www.wikidata.org/entity/Q12158,Club Deportivo Numancia,5.0,2008-01-01T00:00:00Z,2011-01-01T00:00:00Z
http://www.wikidata.org/entity/Q16234273,http://www.wikidata.org/entity/Q790195,Barakaldo CF,14.0,2013-01-01T00:00:00Z,2013-01-01T00:00:00Z
http://www.wikidata.org/entity/Q16234273,http://www.wikidata.org/entity/Q7864280,UD Las Palmas Atlético,66.0,2010-01-01T00:00:00Z,2014-01-01T00:00:00Z
http://www.wikidata.org/entity/Q16234273,http://www.wikidata.org/entity/Q11979,Unión Deportiva Las Palmas,6.0,2010-01-01T00:00:00Z,
http://www.wikidata.org/entity/Q16234273,http://www.wikidata.org/entity/Q11971,SD Huesca,65.0,2014-01-01T00:00:00Z,2016-01-01T00:00:00Z
http://www.wikidata.org/entity/Q16234274,http://www.wikidata.org/entity/Q765016,UE Cornellà,,2015-01-01T00:00:00Z,
http://www.wikidata.org/entity/Q16234274,http://www.wikidata.org/entity/Q8835,RCD Majorque,0.0,2012-01-01T00:00:00Z,2012-01-01T00:00:00Z
http://www.wikidata.org/entity/Q16234339,http://www.wikidata.org/entity/Q192071,Football Club de Nantes,7.0,2011-01-01T00:00:00Z,2015-01-01T00:00:00Z
http://www.wikidata.org/entity/Q16234339,http://www.wikidata.org/entity/Q292231,Rodez Aveyron Football,,2015-01-01T00:00:00Z,
http://www.wikidata.org/entity/Q16234465,http://www.wikidata.org/entity/Q914169,RCD Majorque B,78.0,2011-01-01T00:00:00Z,2015-01-01T00:00:00Z
http://www.wikidata.org/entity/Q16234465,http://www.wikidata.org/entity/Q17442894,Pafos FC,24.0,2017-07-01T00:00:00Z,2018-07-01T00:00:00Z
http://www.wikidata.org/entity/Q16234465,http://www.wikidata.org/entity/Q8835,RCD Majorque,59.0,2012-01-01T00:00:00Z,2017-09-01T00:00:00Z
http://www.wikidata.org/entity/Q16234465,http://www.wikidata.org/entity/Q24884611,FC Hermannstadt,14.0,2018-07-01T00:00:00Z,2020-08-01T00:00:00Z
http://www.wikidata.org/entity/Q16234498,http://www.wikidata.org/entity/Q650365,Carrarese Calcio,3.0,2013-01-01T00:00:00Z,2014-01-01T00:00:00Z
http://www.wikidata.org/entity/Q16234498,http://www.wikidata.org/entity/Q39604,Fulgor Maceratese,,2015-01-01T00:00:00Z,
http://www.wikidata.org/entity/Q16234498,http://www.wikidata.org/entity/Q3963566,Santegidiese 1948,33.0,2010-01-01T00:00:00Z,2011-01-01T00:00:00Z
http://www.wikidata.org/entity/Q16234498,http://www.wikidata.org/entity/Q2756,Sienne FC,0.0,2010-01-01T00:00:00Z,2014-01-01T00:00:00Z
http://www.wikidata.org/entity/Q16234498,http://www.wikidata.org/entity/Q1785447,Società Sportiva Sambenedettese Calcio,31.0,2011-01-01T00:00:00Z,2012-01-01T00:00:00Z
http://www.wikidata.org/entity/Q16234498,http://www.wikidata.org/entity/Q611018,F.C. Aprilia Racing Club,34.0,2012-01-01T00:00:00Z,2013-01-01T00:00:00Z
http://www.wikidata.org/entity/Q16234644,http://www.wikidata.org/entity/Q4202306,équipe d'Angleterre de football C,,2015-01-01T00:00:00Z,2015-01-01T00:00:00Z
http://www.wikidata.org/entity/Q16234644,http://www.wikidata.org/entity/Q48932,Cheltenham Town Football Club,13.0,2014-01-01T00:00:00Z,2014-01-01T00:00:00Z
http://www.wikidata.org/entity/Q16234644,http://www.wikidata.org/entity/Q19637,Tranmere Rovers FC,,2014-01-01T00:00:00Z,
http://www.wikidata.org/entity/Q16234644,http://www.wikidata.org/entity/Q19500,Wolverhampton Wanderers F.C.,0.0,2011-01-01T00:00:00Z,2014-01-01T00:00:00Z
http://www.wikidata.org/entity/Q16234812,http://www.wikidata.org/entity/Q7208798,Pol. Adrano Calcio,5.0,2007-01-01T00:00:00Z,2008-01-01T00:00:00Z
http://www.wikidata.org/entity/Q16234812,http://www.wikidata.org/entity/Q3470711,Sambonifacese,4.0,2012-01-01T00:00:00Z,2012-01-01T00:00:00Z
http://www.wikidata.org/entity/Q16234812,http://www.wikidata.org/entity/Q1457,UC Sampdoria,0.0,2008-01-01T00:00:00Z,2013-01-01T00:00:00Z
http://www.wikidata.org/entity/Q16234812,http://www.wikidata.org/entity/Q3785718,HinterReggio Calcio,9.0,2013-01-01T00:00:00Z,2013-01-01T00:00:00Z
http://www.wikidata.org/entity/Q16234812,http://www.wikidata.org/entity/Q163447,Vittoriosa Stars Football Club,,2014-01-01T00:00:00Z,
http://www.wikidata.org/entity/Q16234812,http://www.wikidata.org/entity/Q1435421,Foligno Calcio,4.0,2011-01-01T00:00:00Z,2012-01-01T00:00:00Z
http://www.wikidata.org/entity/Q16234812,http://www.wikidata.org/entity/Q1416763,US Gavorrano,5.0,2012-01-01T00:00:00Z,2013-01-01T00:00:00Z
http://www.wikidata.org/entity/Q16234879,http://www.wikidata.org/entity/Q172020,équipe du Paraguay de football,,2013-01-01T00:00:00Z,
http://www.wikidata.org/entity/Q16234879,http://www.wikidata.org/entity/Q80882,CD Godoy Cruz,,2016-01-01T00:00:00Z,
http://www.wikidata.org/entity/Q16234879,http://www.wikidata.org/entity/Q2674,Palermo F.C.,0.0,2015-01-01T00:00:00Z,2015-01-01T00:00:00Z
http://www.wikidata.org/entity/Q16234879,http://www.wikidata.org/entity/Q914086,Cerro Porteño,62.0,2011-01-01T00:00:00Z,2015-01-01T00:00:00Z
http://www.wikidata.org/entity/Q16234930,http://www.wikidata.org/entity/Q19595,Leyton Orient FC,5.0,2014-01-01T00:00:00Z,2014-01-01T00:00:00Z
http://www.wikidata.org/entity/Q16234930,http://www.wikidata.org/entity/Q19651,Yeovil Town FC,6.0,2014-01-01T00:00:00Z,2014-01-01T00:00:00Z
http://www.wikidata.org/entity/Q16234930,http://www.wikidata.org/entity/Q19500,Wolverhampton Wanderers F.C.,97.0,2011-01-01T00:00:00Z,2018-01-01T00:00:00Z
http://www.wikidata.org/entity/Q16234930,http://www.wikidata.org/entity/Q642408,Rapids du Colorado,,2018-01-01T00:00:00Z,
http://www.wikidata.org/entity/Q16235002,http://www.wikidata.org/entity/Q18732,Southampton FC,0.0,2012-01-01T00:00:00Z,2013-01-01T00:00:00Z
http://www.wikidata.org/entity/Q16235002,http://www.wikidata.org/entity/Q1630430,équipe du Portugal espoirs de football,2.0,2012-01-01T00:00:00Z,2012-01-01T00:00:00Z
http://www.wikidata.org/entity/Q16235002,http://www.wikidata.org/entity/Q48862,Aldershot Town Football Club,1.0,2012-01-01T00:00:00Z,2012-01-01T00:00:00Z
http://www.wikidata.org/entity/Q16235031,http://www.wikidata.org/entity/Q18736,Stoke City FC,,2019-01-01T00:00:00Z,
http://www.wikidata.org/entity/Q16235031,http://www.wikidata.org/entity/Q19473,Huddersfield Town Football Club,182.0,2013-01-01T00:00:00Z,2019-01-01T00:00:00Z
http://www.wikidata.org/entity/Q16235064,http://www.wikidata.org/entity/Q3589828,équipe d'Islande de football des moins de 17 ans,3.0,2009-01-01T00:00:00Z,2009-01-01T00:00:00Z
http://www.wikidata.org/entity/Q16235064,http://www.wikidata.org/entity/Q618520,FC Midtjylland,,2023-07-01T00:00:00Z,
http://www.wikidata.org/entity/Q16235064,http://www.wikidata.org/entity/Q377953,Breiðablik Kopavogur,42.0,2011-01-01T00:00:00Z,2013-01-01T00:00:00Z
http://www.wikidata.org/entity/Q16235064,http://www.wikidata.org/entity/Q8812,Grenade CF,17.0,2017-01-01T00:00:00Z,2017-06-01T00:00:00Z
http://www.wikidata.org/entity/Q16235064,http://www.wikidata.org/entity/Q211177,Viking FK,29.0,2014-01-01T00:00:00Z,2015-01-01T00:00:00Z
http://www.wikidata.org/entity/Q16235064,http://www.wikidata.org/entity/Q5985726,équipe d'Islande de football des moins de 19 ans,3.0,2010-01-01T00:00:00Z,2010-01-01T00:00:00Z
http://www.wikidata.org/entity/Q16235064,http://www.wikidata.org/entity/Q204888,PAOK Salonique,105.0,2019-02-01T00:00:00Z,2023-07-01T00:00:00Z
http://www.wikidata.org/entity/Q16235064,http://www.wikidata.org/entity/Q221940,KSC Lokeren,67.0,2015-01-01T00:00:00Z,2017-01-01T00:00:00Z
http://www.wikidata.org/entity/Q16235064,http://www.wikidata.org/entity/Q2533263,équipe d'Islande espoirs de football,11.0,2012-01-01T00:00:00Z,2014-01-01T00:00:00Z
http://www.wikidata.org/entity/Q16235064,http://www.wikidata.org/entity/Q182930,FK Rostov,45.0,2017-06-01T00:00:00Z,2019-01-01T00:00:00Z
http://www.wikidata.org/entity/Q16235064,http://www.wikidata.org/entity/Q189198,équipe d'Islande de football,,2014-01-01T00:00:00Z,
http://www.wikidata.org/entity/Q16235144,http://www.wikidata.org/entity/Q3590809,équipe du pays de Galles de football des moins de 17 ans,10.0,2008-01-01T00:00:00Z,2010-01-01T00:00:00Z
http://www.wikidata.org/entity/Q16235144,http://www.wikidata.org/entity/Q946297,équipe du pays de Galles espoirs de football,11.0,2011-01-01T00:00:00Z,2014-01-01T00:00:00Z
http://www.wikidata.org/entity/Q16235144,http://www.wikidata.org/entity/Q3590810,équipe du pays de Galles de football des moins de 19 ans,3.0,2010-01-01T00:00:00Z,2011-01-01T00:00:00Z
http://www.wikidata.org/entity/Q16235144,http://www.wikidata.org/entity/Q18659,Swansea City AFC,0.0,2009-01-01T00:00:00Z,2012-01-01T00:00:00Z
http://www.wikidata.org/entity/Q16235144,http://www.wikidata.org/entity/Q248188,Milton Keynes Dons Football Club,2.0,2015-01-01T00:00:00Z,2015-01-01T00:00:00Z
http://www.wikidata.org/entity/Q16235144,http://www.wikidata.org/entity/Q19584,Crawley Town Football Club,97.0,2012-01-01T00:00:00Z,2015-01-01T00:00:00Z
http://www.wikidata.org/entity/Q16235178,http://www.wikidata.org/entity/Q2693,Parme Calcio 1913,,2015-01-01T00:00:00Z,
http://www.wikidata.org/entity/Q16235178,http://www.wikidata.org/entity/Q289339,Associazione Calcio Lumezzane,67.0,2011-01-01T00:00:00Z,2013-01-01T00:00:00Z
http://www.wikidata.org/entity/Q16235178,http://www.wikidata.org/entity/Q6748,Società Sportiva Juve Stabia,19.0,2013-01-01T00:00:00Z,2014-01-01T00:00:00Z
http://www.wikidata.org/entity/Q16235178,http://www.wikidata.org/entity/Q2037,Associazione Calcio ChievoVerona,0.0,2013-01-01T00:00:00Z,2015-01-01T00:00:00Z
http://www.wikidata.org/entity/Q16235178,http://www.wikidata.org/entity/Q963110,SEF Torres Calcio 1903,36.0,2014-01-01T00:00:00Z,2015-01-01T00:00:00Z
http://www.wikidata.org/entity/Q16235315,http://www.wikidata.org/entity/Q922698,équipe d'Italie espoirs de football,2.0,2014-01-01T00:00:00Z,
http://www.wikidata.org/entity/Q16235315,http://www.wikidata.org/entity/Q2276413,Virtus Entella,31.0,2012-01-01T00:00:00Z,2013-01-01T00:00:00Z
http://www.wikidata.org/entity/Q16235315,http://www.wikidata.org/entity/Q3747751,F.C. Legnago Salus S.S.D.,31.0,2011-01-01T00:00:00Z,2012-01-01T00:00:00Z
http://www.wikidata.org/entity/Q16235315,http://www.wikidata.org/entity/Q8639,Hellas Vérone Football Club,0.0,2013-01-01T00:00:00Z,2014-01-01T00:00:00Z
http://www.wikidata.org/entity/Q16235315,http://www.wikidata.org/entity/Q3632340,équipe d'Italie de football de Serie B,1.0,2015-01-01T00:00:00Z,
http://www.wikidata.org/entity/Q16235315,http://www.wikidata.org/entity/Q6664,AC Cesena,4.0,2015-01-01T00:00:00Z,2016-01-01T00:00:00Z
http://www.wikidata.org/entity/Q16235315,http://www.wikidata.org/entity/Q8648,Lanciano Calcio 1920,36.0,2013-01-01T00:00:00Z,2014-01-01T00:00:00Z
http://www.wikidata.org/entity/Q16235315,http://www.wikidata.org/entity/Q8615,Spezia Calcio,18.0,2014-01-01T00:00:00Z,2015-01-01T00:00:00Z
http://www.wikidata.org/entity/Q16235315,http://www.wikidata.org/entity/Q8615,Spezia Calcio,119.0,2016-01-01T00:00:00Z,
http://www.wikidata.org/entity/Q16235315,http://www.wikidata.org/entity/Q3873548,équipe d'Italie de football des moins de 20 ans,3.0,2013-01-01T00:00:00Z,2014-01-01T00:00:00Z
http://www.wikidata.org/entity/Q16235346,http://www.wikidata.org/entity/Q5121875,Cirencester Town F.C.,7.0,2014-01-01T00:00:00Z,2014-01-01T00:00:00Z
http://www.wikidata.org/entity/Q16235346,http://www.wikidata.org/entity/Q4140000,Gloucester City A.F.C.,9.0,2013-01-01T00:00:00Z,2013-01-01T00:00:00Z
http://www.wikidata.org/entity/Q16235346,http://www.wikidata.org/entity/Q18516,Hereford United Football Club,12.0,2013-01-01T00:00:00Z,2014-01-01T00:00:00Z
http://www.wikidata.org/entity/Q16235346,http://www.wikidata.org/entity/Q18744,West Bromwich Albion,0.0,2011-01-01T00:00:00Z,2012-01-01T00:00:00Z
http://www.wikidata.org/entity/Q16235346,http://www.wikidata.org/entity/Q2343389,Weston-super-Mare A.F.C.,,2014-01-01T00:00:00Z,
http://www.wikidata.org/entity/Q16235346,http://www.wikidata.org/entity/Q5121875,Cirencester Town F.C.,10.0,2013-01-01T00:00:00Z,2013-01-01T00:00:00Z
http://www.wikidata.org/entity/Q16235399,http://www.wikidata.org/entity/Q309059,Inverness Caledonian Thistle Football Club,1.0,2013-01-01T00:00:00Z,2013-01-01T00:00:00Z
http://www.wikidata.org/entity/Q16235399,http://www.wikidata.org/entity/Q18723,QP Rangers,0.0,2011-01-01T00:00:00Z,2015-01-01T00:00:00Z
http://www.wikidata.org/entity/Q16235399,http://www.wikidata.org/entity/Q19651,Yeovil Town FC,,2015-01-01T00:00:00Z,
http://www.wikidata.org/entity/Q16235534,http://www.wikidata.org/entity/Q753462,CF Universitatea Cluj,3.0,2018-08-01T00:00:00Z,2019-02-01T00:00:00Z
http://www.wikidata.org/entity/Q16235534,http://www.wikidata.org/entity/Q29400,AS Tarente Calcio,,2019-12-01T00:00:00Z,2020-07-01T00:00:00Z
http://www.wikidata.org/entity/Q16235534,http://www.wikidata.org/entity/Q953621,Bezanija Novi Belgrade,15.0,2010-01-01T00:00:00Z,2011-01-01T00:00:00Z
http://www.wikidata.org/entity/Q16235534,http://www.wikidata.org/entity/Q3590360,équipe de Serbie de football des moins de 17 ans,13.0,2009-01-01T00:00:00Z,2010-01-01T00:00:00Z
http://www.wikidata.org/entity/Q16235534,http://www.wikidata.org/entity/Q8476,Reggina 1914,34.0,2016-08-01T00:00:00Z,2017-07-01T00:00:00Z
http://www.wikidata.org/entity/Q16235534,http://www.wikidata.org/entity/Q953632,équipe de Serbie de football des moins de 19 ans,1.0,2010-01-01T00:00:00Z,2010-01-01T00:00:00Z
http://www.wikidata.org/entity/Q16235534,http://www.wikidata.org/entity/Q275612,Budapest Honvéd,11.0,2014-01-01T00:00:00Z,2015-01-01T00:00:00Z
http://www.wikidata.org/entity/Q16235534,http://www.wikidata.org/entity/Q287695,Fidelis Andria 2018,,2019-08-01T00:00:00Z,2019-12-01T00:00:00Z
http://www.wikidata.org/entity/Q16235534,http://www.wikidata.org/entity/Q207501,FK Vojvodina Novi Sad,,2017-08-01T00:00:00Z,2017-12-01T00:00:00Z
http://www.wikidata.org/entity/Q16235534,http://www.wikidata.org/entity/Q2674,Palermo F.C.,0.0,2011-01-01T00:00:00Z,2015-01-01T00:00:00Z
http://www.wikidata.org/entity/Q16235534,http://www.wikidata.org/entity/Q289613,Pisa SC,29.0,2013-01-01T00:00:00Z,2014-01-01T00:00:00Z
http://www.wikidata.org/entity/Q16235534,http://www.wikidata.org/entity/Q32801,KK Budućnost Podgorica,,2016-01-01T00:00:00Z,2016-08-01T00:00:00Z
http://www.wikidata.org/entity/Q16235595,http://www.wikidata.org/entity/Q621259,SC Olhanense,,2015-01-01T00:00:00Z,
http://www.wikidata.org/entity/Q16235595,http://www.wikidata.org/entity/Q6651,Brescia Calcio,1.0,2011-01-01T00:00:00Z,2012-01-01T00:00:00Z
http://www.wikidata.org/entity/Q16235595,http://www.wikidata.org/entity/Q7301099,Real Vicenza,12.0,2013-01-01T00:00:00Z,2014-01-01T00:00:00Z
http://www.wikidata.org/entity/Q16235595,http://www.wikidata.org/entity/Q1457,UC Sampdoria,0.0,2012-01-01T00:00:00Z,2015-01-01T00:00:00Z
http://www.wikidata.org/entity/Q16235595,http://www.wikidata.org/entity/Q2314607,AC Martina,14.0,2014-01-01T00:00:00Z,2015-01-01T00:00:00Z
http://www.wikidata.org/entity/Q16235595,http://www.wikidata.org/entity/Q913041,Calcio Portogruaro-Summaga,10.0,2012-01-01T00:00:00Z,2013-01-01T00:00:00Z
http://www.wikidata.org/entity/Q16235631,http://www.wikidata.org/entity/Q843396,Racing de Ferrol,29.0,2017-01-01T00:00:00Z,2017-01-01T00:00:00Z
http://www.wikidata.org/entity/Q16235631,http://www.wikidata.org/entity/Q43218821,Gokulam Kerala Football Club,12.0,2023-01-01T00:00:00Z,2023-01-01T00:00:00Z
http://www.wikidata.org/entity/Q16235631,http://www.wikidata.org/entity/Q10499,Córdoba CF,6.0,2013-01-01T00:00:00Z,2014-01-01T00:00:00Z
http://www.wikidata.org/entity/Q16235631,http://www.wikidata.org/entity/Q727093,Club Deportivo Basconia,18.0,2011-01-01T00:00:00Z,2012-01-01T00:00:00Z
http://www.wikidata.org/entity/Q16235631,http://www.wikidata.org/entity/Q2054565,UD San Sebastián de los Reyes,12.0,2018-01-01T00:00:00Z,2018-01-01T00:00:00Z
http://www.wikidata.org/entity/Q16235631,http://www.wikidata.org/entity/Q12278,Sporting Gijón,1.0,2015-01-01T00:00:00Z,2016-01-01T00:00:00Z
http://www.wikidata.org/entity/Q16235631,http://www.wikidata.org/entity/Q794970,Athletic Bilbao B,2.0,2010-01-01T00:00:00Z,2012-01-01T00:00:00Z
http://www.wikidata.org/entity/Q16235631,http://www.wikidata.org/entity/Q22677517,NEROCA Football Club,16.0,2021-01-01T00:00:00Z,2022-01-01T00:00:00Z
http://www.wikidata.org/entity/Q16235631,http://www.wikidata.org/entity/Q2122194,CU Collado Villalba,,2008-01-01T00:00:00Z,2009-01-01T00:00:00Z
http://www.wikidata.org/entity/Q16235631,http://www.wikidata.org/entity/Q2421781,Marino de Luanco,22.0,2020-01-01T00:00:00Z,2021-01-01T00:00:00Z
http://www.wikidata.org/entity/Q16235631,http://www.wikidata.org/entity/Q893308,AFC Eskilstuna,9.0,2023-01-01T00:00:00Z,2023-01-01T00:00:00Z
http://www.wikidata.org/entity/Q16235631,http://www.wikidata.org/entity/Q2982210,Sporting Gijón B,61.0,2014-01-01T00:00:00Z,2016-01-01T00:00:00Z
http://www.wikidata.org/entity/Q16235631,http://www.wikidata.org/entity/Q1388790,Stal Mielec,14.0,2018-01-01T00:00:00Z,2019-01-01T00:00:00Z
http://www.wikidata.org/entity/Q16235631,http://www.wikidata.org/entity/Q2122194,CU Collado Villalba,6.0,2008-01-01T00:00:00Z,2009-01-01T00:00:00Z
http://www.wikidata.org/entity/Q16235631,http://www.wikidata.org/entity/Q1387287,La Roda CF,5.0,2013-01-01T00:00:00Z,2013-01-01T00:00:00Z
http://www.wikidata.org/entity/Q16235631,http://www.wikidata.org/entity/Q2719759,Duli Pengiran Muda Mahkota Football Club,,2024-01-01T00:00:00Z,2025-01-01T00:00:00Z
http://www.wikidata.org/entity/Q16235631,http://www.wikidata.org/entity/Q2421781,Marino de Luanco,6.0,2024-01-01T00:00:00Z,2024-01-01T00:00:00Z
http://www.wikidata.org/entity/Q16235631,http://www.wikidata.org/entity/Q537097,Peña Sport FC,,1999-01-01T00:00:00Z,2001-01-01T00:00:00Z
http://www.wikidata.org/entity/Q16235631,http://www.wikidata.org/entity/Q1067737,UD Logroñés,21.0,2016-01-01T00:00:00Z,2016-01-01T00:00:00Z
http://www.wikidata.org/entity/Q16235631,http://www.wikidata.org/entity/Q8687,Athletic Bilbao,,2009-01-01T00:00:00Z,2011-01-01T00:00:00Z
http://www.wikidata.org/entity/Q16235631,http://www.wikidata.org/entity/Q5202721,Córdoba CF B,21.0,2013-01-01T00:00:00Z,2014-01-01T00:00:00Z
http://www.wikidata.org/entity/Q16235722,http://www.wikidata.org/entity/Q9408,Barnet FC,,2016-01-01T00:00:00Z,
http://www.wikidata.org/entity/Q16235722,http://www.wikidata.org/entity/Q19495,Peterborough United FC,0.0,2015-01-01T00:00:00Z,2015-01-01T00:00:00Z
http://www.wikidata.org/entity/Q16235722,http://www.wikidata.org/entity/Q19481,Leicester City FC,0.0,2012-01-01T00:00:00Z,2015-01-01T00:00:00Z
http://www.wikidata.org/entity/Q16235722,http://www.wikidata.org/entity/Q19575,Carlisle United Football Club,3.0,2014-01-01T00:00:00Z,2014-01-01T00:00:00Z
http://www.wikidata.org/entity/Q16235722,http://www.wikidata.org/entity/Q18529,Wrexham FC,5.0,2014-01-01T00:00:00Z,2014-01-01T00:00:00Z
http://www.wikidata.org/entity/Q16235787,http://www.wikidata.org/entity/Q4094837,Boreham Wood F.C.,13.0,2011-01-01T00:00:00Z,2011-01-01T00:00:00Z
http://www.wikidata.org/entity/Q16235787,http://www.wikidata.org/entity/Q18747,West Ham United FC,0.0,2011-01-01T00:00:00Z,2014-01-01T00:00:00Z
http://www.wikidata.org/entity/Q16235787,http://www.wikidata.org/entity/Q18520,Luton Town Football Club,,2014-01-01T00:00:00Z,
http://www.wikidata.org/entity/Q16235787,http://www.wikidata.org/entity/Q18520,Luton Town Football Club,4.0,2013-01-01T00:00:00Z,2013-01-01T00:00:00Z
http://www.wikidata.org/entity/Q16235827,http://www.wikidata.org/entity/Q9408,Barnet FC,,2016-01-01T00:00:00Z,
http://www.wikidata.org/entity/Q16235827,http://www.wikidata.org/entity/Q18509,Cambridge United FC,5.0,2015-01-01T00:00:00Z,2015-01-01T00:00:00Z
http://www.wikidata.org/entity/Q16235827,http://www.wikidata.org/entity/Q19578,Colchester United FC,3.0,2014-01-01T00:00:00Z,2014-01-01T00:00:00Z
http://www.wikidata.org/entity/Q16235827,http://www.wikidata.org/entity/Q330148,équipe de Sierra Leone de football,,2014-01-01T00:00:00Z,
http://www.wikidata.org/entity/Q16235827,http://www.wikidata.org/entity/Q19481,Leicester City FC,0.0,2013-01-01T00:00:00Z,2016-01-01T00:00:00Z
http://www.wikidata.org/entity/Q16235831,http://www.wikidata.org/entity/Q2511419,Staines Town Football Club,,2011-01-01T00:00:00Z,2012-01-01T00:00:00Z
http://www.wikidata.org/entity/Q16235831,http://www.wikidata.org/entity/Q2306118,Slough Town FC,15.0,2009-01-01T00:00:00Z,2010-01-01T00:00:00Z
http://www.wikidata.org/entity/Q16235831,http://www.wikidata.org/entity/Q48938,Dagenham & Redbridge FC,4.0,2013-01-01T00:00:00Z,2013-01-01T00:00:00Z
http://www.wikidata.org/entity/Q16235831,http://www.wikidata.org/entity/Q5212629,Hemel Hempstead Town F.C.,8.0,2014-01-01T00:00:00Z,2015-01-01T00:00:00Z
http://www.wikidata.org/entity/Q16235831,http://www.wikidata.org/entity/Q18528,Woking Football Club,3.0,2012-01-01T00:00:00Z,2012-01-01T00:00:00Z
http://www.wikidata.org/entity/Q16235831,http://www.wikidata.org/entity/Q18723,QP Rangers,0.0,2010-01-01T00:00:00Z,2014-01-01T00:00:00Z
http://www.wikidata.org/entity/Q16235831,http://www.wikidata.org/entity/Q2585894,St. Albans City Football Club,3.0,2011-01-01T00:00:00Z,2011-01-01T00:00:00Z
http://www.wikidata.org/entity/Q16235831,http://www.wikidata.org/entity/Q48879,Bradford City Association Football Club,1.0,2014-01-01T00:00:00Z,2015-01-01T00:00:00Z
http://www.wikidata.org/entity/Q16235908,http://www.wikidata.org/entity/Q5572810,Glyfada F.C.,8.0,2013-01-01T00:00:00Z,2013-01-01T00:00:00Z
http://www.wikidata.org/entity/Q16235908,http://www.wikidata.org/entity/Q2511419,Staines Town Football Club,2.0,2016-01-01T00:00:00Z,2016-01-01T00:00:00Z
http://www.wikidata.org/entity/Q16235908,http://www.wikidata.org/entity/Q4876034,Beaconsfield SYCOB F.C.,5.0,2015-01-01T00:00:00Z,2015-01-01T00:00:00Z
http://www.wikidata.org/entity/Q16235908,http://www.wikidata.org/entity/Q18729,Reading FC,0.0,2010-01-01T00:00:00Z,2012-01-01T00:00:00Z
http://www.wikidata.org/entity/Q16235908,http://www.wikidata.org/entity/Q5274092,Didcot Town F.C.,,2010-01-01T00:00:00Z,2011-01-01T00:00:00Z
http://www.wikidata.org/entity/Q16235908,http://www.wikidata.org/entity/Q18723,QP Rangers,0.0,2012-01-01T00:00:00Z,2012-01-01T00:00:00Z
http://www.wikidata.org/entity/Q16235908,http://www.wikidata.org/entity/Q1131109,Maidenhead United F.C.,2.0,2010-01-01T00:00:00Z,2010-01-01T00:00:00Z
http://www.wikidata.org/entity/Q16235908,http://www.wikidata.org/entity/Q2978308,Farnborough F.C.,,2016-01-01T00:00:00Z,
http://www.wikidata.org/entity/Q16235908,http://www.wikidata.org/entity/Q5943367,Hungerford Town F.C.,,2011-01-01T00:00:00Z,2011-01-01T00:00:00Z
http://www.wikidata.org/entity/Q16236016,http://www.wikidata.org/entity/Q2511257,Rayo Majadahonda,13.0,2015-01-01T00:00:00Z,2015-01-01T00:00:00Z
http://www.wikidata.org/entity/Q16236016,http://www.wikidata.org/entity/Q10319,Real Valladolid,1.0,2013-01-01T00:00:00Z,2013-01-01T00:00:00Z
http://www.wikidata.org/entity/Q16236016,http://www.wikidata.org/entity/Q780539,Atlético Madrid B,2.0,2014-01-01T00:00:00Z,2016-01-01T00:00:00Z
http://www.wikidata.org/entity/Q16236016,http://www.wikidata.org/entity/Q7301102,Real Valladolid B,67.0,2012-01-01T00:00:00Z,2014-01-01T00:00:00Z
http://www.wikidata.org/entity/Q16236016,http://www.wikidata.org/entity/Q856415,CP Cacereño,,2016-01-01T00:00:00Z,
http://www.wikidata.org/entity/Q16236286,http://www.wikidata.org/entity/Q2662902,Bishop's Stortford F.C.,0.0,2014-01-01T00:00:00Z,2014-01-01T00:00:00Z
http://www.wikidata.org/entity/Q16236286,http://www.wikidata.org/entity/Q4086727,Billericay Town FC,1.0,2012-01-01T00:00:00Z,2012-01-01T00:00:00Z
http://www.wikidata.org/entity/Q16236286,http://www.wikidata.org/entity/Q2662902,Bishop's Stortford F.C.,7.0,2015-01-01T00:00:00Z,2015-01-01T00:00:00Z
http://www.wikidata.org/entity/Q16236286,http://www.wikidata.org/entity/Q2029340,Canvey Island Football Club,1.0,2015-01-01T00:00:00Z,2015-01-01T00:00:00Z
http://www.wikidata.org/entity/Q16236286,http://www.wikidata.org/entity/Q625130,Grays Athletic Football Club,2.0,2012-01-01T00:00:00Z,2012-01-01T00:00:00Z
http://www.wikidata.org/entity/Q16236286,http://www.wikidata.org/entity/Q18747,West Ham United FC,0.0,2012-01-01T00:00:00Z,2013-01-01T00:00:00Z
http://www.wikidata.org/entity/Q16236286,http://www.wikidata.org/entity/Q19595,Leyton Orient FC,2.0,2013-01-01T00:00:00Z,2014-01-01T00:00:00Z
http://www.wikidata.org/entity/Q16236306,http://www.wikidata.org/entity/Q18659,Swansea City AFC,0.0,2012-01-01T00:00:00Z,2015-01-01T00:00:00Z
http://www.wikidata.org/entity/Q16236306,http://www.wikidata.org/entity/Q239241,Port Talbot Town Football Club,,2015-01-01T00:00:00Z,
http://www.wikidata.org/entity/Q16236306,http://www.wikidata.org/entity/Q3590810,équipe du pays de Galles de football des moins de 19 ans,2.0,2011-01-01T00:00:00Z,2011-01-01T00:00:00Z
http://www.wikidata.org/entity/Q16236306,http://www.wikidata.org/entity/Q18523,Newport County Association Football Club,7.0,2014-01-01T00:00:00Z,2014-01-01T00:00:00Z
http://www.wikidata.org/entity/Q16236306,http://www.wikidata.org/entity/Q3590809,équipe du pays de Galles de football des moins de 17 ans,3.0,2010-01-01T00:00:00Z,2010-01-01T00:00:00Z
http://www.wikidata.org/entity/Q16236306,http://www.wikidata.org/entity/Q248188,Milton Keynes Dons Football Club,7.0,2014-01-01T00:00:00Z,2014-01-01T00:00:00Z
http://www.wikidata.org/entity/Q16236477,http://www.wikidata.org/entity/Q7387284,S.S.D. San Nicolò Calcio,,2013-01-01T00:00:00Z,
http://www.wikidata.org/entity/Q16236477,http://www.wikidata.org/entity/Q2037,Associazione Calcio ChievoVerona,0.0,2012-01-01T00:00:00Z,2013-01-01T00:00:00Z
http://www.wikidata.org/entity/Q16236477,http://www.wikidata.org/entity/Q339596,Giulianova Calcio,5.0,2011-01-01T00:00:00Z,2012-01-01T00:00:00Z
http://www.wikidata.org/entity/Q16236477,http://www.wikidata.org/entity/Q6651,Brescia Calcio,0.0,2013-01-01T00:00:00Z,2013-01-01T00:00:00Z
http://www.wikidata.org/entity/Q16236678,http://www.wikidata.org/entity/Q2095117,Fermana Calcio,25.0,2018-07-01T00:00:00Z,
http://www.wikidata.org/entity/Q16236678,http://www.wikidata.org/entity/Q2331232,équipe d'Italie de football des moins de 17 ans,,2011-01-01T00:00:00Z,2011-01-01T00:00:00Z
http://www.wikidata.org/entity/Q16236678,http://www.wikidata.org/entity/Q31821,Feralpisalò,25.0,2014-01-01T00:00:00Z,2016-01-01T00:00:00Z
http://www.wikidata.org/entity/Q16236678,http://www.wikidata.org/entity/Q1968070,Unione Sportiva Pergolettese 1932,14.0,2013-01-01T00:00:00Z,2014-01-01T00:00:00Z
http://www.wikidata.org/entity/Q16236678,http://www.wikidata.org/entity/Q2674,Palermo F.C.,0.0,2010-01-01T00:00:00Z,2014-01-01T00:00:00Z
http://www.wikidata.org/entity/Q16236678,http://www.wikidata.org/entity/Q521360,Paganese Calcio 1926,18.0,2016-08-01T00:00:00Z,2018-07-01T00:00:00Z
http://www.wikidata.org/entity/Q16236678,http://www.wikidata.org/entity/Q31821,Feralpisalò,6.0,2014-01-01T00:00:00Z,2014-01-01T00:00:00Z
http://www.wikidata.org/entity/Q16236678,http://www.wikidata.org/entity/Q1024463,CS Concordia Chiajna,3.0,2016-02-01T00:00:00Z,2016-08-01T00:00:00Z
http://www.wikidata.org/entity/Q16236719,http://www.wikidata.org/entity/Q239535,équipe du Bénin de football,,2015-01-01T00:00:00Z,
http://www.wikidata.org/entity/Q16236719,http://www.wikidata.org/entity/Q483020,Paris Saint-Germain FC,,2015-01-01T00:00:00Z,
http://www.wikidata.org/entity/Q16235631,http://www.wikidata.org/entity/Q1834746,Maziya Sports and Recreation Club,,2025-01-01T00:00:00Z,
http://www.wikidata.org/entity/Q15830923,http://www.wikidata.org/entity/Q2308235,équipe du Brésil de football des moins de 20 ans,1.0,2011-01-01T00:00:00Z,2012-01-01T00:00:00Z
http://www.wikidata.org/entity/Q15830923,http://www.wikidata.org/entity/Q8476,Reggina 1914,34.0,2012-01-01T00:00:00Z,2015-01-01T00:00:00Z
http://www.wikidata.org/entity/Q15830923,http://www.wikidata.org/entity/Q17479,Clube de Regatas do Flamengo,8.0,2010-01-01T00:00:00Z,2011-01-01T00:00:00Z
http://www.wikidata.org/entity/Q15830923,http://www.wikidata.org/entity/Q289613,Pisa SC,11.0,2016-01-01T00:00:00Z,
http://www.wikidata.org/entity/Q15830923,http://www.wikidata.org/entity/Q204675,AD Portuguesa,12.0,2012-01-01T00:00:00Z,2013-01-01T00:00:00Z
http://www.wikidata.org/entity/Q15830923,http://www.wikidata.org/entity/Q2276413,Virtus Entella,5.0,2015-01-01T00:00:00Z,2016-01-01T00:00:00Z
http://www.wikidata.org/entity/Q15831132,http://www.wikidata.org/entity/Q8639,Hellas Vérone Football Club,3.0,2011-01-01T00:00:00Z,2014-01-01T00:00:00Z
http://www.wikidata.org/entity/Q15831132,http://www.wikidata.org/entity/Q8648,Lanciano Calcio 1920,35.0,2014-01-01T00:00:00Z,2015-01-01T00:00:00Z
http://www.wikidata.org/entity/Q15831132,http://www.wikidata.org/entity/Q2662962,Associação Atlética Anapolina,,2010-01-01T00:00:00Z,2010-01-01T00:00:00Z
http://www.wikidata.org/entity/Q15831132,http://www.wikidata.org/entity/Q8639,Hellas Vérone Football Club,,2010-01-01T00:00:00Z,
http://www.wikidata.org/entity/Q15831132,http://www.wikidata.org/entity/Q687712,Villa Nova Atlético Clube,5.0,2009-01-01T00:00:00Z,2009-01-01T00:00:00Z
http://www.wikidata.org/entity/Q15831132,http://www.wikidata.org/entity/Q2114224,F.C. Trapani 1905,,2015-01-01T00:00:00Z,
http://www.wikidata.org/entity/Q15831132,http://www.wikidata.org/entity/Q270995,Atlético Mineiro,0.0,2009-01-01T00:00:00Z,2010-01-01T00:00:00Z
http://www.wikidata.org/entity/Q15831132,http://www.wikidata.org/entity/Q1138634,Tombense Futebol Clube,,2009-01-01T00:00:00Z,2009-01-01T00:00:00Z
http://www.wikidata.org/entity/Q15836846,http://www.wikidata.org/entity/Q33748,Hanovre 96,73.0,2010-01-01T00:00:00Z,2013-01-01T00:00:00Z
http://www.wikidata.org/entity/Q15836846,http://www.wikidata.org/entity/Q153539,SpVgg Greuther Fürth,,2013-01-01T00:00:00Z,
http://www.wikidata.org/entity/Q15839600,http://www.wikidata.org/entity/Q19512,Football Club Sochaux-Montbéliard,11.0,1991-01-01T00:00:00Z,2002-01-01T00:00:00Z
http://www.wikidata.org/entity/Q15839600,http://www.wikidata.org/entity/Q867320,FC Rouen,8.0,2002-01-01T00:00:00Z,2003-01-01T00:00:00Z
http://www.wikidata.org/entity/Q15920570,http://www.wikidata.org/entity/Q610621,Carpi Football Club 1909,16.0,2014-01-01T00:00:00Z,2015-01-01T00:00:00Z
http://www.wikidata.org/entity/Q15920570,http://www.wikidata.org/entity/Q638882,Trento Calcio 1921,1.0,2012-01-01T00:00:00Z,2013-01-01T00:00:00Z
http://www.wikidata.org/entity/Q15920570,http://www.wikidata.org/entity/Q2118510,Latina Calcio 1932,,2015-01-01T00:00:00Z,
http://www.wikidata.org/entity/Q15920570,http://www.wikidata.org/entity/Q2037,Associazione Calcio ChievoVerona,1.0,2013-01-01T00:00:00Z,2015-01-01T00:00:00Z
http://www.wikidata.org/entity/Q15933775,http://www.wikidata.org/entity/Q8408,Modène Football Club,,2015-01-01T00:00:00Z,
http://www.wikidata.org/entity/Q15933775,http://www.wikidata.org/entity/Q8408,Modène Football Club,0.0,2012-01-01T00:00:00Z,2013-01-01T00:00:00Z
http://www.wikidata.org/entity/Q15933775,http://www.wikidata.org/entity/Q13385,SPAL Ferrara,13.0,2014-01-01T00:00:00Z,2015-01-01T00:00:00Z
http://www.wikidata.org/entity/Q15933775,http://www.wikidata.org/entity/Q2037,Associazione Calcio ChievoVerona,0.0,2013-01-01T00:00:00Z,2015-01-01T00:00:00Z
http://www.wikidata.org/entity/Q15964463,http://www.wikidata.org/entity/Q297430,S.S. Arezzo,,2015-01-01T00:00:00Z,
http://www.wikidata.org/entity/Q15964463,http://www.wikidata.org/entity/Q2266580,équipe d'Italie de football des moins de 19 ans,,2014-01-01T00:00:00Z,
http://www.wikidata.org/entity/Q15964463,http://www.wikidata.org/entity/Q3873513,équipe d'Italie de football des moins de 18 ans,,2013-01-01T00:00:00Z,
http://www.wikidata.org/entity/Q15964463,http://www.wikidata.org/entity/Q3873502,équipe d'Italie de football des moins de 16 ans,12.0,2011-01-01T00:00:00Z,2012-01-01T00:00:00Z
http://www.wikidata.org/entity/Q15964463,http://www.wikidata.org/entity/Q1886,Atalanta Bergame,,2013-01-01T00:00:00Z,
http://www.wikidata.org/entity/Q15964463,http://www.wikidata.org/entity/Q2331232,équipe d'Italie de football des moins de 17 ans,,2012-01-01T00:00:00Z,
http://www.wikidata.org/entity/Q15964463,http://www.wikidata.org/entity/Q610621,Carpi Football Club 1909,2.0,2015-01-01T00:00:00Z,2015-01-01T00:00:00Z
http://www.wikidata.org/entity/Q15964494,http://www.wikidata.org/entity/Q922698,équipe d'Italie espoirs de football,1.0,2015-01-01T00:00:00Z,2015-01-01T00:00:00Z
http://www.wikidata.org/entity/Q15964494,http://www.wikidata.org/entity/Q8615,Spezia Calcio,14.0,2014-01-01T00:00:00Z,2015-01-01T00:00:00Z
http://www.wikidata.org/entity/Q15964494,http://www.wikidata.org/entity/Q6664,AC Cesena,19.0,2014-01-01T00:00:00Z,2014-01-01T00:00:00Z
http://www.wikidata.org/entity/Q15964494,http://www.wikidata.org/entity/Q1886,Atalanta Bergame,,2013-01-01T00:00:00Z,2014-01-01T00:00:00Z
http://www.wikidata.org/entity/Q15964494,http://www.wikidata.org/entity/Q3873548,équipe d'Italie de football des moins de 20 ans,5.0,2014-01-01T00:00:00Z,2015-01-01T00:00:00Z
http://www.wikidata.org/entity/Q15964494,http://www.wikidata.org/entity/Q8643,Vicenza Calcio,16.0,2015-01-01T00:00:00Z,2016-01-01T00:00:00Z
http://www.wikidata.org/entity/Q15970879,http://www.wikidata.org/entity/Q319872,SV 1919 Gonsenheim,16.0,2010-01-01T00:00:00Z,2011-01-01T00:00:00Z
http://www.wikidata.org/entity/Q15970879,http://www.wikidata.org/entity/Q33748,Hanovre 96,39.0,2011-01-01T00:00:00Z,2013-01-01T00:00:00Z
http://www.wikidata.org/entity/Q15970879,http://www.wikidata.org/entity/Q1387584,Army United Football Club,18.0,2014-01-01T00:00:00Z,2014-01-01T00:00:00Z
http://www.wikidata.org/entity/Q15970879,http://www.wikidata.org/entity/Q252065,Buriram United Football Club,0.0,2013-01-01T00:00:00Z,2013-01-01T00:00:00Z
http://www.wikidata.org/entity/Q15970879,http://www.wikidata.org/entity/Q646204,JEF United Ichihara Chiba,1.0,2015-01-01T00:00:00Z,2015-01-01T00:00:00Z
http://www.wikidata.org/entity/Q15970879,http://www.wikidata.org/entity/Q4924514,Chainat Hornbill F.C.,15.0,2013-01-01T00:00:00Z,2014-01-01T00:00:00Z
http://www.wikidata.org/entity/Q15970879,http://www.wikidata.org/entity/Q2352611,Bangkok FC,,2014-01-01T00:00:00Z,2015-01-01T00:00:00Z
http://www.wikidata.org/entity/Q15970879,http://www.wikidata.org/entity/Q33748,Hanovre 96,0.0,2011-01-01T00:00:00Z,2011-01-01T00:00:00Z
http://www.wikidata.org/entity/Q15970879,http://www.wikidata.org/entity/Q6487777,Lao Lane Xang F.C.,,2016-01-01T00:00:00Z,
http://www.wikidata.org/entity/Q15982387,http://www.wikidata.org/entity/Q151747,Fortuna Düsseldorf,25.0,2012-01-01T00:00:00Z,2014-01-01T00:00:00Z
http://www.wikidata.org/entity/Q15982387,http://www.wikidata.org/entity/Q265570,SSV Jahn Ratisbonne,,2015-01-01T00:00:00Z,
http://www.wikidata.org/entity/Q15982387,http://www.wikidata.org/entity/Q161554,Chemnitzer FC,21.0,2014-01-01T00:00:00Z,2015-01-01T00:00:00Z
http://www.wikidata.org/entity/Q16006943,http://www.wikidata.org/entity/Q784311,Royal White Star Bruxelles,,2015-01-01T00:00:00Z,
http://www.wikidata.org/entity/Q16006943,http://www.wikidata.org/entity/Q1753870,Stadium Racing Colmar,0.0,2015-01-01T00:00:00Z,2016-01-01T00:00:00Z
http://www.wikidata.org/entity/Q16006943,http://www.wikidata.org/entity/Q459148,En avant Guingamp,0.0,2012-01-01T00:00:00Z,2013-01-01T00:00:00Z
http://www.wikidata.org/entity/Q16006943,http://www.wikidata.org/entity/Q270051,Athletic club ajaccien,13.0,2013-01-01T00:00:00Z,2015-01-01T00:00:00Z
http://www.wikidata.org/entity/Q16007274,http://www.wikidata.org/entity/Q319699,équipe d'Allemagne des moins de 17 ans de football,4.0,2012-01-01T00:00:00Z,2013-01-01T00:00:00Z
http://www.wikidata.org/entity/Q16007274,http://www.wikidata.org/entity/Q316497,équipe d'Allemagne de football des moins de 20 ans,6.0,2015-01-01T00:00:00Z,2016-01-01T00:00:00Z
http://www.wikidata.org/entity/Q16007274,http://www.wikidata.org/entity/Q324854,équipe d'Allemagne de football des moins de 19 ans,13.0,2014-01-01T00:00:00Z,2015-01-01T00:00:00Z
http://www.wikidata.org/entity/Q16007274,http://www.wikidata.org/entity/Q314851,équipe d'Allemagne espoirs de football,,2016-01-01T00:00:00Z,
http://www.wikidata.org/entity/Q16007274,http://www.wikidata.org/entity/Q5424977,FC Ingolstadt 04 II,,2015-01-01T00:00:00Z,
http://www.wikidata.org/entity/Q16007274,http://www.wikidata.org/entity/Q170117,FC Ingolstadt 04,2.0,2015-01-01T00:00:00Z,2015-01-01T00:00:00Z
http://www.wikidata.org/entity/Q16007274,http://www.wikidata.org/entity/Q142005,FC Hansa Rostock,24.0,2014-01-01T00:00:00Z,2015-01-01T00:00:00Z
http://www.wikidata.org/entity/Q16010783,http://www.wikidata.org/entity/Q19628,Olympiakós,,2014-01-01T00:00:00Z,
http://www.wikidata.org/entity/Q16010783,http://www.wikidata.org/entity/Q212269,Valenciennes FC,27.0,2013-01-01T00:00:00Z,2014-01-01T00:00:00Z
http://www.wikidata.org/entity/Q16010783,http://www.wikidata.org/entity/Q2701714,équipe de France de football des moins de 19 ans,2.0,2011-01-01T00:00:00Z,2011-01-01T00:00:00Z
http://www.wikidata.org/entity/Q16010783,http://www.wikidata.org/entity/Q1450557,équipe de France de football des moins de 18 ans,3.0,2011-01-01T00:00:00Z,2011-01-01T00:00:00Z
http://www.wikidata.org/entity/Q16146160,http://www.wikidata.org/entity/Q208399,SC Bastia,2.0,2013-01-01T00:00:00Z,2015-01-01T00:00:00Z
http://www.wikidata.org/entity/Q16148934,http://www.wikidata.org/entity/Q856119,Club Deportivo Leganés,8.0,2016-01-24T00:00:00Z,2016-06-30T00:00:00Z
http://www.wikidata.org/entity/Q16148934,http://www.wikidata.org/entity/Q11979,Unión Deportiva Las Palmas,52.0,2013-01-01T00:00:00Z,
http://www.wikidata.org/entity/Q16148934,http://www.wikidata.org/entity/Q7864280,UD Las Palmas Atlético,77.0,2010-01-01T00:00:00Z,2013-01-01T00:00:00Z
http://www.wikidata.org/entity/Q16150694,http://www.wikidata.org/entity/Q18528,Woking Football Club,,2014-01-01T00:00:00Z,
http://www.wikidata.org/entity/Q16150694,http://www.wikidata.org/entity/Q48953,Wycombe Wanderers FC,31.0,2013-01-01T00:00:00Z,2014-01-01T00:00:00Z
http://www.wikidata.org/entity/Q16150694,http://www.wikidata.org/entity/Q18729,Reading FC,0.0,2011-01-01T00:00:00Z,2014-01-01T00:00:00Z
http://www.wikidata.org/entity/Q16150694,http://www.wikidata.org/entity/Q6417617,Whitehawk FC,,2014-01-01T00:00:00Z,
http://www.wikidata.org/entity/Q16202368,http://www.wikidata.org/entity/Q19449,Blackpool FC,12.0,2016-01-21T00:00:00Z,2016-05-31T00:00:00Z
http://www.wikidata.org/entity/Q16202368,http://www.wikidata.org/entity/Q19587,Crewe Alexandra FC,8.0,2014-01-01T00:00:00Z,2015-01-01T00:00:00Z
http://www.wikidata.org/entity/Q16202368,http://www.wikidata.org/entity/Q18729,Reading FC,0.0,2011-11-01T00:00:00Z,2013-07-01T00:00:00Z
http://www.wikidata.org/entity/Q16202368,http://www.wikidata.org/entity/Q19589,Doncaster Rovers Football Club,7.0,2015-01-28T00:00:00Z,2015-03-10T00:00:00Z
http://www.wikidata.org/entity/Q16202368,http://www.wikidata.org/entity/Q202093,Heart of Midlothian Football Club,,2018-07-01T00:00:00Z,
http://www.wikidata.org/entity/Q16202368,http://www.wikidata.org/entity/Q19587,Crewe Alexandra FC,9.0,2015-01-01T00:00:00Z,2015-01-01T00:00:00Z
http://www.wikidata.org/entity/Q16202368,http://www.wikidata.org/entity/Q2714,Watford Football Club,0.0,2013-07-01T00:00:00Z,2016-08-24T00:00:00Z
http://www.wikidata.org/entity/Q16202368,http://www.wikidata.org/entity/Q48948,Port Vale FC,28.0,2015-07-13T00:00:00Z,2016-01-01T00:00:00Z
http://www.wikidata.org/entity/Q16202368,http://www.wikidata.org/entity/Q19587,Crewe Alexandra FC,15.0,2014-01-01T00:00:00Z,2014-01-01T00:00:00Z
http://www.wikidata.org/entity/Q16202368,http://www.wikidata.org/entity/Q18509,Cambridge United FC,80.0,2016-08-24T00:00:00Z,2018-07-01T00:00:00Z
http://www.wikidata.org/entity/Q16206311,http://www.wikidata.org/entity/Q48929,Burton Albion Football Club,0.0,2014-01-01T00:00:00Z,2014-01-01T00:00:00Z
http://www.wikidata.org/entity/Q16206311,http://www.wikidata.org/entity/Q48843,Accrington Stanley Football Club,11.0,2014-01-01T00:00:00Z,2014-01-01T00:00:00Z
http://www.wikidata.org/entity/Q16206311,http://www.wikidata.org/entity/Q18750,Wigan Athletic FC,0.0,2010-01-01T00:00:00Z,2014-01-01T00:00:00Z
http://www.wikidata.org/entity/Q16207162,http://www.wikidata.org/entity/Q4824323,Australian Institute of Sport Football Program,,2007-01-01T00:00:00Z,2011-01-01T00:00:00Z
http://www.wikidata.org/entity/Q16207162,http://www.wikidata.org/entity/Q495027,Busan IPark,50.0,2021-01-01T00:00:00Z,2022-01-01T00:00:00Z
http://www.wikidata.org/entity/Q16207162,http://www.wikidata.org/entity/Q2298585,UD Marbella,,2024-01-01T00:00:00Z,
http://www.wikidata.org/entity/Q16207162,http://www.wikidata.org/entity/Q852033,Perth Glory FC,15.0,2013-01-01T00:00:00Z,2014-01-01T00:00:00Z
http://www.wikidata.org/entity/Q16207162,http://www.wikidata.org/entity/Q515516,SD Amorebieta,51.0,2023-01-01T00:00:00Z,2024-01-01T00:00:00Z
http://www.wikidata.org/entity/Q16207162,http://www.wikidata.org/entity/Q18729,Reading FC,7.0,2012-01-01T00:00:00Z,2015-01-01T00:00:00Z
http://www.wikidata.org/entity/Q16207162,http://www.wikidata.org/entity/Q3873546,équipe d'Australie de football des moins de 20 ans,18.0,2010-01-01T00:00:00Z,2013-01-01T00:00:00Z
http://www.wikidata.org/entity/Q15431979,http://www.wikidata.org/entity/Q3446766,équipe de Croatie des moins de 19 ans,14.0,2011-01-01T00:00:00Z,2012-01-01T00:00:00Z
http://www.wikidata.org/entity/Q15477173,http://www.wikidata.org/entity/Q5202316,Cádiz CF B,5.0,2020-01-01T00:00:00Z,
http://www.wikidata.org/entity/Q15477173,http://www.wikidata.org/entity/Q2686567,équipe du Maroc de football des moins de 23 ans,3.0,2016-01-01T00:00:00Z,
http://www.wikidata.org/entity/Q15477173,http://www.wikidata.org/entity/Q54915,CB Murcie,10.0,2019-01-01T00:00:00Z,
http://www.wikidata.org/entity/Q15477173,http://www.wikidata.org/entity/Q743557,Club Deportivo Castellón,19.0,2018-01-01T00:00:00Z,2019-01-01T00:00:00Z
http://www.wikidata.org/entity/Q15477173,http://www.wikidata.org/entity/Q3590714,équipe du Maroc de football des moins de 20 ans,10.0,2013-01-01T00:00:00Z,2015-01-01T00:00:00Z
http://www.wikidata.org/entity/Q15477173,http://www.wikidata.org/entity/Q2311865,Celta Vigo B,40.0,2016-01-01T00:00:00Z,2017-01-01T00:00:00Z
http://www.wikidata.org/entity/Q15477173,http://www.wikidata.org/entity/Q10407,UD Almería,29.0,2014-01-01T00:00:00Z,2019-01-01T00:00:00Z
http://www.wikidata.org/entity/Q15477173,http://www.wikidata.org/entity/Q2569964,UD Almería B,112.0,2011-01-01T00:00:00Z,2016-01-01T00:00:00Z
http://www.wikidata.org/entity/Q15477173,http://www.wikidata.org/entity/Q929697,Moghreb de Tétouan,32.0,2020-11-06T00:00:00Z,
http://www.wikidata.org/entity/Q15477173,http://www.wikidata.org/entity/Q680336,UD Melilla,17.0,2019-01-01T00:00:00Z,2020-01-01T00:00:00Z
http://www.wikidata.org/entity/Q15621195,http://www.wikidata.org/entity/Q12249,Recreativo de Huelva,147.0,2001-01-01T00:00:00Z,2005-01-01T00:00:00Z
http://www.wikidata.org/entity/Q15639458,http://www.wikidata.org/entity/Q492159,US Créteil-Lusitanos,36.0,2015-01-01T00:00:00Z,2016-01-01T00:00:00Z
http://www.wikidata.org/entity/Q15639458,http://www.wikidata.org/entity/Q221525,FC Metz,25.0,2016-01-01T00:00:00Z,
http://www.wikidata.org/entity/Q15639458,http://www.wikidata.org/entity/Q503317,Dijon FCO,75.0,2012-01-01T00:00:00Z,2015-01-01T00:00:00Z
http://www.wikidata.org/entity/Q15690366,http://www.wikidata.org/entity/Q4545849,FC Nuremberg II,40.0,2011-01-01T00:00:00Z,2013-01-01T00:00:00Z
http://www.wikidata.org/entity/Q15690366,http://www.wikidata.org/entity/Q324854,équipe d'Allemagne de football des moins de 19 ans,1.0,2011-01-01T00:00:00Z,2011-01-01T00:00:00Z
http://www.wikidata.org/entity/Q15690366,http://www.wikidata.org/entity/Q33748,Hanovre 96,17.0,2013-01-01T00:00:00Z,2015-01-01T00:00:00Z
http://www.wikidata.org/entity/Q15690366,http://www.wikidata.org/entity/Q157352,FSV Francfort,,2015-01-01T00:00:00Z,
http://www.wikidata.org/entity/Q15690366,http://www.wikidata.org/entity/Q157463,1. FC Sarrebruck,16.0,2014-01-01T00:00:00Z,2014-01-01T00:00:00Z
http://www.wikidata.org/entity/Q15696639,http://www.wikidata.org/entity/Q844238,Defensor Sporting Club,9.0,2013-01-01T00:00:00Z,2016-01-01T00:00:00Z
http://www.wikidata.org/entity/Q15696639,http://www.wikidata.org/entity/Q2442864,équipe d'Uruguay de football des moins de 20 ans,22.0,2014-01-01T00:00:00Z,2015-01-01T00:00:00Z
http://www.wikidata.org/entity/Q15696639,http://www.wikidata.org/entity/Q170040,Rubin Kazan,,2016-01-01T00:00:00Z,
http://www.wikidata.org/entity/Q15696639,http://www.wikidata.org/entity/Q170040,Rubin Kazan,4.0,2015-01-01T00:00:00Z,2016-01-01T00:00:00Z
http://www.wikidata.org/entity/Q15696639,http://www.wikidata.org/entity/Q2384857,équipe d'Uruguay olympique de football,,2015-01-01T00:00:00Z,
http://www.wikidata.org/entity/Q15696639,http://www.wikidata.org/entity/Q11979,Unión Deportiva Las Palmas,9.0,2016-01-01T00:00:00Z,
http://www.wikidata.org/entity/Q15706612,http://www.wikidata.org/entity/Q3873550,équipe de Suisse de football des moins de 20 ans,6.0,2011-01-01T00:00:00Z,2011-01-01T00:00:00Z
http://www.wikidata.org/entity/Q15706612,http://www.wikidata.org/entity/Q668573,FC Chiasso,10.0,2012-01-01T00:00:00Z,2013-01-01T00:00:00Z
http://www.wikidata.org/entity/Q15706612,http://www.wikidata.org/entity/Q6767,US Livourne 1915,13.0,2013-01-01T00:00:00Z,2014-01-01T00:00:00Z
http://www.wikidata.org/entity/Q15706612,http://www.wikidata.org/entity/Q154053,Eintracht Brunswick,,2014-01-01T00:00:00Z,
http://www.wikidata.org/entity/Q15706612,http://www.wikidata.org/entity/Q4140019,équipe de Suisse de football des moins de 19 ans,8.0,2010-01-01T00:00:00Z,2010-01-01T00:00:00Z
http://www.wikidata.org/entity/Q15706612,http://www.wikidata.org/entity/Q298217,US Avellino,10.0,2014-01-01T00:00:00Z,2014-01-01T00:00:00Z
http://www.wikidata.org/entity/Q15706612,http://www.wikidata.org/entity/Q16559523,Eintracht Braunschweig II,2.0,2014-01-01T00:00:00Z,2014-01-01T00:00:00Z
http://www.wikidata.org/entity/Q15706612,http://www.wikidata.org/entity/Q368675,FC Locarno,59.0,2010-01-01T00:00:00Z,2012-01-01T00:00:00Z
http://www.wikidata.org/entity/Q15706612,http://www.wikidata.org/entity/Q678582,équipe de Suisse espoirs de football,8.0,2013-01-01T00:00:00Z,2014-01-01T00:00:00Z
http://www.wikidata.org/entity/Q15706894,http://www.wikidata.org/entity/Q2095185,Associazione Sportiva Dilettantistica Barletta 1922,17.0,2014-01-01T00:00:00Z,2015-01-01T00:00:00Z
http://www.wikidata.org/entity/Q15706894,http://www.wikidata.org/entity/Q279043,équipe d'Albanie espoirs de football,1.0,2013-01-01T00:00:00Z,2013-01-01T00:00:00Z
http://www.wikidata.org/entity/Q15706894,http://www.wikidata.org/entity/Q610621,Carpi Football Club 1909,5.0,2013-01-01T00:00:00Z,2014-01-01T00:00:00Z
http://www.wikidata.org/entity/Q15706894,http://www.wikidata.org/entity/Q4709058,équipe d'Albanie de football des moins de 19 ans,2.0,2011-01-01T00:00:00Z,2011-01-01T00:00:00Z
http://www.wikidata.org/entity/Q15706894,http://www.wikidata.org/entity/Q845772,KF Partizan Tirana,,2015-01-01T00:00:00Z,2016-01-01T00:00:00Z
http://www.wikidata.org/entity/Q15706894,http://www.wikidata.org/entity/Q16211740,Albania national under-18 football team,2.0,2011-01-01T00:00:00Z,2011-01-01T00:00:00Z
http://www.wikidata.org/entity/Q15706894,http://www.wikidata.org/entity/Q8639,Hellas Vérone Football Club,0.0,2013-01-01T00:00:00Z,2016-01-01T00:00:00Z
http://www.wikidata.org/entity/Q15715799,http://www.wikidata.org/entity/Q4140015,équipe d'Écosse de football des moins de 19 ans,3.0,2013-01-01T00:00:00Z,2013-01-01T00:00:00Z
http://www.wikidata.org/entity/Q15715799,http://www.wikidata.org/entity/Q18732,Southampton FC,,2016-01-01T00:00:00Z,
http://www.wikidata.org/entity/Q15715799,http://www.wikidata.org/entity/Q18732,Southampton FC,18.0,2013-01-01T00:00:00Z,2015-01-01T00:00:00Z
http://www.wikidata.org/entity/Q15715799,http://www.wikidata.org/entity/Q2358861,équipe d'Angleterre de football des moins de 19 ans,3.0,2014-01-01T00:00:00Z,2014-01-01T00:00:00Z
http://www.wikidata.org/entity/Q15715799,http://www.wikidata.org/entity/Q248188,Milton Keynes Dons Football Club,15.0,2015-01-01T00:00:00Z,2016-01-01T00:00:00Z
http://www.wikidata.org/entity/Q15718065,http://www.wikidata.org/entity/Q18521,Macclesfield Town Football Club,,2016-01-01T00:00:00Z,
http://www.wikidata.org/entity/Q15718065,http://www.wikidata.org/entity/Q18526,Stockport County FC,59.0,2011-01-01T00:00:00Z,2013-01-01T00:00:00Z
http://www.wikidata.org/entity/Q15718065,http://www.wikidata.org/entity/Q48843,Accrington Stanley Football Club,2.0,2015-01-01T00:00:00Z,2015-01-01T00:00:00Z
http://www.wikidata.org/entity/Q15718065,http://www.wikidata.org/entity/Q18750,Wigan Athletic FC,,2016-01-01T00:00:00Z,
http://www.wikidata.org/entity/Q15718065,http://www.wikidata.org/entity/Q18747,West Ham United FC,0.0,2013-01-01T00:00:00Z,2015-01-01T00:00:00Z
http://www.wikidata.org/entity/Q15718065,http://www.wikidata.org/entity/Q18521,Macclesfield Town Football Club,18.0,2015-01-01T00:00:00Z,2016-01-01T00:00:00Z
http://www.wikidata.org/entity/Q15718101,http://www.wikidata.org/entity/Q3590570,équipe des États-Unis de football des moins de 17 ans,7.0,2009-01-01T00:00:00Z,2009-01-01T00:00:00Z
http://www.wikidata.org/entity/Q15718101,http://www.wikidata.org/entity/Q18747,West Ham United FC,0.0,2010-01-01T00:00:00Z,2015-01-01T00:00:00Z
http://www.wikidata.org/entity/Q15718101,http://www.wikidata.org/entity/Q164134,équipe des États-Unis de football,,2017-01-01T00:00:00Z,
http://www.wikidata.org/entity/Q15718101,http://www.wikidata.org/entity/Q204357,Galaxy de Los Angeles,,2015-01-01T00:00:00Z,
http://www.wikidata.org/entity/Q15718101,http://www.wikidata.org/entity/Q16842924,LA Galaxy II,1.0,2015-01-01T00:00:00Z,2015-01-01T00:00:00Z
http://www.wikidata.org/entity/Q15718101,http://www.wikidata.org/entity/Q287804,équipe des États-Unis de soccer des moins de 20 ans,3.0,2011-01-01T00:00:00Z,2011-01-01T00:00:00Z
http://www.wikidata.org/entity/Q15729171,http://www.wikidata.org/entity/Q867921,Livingston Football Club,24.0,2013-01-01T00:00:00Z,2014-01-01T00:00:00Z
http://www.wikidata.org/entity/Q15729171,http://www.wikidata.org/entity/Q18723,QP Rangers,1.0,2014-01-01T00:00:00Z,2015-01-01T00:00:00Z
http://www.wikidata.org/entity/Q15729171,http://www.wikidata.org/entity/Q192873,Dundee United FC,,2015-01-01T00:00:00Z,
http://www.wikidata.org/entity/Q15769088,http://www.wikidata.org/entity/Q3873502,équipe d'Italie de football des moins de 16 ans,1.0,2008-01-01T00:00:00Z,2008-01-01T00:00:00Z
http://www.wikidata.org/entity/Q15769088,http://www.wikidata.org/entity/Q1457,UC Sampdoria,10.0,2013-01-01T00:00:00Z,2015-01-01T00:00:00Z
http://www.wikidata.org/entity/Q15769088,http://www.wikidata.org/entity/Q2266580,équipe d'Italie de football des moins de 19 ans,2.0,2011-01-01T00:00:00Z,2012-01-01T00:00:00Z
http://www.wikidata.org/entity/Q15769088,http://www.wikidata.org/entity/Q2710,Delfino Pescara,,2015-01-01T00:00:00Z,
http://www.wikidata.org/entity/Q15806075,http://www.wikidata.org/entity/Q158121,SpVgg Unterhaching,45.0,1993-01-01T00:00:00Z,2001-01-01T00:00:00Z
http://www.wikidata.org/entity/Q15806075,http://www.wikidata.org/entity/Q41420,BV 09 Borussia Dortmund,1.0,1989-01-01T00:00:00Z,1992-01-01T00:00:00Z
http://www.wikidata.org/entity/Q15806075,http://www.wikidata.org/entity/Q160530,VfL Osnabrück,41.0,1992-01-01T00:00:00Z,1993-01-01T00:00:00Z
http://www.wikidata.org/entity/Q15820984,http://www.wikidata.org/entity/Q316865,SC Preußen Münster,,2016-01-01T00:00:00Z,
http://www.wikidata.org/entity/Q15820984,http://www.wikidata.org/entity/Q151747,Fortuna Düsseldorf,0.0,2012-01-01T00:00:00Z,2012-01-01T00:00:00Z
http://www.wikidata.org/entity/Q15820984,http://www.wikidata.org/entity/Q666067,Sportfreunde Lotte,63.0,2014-01-01T00:00:00Z,2016-01-01T00:00:00Z
http://www.wikidata.org/entity/Q15820984,http://www.wikidata.org/entity/Q151747,Fortuna Düsseldorf,51.0,2011-01-01T00:00:00Z,2012-01-01T00:00:00Z
http://www.wikidata.org/entity/Q15820984,http://www.wikidata.org/entity/Q161554,Chemnitzer FC,12.0,2013-01-01T00:00:00Z,2014-01-01T00:00:00Z
http://www.wikidata.org/entity/Q15823125,http://www.wikidata.org/entity/Q105844,DSC Arminia Bielefeld,13.0,1997-01-01T00:00:00Z,2001-01-01T00:00:00Z
http://www.wikidata.org/entity/Q15823125,http://www.wikidata.org/entity/Q318997,VfB Fichte Bielefeld,13.0,2001-01-01T00:00:00Z,2002-01-01T00:00:00Z
http://www.wikidata.org/entity/Q15823125,http://www.wikidata.org/entity/Q2306198,SpVgg Fichte Bielefeld,13.0,1996-01-01T00:00:00Z,1997-01-01T00:00:00Z
http://www.wikidata.org/entity/Q15830830,http://www.wikidata.org/entity/Q19512,Football Club Sochaux-Montbéliard,,2014-01-01T00:00:00Z,2015-01-01T00:00:00Z
http://www.wikidata.org/entity/Q15830830,http://www.wikidata.org/entity/Q732002,Royal Antwerp FC,,2015-01-01T00:00:00Z,
http://www.wikidata.org/entity/Q15830830,http://www.wikidata.org/entity/Q739684,équipe de Martinique de football,,2014-01-01T00:00:00Z,
http://www.wikidata.org/entity/Q15830830,http://www.wikidata.org/entity/Q19512,Football Club Sochaux-Montbéliard,27.0,2013-01-01T00:00:00Z,2015-01-01T00:00:00Z
http://www.wikidata.org/entity/Q15830919,http://www.wikidata.org/entity/Q3873513,équipe d'Italie de football des moins de 18 ans,9.0,2011-01-01T00:00:00Z,2012-01-01T00:00:00Z
http://www.wikidata.org/entity/Q15830919,http://www.wikidata.org/entity/Q922698,équipe d'Italie espoirs de football,,2014-01-01T00:00:00Z,
http://www.wikidata.org/entity/Q15830919,http://www.wikidata.org/entity/Q2266580,équipe d'Italie de football des moins de 19 ans,11.0,2012-01-01T00:00:00Z,2013-01-01T00:00:00Z
http://www.wikidata.org/entity/Q15830919,http://www.wikidata.org/entity/Q1422,Juventus FC,,2015-01-01T00:00:00Z,
http://www.wikidata.org/entity/Q15830919,http://www.wikidata.org/entity/Q3873548,équipe d'Italie de football des moins de 20 ans,2.0,2013-01-01T00:00:00Z,2013-01-01T00:00:00Z
http://www.wikidata.org/entity/Q15830919,http://www.wikidata.org/entity/Q6703,Empoli Football Club,78.0,2013-01-01T00:00:00Z,2015-01-01T00:00:00Z
http://www.wikidata.org/entity/Q15830919,http://www.wikidata.org/entity/Q2331232,équipe d'Italie de football des moins de 17 ans,13.0,2010-01-01T00:00:00Z,2011-01-01T00:00:00Z
http://www.wikidata.org/entity/Q15830923,http://www.wikidata.org/entity/Q198032,EC Bahia,46.0,2013-01-01T00:00:00Z,2015-01-01T00:00:00Z
http://www.wikidata.org/entity/Q15830923,http://www.wikidata.org/entity/Q2402747,équipe du Brésil de football des moins de 17 ans,4.0,2010-01-01T00:00:00Z,2010-01-01T00:00:00Z
http://www.wikidata.org/entity/Q15830923,http://www.wikidata.org/entity/Q1133475,Guarani Futebol Clube,16.0,2011-01-01T00:00:00Z,2011-01-01T00:00:00Z
http://www.wikidata.org/entity/Q14776392,http://www.wikidata.org/entity/Q265570,SSV Jahn Ratisbonne,,2016-01-01T00:00:00Z,
http://www.wikidata.org/entity/Q14776392,http://www.wikidata.org/entity/Q161554,Chemnitzer FC,3.0,2015-01-01T00:00:00Z,2016-01-01T00:00:00Z
http://www.wikidata.org/entity/Q14776392,http://www.wikidata.org/entity/Q15972883,1. FC Köln II,0.0,2010-01-01T00:00:00Z,2011-01-01T00:00:00Z
http://www.wikidata.org/entity/Q14776723,http://www.wikidata.org/entity/Q155730,1. FC Magdebourg,,2015-01-01T00:00:00Z,2016-01-01T00:00:00Z
http://www.wikidata.org/entity/Q14776723,http://www.wikidata.org/entity/Q101859,VfL Wolfsburg,12.0,2009-01-01T00:00:00Z,2011-01-01T00:00:00Z
http://www.wikidata.org/entity/Q14776723,http://www.wikidata.org/entity/Q556570,Ankaraspor,10.0,2013-01-01T00:00:00Z,2015-01-01T00:00:00Z
http://www.wikidata.org/entity/Q14776723,http://www.wikidata.org/entity/Q692704,Berliner AK 07,60.0,2011-01-01T00:00:00Z,2013-01-01T00:00:00Z
http://www.wikidata.org/entity/Q14776723,http://www.wikidata.org/entity/Q1351014,Bugsaş Spor,35.0,2014-01-01T00:00:00Z,2015-01-01T00:00:00Z
http://www.wikidata.org/entity/Q14806392,http://www.wikidata.org/entity/Q8835,RCD Majorque,123.0,2019-07-01T00:00:00Z,
http://www.wikidata.org/entity/Q14806392,http://www.wikidata.org/entity/Q16850254,équipe de Slovaquie de football des moins de 18 ans,,2013-04-10T00:00:00Z,2013-04-12T00:00:00Z
http://www.wikidata.org/entity/Q14806392,http://www.wikidata.org/entity/Q2037,Associazione Calcio ChievoVerona,,2017-08-30T00:00:00Z,2019-07-01T00:00:00Z
http://www.wikidata.org/entity/Q14806392,http://www.wikidata.org/entity/Q1969085,équipe de Slovaquie espoirs de football,19.0,2013-01-01T00:00:00Z,2017-06-22T00:00:00Z
http://www.wikidata.org/entity/Q14806392,http://www.wikidata.org/entity/Q8623,Ternana Unicusano Calcio,105.0,2013-07-01T00:00:00Z,2017-08-30T00:00:00Z
http://www.wikidata.org/entity/Q14806392,http://www.wikidata.org/entity/Q14749501,équipe de Slovaquie de football des moins de 19 ans,14.0,2011-01-01T00:00:00Z,2014-01-01T00:00:00Z
http://www.wikidata.org/entity/Q14806392,http://www.wikidata.org/entity/Q8623,Ternana Unicusano Calcio,39.0,2017-08-31T00:00:00Z,2018-06-30T00:00:00Z
http://www.wikidata.org/entity/Q14806392,http://www.wikidata.org/entity/Q174512,équipe de Slovaquie de football,13.0,2018-05-31T00:00:00Z,2022-09-25T00:00:00Z
http://www.wikidata.org/entity/Q14806392,http://www.wikidata.org/entity/Q8835,RCD Majorque,35.0,2018-08-28T00:00:00Z,2019-06-30T00:00:00Z
http://www.wikidata.org/entity/Q14806392,http://www.wikidata.org/entity/Q15100696,équipe de Slovaquie de football des moins de 20 ans,,2015-06-11T00:00:00Z,2015-06-11T00:00:00Z
http://www.wikidata.org/entity/Q14806392,http://www.wikidata.org/entity/Q1356582,MFK Dubnica,14.0,2012-01-01T00:00:00Z,2013-07-05T00:00:00Z
http://www.wikidata.org/entity/Q15054979,http://www.wikidata.org/entity/Q2662902,Bishop's Stortford F.C.,3.0,2015-01-01T00:00:00Z,2016-01-01T00:00:00Z
http://www.wikidata.org/entity/Q15054979,http://www.wikidata.org/entity/Q18732,Southampton FC,0.0,2013-01-01T00:00:00Z,2015-01-01T00:00:00Z
http://www.wikidata.org/entity/Q15054979,http://www.wikidata.org/entity/Q4898087,Bethnal Green United F.C.,7.0,2015-01-01T00:00:00Z,2015-01-01T00:00:00Z
http://www.wikidata.org/entity/Q15054986,http://www.wikidata.org/entity/Q192597,Hibernian F.C.,3.0,2014-01-01T00:00:00Z,2015-01-01T00:00:00Z
http://www.wikidata.org/entity/Q15054986,http://www.wikidata.org/entity/Q5505739,Frome Town F.C.,,2015-01-01T00:00:00Z,
http://www.wikidata.org/entity/Q15054986,http://www.wikidata.org/entity/Q18732,Southampton FC,0.0,2013-01-01T00:00:00Z,2015-01-01T00:00:00Z
http://www.wikidata.org/entity/Q15061357,http://www.wikidata.org/entity/Q639472,Goslarer SC 08,30.0,2010-01-01T00:00:00Z,2011-01-01T00:00:00Z
http://www.wikidata.org/entity/Q15061357,http://www.wikidata.org/entity/Q479296,FC Schönberg 95,,2015-01-01T00:00:00Z,
http://www.wikidata.org/entity/Q15061357,http://www.wikidata.org/entity/Q142005,FC Hansa Rostock,,2013-01-01T00:00:00Z,
http://www.wikidata.org/entity/Q15061357,http://www.wikidata.org/entity/Q142005,FC Hansa Rostock,,2011-01-01T00:00:00Z,
http://www.wikidata.org/entity/Q15061357,http://www.wikidata.org/entity/Q142005,FC Hansa Rostock,136.0,2005-01-01T00:00:00Z,2010-01-01T00:00:00Z
http://www.wikidata.org/entity/Q15077771,http://www.wikidata.org/entity/Q159930,BFC Dynamo,,2015-01-01T00:00:00Z,
http://www.wikidata.org/entity/Q15077771,http://www.wikidata.org/entity/Q142005,FC Hansa Rostock,39.0,2013-01-01T00:00:00Z,2015-01-01T00:00:00Z
http://www.wikidata.org/entity/Q15077771,http://www.wikidata.org/entity/Q33748,Hanovre 96,0.0,2012-01-01T00:00:00Z,2013-01-01T00:00:00Z
http://www.wikidata.org/entity/Q15081255,http://www.wikidata.org/entity/Q1344163,équipe de France de football des moins de 20 ans,,2014-01-01T00:00:00Z,
http://www.wikidata.org/entity/Q15081255,http://www.wikidata.org/entity/Q172476,Girondins de Bordeaux,16.0,2013-01-01T00:00:00Z,2015-01-01T00:00:00Z
http://www.wikidata.org/entity/Q15081255,http://www.wikidata.org/entity/Q2701714,équipe de France de football des moins de 19 ans,3.0,2013-01-01T00:00:00Z,2013-01-01T00:00:00Z
http://www.wikidata.org/entity/Q15081255,http://www.wikidata.org/entity/Q522283,Red Star FC,,2015-01-01T00:00:00Z,
http://www.wikidata.org/entity/Q15084554,http://www.wikidata.org/entity/Q19458,Burnley FC,,2018-01-09T00:00:00Z,2018-05-31T00:00:00Z
http://www.wikidata.org/entity/Q15084554,http://www.wikidata.org/entity/Q1277549,équipe de France espoirs de football,4.0,2015-01-01T00:00:00Z,2015-01-01T00:00:00Z
http://www.wikidata.org/entity/Q15084554,http://www.wikidata.org/entity/Q1450568,équipe de France de football des moins de 17 ans,3.0,2012-01-01T00:00:00Z,2012-01-01T00:00:00Z
http://www.wikidata.org/entity/Q15084554,http://www.wikidata.org/entity/Q18741,Tottenham Hotspur,,2016-08-31T00:00:00Z,
http://www.wikidata.org/entity/Q15084554,http://www.wikidata.org/entity/Q2701714,équipe de France de football des moins de 19 ans,2.0,2013-01-01T00:00:00Z,2013-01-01T00:00:00Z
http://www.wikidata.org/entity/Q15084554,http://www.wikidata.org/entity/Q1344163,équipe de France de football des moins de 20 ans,1.0,2014-01-01T00:00:00Z,2014-01-01T00:00:00Z
http://www.wikidata.org/entity/Q15084554,http://www.wikidata.org/entity/Q132885,Olympique de Marseille,,2015-07-01T00:00:00Z,2016-08-31T00:00:00Z
http://www.wikidata.org/entity/Q15084554,http://www.wikidata.org/entity/Q192071,Football Club de Nantes,34.0,2013-01-01T00:00:00Z,2015-01-01T00:00:00Z
http://www.wikidata.org/entity/Q15084554,http://www.wikidata.org/entity/Q180305,AS Monaco FC,,2019-01-31T00:00:00Z,2019-06-30T00:00:00Z
http://www.wikidata.org/entity/Q15110613,http://www.wikidata.org/entity/Q770740,SD Eibar,,2016-01-01T00:00:00Z,
http://www.wikidata.org/entity/Q15110613,http://www.wikidata.org/entity/Q2018,Catania Football Club,14.0,2014-01-01T00:00:00Z,2015-01-01T00:00:00Z
http://www.wikidata.org/entity/Q15110613,http://www.wikidata.org/entity/Q2018,Catania Football Club,12.0,2015-01-01T00:00:00Z,2016-01-01T00:00:00Z
http://www.wikidata.org/entity/Q15110613,http://www.wikidata.org/entity/Q170703,Boca Juniors,11.0,2013-01-01T00:00:00Z,2015-01-01T00:00:00Z
http://www.wikidata.org/entity/Q15110613,http://www.wikidata.org/entity/Q770740,SD Eibar,16.0,2015-01-01T00:00:00Z,2016-01-01T00:00:00Z
http://www.wikidata.org/entity/Q15117587,http://www.wikidata.org/entity/Q6748,Società Sportiva Juve Stabia,15.0,2013-01-01T00:00:00Z,2013-01-01T00:00:00Z
http://www.wikidata.org/entity/Q15117587,http://www.wikidata.org/entity/Q944876,Calcio Lecco,35.0,2008-01-01T00:00:00Z,2011-01-01T00:00:00Z
http://www.wikidata.org/entity/Q15117587,http://www.wikidata.org/entity/Q2254067,Associazione Calcio Mezzocorona,12.0,2009-01-01T00:00:00Z,2009-01-01T00:00:00Z
http://www.wikidata.org/entity/Q15117587,http://www.wikidata.org/entity/Q8416,Novara Calcio,26.0,2014-01-01T00:00:00Z,2015-01-01T00:00:00Z
http://www.wikidata.org/entity/Q15117587,http://www.wikidata.org/entity/Q6703,Empoli Football Club,1.0,2015-01-01T00:00:00Z,2015-01-01T00:00:00Z
http://www.wikidata.org/entity/Q15117587,http://www.wikidata.org/entity/Q6748,Società Sportiva Juve Stabia,12.0,2013-01-01T00:00:00Z,2014-01-01T00:00:00Z
http://www.wikidata.org/entity/Q15117587,http://www.wikidata.org/entity/Q29390,ACR Messine,16.0,2015-01-01T00:00:00Z,
http://www.wikidata.org/entity/Q15117587,http://www.wikidata.org/entity/Q6703,Empoli Football Club,,2014-01-01T00:00:00Z,2014-01-01T00:00:00Z
http://www.wikidata.org/entity/Q15117587,http://www.wikidata.org/entity/Q2254067,Associazione Calcio Mezzocorona,12.0,2008-01-01T00:00:00Z,2008-01-01T00:00:00Z
http://www.wikidata.org/entity/Q15117587,http://www.wikidata.org/entity/Q6673,Associazione Sportiva Cittadella,39.0,2011-01-01T00:00:00Z,2013-01-01T00:00:00Z
http://www.wikidata.org/entity/Q15117587,http://www.wikidata.org/entity/Q2037,Associazione Calcio ChievoVerona,0.0,2013-01-01T00:00:00Z,2014-01-01T00:00:00Z
http://www.wikidata.org/entity/Q15147738,http://www.wikidata.org/entity/Q18662,Cardiff City F.C.,0.0,2013-01-01T00:00:00Z,2015-01-01T00:00:00Z
http://www.wikidata.org/entity/Q15147738,http://www.wikidata.org/entity/Q368016,Elche CF Ilicitano,,2015-01-01T00:00:00Z,
http://www.wikidata.org/entity/Q15147738,http://www.wikidata.org/entity/Q420106,Club Atlético Progreso,18.0,2012-01-01T00:00:00Z,2013-01-01T00:00:00Z
http://www.wikidata.org/entity/Q15147738,http://www.wikidata.org/entity/Q2442864,équipe d'Uruguay de football des moins de 20 ans,,2013-01-01T00:00:00Z,
http://www.wikidata.org/entity/Q15147738,http://www.wikidata.org/entity/Q10512,Elche CF,,2016-01-01T00:00:00Z,
http://www.wikidata.org/entity/Q15147738,http://www.wikidata.org/entity/Q499616,Club Nacional,0.0,2012-01-01T00:00:00Z,2013-01-01T00:00:00Z
http://www.wikidata.org/entity/Q15147738,http://www.wikidata.org/entity/Q2442864,équipe d'Uruguay de football des moins de 20 ans,,2012-01-01T00:00:00Z,
http://www.wikidata.org/entity/Q15224712,http://www.wikidata.org/entity/Q610621,Carpi Football Club 1909,0.0,2015-01-01T00:00:00Z,2015-01-01T00:00:00Z
http://www.wikidata.org/entity/Q15224712,http://www.wikidata.org/entity/Q844238,Defensor Sporting Club,40.0,2013-01-01T00:00:00Z,2015-01-01T00:00:00Z
http://www.wikidata.org/entity/Q15224712,http://www.wikidata.org/entity/Q188277,Cruzeiro EC,,2016-01-01T00:00:00Z,
http://www.wikidata.org/entity/Q15224712,http://www.wikidata.org/entity/Q2442864,équipe d'Uruguay de football des moins de 20 ans,,2012-01-01T00:00:00Z,
http://www.wikidata.org/entity/Q15224712,http://www.wikidata.org/entity/Q2442864,équipe d'Uruguay de football des moins de 20 ans,7.0,2013-01-01T00:00:00Z,2013-01-01T00:00:00Z
http://www.wikidata.org/entity/Q15273217,http://www.wikidata.org/entity/Q7387221,S.L. Benfica B,66.0,2014-01-01T00:00:00Z,2019-01-01T00:00:00Z
http://www.wikidata.org/entity/Q15273217,http://www.wikidata.org/entity/Q105861,VfL Bochum,17.0,2016-01-01T00:00:00Z,2017-01-01T00:00:00Z
http://www.wikidata.org/entity/Q15273217,http://www.wikidata.org/entity/Q734785,Lechia Gdańsk,34.0,2012-01-01T00:00:00Z,2014-01-01T00:00:00Z
http://www.wikidata.org/entity/Q15273217,http://www.wikidata.org/entity/Q8639,Hellas Vérone Football Club,139.0,2019-01-01T00:00:00Z,2025-01-01T00:00:00Z
http://www.wikidata.org/entity/Q15273217,http://www.wikidata.org/entity/Q1780231,équipe de Pologne espoirs de football,11.0,2014-01-01T00:00:00Z,2017-01-01T00:00:00Z
http://www.wikidata.org/entity/Q15273217,http://www.wikidata.org/entity/Q166196,équipe de Pologne de football,17.0,2015-01-01T00:00:00Z,
http://www.wikidata.org/entity/Q15273217,http://www.wikidata.org/entity/Q3873552,équipe de Pologne de football des moins de 20 ans,4.0,2014-01-01T00:00:00Z,2015-01-01T00:00:00Z
http://www.wikidata.org/entity/Q15273217,http://www.wikidata.org/entity/Q2674,Palermo F.C.,27.0,2017-01-01T00:00:00Z,2018-01-01T00:00:00Z
http://www.wikidata.org/entity/Q15273217,http://www.wikidata.org/entity/Q3873519,équipe de Pologne de football des moins de 18 ans,4.0,2013-01-01T00:00:00Z,2013-01-01T00:00:00Z
http://www.wikidata.org/entity/Q15273217,http://www.wikidata.org/entity/Q8639,Hellas Vérone Football Club,28.0,2018-01-01T00:00:00Z,2019-01-01T00:00:00Z
http://www.wikidata.org/entity/Q15273217,http://www.wikidata.org/entity/Q2670674,équipe de Pologne de football des moins de 19 ans,3.0,2013-01-01T00:00:00Z,2013-01-01T00:00:00Z
http://www.wikidata.org/entity/Q15410530,http://www.wikidata.org/entity/Q1957273,UD Villa de Santa Brígida,5.0,2009-01-01T00:00:00Z,2010-01-01T00:00:00Z
http://www.wikidata.org/entity/Q15410530,http://www.wikidata.org/entity/Q655749,UD Vecindario,,2010-01-01T00:00:00Z,2011-01-01T00:00:00Z
http://www.wikidata.org/entity/Q15410530,http://www.wikidata.org/entity/Q655749,UD Vecindario,3.0,2011-01-01T00:00:00Z,2012-01-01T00:00:00Z
http://www.wikidata.org/entity/Q15410530,http://www.wikidata.org/entity/Q11979,Unión Deportiva Las Palmas,52.0,2013-01-01T00:00:00Z,
http://www.wikidata.org/entity/Q15431979,http://www.wikidata.org/entity/Q8466,1. FC Kaiserslautern,,2015-01-01T00:00:00Z,
http://www.wikidata.org/entity/Q15431979,http://www.wikidata.org/entity/Q4545849,FC Nuremberg II,59.0,2012-01-01T00:00:00Z,2015-01-01T00:00:00Z
http://www.wikidata.org/entity/Q15431979,http://www.wikidata.org/entity/Q734785,Lechia Gdańsk,30.0,2014-01-01T00:00:00Z,2015-01-01T00:00:00Z
http://www.wikidata.org/entity/Q15431979,http://www.wikidata.org/entity/Q105853,Karlsruher SC,1.0,2012-01-01T00:00:00Z,2012-01-01T00:00:00Z
http://www.wikidata.org/entity/Q15431979,http://www.wikidata.org/entity/Q5187078,équipe de Croatie de football des moins de 20 ans,3.0,2011-01-01T00:00:00Z,2012-01-01T00:00:00Z
http://www.wikidata.org/entity/Q15431979,http://www.wikidata.org/entity/Q18704184,Karlsruher SC II,1.0,2011-01-01T00:00:00Z,2012-01-01T00:00:00Z
http://www.wikidata.org/entity/Q15431979,http://www.wikidata.org/entity/Q15786,1. FC Nuremberg,7.0,2013-01-01T00:00:00Z,2015-01-01T00:00:00Z
http://www.wikidata.org/entity/Q15431979,http://www.wikidata.org/entity/Q22707,TSG 1899 Hoffenheim,,2015-01-01T00:00:00Z,
http://www.wikidata.org/entity/Q15273217,http://www.wikidata.org/entity/Q287236,Raków Częstochowa,10.0,2026-01-01T00:00:00Z,2026-01-01T00:00:00Z
http://www.wikidata.org/entity/Q15273217,http://www.wikidata.org/entity/Q8639,Hellas Vérone Football Club,0.0,2026-08-01T00:00:00Z,
http://www.wikidata.org/entity/Q16207162,http://www.wikidata.org/entity/Q319136,St Mirren Football Club,14.0,2018-01-01T00:00:00Z,2018-01-01T00:00:00Z
http://www.wikidata.org/entity/Q16207162,http://www.wikidata.org/entity/Q822722,Partick Thistle FC,106.0,2015-01-01T00:00:00Z,2018-01-01T00:00:00Z
http://www.wikidata.org/entity/Q16207162,http://www.wikidata.org/entity/Q202093,Heart of Midlothian Football Club,5.0,2018-01-01T00:00:00Z,2019-01-01T00:00:00Z
http://www.wikidata.org/entity/Q16207162,http://www.wikidata.org/entity/Q48929,Burton Albion Football Club,90.0,2019-01-01T00:00:00Z,2021-01-01T00:00:00Z
http://www.wikidata.org/entity/Q16207162,http://www.wikidata.org/entity/Q3589775,équipe d'Australie de football des moins de 23 ans,18.0,2014-01-01T00:00:00Z,2016-01-01T00:00:00Z
http://www.wikidata.org/entity/Q16208631,http://www.wikidata.org/entity/Q191843,RC Lens,,2015-01-01T00:00:00Z,
http://www.wikidata.org/entity/Q16208631,http://www.wikidata.org/entity/Q333838,Thonon Évian Grand Genève Football Club,4.0,2013-01-01T00:00:00Z,2015-01-01T00:00:00Z
http://www.wikidata.org/entity/Q16211909,http://www.wikidata.org/entity/Q18521,Macclesfield Town Football Club,0.0,2012-01-01T00:00:00Z,2012-01-01T00:00:00Z
http://www.wikidata.org/entity/Q16211909,http://www.wikidata.org/entity/Q18721,Norwich City FC,0.0,2010-01-01T00:00:00Z,2012-01-01T00:00:00Z
http://www.wikidata.org/entity/Q16211909,http://www.wikidata.org/entity/Q7058582,équipe d'Irlande du Nord de football des moins de 19 ans,3.0,2011-01-01T00:00:00Z,2011-01-01T00:00:00Z
http://www.wikidata.org/entity/Q16211909,http://www.wikidata.org/entity/Q4094837,Boreham Wood F.C.,21.0,2013-01-01T00:00:00Z,2014-01-01T00:00:00Z
http://www.wikidata.org/entity/Q16211909,http://www.wikidata.org/entity/Q2978308,Farnborough F.C.,18.0,2014-01-01T00:00:00Z,2014-01-01T00:00:00Z
http://www.wikidata.org/entity/Q16211909,http://www.wikidata.org/entity/Q2978308,Farnborough F.C.,7.0,2013-01-01T00:00:00Z,2013-01-01T00:00:00Z
http://www.wikidata.org/entity/Q16211909,http://www.wikidata.org/entity/Q2978308,Farnborough F.C.,,2016-01-01T00:00:00Z,
http://www.wikidata.org/entity/Q16211909,http://www.wikidata.org/entity/Q1998181,équipe d'Irlande du Nord espoirs de football,6.0,2011-01-01T00:00:00Z,2013-01-01T00:00:00Z
http://www.wikidata.org/entity/Q16211909,http://www.wikidata.org/entity/Q9437,Wealdstone Football Club,,2014-01-01T00:00:00Z,
http://www.wikidata.org/entity/Q16211909,http://www.wikidata.org/entity/Q9426,Stevenage FC,2.0,2012-01-01T00:00:00Z,2014-01-01T00:00:00Z
http://www.wikidata.org/entity/Q16211909,http://www.wikidata.org/entity/Q3589826,équipe d'Irlande du Nord de football des moins de 17 ans,6.0,2010-01-01T00:00:00Z,2011-01-01T00:00:00Z
http://www.wikidata.org/entity/Q16212543,http://www.wikidata.org/entity/Q956520,Bermeo FT,37.0,1999-01-01T00:00:00Z,2000-01-01T00:00:00Z
http://www.wikidata.org/entity/Q16212543,http://www.wikidata.org/entity/Q824450,APO Levadiakos,33.0,2009-01-01T00:00:00Z,2011-01-01T00:00:00Z
http://www.wikidata.org/entity/Q16212543,http://www.wikidata.org/entity/Q527487,Alicante CF,14.0,2001-01-01T00:00:00Z,2001-01-01T00:00:00Z
http://www.wikidata.org/entity/Q16212543,http://www.wikidata.org/entity/Q727093,Club Deportivo Basconia,,1996-01-01T00:00:00Z,1997-01-01T00:00:00Z
http://www.wikidata.org/entity/Q16212543,http://www.wikidata.org/entity/Q933676,Gernika Club,30.0,1998-01-01T00:00:00Z,1999-01-01T00:00:00Z
http://www.wikidata.org/entity/Q16212543,http://www.wikidata.org/entity/Q12249,Recreativo de Huelva,153.0,2001-01-01T00:00:00Z,2006-01-01T00:00:00Z
http://www.wikidata.org/entity/Q16212543,http://www.wikidata.org/entity/Q697509,Amurrio CF,41.0,2000-01-01T00:00:00Z,2001-01-01T00:00:00Z
http://www.wikidata.org/entity/Q16212543,http://www.wikidata.org/entity/Q576285,Albacete Balompié,73.0,2007-01-01T00:00:00Z,2009-01-01T00:00:00Z
http://www.wikidata.org/entity/Q16212543,http://www.wikidata.org/entity/Q794970,Athletic Bilbao B,13.0,1997-01-01T00:00:00Z,1998-01-01T00:00:00Z
http://www.wikidata.org/entity/Q16212543,http://www.wikidata.org/entity/Q239049,Lorca Deportiva CF,21.0,2006-01-01T00:00:00Z,2007-01-01T00:00:00Z
http://www.wikidata.org/entity/Q16212543,http://www.wikidata.org/entity/Q1525574,Thrasývoulos Fylís,16.0,2012-01-01T00:00:00Z,2012-01-01T00:00:00Z
http://www.wikidata.org/entity/Q16217281,http://www.wikidata.org/entity/Q8780,RCD Espanyol,0.0,1999-01-01T00:00:00Z,1999-01-01T00:00:00Z
http://www.wikidata.org/entity/Q16217281,http://www.wikidata.org/entity/Q742953,UE Figueres,140.0,2000-01-01T00:00:00Z,2004-01-01T00:00:00Z
http://www.wikidata.org/entity/Q16217281,http://www.wikidata.org/entity/Q856024,Club Esportiu Europa,,2005-01-01T00:00:00Z,2009-01-01T00:00:00Z
http://www.wikidata.org/entity/Q16217281,http://www.wikidata.org/entity/Q3160759,CE Mataró,,2004-01-01T00:00:00Z,2005-01-01T00:00:00Z
http://www.wikidata.org/entity/Q16217281,http://www.wikidata.org/entity/Q2701803,AE Prat,,2009-01-01T00:00:00Z,
http://www.wikidata.org/entity/Q16223355,http://www.wikidata.org/entity/Q4651213,AD Adra,,2003-01-01T00:00:00Z,2004-01-01T00:00:00Z
http://www.wikidata.org/entity/Q16223355,http://www.wikidata.org/entity/Q290881,Águilas CF,60.0,2006-01-01T00:00:00Z,2008-01-01T00:00:00Z
http://www.wikidata.org/entity/Q16223355,http://www.wikidata.org/entity/Q847077,club sportif de l'île de San Fernando S.A.D,27.0,2013-01-01T00:00:00Z,2014-01-01T00:00:00Z
http://www.wikidata.org/entity/Q16223355,http://www.wikidata.org/entity/Q1387287,La Roda CF,24.0,2012-01-01T00:00:00Z,2013-01-01T00:00:00Z
http://www.wikidata.org/entity/Q16223355,http://www.wikidata.org/entity/Q7864294,UD Socuéllamos,,2014-01-01T00:00:00Z,
http://www.wikidata.org/entity/Q16223355,http://www.wikidata.org/entity/Q2569964,UD Almería B,32.0,2005-01-01T00:00:00Z,2008-01-01T00:00:00Z
http://www.wikidata.org/entity/Q16223355,http://www.wikidata.org/entity/Q10407,UD Almería,1.0,2006-01-01T00:00:00Z,2008-01-01T00:00:00Z
http://www.wikidata.org/entity/Q16223355,http://www.wikidata.org/entity/Q849271,Pontevedra CF,25.0,2008-01-01T00:00:00Z,2009-01-01T00:00:00Z
http://www.wikidata.org/entity/Q16223355,http://www.wikidata.org/entity/Q856148,UD Puertollano,80.0,2009-01-01T00:00:00Z,2012-01-01T00:00:00Z
http://www.wikidata.org/entity/Q16223627,http://www.wikidata.org/entity/Q18518,Kidderminster Harriers Football Club,7.0,2004-01-01T00:00:00Z,2005-01-01T00:00:00Z
http://www.wikidata.org/entity/Q16223627,http://www.wikidata.org/entity/Q6418070,Poole Town F.C.,,2015-01-01T00:00:00Z,
http://www.wikidata.org/entity/Q16223627,http://www.wikidata.org/entity/Q2975925,Dorchester Town FC,,2006-01-01T00:00:00Z,2015-01-01T00:00:00Z
http://www.wikidata.org/entity/Q16223627,http://www.wikidata.org/entity/Q18732,Southampton FC,0.0,2002-01-01T00:00:00Z,2004-01-01T00:00:00Z
http://www.wikidata.org/entity/Q16223627,http://www.wikidata.org/entity/Q2303493,Eastleigh Football Club,3.0,2005-01-01T00:00:00Z,2006-01-01T00:00:00Z
http://www.wikidata.org/entity/Q16229595,http://www.wikidata.org/entity/Q3076548,Football Club Villefranche Beaujolais,,2017-01-01T00:00:00Z,2021-01-01T00:00:00Z
http://www.wikidata.org/entity/Q16229595,http://www.wikidata.org/entity/Q845067,LB Châteauroux,,2016-01-01T00:00:00Z,2017-01-01T00:00:00Z
http://www.wikidata.org/entity/Q16229595,http://www.wikidata.org/entity/Q222837,Athlétic Club arlésien,,2014-01-01T00:00:00Z,2015-01-01T00:00:00Z
http://www.wikidata.org/entity/Q16229595,http://www.wikidata.org/entity/Q3924852,Olympique lyonnais B,66.0,2010-01-01T00:00:00Z,2013-01-01T00:00:00Z
http://www.wikidata.org/entity/Q16229595,http://www.wikidata.org/entity/Q3076567,Football Club de Chambly Oise,,2017-01-01T00:00:00Z,2017-01-01T00:00:00Z
http://www.wikidata.org/entity/Q16229595,http://www.wikidata.org/entity/Q3076548,Football Club Villefranche Beaujolais,,2022-01-01T00:00:00Z,
http://www.wikidata.org/entity/Q16229595,http://www.wikidata.org/entity/Q74030,Football Bourg-en-Bresse Péronnas 01,,2021-01-01T00:00:00Z,2022-01-01T00:00:00Z
http://www.wikidata.org/entity/Q16229595,http://www.wikidata.org/entity/Q333838,Thonon Évian Grand Genève Football Club,10.0,2013-01-01T00:00:00Z,2014-01-01T00:00:00Z
http://www.wikidata.org/entity/Q16230145,http://www.wikidata.org/entity/Q289713,Rimini Football Club,3.0,2013-01-01T00:00:00Z,2014-01-01T00:00:00Z
http://www.wikidata.org/entity/Q16230145,http://www.wikidata.org/entity/Q2710,Delfino Pescara,2.0,2013-01-01T00:00:00Z,2013-01-01T00:00:00Z
http://www.wikidata.org/entity/Q16230145,http://www.wikidata.org/entity/Q1948889,Vigor Lamezia,,2011-01-01T00:00:00Z,
http://www.wikidata.org/entity/Q16230153,http://www.wikidata.org/entity/Q7301099,Real Vicenza,3.0,2013-01-01T00:00:00Z,2014-01-01T00:00:00Z
http://www.wikidata.org/entity/Q16230153,http://www.wikidata.org/entity/Q2756,Sienne FC,0.0,2012-01-01T00:00:00Z,2014-01-01T00:00:00Z
http://www.wikidata.org/entity/Q16230153,http://www.wikidata.org/entity/Q1416763,US Gavorrano,0.0,2013-01-01T00:00:00Z,2013-01-01T00:00:00Z
http://www.wikidata.org/entity/Q16230153,http://www.wikidata.org/entity/Q2176062,Associazione Calcio Bellaria Igea Marina,3.0,2012-01-01T00:00:00Z,2013-01-01T00:00:00Z
http://www.wikidata.org/entity/Q16231328,http://www.wikidata.org/entity/Q218282,CA San Lorenzo,10.0,2012-01-01T00:00:00Z,2013-01-01T00:00:00Z
http://www.wikidata.org/entity/Q16231328,http://www.wikidata.org/entity/Q1074980,Club Olimpo,67.0,2007-01-01T00:00:00Z,2014-01-01T00:00:00Z
http://www.wikidata.org/entity/Q16231328,http://www.wikidata.org/entity/Q324589,CA Lanús,,2014-01-01T00:00:00Z,
http://www.wikidata.org/entity/Q16231328,http://www.wikidata.org/entity/Q770740,SD Eibar,0.0,2014-01-01T00:00:00Z,2014-01-01T00:00:00Z
http://www.wikidata.org/entity/Q16232770,http://www.wikidata.org/entity/Q18659,Swansea City AFC,,2017-07-01T00:00:00Z,2018-01-01T00:00:00Z
http://www.wikidata.org/entity/Q16232770,http://www.wikidata.org/entity/Q855199,Club Deportivo Atlético Baleares,33.0,2012-01-01T00:00:00Z,2013-01-01T00:00:00Z
http://www.wikidata.org/entity/Q16232770,http://www.wikidata.org/entity/Q32538,Atlético Levante UD,70.0,2007-01-01T00:00:00Z,2009-01-01T00:00:00Z
http://www.wikidata.org/entity/Q16232770,http://www.wikidata.org/entity/Q11979,Unión Deportiva Las Palmas,93.0,2011-07-01T00:00:00Z,2017-06-30T00:00:00Z
http://www.wikidata.org/entity/Q16232770,http://www.wikidata.org/entity/Q5010143,CD Tenerife B,16.0,2010-01-01T00:00:00Z,2010-01-01T00:00:00Z
http://www.wikidata.org/entity/Q16232770,http://www.wikidata.org/entity/Q4651225,AD Huracán,,2009-01-01T00:00:00Z,2010-01-01T00:00:00Z
http://www.wikidata.org/entity/Q16232770,http://www.wikidata.org/entity/Q10329,Sevilla Fútbol Club,,2018-01-01T00:00:00Z,
http://www.wikidata.org/entity/Q16232938,http://www.wikidata.org/entity/Q2310295,équipe d'Espagne de football des moins de 17 ans,9.0,2006-01-01T00:00:00Z,2006-01-01T00:00:00Z
http://www.wikidata.org/entity/Q16232938,http://www.wikidata.org/entity/Q20088594,Puerto Rico FC,,2016-01-01T00:00:00Z,
http://www.wikidata.org/entity/Q16232938,http://www.wikidata.org/entity/Q3873503,équipe d'Espagne de football des moins de 16 ans,4.0,2004-01-01T00:00:00Z,2005-01-01T00:00:00Z
http://www.wikidata.org/entity/Q16232938,http://www.wikidata.org/entity/Q2128712,CD Teruel,16.0,2013-01-01T00:00:00Z,2013-01-01T00:00:00Z
http://www.wikidata.org/entity/Q16232938,http://www.wikidata.org/entity/Q3289986,Gjøvik FF,1.0,2013-01-01T00:00:00Z,2013-01-01T00:00:00Z
http://www.wikidata.org/entity/Q16232938,http://www.wikidata.org/entity/Q6334727,Ottawa Fury FC,19.0,2014-01-01T00:00:00Z,2014-01-01T00:00:00Z
http://www.wikidata.org/entity/Q16232938,http://www.wikidata.org/entity/Q31533,NK Celje,34.0,2015-01-01T00:00:00Z,2015-01-01T00:00:00Z
http://www.wikidata.org/entity/Q16232938,http://www.wikidata.org/entity/Q5424990,FC Jove Español San Vicente,,2012-01-01T00:00:00Z,2013-01-01T00:00:00Z
http://www.wikidata.org/entity/Q16232938,http://www.wikidata.org/entity/Q8835,RCD Majorque,52.0,2009-01-01T00:00:00Z,2011-01-01T00:00:00Z
http://www.wikidata.org/entity/Q16232938,http://www.wikidata.org/entity/Q576285,Albacete Balompié,1.0,2011-01-01T00:00:00Z,2012-01-01T00:00:00Z
http://www.wikidata.org/entity/Q16233072,http://www.wikidata.org/entity/Q3487463,Società Sportiva Milazzo,24.0,2010-01-01T00:00:00Z,2011-01-01T00:00:00Z
http://www.wikidata.org/entity/Q16233072,http://www.wikidata.org/entity/Q2271138,Cassino 1924,3.0,2010-01-01T00:00:00Z,2010-01-01T00:00:00Z
http://www.wikidata.org/entity/Q16233072,http://www.wikidata.org/entity/Q2031462,U.S. Pro Melfi,32.0,2012-01-01T00:00:00Z,2013-01-01T00:00:00Z
http://www.wikidata.org/entity/Q16233072,http://www.wikidata.org/entity/Q2874234,Aversa Normanna,,2013-01-01T00:00:00Z,
http://www.wikidata.org/entity/Q16233072,http://www.wikidata.org/entity/Q2018,Catania Football Club,0.0,2009-01-01T00:00:00Z,2013-01-01T00:00:00Z
http://www.wikidata.org/entity/Q16233072,http://www.wikidata.org/entity/Q297680,Associazione Sportiva Giovanile Nocerina,0.0,2011-01-01T00:00:00Z,2012-01-01T00:00:00Z
http://www.wikidata.org/entity/Q16233378,http://www.wikidata.org/entity/Q912438,NK Bela Krajina,15.0,2010-01-01T00:00:00Z,2010-01-01T00:00:00Z
http://www.wikidata.org/entity/Q16233378,http://www.wikidata.org/entity/Q8639,Hellas Vérone Football Club,0.0,2012-01-01T00:00:00Z,2014-01-01T00:00:00Z
http://www.wikidata.org/entity/Q16233378,http://www.wikidata.org/entity/Q637514,ND Gorica,,2015-01-01T00:00:00Z,
http://www.wikidata.org/entity/Q16233378,http://www.wikidata.org/entity/Q16250474,ND Adria,,2011-01-01T00:00:00Z,2011-01-01T00:00:00Z
http://www.wikidata.org/entity/Q16233378,http://www.wikidata.org/entity/Q637514,ND Gorica,38.0,2007-01-01T00:00:00Z,2012-01-01T00:00:00Z
http://www.wikidata.org/entity/Q16233378,http://www.wikidata.org/entity/Q752483,Unione Calcio Albinoleffe,14.0,2012-01-01T00:00:00Z,2013-01-01T00:00:00Z
http://www.wikidata.org/entity/Q16233378,http://www.wikidata.org/entity/Q633521,FC Lugano,5.0,2014-01-01T00:00:00Z,2014-01-01T00:00:00Z
http://www.wikidata.org/entity/Q16233378,http://www.wikidata.org/entity/Q521360,Paganese Calcio 1926,17.0,2013-01-01T00:00:00Z,2014-01-01T00:00:00Z
http://www.wikidata.org/entity/Q16236719,http://www.wikidata.org/entity/Q172476,Girondins de Bordeaux,,2013-01-01T00:00:00Z,2015-01-01T00:00:00Z
http://www.wikidata.org/entity/Q16236719,http://www.wikidata.org/entity/Q172476,Girondins de Bordeaux,2.0,2014-01-01T00:00:00Z,2015-01-01T00:00:00Z
http://www.wikidata.org/entity/Q16236916,http://www.wikidata.org/entity/Q3590324,équipe de Roumanie de football des moins de 17 ans,3.0,2011-01-01T00:00:00Z,2011-01-01T00:00:00Z
http://www.wikidata.org/entity/Q16236916,http://www.wikidata.org/entity/Q79380,Hangzhou Greentown,0.0,2025-06-01T00:00:00Z,
http://www.wikidata.org/entity/Q16236916,http://www.wikidata.org/entity/Q533094,FCV Farul Constanța,50.0,2012-01-01T00:00:00Z,2015-01-01T00:00:00Z
http://www.wikidata.org/entity/Q16236916,http://www.wikidata.org/entity/Q13361030,New York City FC,44.0,2019-02-01T00:00:00Z,2023-07-01T00:00:00Z
http://www.wikidata.org/entity/Q16236916,http://www.wikidata.org/entity/Q168397,équipe de Roumanie de football,26.0,2018-03-24T00:00:00Z,2025-01-01T00:00:00Z
http://www.wikidata.org/entity/Q16236916,http://www.wikidata.org/entity/Q16838020,CS Universitatea Craiova,17.0,2017-07-21T00:00:00Z,2017-12-01T00:00:00Z
http://www.wikidata.org/entity/Q16236916,http://www.wikidata.org/entity/Q179658,FCSB,0.0,2013-09-04T00:00:00Z,2013-12-31T00:00:00Z
http://www.wikidata.org/entity/Q16236916,http://www.wikidata.org/entity/Q16838020,CS Universitatea Craiova,32.0,2018-01-23T00:00:00Z,2019-02-01T00:00:00Z
http://www.wikidata.org/entity/Q16236916,http://www.wikidata.org/entity/Q2986998,Al-Raed,28.0,2022-07-25T00:00:00Z,2023-06-01T00:00:00Z
http://www.wikidata.org/entity/Q16236916,http://www.wikidata.org/entity/Q44441,Al-Ahli SC,25.0,2020-10-01T00:00:00Z,2021-08-01T00:00:00Z
http://www.wikidata.org/entity/Q16236916,http://www.wikidata.org/entity/Q1024481,CS Turnu Severin,5.0,2011-01-01T00:00:00Z,2012-01-01T00:00:00Z
http://www.wikidata.org/entity/Q16236916,http://www.wikidata.org/entity/Q7362519,équipe de Roumanie des moins de 19 ans,11.0,2013-10-10T00:00:00Z,2014-06-10T00:00:00Z
http://www.wikidata.org/entity/Q16236916,http://www.wikidata.org/entity/Q2710,Delfino Pescara,34.0,2015-01-01T00:00:00Z,2017-12-01T00:00:00Z
http://www.wikidata.org/entity/Q16236916,http://www.wikidata.org/entity/Q16838020,CS Universitatea Craiova,72.0,2023-07-01T00:00:00Z,2025-06-01T00:00:00Z
http://www.wikidata.org/entity/Q16236916,http://www.wikidata.org/entity/Q204888,PAOK Salonique,24.0,2021-09-01T00:00:00Z,2022-06-30T00:00:00Z
http://www.wikidata.org/entity/Q16236916,http://www.wikidata.org/entity/Q2175909,équipe de Roumanie espoirs de football,8.0,2014-03-05T00:00:00Z,2015-09-08T00:00:00Z
http://www.wikidata.org/entity/Q16236969,http://www.wikidata.org/entity/Q248188,Milton Keynes Dons Football Club,18.0,2015-01-01T00:00:00Z,2016-01-01T00:00:00Z
http://www.wikidata.org/entity/Q16236969,http://www.wikidata.org/entity/Q19473,Huddersfield Town Football Club,2.0,2014-01-01T00:00:00Z,2014-01-01T00:00:00Z
http://www.wikidata.org/entity/Q16236969,http://www.wikidata.org/entity/Q19462,Charlton Athletic FC,20.0,2013-01-01T00:00:00Z,2014-01-01T00:00:00Z
http://www.wikidata.org/entity/Q16236969,http://www.wikidata.org/entity/Q4201740,équipe d'Angleterre de football des moins de 16 ans,7.0,2010-01-01T00:00:00Z,2011-01-01T00:00:00Z
http://www.wikidata.org/entity/Q16236969,http://www.wikidata.org/entity/Q18747,West Ham United FC,2.0,2014-01-01T00:00:00Z,2014-01-01T00:00:00Z
http://www.wikidata.org/entity/Q16236969,http://www.wikidata.org/entity/Q19462,Charlton Athletic FC,,2016-01-01T00:00:00Z,
http://www.wikidata.org/entity/Q16236969,http://www.wikidata.org/entity/Q2752922,Équipe d'Angleterre des moins de 17 ans de football,6.0,2011-01-01T00:00:00Z,2012-01-01T00:00:00Z
http://www.wikidata.org/entity/Q16236969,http://www.wikidata.org/entity/Q2442864,équipe d'Uruguay de football des moins de 20 ans,,2015-01-01T00:00:00Z,
http://www.wikidata.org/entity/Q16236989,http://www.wikidata.org/entity/Q10467,FC Barcelone B,41.0,2015-01-01T00:00:00Z,2017-01-01T00:00:00Z
http://www.wikidata.org/entity/Q16236989,http://www.wikidata.org/entity/Q2569964,UD Almería B,77.0,2011-01-01T00:00:00Z,2015-01-01T00:00:00Z
http://www.wikidata.org/entity/Q16236989,http://www.wikidata.org/entity/Q10407,UD Almería,6.0,2013-01-01T00:00:00Z,2015-01-01T00:00:00Z
http://www.wikidata.org/entity/Q16236989,http://www.wikidata.org/entity/Q460448,Cádiz CF,28.0,2017-01-01T00:00:00Z,2020-01-01T00:00:00Z
http://www.wikidata.org/entity/Q16245842,http://www.wikidata.org/entity/Q18526,Stockport County FC,,2016-01-01T00:00:00Z,
http://www.wikidata.org/entity/Q16245842,http://www.wikidata.org/entity/Q5290157,Stockport Sports F.C.,31.0,2012-01-01T00:00:00Z,2013-01-01T00:00:00Z
http://www.wikidata.org/entity/Q16245842,http://www.wikidata.org/entity/Q319756,Aberystwyth Town Football Club,2.0,2011-01-01T00:00:00Z,2011-01-01T00:00:00Z
http://www.wikidata.org/entity/Q16245842,http://www.wikidata.org/entity/Q18519,Lincoln City Football Club,5.0,2015-01-01T00:00:00Z,2015-01-01T00:00:00Z
http://www.wikidata.org/entity/Q16245842,http://www.wikidata.org/entity/Q18521,Macclesfield Town Football Club,2.0,2015-01-01T00:00:00Z,2015-01-01T00:00:00Z
http://www.wikidata.org/entity/Q16245842,http://www.wikidata.org/entity/Q18736,Stoke City FC,0.0,2013-01-01T00:00:00Z,2013-01-01T00:00:00Z
http://www.wikidata.org/entity/Q16245842,http://www.wikidata.org/entity/Q19626,Shrewsbury Town Football Club,3.0,2013-01-01T00:00:00Z,2014-01-01T00:00:00Z
http://www.wikidata.org/entity/Q16245842,http://www.wikidata.org/entity/Q18525,Southport Football Club,28.0,2014-01-01T00:00:00Z,2015-01-01T00:00:00Z
http://www.wikidata.org/entity/Q16245842,http://www.wikidata.org/entity/Q2479641,Colwyn Bay FC,,2015-01-01T00:00:00Z,2015-01-01T00:00:00Z
http://www.wikidata.org/entity/Q16295667,http://www.wikidata.org/entity/Q151747,Fortuna Düsseldorf,54.0,2012-01-01T00:00:00Z,2015-01-01T00:00:00Z
http://www.wikidata.org/entity/Q16295667,http://www.wikidata.org/entity/Q2361290,SuS 09 Dinslaken,14.0,2009-01-01T00:00:00Z,2010-01-01T00:00:00Z
http://www.wikidata.org/entity/Q16295667,http://www.wikidata.org/entity/Q310621,SV Wehen Wiesbaden,,2016-01-01T00:00:00Z,
http://www.wikidata.org/entity/Q16295667,http://www.wikidata.org/entity/Q157352,FSV Francfort,11.0,2015-01-01T00:00:00Z,2015-01-01T00:00:00Z
http://www.wikidata.org/entity/Q16295667,http://www.wikidata.org/entity/Q15123808,PSV Wesel-Lackhausen,45.0,2010-01-01T00:00:00Z,2012-01-01T00:00:00Z
http://www.wikidata.org/entity/Q16394902,http://www.wikidata.org/entity/Q1056821,Unione Sportiva Città di Pontedera,8.0,2015-01-01T00:00:00Z,2015-01-01T00:00:00Z
http://www.wikidata.org/entity/Q16394902,http://www.wikidata.org/entity/Q1457,UC Sampdoria,1.0,2014-01-01T00:00:00Z,2015-01-01T00:00:00Z
http://www.wikidata.org/entity/Q16394902,http://www.wikidata.org/entity/Q759482,US Cremonese,7.0,2014-01-01T00:00:00Z,2015-01-01T00:00:00Z
http://www.wikidata.org/entity/Q16491791,http://www.wikidata.org/entity/Q770740,SD Eibar,13.0,2014-01-01T00:00:00Z,2014-01-01T00:00:00Z
http://www.wikidata.org/entity/Q16491791,http://www.wikidata.org/entity/Q275626,AEL Larissa,0.0,2014-01-01T00:00:00Z,2014-01-01T00:00:00Z
http://www.wikidata.org/entity/Q16491791,http://www.wikidata.org/entity/Q770740,SD Eibar,62.0,2011-01-01T00:00:00Z,2013-01-01T00:00:00Z
http://www.wikidata.org/entity/Q16491791,http://www.wikidata.org/entity/Q127921,Jorge Wilstermann Cochabamba,18.0,2013-01-01T00:00:00Z,2014-01-01T00:00:00Z
http://www.wikidata.org/entity/Q16491791,http://www.wikidata.org/entity/Q11971,SD Huesca,36.0,2015-01-01T00:00:00Z,2016-01-01T00:00:00Z
http://www.wikidata.org/entity/Q16491791,http://www.wikidata.org/entity/Q5010160,CD Zuera,,2006-01-01T00:00:00Z,2008-01-01T00:00:00Z
http://www.wikidata.org/entity/Q16491791,http://www.wikidata.org/entity/Q3571464,SD Ejea,33.0,2009-01-01T00:00:00Z,2010-01-01T00:00:00Z
http://www.wikidata.org/entity/Q16491791,http://www.wikidata.org/entity/Q3571464,SD Ejea,,2004-01-01T00:00:00Z,2005-01-01T00:00:00Z
http://www.wikidata.org/entity/Q16491791,http://www.wikidata.org/entity/Q11963,Hércules Alicante,,2016-01-01T00:00:00Z,
http://www.wikidata.org/entity/Q16491791,http://www.wikidata.org/entity/Q2638313,CD La Muela,35.0,2010-01-01T00:00:00Z,2011-01-01T00:00:00Z
http://www.wikidata.org/entity/Q16524787,http://www.wikidata.org/entity/Q16344,AC Pérouse Calcio,18.0,2017-01-01T00:00:00Z,2017-01-01T00:00:00Z
http://www.wikidata.org/entity/Q16524787,http://www.wikidata.org/entity/Q289339,Associazione Calcio Lumezzane,31.0,2011-01-01T00:00:00Z,2012-01-01T00:00:00Z
http://www.wikidata.org/entity/Q16524787,http://www.wikidata.org/entity/Q2674,Palermo F.C.,,2018-01-01T00:00:00Z,
http://www.wikidata.org/entity/Q16524787,http://www.wikidata.org/entity/Q1422,Juventus FC,,2015-01-01T00:00:00Z,
http://www.wikidata.org/entity/Q16524787,http://www.wikidata.org/entity/Q3632340,équipe d'Italie de football de Serie B,5.0,2012-01-01T00:00:00Z,2014-01-01T00:00:00Z
http://www.wikidata.org/entity/Q16524787,http://www.wikidata.org/entity/Q8623,Ternana Unicusano Calcio,102.0,2012-01-01T00:00:00Z,2015-01-01T00:00:00Z
http://www.wikidata.org/entity/Q16524787,http://www.wikidata.org/entity/Q652516,Bénévent Calcio,,2017-01-01T00:00:00Z,
http://www.wikidata.org/entity/Q16524787,http://www.wikidata.org/entity/Q2868213,Football Club Atletico Montichiari,62.0,2009-01-01T00:00:00Z,2011-01-01T00:00:00Z
http://www.wikidata.org/entity/Q16524787,http://www.wikidata.org/entity/Q856119,Club Deportivo Leganés,1.0,2016-01-01T00:00:00Z,2017-01-01T00:00:00Z
http://www.wikidata.org/entity/Q16524787,http://www.wikidata.org/entity/Q1457,UC Sampdoria,1.0,2015-07-01T00:00:00Z,2016-01-01T00:00:00Z
http://www.wikidata.org/entity/Q16568905,http://www.wikidata.org/entity/Q10499,Córdoba CF,33.0,2012-01-01T00:00:00Z,2015-01-01T00:00:00Z
http://www.wikidata.org/entity/Q16568905,http://www.wikidata.org/entity/Q5202721,Córdoba CF B,125.0,2008-01-01T00:00:00Z,2013-01-01T00:00:00Z
http://www.wikidata.org/entity/Q16568905,http://www.wikidata.org/entity/Q10383,AD Alcorcón,12.0,2014-01-01T00:00:00Z,2015-01-01T00:00:00Z
http://www.wikidata.org/entity/Q16568905,http://www.wikidata.org/entity/Q245162,Rapid Bucarest,,2016-01-01T00:00:00Z,
http://www.wikidata.org/entity/Q16568905,http://www.wikidata.org/entity/Q2504228,Unió Esportiva Llagostera,16.0,2015-01-01T00:00:00Z,2016-01-01T00:00:00Z
http://www.wikidata.org/entity/Q16606341,http://www.wikidata.org/entity/Q19481,Leicester City FC,0.0,2014-01-01T00:00:00Z,2016-01-01T00:00:00Z
http://www.wikidata.org/entity/Q16606341,http://www.wikidata.org/entity/Q19481,Leicester City FC,,2013-01-01T00:00:00Z,
http://www.wikidata.org/entity/Q16606341,http://www.wikidata.org/entity/Q186276,équipe de Lituanie de football,,2013-01-01T00:00:00Z,
http://www.wikidata.org/entity/Q16606341,http://www.wikidata.org/entity/Q19601,Oldham Athletic AFC,4.0,2015-01-01T00:00:00Z,2015-01-01T00:00:00Z
http://www.wikidata.org/entity/Q16606341,http://www.wikidata.org/entity/Q500988,FK Žalgiris Vilnius,,2016-01-01T00:00:00Z,
http://www.wikidata.org/entity/Q16606341,http://www.wikidata.org/entity/Q18524,Nuneaton Town F.C.,5.0,2014-01-01T00:00:00Z,2014-01-01T00:00:00Z
http://www.wikidata.org/entity/Q16606341,http://www.wikidata.org/entity/Q2628891,équipe de Lituanie espoirs de football,5.0,2013-01-01T00:00:00Z,2013-01-01T00:00:00Z
http://www.wikidata.org/entity/Q16622408,http://www.wikidata.org/entity/Q6641,SSC Bari,13.0,1928-01-01T00:00:00Z,
http://www.wikidata.org/entity/Q16727516,http://www.wikidata.org/entity/Q19568,AFC Bournemouth,,2019-01-01T00:00:00Z,
http://www.wikidata.org/entity/Q16727516,http://www.wikidata.org/entity/Q3873525,équipe du Danemark de football des moins de 19 ans,,2014-01-01T00:00:00Z,
http://www.wikidata.org/entity/Q16727516,http://www.wikidata.org/entity/Q19473,Huddersfield Town Football Club,81.0,2014-01-01T00:00:00Z,2019-01-01T00:00:00Z
http://www.wikidata.org/entity/Q16727520,http://www.wikidata.org/entity/Q18522,Mansfield Town FC,28.0,2014-01-01T00:00:00Z,2015-01-01T00:00:00Z
http://www.wikidata.org/entity/Q16727520,http://www.wikidata.org/entity/Q219241,Falkirk Football Club,11.0,2013-01-01T00:00:00Z,2013-01-01T00:00:00Z
http://www.wikidata.org/entity/Q16727520,http://www.wikidata.org/entity/Q18750,Wigan Athletic FC,0.0,2012-01-01T00:00:00Z,2014-01-01T00:00:00Z
http://www.wikidata.org/entity/Q16727520,http://www.wikidata.org/entity/Q19592,Hartlepool United FC,5.0,2015-01-01T00:00:00Z,2015-01-01T00:00:00Z
http://www.wikidata.org/entity/Q16727648,http://www.wikidata.org/entity/Q9426,Stevenage FC,,2004-01-01T00:00:00Z,2004-01-01T00:00:00Z
http://www.wikidata.org/entity/Q16727648,http://www.wikidata.org/entity/Q955872,Welling United Football Club,,2004-01-01T00:00:00Z,2004-01-01T00:00:00Z
http://www.wikidata.org/entity/Q16727648,http://www.wikidata.org/entity/Q48938,Dagenham & Redbridge FC,1.0,2004-01-01T00:00:00Z,2005-01-01T00:00:00Z
http://www.wikidata.org/entity/Q16727648,http://www.wikidata.org/entity/Q19462,Charlton Athletic FC,0.0,2000-01-01T00:00:00Z,2002-01-01T00:00:00Z
http://www.wikidata.org/entity/Q16727648,http://www.wikidata.org/entity/Q18509,Cambridge United FC,1.0,2002-01-01T00:00:00Z,2004-01-01T00:00:00Z
http://www.wikidata.org/entity/Q16728427,http://www.wikidata.org/entity/Q19575,Carlisle United Football Club,1.0,2014-01-01T00:00:00Z,2014-01-01T00:00:00Z
http://www.wikidata.org/entity/Q16728427,http://www.wikidata.org/entity/Q18505,Association Football Club Telford United,,2015-01-01T00:00:00Z,
http://www.wikidata.org/entity/Q16728427,http://www.wikidata.org/entity/Q18736,Stoke City FC,0.0,2012-01-01T00:00:00Z,2014-01-01T00:00:00Z
http://www.wikidata.org/entity/Q16728427,http://www.wikidata.org/entity/Q18524,Nuneaton Town F.C.,7.0,2015-01-01T00:00:00Z,2015-01-01T00:00:00Z
http://www.wikidata.org/entity/Q16728592,http://www.wikidata.org/entity/Q626917,Chamois niortais,,2015-01-01T00:00:00Z,
http://www.wikidata.org/entity/Q16728592,http://www.wikidata.org/entity/Q239535,équipe du Bénin de football,,2013-01-01T00:00:00Z,
http://www.wikidata.org/entity/Q16728592,http://www.wikidata.org/entity/Q172476,Girondins de Bordeaux,1.0,2015-01-01T00:00:00Z,2015-01-01T00:00:00Z
http://www.wikidata.org/entity/Q16732793,http://www.wikidata.org/entity/Q501372,Unione Sportiva Catanzaro,50.0,2008-01-01T00:00:00Z,2010-01-01T00:00:00Z
http://www.wikidata.org/entity/Q16732793,http://www.wikidata.org/entity/Q1948889,Vigor Lamezia,34.0,2014-01-01T00:00:00Z,2015-01-01T00:00:00Z
http://www.wikidata.org/entity/Q16732793,http://www.wikidata.org/entity/Q2084931,Igea Virtus Barcellona,29.0,2007-01-01T00:00:00Z,2008-01-01T00:00:00Z
http://www.wikidata.org/entity/Q16732793,http://www.wikidata.org/entity/Q29390,ACR Messine,2.0,2005-01-01T00:00:00Z,2008-01-01T00:00:00Z
http://www.wikidata.org/entity/Q16732793,http://www.wikidata.org/entity/Q611018,F.C. Aprilia Racing Club,41.0,2003-01-01T00:00:00Z,2005-01-01T00:00:00Z
http://www.wikidata.org/entity/Q16732793,http://www.wikidata.org/entity/Q2246447,Football Club Rieti 1936,25.0,2005-01-01T00:00:00Z,2006-01-01T00:00:00Z
http://www.wikidata.org/entity/Q16732793,http://www.wikidata.org/entity/Q31821,Feralpisalò,44.0,2011-01-01T00:00:00Z,2013-01-01T00:00:00Z
http://www.wikidata.org/entity/Q16732793,http://www.wikidata.org/entity/Q289613,Pisa SC,,2015-01-01T00:00:00Z,
http://www.wikidata.org/entity/Q16732793,http://www.wikidata.org/entity/Q847587,U.S. Salernitana 1919,5.0,2010-01-01T00:00:00Z,2011-01-01T00:00:00Z
http://www.wikidata.org/entity/Q16732809,http://www.wikidata.org/entity/Q18732,Southampton FC,0.0,2011-01-01T00:00:00Z,2014-01-01T00:00:00Z
http://www.wikidata.org/entity/Q16732809,http://www.wikidata.org/entity/Q2662902,Bishop's Stortford F.C.,,2016-01-01T00:00:00Z,
http://www.wikidata.org/entity/Q16732809,http://www.wikidata.org/entity/Q5505739,Frome Town F.C.,6.0,2015-01-01T00:00:00Z,2015-01-01T00:00:00Z
http://www.wikidata.org/entity/Q16732809,http://www.wikidata.org/entity/Q6023905,Eleven d'Indy,12.0,2014-01-01T00:00:00Z,2014-01-01T00:00:00Z
http://www.wikidata.org/entity/Q16732809,http://www.wikidata.org/entity/Q6418070,Poole Town F.C.,5.0,2015-01-01T00:00:00Z,2015-01-01T00:00:00Z
http://www.wikidata.org/entity/Q16732809,http://www.wikidata.org/entity/Q18512,Forest Green Rovers Football Club,1.0,2015-01-01T00:00:00Z,2016-01-01T00:00:00Z
http://www.wikidata.org/entity/Q16836782,http://www.wikidata.org/entity/Q1457,UC Sampdoria,0.0,2012-01-01T00:00:00Z,2014-01-01T00:00:00Z
http://www.wikidata.org/entity/Q16836782,http://www.wikidata.org/entity/Q2266580,équipe d'Italie de football des moins de 19 ans,3.0,2011-01-01T00:00:00Z,2011-01-01T00:00:00Z
http://www.wikidata.org/entity/Q16836782,http://www.wikidata.org/entity/Q2276413,Virtus Entella,4.0,2013-01-01T00:00:00Z,2013-01-01T00:00:00Z
http://www.wikidata.org/entity/Q16836782,http://www.wikidata.org/entity/Q3873513,équipe d'Italie de football des moins de 18 ans,4.0,2011-01-01T00:00:00Z,2011-01-01T00:00:00Z
http://www.wikidata.org/entity/Q16836782,http://www.wikidata.org/entity/Q913041,Calcio Portogruaro-Summaga,0.0,2012-01-01T00:00:00Z,2013-01-01T00:00:00Z
http://www.wikidata.org/entity/Q16836782,http://www.wikidata.org/entity/Q521360,Paganese Calcio 1926,6.0,2013-01-01T00:00:00Z,2014-01-01T00:00:00Z
http://www.wikidata.org/entity/Q16836782,http://www.wikidata.org/entity/Q742685,San Marino Calcio,11.0,2014-01-01T00:00:00Z,2014-01-01T00:00:00Z
http://www.wikidata.org/entity/Q16836782,http://www.wikidata.org/entity/Q289613,Pisa SC,,2014-01-01T00:00:00Z,
http://www.wikidata.org/entity/Q16844814,http://www.wikidata.org/entity/Q18721,Norwich City FC,0.0,2013-01-01T00:00:00Z,2015-01-01T00:00:00Z
http://www.wikidata.org/entity/Q16844814,http://www.wikidata.org/entity/Q18520,Luton Town Football Club,18.0,2014-01-01T00:00:00Z,2014-01-01T00:00:00Z
http://www.wikidata.org/entity/Q16844814,http://www.wikidata.org/entity/Q7058582,équipe d'Irlande du Nord de football des moins de 19 ans,3.0,2013-01-01T00:00:00Z,2013-01-01T00:00:00Z
http://www.wikidata.org/entity/Q16844814,http://www.wikidata.org/entity/Q18509,Cambridge United FC,4.0,2015-01-01T00:00:00Z,2015-01-01T00:00:00Z
http://www.wikidata.org/entity/Q16844814,http://www.wikidata.org/entity/Q18520,Luton Town Football Club,15.0,2015-01-01T00:00:00Z,2015-01-01T00:00:00Z
http://www.wikidata.org/entity/Q16844814,http://www.wikidata.org/entity/Q1998181,équipe d'Irlande du Nord espoirs de football,3.0,2013-01-01T00:00:00Z,2014-01-01T00:00:00Z
http://www.wikidata.org/entity/Q16844814,http://www.wikidata.org/entity/Q3589826,équipe d'Irlande du Nord de football des moins de 17 ans,4.0,2011-01-01T00:00:00Z,2011-01-01T00:00:00Z
http://www.wikidata.org/entity/Q16845224,http://www.wikidata.org/entity/Q3873513,équipe d'Italie de football des moins de 18 ans,1.0,2012-01-01T00:00:00Z,2012-01-01T00:00:00Z
http://www.wikidata.org/entity/Q16845224,http://www.wikidata.org/entity/Q2266580,équipe d'Italie de football des moins de 19 ans,1.0,2012-01-01T00:00:00Z,2012-01-01T00:00:00Z
http://www.wikidata.org/entity/Q16845224,http://www.wikidata.org/entity/Q1457,UC Sampdoria,0.0,2012-01-01T00:00:00Z,2013-01-01T00:00:00Z
http://www.wikidata.org/entity/Q16845224,http://www.wikidata.org/entity/Q289339,Associazione Calcio Lumezzane,,2013-01-01T00:00:00Z,
http://www.wikidata.org/entity/Q16845224,http://www.wikidata.org/entity/Q289521,Associazione Calcio Pavie 1911,10.0,2013-01-01T00:00:00Z,2013-01-01T00:00:00Z
http://www.wikidata.org/entity/Q16860061,http://www.wikidata.org/entity/Q7855167,équipe de Turquie de football des moins de 19 ans,3.0,2012-01-01T00:00:00Z,2012-01-01T00:00:00Z
http://www.wikidata.org/entity/Q16860061,http://www.wikidata.org/entity/Q7855168,équipe de Turquie de football des moins de 20 ans,5.0,2012-01-01T00:00:00Z,2013-01-01T00:00:00Z
http://www.wikidata.org/entity/Q16860061,http://www.wikidata.org/entity/Q141931,SG Dynamo Dresde,,2014-01-01T00:00:00Z,
http://www.wikidata.org/entity/Q16860061,http://www.wikidata.org/entity/Q4545849,FC Nuremberg II,62.0,2011-01-01T00:00:00Z,2014-01-01T00:00:00Z
http://www.wikidata.org/entity/Q16860061,http://www.wikidata.org/entity/Q15786,1. FC Nuremberg,1.0,2014-01-01T00:00:00Z,2014-01-01T00:00:00Z
http://www.wikidata.org/entity/Q16875131,http://www.wikidata.org/entity/Q8633,Varèse Calcio,,2014-01-01T00:00:00Z,
http://www.wikidata.org/entity/Q16875131,http://www.wikidata.org/entity/Q2674,Palermo F.C.,0.0,2012-01-01T00:00:00Z,2013-01-01T00:00:00Z
http://www.wikidata.org/entity/Q16875131,http://www.wikidata.org/entity/Q668573,FC Chiasso,1.0,2013-01-01T00:00:00Z,2014-01-01T00:00:00Z
http://www.wikidata.org/entity/Q16887647,http://www.wikidata.org/entity/Q220863,SC Oțelul Galați,80.0,2021-07-01T00:00:00Z,2025-01-01T00:00:00Z
http://www.wikidata.org/entity/Q16887647,http://www.wikidata.org/entity/Q13381,Unione Sportiva Triestina Calcio 1918,1.0,2010-01-01T00:00:00Z,2011-01-01T00:00:00Z
http://www.wikidata.org/entity/Q16887647,http://www.wikidata.org/entity/Q2118510,Latina Calcio 1932,18.0,2013-01-01T00:00:00Z,2014-01-01T00:00:00Z
http://www.wikidata.org/entity/Q16887647,http://www.wikidata.org/entity/Q8615,Spezia Calcio,4.0,2015-01-01T00:00:00Z,2018-09-01T00:00:00Z
http://www.wikidata.org/entity/Q16887647,http://www.wikidata.org/entity/Q391790,Mosta Football Club,18.0,2018-09-01T00:00:00Z,2019-07-01T00:00:00Z
http://www.wikidata.org/entity/Q16887647,http://www.wikidata.org/entity/Q318969,HNK Rijeka,,2015-01-01T00:00:00Z,2016-01-01T00:00:00Z
http://www.wikidata.org/entity/Q16887647,http://www.wikidata.org/entity/Q179658,FCSB,27.0,2025-01-01T00:00:00Z,
http://www.wikidata.org/entity/Q16887647,http://www.wikidata.org/entity/Q1886341,Unione Sportiva Casertana 1908,9.0,2017-01-01T00:00:00Z,2017-06-01T00:00:00Z
http://www.wikidata.org/entity/Q16887647,http://www.wikidata.org/entity/Q16848833,HNK Rijeka Reserves and Academy,13.0,2015-07-01T00:00:00Z,2015-12-01T00:00:00Z
http://www.wikidata.org/entity/Q16887647,http://www.wikidata.org/entity/Q8615,Spezia Calcio,22.0,2014-01-01T00:00:00Z,2015-01-01T00:00:00Z
http://www.wikidata.org/entity/Q16887647,http://www.wikidata.org/entity/Q2037,Associazione Calcio ChievoVerona,0.0,2011-01-01T00:00:00Z,2015-01-01T00:00:00Z
http://www.wikidata.org/entity/Q16887647,http://www.wikidata.org/entity/Q1289495,Sliema Wanderers Football Club,43.0,2019-07-01T00:00:00Z,2021-07-01T00:00:00Z
http://www.wikidata.org/entity/Q16887647,http://www.wikidata.org/entity/Q8643,Vicenza Calcio,,2016-02-01T00:00:00Z,2016-06-01T00:00:00Z
http://www.wikidata.org/entity/Q16927409,http://www.wikidata.org/entity/Q1968070,Unione Sportiva Pergolettese 1932,12.0,2011-01-01T00:00:00Z,2012-01-01T00:00:00Z
http://www.wikidata.org/entity/Q16927409,http://www.wikidata.org/entity/Q8408,Modène Football Club,35.0,2013-01-01T00:00:00Z,2014-01-01T00:00:00Z
http://www.wikidata.org/entity/Q16927409,http://www.wikidata.org/entity/Q922698,équipe d'Italie espoirs de football,,2014-01-01T00:00:00Z,
http://www.wikidata.org/entity/Q16927409,http://www.wikidata.org/entity/Q289613,Pisa SC,23.0,2012-01-01T00:00:00Z,2013-01-01T00:00:00Z
http://www.wikidata.org/entity/Q16927409,http://www.wikidata.org/entity/Q1457,UC Sampdoria,15.0,2011-01-01T00:00:00Z,2015-01-01T00:00:00Z
http://www.wikidata.org/entity/Q16927409,http://www.wikidata.org/entity/Q1435421,Foligno Calcio,17.0,2012-01-01T00:00:00Z,2012-01-01T00:00:00Z
http://www.wikidata.org/entity/Q16927409,http://www.wikidata.org/entity/Q1893,Bologne FC 1909,,2015-01-01T00:00:00Z,
http://www.wikidata.org/entity/Q16935154,http://www.wikidata.org/entity/Q1457,UC Sampdoria,0.0,2011-01-01T00:00:00Z,2013-01-01T00:00:00Z
http://www.wikidata.org/entity/Q16935154,http://www.wikidata.org/entity/Q16348,FC Alessandria,4.0,2012-01-01T00:00:00Z,2012-01-01T00:00:00Z
http://www.wikidata.org/entity/Q16935154,http://www.wikidata.org/entity/Q913041,Calcio Portogruaro-Summaga,31.0,2012-01-01T00:00:00Z,2013-01-01T00:00:00Z
http://www.wikidata.org/entity/Q16935154,http://www.wikidata.org/entity/Q289656,Associazione Calcio Prato,9.0,2011-01-01T00:00:00Z,2012-01-01T00:00:00Z
http://www.wikidata.org/entity/Q16935154,http://www.wikidata.org/entity/Q5423676,F.C. Castiglione,10.0,2013-01-01T00:00:00Z,2014-01-01T00:00:00Z
http://www.wikidata.org/entity/Q16939313,http://www.wikidata.org/entity/Q1424072,Santa Fe Corporación Deportiva,,2016-01-01T00:00:00Z,
http://www.wikidata.org/entity/Q16939313,http://www.wikidata.org/entity/Q2701659,Al-Fateh,2.0,2016-01-01T00:00:00Z,2016-01-01T00:00:00Z
http://www.wikidata.org/entity/Q16939313,http://www.wikidata.org/entity/Q1879895,Trujillanos Fútbol Club,42.0,2010-01-01T00:00:00Z,2012-01-01T00:00:00Z
http://www.wikidata.org/entity/Q16939313,http://www.wikidata.org/entity/Q221525,FC Metz,32.0,2014-01-01T00:00:00Z,2016-01-01T00:00:00Z
http://www.wikidata.org/entity/Q16939313,http://www.wikidata.org/entity/Q289407,Mineros de Guayana,8.0,2010-01-01T00:00:00Z,2010-01-01T00:00:00Z
http://www.wikidata.org/entity/Q16939313,http://www.wikidata.org/entity/Q214151,équipe du Venezuela de football,,2008-01-01T00:00:00Z,
http://www.wikidata.org/entity/Q16939313,http://www.wikidata.org/entity/Q1306466,Llaneros FC,63.0,2007-01-01T00:00:00Z,2010-01-01T00:00:00Z
http://www.wikidata.org/entity/Q16939313,http://www.wikidata.org/entity/Q145885,Zamora Fútbol Club,62.0,2012-01-01T00:00:00Z,2014-01-01T00:00:00Z
http://www.wikidata.org/entity/Q16939313,http://www.wikidata.org/entity/Q1458264,Portuguesa FC,,2006-01-01T00:00:00Z,2007-01-01T00:00:00Z
http://www.wikidata.org/entity/Q16957691,http://www.wikidata.org/entity/Q1457,UC Sampdoria,0.0,2012-01-01T00:00:00Z,2013-01-01T00:00:00Z
http://www.wikidata.org/entity/Q16957691,http://www.wikidata.org/entity/Q913041,Calcio Portogruaro-Summaga,12.0,2012-01-01T00:00:00Z,2013-01-01T00:00:00Z
http://www.wikidata.org/entity/Q16957691,http://www.wikidata.org/entity/Q2314607,AC Martina,16.0,2013-01-01T00:00:00Z,2014-01-01T00:00:00Z
http://www.wikidata.org/entity/Q16957691,http://www.wikidata.org/entity/Q6690,Football Club Crotone,,2014-01-01T00:00:00Z,
http://www.wikidata.org/entity/Q16977436,http://www.wikidata.org/entity/Q279043,équipe d'Albanie espoirs de football,2.0,2015-01-01T00:00:00Z,2015-01-01T00:00:00Z
http://www.wikidata.org/entity/Q16977436,http://www.wikidata.org/entity/Q650273,équipe de Suisse des moins de 17 ans de football,4.0,2011-01-01T00:00:00Z,2011-01-01T00:00:00Z
http://www.wikidata.org/entity/Q16977436,http://www.wikidata.org/entity/Q201360,Grasshopper Zurich,,2017-01-01T00:00:00Z,
http://www.wikidata.org/entity/Q16977436,http://www.wikidata.org/entity/Q216773,FC Vaduz,46.0,2015-01-01T00:00:00Z,2017-01-01T00:00:00Z
http://www.wikidata.org/entity/Q16977436,http://www.wikidata.org/entity/Q19019176,équipe de Suisse de football des moins de 18 ans,7.0,2011-01-01T00:00:00Z,2012-01-01T00:00:00Z
http://www.wikidata.org/entity/Q16977436,http://www.wikidata.org/entity/Q101859,VfL Wolfsburg,0.0,2014-01-01T00:00:00Z,2015-01-01T00:00:00Z
http://www.wikidata.org/entity/Q16977436,http://www.wikidata.org/entity/Q4140019,équipe de Suisse de football des moins de 19 ans,3.0,2012-01-01T00:00:00Z,2013-01-01T00:00:00Z
http://www.wikidata.org/entity/Q16977436,http://www.wikidata.org/entity/Q113143,équipe du Kosovo de football,2.0,2014-01-01T00:00:00Z,2014-01-01T00:00:00Z
http://www.wikidata.org/entity/Q16977436,http://www.wikidata.org/entity/Q201360,Grasshopper Zurich,0.0,2011-01-01T00:00:00Z,2014-01-01T00:00:00Z
http://www.wikidata.org/entity/Q17030351,http://www.wikidata.org/entity/Q2362460,AEC Manlleu,33.0,1993-01-01T00:00:00Z,1994-01-01T00:00:00Z
http://www.wikidata.org/entity/Q17030351,http://www.wikidata.org/entity/Q576521,Terrassa FC,55.0,2003-01-01T00:00:00Z,2005-01-01T00:00:00Z
http://www.wikidata.org/entity/Q17030351,http://www.wikidata.org/entity/Q10499,Córdoba CF,55.0,1996-01-01T00:00:00Z,1997-01-01T00:00:00Z
http://www.wikidata.org/entity/Q17030351,http://www.wikidata.org/entity/Q856225,CE L'Hospitalet,28.0,1991-01-01T00:00:00Z,1993-01-01T00:00:00Z
http://www.wikidata.org/entity/Q17030351,http://www.wikidata.org/entity/Q11963,Hércules Alicante,55.0,1999-01-01T00:00:00Z,2001-01-01T00:00:00Z
http://www.wikidata.org/entity/Q17030351,http://www.wikidata.org/entity/Q12249,Recreativo de Huelva,10.0,2002-01-01T00:00:00Z,2003-01-01T00:00:00Z
http://www.wikidata.org/entity/Q17030351,http://www.wikidata.org/entity/Q2696022,CE Manresa,,1990-01-01T00:00:00Z,1991-01-01T00:00:00Z
http://www.wikidata.org/entity/Q17030351,http://www.wikidata.org/entity/Q908820,UE Sant Andreu,17.0,1995-01-01T00:00:00Z,1996-01-01T00:00:00Z
http://www.wikidata.org/entity/Q17030351,http://www.wikidata.org/entity/Q856280,CF Badalona,12.0,2005-01-01T00:00:00Z,2006-01-01T00:00:00Z
http://www.wikidata.org/entity/Q17030351,http://www.wikidata.org/entity/Q576521,Terrassa FC,69.0,1997-01-01T00:00:00Z,1999-01-01T00:00:00Z
http://www.wikidata.org/entity/Q17030351,http://www.wikidata.org/entity/Q8823,Levante UD,42.0,1994-01-01T00:00:00Z,1995-01-01T00:00:00Z
http://www.wikidata.org/entity/Q17030351,http://www.wikidata.org/entity/Q10499,Córdoba CF,42.0,2001-01-01T00:00:00Z,2002-01-01T00:00:00Z
http://www.wikidata.org/entity/Q17103664,http://www.wikidata.org/entity/Q668243,SD Eibar B,11.0,2009-01-01T00:00:00Z,2010-01-01T00:00:00Z
http://www.wikidata.org/entity/Q17103664,http://www.wikidata.org/entity/Q9091674,Universidad del País Vasco Club Deportivo Vasconia,,2004-01-01T00:00:00Z,2006-01-01T00:00:00Z
http://www.wikidata.org/entity/Q17103664,http://www.wikidata.org/entity/Q770740,SD Eibar,8.0,2013-01-01T00:00:00Z,2015-01-01T00:00:00Z
http://www.wikidata.org/entity/Q17103664,http://www.wikidata.org/entity/Q726810,Real Unión Club,37.0,2015-01-01T00:00:00Z,2016-01-01T00:00:00Z
http://www.wikidata.org/entity/Q17103664,http://www.wikidata.org/entity/Q913083,SD Beasain,26.0,2008-01-01T00:00:00Z,2009-01-01T00:00:00Z
http://www.wikidata.org/entity/Q17103664,http://www.wikidata.org/entity/Q726810,Real Unión Club,174.0,2018-01-01T00:00:00Z,
http://www.wikidata.org/entity/Q17103664,http://www.wikidata.org/entity/Q1067750,Real Sociedad B,1.0,2007-01-01T00:00:00Z,2008-01-01T00:00:00Z
http://www.wikidata.org/entity/Q17103664,http://www.wikidata.org/entity/Q856098,Asociacion Coral Lagun Onak,31.0,2010-01-01T00:00:00Z,2011-01-01T00:00:00Z
http://www.wikidata.org/entity/Q17103664,http://www.wikidata.org/entity/Q1067750,Real Sociedad B,3.0,2003-01-01T00:00:00Z,2004-01-01T00:00:00Z
http://www.wikidata.org/entity/Q17103664,http://www.wikidata.org/entity/Q913083,SD Beasain,59.0,2011-01-01T00:00:00Z,2013-01-01T00:00:00Z
http://www.wikidata.org/entity/Q17103664,http://www.wikidata.org/entity/Q790195,Barakaldo CF,63.0,2016-01-01T00:00:00Z,2018-01-01T00:00:00Z
http://www.wikidata.org/entity/Q17103664,http://www.wikidata.org/entity/Q913083,SD Beasain,,2006-01-01T00:00:00Z,2007-01-01T00:00:00Z
http://www.wikidata.org/entity/Q17151021,http://www.wikidata.org/entity/Q6664,AC Cesena,3.0,2007-01-01T00:00:00Z,2007-01-01T00:00:00Z
http://www.wikidata.org/entity/Q17151021,http://www.wikidata.org/entity/Q2018,Catania Football Club,1.0,2004-01-01T00:00:00Z,2007-01-01T00:00:00Z
http://www.wikidata.org/entity/Q17151021,http://www.wikidata.org/entity/Q29400,AS Tarente Calcio,12.0,2006-01-01T00:00:00Z,2007-01-01T00:00:00Z
http://www.wikidata.org/entity/Q17151021,http://www.wikidata.org/entity/Q8623,Ternana Unicusano Calcio,59.0,2007-01-01T00:00:00Z,2010-01-01T00:00:00Z
http://www.wikidata.org/entity/Q17151021,http://www.wikidata.org/entity/Q2314607,AC Martina,31.0,2003-01-01T00:00:00Z,2004-01-01T00:00:00Z
http://www.wikidata.org/entity/Q17151021,http://www.wikidata.org/entity/Q6748,Società Sportiva Juve Stabia,35.0,2010-01-01T00:00:00Z,2012-01-01T00:00:00Z
http://www.wikidata.org/entity/Q17151021,http://www.wikidata.org/entity/Q8633,Varèse Calcio,13.0,2009-01-01T00:00:00Z,2009-01-01T00:00:00Z
http://www.wikidata.org/entity/Q17151021,http://www.wikidata.org/entity/Q289707,AC Reggiana,10.0,2005-01-01T00:00:00Z,2005-01-01T00:00:00Z
http://www.wikidata.org/entity/Q17151021,http://www.wikidata.org/entity/Q1508747,Sorrente Calcio,29.0,2013-01-01T00:00:00Z,2014-01-01T00:00:00Z
http://www.wikidata.org/entity/Q17151021,http://www.wikidata.org/entity/Q609554,A.C. Cuneo 1905 Olmo,15.0,2012-01-01T00:00:00Z,2013-01-01T00:00:00Z
http://www.wikidata.org/entity/Q17151021,http://www.wikidata.org/entity/Q289696,AC Sangiovannese 1927,29.0,2005-01-01T00:00:00Z,2006-01-01T00:00:00Z
http://www.wikidata.org/entity/Q17180607,http://www.wikidata.org/entity/Q1723220,équipe d'Égypte olympique de football,1.0,2010-01-01T00:00:00Z,2010-01-01T00:00:00Z
http://www.wikidata.org/entity/Q17180607,http://www.wikidata.org/entity/Q286504,Zamalek Sporting Club,99.0,2014-01-01T00:00:00Z,2018-01-01T00:00:00Z
http://www.wikidata.org/entity/Q17180607,http://www.wikidata.org/entity/Q28089,équipe d'Égypte de football,28.0,2014-01-01T00:00:00Z,
http://www.wikidata.org/entity/Q17180607,http://www.wikidata.org/entity/Q18744,West Bromwich Albion,0.0,2018-01-01T00:00:00Z,2018-06-01T00:00:00Z
http://www.wikidata.org/entity/Q17180607,http://www.wikidata.org/entity/Q2084802,Ittihad Alexandrie,27.0,2012-01-01T00:00:00Z,2014-01-01T00:00:00Z
http://www.wikidata.org/entity/Q17180607,http://www.wikidata.org/entity/Q18207291,Pyramids Football Club,63.0,2018-07-01T00:00:00Z,
http://www.wikidata.org/entity/Q17180607,http://www.wikidata.org/entity/Q1329368,Ismaily SC,3.0,2007-01-01T00:00:00Z,2012-01-01T00:00:00Z
http://www.wikidata.org/entity/Q17198441,http://www.wikidata.org/entity/Q3873513,équipe d'Italie de football des moins de 18 ans,2.0,2012-01-01T00:00:00Z,2012-01-01T00:00:00Z
http://www.wikidata.org/entity/Q17198441,http://www.wikidata.org/entity/Q6664,AC Cesena,1.0,2014-01-01T00:00:00Z,2014-01-01T00:00:00Z
http://www.wikidata.org/entity/Q17198441,http://www.wikidata.org/entity/Q2331232,équipe d'Italie de football des moins de 17 ans,8.0,2011-01-01T00:00:00Z,2012-01-01T00:00:00Z
http://www.wikidata.org/entity/Q17198441,http://www.wikidata.org/entity/Q969912,Santarcangelo Calcio,14.0,2014-01-01T00:00:00Z,2015-01-01T00:00:00Z
http://www.wikidata.org/entity/Q17279293,http://www.wikidata.org/entity/Q333838,Thonon Évian Grand Genève Football Club,24.0,2012-01-01T00:00:00Z,2014-01-01T00:00:00Z
http://www.wikidata.org/entity/Q17279293,http://www.wikidata.org/entity/Q2644719,Union sportive des clubs du Cortenais,5.0,2011-01-01T00:00:00Z,2012-01-01T00:00:00Z
http://www.wikidata.org/entity/Q17279293,http://www.wikidata.org/entity/Q753462,CF Universitatea Cluj,,2014-01-01T00:00:00Z,2015-07-01T00:00:00Z
http://www.wikidata.org/entity/Q17279293,http://www.wikidata.org/entity/Q492159,US Créteil-Lusitanos,,2008-01-01T00:00:00Z,2011-01-01T00:00:00Z
http://www.wikidata.org/entity/Q17385917,http://www.wikidata.org/entity/Q611222,Trévise F.B.C. 1993,35.0,2003-01-01T00:00:00Z,2008-01-01T00:00:00Z
http://www.wikidata.org/entity/Q17385917,http://www.wikidata.org/entity/Q1120838,Côme 1907,,2013-01-01T00:00:00Z,
http://www.wikidata.org/entity/Q17385917,http://www.wikidata.org/entity/Q8615,Spezia Calcio,11.0,2007-01-01T00:00:00Z,2008-01-01T00:00:00Z
http://www.wikidata.org/entity/Q17385917,http://www.wikidata.org/entity/Q2456343,Association Sportiva Dilettantistica Calcio Ivrée,33.0,2003-01-01T00:00:00Z,2004-01-01T00:00:00Z
http://www.wikidata.org/entity/Q17385917,http://www.wikidata.org/entity/Q759482,US Cremonese,109.0,2008-01-01T00:00:00Z,2013-01-01T00:00:00Z
http://www.wikidata.org/entity/Q17385917,http://www.wikidata.org/entity/Q2755428,AS Pizzighettone,19.0,2005-01-01T00:00:00Z,2006-01-01T00:00:00Z
http://www.wikidata.org/entity/Q17385926,http://www.wikidata.org/entity/Q6651,Brescia Calcio,,2014-01-01T00:00:00Z,
http://www.wikidata.org/entity/Q17385926,http://www.wikidata.org/entity/Q506224,Tre Fiori FC,,2015-01-01T00:00:00Z,
http://www.wikidata.org/entity/Q17385926,http://www.wikidata.org/entity/Q3550633,Unione Sportiva Borgo a Buggiano 1920,6.0,2012-01-01T00:00:00Z,2013-01-01T00:00:00Z
http://www.wikidata.org/entity/Q17385926,http://www.wikidata.org/entity/Q2266580,équipe d'Italie de football des moins de 19 ans,1.0,2010-01-01T00:00:00Z,2010-01-01T00:00:00Z
http://www.wikidata.org/entity/Q17385926,http://www.wikidata.org/entity/Q6664,AC Cesena,1.0,2010-01-01T00:00:00Z,2014-01-01T00:00:00Z
http://www.wikidata.org/entity/Q17385926,http://www.wikidata.org/entity/Q3077308,Forlì Football Club,5.0,2013-01-01T00:00:00Z,2014-01-01T00:00:00Z
http://www.wikidata.org/entity/Q17385926,http://www.wikidata.org/entity/Q430993,Mantova 1911,29.0,2011-01-01T00:00:00Z,2012-01-01T00:00:00Z
http://www.wikidata.org/entity/Q17386145,http://www.wikidata.org/entity/Q235411,équipe de Guinée de football,,2013-01-01T00:00:00Z,
http://www.wikidata.org/entity/Q17386145,http://www.wikidata.org/entity/Q208399,SC Bastia,3.0,2014-01-01T00:00:00Z,2015-01-01T00:00:00Z
http://www.wikidata.org/entity/Q17403311,http://www.wikidata.org/entity/Q6723102,équipe de Macédoine de football des moins de 19 ans,4.0,2011-01-01T00:00:00Z,2012-01-01T00:00:00Z
http://www.wikidata.org/entity/Q17403311,http://www.wikidata.org/entity/Q1886,Atalanta Bergame,,2015-01-01T00:00:00Z,2021-07-01T00:00:00Z
http://www.wikidata.org/entity/Q17403311,http://www.wikidata.org/entity/Q2037,Associazione Calcio ChievoVerona,0.0,2014-01-01T00:00:00Z,2015-01-01T00:00:00Z
http://www.wikidata.org/entity/Q17403311,http://www.wikidata.org/entity/Q3149156,Imolese Calcio 1919,25.0,2019-08-01T00:00:00Z,2020-06-01T00:00:00Z
http://www.wikidata.org/entity/Q17403311,http://www.wikidata.org/entity/Q8643,Vicenza Calcio,32.0,2017-07-01T00:00:00Z,2018-05-01T00:00:00Z
http://www.wikidata.org/entity/Q17403311,http://www.wikidata.org/entity/Q3077308,Forlì Football Club,31.0,2016-08-01T00:00:00Z,2017-06-01T00:00:00Z
http://www.wikidata.org/entity/Q17403311,http://www.wikidata.org/entity/Q289713,Rimini Football Club,33.0,2018-07-01T00:00:00Z,2019-08-01T00:00:00Z
http://www.wikidata.org/entity/Q17403311,http://www.wikidata.org/entity/Q39604,Fulgor Maceratese,13.0,2015-08-01T00:00:00Z,2016-06-01T00:00:00Z
http://www.wikidata.org/entity/Q17403311,http://www.wikidata.org/entity/Q118904181,Dalian Yingbo Football Club,,2025-01-01T00:00:00Z,
http://www.wikidata.org/entity/Q17403311,http://www.wikidata.org/entity/Q528485,FK Ohrid,14.0,2011-01-01T00:00:00Z,2012-01-01T00:00:00Z
http://www.wikidata.org/entity/Q17403311,http://www.wikidata.org/entity/Q188568,équipe de Macédoine du Nord de football,7.0,2023-09-01T00:00:00Z,
http://www.wikidata.org/entity/Q17403311,http://www.wikidata.org/entity/Q20429561,Sepsi OSK Sfântu Gheorghe,45.0,2023-07-01T00:00:00Z,2025-01-01T00:00:00Z
http://www.wikidata.org/entity/Q17403311,http://www.wikidata.org/entity/Q833050,HNK Šibenik,24.0,2020-09-01T00:00:00Z,2021-06-01T00:00:00Z
http://www.wikidata.org/entity/Q17403311,http://www.wikidata.org/entity/Q908477,Qəbələ FK,61.0,2021-07-01T00:00:00Z,2023-07-01T00:00:00Z
http://www.wikidata.org/entity/Q17403311,http://www.wikidata.org/entity/Q289339,Associazione Calcio Lumezzane,27.0,2014-01-01T00:00:00Z,2015-01-01T00:00:00Z
http://www.wikidata.org/entity/Q17403441,http://www.wikidata.org/entity/Q235399,équipe de Jamaïque de football,1.0,2014-01-01T00:00:00Z,2014-01-01T00:00:00Z
http://www.wikidata.org/entity/Q17403441,http://www.wikidata.org/entity/Q18721,Norwich City FC,0.0,2012-01-01T00:00:00Z,2013-01-01T00:00:00Z
http://www.wikidata.org/entity/Q17429897,http://www.wikidata.org/entity/Q33748,Hanovre 96,0.0,2009-01-01T00:00:00Z,2010-01-01T00:00:00Z
http://www.wikidata.org/entity/Q17429897,http://www.wikidata.org/entity/Q160530,VfL Osnabrück,,2014-01-01T00:00:00Z,
http://www.wikidata.org/entity/Q17429897,http://www.wikidata.org/entity/Q157828,SV Holstein Kiel,51.0,2010-01-01T00:00:00Z,2012-01-01T00:00:00Z
http://www.wikidata.org/entity/Q17429897,http://www.wikidata.org/entity/Q666067,Sportfreunde Lotte,52.0,2012-01-01T00:00:00Z,2014-01-01T00:00:00Z
http://www.wikidata.org/entity/Q17432155,http://www.wikidata.org/entity/Q189847,1461 Trabzon,,2015-01-01T00:00:00Z,
http://www.wikidata.org/entity/Q17432155,http://www.wikidata.org/entity/Q157828,SV Holstein Kiel,10.0,2011-01-01T00:00:00Z,2011-01-01T00:00:00Z
http://www.wikidata.org/entity/Q17432155,http://www.wikidata.org/entity/Q192641,Trabzonspor,,2014-01-01T00:00:00Z,
http://www.wikidata.org/entity/Q17432155,http://www.wikidata.org/entity/Q157828,SV Holstein Kiel,15.0,2010-01-01T00:00:00Z,2011-01-01T00:00:00Z
http://www.wikidata.org/entity/Q17432155,http://www.wikidata.org/entity/Q101859,VfL Wolfsburg,79.0,2011-01-01T00:00:00Z,2014-01-01T00:00:00Z
http://www.wikidata.org/entity/Q17455634,http://www.wikidata.org/entity/Q18024471,MSV Duisburg II,21.0,2005-01-01T00:00:00Z,2006-01-01T00:00:00Z
http://www.wikidata.org/entity/Q17455634,http://www.wikidata.org/entity/Q316865,SC Preußen Münster,18.0,2002-01-01T00:00:00Z,2005-01-01T00:00:00Z
http://www.wikidata.org/entity/Q17455634,http://www.wikidata.org/entity/Q154293,MSV Duisbourg,0.0,2005-01-01T00:00:00Z,2006-01-01T00:00:00Z
http://www.wikidata.org/entity/Q17455634,http://www.wikidata.org/entity/Q537325,BV Cloppenburg,0.0,2006-01-01T00:00:00Z,2007-01-01T00:00:00Z
http://www.wikidata.org/entity/Q17455634,http://www.wikidata.org/entity/Q647893,SV Eintracht Trèves 1905,60.0,2010-01-01T00:00:00Z,2012-01-01T00:00:00Z
http://www.wikidata.org/entity/Q17455634,http://www.wikidata.org/entity/Q310608,SC Fortuna Cologne,,2012-01-01T00:00:00Z,
http://www.wikidata.org/entity/Q17455634,http://www.wikidata.org/entity/Q666067,Sportfreunde Lotte,99.0,2007-01-01T00:00:00Z,2010-01-01T00:00:00Z
http://www.wikidata.org/entity/Q17462519,http://www.wikidata.org/entity/Q10407,UD Almería,30.0,2012-01-01T00:00:00Z,2015-01-01T00:00:00Z
http://www.wikidata.org/entity/Q17462519,http://www.wikidata.org/entity/Q837183,Real Jaén,17.0,2013-01-01T00:00:00Z,2014-01-01T00:00:00Z
http://www.wikidata.org/entity/Q17462519,http://www.wikidata.org/entity/Q216661,Club Deportivo Tenerife,14.0,2014-01-01T00:00:00Z,2014-01-01T00:00:00Z
http://www.wikidata.org/entity/Q17462519,http://www.wikidata.org/entity/Q3487562,CF Atlético Ciudad,30.0,2009-01-01T00:00:00Z,2010-01-01T00:00:00Z
http://www.wikidata.org/entity/Q17462519,http://www.wikidata.org/entity/Q8812,Grenade CF,,2015-01-01T00:00:00Z,
http://www.wikidata.org/entity/Q17462519,http://www.wikidata.org/entity/Q2698432,Real Betis B,19.0,2010-01-01T00:00:00Z,2011-01-01T00:00:00Z
http://www.wikidata.org/entity/Q17462519,http://www.wikidata.org/entity/Q2569964,UD Almería B,32.0,2012-01-01T00:00:00Z,2014-01-01T00:00:00Z
http://www.wikidata.org/entity/Q17462519,http://www.wikidata.org/entity/Q1246437,Real Madrid C,23.0,2008-01-01T00:00:00Z,2009-01-01T00:00:00Z
http://www.wikidata.org/entity/Q17462519,http://www.wikidata.org/entity/Q680336,UD Melilla,35.0,2011-01-01T00:00:00Z,2012-01-01T00:00:00Z
http://www.wikidata.org/entity/Q17466699,http://www.wikidata.org/entity/Q3077308,Forlì Football Club,3.0,2014-01-01T00:00:00Z,2015-01-01T00:00:00Z
http://www.wikidata.org/entity/Q17466699,http://www.wikidata.org/entity/Q289521,Associazione Calcio Pavie 1911,22.0,2012-01-01T00:00:00Z,2014-01-01T00:00:00Z
http://www.wikidata.org/entity/Q17466699,http://www.wikidata.org/entity/Q6664,AC Cesena,0.0,2012-01-01T00:00:00Z,2015-01-01T00:00:00Z
http://www.wikidata.org/entity/Q17489848,http://www.wikidata.org/entity/Q4140019,équipe de Suisse de football des moins de 19 ans,7.0,2013-01-01T00:00:00Z,2014-01-01T00:00:00Z
http://www.wikidata.org/entity/Q17489848,http://www.wikidata.org/entity/Q678582,équipe de Suisse espoirs de football,,2014-01-01T00:00:00Z,
http://www.wikidata.org/entity/Q17489848,http://www.wikidata.org/entity/Q201969,FC Winterthour,3.0,2012-01-01T00:00:00Z,2012-01-01T00:00:00Z
http://www.wikidata.org/entity/Q17489848,http://www.wikidata.org/entity/Q206692,FC Zurich,28.0,2014-01-01T00:00:00Z,2015-01-01T00:00:00Z
http://www.wikidata.org/entity/Q17489848,http://www.wikidata.org/entity/Q105844,DSC Arminia Bielefeld,,2016-01-01T00:00:00Z,
http://www.wikidata.org/entity/Q17489848,http://www.wikidata.org/entity/Q3873550,équipe de Suisse de football des moins de 20 ans,1.0,2013-01-01T00:00:00Z,2014-01-01T00:00:00Z
http://www.wikidata.org/entity/Q17489848,http://www.wikidata.org/entity/Q101859,VfL Wolfsburg,1.0,2015-01-01T00:00:00Z,2016-01-01T00:00:00Z
http://www.wikidata.org/entity/Q17492941,http://www.wikidata.org/entity/Q190916,Club Bruges KV,,2017-01-01T00:00:00Z,2019-01-01T00:00:00Z
http://www.wikidata.org/entity/Q17492941,http://www.wikidata.org/entity/Q327100,équipe du Zimbabwe de football,,2015-01-01T00:00:00Z,
http://www.wikidata.org/entity/Q17492941,http://www.wikidata.org/entity/Q18711,Aston Villa FC,,2019-01-01T00:00:00Z,
http://www.wikidata.org/entity/Q17492941,http://www.wikidata.org/entity/Q219233,Vitesse Arnhem,,2014-01-01T00:00:00Z,2017-01-01T00:00:00Z
http://www.wikidata.org/entity/Q17492941,http://www.wikidata.org/entity/Q19523,AS Nancy-Lorraine,22.0,2012-01-01T00:00:00Z,2014-01-01T00:00:00Z
http://www.wikidata.org/entity/Q17492941,http://www.wikidata.org/entity/Q4857270,Bantu Tshintsha Guluva Rovers F.C.,,2010-01-01T00:00:00Z,2012-01-01T00:00:00Z
http://www.wikidata.org/entity/Q17492941,http://www.wikidata.org/entity/Q19523,AS Nancy-Lorraine,2.0,2014-01-01T00:00:00Z,2014-01-01T00:00:00Z
http://www.wikidata.org/entity/Q17505090,http://www.wikidata.org/entity/Q18284,Blyth Spartans Athletic Football Club,,2018-01-01T00:00:00Z,
http://www.wikidata.org/entity/Q17505090,http://www.wikidata.org/entity/Q48954,York City Football Club,24.0,2015-01-01T00:00:00Z,2016-01-01T00:00:00Z
http://www.wikidata.org/entity/Q17505090,http://www.wikidata.org/entity/Q19612,Preston North End FC,0.0,2014-01-01T00:00:00Z,2014-01-01T00:00:00Z
http://www.wikidata.org/entity/Q17505090,http://www.wikidata.org/entity/Q7576302,Spennymoor Town F.C.,20.0,2017-01-01T00:00:00Z,2018-01-01T00:00:00Z
http://www.wikidata.org/entity/Q17505090,http://www.wikidata.org/entity/Q18661,Middlesbrough FC,0.0,2014-01-01T00:00:00Z,2017-01-01T00:00:00Z
http://www.wikidata.org/entity/Q17505090,http://www.wikidata.org/entity/Q19592,Hartlepool United FC,4.0,2016-01-01T00:00:00Z,2016-01-01T00:00:00Z
http://www.wikidata.org/entity/Q17521997,http://www.wikidata.org/entity/Q479351,SV Darmstadt 98,67.0,2014-01-01T00:00:00Z,2016-01-01T00:00:00Z
http://www.wikidata.org/entity/Q17521997,http://www.wikidata.org/entity/Q16525419,1. FSV Mainz 05 II,51.0,2011-01-01T00:00:00Z,2014-01-01T00:00:00Z
http://www.wikidata.org/entity/Q17521997,http://www.wikidata.org/entity/Q51974,Hambourg SV,,2016-01-01T00:00:00Z,
http://www.wikidata.org/entity/Q17523883,http://www.wikidata.org/entity/Q2551669,Basingstoke Town Football Club,7.0,2013-01-01T00:00:00Z,2013-01-01T00:00:00Z
http://www.wikidata.org/entity/Q17523883,http://www.wikidata.org/entity/Q2450822,Bognor Regis Town F.C.,,2012-01-01T00:00:00Z,2012-01-01T00:00:00Z
http://www.wikidata.org/entity/Q17523883,http://www.wikidata.org/entity/Q18523,Newport County Association Football Club,,2015-01-01T00:00:00Z,
http://www.wikidata.org/entity/Q17523883,http://www.wikidata.org/entity/Q2551669,Basingstoke Town Football Club,7.0,2013-01-01T00:00:00Z,2014-01-01T00:00:00Z
http://www.wikidata.org/entity/Q17523883,http://www.wikidata.org/entity/Q2551669,Basingstoke Town Football Club,2.0,2015-01-01T00:00:00Z,2015-01-01T00:00:00Z
http://www.wikidata.org/entity/Q17523883,http://www.wikidata.org/entity/Q18729,Reading FC,0.0,2012-01-01T00:00:00Z,2014-01-01T00:00:00Z
http://www.wikidata.org/entity/Q17523883,http://www.wikidata.org/entity/Q48938,Dagenham & Redbridge FC,26.0,2014-01-01T00:00:00Z,2015-01-01T00:00:00Z
http://www.wikidata.org/entity/Q17560831,http://www.wikidata.org/entity/Q18521,Macclesfield Town Football Club,0.0,2018-01-01T00:00:00Z,2018-01-01T00:00:00Z
http://www.wikidata.org/entity/Q17560831,http://www.wikidata.org/entity/Q48954,York City Football Club,3.0,2016-01-01T00:00:00Z,2018-01-01T00:00:00Z
http://www.wikidata.org/entity/Q17560831,http://www.wikidata.org/entity/Q19601,Oldham Athletic AFC,0.0,2012-01-01T00:00:00Z,2014-01-01T00:00:00Z
http://www.wikidata.org/entity/Q17560831,http://www.wikidata.org/entity/Q18527,Tamworth Football Club,5.0,2018-01-01T00:00:00Z,2019-01-01T00:00:00Z
http://www.wikidata.org/entity/Q17560831,http://www.wikidata.org/entity/Q18300,Nantwich Town FC,4.0,2013-01-01T00:00:00Z,2013-01-01T00:00:00Z
http://www.wikidata.org/entity/Q17560831,http://www.wikidata.org/entity/Q48843,Accrington Stanley Football Club,8.0,2014-01-01T00:00:00Z,2015-01-01T00:00:00Z
http://www.wikidata.org/entity/Q17560831,http://www.wikidata.org/entity/Q2714,Watford Football Club,0.0,2015-01-01T00:00:00Z,2016-01-01T00:00:00Z
http://www.wikidata.org/entity/Q17560831,http://www.wikidata.org/entity/Q555635,Workington A.F.C.,6.0,2013-01-01T00:00:00Z,2014-01-01T00:00:00Z
http://www.wikidata.org/entity/Q17560831,http://www.wikidata.org/entity/Q19481,Leicester City FC,0.0,2014-01-01T00:00:00Z,2014-01-01T00:00:00Z
http://www.wikidata.org/entity/Q17579871,http://www.wikidata.org/entity/Q207337,équipe du Maroc de football,1.0,2015-01-01T00:00:00Z,2015-01-01T00:00:00Z
http://www.wikidata.org/entity/Q17579871,http://www.wikidata.org/entity/Q192071,Football Club de Nantes,,2014-01-01T00:00:00Z,
http://www.wikidata.org/entity/Q17579871,http://www.wikidata.org/entity/Q3555461,Luçon FC,13.0,2014-01-01T00:00:00Z,2014-01-01T00:00:00Z
http://www.wikidata.org/entity/Q17579871,http://www.wikidata.org/entity/Q3592919,Évry Football Club,22.0,2012-01-01T00:00:00Z,2013-01-01T00:00:00Z
http://www.wikidata.org/entity/Q17579871,http://www.wikidata.org/entity/Q192071,Football Club de Nantes,12.0,2013-01-01T00:00:00Z,2013-01-01T00:00:00Z
http://www.wikidata.org/entity/Q17579969,http://www.wikidata.org/entity/Q16838020,CS Universitatea Craiova,19.0,2021-02-01T00:00:00Z,2022-01-01T00:00:00Z
http://www.wikidata.org/entity/Q17579969,http://www.wikidata.org/entity/Q130044752,US Atletico Uri,,2024-07-01T00:00:00Z,
http://www.wikidata.org/entity/Q17579969,http://www.wikidata.org/entity/Q678582,équipe de Suisse espoirs de football,1.0,2014-01-01T00:00:00Z,2014-01-01T00:00:00Z
http://www.wikidata.org/entity/Q17579969,http://www.wikidata.org/entity/Q5424871,Asociația Fotbal Club Chindia Târgoviște,,2023-07-01T00:00:00Z,2024-07-01T00:00:00Z
http://www.wikidata.org/entity/Q17579969,http://www.wikidata.org/entity/Q6641,SSC Bari,25.0,2016-08-30T00:00:00Z,2017-07-01T00:00:00Z
http://www.wikidata.org/entity/Q17579969,http://www.wikidata.org/entity/Q139399,Calcio Foggia 1920,9.0,2017-08-17T00:00:00Z,2019-07-01T00:00:00Z
http://www.wikidata.org/entity/Q17579969,http://www.wikidata.org/entity/Q343030,Hamrun Spartans Football Club,16.0,2022-01-01T00:00:00Z,2023-01-01T00:00:00Z
http://www.wikidata.org/entity/Q17579969,http://www.wikidata.org/entity/Q201360,Grasshopper Zurich,12.0,2015-01-01T00:00:00Z,2015-01-01T00:00:00Z
http://www.wikidata.org/entity/Q17579969,http://www.wikidata.org/entity/Q16838020,CS Universitatea Craiova,25.0,2018-08-04T00:00:00Z,2019-07-01T00:00:00Z
http://www.wikidata.org/entity/Q17579969,http://www.wikidata.org/entity/Q321061,FC Sion,26.0,2012-01-01T00:00:00Z,2015-07-30T00:00:00Z
http://www.wikidata.org/entity/Q17579969,http://www.wikidata.org/entity/Q610621,Carpi Football Club 1909,8.0,2015-07-30T00:00:00Z,2016-07-01T00:00:00Z
http://www.wikidata.org/entity/Q17579969,http://www.wikidata.org/entity/Q803976,Birkirkara Football Club,10.0,2023-01-01T00:00:00Z,2023-07-01T00:00:00Z
http://www.wikidata.org/entity/Q17579969,http://www.wikidata.org/entity/Q610621,Carpi Football Club 1909,1.0,2016-07-01T00:00:00Z,2018-08-17T00:00:00Z
http://www.wikidata.org/entity/Q17579969,http://www.wikidata.org/entity/Q212269,Valenciennes FC,12.0,2019-07-01T00:00:00Z,2021-02-01T00:00:00Z
http://www.wikidata.org/entity/Q17579969,http://www.wikidata.org/entity/Q6664,AC Cesena,14.0,2018-01-31T00:00:00Z,2018-06-30T00:00:00Z
http://www.wikidata.org/entity/Q17580249,http://www.wikidata.org/entity/Q19451,Bolton Wanderers FC,0.0,2011-01-01T00:00:00Z,2014-01-01T00:00:00Z
http://www.wikidata.org/entity/Q17580249,http://www.wikidata.org/entity/Q18460,Salford City,,2014-01-01T00:00:00Z,
http://www.wikidata.org/entity/Q17580249,http://www.wikidata.org/entity/Q48843,Accrington Stanley Football Club,2.0,2014-01-01T00:00:00Z,2014-01-01T00:00:00Z
http://www.wikidata.org/entity/Q17612103,http://www.wikidata.org/entity/Q914169,RCD Majorque B,71.0,2011-01-01T00:00:00Z,2013-01-01T00:00:00Z
http://www.wikidata.org/entity/Q17612103,http://www.wikidata.org/entity/Q8835,RCD Majorque,0.0,2013-01-01T00:00:00Z,2013-01-01T00:00:00Z
http://www.wikidata.org/entity/Q17612103,http://www.wikidata.org/entity/Q914169,RCD Majorque B,,2014-01-01T00:00:00Z,
http://www.wikidata.org/entity/Q17612103,http://www.wikidata.org/entity/Q1387287,La Roda CF,12.0,2014-01-01T00:00:00Z,2014-01-01T00:00:00Z
http://www.wikidata.org/entity/Q17612159,http://www.wikidata.org/entity/Q1672798,équipe d'Irlande espoirs de football,,2015-01-01T00:00:00Z,
http://www.wikidata.org/entity/Q17612159,http://www.wikidata.org/entity/Q20807149,Central Florida USL team,,2016-01-01T00:00:00Z,
http://www.wikidata.org/entity/Q17612159,http://www.wikidata.org/entity/Q9306853,Irlande -19 ans,,2011-01-01T00:00:00Z,2011-01-01T00:00:00Z
http://www.wikidata.org/entity/Q17612159,http://www.wikidata.org/entity/Q9306853,Irlande -19 ans,13.0,2013-01-01T00:00:00Z,2014-01-01T00:00:00Z
http://www.wikidata.org/entity/Q17612159,http://www.wikidata.org/entity/Q9306853,Irlande -19 ans,16.0,2012-01-01T00:00:00Z,2013-01-01T00:00:00Z
http://www.wikidata.org/entity/Q17612159,http://www.wikidata.org/entity/Q18721,Norwich City FC,0.0,2013-01-01T00:00:00Z,2015-01-01T00:00:00Z
http://www.wikidata.org/entity/Q17612166,http://www.wikidata.org/entity/Q541744,RB Bragantino,31.0,2013-01-01T00:00:00Z,2014-01-01T00:00:00Z
http://www.wikidata.org/entity/Q17612166,http://www.wikidata.org/entity/Q2052,ACF Fiorentina,,2011-01-01T00:00:00Z,2012-01-01T00:00:00Z
http://www.wikidata.org/entity/Q17612166,http://www.wikidata.org/entity/Q333838,Thonon Évian Grand Genève Football Club,,2015-01-01T00:00:00Z,
http://www.wikidata.org/entity/Q17612166,http://www.wikidata.org/entity/Q910453,Esporte Clube Juventude,51.0,2009-01-01T00:00:00Z,2013-01-01T00:00:00Z
http://www.wikidata.org/entity/Q19060781,http://www.wikidata.org/entity/Q172969,Chakhtar Donetsk,130.0,2015-01-01T00:00:00Z,2020-12-01T00:00:00Z
http://www.wikidata.org/entity/Q19060781,http://www.wikidata.org/entity/Q170403,équipe d'Ukraine de football,33.0,2016-01-01T00:00:00Z,2021-01-01T00:00:00Z
http://www.wikidata.org/entity/Q19060781,http://www.wikidata.org/entity/Q1579270,équipe d'Ukraine espoirs de football,6.0,2015-01-01T00:00:00Z,2015-01-01T00:00:00Z
http://www.wikidata.org/entity/Q19060781,http://www.wikidata.org/entity/Q2582887,équipe d'Ukraine de football des moins de 17 ans,20.0,2010-01-01T00:00:00Z,2013-01-01T00:00:00Z
http://www.wikidata.org/entity/Q19060781,http://www.wikidata.org/entity/Q8615,Spezia Calcio,45.0,2021-08-01T00:00:00Z,2023-06-01T00:00:00Z
http://www.wikidata.org/entity/Q19060781,http://www.wikidata.org/entity/Q7878404,équipe d'Ukraine de football des moins de 16 ans,13.0,2011-01-01T00:00:00Z,2012-01-01T00:00:00Z
http://www.wikidata.org/entity/Q19060781,http://www.wikidata.org/entity/Q9307287,équipe d'Ukraine de football des moins de 20 ans,5.0,2015-01-01T00:00:00Z,2015-01-01T00:00:00Z
http://www.wikidata.org/entity/Q19060781,http://www.wikidata.org/entity/Q172969,Chakhtar Donetsk,,2008-01-01T00:00:00Z,2015-01-01T00:00:00Z
http://www.wikidata.org/entity/Q19060781,http://www.wikidata.org/entity/Q6703,Empoli Football Club,,2023-08-01T00:00:00Z,
http://www.wikidata.org/entity/Q19060781,http://www.wikidata.org/entity/Q1886,Atalanta Bergame,,2021-01-01T00:00:00Z,
http://www.wikidata.org/entity/Q19060781,http://www.wikidata.org/entity/Q2392398,équipe d'Ukraine de football des moins de 19 ans,20.0,2013-01-01T00:00:00Z,2015-01-01T00:00:00Z
http://www.wikidata.org/entity/Q19206088,http://www.wikidata.org/entity/Q1187790,équipe d'Argentine des moins de 20 ans de football,6.0,1997-01-01T00:00:00Z,1997-01-01T00:00:00Z
http://www.wikidata.org/entity/Q19206088,http://www.wikidata.org/entity/Q80897,Club Atlético Colón,1.0,2004-01-01T00:00:00Z,2005-01-01T00:00:00Z
http://www.wikidata.org/entity/Q19206088,http://www.wikidata.org/entity/Q6641,SSC Bari,84.0,1999-01-01T00:00:00Z,2004-01-01T00:00:00Z
http://www.wikidata.org/entity/Q19206088,http://www.wikidata.org/entity/Q220621,Argentinos Juniors,47.0,1996-01-01T00:00:00Z,1999-01-01T00:00:00Z
http://www.wikidata.org/entity/Q19206088,http://www.wikidata.org/entity/Q775966,Quilmes AC,5.0,2005-01-01T00:00:00Z,2007-01-01T00:00:00Z
http://www.wikidata.org/entity/Q19281632,http://www.wikidata.org/entity/Q18214766,FC Fleury 91,,2021-01-01T00:00:00Z,
http://www.wikidata.org/entity/Q19281632,http://www.wikidata.org/entity/Q1387311,Libourne FA,,2010-01-01T00:00:00Z,2012-01-01T00:00:00Z
http://www.wikidata.org/entity/Q19281632,http://www.wikidata.org/entity/Q929352,Trélissac Football Club,28.0,2012-01-01T00:00:00Z,2013-01-01T00:00:00Z
http://www.wikidata.org/entity/Q19281632,http://www.wikidata.org/entity/Q172476,Girondins de Bordeaux,0.0,2014-01-01T00:00:00Z,2015-01-01T00:00:00Z
http://www.wikidata.org/entity/Q19281632,http://www.wikidata.org/entity/Q720872,Real Avilés Club de Fútbol,9.0,2015-01-01T00:00:00Z,2015-01-01T00:00:00Z
http://www.wikidata.org/entity/Q19281632,http://www.wikidata.org/entity/Q2656996,Blois Football 41,,2020-01-01T00:00:00Z,2021-01-01T00:00:00Z
http://www.wikidata.org/entity/Q19281632,http://www.wikidata.org/entity/Q2897087,Bergerac Périgord FC,,2015-01-01T00:00:00Z,2020-01-01T00:00:00Z
http://www.wikidata.org/entity/Q19366883,http://www.wikidata.org/entity/Q1584246,Hapoël Ironi Rishon-Lezion,36.0,2011-01-01T00:00:00Z,2013-01-01T00:00:00Z
http://www.wikidata.org/entity/Q19366883,http://www.wikidata.org/entity/Q223728,Maccabi Tel-Aviv FC,51.0,2017-01-01T00:00:00Z,2020-01-01T00:00:00Z
http://www.wikidata.org/entity/Q19366883,http://www.wikidata.org/entity/Q240783,Omonia Nicosie,7.0,2024-01-01T00:00:00Z,2025-01-01T00:00:00Z
http://www.wikidata.org/entity/Q19366883,http://www.wikidata.org/entity/Q2277185,équipe d'Israël espoirs de football,3.0,2013-01-01T00:00:00Z,2013-01-01T00:00:00Z
http://www.wikidata.org/entity/Q19366883,http://www.wikidata.org/entity/Q223727,Betar Jérusalem,59.0,2013-01-01T00:00:00Z,2016-01-01T00:00:00Z
http://www.wikidata.org/entity/Q19366883,http://www.wikidata.org/entity/Q191406,équipe d'Israël de football,6.0,2016-01-01T00:00:00Z,2022-01-01T00:00:00Z
http://www.wikidata.org/entity/Q19366883,http://www.wikidata.org/entity/Q8812,Grenade CF,9.0,2016-01-01T00:00:00Z,2017-01-01T00:00:00Z
http://www.wikidata.org/entity/Q19366883,http://www.wikidata.org/entity/Q223727,Betar Jérusalem,31.0,2025-01-01T00:00:00Z,
http://www.wikidata.org/entity/Q19366883,http://www.wikidata.org/entity/Q131378,APOEL Nicosie,11.0,2020-01-01T00:00:00Z,2021-01-01T00:00:00Z
http://www.wikidata.org/entity/Q19366883,http://www.wikidata.org/entity/Q2902792,équipe d'Israël de football des moins de 19 ans,3.0,2012-01-01T00:00:00Z,2012-01-01T00:00:00Z
http://www.wikidata.org/entity/Q19366883,http://www.wikidata.org/entity/Q2129100,Maccabi Haïfa FC,61.0,2021-01-01T00:00:00Z,2023-01-01T00:00:00Z
http://www.wikidata.org/entity/Q19366883,http://www.wikidata.org/entity/Q812720,Al-Aïn Football Club,20.0,2023-01-01T00:00:00Z,2024-01-01T00:00:00Z
http://www.wikidata.org/entity/Q19502139,http://www.wikidata.org/entity/Q101859,VfL Wolfsburg,64.0,2012-01-01T00:00:00Z,2015-01-01T00:00:00Z
http://www.wikidata.org/entity/Q19502139,http://www.wikidata.org/entity/Q157828,SV Holstein Kiel,49.0,2010-01-01T00:00:00Z,2012-01-01T00:00:00Z
http://www.wikidata.org/entity/Q19502139,http://www.wikidata.org/entity/Q18024471,MSV Duisburg II,,2015-01-01T00:00:00Z,
http://www.wikidata.org/entity/Q19502139,http://www.wikidata.org/entity/Q161554,Chemnitzer FC,35.0,2014-01-01T00:00:00Z,2015-01-01T00:00:00Z
http://www.wikidata.org/entity/Q19502139,http://www.wikidata.org/entity/Q154293,MSV Duisbourg,,2015-01-01T00:00:00Z,
http://www.wikidata.org/entity/Q19560263,http://www.wikidata.org/entity/Q1277549,équipe de France espoirs de football,17.0,2015-01-01T00:00:00Z,2019-01-01T00:00:00Z
http://www.wikidata.org/entity/Q19560263,http://www.wikidata.org/entity/Q459148,En avant Guingamp,129.0,2015-07-01T00:00:00Z,2019-07-01T00:00:00Z
http://www.wikidata.org/entity/Q19560263,http://www.wikidata.org/entity/Q192071,Football Club de Nantes,131.0,2019-07-01T00:00:00Z,2025-09-01T00:00:00Z
http://www.wikidata.org/entity/Q19587938,http://www.wikidata.org/entity/Q19481,Leicester City FC,252.0,2017-01-01T00:00:00Z,2025-01-01T00:00:00Z
http://www.wikidata.org/entity/Q19587938,http://www.wikidata.org/entity/Q181930,équipe du Nigéria de football,66.0,2015-01-01T00:00:00Z,
http://www.wikidata.org/entity/Q19587938,http://www.wikidata.org/entity/Q3720221,équipe du Nigeria de football des moins de 20 ans,7.0,2013-01-01T00:00:00Z,2015-01-01T00:00:00Z
http://www.wikidata.org/entity/Q19587938,http://www.wikidata.org/entity/Q216032,KRC Genk,,2015-01-01T00:00:00Z,2017-01-01T00:00:00Z
http://www.wikidata.org/entity/Q19594183,http://www.wikidata.org/entity/Q16841704,équipe d'Irlande de football des moins de 20 ans,9.0,2012-01-01T00:00:00Z,2013-01-01T00:00:00Z
http://www.wikidata.org/entity/Q19594183,http://www.wikidata.org/entity/Q5214935,FC Halifax Town,10.0,2015-01-01T00:00:00Z,2015-01-01T00:00:00Z
http://www.wikidata.org/entity/Q19594183,http://www.wikidata.org/entity/Q319136,St Mirren Football Club,11.0,2015-01-01T00:00:00Z,2015-01-01T00:00:00Z
http://www.wikidata.org/entity/Q19594183,http://www.wikidata.org/entity/Q244874,Sligo Rovers Football Club,,2016-01-01T00:00:00Z,
http://www.wikidata.org/entity/Q19594183,http://www.wikidata.org/entity/Q1672798,équipe d'Irlande espoirs de football,,2014-01-01T00:00:00Z,
http://www.wikidata.org/entity/Q19594183,http://www.wikidata.org/entity/Q19495,Peterborough United FC,1.0,2015-01-01T00:00:00Z,2016-01-01T00:00:00Z
http://www.wikidata.org/entity/Q19594183,http://www.wikidata.org/entity/Q18747,West Ham United FC,0.0,2013-01-01T00:00:00Z,2015-01-01T00:00:00Z
http://www.wikidata.org/entity/Q19662444,http://www.wikidata.org/entity/Q3446766,équipe de Croatie des moins de 19 ans,8.0,2014-01-01T00:00:00Z,2015-01-01T00:00:00Z
http://www.wikidata.org/entity/Q19662444,http://www.wikidata.org/entity/Q172803,Dinamo Zagreb,1.0,2014-01-01T00:00:00Z,2015-01-01T00:00:00Z
http://www.wikidata.org/entity/Q19662444,http://www.wikidata.org/entity/Q19444,Birmingham City FC,160.0,2019-07-27T00:00:00Z,2024-01-01T00:00:00Z
http://www.wikidata.org/entity/Q19662444,http://www.wikidata.org/entity/Q2331381,équipe de Croatie espoirs de football,18.0,2014-01-01T00:00:00Z,2019-01-01T00:00:00Z
http://www.wikidata.org/entity/Q19662444,http://www.wikidata.org/entity/Q3589940,équipe de Croatie de football des moins de 17 ans,21.0,2012-01-01T00:00:00Z,2013-01-01T00:00:00Z
http://www.wikidata.org/entity/Q19666353,http://www.wikidata.org/entity/Q18732,Southampton FC,0.0,2012-01-01T00:00:00Z,2014-01-01T00:00:00Z
http://www.wikidata.org/entity/Q19666353,http://www.wikidata.org/entity/Q19575,Carlisle United Football Club,20.0,2015-01-01T00:00:00Z,2015-01-01T00:00:00Z
http://www.wikidata.org/entity/Q19666353,http://www.wikidata.org/entity/Q2658370,Dover Athletic FC,2.0,2015-01-01T00:00:00Z,2015-01-01T00:00:00Z
http://www.wikidata.org/entity/Q19666353,http://www.wikidata.org/entity/Q19498,Sheffield Wednesday FC,0.0,2014-01-01T00:00:00Z,2015-01-01T00:00:00Z
http://www.wikidata.org/entity/Q19666353,http://www.wikidata.org/entity/Q18518,Kidderminster Harriers Football Club,,2015-01-01T00:00:00Z,
http://www.wikidata.org/entity/Q19667207,http://www.wikidata.org/entity/Q2276413,Virtus Entella,31.0,2011-01-01T00:00:00Z,2012-01-01T00:00:00Z
http://www.wikidata.org/entity/Q19667207,http://www.wikidata.org/entity/Q289696,AC Sangiovannese 1927,5.0,2003-01-01T00:00:00Z,2004-01-01T00:00:00Z
http://www.wikidata.org/entity/Q19667207,http://www.wikidata.org/entity/Q297430,S.S. Arezzo,,2014-01-01T00:00:00Z,
http://www.wikidata.org/entity/Q19667207,http://www.wikidata.org/entity/Q3304997,S.S.D. Tivoli Calcio 1919,0.0,2002-01-01T00:00:00Z,2003-01-01T00:00:00Z
http://www.wikidata.org/entity/Q19667207,http://www.wikidata.org/entity/Q748406,A.S. Sestese Calcio,25.0,2004-01-01T00:00:00Z,2005-01-01T00:00:00Z
http://www.wikidata.org/entity/Q19667207,http://www.wikidata.org/entity/Q6703,Empoli Football Club,0.0,2002-01-01T00:00:00Z,2003-01-01T00:00:00Z
http://www.wikidata.org/entity/Q19667207,http://www.wikidata.org/entity/Q944876,Calcio Lecco,110.0,2006-01-01T00:00:00Z,2010-01-01T00:00:00Z
http://www.wikidata.org/entity/Q19667207,http://www.wikidata.org/entity/Q1508747,Sorrente Calcio,32.0,2013-01-01T00:00:00Z,2014-01-01T00:00:00Z
http://www.wikidata.org/entity/Q19667207,http://www.wikidata.org/entity/Q2124104,Royal Cercle Sportif Visé,18.0,2012-01-01T00:00:00Z,2013-01-01T00:00:00Z
http://www.wikidata.org/entity/Q19667207,http://www.wikidata.org/entity/Q16837921,S.S.D. Correggese Calcio 1948,,2014-01-01T00:00:00Z,2014-01-01T00:00:00Z
http://www.wikidata.org/entity/Q19760517,http://www.wikidata.org/entity/Q10467,FC Barcelone B,103.0,2015-01-01T00:00:00Z,2019-01-01T00:00:00Z
http://www.wikidata.org/entity/Q19760517,http://www.wikidata.org/entity/Q19521,AS Saint-Étienne,9.0,2019-01-01T00:00:00Z,2020-01-01T00:00:00Z
http://www.wikidata.org/entity/Q19760517,http://www.wikidata.org/entity/Q172476,Girondins de Bordeaux,25.0,2018-01-01T00:00:00Z,2019-01-01T00:00:00Z
http://www.wikidata.org/entity/Q19760517,http://www.wikidata.org/entity/Q856119,Club Deportivo Leganés,4.0,2020-01-01T00:00:00Z,
http://www.wikidata.org/entity/Q19894177,http://www.wikidata.org/entity/Q172476,Girondins de Bordeaux,75.0,2011-01-01T00:00:00Z,2014-01-01T00:00:00Z
http://www.wikidata.org/entity/Q19894177,http://www.wikidata.org/entity/Q1450557,équipe de France de football des moins de 18 ans,1.0,2011-01-01T00:00:00Z,2011-01-01T00:00:00Z
http://www.wikidata.org/entity/Q19894177,http://www.wikidata.org/entity/Q19571,Brentford FC,,2015-01-01T00:00:00Z,
http://www.wikidata.org/entity/Q19894177,http://www.wikidata.org/entity/Q626917,Chamois niortais,33.0,2014-01-01T00:00:00Z,2015-01-01T00:00:00Z
http://www.wikidata.org/entity/Q19895103,http://www.wikidata.org/entity/Q1450568,équipe de France de football des moins de 17 ans,7.0,2012-01-01T00:00:00Z,2013-01-01T00:00:00Z
http://www.wikidata.org/entity/Q19895103,http://www.wikidata.org/entity/Q212269,Valenciennes FC,,2015-01-01T00:00:00Z,
http://www.wikidata.org/entity/Q19895103,http://www.wikidata.org/entity/Q2701714,équipe de France de football des moins de 19 ans,15.0,2014-01-01T00:00:00Z,2015-01-01T00:00:00Z
http://www.wikidata.org/entity/Q19895103,http://www.wikidata.org/entity/Q1450557,équipe de France de football des moins de 18 ans,4.0,2013-01-01T00:00:00Z,2014-01-01T00:00:00Z
http://www.wikidata.org/entity/Q19895103,http://www.wikidata.org/entity/Q212269,Valenciennes FC,18.0,2013-01-01T00:00:00Z,2015-01-01T00:00:00Z
http://www.wikidata.org/entity/Q19587938,http://www.wikidata.org/entity/Q172567,Beşiktaş JK,,2025-08-01T00:00:00Z,
http://www.wikidata.org/entity/Q19560263,http://www.wikidata.org/entity/Q497334,équipe de Guadeloupe de football,6.0,2023-01-01T00:00:00Z,
http://www.wikidata.org/entity/Q19560263,http://www.wikidata.org/entity/Q205998,CFR Cluj,9.0,2025-09-01T00:00:00Z,2026-01-01T00:00:00Z
http://www.wikidata.org/entity/Q19560263,http://www.wikidata.org/entity/Q206585,Hapoël Tel-Aviv,0.0,2026-01-01T00:00:00Z,
http://www.wikidata.org/entity/Q19662444,http://www.wikidata.org/entity/Q134479,équipe de Croatie de football,1.0,2017-01-01T00:00:00Z,2017-01-01T00:00:00Z
http://www.wikidata.org/entity/Q19662444,http://www.wikidata.org/entity/Q181190,équipe de Bosnie-Herzégovine de football,10.0,2024-01-01T00:00:00Z,
http://www.wikidata.org/entity/Q19662444,http://www.wikidata.org/entity/Q99662863,Dinamo Zagreb II,30.0,2015-01-01T00:00:00Z,2016-01-01T00:00:00Z
http://www.wikidata.org/entity/Q19662444,http://www.wikidata.org/entity/Q959086,NK Lokomotiva Zagreb,73.0,2016-01-01T00:00:00Z,2018-01-01T00:00:00Z
http://www.wikidata.org/entity/Q19662444,http://www.wikidata.org/entity/Q172803,Dinamo Zagreb,24.0,2018-01-01T00:00:00Z,2019-01-01T00:00:00Z
http://www.wikidata.org/entity/Q19662444,http://www.wikidata.org/entity/Q102720,Hertha BSC,18.0,2022-01-01T00:00:00Z,2023-01-01T00:00:00Z
http://www.wikidata.org/entity/Q19662444,http://www.wikidata.org/entity/Q17442894,Pafos FC,61.0,2024-01-01T00:00:00Z,
http://www.wikidata.org/entity/Q18978014,http://www.wikidata.org/entity/Q204888,PAOK Salonique,0.0,2026-01-01T00:00:00Z,
http://www.wikidata.org/entity/Q18375280,http://www.wikidata.org/entity/Q153539,SpVgg Greuther Fürth,,2016-01-01T00:00:00Z,
http://www.wikidata.org/entity/Q18375280,http://www.wikidata.org/entity/Q33748,Hanovre 96,7.0,2015-01-01T00:00:00Z,2016-01-01T00:00:00Z
http://www.wikidata.org/entity/Q18375280,http://www.wikidata.org/entity/Q33748,Hanovre 96,,2014-01-01T00:00:00Z,
http://www.wikidata.org/entity/Q18375280,http://www.wikidata.org/entity/Q16637410,TSG 1899 Hoffenheim II,47.0,2012-01-01T00:00:00Z,2014-01-01T00:00:00Z
http://www.wikidata.org/entity/Q18410656,http://www.wikidata.org/entity/Q107421,VfB Stuttgart II,,2015-01-01T00:00:00Z,
http://www.wikidata.org/entity/Q18410656,http://www.wikidata.org/entity/Q107421,VfB Stuttgart II,7.0,2014-01-01T00:00:00Z,2015-01-01T00:00:00Z
http://www.wikidata.org/entity/Q18410656,http://www.wikidata.org/entity/Q15786,1. FC Nuremberg,0.0,2011-01-01T00:00:00Z,2015-01-01T00:00:00Z
http://www.wikidata.org/entity/Q18410656,http://www.wikidata.org/entity/Q4545849,FC Nuremberg II,63.0,2011-01-01T00:00:00Z,2015-01-01T00:00:00Z
http://www.wikidata.org/entity/Q18410656,http://www.wikidata.org/entity/Q4512,VfB Stuttgart,,2015-01-01T00:00:00Z,
http://www.wikidata.org/entity/Q18603797,http://www.wikidata.org/entity/Q3590367,équipe de Slovaquie de football des moins de 17 ans,4.0,2011-01-01T00:00:00Z,2011-01-01T00:00:00Z
http://www.wikidata.org/entity/Q18603797,http://www.wikidata.org/entity/Q15100696,équipe de Slovaquie de football des moins de 20 ans,2.0,2014-01-01T00:00:00Z,2014-01-01T00:00:00Z
http://www.wikidata.org/entity/Q18603797,http://www.wikidata.org/entity/Q8455,FC Pro Verceil 1892,0.0,2018-01-01T00:00:00Z,2018-01-01T00:00:00Z
http://www.wikidata.org/entity/Q18603797,http://www.wikidata.org/entity/Q1457,UC Sampdoria,21.0,2015-01-01T00:00:00Z,2019-01-01T00:00:00Z
http://www.wikidata.org/entity/Q18603797,http://www.wikidata.org/entity/Q2414604,Vis Pesaro dal 1898,4.0,2018-01-01T00:00:00Z,2019-01-01T00:00:00Z
http://www.wikidata.org/entity/Q18603797,http://www.wikidata.org/entity/Q772725,Dinamo Brest,14.0,2021-03-01T00:00:00Z,2021-06-01T00:00:00Z
http://www.wikidata.org/entity/Q18603797,http://www.wikidata.org/entity/Q1969085,équipe de Slovaquie espoirs de football,13.0,2015-01-01T00:00:00Z,2017-01-01T00:00:00Z
http://www.wikidata.org/entity/Q18603797,http://www.wikidata.org/entity/Q14749501,équipe de Slovaquie de football des moins de 19 ans,12.0,2013-01-01T00:00:00Z,2013-01-01T00:00:00Z
http://www.wikidata.org/entity/Q18603797,http://www.wikidata.org/entity/Q16850251,équipe de Slovaquie de football des moins de 16 ans,5.0,2011-01-01T00:00:00Z,2011-01-01T00:00:00Z
http://www.wikidata.org/entity/Q18603797,http://www.wikidata.org/entity/Q2037,Associazione Calcio ChievoVerona,0.0,2019-01-01T00:00:00Z,2021-08-01T00:00:00Z
http://www.wikidata.org/entity/Q18603797,http://www.wikidata.org/entity/Q6641,SSC Bari,8.0,2016-01-01T00:00:00Z,2017-01-01T00:00:00Z
http://www.wikidata.org/entity/Q18603797,http://www.wikidata.org/entity/Q16850254,équipe de Slovaquie de football des moins de 18 ans,9.0,2012-01-01T00:00:00Z,2013-01-01T00:00:00Z
http://www.wikidata.org/entity/Q18603797,http://www.wikidata.org/entity/Q772725,Dinamo Brest,20.0,2022-01-01T00:00:00Z,2022-12-01T00:00:00Z
http://www.wikidata.org/entity/Q18637401,http://www.wikidata.org/entity/Q18736,Stoke City FC,0.0,2013-01-01T00:00:00Z,2014-01-01T00:00:00Z
http://www.wikidata.org/entity/Q18637401,http://www.wikidata.org/entity/Q636315,Helmond Sport,20.0,2014-01-01T00:00:00Z,2015-01-01T00:00:00Z
http://www.wikidata.org/entity/Q18637401,http://www.wikidata.org/entity/Q2008976,SVV Scheveningen,,2015-01-01T00:00:00Z,
http://www.wikidata.org/entity/Q18637440,http://www.wikidata.org/entity/Q18747,West Ham United FC,0.0,2014-01-01T00:00:00Z,2015-01-01T00:00:00Z
http://www.wikidata.org/entity/Q18637440,http://www.wikidata.org/entity/Q3589826,équipe d'Irlande du Nord de football des moins de 17 ans,11.0,2012-01-01T00:00:00Z,2013-01-01T00:00:00Z
http://www.wikidata.org/entity/Q18637440,http://www.wikidata.org/entity/Q190978,équipe d'Irlande du Nord de football,2.0,2014-01-01T00:00:00Z,2014-01-01T00:00:00Z
http://www.wikidata.org/entity/Q18637440,http://www.wikidata.org/entity/Q19578,Colchester United FC,1.0,2014-01-01T00:00:00Z,2015-01-01T00:00:00Z
http://www.wikidata.org/entity/Q18637440,http://www.wikidata.org/entity/Q19578,Colchester United FC,,2015-01-01T00:00:00Z,
http://www.wikidata.org/entity/Q18637440,http://www.wikidata.org/entity/Q14308317,équipe d'Irlande du Nord de football des moins de 16 ans,5.0,2012-01-01T00:00:00Z,2012-01-01T00:00:00Z
http://www.wikidata.org/entity/Q18637440,http://www.wikidata.org/entity/Q7058582,équipe d'Irlande du Nord de football des moins de 19 ans,9.0,2013-01-01T00:00:00Z,2014-01-01T00:00:00Z
http://www.wikidata.org/entity/Q18637440,http://www.wikidata.org/entity/Q1998181,équipe d'Irlande du Nord espoirs de football,,2014-01-01T00:00:00Z,
http://www.wikidata.org/entity/Q18637463,http://www.wikidata.org/entity/Q48946,Oxford United Football Club,4.0,2006-01-01T00:00:00Z,2006-01-01T00:00:00Z
http://www.wikidata.org/entity/Q18637463,http://www.wikidata.org/entity/Q4647150,A.F.C. Portchester,,2013-01-01T00:00:00Z,2013-01-01T00:00:00Z
http://www.wikidata.org/entity/Q18637463,http://www.wikidata.org/entity/Q19604,Portsmouth FC,0.0,2005-01-01T00:00:00Z,2006-01-01T00:00:00Z
http://www.wikidata.org/entity/Q18637463,http://www.wikidata.org/entity/Q2450822,Bognor Regis Town F.C.,,2006-01-01T00:00:00Z,2007-01-01T00:00:00Z
http://www.wikidata.org/entity/Q18637463,http://www.wikidata.org/entity/Q390256,Dunfermline Athletic Football Club,11.0,2005-01-01T00:00:00Z,2006-01-01T00:00:00Z
http://www.wikidata.org/entity/Q18637868,http://www.wikidata.org/entity/Q790195,Barakaldo CF,,2003-01-01T00:00:00Z,2008-01-01T00:00:00Z
http://www.wikidata.org/entity/Q18637868,http://www.wikidata.org/entity/Q794970,Athletic Bilbao B,44.0,2011-01-01T00:00:00Z,2014-01-01T00:00:00Z
http://www.wikidata.org/entity/Q18637868,http://www.wikidata.org/entity/Q8687,Athletic Bilbao,,1999-01-01T00:00:00Z,2003-01-01T00:00:00Z
http://www.wikidata.org/entity/Q18637868,http://www.wikidata.org/entity/Q790195,Barakaldo CF,38.0,2013-01-01T00:00:00Z,2014-01-01T00:00:00Z
http://www.wikidata.org/entity/Q18637868,http://www.wikidata.org/entity/Q791164,Avispa Fukuoka,67.0,2018-01-01T00:00:00Z,2020-01-01T00:00:00Z
http://www.wikidata.org/entity/Q18637868,http://www.wikidata.org/entity/Q1067737,UD Logroñés,31.0,2021-01-01T00:00:00Z,2022-01-01T00:00:00Z
http://www.wikidata.org/entity/Q18637868,http://www.wikidata.org/entity/Q5857189,Sociedad Deportiva Deusto,,2008-01-01T00:00:00Z,2009-01-01T00:00:00Z
http://www.wikidata.org/entity/Q18637868,http://www.wikidata.org/entity/Q738846,équipe du Pays basque de football,1.0,2018-01-01T00:00:00Z,
http://www.wikidata.org/entity/Q18637868,http://www.wikidata.org/entity/Q11198999,F.C. Imabari,49.0,2023-01-01T00:00:00Z,2024-01-01T00:00:00Z
http://www.wikidata.org/entity/Q18637868,http://www.wikidata.org/entity/Q856119,Club Deportivo Leganés,81.0,2014-01-01T00:00:00Z,2018-01-01T00:00:00Z
http://www.wikidata.org/entity/Q18637868,http://www.wikidata.org/entity/Q11984,Club Deportivo Lugo,0.0,2014-01-01T00:00:00Z,2015-01-01T00:00:00Z
http://www.wikidata.org/entity/Q18637868,http://www.wikidata.org/entity/Q790195,Barakaldo CF,27.0,2008-01-01T00:00:00Z,2011-01-01T00:00:00Z
http://www.wikidata.org/entity/Q18637868,http://www.wikidata.org/entity/Q216661,Club Deportivo Tenerife,3.0,2021-01-01T00:00:00Z,2021-01-01T00:00:00Z
http://www.wikidata.org/entity/Q18638190,http://www.wikidata.org/entity/Q172476,Girondins de Bordeaux,,2014-01-01T00:00:00Z,
http://www.wikidata.org/entity/Q18638190,http://www.wikidata.org/entity/Q172476,Girondins de Bordeaux,49.0,2013-01-01T00:00:00Z,2015-01-01T00:00:00Z
http://www.wikidata.org/entity/Q18638190,http://www.wikidata.org/entity/Q19353,Anji Makhatchkala,,2016-07-01T00:00:00Z,
http://www.wikidata.org/entity/Q18684812,http://www.wikidata.org/entity/Q19498,Sheffield Wednesday FC,0.0,1997-01-01T00:00:00Z,2001-01-01T00:00:00Z
http://www.wikidata.org/entity/Q18684812,http://www.wikidata.org/entity/Q19495,Peterborough United FC,,2000-01-01T00:00:00Z,2000-01-01T00:00:00Z
http://www.wikidata.org/entity/Q18684812,http://www.wikidata.org/entity/Q19495,Peterborough United FC,5.0,1996-01-01T00:00:00Z,1997-01-01T00:00:00Z
http://www.wikidata.org/entity/Q18685828,http://www.wikidata.org/entity/Q2701714,équipe de France de football des moins de 19 ans,2.0,2012-01-01T00:00:00Z,2013-01-01T00:00:00Z
http://www.wikidata.org/entity/Q18685828,http://www.wikidata.org/entity/Q1344163,équipe de France de football des moins de 20 ans,3.0,2013-01-01T00:00:00Z,
http://www.wikidata.org/entity/Q18685828,http://www.wikidata.org/entity/Q533094,FCV Farul Constanța,29.0,2023-07-01T00:00:00Z,2024-07-01T00:00:00Z
http://www.wikidata.org/entity/Q18685828,http://www.wikidata.org/entity/Q533094,FCV Farul Constanța,30.0,2019-09-01T00:00:00Z,2022-07-01T00:00:00Z
http://www.wikidata.org/entity/Q18685828,http://www.wikidata.org/entity/Q680770,Fotbal Club UTA Arad,,2024-09-01T00:00:00Z,
http://www.wikidata.org/entity/Q18685828,http://www.wikidata.org/entity/Q245162,Rapid Bucarest,1.0,2022-07-01T00:00:00Z,2023-07-01T00:00:00Z
http://www.wikidata.org/entity/Q18685828,http://www.wikidata.org/entity/Q212269,Valenciennes FC,0.0,2013-01-01T00:00:00Z,2014-01-01T00:00:00Z
http://www.wikidata.org/entity/Q18685828,http://www.wikidata.org/entity/Q138248,K Saint-Trond VV,54.0,2015-01-01T00:00:00Z,2018-12-01T00:00:00Z
http://www.wikidata.org/entity/Q18685828,http://www.wikidata.org/entity/Q204237,FC Dinamo Bucarest,10.0,2019-01-23T00:00:00Z,2019-07-01T00:00:00Z
http://www.wikidata.org/entity/Q18685828,http://www.wikidata.org/entity/Q190561,Standard de Liège,10.0,2014-01-01T00:00:00Z,2015-01-01T00:00:00Z
http://www.wikidata.org/entity/Q18704871,http://www.wikidata.org/entity/Q19598,Notts County FC,,2015-01-01T00:00:00Z,
http://www.wikidata.org/entity/Q18704871,http://www.wikidata.org/entity/Q18509,Cambridge United FC,2.0,2014-01-01T00:00:00Z,2015-01-01T00:00:00Z
http://www.wikidata.org/entity/Q18704871,http://www.wikidata.org/entity/Q2303493,Eastleigh Football Club,2.0,2015-01-01T00:00:00Z,2015-01-01T00:00:00Z
http://www.wikidata.org/entity/Q18704871,http://www.wikidata.org/entity/Q18744,West Bromwich Albion,0.0,2014-01-01T00:00:00Z,2015-01-01T00:00:00Z
http://www.wikidata.org/entity/Q18712519,http://www.wikidata.org/entity/Q444031,Altonaer FC 1893,,2015-01-01T00:00:00Z,
http://www.wikidata.org/entity/Q18712519,http://www.wikidata.org/entity/Q142005,FC Hansa Rostock,8.0,2008-01-01T00:00:00Z,2009-01-01T00:00:00Z
http://www.wikidata.org/entity/Q18712519,http://www.wikidata.org/entity/Q101859,VfL Wolfsburg,4.0,2012-01-01T00:00:00Z,2014-01-01T00:00:00Z
http://www.wikidata.org/entity/Q18712519,http://www.wikidata.org/entity/Q6463,FC Sankt Pauli,46.0,2009-01-01T00:00:00Z,2012-01-01T00:00:00Z
http://www.wikidata.org/entity/Q18712519,http://www.wikidata.org/entity/Q335483,Dundee FC,1.0,2014-01-01T00:00:00Z,2015-01-01T00:00:00Z
http://www.wikidata.org/entity/Q18719702,http://www.wikidata.org/entity/Q978110,Centro Atlético Fénix,,2015-01-01T00:00:00Z,2015-01-01T00:00:00Z
http://www.wikidata.org/entity/Q18719702,http://www.wikidata.org/entity/Q978110,Centro Atlético Fénix,1.0,2014-01-01T00:00:00Z,2014-01-01T00:00:00Z
http://www.wikidata.org/entity/Q18719702,http://www.wikidata.org/entity/Q719344,CA Cerro,19.0,2014-01-01T00:00:00Z,2014-01-01T00:00:00Z
http://www.wikidata.org/entity/Q18719702,http://www.wikidata.org/entity/Q6690,Football Club Crotone,1.0,2015-01-01T00:00:00Z,
http://www.wikidata.org/entity/Q18719702,http://www.wikidata.org/entity/Q602482,Cienciano del Cusco,1.0,2015-01-01T00:00:00Z,2015-01-01T00:00:00Z
http://www.wikidata.org/entity/Q18938815,http://www.wikidata.org/entity/Q870173,Vannes Olympique Club,27.0,2013-01-01T00:00:00Z,2014-01-01T00:00:00Z
http://www.wikidata.org/entity/Q18938815,http://www.wikidata.org/entity/Q192071,Football Club de Nantes,,2015-01-01T00:00:00Z,
http://www.wikidata.org/entity/Q18938815,http://www.wikidata.org/entity/Q333838,Thonon Évian Grand Genève Football Club,24.0,2012-01-01T00:00:00Z,2015-01-01T00:00:00Z
http://www.wikidata.org/entity/Q18978014,http://www.wikidata.org/entity/Q7917090,Vataniakos F.C.,33.0,2012-01-01T00:00:00Z,2014-01-01T00:00:00Z
http://www.wikidata.org/entity/Q18978014,http://www.wikidata.org/entity/Q957565,équipe de Grèce espoirs de football,5.0,2015-01-01T00:00:00Z,2016-01-01T00:00:00Z
http://www.wikidata.org/entity/Q18978014,http://www.wikidata.org/entity/Q18721,Norwich City FC,16.0,2021-01-01T00:00:00Z,2021-01-01T00:00:00Z
http://www.wikidata.org/entity/Q18978014,http://www.wikidata.org/entity/Q1348189,Veria F.C.,30.0,2015-01-01T00:00:00Z,2016-01-01T00:00:00Z
http://www.wikidata.org/entity/Q18978014,http://www.wikidata.org/entity/Q15755,FC Augsbourg,58.0,2024-01-01T00:00:00Z,2026-01-01T00:00:00Z
http://www.wikidata.org/entity/Q18978014,http://www.wikidata.org/entity/Q757754,Atromitos Football Club,42.0,2017-01-01T00:00:00Z,2019-01-01T00:00:00Z
http://www.wikidata.org/entity/Q18978014,http://www.wikidata.org/entity/Q134925,équipe de Grèce de football,32.0,2018-01-01T00:00:00Z,
http://www.wikidata.org/entity/Q18978014,http://www.wikidata.org/entity/Q141688,Anorthosis Famagouste FC,8.0,2017-01-01T00:00:00Z,2017-01-01T00:00:00Z
http://www.wikidata.org/entity/Q18978014,http://www.wikidata.org/entity/Q2092873,Pierikos,26.0,2014-01-01T00:00:00Z,2015-01-01T00:00:00Z
http://www.wikidata.org/entity/Q18978014,http://www.wikidata.org/entity/Q18721,Norwich City FC,78.0,2021-01-01T00:00:00Z,2024-01-01T00:00:00Z
http://www.wikidata.org/entity/Q18978014,http://www.wikidata.org/entity/Q204888,PAOK Salonique,54.0,2014-01-01T00:00:00Z,2021-01-01T00:00:00Z
http://www.wikidata.org/entity/Q18637868,http://www.wikidata.org/entity/Q778887,FC Gifu,18.0,2025-01-01T00:00:00Z,
http://www.wikidata.org/entity/Q19895103,http://www.wikidata.org/entity/Q1344163,équipe de France de football des moins de 20 ans,,2015-01-01T00:00:00Z,
http://www.wikidata.org/entity/Q19895220,http://www.wikidata.org/entity/Q172476,Girondins de Bordeaux,,2015-01-01T00:00:00Z,
http://www.wikidata.org/entity/Q19895220,http://www.wikidata.org/entity/Q1277549,équipe de France espoirs de football,,2015-01-01T00:00:00Z,
http://www.wikidata.org/entity/Q19895220,http://www.wikidata.org/entity/Q298279,AS Cherbourg Football,28.0,2013-01-01T00:00:00Z,2014-01-01T00:00:00Z
http://www.wikidata.org/entity/Q19895220,http://www.wikidata.org/entity/Q172476,Girondins de Bordeaux,20.0,2014-01-01T00:00:00Z,2015-01-01T00:00:00Z
http://www.wikidata.org/entity/Q19895220,http://www.wikidata.org/entity/Q193377,Stade Malherbe Caen,2.0,2012-01-01T00:00:00Z,2013-01-01T00:00:00Z
http://www.wikidata.org/entity/Q19904097,http://www.wikidata.org/entity/Q852079,Burgos CF,13.0,2011-01-01T00:00:00Z,2012-01-01T00:00:00Z
http://www.wikidata.org/entity/Q19904097,http://www.wikidata.org/entity/Q2420558,RSD Alcalá,1.0,2012-01-01T00:00:00Z,2012-01-01T00:00:00Z
http://www.wikidata.org/entity/Q19904097,http://www.wikidata.org/entity/Q5202316,Cádiz CF B,3.0,2010-01-01T00:00:00Z,2010-01-01T00:00:00Z
http://www.wikidata.org/entity/Q19904097,http://www.wikidata.org/entity/Q8812,Grenade CF,1.0,2011-01-01T00:00:00Z,2011-01-01T00:00:00Z
http://www.wikidata.org/entity/Q19963697,http://www.wikidata.org/entity/Q870173,Vannes Olympique Club,0.0,2011-01-01T00:00:00Z,2012-01-01T00:00:00Z
http://www.wikidata.org/entity/Q19963697,http://www.wikidata.org/entity/Q19513,Montpellier Hérault SC,0.0,2010-01-01T00:00:00Z,2013-01-01T00:00:00Z
http://www.wikidata.org/entity/Q19963697,http://www.wikidata.org/entity/Q222837,Athlétic Club arlésien,,2013-01-01T00:00:00Z,
http://www.wikidata.org/entity/Q19969384,http://www.wikidata.org/entity/Q24904,ADO La Haye,5.0,2015-01-01T00:00:00Z,2016-01-01T00:00:00Z
http://www.wikidata.org/entity/Q19969384,http://www.wikidata.org/entity/Q729640,équipe de Curaçao de football,37.0,2019-06-26T00:00:00Z,
http://www.wikidata.org/entity/Q19969384,http://www.wikidata.org/entity/Q18659,Swansea City AFC,1.0,2013-01-01T00:00:00Z,
http://www.wikidata.org/entity/Q19975783,http://www.wikidata.org/entity/Q298333,Lucchese 1905,38.0,2016-01-01T00:00:00Z,2017-01-01T00:00:00Z
http://www.wikidata.org/entity/Q19975783,http://www.wikidata.org/entity/Q1136016,Cosenza Calcio,64.0,2017-01-01T00:00:00Z,2019-01-01T00:00:00Z
http://www.wikidata.org/entity/Q19975783,http://www.wikidata.org/entity/Q289521,Associazione Calcio Pavie 1911,13.0,2015-01-01T00:00:00Z,2016-01-01T00:00:00Z
http://www.wikidata.org/entity/Q19975783,http://www.wikidata.org/entity/Q2031462,U.S. Pro Melfi,104.0,2011-01-01T00:00:00Z,2015-01-01T00:00:00Z
http://www.wikidata.org/entity/Q19975783,http://www.wikidata.org/entity/Q6651,Brescia Calcio,4.0,2019-01-01T00:00:00Z,
http://www.wikidata.org/entity/Q19975783,http://www.wikidata.org/entity/Q6703,Empoli Football Club,0.0,2015-01-01T00:00:00Z,2017-01-01T00:00:00Z
http://www.wikidata.org/entity/Q19975783,http://www.wikidata.org/entity/Q279043,équipe d'Albanie espoirs de football,1.0,2013-01-01T00:00:00Z,2014-01-01T00:00:00Z
http://www.wikidata.org/entity/Q19975783,http://www.wikidata.org/entity/Q186262,équipe d'Albanie de football,5.0,2018-01-01T00:00:00Z,
http://www.wikidata.org/entity/Q20023132,http://www.wikidata.org/entity/Q9426,Stevenage FC,0.0,2014-01-01T00:00:00Z,2014-01-01T00:00:00Z
http://www.wikidata.org/entity/Q20023132,http://www.wikidata.org/entity/Q18509,Cambridge United FC,4.0,2014-01-01T00:00:00Z,2014-01-01T00:00:00Z
http://www.wikidata.org/entity/Q20023132,http://www.wikidata.org/entity/Q18519,Lincoln City Football Club,0.0,2012-01-01T00:00:00Z,2012-01-01T00:00:00Z
http://www.wikidata.org/entity/Q20023132,http://www.wikidata.org/entity/Q18522,Mansfield Town FC,4.0,2015-01-01T00:00:00Z,2015-01-01T00:00:00Z
http://www.wikidata.org/entity/Q20023132,http://www.wikidata.org/entity/Q48935,Chesterfield Football Club,0.0,2011-01-01T00:00:00Z,2011-01-01T00:00:00Z
http://www.wikidata.org/entity/Q20023132,http://www.wikidata.org/entity/Q19481,Leicester City FC,0.0,2011-01-01T00:00:00Z,2015-01-01T00:00:00Z
http://www.wikidata.org/entity/Q20023132,http://www.wikidata.org/entity/Q18524,Nuneaton Town F.C.,7.0,2012-01-01T00:00:00Z,2012-01-01T00:00:00Z
http://www.wikidata.org/entity/Q20023132,http://www.wikidata.org/entity/Q48945,Northampton Town FC,,2015-01-01T00:00:00Z,
http://www.wikidata.org/entity/Q20090069,http://www.wikidata.org/entity/Q19521,AS Saint-Étienne,39.0,2011-01-01T00:00:00Z,2012-01-01T00:00:00Z
http://www.wikidata.org/entity/Q20090069,http://www.wikidata.org/entity/Q182876,AJ Auxerre,,2014-01-01T00:00:00Z,
http://www.wikidata.org/entity/Q20090069,http://www.wikidata.org/entity/Q209509,Grenoble Foot 38,16.0,2013-01-01T00:00:00Z,2014-01-01T00:00:00Z
http://www.wikidata.org/entity/Q20090587,http://www.wikidata.org/entity/Q187528,RSC Anderlecht,,2018-07-01T00:00:00Z,2020-08-10T00:00:00Z
http://www.wikidata.org/entity/Q20090587,http://www.wikidata.org/entity/Q1277549,équipe de France espoirs de football,6.0,2016-01-01T00:00:00Z,2016-01-01T00:00:00Z
http://www.wikidata.org/entity/Q20090587,http://www.wikidata.org/entity/Q364698,Cercle Bruges KSV,,2020-08-11T00:00:00Z,
http://www.wikidata.org/entity/Q20090587,http://www.wikidata.org/entity/Q221525,FC Metz,69.0,2013-01-01T00:00:00Z,2018-06-30T00:00:00Z
http://www.wikidata.org/entity/Q20090587,http://www.wikidata.org/entity/Q2701714,équipe de France de football des moins de 19 ans,4.0,2013-01-01T00:00:00Z,2013-01-01T00:00:00Z
http://www.wikidata.org/entity/Q20090587,http://www.wikidata.org/entity/Q216032,KRC Genk,,2020-01-27T00:00:00Z,2020-06-30T00:00:00Z
http://www.wikidata.org/entity/Q20090587,http://www.wikidata.org/entity/Q1450557,équipe de France de football des moins de 18 ans,1.0,2012-01-01T00:00:00Z,2012-01-01T00:00:00Z
http://www.wikidata.org/entity/Q20090587,http://www.wikidata.org/entity/Q3590033,équipe de France de football des moins de 16 ans,4.0,2011-01-01T00:00:00Z,2011-01-01T00:00:00Z
http://www.wikidata.org/entity/Q20090587,http://www.wikidata.org/entity/Q925973,RFC Seraing,31.0,2014-01-01T00:00:00Z,2015-01-01T00:00:00Z
http://www.wikidata.org/entity/Q20090587,http://www.wikidata.org/entity/Q1344163,équipe de France de football des moins de 20 ans,5.0,2015-01-01T00:00:00Z,2015-01-01T00:00:00Z
http://www.wikidata.org/entity/Q20172066,http://www.wikidata.org/entity/Q134916,équipe d'Uruguay de football,16.0,2019-03-22T00:00:00Z,2021-11-16T00:00:00Z
http://www.wikidata.org/entity/Q20172066,http://www.wikidata.org/entity/Q16320,Club Atlético Peñarol,141.0,2018-01-03T00:00:00Z,2022-01-29T00:00:00Z
http://www.wikidata.org/entity/Q20172066,http://www.wikidata.org/entity/Q980573,Club Atlético River Plate,72.0,2014-01-01T00:00:00Z,2018-01-03T00:00:00Z
http://www.wikidata.org/entity/Q20172066,http://www.wikidata.org/entity/Q8835,RCD Majorque,16.0,2022-01-29T00:00:00Z,
http://www.wikidata.org/entity/Q20203081,http://www.wikidata.org/entity/Q819400,SV Meppen,,2014-01-01T00:00:00Z,
http://www.wikidata.org/entity/Q20203081,http://www.wikidata.org/entity/Q160530,VfL Osnabrück,,2012-01-01T00:00:00Z,2013-01-01T00:00:00Z
http://www.wikidata.org/entity/Q20203081,http://www.wikidata.org/entity/Q666067,Sportfreunde Lotte,0.0,2011-01-01T00:00:00Z,2012-01-01T00:00:00Z
http://www.wikidata.org/entity/Q20203081,http://www.wikidata.org/entity/Q244374,équipe du Kirghizistan de football,,2015-01-01T00:00:00Z,
http://www.wikidata.org/entity/Q20203081,http://www.wikidata.org/entity/Q537301,TSV Havelse,6.0,2013-01-01T00:00:00Z,2014-01-01T00:00:00Z
http://www.wikidata.org/entity/Q20203081,http://www.wikidata.org/entity/Q101859,VfL Wolfsburg,28.0,2008-01-01T00:00:00Z,2011-01-01T00:00:00Z
http://www.wikidata.org/entity/Q20203081,http://www.wikidata.org/entity/Q1202759,équipe d'Allemagne de football des moins de 16 ans,4.0,2005-01-01T00:00:00Z,2006-01-01T00:00:00Z
http://www.wikidata.org/entity/Q20641029,http://www.wikidata.org/entity/Q192071,Football Club de Nantes,,2014-01-01T00:00:00Z,
http://www.wikidata.org/entity/Q20641029,http://www.wikidata.org/entity/Q192071,Football Club de Nantes,40.0,2012-01-01T00:00:00Z,2016-01-01T00:00:00Z
http://www.wikidata.org/entity/Q20641409,http://www.wikidata.org/entity/Q2331232,équipe d'Italie de football des moins de 17 ans,2.0,2011-01-01T00:00:00Z,2011-01-01T00:00:00Z
http://www.wikidata.org/entity/Q20641409,http://www.wikidata.org/entity/Q6703,Empoli Football Club,0.0,2014-01-01T00:00:00Z,2015-01-01T00:00:00Z
http://www.wikidata.org/entity/Q20641409,http://www.wikidata.org/entity/Q3873502,équipe d'Italie de football des moins de 16 ans,2.0,2011-01-01T00:00:00Z,2011-01-01T00:00:00Z
http://www.wikidata.org/entity/Q20641409,http://www.wikidata.org/entity/Q2798,Udinese Calcio,,2014-01-01T00:00:00Z,
http://www.wikidata.org/entity/Q20641535,http://www.wikidata.org/entity/Q725332,GIF Sundsvall,,2015-01-01T00:00:00Z,
http://www.wikidata.org/entity/Q20641535,http://www.wikidata.org/entity/Q18736,Stoke City FC,0.0,2011-01-01T00:00:00Z,2012-01-01T00:00:00Z
http://www.wikidata.org/entity/Q20641535,http://www.wikidata.org/entity/Q1162813,IK Frej,11.0,2015-01-01T00:00:00Z,2015-01-01T00:00:00Z
http://www.wikidata.org/entity/Q20641535,http://www.wikidata.org/entity/Q120705,Dalkurd FF,63.0,2012-01-01T00:00:00Z,2015-01-01T00:00:00Z
http://www.wikidata.org/entity/Q20675980,http://www.wikidata.org/entity/Q19607,Sheffield United FC,97.0,2020-01-01T00:00:00Z,2023-01-01T00:00:00Z
http://www.wikidata.org/entity/Q20675980,http://www.wikidata.org/entity/Q212819,Vålerenga Fotball,36.0,2015-01-01T00:00:00Z,2017-01-01T00:00:00Z
http://www.wikidata.org/entity/Q20675980,http://www.wikidata.org/entity/Q731372,Asker Fotball,8.0,2013-01-01T00:00:00Z,2014-01-01T00:00:00Z
http://www.wikidata.org/entity/Q20675980,http://www.wikidata.org/entity/Q184387,équipe de Norvège de football,46.0,2017-01-01T00:00:00Z,
http://www.wikidata.org/entity/Q20675980,http://www.wikidata.org/entity/Q216032,KRC Genk,84.0,2017-01-01T00:00:00Z,2020-01-01T00:00:00Z
http://www.wikidata.org/entity/Q20675980,http://www.wikidata.org/entity/Q18708,Fulham FC,,2024-08-01T00:00:00Z,
http://www.wikidata.org/entity/Q20675980,http://www.wikidata.org/entity/Q2446294,équipe de Norvège espoirs de football,2.0,2016-01-01T00:00:00Z,2016-01-01T00:00:00Z
http://www.wikidata.org/entity/Q20675980,http://www.wikidata.org/entity/Q19458,Burnley FC,37.0,2023-01-01T00:00:00Z,2024-01-01T00:00:00Z
http://www.wikidata.org/entity/Q20711307,http://www.wikidata.org/entity/Q8812,Grenade CF,,2016-07-22T00:00:00Z,2017-06-30T00:00:00Z
http://www.wikidata.org/entity/Q20711307,http://www.wikidata.org/entity/Q138248,K Saint-Trond VV,,2015-07-14T00:00:00Z,2016-06-30T00:00:00Z
http://www.wikidata.org/entity/Q20711307,http://www.wikidata.org/entity/Q3589949,équipe de Côte d'Ivoire de football des moins de 17 ans,4.0,2011-01-01T00:00:00Z,2011-01-01T00:00:00Z
http://www.wikidata.org/entity/Q20711307,http://www.wikidata.org/entity/Q9616,Chelsea FC,,2014-01-01T00:00:00Z,2015-01-01T00:00:00Z
http://www.wikidata.org/entity/Q20711307,http://www.wikidata.org/entity/Q509170,Sportkring Beveren,,2017-07-28T00:00:00Z,2018-05-31T00:00:00Z
http://www.wikidata.org/entity/Q20711307,http://www.wikidata.org/entity/Q2494171,Dinamo Makhatchkala,5.0,2024-06-01T00:00:00Z,2025-06-01T00:00:00Z
http://www.wikidata.org/entity/Q20711307,http://www.wikidata.org/entity/Q9616,Chelsea FC,,2015-01-01T00:00:00Z,2019-05-31T00:00:00Z
http://www.wikidata.org/entity/Q20711307,http://www.wikidata.org/entity/Q3589949,équipe de Côte d'Ivoire de football des moins de 17 ans,4.0,2013-01-01T00:00:00Z,2014-01-01T00:00:00Z
http://www.wikidata.org/entity/Q20711307,http://www.wikidata.org/entity/Q175145,équipe de Côte d'Ivoire de football,1.0,2014-01-01T00:00:00Z,
http://www.wikidata.org/entity/Q20711307,http://www.wikidata.org/entity/Q5202776,équipe de Côte d'Ivoire de football des moins de 20 ans,2.0,2015-01-01T00:00:00Z,2015-01-01T00:00:00Z
http://www.wikidata.org/entity/Q20711307,http://www.wikidata.org/entity/Q221525,FC Metz,46.0,2019-07-01T00:00:00Z,2021-06-01T00:00:00Z
http://www.wikidata.org/entity/Q20711307,http://www.wikidata.org/entity/Q221525,FC Metz,,2018-07-27T00:00:00Z,2019-05-31T00:00:00Z
http://www.wikidata.org/entity/Q20711307,http://www.wikidata.org/entity/Q54834034,FK Sotchi,38.0,2021-07-01T00:00:00Z,2025-08-01T00:00:00Z
http://www.wikidata.org/entity/Q20711307,http://www.wikidata.org/entity/Q191101,BATE Borisov,,2026-04-01T00:00:00Z,
http://www.wikidata.org/entity/Q17612166,http://www.wikidata.org/entity/Q8639,Hellas Vérone Football Club,15.0,2014-01-01T00:00:00Z,2015-01-01T00:00:00Z
http://www.wikidata.org/entity/Q17612261,http://www.wikidata.org/entity/Q727093,Club Deportivo Basconia,31.0,2010-01-01T00:00:00Z,2011-01-01T00:00:00Z
http://www.wikidata.org/entity/Q17612261,http://www.wikidata.org/entity/Q10308,Real Saragosse,169.0,2017-01-01T00:00:00Z,2021-01-01T00:00:00Z
http://www.wikidata.org/entity/Q17612261,http://www.wikidata.org/entity/Q794970,Athletic Bilbao B,90.0,2011-01-01T00:00:00Z,2014-01-01T00:00:00Z
http://www.wikidata.org/entity/Q17612261,http://www.wikidata.org/entity/Q31533,NK Celje,16.0,2024-01-01T00:00:00Z,2025-01-01T00:00:00Z
http://www.wikidata.org/entity/Q17612261,http://www.wikidata.org/entity/Q8687,Athletic Bilbao,,2004-01-01T00:00:00Z,2010-01-01T00:00:00Z
http://www.wikidata.org/entity/Q17612261,http://www.wikidata.org/entity/Q10407,UD Almería,40.0,2022-01-01T00:00:00Z,2023-01-01T00:00:00Z
http://www.wikidata.org/entity/Q17612261,http://www.wikidata.org/entity/Q11997,Club Deportivo Mirandés,73.0,2015-01-01T00:00:00Z,2017-01-01T00:00:00Z
http://www.wikidata.org/entity/Q17612261,http://www.wikidata.org/entity/Q12260,CE Sabadell,36.0,2014-01-01T00:00:00Z,2015-01-01T00:00:00Z
http://www.wikidata.org/entity/Q17620431,http://www.wikidata.org/entity/Q1387287,La Roda CF,32.0,2015-01-01T00:00:00Z,2016-01-01T00:00:00Z
http://www.wikidata.org/entity/Q17620431,http://www.wikidata.org/entity/Q1067737,UD Logroñés,46.0,2022-01-01T00:00:00Z,2023-01-01T00:00:00Z
http://www.wikidata.org/entity/Q17620431,http://www.wikidata.org/entity/Q770740,SD Eibar,47.0,2011-01-01T00:00:00Z,2015-01-01T00:00:00Z
http://www.wikidata.org/entity/Q17620431,http://www.wikidata.org/entity/Q770740,SD Eibar,,2007-01-01T00:00:00Z,2009-01-01T00:00:00Z
http://www.wikidata.org/entity/Q17620431,http://www.wikidata.org/entity/Q754699,SD Leioa,33.0,2016-01-01T00:00:00Z,2017-01-01T00:00:00Z
http://www.wikidata.org/entity/Q17620431,http://www.wikidata.org/entity/Q460448,Cádiz CF,16.0,2014-01-01T00:00:00Z,2015-01-01T00:00:00Z
http://www.wikidata.org/entity/Q17620431,http://www.wikidata.org/entity/Q668243,SD Eibar B,65.0,2009-01-01T00:00:00Z,2012-01-01T00:00:00Z
http://www.wikidata.org/entity/Q17620431,http://www.wikidata.org/entity/Q843396,Racing de Ferrol,11.0,2018-01-01T00:00:00Z,2018-01-01T00:00:00Z
http://www.wikidata.org/entity/Q17620431,http://www.wikidata.org/entity/Q515516,SD Amorebieta,102.0,2018-01-01T00:00:00Z,2021-01-01T00:00:00Z
http://www.wikidata.org/entity/Q17620431,http://www.wikidata.org/entity/Q8687,Athletic Bilbao,,2002-01-01T00:00:00Z,2007-01-01T00:00:00Z
http://www.wikidata.org/entity/Q17620431,http://www.wikidata.org/entity/Q23695767,Club Deportivo El Ejido 2012,18.0,2017-01-01T00:00:00Z,2017-01-01T00:00:00Z
http://www.wikidata.org/entity/Q17635038,http://www.wikidata.org/entity/Q2714,Watford Football Club,,2016-01-01T00:00:00Z,
http://www.wikidata.org/entity/Q17635038,http://www.wikidata.org/entity/Q3720221,équipe du Nigeria de football des moins de 20 ans,,2015-01-01T00:00:00Z,
http://www.wikidata.org/entity/Q17635038,http://www.wikidata.org/entity/Q3590737,équipe du Nigeria de football des moins de 17 ans,7.0,2013-01-01T00:00:00Z,2013-01-01T00:00:00Z
http://www.wikidata.org/entity/Q17635038,http://www.wikidata.org/entity/Q8812,Grenade CF,49.0,2014-01-01T00:00:00Z,2016-01-01T00:00:00Z
http://www.wikidata.org/entity/Q17712339,http://www.wikidata.org/entity/Q394466,Waterford United Football Club,34.0,2011-01-01T00:00:00Z,2012-01-01T00:00:00Z
http://www.wikidata.org/entity/Q17712339,http://www.wikidata.org/entity/Q932284,Cork City FC,,2015-01-01T00:00:00Z,
http://www.wikidata.org/entity/Q17712339,http://www.wikidata.org/entity/Q9306853,Irlande -19 ans,3.0,2012-01-01T00:00:00Z,2012-01-01T00:00:00Z
http://www.wikidata.org/entity/Q17712339,http://www.wikidata.org/entity/Q18747,West Ham United FC,0.0,2013-01-01T00:00:00Z,2015-01-01T00:00:00Z
http://www.wikidata.org/entity/Q17712339,http://www.wikidata.org/entity/Q338557,Dundalk Football Club,6.0,2015-01-01T00:00:00Z,2015-01-01T00:00:00Z
http://www.wikidata.org/entity/Q17712339,http://www.wikidata.org/entity/Q48843,Accrington Stanley Football Club,33.0,2014-01-01T00:00:00Z,2015-01-01T00:00:00Z
http://www.wikidata.org/entity/Q17712339,http://www.wikidata.org/entity/Q1672798,équipe d'Irlande espoirs de football,,2015-01-01T00:00:00Z,
http://www.wikidata.org/entity/Q17712339,http://www.wikidata.org/entity/Q244874,Sligo Rovers Football Club,18.0,2014-01-01T00:00:00Z,2014-01-01T00:00:00Z
http://www.wikidata.org/entity/Q17986054,http://www.wikidata.org/entity/Q48950,Rotherham United FC,,2017-01-01T00:00:00Z,
http://www.wikidata.org/entity/Q17986054,http://www.wikidata.org/entity/Q48954,York City Football Club,8.0,2018-01-01T00:00:00Z,2019-01-01T00:00:00Z
http://www.wikidata.org/entity/Q17986054,http://www.wikidata.org/entity/Q18512,Forest Green Rovers Football Club,11.0,2018-01-01T00:00:00Z,2018-01-01T00:00:00Z
http://www.wikidata.org/entity/Q17986054,http://www.wikidata.org/entity/Q18659,Swansea City AFC,0.0,2014-01-01T00:00:00Z,2017-01-01T00:00:00Z
http://www.wikidata.org/entity/Q17986054,http://www.wikidata.org/entity/Q48947,Plymouth Argyle FC,1.0,2014-01-01T00:00:00Z,2014-01-01T00:00:00Z
http://www.wikidata.org/entity/Q17986054,http://www.wikidata.org/entity/Q2343389,Weston-super-Mare A.F.C.,,2019-01-01T00:00:00Z,2019-01-01T00:00:00Z
http://www.wikidata.org/entity/Q17986054,http://www.wikidata.org/entity/Q48950,Rotherham United FC,2.0,2017-01-01T00:00:00Z,2017-01-01T00:00:00Z
http://www.wikidata.org/entity/Q18041089,http://www.wikidata.org/entity/Q19481,Leicester City FC,91.0,2020-09-03T00:00:00Z,2023-08-29T00:00:00Z
http://www.wikidata.org/entity/Q18041089,http://www.wikidata.org/entity/Q18708,Fulham FC,,2023-08-29T00:00:00Z,
http://www.wikidata.org/entity/Q18041089,http://www.wikidata.org/entity/Q3589896,équipe de Belgique de football des moins de 19 ans,12.0,2013-05-24T00:00:00Z,2014-06-02T00:00:00Z
http://www.wikidata.org/entity/Q18041089,http://www.wikidata.org/entity/Q166776,équipe de Belgique de football,69.0,2018-09-07T00:00:00Z,
http://www.wikidata.org/entity/Q18041089,http://www.wikidata.org/entity/Q216032,KRC Genk,,2014-07-01T00:00:00Z,2017-07-07T00:00:00Z
http://www.wikidata.org/entity/Q18041089,http://www.wikidata.org/entity/Q1886,Atalanta Bergame,,2017-07-07T00:00:00Z,2020-09-03T00:00:00Z
http://www.wikidata.org/entity/Q18041089,http://www.wikidata.org/entity/Q15224541,équipe de Belgique de football des moins de 18 ans,4.0,2013-03-05T00:00:00Z,2013-04-12T00:00:00Z
http://www.wikidata.org/entity/Q18041089,http://www.wikidata.org/entity/Q815515,équipe de Belgique espoirs de football,,2014-11-12T00:00:00Z,2016-10-11T00:00:00Z
http://www.wikidata.org/entity/Q18045123,http://www.wikidata.org/entity/Q19513,Montpellier Hérault SC,16.0,2013-01-01T00:00:00Z,2015-01-01T00:00:00Z
http://www.wikidata.org/entity/Q18045123,http://www.wikidata.org/entity/Q19513,Montpellier Hérault SC,,2015-01-01T00:00:00Z,
http://www.wikidata.org/entity/Q18045123,http://www.wikidata.org/entity/Q207441,équipe du Sénégal de football,,2014-01-01T00:00:00Z,
http://www.wikidata.org/entity/Q18045123,http://www.wikidata.org/entity/Q207441,équipe du Sénégal de football,,2015-01-01T00:00:00Z,
http://www.wikidata.org/entity/Q18045447,http://www.wikidata.org/entity/Q868582,Deportivo Saprissa,,2013-01-01T00:00:00Z,
http://www.wikidata.org/entity/Q18045447,http://www.wikidata.org/entity/Q868582,Deportivo Saprissa,,2015-01-01T00:00:00Z,
http://www.wikidata.org/entity/Q18045447,http://www.wikidata.org/entity/Q333838,Thonon Évian Grand Genève Football Club,5.0,2015-01-01T00:00:00Z,2015-01-01T00:00:00Z
http://www.wikidata.org/entity/Q18045447,http://www.wikidata.org/entity/Q922309,équipe du Costa Rica de football des moins de 20 ans,13.0,2010-01-01T00:00:00Z,2013-01-01T00:00:00Z
http://www.wikidata.org/entity/Q18045447,http://www.wikidata.org/entity/Q194387,équipe du Costa Rica de football,,2014-01-01T00:00:00Z,
http://www.wikidata.org/entity/Q18045447,http://www.wikidata.org/entity/Q868582,Deportivo Saprissa,40.0,2010-01-01T00:00:00Z,2015-01-01T00:00:00Z
http://www.wikidata.org/entity/Q18162186,http://www.wikidata.org/entity/Q18659,Swansea City AFC,0.0,2012-01-01T00:00:00Z,2015-01-01T00:00:00Z
http://www.wikidata.org/entity/Q18162186,http://www.wikidata.org/entity/Q18529,Wrexham FC,2.0,2014-01-01T00:00:00Z,2014-01-01T00:00:00Z
http://www.wikidata.org/entity/Q18162186,http://www.wikidata.org/entity/Q946297,équipe du pays de Galles espoirs de football,6.0,2013-01-01T00:00:00Z,2014-01-01T00:00:00Z
http://www.wikidata.org/entity/Q18162186,http://www.wikidata.org/entity/Q18523,Newport County Association Football Club,4.0,2014-01-01T00:00:00Z,2014-01-01T00:00:00Z
http://www.wikidata.org/entity/Q18218131,http://www.wikidata.org/entity/Q1886,Atalanta Bergame,,2015-01-01T00:00:00Z,
http://www.wikidata.org/entity/Q18218131,http://www.wikidata.org/entity/Q6664,AC Cesena,,2015-01-01T00:00:00Z,
http://www.wikidata.org/entity/Q18218131,http://www.wikidata.org/entity/Q6664,AC Cesena,3.0,2013-01-01T00:00:00Z,2015-01-01T00:00:00Z
http://www.wikidata.org/entity/Q18223720,http://www.wikidata.org/entity/Q131499,SL Benfica,,2019-01-01T00:00:00Z,
http://www.wikidata.org/entity/Q18223720,http://www.wikidata.org/entity/Q1130244,Caracas FC,33.0,2014-01-01T00:00:00Z,2015-01-01T00:00:00Z
http://www.wikidata.org/entity/Q18223720,http://www.wikidata.org/entity/Q1985208,équipe du Venezuela de football des moins de 20 ans,4.0,2013-01-01T00:00:00Z,2013-01-01T00:00:00Z
http://www.wikidata.org/entity/Q18223720,http://www.wikidata.org/entity/Q214151,équipe du Venezuela de football,,2018-01-01T00:00:00Z,
http://www.wikidata.org/entity/Q18223720,http://www.wikidata.org/entity/Q208585,Vitória Futebol Clube,35.0,2018-01-01T00:00:00Z,2019-01-01T00:00:00Z
http://www.wikidata.org/entity/Q18223720,http://www.wikidata.org/entity/Q3590802,équipe du Venezuela de football des moins de 17 ans,8.0,2011-01-01T00:00:00Z,2013-01-01T00:00:00Z
http://www.wikidata.org/entity/Q18223720,http://www.wikidata.org/entity/Q503317,Dijon FCO,22.0,2019-01-01T00:00:00Z,2020-01-01T00:00:00Z
http://www.wikidata.org/entity/Q18223720,http://www.wikidata.org/entity/Q1191699,Deportivo Petare Fútbol Club,3.0,2012-01-01T00:00:00Z,2013-01-01T00:00:00Z
http://www.wikidata.org/entity/Q18223720,http://www.wikidata.org/entity/Q1762119,Clube de Futebol União,25.0,2015-01-01T00:00:00Z,2016-01-01T00:00:00Z
http://www.wikidata.org/entity/Q18224153,http://www.wikidata.org/entity/Q637514,ND Gorica,,2015-01-01T00:00:00Z,
http://www.wikidata.org/entity/Q18224153,http://www.wikidata.org/entity/Q2037,Associazione Calcio ChievoVerona,0.0,2013-01-01T00:00:00Z,2015-01-01T00:00:00Z
http://www.wikidata.org/entity/Q18224153,http://www.wikidata.org/entity/Q44308,NK Triglav Kranj,1.0,2013-01-01T00:00:00Z,2013-01-01T00:00:00Z
http://www.wikidata.org/entity/Q18353966,http://www.wikidata.org/entity/Q192071,Football Club de Nantes,,2014-01-01T00:00:00Z,
http://www.wikidata.org/entity/Q18353966,http://www.wikidata.org/entity/Q192071,Football Club de Nantes,62.0,2011-01-01T00:00:00Z,2015-01-01T00:00:00Z
http://www.wikidata.org/entity/Q18353966,http://www.wikidata.org/entity/Q192071,Football Club de Nantes,,2012-01-01T00:00:00Z,
http://www.wikidata.org/entity/Q18353966,http://www.wikidata.org/entity/Q192071,Football Club de Nantes,,2013-01-01T00:00:00Z,
http://www.wikidata.org/entity/Q18353966,http://www.wikidata.org/entity/Q270080,équipe de république démocratique du Congo de football,,2015-01-01T00:00:00Z,
http://www.wikidata.org/entity/Q18353966,http://www.wikidata.org/entity/Q492159,US Créteil-Lusitanos,,2010-01-01T00:00:00Z,2011-01-01T00:00:00Z
http://www.wikidata.org/entity/Q18358892,http://www.wikidata.org/entity/Q18723,QP Rangers,0.0,2012-01-01T00:00:00Z,2015-01-01T00:00:00Z
http://www.wikidata.org/entity/Q18358892,http://www.wikidata.org/entity/Q47965,Torquay United Football Club,,2018-01-01T00:00:00Z,2019-01-01T00:00:00Z
http://www.wikidata.org/entity/Q18358892,http://www.wikidata.org/entity/Q19584,Crawley Town Football Club,,2019-01-01T00:00:00Z,
http://www.wikidata.org/entity/Q18358892,http://www.wikidata.org/entity/Q19634,Swindon Town Football Club,,2016-01-01T00:00:00Z,2017-01-01T00:00:00Z
http://www.wikidata.org/entity/Q18358892,http://www.wikidata.org/entity/Q498473,Hamilton Academical FC,7.0,2015-01-01T00:00:00Z,2016-01-01T00:00:00Z
http://www.wikidata.org/entity/Q18358892,http://www.wikidata.org/entity/Q19595,Leyton Orient FC,,2017-01-01T00:00:00Z,2018-01-01T00:00:00Z
http://www.wikidata.org/entity/Q18358892,http://www.wikidata.org/entity/Q18522,Mansfield Town FC,8.0,2014-01-01T00:00:00Z,2014-01-01T00:00:00Z
http://www.wikidata.org/entity/Q18358892,http://www.wikidata.org/entity/Q7058582,équipe d'Irlande du Nord de football des moins de 19 ans,3.0,2012-01-01T00:00:00Z,2012-01-01T00:00:00Z
http://www.wikidata.org/entity/Q18358892,http://www.wikidata.org/entity/Q19578,Colchester United FC,0.0,2013-01-01T00:00:00Z,2013-01-01T00:00:00Z
http://www.wikidata.org/entity/Q18358892,http://www.wikidata.org/entity/Q2585894,St. Albans City Football Club,,2018-01-01T00:00:00Z,2018-01-01T00:00:00Z
http://www.wikidata.org/entity/Q18358892,http://www.wikidata.org/entity/Q1998181,équipe d'Irlande du Nord espoirs de football,,2013-01-01T00:00:00Z,
http://www.wikidata.org/entity/Q17612261,http://www.wikidata.org/entity/Q1815297,USL Dunkerque,10.0,2025-01-01T00:00:00Z,2026-01-01T00:00:00Z
http://www.wikidata.org/entity/Q17612261,http://www.wikidata.org/entity/Q2917880,Salamanca Club de Fútbol UDS,,2026-01-01T00:00:00Z,
